"Acl"	"AttributeCacheTtl"	"CifsServer"	"Comment"	"DirUmask"	"FileUmask"	"ForceGroupForCreate"	"MaxConnectionsPerShare"	"NcController"	"OfflineFilesMode"	"Path"	"ShareName"	"ShareProperties"	"SymlinkProperties"	"Volume"	"VscanFileopProfile"	"Vserver"	"AttributeCacheTtlSpecified"	"DirUmaskSpecified"	"FileUmaskSpecified"	"MaxConnectionsPerShareSpecified"
"System.String[]"		"AT4-SMB01"					"4294967295"	"AT4-NTAP01"	"manual"	"/Shares"	"Shares$"	"System.String[]"	"System.String[]"	"JP_vol_Shares"	"standard"	"AT4-SMB01"	"False"	"False"	"False"	"True"
"System.String[]"		"AT4-SMB01"					"4294967295"	"AT4-NTAP01"	"manual"	"/Shares/NONREPLICATE/Xchange"	"Xchange"	"System.String[]"	"System.String[]"	"vol_SMB_NONREPLICATE_01"	"standard"	"AT4-SMB01"	"False"	"False"	"False"	"True"
"System.String[]"		"AT4-SMB01"					"4294967295"	"AT4-NTAP01"	"manual"	"/Shares/REPLICATE/UpdateManager"	"UpdateManager"	"System.String[]"	"System.String[]"	"vol_SMB_REPLICATE_01"	"standard"	"AT4-SMB01"	"False"	"False"	"False"	"True"
"System.String[]"		"ATL-SMB01"					"4294967295"	"AT4-NTAP01"	"manual"	"/Shares"	"Shares$"	"System.String[]"	"System.String[]"	"JP_vol_Shares"	"standard"	"ATL-SMB01"	"False"	"False"	"False"	"True"
"System.String[]"		"ATL-SMB01"					"4294967295"	"AT4-NTAP01"	"manual"	"/Shares/NONREPLICATE/Xchange"	"Xchange"	"System.String[]"	"System.String[]"	"vol_SMB_NONREPLICATE_01"	"standard"	"ATL-SMB01"	"False"	"False"	"False"	"True"
"System.String[]"		"ATL-SMB01"					"4294967295"	"AT4-NTAP01"	"manual"	"/Shares/REPLICATE/FAC_Elec-cntls"	"FAC_Elec-Cntls"	"System.String[]"	"System.String[]"	"vol_SMB_REPLICATE_01"	"standard"	"ATL-SMB01"	"False"	"False"	"False"	"True"
"System.String[]"		"ATL-SMB01"					"4294967295"	"AT4-NTAP01"	"manual"	"/Shares/REPLICATE/FAC_Proj_Mgmt"	"FAC_Proj_Mgmt"	"System.String[]"	"System.String[]"	"vol_SMB_REPLICATE_01"	"standard"	"ATL-SMB01"	"False"	"False"	"False"	"True"
"System.String[]"		"ATL-SMB01"					"4294967295"	"AT4-NTAP01"	"manual"	"/Shares/REPLICATE/FAC_Shared"	"FAC_Shared"	"System.String[]"	"System.String[]"	"vol_SMB_REPLICATE_01"	"standard"	"ATL-SMB01"	"False"	"False"	"False"	"True"
"System.String[]"		"ATL-SMB01"					"4294967295"	"AT4-NTAP01"	"manual"	"/Shares/REPLICATE/generation"	"Generation"	"System.String[]"	"System.String[]"	"vol_SMB_REPLICATE_01"	"standard"	"ATL-SMB01"	"False"	"False"	"False"	"True"
"System.String[]"		"ATL-SMB01"					"4294967295"	"AT4-NTAP01"	"manual"	"/Shares/REPLICATE/MultiDept"	"MultiDept"	"System.String[]"	"System.String[]"	"vol_SMB_REPLICATE_01"	"standard"	"ATL-SMB01"	"False"	"False"	"False"	"True"
"System.String[]"		"ATL-SMB01"					"4294967295"	"AT4-NTAP01"	"manual"	"/Shares/REPLICATE/PTE"	"PTE"	"System.String[]"	"System.String[]"	"vol_SMB_REPLICATE_01"	"standard"	"ATL-SMB01"	"False"	"False"	"False"	"True"
"System.String[]"		"ATL-SMB01"					"4294967295"	"AT4-NTAP01"	"manual"	"/Shares/REPLICATE/Standards"	"Standards"	"System.String[]"	"System.String[]"	"vol_SMB_REPLICATE_01"	"standard"	"ATL-SMB01"	"False"	"False"	"False"	"True"
"System.String[]"		"ATL-SMB01"					"4294967295"	"AT4-NTAP01"	"manual"	"/Shares/REPLICATE/Studies"	"Studies"	"System.String[]"	"System.String[]"	"vol_SMB_REPLICATE_01"	"standard"	"ATL-SMB01"	"False"	"False"	"False"	"True"
"System.String[]"		"ATL-SMB01"					"4294967295"	"AT4-NTAP01"	"manual"	"/Shares/REPLICATE/Substation"	"Substation"	"System.String[]"	"System.String[]"	"vol_SMB_REPLICATE_01"	"standard"	"ATL-SMB01"	"False"	"False"	"False"	"True"
"System.String[]"		"ATL-SMB01"					"4294967295"	"AT4-NTAP01"	"manual"	"/Shares/REPLICATE/TanDpm"	"TanDpm"	"System.String[]"	"System.String[]"	"vol_SMB_REPLICATE_01"	"standard"	"ATL-SMB01"	"False"	"False"	"False"	"True"
"System.String[]"		"ATL-SMB01"					"4294967295"	"AT4-NTAP01"	"manual"	"/Shares/REPLICATE/UpdateManager"	"UpdateManager"	"System.String[]"	"System.String[]"	"vol_SMB_REPLICATE_01"	"standard"	"ATL-SMB01"	"False"	"False"	"False"	"True"
"System.String[]"		"BIR-SMB01"					"4294967295"	"AT4-NTAP01"	"manual"	"/Shares"	"Shares$"	"System.String[]"	"System.String[]"	"JP_vol_Shares"	"standard"	"BIR-SMB01"	"False"	"False"	"False"	"True"
"System.String[]"		"BIR-SMB01"					"4294967295"	"AT4-NTAP01"	"manual"	"/Shares/NONREPLICATE/Xchange"	"Xchange"	"System.String[]"	"System.String[]"	"vol_SMB_NONREPLICATE_01"	"standard"	"BIR-SMB01"	"False"	"False"	"False"	"True"
"System.String[]"		"BIR-SMB01"					"4294967295"	"AT4-NTAP01"	"manual"	"/Shares/REPLICATE/Hardy_Archive"	"Hardy_Archive"	"System.String[]"	"System.String[]"	"vol_SMB_REPLICATE_01"	"standard"	"BIR-SMB01"	"False"	"False"	"False"	"True"
"System.String[]"		"BIR-SMB01"					"4294967295"	"AT4-NTAP01"	"manual"	"/Shares/REPLICATE/Projects"	"Projects"	"System.String[]"	"System.String[]"	"vol_SMB_REPLICATE_01"	"standard"	"BIR-SMB01"	"False"	"False"	"False"	"True"
"System.String[]"		"FMC-SMB01"					"4294967295"	"AT4-NTAP01"	"manual"	"/Shares"	"Shares$"	"System.String[]"	"System.String[]"	"JP_vol_Shares"	"standard"	"FMC-SMB01"	"False"	"False"	"False"	"True"
"System.String[]"		"FMC-SMB01"					"4294967295"	"AT4-NTAP01"	"manual"	"/Shares/NONREPLICATE/Xchange"	"Xchange"	"System.String[]"	"System.String[]"	"vol_SMB_NONREPLICATE_01"	"standard"	"FMC-SMB01"	"False"	"False"	"False"	"True"
"System.String[]"		"FMC-SMB01"					"4294967295"	"AT4-NTAP01"	"manual"	"/Shares/REPLICATE/Line"	"Line"	"System.String[]"	"System.String[]"	"vol_SMB_REPLICATE_01"	"standard"	"FMC-SMB01"	"False"	"False"	"False"	"True"
"System.String[]"		"FMC-SMB01"					"4294967295"	"AT4-NTAP01"	"manual"	"/Shares/REPLICATE/SAS"	"SAS"	"System.String[]"	"System.String[]"	"vol_SMB_REPLICATE_01"	"standard"	"FMC-SMB01"	"False"	"False"	"False"	"True"
"System.String[]"		"FMC-SMB01"					"4294967295"	"AT4-NTAP01"	"manual"	"/Shares/REPLICATE/Substation"	"Substation"	"System.String[]"	"System.String[]"	"vol_SMB_REPLICATE_01"	"standard"	"FMC-SMB01"	"False"	"False"	"False"	"True"
"System.String[]"		"FMC-SMB01"					"4294967295"	"AT4-NTAP01"	"manual"	"/Shares/REPLICATE/UpdateManager"	"UpdateManager"	"System.String[]"	"System.String[]"	"vol_SMB_REPLICATE_01"	"standard"	"FMC-SMB01"	"False"	"False"	"False"	"True"
"System.String[]"		"FTL-SMB01"					"4294967295"	"AT4-NTAP01"	"manual"	"/Shares"	"Shares$"	"System.String[]"	"System.String[]"	"JP_vol_Shares"	"standard"	"FTL-SMB01"	"False"	"False"	"False"	"True"
"System.String[]"		"FTL-SMB01"					"4294967295"	"AT4-NTAP01"	"manual"	"/Shares/NONREPLICATE/Xchange"	"Xchange"	"System.String[]"	"System.String[]"	"vol_SMB_NONREPLICATE_01"	"standard"	"FTL-SMB01"	"False"	"False"	"False"	"True"
"System.String[]"		"FTL-SMB01"					"4294967295"	"AT4-NTAP01"	"manual"	"/Shares/REPLICATE/Environmental"	"Environmental"	"System.String[]"	"System.String[]"	"vol_SMB_REPLICATE_01"	"standard"	"FTL-SMB01"	"False"	"False"	"False"	"True"
"System.String[]"		"FTL-SMB01"					"4294967295"	"AT4-NTAP01"	"manual"	"/Shares/REPLICATE/Line"	"Line"	"System.String[]"	"System.String[]"	"vol_SMB_REPLICATE_01"	"standard"	"FTL-SMB01"	"False"	"False"	"False"	"True"
"System.String[]"		"FTL-SMB01"					"4294967295"	"AT4-NTAP01"	"manual"	"/Shares/REPLICATE/PD_DistMgmt"	"PD_DistMgmt"	"System.String[]"	"System.String[]"	"vol_SMB_REPLICATE_01"	"standard"	"FTL-SMB01"	"False"	"False"	"False"	"True"
"System.String[]"		"FTL-SMB01"					"4294967295"	"AT4-NTAP01"	"manual"	"/Shares/REPLICATE/Substation"	"Substation"	"System.String[]"	"System.String[]"	"vol_SMB_REPLICATE_01"	"standard"	"FTL-SMB01"	"False"	"False"	"False"	"True"
"System.String[]"		"ORL-SMB01"					"4294967295"	"AT4-NTAP01"	"manual"	"/Shares"	"Shares$"	"System.String[]"	"System.String[]"	"JP_vol_Shares"	"standard"	"ORL-SMB01"	"False"	"False"	"False"	"True"
"System.String[]"		"ORL-SMB01"					"4294967295"	"AT4-NTAP01"	"manual"	"/Shares/NONREPLICATE/Xchange"	"Xchange"	"System.String[]"	"System.String[]"	"vol_SMB_NONREPLICATE_01"	"standard"	"ORL-SMB01"	"False"	"False"	"False"	"True"
"System.String[]"		"ORL-SMB01"					"4294967295"	"AT4-NTAP01"	"manual"	"/Shares/REPLICATE/Line"	"Line"	"System.String[]"	"System.String[]"	"vol_SMB_REPLICATE_01"	"standard"	"ORL-SMB01"	"False"	"False"	"False"	"True"
"System.String[]"		"ORL-SMB01"					"4294967295"	"AT4-NTAP01"	"manual"	"/Shares/REPLICATE/PCI"	"PCI"	"System.String[]"	"System.String[]"	"vol_SMB_REPLICATE_01"	"standard"	"ORL-SMB01"	"False"	"False"	"False"	"True"
"System.String[]"		"ORL-SMB01"					"4294967295"	"AT4-NTAP01"	"manual"	"/Shares/REPLICATE/PD_DistMgmt"	"PD_DistMgmt"	"System.String[]"	"System.String[]"	"vol_SMB_REPLICATE_01"	"standard"	"ORL-SMB01"	"False"	"False"	"False"	"True"
"System.String[]"		"ORL-SMB01"					"4294967295"	"AT4-NTAP01"	"manual"	"/Shares/REPLICATE/RAM_120"	"RAM_120"	"System.String[]"	"System.String[]"	"vol_SMB_REPLICATE_01"	"standard"	"ORL-SMB01"	"False"	"False"	"False"	"True"
"System.String[]"		"ORL-SMB01"					"4294967295"	"AT4-NTAP01"	"manual"	"/Shares/REPLICATE/Reference"	"Reference"	"System.String[]"	"System.String[]"	"vol_SMB_REPLICATE_01"	"standard"	"ORL-SMB01"	"False"	"False"	"False"	"True"
"System.String[]"		"ORL-SMB01"					"4294967295"	"AT4-NTAP01"	"manual"	"/Shares/REPLICATE/SAS"	"SAS"	"System.String[]"	"System.String[]"	"vol_SMB_REPLICATE_01"	"standard"	"ORL-SMB01"	"False"	"False"	"False"	"True"
"System.String[]"		"ORL-SMB01"					"4294967295"	"AT4-NTAP01"	"manual"	"/Shares/REPLICATE/Substation"	"Substation"	"System.String[]"	"System.String[]"	"vol_SMB_REPLICATE_01"	"standard"	"ORL-SMB01"	"False"	"False"	"False"	"True"
"System.String[]"		"ORL-SMB01"					"4294967295"	"AT4-NTAP01"	"manual"	"/Shares/REPLICATE/UpdateManager"	"UpdateManager"	"System.String[]"	"System.String[]"	"vol_SMB_REPLICATE_01"	"standard"	"ORL-SMB01"	"False"	"False"	"False"	"True"
"System.String[]"		"APLDR-SMB02"					"4294967295"	"BDC-CDOTCLST01"	"manual"	"/Shares"	"Shares$"	"System.String[]"	"System.String[]"	"JP_vol_Shares"	"standard"	"APLDR-SMB02"	"False"	"False"	"False"	"True"
"System.String[]"		"APLDR-SMB02"					"4294967295"	"BDC-CDOTCLST01"	"manual"	"/Shares/REPLICATE/Facilities"	"Facilities"	"System.String[]"	"System.String[]"	"SMDV_vol_APL_SMB01_vol_SMB_REPLICATE_01"	"standard"	"APLDR-SMB02"	"False"	"False"	"False"	"True"
"System.String[]"		"APLDR-SMB02"					"4294967295"	"BDC-CDOTCLST01"	"manual"	"/Shares/REPLICATE/Industrial"	"Industrial"	"System.String[]"	"System.String[]"	"SMDV_vol_APL_SMB01_vol_SMB_REPLICATE_01"	"standard"	"APLDR-SMB02"	"False"	"False"	"False"	"True"
"System.String[]"		"ARBDR-SMB02"					"4294967295"	"BDC-CDOTCLST01"	"manual"	"/Shares"	"Shares$"	"System.String[]"	"System.String[]"	"JP_vol_Shares"	"standard"	"ARBDR-SMB02"	"False"	"False"	"False"	"True"
"System.String[]"		"ARBDR-SMB02"					"4294967295"	"BDC-CDOTCLST01"	"manual"	"/Shares/REPLICATE/Line"	"Line"	"System.String[]"	"System.String[]"	"SMDV_vol_ARB_SMB01_vol_SMB_REPLICATE_01"	"standard"	"ARBDR-SMB02"	"False"	"False"	"False"	"True"
"System.String[]"		"ARBDR-SMB02"					"4294967295"	"BDC-CDOTCLST01"	"manual"	"/Shares/REPLICATE/PD_DistMgmt"	"PD_DistMgmt"	"System.String[]"	"System.String[]"	"SMDV_vol_ARB_SMB01_vol_SMB_REPLICATE_01"	"standard"	"ARBDR-SMB02"	"False"	"False"	"False"	"True"
"System.String[]"		"ARBDR-SMB02"					"4294967295"	"BDC-CDOTCLST01"	"manual"	"/Shares/REPLICATE/SAS"	"SAS"	"System.String[]"	"System.String[]"	"SMDV_vol_ARB_SMB01_vol_SMB_REPLICATE_01"	"standard"	"ARBDR-SMB02"	"False"	"False"	"False"	"True"
"System.String[]"		"ARBDR-SMB02"					"4294967295"	"BDC-CDOTCLST01"	"manual"	"/Shares/REPLICATE/Substation"	"Substation"	"System.String[]"	"System.String[]"	"SMDV_vol_ARB_SMB01_vol_SMB_REPLICATE_01"	"standard"	"ARBDR-SMB02"	"False"	"False"	"False"	"True"
"System.String[]"		"ASTDR-SMB01"					"4294967295"	"BDC-CDOTCLST01"	"manual"	"/Shares"	"Shares$"	"System.String[]"	"System.String[]"	"JP_vol_Shares"	"standard"	"ASTDR-SMB01"	"False"	"False"	"False"	"True"
"System.String[]"		"ASTDR-SMB01"					"4294967295"	"BDC-CDOTCLST01"	"manual"	"/Shares/REPLICATE/Archived_Projects"	"Archived_Projects"	"System.String[]"	"System.String[]"	"SMDV_vol_AST_SMB01_vol_SMB_REPLICATE_01"	"standard"	"ASTDR-SMB01"	"False"	"False"	"False"	"True"
"System.String[]"		"ASTDR-SMB01"					"4294967295"	"BDC-CDOTCLST01"	"manual"	"/Shares/REPLICATE/Austin_Projects"	"Austin_Projects"	"System.String[]"	"System.String[]"	"SMDV_vol_AST_SMB01_vol_SMB_REPLICATE_01"	"standard"	"ASTDR-SMB01"	"False"	"False"	"False"	"True"
"System.String[]"		"ASTDR-SMB01"					"4294967295"	"BDC-CDOTCLST01"	"manual"	"/Shares/REPLICATE/Austin_Resources"	"Austin_Resources"	"System.String[]"	"System.String[]"	"SMDV_vol_AST_SMB01_vol_SMB_REPLICATE_01"	"standard"	"ASTDR-SMB01"	"False"	"False"	"False"	"True"
"System.String[]"		"AT4DR-SMB02"					"4294967295"	"BDC-CDOTCLST01"	"manual"	"/Shares"	"Shares$"	"System.String[]"	"System.String[]"	"JP_vol_Shares"	"standard"	"AT4DR-SMB02"	"False"	"False"	"False"	"True"
"System.String[]"		"AT4DR-SMB02"					"4294967295"	"BDC-CDOTCLST01"	"manual"	"/Shares/REPLICATE/UpdateManager"	"UpdateManager"	"System.String[]"	"System.String[]"	"SMDV_vol_AT4_SMB01_vol_SMB_REPLICATE_01"	"standard"	"AT4DR-SMB02"	"False"	"False"	"False"	"True"
"System.String[]"		"ATLDR-SMB02"					"4294967295"	"BDC-CDOTCLST01"	"manual"	"/Shares"	"Shares$"	"System.String[]"	"System.String[]"	"JP_vol_Shares"	"standard"	"ATLDR-SMB02"	"False"	"False"	"False"	"True"
"System.String[]"		"ATLDR-SMB02"					"4294967295"	"BDC-CDOTCLST01"	"manual"	"/Shares/REPLICATE/FAC_Elec-cntls"	"FAC_Elec-Cntls"	"System.String[]"	"System.String[]"	"SMDV_vol_ATL_SMB01_vol_SMB_REPLICATE_01"	"standard"	"ATLDR-SMB02"	"False"	"False"	"False"	"True"
"System.String[]"		"ATLDR-SMB02"					"4294967295"	"BDC-CDOTCLST01"	"manual"	"/Shares/REPLICATE/FAC_Proj_Mgmt"	"FAC_Proj_Mgmt"	"System.String[]"	"System.String[]"	"SMDV_vol_ATL_SMB01_vol_SMB_REPLICATE_01"	"standard"	"ATLDR-SMB02"	"False"	"False"	"False"	"True"
"System.String[]"		"ATLDR-SMB02"					"4294967295"	"BDC-CDOTCLST01"	"manual"	"/Shares/REPLICATE/FAC_Shared"	"FAC_Shared"	"System.String[]"	"System.String[]"	"SMDV_vol_ATL_SMB01_vol_SMB_REPLICATE_01"	"standard"	"ATLDR-SMB02"	"False"	"False"	"False"	"True"
"System.String[]"		"ATLDR-SMB02"					"4294967295"	"BDC-CDOTCLST01"	"manual"	"/Shares/REPLICATE/generation"	"Generation"	"System.String[]"	"System.String[]"	"SMDV_vol_ATL_SMB01_vol_SMB_REPLICATE_01"	"standard"	"ATLDR-SMB02"	"False"	"False"	"False"	"True"
"System.String[]"		"ATLDR-SMB02"					"4294967295"	"BDC-CDOTCLST01"	"manual"	"/Shares/REPLICATE/MultiDept"	"MultiDept"	"System.String[]"	"System.String[]"	"SMDV_vol_ATL_SMB01_vol_SMB_REPLICATE_01"	"standard"	"ATLDR-SMB02"	"False"	"False"	"False"	"True"
"System.String[]"		"ATLDR-SMB02"					"4294967295"	"BDC-CDOTCLST01"	"manual"	"/Shares/REPLICATE/PTE"	"PTE"	"System.String[]"	"System.String[]"	"SMDV_vol_ATL_SMB01_vol_SMB_REPLICATE_01"	"standard"	"ATLDR-SMB02"	"False"	"False"	"False"	"True"
"System.String[]"		"ATLDR-SMB02"					"4294967295"	"BDC-CDOTCLST01"	"manual"	"/Shares/REPLICATE/Standards"	"Standards"	"System.String[]"	"System.String[]"	"SMDV_vol_ATL_SMB01_vol_SMB_REPLICATE_01"	"standard"	"ATLDR-SMB02"	"False"	"False"	"False"	"True"
"System.String[]"		"ATLDR-SMB02"					"4294967295"	"BDC-CDOTCLST01"	"manual"	"/Shares/REPLICATE/Studies"	"Studies"	"System.String[]"	"System.String[]"	"SMDV_vol_ATL_SMB01_vol_SMB_REPLICATE_01"	"standard"	"ATLDR-SMB02"	"False"	"False"	"False"	"True"
"System.String[]"		"ATLDR-SMB02"					"4294967295"	"BDC-CDOTCLST01"	"manual"	"/Shares/REPLICATE/Substation"	"Substation"	"System.String[]"	"System.String[]"	"SMDV_vol_ATL_SMB01_vol_SMB_REPLICATE_01"	"standard"	"ATLDR-SMB02"	"False"	"False"	"False"	"True"
"System.String[]"		"ATLDR-SMB02"					"4294967295"	"BDC-CDOTCLST01"	"manual"	"/Shares/REPLICATE/TanDpm"	"TanDpm"	"System.String[]"	"System.String[]"	"SMDV_vol_ATL_SMB01_vol_SMB_REPLICATE_01"	"standard"	"ATLDR-SMB02"	"False"	"False"	"False"	"True"
"System.String[]"		"ATLDR-SMB02"					"4294967295"	"BDC-CDOTCLST01"	"manual"	"/Shares/REPLICATE/UpdateManager"	"UpdateManager"	"System.String[]"	"System.String[]"	"SMDV_vol_ATL_SMB01_vol_SMB_REPLICATE_01"	"standard"	"ATLDR-SMB02"	"False"	"False"	"False"	"True"
"System.String[]"		"AUGDR-SMB02"					"4294967295"	"BDC-CDOTCLST01"	"manual"	"/Shares"	"Shares$"	"System.String[]"	"System.String[]"	"JP_vol_Shares"	"standard"	"AUGDR-SMB02"	"False"	"False"	"False"	"True"
"System.String[]"		"AUGDR-SMB02"					"4294967295"	"BDC-CDOTCLST01"	"manual"	"/Shares/REPLICATE/Projects"	"Projects"	"System.String[]"	"System.String[]"	"SMDV_vol_AUG_SMB01_vol_SMB_REPLICATE_01"	"standard"	"AUGDR-SMB02"	"False"	"False"	"False"	"True"
"System.String[]"		"AUGDR-SMB02"					"4294967295"	"BDC-CDOTCLST01"	"manual"	"/Shares/REPLICATE/Substation"	"Substation"	"System.String[]"	"System.String[]"	"SMDV_vol_AUG_SMB01_vol_SMB_REPLICATE_01"	"standard"	"AUGDR-SMB02"	"False"	"False"	"False"	"True"
"System.String[]"		"AUSDR-SMB01"					"4294967295"	"BDC-CDOTCLST01"	"manual"	"/Shares"	"Shares$"	"System.String[]"	"System.String[]"	"JP_vol_Shares"	"standard"	"AUSDR-SMB01"	"False"	"False"	"False"	"True"
"System.String[]"		"AUSDR-SMB01"					"4294967295"	"BDC-CDOTCLST01"	"manual"	"/Shares/REPLICATE/Enviro"	"Enviro"	"System.String[]"	"System.String[]"	"SMDV_vol_AUS_SMB01_vol_SMB_REPLICATE_01"	"standard"	"AUSDR-SMB01"	"False"	"False"	"False"	"True"
"System.String[]"		"AUSDR-SMB01"					"4294967295"	"BDC-CDOTCLST01"	"manual"	"/Shares/REPLICATE/Line"	"Line"	"System.String[]"	"System.String[]"	"SMDV_vol_AUS_SMB01_vol_SMB_REPLICATE_01"	"standard"	"AUSDR-SMB01"	"False"	"False"	"False"	"True"
"System.String[]"		"AUSDR-SMB01"					"4294967295"	"BDC-CDOTCLST01"	"manual"	"/Shares/REPLICATE/Substation"	"Substation"	"System.String[]"	"System.String[]"	"SMDV_vol_AUS_SMB01_vol_SMB_REPLICATE_01"	"standard"	"AUSDR-SMB01"	"False"	"False"	"False"	"True"
"System.String[]"		"BDC-SVMAFS01"					"4294967295"	"BDC-CDOTCLST01"	"manual"	"/Shares"	"Shares$"	"System.String[]"	"System.String[]"	"JP_vol_Shares"	"standard"	"BDC-SVMA01"	"False"	"False"	"False"	"True"
"System.String[]"		"BDC-SVMAFS01"					"4294967295"	"BDC-CDOTCLST01"	"manual"	"/Shares/AppsScm_Backups"	"AppsScm_Backups"	"System.String[]"	"System.String[]"	"vol_SMB_AppsScm_Backups_01"	"standard"	"BDC-SVMA01"	"False"	"False"	"False"	"True"
"System.String[]"		"BDC-SVMAFS01"					"4294967295"	"BDC-CDOTCLST01"	"manual"	"/Shares/ArcGIS_HA"	"ArcGIS_HA$"	"System.String[]"	"System.String[]"	"vol_SMB_ArcGIS_HA_01"	"standard"	"BDC-SVMA01"	"False"	"False"	"False"	"True"
"System.String[]"		"BDC-SVMAFS01"					"4294967295"	"BDC-CDOTCLST01"	"manual"	"/Shares/AUS_GIS"	"AUS_GIS"	"System.String[]"	"System.String[]"	"vol_SMB_AUS_GIS_01"	"standard"	"BDC-SVMA01"	"False"	"False"	"False"	"True"
"System.String[]"		"BDC-SVMAFS01"					"4294967295"	"BDC-CDOTCLST01"	"manual"	"/Shares/CAE_Apps"	"CAE-Apps"	"System.String[]"	"System.String[]"	"vol_SMB_CAE_Apps_01"	"standard"	"BDC-SVMA01"	"False"	"False"	"False"	"True"
"System.String[]"		"BDC-SVMAFS01"					"4294967295"	"BDC-CDOTCLST01"	"manual"	"/Shares/CMSoftware"	"CMSoftware"	"System.String[]"	"System.String[]"	"vol_SMB_SCCMSoftware_01"	"standard"	"BDC-SVMA01"	"False"	"False"	"False"	"True"
"System.String[]"		"BDC-SVMAFS01"					"4294967295"	"BDC-CDOTCLST01"	"manual"	"/Shares/Departments/CAE"	"CAE"	"System.String[]"	"System.String[]"	"vol_SMB_CAE_01"	"standard"	"BDC-SVMA01"	"False"	"False"	"False"	"True"
"System.String[]"		"BDC-SVMAFS01"					"4294967295"	"BDC-CDOTCLST01"	"manual"	"/Shares/Env_GIS"	"Env_GIS"	"System.String[]"	"System.String[]"	"vol_SMB_Env_GIS_01"	"standard"	"BDC-SVMA01"	"False"	"False"	"False"	"True"
"System.String[]"		"BDC-SVMAFS01"					"4294967295"	"BDC-CDOTCLST01"	"manual"	"/Shares/Facilities"	"Facilities"	"System.String[]"	"System.String[]"	"vol_SMB_Facilities_01"	"standard"	"BDC-SVMA01"	"False"	"False"	"False"	"True"
"System.String[]"		"BDC-SVMAFS01"					"4294967295"	"BDC-CDOTCLST01"	"manual"	"/Shares/Generation"	"Generation"	"System.String[]"	"System.String[]"	"vol_SMB_Generation_01"	"standard"	"BDC-SVMA01"	"False"	"False"	"False"	"True"
"System.String[]"		"BDC-SVMAFS01"					"4294967295"	"BDC-CDOTCLST01"	"manual"	"/Shares/IEB"	"IEB"	"System.String[]"	"System.String[]"	"vol_SMB_IEB_01"	"standard"	"BDC-SVMA01"	"False"	"False"	"False"	"True"
"System.String[]"		"BDC-SVMAFS01"					"4294967295"	"BDC-CDOTCLST01"	"manual"	"/Shares/PD_Scans"	"PD_Scans"	"System.String[]"	"System.String[]"	"vol_SMB_PD_Scans_01"	"standard"	"BDC-SVMA01"	"False"	"False"	"False"	"True"
"System.String[]"		"BDC-SVMAFS01"					"4294967295"	"BDC-CDOTCLST01"	"manual"	"/Shares/Projects"	"Projects"	"System.String[]"	"System.String[]"	"vol_SMB_Projects_01"	"standard"	"BDC-SVMA01"	"False"	"False"	"False"	"True"
"System.String[]"		"BDC-SVMAFS01"					"4294967295"	"BDC-CDOTCLST01"	"manual"	"/Shares/Reference"	"Reference"	"System.String[]"	"System.String[]"	"vol_SMB_Reference_01"	"standard"	"BDC-SVMA01"	"False"	"False"	"False"	"True"
"System.String[]"		"BDC-SVMAFS01"					"4294967295"	"BDC-CDOTCLST01"	"manual"	"/Shares/SQL_DB_Backups"	"SQL_DB_Backups"	"System.String[]"	"System.String[]"	"vol_SMB_SQL_DB_Backups_01"	"standard"	"BDC-SVMA01"	"False"	"False"	"False"	"True"
"System.String[]"		"BDC-SVMAFS01"					"4294967295"	"BDC-CDOTCLST01"	"manual"	"/Shares/UpdateManager"	"UpdateManager"	"System.String[]"	"System.String[]"	"vol_SMB_UpdateManager_01"	"standard"	"BDC-SVMA01"	"False"	"False"	"False"	"True"
"System.String[]"		"BDC-SVMAFS01"					"4294967295"	"BDC-CDOTCLST01"	"manual"	"/Shares/Xchange"	"Xchange"	"System.String[]"	"System.String[]"	"vol_SMB_Xchange_01"	"standard"	"BDC-SVMA01"	"False"	"False"	"False"	"True"
"System.String[]"		"BILDR-SMB01"					"4294967295"	"BDC-CDOTCLST01"	"manual"	"/Shares"	"Shares$"	"System.String[]"	"System.String[]"	"JP_vol_Shares"	"standard"	"BILDR-SMB01"	"False"	"False"	"False"	"True"
"System.String[]"		"BILDR-SMB01"					"4294967295"	"BDC-CDOTCLST01"	"manual"	"/Shares/REPLICATE/Scada"	"Scada"	"System.String[]"	"System.String[]"	"SMDV_vol_BIL_SMB01_vol_SMB_REPLICATE_01"	"standard"	"BILDR-SMB01"	"False"	"False"	"False"	"True"
"System.String[]"		"BILDR-SMB01"					"4294967295"	"BDC-CDOTCLST01"	"manual"	"/Shares/REPLICATE/Substation"	"Substation"	"System.String[]"	"System.String[]"	"SMDV_vol_BIL_SMB01_vol_SMB_REPLICATE_01"	"standard"	"BILDR-SMB01"	"False"	"False"	"False"	"True"
"System.String[]"		"BILDR-SMB01"					"4294967295"	"BDC-CDOTCLST01"	"manual"	"/Shares/REPLICATE/UpdateManager"	"UpdateManager"	"System.String[]"	"System.String[]"	"SMDV_vol_BIL_SMB01_vol_SMB_REPLICATE_01"	"standard"	"BILDR-SMB01"	"False"	"False"	"False"	"True"
"System.String[]"		"BIRDR-SMB02"					"4294967295"	"BDC-CDOTCLST01"	"manual"	"/Shares"	"Shares$"	"System.String[]"	"System.String[]"	"JP_vol_Shares"	"standard"	"BIRDR-SMB02"	"False"	"False"	"False"	"True"
"System.String[]"		"BIRDR-SMB02"					"4294967295"	"BDC-CDOTCLST01"	"manual"	"/Shares/REPLICATE/Hardy_Archive"	"Hardy_Archive"	"System.String[]"	"System.String[]"	"SMDV_vol_BIR_SMB01_vol_SMB_REPLICATE_01"	"standard"	"BIRDR-SMB02"	"False"	"False"	"False"	"True"
"System.String[]"		"BIRDR-SMB02"					"4294967295"	"BDC-CDOTCLST01"	"manual"	"/Shares/REPLICATE/Projects"	"Projects"	"System.String[]"	"System.String[]"	"SMDV_vol_BIR_SMB01_vol_SMB_REPLICATE_01"	"standard"	"BIRDR-SMB02"	"False"	"False"	"False"	"True"
"System.String[]"		"BOIDR-SMB01"					"4294967295"	"BDC-CDOTCLST01"	"manual"	"/Shares"	"Shares$"	"System.String[]"	"System.String[]"	"JP_vol_Shares"	"standard"	"BOIDR-SMB01"	"False"	"False"	"False"	"True"
"System.String[]"		"BOIDR-SMB01"					"4294967295"	"BDC-CDOTCLST01"	"manual"	"/Shares/Accounting"	"Accounting"	"System.String[]"	"System.String[]"	"SMDV_vol_BOI_SMB01_vol_SMB_Accounting_01"	"standard"	"BOIDR-SMB01"	"False"	"False"	"False"	"True"
"System.String[]"		"BOIDR-SMB01"					"4294967295"	"BDC-CDOTCLST01"	"manual"	"/Shares/AEP_OE_Projects"	"AEP_OE_Projects"	"System.String[]"	"System.String[]"	"SMDV_vol_BOI_SMB01_vol_SMB_AEP_OE_Projects_01"	"standard"	"BOIDR-SMB01"	"False"	"False"	"False"	"True"
"System.String[]"		"BOIDR-SMB01"					"4294967295"	"BDC-CDOTCLST01"	"manual"	"/Shares/Archive"	"Archive"	"System.String[]"	"System.String[]"	"SMDV_vol_BOI_SMB01_vol_SMB_Archive_01"	"standard"	"BOIDR-SMB01"	"False"	"False"	"False"	"True"
"System.String[]"		"BOIDR-SMB01"					"4294967295"	"BDC-CDOTCLST01"	"manual"	"/Shares/BKK_data"	"BKK_Data"	"System.String[]"	"System.String[]"	"SMDV_vol_BOI_SMB01_vol_SMB_BKK_data_01"	"standard"	"BOIDR-SMB01"	"False"	"False"	"False"	"True"
"System.String[]"		"BOIDR-SMB01"					"4294967295"	"BDC-CDOTCLST01"	"manual"	"/Shares/CAD_Standards"	"CAD_Standards"	"System.String[]"	"System.String[]"	"SMDV_vol_BOI_SMB01_vol_SMB_CAD_Standards_01"	"standard"	"BOIDR-SMB01"	"False"	"False"	"False"	"True"
"System.String[]"		"BOIDR-SMB01"					"4294967295"	"BDC-CDOTCLST01"	"manual"	"/Shares/CDLibrary"	"CDLibrary"	"System.String[]"	"System.String[]"	"SMDV_vol_BOI_SMB01_vol_SMB_CD_Library_01"	"standard"	"BOIDR-SMB01"	"False"	"False"	"False"	"True"
"System.String[]"		"BOIDR-SMB01"					"4294967295"	"BDC-CDOTCLST01"	"manual"	"/Shares/Civil"	"Civil"	"System.String[]"	"System.String[]"	"SMDV_vol_BOI_SMB01_vol_SMB_Civil_01"	"standard"	"BOIDR-SMB01"	"False"	"False"	"False"	"True"
"System.String[]"		"BOIDR-SMB01"					"4294967295"	"BDC-CDOTCLST01"	"manual"	"/Shares/CS"	"CS"	"System.String[]"	"System.String[]"		"standard"	"BOIDR-SMB01"	"False"	"False"	"False"	"True"
"System.String[]"		"BOIDR-SMB01"					"4294967295"	"BDC-CDOTCLST01"	"manual"	"/Shares/DRP"	"DRP"	"System.String[]"	"System.String[]"	"SMDV_vol_BOI_SMB01_vol_SMB_DRP_01"	"standard"	"BOIDR-SMB01"	"False"	"False"	"False"	"True"
"System.String[]"		"BOIDR-SMB01"					"4294967295"	"BDC-CDOTCLST01"	"manual"	"/Shares/Enviro"	"Enviro"	"System.String[]"	"System.String[]"	"SMDV_vol_BOI_SMB01_vol_SMB_Enviro_01"	"standard"	"BOIDR-SMB01"	"False"	"False"	"False"	"True"
"System.String[]"		"BOIDR-SMB01"					"4294967295"	"BDC-CDOTCLST01"	"manual"	"/Shares/FAC_Elec_Cntls"	"FAC_Elec_Cntls"	"System.String[]"	"System.String[]"	"SMDV_vol_BOI_SMB01_vol_SMB_FAC_Elec_Cntls_01"	"standard"	"BOIDR-SMB01"	"False"	"False"	"False"	"True"
"System.String[]"		"BOIDR-SMB01"					"4294967295"	"BDC-CDOTCLST01"	"manual"	"/Shares/FAC_Shared"	"FAC_Shared"	"System.String[]"	"System.String[]"	"SMDV_vol_BOI_SMB01_vol_SMB_FAC_Shared_01"	"standard"	"BOIDR-SMB01"	"False"	"False"	"False"	"True"
"System.String[]"		"BOIDR-SMB01"					"4294967295"	"BDC-CDOTCLST01"	"manual"	"/Shares/Facilities"	"Facilities"	"System.String[]"	"System.String[]"	"SMDV_vol_BOI_SMB01_vol_SMB_Facilities_01"	"standard"	"BOIDR-SMB01"	"False"	"False"	"False"	"True"
"System.String[]"		"BOIDR-SMB01"					"4294967295"	"BDC-CDOTCLST01"	"manual"	"/Shares/Federal"	"Federal"	"System.String[]"	"System.String[]"	"SMDV_vol_BOI_SMB01_vol_SMB_Federal_01"	"standard"	"BOIDR-SMB01"	"False"	"False"	"False"	"True"
"System.String[]"		"BOIDR-SMB01"					"4294967295"	"BDC-CDOTCLST01"	"manual"	"/Shares/Generation"	"Generation"	"System.String[]"	"System.String[]"	"SMDV_vol_BOI_SMB01_vol_SMB_Generation_01"	"standard"	"BOIDR-SMB01"	"False"	"False"	"False"	"True"
"System.String[]"		"BOIDR-SMB01"					"4294967295"	"BDC-CDOTCLST01"	"manual"	"/Shares/GIS"	"GIS"	"System.String[]"	"System.String[]"	"SMDV_vol_BOI_SMB01_vol_SMB_GIS_01"	"standard"	"BOIDR-SMB01"	"False"	"False"	"False"	"True"
"System.String[]"		"BOIDR-SMB01"					"4294967295"	"BDC-CDOTCLST01"	"manual"	"/Shares/GIS_Data"	"GIS_Data"	"System.String[]"	"System.String[]"	"SMDV_vol_BOI_SMB01_vol_SMB_GIS_data_01"	"standard"	"BOIDR-SMB01"	"False"	"False"	"False"	"True"
"System.String[]"		"BOIDR-SMB01"					"4294967295"	"BDC-CDOTCLST01"	"manual"	"/Shares/GIS_Softdist"	"GIS_Softdist"	"System.String[]"	"System.String[]"	"SMDV_vol_BOI_SMB01_vol_SMB_GIS_softdist_01"	"standard"	"BOIDR-SMB01"	"False"	"False"	"False"	"True"
"System.String[]"		"BOIDR-SMB01"					"4294967295"	"BDC-CDOTCLST01"	"manual"	"/Shares/GTAudit"	"GTAudit"	"System.String[]"	"System.String[]"	"SMDV_vol_BOI_SMB01_vol_SMB_GTAudit_01"	"standard"	"BOIDR-SMB01"	"False"	"False"	"False"	"True"
"System.String[]"		"BOIDR-SMB01"					"4294967295"	"BDC-CDOTCLST01"	"manual"	"/Shares/HRBenefits"	"HRBenefits"	"System.String[]"	"System.String[]"	"SMDV_vol_BOI_SMB01_vol_SMB_HRBenefits_01"	"standard"	"BOIDR-SMB01"	"False"	"False"	"False"	"True"
"System.String[]"		"BOIDR-SMB01"					"4294967295"	"BDC-CDOTCLST01"	"manual"	"/Shares/INDadmin"	"INDadmin"	"System.String[]"	"System.String[]"	"SMDV_vol_BOI_SMB01_vol_SMB_INDadmin_01"	"standard"	"BOIDR-SMB01"	"False"	"False"	"False"	"True"
"System.String[]"		"BOIDR-SMB01"					"4294967295"	"BDC-CDOTCLST01"	"manual"	"/Shares/IndustPM"	"IndustPM"	"System.String[]"	"System.String[]"	"SMDV_vol_BOI_SMB01_vol_SMB_IndustPM_01"	"standard"	"BOIDR-SMB01"	"False"	"False"	"False"	"True"
"System.String[]"		"BOIDR-SMB01"					"4294967295"	"BDC-CDOTCLST01"	"manual"	"/Shares/Industrial"	"Industrial"	"System.String[]"	"System.String[]"	"SMDV_vol_BOI_SMB01_vol_SMB_Industrial_01"	"standard"	"BOIDR-SMB01"	"False"	"False"	"False"	"True"
"System.String[]"		"BOIDR-SMB01"					"4294967295"	"BDC-CDOTCLST01"	"manual"	"/Shares/ITES"	"ITES"	"System.String[]"	"System.String[]"	"SMDV_vol_BOI_SMB01_vol_SMB_ITES_01"	"standard"	"BOIDR-SMB01"	"False"	"False"	"False"	"True"
"System.String[]"		"BOIDR-SMB01"					"4294967295"	"BDC-CDOTCLST01"	"manual"	"/Shares/ITxchange"	"ITxchange"	"System.String[]"	"System.String[]"	"SMDV_vol_BOI_SMB01_vol_SMB_ITxchange_01"	"standard"	"BOIDR-SMB01"	"False"	"False"	"False"	"True"
"System.String[]"		"BOIDR-SMB01"					"4294967295"	"BDC-CDOTCLST01"	"manual"	"/Shares/Legal"	"Legal"	"System.String[]"	"System.String[]"	"SMDV_vol_BOI_SMB01_vol_SMB_Legal_01"	"standard"	"BOIDR-SMB01"	"False"	"False"	"False"	"True"
"System.String[]"		"BOIDR-SMB01"					"4294967295"	"BDC-CDOTCLST01"	"manual"	"/Shares/Lidar"	"Lidar"	"System.String[]"	"System.String[]"	"SMDV_vol_BOI_SMB01_vol_SMB_Lidar_01"	"standard"	"BOIDR-SMB01"	"False"	"False"	"False"	"True"
"System.String[]"		"BOIDR-SMB01"					"4294967295"	"BDC-CDOTCLST01"	"manual"	"/Shares/Line"	"Line"	"System.String[]"	"System.String[]"	"SMDV_vol_BOI_SMB01_vol_SMB_Line_01"	"standard"	"BOIDR-SMB01"	"False"	"False"	"False"	"True"
"System.String[]"		"BOIDR-SMB01"					"4294967295"	"BDC-CDOTCLST01"	"manual"	"/Shares/Operations"	"Operations"	"System.String[]"	"System.String[]"	"SMDV_vol_BOI_SMB01_vol_SMB_Operations_01"	"standard"	"BOIDR-SMB01"	"False"	"False"	"False"	"True"
"System.String[]"		"BOIDR-SMB01"					"4294967295"	"BDC-CDOTCLST01"	"manual"	"/Shares/PD_DistMgmt"	"PD_DistMgmt"	"System.String[]"	"System.String[]"	"SMDV_vol_BOI_SMB01_vol_SMB_PD_DistMgmt_01"	"standard"	"BOIDR-SMB01"	"False"	"False"	"False"	"True"
"System.String[]"		"BOIDR-SMB01"					"4294967295"	"BDC-CDOTCLST01"	"manual"	"/Shares/PD_Prog_Mgmt"	"PD_Prog_Mgmt"	"System.String[]"	"System.String[]"	"SMDV_vol_BOI_SMB01_vol_SMB_PD_Prog_Mgmt_01"	"standard"	"BOIDR-SMB01"	"False"	"False"	"False"	"True"
"System.String[]"		"BOIDR-SMB01"					"4294967295"	"BDC-CDOTCLST01"	"manual"	"/Shares/Printroom_Requests"	"Printroom_Requests"	"System.String[]"	"System.String[]"	"SMDV_vol_BOI_SMB01_vol_SMB_Printroom_Requests_01"	"standard"	"BOIDR-SMB01"	"False"	"False"	"False"	"True"
"System.String[]"		"BOIDR-SMB01"					"4294967295"	"BDC-CDOTCLST01"	"manual"	"/Shares/Processing"	"Processing"	"System.String[]"	"System.String[]"	"SMDV_vol_BOI_SMB01_vol_SMB_Processing_01"	"standard"	"BOIDR-SMB01"	"False"	"False"	"False"	"True"
"System.String[]"		"BOIDR-SMB01"					"4294967295"	"BDC-CDOTCLST01"	"manual"	"/Shares/ProjControl"	"ProjControl"	"System.String[]"	"System.String[]"	"SMDV_vol_BOI_SMB01_vol_SMB_ProjControl_01"	"standard"	"BOIDR-SMB01"	"False"	"False"	"False"	"True"
"System.String[]"		"BOIDR-SMB01"					"4294967295"	"BDC-CDOTCLST01"	"manual"	"/Shares/Projects"	"Projects"	"System.String[]"	"System.String[]"	"SMDV_vol_BOI_SMB01_vol_SMB_Projects_01"	"standard"	"BOIDR-SMB01"	"False"	"False"	"False"	"True"
"System.String[]"		"BOIDR-SMB01"					"4294967295"	"BDC-CDOTCLST01"	"manual"	"/Shares/Reference"	"Reference"	"System.String[]"	"System.String[]"	"SMDV_vol_BOI_SMB01_vol_SMB_Reference_01"	"standard"	"BOIDR-SMB01"	"False"	"False"	"False"	"True"
"System.String[]"		"BOIDR-SMB01"					"4294967295"	"BDC-CDOTCLST01"	"manual"	"/Shares/Studies"	"Studies"	"System.String[]"	"System.String[]"	"SMDV_vol_BOI_SMB01_vol_SMB_Studies_01"	"standard"	"BOIDR-SMB01"	"False"	"False"	"False"	"True"
"System.String[]"		"BOIDR-SMB01"					"4294967295"	"BDC-CDOTCLST01"	"manual"	"/Shares/Substation"	"Substation"	"System.String[]"	"System.String[]"	"SMDV_vol_BOI_SMB01_vol_SMB_Substation_01"	"standard"	"BOIDR-SMB01"	"False"	"False"	"False"	"True"
"System.String[]"		"BOIDR-SMB01"					"4294967295"	"BDC-CDOTCLST01"	"manual"	"/Shares/TD"	"TD"	"System.String[]"	"System.String[]"	"SMDV_vol_BOI_SMB01_vol_SMB_TD_01"	"standard"	"BOIDR-SMB01"	"False"	"False"	"False"	"True"
"System.String[]"		"BOIDR-SMB01"					"4294967295"	"BDC-CDOTCLST01"	"manual"	"/Shares/TnD_GIS_PM"	"TnD_GIS_PM"	"System.String[]"	"System.String[]"	"SMDV_vol_BOI_SMB01_vol_SMB_TnD_GIS_PM_01"	"standard"	"BOIDR-SMB01"	"False"	"False"	"False"	"True"
"System.String[]"		"BOIDR-SMB01"					"4294967295"	"BDC-CDOTCLST01"	"manual"	"/Shares/vCAD"	"vCAD"	"System.String[]"	"System.String[]"	"SMDV_vol_BOI_SMB01_vol_SMB_vCAD_01"	"standard"	"BOIDR-SMB01"	"False"	"False"	"False"	"True"
"System.String[]"		"BOIDR-SMB01"					"4294967295"	"BDC-CDOTCLST01"	"manual"	"/Shares/VendSubmit"	"VendSubmit"	"System.String[]"	"System.String[]"	"SMDV_vol_BOI_SMB01_vol_SMB_VendSubmit_01"	"standard"	"BOIDR-SMB01"	"False"	"False"	"False"	"True"
"System.String[]"		"BOIDR-SMB01"					"4294967295"	"BDC-CDOTCLST01"	"manual"	"/Shares/Visual_Tech"	"Visual_Tech"	"System.String[]"	"System.String[]"	"SMDV_vol_BOI_SMB01_vol_SMB_Visual_Tech_01"	"standard"	"BOIDR-SMB01"	"False"	"False"	"False"	"True"
"System.String[]"		"BOSDR-SMB02"					"4294967295"	"BDC-CDOTCLST01"	"manual"	"/Shares"	"Shares$"	"System.String[]"	"System.String[]"	"JP_vol_Shares"	"standard"	"BOSDR-SMB02"	"False"	"False"	"False"	"True"
"System.String[]"		"BOSDR-SMB02"					"4294967295"	"BDC-CDOTCLST01"	"manual"	"/Shares/REPLICATE/Environmental"	"Environmental"	"System.String[]"	"System.String[]"	"SMDV_vol_BOS_SMB01_vol_SMB_REPLICATE_01"	"standard"	"BOSDR-SMB02"	"False"	"False"	"False"	"True"
"System.String[]"		"BOSDR-SMB02"					"4294967295"	"BDC-CDOTCLST01"	"manual"	"/Shares/REPLICATE/line"	"Line"	"System.String[]"	"System.String[]"	"SMDV_vol_BOS_SMB01_vol_SMB_REPLICATE_01"	"standard"	"BOSDR-SMB02"	"False"	"False"	"False"	"True"
"System.String[]"		"BOSDR-SMB02"					"4294967295"	"BDC-CDOTCLST01"	"manual"	"/Shares/REPLICATE/PD_DistMgmt"	"PD_DistMgmt"	"System.String[]"	"System.String[]"	"SMDV_vol_BOS_SMB01_vol_SMB_REPLICATE_01"	"standard"	"BOSDR-SMB02"	"False"	"False"	"False"	"True"
"System.String[]"		"BOSDR-SMB02"					"4294967295"	"BDC-CDOTCLST01"	"manual"	"/Shares/REPLICATE/Program_Management"	"Program_Management"	"System.String[]"	"System.String[]"	"SMDV_vol_BOS_SMB01_vol_SMB_REPLICATE_01"	"standard"	"BOSDR-SMB02"	"False"	"False"	"False"	"True"
"System.String[]"		"BOSDR-SMB02"					"4294967295"	"BDC-CDOTCLST01"	"manual"	"/Shares/REPLICATE/Reference"	"Reference"	"System.String[]"	"System.String[]"	"SMDV_vol_BOS_SMB01_vol_SMB_REPLICATE_01"	"standard"	"BOSDR-SMB02"	"False"	"False"	"False"	"True"
"System.String[]"		"BOSDR-SMB02"					"4294967295"	"BDC-CDOTCLST01"	"manual"	"/Shares/REPLICATE/Substation"	"Substation"	"System.String[]"	"System.String[]"	"SMDV_vol_BOS_SMB01_vol_SMB_REPLICATE_01"	"standard"	"BOSDR-SMB02"	"False"	"False"	"False"	"True"
"System.String[]"		"CDCDR-SVMAFS01"					"4294967295"	"BDC-CDOTCLST01"	"manual"	"/Shares"	"Shares$"	"System.String[]"	"System.String[]"	"JP_vol_Shares"	"standard"	"CDCDR-SVMA01"	"False"	"False"	"False"	"True"
"System.String[]"		"CDCDR-SVMAFS01"					"4294967295"	"BDC-CDOTCLST01"	"manual"	"/Shares/Attachment_Archive"	"Attachment_Archive$"	"System.String[]"	"System.String[]"	"SMDV_vol_CDC_SVMA01_vol_SMB_Attachment_Archive_01"	"standard"	"CDCDR-SVMA01"	"False"	"False"	"False"	"True"
"System.String[]"		"CDCDR-SVMAFS01"					"4294967295"	"BDC-CDOTCLST01"	"manual"	"/Shares/Automation"	"Automation"	"System.String[]"	"System.String[]"	"SMD_vol_CDC_SVMA01_vol_SMB_Automation_01"	"standard"	"CDCDR-SVMA01"	"False"	"False"	"False"	"True"
"System.String[]"		"CDCDR-SVMAFS01"					"4294967295"	"BDC-CDOTCLST01"	"manual"	"/Shares/Azure_Data_Factory"	"Azure_Data_Factory"	"System.String[]"	"System.String[]"	"SMDV_vol_CDC_SVMA01_vol_SMB_Azure_Data_Factory_01"	"standard"	"CDCDR-SVMA01"	"False"	"False"	"False"	"True"
"System.String[]"		"CDCDR-SVMAFS01"					"4294967295"	"BDC-CDOTCLST01"	"manual"	"/Shares/BAL"	"BAL"	"System.String[]"	"System.String[]"	"SMDV_vol_CDC_SVMA01_vol_SMB_BAL_01"	"standard"	"CDCDR-SVMA01"	"False"	"False"	"False"	"True"
"System.String[]"		"CDCDR-SVMAFS01"					"4294967295"	"BDC-CDOTCLST01"	"manual"	"/Shares/ConEst"	"ConEst"	"System.String[]"	"System.String[]"	"SMDV_vol_CDC_SVMA01_vol_SMB_ConEst_01"	"standard"	"CDCDR-SVMA01"	"False"	"False"	"False"	"True"
"System.String[]"		"CDCDR-SVMAFS01"					"4294967295"	"BDC-CDOTCLST01"	"manual"	"/Shares/Discovery"	"Discovery"	"System.String[]"	"System.String[]"	"SMD_vol_CDC_SVMA01_vol_SMB_Discovery_01"	"standard"	"CDCDR-SVMA01"	"False"	"False"	"False"	"True"
"System.String[]"		"CDCDR-SVMAFS01"					"4294967295"	"BDC-CDOTCLST01"	"manual"	"/Shares/Enviro_Service"	"Enviro_Service"	"System.String[]"	"System.String[]"	"SMDV_vol_CDC_SVMA01_vol_SMB_Enviro_Service_01"	"standard"	"CDCDR-SVMA01"	"False"	"False"	"False"	"True"
"System.String[]"		"CDCDR-SVMAFS01"					"4294967295"	"BDC-CDOTCLST01"	"manual"	"/Shares/Facilities"	"Facilities"	"System.String[]"	"System.String[]"	"SMDV_vol_CDC_SVMA01_vol_SMB_Facilities_01"	"standard"	"CDCDR-SVMA01"	"False"	"False"	"False"	"True"
"System.String[]"		"CDCDR-SVMAFS01"					"4294967295"	"BDC-CDOTCLST01"	"manual"	"/Shares/Facilities_Scans"	"Facilities_Scans"	"System.String[]"	"System.String[]"	"SMD_vol_CDC_SVMA01_vol_SMB_Facilities_Scans_01"	"standard"	"CDCDR-SVMA01"	"False"	"False"	"False"	"True"
"System.String[]"		"CDCDR-SVMAFS01"					"4294967295"	"BDC-CDOTCLST01"	"manual"	"/Shares/HST"	"HST"	"System.String[]"	"System.String[]"	"SMDV_vol_CDC_SVMA01_vol_SMB_HST_01"	"standard"	"CDCDR-SVMA01"	"False"	"False"	"False"	"True"
"System.String[]"		"CDCDR-SVMAFS01"					"4294967295"	"BDC-CDOTCLST01"	"manual"	"/Shares/Projects"	"Projects"	"System.String[]"	"System.String[]"	"SMDV_vol_CDC_SVMA01_vol_SMB_Projects_01"	"standard"	"CDCDR-SVMA01"	"False"	"False"	"False"	"True"
"System.String[]"		"CDCDR-SVMAFS01"					"4294967295"	"BDC-CDOTCLST01"	"manual"	"/Shares/PW"	"PW"	"System.String[]"	"System.String[]"	"JP_vol_Shares"	"standard"	"CDCDR-SVMA01"	"False"	"False"	"False"	"True"
"System.String[]"		"CDCDR-SVMAFS01"					"4294967295"	"BDC-CDOTCLST01"	"manual"	"/Shares/Reference"	"Reference"	"System.String[]"	"System.String[]"	"SMD_vol_CDC_SVMA01_vol_SMB_Reference_01"	"standard"	"CDCDR-SVMA01"	"False"	"False"	"False"	"True"
"System.String[]"		"CDCDR-SVMAFS01"					"4294967295"	"BDC-CDOTCLST01"	"manual"	"/Shares/SAW"	"SAW"	"System.String[]"	"System.String[]"	"SMDV_vol_CDC_SVMA01_vol_SMB_SAW_01"	"standard"	"CDCDR-SVMA01"	"False"	"False"	"False"	"True"
"System.String[]"		"CDCDR-SVMAFS01"					"4294967295"	"BDC-CDOTCLST01"	"manual"	"/Shares/SQL_DB_Backups"	"SQL_DB_Backups"	"System.String[]"	"System.String[]"	"SMD_vol_CDC_SVMA01_vol_SMB_SQL_DB_Backups_01"	"standard"	"CDCDR-SVMA01"	"False"	"False"	"False"	"True"
"System.String[]"		"CDCDR-SVMAFS01"					"4294967295"	"BDC-CDOTCLST01"	"manual"	"/Shares/UpdateManager"	"UpdateManager"	"System.String[]"	"System.String[]"	"SMD_vol_CDC_SVMA01_vol_SMB_UpdateManager_01"	"standard"	"CDCDR-SVMA01"	"False"	"False"	"False"	"True"
"System.String[]"		"CDCDR-SVMAFS01"					"4294967295"	"BDC-CDOTCLST01"	"manual"	"/Shares/Vault_Backup"	"Vault_Backup"	"System.String[]"	"System.String[]"	"SMD_vol_CDC_SVMA01_vol_SMB_Vault_Backup_01"	"standard"	"CDCDR-SVMA01"	"False"	"False"	"False"	"True"
"System.String[]"		"CDCDR-SVMAFS01"					"4294967295"	"BDC-CDOTCLST01"	"manual"	"/Shares/Vault_FileStore"	"Vault_Filestore$"	"System.String[]"	"System.String[]"	"SMD_vol_CDC_SVMA01_vol_SMB_Vault_FileStore_01"	"standard"	"CDCDR-SVMA01"	"False"	"False"	"False"	"True"
"System.String[]"		"CH3DR-SMB02"					"4294967295"	"BDC-CDOTCLST01"	"manual"	"/Shares"	"Shares$"	"System.String[]"	"System.String[]"	"JP_vol_Shares"	"standard"	"CH3DR-SMB02"	"False"	"False"	"False"	"True"
"System.String[]"		"CH3DR-SMB02"					"4294967295"	"BDC-CDOTCLST01"	"manual"	"/Shares/REPLICATE/Line"	"Line"	"System.String[]"	"System.String[]"	"SMDV_vol_CH3_SMB01_vol_SMB_REPLICATE_01"	"standard"	"CH3DR-SMB02"	"False"	"False"	"False"	"True"
"System.String[]"		"CH3DR-SMB02"					"4294967295"	"BDC-CDOTCLST01"	"manual"	"/Shares/REPLICATE/PD_DistMgmt"	"PD_DistMgmt"	"System.String[]"	"System.String[]"	"SMDV_vol_CH3_SMB01_vol_SMB_REPLICATE_01"	"standard"	"CH3DR-SMB02"	"False"	"False"	"False"	"True"
"System.String[]"		"CH3DR-SMB02"					"4294967295"	"BDC-CDOTCLST01"	"manual"	"/Shares/REPLICATE/Pub_Inv"	"Pub_Inv"	"System.String[]"	"System.String[]"	"SMDV_vol_CH3_SMB01_vol_SMB_REPLICATE_01"	"standard"	"CH3DR-SMB02"	"False"	"False"	"False"	"True"
"System.String[]"		"CH3DR-SMB02"					"4294967295"	"BDC-CDOTCLST01"	"manual"	"/Shares/REPLICATE/UpdateManager"	"UpdateManager"	"System.String[]"	"System.String[]"	"SMDV_vol_CH3_SMB01_vol_SMB_REPLICATE_01"	"standard"	"CH3DR-SMB02"	"False"	"False"	"False"	"True"
"System.String[]"		"CH3DR-SMB02"					"4294967295"	"BDC-CDOTCLST01"	"manual"	"/Shares/REPLICATE/Xchange"	"Xchange"	"System.String[]"	"System.String[]"		"standard"	"CH3DR-SMB02"	"False"	"False"	"False"	"True"
"System.String[]"		"CINDR-SMB02"					"4294967295"	"BDC-CDOTCLST01"	"manual"	"/Shares"	"Shares$"	"System.String[]"	"System.String[]"	"JP_vol_Shares"	"standard"	"CINDR-SMB02"	"False"	"False"	"False"	"True"
"System.String[]"		"CINDR-SMB02"					"4294967295"	"BDC-CDOTCLST01"	"manual"	"/Shares/REPLICATE/archive"	"Archive"	"System.String[]"	"System.String[]"	"SMDV_vol_CIN_SMB01_vol_SMB_REPLICATE_01"	"standard"	"CINDR-SMB02"	"False"	"False"	"False"	"True"
"System.String[]"		"CINDR-SMB02"					"4294967295"	"BDC-CDOTCLST01"	"manual"	"/Shares/REPLICATE/ram"	"RAM"	"System.String[]"	"System.String[]"	"SMDV_vol_CIN_SMB01_vol_SMB_REPLICATE_01"	"standard"	"CINDR-SMB02"	"False"	"False"	"False"	"True"
"System.String[]"		"CINDR-SMB02"					"4294967295"	"BDC-CDOTCLST01"	"manual"	"/Shares/REPLICATE/ram/RAM120"	"RAM120"	"System.String[]"	"System.String[]"	"SMDV_vol_CIN_SMB01_vol_SMB_REPLICATE_01"	"standard"	"CINDR-SMB02"	"False"	"False"	"False"	"True"
"System.String[]"		"CLKDR-SMB01"					"4294967295"	"BDC-CDOTCLST01"	"manual"	"/Shares"	"Shares$"	"System.String[]"	"System.String[]"	"JP_vol_Shares"	"standard"	"CLKDR-SMB01"	"False"	"False"	"False"	"True"
"System.String[]"		"CLKDR-SMB01"					"4294967295"	"BDC-CDOTCLST01"	"manual"	"/Shares/REPLICATE/Reference"	"Reference"	"System.String[]"	"System.String[]"	"SMDV_vol_CLK_SMB01_vol_SMB_REPLICATE_01"	"standard"	"CLKDR-SMB01"	"False"	"False"	"False"	"True"
"System.String[]"		"CLKDR-SMB01"					"4294967295"	"BDC-CDOTCLST01"	"manual"	"/Shares/REPLICATE/Studies"	"Studies"	"System.String[]"	"System.String[]"	"SMDV_vol_CLK_SMB01_vol_SMB_REPLICATE_01"	"standard"	"CLKDR-SMB01"	"False"	"False"	"False"	"True"
"System.String[]"		"CLKDR-SMB01"					"4294967295"	"BDC-CDOTCLST01"	"manual"	"/Shares/REPLICATE/Visual_Tech"	"Visual_Tech"	"System.String[]"	"System.String[]"	"SMDV_vol_CLK_SMB01_vol_SMB_REPLICATE_01"	"standard"	"CLKDR-SMB01"	"False"	"False"	"False"	"True"
"System.String[]"		"COLDR-SMB02"					"4294967295"	"BDC-CDOTCLST01"	"manual"	"/Shares"	"Shares$"	"System.String[]"	"System.String[]"	"JP_vol_Shares"	"standard"	"COLDR-SMB02"	"False"	"False"	"False"	"True"
"System.String[]"		"COLDR-SMB02"					"4294967295"	"BDC-CDOTCLST01"	"manual"	"/Shares/REPLICATE/Environmental"	"Environmental"	"System.String[]"	"System.String[]"	"SMDV_vol_COL_SMB01_vol_SMB_REPLICATE_01"	"standard"	"COLDR-SMB02"	"False"	"False"	"False"	"True"
"System.String[]"		"COLDR-SMB02"					"4294967295"	"BDC-CDOTCLST01"	"manual"	"/Shares/REPLICATE/Line"	"Line"	"System.String[]"	"System.String[]"	"SMDV_vol_COL_SMB01_vol_SMB_REPLICATE_01"	"standard"	"COLDR-SMB02"	"False"	"False"	"False"	"True"
"System.String[]"		"COLDR-SMB02"					"4294967295"	"BDC-CDOTCLST01"	"manual"	"/Shares/REPLICATE/PD_DistMgmt"	"PD_DistMgmt"	"System.String[]"	"System.String[]"	"SMDV_vol_COL_SMB01_vol_SMB_REPLICATE_01"	"standard"	"COLDR-SMB02"	"False"	"False"	"False"	"True"
"System.String[]"		"COLDR-SMB02"					"4294967295"	"BDC-CDOTCLST01"	"manual"	"/Shares/REPLICATE/Substation"	"Substation"	"System.String[]"	"System.String[]"	"SMDV_vol_COL_SMB01_vol_SMB_REPLICATE_01"	"standard"	"COLDR-SMB02"	"False"	"False"	"False"	"True"
"System.String[]"		"DA11DR-SMB01"					"4294967295"	"BDC-CDOTCLST01"	"manual"	"/Shares"	"Shares$"	"System.String[]"	"System.String[]"	"JP_vol_Shares"	"standard"	"DA11DR-SMB01"	"False"	"False"	"False"	"True"
"System.String[]"		"DA11DR-SMB01"					"4294967295"	"BDC-CDOTCLST01"	"manual"	"/Shares/REPLICATE/UpdateManager"	"UpdateManager"	"System.String[]"	"System.String[]"	"SMDV_vol_DA11_SMB01_vol_SMB_REPLICATE_01"	"standard"	"DA11DR-SMB01"	"False"	"False"	"False"	"True"
"System.String[]"		"DDCD-SMB01"					"4294967295"	"BDC-CDOTCLST01"	"manual"	"/Shares"	"Shares$"	"System.String[]"	"System.String[]"	"JP_vol_Shares"	"standard"	"DDCD-SMB01"	"False"	"False"	"False"	"True"
"System.String[]"		"DDCD-SMB01"					"4294967295"	"BDC-CDOTCLST01"	"manual"	"/Shares/PW"	"PW"	"System.String[]"	"System.String[]"	"JP_vol_PW"	"standard"	"DDCD-SMB01"	"False"	"False"	"False"	"True"
"System.String[]"		"DDCD-SMB01"					"4294967295"	"BDC-CDOTCLST01"	"manual"	"/Shares/SQL_DB_Backups"	"SQL_DB_Backups"	"System.String[]"	"System.String[]"	"vol_SMB_SQL_DB_Backups_01"	"standard"	"DDCD-SMB01"	"False"	"False"	"False"	"True"
"System.String[]"		"DDCD-SMB01"					"4294967295"	"BDC-CDOTCLST01"	"manual"	"/Shares/Vault_Backup"	"Vault_Backup"	"System.String[]"	"System.String[]"	"vol_SMB_Vault_Backup_01"	"standard"	"DDCD-SMB01"	"False"	"False"	"False"	"True"
"System.String[]"		"DDCD-SMB01"					"4294967295"	"BDC-CDOTCLST01"	"manual"	"/Shares/Vault_FileStore"	"Vault_Filestore$"	"System.String[]"	"System.String[]"	"vol_SMB_Vault_FileStore_01"	"standard"	"DDCD-SMB01"	"False"	"False"	"False"	"True"
"System.String[]"		"DENDR-SMB01"					"4294967295"	"BDC-CDOTCLST01"	"manual"	"/Shares"	"Shares$"	"System.String[]"	"System.String[]"	"JP_vol_Shares"	"standard"	"DENDR-SMB01"	"False"	"False"	"False"	"True"
"System.String[]"		"DENDR-SMB01"					"4294967295"	"BDC-CDOTCLST01"	"manual"	"/Shares/REPLICATE/DENSUS"	"DENSUS"	"System.String[]"	"System.String[]"	"SMDV_vol_DEN_SMB01_vol_SMB_REPLICATE_01"	"standard"	"DENDR-SMB01"	"False"	"False"	"False"	"True"
"System.String[]"		"DENDR-SMB01"					"4294967295"	"BDC-CDOTCLST01"	"manual"	"/Shares/REPLICATE/Enviro"	"Enviro"	"System.String[]"	"System.String[]"	"SMDV_vol_DEN_SMB01_vol_SMB_REPLICATE_01"	"standard"	"DENDR-SMB01"	"False"	"False"	"False"	"True"
"System.String[]"		"DENDR-SMB01"					"4294967295"	"BDC-CDOTCLST01"	"manual"	"/Shares/REPLICATE/Galena_Advisors"	"Galena_Advisors"	"System.String[]"	"System.String[]"	"SMDV_vol_DEN_SMB01_vol_SMB_REPLICATE_01"	"standard"	"DENDR-SMB01"	"False"	"False"	"False"	"True"
"System.String[]"		"DENDR-SMB01"					"4294967295"	"BDC-CDOTCLST01"	"manual"	"/Shares/REPLICATE/GIS"	"GIS"	"System.String[]"	"System.String[]"	"SMDV_vol_DEN_SMB01_vol_SMB_REPLICATE_01"	"standard"	"DENDR-SMB01"	"False"	"False"	"False"	"True"
"System.String[]"		"DENDR-SMB01"					"4294967295"	"BDC-CDOTCLST01"	"manual"	"/Shares/REPLICATE/Line"	"Line"	"System.String[]"	"System.String[]"	"SMDV_vol_DEN_SMB01_vol_SMB_REPLICATE_01"	"standard"	"DENDR-SMB01"	"False"	"False"	"False"	"True"
"System.String[]"		"DENDR-SMB01"					"4294967295"	"BDC-CDOTCLST01"	"manual"	"/Shares/REPLICATE/Plot Files"	"Plot Files"	"System.String[]"	"System.String[]"	"SMDV_vol_DEN_SMB01_vol_SMB_REPLICATE_01"	"standard"	"DENDR-SMB01"	"False"	"False"	"False"	"True"
"System.String[]"		"DENDR-SMB01"					"4294967295"	"BDC-CDOTCLST01"	"manual"	"/Shares/REPLICATE/Salient"	"Salient"	"System.String[]"	"System.String[]"	"SMDV_vol_DEN_SMB01_vol_SMB_REPLICATE_01"	"standard"	"DENDR-SMB01"	"False"	"False"	"False"	"True"
"System.String[]"		"DENDR-SMB01"					"4294967295"	"BDC-CDOTCLST01"	"manual"	"/Shares/REPLICATE/SAS"	"SAS"	"System.String[]"	"System.String[]"	"SMDV_vol_DEN_SMB01_vol_SMB_REPLICATE_01"	"standard"	"DENDR-SMB01"	"False"	"False"	"False"	"True"
"System.String[]"		"DENDR-SMB01"					"4294967295"	"BDC-CDOTCLST01"	"manual"	"/Shares/REPLICATE/Substation"	"Substation"	"System.String[]"	"System.String[]"	"SMDV_vol_DEN_SMB01_vol_SMB_REPLICATE_01"	"standard"	"DENDR-SMB01"	"False"	"False"	"False"	"True"
"System.String[]"		"DENDR-SMB01"					"4294967295"	"BDC-CDOTCLST01"	"manual"	"/Shares/REPLICATE/UpdateManager"	"UpdateManager"	"System.String[]"	"System.String[]"	"SMDV_vol_DEN_SMB01_vol_SMB_REPLICATE_01"	"standard"	"DENDR-SMB01"	"False"	"False"	"False"	"True"
"System.String[]"		"FMCDR-SMB02"					"4294967295"	"BDC-CDOTCLST01"	"manual"	"/Shares"	"Shares$"	"System.String[]"	"System.String[]"	"JP_vol_Shares"	"standard"	"FMCDR-SMB02"	"False"	"False"	"False"	"True"
"System.String[]"		"FMCDR-SMB02"					"4294967295"	"BDC-CDOTCLST01"	"manual"	"/Shares/REPLICATE/Line"	"Line"	"System.String[]"	"System.String[]"	"SMDV_vol_FMC_SMB01_vol_SMB_REPLICATE_01"	"standard"	"FMCDR-SMB02"	"False"	"False"	"False"	"True"
"System.String[]"		"FMCDR-SMB02"					"4294967295"	"BDC-CDOTCLST01"	"manual"	"/Shares/REPLICATE/SAS"	"SAS"	"System.String[]"	"System.String[]"	"SMDV_vol_FMC_SMB01_vol_SMB_REPLICATE_01"	"standard"	"FMCDR-SMB02"	"False"	"False"	"False"	"True"
"System.String[]"		"FMCDR-SMB02"					"4294967295"	"BDC-CDOTCLST01"	"manual"	"/Shares/REPLICATE/Substation"	"Substation"	"System.String[]"	"System.String[]"	"SMDV_vol_FMC_SMB01_vol_SMB_REPLICATE_01"	"standard"	"FMCDR-SMB02"	"False"	"False"	"False"	"True"
"System.String[]"		"FMCDR-SMB02"					"4294967295"	"BDC-CDOTCLST01"	"manual"	"/Shares/REPLICATE/UpdateManager"	"UpdateManager"	"System.String[]"	"System.String[]"	"SMDV_vol_FMC_SMB01_vol_SMB_REPLICATE_01"	"standard"	"FMCDR-SMB02"	"False"	"False"	"False"	"True"
"System.String[]"		"FREDR-SMB02"					"4294967295"	"BDC-CDOTCLST01"	"manual"	"/Shares"	"Shares$"	"System.String[]"	"System.String[]"	"JP_vol_Shares"	"standard"	"FREDR-SMB02"	"False"	"False"	"False"	"True"
"System.String[]"		"FREDR-SMB02"					"4294967295"	"BDC-CDOTCLST01"	"manual"	"/Shares/REPLICATE/Admin"	"Admin"	"System.String[]"	"System.String[]"	"SMDV_vol_FRE_SMB01_vol_SMB_REPLICATE_01"	"standard"	"FREDR-SMB02"	"False"	"False"	"False"	"True"
"System.String[]"		"FREDR-SMB02"					"4294967295"	"BDC-CDOTCLST01"	"manual"	"/Shares/REPLICATE/Enviro"	"Enviro"	"System.String[]"	"System.String[]"	"SMDV_vol_FRE_SMB01_vol_SMB_REPLICATE_01"	"standard"	"FREDR-SMB02"	"False"	"False"	"False"	"True"
"System.String[]"		"FREDR-SMB02"					"4294967295"	"BDC-CDOTCLST01"	"manual"	"/Shares/REPLICATE/itops"	"ITops"	"System.String[]"	"System.String[]"	"SMDV_vol_FRE_SMB01_vol_SMB_REPLICATE_01"	"standard"	"FREDR-SMB02"	"False"	"False"	"False"	"True"
"System.String[]"		"FREDR-SMB02"					"4294967295"	"BDC-CDOTCLST01"	"manual"	"/Shares/REPLICATE/line"	"Line"	"System.String[]"	"System.String[]"	"SMDV_vol_FRE_SMB01_vol_SMB_REPLICATE_01"	"standard"	"FREDR-SMB02"	"False"	"False"	"False"	"True"
"System.String[]"		"FREDR-SMB02"					"4294967295"	"BDC-CDOTCLST01"	"manual"	"/Shares/REPLICATE/Project_Control"	"Project_Control"	"System.String[]"	"System.String[]"	"SMDV_vol_FRE_SMB01_vol_SMB_REPLICATE_01"	"standard"	"FREDR-SMB02"	"False"	"False"	"False"	"True"
"System.String[]"		"FREDR-SMB02"					"4294967295"	"BDC-CDOTCLST01"	"manual"	"/Shares/REPLICATE/Reference"	"Reference"	"System.String[]"	"System.String[]"	"SMDV_vol_FRE_SMB01_vol_SMB_REPLICATE_01"	"standard"	"FREDR-SMB02"	"False"	"False"	"False"	"True"
"System.String[]"		"FREDR-SMB02"					"4294967295"	"BDC-CDOTCLST01"	"manual"	"/Shares/REPLICATE/SAS"	"SAS"	"System.String[]"	"System.String[]"	"SMDV_vol_FRE_SMB01_vol_SMB_REPLICATE_01"	"standard"	"FREDR-SMB02"	"False"	"False"	"False"	"True"
"System.String[]"		"FREDR-SMB02"					"4294967295"	"BDC-CDOTCLST01"	"manual"	"/Shares/REPLICATE/StratComm"	"StratComm"	"System.String[]"	"System.String[]"	"SMDV_vol_FRE_SMB01_vol_SMB_REPLICATE_01"	"standard"	"FREDR-SMB02"	"False"	"False"	"False"	"True"
"System.String[]"		"FREDR-SMB02"					"4294967295"	"BDC-CDOTCLST01"	"manual"	"/Shares/REPLICATE/substation"	"Substation"	"System.String[]"	"System.String[]"	"SMDV_vol_FRE_SMB01_vol_SMB_REPLICATE_01"	"standard"	"FREDR-SMB02"	"False"	"False"	"False"	"True"
"System.String[]"		"FREDR-SMB02"					"4294967295"	"BDC-CDOTCLST01"	"manual"	"/Shares/REPLICATE/UpdateManager"	"UpdateManager"	"System.String[]"	"System.String[]"	"SMDV_vol_FRE_SMB01_vol_SMB_REPLICATE_01"	"standard"	"FREDR-SMB02"	"False"	"False"	"False"	"True"
"System.String[]"		"FREDR-SMB02"					"4294967295"	"BDC-CDOTCLST01"	"manual"	"/Shares/REPLICATE/Video"	"Video"	"System.String[]"	"System.String[]"	"SMDV_vol_FRE_SMB01_vol_SMB_REPLICATE_01"	"standard"	"FREDR-SMB02"	"False"	"False"	"False"	"True"
"System.String[]"		"FTLDR-SMB02"					"4294967295"	"BDC-CDOTCLST01"	"manual"	"/Shares"	"Shares$"	"System.String[]"	"System.String[]"	"JP_vol_Shares"	"standard"	"FTLDR-SMB02"	"False"	"False"	"False"	"True"
"System.String[]"		"FTLDR-SMB02"					"4294967295"	"BDC-CDOTCLST01"	"manual"	"/Shares/REPLICATE/Environmental"	"Environmental"	"System.String[]"	"System.String[]"	"SMDV_vol_FTL_SMB01_vol_SMB_REPLICATE_01"	"standard"	"FTLDR-SMB02"	"False"	"False"	"False"	"True"
"System.String[]"		"FTLDR-SMB02"					"4294967295"	"BDC-CDOTCLST01"	"manual"	"/Shares/REPLICATE/Line"	"Line"	"System.String[]"	"System.String[]"	"SMDV_vol_FTL_SMB01_vol_SMB_REPLICATE_01"	"standard"	"FTLDR-SMB02"	"False"	"False"	"False"	"True"
"System.String[]"		"FTLDR-SMB02"					"4294967295"	"BDC-CDOTCLST01"	"manual"	"/Shares/REPLICATE/PD_DistMgmt"	"PD_DistMgmt"	"System.String[]"	"System.String[]"	"SMDV_vol_FTL_SMB01_vol_SMB_REPLICATE_01"	"standard"	"FTLDR-SMB02"	"False"	"False"	"False"	"True"
"System.String[]"		"FTLDR-SMB02"					"4294967295"	"BDC-CDOTCLST01"	"manual"	"/Shares/REPLICATE/Substation"	"Substation"	"System.String[]"	"System.String[]"	"SMDV_vol_FTL_SMB01_vol_SMB_REPLICATE_01"	"standard"	"FTLDR-SMB02"	"False"	"False"	"False"	"True"
"System.String[]"		"FTWDR-SMB01"					"4294967295"	"BDC-CDOTCLST01"	"manual"	"/Shares"	"Shares$"	"System.String[]"	"System.String[]"	"JP_vol_Shares"	"standard"	"FTWDR-SMB01"	"False"	"False"	"False"	"True"
"System.String[]"		"FTWDR-SMB01"					"4294967295"	"BDC-CDOTCLST01"	"manual"	"/Shares/REPLICATE/CPData"	"CPData"	"System.String[]"	"System.String[]"	"SMDV_vol_FTW_SMB01_vol_SMB_REPLICATE_01"	"standard"	"FTWDR-SMB01"	"False"	"False"	"False"	"True"
"System.String[]"		"FTWDR-SMB01"					"4294967295"	"BDC-CDOTCLST01"	"manual"	"/Shares/REPLICATE/FTWSUS"	"FTWSUS"	"System.String[]"	"System.String[]"	"SMDV_vol_FTW_SMB01_vol_SMB_REPLICATE_01"	"standard"	"FTWDR-SMB01"	"False"	"False"	"False"	"True"
"System.String[]"		"FTWDR-SMB01"					"4294967295"	"BDC-CDOTCLST01"	"manual"	"/Shares/REPLICATE/Line"	"Line"	"System.String[]"	"System.String[]"	"SMDV_vol_FTW_SMB01_vol_SMB_REPLICATE_01"	"standard"	"FTWDR-SMB01"	"False"	"False"	"False"	"True"
"System.String[]"		"FTWDR-SMB01"					"4294967295"	"BDC-CDOTCLST01"	"manual"	"/Shares/REPLICATE/PD_DistMgmt"	"PD_DistMgmt"	"System.String[]"	"System.String[]"	"SMDV_vol_FTW_SMB01_vol_SMB_REPLICATE_01"	"standard"	"FTWDR-SMB01"	"False"	"False"	"False"	"True"
"System.String[]"		"FTWDR-SMB01"					"4294967295"	"BDC-CDOTCLST01"	"manual"	"/Shares/REPLICATE/Project_Controls"	"Project_Controls"	"System.String[]"	"System.String[]"	"SMDV_vol_FTW_SMB01_vol_SMB_REPLICATE_01"	"standard"	"FTWDR-SMB01"	"False"	"False"	"False"	"True"
"System.String[]"		"FTWDR-SMB01"					"4294967295"	"BDC-CDOTCLST01"	"manual"	"/Shares/REPLICATE/SAS"	"SAS"	"System.String[]"	"System.String[]"	"SMDV_vol_FTW_SMB01_vol_SMB_REPLICATE_01"	"standard"	"FTWDR-SMB01"	"False"	"False"	"False"	"True"
"System.String[]"		"FTWDR-SMB01"					"4294967295"	"BDC-CDOTCLST01"	"manual"	"/Shares/REPLICATE/Substation"	"Substation"	"System.String[]"	"System.String[]"	"SMDV_vol_FTW_SMB01_vol_SMB_REPLICATE_01"	"standard"	"FTWDR-SMB01"	"False"	"False"	"False"	"True"
"System.String[]"		"FTWDR-SMB01"					"4294967295"	"BDC-CDOTCLST01"	"manual"	"/Shares/REPLICATE/UpdateManager"	"UpdateManager"	"System.String[]"	"System.String[]"	"SMDV_vol_FTW_SMB01_vol_SMB_REPLICATE_01"	"standard"	"FTWDR-SMB01"	"False"	"False"	"False"	"True"
"System.String[]"		"GRBDR-SMB02"					"4294967295"	"BDC-CDOTCLST01"	"manual"	"/Shares"	"Shares$"	"System.String[]"	"System.String[]"	"JP_vol_Shares"	"standard"	"GRBDR-SMB02"	"False"	"False"	"False"	"True"
"System.String[]"		"GRBDR-SMB02"					"4294967295"	"BDC-CDOTCLST01"	"manual"	"/Shares/REPLICATE/Backup"	"Backup"	"System.String[]"	"System.String[]"	"SMDV_vol_GRB_SMB01_vol_SMB_REPLICATE_01"	"standard"	"GRBDR-SMB02"	"False"	"False"	"False"	"True"
"System.String[]"		"GRBDR-SMB02"					"4294967295"	"BDC-CDOTCLST01"	"manual"	"/Shares/REPLICATE/GIS"	"GIS"	"System.String[]"	"System.String[]"	"SMDV_vol_GRB_SMB01_vol_SMB_REPLICATE_01"	"standard"	"GRBDR-SMB02"	"False"	"False"	"False"	"True"
"System.String[]"		"HAMDR-SMB02"					"4294967295"	"BDC-CDOTCLST01"	"manual"	"/Shares"	"Shares$"	"System.String[]"	"System.String[]"	"JP_vol_Shares"	"standard"	"HAMDR-SMB02"	"False"	"False"	"False"	"True"
"System.String[]"		"HAMDR-SMB02"					"4294967295"	"BDC-CDOTCLST01"	"manual"	"/Shares/REPLICATE/Facilities"	"Facilities"	"System.String[]"	"System.String[]"	"SMDV_vol_HAM_SMB01_vol_SMB_REPLICATE_01"	"standard"	"HAMDR-SMB02"	"False"	"False"	"False"	"True"
"System.String[]"		"HAMDR-SMB02"					"4294967295"	"BDC-CDOTCLST01"	"manual"	"/Shares/REPLICATE/Line"	"Line"	"System.String[]"	"System.String[]"	"SMDV_vol_HAM_SMB01_vol_SMB_REPLICATE_01"	"standard"	"HAMDR-SMB02"	"False"	"False"	"False"	"True"
"System.String[]"		"HAMDR-SMB02"					"4294967295"	"BDC-CDOTCLST01"	"manual"	"/Shares/REPLICATE/Projects"	"Projects"	"System.String[]"	"System.String[]"	"SMDV_vol_HAM_SMB01_vol_SMB_REPLICATE_01"	"standard"	"HAMDR-SMB02"	"False"	"False"	"False"	"True"
"System.String[]"		"HAMDR-SMB02"					"4294967295"	"BDC-CDOTCLST01"	"manual"	"/Shares/REPLICATE/SAS"	"SAS"	"System.String[]"	"System.String[]"	"SMDV_vol_HAM_SMB01_vol_SMB_REPLICATE_01"	"standard"	"HAMDR-SMB02"	"False"	"False"	"False"	"True"
"System.String[]"		"HAMDR-SMB02"					"4294967295"	"BDC-CDOTCLST01"	"manual"	"/Shares/REPLICATE/Substation"	"Substation"	"System.String[]"	"System.String[]"	"SMDV_vol_HAM_SMB01_vol_SMB_REPLICATE_01"	"standard"	"HAMDR-SMB02"	"False"	"False"	"False"	"True"
"System.String[]"		"HLYDR-SMB01"					"4294967295"	"BDC-CDOTCLST01"	"manual"	"/Shares"	"Shares$"	"System.String[]"	"System.String[]"	"JP_vol_Shares"	"standard"	"HLYDR-SMB01"	"False"	"False"	"False"	"True"
"System.String[]"		"HLYDR-SMB01"					"4294967295"	"BDC-CDOTCLST01"	"manual"	"/Shares/Accounting"	"Accounting"	"System.String[]"	"System.String[]"	"SMDV_vol_HLY_SMB01_vol_SMB_Accounting_01"	"standard"	"HLYDR-SMB01"	"False"	"False"	"False"	"True"
"System.String[]"		"HLYDR-SMB01"					"4294967295"	"BDC-CDOTCLST01"	"manual"	"/Shares/Admin"	"Admin"	"System.String[]"	"System.String[]"	"SMDV_vol_HLY_SMB01_vol_SMB_Admin_01"	"standard"	"HLYDR-SMB01"	"False"	"False"	"False"	"True"
"System.String[]"		"HLYDR-SMB01"					"4294967295"	"BDC-CDOTCLST01"	"manual"	"/Shares/Architec"	"Architec"	"System.String[]"	"System.String[]"	"SMDV_vol_HLY_SMB01_vol_SMB_Architec_01"	"standard"	"HLYDR-SMB01"	"False"	"False"	"False"	"True"
"System.String[]"		"HLYDR-SMB01"					"4294967295"	"BDC-CDOTCLST01"	"manual"	"/Shares/BD"	"BD"	"System.String[]"	"System.String[]"	"SMDV_vol_HLY_SMB01_vol_SMB_BD_01"	"standard"	"HLYDR-SMB01"	"False"	"False"	"False"	"True"
"System.String[]"		"HLYDR-SMB01"					"4294967295"	"BDC-CDOTCLST01"	"manual"	"/Shares/BD_Archive"	"BD_Archive"	"System.String[]"	"System.String[]"	"SMDV_vol_HLY_SMB01_vol_SMB_BD_Archive_01"	"standard"	"HLYDR-SMB01"	"False"	"False"	"False"	"True"
"System.String[]"		"HLYDR-SMB01"					"4294967295"	"BDC-CDOTCLST01"	"manual"	"/Shares/BDArt"	"BDArt"	"System.String[]"	"System.String[]"	"SMDV_vol_HLY_SMB01_vol_SMB_BDArt_01"	"standard"	"HLYDR-SMB01"	"False"	"False"	"False"	"True"
"System.String[]"		"HLYDR-SMB01"					"4294967295"	"BDC-CDOTCLST01"	"manual"	"/Shares/Civil"	"Civil"	"System.String[]"	"System.String[]"	"SMDV_vol_HLY_SMB01_vol_SMB_Civil_01"	"standard"	"HLYDR-SMB01"	"False"	"False"	"False"	"True"
"System.String[]"		"HLYDR-SMB01"					"4294967295"	"BDC-CDOTCLST01"	"manual"	"/Shares/ClientStd"	"ClientStd"	"System.String[]"	"System.String[]"	"SMDV_vol_HLY_SMB01_vol_SMB_ClientStd_01"	"standard"	"HLYDR-SMB01"	"False"	"False"	"False"	"True"
"System.String[]"		"HLYDR-SMB01"					"4294967295"	"BDC-CDOTCLST01"	"manual"	"/Shares/Controls"	"Controls"	"System.String[]"	"System.String[]"	"SMDV_vol_HLY_SMB01_vol_SMB_Controls_01"	"standard"	"HLYDR-SMB01"	"False"	"False"	"False"	"True"
"System.String[]"		"HLYDR-SMB01"					"4294967295"	"BDC-CDOTCLST01"	"manual"	"/Shares/DSS"	"DSS"	"System.String[]"	"System.String[]"	"SMDV_vol_HLY_SMB01_vol_SMB_DSS_01"	"standard"	"HLYDR-SMB01"	"False"	"False"	"False"	"True"
"System.String[]"		"HLYDR-SMB01"					"4294967295"	"BDC-CDOTCLST01"	"manual"	"/Shares/Electrical"	"Electrical"	"System.String[]"	"System.String[]"	"SMDV_vol_HLY_SMB01_vol_SMB_Electrical_01"	"standard"	"HLYDR-SMB01"	"False"	"False"	"False"	"True"
"System.String[]"		"HLYDR-SMB01"					"4294967295"	"BDC-CDOTCLST01"	"manual"	"/Shares/Enviro"	"Enviro"	"System.String[]"	"System.String[]"	"SMDV_vol_HLY_SMB01_vol_SMB_Enviro_01"	"standard"	"HLYDR-SMB01"	"False"	"False"	"False"	"True"
"System.String[]"		"HLYDR-SMB01"					"4294967295"	"BDC-CDOTCLST01"	"manual"	"/Shares/Fleet"	"Fleet"	"System.String[]"	"System.String[]"	"SMDV_vol_HLY_SMB01_vol_SMB_Fleet_01"	"standard"	"HLYDR-SMB01"	"False"	"False"	"False"	"True"
"System.String[]"		"HLYDR-SMB01"					"4294967295"	"BDC-CDOTCLST01"	"manual"	"/Shares/Generation"	"Generation"	"System.String[]"	"System.String[]"	"SMDV_vol_HLY_SMB01_vol_SMB_Generation_01"	"standard"	"HLYDR-SMB01"	"False"	"False"	"False"	"True"
"System.String[]"		"HLYDR-SMB01"					"4294967295"	"BDC-CDOTCLST01"	"manual"	"/Shares/HmnRsrcs"	"HmnRsrcs"	"System.String[]"	"System.String[]"	"SMDV_vol_HLY_SMB01_vol_SMB_HmnRsrcs_01"	"standard"	"HLYDR-SMB01"	"False"	"False"	"False"	"True"
"System.String[]"		"HLYDR-SMB01"					"4294967295"	"BDC-CDOTCLST01"	"manual"	"/Shares/HRPayroll"	"HRPayroll"	"System.String[]"	"System.String[]"	"SMDV_vol_HLY_SMB01_vol_SMB_HRPayroll_01"	"standard"	"HLYDR-SMB01"	"False"	"False"	"False"	"True"
"System.String[]"		"HLYDR-SMB01"					"4294967295"	"BDC-CDOTCLST01"	"manual"	"/Shares/IndProco"	"IndProco"	"System.String[]"	"System.String[]"	"SMDV_vol_HLY_SMB01_vol_SMB_IndProco_01"	"standard"	"HLYDR-SMB01"	"False"	"False"	"False"	"True"
"System.String[]"		"HLYDR-SMB01"					"4294967295"	"BDC-CDOTCLST01"	"manual"	"/Shares/ITES"	"ITES"	"System.String[]"	"System.String[]"	"SMDV_vol_HLY_SMB01_vol_SMB_ITES_01"	"standard"	"HLYDR-SMB01"	"False"	"False"	"False"	"True"
"System.String[]"		"HLYDR-SMB01"					"4294967295"	"BDC-CDOTCLST01"	"manual"	"/Shares/ITOpsPM"	"ITOpsPM"	"System.String[]"	"System.String[]"	"SMDV_vol_HLY_SMB01_vol_SMB_ITOpsPM_01"	"standard"	"HLYDR-SMB01"	"False"	"False"	"False"	"True"
"System.String[]"		"HLYDR-SMB01"					"4294967295"	"BDC-CDOTCLST01"	"manual"	"/Shares/Legal"	"Legal"	"System.String[]"	"System.String[]"	"SMDV_vol_HLY_SMB01_vol_SMB_Legal_01"	"standard"	"HLYDR-SMB01"	"False"	"False"	"False"	"True"
"System.String[]"		"HLYDR-SMB01"					"4294967295"	"BDC-CDOTCLST01"	"manual"	"/Shares/Legal2"	"Legal2$"	"System.String[]"	"System.String[]"	"SMDV_vol_HLY_SMB01_vol_SMB_Legal_02"	"standard"	"HLYDR-SMB01"	"False"	"False"	"False"	"True"
"System.String[]"		"HLYDR-SMB01"					"4294967295"	"BDC-CDOTCLST01"	"manual"	"/Shares/Line"	"Line"	"System.String[]"	"System.String[]"	"SMDV_vol_HLY_SMB01_vol_SMB_Line_01"	"standard"	"HLYDR-SMB01"	"False"	"False"	"False"	"True"
"System.String[]"		"HLYDR-SMB01"					"4294967295"	"BDC-CDOTCLST01"	"manual"	"/Shares/Line_Lidar"	"Line_Lidar"	"System.String[]"	"System.String[]"	"SMDV_vol_HLY_SMB01_vol_SMB_Line_Lidar_01"	"standard"	"HLYDR-SMB01"	"False"	"False"	"False"	"True"
"System.String[]"		"HLYDR-SMB01"					"4294967295"	"BDC-CDOTCLST01"	"manual"	"/Shares/Mechanical"	"Mechanical"	"System.String[]"	"System.String[]"	"SMDV_vol_HLY_SMB01_vol_SMB_Mechanical_01"	"standard"	"HLYDR-SMB01"	"False"	"False"	"False"	"True"
"System.String[]"		"HLYDR-SMB01"					"4294967295"	"BDC-CDOTCLST01"	"manual"	"/Shares/Operations"	"Operations"	"System.String[]"	"System.String[]"	"SMDV_vol_HLY_SMB01_vol_SMB_Operations_01"	"standard"	"HLYDR-SMB01"	"False"	"False"	"False"	"True"
"System.String[]"		"HLYDR-SMB01"					"4294967295"	"BDC-CDOTCLST01"	"manual"	"/Shares/OpsDivMgmt"	"OpsDivMgmt"	"System.String[]"	"System.String[]"	"SMDV_vol_HLY_SMB01_vol_SMB_OpsDivMgmt_01"	"standard"	"HLYDR-SMB01"	"False"	"False"	"False"	"True"
"System.String[]"		"HLYDR-SMB01"					"4294967295"	"BDC-CDOTCLST01"	"manual"	"/Shares/OpsMgmt"	"OpsMgmt"	"System.String[]"	"System.String[]"	"SMDV_vol_HLY_SMB01_vol_SMB_OpsMgmt_01"	"standard"	"HLYDR-SMB01"	"False"	"False"	"False"	"True"
"System.String[]"		"HLYDR-SMB01"					"4294967295"	"BDC-CDOTCLST01"	"manual"	"/Shares/PCI"	"PCI"	"System.String[]"	"System.String[]"	"SMDV_vol_HLY_SMB01_vol_SMB_PCI_01"	"standard"	"HLYDR-SMB01"	"False"	"False"	"False"	"True"
"System.String[]"		"HLYDR-SMB01"					"4294967295"	"BDC-CDOTCLST01"	"manual"	"/Shares/PD_DistMgmt"	"PD_DistMgmt"	"System.String[]"	"System.String[]"	"SMDV_vol_HLY_SMB01_vol_SMB_PD_DistMgmt_01"	"standard"	"HLYDR-SMB01"	"False"	"False"	"False"	"True"
"System.String[]"		"HLYDR-SMB01"					"4294967295"	"BDC-CDOTCLST01"	"manual"	"/Shares/Powernetdocs"	"Powernetdocs"	"System.String[]"	"System.String[]"	"SMDV_vol_HLY_SMB01_vol_SMB_Powernetdocs_01"	"standard"	"HLYDR-SMB01"	"False"	"False"	"False"	"True"
"System.String[]"		"HLYDR-SMB01"					"4294967295"	"BDC-CDOTCLST01"	"manual"	"/Shares/Printroom_Requests"	"Printroom_Requests"	"System.String[]"	"System.String[]"	"SMDV_vol_HLY_SMB01_vol_SMB_Printroom_Requests_01"	"standard"	"HLYDR-SMB01"	"False"	"False"	"False"	"True"
"System.String[]"		"HLYDR-SMB01"					"4294967295"	"BDC-CDOTCLST01"	"manual"	"/Shares/Projects"	"Projects"	"System.String[]"	"System.String[]"	"SMDV_vol_HLY_SMB01_vol_SMB_Projects_01"	"standard"	"HLYDR-SMB01"	"False"	"False"	"False"	"True"
"System.String[]"		"HLYDR-SMB01"					"4294967295"	"BDC-CDOTCLST01"	"manual"	"/Shares/ProjectShare"	"ProjectShare"	"System.String[]"	"System.String[]"	"SMDV_vol_HLY_SMB01_vol_SMB_ProjectShare_01"	"standard"	"HLYDR-SMB01"	"False"	"False"	"False"	"True"
"System.String[]"		"HLYDR-SMB01"					"4294967295"	"BDC-CDOTCLST01"	"manual"	"/Shares/Rebis"	"Rebis"	"System.String[]"	"System.String[]"	"SMDV_vol_HLY_SMB01_vol_SMB_Rebis_01"	"standard"	"HLYDR-SMB01"	"False"	"False"	"False"	"True"
"System.String[]"		"HLYDR-SMB01"					"4294967295"	"BDC-CDOTCLST01"	"manual"	"/Shares/Reference"	"Reference"	"System.String[]"	"System.String[]"	"SMDV_vol_HLY_SMB01_vol_SMB_Reference_01"	"standard"	"HLYDR-SMB01"	"False"	"False"	"False"	"True"
"System.String[]"		"HLYDR-SMB01"					"4294967295"	"BDC-CDOTCLST01"	"manual"	"/Shares/Studies"	"Studies"	"System.String[]"	"System.String[]"	"SMDV_vol_HLY_SMB01_vol_SMB_Studies_01"	"standard"	"HLYDR-SMB01"	"False"	"False"	"False"	"True"
"System.String[]"		"HLYDR-SMB01"					"4294967295"	"BDC-CDOTCLST01"	"manual"	"/Shares/Substation"	"Substation"	"System.String[]"	"System.String[]"	"SMDV_vol_HLY_SMB01_vol_SMB_Substation_01"	"standard"	"HLYDR-SMB01"	"False"	"False"	"False"	"True"
"System.String[]"		"HLYDR-SMB01"					"4294967295"	"BDC-CDOTCLST01"	"manual"	"/Shares/TanDpm"	"TanDpm"	"System.String[]"	"System.String[]"	"SMDV_vol_HLY_SMB01_vol_SMB_TanDpm_01"	"standard"	"HLYDR-SMB01"	"False"	"False"	"False"	"True"
"System.String[]"		"HLYDR-SMB01"					"4294967295"	"BDC-CDOTCLST01"	"manual"	"/Shares/TanDproco"	"TanDproco"	"System.String[]"	"System.String[]"	"SMDV_vol_HLY_SMB01_vol_SMB_TanDproco_01"	"standard"	"HLYDR-SMB01"	"False"	"False"	"False"	"True"
"System.String[]"		"HLYDR-SMB01"					"4294967295"	"BDC-CDOTCLST01"	"manual"	"/Shares/TanDProdMgmt"	"TanDProdMgmt"	"System.String[]"	"System.String[]"	"SMDV_vol_HLY_SMB01_vol_SMB_TanDProdMgmt_01"	"standard"	"HLYDR-SMB01"	"False"	"False"	"False"	"True"
"System.String[]"		"HOUDR-SMB01"					"4294967295"	"BDC-CDOTCLST01"	"manual"	"/Shares"	"Shares$"	"System.String[]"	"System.String[]"	"JP_vol_Shares"	"standard"	"HOUDR-SMB01"	"False"	"False"	"False"	"True"
"System.String[]"		"HOUDR-SMB01"					"4294967295"	"BDC-CDOTCLST01"	"manual"	"/Shares/REPLICATE/Archive"	"Archive"	"System.String[]"	"System.String[]"	"SMDV_vol_HOU_SMB01_vol_SMB_REPLICATE_01"	"standard"	"HOUDR-SMB01"	"False"	"False"	"False"	"True"
"System.String[]"		"HOUDR-SMB01"					"4294967295"	"BDC-CDOTCLST01"	"manual"	"/Shares/REPLICATE/Enviro"	"Enviro"	"System.String[]"	"System.String[]"	"SMDV_vol_HOU_SMB01_vol_SMB_REPLICATE_01"	"standard"	"HOUDR-SMB01"	"False"	"False"	"False"	"True"
"System.String[]"		"HOUDR-SMB01"					"4294967295"	"BDC-CDOTCLST01"	"manual"	"/Shares/REPLICATE/Line"	"Line"	"System.String[]"	"System.String[]"	"SMDV_vol_HOU_SMB01_vol_SMB_REPLICATE_01"	"standard"	"HOUDR-SMB01"	"False"	"False"	"False"	"True"
"System.String[]"		"HOUDR-SMB01"					"4294967295"	"BDC-CDOTCLST01"	"manual"	"/Shares/REPLICATE/Reference"	"Reference"	"System.String[]"	"System.String[]"	"SMDV_vol_HOU_SMB01_vol_SMB_REPLICATE_01"	"standard"	"HOUDR-SMB01"	"False"	"False"	"False"	"True"
"System.String[]"		"HOUDR-SMB01"					"4294967295"	"BDC-CDOTCLST01"	"manual"	"/Shares/REPLICATE/Substation"	"Substation"	"System.String[]"	"System.String[]"	"SMDV_vol_HOU_SMB01_vol_SMB_REPLICATE_01"	"standard"	"HOUDR-SMB01"	"False"	"False"	"False"	"True"
"System.String[]"		"HOUDR-SMB01"					"4294967295"	"BDC-CDOTCLST01"	"manual"	"/Shares/REPLICATE/TnDtesting"	"TnDtesting"	"System.String[]"	"System.String[]"	"SMDV_vol_HOU_SMB01_vol_SMB_REPLICATE_01"	"standard"	"HOUDR-SMB01"	"False"	"False"	"False"	"True"
"System.String[]"		"HOUDR-SMB01"					"4294967295"	"BDC-CDOTCLST01"	"manual"	"/Shares/REPLICATE/UpdateManager"	"UpdateManager"	"System.String[]"	"System.String[]"	"SMDV_vol_HOU_SMB01_vol_SMB_REPLICATE_01"	"standard"	"HOUDR-SMB01"	"False"	"False"	"False"	"True"
"System.String[]"		"ITODR-SMB01"					"4294967295"	"BDC-CDOTCLST01"	"manual"	"/Shares"	"Shares$"	"System.String[]"	"System.String[]"	"JP_vol_Shares"	"standard"	"ITODR-SMB01"	"False"	"False"	"False"	"True"
"System.String[]"		"ITODR-SMB01"					"4294967295"	"BDC-CDOTCLST01"	"manual"	"/Shares/REPLICATE/Admin"	"Admin"	"System.String[]"	"System.String[]"	"SMDV_vol_ITO_SMB01_vol_SMB_REPLICATE_01"	"standard"	"ITODR-SMB01"	"False"	"False"	"False"	"True"
"System.String[]"		"ITODR-SMB01"					"4294967295"	"BDC-CDOTCLST01"	"manual"	"/Shares/REPLICATE/Facilities"	"Facilities"	"System.String[]"	"System.String[]"	"SMDV_vol_ITO_SMB01_vol_SMB_REPLICATE_01"	"standard"	"ITODR-SMB01"	"False"	"False"	"False"	"True"
"System.String[]"		"ITODR-SMB01"					"4294967295"	"BDC-CDOTCLST01"	"manual"	"/Shares/REPLICATE/HHMI"	"HHMI"	"System.String[]"	"System.String[]"	"SMDV_vol_ITO_SMB01_vol_SMB_REPLICATE_01"	"standard"	"ITODR-SMB01"	"False"	"False"	"False"	"True"
"System.String[]"		"ITODR-SMB01"					"4294967295"	"BDC-CDOTCLST01"	"manual"	"/Shares/REPLICATE/Substation"	"Substation"	"System.String[]"	"System.String[]"	"SMDV_vol_ITO_SMB01_vol_SMB_REPLICATE_01"	"standard"	"ITODR-SMB01"	"False"	"False"	"False"	"True"
"System.String[]"		"KCKDR-SMB02"					"4294967295"	"BDC-CDOTCLST01"	"manual"	"/Shares"	"Shares$"	"System.String[]"	"System.String[]"	"JP_vol_Shares"	"standard"	"KCKDR-SMB02"	"False"	"False"	"False"	"True"
"System.String[]"		"KCKDR-SMB02"					"4294967295"	"BDC-CDOTCLST01"	"manual"	"/Shares/REPLICATE/KCK_Office"	"KCK_Office"	"System.String[]"	"System.String[]"	"SMDV_vol_KCK_SMB01_vol_SMB_REPLICATE_01"	"standard"	"KCKDR-SMB02"	"False"	"False"	"False"	"True"
"System.String[]"		"KCKDR-SMB02"					"4294967295"	"BDC-CDOTCLST01"	"manual"	"/Shares/REPLICATE/Line"	"Line"	"System.String[]"	"System.String[]"	"SMDV_vol_KCK_SMB01_vol_SMB_REPLICATE_01"	"standard"	"KCKDR-SMB02"	"False"	"False"	"False"	"True"
"System.String[]"		"KCKDR-SMB02"					"4294967295"	"BDC-CDOTCLST01"	"manual"	"/Shares/REPLICATE/SAS"	"SAS"	"System.String[]"	"System.String[]"	"SMDV_vol_KCK_SMB01_vol_SMB_REPLICATE_01"	"standard"	"KCKDR-SMB02"	"False"	"False"	"False"	"True"
"System.String[]"		"KCKDR-SMB02"					"4294967295"	"BDC-CDOTCLST01"	"manual"	"/Shares/REPLICATE/Substation"	"Substation"	"System.String[]"	"System.String[]"	"SMDV_vol_KCK_SMB01_vol_SMB_REPLICATE_01"	"standard"	"KCKDR-SMB02"	"False"	"False"	"False"	"True"
"System.String[]"		"LAS04DR-SMB01"					"4294967295"	"BDC-CDOTCLST01"	"manual"	"/Shares"	"Shares$"	"System.String[]"	"System.String[]"	"JP_vol_Shares"	"standard"	"LAS04DR-SMB01"	"False"	"False"	"False"	"True"
"System.String[]"		"LAS04DR-SMB01"					"4294967295"	"BDC-CDOTCLST01"	"manual"	"/Shares/REPLICATE/UpdateManager"	"UpdateManager"	"System.String[]"	"System.String[]"	"SMDV_vol_LAS04_SMB01_vol_SMB_REPLICATE_01"	"standard"	"LAS04DR-SMB01"	"False"	"False"	"False"	"True"
"System.String[]"		"LAXDR-SMB01"					"4294967295"	"BDC-CDOTCLST01"	"manual"	"/Shares"	"Shares$"	"System.String[]"	"System.String[]"	"JP_vol_Shares"	"standard"	"LAXDR-SMB01"	"False"	"False"	"False"	"True"
"System.String[]"		"LAXDR-SMB01"					"4294967295"	"BDC-CDOTCLST01"	"manual"	"/Shares/REPLICATE/Environmental"	"Environmental"	"System.String[]"	"System.String[]"	"SMDV_vol_LAX_SMB01_vol_SMB_REPLICATE_01"	"standard"	"LAXDR-SMB01"	"False"	"False"	"False"	"True"
"System.String[]"		"LAXDR-SMB01"					"4294967295"	"BDC-CDOTCLST01"	"manual"	"/Shares/REPLICATE/Line"	"Line"	"System.String[]"	"System.String[]"	"SMDV_vol_LAX_SMB01_vol_SMB_REPLICATE_01"	"standard"	"LAXDR-SMB01"	"False"	"False"	"False"	"True"
"System.String[]"		"LAXDR-SMB01"					"4294967295"	"BDC-CDOTCLST01"	"manual"	"/Shares/REPLICATE/Substation"	"Substation"	"System.String[]"	"System.String[]"	"SMDV_vol_LAX_SMB01_vol_SMB_REPLICATE_01"	"standard"	"LAXDR-SMB01"	"False"	"False"	"False"	"True"
"System.String[]"		"LAXDR-SMB01"					"4294967295"	"BDC-CDOTCLST01"	"manual"	"/Shares/REPLICATE/TnD_BD"	"TnD_BD"	"System.String[]"	"System.String[]"	"SMDV_vol_LAX_SMB01_vol_SMB_REPLICATE_01"	"standard"	"LAXDR-SMB01"	"False"	"False"	"False"	"True"
"System.String[]"		"LAXDR-SMB01"					"4294967295"	"BDC-CDOTCLST01"	"manual"	"/Shares/REPLICATE/TnDtesting"	"TnDtesting"	"System.String[]"	"System.String[]"	"SMDV_vol_LAX_SMB01_vol_SMB_REPLICATE_01"	"standard"	"LAXDR-SMB01"	"False"	"False"	"False"	"True"
"System.String[]"		"LAXDR-SMB01"					"4294967295"	"BDC-CDOTCLST01"	"manual"	"/Shares/REPLICATE/UpdateManager"	"UpdateManager"	"System.String[]"	"System.String[]"	"SMDV_vol_LAX_SMB01_vol_SMB_REPLICATE_01"	"standard"	"LAXDR-SMB01"	"False"	"False"	"False"	"True"
"System.String[]"		"MINDR-SMB02"					"4294967295"	"BDC-CDOTCLST01"	"manual"	"/Shares"	"Shares$"	"System.String[]"	"System.String[]"	"JP_vol_Shares"	"standard"	"MINDR-SMB02"	"False"	"False"	"False"	"True"
"System.String[]"		"MINDR-SMB02"					"4294967295"	"BDC-CDOTCLST01"	"manual"	"/Shares/REPLICATE/Acadstd"	"Acadstd"	"System.String[]"	"System.String[]"	"SMDV_vol_MIN_SMB01_vol_SMB_REPLICATE_01"	"standard"	"MINDR-SMB02"	"False"	"False"	"False"	"True"
"System.String[]"		"MINDR-SMB02"					"4294967295"	"BDC-CDOTCLST01"	"manual"	"/Shares/REPLICATE/Facilities"	"Facilities"	"System.String[]"	"System.String[]"	"SMDV_vol_MIN_SMB01_vol_SMB_REPLICATE_01"	"standard"	"MINDR-SMB02"	"False"	"False"	"False"	"True"
"System.String[]"		"MINDR-SMB02"					"4294967295"	"BDC-CDOTCLST01"	"manual"	"/Shares/REPLICATE/NFD"	"NFD"	"System.String[]"	"System.String[]"	"SMDV_vol_MIN_SMB01_vol_SMB_REPLICATE_01"	"standard"	"MINDR-SMB02"	"False"	"False"	"False"	"True"
"System.String[]"		"MINDR-SMB02"					"4294967295"	"BDC-CDOTCLST01"	"manual"	"/Shares/REPLICATE/Reference"	"Reference"	"System.String[]"	"System.String[]"	"SMDV_vol_MIN_SMB01_vol_SMB_REPLICATE_01"	"standard"	"MINDR-SMB02"	"False"	"False"	"False"	"True"
"System.String[]"		"MINDR-SMB02"					"4294967295"	"BDC-CDOTCLST01"	"manual"	"/Shares/REPLICATE/UpdateManager"	"UpdateManager"	"System.String[]"	"System.String[]"	"SMDV_vol_MIN_SMB01_vol_SMB_REPLICATE_01"	"standard"	"MINDR-SMB02"	"False"	"False"	"False"	"True"
"System.String[]"		"MKEDR-SMB02"					"4294967295"	"BDC-CDOTCLST01"	"manual"	"/Shares"	"Shares$"	"System.String[]"	"System.String[]"	"JP_vol_Shares"	"standard"	"MKEDR-SMB02"	"False"	"False"	"False"	"True"
"System.String[]"		"MKEDR-SMB02"					"4294967295"	"BDC-CDOTCLST01"	"manual"	"/Shares/REPLICATE/GIS"	"GIS"	"System.String[]"	"System.String[]"	"SMDV_vol_MKE_SMB01_vol_SMB_REPLICATE_01"	"standard"	"MKEDR-SMB02"	"False"	"False"	"False"	"True"
"System.String[]"		"MSNDR-SMB02"					"4294967295"	"BDC-CDOTCLST01"	"manual"	"/Shares"	"Shares$"	"System.String[]"	"System.String[]"	"JP_vol_Shares"	"standard"	"MSNDR-SMB02"	"False"	"False"	"False"	"True"
"System.String[]"		"MSNDR-SMB02"					"4294967295"	"BDC-CDOTCLST01"	"manual"	"/Shares/REPLICATE/FAC_Shared"	"FAC_Shared"	"System.String[]"	"System.String[]"	"SMDV_vol_MSN_SMB01_vol_SMB_REPLICATE_01"	"standard"	"MSNDR-SMB02"	"False"	"False"	"False"	"True"
"System.String[]"		"MSNDR-SMB02"					"4294967295"	"BDC-CDOTCLST01"	"manual"	"/Shares/REPLICATE/Reference"	"Reference"	"System.String[]"	"System.String[]"	"SMDV_vol_MSN_SMB01_vol_SMB_REPLICATE_01"	"standard"	"MSNDR-SMB02"	"False"	"False"	"False"	"True"
"System.String[]"		"MSNDR-SMB02"					"4294967295"	"BDC-CDOTCLST01"	"manual"	"/Shares/REPLICATE/Standards"	"Standards"	"System.String[]"	"System.String[]"	"SMDV_vol_MSN_SMB01_vol_SMB_REPLICATE_01"	"standard"	"MSNDR-SMB02"	"False"	"False"	"False"	"True"
"System.String[]"		"MTLDR-SMB02"					"4294967295"	"BDC-CDOTCLST01"	"manual"	"/Shares"	"Shares$"	"System.String[]"	"System.String[]"	"JP_vol_Shares"	"standard"	"MTLDR-SMB02"	"False"	"False"	"False"	"True"
"System.String[]"		"MTLDR-SMB02"					"4294967295"	"BDC-CDOTCLST01"	"manual"	"/Shares/REPLICATE/Reference"	"Reference"	"System.String[]"	"System.String[]"	"SMDV_vol_MTL_SMB01_vol_SMB_REPLICATE_01"	"standard"	"MTLDR-SMB02"	"False"	"False"	"False"	"True"
"System.String[]"		"MTLDR-SMB02"					"4294967295"	"BDC-CDOTCLST01"	"manual"	"/Shares/REPLICATE/Shared/Public"	"Public"	"System.String[]"	"System.String[]"	"SMDV_vol_MTL_SMB01_vol_SMB_REPLICATE_01"	"standard"	"MTLDR-SMB02"	"False"	"False"	"False"	"True"
"System.String[]"		"MTLDR-SMB02"					"4294967295"	"BDC-CDOTCLST01"	"manual"	"/Shares/REPLICATE/Shared/Restricted"	"Restricted"	"System.String[]"	"System.String[]"	"SMDV_vol_MTL_SMB01_vol_SMB_REPLICATE_01"	"standard"	"MTLDR-SMB02"	"False"	"False"	"False"	"True"
"System.String[]"		"MTLDR-SMB02"					"4294967295"	"BDC-CDOTCLST01"	"manual"	"/Shares/REPLICATE/Shared/Substation"	"Substation"	"System.String[]"	"System.String[]"	"SMDV_vol_MTL_SMB01_vol_SMB_REPLICATE_01"	"standard"	"MTLDR-SMB02"	"False"	"False"	"False"	"True"
"System.String[]"		"MTLDR-SMB02"					"4294967295"	"BDC-CDOTCLST01"	"manual"	"/Shares/REPLICATE/Smartplant/CAE"	"CAE"	"System.String[]"	"System.String[]"	"SMDV_vol_MTL_SMB01_vol_SMB_REPLICATE_01"	"standard"	"MTLDR-SMB02"	"False"	"False"	"False"	"True"
"System.String[]"		"NY7DR-SMB02"					"4294967295"	"BDC-CDOTCLST01"	"manual"	"/Shares"	"Shares$"	"System.String[]"	"System.String[]"	"JP_vol_Shares"	"standard"	"NY7DR-SMB02"	"False"	"False"	"False"	"True"
"System.String[]"		"NY7DR-SMB02"					"4294967295"	"BDC-CDOTCLST01"	"manual"	"/Shares/REPLICATE/Line"	"Line"	"System.String[]"	"System.String[]"	"SMDV_vol_NY7_SMB01_vol_SMB_REPLICATE_01"	"standard"	"NY7DR-SMB02"	"False"	"False"	"False"	"True"
"System.String[]"		"NY7DR-SMB02"					"4294967295"	"BDC-CDOTCLST01"	"manual"	"/Shares/REPLICATE/PD_DistMgmt"	"PD_DistMgmt"	"System.String[]"	"System.String[]"	"SMDV_vol_NY7_SMB01_vol_SMB_REPLICATE_01"	"standard"	"NY7DR-SMB02"	"False"	"False"	"False"	"True"
"System.String[]"		"NY7DR-SMB02"					"4294967295"	"BDC-CDOTCLST01"	"manual"	"/Shares/REPLICATE/UpdateManager"	"UpdateManager"	"System.String[]"	"System.String[]"	"SMDV_vol_NY7_SMB01_vol_SMB_REPLICATE_01"	"standard"	"NY7DR-SMB02"	"False"	"False"	"False"	"True"
"System.String[]"		"OPKDR-SMB02"					"4294967295"	"BDC-CDOTCLST01"	"manual"	"/Shares"	"Shares$"	"System.String[]"	"System.String[]"	"JP_vol_Shares"	"standard"	"OPKDR-SMB02"	"False"	"False"	"False"	"True"
"System.String[]"		"OPKDR-SMB02"					"4294967295"	"BDC-CDOTCLST01"	"manual"	"/Shares/REPLICATE/Controls"	"Controls"	"System.String[]"	"System.String[]"	"SMDV_vol_OPK_SMB01_vol_SMB_REPLICATE_01"	"standard"	"OPKDR-SMB02"	"False"	"False"	"False"	"True"
"System.String[]"		"OPKDR-SMB02"					"4294967295"	"BDC-CDOTCLST01"	"manual"	"/Shares/REPLICATE/Facilities"	"Facilities"	"System.String[]"	"System.String[]"	"SMDV_vol_OPK_SMB01_vol_SMB_REPLICATE_01"	"standard"	"OPKDR-SMB02"	"False"	"False"	"False"	"True"
"System.String[]"		"OPKDR-SMB02"					"4294967295"	"BDC-CDOTCLST01"	"manual"	"/Shares/REPLICATE/Generation"	"Generation"	"System.String[]"	"System.String[]"	"SMDV_vol_OPK_SMB01_vol_SMB_REPLICATE_01"	"standard"	"OPKDR-SMB02"	"False"	"False"	"False"	"True"
"System.String[]"		"OPKDR-SMB02"					"4294967295"	"BDC-CDOTCLST01"	"manual"	"/Shares/REPLICATE/Line"	"Line"	"System.String[]"	"System.String[]"	"SMDV_vol_OPK_SMB01_vol_SMB_REPLICATE_01"	"standard"	"OPKDR-SMB02"	"False"	"False"	"False"	"True"
"System.String[]"		"OPKDR-SMB02"					"4294967295"	"BDC-CDOTCLST01"	"manual"	"/Shares/REPLICATE/PD_DistMgmt"	"PD_DistMgmt"	"System.String[]"	"System.String[]"	"SMDV_vol_OPK_SMB01_vol_SMB_REPLICATE_01"	"standard"	"OPKDR-SMB02"	"False"	"False"	"False"	"True"
"System.String[]"		"OPKDR-SMB02"					"4294967295"	"BDC-CDOTCLST01"	"manual"	"/Shares/REPLICATE/PD_PM"	"PD_PM"	"System.String[]"	"System.String[]"	"SMDV_vol_OPK_SMB01_vol_SMB_REPLICATE_01"	"standard"	"OPKDR-SMB02"	"False"	"False"	"False"	"True"
"System.String[]"		"OPKDR-SMB02"					"4294967295"	"BDC-CDOTCLST01"	"manual"	"/Shares/REPLICATE/Procurement"	"Procurement"	"System.String[]"	"System.String[]"	"SMDV_vol_OPK_SMB01_vol_SMB_REPLICATE_01"	"standard"	"OPKDR-SMB02"	"False"	"False"	"False"	"True"
"System.String[]"		"OPKDR-SMB02"					"4294967295"	"BDC-CDOTCLST01"	"manual"	"/Shares/REPLICATE/Projects"	"Projects"	"System.String[]"	"System.String[]"	"SMDV_vol_OPK_SMB01_vol_SMB_REPLICATE_01"	"standard"	"OPKDR-SMB02"	"False"	"False"	"False"	"True"
"System.String[]"		"OPKDR-SMB02"					"4294967295"	"BDC-CDOTCLST01"	"manual"	"/Shares/REPLICATE/PTE"	"PTE"	"System.String[]"	"System.String[]"	"SMDV_vol_OPK_SMB01_vol_SMB_REPLICATE_01"	"standard"	"OPKDR-SMB02"	"False"	"False"	"False"	"True"
"System.String[]"		"OPKDR-SMB02"					"4294967295"	"BDC-CDOTCLST01"	"manual"	"/Shares/REPLICATE/Reference"	"Reference"	"System.String[]"	"System.String[]"	"SMDV_vol_OPK_SMB01_vol_SMB_REPLICATE_01"	"standard"	"OPKDR-SMB02"	"False"	"False"	"False"	"True"
"System.String[]"		"OPKDR-SMB02"					"4294967295"	"BDC-CDOTCLST01"	"manual"	"/Shares/REPLICATE/SAS"	"SAS"	"System.String[]"	"System.String[]"	"SMDV_vol_OPK_SMB01_vol_SMB_REPLICATE_01"	"standard"	"OPKDR-SMB02"	"False"	"False"	"False"	"True"
"System.String[]"		"OPKDR-SMB02"					"4294967295"	"BDC-CDOTCLST01"	"manual"	"/Shares/REPLICATE/Substation"	"Substation"	"System.String[]"	"System.String[]"	"SMDV_vol_OPK_SMB01_vol_SMB_REPLICATE_01"	"standard"	"OPKDR-SMB02"	"False"	"False"	"False"	"True"
"System.String[]"		"OPKDR-SMB02"					"4294967295"	"BDC-CDOTCLST01"	"manual"	"/Shares/REPLICATE/UpdateManager"	"UpdateManager"	"System.String[]"	"System.String[]"	"SMDV_vol_OPK_SMB01_vol_SMB_REPLICATE_01"	"standard"	"OPKDR-SMB02"	"False"	"False"	"False"	"True"
"System.String[]"		"OPKDR-SMB02"					"4294967295"	"BDC-CDOTCLST01"	"manual"	"/Shares/SEGA_ARCHIVE"	"Sega_Archive"	"System.String[]"	"System.String[]"	"SMDV_vol_OPK_SMB01_vol_SMB_SEGA_ARCHIVE_01"	"standard"	"OPKDR-SMB02"	"False"	"False"	"False"	"True"
"System.String[]"		"ORADR-SMB02"					"4294967295"	"BDC-CDOTCLST01"	"manual"	"/Shares"	"Shares$"	"System.String[]"	"System.String[]"	"JP_vol_Shares"	"standard"	"ORADR-SMB02"	"False"	"False"	"False"	"True"
"System.String[]"		"ORADR-SMB02"					"4294967295"	"BDC-CDOTCLST01"	"manual"	"/Shares/REPLICATE/Apps"	"Apps"	"System.String[]"	"System.String[]"	"SMDV_vol_ORA_SMB01_vol_SMB_REPLICATE_01"	"standard"	"ORADR-SMB02"	"False"	"False"	"False"	"True"
"System.String[]"		"ORADR-SMB02"					"4294967295"	"BDC-CDOTCLST01"	"manual"	"/Shares/REPLICATE/B&R Public"	"Public"	"System.String[]"	"System.String[]"	"SMDV_vol_ORA_SMB01_vol_SMB_REPLICATE_01"	"standard"	"ORADR-SMB02"	"False"	"False"	"False"	"True"
"System.String[]"		"ORADR-SMB02"					"4294967295"	"BDC-CDOTCLST01"	"manual"	"/Shares/REPLICATE/B&R Restricted"	"Restricted"	"System.String[]"	"System.String[]"	"SMDV_vol_ORA_SMB01_vol_SMB_REPLICATE_01"	"standard"	"ORADR-SMB02"	"False"	"False"	"False"	"True"
"System.String[]"		"ORADR-SMB02"					"4294967295"	"BDC-CDOTCLST01"	"manual"	"/Shares/REPLICATE/Operations"	"Operations"	"System.String[]"	"System.String[]"	"SMDV_vol_ORA_SMB01_vol_SMB_REPLICATE_01"	"standard"	"ORADR-SMB02"	"False"	"False"	"False"	"True"
"System.String[]"		"ORADR-SMB02"					"4294967295"	"BDC-CDOTCLST01"	"manual"	"/Shares/REPLICATE/Printroom_Requests"	"Printroom_Requests"	"System.String[]"	"System.String[]"	"SMDV_vol_ORA_SMB01_vol_SMB_REPLICATE_01"	"standard"	"ORADR-SMB02"	"False"	"False"	"False"	"True"
"System.String[]"		"ORADR-SMB02"					"4294967295"	"BDC-CDOTCLST01"	"manual"	"/Shares/REPLICATE/Substation"	"Substation"	"System.String[]"	"System.String[]"	"SMDV_vol_ORA_SMB01_vol_SMB_REPLICATE_01"	"standard"	"ORADR-SMB02"	"False"	"False"	"False"	"True"
"System.String[]"		"ORADR-SMB02"					"4294967295"	"BDC-CDOTCLST01"	"manual"	"/Shares/REPLICATE/UpdateManager"	"UpdateManager"	"System.String[]"	"System.String[]"	"SMDV_vol_ORA_SMB01_vol_SMB_REPLICATE_01"	"standard"	"ORADR-SMB02"	"False"	"False"	"False"	"True"
"System.String[]"		"ORLDR-SMB02"					"4294967295"	"BDC-CDOTCLST01"	"manual"	"/Shares"	"Shares$"	"System.String[]"	"System.String[]"	"JP_vol_Shares"	"standard"	"ORLDR-SMB02"	"False"	"False"	"False"	"True"
"System.String[]"		"ORLDR-SMB02"					"4294967295"	"BDC-CDOTCLST01"	"manual"	"/Shares/REPLICATE/Line"	"Line"	"System.String[]"	"System.String[]"	"SMDV_vol_ORL_SMB01_vol_SMB_REPLICATE_01"	"standard"	"ORLDR-SMB02"	"False"	"False"	"False"	"True"
"System.String[]"		"ORLDR-SMB02"					"4294967295"	"BDC-CDOTCLST01"	"manual"	"/Shares/REPLICATE/PCI"	"PCI"	"System.String[]"	"System.String[]"	"SMDV_vol_ORL_SMB01_vol_SMB_REPLICATE_01"	"standard"	"ORLDR-SMB02"	"False"	"False"	"False"	"True"
"System.String[]"		"ORLDR-SMB02"					"4294967295"	"BDC-CDOTCLST01"	"manual"	"/Shares/REPLICATE/PD_DistMgmt"	"PD_DistMgmt"	"System.String[]"	"System.String[]"	"SMDV_vol_ORL_SMB01_vol_SMB_REPLICATE_01"	"standard"	"ORLDR-SMB02"	"False"	"False"	"False"	"True"
"System.String[]"		"ORLDR-SMB02"					"4294967295"	"BDC-CDOTCLST01"	"manual"	"/Shares/REPLICATE/RAM_120"	"RAM_120"	"System.String[]"	"System.String[]"	"SMDV_vol_ORL_SMB01_vol_SMB_REPLICATE_01"	"standard"	"ORLDR-SMB02"	"False"	"False"	"False"	"True"
"System.String[]"		"ORLDR-SMB02"					"4294967295"	"BDC-CDOTCLST01"	"manual"	"/Shares/REPLICATE/Reference"	"Reference"	"System.String[]"	"System.String[]"	"SMDV_vol_ORL_SMB01_vol_SMB_REPLICATE_01"	"standard"	"ORLDR-SMB02"	"False"	"False"	"False"	"True"
"System.String[]"		"ORLDR-SMB02"					"4294967295"	"BDC-CDOTCLST01"	"manual"	"/Shares/REPLICATE/SAS"	"SAS"	"System.String[]"	"System.String[]"	"SMDV_vol_ORL_SMB01_vol_SMB_REPLICATE_01"	"standard"	"ORLDR-SMB02"	"False"	"False"	"False"	"True"
"System.String[]"		"ORLDR-SMB02"					"4294967295"	"BDC-CDOTCLST01"	"manual"	"/Shares/REPLICATE/Substation"	"Substation"	"System.String[]"	"System.String[]"	"SMDV_vol_ORL_SMB01_vol_SMB_REPLICATE_01"	"standard"	"ORLDR-SMB02"	"False"	"False"	"False"	"True"
"System.String[]"		"ORLDR-SMB02"					"4294967295"	"BDC-CDOTCLST01"	"manual"	"/Shares/REPLICATE/UpdateManager"	"UpdateManager"	"System.String[]"	"System.String[]"	"SMDV_vol_ORL_SMB01_vol_SMB_REPLICATE_01"	"standard"	"ORLDR-SMB02"	"False"	"False"	"False"	"True"
"System.String[]"		"PHXDR-SMB01"					"4294967295"	"BDC-CDOTCLST01"	"manual"	"/Shares"	"Shares$"	"System.String[]"	"System.String[]"	"JP_vol_Shares"	"standard"	"PHXDR-SMB01"	"False"	"False"	"False"	"True"
"System.String[]"		"PHXDR-SMB01"					"4294967295"	"BDC-CDOTCLST01"	"manual"	"/Shares/REPLICATE/Environmental"	"Environmental"	"System.String[]"	"System.String[]"	"SMDV_vol_PHX_SMB01_vol_SMB_REPLICATE_01"	"standard"	"PHXDR-SMB01"	"False"	"False"	"False"	"True"
"System.String[]"		"PHXDR-SMB01"					"4294967295"	"BDC-CDOTCLST01"	"manual"	"/Shares/REPLICATE/Line"	"Line"	"System.String[]"	"System.String[]"	"SMDV_vol_PHX_SMB01_vol_SMB_REPLICATE_01"	"standard"	"PHXDR-SMB01"	"False"	"False"	"False"	"True"
"System.String[]"		"PHXDR-SMB01"					"4294967295"	"BDC-CDOTCLST01"	"manual"	"/Shares/REPLICATE/PD_DistMgmt"	"PD_DistMgmt"	"System.String[]"	"System.String[]"	"SMDV_vol_PHX_SMB01_vol_SMB_REPLICATE_01"	"standard"	"PHXDR-SMB01"	"False"	"False"	"False"	"True"
"System.String[]"		"PHXDR-SMB01"					"4294967295"	"BDC-CDOTCLST01"	"manual"	"/Shares/REPLICATE/Studies"	"Studies"	"System.String[]"	"System.String[]"	"SMDV_vol_PHX_SMB01_vol_SMB_REPLICATE_01"	"standard"	"PHXDR-SMB01"	"False"	"False"	"False"	"True"
"System.String[]"		"PHXDR-SMB01"					"4294967295"	"BDC-CDOTCLST01"	"manual"	"/Shares/REPLICATE/Substation"	"Substation"	"System.String[]"	"System.String[]"	"SMDV_vol_PHX_SMB01_vol_SMB_REPLICATE_01"	"standard"	"PHXDR-SMB01"	"False"	"False"	"False"	"True"
"System.String[]"		"PHXDR-SMB01"					"4294967295"	"BDC-CDOTCLST01"	"manual"	"/Shares/REPLICATE/TD_PDS"	"TD_PDS"	"System.String[]"	"System.String[]"	"SMDV_vol_PHX_SMB01_vol_SMB_REPLICATE_01"	"standard"	"PHXDR-SMB01"	"False"	"False"	"False"	"True"
"System.String[]"		"PLVDR-SMB02"					"4294967295"	"BDC-CDOTCLST01"	"manual"	"/Shares"	"Shares$"	"System.String[]"	"System.String[]"	"JP_vol_Shares"	"standard"	"PLVDR-SMB02"	"False"	"False"	"False"	"True"
"System.String[]"		"PLVDR-SMB02"					"4294967295"	"BDC-CDOTCLST01"	"manual"	"/Shares/REPLICATE/FAC_Elec-Cntls"	"FAC_Elec-Cntls"	"System.String[]"	"System.String[]"	"SMDV_vol_PLV_SMB01_vol_SMB_REPLICATE_01"	"standard"	"PLVDR-SMB02"	"False"	"False"	"False"	"True"
"System.String[]"		"PLVDR-SMB02"					"4294967295"	"BDC-CDOTCLST01"	"manual"	"/Shares/REPLICATE/Industrial"	"Industrial"	"System.String[]"	"System.String[]"	"SMDV_vol_PLV_SMB01_vol_SMB_REPLICATE_01"	"standard"	"PLVDR-SMB02"	"False"	"False"	"False"	"True"
"System.String[]"		"PLVDR-SMB02"					"4294967295"	"BDC-CDOTCLST01"	"manual"	"/Shares/REPLICATE/UpdateManager"	"UpdateManager"	"System.String[]"	"System.String[]"	"SMDV_vol_PLV_SMB01_vol_SMB_REPLICATE_01"	"standard"	"PLVDR-SMB02"	"False"	"False"	"False"	"True"
"System.String[]"		"PTLDR-SMB01"					"4294967295"	"BDC-CDOTCLST01"	"manual"	"/Shares"	"Shares$"	"System.String[]"	"System.String[]"	"JP_vol_Shares"	"standard"	"PTLDR-SMB01"	"False"	"False"	"False"	"True"
"System.String[]"		"PTLDR-SMB01"					"4294967295"	"BDC-CDOTCLST01"	"manual"	"/Shares/REPLICATE/Environmental"	"Environmental"	"System.String[]"	"System.String[]"	"SMDV_vol_PTL_SMB01_vol_SMB_REPLICATE_01"	"standard"	"PTLDR-SMB01"	"False"	"False"	"False"	"True"
"System.String[]"		"PTLDR-SMB01"					"4294967295"	"BDC-CDOTCLST01"	"manual"	"/Shares/REPLICATE/Line"	"Line"	"System.String[]"	"System.String[]"	"SMDV_vol_PTL_SMB01_vol_SMB_REPLICATE_01"	"standard"	"PTLDR-SMB01"	"False"	"False"	"False"	"True"
"System.String[]"		"PTLDR-SMB01"					"4294967295"	"BDC-CDOTCLST01"	"manual"	"/Shares/REPLICATE/PD_DistMgmt"	"PD_DistMgmt"	"System.String[]"	"System.String[]"	"SMDV_vol_PTL_SMB01_vol_SMB_REPLICATE_01"	"standard"	"PTLDR-SMB01"	"False"	"False"	"False"	"True"
"System.String[]"		"PTLDR-SMB01"					"4294967295"	"BDC-CDOTCLST01"	"manual"	"/Shares/REPLICATE/Projects"	"Projects"	"System.String[]"	"System.String[]"	"SMDV_vol_PTL_SMB01_vol_SMB_REPLICATE_01"	"standard"	"PTLDR-SMB01"	"False"	"False"	"False"	"True"
"System.String[]"		"PTLDR-SMB01"					"4294967295"	"BDC-CDOTCLST01"	"manual"	"/Shares/REPLICATE/Studies"	"Studies"	"System.String[]"	"System.String[]"	"SMDV_vol_PTL_SMB01_vol_SMB_REPLICATE_01"	"standard"	"PTLDR-SMB01"	"False"	"False"	"False"	"True"
"System.String[]"		"PTLDR-SMB01"					"4294967295"	"BDC-CDOTCLST01"	"manual"	"/Shares/REPLICATE/Substation"	"Substation"	"System.String[]"	"System.String[]"	"SMDV_vol_PTL_SMB01_vol_SMB_REPLICATE_01"	"standard"	"PTLDR-SMB01"	"False"	"False"	"False"	"True"
"System.String[]"		"PTLDR-SMB01"					"4294967295"	"BDC-CDOTCLST01"	"manual"	"/Shares/REPLICATE/Substation/Cad"	"CAD"	"System.String[]"	"System.String[]"	"SMDV_vol_PTL_SMB01_vol_SMB_REPLICATE_01"	"standard"	"PTLDR-SMB01"	"False"	"False"	"False"	"True"
"System.String[]"		"PTLDR-SMB01"					"4294967295"	"BDC-CDOTCLST01"	"manual"	"/Shares/REPLICATE/UpdateManager"	"UpdateManager"	"System.String[]"	"System.String[]"	"SMDV_vol_PTL_SMB01_vol_SMB_REPLICATE_01"	"standard"	"PTLDR-SMB01"	"False"	"False"	"False"	"True"
"System.String[]"		"RICDR-SMB02"					"4294967295"	"BDC-CDOTCLST01"	"manual"	"/Shares"	"Shares$"	"System.String[]"	"System.String[]"	"JP_vol_Shares"	"standard"	"RICDR-SMB02"	"False"	"False"	"False"	"True"
"System.String[]"		"RICDR-SMB02"					"4294967295"	"BDC-CDOTCLST01"	"manual"	"/Shares/REPLICATE/Admin"	"Admin"	"System.String[]"	"System.String[]"	"SMDV_vol_RIC_SMB01_vol_SMB_REPLICATE_01"	"standard"	"RICDR-SMB02"	"False"	"False"	"False"	"True"
"System.String[]"		"RICDR-SMB02"					"4294967295"	"BDC-CDOTCLST01"	"manual"	"/Shares/REPLICATE/Enviro_Service"	"Enviro_Service"	"System.String[]"	"System.String[]"	"SMDV_vol_RIC_SMB01_vol_SMB_REPLICATE_01"	"standard"	"RICDR-SMB02"	"False"	"False"	"False"	"True"
"System.String[]"		"RICDR-SMB02"					"4294967295"	"BDC-CDOTCLST01"	"manual"	"/Shares/REPLICATE/Substation"	"Substation"	"System.String[]"	"System.String[]"	"SMDV_vol_RIC_SMB01_vol_SMB_REPLICATE_01"	"standard"	"RICDR-SMB02"	"False"	"False"	"False"	"True"
"System.String[]"		"SACDR-SMB01"					"4294967295"	"BDC-CDOTCLST01"	"manual"	"/Shares"	"Shares$"	"System.String[]"	"System.String[]"	"JP_vol_Shares"	"standard"	"SACDR-SMB01"	"False"	"False"	"False"	"True"
"System.String[]"		"SACDR-SMB01"					"4294967295"	"BDC-CDOTCLST01"	"manual"	"/Shares/REPLICATE/field_info"	"Field_info"	"System.String[]"	"System.String[]"	"SMDV_vol_SAC_SMB01_vol_SMB_REPLICATE_01"	"standard"	"SACDR-SMB01"	"False"	"False"	"False"	"True"
"System.String[]"		"SACDR-SMB01"					"4294967295"	"BDC-CDOTCLST01"	"manual"	"/Shares/REPLICATE/PCI"	"PCI"	"System.String[]"	"System.String[]"	"SMDV_vol_SAC_SMB01_vol_SMB_REPLICATE_01"	"standard"	"SACDR-SMB01"	"False"	"False"	"False"	"True"
"System.String[]"		"SANDR-SMB01"					"4294967295"	"BDC-CDOTCLST01"	"manual"	"/Shares"	"Shares$"	"System.String[]"	"System.String[]"	"JP_vol_Shares"	"standard"	"SANDR-SMB01"	"False"	"False"	"False"	"True"
"System.String[]"		"SANDR-SMB01"					"4294967295"	"BDC-CDOTCLST01"	"manual"	"/Shares/REPLICATE/Enviro"	"Enviro"	"System.String[]"	"System.String[]"	"SMDV_vol_SAN_SMB01_vol_SMB_REPLICATE_01"	"standard"	"SANDR-SMB01"	"False"	"False"	"False"	"True"
"System.String[]"		"SANDR-SMB01"					"4294967295"	"BDC-CDOTCLST01"	"manual"	"/Shares/REPLICATE/Facilities_Mgmt"	"Facilities_Mgmt"	"System.String[]"	"System.String[]"	"SMDV_vol_SAN_SMB01_vol_SMB_REPLICATE_01"	"standard"	"SANDR-SMB01"	"False"	"False"	"False"	"True"
"System.String[]"		"SANDR-SMB01"					"4294967295"	"BDC-CDOTCLST01"	"manual"	"/Shares/REPLICATE/Lidar"	"Lidar"	"System.String[]"	"System.String[]"	"SMDV_vol_SAN_SMB01_vol_SMB_REPLICATE_01"	"standard"	"SANDR-SMB01"	"False"	"False"	"False"	"True"
"System.String[]"		"SANDR-SMB01"					"4294967295"	"BDC-CDOTCLST01"	"manual"	"/Shares/REPLICATE/Line"	"Line"	"System.String[]"	"System.String[]"	"SMDV_vol_SAN_SMB01_vol_SMB_REPLICATE_01"	"standard"	"SANDR-SMB01"	"False"	"False"	"False"	"True"
"System.String[]"		"SANDR-SMB01"					"4294967295"	"BDC-CDOTCLST01"	"manual"	"/Shares/REPLICATE/PD_DistMgmt"	"PD_DistMgmt"	"System.String[]"	"System.String[]"	"SMDV_vol_SAN_SMB01_vol_SMB_REPLICATE_01"	"standard"	"SANDR-SMB01"	"False"	"False"	"False"	"True"
"System.String[]"		"SANDR-SMB01"					"4294967295"	"BDC-CDOTCLST01"	"manual"	"/Shares/REPLICATE/SAS"	"SAS"	"System.String[]"	"System.String[]"	"SMDV_vol_SAN_SMB01_vol_SMB_REPLICATE_01"	"standard"	"SANDR-SMB01"	"False"	"False"	"False"	"True"
"System.String[]"		"SANDR-SMB01"					"4294967295"	"BDC-CDOTCLST01"	"manual"	"/Shares/REPLICATE/Substation"	"Substation"	"System.String[]"	"System.String[]"	"SMDV_vol_SAN_SMB01_vol_SMB_REPLICATE_01"	"standard"	"SANDR-SMB01"	"False"	"False"	"False"	"True"
"System.String[]"		"SANDR-SMB01"					"4294967295"	"BDC-CDOTCLST01"	"manual"	"/Shares/REPLICATE/TnDpm"	"TnDpm"	"System.String[]"	"System.String[]"	"SMDV_vol_SAN_SMB01_vol_SMB_REPLICATE_01"	"standard"	"SANDR-SMB01"	"False"	"False"	"False"	"True"
"System.String[]"		"SANDR-SMB01"					"4294967295"	"BDC-CDOTCLST01"	"manual"	"/Shares/REPLICATE/UpdateManager"	"UpdateManager"	"System.String[]"	"System.String[]"	"SMDV_vol_SAN_SMB01_vol_SMB_REPLICATE_01"	"standard"	"SANDR-SMB01"	"False"	"False"	"False"	"True"
"System.String[]"		"SATDR-SMB01"					"4294967295"	"BDC-CDOTCLST01"	"manual"	"/Shares"	"Shares$"	"System.String[]"	"System.String[]"	"JP_vol_Shares"	"standard"	"SATDR-SMB01"	"False"	"False"	"False"	"True"
"System.String[]"		"SATDR-SMB01"					"4294967295"	"BDC-CDOTCLST01"	"manual"	"/Shares/REPLICATE"	"SAT"	"System.String[]"	"System.String[]"	"SMDV_vol_SAT_SMB01_vol_SMB_REPLICATE_01"	"standard"	"SATDR-SMB01"	"False"	"False"	"False"	"True"
"System.String[]"		"SE4DR-SMB01"					"4294967295"	"BDC-CDOTCLST01"	"manual"	"/Shares"	"Shares$"	"System.String[]"	"System.String[]"	"JP_vol_Shares"	"standard"	"SE4DR-SMB01"	"False"	"False"	"False"	"True"
"System.String[]"		"SE4DR-SMB01"					"4294967295"	"BDC-CDOTCLST01"	"manual"	"/Shares/REPLICATE/Archive"	"Archive"	"System.String[]"	"System.String[]"	"SMDV_vol_SE4_SMB01_vol_SMB_REPLICATE_01"	"standard"	"SE4DR-SMB01"	"False"	"False"	"False"	"True"
"System.String[]"		"SE4DR-SMB01"					"4294967295"	"BDC-CDOTCLST01"	"manual"	"/Shares/REPLICATE/UpdateManager"	"UpdateManager"	"System.String[]"	"System.String[]"	"SMDV_vol_SE4_SMB01_vol_SMB_REPLICATE_01"	"standard"	"SE4DR-SMB01"	"False"	"False"	"False"	"True"
"System.String[]"		"SLCDR-SMB01"					"4294967295"	"BDC-CDOTCLST01"	"manual"	"/Shares"	"Shares$"	"System.String[]"	"System.String[]"	"JP_vol_Shares"	"standard"	"SLCDR-SMB01"	"False"	"False"	"False"	"True"
"System.String[]"		"SLCDR-SMB01"					"4294967295"	"BDC-CDOTCLST01"	"manual"	"/Shares/REPLICATE/Environmental"	"Environmental"	"System.String[]"	"System.String[]"	"SMDV_vol_SLC_SMB01_vol_SMB_REPLICATE_01"	"standard"	"SLCDR-SMB01"	"False"	"False"	"False"	"True"
"System.String[]"		"SLCDR-SMB01"					"4294967295"	"BDC-CDOTCLST01"	"manual"	"/Shares/REPLICATE/PD_DistMgmt"	"PD_DistMgmt"	"System.String[]"	"System.String[]"	"SMDV_vol_SLC_SMB01_vol_SMB_REPLICATE_01"	"standard"	"SLCDR-SMB01"	"False"	"False"	"False"	"True"
"System.String[]"		"SLCDR-SMB01"					"4294967295"	"BDC-CDOTCLST01"	"manual"	"/Shares/REPLICATE/Substation"	"Substation"	"System.String[]"	"System.String[]"	"SMDV_vol_SLC_SMB01_vol_SMB_REPLICATE_01"	"standard"	"SLCDR-SMB01"	"False"	"False"	"False"	"True"
"System.String[]"		"STLDR-SMB02"					"4294967295"	"BDC-CDOTCLST01"	"manual"	"/Shares"	"Shares$"	"System.String[]"	"System.String[]"	"JP_vol_Shares"	"standard"	"STLDR-SMB02"	"False"	"False"	"False"	"True"
"System.String[]"		"STLDR-SMB02"					"4294967295"	"BDC-CDOTCLST01"	"manual"	"/Shares/REPLICATE/bd"	"BD"	"System.String[]"	"System.String[]"	"SMDV_vol_STL_SMB01_vol_SMB_REPLICATE_01"	"standard"	"STLDR-SMB02"	"False"	"False"	"False"	"True"
"System.String[]"		"STLDR-SMB02"					"4294967295"	"BDC-CDOTCLST01"	"manual"	"/Shares/REPLICATE/cad"	"CAD"	"System.String[]"	"System.String[]"	"SMDV_vol_STL_SMB01_vol_SMB_REPLICATE_01"	"standard"	"STLDR-SMB02"	"False"	"False"	"False"	"True"
"System.String[]"		"STLDR-SMB02"					"4294967295"	"BDC-CDOTCLST01"	"manual"	"/Shares/REPLICATE/facilities"	"Facilities"	"System.String[]"	"System.String[]"	"SMDV_vol_STL_SMB01_vol_SMB_REPLICATE_01"	"standard"	"STLDR-SMB02"	"False"	"False"	"False"	"True"
"System.String[]"		"STLDR-SMB02"					"4294967295"	"BDC-CDOTCLST01"	"manual"	"/Shares/REPLICATE/itops"	"ITops"	"System.String[]"	"System.String[]"	"SMDV_vol_STL_SMB01_vol_SMB_REPLICATE_01"	"standard"	"STLDR-SMB02"	"False"	"False"	"False"	"True"
"System.String[]"		"STLDR-SMB02"					"4294967295"	"BDC-CDOTCLST01"	"manual"	"/Shares/REPLICATE/line"	"Line"	"System.String[]"	"System.String[]"	"SMDV_vol_STL_SMB01_vol_SMB_REPLICATE_01"	"standard"	"STLDR-SMB02"	"False"	"False"	"False"	"True"
"System.String[]"		"STLDR-SMB02"					"4294967295"	"BDC-CDOTCLST01"	"manual"	"/Shares/REPLICATE/PD_DistMgmt"	"PD_DistMgmt"	"System.String[]"	"System.String[]"	"SMDV_vol_STL_SMB01_vol_SMB_REPLICATE_01"	"standard"	"STLDR-SMB02"	"False"	"False"	"False"	"True"
"System.String[]"		"STLDR-SMB02"					"4294967295"	"BDC-CDOTCLST01"	"manual"	"/Shares/REPLICATE/substation"	"Substation"	"System.String[]"	"System.String[]"	"SMDV_vol_STL_SMB01_vol_SMB_REPLICATE_01"	"standard"	"STLDR-SMB02"	"False"	"False"	"False"	"True"
"System.String[]"		"STLDR-SMB02"					"4294967295"	"BDC-CDOTCLST01"	"manual"	"/Shares/REPLICATE/tdmgmt"	"TDmgmt"	"System.String[]"	"System.String[]"	"SMDV_vol_STL_SMB01_vol_SMB_REPLICATE_01"	"standard"	"STLDR-SMB02"	"False"	"False"	"False"	"True"
"System.String[]"		"STLDR-SMB02"					"4294967295"	"BDC-CDOTCLST01"	"manual"	"/Shares/REPLICATE/UpdateManager"	"UpdateManager"	"System.String[]"	"System.String[]"	"SMDV_vol_STL_SMB01_vol_SMB_REPLICATE_01"	"standard"	"STLDR-SMB02"	"False"	"False"	"False"	"True"
"System.String[]"		"SYRDR-SMB02"					"4294967295"	"BDC-CDOTCLST01"	"manual"	"/Shares"	"Shares$"	"System.String[]"	"System.String[]"	"JP_vol_Shares"	"standard"	"SYRDR-SMB02"	"False"	"False"	"False"	"True"
"System.String[]"		"SYRDR-SMB02"					"4294967295"	"BDC-CDOTCLST01"	"manual"	"/Shares/REPLICATE/line"	"Line"	"System.String[]"	"System.String[]"	"SMDV_vol_SYR_SMB01_vol_SMB_REPLICATE_01"	"standard"	"SYRDR-SMB02"	"False"	"False"	"False"	"True"
"System.String[]"		"SYRDR-SMB02"					"4294967295"	"BDC-CDOTCLST01"	"manual"	"/Shares/REPLICATE/PD_DistMgmt"	"PD_DistMgmt"	"System.String[]"	"System.String[]"	"SMDV_vol_SYR_SMB01_vol_SMB_REPLICATE_01"	"standard"	"SYRDR-SMB02"	"False"	"False"	"False"	"True"
"System.String[]"		"SYRDR-SMB02"					"4294967295"	"BDC-CDOTCLST01"	"manual"	"/Shares/REPLICATE/PD_ProjMgmt"	"PD_ProjMgmt"	"System.String[]"	"System.String[]"	"SMDV_vol_SYR_SMB01_vol_SMB_REPLICATE_01"	"standard"	"SYRDR-SMB02"	"False"	"False"	"False"	"True"
"System.String[]"		"SYRDR-SMB02"					"4294967295"	"BDC-CDOTCLST01"	"manual"	"/Shares/REPLICATE/sas"	"SAS"	"System.String[]"	"System.String[]"	"SMDV_vol_SYR_SMB01_vol_SMB_REPLICATE_01"	"standard"	"SYRDR-SMB02"	"False"	"False"	"False"	"True"
"System.String[]"		"SYRDR-SMB02"					"4294967295"	"BDC-CDOTCLST01"	"manual"	"/Shares/REPLICATE/substation"	"Substation"	"System.String[]"	"System.String[]"	"SMDV_vol_SYR_SMB01_vol_SMB_REPLICATE_01"	"standard"	"SYRDR-SMB02"	"False"	"False"	"False"	"True"
"System.String[]"		"VANDR-SMB01"					"4294967295"	"BDC-CDOTCLST01"	"manual"	"/Shares"	"Shares$"	"System.String[]"	"System.String[]"	"JP_vol_Shares"	"standard"	"VANDR-SMB01"	"False"	"False"	"False"	"True"
"System.String[]"		"VANDR-SMB01"					"4294967295"	"BDC-CDOTCLST01"	"manual"	"/Shares/REPLICATE/Corp_PTE"	"Corp_PTE"	"System.String[]"	"System.String[]"	"SMDV_vol_VAN_SMB01_vol_SMB_REPLICATE_01"	"standard"	"VANDR-SMB01"	"False"	"False"	"False"	"True"
"System.String[]"		"VANDR-SMB01"					"4294967295"	"BDC-CDOTCLST01"	"manual"	"/Shares/REPLICATE/Software"	"Software"	"System.String[]"	"System.String[]"	"SMDV_vol_VAN_SMB01_vol_SMB_REPLICATE_01"	"standard"	"VANDR-SMB01"	"False"	"False"	"False"	"True"
"System.String[]"		"VANDR-SMB01"					"4294967295"	"BDC-CDOTCLST01"	"manual"	"/Shares/REPLICATE/TnDtesting"	"TnDtesting"	"System.String[]"	"System.String[]"	"SMDV_vol_VAN_SMB01_vol_SMB_REPLICATE_01"	"standard"	"VANDR-SMB01"	"False"	"False"	"False"	"True"
"System.String[]"		"VANDR-SMB01"					"4294967295"	"BDC-CDOTCLST01"	"manual"	"/Shares/REPLICATE/Training"	"Training"	"System.String[]"	"System.String[]"	"SMDV_vol_VAN_SMB01_vol_SMB_REPLICATE_01"	"standard"	"VANDR-SMB01"	"False"	"False"	"False"	"True"
"System.String[]"		"YYC01DR-SMB01"					"4294967295"	"BDC-CDOTCLST01"	"manual"	"/Shares"	"Shares$"	"System.String[]"	"System.String[]"	"JP_vol_Shares"	"standard"	"YYC01DR-SMB01"	"False"	"False"	"False"	"True"
"System.String[]"		"YYC01DR-SMB01"					"4294967295"	"BDC-CDOTCLST01"	"manual"	"/Shares/REPLICATE/Line"	"Line"	"System.String[]"	"System.String[]"	"SMDV_vol_YYC01_SMB01_vol_SMB_REPLICATE_01"	"standard"	"YYC01DR-SMB01"	"False"	"False"	"False"	"True"
"System.String[]"		"YYC01DR-SMB01"					"4294967295"	"BDC-CDOTCLST01"	"manual"	"/Shares/REPLICATE/PD_DistMgmt"	"PD_DistMgmt"	"System.String[]"	"System.String[]"	"SMDV_vol_YYC01_SMB01_vol_SMB_REPLICATE_01"	"standard"	"YYC01DR-SMB01"	"False"	"False"	"False"	"True"
"System.String[]"		"YYC01DR-SMB01"					"4294967295"	"BDC-CDOTCLST01"	"manual"	"/Shares/REPLICATE/Reference"	"Reference"	"System.String[]"	"System.String[]"	"SMDV_vol_YYC01_SMB01_vol_SMB_REPLICATE_01"	"standard"	"YYC01DR-SMB01"	"False"	"False"	"False"	"True"
"System.String[]"		"YYC01DR-SMB01"					"4294967295"	"BDC-CDOTCLST01"	"manual"	"/Shares/REPLICATE/Studies"	"Studies"	"System.String[]"	"System.String[]"	"SMDV_vol_YYC01_SMB01_vol_SMB_REPLICATE_01"	"standard"	"YYC01DR-SMB01"	"False"	"False"	"False"	"True"
"System.String[]"		"YYC01DR-SMB01"					"4294967295"	"BDC-CDOTCLST01"	"manual"	"/Shares/REPLICATE/UpdateManager"	"UpdateManager"	"System.String[]"	"System.String[]"	"SMDV_vol_YYC01_SMB01_vol_SMB_REPLICATE_01"	"standard"	"YYC01DR-SMB01"	"False"	"False"	"False"	"True"
"System.String[]"		"APLDR-SMB01"					"4294967295"	"CDC-CDOTCLST01"	"manual"	"/Shares"	"Shares$"	"System.String[]"	"System.String[]"	"JP_vol_Shares"	"standard"	"APLDR-SMB01"	"False"	"False"	"False"	"True"
"System.String[]"		"APLDR-SMB01"					"4294967295"	"CDC-CDOTCLST01"	"manual"	"/Shares/REPLICATE/Facilities"	"Facilities"	"System.String[]"	"System.String[]"	"SMDV_vol_APL_SMB01_vol_SMB_REPLICATE_01"	"standard"	"APLDR-SMB01"	"False"	"False"	"False"	"True"
"System.String[]"		"APLDR-SMB01"					"4294967295"	"CDC-CDOTCLST01"	"manual"	"/Shares/REPLICATE/Industrial"	"Industrial"	"System.String[]"	"System.String[]"	"SMDV_vol_APL_SMB01_vol_SMB_REPLICATE_01"	"standard"	"APLDR-SMB01"	"False"	"False"	"False"	"True"
"System.String[]"		"ARBDR-SMB01"					"4294967295"	"CDC-CDOTCLST01"	"manual"	"/Shares"	"Shares$"	"System.String[]"	"System.String[]"	"JP_vol_Shares"	"standard"	"ARBDR-SMB01"	"False"	"False"	"False"	"True"
"System.String[]"		"ARBDR-SMB01"					"4294967295"	"CDC-CDOTCLST01"	"manual"	"/Shares/REPLICATE/Line"	"Line"	"System.String[]"	"System.String[]"	"SMDV_vol_ARB_SMB01_vol_SMB_REPLICATE_01"	"standard"	"ARBDR-SMB01"	"False"	"False"	"False"	"True"
"System.String[]"		"ARBDR-SMB01"					"4294967295"	"CDC-CDOTCLST01"	"manual"	"/Shares/REPLICATE/PD_DistMgmt"	"PD_DistMgmt"	"System.String[]"	"System.String[]"	"SMDV_vol_ARB_SMB01_vol_SMB_REPLICATE_01"	"standard"	"ARBDR-SMB01"	"False"	"False"	"False"	"True"
"System.String[]"		"ARBDR-SMB01"					"4294967295"	"CDC-CDOTCLST01"	"manual"	"/Shares/REPLICATE/SAS"	"SAS"	"System.String[]"	"System.String[]"	"SMDV_vol_ARB_SMB01_vol_SMB_REPLICATE_01"	"standard"	"ARBDR-SMB01"	"False"	"False"	"False"	"True"
"System.String[]"		"ARBDR-SMB01"					"4294967295"	"CDC-CDOTCLST01"	"manual"	"/Shares/REPLICATE/Substation"	"Substation"	"System.String[]"	"System.String[]"	"SMDV_vol_ARB_SMB01_vol_SMB_REPLICATE_01"	"standard"	"ARBDR-SMB01"	"False"	"False"	"False"	"True"
"System.String[]"		"ASTDR-SMB02"					"4294967295"	"CDC-CDOTCLST01"	"manual"	"/Shares"	"Shares$"	"System.String[]"	"System.String[]"	"JP_vol_Shares"	"standard"	"ASTDR-SMB02"	"False"	"False"	"False"	"True"
"System.String[]"		"ASTDR-SMB02"					"4294967295"	"CDC-CDOTCLST01"	"manual"	"/Shares/REPLICATE/Archived_Projects"	"Archived_Projects"	"System.String[]"	"System.String[]"	"SMDV_vol_AST_SMB01_vol_SMB_REPLICATE_01"	"standard"	"ASTDR-SMB02"	"False"	"False"	"False"	"True"
"System.String[]"		"ASTDR-SMB02"					"4294967295"	"CDC-CDOTCLST01"	"manual"	"/Shares/REPLICATE/Austin_Projects"	"Austin_Projects"	"System.String[]"	"System.String[]"	"SMDV_vol_AST_SMB01_vol_SMB_REPLICATE_01"	"standard"	"ASTDR-SMB02"	"False"	"False"	"False"	"True"
"System.String[]"		"ASTDR-SMB02"					"4294967295"	"CDC-CDOTCLST01"	"manual"	"/Shares/REPLICATE/Austin_Resources"	"Austin_Resources"	"System.String[]"	"System.String[]"	"SMDV_vol_AST_SMB01_vol_SMB_REPLICATE_01"	"standard"	"ASTDR-SMB02"	"False"	"False"	"False"	"True"
"System.String[]"		"AT4DR-SMB01"					"4294967295"	"CDC-CDOTCLST01"	"manual"	"/Shares"	"Shares$"	"System.String[]"	"System.String[]"	"JP_vol_Shares"	"standard"	"AT4DR-SMB01"	"False"	"False"	"False"	"True"
"System.String[]"		"AT4DR-SMB01"					"4294967295"	"CDC-CDOTCLST01"	"manual"	"/Shares/REPLICATE/UpdateManager"	"UpdateManager"	"System.String[]"	"System.String[]"	"SMDV_vol_AT4_SMB01_vol_SMB_REPLICATE_01"	"standard"	"AT4DR-SMB01"	"False"	"False"	"False"	"True"
"System.String[]"		"ATLDR-SMB01"					"4294967295"	"CDC-CDOTCLST01"	"manual"	"/Shares"	"Shares$"	"System.String[]"	"System.String[]"	"JP_vol_Shares"	"standard"	"ATLDR-SMB01"	"False"	"False"	"False"	"True"
"System.String[]"		"ATLDR-SMB01"					"4294967295"	"CDC-CDOTCLST01"	"manual"	"/Shares/REPLICATE/FAC_Elec-cntls"	"FAC_Elec-Cntls"	"System.String[]"	"System.String[]"	"SMDV_vol_ATL_SMB01_vol_SMB_REPLICATE_01"	"standard"	"ATLDR-SMB01"	"False"	"False"	"False"	"True"
"System.String[]"		"ATLDR-SMB01"					"4294967295"	"CDC-CDOTCLST01"	"manual"	"/Shares/REPLICATE/FAC_Proj_Mgmt"	"FAC_Proj_Mgmt"	"System.String[]"	"System.String[]"	"SMDV_vol_ATL_SMB01_vol_SMB_REPLICATE_01"	"standard"	"ATLDR-SMB01"	"False"	"False"	"False"	"True"
"System.String[]"		"ATLDR-SMB01"					"4294967295"	"CDC-CDOTCLST01"	"manual"	"/Shares/REPLICATE/FAC_Shared"	"FAC_Shared"	"System.String[]"	"System.String[]"	"SMDV_vol_ATL_SMB01_vol_SMB_REPLICATE_01"	"standard"	"ATLDR-SMB01"	"False"	"False"	"False"	"True"
"System.String[]"		"ATLDR-SMB01"					"4294967295"	"CDC-CDOTCLST01"	"manual"	"/Shares/REPLICATE/generation"	"Generation"	"System.String[]"	"System.String[]"	"SMDV_vol_ATL_SMB01_vol_SMB_REPLICATE_01"	"standard"	"ATLDR-SMB01"	"False"	"False"	"False"	"True"
"System.String[]"		"ATLDR-SMB01"					"4294967295"	"CDC-CDOTCLST01"	"manual"	"/Shares/REPLICATE/MultiDept"	"MultiDept"	"System.String[]"	"System.String[]"	"SMDV_vol_ATL_SMB01_vol_SMB_REPLICATE_01"	"standard"	"ATLDR-SMB01"	"False"	"False"	"False"	"True"
"System.String[]"		"ATLDR-SMB01"					"4294967295"	"CDC-CDOTCLST01"	"manual"	"/Shares/REPLICATE/PTE"	"PTE"	"System.String[]"	"System.String[]"	"SMDV_vol_ATL_SMB01_vol_SMB_REPLICATE_01"	"standard"	"ATLDR-SMB01"	"False"	"False"	"False"	"True"
"System.String[]"		"ATLDR-SMB01"					"4294967295"	"CDC-CDOTCLST01"	"manual"	"/Shares/REPLICATE/Standards"	"Standards"	"System.String[]"	"System.String[]"	"SMDV_vol_ATL_SMB01_vol_SMB_REPLICATE_01"	"standard"	"ATLDR-SMB01"	"False"	"False"	"False"	"True"
"System.String[]"		"ATLDR-SMB01"					"4294967295"	"CDC-CDOTCLST01"	"manual"	"/Shares/REPLICATE/Studies"	"Studies"	"System.String[]"	"System.String[]"	"SMDV_vol_ATL_SMB01_vol_SMB_REPLICATE_01"	"standard"	"ATLDR-SMB01"	"False"	"False"	"False"	"True"
"System.String[]"		"ATLDR-SMB01"					"4294967295"	"CDC-CDOTCLST01"	"manual"	"/Shares/REPLICATE/Substation"	"Substation"	"System.String[]"	"System.String[]"	"SMDV_vol_ATL_SMB01_vol_SMB_REPLICATE_01"	"standard"	"ATLDR-SMB01"	"False"	"False"	"False"	"True"
"System.String[]"		"ATLDR-SMB01"					"4294967295"	"CDC-CDOTCLST01"	"manual"	"/Shares/REPLICATE/TanDpm"	"TanDpm"	"System.String[]"	"System.String[]"	"SMDV_vol_ATL_SMB01_vol_SMB_REPLICATE_01"	"standard"	"ATLDR-SMB01"	"False"	"False"	"False"	"True"
"System.String[]"		"ATLDR-SMB01"					"4294967295"	"CDC-CDOTCLST01"	"manual"	"/Shares/REPLICATE/UpdateManager"	"UpdateManager"	"System.String[]"	"System.String[]"	"SMDV_vol_ATL_SMB01_vol_SMB_REPLICATE_01"	"standard"	"ATLDR-SMB01"	"False"	"False"	"False"	"True"
"System.String[]"		"AUGDR-SMB01"					"4294967295"	"CDC-CDOTCLST01"	"manual"	"/Shares"	"Shares$"	"System.String[]"	"System.String[]"	"JP_vol_Shares"	"standard"	"AUGDR-SMB01"	"False"	"False"	"False"	"True"
"System.String[]"		"AUGDR-SMB01"					"4294967295"	"CDC-CDOTCLST01"	"manual"	"/Shares/REPLICATE/Projects"	"Projects"	"System.String[]"	"System.String[]"	"SMDV_vol_AUG_SMB01_vol_SMB_REPLICATE_01"	"standard"	"AUGDR-SMB01"	"False"	"False"	"False"	"True"
"System.String[]"		"AUGDR-SMB01"					"4294967295"	"CDC-CDOTCLST01"	"manual"	"/Shares/REPLICATE/Substation"	"Substation"	"System.String[]"	"System.String[]"	"SMDV_vol_AUG_SMB01_vol_SMB_REPLICATE_01"	"standard"	"AUGDR-SMB01"	"False"	"False"	"False"	"True"
"System.String[]"		"AUSDR-SMB02"					"4294967295"	"CDC-CDOTCLST01"	"manual"	"/Shares"	"Shares$"	"System.String[]"	"System.String[]"	"JP_vol_Shares"	"standard"	"AUSDR-SMB02"	"False"	"False"	"False"	"True"
"System.String[]"		"AUSDR-SMB02"					"4294967295"	"CDC-CDOTCLST01"	"manual"	"/Shares/REPLICATE/Enviro"	"Enviro"	"System.String[]"	"System.String[]"	"SMDV_vol_AUS_SMB01_vol_SMB_REPLICATE_01"	"standard"	"AUSDR-SMB02"	"False"	"False"	"False"	"True"
"System.String[]"		"AUSDR-SMB02"					"4294967295"	"CDC-CDOTCLST01"	"manual"	"/Shares/REPLICATE/Line"	"Line"	"System.String[]"	"System.String[]"	"SMDV_vol_AUS_SMB01_vol_SMB_REPLICATE_01"	"standard"	"AUSDR-SMB02"	"False"	"False"	"False"	"True"
"System.String[]"		"AUSDR-SMB02"					"4294967295"	"CDC-CDOTCLST01"	"manual"	"/Shares/REPLICATE/Substation"	"Substation"	"System.String[]"	"System.String[]"	"SMDV_vol_AUS_SMB01_vol_SMB_REPLICATE_01"	"standard"	"AUSDR-SMB02"	"False"	"False"	"False"	"True"
"System.String[]"		"BDCDR-SVMAFS01"					"4294967295"	"CDC-CDOTCLST01"	"manual"	"/Shares"	"Shares$"	"System.String[]"	"System.String[]"	"JP_vol_Shares"	"standard"	"BDCDR-SVMA01"	"False"	"False"	"False"	"True"
"System.String[]"		"BDCDR-SVMAFS01"					"4294967295"	"CDC-CDOTCLST01"	"manual"	"/Shares/AppsScm_Backups"	"AppsScm_Backups"	"System.String[]"	"System.String[]"	"SMDV_vol_BDC_SVMA01_vol_SMB_AppsScm_Backups_01"	"standard"	"BDCDR-SVMA01"	"False"	"False"	"False"	"True"
"System.String[]"		"BDCDR-SVMAFS01"					"4294967295"	"CDC-CDOTCLST01"	"manual"	"/Shares/ArcGIS_HA"	"ArcGIS_HA$"	"System.String[]"	"System.String[]"	"SMD_vol_BDC_SVMA01_vol_SMB_ArcGIS_HA_01"	"standard"	"BDCDR-SVMA01"	"False"	"False"	"False"	"True"
"System.String[]"		"BDCDR-SVMAFS01"					"4294967295"	"CDC-CDOTCLST01"	"manual"	"/Shares/AUS_GIS"	"AUS_GIS"	"System.String[]"	"System.String[]"	"SMDV_vol_BDC_SVMA01_vol_SMB_AUS_GIS_01"	"standard"	"BDCDR-SVMA01"	"False"	"False"	"False"	"True"
"System.String[]"		"BDCDR-SVMAFS01"					"4294967295"	"CDC-CDOTCLST01"	"manual"	"/Shares/CAE"	"CAE"	"System.String[]"	"System.String[]"	"SMDV_vol_BDC_SVMA01_vol_SMB_CAE_SAS_01"	"standard"	"BDCDR-SVMA01"	"False"	"False"	"False"	"True"
"System.String[]"		"BDCDR-SVMAFS01"					"4294967295"	"CDC-CDOTCLST01"	"manual"	"/Shares/CAE_Apps"	"CAE-Apps"	"System.String[]"	"System.String[]"	"SMDV_vol_BDC_SVMA01_vol_SMB_CAE_Apps_SAS_01"	"standard"	"BDCDR-SVMA01"	"False"	"False"	"False"	"True"
"System.String[]"		"BDCDR-SVMAFS01"					"4294967295"	"CDC-CDOTCLST01"	"manual"	"/Shares/CMSoftware"	"CMSoftware"	"System.String[]"	"System.String[]"	"SMDV_vol_BDC_SVMA01_vol_SMB_SCCMSoftware_01"	"standard"	"BDCDR-SVMA01"	"False"	"False"	"False"	"True"
"System.String[]"		"BDCDR-SVMAFS01"					"4294967295"	"CDC-CDOTCLST01"	"manual"	"/Shares/Env_GIS"	"Env_GIS"	"System.String[]"	"System.String[]"	"SMDV_vol_BDC_SVMA01_vol_SMB_Env_GIS_01"	"standard"	"BDCDR-SVMA01"	"False"	"False"	"False"	"True"
"System.String[]"		"BDCDR-SVMAFS01"					"4294967295"	"CDC-CDOTCLST01"	"manual"	"/Shares/Facilities"	"Facilities"	"System.String[]"	"System.String[]"	"SMDV_vol_BDC_SVMA01_vol_SMB_Facilities_01"	"standard"	"BDCDR-SVMA01"	"False"	"False"	"False"	"True"
"System.String[]"		"BDCDR-SVMAFS01"					"4294967295"	"CDC-CDOTCLST01"	"manual"	"/Shares/Generation"	"Generation"	"System.String[]"	"System.String[]"	"SMDV_vol_BDC_SVMA01_vol_SMB_Generation_01"	"standard"	"BDCDR-SVMA01"	"False"	"False"	"False"	"True"
"System.String[]"		"BDCDR-SVMAFS01"					"4294967295"	"CDC-CDOTCLST01"	"manual"	"/Shares/IEB"	"IEB"	"System.String[]"	"System.String[]"	"SMDV_vol_BDC_SVMA01_vol_SMB_IEB_01"	"standard"	"BDCDR-SVMA01"	"False"	"False"	"False"	"True"
"System.String[]"		"BDCDR-SVMAFS01"					"4294967295"	"CDC-CDOTCLST01"	"manual"	"/Shares/PD_Scans"	"PD_Scans"	"System.String[]"	"System.String[]"	"SMD_vol_BDC_SVMA01_vol_SMB_PD_Scans_01"	"standard"	"BDCDR-SVMA01"	"False"	"False"	"False"	"True"
"System.String[]"		"BDCDR-SVMAFS01"					"4294967295"	"CDC-CDOTCLST01"	"manual"	"/Shares/Projects"	"Projects"	"System.String[]"	"System.String[]"	"SMDV_vol_BDC_SVMA01_vol_SMB_Projects_01"	"standard"	"BDCDR-SVMA01"	"False"	"False"	"False"	"True"
"System.String[]"		"BDCDR-SVMAFS01"					"4294967295"	"CDC-CDOTCLST01"	"manual"	"/Shares/Reference"	"Reference"	"System.String[]"	"System.String[]"	"SMD_vol_BDC_SVMA01_vol_SMB_Reference_01"	"standard"	"BDCDR-SVMA01"	"False"	"False"	"False"	"True"
"System.String[]"		"BDCDR-SVMAFS01"					"4294967295"	"CDC-CDOTCLST01"	"manual"	"/Shares/SQL_DB_Backups"	"SQL_DB_Backups"	"System.String[]"	"System.String[]"	"SMD_vol_BDC_SVMA01_vol_SMB_SQL_DB_Backups_01"	"standard"	"BDCDR-SVMA01"	"False"	"False"	"False"	"True"
"System.String[]"		"BDCDR-SVMAFS01"					"4294967295"	"CDC-CDOTCLST01"	"manual"	"/Shares/UpdateManager"	"UpdateManager"	"System.String[]"	"System.String[]"	"SMD_vol_BDC_SVMA01_vol_SMB_UpdateManager_01"	"standard"	"BDCDR-SVMA01"	"False"	"False"	"False"	"True"
"System.String[]"		"BILDR-SMB02"					"4294967295"	"CDC-CDOTCLST01"	"manual"	"/Shares"	"Shares$"	"System.String[]"	"System.String[]"	"JP_vol_Shares"	"standard"	"BILDR-SMB02"	"False"	"False"	"False"	"True"
"System.String[]"		"BILDR-SMB02"					"4294967295"	"CDC-CDOTCLST01"	"manual"	"/Shares/REPLICATE/Scada"	"Scada"	"System.String[]"	"System.String[]"	"SMDV_vol_BIL_SMB01_vol_SMB_REPLICATE_01"	"standard"	"BILDR-SMB02"	"False"	"False"	"False"	"True"
"System.String[]"		"BILDR-SMB02"					"4294967295"	"CDC-CDOTCLST01"	"manual"	"/Shares/REPLICATE/Substation"	"Substation"	"System.String[]"	"System.String[]"	"SMDV_vol_BIL_SMB01_vol_SMB_REPLICATE_01"	"standard"	"BILDR-SMB02"	"False"	"False"	"False"	"True"
"System.String[]"		"BILDR-SMB02"					"4294967295"	"CDC-CDOTCLST01"	"manual"	"/Shares/REPLICATE/UpdateManager"	"UpdateManager"	"System.String[]"	"System.String[]"	"SMDV_vol_BIL_SMB01_vol_SMB_REPLICATE_01"	"standard"	"BILDR-SMB02"	"False"	"False"	"False"	"True"
"System.String[]"		"BIRDR-SMB01"					"4294967295"	"CDC-CDOTCLST01"	"manual"	"/Shares"	"Shares$"	"System.String[]"	"System.String[]"	"JP_vol_Shares"	"standard"	"BIRDR-SMB01"	"False"	"False"	"False"	"True"
"System.String[]"		"BIRDR-SMB01"					"4294967295"	"CDC-CDOTCLST01"	"manual"	"/Shares/REPLICATE/Hardy_Archive"	"Hardy_Archive"	"System.String[]"	"System.String[]"	"SMDV_vol_BIR_SMB01_vol_SMB_REPLICATE_01"	"standard"	"BIRDR-SMB01"	"False"	"False"	"False"	"True"
"System.String[]"		"BIRDR-SMB01"					"4294967295"	"CDC-CDOTCLST01"	"manual"	"/Shares/REPLICATE/Projects"	"Projects"	"System.String[]"	"System.String[]"	"SMDV_vol_BIR_SMB01_vol_SMB_REPLICATE_01"	"standard"	"BIRDR-SMB01"	"False"	"False"	"False"	"True"
"System.String[]"		"BOIDR-SMB02"					"4294967295"	"CDC-CDOTCLST01"	"manual"	"/Shares"	"Shares$"	"System.String[]"	"System.String[]"	"JP_vol_Shares"	"standard"	"BOIDR-SMB02"	"False"	"False"	"False"	"True"
"System.String[]"		"BOIDR-SMB02"					"4294967295"	"CDC-CDOTCLST01"	"manual"	"/Shares/Accounting"	"Accounting"	"System.String[]"	"System.String[]"	"SMDV_vol_BOI_SMB01_vol_SMB_Accounting_01"	"standard"	"BOIDR-SMB02"	"False"	"False"	"False"	"True"
"System.String[]"		"BOIDR-SMB02"					"4294967295"	"CDC-CDOTCLST01"	"manual"	"/Shares/AEP_OE_Projects"	"AEP_OE_Projects"	"System.String[]"	"System.String[]"	"SMDV_vol_BOI_SMB01_vol_SMB_AEP_OE_Projects_01"	"standard"	"BOIDR-SMB02"	"False"	"False"	"False"	"True"
"System.String[]"		"BOIDR-SMB02"					"4294967295"	"CDC-CDOTCLST01"	"manual"	"/Shares/Archive"	"Archive"	"System.String[]"	"System.String[]"	"SMDV_vol_BOI_SMB01_vol_SMB_Archive_01"	"standard"	"BOIDR-SMB02"	"False"	"False"	"False"	"True"
"System.String[]"		"BOIDR-SMB02"					"4294967295"	"CDC-CDOTCLST01"	"manual"	"/Shares/BKK_data"	"BKK_Data"	"System.String[]"	"System.String[]"	"SMDV_vol_BOI_SMB01_vol_SMB_BKK_data_01"	"standard"	"BOIDR-SMB02"	"False"	"False"	"False"	"True"
"System.String[]"		"BOIDR-SMB02"					"4294967295"	"CDC-CDOTCLST01"	"manual"	"/Shares/CAD_Standards"	"CAD_Standards"	"System.String[]"	"System.String[]"	"SMDV_vol_BOI_SMB01_vol_SMB_CAD_Standards_01"	"standard"	"BOIDR-SMB02"	"False"	"False"	"False"	"True"
"System.String[]"		"BOIDR-SMB02"					"4294967295"	"CDC-CDOTCLST01"	"manual"	"/Shares/CDLibrary"	"CDLibrary"	"System.String[]"	"System.String[]"	"SMDV_vol_BOI_SMB01_vol_SMB_CD_Library_01"	"standard"	"BOIDR-SMB02"	"False"	"False"	"False"	"True"
"System.String[]"		"BOIDR-SMB02"					"4294967295"	"CDC-CDOTCLST01"	"manual"	"/Shares/Civil"	"Civil"	"System.String[]"	"System.String[]"	"SMDV_vol_BOI_SMB01_vol_SMB_Civil_01"	"standard"	"BOIDR-SMB02"	"False"	"False"	"False"	"True"
"System.String[]"		"BOIDR-SMB02"					"4294967295"	"CDC-CDOTCLST01"	"manual"	"/Shares/DRP"	"DRP"	"System.String[]"	"System.String[]"	"SMDV_vol_BOI_SMB01_vol_SMB_DRP_01"	"standard"	"BOIDR-SMB02"	"False"	"False"	"False"	"True"
"System.String[]"		"BOIDR-SMB02"					"4294967295"	"CDC-CDOTCLST01"	"manual"	"/Shares/Enviro"	"Enviro"	"System.String[]"	"System.String[]"	"SMDV_vol_BOI_SMB01_vol_SMB_Enviro_01"	"standard"	"BOIDR-SMB02"	"False"	"False"	"False"	"True"
"System.String[]"		"BOIDR-SMB02"					"4294967295"	"CDC-CDOTCLST01"	"manual"	"/Shares/FAC_Elec_Cntls"	"FAC_Elec_Cntls"	"System.String[]"	"System.String[]"	"SMDV_vol_BOI_SMB01_vol_SMB_FAC_Elec_Cntls_01"	"standard"	"BOIDR-SMB02"	"False"	"False"	"False"	"True"
"System.String[]"		"BOIDR-SMB02"					"4294967295"	"CDC-CDOTCLST01"	"manual"	"/Shares/FAC_Shared"	"FAC_Shared"	"System.String[]"	"System.String[]"	"SMDV_vol_BOI_SMB01_vol_SMB_FAC_Shared_01"	"standard"	"BOIDR-SMB02"	"False"	"False"	"False"	"True"
"System.String[]"		"BOIDR-SMB02"					"4294967295"	"CDC-CDOTCLST01"	"manual"	"/Shares/Facilities"	"Facilities"	"System.String[]"	"System.String[]"	"SMDV_vol_BOI_SMB01_vol_SMB_Facilities_01"	"standard"	"BOIDR-SMB02"	"False"	"False"	"False"	"True"
"System.String[]"		"BOIDR-SMB02"					"4294967295"	"CDC-CDOTCLST01"	"manual"	"/Shares/Federal"	"Federal"	"System.String[]"	"System.String[]"	"SMDV_vol_BOI_SMB01_vol_SMB_Federal_01"	"standard"	"BOIDR-SMB02"	"False"	"False"	"False"	"True"
"System.String[]"		"BOIDR-SMB02"					"4294967295"	"CDC-CDOTCLST01"	"manual"	"/Shares/Generation"	"Generation"	"System.String[]"	"System.String[]"	"SMDV_vol_BOI_SMB01_vol_SMB_Generation_01"	"standard"	"BOIDR-SMB02"	"False"	"False"	"False"	"True"
"System.String[]"		"BOIDR-SMB02"					"4294967295"	"CDC-CDOTCLST01"	"manual"	"/Shares/GIS"	"GIS"	"System.String[]"	"System.String[]"	"SMDV_vol_BOI_SMB01_vol_SMB_GIS_01"	"standard"	"BOIDR-SMB02"	"False"	"False"	"False"	"True"
"System.String[]"		"BOIDR-SMB02"					"4294967295"	"CDC-CDOTCLST01"	"manual"	"/Shares/GIS_Data"	"GIS_Data"	"System.String[]"	"System.String[]"	"SMDV_vol_BOI_SMB01_vol_SMB_GIS_data_01"	"standard"	"BOIDR-SMB02"	"False"	"False"	"False"	"True"
"System.String[]"		"BOIDR-SMB02"					"4294967295"	"CDC-CDOTCLST01"	"manual"	"/Shares/GIS_Softdist"	"GIS_Softdist"	"System.String[]"	"System.String[]"	"SMDV_vol_BOI_SMB01_vol_SMB_GIS_softdist_01"	"standard"	"BOIDR-SMB02"	"False"	"False"	"False"	"True"
"System.String[]"		"BOIDR-SMB02"					"4294967295"	"CDC-CDOTCLST01"	"manual"	"/Shares/GTAudit"	"GTAudit"	"System.String[]"	"System.String[]"	"SMDV_vol_BOI_SMB01_vol_SMB_GTAudit_01"	"standard"	"BOIDR-SMB02"	"False"	"False"	"False"	"True"
"System.String[]"		"BOIDR-SMB02"					"4294967295"	"CDC-CDOTCLST01"	"manual"	"/Shares/HRBenefits"	"HRBenefits"	"System.String[]"	"System.String[]"	"SMDV_vol_BOI_SMB01_vol_SMB_HRBenefits_01"	"standard"	"BOIDR-SMB02"	"False"	"False"	"False"	"True"
"System.String[]"		"BOIDR-SMB02"					"4294967295"	"CDC-CDOTCLST01"	"manual"	"/Shares/INDadmin"	"INDadmin"	"System.String[]"	"System.String[]"	"SMDV_vol_BOI_SMB01_vol_SMB_INDadmin_01"	"standard"	"BOIDR-SMB02"	"False"	"False"	"False"	"True"
"System.String[]"		"BOIDR-SMB02"					"4294967295"	"CDC-CDOTCLST01"	"manual"	"/Shares/IndustPM"	"IndustPM"	"System.String[]"	"System.String[]"	"SMDV_vol_BOI_SMB01_vol_SMB_IndustPM_01"	"standard"	"BOIDR-SMB02"	"False"	"False"	"False"	"True"
"System.String[]"		"BOIDR-SMB02"					"4294967295"	"CDC-CDOTCLST01"	"manual"	"/Shares/Industrial"	"Industrial"	"System.String[]"	"System.String[]"	"SMDV_vol_BOI_SMB01_vol_SMB_Industrial_01"	"standard"	"BOIDR-SMB02"	"False"	"False"	"False"	"True"
"System.String[]"		"BOIDR-SMB02"					"4294967295"	"CDC-CDOTCLST01"	"manual"	"/Shares/ITES"	"ITES"	"System.String[]"	"System.String[]"	"SMDV_vol_BOI_SMB01_vol_SMB_ITES_01"	"standard"	"BOIDR-SMB02"	"False"	"False"	"False"	"True"
"System.String[]"		"BOIDR-SMB02"					"4294967295"	"CDC-CDOTCLST01"	"manual"	"/Shares/ITxchange"	"ITxchange"	"System.String[]"	"System.String[]"	"SMDV_vol_BOI_SMB01_vol_SMB_ITxchange_01"	"standard"	"BOIDR-SMB02"	"False"	"False"	"False"	"True"
"System.String[]"		"BOIDR-SMB02"					"4294967295"	"CDC-CDOTCLST01"	"manual"	"/Shares/Legal"	"Legal"	"System.String[]"	"System.String[]"	"SMDV_vol_BOI_SMB01_vol_SMB_Legal_01"	"standard"	"BOIDR-SMB02"	"False"	"False"	"False"	"True"
"System.String[]"		"BOIDR-SMB02"					"4294967295"	"CDC-CDOTCLST01"	"manual"	"/Shares/Lidar"	"Lidar"	"System.String[]"	"System.String[]"	"SMDV_vol_BOI_SMB01_vol_SMB_Lidar_01"	"standard"	"BOIDR-SMB02"	"False"	"False"	"False"	"True"
"System.String[]"		"BOIDR-SMB02"					"4294967295"	"CDC-CDOTCLST01"	"manual"	"/Shares/Line"	"Line"	"System.String[]"	"System.String[]"	"SMDV_vol_BOI_SMB01_vol_SMB_Line_01"	"standard"	"BOIDR-SMB02"	"False"	"False"	"False"	"True"
"System.String[]"		"BOIDR-SMB02"					"4294967295"	"CDC-CDOTCLST01"	"manual"	"/Shares/Operations"	"Operations"	"System.String[]"	"System.String[]"	"SMDV_vol_BOI_SMB01_vol_SMB_Operations_01"	"standard"	"BOIDR-SMB02"	"False"	"False"	"False"	"True"
"System.String[]"		"BOIDR-SMB02"					"4294967295"	"CDC-CDOTCLST01"	"manual"	"/Shares/PD_DistMgmt"	"PD_DistMgmt"	"System.String[]"	"System.String[]"	"SMDV_vol_BOI_SMB01_vol_SMB_PD_DistMgmt_01"	"standard"	"BOIDR-SMB02"	"False"	"False"	"False"	"True"
"System.String[]"		"BOIDR-SMB02"					"4294967295"	"CDC-CDOTCLST01"	"manual"	"/Shares/PD_Prog_Mgmt"	"PD_Prog_Mgmt"	"System.String[]"	"System.String[]"	"SMDV_vol_BOI_SMB01_vol_SMB_PD_Prog_Mgmt_01"	"standard"	"BOIDR-SMB02"	"False"	"False"	"False"	"True"
"System.String[]"		"BOIDR-SMB02"					"4294967295"	"CDC-CDOTCLST01"	"manual"	"/Shares/Printroom_Requests"	"Printroom_Requests"	"System.String[]"	"System.String[]"	"SMDV_vol_BOI_SMB01_vol_SMB_Printroom_Requests_01"	"standard"	"BOIDR-SMB02"	"False"	"False"	"False"	"True"
"System.String[]"		"BOIDR-SMB02"					"4294967295"	"CDC-CDOTCLST01"	"manual"	"/Shares/Processing"	"Processing"	"System.String[]"	"System.String[]"	"SMDV_vol_BOI_SMB01_vol_SMB_Processing_01"	"standard"	"BOIDR-SMB02"	"False"	"False"	"False"	"True"
"System.String[]"		"BOIDR-SMB02"					"4294967295"	"CDC-CDOTCLST01"	"manual"	"/Shares/ProjControl"	"ProjControl"	"System.String[]"	"System.String[]"	"SMDV_vol_BOI_SMB01_vol_SMB_ProjControl_01"	"standard"	"BOIDR-SMB02"	"False"	"False"	"False"	"True"
"System.String[]"		"BOIDR-SMB02"					"4294967295"	"CDC-CDOTCLST01"	"manual"	"/Shares/Projects"	"Projects"	"System.String[]"	"System.String[]"	"SMDV_vol_BOI_SMB01_vol_SMB_Projects_01"	"standard"	"BOIDR-SMB02"	"False"	"False"	"False"	"True"
"System.String[]"		"BOIDR-SMB02"					"4294967295"	"CDC-CDOTCLST01"	"manual"	"/Shares/Reference"	"Reference"	"System.String[]"	"System.String[]"	"SMDV_vol_BOI_SMB01_vol_SMB_Reference_01"	"standard"	"BOIDR-SMB02"	"False"	"False"	"False"	"True"
"System.String[]"		"BOIDR-SMB02"					"4294967295"	"CDC-CDOTCLST01"	"manual"	"/Shares/Studies"	"Studies"	"System.String[]"	"System.String[]"	"SMDV_vol_BOI_SMB01_vol_SMB_Studies_01"	"standard"	"BOIDR-SMB02"	"False"	"False"	"False"	"True"
"System.String[]"		"BOIDR-SMB02"					"4294967295"	"CDC-CDOTCLST01"	"manual"	"/Shares/Substation"	"Substation"	"System.String[]"	"System.String[]"	"SMDV_vol_BOI_SMB01_vol_SMB_Substation_01"	"standard"	"BOIDR-SMB02"	"False"	"False"	"False"	"True"
"System.String[]"		"BOIDR-SMB02"					"4294967295"	"CDC-CDOTCLST01"	"manual"	"/Shares/TD"	"TD"	"System.String[]"	"System.String[]"	"SMDV_vol_BOI_SMB01_vol_SMB_TD_01"	"standard"	"BOIDR-SMB02"	"False"	"False"	"False"	"True"
"System.String[]"		"BOIDR-SMB02"					"4294967295"	"CDC-CDOTCLST01"	"manual"	"/Shares/TnD_GIS_PM"	"TnD_GIS_PM"	"System.String[]"	"System.String[]"	"SMDV_vol_BOI_SMB01_vol_SMB_TnD_GIS_PM_01"	"standard"	"BOIDR-SMB02"	"False"	"False"	"False"	"True"
"System.String[]"		"BOIDR-SMB02"					"4294967295"	"CDC-CDOTCLST01"	"manual"	"/Shares/vCAD"	"vCAD"	"System.String[]"	"System.String[]"	"SMDV_vol_BOI_SMB01_vol_SMB_vCAD_01"	"standard"	"BOIDR-SMB02"	"False"	"False"	"False"	"True"
"System.String[]"		"BOIDR-SMB02"					"4294967295"	"CDC-CDOTCLST01"	"manual"	"/Shares/VendSubmit"	"VendSubmit"	"System.String[]"	"System.String[]"	"SMDV_vol_BOI_SMB01_vol_SMB_VendSubmit_01"	"standard"	"BOIDR-SMB02"	"False"	"False"	"False"	"True"
"System.String[]"		"BOIDR-SMB02"					"4294967295"	"CDC-CDOTCLST01"	"manual"	"/Shares/Visual_Tech"	"Visual_Tech"	"System.String[]"	"System.String[]"	"SMDV_vol_BOI_SMB01_vol_SMB_Visual_Tech_01"	"standard"	"BOIDR-SMB02"	"False"	"False"	"False"	"True"
"System.String[]"		"BOSDR-SMB01"					"4294967295"	"CDC-CDOTCLST01"	"manual"	"/Shares"	"Shares$"	"System.String[]"	"System.String[]"	"JP_vol_Shares"	"standard"	"BOSDR-SMB01"	"False"	"False"	"False"	"True"
"System.String[]"		"BOSDR-SMB01"					"4294967295"	"CDC-CDOTCLST01"	"manual"	"/Shares/REPLICATE/Environmental"	"Environmental"	"System.String[]"	"System.String[]"	"SMDV_vol_BOS_SMB01_vol_SMB_REPLICATE_01"	"standard"	"BOSDR-SMB01"	"False"	"False"	"False"	"True"
"System.String[]"		"BOSDR-SMB01"					"4294967295"	"CDC-CDOTCLST01"	"manual"	"/Shares/REPLICATE/line"	"Line"	"System.String[]"	"System.String[]"	"SMDV_vol_BOS_SMB01_vol_SMB_REPLICATE_01"	"standard"	"BOSDR-SMB01"	"False"	"False"	"False"	"True"
"System.String[]"		"BOSDR-SMB01"					"4294967295"	"CDC-CDOTCLST01"	"manual"	"/Shares/REPLICATE/PD_DistMgmt"	"PD_DistMgmt"	"System.String[]"	"System.String[]"	"SMDV_vol_BOS_SMB01_vol_SMB_REPLICATE_01"	"standard"	"BOSDR-SMB01"	"False"	"False"	"False"	"True"
"System.String[]"		"BOSDR-SMB01"					"4294967295"	"CDC-CDOTCLST01"	"manual"	"/Shares/REPLICATE/Program_Management"	"Program_Management"	"System.String[]"	"System.String[]"	"SMDV_vol_BOS_SMB01_vol_SMB_REPLICATE_01"	"standard"	"BOSDR-SMB01"	"False"	"False"	"False"	"True"
"System.String[]"		"BOSDR-SMB01"					"4294967295"	"CDC-CDOTCLST01"	"manual"	"/Shares/REPLICATE/Reference"	"Reference"	"System.String[]"	"System.String[]"	"SMDV_vol_BOS_SMB01_vol_SMB_REPLICATE_01"	"standard"	"BOSDR-SMB01"	"False"	"False"	"False"	"True"
"System.String[]"		"BOSDR-SMB01"					"4294967295"	"CDC-CDOTCLST01"	"manual"	"/Shares/REPLICATE/Substation"	"Substation"	"System.String[]"	"System.String[]"	"SMDV_vol_BOS_SMB01_vol_SMB_REPLICATE_01"	"standard"	"BOSDR-SMB01"	"False"	"False"	"False"	"True"
"System.String[]"		"CDC-SVMAFS01"					"4294967295"	"CDC-CDOTCLST01"	"manual"	"/Shares"	"Shares$"	"System.String[]"	"System.String[]"	"JP_vol_Shares"	"standard"	"CDC-SVMA01"	"False"	"False"	"False"	"True"
"System.String[]"		"CDC-SVMAFS01"					"4294967295"	"CDC-CDOTCLST01"	"manual"	"/Shares/Attachment_Archive"	"Attachment_Archive$"	"System.String[]"	"System.String[]"	"vol_SMB_Attachment_Archive_01"	"standard"	"CDC-SVMA01"	"False"	"False"	"False"	"True"
"System.String[]"		"CDC-SVMAFS01"					"4294967295"	"CDC-CDOTCLST01"	"manual"	"/Shares/Automation"	"Automation"	"System.String[]"	"System.String[]"	"vol_SMB_Automation_01"	"standard"	"CDC-SVMA01"	"False"	"False"	"False"	"True"
"System.String[]"		"CDC-SVMAFS01"					"4294967295"	"CDC-CDOTCLST01"	"manual"	"/Shares/Azure_Data_Factory"	"Azure_Data_Factory"	"System.String[]"	"System.String[]"	"vol_SMB_Azure_Data_Factory_01"	"standard"	"CDC-SVMA01"	"False"	"False"	"False"	"True"
"System.String[]"		"CDC-SVMAFS01"					"4294967295"	"CDC-CDOTCLST01"	"manual"	"/Shares/BAL"	"BAL"	"System.String[]"	"System.String[]"	"vol_SMB_BAL_01"	"standard"	"CDC-SVMA01"	"False"	"False"	"False"	"True"
"System.String[]"		"CDC-SVMAFS01"					"4294967295"	"CDC-CDOTCLST01"	"manual"	"/Shares/ConEst"	"ConEst"	"System.String[]"	"System.String[]"	"vol_SMB_ConEst_01"	"standard"	"CDC-SVMA01"	"False"	"False"	"False"	"True"
"System.String[]"		"CDC-SVMAFS01"					"4294967295"	"CDC-CDOTCLST01"	"manual"	"/Shares/Discovery"	"Discovery"	"System.String[]"	"System.String[]"	"vol_SMB_Discovery_01"	"standard"	"CDC-SVMA01"	"False"	"False"	"False"	"True"
"System.String[]"		"CDC-SVMAFS01"					"4294967295"	"CDC-CDOTCLST01"	"manual"	"/Shares/Enviro_Service"	"Enviro_Service"	"System.String[]"	"System.String[]"	"vol_SMB_Enviro_Service_01"	"standard"	"CDC-SVMA01"	"False"	"False"	"False"	"True"
"System.String[]"		"CDC-SVMAFS01"					"4294967295"	"CDC-CDOTCLST01"	"manual"	"/Shares/Facilities"	"Facilities"	"System.String[]"	"System.String[]"	"vol_SMB_Facilities_01"	"standard"	"CDC-SVMA01"	"False"	"False"	"False"	"True"
"System.String[]"		"CDC-SVMAFS01"					"4294967295"	"CDC-CDOTCLST01"	"manual"	"/Shares/Facilities_Scans"	"Facilities_Scans"	"System.String[]"	"System.String[]"	"vol_SMB_Facilities_Scans_01"	"standard"	"CDC-SVMA01"	"False"	"False"	"False"	"True"
"System.String[]"		"CDC-SVMAFS01"					"4294967295"	"CDC-CDOTCLST01"	"manual"	"/Shares/HST"	"HST"	"System.String[]"	"System.String[]"	"vol_SMB_HST_01"	"standard"	"CDC-SVMA01"	"False"	"False"	"False"	"True"
"System.String[]"		"CDC-SVMAFS01"					"4294967295"	"CDC-CDOTCLST01"	"manual"	"/Shares/Projects"	"Projects"	"System.String[]"	"System.String[]"	"vol_SMB_Projects_01"	"standard"	"CDC-SVMA01"	"False"	"False"	"False"	"True"
"System.String[]"		"CDC-SVMAFS01"					"4294967295"	"CDC-CDOTCLST01"	"manual"	"/Shares/PW"	"PW"	"System.String[]"	"System.String[]"	"JP_vol_PW"	"standard"	"CDC-SVMA01"	"False"	"False"	"False"	"True"
"System.String[]"		"CDC-SVMAFS01"					"4294967295"	"CDC-CDOTCLST01"	"manual"	"/Shares/Reference"	"Reference"	"System.String[]"	"System.String[]"	"vol_SMB_Reference_01"	"standard"	"CDC-SVMA01"	"False"	"False"	"False"	"True"
"System.String[]"		"CDC-SVMAFS01"					"4294967295"	"CDC-CDOTCLST01"	"manual"	"/Shares/SAW"	"SAW"	"System.String[]"	"System.String[]"	"vol_SMB_SAW_01"	"standard"	"CDC-SVMA01"	"False"	"False"	"False"	"True"
"System.String[]"		"CDC-SVMAFS01"					"4294967295"	"CDC-CDOTCLST01"	"manual"	"/Shares/SMB_CDCZ_WEB01_Backup"	"CDCZ_WEB01_Backup"	"System.String[]"	"System.String[]"	"vol_SMB_CDCZ_WEB01_Backup_01"	"standard"	"CDC-SVMA01"	"False"	"False"	"False"	"True"
"System.String[]"		"CDC-SVMAFS01"					"4294967295"	"CDC-CDOTCLST01"	"manual"	"/Shares/SQL_DB_Backups"	"SQL_DB_Backups"	"System.String[]"	"System.String[]"	"vol_SMB_SQL_DB_Backups_01"	"standard"	"CDC-SVMA01"	"False"	"False"	"False"	"True"
"System.String[]"		"CDC-SVMAFS01"					"4294967295"	"CDC-CDOTCLST01"	"manual"	"/Shares/UpdateManager"	"UpdateManager"	"System.String[]"	"System.String[]"	"vol_SMB_UpdateManager_01"	"standard"	"CDC-SVMA01"	"False"	"False"	"False"	"True"
"System.String[]"		"CDC-SVMAFS01"	"CAD Vault Backup"				"4294967295"	"CDC-CDOTCLST01"	"manual"	"/Shares/Vault_Backup"	"Vault_Backup"	"System.String[]"	"System.String[]"	"vol_SMB_Vault_Backup_01"	"standard"	"CDC-SVMA01"	"False"	"False"	"False"	"True"
"System.String[]"		"CDC-SVMAFS01"	"REQ123579 - Derrek"				"4294967295"	"CDC-CDOTCLST01"	"manual"	"/Shares/Vault_FileStore"	"Vault_FileStore$"	"System.String[]"	"System.String[]"	"vol_SMB_Vault_FileStore_01"	"standard"	"CDC-SVMA01"	"False"	"False"	"False"	"True"
"System.String[]"		"CDC-SVMAFS01"					"4294967295"	"CDC-CDOTCLST01"	"manual"	"/Shares/Xchange"	"Xchange"	"System.String[]"	"System.String[]"	"vol_SMB_Xchange_01"	"standard"	"CDC-SVMA01"	"False"	"False"	"False"	"True"
"System.String[]"		"CDCZ-SMBFS02"					"4294967295"	"CDC-CDOTCLST01"	"manual"	"/Shares"	"Shares$"	"System.String[]"	"System.String[]"	"JP_vol_Shares"	"standard"	"CDCZ-SMB02"	"False"	"False"	"False"	"True"
"System.String[]"		"CDCZ-SMBFS02"					"4294967295"	"CDC-CDOTCLST01"	"manual"	"/Shares/Scanners"	"Scanners"	"System.String[]"	"System.String[]"	"vol_SMB_Scanners_01"	"standard"	"CDCZ-SMB02"	"False"	"False"	"False"	"True"
"System.String[]"		"CH3DR-SMB01"					"4294967295"	"CDC-CDOTCLST01"	"manual"	"/Shares"	"Shares$"	"System.String[]"	"System.String[]"	"JP_vol_Shares"	"standard"	"CH3DR-SMB01"	"False"	"False"	"False"	"True"
"System.String[]"		"CH3DR-SMB01"					"4294967295"	"CDC-CDOTCLST01"	"manual"	"/Shares/REPLICATE/Line"	"Line"	"System.String[]"	"System.String[]"	"SMDV_vol_CH3_SMB01_vol_SMB_REPLICATE_01"	"standard"	"CH3DR-SMB01"	"False"	"False"	"False"	"True"
"System.String[]"		"CH3DR-SMB01"					"4294967295"	"CDC-CDOTCLST01"	"manual"	"/Shares/REPLICATE/PD_DistMgmt"	"PD_DistMgmt"	"System.String[]"	"System.String[]"	"SMDV_vol_CH3_SMB01_vol_SMB_REPLICATE_01"	"standard"	"CH3DR-SMB01"	"False"	"False"	"False"	"True"
"System.String[]"		"CH3DR-SMB01"					"4294967295"	"CDC-CDOTCLST01"	"manual"	"/Shares/REPLICATE/Pub_Inv"	"Pub_Inv"	"System.String[]"	"System.String[]"	"SMDV_vol_CH3_SMB01_vol_SMB_REPLICATE_01"	"standard"	"CH3DR-SMB01"	"False"	"False"	"False"	"True"
"System.String[]"		"CH3DR-SMB01"					"4294967295"	"CDC-CDOTCLST01"	"manual"	"/Shares/REPLICATE/UpdateManager"	"UpdateManager"	"System.String[]"	"System.String[]"	"SMDV_vol_CH3_SMB01_vol_SMB_REPLICATE_01"	"standard"	"CH3DR-SMB01"	"False"	"False"	"False"	"True"
"System.String[]"		"CH3DR-SMB01"					"4294967295"	"CDC-CDOTCLST01"	"manual"	"/Shares/REPLICATE/Xchange"	"Xchange"	"System.String[]"	"System.String[]"		"standard"	"CH3DR-SMB01"	"False"	"False"	"False"	"True"
"System.String[]"		"CINDR-SMB01"					"4294967295"	"CDC-CDOTCLST01"	"manual"	"/Shares"	"Shares$"	"System.String[]"	"System.String[]"	"JP_vol_Shares"	"standard"	"CINDR-SMB01"	"False"	"False"	"False"	"True"
"System.String[]"		"CINDR-SMB01"					"4294967295"	"CDC-CDOTCLST01"	"manual"	"/Shares/REPLICATE/archive"	"Archive"	"System.String[]"	"System.String[]"	"SMDV_vol_CIN_SMB01_vol_SMB_REPLICATE_01"	"standard"	"CINDR-SMB01"	"False"	"False"	"False"	"True"
"System.String[]"		"CINDR-SMB01"					"4294967295"	"CDC-CDOTCLST01"	"manual"	"/Shares/REPLICATE/ram"	"RAM"	"System.String[]"	"System.String[]"	"SMDV_vol_CIN_SMB01_vol_SMB_REPLICATE_01"	"standard"	"CINDR-SMB01"	"False"	"False"	"False"	"True"
"System.String[]"		"CINDR-SMB01"					"4294967295"	"CDC-CDOTCLST01"	"manual"	"/Shares/REPLICATE/ram/RAM120"	"RAM120"	"System.String[]"	"System.String[]"	"SMDV_vol_CIN_SMB01_vol_SMB_REPLICATE_01"	"standard"	"CINDR-SMB01"	"False"	"False"	"False"	"True"
"System.String[]"		"CLKDR-SMB02"					"4294967295"	"CDC-CDOTCLST01"	"manual"	"/Shares"	"Shares$"	"System.String[]"	"System.String[]"	"JP_vol_Shares"	"standard"	"CLKDR-SMB02"	"False"	"False"	"False"	"True"
"System.String[]"		"CLKDR-SMB02"					"4294967295"	"CDC-CDOTCLST01"	"manual"	"/Shares/REPLICATE/Reference"	"Reference"	"System.String[]"	"System.String[]"	"SMDV_vol_CLK_SMB01_vol_SMB_REPLICATE_01"	"standard"	"CLKDR-SMB02"	"False"	"False"	"False"	"True"
"System.String[]"		"CLKDR-SMB02"					"4294967295"	"CDC-CDOTCLST01"	"manual"	"/Shares/REPLICATE/Studies"	"Studies"	"System.String[]"	"System.String[]"	"SMDV_vol_CLK_SMB01_vol_SMB_REPLICATE_01"	"standard"	"CLKDR-SMB02"	"False"	"False"	"False"	"True"
"System.String[]"		"CLKDR-SMB02"					"4294967295"	"CDC-CDOTCLST01"	"manual"	"/Shares/REPLICATE/Visual_Tech"	"Visual_Tech"	"System.String[]"	"System.String[]"	"SMDV_vol_CLK_SMB01_vol_SMB_REPLICATE_01"	"standard"	"CLKDR-SMB02"	"False"	"False"	"False"	"True"
"System.String[]"		"COLDR-SMB01"					"4294967295"	"CDC-CDOTCLST01"	"manual"	"/Shares"	"Shares$"	"System.String[]"	"System.String[]"	"JP_vol_Shares"	"standard"	"COLDR-SMB01"	"False"	"False"	"False"	"True"
"System.String[]"		"COLDR-SMB01"					"4294967295"	"CDC-CDOTCLST01"	"manual"	"/Shares/REPLICATE/Environmental"	"Environmental"	"System.String[]"	"System.String[]"	"SMDV_vol_COL_SMB01_vol_SMB_REPLICATE_01"	"standard"	"COLDR-SMB01"	"False"	"False"	"False"	"True"
"System.String[]"		"COLDR-SMB01"					"4294967295"	"CDC-CDOTCLST01"	"manual"	"/Shares/REPLICATE/Line"	"Line"	"System.String[]"	"System.String[]"	"SMDV_vol_COL_SMB01_vol_SMB_REPLICATE_01"	"standard"	"COLDR-SMB01"	"False"	"False"	"False"	"True"
"System.String[]"		"COLDR-SMB01"					"4294967295"	"CDC-CDOTCLST01"	"manual"	"/Shares/REPLICATE/PD_DistMgmt"	"PD_DistMgmt"	"System.String[]"	"System.String[]"	"SMDV_vol_COL_SMB01_vol_SMB_REPLICATE_01"	"standard"	"COLDR-SMB01"	"False"	"False"	"False"	"True"
"System.String[]"		"COLDR-SMB01"					"4294967295"	"CDC-CDOTCLST01"	"manual"	"/Shares/REPLICATE/Substation"	"Substation"	"System.String[]"	"System.String[]"	"SMDV_vol_COL_SMB01_vol_SMB_REPLICATE_01"	"standard"	"COLDR-SMB01"	"False"	"False"	"False"	"True"
"System.String[]"		"DA11DR-SMB02"					"4294967295"	"CDC-CDOTCLST01"	"manual"	"/Shares"	"Shares$"	"System.String[]"	"System.String[]"	"JP_vol_Shares"	"standard"	"DA11DR-SMB02"	"False"	"False"	"False"	"True"
"System.String[]"		"DA11DR-SMB02"					"4294967295"	"CDC-CDOTCLST01"	"manual"	"/Shares/REPLICATE/UpdateManager"	"UpdateManager"	"System.String[]"	"System.String[]"	"SMDV_vol_DA11_SMB01_vol_SMB_REPLICATE_01"	"standard"	"DA11DR-SMB02"	"False"	"False"	"False"	"True"
"System.String[]"		"DDCD-SMB02"					"4294967295"	"CDC-CDOTCLST01"	"manual"	"/Shares"	"Shares$"	"System.String[]"	"System.String[]"	"JP_vol_Shares"	"standard"	"DDCD-SMB02"	"False"	"False"	"False"	"True"
"System.String[]"		"DDCD-SMB02"					"4294967295"	"CDC-CDOTCLST01"	"manual"	"/Shares/PW"	"PW"	"System.String[]"	"System.String[]"	"JP_vol_PW"	"standard"	"DDCD-SMB02"	"False"	"False"	"False"	"True"
"System.String[]"		"DENDR-SMB02"					"4294967295"	"CDC-CDOTCLST01"	"manual"	"/Shares"	"Shares$"	"System.String[]"	"System.String[]"	"JP_vol_Shares"	"standard"	"DENDR-SMB02"	"False"	"False"	"False"	"True"
"System.String[]"		"DENDR-SMB02"					"4294967295"	"CDC-CDOTCLST01"	"manual"	"/Shares/REPLICATE/DENSUS"	"DENSUS"	"System.String[]"	"System.String[]"	"SMDV_vol_DEN_SMB01_vol_SMB_REPLICATE_01"	"standard"	"DENDR-SMB02"	"False"	"False"	"False"	"True"
"System.String[]"		"DENDR-SMB02"					"4294967295"	"CDC-CDOTCLST01"	"manual"	"/Shares/REPLICATE/Enviro"	"Enviro"	"System.String[]"	"System.String[]"	"SMDV_vol_DEN_SMB01_vol_SMB_REPLICATE_01"	"standard"	"DENDR-SMB02"	"False"	"False"	"False"	"True"
"System.String[]"		"DENDR-SMB02"					"4294967295"	"CDC-CDOTCLST01"	"manual"	"/Shares/REPLICATE/Galena_Advisors"	"Galena_Advisors"	"System.String[]"	"System.String[]"	"SMDV_vol_DEN_SMB01_vol_SMB_REPLICATE_01"	"standard"	"DENDR-SMB02"	"False"	"False"	"False"	"True"
"System.String[]"		"DENDR-SMB02"					"4294967295"	"CDC-CDOTCLST01"	"manual"	"/Shares/REPLICATE/GIS"	"GIS"	"System.String[]"	"System.String[]"	"SMDV_vol_DEN_SMB01_vol_SMB_REPLICATE_01"	"standard"	"DENDR-SMB02"	"False"	"False"	"False"	"True"
"System.String[]"		"DENDR-SMB02"					"4294967295"	"CDC-CDOTCLST01"	"manual"	"/Shares/REPLICATE/Line"	"Line"	"System.String[]"	"System.String[]"	"SMDV_vol_DEN_SMB01_vol_SMB_REPLICATE_01"	"standard"	"DENDR-SMB02"	"False"	"False"	"False"	"True"
"System.String[]"		"DENDR-SMB02"					"4294967295"	"CDC-CDOTCLST01"	"manual"	"/Shares/REPLICATE/Plot Files"	"Plot Files"	"System.String[]"	"System.String[]"	"SMDV_vol_DEN_SMB01_vol_SMB_REPLICATE_01"	"standard"	"DENDR-SMB02"	"False"	"False"	"False"	"True"
"System.String[]"		"DENDR-SMB02"					"4294967295"	"CDC-CDOTCLST01"	"manual"	"/Shares/REPLICATE/Salient"	"Salient"	"System.String[]"	"System.String[]"	"SMDV_vol_DEN_SMB01_vol_SMB_REPLICATE_01"	"standard"	"DENDR-SMB02"	"False"	"False"	"False"	"True"
"System.String[]"		"DENDR-SMB02"					"4294967295"	"CDC-CDOTCLST01"	"manual"	"/Shares/REPLICATE/SAS"	"SAS"	"System.String[]"	"System.String[]"	"SMDV_vol_DEN_SMB01_vol_SMB_REPLICATE_01"	"standard"	"DENDR-SMB02"	"False"	"False"	"False"	"True"
"System.String[]"		"DENDR-SMB02"					"4294967295"	"CDC-CDOTCLST01"	"manual"	"/Shares/REPLICATE/Substation"	"Substation"	"System.String[]"	"System.String[]"	"SMDV_vol_DEN_SMB01_vol_SMB_REPLICATE_01"	"standard"	"DENDR-SMB02"	"False"	"False"	"False"	"True"
"System.String[]"		"DENDR-SMB02"					"4294967295"	"CDC-CDOTCLST01"	"manual"	"/Shares/REPLICATE/UpdateManager"	"UpdateManager"	"System.String[]"	"System.String[]"	"SMDV_vol_DEN_SMB01_vol_SMB_REPLICATE_01"	"standard"	"DENDR-SMB02"	"False"	"False"	"False"	"True"
"System.String[]"		"FMCDR-SMB01"					"4294967295"	"CDC-CDOTCLST01"	"manual"	"/Shares"	"Shares$"	"System.String[]"	"System.String[]"	"JP_vol_Shares"	"standard"	"FMCDR-SMB01"	"False"	"False"	"False"	"True"
"System.String[]"		"FMCDR-SMB01"					"4294967295"	"CDC-CDOTCLST01"	"manual"	"/Shares/REPLICATE/Line"	"Line"	"System.String[]"	"System.String[]"	"SMDV_vol_FMC_SMB01_vol_SMB_REPLICATE_01"	"standard"	"FMCDR-SMB01"	"False"	"False"	"False"	"True"
"System.String[]"		"FMCDR-SMB01"					"4294967295"	"CDC-CDOTCLST01"	"manual"	"/Shares/REPLICATE/SAS"	"SAS"	"System.String[]"	"System.String[]"	"SMDV_vol_FMC_SMB01_vol_SMB_REPLICATE_01"	"standard"	"FMCDR-SMB01"	"False"	"False"	"False"	"True"
"System.String[]"		"FMCDR-SMB01"					"4294967295"	"CDC-CDOTCLST01"	"manual"	"/Shares/REPLICATE/Substation"	"Substation"	"System.String[]"	"System.String[]"	"SMDV_vol_FMC_SMB01_vol_SMB_REPLICATE_01"	"standard"	"FMCDR-SMB01"	"False"	"False"	"False"	"True"
"System.String[]"		"FMCDR-SMB01"					"4294967295"	"CDC-CDOTCLST01"	"manual"	"/Shares/REPLICATE/UpdateManager"	"UpdateManager"	"System.String[]"	"System.String[]"	"SMDV_vol_FMC_SMB01_vol_SMB_REPLICATE_01"	"standard"	"FMCDR-SMB01"	"False"	"False"	"False"	"True"
"System.String[]"		"FREDR-SMB01"					"4294967295"	"CDC-CDOTCLST01"	"manual"	"/Shares"	"Shares$"	"System.String[]"	"System.String[]"	"JP_vol_Shares"	"standard"	"FREDR-SMB01"	"False"	"False"	"False"	"True"
"System.String[]"		"FREDR-SMB01"					"4294967295"	"CDC-CDOTCLST01"	"manual"	"/Shares/REPLICATE/Admin"	"Admin"	"System.String[]"	"System.String[]"	"SMDV_vol_FRE_SMB01_vol_SMB_REPLICATE_01"	"standard"	"FREDR-SMB01"	"False"	"False"	"False"	"True"
"System.String[]"		"FREDR-SMB01"					"4294967295"	"CDC-CDOTCLST01"	"manual"	"/Shares/REPLICATE/Enviro"	"Enviro"	"System.String[]"	"System.String[]"	"SMDV_vol_FRE_SMB01_vol_SMB_REPLICATE_01"	"standard"	"FREDR-SMB01"	"False"	"False"	"False"	"True"
"System.String[]"		"FREDR-SMB01"					"4294967295"	"CDC-CDOTCLST01"	"manual"	"/Shares/REPLICATE/itops"	"ITops"	"System.String[]"	"System.String[]"	"SMDV_vol_FRE_SMB01_vol_SMB_REPLICATE_01"	"standard"	"FREDR-SMB01"	"False"	"False"	"False"	"True"
"System.String[]"		"FREDR-SMB01"					"4294967295"	"CDC-CDOTCLST01"	"manual"	"/Shares/REPLICATE/line"	"Line"	"System.String[]"	"System.String[]"	"SMDV_vol_FRE_SMB01_vol_SMB_REPLICATE_01"	"standard"	"FREDR-SMB01"	"False"	"False"	"False"	"True"
"System.String[]"		"FREDR-SMB01"					"4294967295"	"CDC-CDOTCLST01"	"manual"	"/Shares/REPLICATE/Project_Control"	"Project_Control"	"System.String[]"	"System.String[]"	"SMDV_vol_FRE_SMB01_vol_SMB_REPLICATE_01"	"standard"	"FREDR-SMB01"	"False"	"False"	"False"	"True"
"System.String[]"		"FREDR-SMB01"					"4294967295"	"CDC-CDOTCLST01"	"manual"	"/Shares/REPLICATE/Reference"	"Reference"	"System.String[]"	"System.String[]"	"SMDV_vol_FRE_SMB01_vol_SMB_REPLICATE_01"	"standard"	"FREDR-SMB01"	"False"	"False"	"False"	"True"
"System.String[]"		"FREDR-SMB01"					"4294967295"	"CDC-CDOTCLST01"	"manual"	"/Shares/REPLICATE/SAS"	"SAS"	"System.String[]"	"System.String[]"	"SMDV_vol_FRE_SMB01_vol_SMB_REPLICATE_01"	"standard"	"FREDR-SMB01"	"False"	"False"	"False"	"True"
"System.String[]"		"FREDR-SMB01"					"4294967295"	"CDC-CDOTCLST01"	"manual"	"/Shares/REPLICATE/StratComm"	"StratComm"	"System.String[]"	"System.String[]"	"SMDV_vol_FRE_SMB01_vol_SMB_REPLICATE_01"	"standard"	"FREDR-SMB01"	"False"	"False"	"False"	"True"
"System.String[]"		"FREDR-SMB01"					"4294967295"	"CDC-CDOTCLST01"	"manual"	"/Shares/REPLICATE/substation"	"Substation"	"System.String[]"	"System.String[]"	"SMDV_vol_FRE_SMB01_vol_SMB_REPLICATE_01"	"standard"	"FREDR-SMB01"	"False"	"False"	"False"	"True"
"System.String[]"		"FREDR-SMB01"					"4294967295"	"CDC-CDOTCLST01"	"manual"	"/Shares/REPLICATE/UpdateManager"	"UpdateManager"	"System.String[]"	"System.String[]"	"SMDV_vol_FRE_SMB01_vol_SMB_REPLICATE_01"	"standard"	"FREDR-SMB01"	"False"	"False"	"False"	"True"
"System.String[]"		"FREDR-SMB01"					"4294967295"	"CDC-CDOTCLST01"	"manual"	"/Shares/REPLICATE/Video"	"Video"	"System.String[]"	"System.String[]"	"SMDV_vol_FRE_SMB01_vol_SMB_REPLICATE_01"	"standard"	"FREDR-SMB01"	"False"	"False"	"False"	"True"
"System.String[]"		"FTLDR-SMB01"					"4294967295"	"CDC-CDOTCLST01"	"manual"	"/Shares"	"Shares$"	"System.String[]"	"System.String[]"	"JP_vol_Shares"	"standard"	"FTLDR-SMB01"	"False"	"False"	"False"	"True"
"System.String[]"		"FTLDR-SMB01"					"4294967295"	"CDC-CDOTCLST01"	"manual"	"/Shares/REPLICATE/Environmental"	"Environmental"	"System.String[]"	"System.String[]"	"SMDV_vol_FTL_SMB01_vol_SMB_REPLICATE_01"	"standard"	"FTLDR-SMB01"	"False"	"False"	"False"	"True"
"System.String[]"		"FTLDR-SMB01"					"4294967295"	"CDC-CDOTCLST01"	"manual"	"/Shares/REPLICATE/Line"	"Line"	"System.String[]"	"System.String[]"	"SMDV_vol_FTL_SMB01_vol_SMB_REPLICATE_01"	"standard"	"FTLDR-SMB01"	"False"	"False"	"False"	"True"
"System.String[]"		"FTLDR-SMB01"					"4294967295"	"CDC-CDOTCLST01"	"manual"	"/Shares/REPLICATE/PD_DistMgmt"	"PD_DistMgmt"	"System.String[]"	"System.String[]"	"SMDV_vol_FTL_SMB01_vol_SMB_REPLICATE_01"	"standard"	"FTLDR-SMB01"	"False"	"False"	"False"	"True"
"System.String[]"		"FTLDR-SMB01"					"4294967295"	"CDC-CDOTCLST01"	"manual"	"/Shares/REPLICATE/Substation"	"Substation"	"System.String[]"	"System.String[]"	"SMDV_vol_FTL_SMB01_vol_SMB_REPLICATE_01"	"standard"	"FTLDR-SMB01"	"False"	"False"	"False"	"True"
"System.String[]"		"FTWDR-SMB02"					"4294967295"	"CDC-CDOTCLST01"	"manual"	"/Shares"	"Shares$"	"System.String[]"	"System.String[]"	"JP_vol_Shares"	"standard"	"FTWDR-SMB02"	"False"	"False"	"False"	"True"
"System.String[]"		"FTWDR-SMB02"					"4294967295"	"CDC-CDOTCLST01"	"manual"	"/Shares/REPLICATE/CPData"	"CPData"	"System.String[]"	"System.String[]"	"SMDV_vol_FTW_SMB01_vol_SMB_REPLICATE_01"	"standard"	"FTWDR-SMB02"	"False"	"False"	"False"	"True"
"System.String[]"		"FTWDR-SMB02"					"4294967295"	"CDC-CDOTCLST01"	"manual"	"/Shares/REPLICATE/FTWSUS"	"FTWSUS"	"System.String[]"	"System.String[]"	"SMDV_vol_FTW_SMB01_vol_SMB_REPLICATE_01"	"standard"	"FTWDR-SMB02"	"False"	"False"	"False"	"True"
"System.String[]"		"FTWDR-SMB02"					"4294967295"	"CDC-CDOTCLST01"	"manual"	"/Shares/REPLICATE/Line"	"Line"	"System.String[]"	"System.String[]"	"SMDV_vol_FTW_SMB01_vol_SMB_REPLICATE_01"	"standard"	"FTWDR-SMB02"	"False"	"False"	"False"	"True"
"System.String[]"		"FTWDR-SMB02"					"4294967295"	"CDC-CDOTCLST01"	"manual"	"/Shares/REPLICATE/PD_DistMgmt"	"PD_DistMgmt"	"System.String[]"	"System.String[]"	"SMDV_vol_FTW_SMB01_vol_SMB_REPLICATE_01"	"standard"	"FTWDR-SMB02"	"False"	"False"	"False"	"True"
"System.String[]"		"FTWDR-SMB02"					"4294967295"	"CDC-CDOTCLST01"	"manual"	"/Shares/REPLICATE/Project_Controls"	"Project_Controls"	"System.String[]"	"System.String[]"	"SMDV_vol_FTW_SMB01_vol_SMB_REPLICATE_01"	"standard"	"FTWDR-SMB02"	"False"	"False"	"False"	"True"
"System.String[]"		"FTWDR-SMB02"					"4294967295"	"CDC-CDOTCLST01"	"manual"	"/Shares/REPLICATE/SAS"	"SAS"	"System.String[]"	"System.String[]"	"SMDV_vol_FTW_SMB01_vol_SMB_REPLICATE_01"	"standard"	"FTWDR-SMB02"	"False"	"False"	"False"	"True"
"System.String[]"		"FTWDR-SMB02"					"4294967295"	"CDC-CDOTCLST01"	"manual"	"/Shares/REPLICATE/Substation"	"Substation"	"System.String[]"	"System.String[]"	"SMDV_vol_FTW_SMB01_vol_SMB_REPLICATE_01"	"standard"	"FTWDR-SMB02"	"False"	"False"	"False"	"True"
"System.String[]"		"FTWDR-SMB02"					"4294967295"	"CDC-CDOTCLST01"	"manual"	"/Shares/REPLICATE/UpdateManager"	"UpdateManager"	"System.String[]"	"System.String[]"	"SMDV_vol_FTW_SMB01_vol_SMB_REPLICATE_01"	"standard"	"FTWDR-SMB02"	"False"	"False"	"False"	"True"
"System.String[]"		"GRBDR-SMB01"					"4294967295"	"CDC-CDOTCLST01"	"manual"	"/Shares"	"Shares$"	"System.String[]"	"System.String[]"	"JP_vol_Shares"	"standard"	"GRBDR-SMB01"	"False"	"False"	"False"	"True"
"System.String[]"		"GRBDR-SMB01"					"4294967295"	"CDC-CDOTCLST01"	"manual"	"/Shares/vol_SMB_REPLICATE_01/Backup"	"Backup"	"System.String[]"	"System.String[]"	"SMDV_vol_GRB_SMB01_vol_SMB_REPLICATE_01"	"standard"	"GRBDR-SMB01"	"False"	"False"	"False"	"True"
"System.String[]"		"GRBDR-SMB01"					"4294967295"	"CDC-CDOTCLST01"	"manual"	"/Shares/vol_SMB_REPLICATE_01/GIS"	"GIS"	"System.String[]"	"System.String[]"	"SMDV_vol_GRB_SMB01_vol_SMB_REPLICATE_01"	"standard"	"GRBDR-SMB01"	"False"	"False"	"False"	"True"
"System.String[]"		"HAMDR-SMB01"					"4294967295"	"CDC-CDOTCLST01"	"manual"	"/Shares"	"Shares$"	"System.String[]"	"System.String[]"	"JP_vol_Shares"	"standard"	"HAMDR-SMB01"	"False"	"False"	"False"	"True"
"System.String[]"		"HAMDR-SMB01"					"4294967295"	"CDC-CDOTCLST01"	"manual"	"/Shares/REPLICATE/Facilities"	"Facilities"	"System.String[]"	"System.String[]"	"SMDV_vol_HAM_SMB01_vol_SMB_REPLICATE_01"	"standard"	"HAMDR-SMB01"	"False"	"False"	"False"	"True"
"System.String[]"		"HAMDR-SMB01"					"4294967295"	"CDC-CDOTCLST01"	"manual"	"/Shares/REPLICATE/Line"	"Line"	"System.String[]"	"System.String[]"	"SMDV_vol_HAM_SMB01_vol_SMB_REPLICATE_01"	"standard"	"HAMDR-SMB01"	"False"	"False"	"False"	"True"
"System.String[]"		"HAMDR-SMB01"					"4294967295"	"CDC-CDOTCLST01"	"manual"	"/Shares/REPLICATE/Projects"	"Projects"	"System.String[]"	"System.String[]"	"SMDV_vol_HAM_SMB01_vol_SMB_REPLICATE_01"	"standard"	"HAMDR-SMB01"	"False"	"False"	"False"	"True"
"System.String[]"		"HAMDR-SMB01"					"4294967295"	"CDC-CDOTCLST01"	"manual"	"/Shares/REPLICATE/SAS"	"SAS"	"System.String[]"	"System.String[]"	"SMDV_vol_HAM_SMB01_vol_SMB_REPLICATE_01"	"standard"	"HAMDR-SMB01"	"False"	"False"	"False"	"True"
"System.String[]"		"HAMDR-SMB01"					"4294967295"	"CDC-CDOTCLST01"	"manual"	"/Shares/REPLICATE/Substation"	"Substation"	"System.String[]"	"System.String[]"	"SMDV_vol_HAM_SMB01_vol_SMB_REPLICATE_01"	"standard"	"HAMDR-SMB01"	"False"	"False"	"False"	"True"
"System.String[]"		"HLYDR-SMB02"					"4294967295"	"CDC-CDOTCLST01"	"manual"	"/Shares"	"Shares$"	"System.String[]"	"System.String[]"	"JP_vol_Shares"	"standard"	"HLYDR-SMB02"	"False"	"False"	"False"	"True"
"System.String[]"		"HLYDR-SMB02"					"4294967295"	"CDC-CDOTCLST01"	"manual"	"/Shares/Accounting"	"Accounting"	"System.String[]"	"System.String[]"	"SMDV_vol_HLY_SMB01_vol_SMB_Accounting_01"	"standard"	"HLYDR-SMB02"	"False"	"False"	"False"	"True"
"System.String[]"		"HLYDR-SMB02"					"4294967295"	"CDC-CDOTCLST01"	"manual"	"/Shares/Admin"	"Admin"	"System.String[]"	"System.String[]"	"SMDV_vol_HLY_SMB01_vol_SMB_Admin_01"	"standard"	"HLYDR-SMB02"	"False"	"False"	"False"	"True"
"System.String[]"		"HLYDR-SMB02"					"4294967295"	"CDC-CDOTCLST01"	"manual"	"/Shares/Architec"	"Architec"	"System.String[]"	"System.String[]"	"SMDV_vol_HLY_SMB01_vol_SMB_Architec_01"	"standard"	"HLYDR-SMB02"	"False"	"False"	"False"	"True"
"System.String[]"		"HLYDR-SMB02"					"4294967295"	"CDC-CDOTCLST01"	"manual"	"/Shares/BD"	"BD"	"System.String[]"	"System.String[]"	"SMDV_vol_HLY_SMB01_vol_SMB_BD_01"	"standard"	"HLYDR-SMB02"	"False"	"False"	"False"	"True"
"System.String[]"		"HLYDR-SMB02"					"4294967295"	"CDC-CDOTCLST01"	"manual"	"/Shares/BD_Archive"	"BD_Archive"	"System.String[]"	"System.String[]"	"SMDV_vol_HLY_SMB01_vol_SMB_BD_Archive_01"	"standard"	"HLYDR-SMB02"	"False"	"False"	"False"	"True"
"System.String[]"		"HLYDR-SMB02"					"4294967295"	"CDC-CDOTCLST01"	"manual"	"/Shares/BDArt"	"BDArt"	"System.String[]"	"System.String[]"	"SMDV_vol_HLY_SMB01_vol_SMB_BDArt_01"	"standard"	"HLYDR-SMB02"	"False"	"False"	"False"	"True"
"System.String[]"		"HLYDR-SMB02"					"4294967295"	"CDC-CDOTCLST01"	"manual"	"/Shares/Civil"	"Civil"	"System.String[]"	"System.String[]"	"SMDV_vol_HLY_SMB01_vol_SMB_Civil_01"	"standard"	"HLYDR-SMB02"	"False"	"False"	"False"	"True"
"System.String[]"		"HLYDR-SMB02"					"4294967295"	"CDC-CDOTCLST01"	"manual"	"/Shares/ClientStd"	"ClientStd"	"System.String[]"	"System.String[]"	"SMDV_vol_HLY_SMB01_vol_SMB_ClientStd_01"	"standard"	"HLYDR-SMB02"	"False"	"False"	"False"	"True"
"System.String[]"		"HLYDR-SMB02"					"4294967295"	"CDC-CDOTCLST01"	"manual"	"/Shares/Controls"	"Controls"	"System.String[]"	"System.String[]"	"SMDV_vol_HLY_SMB01_vol_SMB_Controls_01"	"standard"	"HLYDR-SMB02"	"False"	"False"	"False"	"True"
"System.String[]"		"HLYDR-SMB02"					"4294967295"	"CDC-CDOTCLST01"	"manual"	"/Shares/DSS"	"DSS"	"System.String[]"	"System.String[]"	"SMDV_vol_HLY_SMB01_vol_SMB_DSS_01"	"standard"	"HLYDR-SMB02"	"False"	"False"	"False"	"True"
"System.String[]"		"HLYDR-SMB02"					"4294967295"	"CDC-CDOTCLST01"	"manual"	"/Shares/Electrical"	"Electrical"	"System.String[]"	"System.String[]"	"SMDV_vol_HLY_SMB01_vol_SMB_Electrical_01"	"standard"	"HLYDR-SMB02"	"False"	"False"	"False"	"True"
"System.String[]"		"HLYDR-SMB02"					"4294967295"	"CDC-CDOTCLST01"	"manual"	"/Shares/Enviro"	"Enviro"	"System.String[]"	"System.String[]"	"SMDV_vol_HLY_SMB01_vol_SMB_Enviro_01"	"standard"	"HLYDR-SMB02"	"False"	"False"	"False"	"True"
"System.String[]"		"HLYDR-SMB02"					"4294967295"	"CDC-CDOTCLST01"	"manual"	"/Shares/Fleet"	"Fleet"	"System.String[]"	"System.String[]"	"SMDV_vol_HLY_SMB01_vol_SMB_Fleet_01"	"standard"	"HLYDR-SMB02"	"False"	"False"	"False"	"True"
"System.String[]"		"HLYDR-SMB02"					"4294967295"	"CDC-CDOTCLST01"	"manual"	"/Shares/Generation"	"Generation"	"System.String[]"	"System.String[]"	"SMDV_vol_HLY_SMB01_vol_SMB_Generation_01"	"standard"	"HLYDR-SMB02"	"False"	"False"	"False"	"True"
"System.String[]"		"HLYDR-SMB02"					"4294967295"	"CDC-CDOTCLST01"	"manual"	"/Shares/HmnRsrcs"	"HmnRsrcs"	"System.String[]"	"System.String[]"	"SMDV_vol_HLY_SMB01_vol_SMB_HmnRsrcs_01"	"standard"	"HLYDR-SMB02"	"False"	"False"	"False"	"True"
"System.String[]"		"HLYDR-SMB02"					"4294967295"	"CDC-CDOTCLST01"	"manual"	"/Shares/HRPayroll"	"HRPayroll"	"System.String[]"	"System.String[]"	"SMDV_vol_HLY_SMB01_vol_SMB_HRPayroll_01"	"standard"	"HLYDR-SMB02"	"False"	"False"	"False"	"True"
"System.String[]"		"HLYDR-SMB02"					"4294967295"	"CDC-CDOTCLST01"	"manual"	"/Shares/IndProco"	"IndProco"	"System.String[]"	"System.String[]"	"SMDV_vol_HLY_SMB01_vol_SMB_IndProco_01"	"standard"	"HLYDR-SMB02"	"False"	"False"	"False"	"True"
"System.String[]"		"HLYDR-SMB02"					"4294967295"	"CDC-CDOTCLST01"	"manual"	"/Shares/ITES"	"ITES"	"System.String[]"	"System.String[]"	"SMDV_vol_HLY_SMB01_vol_SMB_ITES_01"	"standard"	"HLYDR-SMB02"	"False"	"False"	"False"	"True"
"System.String[]"		"HLYDR-SMB02"					"4294967295"	"CDC-CDOTCLST01"	"manual"	"/Shares/ITOpsPM"	"ITOpsPM"	"System.String[]"	"System.String[]"	"SMDV_vol_HLY_SMB01_vol_SMB_ITOpsPM_01"	"standard"	"HLYDR-SMB02"	"False"	"False"	"False"	"True"
"System.String[]"		"HLYDR-SMB02"					"4294967295"	"CDC-CDOTCLST01"	"manual"	"/Shares/Legal"	"Legal"	"System.String[]"	"System.String[]"	"SMDV_vol_HLY_SMB01_vol_SMB_Legal_01"	"standard"	"HLYDR-SMB02"	"False"	"False"	"False"	"True"
"System.String[]"		"HLYDR-SMB02"					"4294967295"	"CDC-CDOTCLST01"	"manual"	"/Shares/Legal2"	"Legal2$"	"System.String[]"	"System.String[]"	"SMDV_vol_HLY_SMB01_vol_SMB_Legal_02"	"standard"	"HLYDR-SMB02"	"False"	"False"	"False"	"True"
"System.String[]"		"HLYDR-SMB02"					"4294967295"	"CDC-CDOTCLST01"	"manual"	"/Shares/Line"	"Line"	"System.String[]"	"System.String[]"	"SMDV_vol_HLY_SMB01_vol_SMB_Line_01"	"standard"	"HLYDR-SMB02"	"False"	"False"	"False"	"True"
"System.String[]"		"HLYDR-SMB02"					"4294967295"	"CDC-CDOTCLST01"	"manual"	"/Shares/Line_Lidar"	"Line_Lidar"	"System.String[]"	"System.String[]"	"SMDV_vol_HLY_SMB01_vol_SMB_Line_Lidar_01"	"standard"	"HLYDR-SMB02"	"False"	"False"	"False"	"True"
"System.String[]"		"HLYDR-SMB02"					"4294967295"	"CDC-CDOTCLST01"	"manual"	"/Shares/Mechanical"	"Mechanical"	"System.String[]"	"System.String[]"	"SMDV_vol_HLY_SMB01_vol_SMB_Mechanical_01"	"standard"	"HLYDR-SMB02"	"False"	"False"	"False"	"True"
"System.String[]"		"HLYDR-SMB02"					"4294967295"	"CDC-CDOTCLST01"	"manual"	"/Shares/Operations"	"Operations"	"System.String[]"	"System.String[]"	"SMDV_vol_HLY_SMB01_vol_SMB_Operations_01"	"standard"	"HLYDR-SMB02"	"False"	"False"	"False"	"True"
"System.String[]"		"HLYDR-SMB02"					"4294967295"	"CDC-CDOTCLST01"	"manual"	"/Shares/OpsDivMgmt"	"OpsDivMgmt"	"System.String[]"	"System.String[]"	"SMDV_vol_HLY_SMB01_vol_SMB_OpsDivMgmt_01"	"standard"	"HLYDR-SMB02"	"False"	"False"	"False"	"True"
"System.String[]"		"HLYDR-SMB02"					"4294967295"	"CDC-CDOTCLST01"	"manual"	"/Shares/OpsMgmt"	"OpsMgmt"	"System.String[]"	"System.String[]"	"SMDV_vol_HLY_SMB01_vol_SMB_OpsMgmt_01"	"standard"	"HLYDR-SMB02"	"False"	"False"	"False"	"True"
"System.String[]"		"HLYDR-SMB02"					"4294967295"	"CDC-CDOTCLST01"	"manual"	"/Shares/PCI"	"PCI"	"System.String[]"	"System.String[]"	"SMDV_vol_HLY_SMB01_vol_SMB_PCI_01"	"standard"	"HLYDR-SMB02"	"False"	"False"	"False"	"True"
"System.String[]"		"HLYDR-SMB02"					"4294967295"	"CDC-CDOTCLST01"	"manual"	"/Shares/PD_DistMgmt"	"PD_DistMgmt"	"System.String[]"	"System.String[]"	"SMDV_vol_HLY_SMB01_vol_SMB_PD_DistMgmt_01"	"standard"	"HLYDR-SMB02"	"False"	"False"	"False"	"True"
"System.String[]"		"HLYDR-SMB02"					"4294967295"	"CDC-CDOTCLST01"	"manual"	"/Shares/Powernetdocs"	"Powernetdocs"	"System.String[]"	"System.String[]"	"SMDV_vol_HLY_SMB01_vol_SMB_Powernetdocs_01"	"standard"	"HLYDR-SMB02"	"False"	"False"	"False"	"True"
"System.String[]"		"HLYDR-SMB02"					"4294967295"	"CDC-CDOTCLST01"	"manual"	"/Shares/Printroom_Requests"	"Printroom_Requests"	"System.String[]"	"System.String[]"	"SMDV_vol_HLY_SMB01_vol_SMB_Printroom_Requests_01"	"standard"	"HLYDR-SMB02"	"False"	"False"	"False"	"True"
"System.String[]"		"HLYDR-SMB02"					"4294967295"	"CDC-CDOTCLST01"	"manual"	"/Shares/Projects"	"Projects"	"System.String[]"	"System.String[]"	"SMDV_vol_HLY_SMB01_vol_SMB_Projects_01"	"standard"	"HLYDR-SMB02"	"False"	"False"	"False"	"True"
"System.String[]"		"HLYDR-SMB02"					"4294967295"	"CDC-CDOTCLST01"	"manual"	"/Shares/ProjectShare"	"ProjectShare"	"System.String[]"	"System.String[]"	"SMDV_vol_HLY_SMB01_vol_SMB_ProjectShare_01"	"standard"	"HLYDR-SMB02"	"False"	"False"	"False"	"True"
"System.String[]"		"HLYDR-SMB02"					"4294967295"	"CDC-CDOTCLST01"	"manual"	"/Shares/Rebis"	"Rebis"	"System.String[]"	"System.String[]"	"SMDV_vol_HLY_SMB01_vol_SMB_Rebis_01"	"standard"	"HLYDR-SMB02"	"False"	"False"	"False"	"True"
"System.String[]"		"HLYDR-SMB02"					"4294967295"	"CDC-CDOTCLST01"	"manual"	"/Shares/Reference"	"Reference"	"System.String[]"	"System.String[]"	"SMDV_vol_HLY_SMB01_vol_SMB_Reference_01"	"standard"	"HLYDR-SMB02"	"False"	"False"	"False"	"True"
"System.String[]"		"HLYDR-SMB02"					"4294967295"	"CDC-CDOTCLST01"	"manual"	"/Shares/Studies"	"Studies"	"System.String[]"	"System.String[]"	"SMDV_vol_HLY_SMB01_vol_SMB_Studies_01"	"standard"	"HLYDR-SMB02"	"False"	"False"	"False"	"True"
"System.String[]"		"HLYDR-SMB02"					"4294967295"	"CDC-CDOTCLST01"	"manual"	"/Shares/Substation"	"Substation"	"System.String[]"	"System.String[]"	"SMDV_vol_HLY_SMB01_vol_SMB_Substation_01"	"standard"	"HLYDR-SMB02"	"False"	"False"	"False"	"True"
"System.String[]"		"HLYDR-SMB02"					"4294967295"	"CDC-CDOTCLST01"	"manual"	"/Shares/TanDpm"	"TanDpm"	"System.String[]"	"System.String[]"	"SMDV_vol_HLY_SMB01_vol_SMB_TanDpm_01"	"standard"	"HLYDR-SMB02"	"False"	"False"	"False"	"True"
"System.String[]"		"HLYDR-SMB02"					"4294967295"	"CDC-CDOTCLST01"	"manual"	"/Shares/TanDproco"	"TanDproco"	"System.String[]"	"System.String[]"	"SMDV_vol_HLY_SMB01_vol_SMB_TanDproco_01"	"standard"	"HLYDR-SMB02"	"False"	"False"	"False"	"True"
"System.String[]"		"HLYDR-SMB02"					"4294967295"	"CDC-CDOTCLST01"	"manual"	"/Shares/TanDProdMgmt"	"TanDProdMgmt"	"System.String[]"	"System.String[]"	"SMDV_vol_HLY_SMB01_vol_SMB_TanDProdMgmt_01"	"standard"	"HLYDR-SMB02"	"False"	"False"	"False"	"True"
"System.String[]"		"HOUDR-SMB02"					"4294967295"	"CDC-CDOTCLST01"	"manual"	"/Shares"	"Shares$"	"System.String[]"	"System.String[]"	"JP_vol_Shares"	"standard"	"HOUDR-SMB02"	"False"	"False"	"False"	"True"
"System.String[]"		"HOUDR-SMB02"					"4294967295"	"CDC-CDOTCLST01"	"manual"	"/Shares/REPLICATE/Archive"	"Archive"	"System.String[]"	"System.String[]"	"SMDV_vol_HOU_SMB01_vol_SMB_REPLICATE_01"	"standard"	"HOUDR-SMB02"	"False"	"False"	"False"	"True"
"System.String[]"		"HOUDR-SMB02"					"4294967295"	"CDC-CDOTCLST01"	"manual"	"/Shares/REPLICATE/Enviro"	"Enviro"	"System.String[]"	"System.String[]"	"SMDV_vol_HOU_SMB01_vol_SMB_REPLICATE_01"	"standard"	"HOUDR-SMB02"	"False"	"False"	"False"	"True"
"System.String[]"		"HOUDR-SMB02"					"4294967295"	"CDC-CDOTCLST01"	"manual"	"/Shares/REPLICATE/Line"	"Line"	"System.String[]"	"System.String[]"	"SMDV_vol_HOU_SMB01_vol_SMB_REPLICATE_01"	"standard"	"HOUDR-SMB02"	"False"	"False"	"False"	"True"
"System.String[]"		"HOUDR-SMB02"					"4294967295"	"CDC-CDOTCLST01"	"manual"	"/Shares/REPLICATE/Reference"	"Reference"	"System.String[]"	"System.String[]"	"SMDV_vol_HOU_SMB01_vol_SMB_REPLICATE_01"	"standard"	"HOUDR-SMB02"	"False"	"False"	"False"	"True"
"System.String[]"		"HOUDR-SMB02"					"4294967295"	"CDC-CDOTCLST01"	"manual"	"/Shares/REPLICATE/Substation"	"Substation"	"System.String[]"	"System.String[]"	"SMDV_vol_HOU_SMB01_vol_SMB_REPLICATE_01"	"standard"	"HOUDR-SMB02"	"False"	"False"	"False"	"True"
"System.String[]"		"HOUDR-SMB02"					"4294967295"	"CDC-CDOTCLST01"	"manual"	"/Shares/REPLICATE/TnDtesting"	"TnDtesting"	"System.String[]"	"System.String[]"	"SMDV_vol_HOU_SMB01_vol_SMB_REPLICATE_01"	"standard"	"HOUDR-SMB02"	"False"	"False"	"False"	"True"
"System.String[]"		"HOUDR-SMB02"					"4294967295"	"CDC-CDOTCLST01"	"manual"	"/Shares/REPLICATE/UpdateManager"	"UpdateManager"	"System.String[]"	"System.String[]"	"SMDV_vol_HOU_SMB01_vol_SMB_REPLICATE_01"	"standard"	"HOUDR-SMB02"	"False"	"False"	"False"	"True"
"System.String[]"		"ITODR-SMB02"					"4294967295"	"CDC-CDOTCLST01"	"manual"	"/Shares"	"Shares$"	"System.String[]"	"System.String[]"	"JP_vol_Shares"	"standard"	"ITODR-SMB02"	"False"	"False"	"False"	"True"
"System.String[]"		"ITODR-SMB02"					"4294967295"	"CDC-CDOTCLST01"	"manual"	"/Shares/REPLICATE/Admin"	"Admin"	"System.String[]"	"System.String[]"	"SMDV_vol_ITO_SMB01_vol_SMB_REPLICATE_01"	"standard"	"ITODR-SMB02"	"False"	"False"	"False"	"True"
"System.String[]"		"ITODR-SMB02"					"4294967295"	"CDC-CDOTCLST01"	"manual"	"/Shares/REPLICATE/Facilities"	"Facilities"	"System.String[]"	"System.String[]"	"SMDV_vol_ITO_SMB01_vol_SMB_REPLICATE_01"	"standard"	"ITODR-SMB02"	"False"	"False"	"False"	"True"
"System.String[]"		"ITODR-SMB02"					"4294967295"	"CDC-CDOTCLST01"	"manual"	"/Shares/REPLICATE/HHMI"	"HHMI"	"System.String[]"	"System.String[]"	"SMDV_vol_ITO_SMB01_vol_SMB_REPLICATE_01"	"standard"	"ITODR-SMB02"	"False"	"False"	"False"	"True"
"System.String[]"		"ITODR-SMB02"					"4294967295"	"CDC-CDOTCLST01"	"manual"	"/Shares/REPLICATE/Substation"	"Substation"	"System.String[]"	"System.String[]"	"SMDV_vol_ITO_SMB01_vol_SMB_REPLICATE_01"	"standard"	"ITODR-SMB02"	"False"	"False"	"False"	"True"
"System.String[]"		"KCKDR-SMB01"					"4294967295"	"CDC-CDOTCLST01"	"manual"	"/Shares"	"Shares$"	"System.String[]"	"System.String[]"	"JP_vol_Shares"	"standard"	"KCKDR-SMB01"	"False"	"False"	"False"	"True"
"System.String[]"		"KCKDR-SMB01"					"4294967295"	"CDC-CDOTCLST01"	"manual"	"/Shares/REPLICATE/KCK_Office"	"KCK_Office"	"System.String[]"	"System.String[]"	"SMDV_vol_KCK_SMB01_vol_SMB_REPLICATE_01"	"standard"	"KCKDR-SMB01"	"False"	"False"	"False"	"True"
"System.String[]"		"KCKDR-SMB01"					"4294967295"	"CDC-CDOTCLST01"	"manual"	"/Shares/REPLICATE/Line"	"Line"	"System.String[]"	"System.String[]"	"SMDV_vol_KCK_SMB01_vol_SMB_REPLICATE_01"	"standard"	"KCKDR-SMB01"	"False"	"False"	"False"	"True"
"System.String[]"		"KCKDR-SMB01"					"4294967295"	"CDC-CDOTCLST01"	"manual"	"/Shares/REPLICATE/SAS"	"SAS"	"System.String[]"	"System.String[]"	"SMDV_vol_KCK_SMB01_vol_SMB_REPLICATE_01"	"standard"	"KCKDR-SMB01"	"False"	"False"	"False"	"True"
"System.String[]"		"KCKDR-SMB01"					"4294967295"	"CDC-CDOTCLST01"	"manual"	"/Shares/REPLICATE/Substation"	"Substation"	"System.String[]"	"System.String[]"	"SMDV_vol_KCK_SMB01_vol_SMB_REPLICATE_01"	"standard"	"KCKDR-SMB01"	"False"	"False"	"False"	"True"
"System.String[]"		"LAS04DR-SMB02"					"4294967295"	"CDC-CDOTCLST01"	"manual"	"/Shares"	"Shares$"	"System.String[]"	"System.String[]"	"JP_vol_Shares"	"standard"	"LAS04DR-SMB02"	"False"	"False"	"False"	"True"
"System.String[]"		"LAS04DR-SMB02"					"4294967295"	"CDC-CDOTCLST01"	"manual"	"/Shares/REPLICATE/UpdateManager"	"UpdateManager"	"System.String[]"	"System.String[]"	"SMDV_vol_LAS04_SMB01_vol_SMB_REPLICATE_01"	"standard"	"LAS04DR-SMB02"	"False"	"False"	"False"	"True"
"System.String[]"		"LAXDR-SMB02"					"4294967295"	"CDC-CDOTCLST01"	"manual"	"/Shares"	"Shares$"	"System.String[]"	"System.String[]"	"JP_vol_Shares"	"standard"	"LAXDR-SMB02"	"False"	"False"	"False"	"True"
"System.String[]"		"LAXDR-SMB02"					"4294967295"	"CDC-CDOTCLST01"	"manual"	"/Shares/REPLICATE/Environmental"	"Environmental"	"System.String[]"	"System.String[]"	"SMDV_vol_LAX_SMB01_vol_SMB_REPLICATE_01"	"standard"	"LAXDR-SMB02"	"False"	"False"	"False"	"True"
"System.String[]"		"LAXDR-SMB02"					"4294967295"	"CDC-CDOTCLST01"	"manual"	"/Shares/REPLICATE/Line"	"Line"	"System.String[]"	"System.String[]"	"SMDV_vol_LAX_SMB01_vol_SMB_REPLICATE_01"	"standard"	"LAXDR-SMB02"	"False"	"False"	"False"	"True"
"System.String[]"		"LAXDR-SMB02"					"4294967295"	"CDC-CDOTCLST01"	"manual"	"/Shares/REPLICATE/Substation"	"Substation"	"System.String[]"	"System.String[]"	"SMDV_vol_LAX_SMB01_vol_SMB_REPLICATE_01"	"standard"	"LAXDR-SMB02"	"False"	"False"	"False"	"True"
"System.String[]"		"LAXDR-SMB02"					"4294967295"	"CDC-CDOTCLST01"	"manual"	"/Shares/REPLICATE/TnD_BD"	"TnD_BD"	"System.String[]"	"System.String[]"	"SMDV_vol_LAX_SMB01_vol_SMB_REPLICATE_01"	"standard"	"LAXDR-SMB02"	"False"	"False"	"False"	"True"
"System.String[]"		"LAXDR-SMB02"					"4294967295"	"CDC-CDOTCLST01"	"manual"	"/Shares/REPLICATE/TnDtesting"	"TnDtesting"	"System.String[]"	"System.String[]"	"SMDV_vol_LAX_SMB01_vol_SMB_REPLICATE_01"	"standard"	"LAXDR-SMB02"	"False"	"False"	"False"	"True"
"System.String[]"		"LAXDR-SMB02"					"4294967295"	"CDC-CDOTCLST01"	"manual"	"/Shares/REPLICATE/UpdateManager"	"UpdateManager"	"System.String[]"	"System.String[]"	"SMDV_vol_LAX_SMB01_vol_SMB_REPLICATE_01"	"standard"	"LAXDR-SMB02"	"False"	"False"	"False"	"True"
"System.String[]"		"MINDR-SMB01"					"4294967295"	"CDC-CDOTCLST01"	"manual"	"/Shares"	"Shares$"	"System.String[]"	"System.String[]"	"JP_vol_Shares"	"standard"	"MINDR-SMB01"	"False"	"False"	"False"	"True"
"System.String[]"		"MINDR-SMB01"					"4294967295"	"CDC-CDOTCLST01"	"manual"	"/Shares/REPLICATE/Acadstd"	"Acadstd"	"System.String[]"	"System.String[]"	"SMDV_vol_MIN_SMB01_vol_SMB_REPLICATE_01"	"standard"	"MINDR-SMB01"	"False"	"False"	"False"	"True"
"System.String[]"		"MINDR-SMB01"					"4294967295"	"CDC-CDOTCLST01"	"manual"	"/Shares/REPLICATE/Facilities"	"Facilities"	"System.String[]"	"System.String[]"	"SMDV_vol_MIN_SMB01_vol_SMB_REPLICATE_01"	"standard"	"MINDR-SMB01"	"False"	"False"	"False"	"True"
"System.String[]"		"MINDR-SMB01"					"4294967295"	"CDC-CDOTCLST01"	"manual"	"/Shares/REPLICATE/NFD"	"NFD"	"System.String[]"	"System.String[]"	"SMDV_vol_MIN_SMB01_vol_SMB_REPLICATE_01"	"standard"	"MINDR-SMB01"	"False"	"False"	"False"	"True"
"System.String[]"		"MINDR-SMB01"					"4294967295"	"CDC-CDOTCLST01"	"manual"	"/Shares/REPLICATE/Reference"	"Reference"	"System.String[]"	"System.String[]"	"SMDV_vol_MIN_SMB01_vol_SMB_REPLICATE_01"	"standard"	"MINDR-SMB01"	"False"	"False"	"False"	"True"
"System.String[]"		"MINDR-SMB01"					"4294967295"	"CDC-CDOTCLST01"	"manual"	"/Shares/REPLICATE/UpdateManager"	"UpdateManager"	"System.String[]"	"System.String[]"	"SMDV_vol_MIN_SMB01_vol_SMB_REPLICATE_01"	"standard"	"MINDR-SMB01"	"False"	"False"	"False"	"True"
"System.String[]"		"MKEDR-SMB01"					"4294967295"	"CDC-CDOTCLST01"	"manual"	"/Shares"	"Shares$"	"System.String[]"	"System.String[]"	"JP_vol_Shares"	"standard"	"MKEDR-SMB01"	"False"	"False"	"False"	"True"
"System.String[]"		"MKEDR-SMB01"					"4294967295"	"CDC-CDOTCLST01"	"manual"	"/Shares/REPLICATE/GIS"	"GIS"	"System.String[]"	"System.String[]"	"SMDV_vol_MKE_SMB01_vol_SMB_REPLICATE_01"	"standard"	"MKEDR-SMB01"	"False"	"False"	"False"	"True"
"System.String[]"		"MSNDR-SMB01"					"4294967295"	"CDC-CDOTCLST01"	"manual"	"/Shares"	"Shares$"	"System.String[]"	"System.String[]"	"JP_vol_Shares"	"standard"	"MSNDR-SMB01"	"False"	"False"	"False"	"True"
"System.String[]"		"MSNDR-SMB01"					"4294967295"	"CDC-CDOTCLST01"	"manual"	"/Shares/REPLICATE/FAC_Shared"	"FAC_Shared"	"System.String[]"	"System.String[]"	"SMDV_vol_MSN_SMB01_vol_SMB_REPLICATE_01"	"standard"	"MSNDR-SMB01"	"False"	"False"	"False"	"True"
"System.String[]"		"MSNDR-SMB01"					"4294967295"	"CDC-CDOTCLST01"	"manual"	"/Shares/REPLICATE/Reference"	"Reference"	"System.String[]"	"System.String[]"	"SMDV_vol_MSN_SMB01_vol_SMB_REPLICATE_01"	"standard"	"MSNDR-SMB01"	"False"	"False"	"False"	"True"
"System.String[]"		"MSNDR-SMB01"					"4294967295"	"CDC-CDOTCLST01"	"manual"	"/Shares/REPLICATE/Standards"	"Standards"	"System.String[]"	"System.String[]"	"SMDV_vol_MSN_SMB01_vol_SMB_REPLICATE_01"	"standard"	"MSNDR-SMB01"	"False"	"False"	"False"	"True"
"System.String[]"		"MTLDR-SMB01"					"4294967295"	"CDC-CDOTCLST01"	"manual"	"/Shares"	"Shares$"	"System.String[]"	"System.String[]"	"JP_vol_Shares"	"standard"	"MTLDR-SMB01"	"False"	"False"	"False"	"True"
"System.String[]"		"MTLDR-SMB01"					"4294967295"	"CDC-CDOTCLST01"	"manual"	"/Shares/REPLICATE/Reference"	"Reference"	"System.String[]"	"System.String[]"	"SMDV_vol_MTL_SMB01_vol_SMB_REPLICATE_01"	"standard"	"MTLDR-SMB01"	"False"	"False"	"False"	"True"
"System.String[]"		"MTLDR-SMB01"					"4294967295"	"CDC-CDOTCLST01"	"manual"	"/Shares/REPLICATE/Shared/Public"	"Public"	"System.String[]"	"System.String[]"	"SMDV_vol_MTL_SMB01_vol_SMB_REPLICATE_01"	"standard"	"MTLDR-SMB01"	"False"	"False"	"False"	"True"
"System.String[]"		"MTLDR-SMB01"					"4294967295"	"CDC-CDOTCLST01"	"manual"	"/Shares/REPLICATE/Shared/Restricted"	"Restricted"	"System.String[]"	"System.String[]"	"SMDV_vol_MTL_SMB01_vol_SMB_REPLICATE_01"	"standard"	"MTLDR-SMB01"	"False"	"False"	"False"	"True"
"System.String[]"		"MTLDR-SMB01"					"4294967295"	"CDC-CDOTCLST01"	"manual"	"/Shares/REPLICATE/Shared/Substation"	"Substation"	"System.String[]"	"System.String[]"	"SMDV_vol_MTL_SMB01_vol_SMB_REPLICATE_01"	"standard"	"MTLDR-SMB01"	"False"	"False"	"False"	"True"
"System.String[]"		"MTLDR-SMB01"					"4294967295"	"CDC-CDOTCLST01"	"manual"	"/Shares/REPLICATE/Smartplant/CAE"	"CAE"	"System.String[]"	"System.String[]"	"SMDV_vol_MTL_SMB01_vol_SMB_REPLICATE_01"	"standard"	"MTLDR-SMB01"	"False"	"False"	"False"	"True"
"System.String[]"		"NY7DR-SMB01"					"4294967295"	"CDC-CDOTCLST01"	"manual"	"/Shares"	"Shares$"	"System.String[]"	"System.String[]"	"JP_vol_Shares"	"standard"	"NY7DR-SMB01"	"False"	"False"	"False"	"True"
"System.String[]"		"NY7DR-SMB01"					"4294967295"	"CDC-CDOTCLST01"	"manual"	"/Shares/REPLICATE/Line"	"Line"	"System.String[]"	"System.String[]"	"SMDV_vol_NY7_SMB01_vol_SMB_REPLICATE_01"	"standard"	"NY7DR-SMB01"	"False"	"False"	"False"	"True"
"System.String[]"		"NY7DR-SMB01"					"4294967295"	"CDC-CDOTCLST01"	"manual"	"/Shares/REPLICATE/PD_DistMgmt"	"PD_DistMgmt"	"System.String[]"	"System.String[]"	"SMDV_vol_NY7_SMB01_vol_SMB_REPLICATE_01"	"standard"	"NY7DR-SMB01"	"False"	"False"	"False"	"True"
"System.String[]"		"NY7DR-SMB01"					"4294967295"	"CDC-CDOTCLST01"	"manual"	"/Shares/REPLICATE/UpdateManager"	"UpdateManager"	"System.String[]"	"System.String[]"	"SMDV_vol_NY7_SMB01_vol_SMB_REPLICATE_01"	"standard"	"NY7DR-SMB01"	"False"	"False"	"False"	"True"
"System.String[]"		"OPKDR-SMB01"					"4294967295"	"CDC-CDOTCLST01"	"manual"	"/Shares"	"Shares$"	"System.String[]"	"System.String[]"	"JP_vol_Shares"	"standard"	"OPKDR-SMB01"	"False"	"False"	"False"	"True"
"System.String[]"		"OPKDR-SMB01"					"4294967295"	"CDC-CDOTCLST01"	"manual"	"/Shares/REPLICATE/Controls"	"Controls"	"System.String[]"	"System.String[]"	"SMDV_vol_OPK_SMB01_vol_SMB_REPLICATE_01"	"standard"	"OPKDR-SMB01"	"False"	"False"	"False"	"True"
"System.String[]"		"OPKDR-SMB01"					"4294967295"	"CDC-CDOTCLST01"	"manual"	"/Shares/REPLICATE/Facilities"	"Facilities"	"System.String[]"	"System.String[]"	"SMDV_vol_OPK_SMB01_vol_SMB_REPLICATE_01"	"standard"	"OPKDR-SMB01"	"False"	"False"	"False"	"True"
"System.String[]"		"OPKDR-SMB01"					"4294967295"	"CDC-CDOTCLST01"	"manual"	"/Shares/REPLICATE/Generation"	"Generation"	"System.String[]"	"System.String[]"	"SMDV_vol_OPK_SMB01_vol_SMB_REPLICATE_01"	"standard"	"OPKDR-SMB01"	"False"	"False"	"False"	"True"
"System.String[]"		"OPKDR-SMB01"					"4294967295"	"CDC-CDOTCLST01"	"manual"	"/Shares/REPLICATE/Line"	"Line"	"System.String[]"	"System.String[]"	"SMDV_vol_OPK_SMB01_vol_SMB_REPLICATE_01"	"standard"	"OPKDR-SMB01"	"False"	"False"	"False"	"True"
"System.String[]"		"OPKDR-SMB01"					"4294967295"	"CDC-CDOTCLST01"	"manual"	"/Shares/REPLICATE/PD_DistMgmt"	"PD_DistMgmt"	"System.String[]"	"System.String[]"	"SMDV_vol_OPK_SMB01_vol_SMB_REPLICATE_01"	"standard"	"OPKDR-SMB01"	"False"	"False"	"False"	"True"
"System.String[]"		"OPKDR-SMB01"					"4294967295"	"CDC-CDOTCLST01"	"manual"	"/Shares/REPLICATE/PD_PM"	"PD_PM"	"System.String[]"	"System.String[]"	"SMDV_vol_OPK_SMB01_vol_SMB_REPLICATE_01"	"standard"	"OPKDR-SMB01"	"False"	"False"	"False"	"True"
"System.String[]"		"OPKDR-SMB01"					"4294967295"	"CDC-CDOTCLST01"	"manual"	"/Shares/REPLICATE/Procurement"	"Procurement"	"System.String[]"	"System.String[]"	"SMDV_vol_OPK_SMB01_vol_SMB_REPLICATE_01"	"standard"	"OPKDR-SMB01"	"False"	"False"	"False"	"True"
"System.String[]"		"OPKDR-SMB01"					"4294967295"	"CDC-CDOTCLST01"	"manual"	"/Shares/REPLICATE/Projects"	"Projects"	"System.String[]"	"System.String[]"	"SMDV_vol_OPK_SMB01_vol_SMB_REPLICATE_01"	"standard"	"OPKDR-SMB01"	"False"	"False"	"False"	"True"
"System.String[]"		"OPKDR-SMB01"					"4294967295"	"CDC-CDOTCLST01"	"manual"	"/Shares/REPLICATE/PTE"	"PTE"	"System.String[]"	"System.String[]"	"SMDV_vol_OPK_SMB01_vol_SMB_REPLICATE_01"	"standard"	"OPKDR-SMB01"	"False"	"False"	"False"	"True"
"System.String[]"		"OPKDR-SMB01"					"4294967295"	"CDC-CDOTCLST01"	"manual"	"/Shares/REPLICATE/Reference"	"Reference"	"System.String[]"	"System.String[]"	"SMDV_vol_OPK_SMB01_vol_SMB_REPLICATE_01"	"standard"	"OPKDR-SMB01"	"False"	"False"	"False"	"True"
"System.String[]"		"OPKDR-SMB01"					"4294967295"	"CDC-CDOTCLST01"	"manual"	"/Shares/REPLICATE/SAS"	"SAS"	"System.String[]"	"System.String[]"	"SMDV_vol_OPK_SMB01_vol_SMB_REPLICATE_01"	"standard"	"OPKDR-SMB01"	"False"	"False"	"False"	"True"
"System.String[]"		"OPKDR-SMB01"					"4294967295"	"CDC-CDOTCLST01"	"manual"	"/Shares/REPLICATE/Substation"	"Substation"	"System.String[]"	"System.String[]"	"SMDV_vol_OPK_SMB01_vol_SMB_REPLICATE_01"	"standard"	"OPKDR-SMB01"	"False"	"False"	"False"	"True"
"System.String[]"		"OPKDR-SMB01"					"4294967295"	"CDC-CDOTCLST01"	"manual"	"/Shares/REPLICATE/UpdateManager"	"UpdateManager"	"System.String[]"	"System.String[]"	"SMDV_vol_OPK_SMB01_vol_SMB_REPLICATE_01"	"standard"	"OPKDR-SMB01"	"False"	"False"	"False"	"True"
"System.String[]"		"OPKDR-SMB01"					"4294967295"	"CDC-CDOTCLST01"	"manual"	"/Shares/SEGA_ARCHIVE"	"Sega_Archive"	"System.String[]"	"System.String[]"	"SMDV_vol_OPK_SMB01_vol_SMB_SEGA_ARCHIVE_01"	"standard"	"OPKDR-SMB01"	"False"	"False"	"False"	"True"
"System.String[]"		"ORADR-SMB01"					"4294967295"	"CDC-CDOTCLST01"	"manual"	"/Shares"	"Shares$"	"System.String[]"	"System.String[]"	"JP_vol_Shares"	"standard"	"ORADR-SMB01"	"False"	"False"	"False"	"True"
"System.String[]"		"ORADR-SMB01"					"4294967295"	"CDC-CDOTCLST01"	"manual"	"/Shares/REPLICATE/Apps"	"Apps"	"System.String[]"	"System.String[]"	"SMDV_vol_ORA_SMB01_vol_SMB_REPLICATE_01"	"standard"	"ORADR-SMB01"	"False"	"False"	"False"	"True"
"System.String[]"		"ORADR-SMB01"					"4294967295"	"CDC-CDOTCLST01"	"manual"	"/Shares/REPLICATE/B&R Public"	"Public"	"System.String[]"	"System.String[]"	"SMDV_vol_ORA_SMB01_vol_SMB_REPLICATE_01"	"standard"	"ORADR-SMB01"	"False"	"False"	"False"	"True"
"System.String[]"		"ORADR-SMB01"					"4294967295"	"CDC-CDOTCLST01"	"manual"	"/Shares/REPLICATE/B&R Restricted"	"Restricted"	"System.String[]"	"System.String[]"	"SMDV_vol_ORA_SMB01_vol_SMB_REPLICATE_01"	"standard"	"ORADR-SMB01"	"False"	"False"	"False"	"True"
"System.String[]"		"ORADR-SMB01"					"4294967295"	"CDC-CDOTCLST01"	"manual"	"/Shares/REPLICATE/Operations"	"Operations"	"System.String[]"	"System.String[]"	"SMDV_vol_ORA_SMB01_vol_SMB_REPLICATE_01"	"standard"	"ORADR-SMB01"	"False"	"False"	"False"	"True"
"System.String[]"		"ORADR-SMB01"					"4294967295"	"CDC-CDOTCLST01"	"manual"	"/Shares/REPLICATE/Printroom_Requests"	"Printroom_Requests"	"System.String[]"	"System.String[]"	"SMDV_vol_ORA_SMB01_vol_SMB_REPLICATE_01"	"standard"	"ORADR-SMB01"	"False"	"False"	"False"	"True"
"System.String[]"		"ORADR-SMB01"					"4294967295"	"CDC-CDOTCLST01"	"manual"	"/Shares/REPLICATE/Substation"	"Substation"	"System.String[]"	"System.String[]"	"SMDV_vol_ORA_SMB01_vol_SMB_REPLICATE_01"	"standard"	"ORADR-SMB01"	"False"	"False"	"False"	"True"
"System.String[]"		"ORADR-SMB01"					"4294967295"	"CDC-CDOTCLST01"	"manual"	"/Shares/REPLICATE/UpdateManager"	"UpdateManager"	"System.String[]"	"System.String[]"	"SMDV_vol_ORA_SMB01_vol_SMB_REPLICATE_01"	"standard"	"ORADR-SMB01"	"False"	"False"	"False"	"True"
"System.String[]"		"ORLDR-SMB01"					"4294967295"	"CDC-CDOTCLST01"	"manual"	"/Shares"	"Shares$"	"System.String[]"	"System.String[]"	"JP_vol_Shares"	"standard"	"ORLDR-SMB01"	"False"	"False"	"False"	"True"
"System.String[]"		"ORLDR-SMB01"					"4294967295"	"CDC-CDOTCLST01"	"manual"	"/Shares/REPLICATE/Line"	"Line"	"System.String[]"	"System.String[]"	"SMDV_vol_ORL_SMB01_vol_SMB_REPLICATE_01"	"standard"	"ORLDR-SMB01"	"False"	"False"	"False"	"True"
"System.String[]"		"ORLDR-SMB01"					"4294967295"	"CDC-CDOTCLST01"	"manual"	"/Shares/REPLICATE/PCI"	"PCI"	"System.String[]"	"System.String[]"	"SMDV_vol_ORL_SMB01_vol_SMB_REPLICATE_01"	"standard"	"ORLDR-SMB01"	"False"	"False"	"False"	"True"
"System.String[]"		"ORLDR-SMB01"					"4294967295"	"CDC-CDOTCLST01"	"manual"	"/Shares/REPLICATE/PD_DistMgmt"	"PD_DistMgmt"	"System.String[]"	"System.String[]"	"SMDV_vol_ORL_SMB01_vol_SMB_REPLICATE_01"	"standard"	"ORLDR-SMB01"	"False"	"False"	"False"	"True"
"System.String[]"		"ORLDR-SMB01"					"4294967295"	"CDC-CDOTCLST01"	"manual"	"/Shares/REPLICATE/RAM_120"	"RAM_120"	"System.String[]"	"System.String[]"	"SMDV_vol_ORL_SMB01_vol_SMB_REPLICATE_01"	"standard"	"ORLDR-SMB01"	"False"	"False"	"False"	"True"
"System.String[]"		"ORLDR-SMB01"					"4294967295"	"CDC-CDOTCLST01"	"manual"	"/Shares/REPLICATE/Reference"	"Reference"	"System.String[]"	"System.String[]"	"SMDV_vol_ORL_SMB01_vol_SMB_REPLICATE_01"	"standard"	"ORLDR-SMB01"	"False"	"False"	"False"	"True"
"System.String[]"		"ORLDR-SMB01"					"4294967295"	"CDC-CDOTCLST01"	"manual"	"/Shares/REPLICATE/SAS"	"SAS"	"System.String[]"	"System.String[]"	"SMDV_vol_ORL_SMB01_vol_SMB_REPLICATE_01"	"standard"	"ORLDR-SMB01"	"False"	"False"	"False"	"True"
"System.String[]"		"ORLDR-SMB01"					"4294967295"	"CDC-CDOTCLST01"	"manual"	"/Shares/REPLICATE/Substation"	"Substation"	"System.String[]"	"System.String[]"	"SMDV_vol_ORL_SMB01_vol_SMB_REPLICATE_01"	"standard"	"ORLDR-SMB01"	"False"	"False"	"False"	"True"
"System.String[]"		"ORLDR-SMB01"					"4294967295"	"CDC-CDOTCLST01"	"manual"	"/Shares/REPLICATE/UpdateManager"	"UpdateManager"	"System.String[]"	"System.String[]"	"SMDV_vol_ORL_SMB01_vol_SMB_REPLICATE_01"	"standard"	"ORLDR-SMB01"	"False"	"False"	"False"	"True"
"System.String[]"		"PHXDR-SMB02"					"4294967295"	"CDC-CDOTCLST01"	"manual"	"/Shares"	"Shares$"	"System.String[]"	"System.String[]"	"JP_vol_Shares"	"standard"	"PHXDR-SMB02"	"False"	"False"	"False"	"True"
"System.String[]"		"PHXDR-SMB02"					"4294967295"	"CDC-CDOTCLST01"	"manual"	"/Shares/REPLICATE/Environmental"	"Environmental"	"System.String[]"	"System.String[]"	"SMDV_vol_PHX_SMB01_vol_SMB_REPLICATE_01"	"standard"	"PHXDR-SMB02"	"False"	"False"	"False"	"True"
"System.String[]"		"PHXDR-SMB02"					"4294967295"	"CDC-CDOTCLST01"	"manual"	"/Shares/REPLICATE/Line"	"Line"	"System.String[]"	"System.String[]"	"SMDV_vol_PHX_SMB01_vol_SMB_REPLICATE_01"	"standard"	"PHXDR-SMB02"	"False"	"False"	"False"	"True"
"System.String[]"		"PHXDR-SMB02"					"4294967295"	"CDC-CDOTCLST01"	"manual"	"/Shares/REPLICATE/PD_DistMgmt"	"PD_DistMgmt"	"System.String[]"	"System.String[]"	"SMDV_vol_PHX_SMB01_vol_SMB_REPLICATE_01"	"standard"	"PHXDR-SMB02"	"False"	"False"	"False"	"True"
"System.String[]"		"PHXDR-SMB02"					"4294967295"	"CDC-CDOTCLST01"	"manual"	"/Shares/REPLICATE/Studies"	"Studies"	"System.String[]"	"System.String[]"	"SMDV_vol_PHX_SMB01_vol_SMB_REPLICATE_01"	"standard"	"PHXDR-SMB02"	"False"	"False"	"False"	"True"
"System.String[]"		"PHXDR-SMB02"					"4294967295"	"CDC-CDOTCLST01"	"manual"	"/Shares/REPLICATE/Substation"	"Substation"	"System.String[]"	"System.String[]"	"SMDV_vol_PHX_SMB01_vol_SMB_REPLICATE_01"	"standard"	"PHXDR-SMB02"	"False"	"False"	"False"	"True"
"System.String[]"		"PHXDR-SMB02"					"4294967295"	"CDC-CDOTCLST01"	"manual"	"/Shares/REPLICATE/TD_PDS"	"TD_PDS"	"System.String[]"	"System.String[]"	"SMDV_vol_PHX_SMB01_vol_SMB_REPLICATE_01"	"standard"	"PHXDR-SMB02"	"False"	"False"	"False"	"True"
"System.String[]"		"PLVDR-SMB01"					"4294967295"	"CDC-CDOTCLST01"	"manual"	"/Shares"	"Shares$"	"System.String[]"	"System.String[]"	"JP_vol_Shares"	"standard"	"PLVDR-SMB01"	"False"	"False"	"False"	"True"
"System.String[]"		"PLVDR-SMB01"					"4294967295"	"CDC-CDOTCLST01"	"manual"	"/Shares/REPLICATE/FAC_Elec-Cntls"	"FAC_Elec-Cntls"	"System.String[]"	"System.String[]"	"SMDV_vol_PLV_SMB01_vol_SMB_REPLICATE_01"	"standard"	"PLVDR-SMB01"	"False"	"False"	"False"	"True"
"System.String[]"		"PLVDR-SMB01"					"4294967295"	"CDC-CDOTCLST01"	"manual"	"/Shares/REPLICATE/Industrial"	"Industrial"	"System.String[]"	"System.String[]"	"SMDV_vol_PLV_SMB01_vol_SMB_REPLICATE_01"	"standard"	"PLVDR-SMB01"	"False"	"False"	"False"	"True"
"System.String[]"		"PLVDR-SMB01"					"4294967295"	"CDC-CDOTCLST01"	"manual"	"/Shares/REPLICATE/UpdateManager"	"UpdateManager"	"System.String[]"	"System.String[]"	"SMDV_vol_PLV_SMB01_vol_SMB_REPLICATE_01"	"standard"	"PLVDR-SMB01"	"False"	"False"	"False"	"True"
"System.String[]"		"PTLDR-SMB02"					"4294967295"	"CDC-CDOTCLST01"	"manual"	"/Shares"	"Shares$"	"System.String[]"	"System.String[]"	"JP_vol_Shares"	"standard"	"PTLDR-SMB02"	"False"	"False"	"False"	"True"
"System.String[]"		"PTLDR-SMB02"					"4294967295"	"CDC-CDOTCLST01"	"manual"	"/Shares/REPLICATE/Environmental"	"Environmental"	"System.String[]"	"System.String[]"	"SMDV_vol_PTL_SMB01_vol_SMB_REPLICATE_01"	"standard"	"PTLDR-SMB02"	"False"	"False"	"False"	"True"
"System.String[]"		"PTLDR-SMB02"					"4294967295"	"CDC-CDOTCLST01"	"manual"	"/Shares/REPLICATE/Line"	"Line"	"System.String[]"	"System.String[]"	"SMDV_vol_PTL_SMB01_vol_SMB_REPLICATE_01"	"standard"	"PTLDR-SMB02"	"False"	"False"	"False"	"True"
"System.String[]"		"PTLDR-SMB02"					"4294967295"	"CDC-CDOTCLST01"	"manual"	"/Shares/REPLICATE/PD_DistMgmt"	"PD_DistMgmt"	"System.String[]"	"System.String[]"	"SMDV_vol_PTL_SMB01_vol_SMB_REPLICATE_01"	"standard"	"PTLDR-SMB02"	"False"	"False"	"False"	"True"
"System.String[]"		"PTLDR-SMB02"					"4294967295"	"CDC-CDOTCLST01"	"manual"	"/Shares/REPLICATE/Projects"	"Projects"	"System.String[]"	"System.String[]"	"SMDV_vol_PTL_SMB01_vol_SMB_REPLICATE_01"	"standard"	"PTLDR-SMB02"	"False"	"False"	"False"	"True"
"System.String[]"		"PTLDR-SMB02"					"4294967295"	"CDC-CDOTCLST01"	"manual"	"/Shares/REPLICATE/Studies"	"Studies"	"System.String[]"	"System.String[]"	"SMDV_vol_PTL_SMB01_vol_SMB_REPLICATE_01"	"standard"	"PTLDR-SMB02"	"False"	"False"	"False"	"True"
"System.String[]"		"PTLDR-SMB02"					"4294967295"	"CDC-CDOTCLST01"	"manual"	"/Shares/REPLICATE/Substation"	"Substation"	"System.String[]"	"System.String[]"	"SMDV_vol_PTL_SMB01_vol_SMB_REPLICATE_01"	"standard"	"PTLDR-SMB02"	"False"	"False"	"False"	"True"
"System.String[]"		"PTLDR-SMB02"					"4294967295"	"CDC-CDOTCLST01"	"manual"	"/Shares/REPLICATE/Substation/Cad"	"CAD"	"System.String[]"	"System.String[]"	"SMDV_vol_PTL_SMB01_vol_SMB_REPLICATE_01"	"standard"	"PTLDR-SMB02"	"False"	"False"	"False"	"True"
"System.String[]"		"PTLDR-SMB02"					"4294967295"	"CDC-CDOTCLST01"	"manual"	"/Shares/REPLICATE/UpdateManager"	"UpdateManager"	"System.String[]"	"System.String[]"	"SMDV_vol_PTL_SMB01_vol_SMB_REPLICATE_01"	"standard"	"PTLDR-SMB02"	"False"	"False"	"False"	"True"
"System.String[]"		"RICDR-SMB01"					"4294967295"	"CDC-CDOTCLST01"	"manual"	"/Shares"	"Shares$"	"System.String[]"	"System.String[]"	"JP_vol_Shares"	"standard"	"RICDR-SMB01"	"False"	"False"	"False"	"True"
"System.String[]"		"RICDR-SMB01"					"4294967295"	"CDC-CDOTCLST01"	"manual"	"/Shares/REPLICATE/Admin"	"Admin"	"System.String[]"	"System.String[]"	"SMDV_vol_RIC_SMB01_vol_SMB_REPLICATE_01"	"standard"	"RICDR-SMB01"	"False"	"False"	"False"	"True"
"System.String[]"		"RICDR-SMB01"					"4294967295"	"CDC-CDOTCLST01"	"manual"	"/Shares/REPLICATE/Enviro_Service"	"Enviro_Service"	"System.String[]"	"System.String[]"	"SMDV_vol_RIC_SMB01_vol_SMB_REPLICATE_01"	"standard"	"RICDR-SMB01"	"False"	"False"	"False"	"True"
"System.String[]"		"RICDR-SMB01"					"4294967295"	"CDC-CDOTCLST01"	"manual"	"/Shares/REPLICATE/Substation"	"Substation"	"System.String[]"	"System.String[]"	"SMDV_vol_RIC_SMB01_vol_SMB_REPLICATE_01"	"standard"	"RICDR-SMB01"	"False"	"False"	"False"	"True"
"System.String[]"		"SACDR-SMB02"					"4294967295"	"CDC-CDOTCLST01"	"manual"	"/Shares"	"Shares$"	"System.String[]"	"System.String[]"	"JP_vol_Shares"	"standard"	"SACDR-SMB02"	"False"	"False"	"False"	"True"
"System.String[]"		"SACDR-SMB02"					"4294967295"	"CDC-CDOTCLST01"	"manual"	"/Shares/REPLICATE/field_info"	"Field_info"	"System.String[]"	"System.String[]"	"SMDV_vol_SAC_SMB01_vol_SMB_REPLICATE_01"	"standard"	"SACDR-SMB02"	"False"	"False"	"False"	"True"
"System.String[]"		"SACDR-SMB02"					"4294967295"	"CDC-CDOTCLST01"	"manual"	"/Shares/REPLICATE/PCI"	"PCI"	"System.String[]"	"System.String[]"	"SMDV_vol_SAC_SMB01_vol_SMB_REPLICATE_01"	"standard"	"SACDR-SMB02"	"False"	"False"	"False"	"True"
"System.String[]"		"SANDR-SMB02"					"4294967295"	"CDC-CDOTCLST01"	"manual"	"/Shares"	"Shares$"	"System.String[]"	"System.String[]"	"JP_vol_Shares"	"standard"	"SANDR-SMB02"	"False"	"False"	"False"	"True"
"System.String[]"		"SANDR-SMB02"					"4294967295"	"CDC-CDOTCLST01"	"manual"	"/Shares/REPLICATE/Enviro"	"Enviro"	"System.String[]"	"System.String[]"	"SMDV_vol_SAN_SMB01_vol_SMB_REPLICATE_01"	"standard"	"SANDR-SMB02"	"False"	"False"	"False"	"True"
"System.String[]"		"SANDR-SMB02"					"4294967295"	"CDC-CDOTCLST01"	"manual"	"/Shares/REPLICATE/Facilities_Mgmt"	"Facilities_Mgmt"	"System.String[]"	"System.String[]"	"SMDV_vol_SAN_SMB01_vol_SMB_REPLICATE_01"	"standard"	"SANDR-SMB02"	"False"	"False"	"False"	"True"
"System.String[]"		"SANDR-SMB02"					"4294967295"	"CDC-CDOTCLST01"	"manual"	"/Shares/REPLICATE/Lidar"	"Lidar"	"System.String[]"	"System.String[]"	"SMDV_vol_SAN_SMB01_vol_SMB_REPLICATE_01"	"standard"	"SANDR-SMB02"	"False"	"False"	"False"	"True"
"System.String[]"		"SANDR-SMB02"					"4294967295"	"CDC-CDOTCLST01"	"manual"	"/Shares/REPLICATE/Line"	"Line"	"System.String[]"	"System.String[]"	"SMDV_vol_SAN_SMB01_vol_SMB_REPLICATE_01"	"standard"	"SANDR-SMB02"	"False"	"False"	"False"	"True"
"System.String[]"		"SANDR-SMB02"					"4294967295"	"CDC-CDOTCLST01"	"manual"	"/Shares/REPLICATE/PD_DistMgmt"	"PD_DistMgmt"	"System.String[]"	"System.String[]"	"SMDV_vol_SAN_SMB01_vol_SMB_REPLICATE_01"	"standard"	"SANDR-SMB02"	"False"	"False"	"False"	"True"
"System.String[]"		"SANDR-SMB02"					"4294967295"	"CDC-CDOTCLST01"	"manual"	"/Shares/REPLICATE/SAS"	"SAS"	"System.String[]"	"System.String[]"	"SMDV_vol_SAN_SMB01_vol_SMB_REPLICATE_01"	"standard"	"SANDR-SMB02"	"False"	"False"	"False"	"True"
"System.String[]"		"SANDR-SMB02"					"4294967295"	"CDC-CDOTCLST01"	"manual"	"/Shares/REPLICATE/Substation"	"Substation"	"System.String[]"	"System.String[]"	"SMDV_vol_SAN_SMB01_vol_SMB_REPLICATE_01"	"standard"	"SANDR-SMB02"	"False"	"False"	"False"	"True"
"System.String[]"		"SANDR-SMB02"					"4294967295"	"CDC-CDOTCLST01"	"manual"	"/Shares/REPLICATE/TnDpm"	"TnDpm"	"System.String[]"	"System.String[]"	"SMDV_vol_SAN_SMB01_vol_SMB_REPLICATE_01"	"standard"	"SANDR-SMB02"	"False"	"False"	"False"	"True"
"System.String[]"		"SANDR-SMB02"					"4294967295"	"CDC-CDOTCLST01"	"manual"	"/Shares/REPLICATE/UpdateManager"	"UpdateManager"	"System.String[]"	"System.String[]"	"SMDV_vol_SAN_SMB01_vol_SMB_REPLICATE_01"	"standard"	"SANDR-SMB02"	"False"	"False"	"False"	"True"
"System.String[]"		"SATDR-SMB02"					"4294967295"	"CDC-CDOTCLST01"	"manual"	"/Shares"	"Shares$"	"System.String[]"	"System.String[]"	"JP_vol_Shares"	"standard"	"SATDR-SMB02"	"False"	"False"	"False"	"True"
"System.String[]"		"SATDR-SMB02"					"4294967295"	"CDC-CDOTCLST01"	"manual"	"/Shares/REPLICATE"	"SAT"	"System.String[]"	"System.String[]"	"SMDV_vol_SAT_SMB01_vol_SMB_REPLICATE_01"	"standard"	"SATDR-SMB02"	"False"	"False"	"False"	"True"
"System.String[]"		"SE4DR-SMB02"					"4294967295"	"CDC-CDOTCLST01"	"manual"	"/Shares"	"Shares$"	"System.String[]"	"System.String[]"	"JP_vol_Shares"	"standard"	"SE4DR-SMB02"	"False"	"False"	"False"	"True"
"System.String[]"		"SE4DR-SMB02"					"4294967295"	"CDC-CDOTCLST01"	"manual"	"/Shares/REPLICATE/Archive"	"Archive"	"System.String[]"	"System.String[]"	"SMDV_vol_SE4_SMB01_vol_SMB_REPLICATE_01"	"standard"	"SE4DR-SMB02"	"False"	"False"	"False"	"True"
"System.String[]"		"SE4DR-SMB02"					"4294967295"	"CDC-CDOTCLST01"	"manual"	"/Shares/REPLICATE/UpdateManager"	"UpdateManager"	"System.String[]"	"System.String[]"	"SMDV_vol_SE4_SMB01_vol_SMB_REPLICATE_01"	"standard"	"SE4DR-SMB02"	"False"	"False"	"False"	"True"
"System.String[]"		"SLCDR-SMB02"					"4294967295"	"CDC-CDOTCLST01"	"manual"	"/Shares"	"Shares$"	"System.String[]"	"System.String[]"	"JP_vol_Shares"	"standard"	"SLCDR-SMB02"	"False"	"False"	"False"	"True"
"System.String[]"		"SLCDR-SMB02"					"4294967295"	"CDC-CDOTCLST01"	"manual"	"/Shares/REPLICATE/Environmental"	"Environmental"	"System.String[]"	"System.String[]"	"SMDV_vol_SLC_SMB01_vol_SMB_REPLICATE_01"	"standard"	"SLCDR-SMB02"	"False"	"False"	"False"	"True"
"System.String[]"		"SLCDR-SMB02"					"4294967295"	"CDC-CDOTCLST01"	"manual"	"/Shares/REPLICATE/PD_DistMgmt"	"PD_DistMgmt"	"System.String[]"	"System.String[]"	"SMDV_vol_SLC_SMB01_vol_SMB_REPLICATE_01"	"standard"	"SLCDR-SMB02"	"False"	"False"	"False"	"True"
"System.String[]"		"SLCDR-SMB02"					"4294967295"	"CDC-CDOTCLST01"	"manual"	"/Shares/REPLICATE/Substation"	"Substation"	"System.String[]"	"System.String[]"	"SMDV_vol_SLC_SMB01_vol_SMB_REPLICATE_01"	"standard"	"SLCDR-SMB02"	"False"	"False"	"False"	"True"
"System.String[]"		"STLDR-SMB01"					"4294967295"	"CDC-CDOTCLST01"	"manual"	"/Shares"	"Shares$"	"System.String[]"	"System.String[]"	"JP_vol_Shares"	"standard"	"STLDR-SMB01"	"False"	"False"	"False"	"True"
"System.String[]"		"STLDR-SMB01"					"4294967295"	"CDC-CDOTCLST01"	"manual"	"/Shares/REPLICATE/bd"	"BD"	"System.String[]"	"System.String[]"	"SMDV_vol_STL_SMB01_vol_SMB_REPLICATE_01"	"standard"	"STLDR-SMB01"	"False"	"False"	"False"	"True"
"System.String[]"		"STLDR-SMB01"					"4294967295"	"CDC-CDOTCLST01"	"manual"	"/Shares/REPLICATE/cad"	"CAD"	"System.String[]"	"System.String[]"	"SMDV_vol_STL_SMB01_vol_SMB_REPLICATE_01"	"standard"	"STLDR-SMB01"	"False"	"False"	"False"	"True"
"System.String[]"		"STLDR-SMB01"					"4294967295"	"CDC-CDOTCLST01"	"manual"	"/Shares/REPLICATE/facilities"	"Facilities"	"System.String[]"	"System.String[]"	"SMDV_vol_STL_SMB01_vol_SMB_REPLICATE_01"	"standard"	"STLDR-SMB01"	"False"	"False"	"False"	"True"
"System.String[]"		"STLDR-SMB01"					"4294967295"	"CDC-CDOTCLST01"	"manual"	"/Shares/REPLICATE/itops"	"ITops"	"System.String[]"	"System.String[]"	"SMDV_vol_STL_SMB01_vol_SMB_REPLICATE_01"	"standard"	"STLDR-SMB01"	"False"	"False"	"False"	"True"
"System.String[]"		"STLDR-SMB01"					"4294967295"	"CDC-CDOTCLST01"	"manual"	"/Shares/REPLICATE/Lidar"	"Lidar"	"System.String[]"	"System.String[]"	"SMDV_vol_STL_SMB01_vol_SMB_REPLICATE_01"	"standard"	"STLDR-SMB01"	"False"	"False"	"False"	"True"
"System.String[]"		"STLDR-SMB01"					"4294967295"	"CDC-CDOTCLST01"	"manual"	"/Shares/REPLICATE/line"	"Line"	"System.String[]"	"System.String[]"	"SMDV_vol_STL_SMB01_vol_SMB_REPLICATE_01"	"standard"	"STLDR-SMB01"	"False"	"False"	"False"	"True"
"System.String[]"		"STLDR-SMB01"					"4294967295"	"CDC-CDOTCLST01"	"manual"	"/Shares/REPLICATE/PD_DistMgmt"	"PD_DistMgmt"	"System.String[]"	"System.String[]"	"SMDV_vol_STL_SMB01_vol_SMB_REPLICATE_01"	"standard"	"STLDR-SMB01"	"False"	"False"	"False"	"True"
"System.String[]"		"STLDR-SMB01"					"4294967295"	"CDC-CDOTCLST01"	"manual"	"/Shares/REPLICATE/substation"	"Substation"	"System.String[]"	"System.String[]"	"SMDV_vol_STL_SMB01_vol_SMB_REPLICATE_01"	"standard"	"STLDR-SMB01"	"False"	"False"	"False"	"True"
"System.String[]"		"STLDR-SMB01"					"4294967295"	"CDC-CDOTCLST01"	"manual"	"/Shares/REPLICATE/tdmgmt"	"TDmgmt"	"System.String[]"	"System.String[]"	"SMDV_vol_STL_SMB01_vol_SMB_REPLICATE_01"	"standard"	"STLDR-SMB01"	"False"	"False"	"False"	"True"
"System.String[]"		"STLDR-SMB01"					"4294967295"	"CDC-CDOTCLST01"	"manual"	"/Shares/REPLICATE/UpdateManager"	"UpdateManager"	"System.String[]"	"System.String[]"	"SMDV_vol_STL_SMB01_vol_SMB_REPLICATE_01"	"standard"	"STLDR-SMB01"	"False"	"False"	"False"	"True"
"System.String[]"		"SYRDR-SMB01"					"4294967295"	"CDC-CDOTCLST01"	"manual"	"/Shares"	"Shares$"	"System.String[]"	"System.String[]"	"JP_vol_Shares"	"standard"	"SYRDR-SMB01"	"False"	"False"	"False"	"True"
"System.String[]"		"SYRDR-SMB01"					"4294967295"	"CDC-CDOTCLST01"	"manual"	"/Shares/REPLICATE/line"	"Line"	"System.String[]"	"System.String[]"	"SMDV_vol_SYR_SMB01_vol_SMB_REPLICATE_01"	"standard"	"SYRDR-SMB01"	"False"	"False"	"False"	"True"
"System.String[]"		"SYRDR-SMB01"					"4294967295"	"CDC-CDOTCLST01"	"manual"	"/Shares/REPLICATE/PD_DistMgmt"	"PD_DistMgmt"	"System.String[]"	"System.String[]"	"SMDV_vol_SYR_SMB01_vol_SMB_REPLICATE_01"	"standard"	"SYRDR-SMB01"	"False"	"False"	"False"	"True"
"System.String[]"		"SYRDR-SMB01"					"4294967295"	"CDC-CDOTCLST01"	"manual"	"/Shares/REPLICATE/PD_ProjMgmt"	"PD_ProjMgmt"	"System.String[]"	"System.String[]"	"SMDV_vol_SYR_SMB01_vol_SMB_REPLICATE_01"	"standard"	"SYRDR-SMB01"	"False"	"False"	"False"	"True"
"System.String[]"		"SYRDR-SMB01"					"4294967295"	"CDC-CDOTCLST01"	"manual"	"/Shares/REPLICATE/sas"	"SAS"	"System.String[]"	"System.String[]"	"SMDV_vol_SYR_SMB01_vol_SMB_REPLICATE_01"	"standard"	"SYRDR-SMB01"	"False"	"False"	"False"	"True"
"System.String[]"		"SYRDR-SMB01"					"4294967295"	"CDC-CDOTCLST01"	"manual"	"/Shares/REPLICATE/substation"	"Substation"	"System.String[]"	"System.String[]"	"SMDV_vol_SYR_SMB01_vol_SMB_REPLICATE_01"	"standard"	"SYRDR-SMB01"	"False"	"False"	"False"	"True"
"System.String[]"		"VANDR-SMB02"					"4294967295"	"CDC-CDOTCLST01"	"manual"	"/Shares"	"Shares$"	"System.String[]"	"System.String[]"	"JP_vol_Shares"	"standard"	"VANDR-SMB02"	"False"	"False"	"False"	"True"
"System.String[]"		"VANDR-SMB02"					"4294967295"	"CDC-CDOTCLST01"	"manual"	"/Shares/REPLICATE/Corp_PTE"	"Corp_PTE"	"System.String[]"	"System.String[]"	"SMDV_vol_VAN_SMB01_vol_SMB_REPLICATE_01"	"standard"	"VANDR-SMB02"	"False"	"False"	"False"	"True"
"System.String[]"		"VANDR-SMB02"					"4294967295"	"CDC-CDOTCLST01"	"manual"	"/Shares/REPLICATE/Software"	"Software"	"System.String[]"	"System.String[]"	"SMDV_vol_VAN_SMB01_vol_SMB_REPLICATE_01"	"standard"	"VANDR-SMB02"	"False"	"False"	"False"	"True"
"System.String[]"		"VANDR-SMB02"					"4294967295"	"CDC-CDOTCLST01"	"manual"	"/Shares/REPLICATE/TnDtesting"	"TnDtesting"	"System.String[]"	"System.String[]"	"SMDV_vol_VAN_SMB01_vol_SMB_REPLICATE_01"	"standard"	"VANDR-SMB02"	"False"	"False"	"False"	"True"
"System.String[]"		"VANDR-SMB02"					"4294967295"	"CDC-CDOTCLST01"	"manual"	"/Shares/REPLICATE/Training"	"Training"	"System.String[]"	"System.String[]"	"SMDV_vol_VAN_SMB01_vol_SMB_REPLICATE_01"	"standard"	"VANDR-SMB02"	"False"	"False"	"False"	"True"
"System.String[]"		"YYC01DR-SMB02"					"4294967295"	"CDC-CDOTCLST01"	"manual"	"/Shares"	"Shares$"	"System.String[]"	"System.String[]"	"JP_vol_Shares"	"standard"	"YYC01DR-SMB02"	"False"	"False"	"False"	"True"
"System.String[]"		"YYC01DR-SMB02"					"4294967295"	"CDC-CDOTCLST01"	"manual"	"/Shares/REPLICATE/Line"	"Line"	"System.String[]"	"System.String[]"	"SMDV_vol_YYC01_SMB01_vol_SMB_REPLICATE_01"	"standard"	"YYC01DR-SMB02"	"False"	"False"	"False"	"True"
"System.String[]"		"YYC01DR-SMB02"					"4294967295"	"CDC-CDOTCLST01"	"manual"	"/Shares/REPLICATE/PD_DistMgmt"	"PD_DistMgmt"	"System.String[]"	"System.String[]"	"SMDV_vol_YYC01_SMB01_vol_SMB_REPLICATE_01"	"standard"	"YYC01DR-SMB02"	"False"	"False"	"False"	"True"
"System.String[]"		"YYC01DR-SMB02"					"4294967295"	"CDC-CDOTCLST01"	"manual"	"/Shares/REPLICATE/Reference"	"Reference"	"System.String[]"	"System.String[]"	"SMDV_vol_YYC01_SMB01_vol_SMB_REPLICATE_01"	"standard"	"YYC01DR-SMB02"	"False"	"False"	"False"	"True"
"System.String[]"		"YYC01DR-SMB02"					"4294967295"	"CDC-CDOTCLST01"	"manual"	"/Shares/REPLICATE/Studies"	"Studies"	"System.String[]"	"System.String[]"	"SMDV_vol_YYC01_SMB01_vol_SMB_REPLICATE_01"	"standard"	"YYC01DR-SMB02"	"False"	"False"	"False"	"True"
"System.String[]"		"YYC01DR-SMB02"					"4294967295"	"CDC-CDOTCLST01"	"manual"	"/Shares/REPLICATE/UpdateManager"	"UpdateManager"	"System.String[]"	"System.String[]"	"SMDV_vol_YYC01_SMB01_vol_SMB_REPLICATE_01"	"standard"	"YYC01DR-SMB02"	"False"	"False"	"False"	"True"
"System.String[]"		"APL-SMB01"					"4294967295"	"CH3-NTAP01"	"manual"	"/Shares"	"Shares$"	"System.String[]"	"System.String[]"	"JP_vol_Shares"	"standard"	"APL-SMB01"	"False"	"False"	"False"	"True"
"System.String[]"		"APL-SMB01"					"4294967295"	"CH3-NTAP01"	"manual"	"/Shares/NONREPLICATE/Xchange"	"Xchange"	"System.String[]"	"System.String[]"	"vol_SMB_NONREPLICATE_01"	"standard"	"APL-SMB01"	"False"	"False"	"False"	"True"
"System.String[]"		"APL-SMB01"					"4294967295"	"CH3-NTAP01"	"manual"	"/Shares/REPLICATE/Facilities"	"Facilities"	"System.String[]"	"System.String[]"	"vol_SMB_REPLICATE_01"	"standard"	"APL-SMB01"	"False"	"False"	"False"	"True"
"System.String[]"		"APL-SMB01"					"4294967295"	"CH3-NTAP01"	"manual"	"/Shares/REPLICATE/Industrial"	"Industrial"	"System.String[]"	"System.String[]"	"vol_SMB_REPLICATE_01"	"standard"	"APL-SMB01"	"False"	"False"	"False"	"True"
"System.String[]"		"ARB-SMB01"					"4294967295"	"CH3-NTAP01"	"manual"	"/Shares"	"Shares$"	"System.String[]"	"System.String[]"	"JP_vol_Shares"	"standard"	"ARB-SMB01"	"False"	"False"	"False"	"True"
"System.String[]"		"ARB-SMB01"					"4294967295"	"CH3-NTAP01"	"manual"	"/Shares/NONREPLICATE/Xchange"	"Xchange"	"System.String[]"	"System.String[]"	"vol_SMB_NONREPLICATE_01"	"standard"	"ARB-SMB01"	"False"	"False"	"False"	"True"
"System.String[]"		"ARB-SMB01"					"4294967295"	"CH3-NTAP01"	"manual"	"/Shares/REPLICATE/Line"	"Line"	"System.String[]"	"System.String[]"	"vol_SMB_REPLICATE_01"	"standard"	"ARB-SMB01"	"False"	"False"	"False"	"True"
"System.String[]"		"ARB-SMB01"					"4294967295"	"CH3-NTAP01"	"manual"	"/Shares/REPLICATE/PD_DistMgmt"	"PD_DistMgmt"	"System.String[]"	"System.String[]"	"vol_SMB_REPLICATE_01"	"standard"	"ARB-SMB01"	"False"	"False"	"False"	"True"
"System.String[]"		"ARB-SMB01"					"4294967295"	"CH3-NTAP01"	"manual"	"/Shares/REPLICATE/SAS"	"SAS"	"System.String[]"	"System.String[]"	"vol_SMB_REPLICATE_01"	"standard"	"ARB-SMB01"	"False"	"False"	"False"	"True"
"System.String[]"		"ARB-SMB01"					"4294967295"	"CH3-NTAP01"	"manual"	"/Shares/REPLICATE/Substation"	"Substation"	"System.String[]"	"System.String[]"	"vol_SMB_REPLICATE_01"	"standard"	"ARB-SMB01"	"False"	"False"	"False"	"True"
"System.String[]"		"ARB-SMB01"					"4294967295"	"CH3-NTAP01"	"manual"	"/Shares/REPLICATE/UpdateManager"	"UpdateManager"	"System.String[]"	"System.String[]"	"vol_SMB_REPLICATE_01"	"standard"	"ARB-SMB01"	"False"	"False"	"False"	"True"
"System.String[]"		"CH3-SMB01"					"4294967295"	"CH3-NTAP01"	"manual"	"/Shares"	"Shares$"	"System.String[]"	"System.String[]"	"JP_vol_Shares"	"standard"	"CH3-SMB01"	"False"	"False"	"False"	"True"
"System.String[]"		"CH3-SMB01"					"4294967295"	"CH3-NTAP01"	"manual"	"/Shares/NONREPLICATE/Xchange"	"Xchange"	"System.String[]"	"System.String[]"	"vol_SMB_NONREPLICATE_01"	"standard"	"CH3-SMB01"	"False"	"False"	"False"	"True"
"System.String[]"		"CH3-SMB01"					"4294967295"	"CH3-NTAP01"	"manual"	"/Shares/REPLICATE/Line"	"Line"	"System.String[]"	"System.String[]"	"vol_SMB_REPLICATE_01"	"standard"	"CH3-SMB01"	"False"	"False"	"False"	"True"
"System.String[]"		"CH3-SMB01"					"4294967295"	"CH3-NTAP01"	"manual"	"/Shares/REPLICATE/PD_DistMgmt"	"PD_DistMgmt"	"System.String[]"	"System.String[]"	"vol_SMB_REPLICATE_01"	"standard"	"CH3-SMB01"	"False"	"False"	"False"	"True"
"System.String[]"		"CH3-SMB01"					"4294967295"	"CH3-NTAP01"	"manual"	"/Shares/REPLICATE/Pub_Inv"	"Pub_Inv"	"System.String[]"	"System.String[]"	"vol_SMB_REPLICATE_01"	"standard"	"CH3-SMB01"	"False"	"False"	"False"	"True"
"System.String[]"		"CH3-SMB01"					"4294967295"	"CH3-NTAP01"	"manual"	"/Shares/REPLICATE/UpdateManager"	"UpdateManager"	"System.String[]"	"System.String[]"	"vol_SMB_REPLICATE_01"	"standard"	"CH3-SMB01"	"False"	"False"	"False"	"True"
"System.String[]"		"CIN-SMB01"					"4294967295"	"CH3-NTAP01"	"manual"	"/Shares"	"Shares$"	"System.String[]"	"System.String[]"	"JP_vol_Shares"	"standard"	"CIN-SMB01"	"False"	"False"	"False"	"True"
"System.String[]"		"CIN-SMB01"					"4294967295"	"CH3-NTAP01"	"manual"	"/Shares/NONREPLICATE/xchange"	"Xchange"	"System.String[]"	"System.String[]"	"vol_SMB_NONREPLICATE_01"	"standard"	"CIN-SMB01"	"False"	"False"	"False"	"True"
"System.String[]"		"CIN-SMB01"					"4294967295"	"CH3-NTAP01"	"manual"	"/Shares/REPLICATE/archive"	"Archive"	"System.String[]"	"System.String[]"	"vol_SMB_REPLICATE_01"	"standard"	"CIN-SMB01"	"False"	"False"	"False"	"True"
"System.String[]"		"CIN-SMB01"					"4294967295"	"CH3-NTAP01"	"manual"	"/Shares/REPLICATE/ram"	"RAM"	"System.String[]"	"System.String[]"	"vol_SMB_REPLICATE_01"	"standard"	"CIN-SMB01"	"False"	"False"	"False"	"True"
"System.String[]"		"CIN-SMB01"					"4294967295"	"CH3-NTAP01"	"manual"	"/Shares/REPLICATE/ram/RAM120"	"RAM120"	"System.String[]"	"System.String[]"	"vol_SMB_REPLICATE_01"	"standard"	"CIN-SMB01"	"False"	"False"	"False"	"True"
"System.String[]"		"COL-SMB01"					"4294967295"	"CH3-NTAP01"	"manual"	"/Shares"	"Shares$"	"System.String[]"	"System.String[]"	"JP_vol_Shares"	"standard"	"COL-SMB01"	"False"	"False"	"False"	"True"
"System.String[]"		"COL-SMB01"					"4294967295"	"CH3-NTAP01"	"manual"	"/Shares/NONREPLICATE/Xchange"	"Xchange"	"System.String[]"	"System.String[]"	"vol_SMB_NONREPLICATE_01"	"standard"	"COL-SMB01"	"False"	"False"	"False"	"True"
"System.String[]"		"COL-SMB01"					"4294967295"	"CH3-NTAP01"	"manual"	"/Shares/REPLICATE/Environmental"	"Environmental"	"System.String[]"	"System.String[]"	"vol_SMB_REPLICATE_01"	"standard"	"COL-SMB01"	"False"	"False"	"False"	"True"
"System.String[]"		"COL-SMB01"					"4294967295"	"CH3-NTAP01"	"manual"	"/Shares/REPLICATE/Line"	"Line"	"System.String[]"	"System.String[]"	"vol_SMB_REPLICATE_01"	"standard"	"COL-SMB01"	"False"	"False"	"False"	"True"
"System.String[]"		"COL-SMB01"					"4294967295"	"CH3-NTAP01"	"manual"	"/Shares/REPLICATE/PD_DistMgmt"	"PD_DistMgmt"	"System.String[]"	"System.String[]"	"vol_SMB_REPLICATE_01"	"standard"	"COL-SMB01"	"False"	"False"	"False"	"True"
"System.String[]"		"COL-SMB01"					"4294967295"	"CH3-NTAP01"	"manual"	"/Shares/REPLICATE/Substation"	"Substation"	"System.String[]"	"System.String[]"	"vol_SMB_REPLICATE_01"	"standard"	"COL-SMB01"	"False"	"False"	"False"	"True"
"System.String[]"		"GRB-SMB01"					"4294967295"	"CH3-NTAP01"	"manual"	"/Shares"	"Shares$"	"System.String[]"	"System.String[]"	"JP_vol_Shares"	"standard"	"GRB-SMB01"	"False"	"False"	"False"	"True"
"System.String[]"		"GRB-SMB01"					"4294967295"	"CH3-NTAP01"	"manual"	"/Shares/REPLICATE/Backup"	"Backup"	"System.String[]"	"System.String[]"	"vol_SMB_REPLICATE_01"	"standard"	"GRB-SMB01"	"False"	"False"	"False"	"True"
"System.String[]"		"GRB-SMB01"					"4294967295"	"CH3-NTAP01"	"manual"	"/Shares/REPLICATE/GIS"	"GIS"	"System.String[]"	"System.String[]"	"vol_SMB_REPLICATE_01"	"standard"	"GRB-SMB01"	"False"	"False"	"False"	"True"
"System.String[]"		"KCK-SMB01"					"4294967295"	"CH3-NTAP01"	"manual"	"/Shares"	"Shares$"	"System.String[]"	"System.String[]"	"JP_vol_Shares"	"standard"	"KCK-SMB01"	"False"	"False"	"False"	"True"
"System.String[]"		"KCK-SMB01"					"4294967295"	"CH3-NTAP01"	"manual"	"/Shares/NONREPLICATE/Xchange"	"Xchange"	"System.String[]"	"System.String[]"	"vol_SMB_NONREPLICATE_01"	"standard"	"KCK-SMB01"	"False"	"False"	"False"	"True"
"System.String[]"		"KCK-SMB01"					"4294967295"	"CH3-NTAP01"	"manual"	"/Shares/REPLICATE/KCK_Office"	"KCK_Office"	"System.String[]"	"System.String[]"	"vol_SMB_REPLICATE_01"	"standard"	"KCK-SMB01"	"False"	"False"	"False"	"True"
"System.String[]"		"KCK-SMB01"					"4294967295"	"CH3-NTAP01"	"manual"	"/Shares/REPLICATE/Line"	"Line"	"System.String[]"	"System.String[]"	"vol_SMB_REPLICATE_01"	"standard"	"KCK-SMB01"	"False"	"False"	"False"	"True"
"System.String[]"		"KCK-SMB01"					"4294967295"	"CH3-NTAP01"	"manual"	"/Shares/REPLICATE/SAS"	"SAS"	"System.String[]"	"System.String[]"	"vol_SMB_REPLICATE_01"	"standard"	"KCK-SMB01"	"False"	"False"	"False"	"True"
"System.String[]"		"KCK-SMB01"					"4294967295"	"CH3-NTAP01"	"manual"	"/Shares/REPLICATE/Substation"	"Substation"	"System.String[]"	"System.String[]"	"vol_SMB_REPLICATE_01"	"standard"	"KCK-SMB01"	"False"	"False"	"False"	"True"
"System.String[]"		"MIN-SMB01"					"4294967295"	"CH3-NTAP01"	"manual"	"/Shares"	"Shares$"	"System.String[]"	"System.String[]"	"JP_vol_Shares"	"standard"	"MIN-SMB01"	"False"	"False"	"False"	"True"
"System.String[]"		"MIN-SMB01"					"4294967295"	"CH3-NTAP01"	"manual"	"/Shares/NONREPLICATE/Xchange"	"Xchange"	"System.String[]"	"System.String[]"	"vol_SMB_NONREPLICATE_01"	"standard"	"MIN-SMB01"	"False"	"False"	"False"	"True"
"System.String[]"		"MIN-SMB01"					"4294967295"	"CH3-NTAP01"	"manual"	"/Shares/REPLICATE/Acadstd"	"Acadstd"	"System.String[]"	"System.String[]"	"vol_SMB_REPLICATE_01"	"standard"	"MIN-SMB01"	"False"	"False"	"False"	"True"
"System.String[]"		"MIN-SMB01"					"4294967295"	"CH3-NTAP01"	"manual"	"/Shares/REPLICATE/Facilities"	"Facilities"	"System.String[]"	"System.String[]"	"vol_SMB_REPLICATE_01"	"standard"	"MIN-SMB01"	"False"	"False"	"False"	"True"
"System.String[]"		"MIN-SMB01"					"4294967295"	"CH3-NTAP01"	"manual"	"/Shares/REPLICATE/NFD"	"NFD"	"System.String[]"	"System.String[]"	"vol_SMB_REPLICATE_01"	"standard"	"MIN-SMB01"	"False"	"False"	"False"	"True"
"System.String[]"		"MIN-SMB01"					"4294967295"	"CH3-NTAP01"	"manual"	"/Shares/REPLICATE/Reference"	"Reference"	"System.String[]"	"System.String[]"	"vol_SMB_REPLICATE_01"	"standard"	"MIN-SMB01"	"False"	"False"	"False"	"True"
"System.String[]"		"MIN-SMB01"					"4294967295"	"CH3-NTAP01"	"manual"	"/Shares/REPLICATE/UpdateManager"	"UpdateManager"	"System.String[]"	"System.String[]"	"vol_SMB_REPLICATE_01"	"standard"	"MIN-SMB01"	"False"	"False"	"False"	"True"
"System.String[]"		"MKE-SMB01"					"4294967295"	"CH3-NTAP01"	"manual"	"/Shares"	"Shares$"	"System.String[]"	"System.String[]"	"JP_vol_Shares"	"standard"	"MKE-SMB01"	"False"	"False"	"False"	"True"
"System.String[]"		"MKE-SMB01"					"4294967295"	"CH3-NTAP01"	"manual"	"/Shares/REPLICATE/GIS"	"GIS"	"System.String[]"	"System.String[]"	"vol_SMB_REPLICATE_01"	"standard"	"MKE-SMB01"	"False"	"False"	"False"	"True"
"System.String[]"		"MSN-SMB01"					"4294967295"	"CH3-NTAP01"	"manual"	"/Shares"	"Shares$"	"System.String[]"	"System.String[]"	"JP_vol_Shares"	"standard"	"MSN-SMB01"	"False"	"False"	"False"	"True"
"System.String[]"		"MSN-SMB01"					"4294967295"	"CH3-NTAP01"	"manual"	"/Shares/NONREPLICATE/Xchange"	"Xchange"	"System.String[]"	"System.String[]"	"vol_SMB_NONREPLICATE_01"	"standard"	"MSN-SMB01"	"False"	"False"	"False"	"True"
"System.String[]"		"MSN-SMB01"					"4294967295"	"CH3-NTAP01"	"manual"	"/Shares/REPLICATE/FAC_Shared"	"FAC_Shared"	"System.String[]"	"System.String[]"	"vol_SMB_REPLICATE_01"	"standard"	"MSN-SMB01"	"False"	"False"	"False"	"True"
"System.String[]"		"MSN-SMB01"					"4294967295"	"CH3-NTAP01"	"manual"	"/Shares/REPLICATE/Reference"	"Reference"	"System.String[]"	"System.String[]"	"vol_SMB_REPLICATE_01"	"standard"	"MSN-SMB01"	"False"	"False"	"False"	"True"
"System.String[]"		"MSN-SMB01"					"4294967295"	"CH3-NTAP01"	"manual"	"/Shares/REPLICATE/Standards"	"Standards"	"System.String[]"	"System.String[]"	"vol_SMB_REPLICATE_01"	"standard"	"MSN-SMB01"	"False"	"False"	"False"	"True"
"System.String[]"		"OPK-SMB01"					"4294967295"	"CH3-NTAP01"	"manual"	"/Shares"	"Shares$"	"System.String[]"	"System.String[]"	"JP_vol_Shares"	"standard"	"OPK-SMB01"	"False"	"False"	"False"	"True"
"System.String[]"		"OPK-SMB01"					"4294967295"	"CH3-NTAP01"	"manual"	"/Shares/NONREPLICATE/Xchange"	"Xchange"	"System.String[]"	"System.String[]"	"vol_SMB_NONREPLICATE_01"	"standard"	"OPK-SMB01"	"False"	"False"	"False"	"True"
"System.String[]"		"OPK-SMB01"					"4294967295"	"CH3-NTAP01"	"manual"	"/Shares/REPLICATE/Controls"	"Controls"	"System.String[]"	"System.String[]"	"vol_SMB_REPLICATE_01"	"standard"	"OPK-SMB01"	"False"	"False"	"False"	"True"
"System.String[]"		"OPK-SMB01"					"4294967295"	"CH3-NTAP01"	"manual"	"/Shares/REPLICATE/Facilities"	"Facilities"	"System.String[]"	"System.String[]"	"vol_SMB_REPLICATE_01"	"standard"	"OPK-SMB01"	"False"	"False"	"False"	"True"
"System.String[]"		"OPK-SMB01"					"4294967295"	"CH3-NTAP01"	"manual"	"/Shares/REPLICATE/Generation"	"Generation"	"System.String[]"	"System.String[]"	"vol_SMB_REPLICATE_01"	"standard"	"OPK-SMB01"	"False"	"False"	"False"	"True"
"System.String[]"		"OPK-SMB01"					"4294967295"	"CH3-NTAP01"	"manual"	"/Shares/REPLICATE/Line"	"Line"	"System.String[]"	"System.String[]"	"vol_SMB_REPLICATE_01"	"standard"	"OPK-SMB01"	"False"	"False"	"False"	"True"
"System.String[]"		"OPK-SMB01"					"4294967295"	"CH3-NTAP01"	"manual"	"/Shares/REPLICATE/PD_DistMgmt"	"PD_DistMgmt"	"System.String[]"	"System.String[]"	"vol_SMB_REPLICATE_01"	"standard"	"OPK-SMB01"	"False"	"False"	"False"	"True"
"System.String[]"		"OPK-SMB01"					"4294967295"	"CH3-NTAP01"	"manual"	"/Shares/REPLICATE/PD_PM"	"PD_PM"	"System.String[]"	"System.String[]"	"vol_SMB_REPLICATE_01"	"standard"	"OPK-SMB01"	"False"	"False"	"False"	"True"
"System.String[]"		"OPK-SMB01"					"4294967295"	"CH3-NTAP01"	"manual"	"/Shares/REPLICATE/Procurement"	"Procurement"	"System.String[]"	"System.String[]"	"vol_SMB_REPLICATE_01"	"standard"	"OPK-SMB01"	"False"	"False"	"False"	"True"
"System.String[]"		"OPK-SMB01"					"4294967295"	"CH3-NTAP01"	"manual"	"/Shares/REPLICATE/Projects"	"Projects"	"System.String[]"	"System.String[]"	"vol_SMB_REPLICATE_01"	"standard"	"OPK-SMB01"	"False"	"False"	"False"	"True"
"System.String[]"		"OPK-SMB01"					"4294967295"	"CH3-NTAP01"	"manual"	"/Shares/REPLICATE/PTE"	"PTE"	"System.String[]"	"System.String[]"	"vol_SMB_REPLICATE_01"	"standard"	"OPK-SMB01"	"False"	"False"	"False"	"True"
"System.String[]"		"OPK-SMB01"					"4294967295"	"CH3-NTAP01"	"manual"	"/Shares/REPLICATE/Reference"	"Reference"	"System.String[]"	"System.String[]"	"vol_SMB_REPLICATE_01"	"standard"	"OPK-SMB01"	"False"	"False"	"False"	"True"
"System.String[]"		"OPK-SMB01"					"4294967295"	"CH3-NTAP01"	"manual"	"/Shares/REPLICATE/SAS"	"SAS"	"System.String[]"	"System.String[]"	"vol_SMB_REPLICATE_01"	"standard"	"OPK-SMB01"	"False"	"False"	"False"	"True"
"System.String[]"		"OPK-SMB01"					"4294967295"	"CH3-NTAP01"	"manual"	"/Shares/REPLICATE/Substation"	"Substation"	"System.String[]"	"System.String[]"	"vol_SMB_REPLICATE_01"	"standard"	"OPK-SMB01"	"False"	"False"	"False"	"True"
"System.String[]"		"OPK-SMB01"					"4294967295"	"CH3-NTAP01"	"manual"	"/Shares/REPLICATE/UpdateManager"	"UpdateManager"	"System.String[]"	"System.String[]"	"vol_SMB_REPLICATE_01"	"standard"	"OPK-SMB01"	"False"	"False"	"False"	"True"
"System.String[]"		"OPK-SMB01"					"4294967295"	"CH3-NTAP01"	"manual"	"/Shares/SEGA_ARCHIVE"	"Sega_Archive"	"System.String[]"	"System.String[]"	"vol_SMB_SEGA_ARCHIVE_01"	"standard"	"OPK-SMB01"	"False"	"False"	"False"	"True"
"System.String[]"		"PLV-SMB01"					"4294967295"	"CH3-NTAP01"	"manual"	"/Shares"	"Shares$"	"System.String[]"	"System.String[]"	"JP_vol_Shares"	"standard"	"PLV-SMB01"	"False"	"False"	"False"	"True"
"System.String[]"		"PLV-SMB01"					"4294967295"	"CH3-NTAP01"	"manual"	"/Shares/NONREPLICATE/Xchange"	"Xchange"	"System.String[]"	"System.String[]"	"vol_SMB_NONREPLICATE_01"	"standard"	"PLV-SMB01"	"False"	"False"	"False"	"True"
"System.String[]"		"PLV-SMB01"					"4294967295"	"CH3-NTAP01"	"manual"	"/Shares/REPLICATE/FAC_Elec-Cntls"	"FAC_Elec-Cntls"	"System.String[]"	"System.String[]"	"vol_SMB_REPLICATE_01"	"standard"	"PLV-SMB01"	"False"	"False"	"False"	"True"
"System.String[]"		"PLV-SMB01"					"4294967295"	"CH3-NTAP01"	"manual"	"/Shares/REPLICATE/Industrial"	"Industrial"	"System.String[]"	"System.String[]"	"vol_SMB_REPLICATE_01"	"standard"	"PLV-SMB01"	"False"	"False"	"False"	"True"
"System.String[]"		"PLV-SMB01"					"4294967295"	"CH3-NTAP01"	"manual"	"/Shares/REPLICATE/UpdateManager"	"UpdateManager"	"System.String[]"	"System.String[]"	"vol_SMB_REPLICATE_01"	"standard"	"PLV-SMB01"	"False"	"False"	"False"	"True"
"System.String[]"		"STL-SMB01"					"4294967295"	"CH3-NTAP01"	"manual"	"/Shares"	"Shares$"	"System.String[]"	"System.String[]"	"JP_vol_Shares"	"standard"	"STL-SMB01"	"False"	"False"	"False"	"True"
"System.String[]"		"STL-SMB01"					"4294967295"	"CH3-NTAP01"	"manual"	"/Shares/NONREPLICATE/Xchange"	"Xchange"	"System.String[]"	"System.String[]"	"vol_SMB_NONREPLICATE_01"	"standard"	"STL-SMB01"	"False"	"False"	"False"	"True"
"System.String[]"		"STL-SMB01"					"4294967295"	"CH3-NTAP01"	"manual"	"/Shares/REPLICATE/bd"	"BD"	"System.String[]"	"System.String[]"	"vol_SMB_REPLICATE_01"	"standard"	"STL-SMB01"	"False"	"False"	"False"	"True"
"System.String[]"		"STL-SMB01"					"4294967295"	"CH3-NTAP01"	"manual"	"/Shares/REPLICATE/cad"	"CAD"	"System.String[]"	"System.String[]"	"vol_SMB_REPLICATE_01"	"standard"	"STL-SMB01"	"False"	"False"	"False"	"True"
"System.String[]"		"STL-SMB01"					"4294967295"	"CH3-NTAP01"	"manual"	"/Shares/REPLICATE/facilities"	"Facilities"	"System.String[]"	"System.String[]"	"vol_SMB_REPLICATE_01"	"standard"	"STL-SMB01"	"False"	"False"	"False"	"True"
"System.String[]"		"STL-SMB01"					"4294967295"	"CH3-NTAP01"	"manual"	"/Shares/REPLICATE/itops"	"ITops"	"System.String[]"	"System.String[]"	"vol_SMB_REPLICATE_01"	"standard"	"STL-SMB01"	"False"	"False"	"False"	"True"
"System.String[]"		"STL-SMB01"					"4294967295"	"CH3-NTAP01"	"manual"	"/Shares/REPLICATE/Lidar"	"Lidar"	"System.String[]"	"System.String[]"	"vol_SMB_REPLICATE_01"	"standard"	"STL-SMB01"	"False"	"False"	"False"	"True"
"System.String[]"		"STL-SMB01"					"4294967295"	"CH3-NTAP01"	"manual"	"/Shares/REPLICATE/line"	"Line"	"System.String[]"	"System.String[]"	"vol_SMB_REPLICATE_01"	"standard"	"STL-SMB01"	"False"	"False"	"False"	"True"
"System.String[]"		"STL-SMB01"					"4294967295"	"CH3-NTAP01"	"manual"	"/Shares/REPLICATE/PD_DistMgmt"	"PD_DistMgmt"	"System.String[]"	"System.String[]"	"vol_SMB_REPLICATE_01"	"standard"	"STL-SMB01"	"False"	"False"	"False"	"True"
"System.String[]"		"STL-SMB01"					"4294967295"	"CH3-NTAP01"	"manual"	"/Shares/REPLICATE/substation"	"Substation"	"System.String[]"	"System.String[]"	"vol_SMB_REPLICATE_01"	"standard"	"STL-SMB01"	"False"	"False"	"False"	"True"
"System.String[]"		"STL-SMB01"					"4294967295"	"CH3-NTAP01"	"manual"	"/Shares/REPLICATE/tdmgmt"	"TDmgmt"	"System.String[]"	"System.String[]"	"vol_SMB_REPLICATE_01"	"standard"	"STL-SMB01"	"False"	"False"	"False"	"True"
"System.String[]"		"STL-SMB01"					"4294967295"	"CH3-NTAP01"	"manual"	"/Shares/REPLICATE/UpdateManager"	"UpdateManager"	"System.String[]"	"System.String[]"	"vol_SMB_REPLICATE_01"	"standard"	"STL-SMB01"	"False"	"False"	"False"	"True"
"System.String[]"		"AST-SMB01"					"4294967295"	"DA11-NTAP01"	"manual"	"/Shares"	"Shares$"	"System.String[]"	"System.String[]"	"JP_vol_Shares"	"standard"	"AST-SMB01"	"False"	"False"	"False"	"True"
"System.String[]"		"AST-SMB01"					"4294967295"	"DA11-NTAP01"	"manual"	"/Shares/NONREPLICATE/Xchange"	"Xchange"	"System.String[]"	"System.String[]"	"vol_SMB_NONREPLICATE_01"	"standard"	"AST-SMB01"	"False"	"False"	"False"	"True"
"System.String[]"		"AST-SMB01"					"4294967295"	"DA11-NTAP01"	"manual"	"/Shares/REPLICATE/Archived_Projects"	"Archived_Projects"	"System.String[]"	"System.String[]"	"vol_SMB_REPLICATE_01"	"standard"	"AST-SMB01"	"False"	"False"	"False"	"True"
"System.String[]"		"AST-SMB01"					"4294967295"	"DA11-NTAP01"	"manual"	"/Shares/REPLICATE/Austin_Projects"	"Austin_Projects"	"System.String[]"	"System.String[]"	"vol_SMB_REPLICATE_01"	"standard"	"AST-SMB01"	"False"	"False"	"False"	"True"
"System.String[]"		"AST-SMB01"					"4294967295"	"DA11-NTAP01"	"manual"	"/Shares/REPLICATE/Austin_Resources"	"Austin_Resources"	"System.String[]"	"System.String[]"	"vol_SMB_REPLICATE_01"	"standard"	"AST-SMB01"	"False"	"False"	"False"	"True"
"System.String[]"		"AUS-SMB01"					"4294967295"	"DA11-NTAP01"	"manual"	"/Shares"	"Shares$"	"System.String[]"	"System.String[]"	"JP_vol_Shares"	"standard"	"AUS-SMB01"	"False"	"False"	"False"	"True"
"System.String[]"		"AUS-SMB01"					"4294967295"	"DA11-NTAP01"	"manual"	"/Shares/NONREPLICATE/Xchange"	"Xchange"	"System.String[]"	"System.String[]"	"vol_SMB_NONREPLICATE_01"	"standard"	"AUS-SMB01"	"False"	"False"	"False"	"True"
"System.String[]"		"AUS-SMB01"					"4294967295"	"DA11-NTAP01"	"manual"	"/Shares/REPLICATE/Enviro"	"Enviro"	"System.String[]"	"System.String[]"	"vol_SMB_REPLICATE_01"	"standard"	"AUS-SMB01"	"False"	"False"	"False"	"True"
"System.String[]"		"AUS-SMB01"					"4294967295"	"DA11-NTAP01"	"manual"	"/Shares/REPLICATE/Line"	"Line"	"System.String[]"	"System.String[]"	"vol_SMB_REPLICATE_01"	"standard"	"AUS-SMB01"	"False"	"False"	"False"	"True"
"System.String[]"		"AUS-SMB01"					"4294967295"	"DA11-NTAP01"	"manual"	"/Shares/REPLICATE/Substation"	"Substation"	"System.String[]"	"System.String[]"	"vol_SMB_REPLICATE_01"	"standard"	"AUS-SMB01"	"False"	"False"	"False"	"True"
"System.String[]"		"DA11-SMB01"					"4294967295"	"DA11-NTAP01"	"manual"	"/Shares"	"Shares$"	"System.String[]"	"System.String[]"	"JP_vol_Shares"	"standard"	"DA11-SMB01"	"False"	"False"	"False"	"True"
"System.String[]"		"DA11-SMB01"					"4294967295"	"DA11-NTAP01"	"manual"	"/Shares/NONREPLICATE/Xchange"	"Xchange"	"System.String[]"	"System.String[]"	"vol_SMB_NONREPLICATE_01"	"standard"	"DA11-SMB01"	"False"	"False"	"False"	"True"
"System.String[]"		"DA11-SMB01"					"4294967295"	"DA11-NTAP01"	"manual"	"/Shares/REPLICATE/UpdateManager"	"UpdateManager"	"System.String[]"	"System.String[]"	"vol_SMB_REPLICATE_01"	"standard"	"DA11-SMB01"	"False"	"False"	"False"	"True"
"System.String[]"		"FTW-SMB01"					"4294967295"	"DA11-NTAP01"	"manual"	"/Shares"	"Shares$"	"System.String[]"	"System.String[]"	"JP_vol_Shares"	"standard"	"FTW-SMB01"	"False"	"False"	"False"	"True"
"System.String[]"		"FTW-SMB01"					"4294967295"	"DA11-NTAP01"	"manual"	"/Shares/NONREPLICATE/Xchange"	"Xchange"	"System.String[]"	"System.String[]"	"vol_SMB_NONREPLICATE_01"	"standard"	"FTW-SMB01"	"False"	"False"	"False"	"True"
"System.String[]"		"FTW-SMB01"					"4294967295"	"DA11-NTAP01"	"manual"	"/Shares/REPLICATE/CPData"	"CPData"	"System.String[]"	"System.String[]"	"vol_SMB_REPLICATE_01"	"standard"	"FTW-SMB01"	"False"	"False"	"False"	"True"
"System.String[]"		"FTW-SMB01"					"4294967295"	"DA11-NTAP01"	"manual"	"/Shares/REPLICATE/FTWSUS"	"FTWSUS"	"System.String[]"	"System.String[]"	"vol_SMB_REPLICATE_01"	"standard"	"FTW-SMB01"	"False"	"False"	"False"	"True"
"System.String[]"		"FTW-SMB01"					"4294967295"	"DA11-NTAP01"	"manual"	"/Shares/REPLICATE/Line"	"Line"	"System.String[]"	"System.String[]"	"vol_SMB_REPLICATE_01"	"standard"	"FTW-SMB01"	"False"	"False"	"False"	"True"
"System.String[]"		"FTW-SMB01"					"4294967295"	"DA11-NTAP01"	"manual"	"/Shares/REPLICATE/PD_DistMgmt"	"PD_DistMgmt"	"System.String[]"	"System.String[]"	"vol_SMB_REPLICATE_01"	"standard"	"FTW-SMB01"	"False"	"False"	"False"	"True"
"System.String[]"		"FTW-SMB01"					"4294967295"	"DA11-NTAP01"	"manual"	"/Shares/REPLICATE/Project_Controls"	"Project_Controls"	"System.String[]"	"System.String[]"	"vol_SMB_REPLICATE_01"	"standard"	"FTW-SMB01"	"False"	"False"	"False"	"True"
"System.String[]"		"FTW-SMB01"					"4294967295"	"DA11-NTAP01"	"manual"	"/Shares/REPLICATE/SAS"	"SAS"	"System.String[]"	"System.String[]"	"vol_SMB_REPLICATE_01"	"standard"	"FTW-SMB01"	"False"	"False"	"False"	"True"
"System.String[]"		"FTW-SMB01"					"4294967295"	"DA11-NTAP01"	"manual"	"/Shares/REPLICATE/Substation"	"Substation"	"System.String[]"	"System.String[]"	"vol_SMB_REPLICATE_01"	"standard"	"FTW-SMB01"	"False"	"False"	"False"	"True"
"System.String[]"		"FTW-SMB01"					"4294967295"	"DA11-NTAP01"	"manual"	"/Shares/REPLICATE/UpdateManager"	"UpdateManager"	"System.String[]"	"System.String[]"	"vol_SMB_REPLICATE_01"	"standard"	"FTW-SMB01"	"False"	"False"	"False"	"True"
"System.String[]"		"HOU-SMB01"					"4294967295"	"DA11-NTAP01"	"manual"	"/Shares"	"Shares$"	"System.String[]"	"System.String[]"	"JP_vol_Shares"	"standard"	"HOU-SMB01"	"False"	"False"	"False"	"True"
"System.String[]"		"HOU-SMB01"					"4294967295"	"DA11-NTAP01"	"manual"	"/Shares/NONREPLICATE/Xchange"	"Xchange"	"System.String[]"	"System.String[]"	"vol_SMB_NONREPLICATE_01"	"standard"	"HOU-SMB01"	"False"	"False"	"False"	"True"
"System.String[]"		"HOU-SMB01"					"4294967295"	"DA11-NTAP01"	"manual"	"/Shares/REPLICATE/Archive"	"Archive"	"System.String[]"	"System.String[]"	"vol_SMB_REPLICATE_01"	"standard"	"HOU-SMB01"	"False"	"False"	"False"	"True"
"System.String[]"		"HOU-SMB01"					"4294967295"	"DA11-NTAP01"	"manual"	"/Shares/REPLICATE/Enviro"	"Enviro"	"System.String[]"	"System.String[]"	"vol_SMB_REPLICATE_01"	"standard"	"HOU-SMB01"	"False"	"False"	"False"	"True"
"System.String[]"		"HOU-SMB01"					"4294967295"	"DA11-NTAP01"	"manual"	"/Shares/REPLICATE/Line"	"Line"	"System.String[]"	"System.String[]"	"vol_SMB_REPLICATE_01"	"standard"	"HOU-SMB01"	"False"	"False"	"False"	"True"
"System.String[]"		"HOU-SMB01"					"4294967295"	"DA11-NTAP01"	"manual"	"/Shares/REPLICATE/Reference"	"Reference"	"System.String[]"	"System.String[]"	"vol_SMB_REPLICATE_01"	"standard"	"HOU-SMB01"	"False"	"False"	"False"	"True"
"System.String[]"		"HOU-SMB01"					"4294967295"	"DA11-NTAP01"	"manual"	"/Shares/REPLICATE/Substation"	"Substation"	"System.String[]"	"System.String[]"	"vol_SMB_REPLICATE_01"	"standard"	"HOU-SMB01"	"False"	"False"	"False"	"True"
"System.String[]"		"HOU-SMB01"					"4294967295"	"DA11-NTAP01"	"manual"	"/Shares/REPLICATE/TnDtesting"	"TnDtesting"	"System.String[]"	"System.String[]"	"vol_SMB_REPLICATE_01"	"standard"	"HOU-SMB01"	"False"	"False"	"False"	"True"
"System.String[]"		"HOU-SMB01"					"4294967295"	"DA11-NTAP01"	"manual"	"/Shares/REPLICATE/UpdateManager"	"UpdateManager"	"System.String[]"	"System.String[]"	"vol_SMB_REPLICATE_01"	"standard"	"HOU-SMB01"	"False"	"False"	"False"	"True"
"System.String[]"		"SAT-SMB01"					"4294967295"	"DA11-NTAP01"	"manual"	"/Shares"	"Shares$"	"System.String[]"	"System.String[]"	"JP_vol_Shares"	"standard"	"SAT-SMB01"	"False"	"False"	"False"	"True"
"System.String[]"		"SAT-SMB01"					"4294967295"	"DA11-NTAP01"	"manual"	"/Shares/REPLICATE"	"SAT"	"System.String[]"	"System.String[]"	"vol_SMB_REPLICATE_01"	"standard"	"SAT-SMB01"	"False"	"False"	"False"	"True"
"System.String[]"		"LAB-SMB01"					"4294967295"	"LAB-NTAP01"	"manual"	"/Shares"	"Shares$"	"System.String[]"	"System.String[]"	"JP_vol_Shares"	"standard"	"LAB-SMB01"	"False"	"False"	"False"	"True"
"System.String[]"		"LAB-SMB01"					"4294967295"	"LAB-NTAP01"	"manual"	"/Shares/REPLICATE/Test"	"Test"	"System.String[]"	"System.String[]"	"vol_SMB_REPLICATE_01"	"standard"	"LAB-SMB01"	"False"	"False"	"False"	"True"
"System.String[]"		"LAB-SMB02"					"4294967295"	"LAB-NTAP01"	"manual"	"/Shares"	"Shares$"	"System.String[]"	"System.String[]"	"JP_vol_Shares"	"standard"	"LAB-SMB02"	"False"	"False"	"False"	"True"
"System.String[]"		"LAB-SMB02"					"4294967295"	"LAB-NTAP01"	"manual"	"/Shares/Test"	"Test"	"System.String[]"	"System.String[]"	"vol_SMB_Test_01"	"standard"	"LAB-SMB02"	"False"	"False"	"False"	"True"
"System.String[]"		"LAB-SMB03"					"4294967295"	"LAB-NTAP01"	"manual"	"/Shares"	"Shares$"	"System.String[]"	"System.String[]"	"JP_vol_Shares"	"standard"	"LAB-SMB03"	"False"	"False"	"False"	"True"
"System.String[]"		"LAB-SMB03"					"4294967295"	"LAB-NTAP01"	"manual"	"/Shares/Test"	"Test"	"System.String[]"	"System.String[]"	"vol_SMB_Test_01"	"standard"	"LAB-SMB03"	"False"	"False"	"False"	"True"
"System.String[]"		"DEN-SMB01"					"4294967295"	"LAS04-NTAP01"	"manual"	"/Shares"	"Shares$"	"System.String[]"	"System.String[]"	"JP_vol_Shares"	"standard"	"DEN-SMB01"	"False"	"False"	"False"	"True"
"System.String[]"		"DEN-SMB01"					"4294967295"	"LAS04-NTAP01"	"manual"	"/Shares/NONREPLICATE/Xchange"	"Xchange"	"System.String[]"	"System.String[]"	"vol_SMB_NONREPLICATE_01"	"standard"	"DEN-SMB01"	"False"	"False"	"False"	"True"
"System.String[]"		"DEN-SMB01"					"4294967295"	"LAS04-NTAP01"	"manual"	"/Shares/REPLICATE/DENSUS"	"DENSUS"	"System.String[]"	"System.String[]"	"vol_SMB_REPLICATE_01"	"standard"	"DEN-SMB01"	"False"	"False"	"False"	"True"
"System.String[]"		"DEN-SMB01"					"4294967295"	"LAS04-NTAP01"	"manual"	"/Shares/REPLICATE/Enviro"	"Enviro"	"System.String[]"	"System.String[]"	"vol_SMB_REPLICATE_01"	"standard"	"DEN-SMB01"	"False"	"False"	"False"	"True"
"System.String[]"		"DEN-SMB01"					"4294967295"	"LAS04-NTAP01"	"manual"	"/Shares/REPLICATE/Galena_Advisors"	"Galena_Advisors"	"System.String[]"	"System.String[]"	"vol_SMB_REPLICATE_01"	"standard"	"DEN-SMB01"	"False"	"False"	"False"	"True"
"System.String[]"		"DEN-SMB01"					"4294967295"	"LAS04-NTAP01"	"manual"	"/Shares/REPLICATE/GIS"	"GIS"	"System.String[]"	"System.String[]"	"vol_SMB_REPLICATE_01"	"standard"	"DEN-SMB01"	"False"	"False"	"False"	"True"
"System.String[]"		"DEN-SMB01"					"4294967295"	"LAS04-NTAP01"	"manual"	"/Shares/REPLICATE/Line"	"Line"	"System.String[]"	"System.String[]"	"vol_SMB_REPLICATE_01"	"standard"	"DEN-SMB01"	"False"	"False"	"False"	"True"
"System.String[]"		"DEN-SMB01"					"4294967295"	"LAS04-NTAP01"	"manual"	"/Shares/REPLICATE/Plot Files"	"Plot Files"	"System.String[]"	"System.String[]"	"vol_SMB_REPLICATE_01"	"standard"	"DEN-SMB01"	"False"	"False"	"False"	"True"
"System.String[]"		"DEN-SMB01"					"4294967295"	"LAS04-NTAP01"	"manual"	"/Shares/REPLICATE/Salient"	"Salient"	"System.String[]"	"System.String[]"	"vol_SMB_REPLICATE_01"	"standard"	"DEN-SMB01"	"False"	"False"	"False"	"True"
"System.String[]"		"DEN-SMB01"					"4294967295"	"LAS04-NTAP01"	"manual"	"/Shares/REPLICATE/SAS"	"SAS"	"System.String[]"	"System.String[]"	"vol_SMB_REPLICATE_01"	"standard"	"DEN-SMB01"	"False"	"False"	"False"	"True"
"System.String[]"		"DEN-SMB01"					"4294967295"	"LAS04-NTAP01"	"manual"	"/Shares/REPLICATE/Substation"	"Substation"	"System.String[]"	"System.String[]"	"vol_SMB_REPLICATE_01"	"standard"	"DEN-SMB01"	"False"	"False"	"False"	"True"
"System.String[]"		"DEN-SMB01"					"4294967295"	"LAS04-NTAP01"	"manual"	"/Shares/REPLICATE/UpdateManager"	"UpdateManager"	"System.String[]"	"System.String[]"	"vol_SMB_REPLICATE_01"	"standard"	"DEN-SMB01"	"False"	"False"	"False"	"True"
"System.String[]"		"LAS04-SMB01"					"4294967295"	"LAS04-NTAP01"	"manual"	"/Shares"	"Shares$"	"System.String[]"	"System.String[]"	"JP_vol_Shares"	"standard"	"LAS04-SMB01"	"False"	"False"	"False"	"True"
"System.String[]"		"LAS04-SMB01"					"4294967295"	"LAS04-NTAP01"	"manual"	"/Shares/NONREPLICATE/Xchange"	"Xchange"	"System.String[]"	"System.String[]"	"vol_SMB_NONREPLICATE_01"	"standard"	"LAS04-SMB01"	"False"	"False"	"False"	"True"
"System.String[]"		"LAS04-SMB01"					"4294967295"	"LAS04-NTAP01"	"manual"	"/Shares/REPLICATE/UpdateManager"	"UpdateManager"	"System.String[]"	"System.String[]"	"vol_SMB_REPLICATE_01"	"standard"	"LAS04-SMB01"	"False"	"False"	"False"	"True"
"System.String[]"		"LAX-SMB01"					"4294967295"	"LAS04-NTAP01"	"manual"	"/Shares"	"Shares$"	"System.String[]"	"System.String[]"	"JP_vol_Shares"	"standard"	"LAX-SMB01"	"False"	"False"	"False"	"True"
"System.String[]"		"LAX-SMB01"					"4294967295"	"LAS04-NTAP01"	"manual"	"/Shares/NONREPLICATE/Xchange"	"Xchange"	"System.String[]"	"System.String[]"	"vol_SMB_NONREPLICATE_01"	"standard"	"LAX-SMB01"	"False"	"False"	"False"	"True"
"System.String[]"		"LAX-SMB01"					"4294967295"	"LAS04-NTAP01"	"manual"	"/Shares/REPLICATE/Environmental"	"Environmental"	"System.String[]"	"System.String[]"	"vol_SMB_REPLICATE_01"	"standard"	"LAX-SMB01"	"False"	"False"	"False"	"True"
"System.String[]"		"LAX-SMB01"					"4294967295"	"LAS04-NTAP01"	"manual"	"/Shares/REPLICATE/Line"	"Line"	"System.String[]"	"System.String[]"	"vol_SMB_REPLICATE_01"	"standard"	"LAX-SMB01"	"False"	"False"	"False"	"True"
"System.String[]"		"LAX-SMB01"					"4294967295"	"LAS04-NTAP01"	"manual"	"/Shares/REPLICATE/Substation"	"Substation"	"System.String[]"	"System.String[]"	"vol_SMB_REPLICATE_01"	"standard"	"LAX-SMB01"	"False"	"False"	"False"	"True"
"System.String[]"		"LAX-SMB01"					"4294967295"	"LAS04-NTAP01"	"manual"	"/Shares/REPLICATE/TnD_BD"	"TnD_BD"	"System.String[]"	"System.String[]"	"vol_SMB_REPLICATE_01"	"standard"	"LAX-SMB01"	"False"	"False"	"False"	"True"
"System.String[]"		"LAX-SMB01"					"4294967295"	"LAS04-NTAP01"	"manual"	"/Shares/REPLICATE/TnDtesting"	"TnDtesting"	"System.String[]"	"System.String[]"	"vol_SMB_REPLICATE_01"	"standard"	"LAX-SMB01"	"False"	"False"	"False"	"True"
"System.String[]"		"LAX-SMB01"					"4294967295"	"LAS04-NTAP01"	"manual"	"/Shares/REPLICATE/UpdateManager"	"UpdateManager"	"System.String[]"	"System.String[]"	"vol_SMB_REPLICATE_01"	"standard"	"LAX-SMB01"	"False"	"False"	"False"	"True"
"System.String[]"		"PHX-SMB01"					"4294967295"	"LAS04-NTAP01"	"manual"	"/Shares"	"Shares$"	"System.String[]"	"System.String[]"	"JP_vol_Shares"	"standard"	"PHX-SMB01"	"False"	"False"	"False"	"True"
"System.String[]"		"PHX-SMB01"					"4294967295"	"LAS04-NTAP01"	"manual"	"/Shares/NONREPLICATE/Xchange"	"Xchange"	"System.String[]"	"System.String[]"	"vol_SMB_NONREPLICATE_01"	"standard"	"PHX-SMB01"	"False"	"False"	"False"	"True"
"System.String[]"		"PHX-SMB01"					"4294967295"	"LAS04-NTAP01"	"manual"	"/Shares/REPLICATE/Environmental"	"Environmental"	"System.String[]"	"System.String[]"	"vol_SMB_REPLICATE_01"	"standard"	"PHX-SMB01"	"False"	"False"	"False"	"True"
"System.String[]"		"PHX-SMB01"					"4294967295"	"LAS04-NTAP01"	"manual"	"/Shares/REPLICATE/Line"	"Line"	"System.String[]"	"System.String[]"	"vol_SMB_REPLICATE_01"	"standard"	"PHX-SMB01"	"False"	"False"	"False"	"True"
"System.String[]"		"PHX-SMB01"					"4294967295"	"LAS04-NTAP01"	"manual"	"/Shares/REPLICATE/PD_DistMgmt"	"PD_DistMgmt"	"System.String[]"	"System.String[]"	"vol_SMB_REPLICATE_01"	"standard"	"PHX-SMB01"	"False"	"False"	"False"	"True"
"System.String[]"		"PHX-SMB01"					"4294967295"	"LAS04-NTAP01"	"manual"	"/Shares/REPLICATE/Studies"	"Studies"	"System.String[]"	"System.String[]"	"vol_SMB_REPLICATE_01"	"standard"	"PHX-SMB01"	"False"	"False"	"False"	"True"
"System.String[]"		"PHX-SMB01"					"4294967295"	"LAS04-NTAP01"	"manual"	"/Shares/REPLICATE/Substation"	"Substation"	"System.String[]"	"System.String[]"	"vol_SMB_REPLICATE_01"	"standard"	"PHX-SMB01"	"False"	"False"	"False"	"True"
"System.String[]"		"PHX-SMB01"					"4294967295"	"LAS04-NTAP01"	"manual"	"/Shares/REPLICATE/TD_PDS"	"TD_PDS"	"System.String[]"	"System.String[]"	"vol_SMB_REPLICATE_01"	"standard"	"PHX-SMB01"	"False"	"False"	"False"	"True"
"System.String[]"		"SAC-SMB01"					"4294967295"	"LAS04-NTAP01"	"manual"	"/Shares"	"Shares$"	"System.String[]"	"System.String[]"	"JP_vol_Shares"	"standard"	"SAC-SMB01"	"False"	"False"	"False"	"True"
"System.String[]"		"SAC-SMB01"					"4294967295"	"LAS04-NTAP01"	"manual"	"/Shares/REPLICATE/field_info"	"Field_info"	"System.String[]"	"System.String[]"	"vol_SMB_REPLICATE_01"	"standard"	"SAC-SMB01"	"False"	"False"	"False"	"True"
"System.String[]"		"SAC-SMB01"					"4294967295"	"LAS04-NTAP01"	"manual"	"/Shares/REPLICATE/PCI"	"PCI"	"System.String[]"	"System.String[]"	"vol_SMB_REPLICATE_01"	"standard"	"SAC-SMB01"	"False"	"False"	"False"	"True"
"System.String[]"		"SAN-SMB01"					"4294967295"	"LAS04-NTAP01"	"manual"	"/Shares"	"Shares$"	"System.String[]"	"System.String[]"	"JP_vol_Shares"	"standard"	"SAN-SMB01"	"False"	"False"	"False"	"True"
"System.String[]"		"SAN-SMB01"					"4294967295"	"LAS04-NTAP01"	"manual"	"/Shares/NONREPLICATE/Xchange"	"Xchange"	"System.String[]"	"System.String[]"	"vol_SMB_NONREPLICATE_01"	"standard"	"SAN-SMB01"	"False"	"False"	"False"	"True"
"System.String[]"		"SAN-SMB01"					"4294967295"	"LAS04-NTAP01"	"manual"	"/Shares/REPLICATE/Enviro"	"Enviro"	"System.String[]"	"System.String[]"	"vol_SMB_REPLICATE_01"	"standard"	"SAN-SMB01"	"False"	"False"	"False"	"True"
"System.String[]"		"SAN-SMB01"					"4294967295"	"LAS04-NTAP01"	"manual"	"/Shares/REPLICATE/Facilities_Mgmt"	"Facilities_Mgmt"	"System.String[]"	"System.String[]"	"vol_SMB_REPLICATE_01"	"standard"	"SAN-SMB01"	"False"	"False"	"False"	"True"
"System.String[]"		"SAN-SMB01"					"4294967295"	"LAS04-NTAP01"	"manual"	"/Shares/REPLICATE/Lidar"	"Lidar"	"System.String[]"	"System.String[]"	"vol_SMB_REPLICATE_01"	"standard"	"SAN-SMB01"	"False"	"False"	"False"	"True"
"System.String[]"		"SAN-SMB01"					"4294967295"	"LAS04-NTAP01"	"manual"	"/Shares/REPLICATE/Line"	"Line"	"System.String[]"	"System.String[]"	"vol_SMB_REPLICATE_01"	"standard"	"SAN-SMB01"	"False"	"False"	"False"	"True"
"System.String[]"		"SAN-SMB01"					"4294967295"	"LAS04-NTAP01"	"manual"	"/Shares/REPLICATE/PD_DistMgmt"	"PD_DistMgmt"	"System.String[]"	"System.String[]"	"vol_SMB_REPLICATE_01"	"standard"	"SAN-SMB01"	"False"	"False"	"False"	"True"
"System.String[]"		"SAN-SMB01"					"4294967295"	"LAS04-NTAP01"	"manual"	"/Shares/REPLICATE/SAS"	"SAS"	"System.String[]"	"System.String[]"	"vol_SMB_REPLICATE_01"	"standard"	"SAN-SMB01"	"False"	"False"	"False"	"True"
"System.String[]"		"SAN-SMB01"					"4294967295"	"LAS04-NTAP01"	"manual"	"/Shares/REPLICATE/Substation"	"Substation"	"System.String[]"	"System.String[]"	"vol_SMB_REPLICATE_01"	"standard"	"SAN-SMB01"	"False"	"False"	"False"	"True"
"System.String[]"		"SAN-SMB01"					"4294967295"	"LAS04-NTAP01"	"manual"	"/Shares/REPLICATE/TnDpm"	"TnDpm"	"System.String[]"	"System.String[]"	"vol_SMB_REPLICATE_01"	"standard"	"SAN-SMB01"	"False"	"False"	"False"	"True"
"System.String[]"		"SAN-SMB01"					"4294967295"	"LAS04-NTAP01"	"manual"	"/Shares/REPLICATE/UpdateManager"	"UpdateManager"	"System.String[]"	"System.String[]"	"vol_SMB_REPLICATE_01"	"standard"	"SAN-SMB01"	"False"	"False"	"False"	"True"
"System.String[]"		"SLC-SMB01"					"4294967295"	"LAS04-NTAP01"	"manual"	"/Shares"	"Shares$"	"System.String[]"	"System.String[]"	"JP_vol_Shares"	"standard"	"SLC-SMB01"	"False"	"False"	"False"	"True"
"System.String[]"		"SLC-SMB01"					"4294967295"	"LAS04-NTAP01"	"manual"	"/Shares/NONREPLICATE/Xchange"	"Xchange"	"System.String[]"	"System.String[]"	"vol_SMB_NONREPLICATE_01"	"standard"	"SLC-SMB01"	"False"	"False"	"False"	"True"
"System.String[]"		"SLC-SMB01"					"4294967295"	"LAS04-NTAP01"	"manual"	"/Shares/REPLICATE/Environmental"	"Environmental"	"System.String[]"	"System.String[]"	"vol_SMB_REPLICATE_01"	"standard"	"SLC-SMB01"	"False"	"False"	"False"	"True"
"System.String[]"		"SLC-SMB01"					"4294967295"	"LAS04-NTAP01"	"manual"	"/Shares/REPLICATE/PD_DistMgmt"	"PD_DistMgmt"	"System.String[]"	"System.String[]"	"vol_SMB_REPLICATE_01"	"standard"	"SLC-SMB01"	"False"	"False"	"False"	"True"
"System.String[]"		"SLC-SMB01"					"4294967295"	"LAS04-NTAP01"	"manual"	"/Shares/REPLICATE/Substation"	"Substation"	"System.String[]"	"System.String[]"	"vol_SMB_REPLICATE_01"	"standard"	"SLC-SMB01"	"False"	"False"	"False"	"True"
"System.String[]"		"AUG-SMB01"					"4294967295"	"NY7-NTAP01"	"manual"	"/Shares"	"Shares$"	"System.String[]"	"System.String[]"	"JP_vol_Shares"	"standard"	"AUG-SMB01"	"False"	"False"	"False"	"True"
"System.String[]"		"AUG-SMB01"					"4294967295"	"NY7-NTAP01"	"manual"	"/Shares/NONREPLICATE/Xchange"	"Xchange"	"System.String[]"	"System.String[]"	"vol_SMB_NONREPLICATE_01"	"standard"	"AUG-SMB01"	"False"	"False"	"False"	"True"
"System.String[]"		"AUG-SMB01"					"4294967295"	"NY7-NTAP01"	"manual"	"/Shares/REPLICATE/Projects"	"Projects"	"System.String[]"	"System.String[]"	"vol_SMB_REPLICATE_01"	"standard"	"AUG-SMB01"	"False"	"False"	"False"	"True"
"System.String[]"		"AUG-SMB01"					"4294967295"	"NY7-NTAP01"	"manual"	"/Shares/REPLICATE/Substation"	"Substation"	"System.String[]"	"System.String[]"	"vol_SMB_REPLICATE_01"	"standard"	"AUG-SMB01"	"False"	"False"	"False"	"True"
"System.String[]"		"BOS-SMB01"					"4294967295"	"NY7-NTAP01"	"manual"	"/Shares"	"Shares$"	"System.String[]"	"System.String[]"	"JP_vol_Shares"	"standard"	"BOS-SMB01"	"False"	"False"	"False"	"True"
"System.String[]"		"BOS-SMB01"					"4294967295"	"NY7-NTAP01"	"manual"	"/Shares/NONREPLICATE/Xchange"	"Xchange"	"System.String[]"	"System.String[]"	"vol_SMB_NONREPLICATE_01"	"standard"	"BOS-SMB01"	"False"	"False"	"False"	"True"
"System.String[]"		"BOS-SMB01"					"4294967295"	"NY7-NTAP01"	"manual"	"/Shares/REPLICATE/Environmental"	"Environmental"	"System.String[]"	"System.String[]"	"vol_SMB_REPLICATE_01"	"standard"	"BOS-SMB01"	"False"	"False"	"False"	"True"
"System.String[]"		"BOS-SMB01"					"4294967295"	"NY7-NTAP01"	"manual"	"/Shares/REPLICATE/line"	"Line"	"System.String[]"	"System.String[]"	"vol_SMB_REPLICATE_01"	"standard"	"BOS-SMB01"	"False"	"False"	"False"	"True"
"System.String[]"		"BOS-SMB01"					"4294967295"	"NY7-NTAP01"	"manual"	"/Shares/REPLICATE/PD_DistMgmt"	"PD_DistMgmt"	"System.String[]"	"System.String[]"	"vol_SMB_REPLICATE_01"	"standard"	"BOS-SMB01"	"False"	"False"	"False"	"True"
"System.String[]"		"BOS-SMB01"					"4294967295"	"NY7-NTAP01"	"manual"	"/Shares/REPLICATE/Program_Management"	"Program_Management"	"System.String[]"	"System.String[]"	"vol_SMB_REPLICATE_01"	"standard"	"BOS-SMB01"	"False"	"False"	"False"	"True"
"System.String[]"		"BOS-SMB01"					"4294967295"	"NY7-NTAP01"	"manual"	"/Shares/REPLICATE/Reference"	"Reference"	"System.String[]"	"System.String[]"	"vol_SMB_REPLICATE_01"	"standard"	"BOS-SMB01"	"False"	"False"	"False"	"True"
"System.String[]"		"BOS-SMB01"					"4294967295"	"NY7-NTAP01"	"manual"	"/Shares/REPLICATE/Substation"	"Substation"	"System.String[]"	"System.String[]"	"vol_SMB_REPLICATE_01"	"standard"	"BOS-SMB01"	"False"	"False"	"False"	"True"
"System.String[]"		"FRE-SMB01"					"4294967295"	"NY7-NTAP01"	"manual"	"/Shares"	"Shares$"	"System.String[]"	"System.String[]"	"JP_vol_Shares"	"standard"	"FRE-SMB01"	"False"	"False"	"False"	"True"
"System.String[]"		"FRE-SMB01"					"4294967295"	"NY7-NTAP01"	"manual"	"/Shares/NONREPLICATE/Xchange"	"Xchange"	"System.String[]"	"System.String[]"	"vol_SMB_NONREPLICATE_01"	"standard"	"FRE-SMB01"	"False"	"False"	"False"	"True"
"System.String[]"		"FRE-SMB01"					"4294967295"	"NY7-NTAP01"	"manual"	"/Shares/REPLICATE/Admin"	"Admin"	"System.String[]"	"System.String[]"	"vol_SMB_REPLICATE_01"	"standard"	"FRE-SMB01"	"False"	"False"	"False"	"True"
"System.String[]"		"FRE-SMB01"					"4294967295"	"NY7-NTAP01"	"manual"	"/Shares/REPLICATE/Enviro"	"Enviro"	"System.String[]"	"System.String[]"	"vol_SMB_REPLICATE_01"	"standard"	"FRE-SMB01"	"False"	"False"	"False"	"True"
"System.String[]"		"FRE-SMB01"					"4294967295"	"NY7-NTAP01"	"manual"	"/Shares/REPLICATE/itops"	"ITops"	"System.String[]"	"System.String[]"	"vol_SMB_REPLICATE_01"	"standard"	"FRE-SMB01"	"False"	"False"	"False"	"True"
"System.String[]"		"FRE-SMB01"					"4294967295"	"NY7-NTAP01"	"manual"	"/Shares/REPLICATE/line"	"Line"	"System.String[]"	"System.String[]"	"vol_SMB_REPLICATE_01"	"standard"	"FRE-SMB01"	"False"	"False"	"False"	"True"
"System.String[]"		"FRE-SMB01"					"4294967295"	"NY7-NTAP01"	"manual"	"/Shares/REPLICATE/Project_Control"	"Project_Control"	"System.String[]"	"System.String[]"	"vol_SMB_REPLICATE_01"	"standard"	"FRE-SMB01"	"False"	"False"	"False"	"True"
"System.String[]"		"FRE-SMB01"					"4294967295"	"NY7-NTAP01"	"manual"	"/Shares/REPLICATE/Reference"	"Reference"	"System.String[]"	"System.String[]"	"vol_SMB_REPLICATE_01"	"standard"	"FRE-SMB01"	"False"	"False"	"False"	"True"
"System.String[]"		"FRE-SMB01"					"4294967295"	"NY7-NTAP01"	"manual"	"/Shares/REPLICATE/SAS"	"SAS"	"System.String[]"	"System.String[]"	"vol_SMB_REPLICATE_01"	"standard"	"FRE-SMB01"	"False"	"False"	"False"	"True"
"System.String[]"		"FRE-SMB01"					"4294967295"	"NY7-NTAP01"	"manual"	"/Shares/REPLICATE/StratComm"	"StratComm"	"System.String[]"	"System.String[]"	"vol_SMB_REPLICATE_01"	"standard"	"FRE-SMB01"	"False"	"False"	"False"	"True"
"System.String[]"		"FRE-SMB01"					"4294967295"	"NY7-NTAP01"	"manual"	"/Shares/REPLICATE/substation"	"Substation"	"System.String[]"	"System.String[]"	"vol_SMB_REPLICATE_01"	"standard"	"FRE-SMB01"	"False"	"False"	"False"	"True"
"System.String[]"		"FRE-SMB01"					"4294967295"	"NY7-NTAP01"	"manual"	"/Shares/REPLICATE/UpdateManager"	"UpdateManager"	"System.String[]"	"System.String[]"	"vol_SMB_REPLICATE_01"	"standard"	"FRE-SMB01"	"False"	"False"	"False"	"True"
"System.String[]"		"FRE-SMB01"					"4294967295"	"NY7-NTAP01"	"manual"	"/Shares/REPLICATE/Video"	"Video"	"System.String[]"	"System.String[]"	"vol_SMB_REPLICATE_01"	"standard"	"FRE-SMB01"	"False"	"False"	"False"	"True"
"System.String[]"		"HAM-SMB01"					"4294967295"	"NY7-NTAP01"	"manual"	"/Shares"	"Shares$"	"System.String[]"	"System.String[]"	"JP_vol_Shares"	"standard"	"HAM-SMB01"	"False"	"False"	"False"	"True"
"System.String[]"		"HAM-SMB01"					"4294967295"	"NY7-NTAP01"	"manual"	"/Shares/NONREPLICATE/Xchange"	"Xchange"	"System.String[]"	"System.String[]"	"vol_SMB_NONREPLICATE_01"	"standard"	"HAM-SMB01"	"False"	"False"	"False"	"True"
"System.String[]"		"HAM-SMB01"					"4294967295"	"NY7-NTAP01"	"manual"	"/Shares/REPLICATE/Facilities"	"Facilities"	"System.String[]"	"System.String[]"	"vol_SMB_REPLICATE_01"	"standard"	"HAM-SMB01"	"False"	"False"	"False"	"True"
"System.String[]"		"HAM-SMB01"					"4294967295"	"NY7-NTAP01"	"manual"	"/Shares/REPLICATE/Line"	"Line"	"System.String[]"	"System.String[]"	"vol_SMB_REPLICATE_01"	"standard"	"HAM-SMB01"	"False"	"False"	"False"	"True"
"System.String[]"		"HAM-SMB01"					"4294967295"	"NY7-NTAP01"	"manual"	"/Shares/REPLICATE/Projects"	"Projects"	"System.String[]"	"System.String[]"	"vol_SMB_REPLICATE_01"	"standard"	"HAM-SMB01"	"False"	"False"	"False"	"True"
"System.String[]"		"HAM-SMB01"					"4294967295"	"NY7-NTAP01"	"manual"	"/Shares/REPLICATE/SAS"	"SAS"	"System.String[]"	"System.String[]"	"vol_SMB_REPLICATE_01"	"standard"	"HAM-SMB01"	"False"	"False"	"False"	"True"
"System.String[]"		"HAM-SMB01"					"4294967295"	"NY7-NTAP01"	"manual"	"/Shares/REPLICATE/Substation"	"Substation"	"System.String[]"	"System.String[]"	"vol_SMB_REPLICATE_01"	"standard"	"HAM-SMB01"	"False"	"False"	"False"	"True"
"System.String[]"		"MTL-SMB01"					"4294967295"	"NY7-NTAP01"	"manual"	"/Shares"	"Shares$"	"System.String[]"	"System.String[]"	"JP_vol_Shares"	"standard"	"MTL-SMB01"	"False"	"False"	"False"	"True"
"System.String[]"		"MTL-SMB01"					"4294967295"	"NY7-NTAP01"	"manual"	"/Shares/NONREPLICATE/Xchange"	"Xchange"	"System.String[]"	"System.String[]"	"vol_SMB_NONREPLICATE_01"	"standard"	"MTL-SMB01"	"False"	"False"	"False"	"True"
"System.String[]"		"MTL-SMB01"					"4294967295"	"NY7-NTAP01"	"manual"	"/Shares/REPLICATE/Reference"	"Reference"	"System.String[]"	"System.String[]"	"vol_SMB_REPLICATE_01"	"standard"	"MTL-SMB01"	"False"	"False"	"False"	"True"
"System.String[]"		"MTL-SMB01"					"4294967295"	"NY7-NTAP01"	"manual"	"/Shares/REPLICATE/Shared/Public"	"Public"	"System.String[]"	"System.String[]"	"vol_SMB_REPLICATE_01"	"standard"	"MTL-SMB01"	"False"	"False"	"False"	"True"
"System.String[]"		"MTL-SMB01"					"4294967295"	"NY7-NTAP01"	"manual"	"/Shares/REPLICATE/Shared/Restricted"	"Restricted"	"System.String[]"	"System.String[]"	"vol_SMB_REPLICATE_01"	"standard"	"MTL-SMB01"	"False"	"False"	"False"	"True"
"System.String[]"		"MTL-SMB01"					"4294967295"	"NY7-NTAP01"	"manual"	"/Shares/REPLICATE/Shared/Substation"	"Substation"	"System.String[]"	"System.String[]"	"vol_SMB_REPLICATE_01"	"standard"	"MTL-SMB01"	"False"	"False"	"False"	"True"
"System.String[]"		"MTL-SMB01"					"4294967295"	"NY7-NTAP01"	"manual"	"/Shares/REPLICATE/Smartplant/CAE"	"CAE"	"System.String[]"	"System.String[]"	"vol_SMB_REPLICATE_01"	"standard"	"MTL-SMB01"	"False"	"False"	"False"	"True"
"System.String[]"		"NY7-SMB01"					"4294967295"	"NY7-NTAP01"	"manual"	"/Shares"	"Shares$"	"System.String[]"	"System.String[]"	"JP_vol_Shares"	"standard"	"NY7-SMB01"	"False"	"False"	"False"	"True"
"System.String[]"		"NY7-SMB01"					"4294967295"	"NY7-NTAP01"	"manual"	"/Shares/NONREPLICATE/Xchange"	"Xchange"	"System.String[]"	"System.String[]"	"vol_SMB_NONREPLICATE_01"	"standard"	"NY7-SMB01"	"False"	"False"	"False"	"True"
"System.String[]"		"NY7-SMB01"					"4294967295"	"NY7-NTAP01"	"manual"	"/Shares/REPLICATE/Line"	"Line"	"System.String[]"	"System.String[]"	"vol_SMB_REPLICATE_01"	"standard"	"NY7-SMB01"	"False"	"False"	"False"	"True"
"System.String[]"		"NY7-SMB01"					"4294967295"	"NY7-NTAP01"	"manual"	"/Shares/REPLICATE/PD_DistMgmt"	"PD_DistMgmt"	"System.String[]"	"System.String[]"	"vol_SMB_REPLICATE_01"	"standard"	"NY7-SMB01"	"False"	"False"	"False"	"True"
"System.String[]"		"NY7-SMB01"					"4294967295"	"NY7-NTAP01"	"manual"	"/Shares/REPLICATE/UpdateManager"	"UpdateManager"	"System.String[]"	"System.String[]"	"vol_SMB_REPLICATE_01"	"standard"	"NY7-SMB01"	"False"	"False"	"False"	"True"
"System.String[]"		"ORA-SMB01"					"4294967295"	"NY7-NTAP01"	"manual"	"/Shares"	"Shares$"	"System.String[]"	"System.String[]"	"JP_vol_Shares"	"standard"	"ORA-SMB01"	"False"	"False"	"False"	"True"
"System.String[]"		"ORA-SMB01"					"4294967295"	"NY7-NTAP01"	"manual"	"/Shares/NONREPLICATE/Xchange"	"Xchange"	"System.String[]"	"System.String[]"	"vol_SMB_NONREPLICATE_01"	"standard"	"ORA-SMB01"	"False"	"False"	"False"	"True"
"System.String[]"		"ORA-SMB01"					"4294967295"	"NY7-NTAP01"	"manual"	"/Shares/REPLICATE/Apps"	"Apps"	"System.String[]"	"System.String[]"	"vol_SMB_REPLICATE_01"	"standard"	"ORA-SMB01"	"False"	"False"	"False"	"True"
"System.String[]"		"ORA-SMB01"					"4294967295"	"NY7-NTAP01"	"manual"	"/Shares/REPLICATE/B&R Public"	"Public"	"System.String[]"	"System.String[]"	"vol_SMB_REPLICATE_01"	"standard"	"ORA-SMB01"	"False"	"False"	"False"	"True"
"System.String[]"		"ORA-SMB01"					"4294967295"	"NY7-NTAP01"	"manual"	"/Shares/REPLICATE/B&R Restricted"	"Restricted"	"System.String[]"	"System.String[]"	"vol_SMB_REPLICATE_01"	"standard"	"ORA-SMB01"	"False"	"False"	"False"	"True"
"System.String[]"		"ORA-SMB01"					"4294967295"	"NY7-NTAP01"	"manual"	"/Shares/REPLICATE/Operations"	"Operations"	"System.String[]"	"System.String[]"	"vol_SMB_REPLICATE_01"	"standard"	"ORA-SMB01"	"False"	"False"	"False"	"True"
"System.String[]"		"ORA-SMB01"					"4294967295"	"NY7-NTAP01"	"manual"	"/Shares/REPLICATE/Printroom_Requests"	"Printroom_Requests"	"System.String[]"	"System.String[]"	"vol_SMB_REPLICATE_01"	"standard"	"ORA-SMB01"	"False"	"False"	"False"	"True"
"System.String[]"		"ORA-SMB01"					"4294967295"	"NY7-NTAP01"	"manual"	"/Shares/REPLICATE/Substation"	"Substation"	"System.String[]"	"System.String[]"	"vol_SMB_REPLICATE_01"	"standard"	"ORA-SMB01"	"False"	"False"	"False"	"True"
"System.String[]"		"ORA-SMB01"					"4294967295"	"NY7-NTAP01"	"manual"	"/Shares/REPLICATE/UpdateManager"	"UpdateManager"	"System.String[]"	"System.String[]"	"vol_SMB_REPLICATE_01"	"standard"	"ORA-SMB01"	"False"	"False"	"False"	"True"
"System.String[]"		"RIC-SMB01"					"4294967295"	"NY7-NTAP01"	"manual"	"/Shares"	"Shares$"	"System.String[]"	"System.String[]"	"JP_vol_Shares"	"standard"	"RIC-SMB01"	"False"	"False"	"False"	"True"
"System.String[]"		"RIC-SMB01"					"4294967295"	"NY7-NTAP01"	"manual"	"/Shares/NONREPLICATE/Xchange"	"Xchange"	"System.String[]"	"System.String[]"	"vol_SMB_NONREPLICATE_01"	"standard"	"RIC-SMB01"	"False"	"False"	"False"	"True"
"System.String[]"		"RIC-SMB01"					"4294967295"	"NY7-NTAP01"	"manual"	"/Shares/REPLICATE/Admin"	"Admin"	"System.String[]"	"System.String[]"	"vol_SMB_REPLICATE_01"	"standard"	"RIC-SMB01"	"False"	"False"	"False"	"True"
"System.String[]"		"RIC-SMB01"					"4294967295"	"NY7-NTAP01"	"manual"	"/Shares/REPLICATE/Enviro_Service"	"Enviro_Service"	"System.String[]"	"System.String[]"	"vol_SMB_REPLICATE_01"	"standard"	"RIC-SMB01"	"False"	"False"	"False"	"True"
"System.String[]"		"RIC-SMB01"					"4294967295"	"NY7-NTAP01"	"manual"	"/Shares/REPLICATE/Substation"	"Substation"	"System.String[]"	"System.String[]"	"vol_SMB_REPLICATE_01"	"standard"	"RIC-SMB01"	"False"	"False"	"False"	"True"
"System.String[]"		"SYR-SMB01"					"4294967295"	"NY7-NTAP01"	"manual"	"/Shares"	"Shares$"	"System.String[]"	"System.String[]"	"JP_vol_Shares"	"standard"	"SYR-SMB01"	"False"	"False"	"False"	"True"
"System.String[]"		"SYR-SMB01"					"4294967295"	"NY7-NTAP01"	"manual"	"/Shares/NONREPLICATE/Xchange"	"Xchange"	"System.String[]"	"System.String[]"	"vol_SMB_NONREPLICATE_01"	"standard"	"SYR-SMB01"	"False"	"False"	"False"	"True"
"System.String[]"		"SYR-SMB01"					"4294967295"	"NY7-NTAP01"	"manual"	"/Shares/REPLICATE/line"	"Line"	"System.String[]"	"System.String[]"	"vol_SMB_REPLICATE_01"	"standard"	"SYR-SMB01"	"False"	"False"	"False"	"True"
"System.String[]"		"SYR-SMB01"					"4294967295"	"NY7-NTAP01"	"manual"	"/Shares/REPLICATE/PD_DistMgmt"	"PD_DistMgmt"	"System.String[]"	"System.String[]"	"vol_SMB_REPLICATE_01"	"standard"	"SYR-SMB01"	"False"	"False"	"False"	"True"
"System.String[]"		"SYR-SMB01"					"4294967295"	"NY7-NTAP01"	"manual"	"/Shares/REPLICATE/PD_ProjMgmt"	"PD_ProjMgmt"	"System.String[]"	"System.String[]"	"vol_SMB_REPLICATE_01"	"standard"	"SYR-SMB01"	"False"	"False"	"False"	"True"
"System.String[]"		"SYR-SMB01"					"4294967295"	"NY7-NTAP01"	"manual"	"/Shares/REPLICATE/sas"	"SAS"	"System.String[]"	"System.String[]"	"vol_SMB_REPLICATE_01"	"standard"	"SYR-SMB01"	"False"	"False"	"False"	"True"
"System.String[]"		"SYR-SMB01"					"4294967295"	"NY7-NTAP01"	"manual"	"/Shares/REPLICATE/substation"	"Substation"	"System.String[]"	"System.String[]"	"vol_SMB_REPLICATE_01"	"standard"	"SYR-SMB01"	"False"	"False"	"False"	"True"
"System.String[]"		"BIL-SMB01"					"4294967295"	"SE4-NTAP01"	"manual"	"/Shares"	"Shares$"	"System.String[]"	"System.String[]"	"JP_vol_Shares"	"standard"	"BIL-SMB01"	"False"	"False"	"False"	"True"
"System.String[]"		"BIL-SMB01"					"4294967295"	"SE4-NTAP01"	"manual"	"/Shares/NONREPLICATE/Xchange"	"Xchange"	"System.String[]"	"System.String[]"	"vol_SMB_NONREPLICATE_01"	"standard"	"BIL-SMB01"	"False"	"False"	"False"	"True"
"System.String[]"		"BIL-SMB01"					"4294967295"	"SE4-NTAP01"	"manual"	"/Shares/REPLICATE/scada"	"Scada"	"System.String[]"	"System.String[]"	"vol_SMB_REPLICATE_01"	"standard"	"BIL-SMB01"	"False"	"False"	"False"	"True"
"System.String[]"		"BIL-SMB01"					"4294967295"	"SE4-NTAP01"	"manual"	"/Shares/REPLICATE/substation"	"Substation"	"System.String[]"	"System.String[]"	"vol_SMB_REPLICATE_01"	"standard"	"BIL-SMB01"	"False"	"False"	"False"	"True"
"System.String[]"		"BIL-SMB01"					"4294967295"	"SE4-NTAP01"	"manual"	"/Shares/REPLICATE/UpdateManager"	"UpdateManager"	"System.String[]"	"System.String[]"	"vol_SMB_REPLICATE_01"	"standard"	"BIL-SMB01"	"False"	"False"	"False"	"True"
"System.String[]"		"BOI-SMB01"					"4294967295"	"SE4-NTAP01"	"manual"	"/Shares"	"Shares$"	"System.String[]"	"System.String[]"	"JP_vol_Shares"	"standard"	"BOI-SMB01"	"False"	"False"	"False"	"True"
"System.String[]"		"BOI-SMB01"					"4294967295"	"SE4-NTAP01"	"manual"	"/Shares/Accounting"	"Accounting"	"System.String[]"	"System.String[]"	"vol_SMB_Accounting_01"	"standard"	"BOI-SMB01"	"False"	"False"	"False"	"True"
"System.String[]"		"BOI-SMB01"					"4294967295"	"SE4-NTAP01"	"manual"	"/Shares/AEP_OE_Projects"	"AEP_OE_Projects"	"System.String[]"	"System.String[]"	"vol_SMB_AEP_OE_Projects_01"	"standard"	"BOI-SMB01"	"False"	"False"	"False"	"True"
"System.String[]"		"BOI-SMB01"					"4294967295"	"SE4-NTAP01"	"manual"	"/Shares/Archive"	"Archive"	"System.String[]"	"System.String[]"	"vol_SMB_Archive_01"	"standard"	"BOI-SMB01"	"False"	"False"	"False"	"True"
"System.String[]"		"BOI-SMB01"					"4294967295"	"SE4-NTAP01"	"manual"	"/Shares/BKK_Data"	"BKK_Data"	"System.String[]"	"System.String[]"	"vol_SMB_BKK_data_01"	"standard"	"BOI-SMB01"	"False"	"False"	"False"	"True"
"System.String[]"		"BOI-SMB01"					"4294967295"	"SE4-NTAP01"	"manual"	"/Shares/CAD_Standards"	"CAD_Standards"	"System.String[]"	"System.String[]"	"vol_SMB_CAD_Standards_01"	"standard"	"BOI-SMB01"	"False"	"False"	"False"	"True"
"System.String[]"		"BOI-SMB01"					"4294967295"	"SE4-NTAP01"	"manual"	"/Shares/CDLibrary"	"CDLibrary"	"System.String[]"	"System.String[]"	"vol_SMB_CD_Library_01"	"standard"	"BOI-SMB01"	"False"	"False"	"False"	"True"
"System.String[]"		"BOI-SMB01"					"4294967295"	"SE4-NTAP01"	"manual"	"/Shares/Civil"	"Civil"	"System.String[]"	"System.String[]"	"vol_SMB_Civil_01"	"standard"	"BOI-SMB01"	"False"	"False"	"False"	"True"
"System.String[]"		"BOI-SMB01"					"4294967295"	"SE4-NTAP01"	"manual"	"/Shares/Enviro"	"Enviro"	"System.String[]"	"System.String[]"	"vol_SMB_Enviro_01"	"standard"	"BOI-SMB01"	"False"	"False"	"False"	"True"
"System.String[]"		"BOI-SMB01"					"4294967295"	"SE4-NTAP01"	"manual"	"/Shares/FAC_Elec_Cntls"	"FAC_Elec_Cntls"	"System.String[]"	"System.String[]"	"vol_SMB_FAC_Elec_Cntls_01"	"standard"	"BOI-SMB01"	"False"	"False"	"False"	"True"
"System.String[]"		"BOI-SMB01"					"4294967295"	"SE4-NTAP01"	"manual"	"/Shares/FAC_Shared"	"FAC_Shared"	"System.String[]"	"System.String[]"	"vol_SMB_FAC_Shared_01"	"standard"	"BOI-SMB01"	"False"	"False"	"False"	"True"
"System.String[]"		"BOI-SMB01"					"4294967295"	"SE4-NTAP01"	"manual"	"/Shares/Facilities"	"Facilities"	"System.String[]"	"System.String[]"	"vol_SMB_Facilities_01"	"standard"	"BOI-SMB01"	"False"	"False"	"False"	"True"
"System.String[]"		"BOI-SMB01"					"4294967295"	"SE4-NTAP01"	"manual"	"/Shares/Federal"	"Federal"	"System.String[]"	"System.String[]"	"vol_SMB_Federal_01"	"standard"	"BOI-SMB01"	"False"	"False"	"False"	"True"
"System.String[]"		"BOI-SMB01"					"4294967295"	"SE4-NTAP01"	"manual"	"/Shares/Generation"	"Generation"	"System.String[]"	"System.String[]"	"vol_SMB_Generation_01"	"standard"	"BOI-SMB01"	"False"	"False"	"False"	"True"
"System.String[]"		"BOI-SMB01"					"4294967295"	"SE4-NTAP01"	"manual"	"/Shares/GIS"	"GIS"	"System.String[]"	"System.String[]"	"vol_SMB_GIS_01"	"standard"	"BOI-SMB01"	"False"	"False"	"False"	"True"
"System.String[]"		"BOI-SMB01"					"4294967295"	"SE4-NTAP01"	"manual"	"/Shares/GIS_data"	"GIS_Data"	"System.String[]"	"System.String[]"	"vol_SMB_GIS_data_01"	"standard"	"BOI-SMB01"	"False"	"False"	"False"	"True"
"System.String[]"		"BOI-SMB01"					"4294967295"	"SE4-NTAP01"	"manual"	"/Shares/GIS_softdist"	"GIS_Softdist"	"System.String[]"	"System.String[]"	"vol_SMB_GIS_softdist_01"	"standard"	"BOI-SMB01"	"False"	"False"	"False"	"True"
"System.String[]"		"BOI-SMB01"					"4294967295"	"SE4-NTAP01"	"manual"	"/Shares/HRBenefits"	"HRBenefits"	"System.String[]"	"System.String[]"	"vol_SMB_HRBenefits_01"	"standard"	"BOI-SMB01"	"False"	"False"	"False"	"True"
"System.String[]"		"BOI-SMB01"					"4294967295"	"SE4-NTAP01"	"manual"	"/Shares/INDadmin"	"INDadmin"	"System.String[]"	"System.String[]"	"vol_SMB_INDadmin_01"	"standard"	"BOI-SMB01"	"False"	"False"	"False"	"True"
"System.String[]"		"BOI-SMB01"					"4294967295"	"SE4-NTAP01"	"manual"	"/Shares/IndustPM"	"IndustPM"	"System.String[]"	"System.String[]"	"vol_SMB_IndustPM_01"	"standard"	"BOI-SMB01"	"False"	"False"	"False"	"True"
"System.String[]"		"BOI-SMB01"					"4294967295"	"SE4-NTAP01"	"manual"	"/Shares/Industrial"	"Industrial"	"System.String[]"	"System.String[]"	"vol_SMB_Industrial_01"	"standard"	"BOI-SMB01"	"False"	"False"	"False"	"True"
"System.String[]"		"BOI-SMB01"					"4294967295"	"SE4-NTAP01"	"manual"	"/Shares/ITES"	"ITES"	"System.String[]"	"System.String[]"	"vol_SMB_ITES_01"	"standard"	"BOI-SMB01"	"False"	"False"	"False"	"True"
"System.String[]"		"BOI-SMB01"					"4294967295"	"SE4-NTAP01"	"manual"	"/Shares/ITxchange"	"ITxchange"	"System.String[]"	"System.String[]"	"vol_SMB_ITxchange_01"	"standard"	"BOI-SMB01"	"False"	"False"	"False"	"True"
"System.String[]"		"BOI-SMB01"					"4294967295"	"SE4-NTAP01"	"manual"	"/Shares/Legal"	"Legal"	"System.String[]"	"System.String[]"	"vol_SMB_Legal_01"	"standard"	"BOI-SMB01"	"False"	"False"	"False"	"True"
"System.String[]"		"BOI-SMB01"					"4294967295"	"SE4-NTAP01"	"manual"	"/Shares/Lidar"	"Lidar"	"System.String[]"	"System.String[]"	"vol_SMB_Lidar_01"	"standard"	"BOI-SMB01"	"False"	"False"	"False"	"True"
"System.String[]"		"BOI-SMB01"					"4294967295"	"SE4-NTAP01"	"manual"	"/Shares/Line"	"Line"	"System.String[]"	"System.String[]"	"vol_SMB_Line_01"	"standard"	"BOI-SMB01"	"False"	"False"	"False"	"True"
"System.String[]"		"BOI-SMB01"					"4294967295"	"SE4-NTAP01"	"manual"	"/Shares/Operations"	"Operations"	"System.String[]"	"System.String[]"	"vol_SMB_Operations_01"	"standard"	"BOI-SMB01"	"False"	"False"	"False"	"True"
"System.String[]"		"BOI-SMB01"					"4294967295"	"SE4-NTAP01"	"manual"	"/Shares/PD_DistMgmt"	"PD_DistMgmt"	"System.String[]"	"System.String[]"	"vol_SMB_PD_DistMgmt_01"	"standard"	"BOI-SMB01"	"False"	"False"	"False"	"True"
"System.String[]"		"BOI-SMB01"					"4294967295"	"SE4-NTAP01"	"manual"	"/Shares/PD_Prog_Mgmt"	"PD_Prog_Mgmt"	"System.String[]"	"System.String[]"	"vol_SMB_PD_Prog_Mgmt_01"	"standard"	"BOI-SMB01"	"False"	"False"	"False"	"True"
"System.String[]"		"BOI-SMB01"					"4294967295"	"SE4-NTAP01"	"manual"	"/Shares/Printroom_Requests"	"Printroom_Requests"	"System.String[]"	"System.String[]"	"vol_SMB_Printroom_Requests_01"	"standard"	"BOI-SMB01"	"False"	"False"	"False"	"True"
"System.String[]"		"BOI-SMB01"					"4294967295"	"SE4-NTAP01"	"manual"	"/Shares/Processing"	"Processing"	"System.String[]"	"System.String[]"	"vol_SMB_Processing_01"	"standard"	"BOI-SMB01"	"False"	"False"	"False"	"True"
"System.String[]"		"BOI-SMB01"					"4294967295"	"SE4-NTAP01"	"manual"	"/Shares/ProjControl"	"ProjControl"	"System.String[]"	"System.String[]"	"vol_SMB_ProjControl_01"	"standard"	"BOI-SMB01"	"False"	"False"	"False"	"True"
"System.String[]"		"BOI-SMB01"					"4294967295"	"SE4-NTAP01"	"manual"	"/Shares/Projects"	"Projects"	"System.String[]"	"System.String[]"	"vol_SMB_Projects_01"	"standard"	"BOI-SMB01"	"False"	"False"	"False"	"True"
"System.String[]"		"BOI-SMB01"					"4294967295"	"SE4-NTAP01"	"manual"	"/Shares/Reference"	"Reference"	"System.String[]"	"System.String[]"	"vol_SMB_Reference_01"	"standard"	"BOI-SMB01"	"False"	"False"	"False"	"True"
"System.String[]"		"BOI-SMB01"					"4294967295"	"SE4-NTAP01"	"manual"	"/Shares/Studies"	"Studies"	"System.String[]"	"System.String[]"	"vol_SMB_Studies_01"	"standard"	"BOI-SMB01"	"False"	"False"	"False"	"True"
"System.String[]"		"BOI-SMB01"					"4294967295"	"SE4-NTAP01"	"manual"	"/Shares/Substation"	"Substation"	"System.String[]"	"System.String[]"	"vol_SMB_Substation_01"	"standard"	"BOI-SMB01"	"False"	"False"	"False"	"True"
"System.String[]"		"BOI-SMB01"					"4294967295"	"SE4-NTAP01"	"manual"	"/Shares/TD"	"TD"	"System.String[]"	"System.String[]"	"vol_SMB_TD_01"	"standard"	"BOI-SMB01"	"False"	"False"	"False"	"True"
"System.String[]"		"BOI-SMB01"					"4294967295"	"SE4-NTAP01"	"manual"	"/Shares/TnD_GIS_PM"	"TnD_GIS_PM"	"System.String[]"	"System.String[]"	"vol_SMB_TnD_GIS_PM_01"	"standard"	"BOI-SMB01"	"False"	"False"	"False"	"True"
"System.String[]"		"BOI-SMB01"					"4294967295"	"SE4-NTAP01"	"manual"	"/Shares/vCAD"	"vCAD"	"System.String[]"	"System.String[]"	"vol_SMB_vCAD_01"	"standard"	"BOI-SMB01"	"False"	"False"	"False"	"True"
"System.String[]"		"BOI-SMB01"					"4294967295"	"SE4-NTAP01"	"manual"	"/Shares/VendSubmit"	"VendSubmit"	"System.String[]"	"System.String[]"	"vol_SMB_VendSubmit_01"	"standard"	"BOI-SMB01"	"False"	"False"	"False"	"True"
"System.String[]"		"BOI-SMB01"					"4294967295"	"SE4-NTAP01"	"manual"	"/Shares/Visual_Tech"	"Visual_Tech"	"System.String[]"	"System.String[]"	"vol_SMB_Visual_Tech_01"	"standard"	"BOI-SMB01"	"False"	"False"	"False"	"True"
"System.String[]"		"BOI-SMB01"					"4294967295"	"SE4-NTAP01"	"manual"	"/Shares/Xchange"	"Xchange"	"System.String[]"	"System.String[]"	"vol_SMB_Xchange_01"	"standard"	"BOI-SMB01"	"False"	"False"	"False"	"True"
"System.String[]"		"CLK-SMB01"					"4294967295"	"SE4-NTAP01"	"manual"	"/Shares"	"Shares$"	"System.String[]"	"System.String[]"	"JP_vol_Shares"	"standard"	"CLK-SMB01"	"False"	"False"	"False"	"True"
"System.String[]"		"CLK-SMB01"					"4294967295"	"SE4-NTAP01"	"manual"	"/Shares/NONREPLICATE/Xchange"	"Xchange"	"System.String[]"	"System.String[]"	"vol_SMB_NONREPLICATE_01"	"standard"	"CLK-SMB01"	"False"	"False"	"False"	"True"
"System.String[]"		"CLK-SMB01"					"4294967295"	"SE4-NTAP01"	"manual"	"/Shares/REPLICATE/Reference"	"Reference"	"System.String[]"	"System.String[]"	"vol_SMB_REPLICATE_01"	"standard"	"CLK-SMB01"	"False"	"False"	"False"	"True"
"System.String[]"		"CLK-SMB01"					"4294967295"	"SE4-NTAP01"	"manual"	"/Shares/REPLICATE/Studies"	"Studies"	"System.String[]"	"System.String[]"	"vol_SMB_REPLICATE_01"	"standard"	"CLK-SMB01"	"False"	"False"	"False"	"True"
"System.String[]"		"CLK-SMB01"					"4294967295"	"SE4-NTAP01"	"manual"	"/Shares/REPLICATE/Visual_tech"	"Visual_Tech"	"System.String[]"	"System.String[]"	"vol_SMB_REPLICATE_01"	"standard"	"CLK-SMB01"	"False"	"False"	"False"	"True"
"System.String[]"		"HLY-SMB01"					"4294967295"	"SE4-NTAP01"	"manual"	"/Shares"	"Shares$"	"System.String[]"	"System.String[]"	"JP_vol_Shares"	"standard"	"HLY-SMB01"	"False"	"False"	"False"	"True"
"System.String[]"		"HLY-SMB01"					"4294967295"	"SE4-NTAP01"	"manual"	"/Shares/Accounting"	"Accounting"	"System.String[]"	"System.String[]"	"vol_SMB_Accounting_01"	"standard"	"HLY-SMB01"	"False"	"False"	"False"	"True"
"System.String[]"		"HLY-SMB01"					"4294967295"	"SE4-NTAP01"	"manual"	"/Shares/Admin"	"Admin"	"System.String[]"	"System.String[]"	"vol_SMB_Admin_01"	"standard"	"HLY-SMB01"	"False"	"False"	"False"	"True"
"System.String[]"		"HLY-SMB01"					"4294967295"	"SE4-NTAP01"	"manual"	"/Shares/Architec"	"Architec"	"System.String[]"	"System.String[]"	"vol_SMB_Architec_01"	"standard"	"HLY-SMB01"	"False"	"False"	"False"	"True"
"System.String[]"		"HLY-SMB01"					"4294967295"	"SE4-NTAP01"	"manual"	"/Shares/BD"	"BD"	"System.String[]"	"System.String[]"	"vol_SMB_BD_01"	"standard"	"HLY-SMB01"	"False"	"False"	"False"	"True"
"System.String[]"		"HLY-SMB01"					"4294967295"	"SE4-NTAP01"	"manual"	"/Shares/BD_Archive"	"BD_Archive"	"System.String[]"	"System.String[]"	"vol_SMB_BD_Archive_01"	"standard"	"HLY-SMB01"	"False"	"False"	"False"	"True"
"System.String[]"		"HLY-SMB01"					"4294967295"	"SE4-NTAP01"	"manual"	"/Shares/BDArt"	"BDArt"	"System.String[]"	"System.String[]"	"vol_SMB_BDArt_01"	"standard"	"HLY-SMB01"	"False"	"False"	"False"	"True"
"System.String[]"		"HLY-SMB01"					"4294967295"	"SE4-NTAP01"	"manual"	"/Shares/Civil"	"Civil"	"System.String[]"	"System.String[]"	"vol_SMB_Civil_01"	"standard"	"HLY-SMB01"	"False"	"False"	"False"	"True"
"System.String[]"		"HLY-SMB01"					"4294967295"	"SE4-NTAP01"	"manual"	"/Shares/ClientStd"	"ClientStd"	"System.String[]"	"System.String[]"	"vol_SMB_ClientStd_01"	"standard"	"HLY-SMB01"	"False"	"False"	"False"	"True"
"System.String[]"		"HLY-SMB01"					"4294967295"	"SE4-NTAP01"	"manual"	"/Shares/Controls"	"Controls"	"System.String[]"	"System.String[]"	"vol_SMB_Controls_01"	"standard"	"HLY-SMB01"	"False"	"False"	"False"	"True"
"System.String[]"		"HLY-SMB01"					"4294967295"	"SE4-NTAP01"	"manual"	"/Shares/DSS"	"DSS"	"System.String[]"	"System.String[]"	"vol_SMB_DSS_01"	"standard"	"HLY-SMB01"	"False"	"False"	"False"	"True"
"System.String[]"		"HLY-SMB01"					"4294967295"	"SE4-NTAP01"	"manual"	"/Shares/Electrical"	"Electrical"	"System.String[]"	"System.String[]"	"vol_SMB_Electrical_01"	"standard"	"HLY-SMB01"	"False"	"False"	"False"	"True"
"System.String[]"		"HLY-SMB01"					"4294967295"	"SE4-NTAP01"	"manual"	"/Shares/Enviro"	"Enviro"	"System.String[]"	"System.String[]"	"vol_SMB_Enviro_01"	"standard"	"HLY-SMB01"	"False"	"False"	"False"	"True"
"System.String[]"		"HLY-SMB01"					"4294967295"	"SE4-NTAP01"	"manual"	"/Shares/Fleet"	"Fleet"	"System.String[]"	"System.String[]"	"vol_SMB_Fleet_01"	"standard"	"HLY-SMB01"	"False"	"False"	"False"	"True"
"System.String[]"		"HLY-SMB01"					"4294967295"	"SE4-NTAP01"	"manual"	"/Shares/Generation"	"Generation"	"System.String[]"	"System.String[]"	"vol_SMB_Generation_01"	"standard"	"HLY-SMB01"	"False"	"False"	"False"	"True"
"System.String[]"		"HLY-SMB01"					"4294967295"	"SE4-NTAP01"	"manual"	"/Shares/HmnRsrcs"	"HmnRsrcs"	"System.String[]"	"System.String[]"	"vol_SMB_HmnRsrcs_01"	"standard"	"HLY-SMB01"	"False"	"False"	"False"	"True"
"System.String[]"		"HLY-SMB01"					"4294967295"	"SE4-NTAP01"	"manual"	"/Shares/HRPayroll"	"HRPayroll"	"System.String[]"	"System.String[]"	"vol_SMB_HRPayroll_01"	"standard"	"HLY-SMB01"	"False"	"False"	"False"	"True"
"System.String[]"		"HLY-SMB01"					"4294967295"	"SE4-NTAP01"	"manual"	"/Shares/IndProco"	"IndProco"	"System.String[]"	"System.String[]"	"vol_SMB_IndProco_01"	"standard"	"HLY-SMB01"	"False"	"False"	"False"	"True"
"System.String[]"		"HLY-SMB01"					"4294967295"	"SE4-NTAP01"	"manual"	"/Shares/ITES"	"ITES"	"System.String[]"	"System.String[]"	"vol_SMB_ITES_01"	"standard"	"HLY-SMB01"	"False"	"False"	"False"	"True"
"System.String[]"		"HLY-SMB01"					"4294967295"	"SE4-NTAP01"	"manual"	"/Shares/ITOpsPM"	"ITOpsPM"	"System.String[]"	"System.String[]"	"vol_SMB_ITOpsPM_01"	"standard"	"HLY-SMB01"	"False"	"False"	"False"	"True"
"System.String[]"		"HLY-SMB01"					"4294967295"	"SE4-NTAP01"	"manual"	"/Shares/Legal"	"Legal"	"System.String[]"	"System.String[]"	"vol_SMB_Legal_01"	"standard"	"HLY-SMB01"	"False"	"False"	"False"	"True"
"System.String[]"		"HLY-SMB01"					"4294967295"	"SE4-NTAP01"	"manual"	"/Shares/Legal2"	"Legal2$"	"System.String[]"	"System.String[]"	"vol_SMB_Legal_02"	"standard"	"HLY-SMB01"	"False"	"False"	"False"	"True"
"System.String[]"		"HLY-SMB01"					"4294967295"	"SE4-NTAP01"	"manual"	"/Shares/Line"	"Line"	"System.String[]"	"System.String[]"	"vol_SMB_Line_01"	"standard"	"HLY-SMB01"	"False"	"False"	"False"	"True"
"System.String[]"		"HLY-SMB01"					"4294967295"	"SE4-NTAP01"	"manual"	"/Shares/Line_Lidar"	"Line_Lidar"	"System.String[]"	"System.String[]"	"vol_SMB_Line_Lidar_01"	"standard"	"HLY-SMB01"	"False"	"False"	"False"	"True"
"System.String[]"		"HLY-SMB01"					"4294967295"	"SE4-NTAP01"	"manual"	"/Shares/Mechanical"	"Mechanical"	"System.String[]"	"System.String[]"	"vol_SMB_Mechanical_01"	"standard"	"HLY-SMB01"	"False"	"False"	"False"	"True"
"System.String[]"		"HLY-SMB01"					"4294967295"	"SE4-NTAP01"	"manual"	"/Shares/Operations"	"Operations"	"System.String[]"	"System.String[]"	"vol_SMB_Operations_01"	"standard"	"HLY-SMB01"	"False"	"False"	"False"	"True"
"System.String[]"		"HLY-SMB01"					"4294967295"	"SE4-NTAP01"	"manual"	"/Shares/OpsDivMgmt"	"OpsDivMgmt"	"System.String[]"	"System.String[]"	"vol_SMB_OpsDivMgmt_01"	"standard"	"HLY-SMB01"	"False"	"False"	"False"	"True"
"System.String[]"		"HLY-SMB01"					"4294967295"	"SE4-NTAP01"	"manual"	"/Shares/OpsMgmt"	"OpsMgmt"	"System.String[]"	"System.String[]"	"vol_SMB_OpsMgmt_01"	"standard"	"HLY-SMB01"	"False"	"False"	"False"	"True"
"System.String[]"		"HLY-SMB01"					"4294967295"	"SE4-NTAP01"	"manual"	"/Shares/PCI"	"PCI"	"System.String[]"	"System.String[]"	"vol_SMB_PCI_01"	"standard"	"HLY-SMB01"	"False"	"False"	"False"	"True"
"System.String[]"		"HLY-SMB01"					"4294967295"	"SE4-NTAP01"	"manual"	"/Shares/PD_DistMgmt"	"PD_DistMgmt"	"System.String[]"	"System.String[]"	"vol_SMB_PD_DistMgmt_01"	"standard"	"HLY-SMB01"	"False"	"False"	"False"	"True"
"System.String[]"		"HLY-SMB01"					"4294967295"	"SE4-NTAP01"	"manual"	"/Shares/Powernetdocs"	"Powernetdocs"	"System.String[]"	"System.String[]"	"vol_SMB_Powernetdocs_01"	"standard"	"HLY-SMB01"	"False"	"False"	"False"	"True"
"System.String[]"		"HLY-SMB01"					"4294967295"	"SE4-NTAP01"	"manual"	"/Shares/Printroom_Requests"	"Printroom_Requests"	"System.String[]"	"System.String[]"	"vol_SMB_Printroom_Requests_01"	"standard"	"HLY-SMB01"	"False"	"False"	"False"	"True"
"System.String[]"		"HLY-SMB01"					"4294967295"	"SE4-NTAP01"	"manual"	"/Shares/Projects"	"Projects"	"System.String[]"	"System.String[]"	"vol_SMB_Projects_01"	"standard"	"HLY-SMB01"	"False"	"False"	"False"	"True"
"System.String[]"		"HLY-SMB01"					"4294967295"	"SE4-NTAP01"	"manual"	"/Shares/ProjectShare"	"ProjectShare"	"System.String[]"	"System.String[]"	"vol_SMB_ProjectShare_01"	"standard"	"HLY-SMB01"	"False"	"False"	"False"	"True"
"System.String[]"		"HLY-SMB01"					"4294967295"	"SE4-NTAP01"	"manual"	"/Shares/Rebis"	"Rebis"	"System.String[]"	"System.String[]"	"vol_SMB_Rebis_01"	"standard"	"HLY-SMB01"	"False"	"False"	"False"	"True"
"System.String[]"		"HLY-SMB01"					"4294967295"	"SE4-NTAP01"	"manual"	"/Shares/Reference"	"Reference"	"System.String[]"	"System.String[]"	"vol_SMB_Reference_01"	"standard"	"HLY-SMB01"	"False"	"False"	"False"	"True"
"System.String[]"		"HLY-SMB01"					"4294967295"	"SE4-NTAP01"	"manual"	"/Shares/Studies"	"Studies"	"System.String[]"	"System.String[]"	"vol_SMB_Studies_01"	"standard"	"HLY-SMB01"	"False"	"False"	"False"	"True"
"System.String[]"		"HLY-SMB01"					"4294967295"	"SE4-NTAP01"	"manual"	"/Shares/Substation"	"Substation"	"System.String[]"	"System.String[]"	"vol_SMB_Substation_01"	"standard"	"HLY-SMB01"	"False"	"False"	"False"	"True"
"System.String[]"		"HLY-SMB01"					"4294967295"	"SE4-NTAP01"	"manual"	"/Shares/TanDpm"	"TanDpm"	"System.String[]"	"System.String[]"	"vol_SMB_TanDpm_01"	"standard"	"HLY-SMB01"	"False"	"False"	"False"	"True"
"System.String[]"		"HLY-SMB01"					"4294967295"	"SE4-NTAP01"	"manual"	"/Shares/TanDproco"	"TanDproco"	"System.String[]"	"System.String[]"	"vol_SMB_TanDproco_01"	"standard"	"HLY-SMB01"	"False"	"False"	"False"	"True"
"System.String[]"		"HLY-SMB01"					"4294967295"	"SE4-NTAP01"	"manual"	"/Shares/TanDProdMgmt"	"TanDProdMgmt"	"System.String[]"	"System.String[]"	"vol_SMB_TanDProdMgmt_01"	"standard"	"HLY-SMB01"	"False"	"False"	"False"	"True"
"System.String[]"		"HLY-SMB01"					"4294967295"	"SE4-NTAP01"	"manual"	"/Shares/Xchange"	"Xchange"	"System.String[]"	"System.String[]"	"vol_SMB_Xchange_01"	"standard"	"HLY-SMB01"	"False"	"False"	"False"	"True"
"System.String[]"		"ITO-SMB01"					"4294967295"	"SE4-NTAP01"	"manual"	"/Shares"	"Shares$"	"System.String[]"	"System.String[]"	"JP_vol_Shares"	"standard"	"ITO-SMB01"	"False"	"False"	"False"	"True"
"System.String[]"		"ITO-SMB01"					"4294967295"	"SE4-NTAP01"	"manual"	"/Shares/NONREPLICATE/Xchange"	"Xchange"	"System.String[]"	"System.String[]"	"vol_SMB_NONREPLICATE_01"	"standard"	"ITO-SMB01"	"False"	"False"	"False"	"True"
"System.String[]"		"ITO-SMB01"					"4294967295"	"SE4-NTAP01"	"manual"	"/Shares/REPLICATE/Admin"	"Admin"	"System.String[]"	"System.String[]"	"vol_SMB_REPLICATE_01"	"standard"	"ITO-SMB01"	"False"	"False"	"False"	"True"
"System.String[]"		"ITO-SMB01"					"4294967295"	"SE4-NTAP01"	"manual"	"/Shares/REPLICATE/Facilities"	"Facilities"	"System.String[]"	"System.String[]"	"vol_SMB_REPLICATE_01"	"standard"	"ITO-SMB01"	"False"	"False"	"False"	"True"
"System.String[]"		"ITO-SMB01"					"4294967295"	"SE4-NTAP01"	"manual"	"/Shares/REPLICATE/HHMI"	"HHMI"	"System.String[]"	"System.String[]"	"vol_SMB_REPLICATE_01"	"standard"	"ITO-SMB01"	"False"	"False"	"False"	"True"
"System.String[]"		"ITO-SMB01"					"4294967295"	"SE4-NTAP01"	"manual"	"/Shares/REPLICATE/Substation"	"Substation"	"System.String[]"	"System.String[]"	"vol_SMB_REPLICATE_01"	"standard"	"ITO-SMB01"	"False"	"False"	"False"	"True"
"System.String[]"		"PTL-SMB01"					"4294967295"	"SE4-NTAP01"	"manual"	"/Shares"	"Shares$"	"System.String[]"	"System.String[]"	"JP_vol_Shares"	"standard"	"PTL-SMB01"	"False"	"False"	"False"	"True"
"System.String[]"		"PTL-SMB01"					"4294967295"	"SE4-NTAP01"	"manual"	"/Shares/NONREPLICATE/Xchange"	"Xchange"	"System.String[]"	"System.String[]"	"vol_SMB_NONREPLICATE_01"	"standard"	"PTL-SMB01"	"False"	"False"	"False"	"True"
"System.String[]"		"PTL-SMB01"					"4294967295"	"SE4-NTAP01"	"manual"	"/Shares/REPLICATE/Environmental"	"Environmental"	"System.String[]"	"System.String[]"	"vol_SMB_REPLICATE_01"	"standard"	"PTL-SMB01"	"False"	"False"	"False"	"True"
"System.String[]"		"PTL-SMB01"					"4294967295"	"SE4-NTAP01"	"manual"	"/Shares/REPLICATE/Line"	"Line"	"System.String[]"	"System.String[]"	"vol_SMB_REPLICATE_01"	"standard"	"PTL-SMB01"	"False"	"False"	"False"	"True"
"System.String[]"		"PTL-SMB01"					"4294967295"	"SE4-NTAP01"	"manual"	"/Shares/REPLICATE/PD_DistMgmt"	"PD_DistMgmt"	"System.String[]"	"System.String[]"	"vol_SMB_REPLICATE_01"	"standard"	"PTL-SMB01"	"False"	"False"	"False"	"True"
"System.String[]"		"PTL-SMB01"					"4294967295"	"SE4-NTAP01"	"manual"	"/Shares/REPLICATE/Projects"	"Projects"	"System.String[]"	"System.String[]"	"vol_SMB_REPLICATE_01"	"standard"	"PTL-SMB01"	"False"	"False"	"False"	"True"
"System.String[]"		"PTL-SMB01"					"4294967295"	"SE4-NTAP01"	"manual"	"/Shares/REPLICATE/Studies"	"Studies"	"System.String[]"	"System.String[]"	"vol_SMB_REPLICATE_01"	"standard"	"PTL-SMB01"	"False"	"False"	"False"	"True"
"System.String[]"		"PTL-SMB01"					"4294967295"	"SE4-NTAP01"	"manual"	"/Shares/REPLICATE/Substation"	"Substation"	"System.String[]"	"System.String[]"	"vol_SMB_REPLICATE_01"	"standard"	"PTL-SMB01"	"False"	"False"	"False"	"True"
"System.String[]"		"PTL-SMB01"					"4294967295"	"SE4-NTAP01"	"manual"	"/Shares/REPLICATE/Substation/Cad"	"Cad"	"System.String[]"	"System.String[]"	"vol_SMB_REPLICATE_01"	"standard"	"PTL-SMB01"	"False"	"False"	"False"	"True"
"System.String[]"		"PTL-SMB01"					"4294967295"	"SE4-NTAP01"	"manual"	"/Shares/REPLICATE/UpdateManager"	"UpdateManager"	"System.String[]"	"System.String[]"	"vol_SMB_REPLICATE_01"	"standard"	"PTL-SMB01"	"False"	"False"	"False"	"True"
"System.String[]"		"SE4-SMB01"					"4294967295"	"SE4-NTAP01"	"manual"	"/Shares"	"Shares$"	"System.String[]"	"System.String[]"	"JP_vol_Shares"	"standard"	"SE4-SMB01"	"False"	"False"	"False"	"True"
"System.String[]"		"SE4-SMB01"					"4294967295"	"SE4-NTAP01"	"manual"	"/Shares/NONREPLICATE/Xchange"	"Xchange"	"System.String[]"	"System.String[]"	"vol_SMB_NONREPLICATE_01"	"standard"	"SE4-SMB01"	"False"	"False"	"False"	"True"
"System.String[]"		"SE4-SMB01"					"4294967295"	"SE4-NTAP01"	"manual"	"/Shares/REPLICATE/Archive"	"Archive"	"System.String[]"	"System.String[]"	"vol_SMB_REPLICATE_01"	"standard"	"SE4-SMB01"	"False"	"False"	"False"	"True"
"System.String[]"		"SE4-SMB01"					"4294967295"	"SE4-NTAP01"	"manual"	"/Shares/REPLICATE/UpdateManager"	"UpdateManager"	"System.String[]"	"System.String[]"	"vol_SMB_REPLICATE_01"	"standard"	"SE4-SMB01"	"False"	"False"	"False"	"True"
"System.String[]"		"VAN-SMB01"					"4294967295"	"SE4-NTAP01"	"manual"	"/Shares"	"Shares$"	"System.String[]"	"System.String[]"	"JP_vol_Shares"	"standard"	"VAN-SMB01"	"False"	"False"	"False"	"True"
"System.String[]"		"VAN-SMB01"					"4294967295"	"SE4-NTAP01"	"manual"	"/Shares/NONREPLICATE/Xchange"	"Xchange"	"System.String[]"	"System.String[]"	"vol_SMB_NONREPLICATE_01"	"standard"	"VAN-SMB01"	"False"	"False"	"False"	"True"
"System.String[]"		"VAN-SMB01"					"4294967295"	"SE4-NTAP01"	"manual"	"/Shares/REPLICATE/Corp_PTE"	"Corp_PTE"	"System.String[]"	"System.String[]"	"vol_SMB_REPLICATE_01"	"standard"	"VAN-SMB01"	"False"	"False"	"False"	"True"
"System.String[]"		"VAN-SMB01"					"4294967295"	"SE4-NTAP01"	"manual"	"/Shares/REPLICATE/Software"	"Software"	"System.String[]"	"System.String[]"	"vol_SMB_REPLICATE_01"	"standard"	"VAN-SMB01"	"False"	"False"	"False"	"True"
"System.String[]"		"VAN-SMB01"					"4294967295"	"SE4-NTAP01"	"manual"	"/Shares/REPLICATE/TnDtesting"	"TnDtesting"	"System.String[]"	"System.String[]"	"vol_SMB_REPLICATE_01"	"standard"	"VAN-SMB01"	"False"	"False"	"False"	"True"
"System.String[]"		"VAN-SMB01"					"4294967295"	"SE4-NTAP01"	"manual"	"/Shares/REPLICATE/Training"	"Training"	"System.String[]"	"System.String[]"	"vol_SMB_REPLICATE_01"	"standard"	"VAN-SMB01"	"False"	"False"	"False"	"True"
"System.String[]"		"YYC01-SMB01"					"4294967295"	"YYC01-NTAP01"	"manual"	"/Shares"	"Shares$"	"System.String[]"	"System.String[]"	"JP_vol_Shares"	"standard"	"YYC01-SMB01"	"False"	"False"	"False"	"True"
"System.String[]"		"YYC01-SMB01"					"4294967295"	"YYC01-NTAP01"	"manual"	"/Shares/NONREPLICATE/Xchange"	"Xchange"	"System.String[]"	"System.String[]"	"vol_SMB_NONREPLICATE_01"	"standard"	"YYC01-SMB01"	"False"	"False"	"False"	"True"
"System.String[]"		"YYC01-SMB01"					"4294967295"	"YYC01-NTAP01"	"manual"	"/Shares/REPLICATE/Line"	"Line"	"System.String[]"	"System.String[]"	"vol_SMB_REPLICATE_01"	"standard"	"YYC01-SMB01"	"False"	"False"	"False"	"True"
"System.String[]"		"YYC01-SMB01"					"4294967295"	"YYC01-NTAP01"	"manual"	"/Shares/REPLICATE/PD_DistMgmt"	"PD_DistMgmt"	"System.String[]"	"System.String[]"	"vol_SMB_REPLICATE_01"	"standard"	"YYC01-SMB01"	"False"	"False"	"False"	"True"
"System.String[]"		"YYC01-SMB01"					"4294967295"	"YYC01-NTAP01"	"manual"	"/Shares/REPLICATE/Reference"	"Reference"	"System.String[]"	"System.String[]"	"vol_SMB_REPLICATE_01"	"standard"	"YYC01-SMB01"	"False"	"False"	"False"	"True"
"System.String[]"		"YYC01-SMB01"					"4294967295"	"YYC01-NTAP01"	"manual"	"/Shares/REPLICATE/Studies"	"Studies"	"System.String[]"	"System.String[]"	"vol_SMB_REPLICATE_01"	"standard"	"YYC01-SMB01"	"False"	"False"	"False"	"True"
"System.String[]"		"YYC01-SMB01"					"4294967295"	"YYC01-NTAP01"	"manual"	"/Shares/REPLICATE/UpdateManager"	"UpdateManager"	"System.String[]"	"System.String[]"	"vol_SMB_REPLICATE_01"	"standard"	"YYC01-SMB01"	"False"	"False"	"False"	"True"
