"Path"	"FileSystemRights"	"AccessControlType"	"IdentityReference"	"InheritanceFlags"	"PropagationFlags"
"\\?\UNC\HLY-SMB01\Shares$"	"FullControl"	"Allow"	"Everyone"	"None"	"None"
"\\?\UNC\HLY-SMB01\Shares$"	"268435456"	"Allow"	"Everyone"	"ContainerInherit, ObjectInherit"	"InheritOnly"
"\\?\UNC\HLY-SMB01\Shares$\Accounting"	"FullControl"	"Allow"	"POWERENG\FS-FileServices-ADM"	"ContainerInherit, ObjectInherit"	"None"
"\\?\UNC\HLY-SMB01\Shares$\Accounting"	"ReadAndExecute, Synchronize"	"Allow"	"POWERENG\FS-HLYFS1-Accounting-Share-RO"	"ContainerInherit, ObjectInherit"	"None"
"\\?\UNC\HLY-SMB01\Shares$\Accounting"	"Modify, Synchronize"	"Allow"	"POWERENG\FS-HLYFS1-Accounting-Share-RW"	"ContainerInherit, ObjectInherit"	"None"
"\\?\UNC\HLY-SMB01\Shares$\Accounting"	"FullControl"	"Allow"	"POWERENG\FS-HLYFS1-Accounting-Share-FC"	"ContainerInherit, ObjectInherit"	"None"
"\\?\UNC\HLY-SMB01\Shares$\Accounting\QFILES\1099's"	"FullControl"	"Allow"	"POWERENG\FS-FileServices-ADM"	"ContainerInherit, ObjectInherit"	"None"
"\\?\UNC\HLY-SMB01\Shares$\Accounting\QFILES\1099's"	"FullControl"	"Allow"	"POWERENG\FS-HLYFS1-Accounting-Share-1099-Folder-01-FC"	"ContainerInherit, ObjectInherit"	"None"
"\\?\UNC\HLY-SMB01\Shares$\Accounting\QFILES\1099's"	"Modify, Synchronize"	"Allow"	"POWERENG\FS-HLYFS1-Accounting-Share-1099-Folder-01-RW"	"ContainerInherit, ObjectInherit"	"None"
"\\?\UNC\HLY-SMB01\Shares$\Accounting\QFILES\1099's"	"ReadAndExecute, Synchronize"	"Allow"	"POWERENG\FS-HLYFS1-Accounting-Share-1099-Folder-01-RO"	"ContainerInherit, ObjectInherit"	"None"
"\\?\UNC\HLY-SMB01\Shares$\Accounting\QFILES\1099's\2020\2020 Bank Statements\2019 EFT-ACH BATCHES\PAC\Feb 19\PAC 02.22.19 ACH.pdf"	"FullControl"	"Allow"	"POWERENG\skloer"	"None"	"None"
"\\?\UNC\HLY-SMB01\Shares$\Accounting\QFILES\1099's\2020\2020 Bank Statements\2019 EFT-ACH BATCHES\PAC\Jan 19\PAC 01-11-19.pdf"	"FullControl"	"Allow"	"POWERENG\bkorzen"	"None"	"None"
"\\?\UNC\HLY-SMB01\Shares$\Accounting\QFILES\1099's\2020\2020 Bank Statements\2019 EFT-ACH BATCHES\PAC\Jan 19\PAC 01-25-19.pdf"	"FullControl"	"Allow"	"POWERENG\skloer"	"None"	"None"
"\\?\UNC\HLY-SMB01\Shares$\Accounting\QFILES\1099's\2020\2020 Bank Statements\2019 EFT-ACH BATCHES\PCI\FEB 19\PCI 02.22.19 ACH.pdf"	"FullControl"	"Allow"	"POWERENG\skloer"	"None"	"None"
"\\?\UNC\HLY-SMB01\Shares$\Accounting\QFILES\1099's\2020\2020 Bank Statements\2019 EFT-ACH BATCHES\PCI\JAN 19\PCI 01.25.19 ACH.pdf"	"FullControl"	"Allow"	"POWERENG\skloer"	"None"	"None"
"\\?\UNC\HLY-SMB01\Shares$\Accounting\QFILES\1099's\2020\2020 Bank Statements\2019 EFT-ACH BATCHES\PEI\FEB - 19\PEI 02.22.19 ACH.pdf"	"FullControl"	"Allow"	"POWERENG\skloer"	"None"	"None"
"\\?\UNC\HLY-SMB01\Shares$\Accounting\QFILES\1099's\2020\2020 Bank Statements\2019 EFT-ACH BATCHES\PEI\JAN - 19\PEI 01.25.19 ACH.pdf"	"FullControl"	"Allow"	"POWERENG\skloer"	"None"	"None"
"\\?\UNC\HLY-SMB01\Shares$\Accounting\QFILES\1099's\2020\2020 Bank Statements\2019 EFT-ACH BATCHES\PEI\MAR - 19\PEI 03.19.19 ACH.pdf"	"FullControl"	"Allow"	"POWERENG\skloer"	"None"	"None"
"\\?\UNC\HLY-SMB01\Shares$\Accounting\QFILES\1099's\2020\2020 Bank Statements\2019 EFT-ACH BATCHES\PTE\FEBRUARY 19\PTE 02.22.19 ACH.pdf"	"FullControl"	"Allow"	"POWERENG\skloer"	"None"	"None"
"\\?\UNC\HLY-SMB01\Shares$\Accounting\QFILES\1099's\2020\2020 Bank Statements\2019 EFT-ACH BATCHES\PTE\JANUARY 19\PTE 01.25.19 ACH.pdf"	"FullControl"	"Allow"	"POWERENG\skloer"	"None"	"None"
"\\?\UNC\HLY-SMB01\Shares$\Accounting\QFILES\AR\AR_20\AR Check Copies\March Check Copies\Arconic Ck 190024193.pdf"	"FullControl"	"Allow"	"POWERENG\FS-HLYFS1-Accounting-Share-RO"	"None"	"None"
"\\?\UNC\HLY-SMB01\Shares$\Accounting\QFILES\DISC\2017\Taxes_2017\3.  2017 SUT FILED RETURNS\PCI  08 AUG 2017\PCI FL AUG 2017.PDF"	"FullControl"	"Allow"	"S-1-5-21-1933389765-510667840-168829947-7335"	"None"	"None"
"\\?\UNC\HLY-SMB01\Shares$\Accounting\QFILES\DISC\2018\2018 EFT - ACH BATCHES\PAC\PAC DEC\PAC 12-04-18 ACH.pdf"	"FullControl"	"Allow"	"POWERENG\skloer"	"None"	"None"
"\\?\UNC\HLY-SMB01\Shares$\Accounting\QFILES\DISC\2018\2018 EFT - ACH BATCHES\PAC\PAC DEC\PAC 12-07-18 ACH.pdf"	"FullControl"	"Allow"	"POWERENG\skloer"	"None"	"None"
"\\?\UNC\HLY-SMB01\Shares$\Accounting\QFILES\DISC\2018\2018 EFT - ACH BATCHES\PCI\PCI AUG\PCI 07-31-18 ACH.pdf"	"FullControl"	"Allow"	"POWERENG\skloer"	"None"	"None"
"\\?\UNC\HLY-SMB01\Shares$\Accounting\QFILES\DISC\2018\2018 EFT - ACH BATCHES\PCI\PCI DEC\PCI 12-04-18 ACH.pdf"	"FullControl"	"Allow"	"POWERENG\skloer"	"None"	"None"
"\\?\UNC\HLY-SMB01\Shares$\Accounting\QFILES\DISC\2018\2018 EFT - ACH BATCHES\PCI\PCI DEC\PCI 12-07-18 ACH.pdf"	"FullControl"	"Allow"	"POWERENG\skloer"	"None"	"None"
"\\?\UNC\HLY-SMB01\Shares$\Accounting\QFILES\DISC\2018\2018 EFT - ACH BATCHES\PEI\PEI DEC\PEI 12-04-18 ACH.pdf"	"FullControl"	"Allow"	"POWERENG\skloer"	"None"	"None"
"\\?\UNC\HLY-SMB01\Shares$\Accounting\QFILES\DISC\2018\2018 EFT - ACH BATCHES\PEI\PEI DEC\PEI 12-07-18 ACH.pdf"	"FullControl"	"Allow"	"POWERENG\skloer"	"None"	"None"
"\\?\UNC\HLY-SMB01\Shares$\Accounting\QFILES\DISC\2018\2018 EFT - ACH BATCHES\PTE\PTE DEC\PTE 12-04-18 ACH.pdf"	"FullControl"	"Allow"	"POWERENG\skloer"	"None"	"None"
"\\?\UNC\HLY-SMB01\Shares$\Accounting\QFILES\DISC\2018\2018 EFT - ACH BATCHES\PTE\PTE DEC\PTE 12-07-18 ACH.pdf"	"FullControl"	"Allow"	"POWERENG\skloer"	"None"	"None"
"\\?\UNC\HLY-SMB01\Shares$\Accounting\QFILES\DISC\2018\Financials_18\Surveys 2018\BE-125 Foreign Transactions\BE-125 Q2-2018.pdf"	"FullControl"	"Allow"	"POWERENG\mhansen"	"None"	"None"
"\\?\UNC\HLY-SMB01\Shares$\Accounting\QFILES\DISC\2018\Financials_18\Surveys 2018\BE-125 Foreign Transactions\BE125_089320642794.pdf"	"FullControl"	"Allow"	"POWERENG\mhansen"	"None"	"None"
"\\?\UNC\HLY-SMB01\Shares$\Accounting\QFILES\DISC\2018\Financials_18\Surveys 2018\BE-125 Foreign Transactions\BRD-1_021319.pdf"	"FullControl"	"Allow"	"POWERENG\mhansen"	"None"	"None"
"\\?\UNC\HLY-SMB01\Shares$\Accounting\QFILES\DISC\2018\Taxes_2018\3.  2018 RETURN COPIES\PCI\10. October\PCI FL 10 Oct Backup.PDF"	"FullControl"	"Allow"	"POWERENG\kguerricabeitia"	"None"	"None"
"\\?\UNC\HLY-SMB01\Shares$\Accounting\QFILES\DISC\2018\Taxes_2018\3.  2018 RETURN COPIES\PCI\10. October\PCI NM 10 Oct Return.pdf"	"FullControl"	"Allow"	"POWERENG\kguerricabeitia"	"None"	"None"
"\\?\UNC\HLY-SMB01\Shares$\Accounting\QFILES\DISC\2018\Taxes_2018\3.  2018 RETURN COPIES\PCI\12. DECEMBER\PCI FL DEC 2018.PDF"	"FullControl"	"Allow"	"POWERENG\kguerricabeitia"	"None"	"None"
"\\?\UNC\HLY-SMB01\Shares$\Accounting\QFILES\DISC\2018\Taxes_2018\3.  2018 RETURN COPIES\PCI - PTE NY\PTE NY OCT 2018.pdf"	"FullControl"	"Allow"	"POWERENG\kguerricabeitia"	"None"	"None"
"\\?\UNC\HLY-SMB01\Shares$\Accounting\QFILES\DISC\2018\Taxes_2018\3.  2018 RETURN COPIES\PEI\10. OCTOBER\PEI CA 10 Oct PREPAY.pdf"	"FullControl"	"Allow"	"POWERENG\kguerricabeitia"	"None"	"None"
"\\?\UNC\HLY-SMB01\Shares$\Accounting\QFILES\DISC\2018\Taxes_2018\3.  2018 RETURN COPIES\PEI\10. OCTOBER\PEI MN 10 Oct Return.pdf"	"FullControl"	"Allow"	"POWERENG\kguerricabeitia"	"None"	"None"
"\\?\UNC\HLY-SMB01\Shares$\Accounting\QFILES\DISC\2018\Taxes_2018\3.  2018 RETURN COPIES\PEI\12. DECEMBER\PEI FL DEC 2018.PDF"	"FullControl"	"Allow"	"POWERENG\kguerricabeitia"	"None"	"None"
"\\?\UNC\HLY-SMB01\Shares$\Accounting\QFILES\DISC\2018\Taxes_2018\3.  2018 RETURN COPIES\PEI\12. DECEMBER\PEI NM DEC 2018 Return.pdf"	"FullControl"	"Allow"	"POWERENG\kguerricabeitia"	"None"	"None"
"\\?\UNC\HLY-SMB01\Shares$\Accounting\QFILES\DISC\2018\Taxes_2018\3.  2018 RETURN COPIES\PEI\6.  JUNE\PEI FL JUN 2018.PDF"	"FullControl"	"Allow"	"S-1-5-21-1380516296-1705272057-1576261225-42539"	"None"	"None"
"\\?\UNC\HLY-SMB01\Shares$\Accounting\QFILES\DISC\2018\Taxes_2018\3.  2018 RETURN COPIES\PEI\9. SEPTEMBER\PE CO Sales and Use SEP 2018 RETURN.pdf"	"FullControl"	"Allow"	"POWERENG\kguerricabeitia"	"None"	"None"
"\\?\UNC\HLY-SMB01\Shares$\Accounting\QFILES\DISC\2018\Taxes_2018\3.  2018 RETURN COPIES\PEI\9. SEPTEMBER\PEI MN SEP 2018 Return.pdf"	"FullControl"	"Allow"	"POWERENG\kguerricabeitia"	"None"	"None"
"\\?\UNC\HLY-SMB01\Shares$\Accounting\QFILES\DISC\2018\Taxes_2018\3.  2018 RETURN COPIES\PEI\9. SEPTEMBER\PEI OK Sales SEPT 2018 Return.pdf"	"FullControl"	"Allow"	"POWERENG\kguerricabeitia"	"None"	"None"
"\\?\UNC\HLY-SMB01\Shares$\Accounting\QFILES\DISC\2018\Taxes_2018\3.  2018 RETURN COPIES\PEI\9. SEPTEMBER\PEI SD SEP 2018.pdf"	"FullControl"	"Allow"	"POWERENG\kguerricabeitia"	"None"	"None"
"\\?\UNC\HLY-SMB01\Shares$\Accounting\QFILES\DISC\2018\Taxes_2018\3.  2018 RETURN COPIES\PTE\10. October\PTE NM 10 OCT Return.pdf"	"FullControl"	"Allow"	"POWERENG\kguerricabeitia"	"None"	"None"
"\\?\UNC\HLY-SMB01\Shares$\Accounting\QFILES\DISC\2018\Taxes_2018\3.  2018 RETURN COPIES\PTE\10. October\PTE OK 10 OCT Return.pdf"	"FullControl"	"Allow"	"POWERENG\kguerricabeitia"	"None"	"None"
"\\?\UNC\HLY-SMB01\Shares$\Accounting\QFILES\DISC\2018\Year End_2018\POWER Tax 2018\2014-2016 PEI Wisconsin Audit\PEI AND SUBS_Wisconsin Audit Supporting Documentation.zip"	"FullControl"	"Allow"	"POWERENG\khalford"	"None"	"None"
"\\?\UNC\HLY-SMB01\Shares$\Accounting\QFILES\GL BATCHES\2018 Individual Batch Sheets\Kristina G\11Nov18\NovRates110218-11-02-2018_12-15-03-9567.zip"	"FullControl"	"Allow"	"POWERENG\kguerricabeitia"	"None"	"None"
"\\?\UNC\HLY-SMB01\Shares$\Accounting\QFILES\GL BATCHES\2018 Individual Batch Sheets\Kristina G\11Nov18\NovRates2-11-02-2018_16-49-52-2620.zip"	"FullControl"	"Allow"	"POWERENG\kguerricabeitia"	"None"	"None"
"\\?\UNC\HLY-SMB01\Shares$\Accounting\QFILES\GL BATCHES\2018 Individual Batch Sheets\Kristina G\deleter1"	"FullControl"	"Allow"	"POWERENG\kguerricabeitia"	"None"	"None"
"\\?\UNC\HLY-SMB01\Shares$\Accounting\QFILES\GL BATCHES\2020 Individual Batch Sheets\Kristina G\CAS & FAR Reference Material\CAS Coverage Decision Matrix 2020 08.14.2020 Training.pdf"	"FullControl"	"Allow"	"POWERENG\kguerricabeitia"	"None"	"None"
"\\?\UNC\HLY-SMB01\Shares$\Accounting\QFILES\GL BATCHES\2020 Individual Batch Sheets\Kristina G\CAS & FAR Reference Material\CASB_DS-1 08.14.2020 Training.pdf"	"FullControl"	"Allow"	"POWERENG\kguerricabeitia"	"None"	"None"
"\\?\UNC\HLY-SMB01\Shares$\Accounting\QFILES\GL BATCHES\2020 Individual Batch Sheets\Kristina G\CAS & FAR Reference Material\Power Engineers - Cost Accounting Standards Webinar 08.14.2020 Training.pdf"	"FullControl"	"Allow"	"POWERENG\kguerricabeitia"	"None"	"None"
"\\?\UNC\HLY-SMB01\Shares$\Accounting\QFILES\GL BATCHES\2020 Individual Batch Sheets\Kristina G\CAS & FAR Reference Material\Registration Sheet CAS Training 08.14.2020.pdf"	"FullControl"	"Allow"	"POWERENG\kguerricabeitia"	"None"	"None"
"\\?\UNC\HLY-SMB01\Shares$\Accounting\QFILES\GL Close 2023\Employee Cost Corrections"	"FullControl"	"Allow"	"POWERENG\FS-FileServices-ADM"	"ContainerInherit, ObjectInherit"	"None"
"\\?\UNC\HLY-SMB01\Shares$\Accounting\QFILES\GL Close 2023\Employee Cost Corrections"	"FullControl"	"Allow"	"POWERENG\FS-HLYFS1-Accounting-Share-ECC-Folder-01-FC"	"ContainerInherit, ObjectInherit"	"None"
"\\?\UNC\HLY-SMB01\Shares$\Accounting\QFILES\GL Close 2023\Employee Cost Corrections"	"ReadAndExecute, Synchronize"	"Allow"	"POWERENG\FS-HLYFS1-Accounting-Share-ECC-Folder-01-RO"	"ContainerInherit, ObjectInherit"	"None"
"\\?\UNC\HLY-SMB01\Shares$\Accounting\QFILES\GL Close 2023\Employee Cost Corrections"	"Modify, Synchronize"	"Allow"	"POWERENG\FS-HLYFS1-Accounting-Share-ECC-Folder-01-RW"	"ContainerInherit, ObjectInherit"	"None"
"\\?\UNC\HLY-SMB01\Shares$\Accounting\QFILES\GL Close 2024\Employee Cost Corrections"	"FullControl"	"Allow"	"POWERENG\FS-FileServices-ADM"	"ContainerInherit, ObjectInherit"	"None"
"\\?\UNC\HLY-SMB01\Shares$\Accounting\QFILES\GL Close 2024\Employee Cost Corrections"	"FullControl"	"Allow"	"POWERENG\FS-HLYFS1-Accounting-Share-ECC-Folder-02-FC"	"ContainerInherit, ObjectInherit"	"None"
"\\?\UNC\HLY-SMB01\Shares$\Accounting\QFILES\GL Close 2024\Employee Cost Corrections"	"ReadAndExecute, Synchronize"	"Allow"	"POWERENG\FS-HLYFS1-Accounting-Share-ECC-Folder-02-RO"	"ContainerInherit, ObjectInherit"	"None"
"\\?\UNC\HLY-SMB01\Shares$\Accounting\QFILES\GL Close 2024\Employee Cost Corrections"	"Modify, Synchronize"	"Allow"	"POWERENG\FS-HLYFS1-Accounting-Share-ECC-Folder-02-RW"	"ContainerInherit, ObjectInherit"	"None"
"\\?\UNC\HLY-SMB01\Shares$\Accounting\QFILES\JAN\Bank\Financials_19\Surveys 2019\BE-125 Foreign Transactions\BE-125 Q1-2019 (FINAL).pdf"	"FullControl"	"Allow"	"POWERENG\mhansen"	"None"	"None"
"\\?\UNC\HLY-SMB01\Shares$\Accounting\QFILES\JAN\Bank\Financials_19\Surveys 2019\BE-125 Foreign Transactions\BE-125 Q1-2019.pdf"	"FullControl"	"Allow"	"POWERENG\mhansen"	"None"	"None"
"\\?\UNC\HLY-SMB01\Shares$\Accounting\QFILES\JAN\Bank\Foundation\Wells Fargo Advisors_11-5-20.mht"	"ReadAndExecute, Synchronize"	"Allow"	"S-1-15-3-4096"	"None"	"None"
"\\?\UNC\HLY-SMB01\Shares$\Accounting\QFILES\JAN\Utilization\Utilization week 9-25-21.xlsx"	"FullControl"	"Allow"	"S-1-5-21-1380516296-1705272057-1576261225-6978"	"None"	"None"
"\\?\UNC\HLY-SMB01\Shares$\Accounting\QFILES\Multiplier\Multiplier_20\Account Analytics\04.06.2021 Auditor Request_Analytic Questions.xlsx"	"FullControl"	"Allow"	"POWERENG\kguerricabeitia"	"None"	"None"
"\\?\UNC\HLY-SMB01\Shares$\Accounting\QFILES\Multiplier\Multiplier_20\Data for Sampling\PowerEngineersInc_2020OverheadRateAudi_request36_11files_2432804.zip"	"FullControl"	"Allow"	"POWERENG\kguerricabeitia"	"None"	"None"
"\\?\UNC\HLY-SMB01\Shares$\Accounting\QFILES\Multiplier\Multiplier_20\Fixed Assets Reports\PBC 2020 Depreciation Schedule_old.xlsx"	"FullControl"	"Allow"	"POWERENG\kguerricabeitia"	"None"	"None"
"\\?\UNC\HLY-SMB01\Shares$\Accounting\QFILES\Multiplier\Multiplier_20\Fixed Assets Reports\PowerEngineersInc_2020OverheadRateAudi_request49_3files_2432858.zip"	"FullControl"	"Allow"	"POWERENG\kguerricabeitia"	"None"	"None"
"\\?\UNC\HLY-SMB01\Shares$\Accounting\QFILES\Multiplier\Multiplier_20\Payroll Testing\Auditor Request_Labor Testing Selections Final 03.31.2021.xlsx"	"FullControl"	"Allow"	"POWERENG\kguerricabeitia"	"None"	"None"
"\\?\UNC\HLY-SMB01\Shares$\Accounting\QFILES\Multiplier\Multiplier_20\Vehicle Fleet and Use Logs\PowerEngineersInc_2020OverheadRateAudi_request45_2files_2432844.zip"	"FullControl"	"Allow"	"POWERENG\kguerricabeitia"	"None"	"None"
"\\?\UNC\HLY-SMB01\Shares$\Accounting\QFILES\Operating Lease Schedules\Lease Agreements\OR, Lake Oswego (Portland)\2019.08.23 Memorandum of Commencement - First Amendment.pdf"	"FullControl"	"Allow"	"S-1-5-21-1380516296-1705272057-1576261225-64501"	"None"	"None"
"\\?\UNC\HLY-SMB01\Shares$\Accounting\QFILES\PEF Monthly_19\2019 VAT Returns\VAT Corresondance\Finnish Tax Downloads\2016 Transactions.csv"	"FullControl"	"Allow"	"POWERENG\kguerricabeitia"	"None"	"None"
"\\?\UNC\HLY-SMB01\Shares$\Accounting\QFILES\PEF Monthly_19\2019 VAT Returns\VAT Corresondance\Finnish Tax Downloads\2017 Transactions.csv"	"FullControl"	"Allow"	"POWERENG\kguerricabeitia"	"None"	"None"
"\\?\UNC\HLY-SMB01\Shares$\Accounting\QFILES\PEF Monthly_19\2019 VAT Returns\VAT Corresondance\Finnish Tax Downloads\2018 Transactions.csv"	"FullControl"	"Allow"	"POWERENG\kguerricabeitia"	"None"	"None"
"\\?\UNC\HLY-SMB01\Shares$\Accounting\QFILES\PEF Monthly_19\2019 VAT Returns\VAT Corresondance\Finnish Tax Downloads\2019 Transactions.csv"	"FullControl"	"Allow"	"POWERENG\kguerricabeitia"	"None"	"None"
"\\?\UNC\HLY-SMB01\Shares$\Accounting\QFILES\PEF Monthly_19\2019 VAT Returns\VAT Corresondance\Finnish Tax Downloads\2020 Transactions as of 01.31.2020.csv"	"FullControl"	"Allow"	"POWERENG\kguerricabeitia"	"None"	"None"
"\\?\UNC\HLY-SMB01\Shares$\Accounting\QFILES\Russ Smith"	"FullControl"	"Allow"	"POWERENG\FS-FileServices-ADM"	"ContainerInherit, ObjectInherit"	"None"
"\\?\UNC\HLY-SMB01\Shares$\Accounting\QFILES\Russ Smith"	"FullControl"	"Allow"	"POWERENG\FS-HLYFS1-Accounting-Share-RussSmith-Folder-01-FC"	"ContainerInherit, ObjectInherit"	"None"
"\\?\UNC\HLY-SMB01\Shares$\Accounting\QFILES\Russ Smith"	"ReadAndExecute, Synchronize"	"Allow"	"POWERENG\FS-HLYFS1-Accounting-Share-RussSmith-Folder-01-RO"	"ContainerInherit, ObjectInherit"	"None"
"\\?\UNC\HLY-SMB01\Shares$\Accounting\QFILES\Russ Smith"	"Modify, Synchronize"	"Allow"	"POWERENG\FS-HLYFS1-Accounting-Share-RussSmith-Folder-01-RW"	"ContainerInherit, ObjectInherit"	"None"
"\\?\UNC\HLY-SMB01\Shares$\Accounting\QFILES\Taxes_2020\5.  FILED RETURN COPIES\PCI\09 SEPTEMBER\PCI FL SEPT 2020.PDF"	"FullControl"	"Allow"	"S-1-5-21-1380516296-1705272057-1576261225-42539"	"None"	"None"
"\\?\UNC\HLY-SMB01\Shares$\Accounting\QFILES\Taxes_2020\5.  FILED RETURN COPIES\PCI\09 SEPTEMBER\PCI ME Q3 SEPT 2020.pdf"	"FullControl"	"Allow"	"S-1-5-21-1380516296-1705272057-1576261225-42539"	"None"	"None"
"\\?\UNC\HLY-SMB01\Shares$\Accounting\QFILES\Taxes_2020\5.  FILED RETURN COPIES\PEI\03 MARCH\PEI FL  MAR 2020 Return.PDF"	"FullControl"	"Allow"	"POWERENG\kguerricabeitia"	"None"	"None"
"\\?\UNC\HLY-SMB01\Shares$\Accounting\QFILES\Taxes_2020\5.  FILED RETURN COPIES\PEI\03 MARCH\PEI MN MAR 2020 Return.pdf"	"FullControl"	"Allow"	"POWERENG\kguerricabeitia"	"None"	"None"
"\\?\UNC\HLY-SMB01\Shares$\Accounting\QFILES\Taxes_2020\5.  FILED RETURN COPIES\PEI\09 SEPTEMBER\PEI FL SEPT 2020.PDF"	"FullControl"	"Allow"	"S-1-5-21-1380516296-1705272057-1576261225-42539"	"None"	"None"
"\\?\UNC\HLY-SMB01\Shares$\Accounting\QFILES\Taxes_2020\5.  FILED RETURN COPIES\PEI\09 SEPTEMBER\PEI ME Q3 SEPT 2020.pdf"	"FullControl"	"Allow"	"S-1-5-21-1380516296-1705272057-1576261225-42539"	"None"	"None"
"\\?\UNC\HLY-SMB01\Shares$\Accounting\QFILES\Taxes_2020\5.  FILED RETURN COPIES\PTE\09 SEPTEMBER\PTE ME Q3 SEPT 2020.pdf"	"FullControl"	"Allow"	"S-1-5-21-1380516296-1705272057-1576261225-42539"	"None"	"None"
"\\?\UNC\HLY-SMB01\Shares$\Accounting\QFILES\Taxes_2021\3.  FILED RETURNS\01 PEI\04 APR 2021\PEI OK SALES APR 2021 Return.pdf"	"FullControl"	"Allow"	"POWERENG\kguerricabeitia"	"None"	"None"
"\\?\UNC\HLY-SMB01\Shares$\Accounting\QFILES\Taxes_2021\3.  FILED RETURNS\02 PTE\04 APR 2021\PTE OK USE APR 2021 Return.pdf"	"FullControl"	"Allow"	"POWERENG\kguerricabeitia"	"None"	"None"
"\\?\UNC\HLY-SMB01\Shares$\Accounting\QFILES\Taxes_2021\3.  FILED RETURNS\04 PCI\06 JUN 2021\PCI FL June 2021 Return.PDF"	"FullControl"	"Allow"	"POWERENG\kguerricabeitia"	"None"	"None"
"\\?\UNC\HLY-SMB01\Shares$\Accounting\QFILES\Unclaimed Property\2019 Filing\Oregon Unclaimed Property 2019.txt"	"ReadAndExecute, Synchronize"	"Allow"	"S-1-15-3-4096"	"None"	"None"
"\\?\UNC\HLY-SMB01\Shares$\Accounting\QFILES\Year End_2019\Audit 2019\Final Audit (Year End PBC)\Uploaded to Deloitte Connect\0136.2019 V1 - Payables transactions.xlsx"	"FullControl"	"Allow"	"S-1-5-21-1380516296-1705272057-1576261225-64501"	"None"	"None"
"\\?\UNC\HLY-SMB01\Shares$\Accounting\QFILES\Year End_2019\Audit 2019\Interim Audit\IT Testing\ProjectFiles.zip"	"FullControl"	"Allow"	"S-1-5-21-1380516296-1705272057-1576261225-64501"	"None"	"None"
"\\?\UNC\HLY-SMB01\Shares$\Accounting\QFILES\Year End_2019\Oncor 2019\ProjectFiles.zip"	"FullControl"	"Allow"	"S-1-5-21-1380516296-1705272057-1576261225-64501"	"None"	"None"
"\\?\UNC\HLY-SMB01\Shares$\Accounting\QFILES\Year End_2020\POWER Tax 2020\YE Info for Deloitte\_TY2020 Power Engineers Tax Provision Open Items List_xlsx_aspx.mht"	"ReadAndExecute, Synchronize"	"Allow"	"S-1-15-3-4096"	"None"	"None"
"\\?\UNC\HLY-SMB01\Shares$\Accounting\Bo\AR\Remittance\2020\05 May\5-11\261,538.01 exelon_files"	"ReadAndExecute, Synchronize"	"Allow"	"S-1-15-3-4096"	"ContainerInherit, ObjectInherit"	"None"
"\\?\UNC\HLY-SMB01\Shares$\Accounting\Bo\AR\Remittance\2020\05 May\5-11\261,538.01 exelon.htm"	"ReadAndExecute, Synchronize"	"Allow"	"S-1-15-3-4096"	"None"	"None"
"\\?\UNC\HLY-SMB01\Shares$\Accounting\Becky\Fedex\Wk 01.18.19.pdf"	"FullControl"	"Allow"	"S-1-5-21-1380516296-1705272057-1576261225-15925"	"None"	"None"
"\\?\UNC\HLY-SMB01\Shares$\Accounting\Becky\Fedex\wk 02.01.19.pdf"	"FullControl"	"Allow"	"S-1-5-21-1380516296-1705272057-1576261225-15925"	"None"	"None"
"\\?\UNC\HLY-SMB01\Shares$\Accounting\Becky\Fedex\wk 1.25.19.pdf"	"FullControl"	"Allow"	"S-1-5-21-1380516296-1705272057-1576261225-15925"	"None"	"None"
"\\?\UNC\HLY-SMB01\Shares$\Accounting\PAYROLL\Brandon\GenerateReportBase1509029323389"	"FullControl"	"Allow"	"POWERENG\brburns"	"None"	"None"
"\\?\UNC\HLY-SMB01\Shares$\Accounting\Utilities and Phones\AT&T Universal\FY2018\PDF\July18.pdf"	"FullControl"	"Allow"	"POWERENG\skloer"	"None"	"None"
"\\?\UNC\HLY-SMB01\Shares$\Accounting\Utilities and Phones\AT&T Universal\FY2019\FEB 2019.pdf"	"FullControl"	"Allow"	"POWERENG\skloer"	"None"	"None"
"\\?\UNC\HLY-SMB01\Shares$\Accounting\Utilities and Phones\AT&T Universal\FY2019\March 2019.pdf"	"FullControl"	"Allow"	"POWERENG\skloer"	"None"	"None"
"\\?\UNC\HLY-SMB01\Shares$\Accounting\Utilities and Phones\Granite\2018\PDF\11302018_03403551_440221414.pdf"	"FullControl"	"Allow"	"POWERENG\skloer"	"None"	"None"
"\\?\UNC\HLY-SMB01\Shares$\Accounting\Utilities and Phones\Spectrotel\FY 2020\CSV\export__12-27-2020_630_PM_EST.csv"	"FullControl"	"Allow"	"POWERENG\shasting"	"None"	"None"
"\\?\UNC\HLY-SMB01\Shares$\Accounting\Utilities and Phones\Spectrotel\FY 2021\CSV\export__1-24-2021_300_PM_EST.csv"	"FullControl"	"Allow"	"POWERENG\shasting"	"None"	"None"
"\\?\UNC\HLY-SMB01\Shares$\Accounting\Utilities and Phones\Verizon\PDF Bill Copies\2020\BillSummary_20200420142310.pdf"	"FullControl"	"Allow"	"POWERENG\skloer"	"None"	"None"
"\\?\UNC\HLY-SMB01\Shares$\Accounting\Dani\Old Time Moves\2020\Apr 20\RE Oncor Brookhollow charges - Lindsay Reynolds REQ211114.msg"	"FullControl"	"Allow"	"S-1-5-21-1380516296-1705272057-1576261225-69680"	"None"	"None"
"\\?\UNC\HLY-SMB01\Shares$\Accounting\Dani\Old Time Moves\2020\Apr 20\Time Moves REQ211827.msg"	"FullControl"	"Allow"	"S-1-5-21-1380516296-1705272057-1576261225-69680"	"None"	"None"
"\\?\UNC\HLY-SMB01\Shares$\Accounting\Dani\Patch Cleanup & Testing\OATUG Conference\Schedule - Dani Palmer-Dale"	"FullControl"	"Allow"	"S-1-5-21-1380516296-1705272057-1576261225-69680"	"None"	"None"
"\\?\UNC\HLY-SMB01\Shares$\Accounting\Dani\Reference\Training\Excel Classes\Excel Formulas Workbook.xlsx"	"FullControl"	"Allow"	"S-1-5-21-1380516296-1705272057-1576261225-69680"	"None"	"None"
"\\?\UNC\HLY-SMB01\Shares$\Accounting\yGuerricabeitia\00EXCEL\Excel Badges\Excel_University_V2.png"	"FullControl"	"Allow"	"POWERENG\kguerricabeitia"	"None"	"None"
"\\?\UNC\HLY-SMB01\Shares$\Accounting\yGuerricabeitia\00EXCEL\Excel Course CPE\Answer+Files-20180806.zip"	"FullControl"	"Allow"	"POWERENG\kguerricabeitia"	"None"	"None"
"\\?\UNC\HLY-SMB01\Shares$\Accounting\yGuerricabeitia\00EXCEL\Excel Course CPE\Answer+Files-20180807 Skinny and hide.zip"	"FullControl"	"Allow"	"POWERENG\kguerricabeitia"	"None"	"None"
"\\?\UNC\HLY-SMB01\Shares$\Accounting\yGuerricabeitia\00EXCEL\Excel Speed Loop\SpeedLoopWebinarFiles.zip"	"FullControl"	"Allow"	"POWERENG\kguerricabeitia"	"None"	"None"
"\\?\UNC\HLY-SMB01\Shares$\Accounting\yGuerricabeitia\00EXCEL\Lesson Volumnes\Answer+Files - VOL 4 21 to 22.zip"	"FullControl"	"Allow"	"POWERENG\kguerricabeitia"	"None"	"None"
"\\?\UNC\HLY-SMB01\Shares$\Accounting\yGuerricabeitia\00EXCEL\Lesson Volumnes\Answer+Files-4 18 to 20.zip"	"FullControl"	"Allow"	"POWERENG\kguerricabeitia"	"None"	"None"
"\\?\UNC\HLY-SMB01\Shares$\Accounting\yGuerricabeitia\00EXCEL\Lesson Volumnes\Answer+Files-Vol 4 Chap 23.zip"	"FullControl"	"Allow"	"POWERENG\kguerricabeitia"	"None"	"None"
"\\?\UNC\HLY-SMB01\Shares$\Accounting\yGuerricabeitia\00EXCEL\Lesson Volumnes\Answer+Workbooks-Vol3Solutions.zip"	"FullControl"	"Allow"	"POWERENG\kguerricabeitia"	"None"	"None"
"\\?\UNC\HLY-SMB01\Shares$\Accounting\yGuerricabeitia\00EXCEL\Lesson Volumnes\Answer+Workbooks-Vol4Solutions.zip"	"FullControl"	"Allow"	"POWERENG\kguerricabeitia"	"None"	"None"
"\\?\UNC\HLY-SMB01\Shares$\Accounting\yGuerricabeitia\00EXCEL\Lesson Volumnes\Exercise+Workbooks-20180904.zip"	"FullControl"	"Allow"	"POWERENG\kguerricabeitia"	"None"	"None"
"\\?\UNC\HLY-SMB01\Shares$\Accounting\yGuerricabeitia\00EXCEL\Lesson Volumnes\Exercise+Workbooks-20180905.zip"	"FullControl"	"Allow"	"POWERENG\kguerricabeitia"	"None"	"None"
"\\?\UNC\HLY-SMB01\Shares$\Accounting\yGuerricabeitia\00EXCEL\Lesson Volumnes\Exercise+Workbooks-20180906.zip"	"FullControl"	"Allow"	"POWERENG\kguerricabeitia"	"None"	"None"
"\\?\UNC\HLY-SMB01\Shares$\Accounting\yGuerricabeitia\00EXCEL\Lesson Volumnes\Exercise+Workbooks-20181026.zip"	"FullControl"	"Allow"	"POWERENG\kguerricabeitia"	"None"	"None"
"\\?\UNC\HLY-SMB01\Shares$\Accounting\yGuerricabeitia\00EXCEL\Lesson Volumnes\Exercise+Workbooks-20181027.zip"	"FullControl"	"Allow"	"POWERENG\kguerricabeitia"	"None"	"None"
"\\?\UNC\HLY-SMB01\Shares$\Accounting\yGuerricabeitia\00EXCEL\Lesson Volumnes\Exercise+Workbooks-3Vol1Lesson.zip"	"FullControl"	"Allow"	"POWERENG\kguerricabeitia"	"None"	"None"
"\\?\UNC\HLY-SMB01\Shares$\Accounting\yGuerricabeitia\00EXCEL\Lesson Volumnes\Exercise+Workbooks-3Vol5Lesson.zip"	"FullControl"	"Allow"	"POWERENG\kguerricabeitia"	"None"	"None"
"\\?\UNC\HLY-SMB01\Shares$\Accounting\yGuerricabeitia\00EXCEL\Lesson Volumnes\Exercise+Workbooks-3Vol5Lesson1.zip"	"FullControl"	"Allow"	"POWERENG\kguerricabeitia"	"None"	"None"
"\\?\UNC\HLY-SMB01\Shares$\Accounting\yGuerricabeitia\00EXCEL\Lesson Volumnes\Exercise+Workbooks-3Vol6Lesson.zip"	"FullControl"	"Allow"	"POWERENG\kguerricabeitia"	"None"	"None"
"\\?\UNC\HLY-SMB01\Shares$\Accounting\yGuerricabeitia\00EXCEL\Lesson Volumnes\Exercise+Workbooks-3Vol7Lesson.zip"	"FullControl"	"Allow"	"POWERENG\kguerricabeitia"	"None"	"None"
"\\?\UNC\HLY-SMB01\Shares$\Accounting\yGuerricabeitia\00EXCEL\Lesson Volumnes\Exercise+Workbooks-4 18to20.zip"	"FullControl"	"Allow"	"POWERENG\kguerricabeitia"	"None"	"None"
"\\?\UNC\HLY-SMB01\Shares$\Accounting\yGuerricabeitia\00EXCEL\Lesson Volumnes\Exercise+Workbooks-4Vol2Lesson.zip"	"FullControl"	"Allow"	"POWERENG\kguerricabeitia"	"None"	"None"
"\\?\UNC\HLY-SMB01\Shares$\Accounting\yGuerricabeitia\00EXCEL\Lesson Volumnes\Exercise+Workbooks-VOL 4 chap 23.zip"	"FullControl"	"Allow"	"POWERENG\kguerricabeitia"	"None"	"None"
"\\?\UNC\HLY-SMB01\Shares$\Accounting\yGuerricabeitia\00EXCEL\Lesson Volumnes\Exercise+Workbooks-VOL4 21 to 22.zip"	"FullControl"	"Allow"	"POWERENG\kguerricabeitia"	"None"	"None"
"\\?\UNC\HLY-SMB01\Shares$\Accounting\yGuerricabeitia\00EXCEL\Lesson Volumnes\Exercise+Workbooks-Vol415to17.zip"	"FullControl"	"Allow"	"POWERENG\kguerricabeitia"	"None"	"None"
"\\?\UNC\HLY-SMB01\Shares$\Accounting\yGuerricabeitia\00EXCEL\Lesson Volumnes\Workbook Answers-Vol1.zip"	"FullControl"	"Allow"	"POWERENG\kguerricabeitia"	"None"	"None"
"\\?\UNC\HLY-SMB01\Shares$\Accounting\yGuerricabeitia\00EXCEL\Lesson Volumnes\Workbook Answers-Vol2.zip"	"FullControl"	"Allow"	"POWERENG\kguerricabeitia"	"None"	"None"
"\\?\UNC\HLY-SMB01\Shares$\Accounting\yGuerricabeitia\00EXCEL\Lesson Volumnes\Workbook Answers-Vol3.zip"	"FullControl"	"Allow"	"POWERENG\kguerricabeitia"	"None"	"None"
"\\?\UNC\HLY-SMB01\Shares$\Accounting\yGuerricabeitia\00EXCEL\Lesson Volumnes\Workbook Answers-Vol4.zip"	"FullControl"	"Allow"	"POWERENG\kguerricabeitia"	"None"	"None"
"\\?\UNC\HLY-SMB01\Shares$\Accounting\yGuerricabeitia\00EXCEL\Lesson Volumnes\Workbook Organization.xlsx"	"FullControl"	"Allow"	"POWERENG\kguerricabeitia"	"None"	"None"
"\\?\UNC\HLY-SMB01\Shares$\Accounting\yGuerricabeitia\00EXCEL\Lesson Volumnes\Workbooks-Vol1.zip"	"FullControl"	"Allow"	"POWERENG\kguerricabeitia"	"None"	"None"
"\\?\UNC\HLY-SMB01\Shares$\Accounting\yGuerricabeitia\00EXCEL\Lesson Volumnes\Workbooks-Vol2.zip"	"FullControl"	"Allow"	"POWERENG\kguerricabeitia"	"None"	"None"
"\\?\UNC\HLY-SMB01\Shares$\Accounting\yGuerricabeitia\00EXCEL\Lesson Volumnes\Workbooks-Vol2Exercises.zip"	"FullControl"	"Allow"	"POWERENG\kguerricabeitia"	"None"	"None"
"\\?\UNC\HLY-SMB01\Shares$\Accounting\yGuerricabeitia\00EXCEL\Lesson Volumnes\Workbooks-Vol2Solutions.zip"	"FullControl"	"Allow"	"POWERENG\kguerricabeitia"	"None"	"None"
"\\?\UNC\HLY-SMB01\Shares$\Accounting\yGuerricabeitia\00EXCEL\Lesson Volumnes\Workbooks-Vol3.zip"	"FullControl"	"Allow"	"POWERENG\kguerricabeitia"	"None"	"None"
"\\?\UNC\HLY-SMB01\Shares$\Accounting\yGuerricabeitia\00EXCEL\Lesson Volumnes\Workbooks-Vol3Exerciess.zip"	"FullControl"	"Allow"	"POWERENG\kguerricabeitia"	"None"	"None"
"\\?\UNC\HLY-SMB01\Shares$\Accounting\yGuerricabeitia\00EXCEL\Lesson Volumnes\Workbooks-Vol4Exercise.zip"	"FullControl"	"Allow"	"POWERENG\kguerricabeitia"	"None"	"None"
"\\?\UNC\HLY-SMB01\Shares$\Accounting\yGuerricabeitia\00EXCEL\Lesson Volumnes\Workbooks-Voll1Exercise.zip"	"FullControl"	"Allow"	"POWERENG\kguerricabeitia"	"None"	"None"
"\\?\UNC\HLY-SMB01\Shares$\Accounting\yGuerricabeitia\00EXCEL\Lesson Volumnes\Workbooks-Voll1Solution.zip"	"FullControl"	"Allow"	"POWERENG\kguerricabeitia"	"None"	"None"
"\\?\UNC\HLY-SMB01\Shares$\Accounting\yGuerricabeitia\00EXCEL\Lesson Volumnes\Workbooks-Volume4.zip"	"FullControl"	"Allow"	"POWERENG\kguerricabeitia"	"None"	"None"
"\\?\UNC\HLY-SMB01\Shares$\Accounting\yGuerricabeitia\00EXCEL\Lesson Volumnes\Worksheet Organization2.xlsx"	"FullControl"	"Allow"	"POWERENG\kguerricabeitia"	"None"	"None"
"\\?\UNC\HLY-SMB01\Shares$\Accounting\yGuerricabeitia\00EXCEL\Working files kg\Concepts Applied Blank.xlsx"	"FullControl"	"Allow"	"POWERENG\kguerricabeitia"	"None"	"None"
"\\?\UNC\HLY-SMB01\Shares$\Accounting\yGuerricabeitia\00EXCEL\Working files kg\Concepts Applied.xlsx"	"FullControl"	"Allow"	"POWERENG\kguerricabeitia"	"None"	"None"
"\\?\UNC\HLY-SMB01\Shares$\Accounting\yGuerricabeitia\00EXCEL\Working files kg\Conditional Summing Basics.xlsx"	"FullControl"	"Allow"	"POWERENG\kguerricabeitia"	"None"	"None"
"\\?\UNC\HLY-SMB01\Shares$\Accounting\yGuerricabeitia\00EXCEL\Working files kg\Data Validation.xlsx"	"FullControl"	"Allow"	"POWERENG\kguerricabeitia"	"None"	"None"
"\\?\UNC\HLY-SMB01\Shares$\Accounting\yGuerricabeitia\00EXCEL\Working files kg\Date Parts.xlsx"	"FullControl"	"Allow"	"POWERENG\kguerricabeitia"	"None"	"None"
"\\?\UNC\HLY-SMB01\Shares$\Accounting\yGuerricabeitia\00EXCEL\Working files kg\Dynamic Headers.xlsx"	"FullControl"	"Allow"	"POWERENG\kguerricabeitia"	"None"	"None"
"\\?\UNC\HLY-SMB01\Shares$\Accounting\yGuerricabeitia\00EXCEL\Working files kg\Eomonth.xlsx"	"FullControl"	"Allow"	"POWERENG\kguerricabeitia"	"None"	"None"
"\\?\UNC\HLY-SMB01\Shares$\Accounting\yGuerricabeitia\00EXCEL\Working files kg\Error Check.xlsx"	"FullControl"	"Allow"	"POWERENG\kguerricabeitia"	"None"	"None"
"\\?\UNC\HLY-SMB01\Shares$\Accounting\yGuerricabeitia\00EXCEL\Working files kg\Hide Worksheets.xlsx"	"FullControl"	"Allow"	"POWERENG\kguerricabeitia"	"None"	"None"
"\\?\UNC\HLY-SMB01\Shares$\Accounting\yGuerricabeitia\00EXCEL\Working files kg\Horizontal Reports.xlsx"	"FullControl"	"Allow"	"POWERENG\kguerricabeitia"	"None"	"None"
"\\?\UNC\HLY-SMB01\Shares$\Accounting\yGuerricabeitia\00EXCEL\Working files kg\If.xlsx"	"FullControl"	"Allow"	"POWERENG\kguerricabeitia"	"None"	"None"
"\\?\UNC\HLY-SMB01\Shares$\Accounting\yGuerricabeitia\00EXCEL\Working files kg\IfError.xlsx"	"FullControl"	"Allow"	"POWERENG\kguerricabeitia"	"None"	"None"
"\\?\UNC\HLY-SMB01\Shares$\Accounting\yGuerricabeitia\00EXCEL\Working files kg\Indent.xlsx"	"FullControl"	"Allow"	"POWERENG\kguerricabeitia"	"None"	"None"
"\\?\UNC\HLY-SMB01\Shares$\Accounting\yGuerricabeitia\00EXCEL\Working files kg\Index.xlsx"	"FullControl"	"Allow"	"POWERENG\kguerricabeitia"	"None"	"None"
"\\?\UNC\HLY-SMB01\Shares$\Accounting\yGuerricabeitia\00EXCEL\Working files kg\Input Cells.xlsx"	"FullControl"	"Allow"	"POWERENG\kguerricabeitia"	"None"	"None"
"\\?\UNC\HLY-SMB01\Shares$\Accounting\yGuerricabeitia\00EXCEL\Working files kg\IsError.xlsx"	"FullControl"	"Allow"	"POWERENG\kguerricabeitia"	"None"	"None"
"\\?\UNC\HLY-SMB01\Shares$\Accounting\yGuerricabeitia\00EXCEL\Working files kg\List Comparisons.xlsx"	"FullControl"	"Allow"	"POWERENG\kguerricabeitia"	"None"	"None"
"\\?\UNC\HLY-SMB01\Shares$\Accounting\yGuerricabeitia\00EXCEL\Working files kg\Lookup Basics.xlsx"	"FullControl"	"Allow"	"POWERENG\kguerricabeitia"	"None"	"None"
"\\?\UNC\HLY-SMB01\Shares$\Accounting\yGuerricabeitia\00EXCEL\Working files kg\Lookup With Sumifs.xlsx"	"FullControl"	"Allow"	"POWERENG\kguerricabeitia"	"None"	"None"
"\\?\UNC\HLY-SMB01\Shares$\Accounting\yGuerricabeitia\00EXCEL\Working files kg\Multicolumn.xlsx"	"FullControl"	"Allow"	"POWERENG\kguerricabeitia"	"None"	"None"
"\\?\UNC\HLY-SMB01\Shares$\Accounting\yGuerricabeitia\00EXCEL\Working files kg\Nested Functions.xlsx"	"FullControl"	"Allow"	"POWERENG\kguerricabeitia"	"None"	"None"
"\\?\UNC\HLY-SMB01\Shares$\Accounting\yGuerricabeitia\00EXCEL\Working files kg\Remove Duplicates.xlsx"	"FullControl"	"Allow"	"POWERENG\kguerricabeitia"	"None"	"None"
"\\?\UNC\HLY-SMB01\Shares$\Accounting\yGuerricabeitia\00EXCEL\Working files kg\Selection Groups.xlsx"	"FullControl"	"Allow"	"POWERENG\kguerricabeitia"	"None"	"None"
"\\?\UNC\HLY-SMB01\Shares$\Accounting\yGuerricabeitia\00EXCEL\Working files kg\Skinny Row.xlsx"	"FullControl"	"Allow"	"POWERENG\kguerricabeitia"	"None"	"None"
"\\?\UNC\HLY-SMB01\Shares$\Accounting\yGuerricabeitia\00EXCEL\Working files kg\Subtotal Function.xlsx"	"FullControl"	"Allow"	"POWERENG\kguerricabeitia"	"None"	"None"
"\\?\UNC\HLY-SMB01\Shares$\Accounting\yGuerricabeitia\00EXCEL\Working files kg\Sumifs with Concatenate.xlsx"	"FullControl"	"Allow"	"POWERENG\kguerricabeitia"	"None"	"None"
"\\?\UNC\HLY-SMB01\Shares$\Accounting\yGuerricabeitia\00EXCEL\Working files kg\Value Text.xlsx"	"FullControl"	"Allow"	"POWERENG\kguerricabeitia"	"None"	"None"
"\\?\UNC\HLY-SMB01\Shares$\Accounting\yGuerricabeitia\00EXCEL\Breakout-Puzzle.xlsx"	"FullControl"	"Allow"	"POWERENG\kguerricabeitia"	"None"	"None"
"\\?\UNC\HLY-SMB01\Shares$\Accounting\yGuerricabeitia\00EXCEL\Breakout2.xlsx"	"FullControl"	"Allow"	"POWERENG\kguerricabeitia"	"None"	"None"
"\\?\UNC\HLY-SMB01\Shares$\Accounting\yGuerricabeitia\00EXCEL\Breakout3.xlsx"	"FullControl"	"Allow"	"POWERENG\kguerricabeitia"	"None"	"None"
"\\?\UNC\HLY-SMB01\Shares$\Accounting\yGuerricabeitia\00EXCEL\BreakoutPuzzle-5.xlsx"	"FullControl"	"Allow"	"POWERENG\kguerricabeitia"	"None"	"None"
"\\?\UNC\HLY-SMB01\Shares$\Accounting\yGuerricabeitia\00EXCEL\Concatenate.xlsx"	"FullControl"	"Allow"	"POWERENG\kguerricabeitia"	"None"	"None"
"\\?\UNC\HLY-SMB01\Shares$\Accounting\yGuerricabeitia\00EXCEL\Date.xlsx"	"FullControl"	"Allow"	"POWERENG\kguerricabeitia"	"None"	"None"
"\\?\UNC\HLY-SMB01\Shares$\Accounting\yGuerricabeitia\00EXCEL\ExcelFilesReports.zip"	"FullControl"	"Allow"	"POWERENG\kguerricabeitia"	"None"	"None"
"\\?\UNC\HLY-SMB01\Shares$\Accounting\yGuerricabeitia\00EXCEL\LightSpeedFiles.zip"	"FullControl"	"Allow"	"POWERENG\kguerricabeitia"	"None"	"None"
"\\?\UNC\HLY-SMB01\Shares$\Accounting\yGuerricabeitia\00EXCEL\Mapping.xlsx"	"FullControl"	"Allow"	"POWERENG\kguerricabeitia"	"None"	"None"
"\\?\UNC\HLY-SMB01\Shares$\Accounting\yGuerricabeitia\00EXCEL\Match.xlsx"	"FullControl"	"Allow"	"POWERENG\kguerricabeitia"	"None"	"None"
"\\?\UNC\HLY-SMB01\Shares$\Accounting\yGuerricabeitia\00EXCEL\Selected Shortcuts.xlsx"	"FullControl"	"Allow"	"POWERENG\kguerricabeitia"	"None"	"None"
"\\?\UNC\HLY-SMB01\Shares$\Accounting\yGuerricabeitia\00EXCEL\V1 Shortcuts.pdf"	"FullControl"	"Allow"	"POWERENG\kguerricabeitia"	"None"	"None"
"\\?\UNC\HLY-SMB01\Shares$\Accounting\yGuerricabeitia\00EXCEL\V2 Shortcuts.pdf"	"FullControl"	"Allow"	"POWERENG\kguerricabeitia"	"None"	"None"
"\\?\UNC\HLY-SMB01\Shares$\Admin"	"FullControl"	"Allow"	"POWERENG\FS-FileServices-ADM"	"ContainerInherit, ObjectInherit"	"None"
"\\?\UNC\HLY-SMB01\Shares$\Admin"	"ReadAndExecute, Synchronize"	"Allow"	"POWERENG\FS-HLYFS1-Admin-Share-RO"	"ContainerInherit, ObjectInherit"	"None"
"\\?\UNC\HLY-SMB01\Shares$\Admin"	"Modify, Synchronize"	"Allow"	"POWERENG\FS-HLYFS1-Admin-Share-RW"	"ContainerInherit, ObjectInherit"	"None"
"\\?\UNC\HLY-SMB01\Shares$\Admin"	"FullControl"	"Allow"	"POWERENG\FS-HLYFS1-Admin-Share-FC"	"ContainerInherit, ObjectInherit"	"None"
"\\?\UNC\HLY-SMB01\Shares$\Admin\Archive\Aliki\Condo's\Export to calendar .xlsm"	"FullControl"	"Allow"	"S-1-5-21-1380516296-1705272057-1576261225-34755"	"None"	"None"
"\\?\UNC\HLY-SMB01\Shares$\Admin\Documents\Committees & Footer Log"	"FullControl"	"Allow"	"POWERENG\FS-FileServices-ADM"	"ContainerInherit, ObjectInherit"	"None"
"\\?\UNC\HLY-SMB01\Shares$\Admin\Documents\Committees & Footer Log"	"FullControl"	"Allow"	"POWERENG\FS-HLYFS1-Admin-Share-Cmt&FooterLog-Folder-01-FC"	"ContainerInherit, ObjectInherit"	"None"
"\\?\UNC\HLY-SMB01\Shares$\Admin\Documents\Committees & Footer Log"	"ReadAndExecute, Synchronize"	"Allow"	"POWERENG\FS-HLYFS1-Admin-Share-Cmt&FooterLog-Folder-01-RO"	"ContainerInherit, ObjectInherit"	"None"
"\\?\UNC\HLY-SMB01\Shares$\Admin\Documents\Committees & Footer Log"	"Modify, Synchronize"	"Allow"	"POWERENG\FS-HLYFS1-Admin-Share-Cmt&FooterLog-Folder-01-RW"	"ContainerInherit, ObjectInherit"	"None"
"\\?\UNC\HLY-SMB01\Shares$\Admin\Documents\Committees & Footer Log\18\18 Corporate Planning\PMC\POWER Engineers 2018 PMC documentation July 24-27, 2018.pdf"	"FullControl"	"Allow"	"POWERENG\hgoulding"	"None"	"None"
"\\?\UNC\HLY-SMB01\Shares$\Admin\Documents\JHand"	"FullControl"	"Allow"	"POWERENG\FS-FileServices-ADM"	"ContainerInherit, ObjectInherit"	"None"
"\\?\UNC\HLY-SMB01\Shares$\Admin\Documents\JHand"	"FullControl"	"Allow"	"POWERENG\FS-HLYFS1-Admin-Share-JHand-Folder-01-FC"	"ContainerInherit, ObjectInherit"	"None"
"\\?\UNC\HLY-SMB01\Shares$\Admin\Documents\JHand"	"ReadAndExecute, Synchronize"	"Allow"	"POWERENG\FS-HLYFS1-Admin-Share-JHand-Folder-01-RO"	"ContainerInherit, ObjectInherit"	"None"
"\\?\UNC\HLY-SMB01\Shares$\Admin\Documents\JHand"	"Modify, Synchronize"	"Allow"	"POWERENG\FS-HLYFS1-Admin-Share-JHand-Folder-01-RW"	"ContainerInherit, ObjectInherit"	"None"
"\\?\UNC\HLY-SMB01\Shares$\Admin\Operations Share\DocuSign\4-13-19 DocuSign invoice.pdf"	"FullControl"	"Allow"	"POWERENG\rmoore"	"None"	"None"
"\\?\UNC\HLY-SMB01\Shares$\Architec"	"FullControl"	"Allow"	"POWERENG\FS-FileServices-ADM"	"ContainerInherit, ObjectInherit"	"None"
"\\?\UNC\HLY-SMB01\Shares$\Architec"	"ReadAndExecute, Synchronize"	"Allow"	"POWERENG\FS-HLYFS1-Architec-Share-RO"	"ContainerInherit, ObjectInherit"	"None"
"\\?\UNC\HLY-SMB01\Shares$\Architec"	"Modify, Synchronize"	"Allow"	"POWERENG\FS-HLYFS1-Architec-Share-RW"	"ContainerInherit, ObjectInherit"	"None"
"\\?\UNC\HLY-SMB01\Shares$\Architec"	"FullControl"	"Allow"	"POWERENG\FS-HLYFS1-Architec-Share-FC"	"ContainerInherit, ObjectInherit"	"None"
"\\?\UNC\HLY-SMB01\Shares$\BD"	"FullControl"	"Allow"	"POWERENG\FS-FileServices-ADM"	"ContainerInherit, ObjectInherit"	"None"
"\\?\UNC\HLY-SMB01\Shares$\BD"	"ReadAndExecute, Synchronize"	"Allow"	"POWERENG\FS-HLYFS1-BD-Share-RO"	"ContainerInherit, ObjectInherit"	"None"
"\\?\UNC\HLY-SMB01\Shares$\BD"	"Modify, Synchronize"	"Allow"	"POWERENG\FS-HLYFS1-BD-Share-RW"	"ContainerInherit, ObjectInherit"	"None"
"\\?\UNC\HLY-SMB01\Shares$\BD"	"FullControl"	"Allow"	"POWERENG\FS-HLYFS1-BD-Share-FC"	"ContainerInherit, ObjectInherit"	"None"
"\\?\UNC\HLY-SMB01\Shares$\BD\zz Working\Akiko\Resources\Fonts\badaboom_bb.zip"	"FullControl"	"Allow"	"POWERENG\akanazawa"	"None"	"None"
"\\?\UNC\HLY-SMB01\Shares$\BD\zz Working\Akiko\Training and Presentations\Adobe MAX\2018\S507-Tips.zip"	"FullControl"	"Allow"	"POWERENG\akanazawa"	"None"	"None"
"\\?\UNC\HLY-SMB01\Shares$\BD\zz Working\Akiko\Working Graphics\zz_Viz Fall Meeting\Pixels of Fury\images\acoustic-guitar-1558921.jpg"	"FullControl"	"Allow"	"POWERENG\akanazawa"	"None"	"None"
"\\?\UNC\HLY-SMB01\Shares$\BD\zz Working\Akiko\Working Graphics\zz_Viz Fall Meeting\Pixels of Fury\images\dog-cutout-2-basset-1408236.jpg"	"FullControl"	"Allow"	"POWERENG\akanazawa"	"None"	"None"
"\\?\UNC\HLY-SMB01\Shares$\BD\zz Working\Akiko\Working Graphics\zz_Viz Fall Meeting\Pixels of Fury\images\isolated-leaf-1-1374685.jpg"	"FullControl"	"Allow"	"POWERENG\akanazawa"	"None"	"None"
"\\?\UNC\HLY-SMB01\Shares$\BD\zz Working\Akiko\Working Graphics\zz_Viz Fall Meeting\Pixels of Fury\images\one-cent-1239926.jpg"	"FullControl"	"Allow"	"POWERENG\akanazawa"	"None"	"None"
"\\?\UNC\HLY-SMB01\Shares$\BD\zz Working\Akiko\Working Graphics\zz_Viz Fall Meeting\Pixels of Fury\images\texture-1177419.jpg"	"FullControl"	"Allow"	"POWERENG\akanazawa"	"None"	"None"
"\\?\UNC\HLY-SMB01\Shares$\BD\zz Working\Akiko\Working Graphics\zz_Viz Fall Meeting\Pixels of Fury\images\TexturesCom_BrickSmallBrown0426_1_M.jpg"	"FullControl"	"Allow"	"POWERENG\akanazawa"	"None"	"None"
"\\?\UNC\HLY-SMB01\Shares$\BD\zz Working\Akiko\Working Graphics\zz_Viz Fall Meeting\Pixels of Fury\images\TexturesCom_ConcreteBare0428_1_M.jpg"	"FullControl"	"Allow"	"POWERENG\akanazawa"	"None"	"None"
"\\?\UNC\HLY-SMB01\Shares$\BD\zz Working\Akiko\Working Graphics\zz_Viz Fall Meeting\Pixels of Fury\images\TexturesCom_Feathers0001_M.jpg"	"FullControl"	"Allow"	"POWERENG\akanazawa"	"None"	"None"
"\\?\UNC\HLY-SMB01\Shares$\BD\zz Working\Akiko\Working Graphics\zz_Viz Fall Meeting\Pixels of Fury\images\TexturesCom_PaperCrumpled0002_M.jpg"	"FullControl"	"Allow"	"POWERENG\akanazawa"	"None"	"None"
"\\?\UNC\HLY-SMB01\Shares$\BD\zz Working\Akiko\Working Graphics\zz_Viz Fall Meeting\Pixels of Fury\images\TexturesCom_WindowsHouseOld0362_M.jpg"	"FullControl"	"Allow"	"POWERENG\akanazawa"	"None"	"None"
"\\?\UNC\HLY-SMB01\Shares$\BD\zz Working\Akiko\Working Graphics\zz_Viz Fall Meeting\Pixels of Fury\images\TexturesCom_WoodPlanksBare0347_2_M.jpg"	"FullControl"	"Allow"	"POWERENG\akanazawa"	"None"	"None"
"\\?\UNC\HLY-SMB01\Shares$\BD\zz Working\Akiko\Working Graphics\zz_Viz Fall Meeting\Pixels of Fury\images\the-soldier-1416499.jpg"	"FullControl"	"Allow"	"POWERENG\akanazawa"	"None"	"None"
"\\?\UNC\HLY-SMB01\Shares$\BD\zz Working\Alissa K\Marketing\Roadmaps\3 Ways to Create Memorable Key Messages - CMA_files"	"ReadAndExecute, Synchronize"	"Allow"	"S-1-15-3-4096"	"ContainerInherit, ObjectInherit"	"None"
"\\?\UNC\HLY-SMB01\Shares$\BD\zz Working\Alissa K\Marketing\Roadmaps\3 Ways to Create Memorable Key Messages - CMA.htm"	"ReadAndExecute, Synchronize"	"Allow"	"S-1-15-3-4096"	"None"	"None"
"\\?\UNC\HLY-SMB01\Shares$\BD\zz Working\Alissa K\Marketing\Webinars\2020\2020_03_18 POWER360AMS Inspection Webinar\Email Campaign\ListImportedforPOWER360AMSWebinar-March182020-Email2-Suppressed.csv"	"FullControl"	"Allow"	"S-1-5-21-1380516296-1705272057-1576261225-79921"	"None"	"None"
"\\?\UNC\HLY-SMB01\Shares$\BD\zz Working\Amy J\CX Team"	"FullControl"	"Allow"	"POWERENG\FS-FileServices-ADM"	"ContainerInherit, ObjectInherit"	"None"
"\\?\UNC\HLY-SMB01\Shares$\BD\zz Working\Amy J\CX Team"	"FullControl"	"Allow"	"POWERENG\FS-HLYFS1-BD-Share-CX_Team-Folder-01-FC"	"ContainerInherit, ObjectInherit"	"None"
"\\?\UNC\HLY-SMB01\Shares$\BD\zz Working\Amy J\CX Team"	"ReadAndExecute, Synchronize"	"Allow"	"POWERENG\FS-HLYFS1-BD-Share-CX_Team-Folder-01-RO"	"ContainerInherit, ObjectInherit"	"None"
"\\?\UNC\HLY-SMB01\Shares$\BD\zz Working\Amy J\CX Team"	"Modify, Synchronize"	"Allow"	"POWERENG\FS-HLYFS1-BD-Share-CX_Team-Folder-01-RW"	"ContainerInherit, ObjectInherit"	"None"
"\\?\UNC\HLY-SMB01\Shares$\BD\zz Working\Amy J\Me\The_Visionary_Download.zip"	"FullControl"	"Allow"	"POWERENG\ajohnson"	"None"	"None"
"\\?\UNC\HLY-SMB01\Shares$\BD\zz Working\Amy J\Trainings\CTSM\eTrak 62019 CTSM\An+Essay+on+Mind+Mapping.pdf"	"FullControl"	"Allow"	"POWERENG\ajohnson"	"None"	"None"
"\\?\UNC\HLY-SMB01\Shares$\BD\zz Working\Amy J\Trainings\CTSM\eTrak 62019 CTSM\Exhibit+design+and+marketing+criteria.pdf"	"FullControl"	"Allow"	"POWERENG\ajohnson"	"None"	"None"
"\\?\UNC\HLY-SMB01\Shares$\BD\zz Working\Amy J\Trainings\CTSM\eTrak 62019 CTSM\quiz-62019.pdf"	"FullControl"	"Allow"	"POWERENG\ajohnson"	"None"	"None"
"\\?\UNC\HLY-SMB01\Shares$\BD\zz Working\Ariel\100321.001.001 MPD Misc\Area Lead Stuff"	"FullControl"	"Allow"	"POWERENG\FS-FileServices-ADM"	"ContainerInherit, ObjectInherit"	"None"
"\\?\UNC\HLY-SMB01\Shares$\BD\zz Working\Ariel\100321.001.001 MPD Misc\Area Lead Stuff"	"FullControl"	"Allow"	"POWERENG\FS-HLYFS1-BD-Share-Area Lead Stuff-Folder-01-FC"	"ContainerInherit, ObjectInherit"	"None"
"\\?\UNC\HLY-SMB01\Shares$\BD\zz Working\Ariel\100321.001.001 MPD Misc\Area Lead Stuff"	"ReadAndExecute, Synchronize"	"Allow"	"POWERENG\FS-HLYFS1-BD-Share-Area Lead Stuff-Folder-01-RO"	"ContainerInherit, ObjectInherit"	"None"
"\\?\UNC\HLY-SMB01\Shares$\BD\zz Working\Ariel\100321.001.001 MPD Misc\Area Lead Stuff"	"Modify, Synchronize"	"Allow"	"POWERENG\FS-HLYFS1-BD-Share-Area Lead Stuff-Folder-01-RW"	"ContainerInherit, ObjectInherit"	"None"
"\\?\UNC\HLY-SMB01\Shares$\BD\zz Working\Bridget\Area Lead"	"FullControl"	"Allow"	"POWERENG\FS-FileServices-ADM"	"ContainerInherit, ObjectInherit"	"None"
"\\?\UNC\HLY-SMB01\Shares$\BD\zz Working\Bridget\Area Lead"	"FullControl"	"Allow"	"POWERENG\FS-HLYFS1-BD-Share-Area Lead-Folder-01-FC"	"ContainerInherit, ObjectInherit"	"None"
"\\?\UNC\HLY-SMB01\Shares$\BD\zz Working\Bridget\Area Lead"	"ReadAndExecute, Synchronize"	"Allow"	"POWERENG\FS-HLYFS1-BD-Share-Area Lead-Folder-01-RO"	"ContainerInherit, ObjectInherit"	"None"
"\\?\UNC\HLY-SMB01\Shares$\BD\zz Working\Bridget\Area Lead"	"Modify, Synchronize"	"Allow"	"POWERENG\FS-HLYFS1-BD-Share-Area Lead-Folder-01-RW"	"ContainerInherit, ObjectInherit"	"None"
"\\?\UNC\HLY-SMB01\Shares$\BD\zz Working\Chris K\Energy Storage MFG\Media\TheWorldOfBusiness-20191128-KeepingTheLightsOn.mp3"	"FullControl"	"Allow"	"POWERENG\ckulchak"	"None"	"None"
"\\?\UNC\HLY-SMB01\Shares$\BD\zz Working\Chris K\Trade Press\T&D World\Xcel Energy T-Line Rebuild in MN\MarCom Collaboration Job Aid.pdf"	"FullControl"	"Allow"	"POWERENG\ckulchak"	"None"	"None"
"\\?\UNC\HLY-SMB01\Shares$\BD\zz Working\Chris K\Webinars\ON24\How to Turn Your Webinar Presenters into Superstars - Today's slides.pdf"	"FullControl"	"Allow"	"POWERENG\ckulchak"	"None"	"None"
"\\?\UNC\HLY-SMB01\Shares$\BD\zz Working\Chris K\Webinars\ON24\The Art of Becoming a Great Webinar Presenter.PDF"	"FullControl"	"Allow"	"POWERENG\ckulchak"	"None"	"None"
"\\?\UNC\HLY-SMB01\Shares$\BD\zz Working\Chris K\ChallengingTimes_WP.pdf"	"FullControl"	"Allow"	"POWERENG\ckulchak"	"None"	"None"
"\\?\UNC\HLY-SMB01\Shares$\BD\zz Working\Chris K\IEEEE Global Spec Smart Mktg for Eng.pdf"	"FullControl"	"Allow"	"POWERENG\ckulchak"	"None"	"None"
"\\?\UNC\HLY-SMB01\Shares$\BD\zz Working\Chris K\The-8-Biggest-Mistakes-Email-Marketers-Make-How-to-Avoid-Them-Marketo.pdf"	"FullControl"	"Allow"	"POWERENG\ckulchak"	"None"	"None"
"\\?\UNC\HLY-SMB01\Shares$\BD\zz Working\Dan\other\Dad Estate\Death Certificate.pdf"	"FullControl"	"Allow"	"POWERENG\dgilmore"	"None"	"None"
"\\?\UNC\HLY-SMB01\Shares$\BD\zz Working\Dan\other\Dad Estate\Disolution of Marriage Suzanne and William.pdf"	"FullControl"	"Allow"	"POWERENG\dgilmore"	"None"	"None"
"\\?\UNC\HLY-SMB01\Shares$\BD\zz Working\Dan\other\Dad Estate\Gilmore E-Filing History.pdf"	"FullControl"	"Allow"	"POWERENG\dgilmore"	"None"	"None"
"\\?\UNC\HLY-SMB01\Shares$\BD\zz Working\Dan\other\Dad Estate\Inventory for the Estate of William Gilmore.doc"	"FullControl"	"Allow"	"POWERENG\dgilmore"	"None"	"None"
"\\?\UNC\HLY-SMB01\Shares$\BD\zz Working\Dan\other\Dad Estate\Jana email 6-3-19 (1).docx"	"FullControl"	"Allow"	"POWERENG\dgilmore"	"None"	"None"
"\\?\UNC\HLY-SMB01\Shares$\BD\zz Working\Dan\other\Dad Estate\Myra Communication 20190604.pdf"	"FullControl"	"Allow"	"POWERENG\dgilmore"	"None"	"None"
"\\?\UNC\HLY-SMB01\Shares$\BD\zz Working\Dan\other\Dad Estate\Notice of Contemporaneous Filing.pdf"	"FullControl"	"Allow"	"POWERENG\dgilmore"	"None"	"None"
"\\?\UNC\HLY-SMB01\Shares$\BD\zz Working\Dan\other\Dad Estate\Notice of Contemporaneous Filing_DisofMar.pdf"	"FullControl"	"Allow"	"POWERENG\dgilmore"	"None"	"None"
"\\?\UNC\HLY-SMB01\Shares$\BD\zz Working\Dan\other\Dad Estate\Notice to Creditors.pdf"	"FullControl"	"Allow"	"POWERENG\dgilmore"	"None"	"None"
"\\?\UNC\HLY-SMB01\Shares$\BD\zz Working\Dan\other\Dad Estate\Oath and Designation.pdf"	"FullControl"	"Allow"	"POWERENG\dgilmore"	"None"	"None"
"\\?\UNC\HLY-SMB01\Shares$\BD\zz Working\Dan\other\Dad Estate\Petition for Administration.pdf"	"FullControl"	"Allow"	"POWERENG\dgilmore"	"None"	"None"
"\\?\UNC\HLY-SMB01\Shares$\BD\zz Working\Dan\other\Dad Estate\Satisfaction and Release of Claim.pdf"	"FullControl"	"Allow"	"POWERENG\dgilmore"	"None"	"None"
"\\?\UNC\HLY-SMB01\Shares$\BD\zz Working\Dan\other\Dad Estate\Waiver of Notice Rebecca.pdf"	"FullControl"	"Allow"	"POWERENG\dgilmore"	"None"	"None"
"\\?\UNC\HLY-SMB01\Shares$\BD\zz Working\Dan\other\Dad Estate\Waiver of Notice William.pdf"	"FullControl"	"Allow"	"POWERENG\dgilmore"	"None"	"None"
"\\?\UNC\HLY-SMB01\Shares$\BD\zz Working\Dan\other\Dad Estate\Waiver of Notice_Sara.pdf"	"FullControl"	"Allow"	"POWERENG\dgilmore"	"None"	"None"
"\\?\UNC\HLY-SMB01\Shares$\BD\zz Working\Dan\other\Medical\Blood screening 4-19.pdf"	"FullControl"	"Allow"	"POWERENG\dgilmore"	"None"	"None"
"\\?\UNC\HLY-SMB01\Shares$\BD\zz Working\Dan\other\Patio\Checklist PPT Last T McBride.ppt"	"FullControl"	"Allow"	"POWERENG\dgilmore"	"None"	"None"
"\\?\UNC\HLY-SMB01\Shares$\BD\zz Working\Dan\Personnel"	"FullControl"	"Allow"	"POWERENG\FS-FileServices-ADM"	"ContainerInherit, ObjectInherit"	"None"
"\\?\UNC\HLY-SMB01\Shares$\BD\zz Working\Dan\Personnel"	"FullControl"	"Allow"	"POWERENG\FS-HLYFS1-BD-Share-Personnel-Folder-01-FC"	"ContainerInherit, ObjectInherit"	"None"
"\\?\UNC\HLY-SMB01\Shares$\BD\zz Working\Dan\Personnel"	"ReadAndExecute, Synchronize"	"Allow"	"POWERENG\FS-HLYFS1-BD-Share-Personnel-Folder-01-RO"	"ContainerInherit, ObjectInherit"	"None"
"\\?\UNC\HLY-SMB01\Shares$\BD\zz Working\Dan\Personnel"	"Modify, Synchronize"	"Allow"	"POWERENG\FS-HLYFS1-BD-Share-Personnel-Folder-01-RW"	"ContainerInherit, ObjectInherit"	"None"
"\\?\UNC\HLY-SMB01\Shares$\BD\zz Working\Dan\Personnel\G&Os\old\Goals_Carrie 2-19-19 v1.pdf"	"FullControl"	"Allow"	"POWERENG\dgilmore"	"None"	"None"
"\\?\UNC\HLY-SMB01\Shares$\BD\zz Working\Dan\Personnel\G&Os\old\Goals_Carrie 2-19-19.pdf"	"FullControl"	"Allow"	"POWERENG\dgilmore"	"None"	"None"
"\\?\UNC\HLY-SMB01\Shares$\BD\zz Working\Dan\Personnel\G&Os\old\Goals_Carrie 2-27-19.pdf"	"FullControl"	"Allow"	"POWERENG\dgilmore"	"None"	"None"
"\\?\UNC\HLY-SMB01\Shares$\BD\zz Working\Dan\Personnel\G&Os\old\Goals_Ellen 2-19-19 v1.pdf"	"FullControl"	"Allow"	"POWERENG\dgilmore"	"None"	"None"
"\\?\UNC\HLY-SMB01\Shares$\BD\zz Working\Dan\Personnel\G&Os\old\Goals_Ellen 2-19-19.pdf"	"FullControl"	"Allow"	"POWERENG\dgilmore"	"None"	"None"
"\\?\UNC\HLY-SMB01\Shares$\BD\zz Working\Dan\Personnel\G&Os\old\Goals_Jennifer 2-19-19 v1.pdf"	"FullControl"	"Allow"	"POWERENG\dgilmore"	"None"	"None"
"\\?\UNC\HLY-SMB01\Shares$\BD\zz Working\Dan\Personnel\G&Os\old\Goals_Jennifer 2-19-19.pdf"	"FullControl"	"Allow"	"POWERENG\dgilmore"	"None"	"None"
"\\?\UNC\HLY-SMB01\Shares$\BD\zz Working\Dan\Personnel\G&Os\old\Goals_Lauren 2-19-19 v1.pdf"	"FullControl"	"Allow"	"POWERENG\dgilmore"	"None"	"None"
"\\?\UNC\HLY-SMB01\Shares$\BD\zz Working\Dan\Personnel\G&Os\old\Goals_Lauren 2-19-19.pdf"	"FullControl"	"Allow"	"POWERENG\dgilmore"	"None"	"None"
"\\?\UNC\HLY-SMB01\Shares$\BD\zz Working\Dan\Personnel\G&Os\old\Goals_Liz 2-19-19.pdf"	"FullControl"	"Allow"	"POWERENG\dgilmore"	"None"	"None"
"\\?\UNC\HLY-SMB01\Shares$\BD\zz Working\Dan\Personnel\G&Os\old\Goals_Liz 3-12-19.pdf"	"FullControl"	"Allow"	"POWERENG\dgilmore"	"None"	"None"
"\\?\UNC\HLY-SMB01\Shares$\BD\zz Working\Dan\Personnel\G&Os\old\Goals_Martha 2-24-19 v1.pdf"	"FullControl"	"Allow"	"POWERENG\dgilmore"	"None"	"None"
"\\?\UNC\HLY-SMB01\Shares$\BD\zz Working\Dan\Personnel\G&Os\old\Goals_Martha 2-24-19 v2.pdf"	"FullControl"	"Allow"	"POWERENG\dgilmore"	"None"	"None"
"\\?\UNC\HLY-SMB01\Shares$\BD\zz Working\Dan\Personnel\G&Os\old\Goals_Nate 2-24-19.pdf.al1l32o.partial"	"FullControl"	"Allow"	"POWERENG\dgilmore"	"None"	"None"
"\\?\UNC\HLY-SMB01\Shares$\BD\zz Working\Dan\Personnel\G&Os\old\Goal_Details_Britt v1.pdf"	"FullControl"	"Allow"	"POWERENG\dgilmore"	"None"	"None"
"\\?\UNC\HLY-SMB01\Shares$\BD\zz Working\Dan\Personnel\G&Os\old\Goal_Details_Sandra v1.pdf"	"FullControl"	"Allow"	"POWERENG\dgilmore"	"None"	"None"
"\\?\UNC\HLY-SMB01\Shares$\BD\zz Working\Dan\Personnel\G&Os\old\Goal_Sandra 2-11-19.pdf"	"FullControl"	"Allow"	"POWERENG\dgilmore"	"None"	"None"
"\\?\UNC\HLY-SMB01\Shares$\BD\zz Working\Dan\Personnel\G&Os\Goals_Carrie 2-27-19 v1.pdf"	"FullControl"	"Allow"	"POWERENG\dgilmore"	"None"	"None"
"\\?\UNC\HLY-SMB01\Shares$\BD\zz Working\Dan\Personnel\G&Os\Goals_Carrie 2-27-19.pdf"	"FullControl"	"Allow"	"POWERENG\dgilmore"	"None"	"None"
"\\?\UNC\HLY-SMB01\Shares$\BD\zz Working\Dan\Personnel\G&Os\Goals_Ellen 2-19-19 v2.pdf"	"FullControl"	"Allow"	"POWERENG\dgilmore"	"None"	"None"
"\\?\UNC\HLY-SMB01\Shares$\BD\zz Working\Dan\Personnel\G&Os\Goals_Jennifer 2-19-19 v2.pdf"	"FullControl"	"Allow"	"POWERENG\dgilmore"	"None"	"None"
"\\?\UNC\HLY-SMB01\Shares$\BD\zz Working\Dan\Personnel\G&Os\Goals_Lauren 2-20-19.pdf"	"FullControl"	"Allow"	"POWERENG\dgilmore"	"None"	"None"
"\\?\UNC\HLY-SMB01\Shares$\BD\zz Working\Dan\Personnel\G&Os\Goals_Liz 2-19-19 v1.pdf"	"FullControl"	"Allow"	"POWERENG\dgilmore"	"None"	"None"
"\\?\UNC\HLY-SMB01\Shares$\BD\zz Working\Dan\Personnel\G&Os\Goals_Liz 3-12-19 v1.pdf"	"FullControl"	"Allow"	"POWERENG\dgilmore"	"None"	"None"
"\\?\UNC\HLY-SMB01\Shares$\BD\zz Working\Dan\Personnel\G&Os\Goals_Liz 3-12-19 v2.pdf"	"FullControl"	"Allow"	"POWERENG\dgilmore"	"None"	"None"
"\\?\UNC\HLY-SMB01\Shares$\BD\zz Working\Dan\Personnel\G&Os\Goals_Martha 2-24-19 v3.pdf"	"FullControl"	"Allow"	"POWERENG\dgilmore"	"None"	"None"
"\\?\UNC\HLY-SMB01\Shares$\BD\zz Working\Dan\Personnel\G&Os\Goals_Noel 2-20-19 v1.pdf"	"FullControl"	"Allow"	"POWERENG\dgilmore"	"None"	"None"
"\\?\UNC\HLY-SMB01\Shares$\BD\zz Working\Dan\Personnel\G&Os\Goals_Noel 2-20-19.pdf"	"FullControl"	"Allow"	"POWERENG\dgilmore"	"None"	"None"
"\\?\UNC\HLY-SMB01\Shares$\BD\zz Working\Dan\Personnel\G&Os\Goal_AM 2-11-19.pdf"	"FullControl"	"Allow"	"POWERENG\dgilmore"	"None"	"None"
"\\?\UNC\HLY-SMB01\Shares$\BD\zz Working\Dan\Personnel\G&Os\Goal_Sandra 2-13-19 v1.pdf"	"FullControl"	"Allow"	"POWERENG\dgilmore"	"None"	"None"
"\\?\UNC\HLY-SMB01\Shares$\BD\zz Working\Dan\Personnel\Proposal Coordinator Hiring\6 Jan '19\atchm_243105.docx"	"FullControl"	"Allow"	"POWERENG\dgilmore"	"None"	"None"
"\\?\UNC\HLY-SMB01\Shares$\BD\zz Working\Dan\Personnel\Proposal Coordinator Hiring\6 Jan '19\Ballenot phone interview.docx"	"FullControl"	"Allow"	"POWERENG\dgilmore"	"None"	"None"
"\\?\UNC\HLY-SMB01\Shares$\BD\zz Working\Dan\Personnel\Proposal Coordinator Hiring\7 July '19\halleh cover letter.docx"	"FullControl"	"Allow"	"POWERENG\dgilmore"	"None"	"None"
"\\?\UNC\HLY-SMB01\Shares$\BD\zz Working\Dan\Personnel\Proposal Coordinator Hiring\7 July '19\halleh resume_39233_4842.docx"	"FullControl"	"Allow"	"POWERENG\dgilmore"	"None"	"None"
"\\?\UNC\HLY-SMB01\Shares$\BD\zz Working\Dan\Personnel\Proposal Coordinator Hiring\7 July '19\kulchak cover letter.docx"	"FullControl"	"Allow"	"POWERENG\dgilmore"	"None"	"None"
"\\?\UNC\HLY-SMB01\Shares$\BD\zz Working\Dan\Personnel\Proposal Coordinator Hiring\7 July '19\kulchak resume_54040_4842.docx"	"FullControl"	"Allow"	"POWERENG\dgilmore"	"None"	"None"
"\\?\UNC\HLY-SMB01\Shares$\BD\zz Working\Dan\Personnel\Reviews\00 Spring '19\Drafts May 19\old\Spring_2019_Review__Area_Lead_-Anne_Moore.pdf"	"FullControl"	"Allow"	"POWERENG\dgilmore"	"None"	"None"
"\\?\UNC\HLY-SMB01\Shares$\BD\zz Working\Dan\Personnel\Reviews\00 Spring '19\Drafts May 19\old\Spring_2019_Review__Area_Lead_-Britt_Lamotte.pdf"	"FullControl"	"Allow"	"POWERENG\dgilmore"	"None"	"None"
"\\?\UNC\HLY-SMB01\Shares$\BD\zz Working\Dan\Personnel\Reviews\00 Spring '19\Drafts May 19\old\Spring_2019_Review__Area_Lead_-Ellen_Ard v2.pdf"	"FullControl"	"Allow"	"POWERENG\dgilmore"	"None"	"None"
"\\?\UNC\HLY-SMB01\Shares$\BD\zz Working\Dan\Personnel\Reviews\00 Spring '19\Drafts May 19\old\Spring_2019_Review__Area_Lead_-Ellen_Ard.pdf"	"FullControl"	"Allow"	"POWERENG\dgilmore"	"None"	"None"
"\\?\UNC\HLY-SMB01\Shares$\BD\zz Working\Dan\Personnel\Reviews\00 Spring '19\Drafts May 19\old\Spring_2019_Review__Area_Lead_-Nate_Hart v1.pdf"	"FullControl"	"Allow"	"POWERENG\dgilmore"	"None"	"None"
"\\?\UNC\HLY-SMB01\Shares$\BD\zz Working\Dan\Personnel\Reviews\00 Spring '19\Drafts May 19\old\Spring_2019_Review__Area_Lead_-Nate_Hart.pdf"	"FullControl"	"Allow"	"POWERENG\dgilmore"	"None"	"None"
"\\?\UNC\HLY-SMB01\Shares$\BD\zz Working\Dan\Personnel\Reviews\00 Spring '19\Drafts May 19\Spring_2019_Review__Area_Lead_-Anne_Moore v1.pdf"	"FullControl"	"Allow"	"POWERENG\dgilmore"	"None"	"None"
"\\?\UNC\HLY-SMB01\Shares$\BD\zz Working\Dan\Personnel\Reviews\00 Spring '19\Drafts May 19\Spring_2019_Review__Area_Lead_-August_McKernan.pdf"	"FullControl"	"Allow"	"POWERENG\dgilmore"	"None"	"None"
"\\?\UNC\HLY-SMB01\Shares$\BD\zz Working\Dan\Personnel\Reviews\00 Spring '19\Drafts May 19\Spring_2019_Review__Area_Lead_-Britt_Lamotte v2.pdf"	"FullControl"	"Allow"	"POWERENG\dgilmore"	"None"	"None"
"\\?\UNC\HLY-SMB01\Shares$\BD\zz Working\Dan\Personnel\Reviews\00 Spring '19\Drafts May 19\Spring_2019_Review__Area_Lead_-Ellen_Ard v1.pdf"	"FullControl"	"Allow"	"POWERENG\dgilmore"	"None"	"None"
"\\?\UNC\HLY-SMB01\Shares$\BD\zz Working\Dan\Personnel\Reviews\00 Spring '19\Drafts May 19\Spring_2019_Review__Area_Lead_-John_Ballenot.pdf"	"FullControl"	"Allow"	"POWERENG\dgilmore"	"None"	"None"
"\\?\UNC\HLY-SMB01\Shares$\BD\zz Working\Dan\Personnel\Reviews\00 Spring '19\Drafts May 19\Spring_2019_Review__Area_Lead_-Kelsey_Orlyck.pdf"	"FullControl"	"Allow"	"POWERENG\dgilmore"	"None"	"None"
"\\?\UNC\HLY-SMB01\Shares$\BD\zz Working\Dan\Personnel\Reviews\00 Spring '19\Drafts May 19\Spring_2019_Review__Area_Lead_-Lauren_Celmer v2.pdf"	"FullControl"	"Allow"	"POWERENG\dgilmore"	"None"	"None"
"\\?\UNC\HLY-SMB01\Shares$\BD\zz Working\Dan\Personnel\Reviews\00 Spring '19\Drafts May 19\Spring_2019_Review__Area_Lead_-Martha_Williams v1.pdf"	"FullControl"	"Allow"	"POWERENG\dgilmore"	"None"	"None"
"\\?\UNC\HLY-SMB01\Shares$\BD\zz Working\Dan\Personnel\Reviews\00 Spring '19\Drafts May 19\Spring_2019_Review__Area_Lead_-Martha_Williams.pdf"	"FullControl"	"Allow"	"POWERENG\dgilmore"	"None"	"None"
"\\?\UNC\HLY-SMB01\Shares$\BD\zz Working\Dan\Personnel\Reviews\00 Spring '19\Drafts May 19\Spring_2019_Review__Area_Lead_-Nate_Hart v2.pdf"	"FullControl"	"Allow"	"POWERENG\dgilmore"	"None"	"None"
"\\?\UNC\HLY-SMB01\Shares$\BD\zz Working\Dan\Personnel\Reviews\00 Spring '19\Drafts May 19\Spring_2019_Review__Area_Lead_-Noel_Jensen.pdf"	"FullControl"	"Allow"	"POWERENG\dgilmore"	"None"	"None"
"\\?\UNC\HLY-SMB01\Shares$\BD\zz Working\Dan\Personnel\Reviews\00 Spring '19\Drafts May 19\Spring_2019_Review__Area_Lead_-Sandra_Wood v1.pdf"	"FullControl"	"Allow"	"POWERENG\dgilmore"	"None"	"None"
"\\?\UNC\HLY-SMB01\Shares$\BD\zz Working\Dan\Personnel\Reviews\01 Fall '19\Drafts\old\Fall_2019_Performance_Review__Area_Lead_-August_McKernan.pdf.sf3zy9k.partial"	"FullControl"	"Allow"	"POWERENG\dgilmore"	"None"	"None"
"\\?\UNC\HLY-SMB01\Shares$\BD\zz Working\Dan\Personnel\Reviews\01 Fall '19\Drafts\old\Fall_2019_Performance_Review__Area_Lead_-Jennifer_Lomax v1.pdf"	"FullControl"	"Allow"	"POWERENG\dgilmore"	"None"	"None"
"\\?\UNC\HLY-SMB01\Shares$\BD\zz Working\Dan\Personnel\Reviews\01 Fall '19\Drafts\old\Fall_2019_Performance_Review__Area_Lead_-Jennifer_Lomax.pdf"	"FullControl"	"Allow"	"POWERENG\dgilmore"	"None"	"None"
"\\?\UNC\HLY-SMB01\Shares$\BD\zz Working\Dan\Personnel\Reviews\01 Fall '19\Drafts\old\Fall_2019_Performance_Review__Area_Lead_-John_Ballenot.pdf"	"FullControl"	"Allow"	"POWERENG\dgilmore"	"None"	"None"
"\\?\UNC\HLY-SMB01\Shares$\BD\zz Working\Dan\Personnel\Reviews\01 Fall '19\Drafts\old\Fall_2019_Performance_Review__Area_Lead_-Lindsay_VanMieghem.pdf"	"FullControl"	"Allow"	"POWERENG\dgilmore"	"None"	"None"
"\\?\UNC\HLY-SMB01\Shares$\BD\zz Working\Dan\Personnel\Reviews\01 Fall '19\Drafts\old\Fall_2019_Performance_Review__Area_Lead_-Patty_Bowen.pdf"	"FullControl"	"Allow"	"POWERENG\dgilmore"	"None"	"None"
"\\?\UNC\HLY-SMB01\Shares$\BD\zz Working\Dan\Personnel\Reviews\01 Fall '19\Drafts\old\Fall_2019_Performance_Review__Area_Lead_-Sandra_Wood.pdf"	"FullControl"	"Allow"	"POWERENG\dgilmore"	"None"	"None"
"\\?\UNC\HLY-SMB01\Shares$\BD\zz Working\Dan\Personnel\Reviews\01 Fall '19\Drafts\Fall_2019_Performance_Review__Area_Lead_-August_McKernan v1.pdf"	"FullControl"	"Allow"	"POWERENG\dgilmore"	"None"	"None"
"\\?\UNC\HLY-SMB01\Shares$\BD\zz Working\Dan\Personnel\Reviews\01 Fall '19\Drafts\Fall_2019_Performance_Review__Area_Lead_-Jennifer_Lomax.pdf"	"FullControl"	"Allow"	"POWERENG\dgilmore"	"None"	"None"
"\\?\UNC\HLY-SMB01\Shares$\BD\zz Working\Dan\Personnel\Reviews\01 Fall '19\Drafts\Fall_2019_Performance_Review__Area_Lead_-John_Ballenot v1.pdf"	"FullControl"	"Allow"	"POWERENG\dgilmore"	"None"	"None"
"\\?\UNC\HLY-SMB01\Shares$\BD\zz Working\Ellen\Chris K\GAM\Content helper\2018_State_of_Attention_Report_US.pdf"	"FullControl"	"Allow"	"POWERENG\ckulchak"	"None"	"None"
"\\?\UNC\HLY-SMB01\Shares$\BD\zz Working\Ellen\Chris K\GAM\Email marketing campaigns\Marketos-Secrets-to-Campaign-Optimization.pdf"	"FullControl"	"Allow"	"POWERENG\ckulchak"	"None"	"None"
"\\?\UNC\HLY-SMB01\Shares$\BD\zz Working\Ellen\Chris K\GAM\Media Releases\Esri_Sharing Your Press Releases - March 2019.pdf"	"FullControl"	"Allow"	"POWERENG\ckulchak"	"None"	"None"
"\\?\UNC\HLY-SMB01\Shares$\BD\zz Working\Ellen\Chris K\GAM\Webinars\2019_06_26 P360AMS\ListImportedforPOWER360AMSWebinar2-Duplicate.csv"	"FullControl"	"Allow"	"POWERENG\ckulchak"	"None"	"None"
"\\?\UNC\HLY-SMB01\Shares$\BD\zz Working\Ellen\Chris K\GAM\Webinars\2019_06_26 P360AMS\ListImportedforPOWER360AMSWebinar2-Suppressed.csv"	"FullControl"	"Allow"	"POWERENG\ckulchak"	"None"	"None"
"\\?\UNC\HLY-SMB01\Shares$\BD\zz Working\Ellen\Chris K\GAM\Webinars\2019_06_26 P360AMS\POWER360AMSWebinarReports.pdf"	"FullControl"	"Allow"	"POWERENG\ckulchak"	"None"	"None"
"\\?\UNC\HLY-SMB01\Shares$\BD\zz Working\Ellen\Chris K\GAM\Webinars\2019_09_12 P360AMS\Email campaign lists\ListImportedforPOWER360AMSWebinar091219Email3-Suppressed.csv"	"FullControl"	"Allow"	"POWERENG\ckulchak"	"None"	"None"
"\\?\UNC\HLY-SMB01\Shares$\BD\zz Working\Ellen\Chris K\GAM\Webinars\2019_09_12 P360AMS\Email campaign lists\ListImportedforPOWER360AMSWebinar2-Suppressed.csv"	"FullControl"	"Allow"	"POWERENG\ckulchak"	"None"	"None"
"\\?\UNC\HLY-SMB01\Shares$\BD\zz Working\Ellen\Chris K\GAM\Webinars\Skyward go bys\2_23 Construction (senseFly & POWER) Slides.pdf"	"FullControl"	"Allow"	"POWERENG\ckulchak"	"None"	"None"
"\\?\UNC\HLY-SMB01\Shares$\BD\zz Working\Ellen\Chris K\GAM\Webinars\Skyward go bys\2_23 Construction (senseFly & POWER).pptx"	"FullControl"	"Allow"	"POWERENG\ckulchak"	"None"	"None"
"\\?\UNC\HLY-SMB01\Shares$\BD\zz Working\Ellen\Chris K\GAM\Webinars\2019_Gated_Asset_8TipsforWebinars.pdf"	"FullControl"	"Allow"	"POWERENG\ckulchak"	"None"	"None"
"\\?\UNC\HLY-SMB01\Shares$\BD\zz Working\Ellen\Chris K\GAM\Webinars\Internal 3D Webinar Invite.pdf"	"FullControl"	"Allow"	"POWERENG\ckulchak"	"None"	"None"
"\\?\UNC\HLY-SMB01\Shares$\BD\zz Working\Ellen\Chris K\GAM\Enterprise_Asset_Management_E_Book.pdf"	"FullControl"	"Allow"	"POWERENG\ckulchak"	"None"	"None"
"\\?\UNC\HLY-SMB01\Shares$\BD\zz Working\Ellen\Chris K\Logos\Esri Logos\Esri Brand Partner Usage Guide.pdf"	"FullControl"	"Allow"	"POWERENG\ckulchak"	"None"	"None"
"\\?\UNC\HLY-SMB01\Shares$\BD\zz Working\Ellen\Chris K\Marketo-Omni-Channel-Experience-Ebook-v2b2.pdf"	"FullControl"	"Allow"	"POWERENG\ckulchak"	"None"	"None"
"\\?\UNC\HLY-SMB01\Shares$\BD\zz Working\Kara\Q&E\Jacobs Fab Center FAQ\107425_PacifiCorp St. George 138 kV Substation SVC_13.jpg"	"FullControl"	"Allow"	"POWERENG\kveit"	"None"	"None"
"\\?\UNC\HLY-SMB01\Shares$\BD\zz Working\Kara\Q&E\Jacobs Fab Center FAQ\120880_Rosendin Facebook Data Center Substation Testing_02.jpg"	"FullControl"	"Allow"	"POWERENG\kveit"	"None"	"None"
"\\?\UNC\HLY-SMB01\Shares$\BD\zz Working\Karen\Ktruxal\BD Hiring\Summer 2018\Candidates\Boise_Halleh Mahjouri\Resume_Halleh Mahjouri.docx"	"FullControl"	"Allow"	"POWERENG\ktruxal"	"None"	"None"
"\\?\UNC\HLY-SMB01\Shares$\BD\zz Working\Karen\Ktruxal\BD Hiring\Summer 2018\Candidates\Boise_Michael Tankersley\Resume_Michael Tankersley.docx"	"FullControl"	"Allow"	"POWERENG\ktruxal"	"None"	"None"
"\\?\UNC\HLY-SMB01\Shares$\BD\zz Working\Karen\Ktruxal\BD Hiring\Summer 2018\Candidates\Boise_Rebecca French_PD MPD BOI\Phone Interview Notes_6-21-18_Rebecca French.docx"	"FullControl"	"Allow"	"POWERENG\ktruxal"	"None"	"None"
"\\?\UNC\HLY-SMB01\Shares$\BD\zz Working\Karen\Ktruxal\BD Hiring\Summer 2018\Candidates\Boise_Rosellen Villareal-Price\Resume_Rosellen Villareal-Price.docx"	"FullControl"	"Allow"	"POWERENG\ktruxal"	"None"	"None"
"\\?\UNC\HLY-SMB01\Shares$\BD\zz Working\Karen\Ktruxal\BD Hiring\Summer 2018\Candidates\Boise_Steven Davis\Resume_Steven Davis.docx"	"FullControl"	"Allow"	"POWERENG\ktruxal"	"None"	"None"
"\\?\UNC\HLY-SMB01\Shares$\BD\zz Working\Karen\Ktruxal\BD Hiring\Summer 2018\Candidates\Boise_Tara Peterson\Resume_Tara Peterson.docx"	"FullControl"	"Allow"	"POWERENG\ktruxal"	"None"	"None"
"\\?\UNC\HLY-SMB01\Shares$\BD\zz Working\Karen\Ktruxal\BD Hiring\Summer 2018\Candidates\Hailey_Annemarie McQuary\Resume_Annemarie McQuary.docx"	"FullControl"	"Allow"	"POWERENG\ktruxal"	"None"	"None"
"\\?\UNC\HLY-SMB01\Shares$\BD\zz Working\Karen\Ktruxal\Evaluations\2018\June-Dec 2018\May Reviews\Sharen Feedback_May 2018.pdf"	"FullControl"	"Allow"	"POWERENG\ktruxal"	"None"	"None"
"\\?\UNC\HLY-SMB01\Shares$\BD\zz Working\Ralph\2019 Folders and before\Surges\Denny Substation\Denny 2018\SCL photos\wetransfer-61a2c5.zip.bx6qyku.partial"	"FullControl"	"Allow"	"S-1-5-21-1380516296-1705272057-1576261225-47241"	"None"	"None"
"\\?\UNC\HLY-SMB01\Shares$\BD\zz Working\Ralph\2019 Folders and before\T&D World\T&DWorld Media Partnership.pdf"	"FullControl"	"Allow"	"S-1-5-21-1380516296-1705272057-1576261225-47241"	"None"	"None"
"\\?\UNC\HLY-SMB01\Shares$\BD\zz Working\Ralph\2020 Projects\Surges 2020\Hurricane Laura\Hurricanes Laura and Delta photos\iCloud Photos from Tim Clark.zip"	"FullControl"	"Allow"	"S-1-5-21-1380516296-1705272057-1576261225-47241"	"None"	"None"
"\\?\UNC\HLY-SMB01\Shares$\BD\zz Working\Ralph\Award entries\ENR 1 Minute Acceptance.MP4"	"FullControl"	"Allow"	"S-1-5-21-1380516296-1705272057-1576261225-47241"	"None"	"None"
"\\?\UNC\HLY-SMB01\Shares$\BD\zz Working\Suzie\BU 46 Presentation_October 2019\Photos\access-adult-black-and-white-1449052.jpg"	"FullControl"	"Allow"	"POWERENG\shartz"	"None"	"None"
"\\?\UNC\HLY-SMB01\Shares$\BD\zz Working\Suzie\BU 46 Presentation_October 2019\Photos\accounting-analytics-balance-209224.jpg"	"FullControl"	"Allow"	"POWERENG\shartz"	"None"	"None"
"\\?\UNC\HLY-SMB01\Shares$\BD\zz Working\Suzie\BU 46 Presentation_October 2019\Photos\agenda-2297709_1920.jpg"	"FullControl"	"Allow"	"POWERENG\shartz"	"None"	"None"
"\\?\UNC\HLY-SMB01\Shares$\BD\zz Working\Suzie\BU 46 Presentation_October 2019\Photos\startup-593296_1920.jpg"	"FullControl"	"Allow"	"POWERENG\shartz"	"None"	"None"
"\\?\UNC\HLY-SMB01\Shares$\BD\zz Working\Suzie\Goals & Objectives\2020\Fall_2019_Performance_Review__Area_Lead_-Suzie_Hartz.pdf"	"FullControl"	"Allow"	"POWERENG\shartz"	"None"	"None"
"\\?\UNC\HLY-SMB01\Shares$\BD\zz Working\Suzie\Surges\2019\01-January_IN Depth-Brian Rausch\Reference\New Recording 2.m4a"	"FullControl"	"Allow"	"POWERENG\shartz"	"None"	"None"
"\\?\UNC\HLY-SMB01\Shares$\BD\01 Proposals & Presentations\11 Power Delivery\Celmer\Area Lead"	"FullControl"	"Allow"	"POWERENG\FS-FileServices-ADM"	"ContainerInherit, ObjectInherit"	"None"
"\\?\UNC\HLY-SMB01\Shares$\BD\01 Proposals & Presentations\11 Power Delivery\Celmer\Area Lead"	"FullControl"	"Allow"	"POWERENG\FS-HLYFS1-BD-Share-Area Lead-Folder-02-FC"	"ContainerInherit, ObjectInherit"	"None"
"\\?\UNC\HLY-SMB01\Shares$\BD\01 Proposals & Presentations\11 Power Delivery\Celmer\Area Lead"	"ReadAndExecute, Synchronize"	"Allow"	"POWERENG\FS-HLYFS1-BD-Share-Area Lead-Folder-02-RO"	"ContainerInherit, ObjectInherit"	"None"
"\\?\UNC\HLY-SMB01\Shares$\BD\01 Proposals & Presentations\11 Power Delivery\Celmer\Area Lead"	"Modify, Synchronize"	"Allow"	"POWERENG\FS-HLYFS1-BD-Share-Area Lead-Folder-02-RW"	"ContainerInherit, ObjectInherit"	"None"
"\\?\UNC\HLY-SMB01\Shares$\BD\01 Proposals & Presentations\11 Power Delivery\McKernan\03 Archived Opportunities\2021 Archive\2021-07-0271 ENMAX C258\DCA_2021_Power_Engineers.pdf"	"FullControl"	"Allow"	"POWERENG\amckernan"	"None"	"None"
"\\?\UNC\HLY-SMB01\Shares$\BD\01 Proposals & Presentations\11 Power Delivery\McKernan\03 Archived Opportunities\2021 Archive\2021-07-0304 Brookfield Ground Grid Updates\Clarifications_QA_Tracker_PowerEngineers.xlsx"	"FullControl"	"Allow"	"POWERENG\amckernan"	"None"	"None"
"\\?\UNC\HLY-SMB01\Shares$\BD\01 Proposals & Presentations\11 Power Delivery\Rego\Proposals\z COMPLETED PROPOSALS\11.01.2021 5 p.m. mt POPUD - Engineering Consultant RFQ\R_PD-Employees-Pie_V_medium.jpg"	"FullControl"	"Allow"	"POWERENG\brego"	"None"	"None"
"\\?\UNC\HLY-SMB01\Shares$\BD\01 Proposals & Presentations\11 Power Delivery\Rego\Proposals\z COMPLETED PROPOSALS\11.15.2021 5 p.m. mt POPUD - Engineering Support & Services (21-028)\(Cover Photo) 111366_PacifiCorp Yreka-Weed Mitigation Monitoring_04.jpg"	"FullControl"	"Allow"	"POWERENG\brego"	"None"	"None"
"\\?\UNC\HLY-SMB01\Shares$\BD\01 Proposals & Presentations\11 Power Delivery\Rego\Proposals\z COMPLETED PROPOSALS\2022.01.13 TransWest - EPC Construction Management  (2021-09-0151)\Cover\R_HVDC LADWP MS_07.jpg"	"FullControl"	"Allow"	"POWERENG\brego"	"None"	"None"
"\\?\UNC\HLY-SMB01\Shares$\BD\01 Proposals & Presentations\11 Power Delivery\Rego\Proposals\z COMPLETED PROPOSALS\2022.01.13 TransWest - EPC Construction Management  (2021-09-0151)\PD Employee Charts\R_PD-Employees-Pie_H_medium.jpg"	"FullControl"	"Allow"	"POWERENG\brego"	"None"	"None"
"\\?\UNC\HLY-SMB01\Shares$\BD\01 Proposals & Presentations\11 Power Delivery\Rego\Proposals\z COMPLETED PROPOSALS\2022.01.13 TransWest - EPC Construction Management  (2021-09-0151)\PD Employee Charts\R_PD-Employees-Pie_V_medium.jpg"	"FullControl"	"Allow"	"POWERENG\brego"	"None"	"None"
"\\?\UNC\HLY-SMB01\Shares$\BD\01 Proposals & Presentations\11 Power Delivery\Rego\Proposals\z COMPLETED PROPOSALS\2022.01.13 TransWest - EPC OE (2021-09-0150)\Cover Photos\123710_BPA Celilo 500 kV HVDC Terminal Replacement_257.jpg"	"FullControl"	"Allow"	"POWERENG\brego"	"None"	"None"
"\\?\UNC\HLY-SMB01\Shares$\BD\01 Proposals & Presentations\11 Power Delivery\Rego\Proposals\z COMPLETED PROPOSALS\2022.1.12 Haugland - CHPE Astoria to Rainey 345 kV Cable Design-Build\Cover Photos\132670_PSEG Bergen Linden Corridor UG_10_medium.jpg"	"FullControl"	"Allow"	"POWERENG\brego"	"None"	"None"
"\\?\UNC\HLY-SMB01\Shares$\BD\01 Proposals & Presentations\11 Power Delivery\Rego\Proposals\z COMPLETED PROPOSALS\8.24.2021 4 p.m. Mountain NVE  Solar & Battery Energy Storage Systems Projects Pre-Development\From NVE 8.9.2021\RFI_8151 QA 08092021.xlsx"	"FullControl"	"Allow"	"POWERENG\brego"	"None"	"None"
"\\?\UNC\HLY-SMB01\Shares$\BD\01 Proposals & Presentations\11 Power Delivery\Rego\Proposals\z COMPLETED PROPOSALS\8.24.2021 via Ariba SCE -  240-Rexford Solar Engineering Services-07272021\From SCE 8.13.2021\Rexford Solar RFP - Published Questions.Clarifications.Responses Log 8.13.2021.docx"	"FullControl"	"Allow"	"POWERENG\brego"	"None"	"None"
"\\?\UNC\HLY-SMB01\Shares$\BD\01 Proposals & Presentations\11 Power Delivery\Rego\Proposals\z COMPLETED PROPOSALS\8.24.2021 via Ariba SCE -  240-Rexford Solar Engineering Services-07272021\From SCE 8.17.2021\Rexford Solar RFP - Published Questions.Clarifications.Responses Log 8.17.2021.docx"	"FullControl"	"Allow"	"POWERENG\brego"	"None"	"None"
"\\?\UNC\HLY-SMB01\Shares$\BD\01 Proposals & Presentations\11 Power Delivery\Rego\Proposals\z COMPLETED PROPOSALS\8.24.2021 via Ariba SCE -  240-Rexford Solar Engineering Services-07272021\From SCE 8.3.2020\Rexford Solar RFP - Published Questions.Clarifications.Responses Log (p.m.).docx"	"FullControl"	"Allow"	"POWERENG\brego"	"None"	"None"
"\\?\UNC\HLY-SMB01\Shares$\BD\01 Proposals & Presentations\11 Power Delivery\Rego\Proposals\z COMPLETED PROPOSALS\8.24.2021 via Ariba SCE -  240-Rexford Solar Engineering Services-07272021\From SCE 8.3.2020\Rexford Solar RFP - Published Questions.Clarifications.Responses Log.docx"	"FullControl"	"Allow"	"POWERENG\brego"	"None"	"None"
"\\?\UNC\HLY-SMB01\Shares$\BD\01 Proposals & Presentations\11 Power Delivery\Rego\Proposals\z COMPLETED PROPOSALS\8.24.2021 via Ariba SCE -  240-Rexford Solar Engineering Services-07272021\From SCE 8.9.2021\Rexford Solar RFP - Published Questions.Clarifications.Responses Log 8.9.2021.docx"	"FullControl"	"Allow"	"POWERENG\brego"	"None"	"None"
"\\?\UNC\HLY-SMB01\Shares$\BD\01 Proposals & Presentations\11 Power Delivery\Rego\Proposals\z COMPLETED PROPOSALS\9.21.2021 NoGo NYPA Power Station Engineering NIA Station Service MCC Eval Program\Reference Forms from Ariba\Appendix J  Ver2019.pdf"	"FullControl"	"Allow"	"POWERENG\brego"	"None"	"None"
"\\?\UNC\HLY-SMB01\Shares$\BD\01 Proposals & Presentations\11 Power Delivery\Rego\Proposals\z COMPLETED PROPOSALS\9.21.2021 NoGo NYPA Power Station Engineering NIA Station Service MCC Eval Program\Reference Forms from Ariba\EO 177 Certification.pdf"	"FullControl"	"Allow"	"POWERENG\brego"	"None"	"None"
"\\?\UNC\HLY-SMB01\Shares$\BD\01 Proposals & Presentations\11 Power Delivery\Rego\Proposals\z COMPLETED PROPOSALS\9.21.2021 NoGo NYPA Power Station Engineering NIA Station Service MCC Eval Program\Reference Forms from Ariba\Final Appendix C 5-08-2018.pdf"	"FullControl"	"Allow"	"POWERENG\brego"	"None"	"None"
"\\?\UNC\HLY-SMB01\Shares$\BD\01 Proposals & Presentations\11 Power Delivery\Rego\Proposals\z COMPLETED PROPOSALS\9.21.2021 NoGo NYPA Power Station Engineering NIA Station Service MCC Eval Program\Reference Forms from Ariba\Final Appendix C SDVOB 5-08-2018.pdf"	"FullControl"	"Allow"	"POWERENG\brego"	"None"	"None"
"\\?\UNC\HLY-SMB01\Shares$\BD\01 Proposals & Presentations\11 Power Delivery\Rego\Proposals\z COMPLETED PROPOSALS\9.21.2021 NoGo NYPA Power Station Engineering NIA Station Service MCC Eval Program\Reference Forms from Ariba\Non-Collusive Bidder Certificate.pdf"	"FullControl"	"Allow"	"POWERENG\brego"	"None"	"None"
"\\?\UNC\HLY-SMB01\Shares$\BD\01 Proposals & Presentations\11 Power Delivery\Rego\SOLAR\COMPLETED\12.31 Solar SOQ\Solar SOQ Docs\01. POWER Engineers - We Help You Succeed\O151526_RS Energy PacifiCorp Porterfield Ranch Solar Project Substation_10_medium.jpg"	"FullControl"	"Allow"	"POWERENG\brego"	"None"	"None"
"\\?\UNC\HLY-SMB01\Shares$\BD\01 Proposals & Presentations\11 Power Delivery\Rego\SOLAR\COMPLETED\12.31 Solar SOQ\Solar SOQ Docs\03. Featured Solar Projects\118720_LADWP Pine Tree Solar_03_medium.jpg"	"FullControl"	"Allow"	"POWERENG\brego"	"None"	"None"
"\\?\UNC\HLY-SMB01\Shares$\BD\01 Proposals & Presentations\11 Power Delivery\Rego\SOLAR\COMPLETED\12.31 Solar SOQ\Solar SOQ Docs\03. Featured Solar Projects\123319_SunPower China Lake_medium.jpg"	"FullControl"	"Allow"	"POWERENG\brego"	"None"	"None"
"\\?\UNC\HLY-SMB01\Shares$\BD\01 Proposals & Presentations\11 Power Delivery\Rego\SOLAR\COMPLETED\12.31 Solar SOQ\Solar SOQ Docs\03. Featured Solar Projects\130401_14716239216_25a158be5e_o_medium Waipio.jpg"	"FullControl"	"Allow"	"POWERENG\brego"	"None"	"None"
"\\?\UNC\HLY-SMB01\Shares$\BD\01 Proposals & Presentations\11 Power Delivery\Rego\SOLAR\COMPLETED\12.31 Solar SOQ\Solar SOQ Docs\03. Featured Solar Projects\O144161_Cypress Creek Renewables Boise City Solar Farm_56_medium drone.jpg"	"FullControl"	"Allow"	"POWERENG\brego"	"None"	"None"
"\\?\UNC\HLY-SMB01\Shares$\BD\01 Proposals & Presentations\11 Power Delivery\Rego\SOLAR\COMPLETED\12.31 Solar SOQ\Solar SOQ Docs\03. Featured Solar Projects\R_SOLAR_01_Generic Solar 2_medium.jpg"	"FullControl"	"Allow"	"POWERENG\brego"	"None"	"None"
"\\?\UNC\HLY-SMB01\Shares$\BD\01 Proposals & Presentations\11 Power Delivery\Rego\SOLAR\COMPLETED\12.31 Solar SOQ\Solar SOQ Docs\03. Featured Solar Projects\R_SOLAR_01_generic_solar panels_medium.jpg"	"FullControl"	"Allow"	"POWERENG\brego"	"None"	"None"
"\\?\UNC\HLY-SMB01\Shares$\BD\01 Proposals & Presentations\11 Power Delivery\Rego\SOLAR\COMPLETED\12.31 Solar SOQ\Solar SOQ Docs\03. Featured Solar Projects\R_SOLAR_01_Ram Shadow SOLAR_medium.jpg"	"FullControl"	"Allow"	"POWERENG\brego"	"None"	"None"
"\\?\UNC\HLY-SMB01\Shares$\BD\01 Proposals & Presentations\11 Power Delivery\Rego\SOLAR\COMPLETED\12.31 Solar SOQ\R_Employees-Division-Pie_V_medium.jpg"	"FullControl"	"Allow"	"POWERENG\brego"	"None"	"None"
"\\?\UNC\HLY-SMB01\Shares$\BD\01 Proposals & Presentations\11 Power Delivery\Rego\SOLAR\COMPLETED\12.31 Solar SOQ\R_POWEROffices_US_International List_N6_medium.jpg"	"FullControl"	"Allow"	"POWERENG\brego"	"None"	"None"
"\\?\UNC\HLY-SMB01\Shares$\BD\01 Proposals & Presentations\11 Power Delivery\VanMieghem\MP Coordinator Archive\Proposals\00 Archive\z2021\NO GO Mid American - UG EPC\MEC Sub R to R Tap_Question Log - 8-10-2021.xlsx"	"FullControl"	"Allow"	"POWERENG\lvanmieghem"	"None"	"None"
"\\?\UNC\HLY-SMB01\Shares$\BD\01 Proposals & Presentations\11 Power Delivery\VanMieghem\MP Coordinator Archive\Proposals\00 Archive\z2021\NO GO Mid American - UG EPC\MEC Sub R to R Tap_Question Log_210726 (2).pdf"	"FullControl"	"Allow"	"POWERENG\lvanmieghem"	"None"	"None"
"\\?\UNC\HLY-SMB01\Shares$\BD\01 Proposals & Presentations\11 Power Delivery\Zenobian\Area Lead"	"FullControl"	"Allow"	"POWERENG\FS-FileServices-ADM"	"ContainerInherit, ObjectInherit"	"None"
"\\?\UNC\HLY-SMB01\Shares$\BD\01 Proposals & Presentations\11 Power Delivery\Zenobian\Area Lead"	"FullControl"	"Allow"	"POWERENG\FS-HLYFS1-BD-Share-Area_Lead-Folder-01-FC"	"ContainerInherit, ObjectInherit"	"None"
"\\?\UNC\HLY-SMB01\Shares$\BD\01 Proposals & Presentations\11 Power Delivery\Zenobian\Area Lead"	"ReadAndExecute, Synchronize"	"Allow"	"POWERENG\FS-HLYFS1-BD-Share-Area_Lead-Folder-01-RO"	"ContainerInherit, ObjectInherit"	"None"
"\\?\UNC\HLY-SMB01\Shares$\BD\01 Proposals & Presentations\11 Power Delivery\Zenobian\Area Lead"	"Modify, Synchronize"	"Allow"	"POWERENG\FS-HLYFS1-BD-Share-Area_Lead-Folder-01-RW"	"ContainerInherit, ObjectInherit"	"None"
"\\?\UNC\HLY-SMB01\Shares$\BD\01 Proposals & Presentations\194 Environmental\Lee\01_Proposals and SOQs\z_Archived\2021 Archive\2021-07-0302 - Xcel MSA CPPP\RFP Docs\RFP Event Documents.zip"	"FullControl"	"Allow"	"POWERENG\clee"	"None"	"None"
"\\?\UNC\HLY-SMB01\Shares$\BD\04 Internal Strategy Coordination\01 PD_ENV_GAM\12 CTOC"	"FullControl"	"Allow"	"POWERENG\FS-FileServices-ADM"	"ContainerInherit, ObjectInherit"	"None"
"\\?\UNC\HLY-SMB01\Shares$\BD\04 Internal Strategy Coordination\01 PD_ENV_GAM\12 CTOC"	"FullControl"	"Allow"	"POWERENG\FS-HLYFS1-BD-Share-12_CTOC-Folder-01-FC"	"ContainerInherit, ObjectInherit"	"None"
"\\?\UNC\HLY-SMB01\Shares$\BD\04 Internal Strategy Coordination\01 PD_ENV_GAM\12 CTOC"	"ReadAndExecute, Synchronize"	"Allow"	"POWERENG\FS-HLYFS1-BD-Share-12_CTOC-Folder-01-RO"	"ContainerInherit, ObjectInherit"	"None"
"\\?\UNC\HLY-SMB01\Shares$\BD\04 Internal Strategy Coordination\01 PD_ENV_GAM\12 CTOC"	"Modify, Synchronize"	"Allow"	"POWERENG\FS-HLYFS1-BD-Share-12_CTOC-Folder-01-RW"	"ContainerInherit, ObjectInherit"	"None"
"\\?\UNC\HLY-SMB01\Shares$\BD\04 Internal Strategy Coordination\03 Facilities\CE-CM Key Client Program\00 General Program Materials\Training\Admin\blur-breakfast-chef-cooking-262978.jpg"	"FullControl"	"Allow"	"POWERENG\shartz"	"None"	"None"
"\\?\UNC\HLY-SMB01\Shares$\BD\04 Internal Strategy Coordination\03 Facilities\CE-CM Key Client Program\00 General Program Materials\Training\Admin\close-up-photography-of-yellow-green-red-and-brown-plastic-163064.jpg"	"FullControl"	"Allow"	"POWERENG\shartz"	"None"	"None"
"\\?\UNC\HLY-SMB01\Shares$\BD\07 OpenAsset & DAM\03 OpenAsset-Working"	"FullControl"	"Allow"	"POWERENG\FS-FileServices-ADM"	"ContainerInherit, ObjectInherit"	"None"
"\\?\UNC\HLY-SMB01\Shares$\BD\07 OpenAsset & DAM\03 OpenAsset-Working"	"FullControl"	"Allow"	"POWERENG\FS-HLYFS1-BD-Share-03OAWorking-Folder-01-FC"	"ContainerInherit, ObjectInherit"	"None"
"\\?\UNC\HLY-SMB01\Shares$\BD\07 OpenAsset & DAM\03 OpenAsset-Working"	"ReadAndExecute, Synchronize"	"Allow"	"POWERENG\FS-HLYFS1-BD-Share-03OAWorking-Folder-01-RO"	"ContainerInherit, ObjectInherit"	"None"
"\\?\UNC\HLY-SMB01\Shares$\BD\07 OpenAsset & DAM\03 OpenAsset-Working"	"Modify, Synchronize"	"Allow"	"POWERENG\FS-HLYFS1-BD-Share-03OAWorking-Folder-01-RW"	"ContainerInherit, ObjectInherit"	"None"
"\\?\UNC\HLY-SMB01\Shares$\BD\08 Graphics\00 Resources\05 Photos\01 Stock\iStock\iStock-172390625.jpg"	"FullControl"	"Allow"	"POWERENG\akanazawa"	"None"	"None"
"\\?\UNC\HLY-SMB01\Shares$\BD\08 Graphics\00 Resources\05 Photos\01 Stock\iStock\iStock-1152481365.jpg"	"FullControl"	"Allow"	"POWERENG\kneighbors"	"None"	"None"
"\\?\UNC\HLY-SMB01\Shares$\BD\08 Graphics\00 Resources\05 Photos\01 Stock\iStock\iStock-1046772626.jpg"	"FullControl"	"Allow"	"POWERENG\kneighbors"	"None"	"None"
"\\?\UNC\HLY-SMB01\Shares$\BD\08 Graphics\00 Resources\05 Photos\01 Stock\iStock\iStock-1003442736.jpg"	"FullControl"	"Allow"	"POWERENG\kneighbors"	"None"	"None"
"\\?\UNC\HLY-SMB01\Shares$\BD\zz 06 Deltek CRM & Proposals\01 Administrators\07 Working\Amy's Working\Deltek - issues\Project Start Date Search\Chat History 6-22-20.txt"	"ReadAndExecute, Synchronize"	"Allow"	"S-1-15-3-4096"	"None"	"None"
"\\?\UNC\HLY-SMB01\Shares$\BD\zz 06 Deltek CRM & Proposals\01 Administrators\07 Working\Amy's Working\Deltek - issues\Chat History_Guam and Puerto Rico in States_Country dropdown.txt"	"ReadAndExecute, Synchronize"	"Allow"	"S-1-15-3-4096"	"None"	"None"
"\\?\UNC\HLY-SMB01\Shares$\BD\zz 06 Deltek CRM & Proposals\01 Administrators\07 Working\Amy's Working\Deltek - issues\Project Start Date Search in Projects.txt"	"ReadAndExecute, Synchronize"	"Allow"	"S-1-15-3-4096"	"None"	"None"
"\\?\UNC\HLY-SMB01\Shares$\BD\zz 06 Deltek CRM & Proposals\03 Conferences\02 LFUG_PUG\2018\2018_LFUG-PUG.pdf"	"FullControl"	"Allow"	"S-1-5-21-1380516296-1705272057-1576261225-6920"	"None"	"None"
"\\?\UNC\HLY-SMB01\Shares$\BD\05 Marketing & PR\00 Cross-Divisional\Website Redesign 2020\Articles\Article photos\00 READ ME\Five Ways Thinking Holisticially.jpg"	"FullControl"	"Allow"	"POWERENG\mmurdock"	"None"	"None"
"\\?\UNC\HLY-SMB01\Shares$\BD\05 Marketing & PR\00 Cross-Divisional\Website Redesign 2020\Articles\Article photos\00 READ ME\Good Fast Cheap Social Media_web.jpg"	"FullControl"	"Allow"	"POWERENG\mmurdock"	"None"	"None"
"\\?\UNC\HLY-SMB01\Shares$\BD\05 Marketing & PR\00 Cross-Divisional\Website Redesign 2020\Articles\Article photos\00 READ ME\iStock-1254342538.jpg"	"FullControl"	"Allow"	"POWERENG\mmurdock"	"None"	"None"
"\\?\UNC\HLY-SMB01\Shares$\BD\05 Marketing & PR\00 Cross-Divisional\Website Redesign 2020\Articles\Article photos\00 READ ME\iStock-482119728.jpg"	"FullControl"	"Allow"	"POWERENG\mmurdock"	"None"	"None"
"\\?\UNC\HLY-SMB01\Shares$\BD\05 Marketing & PR\01 Power Delivery\Admin & Planning\2019\Monday.com\Invoice.txt"	"ReadAndExecute, Synchronize"	"Allow"	"S-1-15-3-4096"	"None"	"None"
"\\?\UNC\HLY-SMB01\Shares$\BD\05 Marketing & PR\01 Power Delivery\Ads\2019\EEI\Rates & Specs ? Electric Perspectives Media Kit_files"	"ReadAndExecute, Synchronize"	"Allow"	"S-1-15-3-4096"	"ContainerInherit, ObjectInherit"	"None"
"\\?\UNC\HLY-SMB01\Shares$\BD\05 Marketing & PR\01 Power Delivery\Ads\2019\EEI\Rates & Specs ? Electric Perspectives Media Kit.htm"	"ReadAndExecute, Synchronize"	"Allow"	"S-1-15-3-4096"	"None"	"None"
"\\?\UNC\HLY-SMB01\Shares$\BD\05 Marketing & PR\01 Power Delivery\External Events & Sponsorships\CLEANPOWER (previously AWEA)\CLEANPOWER - (previously Windpower)\2019 Windpower\Booth\chat 4-29 GES.txt"	"FullControl"	"Allow"	"POWERENG\nhart"	"None"	"None"
"\\?\UNC\HLY-SMB01\Shares$\BD\05 Marketing & PR\01 Power Delivery\External Events & Sponsorships\CLEANPOWER (previously AWEA)\CLEANPOWER - (previously Windpower)\2019 Windpower\Booth\chat 4-29 GES.txt"	"Read, Synchronize"	"Allow"	"S-1-15-2-3624051433-2125758914-1423191267-1740899205-1073925389-3782572162-737981194"	"None"	"None"
"\\?\UNC\HLY-SMB01\Shares$\BD\05 Marketing & PR\01 Power Delivery\External Events & Sponsorships\CLEANPOWER (previously AWEA)\CLEANPOWER - (previously Windpower)\2019 Windpower\Booth\chat 4-29 GES.txt"	"Read, Synchronize"	"Allow"	"S-1-15-3-3624051433-2125758914-1423191267-1740899205-1073925389-3782572162-737981194"	"None"	"None"
"\\?\UNC\HLY-SMB01\Shares$\BD\05 Marketing & PR\01 Power Delivery\External Events & Sponsorships\CLEANPOWER (previously AWEA)\CLEANPOWER - (previously Windpower)\2019 Windpower\Session Video\A Root Cause Analysis Tool - The 5 Whys.mp4"	"FullControl"	"Allow"	"POWERENG\nhart"	"None"	"None"
"\\?\UNC\HLY-SMB01\Shares$\BD\05 Marketing & PR\01 Power Delivery\External Events & Sponsorships\CLEANPOWER (previously AWEA)\CLEANPOWER - (previously Windpower)\2019 Windpower\Session Video\A Root Cause Analysis Tool - The 5 Whys.mp4"	"Read, Synchronize"	"Allow"	"S-1-15-2-3624051433-2125758914-1423191267-1740899205-1073925389-3782572162-737981194"	"None"	"None"
"\\?\UNC\HLY-SMB01\Shares$\BD\05 Marketing & PR\01 Power Delivery\External Events & Sponsorships\CLEANPOWER (previously AWEA)\CLEANPOWER - (previously Windpower)\2019 Windpower\Session Video\A Root Cause Analysis Tool - The 5 Whys.mp4"	"Read, Synchronize"	"Allow"	"S-1-15-3-3624051433-2125758914-1423191267-1740899205-1073925389-3782572162-737981194"	"None"	"None"
"\\?\UNC\HLY-SMB01\Shares$\BD\05 Marketing & PR\01 Power Delivery\External Events & Sponsorships\CLEANPOWER (previously AWEA)\CLEANPOWER - (previously Windpower)\2019 Windpower\Session Video\APQP4Wind - New Normal - What it Means for Suppliers.mp4"	"FullControl"	"Allow"	"POWERENG\nhart"	"None"	"None"
"\\?\UNC\HLY-SMB01\Shares$\BD\05 Marketing & PR\01 Power Delivery\External Events & Sponsorships\CLEANPOWER (previously AWEA)\CLEANPOWER - (previously Windpower)\2019 Windpower\Session Video\APQP4Wind - New Normal - What it Means for Suppliers.mp4"	"Read, Synchronize"	"Allow"	"S-1-15-2-3624051433-2125758914-1423191267-1740899205-1073925389-3782572162-737981194"	"None"	"None"
"\\?\UNC\HLY-SMB01\Shares$\BD\05 Marketing & PR\01 Power Delivery\External Events & Sponsorships\CLEANPOWER (previously AWEA)\CLEANPOWER - (previously Windpower)\2019 Windpower\Session Video\APQP4Wind - New Normal - What it Means for Suppliers.mp4"	"Read, Synchronize"	"Allow"	"S-1-15-3-3624051433-2125758914-1423191267-1740899205-1073925389-3782572162-737981194"	"None"	"None"
"\\?\UNC\HLY-SMB01\Shares$\BD\05 Marketing & PR\01 Power Delivery\External Events & Sponsorships\CLEANPOWER (previously AWEA)\CLEANPOWER - (previously Windpower)\2019 Windpower\Session Video\Cybersecurity-Winds_of_Change_pt.1.mp4"	"FullControl"	"Allow"	"POWERENG\nhart"	"None"	"None"
"\\?\UNC\HLY-SMB01\Shares$\BD\05 Marketing & PR\01 Power Delivery\External Events & Sponsorships\CLEANPOWER (previously AWEA)\CLEANPOWER - (previously Windpower)\2019 Windpower\Session Video\Cybersecurity-Winds_of_Change_pt.1.mp4"	"Read, Synchronize"	"Allow"	"S-1-15-2-3624051433-2125758914-1423191267-1740899205-1073925389-3782572162-737981194"	"None"	"None"
"\\?\UNC\HLY-SMB01\Shares$\BD\05 Marketing & PR\01 Power Delivery\External Events & Sponsorships\CLEANPOWER (previously AWEA)\CLEANPOWER - (previously Windpower)\2019 Windpower\Session Video\Cybersecurity-Winds_of_Change_pt.1.mp4"	"Read, Synchronize"	"Allow"	"S-1-15-3-3624051433-2125758914-1423191267-1740899205-1073925389-3782572162-737981194"	"None"	"None"
"\\?\UNC\HLY-SMB01\Shares$\BD\05 Marketing & PR\01 Power Delivery\External Events & Sponsorships\CLEANPOWER (previously AWEA)\CLEANPOWER - (previously Windpower)\2019 Windpower\Session Video\Financing Structures Going Forward.mp4"	"FullControl"	"Allow"	"POWERENG\nhart"	"None"	"None"
"\\?\UNC\HLY-SMB01\Shares$\BD\05 Marketing & PR\01 Power Delivery\External Events & Sponsorships\CLEANPOWER (previously AWEA)\CLEANPOWER - (previously Windpower)\2019 Windpower\Session Video\Financing Structures Going Forward.mp4"	"Read, Synchronize"	"Allow"	"S-1-15-2-3624051433-2125758914-1423191267-1740899205-1073925389-3782572162-737981194"	"None"	"None"
"\\?\UNC\HLY-SMB01\Shares$\BD\05 Marketing & PR\01 Power Delivery\External Events & Sponsorships\CLEANPOWER (previously AWEA)\CLEANPOWER - (previously Windpower)\2019 Windpower\Session Video\Financing Structures Going Forward.mp4"	"Read, Synchronize"	"Allow"	"S-1-15-3-3624051433-2125758914-1423191267-1740899205-1073925389-3782572162-737981194"	"None"	"None"
"\\?\UNC\HLY-SMB01\Shares$\BD\05 Marketing & PR\01 Power Delivery\External Events & Sponsorships\CLEANPOWER (previously AWEA)\CLEANPOWER - (previously Windpower)\2019 Windpower\Session Video\General Session Part 1.mp4"	"FullControl"	"Allow"	"POWERENG\nhart"	"None"	"None"
"\\?\UNC\HLY-SMB01\Shares$\BD\05 Marketing & PR\01 Power Delivery\External Events & Sponsorships\CLEANPOWER (previously AWEA)\CLEANPOWER - (previously Windpower)\2019 Windpower\Session Video\General Session Part 1.mp4"	"Read, Synchronize"	"Allow"	"S-1-15-2-3624051433-2125758914-1423191267-1740899205-1073925389-3782572162-737981194"	"None"	"None"
"\\?\UNC\HLY-SMB01\Shares$\BD\05 Marketing & PR\01 Power Delivery\External Events & Sponsorships\CLEANPOWER (previously AWEA)\CLEANPOWER - (previously Windpower)\2019 Windpower\Session Video\General Session Part 1.mp4"	"Read, Synchronize"	"Allow"	"S-1-15-3-3624051433-2125758914-1423191267-1740899205-1073925389-3782572162-737981194"	"None"	"None"
"\\?\UNC\HLY-SMB01\Shares$\BD\05 Marketing & PR\01 Power Delivery\External Events & Sponsorships\CLEANPOWER (previously AWEA)\CLEANPOWER - (previously Windpower)\2019 Windpower\Session Video\General Session Part 2.mp4"	"FullControl"	"Allow"	"POWERENG\nhart"	"None"	"None"
"\\?\UNC\HLY-SMB01\Shares$\BD\05 Marketing & PR\01 Power Delivery\External Events & Sponsorships\CLEANPOWER (previously AWEA)\CLEANPOWER - (previously Windpower)\2019 Windpower\Session Video\General Session Part 2.mp4"	"Read, Synchronize"	"Allow"	"S-1-15-2-3624051433-2125758914-1423191267-1740899205-1073925389-3782572162-737981194"	"None"	"None"
"\\?\UNC\HLY-SMB01\Shares$\BD\05 Marketing & PR\01 Power Delivery\External Events & Sponsorships\CLEANPOWER (previously AWEA)\CLEANPOWER - (previously Windpower)\2019 Windpower\Session Video\General Session Part 2.mp4"	"Read, Synchronize"	"Allow"	"S-1-15-3-3624051433-2125758914-1423191267-1740899205-1073925389-3782572162-737981194"	"None"	"None"
"\\?\UNC\HLY-SMB01\Shares$\BD\05 Marketing & PR\01 Power Delivery\External Events & Sponsorships\CLEANPOWER (previously AWEA)\CLEANPOWER - (previously Windpower)\2019 Windpower\Session Video\Growing and Evolving Customer Demands for Renewable Energy.mp4"	"FullControl"	"Allow"	"POWERENG\nhart"	"None"	"None"
"\\?\UNC\HLY-SMB01\Shares$\BD\05 Marketing & PR\01 Power Delivery\External Events & Sponsorships\CLEANPOWER (previously AWEA)\CLEANPOWER - (previously Windpower)\2019 Windpower\Session Video\Growing and Evolving Customer Demands for Renewable Energy.mp4"	"Read, Synchronize"	"Allow"	"S-1-15-2-3624051433-2125758914-1423191267-1740899205-1073925389-3782572162-737981194"	"None"	"None"
"\\?\UNC\HLY-SMB01\Shares$\BD\05 Marketing & PR\01 Power Delivery\External Events & Sponsorships\CLEANPOWER (previously AWEA)\CLEANPOWER - (previously Windpower)\2019 Windpower\Session Video\Growing and Evolving Customer Demands for Renewable Energy.mp4"	"Read, Synchronize"	"Allow"	"S-1-15-3-3624051433-2125758914-1423191267-1740899205-1073925389-3782572162-737981194"	"None"	"None"
"\\?\UNC\HLY-SMB01\Shares$\BD\05 Marketing & PR\01 Power Delivery\External Events & Sponsorships\CLEANPOWER (previously AWEA)\CLEANPOWER - (previously Windpower)\2019 Windpower\Session Video\Large Turbind Manufacturers Forum.mp4"	"FullControl"	"Allow"	"POWERENG\nhart"	"None"	"None"
"\\?\UNC\HLY-SMB01\Shares$\BD\05 Marketing & PR\01 Power Delivery\External Events & Sponsorships\CLEANPOWER (previously AWEA)\CLEANPOWER - (previously Windpower)\2019 Windpower\Session Video\Large Turbind Manufacturers Forum.mp4"	"Read, Synchronize"	"Allow"	"S-1-15-2-3624051433-2125758914-1423191267-1740899205-1073925389-3782572162-737981194"	"None"	"None"
"\\?\UNC\HLY-SMB01\Shares$\BD\05 Marketing & PR\01 Power Delivery\External Events & Sponsorships\CLEANPOWER (previously AWEA)\CLEANPOWER - (previously Windpower)\2019 Windpower\Session Video\Large Turbind Manufacturers Forum.mp4"	"Read, Synchronize"	"Allow"	"S-1-15-3-3624051433-2125758914-1423191267-1740899205-1073925389-3782572162-737981194"	"None"	"None"
"\\?\UNC\HLY-SMB01\Shares$\BD\05 Marketing & PR\01 Power Delivery\External Events & Sponsorships\CLEANPOWER (previously AWEA)\CLEANPOWER - (previously Windpower)\2019 Windpower\Session Video\Ops Strategies for an Aging Fleet.mp4"	"FullControl"	"Allow"	"POWERENG\nhart"	"None"	"None"
"\\?\UNC\HLY-SMB01\Shares$\BD\05 Marketing & PR\01 Power Delivery\External Events & Sponsorships\CLEANPOWER (previously AWEA)\CLEANPOWER - (previously Windpower)\2019 Windpower\Session Video\Ops Strategies for an Aging Fleet.mp4"	"Read, Synchronize"	"Allow"	"S-1-15-2-3624051433-2125758914-1423191267-1740899205-1073925389-3782572162-737981194"	"None"	"None"
"\\?\UNC\HLY-SMB01\Shares$\BD\05 Marketing & PR\01 Power Delivery\External Events & Sponsorships\CLEANPOWER (previously AWEA)\CLEANPOWER - (previously Windpower)\2019 Windpower\Session Video\Ops Strategies for an Aging Fleet.mp4"	"Read, Synchronize"	"Allow"	"S-1-15-3-3624051433-2125758914-1423191267-1740899205-1073925389-3782572162-737981194"	"None"	"None"
"\\?\UNC\HLY-SMB01\Shares$\BD\05 Marketing & PR\01 Power Delivery\External Events & Sponsorships\CLEANPOWER (previously AWEA)\CLEANPOWER - (previously Windpower)\2019 Windpower\Session Video\Permitting and Repowering - Development in the 2020s.mp4"	"FullControl"	"Allow"	"POWERENG\nhart"	"None"	"None"
"\\?\UNC\HLY-SMB01\Shares$\BD\05 Marketing & PR\01 Power Delivery\External Events & Sponsorships\CLEANPOWER (previously AWEA)\CLEANPOWER - (previously Windpower)\2019 Windpower\Session Video\Permitting and Repowering - Development in the 2020s.mp4"	"Read, Synchronize"	"Allow"	"S-1-15-2-3624051433-2125758914-1423191267-1740899205-1073925389-3782572162-737981194"	"None"	"None"
"\\?\UNC\HLY-SMB01\Shares$\BD\05 Marketing & PR\01 Power Delivery\External Events & Sponsorships\CLEANPOWER (previously AWEA)\CLEANPOWER - (previously Windpower)\2019 Windpower\Session Video\Permitting and Repowering - Development in the 2020s.mp4"	"Read, Synchronize"	"Allow"	"S-1-15-3-3624051433-2125758914-1423191267-1740899205-1073925389-3782572162-737981194"	"None"	"None"
"\\?\UNC\HLY-SMB01\Shares$\BD\05 Marketing & PR\01 Power Delivery\External Events & Sponsorships\CLEANPOWER (previously AWEA)\CLEANPOWER - (previously Windpower)\2019 Windpower\Session Video\Power of Storytelling thru Video to Change the Conversation pt.1.mp4"	"FullControl"	"Allow"	"POWERENG\nhart"	"None"	"None"
"\\?\UNC\HLY-SMB01\Shares$\BD\05 Marketing & PR\01 Power Delivery\External Events & Sponsorships\CLEANPOWER (previously AWEA)\CLEANPOWER - (previously Windpower)\2019 Windpower\Session Video\Power of Storytelling thru Video to Change the Conversation pt.1.mp4"	"Read, Synchronize"	"Allow"	"S-1-15-2-3624051433-2125758914-1423191267-1740899205-1073925389-3782572162-737981194"	"None"	"None"
"\\?\UNC\HLY-SMB01\Shares$\BD\05 Marketing & PR\01 Power Delivery\External Events & Sponsorships\CLEANPOWER (previously AWEA)\CLEANPOWER - (previously Windpower)\2019 Windpower\Session Video\Power of Storytelling thru Video to Change the Conversation pt.1.mp4"	"Read, Synchronize"	"Allow"	"S-1-15-3-3624051433-2125758914-1423191267-1740899205-1073925389-3782572162-737981194"	"None"	"None"
"\\?\UNC\HLY-SMB01\Shares$\BD\05 Marketing & PR\01 Power Delivery\External Events & Sponsorships\CLEANPOWER (previously AWEA)\CLEANPOWER - (previously Windpower)\2019 Windpower\Session Video\Power of Storytelling thru Video to Change the Conversation pt.2.mp4"	"FullControl"	"Allow"	"POWERENG\nhart"	"None"	"None"
"\\?\UNC\HLY-SMB01\Shares$\BD\05 Marketing & PR\01 Power Delivery\External Events & Sponsorships\CLEANPOWER (previously AWEA)\CLEANPOWER - (previously Windpower)\2019 Windpower\Session Video\Power of Storytelling thru Video to Change the Conversation pt.2.mp4"	"Read, Synchronize"	"Allow"	"S-1-15-2-3624051433-2125758914-1423191267-1740899205-1073925389-3782572162-737981194"	"None"	"None"
"\\?\UNC\HLY-SMB01\Shares$\BD\05 Marketing & PR\01 Power Delivery\External Events & Sponsorships\CLEANPOWER (previously AWEA)\CLEANPOWER - (previously Windpower)\2019 Windpower\Session Video\Power of Storytelling thru Video to Change the Conversation pt.2.mp4"	"Read, Synchronize"	"Allow"	"S-1-15-3-3624051433-2125758914-1423191267-1740899205-1073925389-3782572162-737981194"	"None"	"None"
"\\?\UNC\HLY-SMB01\Shares$\BD\05 Marketing & PR\01 Power Delivery\External Events & Sponsorships\CLEANPOWER (previously AWEA)\CLEANPOWER - (previously Windpower)\2019 Windpower\Session Video\Rise of Hybrid Project.mp4"	"FullControl"	"Allow"	"POWERENG\nhart"	"None"	"None"
"\\?\UNC\HLY-SMB01\Shares$\BD\05 Marketing & PR\01 Power Delivery\External Events & Sponsorships\CLEANPOWER (previously AWEA)\CLEANPOWER - (previously Windpower)\2019 Windpower\Session Video\Rise of Hybrid Project.mp4"	"Read, Synchronize"	"Allow"	"S-1-15-2-3624051433-2125758914-1423191267-1740899205-1073925389-3782572162-737981194"	"None"	"None"
"\\?\UNC\HLY-SMB01\Shares$\BD\05 Marketing & PR\01 Power Delivery\External Events & Sponsorships\CLEANPOWER (previously AWEA)\CLEANPOWER - (previously Windpower)\2019 Windpower\Session Video\Rise of Hybrid Project.mp4"	"Read, Synchronize"	"Allow"	"S-1-15-3-3624051433-2125758914-1423191267-1740899205-1073925389-3782572162-737981194"	"None"	"None"
"\\?\UNC\HLY-SMB01\Shares$\BD\05 Marketing & PR\01 Power Delivery\External Events & Sponsorships\CLEANPOWER (previously AWEA)\CLEANPOWER - (previously Windpower)\2019 Windpower\Session Video\Superpower - Building the Lines to a Clean Energy Economy.mp4"	"FullControl"	"Allow"	"POWERENG\nhart"	"None"	"None"
"\\?\UNC\HLY-SMB01\Shares$\BD\05 Marketing & PR\01 Power Delivery\External Events & Sponsorships\CLEANPOWER (previously AWEA)\CLEANPOWER - (previously Windpower)\2019 Windpower\Session Video\Superpower - Building the Lines to a Clean Energy Economy.mp4"	"Read, Synchronize"	"Allow"	"S-1-15-2-3624051433-2125758914-1423191267-1740899205-1073925389-3782572162-737981194"	"None"	"None"
"\\?\UNC\HLY-SMB01\Shares$\BD\05 Marketing & PR\01 Power Delivery\External Events & Sponsorships\CLEANPOWER (previously AWEA)\CLEANPOWER - (previously Windpower)\2019 Windpower\Session Video\Superpower - Building the Lines to a Clean Energy Economy.mp4"	"Read, Synchronize"	"Allow"	"S-1-15-3-3624051433-2125758914-1423191267-1740899205-1073925389-3782572162-737981194"	"None"	"None"
"\\?\UNC\HLY-SMB01\Shares$\BD\05 Marketing & PR\01 Power Delivery\External Events & Sponsorships\CLEANPOWER (previously AWEA)\CLEANPOWER - (previously Windpower)\2019 Windpower\Session Video\US Wind Outlook - Where, When, How Much.mp4"	"FullControl"	"Allow"	"POWERENG\nhart"	"None"	"None"
"\\?\UNC\HLY-SMB01\Shares$\BD\05 Marketing & PR\01 Power Delivery\External Events & Sponsorships\CLEANPOWER (previously AWEA)\CLEANPOWER - (previously Windpower)\2019 Windpower\Session Video\US Wind Outlook - Where, When, How Much.mp4"	"Read, Synchronize"	"Allow"	"S-1-15-2-3624051433-2125758914-1423191267-1740899205-1073925389-3782572162-737981194"	"None"	"None"
"\\?\UNC\HLY-SMB01\Shares$\BD\05 Marketing & PR\01 Power Delivery\External Events & Sponsorships\CLEANPOWER (previously AWEA)\CLEANPOWER - (previously Windpower)\2019 Windpower\Session Video\US Wind Outlook - Where, When, How Much.mp4"	"Read, Synchronize"	"Allow"	"S-1-15-3-3624051433-2125758914-1423191267-1740899205-1073925389-3782572162-737981194"	"None"	"None"
"\\?\UNC\HLY-SMB01\Shares$\BD\05 Marketing & PR\01 Power Delivery\External Events & Sponsorships\DISTRIBUTECH\2019\Invoices and POs\Fulton Alley\Power Engineers Corporate Event - Fulton Alley_files"	"ReadAndExecute, Synchronize"	"Allow"	"S-1-15-3-4096"	"ContainerInherit, ObjectInherit"	"None"
"\\?\UNC\HLY-SMB01\Shares$\BD\05 Marketing & PR\01 Power Delivery\External Events & Sponsorships\DISTRIBUTECH\2019\Invoices and POs\Fulton Alley\Power Engineers Corporate Event - Fulton Alley.htm"	"ReadAndExecute, Synchronize"	"Allow"	"S-1-15-3-4096"	"None"	"None"
"\\?\UNC\HLY-SMB01\Shares$\BD\05 Marketing & PR\01 Power Delivery\External Events & Sponsorships\DISTRIBUTECH\2019\Invoices and POs\Fulton Alley\Receipt of Payment for Power Engineers Corporate Event.htm"	"ReadAndExecute, Synchronize"	"Allow"	"S-1-15-3-4096"	"None"	"None"
"\\?\UNC\HLY-SMB01\Shares$\BD\05 Marketing & PR\01 Power Delivery\External Events & Sponsorships\FMEA\Energy Connections Conference\2018\Invoices_POs\Invoice No_ 200002311 - Florida Municipal Electric Association_files"	"ReadAndExecute, Synchronize"	"Allow"	"S-1-15-3-4096"	"ContainerInherit, ObjectInherit"	"None"
"\\?\UNC\HLY-SMB01\Shares$\BD\05 Marketing & PR\01 Power Delivery\External Events & Sponsorships\FMEA\Energy Connections Conference\2018\Invoices_POs\Invoice No_ 200002311 - Florida Municipal Electric Association.htm"	"ReadAndExecute, Synchronize"	"Allow"	"S-1-15-3-4096"	"None"	"None"
"\\?\UNC\HLY-SMB01\Shares$\BD\05 Marketing & PR\01 Power Delivery\External Events & Sponsorships\RE+ (SPI ESI NASEW)\2018\02 Booth\GES\02 Order\GES Order Submission 9735D-5C524.pdf"	"FullControl"	"Allow"	"POWERENG\nhart"	"None"	"None"
"\\?\UNC\HLY-SMB01\Shares$\BD\05 Marketing & PR\01 Power Delivery\External Events & Sponsorships\RE+ (SPI ESI NASEW)\2019\05 Marketing\iCapture\Materials sent for dev team\Logos for iCapture-SPI.zip"	"FullControl"	"Allow"	"POWERENG\nhart"	"None"	"None"
"\\?\UNC\HLY-SMB01\Shares$\BD\05 Marketing & PR\01 Power Delivery\External Events & Sponsorships\RE+ (SPI ESI NASEW)\2019\05 Marketing\iCapture\Materials sent for dev team\Logos for iCapture-SPI.zip"	"Read, Synchronize"	"Allow"	"S-1-15-2-3624051433-2125758914-1423191267-1740899205-1073925389-3782572162-737981194"	"None"	"None"
"\\?\UNC\HLY-SMB01\Shares$\BD\05 Marketing & PR\01 Power Delivery\External Events & Sponsorships\RE+ (SPI ESI NASEW)\2019\05 Marketing\iCapture\Materials sent for dev team\Logos for iCapture-SPI.zip"	"Read, Synchronize"	"Allow"	"S-1-15-3-3624051433-2125758914-1423191267-1740899205-1073925389-3782572162-737981194"	"None"	"None"
"\\?\UNC\HLY-SMB01\Shares$\BD\05 Marketing & PR\01 Power Delivery\External Events & Sponsorships\SEE\2019\Booth\Welcome to Alliance Nationwide Exposition_files"	"ReadAndExecute, Synchronize"	"Allow"	"S-1-15-3-4096"	"ContainerInherit, ObjectInherit"	"None"
"\\?\UNC\HLY-SMB01\Shares$\BD\05 Marketing & PR\01 Power Delivery\External Events & Sponsorships\SEE\2019\Booth\Welcome to Alliance Nationwide Exposition.htm"	"ReadAndExecute, Synchronize"	"Allow"	"S-1-15-3-4096"	"None"	"None"
"\\?\UNC\HLY-SMB01\Shares$\BD\05 Marketing & PR\01 Power Delivery\POWER-Hosted Events\PDDC Power Delivery Design Conference\2020\Presentations\All PPT\2020 PDDC Larry Bekkedahl.pptx"	"FullControl"	"Allow"	"POWERENG\smcclarin"	"None"	"None"
"\\?\UNC\HLY-SMB01\Shares$\BD\05 Marketing & PR\01 Power Delivery\POWER-Hosted Events\PMT Project Manager Training\2020\Agenda\2020 PMT_Agenda.pdf"	"FullControl"	"Allow"	"POWERENG\smcclarin"	"None"	"None"
"\\?\UNC\HLY-SMB01\Shares$\BD\05 Marketing & PR\01 Power Delivery\POWER-Hosted Events\PMT Project Manager Training\2020\WebEx Video\Individual Clips\11_2020 PMT Friday Jay Keeling.mp4"	"FullControl"	"Allow"	"POWERENG\smcclarin"	"None"	"None"
"\\?\UNC\HLY-SMB01\Shares$\BD\05 Marketing & PR\01 Power Delivery\POWER-Hosted Events\PMT Project Manager Training\2020\WebEx Video\wetransfer-5ccc78.zip"	"FullControl"	"Allow"	"POWERENG\smcclarin"	"None"	"None"
"\\?\UNC\HLY-SMB01\Shares$\BD\05 Marketing & PR\01 Power Delivery\POWER-Hosted Events\Webinars\2020\DER\T&D World\1_CBD174C1871D4ED7BA39F69A5A6DD854.mp4"	"FullControl"	"Allow"	"POWERENG\smcclarin"	"None"	"None"
"\\?\UNC\HLY-SMB01\Shares$\BD\05 Marketing & PR\02 Generation\03 Awards\2019 ACEC Engineering Excellence Awards\ACEC_Logo.jpg"	"FullControl"	"Allow"	"POWERENG\ktruxal"	"None"	"None"
"\\?\UNC\HLY-SMB01\Shares$\BD\05 Marketing & PR\02 Generation\09 Tradeshows & Conferences\GRC\19\Papers\A Comparison of Alteration Mineralogy and Measured Temperatures from Three Exploration Wells in Fiale Caldera , Djibouti.pdf"	"FullControl"	"Allow"	"S-1-5-21-1380516296-1705272057-1576261225-69735"	"None"	"None"
"\\?\UNC\HLY-SMB01\Shares$\BD\05 Marketing & PR\02 Generation\09 Tradeshows & Conferences\GRC\19\Papers\A Preliminary Study of a Novel Heat Pump Integrated Underground Thermal Energy Storage for Shaping Electric Demand of Buildings.pdf"	"FullControl"	"Allow"	"S-1-5-21-1380516296-1705272057-1576261225-69735"	"None"	"None"
"\\?\UNC\HLY-SMB01\Shares$\BD\05 Marketing & PR\02 Generation\09 Tradeshows & Conferences\GRC\19\Papers\A Stochastic Evaluation of Geothermal Reservoir Potential for the Tuscarora Sandstone in Morgantown, West Virginia, USA.pdf"	"FullControl"	"Allow"	"S-1-5-21-1380516296-1705272057-1576261225-69735"	"None"	"None"
"\\?\UNC\HLY-SMB01\Shares$\BD\05 Marketing & PR\02 Generation\09 Tradeshows & Conferences\GRC\19\Papers\Abaya Geothermal Project, A High Enthalpy Geothermal System in teh Main Ethiopian Rift.pdf"	"FullControl"	"Allow"	"S-1-5-21-1380516296-1705272057-1576261225-69735"	"None"	"None"
"\\?\UNC\HLY-SMB01\Shares$\BD\05 Marketing & PR\02 Generation\09 Tradeshows & Conferences\GRC\19\Papers\Alberta?s Western Canada Sedimentary Basin?s First Electrical Geothermal Project.pdf"	"FullControl"	"Allow"	"S-1-5-21-1380516296-1705272057-1576261225-69735"	"None"	"None"
"\\?\UNC\HLY-SMB01\Shares$\BD\05 Marketing & PR\02 Generation\09 Tradeshows & Conferences\GRC\19\Papers\An Introduction to Flow Control Devices and the Potential Benefits to Geothermal Applications.pdf"	"FullControl"	"Allow"	"S-1-5-21-1380516296-1705272057-1576261225-69735"	"None"	"None"
"\\?\UNC\HLY-SMB01\Shares$\BD\05 Marketing & PR\02 Generation\09 Tradeshows & Conferences\GRC\19\Papers\An Overview of the US Department of Energy's GeoVision Report.pdf"	"FullControl"	"Allow"	"S-1-5-21-1380516296-1705272057-1576261225-69735"	"None"	"None"
"\\?\UNC\HLY-SMB01\Shares$\BD\05 Marketing & PR\02 Generation\09 Tradeshows & Conferences\GRC\19\Papers\An Overview of the US Department of Energy's GeoVision Roadmap.pdf"	"FullControl"	"Allow"	"S-1-5-21-1380516296-1705272057-1576261225-69735"	"None"	"None"
"\\?\UNC\HLY-SMB01\Shares$\BD\05 Marketing & PR\02 Generation\09 Tradeshows & Conferences\GRC\19\Papers\An Unconventional Directional Sidetrack of a Geothermla Well in Kenya_Menegai Well MW-15A.pdf"	"FullControl"	"Allow"	"S-1-5-21-1380516296-1705272057-1576261225-69735"	"None"	"None"
"\\?\UNC\HLY-SMB01\Shares$\BD\05 Marketing & PR\02 Generation\09 Tradeshows & Conferences\GRC\19\Papers\Application of Oil and Gas Methodology to Geothermal Formation Evaluation  The Value of Data.pdf"	"FullControl"	"Allow"	"S-1-5-21-1380516296-1705272057-1576261225-69735"	"None"	"None"
"\\?\UNC\HLY-SMB01\Shares$\BD\05 Marketing & PR\02 Generation\09 Tradeshows & Conferences\GRC\19\Papers\Can Geologic Factors be Predictive for Distinguishing Between Productive and Non-productive Geothermal Wells.pdf"	"FullControl"	"Allow"	"S-1-5-21-1380516296-1705272057-1576261225-69735"	"None"	"None"
"\\?\UNC\HLY-SMB01\Shares$\BD\05 Marketing & PR\02 Generation\09 Tradeshows & Conferences\GRC\19\Papers\Case Study of the 3S Kale Incirliova Geothermal Project, Ayd?n Province, Turkey.pdf"	"FullControl"	"Allow"	"S-1-5-21-1380516296-1705272057-1576261225-69735"	"None"	"None"
"\\?\UNC\HLY-SMB01\Shares$\BD\05 Marketing & PR\02 Generation\09 Tradeshows & Conferences\GRC\19\Papers\Chemistry of Stibnite, Orpiment and Other Sulfide Minerals Deposited from Geothermal Brines.pdf"	"FullControl"	"Allow"	"S-1-5-21-1380516296-1705272057-1576261225-69735"	"None"	"None"
"\\?\UNC\HLY-SMB01\Shares$\BD\05 Marketing & PR\02 Generation\09 Tradeshows & Conferences\GRC\19\Papers\Combining Geothermal Potential and Direct Air Capture for Negative Emission Power Generation in California.pdf"	"FullControl"	"Allow"	"S-1-5-21-1380516296-1705272057-1576261225-69735"	"None"	"None"
"\\?\UNC\HLY-SMB01\Shares$\BD\05 Marketing & PR\02 Generation\09 Tradeshows & Conferences\GRC\19\Papers\Comparison of Fracture Permeability Estimated from Well Tests and Radon Tracer.pdf"	"FullControl"	"Allow"	"S-1-5-21-1380516296-1705272057-1576261225-69735"	"None"	"None"
"\\?\UNC\HLY-SMB01\Shares$\BD\05 Marketing & PR\02 Generation\09 Tradeshows & Conferences\GRC\19\Papers\Development of an Improved Cement for Geothermal Wells.pdf"	"FullControl"	"Allow"	"S-1-5-21-1380516296-1705272057-1576261225-69735"	"None"	"None"
"\\?\UNC\HLY-SMB01\Shares$\BD\05 Marketing & PR\02 Generation\09 Tradeshows & Conferences\GRC\19\Papers\Development of Geothermal Reservoir Simulator Dealing with Mineral Reactions.pdf"	"FullControl"	"Allow"	"S-1-5-21-1380516296-1705272057-1576261225-69735"	"None"	"None"
"\\?\UNC\HLY-SMB01\Shares$\BD\05 Marketing & PR\02 Generation\09 Tradeshows & Conferences\GRC\19\Papers\ESPs in Geothermal Applications   an Operational and Commercial Success Case Study in Turkey.pdf"	"FullControl"	"Allow"	"S-1-5-21-1380516296-1705272057-1576261225-69735"	"None"	"None"
"\\?\UNC\HLY-SMB01\Shares$\BD\05 Marketing & PR\02 Generation\09 Tradeshows & Conferences\GRC\19\Papers\Estimating Indicative Transaction Value of Geothermal Reserves Based on a Method from the Petroleum Industry.pdf"	"FullControl"	"Allow"	"S-1-5-21-1380516296-1705272057-1576261225-69735"	"None"	"None"
"\\?\UNC\HLY-SMB01\Shares$\BD\05 Marketing & PR\02 Generation\09 Tradeshows & Conferences\GRC\19\Papers\Experimental Investigation of a Novel High Energy Density Mobile Sorption?based Thermal Battery.pdf"	"FullControl"	"Allow"	"S-1-5-21-1380516296-1705272057-1576261225-69735"	"None"	"None"
"\\?\UNC\HLY-SMB01\Shares$\BD\05 Marketing & PR\02 Generation\09 Tradeshows & Conferences\GRC\19\Papers\Formed-in-place Ceramic Systems for Sealing and Flow Control in Geothermal Applications.pdf"	"FullControl"	"Allow"	"S-1-5-21-1380516296-1705272057-1576261225-69735"	"None"	"None"
"\\?\UNC\HLY-SMB01\Shares$\BD\05 Marketing & PR\02 Generation\09 Tradeshows & Conferences\GRC\19\Papers\Fracture Tracer Injection Response to Pressure Perturbations at an Injection Well.pdf"	"FullControl"	"Allow"	"S-1-5-21-1380516296-1705272057-1576261225-69735"	"None"	"None"
"\\?\UNC\HLY-SMB01\Shares$\BD\05 Marketing & PR\02 Generation\09 Tradeshows & Conferences\GRC\19\Papers\Geologic Thermal Energy Storage of Solar Heat to Provide a Source of Dispatchable Renewable Power and Seasonal Energy Storage Capacity.pdf"	"FullControl"	"Allow"	"S-1-5-21-1380516296-1705272057-1576261225-69735"	"None"	"None"
"\\?\UNC\HLY-SMB01\Shares$\BD\05 Marketing & PR\02 Generation\09 Tradeshows & Conferences\GRC\19\Papers\Geothermal Energy Direct Uses in Mexico   Preliminary Results and Advances on Projects Developed by CeMIEGeo.pdf"	"FullControl"	"Allow"	"S-1-5-21-1380516296-1705272057-1576261225-69735"	"None"	"None"
"\\?\UNC\HLY-SMB01\Shares$\BD\05 Marketing & PR\02 Generation\09 Tradeshows & Conferences\GRC\19\Papers\Geothermal Energy in Canada_Heating Up.pdf"	"FullControl"	"Allow"	"S-1-5-21-1380516296-1705272057-1576261225-69735"	"None"	"None"
"\\?\UNC\HLY-SMB01\Shares$\BD\05 Marketing & PR\02 Generation\09 Tradeshows & Conferences\GRC\19\Papers\Geothermal Energy Utilization of Multi-well Oil Pads via the Application of Organic Rankine Cycle Systems.pdf"	"FullControl"	"Allow"	"S-1-5-21-1380516296-1705272057-1576261225-69735"	"None"	"None"
"\\?\UNC\HLY-SMB01\Shares$\BD\05 Marketing & PR\02 Generation\09 Tradeshows & Conferences\GRC\19\Papers\Geothermal- Enabled Zero Energy Electric Community-An Integrated System Design Study.pdf"	"FullControl"	"Allow"	"S-1-5-21-1380516296-1705272057-1576261225-69735"	"None"	"None"
"\\?\UNC\HLY-SMB01\Shares$\BD\05 Marketing & PR\02 Generation\09 Tradeshows & Conferences\GRC\19\Papers\High-Temperature Corrosion Testing Facility for Coating Materials in Simulated Geothermal Environment.pdf"	"FullControl"	"Allow"	"S-1-5-21-1380516296-1705272057-1576261225-69735"	"None"	"None"
"\\?\UNC\HLY-SMB01\Shares$\BD\05 Marketing & PR\02 Generation\09 Tradeshows & Conferences\GRC\19\Papers\Hydrodynamic Analysis on Flow Accelerated Corrosion of Carbon Steel Piping with Orifice Structure.pdf"	"FullControl"	"Allow"	"S-1-5-21-1380516296-1705272057-1576261225-69735"	"None"	"None"
"\\?\UNC\HLY-SMB01\Shares$\BD\05 Marketing & PR\02 Generation\09 Tradeshows & Conferences\GRC\19\Papers\Impact of Foaming Agent on the Performance of Colloidal Gas Aphron Drilling Fluid for Geothermal Drilling.pdf"	"FullControl"	"Allow"	"S-1-5-21-1380516296-1705272057-1576261225-69735"	"None"	"None"
"\\?\UNC\HLY-SMB01\Shares$\BD\05 Marketing & PR\02 Generation\09 Tradeshows & Conferences\GRC\19\Papers\Integrated Drilling Services for Geothermal Project Laguna Colorada.pdf"	"FullControl"	"Allow"	"S-1-5-21-1380516296-1705272057-1576261225-69735"	"None"	"None"
"\\?\UNC\HLY-SMB01\Shares$\BD\05 Marketing & PR\02 Generation\09 Tradeshows & Conferences\GRC\19\Papers\McGinness Hills 3_  A Successful Third-Phase Development.pdf"	"FullControl"	"Allow"	"S-1-5-21-1380516296-1705272057-1576261225-69735"	"None"	"None"
"\\?\UNC\HLY-SMB01\Shares$\BD\05 Marketing & PR\02 Generation\09 Tradeshows & Conferences\GRC\19\Papers\Open Field Heated Agriculture for Enhanced Crop Production Using Waste Geothermal, Municipal and Co-Gen Hot Water and Steam Condensate.pdf"	"FullControl"	"Allow"	"S-1-5-21-1380516296-1705272057-1576261225-69735"	"None"	"None"
"\\?\UNC\HLY-SMB01\Shares$\BD\05 Marketing & PR\02 Generation\09 Tradeshows & Conferences\GRC\19\Papers\Plaine de Garonne Energies (PGE)_A New Geothermal District Heating in Bourdeaux, France.pdf"	"FullControl"	"Allow"	"S-1-5-21-1380516296-1705272057-1576261225-69735"	"None"	"None"
"\\?\UNC\HLY-SMB01\Shares$\BD\05 Marketing & PR\02 Generation\09 Tradeshows & Conferences\GRC\19\Papers\Recent Activities Regarding Performance Improvement of the Geothermal Power Plant.pdf"	"FullControl"	"Allow"	"S-1-5-21-1380516296-1705272057-1576261225-69735"	"None"	"None"
"\\?\UNC\HLY-SMB01\Shares$\BD\05 Marketing & PR\02 Generation\09 Tradeshows & Conferences\GRC\19\Papers\Refinements of Stratigraphic Markers in Mak-Ban Geothermal Field Using Recent Gamma Ray Logs and Implications to Well Targeting.pdf"	"FullControl"	"Allow"	"S-1-5-21-1380516296-1705272057-1576261225-69735"	"None"	"None"
"\\?\UNC\HLY-SMB01\Shares$\BD\05 Marketing & PR\02 Generation\09 Tradeshows & Conferences\GRC\19\Papers\Removing Silica from Geothermal Water - Year 2 of Pilot Plant Operation ? Re-Design and Ramping up the Pressure.pdf"	"FullControl"	"Allow"	"S-1-5-21-1380516296-1705272057-1576261225-69735"	"None"	"None"
"\\?\UNC\HLY-SMB01\Shares$\BD\05 Marketing & PR\02 Generation\09 Tradeshows & Conferences\GRC\19\Papers\Reservoir Characterization from Exploration Well Completion Tests in the fIale Caldera, Djibouti.pdf"	"FullControl"	"Allow"	"S-1-5-21-1380516296-1705272057-1576261225-69735"	"None"	"None"
"\\?\UNC\HLY-SMB01\Shares$\BD\05 Marketing & PR\02 Generation\09 Tradeshows & Conferences\GRC\19\Papers\Self-healing and Crack-sealing Ability of 30-Day-Long 300C Cured Thermal Shock Resistant Cement Composites.pdf"	"FullControl"	"Allow"	"S-1-5-21-1380516296-1705272057-1576261225-69735"	"None"	"None"
"\\?\UNC\HLY-SMB01\Shares$\BD\05 Marketing & PR\02 Generation\09 Tradeshows & Conferences\GRC\19\Papers\Simulation of Advection-Diffusion Problems with a Unified Lattice Boltzmann Equation.pdf"	"FullControl"	"Allow"	"S-1-5-21-1380516296-1705272057-1576261225-69735"	"None"	"None"
"\\?\UNC\HLY-SMB01\Shares$\BD\05 Marketing & PR\02 Generation\09 Tradeshows & Conferences\GRC\19\Papers\Structural Controls and Slip Tendency in the Chiweta Geothermal Zone_Northern PArt of teh Malawi Rift, Africa.pdf"	"FullControl"	"Allow"	"S-1-5-21-1380516296-1705272057-1576261225-69735"	"None"	"None"
"\\?\UNC\HLY-SMB01\Shares$\BD\05 Marketing & PR\02 Generation\09 Tradeshows & Conferences\GRC\19\Papers\Successful Geothermal Operation Management   Technology Adoption of Oil and Gas Drilling Rig Systems.pdf"	"FullControl"	"Allow"	"S-1-5-21-1380516296-1705272057-1576261225-69735"	"None"	"None"
"\\?\UNC\HLY-SMB01\Shares$\BD\05 Marketing & PR\02 Generation\09 Tradeshows & Conferences\GRC\19\Papers\Successful Well Design and Remedial Cementing by Top Squeeze Method at Steamboat, NV USA.pdf"	"FullControl"	"Allow"	"S-1-5-21-1380516296-1705272057-1576261225-69735"	"None"	"None"
"\\?\UNC\HLY-SMB01\Shares$\BD\05 Marketing & PR\02 Generation\09 Tradeshows & Conferences\GRC\19\Papers\Supercritical Fluid Extraction of Lithium from Synthetic Geothermal Brines.pdf"	"FullControl"	"Allow"	"S-1-5-21-1380516296-1705272057-1576261225-69735"	"None"	"None"
"\\?\UNC\HLY-SMB01\Shares$\BD\05 Marketing & PR\02 Generation\09 Tradeshows & Conferences\GRC\19\Papers\Testing Flexible Couplings for Geothermal Wells.pdf"	"FullControl"	"Allow"	"S-1-5-21-1380516296-1705272057-1576261225-69735"	"None"	"None"
"\\?\UNC\HLY-SMB01\Shares$\BD\05 Marketing & PR\02 Generation\09 Tradeshows & Conferences\GRC\19\Papers\The Development of a Fully Coupled Wellbore-Reservoir Simulator for Geothermal Application.pdf"	"FullControl"	"Allow"	"S-1-5-21-1380516296-1705272057-1576261225-69735"	"None"	"None"
"\\?\UNC\HLY-SMB01\Shares$\BD\05 Marketing & PR\02 Generation\09 Tradeshows & Conferences\GRC\19\Papers\The Integration Of Data Management And Geological Modelling In A Geothermal Subsurface Asset Team.pdf"	"FullControl"	"Allow"	"S-1-5-21-1380516296-1705272057-1576261225-69735"	"None"	"None"
"\\?\UNC\HLY-SMB01\Shares$\BD\05 Marketing & PR\02 Generation\09 Tradeshows & Conferences\GRC\19\Papers\The Potential for Binary Geothermal Power in Williston Basin.pdf"	"FullControl"	"Allow"	"S-1-5-21-1380516296-1705272057-1576261225-69735"	"None"	"None"
"\\?\UNC\HLY-SMB01\Shares$\BD\05 Marketing & PR\02 Generation\09 Tradeshows & Conferences\GRC\19\Papers\The Repowering of Lightning Dock Plant In New Mexico.pdf"	"FullControl"	"Allow"	"S-1-5-21-1380516296-1705272057-1576261225-69735"	"None"	"None"
"\\?\UNC\HLY-SMB01\Shares$\BD\05 Marketing & PR\02 Generation\09 Tradeshows & Conferences\GRC\19\Papers\Thermal-Shock Resisitant Cement for Heat Storage.pdf"	"FullControl"	"Allow"	"S-1-5-21-1380516296-1705272057-1576261225-69735"	"None"	"None"
"\\?\UNC\HLY-SMB01\Shares$\BD\05 Marketing & PR\02 Generation\09 Tradeshows & Conferences\GRC\19\Papers\Three-Dimensional Structural Model Building Constrained By Induced Seismicity Alignments at The Geysers Geothermal Field, Northern California.pdf"	"FullControl"	"Allow"	"S-1-5-21-1380516296-1705272057-1576261225-69735"	"None"	"None"
"\\?\UNC\HLY-SMB01\Shares$\BD\05 Marketing & PR\02 Generation\09 Tradeshows & Conferences\GRC\19\Papers\Use of Fly Ash and Metakaolin in Wellbore Cementing to Prevent Alkali-Silica Reactivity of Amorphous Si-rich Components.pdf"	"FullControl"	"Allow"	"S-1-5-21-1380516296-1705272057-1576261225-69735"	"None"	"None"
"\\?\UNC\HLY-SMB01\Shares$\BD\05 Marketing & PR\02 Generation\09 Tradeshows & Conferences\GRC\19\Papers\Well Drilling in Sol de Manana Geothermal Field-Laguna Colorada Geothermal Project.pdf"	"FullControl"	"Allow"	"S-1-5-21-1380516296-1705272057-1576261225-69735"	"None"	"None"
"\\?\UNC\HLY-SMB01\Shares$\BD\05 Marketing & PR\02 Generation\09 Tradeshows & Conferences\GRC\19\Papers\Wellhead-based Casing Integrity Assessment and Monitoring.pdf"	"FullControl"	"Allow"	"S-1-5-21-1380516296-1705272057-1576261225-69735"	"None"	"None"
"\\?\UNC\HLY-SMB01\Shares$\BD\05 Marketing & PR\02 Generation\09 Tradeshows & Conferences\GRC\19\Papers\Working with 600F Rated Geothermal Logging Cables.pdf"	"FullControl"	"Allow"	"S-1-5-21-1380516296-1705272057-1576261225-69735"	"None"	"None"
"\\?\UNC\HLY-SMB01\Shares$\BD\05 Marketing & PR\02 Generation\09 Tradeshows & Conferences\GRC\19\Papers\Yamagawa Binary Power Station Geothermal ORC Plant in Japan.pdf"	"FullControl"	"Allow"	"S-1-5-21-1380516296-1705272057-1576261225-69735"	"None"	"None"
"\\?\UNC\HLY-SMB01\Shares$\BD\05 Marketing & PR\03 Facilities\09 Tradeshows & Conferences\00 Admin\Skyline_Better_Branding_Booth_Design_Book.pdf"	"FullControl"	"Allow"	"POWERENG\kveit"	"None"	"None"
"\\?\UNC\HLY-SMB01\Shares$\BD\05 Marketing & PR\03 Facilities\09 Tradeshows & Conferences\Food Northwest\2020, February 17-20\Debrief\Attendee List_NW Food and Bev Expo 2020.xlsx"	"FullControl"	"Allow"	"POWERENG\kveit"	"None"	"None"
"\\?\UNC\HLY-SMB01\Shares$\BD\05 Marketing & PR\03 Facilities\09 Tradeshows & Conferences\IBIE\2019, Sept. 7-11\Pictures\JGray_OneDrive_2019-09-13.zip.7dujung.partial"	"FullControl"	"Allow"	"POWERENG\kveit"	"None"	"None"
"\\?\UNC\HLY-SMB01\Shares$\BD\05 Marketing & PR\03 Facilities\09 Tradeshows & Conferences\IPPE\2020 Jan. 28-30\Registration\ExhibitorBarcodes.html"	"FullControl"	"Allow"	"POWERENG\kveit"	"None"	"None"
"\\?\UNC\HLY-SMB01\Shares$\BD\05 Marketing & PR\03 Facilities\09 Tradeshows & Conferences\Pack Expo\2018, Oct 14-17\PACKEXPO2018_XPressLeads_1884631.xls"	"FullControl"	"Allow"	"S-1-5-21-1380516296-1705272057-1576261225-24677"	"None"	"None"
"\\?\UNC\HLY-SMB01\Shares$\BD\05 Marketing & PR\03 Facilities\09 Tradeshows & Conferences\Pack Expo\2020, Nov 8-11\Virtual Show\PACK EXPO Connects 2020 Exhibitor Prospectus.pdf"	"FullControl"	"Allow"	"POWERENG\kveit"	"None"	"None"
"\\?\UNC\HLY-SMB01\Shares$\BD\05 Marketing & PR\03 Facilities\09 Tradeshows & Conferences\Pack Expo\2020, Nov 8-11\Virtual Show\Webinar PPT_PE Connects Webinar - 8.13.2020.pdf"	"FullControl"	"Allow"	"POWERENG\kveit"	"None"	"None"
"\\?\UNC\HLY-SMB01\Shares$\BD\05 Marketing & PR\03 Facilities\09 Tradeshows & Conferences\Z_ARCHIVE_PREVIOUS SHOWS\ProFoodTech\2019, March 26-28\Admin\ProFoodTech_2019_Move_In_Letter.pdf"	"FullControl"	"Allow"	"POWERENG\kveit"	"None"	"None"
"\\?\UNC\HLY-SMB01\Shares$\BD\05 Marketing & PR\05 Advanced Utility Solutions\06 Press Releases & Announcements\Esri Brand Partner Usage Guide - July 13, 2017.pdf"	"FullControl"	"Allow"	"POWERENG\ckulchak"	"None"	"None"
"\\?\UNC\HLY-SMB01\Shares$\BD\05 Marketing & PR\05 Advanced Utility Solutions\06 Press Releases & Announcements\Esri Partner Network Emblem Guidelines.pdf"	"FullControl"	"Allow"	"POWERENG\ckulchak"	"None"	"None"
"\\?\UNC\HLY-SMB01\Shares$\BD\05 Marketing & PR\05 Advanced Utility Solutions\06 Press Releases & Announcements\Sharing Your Press Releases - March 2019.pdf"	"FullControl"	"Allow"	"POWERENG\ckulchak"	"None"	"None"
"\\?\UNC\HLY-SMB01\Shares$\BD\05 Marketing & PR\05 Advanced Utility Solutions\09 Tradeshows & Conferences\Esri Business Partner Conference\2019\2019 EPC_Discover New ArcGIS Technologies - ArcGIS Utility Network Management - Slides.pdf"	"FullControl"	"Allow"	"POWERENG\ckulchak"	"None"	"None"
"\\?\UNC\HLY-SMB01\Shares$\BD\05 Marketing & PR\05 Advanced Utility Solutions\09 Tradeshows & Conferences\Esri Business Partner Conference\2019\2019 EPC_Discover New ArcGIS Technologies - GeoAI  Machine Learning ? Part I - Slides.pdf"	"FullControl"	"Allow"	"POWERENG\ckulchak"	"None"	"None"
"\\?\UNC\HLY-SMB01\Shares$\BD\05 Marketing & PR\05 Advanced Utility Solutions\09 Tradeshows & Conferences\Esri Business Partner Conference\2019\2019 EPC_Discover New ArcGIS Technologies - GeoAI  Machine Learning ? Part II - Slides.pdf"	"FullControl"	"Allow"	"POWERENG\ckulchak"	"None"	"None"
"\\?\UNC\HLY-SMB01\Shares$\BD\05 Marketing & PR\05 Advanced Utility Solutions\09 Tradeshows & Conferences\Esri GeoConX\2018\Dinner\Texas Spice Dinner Menu.pdf"	"FullControl"	"Allow"	"POWERENG\ckulchak"	"None"	"None"
"\\?\UNC\HLY-SMB01\Shares$\BD\05 Marketing & PR\05 Advanced Utility Solutions\09 Tradeshows & Conferences\Esri GeoConX\2018\Shipping labels.zip"	"FullControl"	"Allow"	"POWERENG\ckulchak"	"None"	"None"
"\\?\UNC\HLY-SMB01\Shares$\BD\05 Marketing & PR\05 Advanced Utility Solutions\09 Tradeshows & Conferences\Esri GeoConX\2019\social media\Burns and Mcs Twitter content_Stepsforsuccessfulmigrationtotheutilitynetworkmodelwhitepaper1898andco11681.pdf"	"FullControl"	"Allow"	"POWERENG\ckulchak"	"None"	"None"
"\\?\UNC\HLY-SMB01\Shares$\BD\05 Marketing & PR\05 Advanced Utility Solutions\09 Tradeshows & Conferences\Esri GeoConX\2019\01-GeoConX-Gold-Sponsor.zip"	"FullControl"	"Allow"	"POWERENG\ckulchak"	"None"	"None"
"\\?\UNC\HLY-SMB01\Shares$\BD\05 Marketing & PR\05 Advanced Utility Solutions\09 Tradeshows & Conferences\Esri GeoConX\2019\Forms.zip"	"FullControl"	"Allow"	"POWERENG\ckulchak"	"None"	"None"
"\\?\UNC\HLY-SMB01\Shares$\BD\05 Marketing & PR\05 Advanced Utility Solutions\09 Tradeshows & Conferences\Esri User Conference\2019\Lead retriever\SCANS_WITH_SURVEYS_RESPONSES_2019-07-16_full.xls"	"FullControl"	"Allow"	"POWERENG\ckulchak"	"None"	"None"
"\\?\UNC\HLY-SMB01\Shares$\BD\05 Marketing & PR\05 Advanced Utility Solutions\09 Tradeshows & Conferences\Esri User Conference\2019\ALL Sessions for User Conference.pdf"	"FullControl"	"Allow"	"POWERENG\ckulchak"	"None"	"None"
"\\?\UNC\HLY-SMB01\Shares$\BD\05 Marketing & PR\05 Advanced Utility Solutions\09 Tradeshows & Conferences\Schneider_Link User Group\2019 LINK\Link 2019 - Agenda MASTER (FINAL).pdf"	"FullControl"	"Allow"	"POWERENG\ckulchak"	"None"	"None"
"\\?\UNC\HLY-SMB01\Shares$\BD\05 Marketing & PR\05 Advanced Utility Solutions\12 PR Planning\2019 Marketing Plan\Infographic_ROI.pdf"	"FullControl"	"Allow"	"POWERENG\ckulchak"	"None"	"None"
"\\?\UNC\HLY-SMB01\Shares$\BD\05 Marketing & PR\06 Environmental\07 Tradeshows & Conferences\PA Chamber\2018\2018 - Fall\Booth\Exhibitor Registration  PA Chamber.htm"	"ReadAndExecute, Synchronize"	"Allow"	"S-1-15-3-4096"	"None"	"None"
"\\?\UNC\HLY-SMB01\Shares$\BD\05 Marketing & PR\06 Environmental\10 Currents\2018\Fall 2018\Admin\invoice_174797_from_Thomas Graphics, Inc..pdf"	"FullControl"	"Allow"	"POWERENG\kneighbors"	"None"	"None"
"\\?\UNC\HLY-SMB01\Shares$\BD\05 Marketing & PR\06 Environmental\10 Currents\2019\1 - Winter 2019\Promotion\Email\Winter 2019 email_files"	"ReadAndExecute, Synchronize"	"Allow"	"S-1-15-3-4096"	"ContainerInherit, ObjectInherit"	"None"
"\\?\UNC\HLY-SMB01\Shares$\BD\05 Marketing & PR\06 Environmental\10 Currents\2019\1 - Winter 2019\Promotion\Email\Winter 2019 email.htm"	"ReadAndExecute, Synchronize"	"Allow"	"S-1-15-3-4096"	"None"	"None"
"\\?\UNC\HLY-SMB01\Shares$\BDArt"	"FullControl"	"Allow"	"POWERENG\FS-FileServices-ADM"	"ContainerInherit, ObjectInherit"	"None"
"\\?\UNC\HLY-SMB01\Shares$\BDArt"	"ReadAndExecute, Synchronize"	"Allow"	"POWERENG\FS-HLYFS1-BdArt-Share-RO"	"ContainerInherit, ObjectInherit"	"None"
"\\?\UNC\HLY-SMB01\Shares$\BDArt"	"Modify, Synchronize"	"Allow"	"POWERENG\FS-HLYFS1-BdArt-Share-RW"	"ContainerInherit, ObjectInherit"	"None"
"\\?\UNC\HLY-SMB01\Shares$\BDArt"	"FullControl"	"Allow"	"POWERENG\FS-HLYFS1-BdArt-Share-FC"	"ContainerInherit, ObjectInherit"	"None"
"\\?\UNC\HLY-SMB01\Shares$\BD_Archive"	"FullControl"	"Allow"	"POWERENG\FS-FileServices-ADM"	"ContainerInherit, ObjectInherit"	"None"
"\\?\UNC\HLY-SMB01\Shares$\BD_Archive"	"ReadAndExecute, Synchronize"	"Allow"	"POWERENG\FS-HLYFS1-BD_Archive-Share-RO"	"ContainerInherit, ObjectInherit"	"None"
"\\?\UNC\HLY-SMB01\Shares$\BD_Archive"	"Modify, Synchronize"	"Allow"	"POWERENG\FS-HLYFS1-BD_Archive-Share-RW"	"ContainerInherit, ObjectInherit"	"None"
"\\?\UNC\HLY-SMB01\Shares$\BD_Archive"	"FullControl"	"Allow"	"POWERENG\FS-HLYFS1-BD_Archive-Share-FC"	"ContainerInherit, ObjectInherit"	"None"
"\\?\UNC\HLY-SMB01\Shares$\Civil"	"FullControl"	"Allow"	"POWERENG\FS-FileServices-ADM"	"ContainerInherit, ObjectInherit"	"None"
"\\?\UNC\HLY-SMB01\Shares$\Civil"	"ReadAndExecute, Synchronize"	"Allow"	"POWERENG\FS-HLYFS1-Civil-Share-RO"	"ContainerInherit, ObjectInherit"	"None"
"\\?\UNC\HLY-SMB01\Shares$\Civil"	"Modify, Synchronize"	"Allow"	"POWERENG\FS-HLYFS1-Civil-Share-RW"	"ContainerInherit, ObjectInherit"	"None"
"\\?\UNC\HLY-SMB01\Shares$\Civil"	"FullControl"	"Allow"	"POWERENG\FS-HLYFS1-Civil-Share-FC"	"ContainerInherit, ObjectInherit"	"None"
"\\?\UNC\HLY-SMB01\Shares$\Civil\Civil\155601_Trans Bay Cable_Data Center\INROADS\60-18-TOPO-BASE.xml"	"FullControl"	"Allow"	"POWERENG\wtabler"	"None"	"None"
"\\?\UNC\HLY-SMB01\Shares$\Civil\Civil\155601_Trans Bay Cable_Data Center\topo_12-13-18\22751_CAD-Friendly_Mosaic.tif"	"FullControl"	"Allow"	"POWERENG\wtabler"	"None"	"None"
"\\?\UNC\HLY-SMB01\Shares$\Civil\Civil\155601_Trans Bay Cable_Data Center\topo_12-13-18\22949_v2_CAD-Friendly_Mosaic.tif"	"FullControl"	"Allow"	"POWERENG\wtabler"	"None"	"None"
"\\?\UNC\HLY-SMB01\Shares$\Civil\Civil\155601_Trans Bay Cable_Data Center\topo_12-13-18\Munselle____60_18___2222_Golf_Club_Dr__Pittsburg__Ca____13211_06_Sep_2018_13211_CAD_Friendly_Mosaic.tif"	"FullControl"	"Allow"	"POWERENG\wtabler"	"None"	"None"
"\\?\UNC\HLY-SMB01\Shares$\Civil\Civil\160228_THREE CREEKS\ORIGINAL SURVEY\THREE CREEKS POWER SURFACE FACILITIES NE 15 & SE 22-85-18-W5M (ED-0082-19-TPO-1_REV1)-TIN.dwg"	"FullControl"	"Allow"	"POWERENG\wtabler"	"None"	"None"
"\\?\UNC\HLY-SMB01\Shares$\ClientStd"	"FullControl"	"Allow"	"POWERENG\FS-FileServices-ADM"	"ContainerInherit, ObjectInherit"	"None"
"\\?\UNC\HLY-SMB01\Shares$\ClientStd"	"ReadAndExecute, Synchronize"	"Allow"	"POWERENG\FS-HLYFS1-Clientstd-Share-RO"	"ContainerInherit, ObjectInherit"	"None"
"\\?\UNC\HLY-SMB01\Shares$\ClientStd"	"Modify, Synchronize"	"Allow"	"POWERENG\FS-HLYFS1-Clientstd-Share-RW"	"ContainerInherit, ObjectInherit"	"None"
"\\?\UNC\HLY-SMB01\Shares$\ClientStd"	"FullControl"	"Allow"	"POWERENG\FS-HLYFS1-Clientstd-Share-FC"	"ContainerInherit, ObjectInherit"	"None"
"\\?\UNC\HLY-SMB01\Shares$\Controls"	"FullControl"	"Allow"	"POWERENG\FS-FileServices-ADM"	"ContainerInherit, ObjectInherit"	"None"
"\\?\UNC\HLY-SMB01\Shares$\Controls"	"ReadAndExecute, Synchronize"	"Allow"	"POWERENG\FS-HLYFS1-Controls-Share-RO"	"ContainerInherit, ObjectInherit"	"None"
"\\?\UNC\HLY-SMB01\Shares$\Controls"	"Modify, Synchronize"	"Allow"	"POWERENG\FS-HLYFS1-Controls-Share-RW"	"ContainerInherit, ObjectInherit"	"None"
"\\?\UNC\HLY-SMB01\Shares$\Controls"	"FullControl"	"Allow"	"POWERENG\FS-HLYFS1-Controls-Share-FC"	"ContainerInherit, ObjectInherit"	"None"
"\\?\UNC\HLY-SMB01\Shares$\Controls\Vendors\Ovation\2018 Users Group\18011002_lupu - ovation algorithms for handling processes with long lag times(rev3-ml).pdf"	"FullControl"	"Allow"	"S-1-5-21-1380516296-1705272057-1576261225-7028"	"None"	"None"
"\\?\UNC\HLY-SMB01\Shares$\Controls\SPIRulesMgrHelp409.chm.bpljggp.partial"	"FullControl"	"Allow"	"POWERENG\jsutton"	"None"	"None"
"\\?\UNC\HLY-SMB01\Shares$\DSS"	"FullControl"	"Allow"	"POWERENG\FS-FileServices-ADM"	"ContainerInherit, ObjectInherit"	"None"
"\\?\UNC\HLY-SMB01\Shares$\DSS"	"ReadAndExecute, Synchronize"	"Allow"	"POWERENG\FS-HLYFS1-DSS-Share-RO"	"ContainerInherit, ObjectInherit"	"None"
"\\?\UNC\HLY-SMB01\Shares$\DSS"	"Modify, Synchronize"	"Allow"	"POWERENG\FS-HLYFS1-DSS-Share-RW"	"ContainerInherit, ObjectInherit"	"None"
"\\?\UNC\HLY-SMB01\Shares$\DSS"	"FullControl"	"Allow"	"POWERENG\FS-HLYFS1-DSS-Share-FC"	"ContainerInherit, ObjectInherit"	"None"
"\\?\UNC\HLY-SMB01\Shares$\Electrical"	"FullControl"	"Allow"	"POWERENG\FS-FileServices-ADM"	"ContainerInherit, ObjectInherit"	"None"
"\\?\UNC\HLY-SMB01\Shares$\Electrical"	"ReadAndExecute, Synchronize"	"Allow"	"POWERENG\FS-HLYFS1-Electrical-Share-RO"	"ContainerInherit, ObjectInherit"	"None"
"\\?\UNC\HLY-SMB01\Shares$\Electrical"	"Modify, Synchronize"	"Allow"	"POWERENG\FS-HLYFS1-Electrical-Share-RW"	"ContainerInherit, ObjectInherit"	"None"
"\\?\UNC\HLY-SMB01\Shares$\Electrical"	"FullControl"	"Allow"	"POWERENG\FS-HLYFS1-Electrical-Share-FC"	"ContainerInherit, ObjectInherit"	"None"
"\\?\UNC\HLY-SMB01\Shares$\Electrical\Projects\Towantic\MV SWGR-MCC\TOW_SIE IND_5216_10a-7 Omega Thermocouple_RESTATUS - Ready-Made Insulated Thermocouple_1_1 of 1_RA-GPS.pdf"	"FullControl"	"Allow"	"POWERENG\jrippee"	"None"	"None"
"\\?\UNC\HLY-SMB01\Shares$\Electrical\Projects\Towantic\MV SWGR-MCC\TOW_SIE IND_5216_10b-1 FT-14_RESTATUS - FT Flexitest family-FT 14 Test Switches_D_40 of 40_RA-GPS.pdf"	"FullControl"	"Allow"	"POWERENG\jrippee"	"None"	"None"
"\\?\UNC\HLY-SMB01\Shares$\Electrical\Projects\Towantic\MV SWGR-MCC\TOW_SIE IND_5216_10b-2 3RH11_RESTATUS - Contactors and Contactor Assemblies Con_-_1 of 1_RA-GPS.pdf"	"FullControl"	"Allow"	"POWERENG\jrippee"	"None"	"None"
"\\?\UNC\HLY-SMB01\Shares$\Electrical\Projects\Towantic\MV SWGR-MCC\TOW_SIE IND_5216_10b-3 3SB3_RESTATUS - Pushbutton Units and Indicator Lights S_-_6 of 6_RA-GPS.pdf"	"FullControl"	"Allow"	"POWERENG\jrippee"	"None"	"None"
"\\?\UNC\HLY-SMB01\Shares$\Electrical\Projects\Towantic\MV SWGR-MCC\TOW_SIE IND_5216_10b-4 710-5 DS 20131220_RESTATUS - SEL-710-5 Motor Protection Relay Data S_-_32 of 32_RA-GPS.pdf"	"FullControl"	"Allow"	"POWERENG\jrippee"	"None"	"None"
"\\?\UNC\HLY-SMB01\Shares$\Electrical\Projects\Towantic\MV SWGR-MCC\TOW_SIE IND_5216_10b-6 751A DS 20090910_RESTATUS - SEL-751A Feeder Protection Relay_-_24 of 24_RA-GPS.pdf"	"FullControl"	"Allow"	"POWERENG\jrippee"	"None"	"None"
"\\?\UNC\HLY-SMB01\Shares$\Electrical\Projects\Towantic\MV SWGR-MCC\TOW_SIE IND_5216_10b-7 2600A IM-CD 20050303_RESTATUS - SEL-2600A RTD Module Instruction Manual_-_32 of 32_RA-GPS.pdf"	"FullControl"	"Allow"	"POWERENG\jrippee"	"None"	"None"
"\\?\UNC\HLY-SMB01\Shares$\Electrical\Projects\Towantic\MV SWGR-MCC\TOW_SIE IND_5216_12a-2 LVS 16-3006078691-20000-1_LVS Schematics_2_ALL of ALL_FIO-GPS.pdf"	"FullControl"	"Allow"	"POWERENG\jrippee"	"None"	"None"
"\\?\UNC\HLY-SMB01\Shares$\Electrical\Projects\Towantic\MV SWGR-MCC\TOW_SIE IND_5216_12a-3 LVS 16-3006078691-21000-2_LVS Schematics_2_ALL of ALL_FIO-GPS.pdf"	"FullControl"	"Allow"	"POWERENG\jrippee"	"None"	"None"
"\\?\UNC\HLY-SMB01\Shares$\Electrical\Projects\Towantic\MV SWGR-MCC\TOW_SIE IND_5216_12a-4 LVS 16-3006078691-22000-1_LVS Schematics_3_ALL of ALL_FR-VEN.pdf"	"FullControl"	"Allow"	"POWERENG\jrippee"	"None"	"None"
"\\?\UNC\HLY-SMB01\Shares$\Electrical\Projects\Towantic\MV SWGR-MCC\TOW_SIE IND_5216_12a-5-9b MVC16-3006060547-401SC_Schematic Diagram-Section 01A_6_107 of 107_RA-GPS.pdf"	"FullControl"	"Allow"	"POWERENG\jrippee"	"None"	"None"
"\\?\UNC\HLY-SMB01\Shares$\Electrical\Projects\Towantic\MV SWGR-MCC\TOW_SIE IND_5216_12a-6-9b MVC16-3006060547-501SC_Schematic Diagram-Section 01A_6_91 of 91_FIO-GPS.pdf"	"FullControl"	"Allow"	"POWERENG\jrippee"	"None"	"None"
"\\?\UNC\HLY-SMB01\Shares$\Electrical\Projects\Towantic\MV SWGR-MCC\TOW_SIE IND_5216_12a-7-9b MVS16-3006060547-602SC_Schematic Diagram-Section 01 Cell A 1-EMA-CB-002_5_60 of 60_RA-GPS.pdf"	"FullControl"	"Allow"	"POWERENG\jrippee"	"None"	"None"
"\\?\UNC\HLY-SMB01\Shares$\Electrical\Projects\Towantic\MV SWGR-MCC\TOW_SIE IND_5216_12a-8-9b MVS16-3006060547-702SC_Schematic Diagram-Section 01 Cell A 2-EMA-CB-002_4_71 of 71_FIO-GPS.pdf"	"FullControl"	"Allow"	"POWERENG\jrippee"	"None"	"None"
"\\?\UNC\HLY-SMB01\Shares$\Electrical\Projects\Towantic\MV SWGR-MCC\TOW_SIE IND_5216_12b-1 214072E-1_Towantic CTG1 General Layout_2_6 of 6_RN-GPS.pdf"	"FullControl"	"Allow"	"POWERENG\jrippee"	"None"	"None"
"\\?\UNC\HLY-SMB01\Shares$\Electrical\Projects\Towantic\MV SWGR-MCC\TOW_SIE IND_5216_12b-2 214072E-2_Towantic ACC General Layout_D_6 of 6_RN-GPS.pdf"	"FullControl"	"Allow"	"POWERENG\jrippee"	"None"	"None"
"\\?\UNC\HLY-SMB01\Shares$\Electrical\Projects\Towantic\MV SWGR-MCC\TOW_SIE IND_5216_12b-3 214072E-3_Towantic CTG2 General Layout_D_6 of 6_RN-GPS.pdf"	"FullControl"	"Allow"	"POWERENG\jrippee"	"None"	"None"
"\\?\UNC\HLY-SMB01\Shares$\Electrical\Projects\Towantic\MV SWGR-MCC\TOW_SIE IND_5216_13-1 MVC16-3006060547-401EB01A_RESTATUS - MVC16 401 Electrical Bill of Material_4_1 of 1_RA-GPS.pdf"	"FullControl"	"Allow"	"POWERENG\jrippee"	"None"	"None"
"\\?\UNC\HLY-SMB01\Shares$\Electrical\Projects\Towantic\MV SWGR-MCC\TOW_SIE IND_5216_13-10 BOM 214072-3-1_RESTATUS - 5kv CTG PDC _2 BOM_-_2 of 2_RA-GPS.pdf"	"FullControl"	"Allow"	"POWERENG\jrippee"	"None"	"None"
"\\?\UNC\HLY-SMB01\Shares$\Electrical\Projects\Towantic\MV SWGR-MCC\TOW_SIE IND_5216_13-2 LV Switchgear BOM_LV Switchgear Bill of Material_5_ALL of ALL_FIO-GPS.pdf"	"FullControl"	"Allow"	"POWERENG\jrippee"	"None"	"None"
"\\?\UNC\HLY-SMB01\Shares$\Electrical\Projects\Towantic\MV SWGR-MCC\TOW_SIE IND_5216_13-2 MVC16-3006060547-501EB01A_RESTATUS - MVC16 501 Electrical Bill of Material_6_1 of 1_RA-GPS.pdf"	"FullControl"	"Allow"	"POWERENG\jrippee"	"None"	"None"
"\\?\UNC\HLY-SMB01\Shares$\Electrical\Projects\Towantic\MV SWGR-MCC\TOW_SIE IND_5216_13-3 MVS16-3006060547-602-EB01A_RESTATUS - MVC16 602 Electrical Bill of Material_4_1 of 1_RA-GPS.pdf"	"FullControl"	"Allow"	"POWERENG\jrippee"	"None"	"None"
"\\?\UNC\HLY-SMB01\Shares$\Electrical\Projects\Towantic\MV SWGR-MCC\TOW_SIE IND_5216_13-4 MVS16-3006060547-702-EB01A_RESTATUS - MVC16 702 Electrical Bill of Material_4_1 of 1_RA-GPS.pdf"	"FullControl"	"Allow"	"POWERENG\jrippee"	"None"	"None"
"\\?\UNC\HLY-SMB01\Shares$\Electrical\Projects\Towantic\MV SWGR-MCC\TOW_SIE IND_5216_13-5 LVS 16-3006078691-20000-1_Bill Of Materials 460V Switchgear_1_ALL of ALL_RA-GPS.pdf"	"FullControl"	"Allow"	"POWERENG\jrippee"	"None"	"None"
"\\?\UNC\HLY-SMB01\Shares$\Electrical\Projects\Towantic\MV SWGR-MCC\TOW_SIE IND_5216_13-5 LVS 16-3006078691-21000-2_Bill Of Materials 460V Switchgear_1_ALL of ALL_RA-GPS.pdf"	"FullControl"	"Allow"	"POWERENG\jrippee"	"None"	"None"
"\\?\UNC\HLY-SMB01\Shares$\Electrical\Projects\Towantic\MV SWGR-MCC\TOW_SIE IND_5216_13-7 LVS 16-3006078691-22000-1_Bill Of Materials 480V Switchgear_2_ALL of ALL_FIO-GPS.pdf"	"FullControl"	"Allow"	"POWERENG\jrippee"	"None"	"None"
"\\?\UNC\HLY-SMB01\Shares$\Electrical\Projects\Towantic\MV SWGR-MCC\TOW_SIE IND_5216_13-8 BOM 214072-1-1_RESTATUS - 5kv CTG PDC _1 BOM_-_2 of 2_RA-GPS.pdf"	"FullControl"	"Allow"	"POWERENG\jrippee"	"None"	"None"
"\\?\UNC\HLY-SMB01\Shares$\Electrical\Projects\Towantic\MV SWGR-MCC\TOW_SIE IND_5216_13-9 BOM 214072-2-1_RESTATUS - 480V ACC BOM_-_2 of 2_RA-GPS.pdf"	"FullControl"	"Allow"	"POWERENG\jrippee"	"None"	"None"
"\\?\UNC\HLY-SMB01\Shares$\Electrical\Projects\Towantic\MV SWGR-MCC\TOW_SIE IND_5216_17-2-19-2 F01 Plan MVC-SIMOVAC_RESTATUS - Standard Test and Inspection Plan-SIMOV_4_18 of 18_RA-GPS.pdf"	"FullControl"	"Allow"	"POWERENG\jrippee"	"None"	"None"
"\\?\UNC\HLY-SMB01\Shares$\Electrical\Projects\Towantic\MV SWGR-MCC\TOW_SIE IND_5216_17-3 IE Test Plan_RESTATUS - 17-3 IE Test Plan_4_1 of 1_RA-GPS.pdf"	"FullControl"	"Allow"	"POWERENG\jrippee"	"None"	"None"
"\\?\UNC\HLY-SMB01\Shares$\Electrical\Projects\Towantic\MV SWGR-MCC\TOW_SIE IND_5216_17-LV Swgr Test Procedure_LVS Plant Test Document_4_ALL of ALL_RA-GPS.pdf"	"FullControl"	"Allow"	"POWERENG\jrippee"	"None"	"None"
"\\?\UNC\HLY-SMB01\Shares$\Electrical\Projects\Towantic\MV SWGR-MCC\TOW_SIE IND_5216_214072-3_5kV CTG PDC_H_15 of 15_RA-GPS.pdf"	"FullControl"	"Allow"	"POWERENG\jrippee"	"None"	"None"
"\\?\UNC\HLY-SMB01\Shares$\Electrical\Projects\Towantic\MV SWGR-MCC\TOW_SIE IND_5216_27-1 Towantic OM - Vol I-prelim_Towantic O&M - Vol I-prelim_-_All of All_RA-GPS.pdf"	"FullControl"	"Allow"	"POWERENG\jrippee"	"None"	"None"
"\\?\UNC\HLY-SMB01\Shares$\Electrical\Projects\Towantic\MV SWGR-MCC\TOW_SIE IND_5216_27-2 Towantic OM - Vol II-prelim_Towantic O&M - Vol II-prelim_-_All of All_RA-GPS.pdf"	"FullControl"	"Allow"	"POWERENG\jrippee"	"None"	"None"
"\\?\UNC\HLY-SMB01\Shares$\Electrical\Projects\Towantic\MV SWGR-MCC\TOW_SIE IND_5216_28-1 Packing List 57792_5kV CTG PDC Packing List_-_1 of 1_FR-VEN.pdf"	"FullControl"	"Allow"	"POWERENG\jrippee"	"None"	"None"
"\\?\UNC\HLY-SMB01\Shares$\Electrical\Projects\Towantic\MV SWGR-MCC\TOW_SIE IND_5216_28-2 Packing List 57790_28-2 Packing List for 57790 for 214072-1-1_-_1 of 1_FR-VEN.pdf"	"FullControl"	"Allow"	"POWERENG\jrippee"	"None"	"None"
"\\?\UNC\HLY-SMB01\Shares$\Electrical\Projects\Towantic\MV SWGR-MCC\TOW_SIE IND_5216_28-3 Packing Slip for 57791_28-3 Packing List for 214072-2-1 LVS_-_1 of 1_FR-VEN.pdf"	"FullControl"	"Allow"	"POWERENG\jrippee"	"None"	"None"
"\\?\UNC\HLY-SMB01\Shares$\Electrical\Projects\Towantic\MV SWGR-MCC\TOW_SIE IND_5216_28-4 Packing Slip Towantic LVS_28-4 Packing Slips Towantic LVS _1508253-0237-5216_-_4 of 4_FR-VEN.pdf"	"FullControl"	"Allow"	"POWERENG\jrippee"	"None"	"None"
"\\?\UNC\HLY-SMB01\Shares$\Electrical\Projects\Towantic\MV SWGR-MCC\TOW_SIE IND_5216_3006060547-1400 Modbus Mapping _Modbus Mapping_2_28 of 28_FR-VEN.pdf"	"FullControl"	"Allow"	"POWERENG\jrippee"	"None"	"None"
"\\?\UNC\HLY-SMB01\Shares$\Electrical\Projects\Towantic\MV SWGR-MCC\TOW_SIE IND_5216_3006060547-602_MVS CTG-1 Test Report_-_9 of 9_FIO-GPS.pdf"	"FullControl"	"Allow"	"POWERENG\jrippee"	"None"	"None"
"\\?\UNC\HLY-SMB01\Shares$\Electrical\Projects\Towantic\MV SWGR-MCC\TOW_SIE IND_5216_3006060547-702_MVS CTG-2 Test Report_-_11 of 11_FIO-GPS.pdf"	"FullControl"	"Allow"	"POWERENG\jrippee"	"None"	"None"
"\\?\UNC\HLY-SMB01\Shares$\Electrical\Projects\Towantic\MV SWGR-MCC\TOW_SIE IND_5216_5-Monthly Report_5-Gemma Towantic Monthly Report - December 2016_-_2 of 2_FIO-GPS.pdf"	"FullControl"	"Allow"	"POWERENG\jrippee"	"None"	"None"
"\\?\UNC\HLY-SMB01\Shares$\Electrical\Projects\Towantic\MV SWGR-MCC\TOW_SIE IND_5216_6a-2-6b MVC16-3006060547-501G_SIMOVAC General Arrangement & Side View Drawings N_5_6 of 6_RA-GPS.pdf"	"FullControl"	"Allow"	"POWERENG\jrippee"	"None"	"None"
"\\?\UNC\HLY-SMB01\Shares$\Electrical\Projects\Towantic\MV SWGR-MCC\TOW_SIE IND_5216_6a-3-6b MVS16-3006060547-602-GA01C1_General Arrangement Drawing GM-SG Indoor Switchgea_5_5 of 5_RA-GPS.pdf"	"FullControl"	"Allow"	"POWERENG\jrippee"	"None"	"None"
"\\?\UNC\HLY-SMB01\Shares$\Electrical\Projects\Towantic\MV SWGR-MCC\TOW_SIE IND_5216_6a-4-6b MVS16-3006060547-602SV01C1_Side View Drawing GM-SG Indoor Switchgear Non-Arc _4_1 of 1_RA-GPS.pdf"	"FullControl"	"Allow"	"POWERENG\jrippee"	"None"	"None"
"\\?\UNC\HLY-SMB01\Shares$\Electrical\Projects\Towantic\MV SWGR-MCC\TOW_SIE IND_5216_6a-5-6b MVS16-3006060547-702GA01C1_General Arrangement Drawing GM-SG Indoor Switchgea_4_5 of 5_RA-GPS.pdf"	"FullControl"	"Allow"	"POWERENG\jrippee"	"None"	"None"
"\\?\UNC\HLY-SMB01\Shares$\Electrical\Projects\Towantic\MV SWGR-MCC\TOW_SIE IND_5216_6a-6-6b MVS16-3006060547-702SV01C1_Side View Drawing GM-SG Indoor Switchgear Non-Arc _4_1 of 1_FIO-GPS.pdf"	"FullControl"	"Allow"	"POWERENG\jrippee"	"None"	"None"
"\\?\UNC\HLY-SMB01\Shares$\Electrical\Projects\Towantic\MV SWGR-MCC\TOW_SIE IND_5216_6a-8 LV SWGR Drawings_LV SWGR Drawings_2_all of all_RA-GPS.pdf"	"FullControl"	"Allow"	"POWERENG\jrippee"	"None"	"None"
"\\?\UNC\HLY-SMB01\Shares$\Electrical\Projects\Towantic\MV SWGR-MCC\TOW_SIE IND_5216_6a1-6b MVC16-3006060547-401GA01C1_SIMOVAC General Arrangement & Side View Drawings N_5_7 of 7_RA-GPS.pdf"	"FullControl"	"Allow"	"POWERENG\jrippee"	"None"	"None"
"\\?\UNC\HLY-SMB01\Shares$\Electrical\Projects\Towantic\MV SWGR-MCC\TOW_SIE IND_5216_6b LVS 16-3006078691-21000-PA_LVS 480 V Switchgear PA_0_all of all_FR-VEN.pdf"	"FullControl"	"Allow"	"POWERENG\jrippee"	"None"	"None"
"\\?\UNC\HLY-SMB01\Shares$\Electrical\Projects\Towantic\MV SWGR-MCC\TOW_SIE IND_5216_6b-8 LVS 16-3006078691-20000-PA_LVS 480 V Switchgear PA_0_all of all_RA-GPS.pdf"	"FullControl"	"Allow"	"POWERENG\jrippee"	"None"	"None"
"\\?\UNC\HLY-SMB01\Shares$\Electrical\Projects\Towantic\MV SWGR-MCC\TOW_SIE IND_5216_7b-1 214072-1-1_ME1_5kV CTG PDC-1_I_15 of 15_RA-GPS.pdf"	"FullControl"	"Allow"	"POWERENG\jrippee"	"None"	"None"
"\\?\UNC\HLY-SMB01\Shares$\Electrical\Projects\Towantic\MV SWGR-MCC\TOW_SIE IND_5216_7b-4 Pier Load table all PDCs_Pier Load table all PDC's_2_1 of 1_RA-EOR.pdf"	"FullControl"	"Allow"	"POWERENG\jrippee"	"None"	"None"
"\\?\UNC\HLY-SMB01\Shares$\Electrical\Projects\Towantic\MV SWGR-MCC\TOW_SIE IND_5216_8-2 113-201 115-401_RESTATUS - Current Transformers Model 113-201 115-_V_3 of 3_RA-GPS.pdf"	"FullControl"	"Allow"	"POWERENG\jrippee"	"None"	"None"
"\\?\UNC\HLY-SMB01\Shares$\Electrical\Projects\Towantic\MV SWGR-MCC\TOW_SIE IND_5216_8-3 297-500_RESTATUS - Current Transformer Model 297-500_1_4 of 4_RA-GPS.pdf"	"FullControl"	"Allow"	"POWERENG\jrippee"	"None"	"None"
"\\?\UNC\HLY-SMB01\Shares$\Electrical\Projects\Towantic\MV SWGR-MCC\TOW_SIE IND_5216_8-5 MD-Core-62300066XXX_RESTATUS - Type MD Current Transformer Core_2_1 of 1_RA-GPS.pdf"	"FullControl"	"Allow"	"POWERENG\jrippee"	"None"	"None"
"\\?\UNC\HLY-SMB01\Shares$\Electrical\Projects\Towantic\MV SWGR-MCC\TOW_SIE IND_5216_8-6 MDD-Core-62300068XXX_RESTATUS - Type MDD Current Transformer Core_2_1 of 1_RA-GPS.pdf"	"FullControl"	"Allow"	"POWERENG\jrippee"	"None"	"None"
"\\?\UNC\HLY-SMB01\Shares$\Electrical\Projects\Towantic\MV SWGR-MCC\TOW_SIE IND_5216_8-7 VT 15172788xxx_RESTATUS - Type PTW3 Voltage Transformer_11_2 of 2_RA-GPS.pdf"	"FullControl"	"Allow"	"POWERENG\jrippee"	"None"	"None"
"\\?\UNC\HLY-SMB01\Shares$\Electrical\Projects\Towantic\MV SWGR-MCC\TOW_SIE IND_5216_April Monthly report_April Monthly report_-_2 of 2_FR-VEN.pdf"	"FullControl"	"Allow"	"POWERENG\jrippee"	"None"	"None"
"\\?\UNC\HLY-SMB01\Shares$\Electrical\Projects\Towantic\MV SWGR-MCC\TOW_SIE IND_5216_D20338035 IFC_1-ELA-MC-01A4_2_all of all_NA-GPS.pdf"	"FullControl"	"Allow"	"POWERENG\jrippee"	"None"	"None"
"\\?\UNC\HLY-SMB01\Shares$\Electrical\Projects\Towantic\MV SWGR-MCC\TOW_SIE IND_5216_D20338036 IFC_2-ELA-MC-01A4_2_all of all_NA-GPS.pdf"	"FullControl"	"Allow"	"POWERENG\jrippee"	"None"	"None"
"\\?\UNC\HLY-SMB01\Shares$\Electrical\Projects\Towantic\MV SWGR-MCC\TOW_SIE IND_5216_D20338037 IFC_1-ELA-MC-01A5_4_ALL of ALL_NA-GPS.pdf"	"FullControl"	"Allow"	"POWERENG\jrippee"	"None"	"None"
"\\?\UNC\HLY-SMB01\Shares$\Electrical\Projects\Towantic\MV SWGR-MCC\TOW_SIE IND_5216_D20338038 IFC_2-ELA-MC-01A5_4_ALL of ALL_NA-GPS.pdf"	"FullControl"	"Allow"	"POWERENG\jrippee"	"None"	"None"
"\\?\UNC\HLY-SMB01\Shares$\Electrical\Projects\Towantic\MV SWGR-MCC\TOW_SIE IND_5216_D20338039 IFC_1-ELA-MC-01A2_4_ALL of ALL_NA-GPS.pdf"	"FullControl"	"Allow"	"POWERENG\jrippee"	"None"	"None"
"\\?\UNC\HLY-SMB01\Shares$\Electrical\Projects\Towantic\MV SWGR-MCC\TOW_SIE IND_5216_D20338040 IFC_2-ELA-MC-01A2_4_ALL of ALL_NA-GPS.pdf"	"FullControl"	"Allow"	"POWERENG\jrippee"	"None"	"None"
"\\?\UNC\HLY-SMB01\Shares$\Electrical\Projects\Towantic\MV SWGR-MCC\TOW_SIE IND_5216_D20338046 IFC_0-ELA-MC-01A1E_4_ALL of ALL_NA-GPS.pdf"	"FullControl"	"Allow"	"POWERENG\jrippee"	"None"	"None"
"\\?\UNC\HLY-SMB01\Shares$\Electrical\Projects\Towantic\MV SWGR-MCC\TOW_SIE IND_5216_D20338050 IFC_1-ELA-MC-1A13_4_ALL of ALL_NA-GPS.pdf"	"FullControl"	"Allow"	"POWERENG\jrippee"	"None"	"None"
"\\?\UNC\HLY-SMB01\Shares$\Electrical\Projects\Towantic\MV SWGR-MCC\TOW_SIE IND_5216_D20338051 IFC_2-ELA-MC-1A13_4_ALL of ALL_NA-GPS.pdf"	"FullControl"	"Allow"	"POWERENG\jrippee"	"None"	"None"
"\\?\UNC\HLY-SMB01\Shares$\Electrical\Projects\Towantic\MV SWGR-MCC\TOW_SIE IND_5216_D20388033 IFC_1-ELA-MC-01A3_2_ALL of ALL_NA-GPS.pdf"	"FullControl"	"Allow"	"POWERENG\jrippee"	"None"	"None"
"\\?\UNC\HLY-SMB01\Shares$\Electrical\Projects\Towantic\MV SWGR-MCC\TOW_SIE IND_5216_D20388034 IFC_IFC Package LV MCC 2-ELA-MC-01A3_2_28 of 28_FR-VEN.pdf"	"FullControl"	"Allow"	"POWERENG\jrippee"	"None"	"None"
"\\?\UNC\HLY-SMB01\Shares$\Electrical\Projects\Towantic\MV SWGR-MCC\TOW_SIE IND_5216_D20388035 IFC_IFC Package LV MCC 1-ELA-MC-01A4_2_28 of 28_NA-GPS.pdf"	"FullControl"	"Allow"	"POWERENG\jrippee"	"None"	"None"
"\\?\UNC\HLY-SMB01\Shares$\Electrical\Projects\Towantic\MV SWGR-MCC\TOW_SIE IND_5216_D20388036 IFC_2-ELA-MC-01A4_1_all of all_RN-GPS.pdf"	"FullControl"	"Allow"	"POWERENG\jrippee"	"None"	"None"
"\\?\UNC\HLY-SMB01\Shares$\Electrical\Projects\Towantic\MV SWGR-MCC\TOW_SIE IND_5216_D20388036 IFC_IFC Package LV MCC 2-ELA-MC-01A4_2_27 of 27_NA-GPS.pdf"	"FullControl"	"Allow"	"POWERENG\jrippee"	"None"	"None"
"\\?\UNC\HLY-SMB01\Shares$\Electrical\Projects\Towantic\MV SWGR-MCC\TOW_SIE IND_5216_D20388037 IFC_1-ELA-MC-01A5_0_ALL of ALL_RN-GPS.pdf"	"FullControl"	"Allow"	"POWERENG\jrippee"	"None"	"None"
"\\?\UNC\HLY-SMB01\Shares$\Electrical\Projects\Towantic\MV SWGR-MCC\TOW_SIE IND_5216_D20388037 IFC_IFC Package LV MCC 1-ELA-MC-01A5_2_23 of 23_NA-GPS.pdf"	"FullControl"	"Allow"	"POWERENG\jrippee"	"None"	"None"
"\\?\UNC\HLY-SMB01\Shares$\Electrical\Projects\Towantic\MV SWGR-MCC\TOW_SIE IND_5216_D20388038 IFC_IFC Package LV MCC 2-ELA-MC-01A5_2_23 of 23_NA-GPS.pdf"	"FullControl"	"Allow"	"POWERENG\jrippee"	"None"	"None"
"\\?\UNC\HLY-SMB01\Shares$\Electrical\Projects\Towantic\MV SWGR-MCC\TOW_SIE IND_5216_D20388046 IFC_IFC Package LV MCC 0-ELA-MC-01A1E_2_18 of 18_NA-GPS.pdf"	"FullControl"	"Allow"	"POWERENG\jrippee"	"None"	"None"
"\\?\UNC\HLY-SMB01\Shares$\Electrical\Projects\Towantic\MV SWGR-MCC\TOW_SIE IND_5216_D20388050 IFC_IFC Package LV  MCC 1-ELA-MC-1A13_2_25 of 25_NA-GPS.pdf"	"FullControl"	"Allow"	"POWERENG\jrippee"	"None"	"None"
"\\?\UNC\HLY-SMB01\Shares$\Electrical\Projects\Towantic\MV SWGR-MCC\TOW_SIE IND_5216_D20388051 IFC_IFC Package LV MCC 2-ELA-MC-1A13_2_26 of 26_NA-GPS.pdf"	"FullControl"	"Allow"	"POWERENG\jrippee"	"None"	"None"
"\\?\UNC\HLY-SMB01\Shares$\Electrical\Projects\Towantic\MV SWGR-MCC\TOW_SIE IND_5216_D20388052 IFC_1-ELA-MC-1A41_1_all of all_RN-GPS.pdf"	"FullControl"	"Allow"	"POWERENG\jrippee"	"None"	"None"
"\\?\UNC\HLY-SMB01\Shares$\Electrical\Projects\Towantic\MV SWGR-MCC\TOW_SIE IND_5216_D20388052 IFC_IFC Package LV MCC 1-ELA-MC-1A14_2_26 of 26_FR-VEN.pdf"	"FullControl"	"Allow"	"POWERENG\jrippee"	"None"	"None"
"\\?\UNC\HLY-SMB01\Shares$\Electrical\Projects\Towantic\MV SWGR-MCC\TOW_SIE IND_5216_D20388056 IFC_IFC Package LV MCC 2-ELA-MC-1A14_2_28 of 28_FR-VEN.pdf"	"FullControl"	"Allow"	"POWERENG\jrippee"	"None"	"None"
"\\?\UNC\HLY-SMB01\Shares$\Electrical\Projects\Towantic\MV SWGR-MCC\TOW_SIE IND_5216_Gemma Towantic PEC FAT Notification_PEC Equipment Integrated Testing of CTG-1 CTG-2 an_-_1 of 1_FIO-GPS.pdf"	"FullControl"	"Allow"	"POWERENG\jrippee"	"None"	"None"
"\\?\UNC\HLY-SMB01\Shares$\Electrical\Projects\Towantic\MV SWGR-MCC\TOW_SIE IND_5216_January 2017_January 2017 Monthly Report_-_1 of 1_FIO-GPS.pdf"	"FullControl"	"Allow"	"POWERENG\jrippee"	"None"	"None"
"\\?\UNC\HLY-SMB01\Shares$\Electrical\Projects\Towantic\MV SWGR-MCC\TOW_SIE IND_5216_LV MCC Factory Acceptance Test_Gemma CPV Towantic LV MCC Factory Acceptance Test _-_2 of 2_FIO-GPS.pdf"	"FullControl"	"Allow"	"POWERENG\jrippee"	"None"	"None"
"\\?\UNC\HLY-SMB01\Shares$\Electrical\Projects\Towantic\MV SWGR-MCC\TOW_SIE IND_5216_Monthly Report February 2017_Monthly Report February_-_2 of 2_FIO-GPS.pdf"	"FullControl"	"Allow"	"POWERENG\jrippee"	"None"	"None"
"\\?\UNC\HLY-SMB01\Shares$\Electrical\Projects\Towantic\MV SWGR-MCC\TOW_SIE IND_5216_Monthly Report March 2017_Monthly Report March 2017_-_2 of 2_RA-GPS.pdf"	"FullControl"	"Allow"	"POWERENG\jrippee"	"None"	"None"
"\\?\UNC\HLY-SMB01\Shares$\Electrical\Projects\Towantic\MV SWGR-MCC\TOW_SIE IND_5216_OM Manual VII of VII_O&M Manual Volume VII_-_All of All_RA-GPS.pdf"	"FullControl"	"Allow"	"POWERENG\jrippee"	"None"	"None"
"\\?\UNC\HLY-SMB01\Shares$\Electrical\Projects\Towantic\MV SWGR-MCC\TOW_SIE IND_5216_OM Manual Vol I of VII_O&M Manual Volume I_-_all of all_RA-GPS.pdf"	"FullControl"	"Allow"	"POWERENG\jrippee"	"None"	"None"
"\\?\UNC\HLY-SMB01\Shares$\Electrical\Projects\Towantic\MV SWGR-MCC\TOW_SIE IND_5216_OM Manual Vol II of VII_O&M Manual Volume II_-_All of All_RA-GPS.pdf"	"FullControl"	"Allow"	"POWERENG\jrippee"	"None"	"None"
"\\?\UNC\HLY-SMB01\Shares$\Electrical\Projects\Towantic\MV SWGR-MCC\TOW_SIE IND_5216_OM Manual Vol III of VII_O&M Manual Volume III_-_All of All_RA-GPS.pdf"	"FullControl"	"Allow"	"POWERENG\jrippee"	"None"	"None"
"\\?\UNC\HLY-SMB01\Shares$\Electrical\Projects\Towantic\MV SWGR-MCC\TOW_SIE IND_5216_OM Manual Vol V of VII_O&M Manual Volume V_-_All of All_RA-GPS.pdf"	"FullControl"	"Allow"	"POWERENG\jrippee"	"None"	"None"
"\\?\UNC\HLY-SMB01\Shares$\Electrical\Projects\Towantic\MV SWGR-MCC\TOW_SIE IND_5216_OM Manual Vol VI of VII_O&M Manual Volume VI_-_All of All_RA-GPS.pdf"	"FullControl"	"Allow"	"POWERENG\jrippee"	"None"	"None"
"\\?\UNC\HLY-SMB01\Shares$\Electrical\Projects\Towantic\MV SWGR-MCC\TOW_SIE IND_5216_Test Report 401 501_MV MCC's Test Report_-_19 of 19_FIO-GPS.pdf"	"FullControl"	"Allow"	"POWERENG\jrippee"	"None"	"None"
"\\?\UNC\HLY-SMB01\Shares$\Electrical\Standards\Canadian Standards\CSA\CSA B72-M87.pdf"	"FullControl"	"Allow"	"POWERENG\jrippee"	"None"	"None"
"\\?\UNC\HLY-SMB01\Shares$\Electrical\Standards\NESC\NESC_2017_D21.pdf"	"FullControl"	"Allow"	"S-1-5-21-1380516296-1705272057-1576261225-23045"	"None"	"None"
"\\?\UNC\HLY-SMB01\Shares$\Electrical\Standards\NESC\NESC_2017_PremierEdition.pdf"	"FullControl"	"Allow"	"S-1-5-21-1380516296-1705272057-1576261225-23045"	"None"	"None"
"\\?\UNC\HLY-SMB01\Shares$\Electrical\Standards\NFPA\NFPA 499-2017.pdf"	"FullControl"	"Allow"	"POWERENG\npatel"	"None"	"None"
"\\?\UNC\HLY-SMB01\Shares$\Electrical\Standards\NFPA\NFPA-70E-2018.pdf"	"FullControl"	"Allow"	"POWERENG\npatel"	"None"	"None"
"\\?\UNC\HLY-SMB01\Shares$\Enviro"	"FullControl"	"Allow"	"POWERENG\FS-FileServices-ADM"	"ContainerInherit, ObjectInherit"	"None"
"\\?\UNC\HLY-SMB01\Shares$\Enviro"	"ReadAndExecute, Synchronize"	"Allow"	"POWERENG\FS-HLYFS1-Enviro-Share-RO"	"ContainerInherit, ObjectInherit"	"None"
"\\?\UNC\HLY-SMB01\Shares$\Enviro"	"Modify, Synchronize"	"Allow"	"POWERENG\FS-HLYFS1-Enviro-Share-RW"	"ContainerInherit, ObjectInherit"	"None"
"\\?\UNC\HLY-SMB01\Shares$\Enviro"	"FullControl"	"Allow"	"POWERENG\FS-HLYFS1-Enviro-Share-FC"	"ContainerInherit, ObjectInherit"	"None"
"\\?\UNC\HLY-SMB01\Shares$\Enviro\Users\Ben\GBX\GIS\MO Natural Heritage Program Review - project_shapefile_grainbelt_express__24745_25362_FINAL\MO Natural Heritage Program Review - project_shapefile_grainbelt_express__24745_25362_FINAL.zip"	"FullControl"	"Allow"	"POWERENG\bbainbridge"	"None"	"None"
"\\?\UNC\HLY-SMB01\Shares$\Enviro\Users\Ben\GIS Data\SageGrouseGIS\WY\2019 Lek data\CoverPage.pdf"	"FullControl"	"Allow"	"POWERENG\bbainbridge"	"None"	"None"
"\\?\UNC\HLY-SMB01\Shares$\Enviro\Users\Ben\GIS Data\SageGrouseGIS\WY\2019 Lek data\Leks2019.gdb.zip"	"FullControl"	"Allow"	"POWERENG\bbainbridge"	"None"	"None"
"\\?\UNC\HLY-SMB01\Shares$\Enviro\Users\Ben\GIS Data\SageGrouseGIS\WY\2019 Lek data\OverviewMaps.pdf"	"FullControl"	"Allow"	"POWERENG\bbainbridge"	"None"	"None"
"\\?\UNC\HLY-SMB01\Shares$\Enviro\Users\Ben\GIS Data\SageGrouseGIS\WY\2019 Lek data\ReadMe_SageGrouseDataAccess_08_2019.pdf"	"FullControl"	"Allow"	"POWERENG\bbainbridge"	"None"	"None"
"\\?\UNC\HLY-SMB01\Shares$\Enviro\Users\Ben\GIS Data\SageGrouseGIS\WY\2019 Lek data\SF Peak Males 1948-2019.xlsx"	"FullControl"	"Allow"	"POWERENG\bbainbridge"	"None"	"None"
"\\?\UNC\HLY-SMB01\Shares$\Enviro\Users\Ben\GIS Data\SageGrouseGIS\WY\2019 Lek data\SG lek definitions 11-2012.pdf"	"FullControl"	"Allow"	"POWERENG\bbainbridge"	"None"	"None"
"\\?\UNC\HLY-SMB01\Shares$\Enviro\Users\Ben\GIS Data\SageGrouseGIS\WY\2019 Lek data\SG Lek Locations and Descriptors 2019.xlsx"	"FullControl"	"Allow"	"POWERENG\bbainbridge"	"None"	"None"
"\\?\UNC\HLY-SMB01\Shares$\Enviro\Users\Ben\GIS Data\SageGrouseGIS\WY\2019 Lek data\SG Lek Observations 1948-2019.xlsx"	"FullControl"	"Allow"	"POWERENG\bbainbridge"	"None"	"None"
"\\?\UNC\HLY-SMB01\Shares$\Enviro\Users\Ben\GIS Data\SageGrouseGIS\WY\2019 Lek data\SG Lek Status 1948-2019.xlsx"	"FullControl"	"Allow"	"POWERENG\bbainbridge"	"None"	"None"
"\\?\UNC\HLY-SMB01\Shares$\Enviro\Users\Ben\GIS Data\SageGrouseGIS\WY\2019 Lek data\SG_GISshpFiles2019.zip"	"FullControl"	"Allow"	"POWERENG\bbainbridge"	"None"	"None"
"\\?\UNC\HLY-SMB01\Shares$\Enviro\Users\Ben\GIS Data\SageGrouseGIS\WY\2019 Lek data\Wyoming Sage-Grouse Lek Monitoring Protocol - unprotected - 2016.pptx"	"FullControl"	"Allow"	"POWERENG\bbainbridge"	"None"	"None"
"\\?\UNC\HLY-SMB01\Shares$\Enviro\Users\Kevin\EGS\KMZs\GWS_Weekly_Data_Delivery_20200611.zip"	"FullControl"	"Allow"	"POWERENG\klincoln"	"None"	"None"
"\\?\UNC\HLY-SMB01\Shares$\Enviro\Users\Kevin\EGS\After.jpeg"	"FullControl"	"Allow"	"POWERENG\klincoln"	"None"	"None"
"\\?\UNC\HLY-SMB01\Shares$\Enviro\Users\Kevin\ITD\Module 1 of Quality Assurance Project Plan Development Tool, Guidance on Preparing a QA Project Plan  How EPA Manages the Quality of its Environmental Data  US EPA.mht"	"ReadAndExecute, Synchronize"	"Allow"	"S-1-15-3-4096"	"None"	"None"
"\\?\UNC\HLY-SMB01\Shares$\Enviro\Users\Kevin\ITD\template-module2.doc"	"FullControl"	"Allow"	"POWERENG\klincoln"	"None"	"None"
"\\?\UNC\HLY-SMB01\Shares$\Enviro\Users\Mark\1-Projects\10-West\1.BackgroundResources\20191003PostFEISPOD\NotOpenOn1011\APP--batSurveys\Memo Ten West Link 500kV Potential Bat Roost Survey.pdf"	"FullControl"	"Allow"	"POWERENG\mpollock"	"None"	"None"
"\\?\UNC\HLY-SMB01\Shares$\Enviro\Users\Mark\1-Projects\10-West\1.BackgroundResources\20191003PostFEISPOD\NotOpenOn1011\APP--batSurveys\Potential Bat Roosts Ten West Link.kmz"	"FullControl"	"Allow"	"POWERENG\mpollock"	"None"	"None"
"\\?\UNC\HLY-SMB01\Shares$\Enviro\Users\Mark\1-Projects\10-West\1.BackgroundResources\20191003PostFEISPOD\NotOpenOn1011\APP--batSurveys\Ten West Bat Habitat Assessment Report_20190830_ECORP.pdf"	"FullControl"	"Allow"	"POWERENG\mpollock"	"None"	"None"
"\\?\UNC\HLY-SMB01\Shares$\Enviro\Users\Mark\1-Projects\10-West\1.BackgroundResources\nests\ECS-RFI-054  Avian Nests response.docx"	"FullControl"	"Allow"	"POWERENG\mpollock"	"None"	"None"
"\\?\UNC\HLY-SMB01\Shares$\Enviro\Users\Mark\1-Projects\10-West\1.BackgroundResources\nests\ECS-RFI-054  Avian Nests response.pdf"	"FullControl"	"Allow"	"POWERENG\mpollock"	"None"	"None"
"\\?\UNC\HLY-SMB01\Shares$\Enviro\Users\Mark\1-Projects\10-West\1.BackgroundResources\nests\ECS-RFI-054_ Avian Nests in SCE Towers_2019-0204.pdf"	"FullControl"	"Allow"	"POWERENG\mpollock"	"None"	"None"
"\\?\UNC\HLY-SMB01\Shares$\Enviro\Users\Mark\1-Projects\10-West\1.BackgroundResources\nests\ECS-RFI054_Avian Nests in SCE Towers_Supporting Data_Rev2.xlsx"	"FullControl"	"Allow"	"POWERENG\mpollock"	"None"	"None"
"\\?\UNC\HLY-SMB01\Shares$\Enviro\Users\Mark\1-Projects\10-West\1.BackgroundResources\nests\SCE Nest Locations.kmz"	"FullControl"	"Allow"	"POWERENG\mpollock"	"None"	"None"
"\\?\UNC\HLY-SMB01\Shares$\Enviro\Users\Mark\1-Projects\10-West\4.Data\2019AvianSurveyData\TenWestYBCU_maps\TenWestYBCU_maps.zip"	"FullControl"	"Allow"	"POWERENG\mpollock"	"None"	"None"
"\\?\UNC\HLY-SMB01\Shares$\Enviro\Users\Mark\1-Projects\10-West\4.Data\2019AvianSurveyData\TenWestYBCU_SitePhotos\TenWestYBCU_SitePhotos.zip"	"FullControl"	"Allow"	"POWERENG\mpollock"	"None"	"None"
"\\?\UNC\HLY-SMB01\Shares$\Enviro\Users\Mark\1-Projects\10-West\4.Data\2019AvianSurveyData\TenWestYBCU_SitePhotos\TenWestYBCU_SitePhotos.zip.l3e79vw.partial"	"FullControl"	"Allow"	"POWERENG\mpollock"	"None"	"None"
"\\?\UNC\HLY-SMB01\Shares$\Enviro\Users\Mark\1-Projects\10-West\4.Data\2019AvianSurveyData\YBCU_TenWest_DataForm_2019\YBCU_TenWest_DataForm_2019.zip"	"FullControl"	"Allow"	"POWERENG\mpollock"	"None"	"None"
"\\?\UNC\HLY-SMB01\Shares$\Enviro\Users\Mark\1-Projects\10-West\4.Data\2019AvianSurveyData\Avian Nesting Surveys_Results for POD 2019_KS.docx"	"FullControl"	"Allow"	"POWERENG\mpollock"	"None"	"None"
"\\?\UNC\HLY-SMB01\Shares$\Enviro\Users\Mark\1-Projects\10-West\4.Data\2019AvianSurveyData\SWFL annual report_Stark_07292019.pdf"	"FullControl"	"Allow"	"POWERENG\mpollock"	"None"	"None"
"\\?\UNC\HLY-SMB01\Shares$\Enviro\Users\Mark\1-Projects\Butte-Townsend\4Bu--Data\MTNHP\20PRVT0153.zip"	"FullControl"	"Allow"	"POWERENG\mpollock"	"None"	"None"
"\\?\UNC\HLY-SMB01\Shares$\Enviro\Users\Mark\1-Projects\ITD-MacArthur Lake\FromITD_2020-04-09\20662_McArthur_EE_track_changes_040720.docx"	"FullControl"	"Allow"	"POWERENG\mpollock"	"None"	"None"
"\\?\UNC\HLY-SMB01\Shares$\Enviro\Users\Mark\1-Projects\ITD-MacArthur Lake\FromITD_2020-04-09\20662_PI_Sum_Revised_040720.pdf"	"FullControl"	"Allow"	"POWERENG\mpollock"	"None"	"None"
"\\?\UNC\HLY-SMB01\Shares$\Enviro\Users\Mark\1-Projects\ITD-MacArthur Lake\FromITD_2020-04-09\NEPA_CE_d_Programmatic_Comments_Backcheck_040720.pdf"	"FullControl"	"Allow"	"POWERENG\mpollock"	"None"	"None"
"\\?\UNC\HLY-SMB01\Shares$\Enviro\Users\Mark\1-Projects\ITD-MacArthur Lake\FromITD_2020-04-09\Summaries_of_ITD-Tribe_Meetings.pdf"	"FullControl"	"Allow"	"POWERENG\mpollock"	"None"	"None"
"\\?\UNC\HLY-SMB01\Shares$\Enviro\Users\Mark\1-Projects\ITD-MacArthur Lake\FromITD_2020-04-09\Wildlife_Grading_Detail.pdf"	"FullControl"	"Allow"	"POWERENG\mpollock"	"None"	"None"
"\\?\UNC\HLY-SMB01\Shares$\Enviro\Users\Mark\1-Projects\MDT MT-81 Bridges\-4.Data\3.ExternalData\JudithSMS\JudithSMS.zip"	"FullControl"	"Allow"	"POWERENG\mpollock"	"None"	"None"
"\\?\UNC\HLY-SMB01\Shares$\Enviro\Users\Mark\1-Projects\MDT MT-81 Bridges\-4.Data\3.ExternalData\MTNHP\20prvt0031_MTNHP_EnviroSum_2019-08-27_15-17-23\20prvt0031_MTNHP_EnviroSum_2019-08-27_15-17-23.zip"	"FullControl"	"Allow"	"POWERENG\mpollock"	"None"	"None"
"\\?\UNC\HLY-SMB01\Shares$\Enviro\Projects\128143 - R-Project\PER\02 Environmental\02 Resources\01 Biology\Wildlife\Whooping Crane\Archive\US Stopover Locations_Refined 1-9-18 (Headwaters).xlsx"	"FullControl"	"Allow"	"POWERENG\bbainbridge"	"None"	"None"
"\\?\UNC\HLY-SMB01\Shares$\Enviro\Projects\160880 BHE\PER\02 Environmental\02 Resources\01 Biology\Raptors 2020\2020 Raptor Nest Survey Report_HH_GG.docx"	"FullControl"	"Allow"	"POWERENG\bbainbridge"	"None"	"None"
"\\?\UNC\HLY-SMB01\Shares$\Fleet"	"FullControl"	"Allow"	"POWERENG\FS-FileServices-ADM"	"ContainerInherit, ObjectInherit"	"None"
"\\?\UNC\HLY-SMB01\Shares$\Fleet"	"FullControl"	"Allow"	"POWERENG\FS-HLYFS1-Fleet-Share-FC"	"ContainerInherit, ObjectInherit"	"None"
"\\?\UNC\HLY-SMB01\Shares$\Fleet"	"ReadAndExecute, Synchronize"	"Allow"	"POWERENG\FS-HLYFS1-Fleet-Share-RO"	"ContainerInherit, ObjectInherit"	"None"
"\\?\UNC\HLY-SMB01\Shares$\Fleet"	"Modify, Synchronize"	"Allow"	"POWERENG\FS-HLYFS1-Fleet-Share-RW"	"ContainerInherit, ObjectInherit"	"None"
"\\?\UNC\HLY-SMB01\Shares$\Generation"	"FullControl"	"Allow"	"POWERENG\FS-FileServices-ADM"	"ContainerInherit, ObjectInherit"	"None"
"\\?\UNC\HLY-SMB01\Shares$\Generation"	"ReadAndExecute, Synchronize"	"Allow"	"POWERENG\FS-HLYFS1-Generation-Share-RO"	"ContainerInherit, ObjectInherit"	"None"
"\\?\UNC\HLY-SMB01\Shares$\Generation"	"Modify, Synchronize"	"Allow"	"POWERENG\FS-HLYFS1-Generation-Share-RW"	"ContainerInherit, ObjectInherit"	"None"
"\\?\UNC\HLY-SMB01\Shares$\Generation"	"FullControl"	"Allow"	"POWERENG\FS-HLYFS1-Generation-Share-FC"	"ContainerInherit, ObjectInherit"	"None"
"\\?\UNC\HLY-SMB01\Shares$\HmnRsrcs"	"FullControl"	"Allow"	"POWERENG\FS-FileServices-ADM"	"ContainerInherit, ObjectInherit"	"None"
"\\?\UNC\HLY-SMB01\Shares$\HmnRsrcs"	"ReadAndExecute, Synchronize"	"Allow"	"POWERENG\FS-HLYFS1-Hmnrsrcs-Share-RO"	"ContainerInherit, ObjectInherit"	"None"
"\\?\UNC\HLY-SMB01\Shares$\HmnRsrcs"	"Modify, Synchronize"	"Allow"	"POWERENG\FS-HLYFS1-Hmnrsrcs-Share-RW"	"ContainerInherit, ObjectInherit"	"None"
"\\?\UNC\HLY-SMB01\Shares$\HmnRsrcs"	"FullControl"	"Allow"	"POWERENG\FS-HLYFS1-Hmnrsrcs-Share-FC"	"ContainerInherit, ObjectInherit"	"None"
"\\?\UNC\HLY-SMB01\Shares$\HmnRsrcs\HR Dept\POWER Team Award"	"FullControl"	"Allow"	"POWERENG\FS-FileServices-ADM"	"ContainerInherit, ObjectInherit"	"None"
"\\?\UNC\HLY-SMB01\Shares$\HmnRsrcs\HR Dept\POWER Team Award"	"FullControl"	"Allow"	"POWERENG\FS-HLYFS1-HmnRsrcs-Share-POWER Team Award-Folder-01-FC"	"ContainerInherit, ObjectInherit"	"None"
"\\?\UNC\HLY-SMB01\Shares$\HmnRsrcs\HR Dept\POWER Team Award"	"ReadAndExecute, Synchronize"	"Allow"	"POWERENG\FS-HLYFS1-HmnRsrcs-Share-POWER Team Award-Folder-01-RO"	"ContainerInherit, ObjectInherit"	"None"
"\\?\UNC\HLY-SMB01\Shares$\HmnRsrcs\HR Dept\POWER Team Award"	"Modify, Synchronize"	"Allow"	"POWERENG\FS-HLYFS1-HmnRsrcs-Share-POWER Team Award-Folder-01-RW"	"ContainerInherit, ObjectInherit"	"None"
"\\?\UNC\HLY-SMB01\Shares$\HmnRsrcs\Affirmative_Action"	"FullControl"	"Allow"	"POWERENG\FS-FileServices-ADM"	"ContainerInherit, ObjectInherit"	"None"
"\\?\UNC\HLY-SMB01\Shares$\HmnRsrcs\Affirmative_Action"	"FullControl"	"Allow"	"POWERENG\FS-HLYFS1-HmnRsrcs-Share-Affirmative_Action-Folder-01-FC"	"ContainerInherit, ObjectInherit"	"None"
"\\?\UNC\HLY-SMB01\Shares$\HmnRsrcs\Affirmative_Action"	"ReadAndExecute, Synchronize"	"Allow"	"POWERENG\FS-HLYFS1-HmnRsrcs-Share-Affirmative_Action-Folder-01-RO"	"ContainerInherit, ObjectInherit"	"None"
"\\?\UNC\HLY-SMB01\Shares$\HmnRsrcs\Affirmative_Action"	"Modify, Synchronize"	"Allow"	"POWERENG\FS-HLYFS1-HmnRsrcs-Share-Affirmative_Action-Folder-01-RW"	"ContainerInherit, ObjectInherit"	"None"
"\\?\UNC\HLY-SMB01\Shares$\HmnRsrcs\Drug Test & Background Checks\Background Check & Drug Test Requirements & Agreements\GE\Archive-Do not use\4_G4S Disclosure and Authorization form 2018 (TO BE COMPLETED BY APPLICANT).pdf"	"FullControl"	"Allow"	"S-1-5-21-1380516296-1705272057-1576261225-51487"	"None"	"None"
"\\?\UNC\HLY-SMB01\Shares$\HmnRsrcs\Compensation\ADP Compensation Reports"	"FullControl"	"Allow"	"POWERENG\FS-FileServices-ADM"	"ContainerInherit, ObjectInherit"	"None"
"\\?\UNC\HLY-SMB01\Shares$\HmnRsrcs\Compensation\ADP Compensation Reports"	"FullControl"	"Allow"	"POWERENG\FS-HLYFS1-HmnrRsrcs-Share-ADPCompRpts-Folder-01-FC"	"ContainerInherit, ObjectInherit"	"None"
"\\?\UNC\HLY-SMB01\Shares$\HmnRsrcs\Compensation\ADP Compensation Reports"	"ReadAndExecute, Synchronize"	"Allow"	"POWERENG\FS-HLYFS1-HmnrRsrcs-Share-ADPCompRpts-Folder-01-RO"	"ContainerInherit, ObjectInherit"	"None"
"\\?\UNC\HLY-SMB01\Shares$\HmnRsrcs\Compensation\ADP Compensation Reports"	"Modify, Synchronize"	"Allow"	"POWERENG\FS-HLYFS1-HmnrRsrcs-Share-ADPCompRpts-Folder-01-RW"	"ContainerInherit, ObjectInherit"	"None"
"\\?\UNC\HLY-SMB01\Shares$\HmnRsrcs\Compensation\Compensation Analysis"	"FullControl"	"Allow"	"POWERENG\FS-FileServices-ADM"	"ContainerInherit, ObjectInherit"	"None"
"\\?\UNC\HLY-SMB01\Shares$\HmnRsrcs\Compensation\Compensation Analysis"	"FullControl"	"Allow"	"POWERENG\FS-HLYFS1-HmnrRsrcs-Share-CompAnalysis-Folder-01-FC"	"ContainerInherit, ObjectInherit"	"None"
"\\?\UNC\HLY-SMB01\Shares$\HmnRsrcs\Compensation\Compensation Analysis"	"ReadAndExecute, Synchronize"	"Allow"	"POWERENG\FS-HLYFS1-HmnrRsrcs-Share-CompAnalysis-Folder-01-RO"	"ContainerInherit, ObjectInherit"	"None"
"\\?\UNC\HLY-SMB01\Shares$\HmnRsrcs\Compensation\Compensation Analysis"	"Modify, Synchronize"	"Allow"	"POWERENG\FS-HLYFS1-HmnrRsrcs-Share-CompAnalysis-Folder-01-RW"	"ContainerInherit, ObjectInherit"	"None"
"\\?\UNC\HLY-SMB01\Shares$\HmnRsrcs\Compensation\Compensation Analysis\Ad Hoc\Far Audit\2017\2018-National-Compensation-Matrix.xlsx"	"FullControl"	"Allow"	"S-1-5-21-1380516296-1705272057-1576261225-33160"	"None"	"None"
"\\?\UNC\HLY-SMB01\Shares$\HmnRsrcs\Compensation\Compensation Analysis\Metrics\Archive\Exit Survey_All_180725.zip"	"FullControl"	"Allow"	"S-1-5-21-1380516296-1705272057-1576261225-33160"	"None"	"None"
"\\?\UNC\HLY-SMB01\Shares$\HmnRsrcs\Compensation\Compensation Analysis\Surveys\Culpepper\2018\2018CyberSecurity_JobData.xlsm"	"FullControl"	"Allow"	"S-1-5-21-1380516296-1705272057-1576261225-33160"	"None"	"None"
"\\?\UNC\HLY-SMB01\Shares$\HmnRsrcs\Compensation\Compensation Analysis\Surveys\Culpepper\2018\All Ops 03-01-18.xlsx"	"FullControl"	"Allow"	"S-1-5-21-1380516296-1705272057-1576261225-33160"	"None"	"None"
"\\?\UNC\HLY-SMB01\Shares$\HmnRsrcs\Compensation\Compensation Analysis\Surveys\Culpepper\2018\All Tech 03-01-18.xlsx"	"FullControl"	"Allow"	"S-1-5-21-1380516296-1705272057-1576261225-33160"	"None"	"None"
"\\?\UNC\HLY-SMB01\Shares$\HmnRsrcs\Compensation\Compensation Analysis\Surveys\Culpepper\2019\Participation\Culpepper Participation 4-1-19.xlsx"	"FullControl"	"Allow"	"S-1-5-21-1380516296-1705272057-1576261225-33160"	"None"	"None"
"\\?\UNC\HLY-SMB01\Shares$\HmnRsrcs\Compensation\Compensation Analysis\Surveys\Culpepper\2019\Participation\culpepperjobdescriptions2019.xlsx"	"FullControl"	"Allow"	"S-1-5-21-1380516296-1705272057-1576261225-33160"	"None"	"None"
"\\?\UNC\HLY-SMB01\Shares$\HmnRsrcs\Compensation\Compensation Analysis\Surveys\ECCF\2018\Participation\2018 ECCF Job Matching Workbook.xlsx"	"FullControl"	"Allow"	"POWERENG\kbockmontoya"	"None"	"None"
"\\?\UNC\HLY-SMB01\Shares$\HmnRsrcs\Compensation\Compensation Analysis\Surveys\ECCF\2018\Participation\2018ECCF_JobData.xlsm"	"FullControl"	"Allow"	"POWERENG\kbockmontoya"	"None"	"None"
"\\?\UNC\HLY-SMB01\Shares$\HmnRsrcs\Compensation\Compensation Analysis\Surveys\ECCF\2019\Participation\Archive\2019 ECCF Job Matching Workbook.xlsx"	"FullControl"	"Allow"	"POWERENG\kbockmontoya"	"None"	"None"
"\\?\UNC\HLY-SMB01\Shares$\HmnRsrcs\Compensation\Compensation Analysis\Surveys\ECCF\2019\Participation\Archive\2019ECCF_JobData.xlsm"	"FullControl"	"Allow"	"POWERENG\kbockmontoya"	"None"	"None"
"\\?\UNC\HLY-SMB01\Shares$\HmnRsrcs\Compensation\Compensation Analysis\Surveys\ECCF\2020\Participation\Engineering and Construction\Submission\20POWEREngineers_AX_ECCF_3529_QA_File_working.xlsm"	"FullControl"	"Allow"	"POWERENG\kbockmontoya"	"None"	"None"
"\\?\UNC\HLY-SMB01\Shares$\HmnRsrcs\Compensation\Compensation Analysis\Surveys\ECCF\2020\Participation\Exec\Participation\2020 Executive Compensation and Benchmarking Survey - Input Material.xlsm"	"FullControl"	"Allow"	"POWERENG\kbockmontoya"	"None"	"None"
"\\?\UNC\HLY-SMB01\Shares$\HmnRsrcs\Compensation\Compensation Analysis\Surveys\ECCF\2020\Survey Results\2019 College Grad Results\64824_1131028_2019 College Complete Report.zip"	"FullControl"	"Allow"	"POWERENG\kbockmontoya"	"None"	"None"
"\\?\UNC\HLY-SMB01\Shares$\HmnRsrcs\Compensation\Compensation Analysis\Surveys\ECCF\2020\Survey Results\2020 College Grad Results\64824_427114117_2020 College Complete Report.zip"	"FullControl"	"Allow"	"POWERENG\kbockmontoya"	"None"	"None"
"\\?\UNC\HLY-SMB01\Shares$\HmnRsrcs\Compensation\Compensation Analysis\Surveys\ECCF\Flash Surveys\ECCF AdHoc Survey Results 12-2-2019.xlsx"	"FullControl"	"Allow"	"POWERENG\kbockmontoya"	"None"	"None"
"\\?\UNC\HLY-SMB01\Shares$\HmnRsrcs\Compensation\Compensation Analysis\Surveys\EFCG\2018\Non-Mgmt\Participation\2018 EFCG Compensation Survey Submission File.xlsx"	"FullControl"	"Allow"	"POWERENG\kbockmontoya"	"None"	"None"
"\\?\UNC\HLY-SMB01\Shares$\HmnRsrcs\Compensation\Compensation Analysis\Surveys\Towers Watson\2018\05_-_For_Profit_Orgs,_Global_Grade_Spreadsheet_-_by_Discipline.XLSX"	"FullControl"	"Allow"	"POWERENG\kbockmontoya"	"None"	"None"
"\\?\UNC\HLY-SMB01\Shares$\HmnRsrcs\Compensation\Compensation Analysis\Surveys\Towers Watson\2018\2017_WTW_TSP_US_For-Profit_Combined_Spreadsheet.xls"	"FullControl"	"Allow"	"POWERENG\kbockmontoya"	"None"	"None"
"\\?\UNC\HLY-SMB01\Shares$\HmnRsrcs\HR Generalists Notes"	"FullControl"	"Allow"	"POWERENG\FS-FileServices-ADM"	"ContainerInherit, ObjectInherit"	"None"
"\\?\UNC\HLY-SMB01\Shares$\HmnRsrcs\HR Generalists Notes"	"FullControl"	"Allow"	"POWERENG\FS-HLYFS1-Hmnrsrcs-Share-HRGenNotes-Folder-01-FC"	"ContainerInherit, ObjectInherit"	"None"
"\\?\UNC\HLY-SMB01\Shares$\HmnRsrcs\HR Generalists Notes"	"ReadAndExecute, Synchronize"	"Allow"	"POWERENG\FS-HLYFS1-Hmnrsrcs-Share-HRGenNotes-Folder-01-RO"	"ContainerInherit, ObjectInherit"	"None"
"\\?\UNC\HLY-SMB01\Shares$\HmnRsrcs\HR Generalists Notes"	"Modify, Synchronize"	"Allow"	"POWERENG\FS-HLYFS1-Hmnrsrcs-Share-HRGenNotes-Folder-01-RW"	"ContainerInherit, ObjectInherit"	"None"
"\\?\UNC\HLY-SMB01\Shares$\HmnRsrcs\TRAINING\Chante\Cornerstone Training\Skills Needed for the Future\futureskillswebinarmay30final1559203581044.pptx"	"FullControl"	"Allow"	"POWERENG\cdunn"	"None"	"None"
"\\?\UNC\HLY-SMB01\Shares$\HmnRsrcs\TRAINING\Chante\JKeeling\Spring_2019_Review-Dave_Wixom.pdf"	"FullControl"	"Allow"	"POWERENG\cdunn"	"None"	"None"
"\\?\UNC\HLY-SMB01\Shares$\HmnRsrcs\TRAINING\Chante\JKeeling\Spring_2019_Review-Lauren_Boucher.pdf"	"FullControl"	"Allow"	"POWERENG\cdunn"	"None"	"None"
"\\?\UNC\HLY-SMB01\Shares$\HmnRsrcs\TRAINING\Chante\JKeeling\Spring_2019_Review-Mark_Conroy.pdf"	"FullControl"	"Allow"	"POWERENG\cdunn"	"None"	"None"
"\\?\UNC\HLY-SMB01\Shares$\HmnRsrcs\TRAINING\Chante\JKeeling\Spring_2019_Review-Mike_Cullum.pdf"	"FullControl"	"Allow"	"POWERENG\cdunn"	"None"	"None"
"\\?\UNC\HLY-SMB01\Shares$\HmnRsrcs\TRAINING\Chante\JKeeling\Spring_2019_Review-Nickie_Duff.pdf"	"FullControl"	"Allow"	"POWERENG\cdunn"	"None"	"None"
"\\?\UNC\HLY-SMB01\Shares$\HmnRsrcs\TRAINING\Chante\JKeeling\Spring_2019_Review-Nick_Otte.pdf"	"FullControl"	"Allow"	"POWERENG\cdunn"	"None"	"None"
"\\?\UNC\HLY-SMB01\Shares$\HmnRsrcs\TRAINING\Chante\JKeeling\Spring_2019_Review-Ross_Pritchard.pdf"	"FullControl"	"Allow"	"POWERENG\cdunn"	"None"	"None"
"\\?\UNC\HLY-SMB01\Shares$\HmnRsrcs\TRAINING\Chante\JKeeling\Spring_2019_Review-Stan_Sturges.pdf"	"FullControl"	"Allow"	"POWERENG\cdunn"	"None"	"None"
"\\?\UNC\HLY-SMB01\Shares$\HmnRsrcs\TRAINING\Chante\JKeeling\Spring_2019_Review-Tamra_Pfannkuch.pdf"	"FullControl"	"Allow"	"POWERENG\cdunn"	"None"	"None"
"\\?\UNC\HLY-SMB01\Shares$\HmnRsrcs\TRAINING\Chante\JKeeling\Spring_2019_Review-Trevor_McKinney.pdf"	"FullControl"	"Allow"	"POWERENG\cdunn"	"None"	"None"
"\\?\UNC\HLY-SMB01\Shares$\HmnRsrcs\TRAINING\Developer Resources\Graphic Arrows\Arrows AdobeStock_62736692.ai"	"FullControl"	"Allow"	"S-1-5-21-1380516296-1705272057-1576261225-6544"	"None"	"None"
"\\?\UNC\HLY-SMB01\Shares$\HmnRsrcs\TRAINING\Developer Resources\Graphic CS PLC\archive\Default_Training_Images_by_Type.zip"	"FullControl"	"Allow"	"S-1-5-21-1380516296-1705272057-1576261225-6544"	"None"	"None"
"\\?\UNC\HLY-SMB01\Shares$\HmnRsrcs\TRAINING\Developer Resources\Graphic Hands and People\AdobeStock_168346296.ai"	"FullControl"	"Allow"	"S-1-5-21-1380516296-1705272057-1576261225-6544"	"None"	"None"
"\\?\UNC\HLY-SMB01\Shares$\HmnRsrcs\TRAINING\Developer Resources\Graphic HR\employee engagement AdobeStock_68065292.jpeg"	"FullControl"	"Allow"	"S-1-5-21-1380516296-1705272057-1576261225-6544"	"None"	"None"
"\\?\UNC\HLY-SMB01\Shares$\HmnRsrcs\TRAINING\Developer Resources\Graphic HR\employee engagement with arm AdobeStock_68065292.jpeg"	"FullControl"	"Allow"	"S-1-5-21-1380516296-1705272057-1576261225-6544"	"None"	"None"
"\\?\UNC\HLY-SMB01\Shares$\HmnRsrcs\TRAINING\Developer Resources\Graphic Paper Folders Books\document icon colors AdobeStock_96337620.ai"	"FullControl"	"Allow"	"S-1-5-21-1380516296-1705272057-1576261225-6544"	"None"	"None"
"\\?\UNC\HLY-SMB01\Shares$\HmnRsrcs\TRAINING\Developer Resources\Graphic Web Icons\mobile tab icon Fotolia_116643607_XS.jpg"	"FullControl"	"Allow"	"S-1-5-21-1380516296-1705272057-1576261225-6544"	"None"	"None"
"\\?\UNC\HLY-SMB01\Shares$\HmnRsrcs\TRAINING\Developer Resources\Storyline Player Skins\3Characterstudy.story"	"FullControl"	"Allow"	"S-1-5-21-1380516296-1705272057-1576261225-6544"	"None"	"None"
"\\?\UNC\HLY-SMB01\Shares$\HmnRsrcs\TRAINING\Developer Resources\Storyline Player Skins\3Ways_NavIns.story"	"FullControl"	"Allow"	"S-1-5-21-1380516296-1705272057-1576261225-6544"	"None"	"None"
"\\?\UNC\HLY-SMB01\Shares$\HmnRsrcs\TRAINING\Developer Resources\Storyline Player Skins\Flat-Player.zip"	"FullControl"	"Allow"	"S-1-5-21-1380516296-1705272057-1576261225-6544"	"None"	"None"
"\\?\UNC\HLY-SMB01\Shares$\HmnRsrcs\TRAINING\Developer Resources\Storyline Player Skins\Megapack_of_Storyline_2_Player_Skins.zip"	"FullControl"	"Allow"	"S-1-5-21-1380516296-1705272057-1576261225-6544"	"None"	"None"
"\\?\UNC\HLY-SMB01\Shares$\HmnRsrcs\TRAINING\Developer Resources\Storyline Templates\games\Swipe_Game_-_Template.story"	"FullControl"	"Allow"	"S-1-5-21-1380516296-1705272057-1576261225-6544"	"None"	"None"
"\\?\UNC\HLY-SMB01\Shares$\HmnRsrcs\TRAINING\Developer Resources\Storyline Templates\3Ways_NavIns.story"	"FullControl"	"Allow"	"S-1-5-21-1380516296-1705272057-1576261225-6544"	"None"	"None"
"\\?\UNC\HLY-SMB01\Shares$\HmnRsrcs\TRAINING\Developer Resources\Storyline Templates\checkmark.story"	"FullControl"	"Allow"	"S-1-5-21-1380516296-1705272057-1576261225-6544"	"None"	"None"
"\\?\UNC\HLY-SMB01\Shares$\HmnRsrcs\TRAINING\Developer Resources\Storyline Templates\ELC_206_My_Team_is_a_Mess.story"	"FullControl"	"Allow"	"S-1-5-21-1380516296-1705272057-1576261225-6544"	"None"	"None"
"\\?\UNC\HLY-SMB01\Shares$\HmnRsrcs\TRAINING\Developer Resources\Storyline Templates\Progress_Bar_Test.story"	"FullControl"	"Allow"	"S-1-5-21-1380516296-1705272057-1576261225-6544"	"None"	"None"
"\\?\UNC\HLY-SMB01\Shares$\HmnRsrcs\TRAINING\Developer Resources\Storyline Templates\Storyline-Slate-Player-Skin-Storyline-2-Template-File-9192165.storytemplate"	"FullControl"	"Allow"	"S-1-5-21-1380516296-1705272057-1576261225-6544"	"None"	"None"
"\\?\UNC\HLY-SMB01\Shares$\HmnRsrcs\TRAINING\Developer Resources\Storyline Templates\TabsTemplate6.story"	"FullControl"	"Allow"	"S-1-5-21-1380516296-1705272057-1576261225-6544"	"None"	"None"
"\\?\UNC\HLY-SMB01\Shares$\HmnRsrcs\TRAINING\Developer Resources\Storyline True False variable\Storyline-360-Practice-Files.zip"	"FullControl"	"Allow"	"S-1-5-21-1380516296-1705272057-1576261225-6544"	"None"	"None"
"\\?\UNC\HLY-SMB01\Shares$\HmnRsrcs\TRAINING\Developer Resources\Learn AdobeStock_292535057.jpeg"	"FullControl"	"Allow"	"S-1-5-21-1380516296-1705272057-1576261225-6544"	"None"	"None"
"\\?\UNC\HLY-SMB01\Shares$\HmnRsrcs\TRAINING\Developer Resources\Learn AdobeStock_292535057.jpeg"	"Read, Synchronize"	"Allow"	"S-1-15-2-3624051433-2125758914-1423191267-1740899205-1073925389-3782572162-737981194"	"None"	"None"
"\\?\UNC\HLY-SMB01\Shares$\HmnRsrcs\TRAINING\Developer Resources\Learn AdobeStock_292535057.jpeg"	"Read, Synchronize"	"Allow"	"S-1-15-3-3624051433-2125758914-1423191267-1740899205-1073925389-3782572162-737981194"	"None"	"None"
"\\?\UNC\HLY-SMB01\Shares$\HmnRsrcs\TRAINING\Procedures_Processes\Online Courses for Cornerstone Load\Additional post 4-16-18\CIL 111549.zip"	"FullControl"	"Allow"	"S-1-5-21-1380516296-1705272057-1576261225-6544"	"None"	"None"
"\\?\UNC\HLY-SMB01\Shares$\HmnRsrcs\TRAINING\Procedures_Processes\Online Courses for Cornerstone Load\Additional post 4-16-18\Cornerstone Performance Spring Review Update - Managers (Online) 616540.zip"	"FullControl"	"Allow"	"S-1-5-21-1380516296-1705272057-1576261225-6544"	"None"	"None"
"\\?\UNC\HLY-SMB01\Shares$\HmnRsrcs\TRAINING\Procedures_Processes\Online Courses for Cornerstone Load\Additional post 4-16-18\cs perform new mgr 616544.zip"	"FullControl"	"Allow"	"S-1-5-21-1380516296-1705272057-1576261225-6544"	"None"	"None"
"\\?\UNC\HLY-SMB01\Shares$\HmnRsrcs\TRAINING\Procedures_Processes\Online Courses for Cornerstone Load\Additional post 4-16-18\ethics replacement 367849.zip"	"FullControl"	"Allow"	"S-1-5-21-1380516296-1705272057-1576261225-6544"	"None"	"None"
"\\?\UNC\HLY-SMB01\Shares$\HmnRsrcs\TRAINING\Procedures_Processes\Online Courses for Cornerstone Load\Additional post 4-16-18\OTL Emp 351237.zip"	"FullControl"	"Allow"	"S-1-5-21-1380516296-1705272057-1576261225-6544"	"None"	"None"
"\\?\UNC\HLY-SMB01\Shares$\HmnRsrcs\TRAINING\Procedures_Processes\Online Courses for Cornerstone Load\Additional post 4-16-18\POWER Word templates.zip"	"FullControl"	"Allow"	"S-1-5-21-1380516296-1705272057-1576261225-6544"	"None"	"None"
"\\?\UNC\HLY-SMB01\Shares$\HmnRsrcs\TRAINING\Procedures_Processes\Online Courses for Cornerstone Load\Additional post 4-16-18\pwc.zip"	"FullControl"	"Allow"	"S-1-5-21-1380516296-1705272057-1576261225-6544"	"None"	"None"
"\\?\UNC\HLY-SMB01\Shares$\HmnRsrcs\TRAINING\Procedures_Processes\Online Courses for Cornerstone Load\Additional post 4-16-18\safety orientation.zip"	"FullControl"	"Allow"	"S-1-5-21-1380516296-1705272057-1576261225-6544"	"None"	"None"
"\\?\UNC\HLY-SMB01\Shares$\HmnRsrcs\TRAINING\Procedures_Processes\Online Courses for Cornerstone Load\Anne x\additional\310046 transformer oc.zip"	"FullControl"	"Allow"	"S-1-5-21-1380516296-1705272057-1576261225-6544"	"None"	"None"
"\\?\UNC\HLY-SMB01\Shares$\HmnRsrcs\TRAINING\Procedures_Processes\Online Courses for Cornerstone Load\Anne x\additional\351234 OTL Employee.zip"	"FullControl"	"Allow"	"S-1-5-21-1380516296-1705272057-1576261225-6544"	"None"	"None"
"\\?\UNC\HLY-SMB01\Shares$\HmnRsrcs\TRAINING\Procedures_Processes\Online Courses for Cornerstone Load\Anne x\additional\351234.zip"	"FullControl"	"Allow"	"S-1-5-21-1380516296-1705272057-1576261225-6544"	"None"	"None"
"\\?\UNC\HLY-SMB01\Shares$\HmnRsrcs\TRAINING\Procedures_Processes\Online Courses for Cornerstone Load\Anne x\346056.zip"	"FullControl"	"Allow"	"S-1-5-21-1380516296-1705272057-1576261225-6544"	"None"	"None"
"\\?\UNC\HLY-SMB01\Shares$\HmnRsrcs\TRAINING\Procedures_Processes\Online Courses for Cornerstone Load\Anne x\346059.zip"	"FullControl"	"Allow"	"S-1-5-21-1380516296-1705272057-1576261225-6544"	"None"	"None"
"\\?\UNC\HLY-SMB01\Shares$\HmnRsrcs\TRAINING\Procedures_Processes\Online Courses for Cornerstone Load\Anne x\346531.zip"	"FullControl"	"Allow"	"S-1-5-21-1380516296-1705272057-1576261225-6544"	"None"	"None"
"\\?\UNC\HLY-SMB01\Shares$\HmnRsrcs\TRAINING\Procedures_Processes\Online Courses for Cornerstone Load\Anne x\365385.zip"	"FullControl"	"Allow"	"S-1-5-21-1380516296-1705272057-1576261225-6544"	"None"	"None"
"\\?\UNC\HLY-SMB01\Shares$\HmnRsrcs\TRAINING\Procedures_Processes\Online Courses for Cornerstone Load\Anne x\422915.zip"	"FullControl"	"Allow"	"S-1-5-21-1380516296-1705272057-1576261225-6544"	"None"	"None"
"\\?\UNC\HLY-SMB01\Shares$\HmnRsrcs\TRAINING\Procedures_Processes\Online Courses for Cornerstone Load\Anne x\425968.zip"	"FullControl"	"Allow"	"S-1-5-21-1380516296-1705272057-1576261225-6544"	"None"	"None"
"\\?\UNC\HLY-SMB01\Shares$\HmnRsrcs\TRAINING\Procedures_Processes\Online Courses for Cornerstone Load\Anne x\425970.zip"	"FullControl"	"Allow"	"S-1-5-21-1380516296-1705272057-1576261225-6544"	"None"	"None"
"\\?\UNC\HLY-SMB01\Shares$\HmnRsrcs\TRAINING\Procedures_Processes\Online Courses for Cornerstone Load\Anne x\425972.zip"	"FullControl"	"Allow"	"S-1-5-21-1380516296-1705272057-1576261225-6544"	"None"	"None"
"\\?\UNC\HLY-SMB01\Shares$\HmnRsrcs\TRAINING\Procedures_Processes\Online Courses for Cornerstone Load\Anne x\426022.zip"	"FullControl"	"Allow"	"S-1-5-21-1380516296-1705272057-1576261225-6544"	"None"	"None"
"\\?\UNC\HLY-SMB01\Shares$\HmnRsrcs\TRAINING\Procedures_Processes\Online Courses for Cornerstone Load\Anne x\428777.zip"	"FullControl"	"Allow"	"S-1-5-21-1380516296-1705272057-1576261225-6544"	"None"	"None"
"\\?\UNC\HLY-SMB01\Shares$\HmnRsrcs\TRAINING\Procedures_Processes\Online Courses for Cornerstone Load\Anne x\428806.zip"	"FullControl"	"Allow"	"S-1-5-21-1380516296-1705272057-1576261225-6544"	"None"	"None"
"\\?\UNC\HLY-SMB01\Shares$\HmnRsrcs\TRAINING\Procedures_Processes\Online Courses for Cornerstone Load\Anne x\428872.zip"	"FullControl"	"Allow"	"S-1-5-21-1380516296-1705272057-1576261225-6544"	"None"	"None"
"\\?\UNC\HLY-SMB01\Shares$\HmnRsrcs\TRAINING\Procedures_Processes\Online Courses for Cornerstone Load\Anne x\428881.zip"	"FullControl"	"Allow"	"S-1-5-21-1380516296-1705272057-1576261225-6544"	"None"	"None"
"\\?\UNC\HLY-SMB01\Shares$\HmnRsrcs\TRAINING\Procedures_Processes\Online Courses for Cornerstone Load\Anne x\428883.zip"	"FullControl"	"Allow"	"S-1-5-21-1380516296-1705272057-1576261225-6544"	"None"	"None"
"\\?\UNC\HLY-SMB01\Shares$\HmnRsrcs\TRAINING\Procedures_Processes\Online Courses for Cornerstone Load\Anne x\429113.zip"	"FullControl"	"Allow"	"S-1-5-21-1380516296-1705272057-1576261225-6544"	"None"	"None"
"\\?\UNC\HLY-SMB01\Shares$\HmnRsrcs\TRAINING\Procedures_Processes\Online Courses for Cornerstone Load\Anne x\429159.zip"	"FullControl"	"Allow"	"S-1-5-21-1380516296-1705272057-1576261225-6544"	"None"	"None"
"\\?\UNC\HLY-SMB01\Shares$\HmnRsrcs\TRAINING\Procedures_Processes\Online Courses for Cornerstone Load\Anne x\429171.zip"	"FullControl"	"Allow"	"S-1-5-21-1380516296-1705272057-1576261225-6544"	"None"	"None"
"\\?\UNC\HLY-SMB01\Shares$\HmnRsrcs\TRAINING\Procedures_Processes\Online Courses for Cornerstone Load\Anne x\433553.zip"	"FullControl"	"Allow"	"S-1-5-21-1380516296-1705272057-1576261225-6544"	"None"	"None"
"\\?\UNC\HLY-SMB01\Shares$\HmnRsrcs\TRAINING\Procedures_Processes\Online Courses for Cornerstone Load\Anne x\438592.zip"	"FullControl"	"Allow"	"S-1-5-21-1380516296-1705272057-1576261225-6544"	"None"	"None"
"\\?\UNC\HLY-SMB01\Shares$\HmnRsrcs\TRAINING\Procedures_Processes\Online Courses for Cornerstone Load\Anne x\481323.zip"	"FullControl"	"Allow"	"S-1-5-21-1380516296-1705272057-1576261225-6544"	"None"	"None"
"\\?\UNC\HLY-SMB01\Shares$\HmnRsrcs\TRAINING\Procedures_Processes\Online Courses for Cornerstone Load\Anne x\494532.zip"	"FullControl"	"Allow"	"S-1-5-21-1380516296-1705272057-1576261225-6544"	"None"	"None"
"\\?\UNC\HLY-SMB01\Shares$\HmnRsrcs\TRAINING\Procedures_Processes\Online Courses for Cornerstone Load\Anne x\499880.zip"	"FullControl"	"Allow"	"S-1-5-21-1380516296-1705272057-1576261225-6544"	"None"	"None"
"\\?\UNC\HLY-SMB01\Shares$\HmnRsrcs\TRAINING\Procedures_Processes\Online Courses for Cornerstone Load\Anne x\500422.zip"	"FullControl"	"Allow"	"S-1-5-21-1380516296-1705272057-1576261225-6544"	"None"	"None"
"\\?\UNC\HLY-SMB01\Shares$\HmnRsrcs\TRAINING\Procedures_Processes\Online Courses for Cornerstone Load\Anne x\500435.zip"	"FullControl"	"Allow"	"S-1-5-21-1380516296-1705272057-1576261225-6544"	"None"	"None"
"\\?\UNC\HLY-SMB01\Shares$\HmnRsrcs\TRAINING\Procedures_Processes\Online Courses for Cornerstone Load\Anne x\500452.zip"	"FullControl"	"Allow"	"S-1-5-21-1380516296-1705272057-1576261225-6544"	"None"	"None"
"\\?\UNC\HLY-SMB01\Shares$\HmnRsrcs\TRAINING\Procedures_Processes\Online Courses for Cornerstone Load\Anne x\501310.zip"	"FullControl"	"Allow"	"S-1-5-21-1380516296-1705272057-1576261225-6544"	"None"	"None"
"\\?\UNC\HLY-SMB01\Shares$\HmnRsrcs\TRAINING\Procedures_Processes\Online Courses for Cornerstone Load\Anne x\501414.zip"	"FullControl"	"Allow"	"S-1-5-21-1380516296-1705272057-1576261225-6544"	"None"	"None"
"\\?\UNC\HLY-SMB01\Shares$\HmnRsrcs\TRAINING\Procedures_Processes\Online Courses for Cornerstone Load\Anne x\501458.zip"	"FullControl"	"Allow"	"S-1-5-21-1380516296-1705272057-1576261225-6544"	"None"	"None"
"\\?\UNC\HLY-SMB01\Shares$\HmnRsrcs\TRAINING\Procedures_Processes\Online Courses for Cornerstone Load\Anne x\501723.zip"	"FullControl"	"Allow"	"S-1-5-21-1380516296-1705272057-1576261225-6544"	"None"	"None"
"\\?\UNC\HLY-SMB01\Shares$\HmnRsrcs\TRAINING\Procedures_Processes\Online Courses for Cornerstone Load\Anne x\501826.zip"	"FullControl"	"Allow"	"S-1-5-21-1380516296-1705272057-1576261225-6544"	"None"	"None"
"\\?\UNC\HLY-SMB01\Shares$\HmnRsrcs\TRAINING\Procedures_Processes\Online Courses for Cornerstone Load\Anne x\506034.zip"	"FullControl"	"Allow"	"S-1-5-21-1380516296-1705272057-1576261225-6544"	"None"	"None"
"\\?\UNC\HLY-SMB01\Shares$\HmnRsrcs\TRAINING\Procedures_Processes\Online Courses for Cornerstone Load\Anne x\509461.zip"	"FullControl"	"Allow"	"S-1-5-21-1380516296-1705272057-1576261225-6544"	"None"	"None"
"\\?\UNC\HLY-SMB01\Shares$\HmnRsrcs\TRAINING\Procedures_Processes\Online Courses for Cornerstone Load\Anne x\586931.zip"	"FullControl"	"Allow"	"S-1-5-21-1380516296-1705272057-1576261225-6544"	"None"	"None"
"\\?\UNC\HLY-SMB01\Shares$\HmnRsrcs\TRAINING\Procedures_Processes\Online Courses for Cornerstone Load\Chante x\328053.zip"	"FullControl"	"Allow"	"POWERENG\hwestfall"	"None"	"None"
"\\?\UNC\HLY-SMB01\Shares$\HmnRsrcs\TRAINING\Procedures_Processes\Online Courses for Cornerstone Load\Chante x\346088.zip"	"FullControl"	"Allow"	"POWERENG\hwestfall"	"None"	"None"
"\\?\UNC\HLY-SMB01\Shares$\HmnRsrcs\TRAINING\Procedures_Processes\Online Courses for Cornerstone Load\Chante x\367849.zip"	"FullControl"	"Allow"	"POWERENG\hwestfall"	"None"	"None"
"\\?\UNC\HLY-SMB01\Shares$\HmnRsrcs\TRAINING\Procedures_Processes\Online Courses for Cornerstone Load\Chante x\367852.zip"	"FullControl"	"Allow"	"POWERENG\hwestfall"	"None"	"None"
"\\?\UNC\HLY-SMB01\Shares$\HmnRsrcs\TRAINING\Procedures_Processes\Online Courses for Cornerstone Load\Chante x\378064.zip"	"FullControl"	"Allow"	"POWERENG\hwestfall"	"None"	"None"
"\\?\UNC\HLY-SMB01\Shares$\HmnRsrcs\TRAINING\Procedures_Processes\Online Courses for Cornerstone Load\Chante x\386638.zip"	"FullControl"	"Allow"	"POWERENG\hwestfall"	"None"	"None"
"\\?\UNC\HLY-SMB01\Shares$\HmnRsrcs\TRAINING\Procedures_Processes\Online Courses for Cornerstone Load\Chante x\386639.zip"	"FullControl"	"Allow"	"POWERENG\hwestfall"	"None"	"None"
"\\?\UNC\HLY-SMB01\Shares$\HmnRsrcs\TRAINING\Procedures_Processes\Online Courses for Cornerstone Load\Chante x\386640.zip"	"FullControl"	"Allow"	"POWERENG\hwestfall"	"None"	"None"
"\\?\UNC\HLY-SMB01\Shares$\HmnRsrcs\TRAINING\Procedures_Processes\Online Courses for Cornerstone Load\Chante x\386641.zip"	"FullControl"	"Allow"	"POWERENG\hwestfall"	"None"	"None"
"\\?\UNC\HLY-SMB01\Shares$\HmnRsrcs\TRAINING\Procedures_Processes\Online Courses for Cornerstone Load\Chante x\386642.zip"	"FullControl"	"Allow"	"POWERENG\hwestfall"	"None"	"None"
"\\?\UNC\HLY-SMB01\Shares$\HmnRsrcs\TRAINING\Procedures_Processes\Online Courses for Cornerstone Load\Chante x\386643.zip"	"FullControl"	"Allow"	"POWERENG\hwestfall"	"None"	"None"
"\\?\UNC\HLY-SMB01\Shares$\HmnRsrcs\TRAINING\Procedures_Processes\Online Courses for Cornerstone Load\Chante x\386647.zip"	"FullControl"	"Allow"	"POWERENG\hwestfall"	"None"	"None"
"\\?\UNC\HLY-SMB01\Shares$\HmnRsrcs\TRAINING\Procedures_Processes\Online Courses for Cornerstone Load\Chante x\386650.zip"	"FullControl"	"Allow"	"POWERENG\hwestfall"	"None"	"None"
"\\?\UNC\HLY-SMB01\Shares$\HmnRsrcs\TRAINING\Procedures_Processes\Online Courses for Cornerstone Load\Chante x\386651.zip"	"FullControl"	"Allow"	"POWERENG\hwestfall"	"None"	"None"
"\\?\UNC\HLY-SMB01\Shares$\HmnRsrcs\TRAINING\Procedures_Processes\Online Courses for Cornerstone Load\Chante x\386652.zip"	"FullControl"	"Allow"	"POWERENG\hwestfall"	"None"	"None"
"\\?\UNC\HLY-SMB01\Shares$\HmnRsrcs\TRAINING\Procedures_Processes\Online Courses for Cornerstone Load\Chante x\386653.zip"	"FullControl"	"Allow"	"POWERENG\hwestfall"	"None"	"None"
"\\?\UNC\HLY-SMB01\Shares$\HmnRsrcs\TRAINING\Procedures_Processes\Online Courses for Cornerstone Load\Chante x\386655.zip"	"FullControl"	"Allow"	"POWERENG\hwestfall"	"None"	"None"
"\\?\UNC\HLY-SMB01\Shares$\HmnRsrcs\TRAINING\Procedures_Processes\Online Courses for Cornerstone Load\Chante x\386656.zip"	"FullControl"	"Allow"	"POWERENG\hwestfall"	"None"	"None"
"\\?\UNC\HLY-SMB01\Shares$\HmnRsrcs\TRAINING\Procedures_Processes\Online Courses for Cornerstone Load\Chante x\386658.zip"	"FullControl"	"Allow"	"POWERENG\hwestfall"	"None"	"None"
"\\?\UNC\HLY-SMB01\Shares$\HmnRsrcs\TRAINING\Procedures_Processes\Online Courses for Cornerstone Load\Chante x\386659.zip"	"FullControl"	"Allow"	"POWERENG\hwestfall"	"None"	"None"
"\\?\UNC\HLY-SMB01\Shares$\HmnRsrcs\TRAINING\Procedures_Processes\Online Courses for Cornerstone Load\Chante x\386660.zip"	"FullControl"	"Allow"	"POWERENG\hwestfall"	"None"	"None"
"\\?\UNC\HLY-SMB01\Shares$\HmnRsrcs\TRAINING\Procedures_Processes\Online Courses for Cornerstone Load\Chante x\386661.zip"	"FullControl"	"Allow"	"POWERENG\hwestfall"	"None"	"None"
"\\?\UNC\HLY-SMB01\Shares$\HmnRsrcs\TRAINING\Procedures_Processes\Online Courses for Cornerstone Load\Chante x\386662.zip"	"FullControl"	"Allow"	"POWERENG\hwestfall"	"None"	"None"
"\\?\UNC\HLY-SMB01\Shares$\HmnRsrcs\TRAINING\Procedures_Processes\Online Courses for Cornerstone Load\Chante x\386664.zip"	"FullControl"	"Allow"	"POWERENG\hwestfall"	"None"	"None"
"\\?\UNC\HLY-SMB01\Shares$\HmnRsrcs\TRAINING\Procedures_Processes\Online Courses for Cornerstone Load\Chante x\434074.zip"	"FullControl"	"Allow"	"POWERENG\hwestfall"	"None"	"None"
"\\?\UNC\HLY-SMB01\Shares$\HmnRsrcs\TRAINING\Procedures_Processes\Online Courses for Cornerstone Load\Chante x\434076.zip"	"FullControl"	"Allow"	"POWERENG\hwestfall"	"None"	"None"
"\\?\UNC\HLY-SMB01\Shares$\HmnRsrcs\TRAINING\Procedures_Processes\Online Courses for Cornerstone Load\Chante x\434079.zip"	"FullControl"	"Allow"	"POWERENG\hwestfall"	"None"	"None"
"\\?\UNC\HLY-SMB01\Shares$\HmnRsrcs\TRAINING\Procedures_Processes\Online Courses for Cornerstone Load\Chante x\434082.zip"	"FullControl"	"Allow"	"POWERENG\hwestfall"	"None"	"None"
"\\?\UNC\HLY-SMB01\Shares$\HmnRsrcs\TRAINING\Procedures_Processes\Online Courses for Cornerstone Load\Chante x\434085.zip"	"FullControl"	"Allow"	"POWERENG\hwestfall"	"None"	"None"
"\\?\UNC\HLY-SMB01\Shares$\HmnRsrcs\TRAINING\Procedures_Processes\Online Courses for Cornerstone Load\Chante x\434664.zip"	"FullControl"	"Allow"	"POWERENG\hwestfall"	"None"	"None"
"\\?\UNC\HLY-SMB01\Shares$\HmnRsrcs\TRAINING\Procedures_Processes\Online Courses for Cornerstone Load\Chante x\444264.zip"	"FullControl"	"Allow"	"POWERENG\hwestfall"	"None"	"None"
"\\?\UNC\HLY-SMB01\Shares$\HmnRsrcs\TRAINING\Procedures_Processes\Online Courses for Cornerstone Load\Chante x\468674.zip"	"FullControl"	"Allow"	"POWERENG\hwestfall"	"None"	"None"
"\\?\UNC\HLY-SMB01\Shares$\HmnRsrcs\TRAINING\Procedures_Processes\Online Courses for Cornerstone Load\Chante x\493234.zip"	"FullControl"	"Allow"	"POWERENG\hwestfall"	"None"	"None"
"\\?\UNC\HLY-SMB01\Shares$\HmnRsrcs\TRAINING\Procedures_Processes\Online Courses for Cornerstone Load\Chante x\512629.zip"	"FullControl"	"Allow"	"POWERENG\hwestfall"	"None"	"None"
"\\?\UNC\HLY-SMB01\Shares$\HmnRsrcs\TRAINING\Procedures_Processes\Online Courses for Cornerstone Load\Chante x\513647.zip"	"FullControl"	"Allow"	"POWERENG\hwestfall"	"None"	"None"
"\\?\UNC\HLY-SMB01\Shares$\HmnRsrcs\TRAINING\Procedures_Processes\Online Courses for Cornerstone Load\Chante x\575644.zip"	"FullControl"	"Allow"	"POWERENG\hwestfall"	"None"	"None"
"\\?\UNC\HLY-SMB01\Shares$\HmnRsrcs\TRAINING\Procedures_Processes\Online Courses for Cornerstone Load\Heather x\434422.zip"	"FullControl"	"Allow"	"POWERENG\hwestfall"	"None"	"None"
"\\?\UNC\HLY-SMB01\Shares$\HmnRsrcs\TRAINING\Procedures_Processes\Online Courses for Cornerstone Load\Heather x\437382.zip"	"FullControl"	"Allow"	"POWERENG\hwestfall"	"None"	"None"
"\\?\UNC\HLY-SMB01\Shares$\HmnRsrcs\TRAINING\Procedures_Processes\Online Courses for Cornerstone Load\Heather x\437383.zip"	"FullControl"	"Allow"	"S-1-5-21-1380516296-1705272057-1576261225-6544"	"None"	"None"
"\\?\UNC\HLY-SMB01\Shares$\HmnRsrcs\TRAINING\Procedures_Processes\Online Courses for Cornerstone Load\Heather x\440420.zip"	"FullControl"	"Allow"	"POWERENG\hwestfall"	"None"	"None"
"\\?\UNC\HLY-SMB01\Shares$\HmnRsrcs\TRAINING\Procedures_Processes\Online Courses for Cornerstone Load\Heather x\446025.zip"	"FullControl"	"Allow"	"POWERENG\hwestfall"	"None"	"None"
"\\?\UNC\HLY-SMB01\Shares$\HmnRsrcs\TRAINING\Procedures_Processes\Online Courses for Cornerstone Load\Heather x\448235.zip"	"FullControl"	"Allow"	"POWERENG\hwestfall"	"None"	"None"
"\\?\UNC\HLY-SMB01\Shares$\HmnRsrcs\TRAINING\Procedures_Processes\Online Courses for Cornerstone Load\Heather x\466034.zip"	"FullControl"	"Allow"	"POWERENG\hwestfall"	"None"	"None"
"\\?\UNC\HLY-SMB01\Shares$\HmnRsrcs\TRAINING\Procedures_Processes\Online Courses for Cornerstone Load\Heather x\473920.zip"	"FullControl"	"Allow"	"POWERENG\hwestfall"	"None"	"None"
"\\?\UNC\HLY-SMB01\Shares$\HmnRsrcs\TRAINING\Procedures_Processes\Online Courses for Cornerstone Load\Heather x\480859.zip"	"FullControl"	"Allow"	"POWERENG\hwestfall"	"None"	"None"
"\\?\UNC\HLY-SMB01\Shares$\HmnRsrcs\TRAINING\Procedures_Processes\Online Courses for Cornerstone Load\Heather x\481979.zip"	"FullControl"	"Allow"	"POWERENG\hwestfall"	"None"	"None"
"\\?\UNC\HLY-SMB01\Shares$\HmnRsrcs\TRAINING\Procedures_Processes\Online Courses for Cornerstone Load\Heather x\488721.zip"	"FullControl"	"Allow"	"POWERENG\hwestfall"	"None"	"None"
"\\?\UNC\HLY-SMB01\Shares$\HmnRsrcs\TRAINING\Procedures_Processes\Online Courses for Cornerstone Load\Heather x\493270.zip"	"FullControl"	"Allow"	"POWERENG\hwestfall"	"None"	"None"
"\\?\UNC\HLY-SMB01\Shares$\HmnRsrcs\TRAINING\Procedures_Processes\Online Courses for Cornerstone Load\Heather x\495041.zip"	"FullControl"	"Allow"	"POWERENG\hwestfall"	"None"	"None"
"\\?\UNC\HLY-SMB01\Shares$\HmnRsrcs\TRAINING\Procedures_Processes\Online Courses for Cornerstone Load\Heather x\506934.zip"	"FullControl"	"Allow"	"POWERENG\hwestfall"	"None"	"None"
"\\?\UNC\HLY-SMB01\Shares$\HmnRsrcs\TRAINING\Procedures_Processes\Online Courses for Cornerstone Load\Heather x\509909.zip"	"FullControl"	"Allow"	"POWERENG\hwestfall"	"None"	"None"
"\\?\UNC\HLY-SMB01\Shares$\HmnRsrcs\TRAINING\Procedures_Processes\Online Courses for Cornerstone Load\Heather x\545967.zip"	"FullControl"	"Allow"	"S-1-5-21-1380516296-1705272057-1576261225-6544"	"None"	"None"
"\\?\UNC\HLY-SMB01\Shares$\HmnRsrcs\TRAINING\Procedures_Processes\Online Courses for Cornerstone Load\Heather x\546221.zip"	"FullControl"	"Allow"	"POWERENG\hwestfall"	"None"	"None"
"\\?\UNC\HLY-SMB01\Shares$\HmnRsrcs\TRAINING\Procedures_Processes\Online Courses for Cornerstone Load\Heather x\546226.zip"	"FullControl"	"Allow"	"POWERENG\hwestfall"	"None"	"None"
"\\?\UNC\HLY-SMB01\Shares$\HmnRsrcs\TRAINING\Procedures_Processes\Online Courses for Cornerstone Load\Heather x\552034.zip"	"FullControl"	"Allow"	"POWERENG\hwestfall"	"None"	"None"
"\\?\UNC\HLY-SMB01\Shares$\HmnRsrcs\TRAINING\Procedures_Processes\Online Courses for Cornerstone Load\Heather x\552541.zip"	"FullControl"	"Allow"	"POWERENG\hwestfall"	"None"	"None"
"\\?\UNC\HLY-SMB01\Shares$\HmnRsrcs\TRAINING\Procedures_Processes\Online Courses for Cornerstone Load\Heather x\558405.zip"	"FullControl"	"Allow"	"POWERENG\hwestfall"	"None"	"None"
"\\?\UNC\HLY-SMB01\Shares$\HmnRsrcs\TRAINING\Procedures_Processes\Online Courses for Cornerstone Load\Heather x\565736.zip"	"FullControl"	"Allow"	"POWERENG\hwestfall"	"None"	"None"
"\\?\UNC\HLY-SMB01\Shares$\HmnRsrcs\TRAINING\Procedures_Processes\Online Courses for Cornerstone Load\Heather x\569504.zip"	"FullControl"	"Allow"	"POWERENG\hwestfall"	"None"	"None"
"\\?\UNC\HLY-SMB01\Shares$\HmnRsrcs\TRAINING\Procedures_Processes\Online Courses for Cornerstone Load\Heather x\569734.zip"	"FullControl"	"Allow"	"POWERENG\hwestfall"	"None"	"None"
"\\?\UNC\HLY-SMB01\Shares$\HmnRsrcs\TRAINING\Procedures_Processes\Online Courses for Cornerstone Load\Heather x\573446.zip"	"FullControl"	"Allow"	"S-1-5-21-1380516296-1705272057-1576261225-6544"	"None"	"None"
"\\?\UNC\HLY-SMB01\Shares$\HmnRsrcs\TRAINING\Procedures_Processes\Online Courses for Cornerstone Load\Heather x\596661.zip"	"FullControl"	"Allow"	"POWERENG\hwestfall"	"None"	"None"
"\\?\UNC\HLY-SMB01\Shares$\HmnRsrcs\TRAINING\Procedures_Processes\Online Courses for Cornerstone Load\Heather x\601888.zip"	"FullControl"	"Allow"	"POWERENG\hwestfall"	"None"	"None"
"\\?\UNC\HLY-SMB01\Shares$\HmnRsrcs\TRAINING\Projects\Advance Online\loaded 6-8-2018\OneDrive_2018-06-08.zip"	"FullControl"	"Allow"	"S-1-5-21-1380516296-1705272057-1576261225-6544"	"None"	"None"
"\\?\UNC\HLY-SMB01\Shares$\HmnRsrcs\TRAINING\Projects\Advance Online\loaded DNU erroneous files\AO OneDrive_2_6-2-2018.zip"	"FullControl"	"Allow"	"S-1-5-21-1380516296-1705272057-1576261225-6544"	"None"	"None"
"\\?\UNC\HLY-SMB01\Shares$\HmnRsrcs\TRAINING\Projects\Compensation Application 2020\2021 Merit Cycle Compensation Tool Training.mp4"	"FullControl"	"Allow"	"POWERENG\sbrotzman"	"None"	"None"
"\\?\UNC\HLY-SMB01\Shares$\HmnRsrcs\TRAINING\Projects\LMS Replacement 2018-07\Skillsoft\AICC Files\Skillsoft_AssetMetaData_UPDATE_20180703-112759.zip"	"FullControl"	"Allow"	"S-1-5-21-1380516296-1705272057-1576261225-6544"	"None"	"None"
"\\?\UNC\HLY-SMB01\Shares$\HmnRsrcs\TRAINING\Projects\LMS Replacement 2018-07\Skillsoft\AICC Files\Skillsoft_AssetMetaData_UPDATE_20180724-181932.zip"	"FullControl"	"Allow"	"S-1-5-21-1380516296-1705272057-1576261225-6544"	"None"	"None"
"\\?\UNC\HLY-SMB01\Shares$\HmnRsrcs\TRAINING\Projects\Management Training Review\CEG corporate-training-catalog-2020.pdf"	"FullControl"	"Allow"	"S-1-5-21-1380516296-1705272057-1576261225-6544"	"None"	"None"
"\\?\UNC\HLY-SMB01\Shares$\HmnRsrcs\TRAINING\Projects\Navex_Workplace Harassment\V8 Manager and Non\20200521_POWERENGINEERS_WPH8_EMP_COMPLETE_AICCFULL.zip"	"FullControl"	"Allow"	"POWERENG\cdunn"	"None"	"None"
"\\?\UNC\HLY-SMB01\Shares$\HmnRsrcs\TRAINING\Projects\Navex_Workplace Harassment\V8 Manager and Non\20200521_POWERENGINEERS_WPH8_EMP_COMPLETE_AICCSPILT.zip"	"FullControl"	"Allow"	"POWERENG\cdunn"	"None"	"None"
"\\?\UNC\HLY-SMB01\Shares$\HmnRsrcs\TRAINING\Projects\Navex_Workplace Harassment\V8 Manager and Non\20200521_POWERENGINEERS_WPH8_MGR_COMPLETE_AICCFULL.zip"	"FullControl"	"Allow"	"POWERENG\cdunn"	"None"	"None"
"\\?\UNC\HLY-SMB01\Shares$\HmnRsrcs\TRAINING\Projects\Navex_Workplace Harassment\V8 Manager and Non\Files.zip.j7g99y2.partial"	"FullControl"	"Allow"	"POWERENG\cdunn"	"None"	"None"
"\\?\UNC\HLY-SMB01\Shares$\HmnRsrcs\TRAINING\Projects\Navex_Workplace Harassment\Working and Reference Files\Developer\2018-06\2018-06012 WP7 updated AICC stub files.zip"	"FullControl"	"Allow"	"S-1-5-21-1380516296-1705272057-1576261225-6544"	"None"	"None"
"\\?\UNC\HLY-SMB01\Shares$\HmnRsrcs\TRAINING\Projects\Navex_Workplace Harassment\Working and Reference Files\Developer\2018-11\2018-11-27 WP7 updated AICC stub files.zip"	"FullControl"	"Allow"	"S-1-5-21-1380516296-1705272057-1576261225-6544"	"None"	"None"
"\\?\UNC\HLY-SMB01\Shares$\HmnRsrcs\TRAINING\Projects\Navex_Workplace Harassment\20190219.zip"	"FullControl"	"Allow"	"POWERENG\cdunn"	"None"	"None"
"\\?\UNC\HLY-SMB01\Shares$\HmnRsrcs\TRAINING\Projects\Navex_Workplace Harassment\2020 Files.zip.1r9o0zc.partial"	"FullControl"	"Allow"	"POWERENG\cdunn"	"None"	"None"
"\\?\UNC\HLY-SMB01\Shares$\HmnRsrcs\TRAINING\Projects\Navex_Workplace Harassment\20200203_powerengineers_WHP SCORM.zip"	"FullControl"	"Allow"	"S-1-5-21-1380516296-1705272057-1576261225-6544"	"None"	"None"
"\\?\UNC\HLY-SMB01\Shares$\HmnRsrcs\TRAINING\Projects\Navex_Workplace Harassment\Files.zip"	"FullControl"	"Allow"	"POWERENG\cdunn"	"None"	"None"
"\\?\UNC\HLY-SMB01\Shares$\HmnRsrcs\TRAINING\Reporting\2018 Reports\Monthly Portal & Individual\Individual\GHS_Completion 2018-April.xls"	"FullControl"	"Allow"	"S-1-5-21-1380516296-1705272057-1576261225-6544"	"None"	"None"
"\\?\UNC\HLY-SMB01\Shares$\HmnRsrcs\TRAINING\Reporting\2018 Reports\Monthly Portal & Individual\Individual\GHS_Completion 2018-June.xls"	"FullControl"	"Allow"	"S-1-5-21-1380516296-1705272057-1576261225-6544"	"None"	"None"
"\\?\UNC\HLY-SMB01\Shares$\HmnRsrcs\TRAINING\Reporting\2018 Reports\Monthly Portal & Individual\Individual\PPP Completions 2018-June.xls"	"FullControl"	"Allow"	"S-1-5-21-1380516296-1705272057-1576261225-6544"	"None"	"None"
"\\?\UNC\HLY-SMB01\Shares$\HmnRsrcs\TRAINING\Reporting\2018 Reports\Monthly Portal & Individual\Portal\HPI Completions_2018-June.xls"	"FullControl"	"Allow"	"S-1-5-21-1380516296-1705272057-1576261225-6544"	"None"	"None"
"\\?\UNC\HLY-SMB01\Shares$\HmnRsrcs\TRAINING\Reporting\2018 Reports\Monthly Portal & Individual\Portal\HPI_Barrier_Training_Report-2018-June.xls"	"FullControl"	"Allow"	"S-1-5-21-1380516296-1705272057-1576261225-6544"	"None"	"None"
"\\?\UNC\HLY-SMB01\Shares$\HmnRsrcs\TRAINING\Reporting\2018 Reports\Monthly Portal & Individual\Portal\Management_Training_Program_Completions_2018-June.xls"	"FullControl"	"Allow"	"S-1-5-21-1380516296-1705272057-1576261225-6544"	"None"	"None"
"\\?\UNC\HLY-SMB01\Shares$\HmnRsrcs\TRAINING\Reporting\2018 Reports\Monthly Portal & Individual\Portal\Monthly_Mgmt_Training_Program_Supervisor_List_Report-201807010700.xls"	"FullControl"	"Allow"	"S-1-5-21-1380516296-1705272057-1576261225-6544"	"None"	"None"
"\\?\UNC\HLY-SMB01\Shares$\HmnRsrcs\TRAINING\Reporting\2018 Reports\Quarterly Portal & Individual\Individual\2018 Q2 Quarterly_FCPA_Completion_Status_Report.xls"	"FullControl"	"Allow"	"S-1-5-21-1380516296-1705272057-1576261225-6544"	"None"	"None"
"\\?\UNC\HLY-SMB01\Shares$\HmnRsrcs\TRAINING\Reporting\2018 Reports\Quarterly Portal & Individual\Individual\2018 Q2 Quarterly_Safety_Completions.xls"	"FullControl"	"Allow"	"S-1-5-21-1380516296-1705272057-1576261225-6544"	"None"	"None"
"\\?\UNC\HLY-SMB01\Shares$\HmnRsrcs\TRAINING\Reporting\2018 Reports\Quarterly Portal & Individual\Individual\2018 Q2 Quarterly_Workplace_Harassment_Completion_Status__both_EE___Sup__Report.xls"	"FullControl"	"Allow"	"S-1-5-21-1380516296-1705272057-1576261225-6544"	"None"	"None"
"\\?\UNC\HLY-SMB01\Shares$\HmnRsrcs\TRAINING\Reporting\2018 Reports\Quarterly Portal & Individual\Individual\2018 Q2_Envision_Sustainability_Completion_Status_Report.xls"	"FullControl"	"Allow"	"S-1-5-21-1380516296-1705272057-1576261225-6544"	"None"	"None"
"\\?\UNC\HLY-SMB01\Shares$\HmnRsrcs\TRAINING\Reporting\2018 Reports\Quarterly Portal & Individual\Individual\2018 Q2_Ethics_Completion_Status_Report.xls"	"FullControl"	"Allow"	"S-1-5-21-1380516296-1705272057-1576261225-6544"	"None"	"None"
"\\?\UNC\HLY-SMB01\Shares$\HmnRsrcs\TRAINING\Reporting\2018 Reports\Quarterly Portal & Individual\Portal\2018 Q2 OSHA 10hr Status.xls"	"FullControl"	"Allow"	"S-1-5-21-1380516296-1705272057-1576261225-6544"	"None"	"None"
"\\?\UNC\HLY-SMB01\Shares$\HmnRsrcs\TRAINING\Reporting\2018 Reports\Quarterly Portal & Individual\Portal\2018 Q2 OSHA 30hr Status.xls"	"FullControl"	"Allow"	"S-1-5-21-1380516296-1705272057-1576261225-6544"	"None"	"None"
"\\?\UNC\HLY-SMB01\Shares$\HmnRsrcs\TRAINING\Reporting\2018 Reports\Quarterly Portal & Individual\Portal\2018 Q2_Lead Engineer Completions.xls"	"FullControl"	"Allow"	"S-1-5-21-1380516296-1705272057-1576261225-6544"	"None"	"None"
"\\?\UNC\HLY-SMB01\Shares$\HmnRsrcs\TRAINING\Reporting\2018 Reports\Quarterly Portal & Individual\Portal\2018 Q2_New Engineer Completions.xls"	"FullControl"	"Allow"	"S-1-5-21-1380516296-1705272057-1576261225-6544"	"None"	"None"
"\\?\UNC\HLY-SMB01\Shares$\HmnRsrcs\TRAINING\Reporting\2018 Reports\Quarterly Portal & Individual\Portal\2018 Q2_PM-PE Program Completion.xls"	"FullControl"	"Allow"	"S-1-5-21-1380516296-1705272057-1576261225-6544"	"None"	"None"
"\\?\UNC\HLY-SMB01\Shares$\HmnRsrcs\TRAINING\Reporting\2018 Reports\Quarterly Portal & Individual\Portal\2018 Q2_PTW Completion.xls"	"FullControl"	"Allow"	"S-1-5-21-1380516296-1705272057-1576261225-6544"	"None"	"None"
"\\?\UNC\HLY-SMB01\Shares$\HmnRsrcs\TRAINING\Reporting\2019 Reports\General\CDunn\2019-04-03 All Active Users.xls"	"FullControl"	"Allow"	"POWERENG\cdunn"	"None"	"None"
"\\?\UNC\HLY-SMB01\Shares$\HmnRsrcs\TRAINING\Sumi\IACET\Board\SDEAL 2017 IACET Application.MOV"	"FullControl"	"Allow"	"POWERENG\sudeal"	"None"	"None"
"\\?\UNC\HLY-SMB01\Shares$\HmnRsrcs\HRFORMS\Leaves\ARCHIVE\2011\LOA PHI"	"FullControl"	"Allow"	"POWERENG\FS-FileServices-ADM"	"ContainerInherit, ObjectInherit"	"None"
"\\?\UNC\HLY-SMB01\Shares$\HmnRsrcs\HRFORMS\Leaves\ARCHIVE\2011\LOA PHI"	"FullControl"	"Allow"	"POWERENG\FS-HLYFS1-Hmnrsrcs-Share-LOAPHI-Folder-02-FC"	"ContainerInherit, ObjectInherit"	"None"
"\\?\UNC\HLY-SMB01\Shares$\HmnRsrcs\HRFORMS\Leaves\ARCHIVE\2011\LOA PHI"	"ReadAndExecute, Synchronize"	"Allow"	"POWERENG\FS-HLYFS1-Hmnrsrcs-Share-LOAPHI-Folder-02-RO"	"ContainerInherit, ObjectInherit"	"None"
"\\?\UNC\HLY-SMB01\Shares$\HmnRsrcs\HRFORMS\Leaves\ARCHIVE\2011\LOA PHI"	"Modify, Synchronize"	"Allow"	"POWERENG\FS-HLYFS1-Hmnrsrcs-Share-LOAPHI-Folder-02-RW"	"ContainerInherit, ObjectInherit"	"None"
"\\?\UNC\HLY-SMB01\Shares$\HmnRsrcs\HRFORMS\Leaves\Maria -Leaves-PHI"	"FullControl"	"Allow"	"POWERENG\FS-FileServices-ADM"	"ContainerInherit, ObjectInherit"	"None"
"\\?\UNC\HLY-SMB01\Shares$\HmnRsrcs\HRFORMS\Leaves\Maria -Leaves-PHI"	"FullControl"	"Allow"	"POWERENG\FS-HLYFS1-Hmnrsrcs-Share-MariaLeavesPHI-Folder-01-FC"	"ContainerInherit, ObjectInherit"	"None"
"\\?\UNC\HLY-SMB01\Shares$\HmnRsrcs\HRFORMS\Leaves\Maria -Leaves-PHI"	"ReadAndExecute, Synchronize"	"Allow"	"POWERENG\FS-HLYFS1-Hmnrsrcs-Share-MariaLeavesPHI-Folder-01-RO"	"ContainerInherit, ObjectInherit"	"None"
"\\?\UNC\HLY-SMB01\Shares$\HmnRsrcs\HRFORMS\Leaves\Maria -Leaves-PHI"	"Modify, Synchronize"	"Allow"	"POWERENG\FS-HLYFS1-Hmnrsrcs-Share-MariaLeavesPHI-Folder-01-RW"	"ContainerInherit, ObjectInherit"	"None"
"\\?\UNC\HLY-SMB01\Shares$\HRPayroll"	"FullControl"	"Allow"	"POWERENG\FS-FileServices-ADM"	"ContainerInherit, ObjectInherit"	"None"
"\\?\UNC\HLY-SMB01\Shares$\HRPayroll"	"ReadAndExecute, Synchronize"	"Allow"	"POWERENG\FS-HLYFS1-Hrpayroll-Share-RO"	"ContainerInherit, ObjectInherit"	"None"
"\\?\UNC\HLY-SMB01\Shares$\HRPayroll"	"Modify, Synchronize"	"Allow"	"POWERENG\FS-HLYFS1-Hrpayroll-Share-RW"	"ContainerInherit, ObjectInherit"	"None"
"\\?\UNC\HLY-SMB01\Shares$\HRPayroll"	"FullControl"	"Allow"	"POWERENG\FS-HLYFS1-Hrpayroll-Share-FC"	"ContainerInherit, ObjectInherit"	"None"
"\\?\UNC\HLY-SMB01\Shares$\HRPayroll\State Tax Notices_Adjustments\x- TAX INFO\2021 Rate Notices\ADP Rate Notices\TRO Tax Filing Profile Change 1.11.21.rpt"	"FullControl"	"Allow"	"POWERENG\pcobb"	"None"	"None"
"\\?\UNC\HLY-SMB01\Shares$\HRPayroll\State Tax Notices_Adjustments\x- TAX INFO\2021 Rate Notices\ADP Rate Notices\TRO Tax Filing Profile Change 1.13.21.rpt"	"FullControl"	"Allow"	"POWERENG\pcobb"	"None"	"None"
"\\?\UNC\HLY-SMB01\Shares$\HRPayroll\State Tax Notices_Adjustments\x- TAX INFO\2021 Rate Notices\ADP Rate Notices\TRO Tax Filing Profile Change 1.21.21.rpt"	"FullControl"	"Allow"	"POWERENG\pcobb"	"None"	"None"
"\\?\UNC\HLY-SMB01\Shares$\HRPayroll\State Tax Notices_Adjustments\x- TAX INFO\2021 Rate Notices\ADP Rate Notices\TRO Tax Filing Profile Change.rpt"	"FullControl"	"Allow"	"POWERENG\pcobb"	"None"	"None"
"\\?\UNC\HLY-SMB01\Shares$\HRPayroll\2023 ALL FOLDERS\2023 Dayforce Reports\1. USPE\Quarterly Reports\2nd Qtr\2nd Qtr Report.zip"	"FullControl"	"Allow"	"POWERENG\mstanley"	"None"	"None"
"\\?\UNC\HLY-SMB01\Shares$\HRPayroll\2023 ALL FOLDERS\2023 Dayforce Reports\2. PETE\Quarterly Reports\2nd Qtr\2nd Qtr Reports.zip"	"FullControl"	"Allow"	"POWERENG\mstanley"	"None"	"None"
"\\?\UNC\HLY-SMB01\Shares$\HRPayroll\2023 ALL FOLDERS\2023 Dayforce Reports\3. PECI\Quarterly Reports\2nd Qtr\2nd Qtr Reports.zip"	"FullControl"	"Allow"	"POWERENG\mstanley"	"None"	"None"
"\\?\UNC\HLY-SMB01\Shares$\HRPayroll\2023 ALL FOLDERS\2023 Dayforce Reports\4. PEAE\Allpay_Quickview_Backup Reports\3.10.23\PREVIEW1.zip"	"FullControl"	"Allow"	"POWERENG\mstanley"	"None"	"None"
"\\?\UNC\HLY-SMB01\Shares$\HRPayroll\2023 ALL FOLDERS\2023 Dayforce Reports\4. PEAE\Allpay_Quickview_Backup Reports\4.21.23\PREVIEW1.zip"	"FullControl"	"Allow"	"POWERENG\mstanley"	"None"	"None"
"\\?\UNC\HLY-SMB01\Shares$\HRPayroll\2023 ALL FOLDERS\2023 Dayforce Reports\4. PEAE\Allpay_Quickview_Backup Reports\5.19.23\PREVIEW.zip"	"FullControl"	"Allow"	"POWERENG\mstanley"	"None"	"None"
"\\?\UNC\HLY-SMB01\Shares$\HRPayroll\2023 ALL FOLDERS\2023 Dayforce Reports\4. PEAE\Allpay_Quickview_Backup Reports\6.16.23\PRV1.zip"	"FullControl"	"Allow"	"POWERENG\mstanley"	"None"	"None"
"\\?\UNC\HLY-SMB01\Shares$\HRPayroll\2023 ALL FOLDERS\2023 Dayforce Reports\4. PEAE\Allpay_Quickview_Backup Reports\6.30.23\PRV1.zip"	"FullControl"	"Allow"	"POWERENG\mstanley"	"None"	"None"
"\\?\UNC\HLY-SMB01\Shares$\HRPayroll\2023 ALL FOLDERS\2023 Dayforce Reports\4. PEAE\iReports\3.10.23.zip"	"FullControl"	"Allow"	"POWERENG\mstanley"	"None"	"None"
"\\?\UNC\HLY-SMB01\Shares$\HRPayroll\2023 ALL FOLDERS\2023 Dayforce Reports\4. PEAE\iReports\3.24.23.zip"	"FullControl"	"Allow"	"POWERENG\mstanley"	"None"	"None"
"\\?\UNC\HLY-SMB01\Shares$\HRPayroll\2023 ALL FOLDERS\2023 Dayforce Reports\4. PEAE\iReports\4.21.23.zip"	"FullControl"	"Allow"	"POWERENG\mstanley"	"None"	"None"
"\\?\UNC\HLY-SMB01\Shares$\HRPayroll\2023 ALL FOLDERS\2023 Dayforce Reports\4. PEAE\iReports\5.19.23.zip"	"FullControl"	"Allow"	"POWERENG\mstanley"	"None"	"None"
"\\?\UNC\HLY-SMB01\Shares$\HRPayroll\2023 ALL FOLDERS\2023 Dayforce Reports\4. PEAE\iReports\5.5.23.zip"	"FullControl"	"Allow"	"POWERENG\mstanley"	"None"	"None"
"\\?\UNC\HLY-SMB01\Shares$\HRPayroll\2023 ALL FOLDERS\2023 Dayforce Reports\4. PEAE\iReports\6.16.23.zip"	"FullControl"	"Allow"	"POWERENG\mstanley"	"None"	"None"
"\\?\UNC\HLY-SMB01\Shares$\HRPayroll\2023 ALL FOLDERS\2023 Dayforce Reports\4. PEAE\iReports\6.2.23.zip"	"FullControl"	"Allow"	"POWERENG\mstanley"	"None"	"None"
"\\?\UNC\HLY-SMB01\Shares$\HRPayroll\2023 ALL FOLDERS\2023 Dayforce Reports\4. PEAE\Quarterly Reports\2nd Qtr\2nd Qtr Reports.zip"	"FullControl"	"Allow"	"POWERENG\mstanley"	"None"	"None"
"\\?\UNC\HLY-SMB01\Shares$\HRPayroll\Unemployment Account Charges\Fraud\2021\Eddings, Brian.pdf"	"FullControl"	"Allow"	"POWERENG\nreynolds"	"None"	"None"
"\\?\UNC\HLY-SMB01\Shares$\HRPayroll\Unemployment Account Charges\Fraud\2021\Howell, David.pdf"	"FullControl"	"Allow"	"POWERENG\nreynolds"	"None"	"None"
"\\?\UNC\HLY-SMB01\Shares$\HRPayroll\Unemployment Account Charges\Fraud\2021\Kelly, Lisa.pdf"	"FullControl"	"Allow"	"POWERENG\nreynolds"	"None"	"None"
"\\?\UNC\HLY-SMB01\Shares$\HRPayroll\Unemployment Account Charges\Fraud\2021\Mitchell, Eric.pdf"	"FullControl"	"Allow"	"POWERENG\nreynolds"	"None"	"None"
"\\?\UNC\HLY-SMB01\Shares$\HRPayroll\Unemployment Account Charges\Fraud\2021\Peak, Larry.pdf"	"FullControl"	"Allow"	"POWERENG\nreynolds"	"None"	"None"
"\\?\UNC\HLY-SMB01\Shares$\HRPayroll\Unemployment Account Charges\Fraud\2021\Rogers, Chris.pdf"	"FullControl"	"Allow"	"POWERENG\nreynolds"	"None"	"None"
"\\?\UNC\HLY-SMB01\Shares$\HRPayroll\Unemployment Account Charges\Fraud\2021\Romines, William.pdf"	"FullControl"	"Allow"	"POWERENG\nreynolds"	"None"	"None"
"\\?\UNC\HLY-SMB01\Shares$\HRPayroll\Karen\State supplemental income tax withholding rates for 2020_files"	"ReadAndExecute, Synchronize"	"Allow"	"S-1-15-3-4096"	"ContainerInherit, ObjectInherit"	"None"
"\\?\UNC\HLY-SMB01\Shares$\HRPayroll\Karen\State supplemental income tax withholding rates for 2020.htm"	"ReadAndExecute, Synchronize"	"Allow"	"S-1-15-3-4096"	"None"	"None"
"\\?\UNC\HLY-SMB01\Shares$\HRPayroll\Payroll_Special_Projects"	"FullControl"	"Allow"	"POWERENG\FS-FileServices-ADM"	"ContainerInherit, ObjectInherit"	"None"
"\\?\UNC\HLY-SMB01\Shares$\HRPayroll\Payroll_Special_Projects"	"FullControl"	"Allow"	"POWERENG\FS-HLYFS1-Hrpayroll-Share-PayrollProjects-Folder-01-FC"	"ContainerInherit, ObjectInherit"	"None"
"\\?\UNC\HLY-SMB01\Shares$\HRPayroll\Payroll_Special_Projects"	"ReadAndExecute, Synchronize"	"Allow"	"POWERENG\FS-HLYFS1-Hrpayroll-Share-PayrollProjects-Folder-01-RO"	"ContainerInherit, ObjectInherit"	"None"
"\\?\UNC\HLY-SMB01\Shares$\HRPayroll\Payroll_Special_Projects"	"Modify, Synchronize"	"Allow"	"POWERENG\FS-HLYFS1-Hrpayroll-Share-PayrollProjects-Folder-01-RW"	"ContainerInherit, ObjectInherit"	"None"
"\\?\UNC\HLY-SMB01\Shares$\HRPayroll\Payroll_Special_Projects\2018\Year End Bonus\PAC\Prv 1\LOS2_-_0170__WNSC__YBU__50__1__8535__PRV_Labor_Distribution_Report.pdf"	"FullControl"	"Allow"	"POWERENG\amonjaras"	"None"	"None"
"\\?\UNC\HLY-SMB01\Shares$\HRPayroll\Payroll_Special_Projects\2018\Year End Bonus\PAC\Prv 1\LOS2_-_0170__WNSC__YBU__50__1__8535__PRV_New_Hire_Compliance_Report.pdf"	"FullControl"	"Allow"	"POWERENG\amonjaras"	"None"	"None"
"\\?\UNC\HLY-SMB01\Shares$\HRPayroll\Payroll_Special_Projects\2018\Year End Bonus\PAC\Prv 1\LOS2_-_0170__WNSC__YBU__50__1__8535__PRV_Payroll_Audit_Report.pdf"	"FullControl"	"Allow"	"POWERENG\amonjaras"	"None"	"None"
"\\?\UNC\HLY-SMB01\Shares$\HRPayroll\Payroll_Special_Projects\2018\Year End Bonus\PAC\Prv 1\LOS2_-_0170__WNSC__YBU__50__1__8535__PRV_Payroll_Register.pdf"	"FullControl"	"Allow"	"POWERENG\amonjaras"	"None"	"None"
"\\?\UNC\HLY-SMB01\Shares$\HRPayroll\Payroll_Special_Projects\2018\Year End Bonus\PAC\Prv 1\LOS2_-_0170__WNSC__YBU__50__1__8535__PRV_Stat_Summary.pdf"	"FullControl"	"Allow"	"POWERENG\amonjaras"	"None"	"None"
"\\?\UNC\HLY-SMB01\Shares$\HRPayroll\_'PRIOR YRS\2017 ALL FOLDERS\2017 IReports\PAC\IReports\1027_ALL.zip"	"FullControl"	"Allow"	"POWERENG\cwaters"	"None"	"None"
"\\?\UNC\HLY-SMB01\Shares$\HRPayroll\_'PRIOR YRS\2017 ALL FOLDERS\2017 IReports\PAC\previews\10.27\PRV_Payroll_Register.pdf"	"FullControl"	"Allow"	"POWERENG\cwaters"	"None"	"None"
"\\?\UNC\HLY-SMB01\Shares$\HRPayroll\_'PRIOR YRS\2017 ALL FOLDERS\2017 IReports\PCI\Qtrly Rpts\4th qtr amendment Teddy Rash.zip"	"FullControl"	"Allow"	"POWERENG\amonjaras"	"None"	"None"
"\\?\UNC\HLY-SMB01\Shares$\HRPayroll\_'PRIOR YRS\2018 ALL FOLDERS\2018 Forms 941 etc\4th Qtr 2018\PAC\PAC 4TH QTR 2018 Employee Wage Detail State.pdf"	"FullControl"	"Allow"	"POWERENG\amonjaras"	"None"	"None"
"\\?\UNC\HLY-SMB01\Shares$\HRPayroll\_'PRIOR YRS\2018 ALL FOLDERS\2018 Forms 941 etc\4th Qtr 2018\PCI\PCI 4TH QTR 2018 Employee Wage Detail Local.pdf"	"FullControl"	"Allow"	"POWERENG\amonjaras"	"None"	"None"
"\\?\UNC\HLY-SMB01\Shares$\HRPayroll\_'PRIOR YRS\2018 ALL FOLDERS\2018 Forms 941 etc\4th Qtr 2018\PCI\PCI 4TH QTR 2018 Employee Wage Detail State.pdf"	"FullControl"	"Allow"	"POWERENG\amonjaras"	"None"	"None"
"\\?\UNC\HLY-SMB01\Shares$\HRPayroll\_'PRIOR YRS\2018 ALL FOLDERS\2018 Forms 941 etc\4th Qtr 2018\PCI\PCI Employee 4TH Quarter 2018 Error Report.pdf"	"FullControl"	"Allow"	"POWERENG\amonjaras"	"None"	"None"
"\\?\UNC\HLY-SMB01\Shares$\HRPayroll\_'PRIOR YRS\2018 ALL FOLDERS\2018 Forms 941 etc\4th Qtr 2018\PEI\PEI 4TH QTR 2018 Employee Wage Detail Local.pdf"	"FullControl"	"Allow"	"POWERENG\amonjaras"	"None"	"None"
"\\?\UNC\HLY-SMB01\Shares$\HRPayroll\_'PRIOR YRS\2018 ALL FOLDERS\2018 Forms 941 etc\4th Qtr 2018\PEI\PEI 4TH QTR 2018 Employee Wage Detail State.pdf"	"FullControl"	"Allow"	"POWERENG\amonjaras"	"None"	"None"
"\\?\UNC\HLY-SMB01\Shares$\HRPayroll\_'PRIOR YRS\2018 ALL FOLDERS\2018 Forms 941 etc\4th Qtr 2018\PEI\PEI Employee 4TH Quarter 2018 Error Report.pdf"	"FullControl"	"Allow"	"POWERENG\amonjaras"	"None"	"None"
"\\?\UNC\HLY-SMB01\Shares$\HRPayroll\_'PRIOR YRS\2018 ALL FOLDERS\2018 Forms 941 etc\4th Qtr 2018\PTE\PTE 4TH QTR 2018 Employee Wage Detail Local.pdf"	"FullControl"	"Allow"	"POWERENG\amonjaras"	"None"	"None"
"\\?\UNC\HLY-SMB01\Shares$\HRPayroll\_'PRIOR YRS\2018 ALL FOLDERS\2018 Forms 941 etc\4th Qtr 2018\PTE\PTE 4TH QTR 2018 Employee Wage Detail State.pdf"	"FullControl"	"Allow"	"POWERENG\amonjaras"	"None"	"None"
"\\?\UNC\HLY-SMB01\Shares$\HRPayroll\_'PRIOR YRS\2018 ALL FOLDERS\2018 Forms 941 etc\940\PAC 940 2018.pdf"	"FullControl"	"Allow"	"POWERENG\amonjaras"	"None"	"None"
"\\?\UNC\HLY-SMB01\Shares$\HRPayroll\_'PRIOR YRS\2018 ALL FOLDERS\2018 Forms 941 etc\940\PCI 940 2018.pdf"	"FullControl"	"Allow"	"POWERENG\amonjaras"	"None"	"None"
"\\?\UNC\HLY-SMB01\Shares$\HRPayroll\_'PRIOR YRS\2018 ALL FOLDERS\2018 Forms 941 etc\940\PEI 940 2018.pdf"	"FullControl"	"Allow"	"POWERENG\amonjaras"	"None"	"None"
"\\?\UNC\HLY-SMB01\Shares$\HRPayroll\_'PRIOR YRS\2018 ALL FOLDERS\2018 Forms 941 etc\940\PTE 940 2018.pdf"	"FullControl"	"Allow"	"POWERENG\amonjaras"	"None"	"None"
"\\?\UNC\HLY-SMB01\Shares$\HRPayroll\_'PRIOR YRS\2018 ALL FOLDERS\2018 Forms 941 etc\941\PAC 941 4TH QTR 2018.pdf"	"FullControl"	"Allow"	"POWERENG\amonjaras"	"None"	"None"
"\\?\UNC\HLY-SMB01\Shares$\HRPayroll\_'PRIOR YRS\2018 ALL FOLDERS\2018 Forms 941 etc\941\PCI 941 4TH QTR 2018.pdf"	"FullControl"	"Allow"	"POWERENG\amonjaras"	"None"	"None"
"\\?\UNC\HLY-SMB01\Shares$\HRPayroll\_'PRIOR YRS\2018 ALL FOLDERS\2018 Forms 941 etc\941\PEI 941 4TH QTR 2018.pdf"	"FullControl"	"Allow"	"POWERENG\amonjaras"	"None"	"None"
"\\?\UNC\HLY-SMB01\Shares$\HRPayroll\_'PRIOR YRS\2018 ALL FOLDERS\2018 Forms 941 etc\941\PTE 941 4TH QTR 2018.pdf"	"FullControl"	"Allow"	"POWERENG\amonjaras"	"None"	"None"
"\\?\UNC\HLY-SMB01\Shares$\HRPayroll\_'PRIOR YRS\2018 ALL FOLDERS\2018 Forms 941 etc\SOD 2018\PAC SOD 4TH Quarter 2018.pdf"	"FullControl"	"Allow"	"POWERENG\amonjaras"	"None"	"None"
"\\?\UNC\HLY-SMB01\Shares$\HRPayroll\_'PRIOR YRS\2018 ALL FOLDERS\2018 Forms 941 etc\SOD 2018\PCI SOD 4TH Quarter 2018.pdf"	"FullControl"	"Allow"	"POWERENG\amonjaras"	"None"	"None"
"\\?\UNC\HLY-SMB01\Shares$\HRPayroll\_'PRIOR YRS\2018 ALL FOLDERS\2018 Forms 941 etc\SOD 2018\PEI SOD 4TH Quarter 2018.pdf"	"FullControl"	"Allow"	"POWERENG\amonjaras"	"None"	"None"
"\\?\UNC\HLY-SMB01\Shares$\HRPayroll\_'PRIOR YRS\2018 ALL FOLDERS\2018 Forms 941 etc\SOD 2018\PTE SOD 4TH Quarter 2018.pdf"	"FullControl"	"Allow"	"POWERENG\amonjaras"	"None"	"None"
"\\?\UNC\HLY-SMB01\Shares$\HRPayroll\_'PRIOR YRS\2018 ALL FOLDERS\2018 IReports\PAC\Quarterly Reports\4th Qtr 2018\4th Qtr 2018 12.29.2018.zip"	"FullControl"	"Allow"	"POWERENG\amonjaras"	"None"	"None"
"\\?\UNC\HLY-SMB01\Shares$\HRPayroll\_'PRIOR YRS\2018 ALL FOLDERS\2018 IReports\PAC\Quarterly Reports\4th Qtr 2018\4TH QTR 2018 PREVIEWS.zip"	"FullControl"	"Allow"	"POWERENG\amonjaras"	"None"	"None"
"\\?\UNC\HLY-SMB01\Shares$\HRPayroll\_'PRIOR YRS\2018 ALL FOLDERS\2018 IReports\PAC\Quarterly Reports\4th Qtr 2018 with W2.zip"	"FullControl"	"Allow"	"POWERENG\amonjaras"	"None"	"None"
"\\?\UNC\HLY-SMB01\Shares$\HRPayroll\_'PRIOR YRS\2018 ALL FOLDERS\2018 IReports\PEI\2019 ADJ\Koller_w 2c.pdf"	"FullControl"	"Allow"	"POWERENG\nreynolds"	"None"	"None"
"\\?\UNC\HLY-SMB01\Shares$\HRPayroll\_'PRIOR YRS\2018 ALL FOLDERS\2018 IReports\PEI\2019 ADJ\Nunez_w 2c.pdf"	"FullControl"	"Allow"	"POWERENG\nreynolds"	"None"	"None"
"\\?\UNC\HLY-SMB01\Shares$\HRPayroll\_'PRIOR YRS\2018 ALL FOLDERS\2018 IReports\PEI\Quarterly Reports\4th Qtr 2018 2.zip"	"FullControl"	"Allow"	"POWERENG\amonjaras"	"None"	"None"
"\\?\UNC\HLY-SMB01\Shares$\HRPayroll\_'PRIOR YRS\2018 ALL FOLDERS\2018 IReports\PEI\Quarterly Reports\4th Qtr 2018 W2.zip"	"FullControl"	"Allow"	"POWERENG\amonjaras"	"None"	"None"
"\\?\UNC\HLY-SMB01\Shares$\HRPayroll\_'PRIOR YRS\2018 ALL FOLDERS\2018 IReports\PEI\Quarterly Reports\4th Qtr Previews 12.29.2018.zip"	"FullControl"	"Allow"	"POWERENG\amonjaras"	"None"	"None"
"\\?\UNC\HLY-SMB01\Shares$\HRPayroll\_'PRIOR YRS\2019 ALL FOLDERS\2019 ADP Connections\2.1.2019\prod_ADPCHRProcessMonitorDetail.pdf"	"FullControl"	"Allow"	"POWERENG\amonjaras"	"None"	"None"
"\\?\UNC\HLY-SMB01\Shares$\HRPayroll\_'PRIOR YRS\2019 ALL FOLDERS\2019 ADP Connections\3.1.2019\prod_ADPCHRProcessMonitorDetail.pdf"	"FullControl"	"Allow"	"POWERENG\amonjaras"	"None"	"None"
"\\?\UNC\HLY-SMB01\Shares$\HRPayroll\_'PRIOR YRS\2019 ALL FOLDERS\2019 ADP Connections\3.22.2019\prod_ADPCHRProcessMonitorDetail.pdf"	"FullControl"	"Allow"	"POWERENG\amonjaras"	"None"	"None"
"\\?\UNC\HLY-SMB01\Shares$\HRPayroll\_'PRIOR YRS\2019 ALL FOLDERS\2019 Forms 941 etc\2nd Qtr 2019\941 2nd Qtr\941 PAC 2ND QTR 2019.pdf"	"FullControl"	"Allow"	"POWERENG\amonjaras"	"None"	"None"
"\\?\UNC\HLY-SMB01\Shares$\HRPayroll\_'PRIOR YRS\2019 ALL FOLDERS\2019 Forms 941 etc\2nd Qtr 2019\941 2nd Qtr\941 PCI 2ND QTR 2019.pdf"	"FullControl"	"Allow"	"POWERENG\amonjaras"	"None"	"None"
"\\?\UNC\HLY-SMB01\Shares$\HRPayroll\_'PRIOR YRS\2019 ALL FOLDERS\2019 Forms 941 etc\2nd Qtr 2019\941 2nd Qtr\941 PEI 2ND QTR 2019.pdf"	"FullControl"	"Allow"	"POWERENG\amonjaras"	"None"	"None"
"\\?\UNC\HLY-SMB01\Shares$\HRPayroll\_'PRIOR YRS\2019 ALL FOLDERS\2019 Forms 941 etc\2nd Qtr 2019\941 2nd Qtr\941 PTE 2ND QTR 2019.pdf"	"FullControl"	"Allow"	"POWERENG\amonjaras"	"None"	"None"
"\\?\UNC\HLY-SMB01\Shares$\HRPayroll\_'PRIOR YRS\2019 ALL FOLDERS\2019 Forms 941 etc\2nd Qtr 2019\EE Quarter Error\PEI 2ND QTR 2019 Employee Quarter Error Report.pdf"	"FullControl"	"Allow"	"POWERENG\amonjaras"	"None"	"None"
"\\?\UNC\HLY-SMB01\Shares$\HRPayroll\_'PRIOR YRS\2019 ALL FOLDERS\2019 Forms 941 etc\2nd Qtr 2019\EE Quarter Error\PTE 2ND QTR 2019 Employee Quarter Error Report.pdf"	"FullControl"	"Allow"	"POWERENG\amonjaras"	"None"	"None"
"\\?\UNC\HLY-SMB01\Shares$\HRPayroll\_'PRIOR YRS\2019 ALL FOLDERS\2019 Forms 941 etc\2nd Qtr 2019\EE WAGE DETAIL LOCAL\PAC 2ND QTR 2019 Employee Wage Detail Local.pdf"	"FullControl"	"Allow"	"POWERENG\amonjaras"	"None"	"None"
"\\?\UNC\HLY-SMB01\Shares$\HRPayroll\_'PRIOR YRS\2019 ALL FOLDERS\2019 Forms 941 etc\2nd Qtr 2019\EE WAGE DETAIL LOCAL\PCI 2ND QTR 2019 Employee Wage Detail Local.pdf"	"FullControl"	"Allow"	"POWERENG\amonjaras"	"None"	"None"
"\\?\UNC\HLY-SMB01\Shares$\HRPayroll\_'PRIOR YRS\2019 ALL FOLDERS\2019 Forms 941 etc\2nd Qtr 2019\EE WAGE DETAIL LOCAL\PEI 2ND QTR 2019 Employee Wage Detail Local.pdf"	"FullControl"	"Allow"	"POWERENG\amonjaras"	"None"	"None"
"\\?\UNC\HLY-SMB01\Shares$\HRPayroll\_'PRIOR YRS\2019 ALL FOLDERS\2019 Forms 941 etc\2nd Qtr 2019\EE WAGE DETAIL LOCAL\PTE 2ND QTR 2019 Employee Wage Detail Local.pdf"	"FullControl"	"Allow"	"POWERENG\amonjaras"	"None"	"None"
"\\?\UNC\HLY-SMB01\Shares$\HRPayroll\_'PRIOR YRS\2019 ALL FOLDERS\2019 Forms 941 etc\2nd Qtr 2019\EE WAGE DETAIL STATE\PAC 2ND QTR 2019 Employee Wage Detail State.pdf"	"FullControl"	"Allow"	"POWERENG\amonjaras"	"None"	"None"
"\\?\UNC\HLY-SMB01\Shares$\HRPayroll\_'PRIOR YRS\2019 ALL FOLDERS\2019 Forms 941 etc\2nd Qtr 2019\EE WAGE DETAIL STATE\PCI 2ND QTR 2019 Employee Wage Detail State.pdf"	"FullControl"	"Allow"	"POWERENG\amonjaras"	"None"	"None"
"\\?\UNC\HLY-SMB01\Shares$\HRPayroll\_'PRIOR YRS\2019 ALL FOLDERS\2019 Forms 941 etc\2nd Qtr 2019\EE WAGE DETAIL STATE\PEI 2ND QTR 2019 Employee Wage Detail State.pdf"	"FullControl"	"Allow"	"POWERENG\amonjaras"	"None"	"None"
"\\?\UNC\HLY-SMB01\Shares$\HRPayroll\_'PRIOR YRS\2019 ALL FOLDERS\2019 Forms 941 etc\2nd Qtr 2019\EE WAGE DETAIL STATE\PTE 2ND QTR 2019 Employee Wage Detail State.pdf"	"FullControl"	"Allow"	"POWERENG\amonjaras"	"None"	"None"
"\\?\UNC\HLY-SMB01\Shares$\HRPayroll\_'PRIOR YRS\2019 ALL FOLDERS\2019 Forms 941 etc\2nd Qtr 2019\SOD 2nd Qtr\PAC 2ND QTR 2019 SOD Quarterly.pdf"	"FullControl"	"Allow"	"POWERENG\amonjaras"	"None"	"None"
"\\?\UNC\HLY-SMB01\Shares$\HRPayroll\_'PRIOR YRS\2019 ALL FOLDERS\2019 Forms 941 etc\2nd Qtr 2019\SOD 2nd Qtr\PCI 2ND QTR 2019 SOD Quarterly.pdf"	"FullControl"	"Allow"	"POWERENG\amonjaras"	"None"	"None"
"\\?\UNC\HLY-SMB01\Shares$\HRPayroll\_'PRIOR YRS\2019 ALL FOLDERS\2019 Forms 941 etc\2nd Qtr 2019\SOD 2nd Qtr\PEI 2ND QTR 2019 SOD Quarterly.pdf"	"FullControl"	"Allow"	"POWERENG\amonjaras"	"None"	"None"
"\\?\UNC\HLY-SMB01\Shares$\HRPayroll\_'PRIOR YRS\2019 ALL FOLDERS\2019 Forms 941 etc\2nd Qtr 2019\SOD 2nd Qtr\PTE 2ND QTR 2019 SOD Quarterly.pdf"	"FullControl"	"Allow"	"POWERENG\amonjaras"	"None"	"None"
"\\?\UNC\HLY-SMB01\Shares$\HRPayroll\_'PRIOR YRS\2019 ALL FOLDERS\2019 IReports\GL DOWNLOADS\PAC\01042019GL.txt"	"FullControl"	"Allow"	"POWERENG\amonjaras"	"None"	"None"
"\\?\UNC\HLY-SMB01\Shares$\HRPayroll\_'PRIOR YRS\2019 ALL FOLDERS\2019 IReports\GL DOWNLOADS\PAC\01182019GL.txt"	"FullControl"	"Allow"	"POWERENG\amonjaras"	"None"	"None"
"\\?\UNC\HLY-SMB01\Shares$\HRPayroll\_'PRIOR YRS\2019 ALL FOLDERS\2019 IReports\GL DOWNLOADS\PAC\02012019GL.txt"	"FullControl"	"Allow"	"POWERENG\amonjaras"	"None"	"None"
"\\?\UNC\HLY-SMB01\Shares$\HRPayroll\_'PRIOR YRS\2019 ALL FOLDERS\2019 IReports\GL DOWNLOADS\PAC\02152019GL.txt"	"FullControl"	"Allow"	"POWERENG\amonjaras"	"None"	"None"
"\\?\UNC\HLY-SMB01\Shares$\HRPayroll\_'PRIOR YRS\2019 ALL FOLDERS\2019 IReports\GL DOWNLOADS\PAC\03012019GL.txt"	"FullControl"	"Allow"	"POWERENG\amonjaras"	"None"	"None"
"\\?\UNC\HLY-SMB01\Shares$\HRPayroll\_'PRIOR YRS\2019 ALL FOLDERS\2019 IReports\GL DOWNLOADS\PAC\03152019GL.txt"	"FullControl"	"Allow"	"POWERENG\amonjaras"	"None"	"None"
"\\?\UNC\HLY-SMB01\Shares$\HRPayroll\_'PRIOR YRS\2019 ALL FOLDERS\2019 IReports\GL DOWNLOADS\PAC\03292019GL.txt"	"FullControl"	"Allow"	"POWERENG\amonjaras"	"None"	"None"
"\\?\UNC\HLY-SMB01\Shares$\HRPayroll\_'PRIOR YRS\2019 ALL FOLDERS\2019 IReports\GL DOWNLOADS\PAC\04122019GL.txt"	"FullControl"	"Allow"	"POWERENG\amonjaras"	"None"	"None"
"\\?\UNC\HLY-SMB01\Shares$\HRPayroll\_'PRIOR YRS\2019 ALL FOLDERS\2019 IReports\GL DOWNLOADS\PAC\04262019GL.txt"	"FullControl"	"Allow"	"POWERENG\amonjaras"	"None"	"None"
"\\?\UNC\HLY-SMB01\Shares$\HRPayroll\_'PRIOR YRS\2019 ALL FOLDERS\2019 IReports\GL DOWNLOADS\PAC\05102019GL.txt"	"FullControl"	"Allow"	"POWERENG\amonjaras"	"None"	"None"
"\\?\UNC\HLY-SMB01\Shares$\HRPayroll\_'PRIOR YRS\2019 ALL FOLDERS\2019 IReports\GL DOWNLOADS\PAC\05242019GL.txt"	"FullControl"	"Allow"	"POWERENG\amonjaras"	"None"	"None"
"\\?\UNC\HLY-SMB01\Shares$\HRPayroll\_'PRIOR YRS\2019 ALL FOLDERS\2019 IReports\GL DOWNLOADS\PAC\06072019GL.txt"	"FullControl"	"Allow"	"POWERENG\amonjaras"	"None"	"None"
"\\?\UNC\HLY-SMB01\Shares$\HRPayroll\_'PRIOR YRS\2019 ALL FOLDERS\2019 IReports\GL DOWNLOADS\PAC\06212019GL.txt"	"FullControl"	"Allow"	"POWERENG\amonjaras"	"None"	"None"
"\\?\UNC\HLY-SMB01\Shares$\HRPayroll\_'PRIOR YRS\2019 ALL FOLDERS\2019 IReports\GL DOWNLOADS\PAC\07052019GL.txt"	"FullControl"	"Allow"	"POWERENG\amonjaras"	"None"	"None"
"\\?\UNC\HLY-SMB01\Shares$\HRPayroll\_'PRIOR YRS\2019 ALL FOLDERS\2019 IReports\GL DOWNLOADS\PAC\122019GL.txt"	"FullControl"	"Allow"	"POWERENG\pcobb"	"None"	"None"
"\\?\UNC\HLY-SMB01\Shares$\HRPayroll\_'PRIOR YRS\2019 ALL FOLDERS\2019 IReports\GL DOWNLOADS\PCI\122019 GL.txt"	"FullControl"	"Allow"	"POWERENG\pcobb"	"None"	"None"
"\\?\UNC\HLY-SMB01\Shares$\HRPayroll\_'PRIOR YRS\2019 ALL FOLDERS\2019 IReports\GL DOWNLOADS\PCI\PCI 0719GL.txt"	"FullControl"	"Allow"	"POWERENG\amonjaras"	"None"	"None"
"\\?\UNC\HLY-SMB01\Shares$\HRPayroll\_'PRIOR YRS\2019 ALL FOLDERS\2019 IReports\GL DOWNLOADS\PCI\PCI 0802GL.txt"	"FullControl"	"Allow"	"POWERENG\amonjaras"	"None"	"None"
"\\?\UNC\HLY-SMB01\Shares$\HRPayroll\_'PRIOR YRS\2019 ALL FOLDERS\2019 IReports\GL DOWNLOADS\PCI\PCI 0816GL.txt"	"FullControl"	"Allow"	"POWERENG\amonjaras"	"None"	"None"
"\\?\UNC\HLY-SMB01\Shares$\HRPayroll\_'PRIOR YRS\2019 ALL FOLDERS\2019 IReports\GL DOWNLOADS\PCI\PCI 0830GL.txt"	"FullControl"	"Allow"	"POWERENG\amonjaras"	"None"	"None"
"\\?\UNC\HLY-SMB01\Shares$\HRPayroll\_'PRIOR YRS\2019 ALL FOLDERS\2019 IReports\GL DOWNLOADS\PCI\PCI 0913GL.txt"	"FullControl"	"Allow"	"POWERENG\amonjaras"	"None"	"None"
"\\?\UNC\HLY-SMB01\Shares$\HRPayroll\_'PRIOR YRS\2019 ALL FOLDERS\2019 IReports\GL DOWNLOADS\PEI\01182019GL.txt"	"FullControl"	"Allow"	"POWERENG\amonjaras"	"None"	"None"
"\\?\UNC\HLY-SMB01\Shares$\HRPayroll\_'PRIOR YRS\2019 ALL FOLDERS\2019 IReports\GL DOWNLOADS\PEI\02012019GL.txt"	"FullControl"	"Allow"	"POWERENG\amonjaras"	"None"	"None"
"\\?\UNC\HLY-SMB01\Shares$\HRPayroll\_'PRIOR YRS\2019 ALL FOLDERS\2019 IReports\GL DOWNLOADS\PEI\02152019GL.txt"	"FullControl"	"Allow"	"POWERENG\amonjaras"	"None"	"None"
"\\?\UNC\HLY-SMB01\Shares$\HRPayroll\_'PRIOR YRS\2019 ALL FOLDERS\2019 IReports\GL DOWNLOADS\PEI\03012019GL.txt"	"FullControl"	"Allow"	"POWERENG\amonjaras"	"None"	"None"
"\\?\UNC\HLY-SMB01\Shares$\HRPayroll\_'PRIOR YRS\2019 ALL FOLDERS\2019 IReports\GL DOWNLOADS\PEI\03152019GL.txt"	"FullControl"	"Allow"	"POWERENG\amonjaras"	"None"	"None"
"\\?\UNC\HLY-SMB01\Shares$\HRPayroll\_'PRIOR YRS\2019 ALL FOLDERS\2019 IReports\GL DOWNLOADS\PEI\03292019GL.txt"	"FullControl"	"Allow"	"POWERENG\amonjaras"	"None"	"None"
"\\?\UNC\HLY-SMB01\Shares$\HRPayroll\_'PRIOR YRS\2019 ALL FOLDERS\2019 IReports\GL DOWNLOADS\PEI\04122019GL.txt"	"FullControl"	"Allow"	"POWERENG\amonjaras"	"None"	"None"
"\\?\UNC\HLY-SMB01\Shares$\HRPayroll\_'PRIOR YRS\2019 ALL FOLDERS\2019 IReports\GL DOWNLOADS\PEI\04262019GL.txt"	"FullControl"	"Allow"	"POWERENG\amonjaras"	"None"	"None"
"\\?\UNC\HLY-SMB01\Shares$\HRPayroll\_'PRIOR YRS\2019 ALL FOLDERS\2019 IReports\GL DOWNLOADS\PEI\05102019GL.txt"	"FullControl"	"Allow"	"POWERENG\amonjaras"	"None"	"None"
"\\?\UNC\HLY-SMB01\Shares$\HRPayroll\_'PRIOR YRS\2019 ALL FOLDERS\2019 IReports\GL DOWNLOADS\PEI\05242019GL.txt"	"FullControl"	"Allow"	"POWERENG\amonjaras"	"None"	"None"
"\\?\UNC\HLY-SMB01\Shares$\HRPayroll\_'PRIOR YRS\2019 ALL FOLDERS\2019 IReports\GL DOWNLOADS\PEI\06072019GL.txt"	"FullControl"	"Allow"	"POWERENG\amonjaras"	"None"	"None"
"\\?\UNC\HLY-SMB01\Shares$\HRPayroll\_'PRIOR YRS\2019 ALL FOLDERS\2019 IReports\GL DOWNLOADS\PEI\06212019GL.txt"	"FullControl"	"Allow"	"POWERENG\amonjaras"	"None"	"None"
"\\?\UNC\HLY-SMB01\Shares$\HRPayroll\_'PRIOR YRS\2019 ALL FOLDERS\2019 IReports\GL DOWNLOADS\PEI\07052019GL.txt"	"FullControl"	"Allow"	"POWERENG\amonjaras"	"None"	"None"
"\\?\UNC\HLY-SMB01\Shares$\HRPayroll\_'PRIOR YRS\2019 ALL FOLDERS\2019 IReports\GL DOWNLOADS\PEI\07192019GL.txt"	"FullControl"	"Allow"	"POWERENG\amonjaras"	"None"	"None"
"\\?\UNC\HLY-SMB01\Shares$\HRPayroll\_'PRIOR YRS\2019 ALL FOLDERS\2019 IReports\GL DOWNLOADS\PEI\08022019GL.txt"	"FullControl"	"Allow"	"POWERENG\amonjaras"	"None"	"None"
"\\?\UNC\HLY-SMB01\Shares$\HRPayroll\_'PRIOR YRS\2019 ALL FOLDERS\2019 IReports\GL DOWNLOADS\PEI\08162019GL.txt"	"FullControl"	"Allow"	"POWERENG\amonjaras"	"None"	"None"
"\\?\UNC\HLY-SMB01\Shares$\HRPayroll\_'PRIOR YRS\2019 ALL FOLDERS\2019 IReports\GL DOWNLOADS\PEI\08302019GL.txt"	"FullControl"	"Allow"	"POWERENG\amonjaras"	"None"	"None"
"\\?\UNC\HLY-SMB01\Shares$\HRPayroll\_'PRIOR YRS\2019 ALL FOLDERS\2019 IReports\GL DOWNLOADS\PEI\09132019GL.txt"	"FullControl"	"Allow"	"POWERENG\amonjaras"	"None"	"None"
"\\?\UNC\HLY-SMB01\Shares$\HRPayroll\_'PRIOR YRS\2019 ALL FOLDERS\2019 IReports\PAC\Allpay_Quickview_Backup Reports\1.18.2019\LOS2_-_0170__WNSC__YBU__03__1__3801__PRV_Benefit_Accr_Rep_-_Current.pdf"	"FullControl"	"Allow"	"POWERENG\amonjaras"	"None"	"None"
"\\?\UNC\HLY-SMB01\Shares$\HRPayroll\_'PRIOR YRS\2019 ALL FOLDERS\2019 IReports\PAC\Allpay_Quickview_Backup Reports\1.18.2019\LOS2_-_0170__WNSC__YBU__03__1__3801__PRV_Labor_Distribution_Report.pdf"	"FullControl"	"Allow"	"POWERENG\amonjaras"	"None"	"None"
"\\?\UNC\HLY-SMB01\Shares$\HRPayroll\_'PRIOR YRS\2019 ALL FOLDERS\2019 IReports\PAC\Allpay_Quickview_Backup Reports\1.18.2019\LOS2_-_0170__WNSC__YBU__03__1__3801__PRV_New_Hire_Compliance_Report.pdf"	"FullControl"	"Allow"	"POWERENG\amonjaras"	"None"	"None"
"\\?\UNC\HLY-SMB01\Shares$\HRPayroll\_'PRIOR YRS\2019 ALL FOLDERS\2019 IReports\PAC\Allpay_Quickview_Backup Reports\1.18.2019\LOS2_-_0170__WNSC__YBU__03__1__3801__PRV_Payroll_Audit_Report.pdf"	"FullControl"	"Allow"	"POWERENG\amonjaras"	"None"	"None"
"\\?\UNC\HLY-SMB01\Shares$\HRPayroll\_'PRIOR YRS\2019 ALL FOLDERS\2019 IReports\PAC\Allpay_Quickview_Backup Reports\1.18.2019\LOS2_-_0170__WNSC__YBU__03__1__3801__PRV_Payroll_Register.pdf"	"FullControl"	"Allow"	"POWERENG\amonjaras"	"None"	"None"
"\\?\UNC\HLY-SMB01\Shares$\HRPayroll\_'PRIOR YRS\2019 ALL FOLDERS\2019 IReports\PAC\Allpay_Quickview_Backup Reports\1.18.2019\LOS2_-_0170__WNSC__YBU__03__1__3801__PRV_Personnel_Change_Report.pdf"	"FullControl"	"Allow"	"POWERENG\amonjaras"	"None"	"None"
"\\?\UNC\HLY-SMB01\Shares$\HRPayroll\_'PRIOR YRS\2019 ALL FOLDERS\2019 IReports\PAC\Allpay_Quickview_Backup Reports\1.18.2019\LOS2_-_0170__WNSC__YBU__03__1__3801__PRV_Stat_Summary.pdf"	"FullControl"	"Allow"	"POWERENG\amonjaras"	"None"	"None"
"\\?\UNC\HLY-SMB01\Shares$\HRPayroll\_'PRIOR YRS\2019 ALL FOLDERS\2019 IReports\PAC\Allpay_Quickview_Backup Reports\1.4.2019\LOS2_-_0170__WNSC__YBU__01__1__2318__PRV_Benefit_Accr_Rep_-_Current.pdf"	"FullControl"	"Allow"	"POWERENG\amonjaras"	"None"	"None"
"\\?\UNC\HLY-SMB01\Shares$\HRPayroll\_'PRIOR YRS\2019 ALL FOLDERS\2019 IReports\PAC\Allpay_Quickview_Backup Reports\1.4.2019\LOS2_-_0170__WNSC__YBU__01__1__2318__PRV_Benefit_Accr_Rep_-_TrRes.pdf"	"FullControl"	"Allow"	"POWERENG\amonjaras"	"None"	"None"
"\\?\UNC\HLY-SMB01\Shares$\HRPayroll\_'PRIOR YRS\2019 ALL FOLDERS\2019 IReports\PAC\Allpay_Quickview_Backup Reports\1.4.2019\LOS2_-_0170__WNSC__YBU__01__1__2318__PRV_Labor_Distribution_Report.pdf"	"FullControl"	"Allow"	"POWERENG\amonjaras"	"None"	"None"
"\\?\UNC\HLY-SMB01\Shares$\HRPayroll\_'PRIOR YRS\2019 ALL FOLDERS\2019 IReports\PAC\Allpay_Quickview_Backup Reports\1.4.2019\LOS2_-_0170__WNSC__YBU__01__1__2318__PRV_New_Hire_Compliance_Report.pdf"	"FullControl"	"Allow"	"POWERENG\amonjaras"	"None"	"None"
"\\?\UNC\HLY-SMB01\Shares$\HRPayroll\_'PRIOR YRS\2019 ALL FOLDERS\2019 IReports\PAC\Allpay_Quickview_Backup Reports\1.4.2019\LOS2_-_0170__WNSC__YBU__01__1__2318__PRV_Payroll_Audit_Report.pdf"	"FullControl"	"Allow"	"POWERENG\amonjaras"	"None"	"None"
"\\?\UNC\HLY-SMB01\Shares$\HRPayroll\_'PRIOR YRS\2019 ALL FOLDERS\2019 IReports\PAC\Allpay_Quickview_Backup Reports\1.4.2019\LOS2_-_0170__WNSC__YBU__01__1__2318__PRV_Payroll_Register.pdf"	"FullControl"	"Allow"	"POWERENG\amonjaras"	"None"	"None"
"\\?\UNC\HLY-SMB01\Shares$\HRPayroll\_'PRIOR YRS\2019 ALL FOLDERS\2019 IReports\PAC\Allpay_Quickview_Backup Reports\1.4.2019\LOS2_-_0170__WNSC__YBU__01__1__2318__PRV_Personnel_Change_Report.pdf"	"FullControl"	"Allow"	"POWERENG\amonjaras"	"None"	"None"
"\\?\UNC\HLY-SMB01\Shares$\HRPayroll\_'PRIOR YRS\2019 ALL FOLDERS\2019 IReports\PAC\Allpay_Quickview_Backup Reports\1.4.2019\LOS2_-_0170__WNSC__YBU__01__1__2318__PRV_Stat_Summary.pdf"	"FullControl"	"Allow"	"POWERENG\amonjaras"	"None"	"None"
"\\?\UNC\HLY-SMB01\Shares$\HRPayroll\_'PRIOR YRS\2019 ALL FOLDERS\2019 IReports\PAC\Allpay_Quickview_Backup Reports\1.4.2019\LOS2_-_0170__WNSC__YBU__01__1__2318__PRV_Unused_Deduction_Report.pdf"	"FullControl"	"Allow"	"POWERENG\amonjaras"	"None"	"None"
"\\?\UNC\HLY-SMB01\Shares$\HRPayroll\_'PRIOR YRS\2019 ALL FOLDERS\2019 IReports\PAC\Allpay_Quickview_Backup Reports\12.20.19\PREVIEW 1\PRV_New_Hire_Compliance_Report.pdf"	"FullControl"	"Allow"	"POWERENG\pcobb"	"None"	"None"
"\\?\UNC\HLY-SMB01\Shares$\HRPayroll\_'PRIOR YRS\2019 ALL FOLDERS\2019 IReports\PAC\Allpay_Quickview_Backup Reports\12.20.19\PREVIEW 1\PRV_Payroll_Register.pdf"	"FullControl"	"Allow"	"POWERENG\pcobb"	"None"	"None"
"\\?\UNC\HLY-SMB01\Shares$\HRPayroll\_'PRIOR YRS\2019 ALL FOLDERS\2019 IReports\PAC\Allpay_Quickview_Backup Reports\12.20.19\PREVIEW 1\PRV_Personnel_Change_Report.pdf"	"FullControl"	"Allow"	"POWERENG\pcobb"	"None"	"None"
"\\?\UNC\HLY-SMB01\Shares$\HRPayroll\_'PRIOR YRS\2019 ALL FOLDERS\2019 IReports\PAC\Allpay_Quickview_Backup Reports\12.20.19\PREVIEW 1\PRV_Stat_Summary.pdf"	"FullControl"	"Allow"	"POWERENG\pcobb"	"None"	"None"
"\\?\UNC\HLY-SMB01\Shares$\HRPayroll\_'PRIOR YRS\2019 ALL FOLDERS\2019 IReports\PAC\Allpay_Quickview_Backup Reports\12.20.19\PREVIEW 1\PRV_Unused_Deduction_Report.pdf"	"FullControl"	"Allow"	"POWERENG\pcobb"	"None"	"None"
"\\?\UNC\HLY-SMB01\Shares$\HRPayroll\_'PRIOR YRS\2019 ALL FOLDERS\2019 IReports\PAC\Allpay_Quickview_Backup Reports\2.1.2019\LOS2_-_0170__WNSC__YBU__05__1__5272__PRV_Benefit_Accr_Rep_-_Current.pdf"	"FullControl"	"Allow"	"POWERENG\amonjaras"	"None"	"None"
"\\?\UNC\HLY-SMB01\Shares$\HRPayroll\_'PRIOR YRS\2019 ALL FOLDERS\2019 IReports\PAC\Allpay_Quickview_Backup Reports\2.1.2019\LOS2_-_0170__WNSC__YBU__05__1__5272__PRV_Labor_Distribution_Report.pdf"	"FullControl"	"Allow"	"POWERENG\amonjaras"	"None"	"None"
"\\?\UNC\HLY-SMB01\Shares$\HRPayroll\_'PRIOR YRS\2019 ALL FOLDERS\2019 IReports\PAC\Allpay_Quickview_Backup Reports\2.1.2019\LOS2_-_0170__WNSC__YBU__05__1__5272__PRV_New_Hire_Compliance_Report.pdf"	"FullControl"	"Allow"	"POWERENG\amonjaras"	"None"	"None"
"\\?\UNC\HLY-SMB01\Shares$\HRPayroll\_'PRIOR YRS\2019 ALL FOLDERS\2019 IReports\PAC\Allpay_Quickview_Backup Reports\2.1.2019\LOS2_-_0170__WNSC__YBU__05__1__5272__PRV_Payroll_Audit_Report.pdf"	"FullControl"	"Allow"	"POWERENG\amonjaras"	"None"	"None"
"\\?\UNC\HLY-SMB01\Shares$\HRPayroll\_'PRIOR YRS\2019 ALL FOLDERS\2019 IReports\PAC\Allpay_Quickview_Backup Reports\2.1.2019\LOS2_-_0170__WNSC__YBU__05__1__5272__PRV_Payroll_Register.pdf"	"FullControl"	"Allow"	"POWERENG\amonjaras"	"None"	"None"
"\\?\UNC\HLY-SMB01\Shares$\HRPayroll\_'PRIOR YRS\2019 ALL FOLDERS\2019 IReports\PAC\Allpay_Quickview_Backup Reports\2.1.2019\LOS2_-_0170__WNSC__YBU__05__1__5272__PRV_Personnel_Change_Report.pdf"	"FullControl"	"Allow"	"POWERENG\amonjaras"	"None"	"None"
"\\?\UNC\HLY-SMB01\Shares$\HRPayroll\_'PRIOR YRS\2019 ALL FOLDERS\2019 IReports\PAC\Allpay_Quickview_Backup Reports\2.1.2019\LOS2_-_0170__WNSC__YBU__05__1__5272__PRV_Stat_Summary.pdf"	"FullControl"	"Allow"	"POWERENG\amonjaras"	"None"	"None"
"\\?\UNC\HLY-SMB01\Shares$\HRPayroll\_'PRIOR YRS\2019 ALL FOLDERS\2019 IReports\PAC\Allpay_Quickview_Backup Reports\2.15.2019\LOS2_-_0170__WNSC__YBU__07__1__6667__PRV_Benefit_Accr_Rep_-_Current.pdf"	"FullControl"	"Allow"	"POWERENG\amonjaras"	"None"	"None"
"\\?\UNC\HLY-SMB01\Shares$\HRPayroll\_'PRIOR YRS\2019 ALL FOLDERS\2019 IReports\PAC\Allpay_Quickview_Backup Reports\2.15.2019\LOS2_-_0170__WNSC__YBU__07__1__6667__PRV_Labor_Distribution_Report.pdf"	"FullControl"	"Allow"	"POWERENG\amonjaras"	"None"	"None"
"\\?\UNC\HLY-SMB01\Shares$\HRPayroll\_'PRIOR YRS\2019 ALL FOLDERS\2019 IReports\PAC\Allpay_Quickview_Backup Reports\2.15.2019\LOS2_-_0170__WNSC__YBU__07__1__6667__PRV_New_Hire_Compliance_Report.pdf"	"FullControl"	"Allow"	"POWERENG\amonjaras"	"None"	"None"
"\\?\UNC\HLY-SMB01\Shares$\HRPayroll\_'PRIOR YRS\2019 ALL FOLDERS\2019 IReports\PAC\Allpay_Quickview_Backup Reports\2.15.2019\LOS2_-_0170__WNSC__YBU__07__1__6667__PRV_Payroll_Audit_Report.pdf"	"FullControl"	"Allow"	"POWERENG\amonjaras"	"None"	"None"
"\\?\UNC\HLY-SMB01\Shares$\HRPayroll\_'PRIOR YRS\2019 ALL FOLDERS\2019 IReports\PAC\Allpay_Quickview_Backup Reports\2.15.2019\LOS2_-_0170__WNSC__YBU__07__1__6667__PRV_Payroll_Register.pdf"	"FullControl"	"Allow"	"POWERENG\amonjaras"	"None"	"None"
"\\?\UNC\HLY-SMB01\Shares$\HRPayroll\_'PRIOR YRS\2019 ALL FOLDERS\2019 IReports\PAC\Allpay_Quickview_Backup Reports\2.15.2019\LOS2_-_0170__WNSC__YBU__07__1__6667__PRV_Personnel_Change_Report.pdf"	"FullControl"	"Allow"	"POWERENG\amonjaras"	"None"	"None"
"\\?\UNC\HLY-SMB01\Shares$\HRPayroll\_'PRIOR YRS\2019 ALL FOLDERS\2019 IReports\PAC\Allpay_Quickview_Backup Reports\2.15.2019\LOS2_-_0170__WNSC__YBU__07__1__6667__PRV_Stat_Summary.pdf"	"FullControl"	"Allow"	"POWERENG\amonjaras"	"None"	"None"
"\\?\UNC\HLY-SMB01\Shares$\HRPayroll\_'PRIOR YRS\2019 ALL FOLDERS\2019 IReports\PAC\Allpay_Quickview_Backup Reports\2.15.2019\LOS2_-_0170__WNSC__YBU__07__1__6667__PRV_Unused_Deduction_Report.pdf"	"FullControl"	"Allow"	"POWERENG\amonjaras"	"None"	"None"
"\\?\UNC\HLY-SMB01\Shares$\HRPayroll\_'PRIOR YRS\2019 ALL FOLDERS\2019 IReports\PAC\Allpay_Quickview_Backup Reports\3.1.2019\LOS2_-_0170__WNSC__YBU__09__1__8155__PRV_Benefit_Accr_Rep_-_Current.pdf"	"FullControl"	"Allow"	"POWERENG\amonjaras"	"None"	"None"
"\\?\UNC\HLY-SMB01\Shares$\HRPayroll\_'PRIOR YRS\2019 ALL FOLDERS\2019 IReports\PAC\Allpay_Quickview_Backup Reports\3.1.2019\LOS2_-_0170__WNSC__YBU__09__1__8155__PRV_Labor_Distribution_Report.pdf"	"FullControl"	"Allow"	"POWERENG\amonjaras"	"None"	"None"
"\\?\UNC\HLY-SMB01\Shares$\HRPayroll\_'PRIOR YRS\2019 ALL FOLDERS\2019 IReports\PAC\Allpay_Quickview_Backup Reports\3.1.2019\LOS2_-_0170__WNSC__YBU__09__1__8155__PRV_New_Hire_Compliance_Report.pdf"	"FullControl"	"Allow"	"POWERENG\amonjaras"	"None"	"None"
"\\?\UNC\HLY-SMB01\Shares$\HRPayroll\_'PRIOR YRS\2019 ALL FOLDERS\2019 IReports\PAC\Allpay_Quickview_Backup Reports\3.1.2019\LOS2_-_0170__WNSC__YBU__09__1__8155__PRV_Payroll_Audit_Report.pdf"	"FullControl"	"Allow"	"POWERENG\amonjaras"	"None"	"None"
"\\?\UNC\HLY-SMB01\Shares$\HRPayroll\_'PRIOR YRS\2019 ALL FOLDERS\2019 IReports\PAC\Allpay_Quickview_Backup Reports\3.1.2019\LOS2_-_0170__WNSC__YBU__09__1__8155__PRV_Payroll_Register.pdf"	"FullControl"	"Allow"	"POWERENG\amonjaras"	"None"	"None"
"\\?\UNC\HLY-SMB01\Shares$\HRPayroll\_'PRIOR YRS\2019 ALL FOLDERS\2019 IReports\PAC\Allpay_Quickview_Backup Reports\3.1.2019\LOS2_-_0170__WNSC__YBU__09__1__8155__PRV_Personnel_Change_Report.pdf"	"FullControl"	"Allow"	"POWERENG\amonjaras"	"None"	"None"
"\\?\UNC\HLY-SMB01\Shares$\HRPayroll\_'PRIOR YRS\2019 ALL FOLDERS\2019 IReports\PAC\Allpay_Quickview_Backup Reports\3.1.2019\LOS2_-_0170__WNSC__YBU__09__1__8155__PRV_Stat_Summary.pdf"	"FullControl"	"Allow"	"POWERENG\amonjaras"	"None"	"None"
"\\?\UNC\HLY-SMB01\Shares$\HRPayroll\_'PRIOR YRS\2019 ALL FOLDERS\2019 IReports\PAC\Allpay_Quickview_Backup Reports\3.1.2019\LOS2_-_0170__WNSC__YBU__09__1__8155__PRV_Unused_Deduction_Report.pdf"	"FullControl"	"Allow"	"POWERENG\amonjaras"	"None"	"None"
"\\?\UNC\HLY-SMB01\Shares$\HRPayroll\_'PRIOR YRS\2019 ALL FOLDERS\2019 IReports\PAC\Allpay_Quickview_Backup Reports\3.15.2019\LOS2_-_0170__WNSC__YBU__11__1__1112__PRV_Benefit_Accr_Rep_-_Current.pdf"	"FullControl"	"Allow"	"POWERENG\amonjaras"	"None"	"None"
"\\?\UNC\HLY-SMB01\Shares$\HRPayroll\_'PRIOR YRS\2019 ALL FOLDERS\2019 IReports\PAC\Allpay_Quickview_Backup Reports\3.15.2019\LOS2_-_0170__WNSC__YBU__11__1__1112__PRV_Labor_Distribution_Report.pdf"	"FullControl"	"Allow"	"POWERENG\amonjaras"	"None"	"None"
"\\?\UNC\HLY-SMB01\Shares$\HRPayroll\_'PRIOR YRS\2019 ALL FOLDERS\2019 IReports\PAC\Allpay_Quickview_Backup Reports\3.15.2019\LOS2_-_0170__WNSC__YBU__11__1__1112__PRV_New_Hire_Compliance_Report.pdf"	"FullControl"	"Allow"	"POWERENG\amonjaras"	"None"	"None"
"\\?\UNC\HLY-SMB01\Shares$\HRPayroll\_'PRIOR YRS\2019 ALL FOLDERS\2019 IReports\PAC\Allpay_Quickview_Backup Reports\3.15.2019\LOS2_-_0170__WNSC__YBU__11__1__1112__PRV_Payroll_Audit_Report.pdf"	"FullControl"	"Allow"	"POWERENG\amonjaras"	"None"	"None"
"\\?\UNC\HLY-SMB01\Shares$\HRPayroll\_'PRIOR YRS\2019 ALL FOLDERS\2019 IReports\PAC\Allpay_Quickview_Backup Reports\3.15.2019\LOS2_-_0170__WNSC__YBU__11__1__1112__PRV_Payroll_Register.pdf"	"FullControl"	"Allow"	"POWERENG\amonjaras"	"None"	"None"
"\\?\UNC\HLY-SMB01\Shares$\HRPayroll\_'PRIOR YRS\2019 ALL FOLDERS\2019 IReports\PAC\Allpay_Quickview_Backup Reports\3.15.2019\LOS2_-_0170__WNSC__YBU__11__1__1112__PRV_Personnel_Change_Report.pdf"	"FullControl"	"Allow"	"POWERENG\amonjaras"	"None"	"None"
"\\?\UNC\HLY-SMB01\Shares$\HRPayroll\_'PRIOR YRS\2019 ALL FOLDERS\2019 IReports\PAC\Allpay_Quickview_Backup Reports\3.15.2019\LOS2_-_0170__WNSC__YBU__11__1__1112__PRV_Stat_Summary.pdf"	"FullControl"	"Allow"	"POWERENG\amonjaras"	"None"	"None"
"\\?\UNC\HLY-SMB01\Shares$\HRPayroll\_'PRIOR YRS\2019 ALL FOLDERS\2019 IReports\PAC\Allpay_Quickview_Backup Reports\3.29.2019\LOS2_-_0170__WNSC__YBU__13__1__2598__PRV_Benefit_Accr_Rep_-_Current.pdf"	"FullControl"	"Allow"	"POWERENG\amonjaras"	"None"	"None"
"\\?\UNC\HLY-SMB01\Shares$\HRPayroll\_'PRIOR YRS\2019 ALL FOLDERS\2019 IReports\PAC\Allpay_Quickview_Backup Reports\3.29.2019\LOS2_-_0170__WNSC__YBU__13__1__2598__PRV_Labor_Distribution_Report.pdf"	"FullControl"	"Allow"	"POWERENG\amonjaras"	"None"	"None"
"\\?\UNC\HLY-SMB01\Shares$\HRPayroll\_'PRIOR YRS\2019 ALL FOLDERS\2019 IReports\PAC\Allpay_Quickview_Backup Reports\3.29.2019\LOS2_-_0170__WNSC__YBU__13__1__2598__PRV_New_Hire_Compliance_Report.pdf"	"FullControl"	"Allow"	"POWERENG\amonjaras"	"None"	"None"
"\\?\UNC\HLY-SMB01\Shares$\HRPayroll\_'PRIOR YRS\2019 ALL FOLDERS\2019 IReports\PAC\Allpay_Quickview_Backup Reports\3.29.2019\LOS2_-_0170__WNSC__YBU__13__1__2598__PRV_Payroll_Audit_Report.pdf"	"FullControl"	"Allow"	"POWERENG\amonjaras"	"None"	"None"
"\\?\UNC\HLY-SMB01\Shares$\HRPayroll\_'PRIOR YRS\2019 ALL FOLDERS\2019 IReports\PAC\Allpay_Quickview_Backup Reports\3.29.2019\LOS2_-_0170__WNSC__YBU__13__1__2598__PRV_Payroll_Register.pdf"	"FullControl"	"Allow"	"POWERENG\amonjaras"	"None"	"None"
"\\?\UNC\HLY-SMB01\Shares$\HRPayroll\_'PRIOR YRS\2019 ALL FOLDERS\2019 IReports\PAC\Allpay_Quickview_Backup Reports\3.29.2019\LOS2_-_0170__WNSC__YBU__13__1__2598__PRV_Personnel_Change_Report.pdf"	"FullControl"	"Allow"	"POWERENG\amonjaras"	"None"	"None"
"\\?\UNC\HLY-SMB01\Shares$\HRPayroll\_'PRIOR YRS\2019 ALL FOLDERS\2019 IReports\PAC\Allpay_Quickview_Backup Reports\3.29.2019\LOS2_-_0170__WNSC__YBU__13__1__2598__PRV_Stat_Summary.pdf"	"FullControl"	"Allow"	"POWERENG\amonjaras"	"None"	"None"
"\\?\UNC\HLY-SMB01\Shares$\HRPayroll\_'PRIOR YRS\2019 ALL FOLDERS\2019 IReports\PAC\Allpay_Quickview_Backup Reports\3.29.2019\LOS2_-_0170__WNSC__YBU__13__1__2598__PRV_Unused_Deduction_Report.pdf"	"FullControl"	"Allow"	"POWERENG\amonjaras"	"None"	"None"
"\\?\UNC\HLY-SMB01\Shares$\HRPayroll\_'PRIOR YRS\2019 ALL FOLDERS\2019 IReports\PAC\Allpay_Quickview_Backup Reports\4.12.2019\LOS2_-_0170__WNSC__YBU__15__1__3899__PRV_Benefit_Accr_Rep_-_Current.pdf"	"FullControl"	"Allow"	"POWERENG\amonjaras"	"None"	"None"
"\\?\UNC\HLY-SMB01\Shares$\HRPayroll\_'PRIOR YRS\2019 ALL FOLDERS\2019 IReports\PAC\Allpay_Quickview_Backup Reports\4.12.2019\LOS2_-_0170__WNSC__YBU__15__1__3899__PRV_Labor_Distribution_Report.pdf"	"FullControl"	"Allow"	"POWERENG\amonjaras"	"None"	"None"
"\\?\UNC\HLY-SMB01\Shares$\HRPayroll\_'PRIOR YRS\2019 ALL FOLDERS\2019 IReports\PAC\Allpay_Quickview_Backup Reports\4.12.2019\LOS2_-_0170__WNSC__YBU__15__1__3899__PRV_New_Hire_Compliance_Report.pdf"	"FullControl"	"Allow"	"POWERENG\amonjaras"	"None"	"None"
"\\?\UNC\HLY-SMB01\Shares$\HRPayroll\_'PRIOR YRS\2019 ALL FOLDERS\2019 IReports\PAC\Allpay_Quickview_Backup Reports\4.12.2019\LOS2_-_0170__WNSC__YBU__15__1__3899__PRV_Payroll_Audit_Report.pdf"	"FullControl"	"Allow"	"POWERENG\amonjaras"	"None"	"None"
"\\?\UNC\HLY-SMB01\Shares$\HRPayroll\_'PRIOR YRS\2019 ALL FOLDERS\2019 IReports\PAC\Allpay_Quickview_Backup Reports\4.12.2019\LOS2_-_0170__WNSC__YBU__15__1__3899__PRV_Payroll_Register.pdf"	"FullControl"	"Allow"	"POWERENG\amonjaras"	"None"	"None"
"\\?\UNC\HLY-SMB01\Shares$\HRPayroll\_'PRIOR YRS\2019 ALL FOLDERS\2019 IReports\PAC\Allpay_Quickview_Backup Reports\4.12.2019\LOS2_-_0170__WNSC__YBU__15__1__3899__PRV_Personnel_Change_Report.pdf"	"FullControl"	"Allow"	"POWERENG\amonjaras"	"None"	"None"
"\\?\UNC\HLY-SMB01\Shares$\HRPayroll\_'PRIOR YRS\2019 ALL FOLDERS\2019 IReports\PAC\Allpay_Quickview_Backup Reports\4.12.2019\LOS2_-_0170__WNSC__YBU__15__1__3899__PRV_Stat_Summary.pdf"	"FullControl"	"Allow"	"POWERENG\amonjaras"	"None"	"None"
"\\?\UNC\HLY-SMB01\Shares$\HRPayroll\_'PRIOR YRS\2019 ALL FOLDERS\2019 IReports\PAC\Allpay_Quickview_Backup Reports\4.12.2019\LOS2_-_0170__WNSC__YBU__15__1__3899__PRV_Unused_Deduction_Report.pdf"	"FullControl"	"Allow"	"POWERENG\amonjaras"	"None"	"None"
"\\?\UNC\HLY-SMB01\Shares$\HRPayroll\_'PRIOR YRS\2019 ALL FOLDERS\2019 IReports\PAC\Allpay_Quickview_Backup Reports\4.26.2019\LOS2_-_0170__WNSC__YBU__17__1__5467__PRV_Benefit_Accr_Rep_-_Current.pdf"	"FullControl"	"Allow"	"POWERENG\amonjaras"	"None"	"None"
"\\?\UNC\HLY-SMB01\Shares$\HRPayroll\_'PRIOR YRS\2019 ALL FOLDERS\2019 IReports\PAC\Allpay_Quickview_Backup Reports\4.26.2019\LOS2_-_0170__WNSC__YBU__17__1__5467__PRV_Labor_Distribution_Report.pdf"	"FullControl"	"Allow"	"POWERENG\amonjaras"	"None"	"None"
"\\?\UNC\HLY-SMB01\Shares$\HRPayroll\_'PRIOR YRS\2019 ALL FOLDERS\2019 IReports\PAC\Allpay_Quickview_Backup Reports\4.26.2019\LOS2_-_0170__WNSC__YBU__17__1__5467__PRV_New_Hire_Compliance_Report.pdf"	"FullControl"	"Allow"	"POWERENG\amonjaras"	"None"	"None"
"\\?\UNC\HLY-SMB01\Shares$\HRPayroll\_'PRIOR YRS\2019 ALL FOLDERS\2019 IReports\PAC\Allpay_Quickview_Backup Reports\4.26.2019\LOS2_-_0170__WNSC__YBU__17__1__5467__PRV_Payroll_Audit_Report.pdf"	"FullControl"	"Allow"	"POWERENG\amonjaras"	"None"	"None"
"\\?\UNC\HLY-SMB01\Shares$\HRPayroll\_'PRIOR YRS\2019 ALL FOLDERS\2019 IReports\PAC\Allpay_Quickview_Backup Reports\4.26.2019\LOS2_-_0170__WNSC__YBU__17__1__5467__PRV_Payroll_Register.pdf"	"FullControl"	"Allow"	"POWERENG\amonjaras"	"None"	"None"
"\\?\UNC\HLY-SMB01\Shares$\HRPayroll\_'PRIOR YRS\2019 ALL FOLDERS\2019 IReports\PAC\Allpay_Quickview_Backup Reports\4.26.2019\LOS2_-_0170__WNSC__YBU__17__1__5467__PRV_Personnel_Change_Report.pdf"	"FullControl"	"Allow"	"POWERENG\amonjaras"	"None"	"None"
"\\?\UNC\HLY-SMB01\Shares$\HRPayroll\_'PRIOR YRS\2019 ALL FOLDERS\2019 IReports\PAC\Allpay_Quickview_Backup Reports\4.26.2019\LOS2_-_0170__WNSC__YBU__17__1__5467__PRV_Stat_Summary.pdf"	"FullControl"	"Allow"	"POWERENG\amonjaras"	"None"	"None"
"\\?\UNC\HLY-SMB01\Shares$\HRPayroll\_'PRIOR YRS\2019 ALL FOLDERS\2019 IReports\PAC\Allpay_Quickview_Backup Reports\5.10.2019\LOS2_-_0170__WNSC__YBU__19__1__6850__PRV_Benefit_Accr_Rep_-_Current.pdf"	"FullControl"	"Allow"	"POWERENG\amonjaras"	"None"	"None"
"\\?\UNC\HLY-SMB01\Shares$\HRPayroll\_'PRIOR YRS\2019 ALL FOLDERS\2019 IReports\PAC\Allpay_Quickview_Backup Reports\5.10.2019\LOS2_-_0170__WNSC__YBU__19__1__6850__PRV_Labor_Distribution_Report.pdf"	"FullControl"	"Allow"	"POWERENG\amonjaras"	"None"	"None"
"\\?\UNC\HLY-SMB01\Shares$\HRPayroll\_'PRIOR YRS\2019 ALL FOLDERS\2019 IReports\PAC\Allpay_Quickview_Backup Reports\5.10.2019\LOS2_-_0170__WNSC__YBU__19__1__6850__PRV_New_Hire_Compliance_Report.pdf"	"FullControl"	"Allow"	"POWERENG\amonjaras"	"None"	"None"
"\\?\UNC\HLY-SMB01\Shares$\HRPayroll\_'PRIOR YRS\2019 ALL FOLDERS\2019 IReports\PAC\Allpay_Quickview_Backup Reports\5.10.2019\LOS2_-_0170__WNSC__YBU__19__1__6850__PRV_Payroll_Audit_Report.pdf"	"FullControl"	"Allow"	"POWERENG\amonjaras"	"None"	"None"
"\\?\UNC\HLY-SMB01\Shares$\HRPayroll\_'PRIOR YRS\2019 ALL FOLDERS\2019 IReports\PAC\Allpay_Quickview_Backup Reports\5.10.2019\LOS2_-_0170__WNSC__YBU__19__1__6850__PRV_Payroll_Register.pdf"	"FullControl"	"Allow"	"POWERENG\amonjaras"	"None"	"None"
"\\?\UNC\HLY-SMB01\Shares$\HRPayroll\_'PRIOR YRS\2019 ALL FOLDERS\2019 IReports\PAC\Allpay_Quickview_Backup Reports\5.10.2019\LOS2_-_0170__WNSC__YBU__19__1__6850__PRV_Personnel_Change_Report.pdf"	"FullControl"	"Allow"	"POWERENG\amonjaras"	"None"	"None"
"\\?\UNC\HLY-SMB01\Shares$\HRPayroll\_'PRIOR YRS\2019 ALL FOLDERS\2019 IReports\PAC\Allpay_Quickview_Backup Reports\5.10.2019\LOS2_-_0170__WNSC__YBU__19__1__6850__PRV_Stat_Summary.pdf"	"FullControl"	"Allow"	"POWERENG\amonjaras"	"None"	"None"
"\\?\UNC\HLY-SMB01\Shares$\HRPayroll\_'PRIOR YRS\2019 ALL FOLDERS\2019 IReports\PAC\Allpay_Quickview_Backup Reports\5.24.2019\LOS2_-_0170__WNSC__YBU__21__1__8264__PRV_Benefit_Accr_Rep_-_Current.pdf"	"FullControl"	"Allow"	"POWERENG\amonjaras"	"None"	"None"
"\\?\UNC\HLY-SMB01\Shares$\HRPayroll\_'PRIOR YRS\2019 ALL FOLDERS\2019 IReports\PAC\Allpay_Quickview_Backup Reports\5.24.2019\LOS2_-_0170__WNSC__YBU__21__1__8264__PRV_Labor_Distribution_Report.pdf"	"FullControl"	"Allow"	"POWERENG\amonjaras"	"None"	"None"
"\\?\UNC\HLY-SMB01\Shares$\HRPayroll\_'PRIOR YRS\2019 ALL FOLDERS\2019 IReports\PAC\Allpay_Quickview_Backup Reports\5.24.2019\LOS2_-_0170__WNSC__YBU__21__1__8264__PRV_New_Hire_Compliance_Report.pdf"	"FullControl"	"Allow"	"POWERENG\amonjaras"	"None"	"None"
"\\?\UNC\HLY-SMB01\Shares$\HRPayroll\_'PRIOR YRS\2019 ALL FOLDERS\2019 IReports\PAC\Allpay_Quickview_Backup Reports\5.24.2019\LOS2_-_0170__WNSC__YBU__21__1__8264__PRV_Payroll_Audit_Report.pdf"	"FullControl"	"Allow"	"POWERENG\amonjaras"	"None"	"None"
"\\?\UNC\HLY-SMB01\Shares$\HRPayroll\_'PRIOR YRS\2019 ALL FOLDERS\2019 IReports\PAC\Allpay_Quickview_Backup Reports\5.24.2019\LOS2_-_0170__WNSC__YBU__21__1__8264__PRV_Payroll_Register.pdf"	"FullControl"	"Allow"	"POWERENG\amonjaras"	"None"	"None"
"\\?\UNC\HLY-SMB01\Shares$\HRPayroll\_'PRIOR YRS\2019 ALL FOLDERS\2019 IReports\PAC\Allpay_Quickview_Backup Reports\5.24.2019\LOS2_-_0170__WNSC__YBU__21__1__8264__PRV_Personnel_Change_Report.pdf"	"FullControl"	"Allow"	"POWERENG\amonjaras"	"None"	"None"
"\\?\UNC\HLY-SMB01\Shares$\HRPayroll\_'PRIOR YRS\2019 ALL FOLDERS\2019 IReports\PAC\Allpay_Quickview_Backup Reports\5.24.2019\LOS2_-_0170__WNSC__YBU__21__1__8264__PRV_Stat_Summary.pdf"	"FullControl"	"Allow"	"POWERENG\amonjaras"	"None"	"None"
"\\?\UNC\HLY-SMB01\Shares$\HRPayroll\_'PRIOR YRS\2019 ALL FOLDERS\2019 IReports\PAC\Allpay_Quickview_Backup Reports\5.24.2019\LOS2_-_0170__WNSC__YBU__21__1__8264__PRV_Unused_Deduction_Report.pdf"	"FullControl"	"Allow"	"POWERENG\amonjaras"	"None"	"None"
"\\?\UNC\HLY-SMB01\Shares$\HRPayroll\_'PRIOR YRS\2019 ALL FOLDERS\2019 IReports\PAC\Allpay_Quickview_Backup Reports\7.5.2019\LOS2_-_0170__WNSC__YBU__27__1__3514__PRV_Benefit_Accr_Rep_-_Current.pdf"	"FullControl"	"Allow"	"POWERENG\amonjaras"	"None"	"None"
"\\?\UNC\HLY-SMB01\Shares$\HRPayroll\_'PRIOR YRS\2019 ALL FOLDERS\2019 IReports\PAC\Allpay_Quickview_Backup Reports\7.5.2019\LOS2_-_0170__WNSC__YBU__27__1__3514__PRV_Labor_Distribution_Report.pdf"	"FullControl"	"Allow"	"POWERENG\amonjaras"	"None"	"None"
"\\?\UNC\HLY-SMB01\Shares$\HRPayroll\_'PRIOR YRS\2019 ALL FOLDERS\2019 IReports\PAC\Allpay_Quickview_Backup Reports\7.5.2019\LOS2_-_0170__WNSC__YBU__27__1__3514__PRV_New_Hire_Compliance_Report.pdf"	"FullControl"	"Allow"	"POWERENG\amonjaras"	"None"	"None"
"\\?\UNC\HLY-SMB01\Shares$\HRPayroll\_'PRIOR YRS\2019 ALL FOLDERS\2019 IReports\PAC\Allpay_Quickview_Backup Reports\7.5.2019\LOS2_-_0170__WNSC__YBU__27__1__3514__PRV_Payroll_Audit_Report.pdf"	"FullControl"	"Allow"	"POWERENG\amonjaras"	"None"	"None"
"\\?\UNC\HLY-SMB01\Shares$\HRPayroll\_'PRIOR YRS\2019 ALL FOLDERS\2019 IReports\PAC\Allpay_Quickview_Backup Reports\7.5.2019\LOS2_-_0170__WNSC__YBU__27__1__3514__PRV_Payroll_Register.pdf"	"FullControl"	"Allow"	"POWERENG\amonjaras"	"None"	"None"
"\\?\UNC\HLY-SMB01\Shares$\HRPayroll\_'PRIOR YRS\2019 ALL FOLDERS\2019 IReports\PAC\Allpay_Quickview_Backup Reports\7.5.2019\LOS2_-_0170__WNSC__YBU__27__1__3514__PRV_Personnel_Change_Report.pdf"	"FullControl"	"Allow"	"POWERENG\amonjaras"	"None"	"None"
"\\?\UNC\HLY-SMB01\Shares$\HRPayroll\_'PRIOR YRS\2019 ALL FOLDERS\2019 IReports\PAC\Allpay_Quickview_Backup Reports\7.5.2019\LOS2_-_0170__WNSC__YBU__27__1__3514__PRV_Stat_Summary.pdf"	"FullControl"	"Allow"	"POWERENG\amonjaras"	"None"	"None"
"\\?\UNC\HLY-SMB01\Shares$\HRPayroll\_'PRIOR YRS\2019 ALL FOLDERS\2019 IReports\PAC\IReports\010419 All.zip"	"FullControl"	"Allow"	"POWERENG\amonjaras"	"None"	"None"
"\\?\UNC\HLY-SMB01\Shares$\HRPayroll\_'PRIOR YRS\2019 ALL FOLDERS\2019 IReports\PAC\IReports\011819 All.zip"	"FullControl"	"Allow"	"POWERENG\amonjaras"	"None"	"None"
"\\?\UNC\HLY-SMB01\Shares$\HRPayroll\_'PRIOR YRS\2019 ALL FOLDERS\2019 IReports\PAC\IReports\020119 All.zip"	"FullControl"	"Allow"	"POWERENG\amonjaras"	"None"	"None"
"\\?\UNC\HLY-SMB01\Shares$\HRPayroll\_'PRIOR YRS\2019 ALL FOLDERS\2019 IReports\PAC\IReports\021519 All.zip"	"FullControl"	"Allow"	"POWERENG\amonjaras"	"None"	"None"
"\\?\UNC\HLY-SMB01\Shares$\HRPayroll\_'PRIOR YRS\2019 ALL FOLDERS\2019 IReports\PAC\IReports\031519 All.zip"	"FullControl"	"Allow"	"POWERENG\amonjaras"	"None"	"None"
"\\?\UNC\HLY-SMB01\Shares$\HRPayroll\_'PRIOR YRS\2019 ALL FOLDERS\2019 IReports\PAC\IReports\032919 All.zip"	"FullControl"	"Allow"	"POWERENG\amonjaras"	"None"	"None"
"\\?\UNC\HLY-SMB01\Shares$\HRPayroll\_'PRIOR YRS\2019 ALL FOLDERS\2019 IReports\PAC\IReports\041219 All.zip"	"FullControl"	"Allow"	"POWERENG\amonjaras"	"None"	"None"
"\\?\UNC\HLY-SMB01\Shares$\HRPayroll\_'PRIOR YRS\2019 ALL FOLDERS\2019 IReports\PAC\IReports\042619 All.zip"	"FullControl"	"Allow"	"POWERENG\amonjaras"	"None"	"None"
"\\?\UNC\HLY-SMB01\Shares$\HRPayroll\_'PRIOR YRS\2019 ALL FOLDERS\2019 IReports\PAC\IReports\051019 All.zip"	"FullControl"	"Allow"	"POWERENG\amonjaras"	"None"	"None"
"\\?\UNC\HLY-SMB01\Shares$\HRPayroll\_'PRIOR YRS\2019 ALL FOLDERS\2019 IReports\PAC\IReports\052419 All.zip"	"FullControl"	"Allow"	"POWERENG\amonjaras"	"None"	"None"
"\\?\UNC\HLY-SMB01\Shares$\HRPayroll\_'PRIOR YRS\2019 ALL FOLDERS\2019 IReports\PAC\IReports\060719 All.zip"	"FullControl"	"Allow"	"POWERENG\amonjaras"	"None"	"None"
"\\?\UNC\HLY-SMB01\Shares$\HRPayroll\_'PRIOR YRS\2019 ALL FOLDERS\2019 IReports\PAC\IReports\062119 All.zip"	"FullControl"	"Allow"	"POWERENG\amonjaras"	"None"	"None"
"\\?\UNC\HLY-SMB01\Shares$\HRPayroll\_'PRIOR YRS\2019 ALL FOLDERS\2019 IReports\PAC\IReports\070519 All.zip"	"FullControl"	"Allow"	"POWERENG\amonjaras"	"None"	"None"
"\\?\UNC\HLY-SMB01\Shares$\HRPayroll\_'PRIOR YRS\2019 ALL FOLDERS\2019 IReports\PAC\IReports\122019 All.zip"	"FullControl"	"Allow"	"POWERENG\pcobb"	"None"	"None"
"\\?\UNC\HLY-SMB01\Shares$\HRPayroll\_'PRIOR YRS\2019 ALL FOLDERS\2019 IReports\PAC\Quarterly Reports\2nd Qtr 2019 Rpts PAC\2nd Qtr Rpts.zip"	"FullControl"	"Allow"	"POWERENG\amonjaras"	"None"	"None"
"\\?\UNC\HLY-SMB01\Shares$\HRPayroll\_'PRIOR YRS\2019 ALL FOLDERS\2019 IReports\PAC\Quarterly Reports\2nd Qtr 2019 Rpts PAC\Client Error Rpt 4.21.2019.zip"	"FullControl"	"Allow"	"POWERENG\amonjaras"	"None"	"None"
"\\?\UNC\HLY-SMB01\Shares$\HRPayroll\_'PRIOR YRS\2019 ALL FOLDERS\2019 IReports\PAC\Quarterly Reports\2nd Qtr 2019 Rpts PAC\Preview 2nd Qtr Rpts.zip"	"FullControl"	"Allow"	"POWERENG\amonjaras"	"None"	"None"
"\\?\UNC\HLY-SMB01\Shares$\HRPayroll\_'PRIOR YRS\2019 ALL FOLDERS\2019 IReports\PAC\Quarterly Reports\Client Error Rpt 3.24.2019.zip"	"FullControl"	"Allow"	"POWERENG\amonjaras"	"None"	"None"
"\\?\UNC\HLY-SMB01\Shares$\HRPayroll\_'PRIOR YRS\2019 ALL FOLDERS\2019 IReports\PAC\Quarterly Reports\PAC 1ST QTR PREVIEW RPTS.zip"	"FullControl"	"Allow"	"POWERENG\amonjaras"	"None"	"None"
"\\?\UNC\HLY-SMB01\Shares$\HRPayroll\_'PRIOR YRS\2019 ALL FOLDERS\2019 IReports\PAC\Quarterly Reports\Quarter Tax Letter Qtr 1 2019.zip"	"FullControl"	"Allow"	"POWERENG\amonjaras"	"None"	"None"
"\\?\UNC\HLY-SMB01\Shares$\HRPayroll\_'PRIOR YRS\2019 ALL FOLDERS\2019 IReports\PCI\Allpay_Quickview_Backup Reports\12.20.19\PREVIEW 1\PRV_New_Hire_Compliance_Report.pdf"	"FullControl"	"Allow"	"POWERENG\pcobb"	"None"	"None"
"\\?\UNC\HLY-SMB01\Shares$\HRPayroll\_'PRIOR YRS\2019 ALL FOLDERS\2019 IReports\PCI\Allpay_Quickview_Backup Reports\12.20.19\PREVIEW 1\PRV_Payroll_Register.pdf"	"FullControl"	"Allow"	"POWERENG\pcobb"	"None"	"None"
"\\?\UNC\HLY-SMB01\Shares$\HRPayroll\_'PRIOR YRS\2019 ALL FOLDERS\2019 IReports\PCI\Allpay_Quickview_Backup Reports\12.20.19\PREVIEW 1\PRV_Pays_Issued_To_Non-Active.pdf"	"FullControl"	"Allow"	"POWERENG\pcobb"	"None"	"None"
"\\?\UNC\HLY-SMB01\Shares$\HRPayroll\_'PRIOR YRS\2019 ALL FOLDERS\2019 IReports\PCI\Allpay_Quickview_Backup Reports\12.20.19\PREVIEW 1\PRV_Personnel_Change_Report.pdf"	"FullControl"	"Allow"	"POWERENG\pcobb"	"None"	"None"
"\\?\UNC\HLY-SMB01\Shares$\HRPayroll\_'PRIOR YRS\2019 ALL FOLDERS\2019 IReports\PCI\Allpay_Quickview_Backup Reports\12.20.19\PREVIEW 1\PRV_Stat_Summary.pdf"	"FullControl"	"Allow"	"POWERENG\pcobb"	"None"	"None"
"\\?\UNC\HLY-SMB01\Shares$\HRPayroll\_'PRIOR YRS\2019 ALL FOLDERS\2019 IReports\PCI\Allpay_Quickview_Backup Reports\8-16\LOS2_-_0170__WNSC__YJ3__33__1__7563__PRV_Benefit_Accr_Rep_-_Current.pdf"	"FullControl"	"Allow"	"POWERENG\amonjaras"	"None"	"None"
"\\?\UNC\HLY-SMB01\Shares$\HRPayroll\_'PRIOR YRS\2019 ALL FOLDERS\2019 IReports\PCI\Allpay_Quickview_Backup Reports\8-16\LOS2_-_0170__WNSC__YJ3__33__1__7563__PRV_Labor_Distribution_Report.pdf"	"FullControl"	"Allow"	"POWERENG\amonjaras"	"None"	"None"
"\\?\UNC\HLY-SMB01\Shares$\HRPayroll\_'PRIOR YRS\2019 ALL FOLDERS\2019 IReports\PCI\Allpay_Quickview_Backup Reports\8-16\LOS2_-_0170__WNSC__YJ3__33__1__7563__PRV_New_Hire_Compliance_Report.pdf"	"FullControl"	"Allow"	"POWERENG\amonjaras"	"None"	"None"
"\\?\UNC\HLY-SMB01\Shares$\HRPayroll\_'PRIOR YRS\2019 ALL FOLDERS\2019 IReports\PCI\Allpay_Quickview_Backup Reports\8-16\LOS2_-_0170__WNSC__YJ3__33__1__7563__PRV_Payroll_Audit_Report.pdf"	"FullControl"	"Allow"	"POWERENG\amonjaras"	"None"	"None"
"\\?\UNC\HLY-SMB01\Shares$\HRPayroll\_'PRIOR YRS\2019 ALL FOLDERS\2019 IReports\PCI\Allpay_Quickview_Backup Reports\8-16\LOS2_-_0170__WNSC__YJ3__33__1__7563__PRV_Payroll_Register.pdf"	"FullControl"	"Allow"	"POWERENG\amonjaras"	"None"	"None"
"\\?\UNC\HLY-SMB01\Shares$\HRPayroll\_'PRIOR YRS\2019 ALL FOLDERS\2019 IReports\PCI\Allpay_Quickview_Backup Reports\8-16\LOS2_-_0170__WNSC__YJ3__33__1__7563__PRV_Pays_Issued_To_Non-Active.pdf"	"FullControl"	"Allow"	"POWERENG\amonjaras"	"None"	"None"
"\\?\UNC\HLY-SMB01\Shares$\HRPayroll\_'PRIOR YRS\2019 ALL FOLDERS\2019 IReports\PCI\Allpay_Quickview_Backup Reports\8-16\LOS2_-_0170__WNSC__YJ3__33__1__7563__PRV_Personnel_Change_Report.pdf"	"FullControl"	"Allow"	"POWERENG\amonjaras"	"None"	"None"
"\\?\UNC\HLY-SMB01\Shares$\HRPayroll\_'PRIOR YRS\2019 ALL FOLDERS\2019 IReports\PCI\Allpay_Quickview_Backup Reports\8-16\LOS2_-_0170__WNSC__YJ3__33__1__7563__PRV_Stat_Summary.pdf"	"FullControl"	"Allow"	"POWERENG\amonjaras"	"None"	"None"
"\\?\UNC\HLY-SMB01\Shares$\HRPayroll\_'PRIOR YRS\2019 ALL FOLDERS\2019 IReports\PCI\Allpay_Quickview_Backup Reports\8-16\LOS2_-_0170__WNSC__YJ3__33__1__7563__PRV_Wage_Garnishment_Deduction.pdf"	"FullControl"	"Allow"	"POWERENG\amonjaras"	"None"	"None"
"\\?\UNC\HLY-SMB01\Shares$\HRPayroll\_'PRIOR YRS\2019 ALL FOLDERS\2019 IReports\PCI\Allpay_Quickview_Backup Reports\8-16\LOS2_-_0170__WNSC__YJ3__33__1__7563__PRV_Wage_Garnishment_Payee.pdf"	"FullControl"	"Allow"	"POWERENG\amonjaras"	"None"	"None"
"\\?\UNC\HLY-SMB01\Shares$\HRPayroll\_'PRIOR YRS\2019 ALL FOLDERS\2019 IReports\PCI\Allpay_Quickview_Backup Reports\8-2\LOS2_-_0170__WNSC__YJ3__31__1__6285__PRV_Benefit_Accr_Rep_-_TrRes.pdf"	"FullControl"	"Allow"	"POWERENG\amonjaras"	"None"	"None"
"\\?\UNC\HLY-SMB01\Shares$\HRPayroll\_'PRIOR YRS\2019 ALL FOLDERS\2019 IReports\PCI\Allpay_Quickview_Backup Reports\8-2\LOS2_-_0170__WNSC__YJ3__31__1__6285__PRV_Labor_Distribution_Report.pdf"	"FullControl"	"Allow"	"POWERENG\amonjaras"	"None"	"None"
"\\?\UNC\HLY-SMB01\Shares$\HRPayroll\_'PRIOR YRS\2019 ALL FOLDERS\2019 IReports\PCI\Allpay_Quickview_Backup Reports\8-2\LOS2_-_0170__WNSC__YJ3__31__1__6285__PRV_New_Hire_Compliance_Report.pdf"	"FullControl"	"Allow"	"POWERENG\amonjaras"	"None"	"None"
"\\?\UNC\HLY-SMB01\Shares$\HRPayroll\_'PRIOR YRS\2019 ALL FOLDERS\2019 IReports\PCI\Allpay_Quickview_Backup Reports\8-2\LOS2_-_0170__WNSC__YJ3__31__1__6285__PRV_Payroll_Audit_Report.pdf"	"FullControl"	"Allow"	"POWERENG\amonjaras"	"None"	"None"
"\\?\UNC\HLY-SMB01\Shares$\HRPayroll\_'PRIOR YRS\2019 ALL FOLDERS\2019 IReports\PCI\Allpay_Quickview_Backup Reports\8-2\LOS2_-_0170__WNSC__YJ3__31__1__6285__PRV_Payroll_Register.pdf"	"FullControl"	"Allow"	"POWERENG\amonjaras"	"None"	"None"
"\\?\UNC\HLY-SMB01\Shares$\HRPayroll\_'PRIOR YRS\2019 ALL FOLDERS\2019 IReports\PCI\Allpay_Quickview_Backup Reports\8-2\LOS2_-_0170__WNSC__YJ3__31__1__6285__PRV_Pays_Issued_To_Non-Active.pdf"	"FullControl"	"Allow"	"POWERENG\amonjaras"	"None"	"None"
"\\?\UNC\HLY-SMB01\Shares$\HRPayroll\_'PRIOR YRS\2019 ALL FOLDERS\2019 IReports\PCI\Allpay_Quickview_Backup Reports\8-2\LOS2_-_0170__WNSC__YJ3__31__1__6285__PRV_Personnel_Change_Report.pdf"	"FullControl"	"Allow"	"POWERENG\amonjaras"	"None"	"None"
"\\?\UNC\HLY-SMB01\Shares$\HRPayroll\_'PRIOR YRS\2019 ALL FOLDERS\2019 IReports\PCI\Allpay_Quickview_Backup Reports\8-2\LOS2_-_0170__WNSC__YJ3__31__1__6285__PRV_Stat_Summary.pdf"	"FullControl"	"Allow"	"POWERENG\amonjaras"	"None"	"None"
"\\?\UNC\HLY-SMB01\Shares$\HRPayroll\_'PRIOR YRS\2019 ALL FOLDERS\2019 IReports\PCI\Allpay_Quickview_Backup Reports\8-2\LOS2_-_0170__WNSC__YJ3__31__1__6285__PRV_Unused_Deduction_Report.pdf"	"FullControl"	"Allow"	"POWERENG\amonjaras"	"None"	"None"
"\\?\UNC\HLY-SMB01\Shares$\HRPayroll\_'PRIOR YRS\2019 ALL FOLDERS\2019 IReports\PCI\Allpay_Quickview_Backup Reports\8-2\LOS2_-_0170__WNSC__YJ3__31__1__6285__PRV_Wage_Garnishment_Deduction.pdf"	"FullControl"	"Allow"	"POWERENG\amonjaras"	"None"	"None"
"\\?\UNC\HLY-SMB01\Shares$\HRPayroll\_'PRIOR YRS\2019 ALL FOLDERS\2019 IReports\PCI\Allpay_Quickview_Backup Reports\8-2\LOS2_-_0170__WNSC__YJ3__31__1__6285__PRV_Wage_Garnishment_Payee.pdf"	"FullControl"	"Allow"	"POWERENG\amonjaras"	"None"	"None"
"\\?\UNC\HLY-SMB01\Shares$\HRPayroll\_'PRIOR YRS\2019 ALL FOLDERS\2019 IReports\PCI\Allpay_Quickview_Backup Reports\8-30\LOS2_-_0170__WNSC__YJ3__35__1__0348__PRV_Benefit_Accr_Rep_-_Current.pdf"	"FullControl"	"Allow"	"POWERENG\amonjaras"	"None"	"None"
"\\?\UNC\HLY-SMB01\Shares$\HRPayroll\_'PRIOR YRS\2019 ALL FOLDERS\2019 IReports\PCI\Allpay_Quickview_Backup Reports\8-30\LOS2_-_0170__WNSC__YJ3__35__1__0348__PRV_Benefit_Accr_Rep_-_TrRes.pdf"	"FullControl"	"Allow"	"POWERENG\amonjaras"	"None"	"None"
"\\?\UNC\HLY-SMB01\Shares$\HRPayroll\_'PRIOR YRS\2019 ALL FOLDERS\2019 IReports\PCI\Allpay_Quickview_Backup Reports\8-30\LOS2_-_0170__WNSC__YJ3__35__1__0348__PRV_Labor_Distribution_Report.pdf"	"FullControl"	"Allow"	"POWERENG\amonjaras"	"None"	"None"
"\\?\UNC\HLY-SMB01\Shares$\HRPayroll\_'PRIOR YRS\2019 ALL FOLDERS\2019 IReports\PCI\Allpay_Quickview_Backup Reports\8-30\LOS2_-_0170__WNSC__YJ3__35__1__0348__PRV_New_Hire_Compliance_Report.pdf"	"FullControl"	"Allow"	"POWERENG\amonjaras"	"None"	"None"
"\\?\UNC\HLY-SMB01\Shares$\HRPayroll\_'PRIOR YRS\2019 ALL FOLDERS\2019 IReports\PCI\Allpay_Quickview_Backup Reports\8-30\LOS2_-_0170__WNSC__YJ3__35__1__0348__PRV_Payroll_Audit_Report.pdf"	"FullControl"	"Allow"	"POWERENG\amonjaras"	"None"	"None"
"\\?\UNC\HLY-SMB01\Shares$\HRPayroll\_'PRIOR YRS\2019 ALL FOLDERS\2019 IReports\PCI\Allpay_Quickview_Backup Reports\8-30\LOS2_-_0170__WNSC__YJ3__35__1__0348__PRV_Payroll_Register.pdf"	"FullControl"	"Allow"	"POWERENG\amonjaras"	"None"	"None"
"\\?\UNC\HLY-SMB01\Shares$\HRPayroll\_'PRIOR YRS\2019 ALL FOLDERS\2019 IReports\PCI\Allpay_Quickview_Backup Reports\8-30\LOS2_-_0170__WNSC__YJ3__35__1__0348__PRV_Pays_Issued_To_Non-Active.pdf"	"FullControl"	"Allow"	"POWERENG\amonjaras"	"None"	"None"
"\\?\UNC\HLY-SMB01\Shares$\HRPayroll\_'PRIOR YRS\2019 ALL FOLDERS\2019 IReports\PCI\Allpay_Quickview_Backup Reports\8-30\LOS2_-_0170__WNSC__YJ3__35__1__0348__PRV_Personnel_Change_Report.pdf"	"FullControl"	"Allow"	"POWERENG\amonjaras"	"None"	"None"
"\\?\UNC\HLY-SMB01\Shares$\HRPayroll\_'PRIOR YRS\2019 ALL FOLDERS\2019 IReports\PCI\Allpay_Quickview_Backup Reports\8-30\LOS2_-_0170__WNSC__YJ3__35__1__0348__PRV_Stat_Summary.pdf"	"FullControl"	"Allow"	"POWERENG\amonjaras"	"None"	"None"
"\\?\UNC\HLY-SMB01\Shares$\HRPayroll\_'PRIOR YRS\2019 ALL FOLDERS\2019 IReports\PCI\Allpay_Quickview_Backup Reports\8-30\LOS2_-_0170__WNSC__YJ3__35__1__0348__PRV_Wage_Garnishment_Deduction.pdf"	"FullControl"	"Allow"	"POWERENG\amonjaras"	"None"	"None"
"\\?\UNC\HLY-SMB01\Shares$\HRPayroll\_'PRIOR YRS\2019 ALL FOLDERS\2019 IReports\PCI\Allpay_Quickview_Backup Reports\8-30\LOS2_-_0170__WNSC__YJ3__35__1__0348__PRV_Wage_Garnishment_Payee.pdf"	"FullControl"	"Allow"	"POWERENG\amonjaras"	"None"	"None"
"\\?\UNC\HLY-SMB01\Shares$\HRPayroll\_'PRIOR YRS\2019 ALL FOLDERS\2019 IReports\PCI\Allpay_Quickview_Backup Reports\8-30\LOS2_-_0170__WNSC__YJ3__35__1__0348__PRV_Wage_Garnishment_Verification.pdf"	"FullControl"	"Allow"	"POWERENG\amonjaras"	"None"	"None"
"\\?\UNC\HLY-SMB01\Shares$\HRPayroll\_'PRIOR YRS\2019 ALL FOLDERS\2019 IReports\PCI\Allpay_Quickview_Backup Reports\9-13\LOS2_-_0170__WNSC__YJ3__37__1__1647__PRV_Benefit_Accr_Rep_-_Current.pdf"	"FullControl"	"Allow"	"POWERENG\amonjaras"	"None"	"None"
"\\?\UNC\HLY-SMB01\Shares$\HRPayroll\_'PRIOR YRS\2019 ALL FOLDERS\2019 IReports\PCI\Allpay_Quickview_Backup Reports\9-13\LOS2_-_0170__WNSC__YJ3__37__1__1647__PRV_Labor_Distribution_Report.pdf"	"FullControl"	"Allow"	"POWERENG\amonjaras"	"None"	"None"
"\\?\UNC\HLY-SMB01\Shares$\HRPayroll\_'PRIOR YRS\2019 ALL FOLDERS\2019 IReports\PCI\Allpay_Quickview_Backup Reports\9-13\LOS2_-_0170__WNSC__YJ3__37__1__1647__PRV_New_Hire_Compliance_Report.pdf"	"FullControl"	"Allow"	"POWERENG\amonjaras"	"None"	"None"
"\\?\UNC\HLY-SMB01\Shares$\HRPayroll\_'PRIOR YRS\2019 ALL FOLDERS\2019 IReports\PCI\Allpay_Quickview_Backup Reports\9-13\LOS2_-_0170__WNSC__YJ3__37__1__1647__PRV_Payroll_Audit_Report.pdf"	"FullControl"	"Allow"	"POWERENG\amonjaras"	"None"	"None"
"\\?\UNC\HLY-SMB01\Shares$\HRPayroll\_'PRIOR YRS\2019 ALL FOLDERS\2019 IReports\PCI\Allpay_Quickview_Backup Reports\9-13\LOS2_-_0170__WNSC__YJ3__37__1__1647__PRV_Payroll_Register.pdf"	"FullControl"	"Allow"	"POWERENG\amonjaras"	"None"	"None"
"\\?\UNC\HLY-SMB01\Shares$\HRPayroll\_'PRIOR YRS\2019 ALL FOLDERS\2019 IReports\PCI\Allpay_Quickview_Backup Reports\9-13\LOS2_-_0170__WNSC__YJ3__37__1__1647__PRV_Pays_Issued_To_Non-Active.pdf"	"FullControl"	"Allow"	"POWERENG\amonjaras"	"None"	"None"
"\\?\UNC\HLY-SMB01\Shares$\HRPayroll\_'PRIOR YRS\2019 ALL FOLDERS\2019 IReports\PCI\Allpay_Quickview_Backup Reports\9-13\LOS2_-_0170__WNSC__YJ3__37__1__1647__PRV_Personnel_Change_Report.pdf"	"FullControl"	"Allow"	"POWERENG\amonjaras"	"None"	"None"
"\\?\UNC\HLY-SMB01\Shares$\HRPayroll\_'PRIOR YRS\2019 ALL FOLDERS\2019 IReports\PCI\Allpay_Quickview_Backup Reports\9-13\LOS2_-_0170__WNSC__YJ3__37__1__1647__PRV_Stat_Summary.pdf"	"FullControl"	"Allow"	"POWERENG\amonjaras"	"None"	"None"
"\\?\UNC\HLY-SMB01\Shares$\HRPayroll\_'PRIOR YRS\2019 ALL FOLDERS\2019 IReports\PCI\Allpay_Quickview_Backup Reports\9-13\LOS2_-_0170__WNSC__YJ3__37__1__1647__PRV_Wage_Garnishment_Deduction.pdf"	"FullControl"	"Allow"	"POWERENG\amonjaras"	"None"	"None"
"\\?\UNC\HLY-SMB01\Shares$\HRPayroll\_'PRIOR YRS\2019 ALL FOLDERS\2019 IReports\PCI\Allpay_Quickview_Backup Reports\9-13\LOS2_-_0170__WNSC__YJ3__37__1__1647__PRV_Wage_Garnishment_Payee.pdf"	"FullControl"	"Allow"	"POWERENG\amonjaras"	"None"	"None"
"\\?\UNC\HLY-SMB01\Shares$\HRPayroll\_'PRIOR YRS\2019 ALL FOLDERS\2019 IReports\PCI\IReports\12.20.2019 All.zip"	"FullControl"	"Allow"	"POWERENG\pcobb"	"None"	"None"
"\\?\UNC\HLY-SMB01\Shares$\HRPayroll\_'PRIOR YRS\2019 ALL FOLDERS\2019 IReports\PCI\IReports\7-13-2019 All.zip"	"FullControl"	"Allow"	"POWERENG\amonjaras"	"None"	"None"
"\\?\UNC\HLY-SMB01\Shares$\HRPayroll\_'PRIOR YRS\2019 ALL FOLDERS\2019 IReports\PCI\IReports\7-19-2019 All.zip"	"FullControl"	"Allow"	"POWERENG\amonjaras"	"None"	"None"
"\\?\UNC\HLY-SMB01\Shares$\HRPayroll\_'PRIOR YRS\2019 ALL FOLDERS\2019 IReports\PCI\IReports\8-30-2019 All.zip"	"FullControl"	"Allow"	"POWERENG\amonjaras"	"None"	"None"
"\\?\UNC\HLY-SMB01\Shares$\HRPayroll\_'PRIOR YRS\2019 ALL FOLDERS\2019 IReports\PCI\Quarterly Reports\3rd Qtr\Client Error Rpt.zip"	"FullControl"	"Allow"	"POWERENG\amonjaras"	"None"	"None"
"\\?\UNC\HLY-SMB01\Shares$\HRPayroll\_'PRIOR YRS\2019 ALL FOLDERS\2019 IReports\PCI\Quarterly Reports\3rd Qtr\Employee Rpts.zip"	"FullControl"	"Allow"	"POWERENG\amonjaras"	"None"	"None"
"\\?\UNC\HLY-SMB01\Shares$\HRPayroll\_'PRIOR YRS\2019 ALL FOLDERS\2019 IReports\PCI\Quarterly Reports\3rd Qtr\Payroll Schedule.zip"	"FullControl"	"Allow"	"POWERENG\amonjaras"	"None"	"None"
"\\?\UNC\HLY-SMB01\Shares$\HRPayroll\_'PRIOR YRS\2019 ALL FOLDERS\2019 IReports\PCI\Quarterly Reports\3rd Qtr\Preview Quarter Processing.zip"	"FullControl"	"Allow"	"POWERENG\amonjaras"	"None"	"None"
"\\?\UNC\HLY-SMB01\Shares$\HRPayroll\_'PRIOR YRS\2019 ALL FOLDERS\2019 IReports\PCI\Quarterly Reports\3rd Qtr\Quarterly Processing.zip"	"FullControl"	"Allow"	"POWERENG\amonjaras"	"None"	"None"
"\\?\UNC\HLY-SMB01\Shares$\HRPayroll\_'PRIOR YRS\2019 ALL FOLDERS\2019 IReports\PCI\Quarterly Reports\3rd Qtr\Quarterly Tax Letter.zip"	"FullControl"	"Allow"	"POWERENG\amonjaras"	"None"	"None"
"\\?\UNC\HLY-SMB01\Shares$\HRPayroll\_'PRIOR YRS\2019 ALL FOLDERS\2019 IReports\PEI\IReports\031519 All.zip"	"FullControl"	"Allow"	"POWERENG\amonjaras"	"None"	"None"
"\\?\UNC\HLY-SMB01\Shares$\HRPayroll\_'PRIOR YRS\2019 ALL FOLDERS\2019 IReports\PEI\IReports\041219 All.zip"	"FullControl"	"Allow"	"POWERENG\amonjaras"	"None"	"None"
"\\?\UNC\HLY-SMB01\Shares$\HRPayroll\_'PRIOR YRS\2019 ALL FOLDERS\2019 IReports\PEI\IReports\042619 All.zip"	"FullControl"	"Allow"	"POWERENG\amonjaras"	"None"	"None"
"\\?\UNC\HLY-SMB01\Shares$\HRPayroll\_'PRIOR YRS\2019 ALL FOLDERS\2019 IReports\PEI\IReports\051019 All.zip"	"FullControl"	"Allow"	"POWERENG\amonjaras"	"None"	"None"
"\\?\UNC\HLY-SMB01\Shares$\HRPayroll\_'PRIOR YRS\2019 ALL FOLDERS\2019 IReports\PEI\IReports\052419 All.zip"	"FullControl"	"Allow"	"POWERENG\amonjaras"	"None"	"None"
"\\?\UNC\HLY-SMB01\Shares$\HRPayroll\_'PRIOR YRS\2019 ALL FOLDERS\2019 IReports\PEI\IReports\062119 All.zip"	"FullControl"	"Allow"	"POWERENG\amonjaras"	"None"	"None"
"\\?\UNC\HLY-SMB01\Shares$\HRPayroll\_'PRIOR YRS\2019 ALL FOLDERS\2019 IReports\PEI\IReports\071919 All.zip"	"FullControl"	"Allow"	"POWERENG\amonjaras"	"None"	"None"
"\\?\UNC\HLY-SMB01\Shares$\HRPayroll\_'PRIOR YRS\2019 ALL FOLDERS\2019 IReports\PEI\IReports\2.15.19_ALL.zip"	"FullControl"	"Allow"	"POWERENG\amonjaras"	"None"	"None"
"\\?\UNC\HLY-SMB01\Shares$\HRPayroll\_'PRIOR YRS\2019 ALL FOLDERS\2019 IReports\PEI\Quarterly Reports\1st Qtr 2019 PEI\0170_YKA_ANNUAL_FLYER_03022019_150306_0_03022019_150306.pdf"	"FullControl"	"Allow"	"POWERENG\amonjaras"	"None"	"None"
"\\?\UNC\HLY-SMB01\Shares$\HRPayroll\_'PRIOR YRS\2019 ALL FOLDERS\2019 IReports\PEI\Quarterly Reports\1st Qtr 2019 PEI\0170_YKA_PRV_U_S__W2S_03022019_150306_0_03022019_150306.pdf"	"FullControl"	"Allow"	"POWERENG\amonjaras"	"None"	"None"
"\\?\UNC\HLY-SMB01\Shares$\HRPayroll\_'PRIOR YRS\2019 ALL FOLDERS\2019 IReports\PEI\Quarterly Reports\1st Qtr 2019 PEI\0170_YKA_PRV_WAGE_AND_TA_03022019_150306_0_03022019_150306.pdf"	"FullControl"	"Allow"	"POWERENG\amonjaras"	"None"	"None"
"\\?\UNC\HLY-SMB01\Shares$\HRPayroll\_'PRIOR YRS\2019 ALL FOLDERS\2019 IReports\PEI\Quarterly Reports\1st Qtr 2019 PEI\0170_YKA_QTRAZWAGERPT_03282019_043223_0.pdf"	"FullControl"	"Allow"	"POWERENG\amonjaras"	"None"	"None"
"\\?\UNC\HLY-SMB01\Shares$\HRPayroll\_'PRIOR YRS\2019 ALL FOLDERS\2019 IReports\PEI\Quarterly Reports\1st Qtr 2019 PEI\0170_YKA_QTR_CAFE_125_03282019_043223_0_03282019_043223.pdf"	"FullControl"	"Allow"	"POWERENG\amonjaras"	"None"	"None"
"\\?\UNC\HLY-SMB01\Shares$\HRPayroll\_'PRIOR YRS\2019 ALL FOLDERS\2019 IReports\PEI\Quarterly Reports\1st Qtr 2019 PEI\0170_YKA_QTR_CA_WAGE_RPT_03282019_043223_0_03282019_043223.pdf"	"FullControl"	"Allow"	"POWERENG\amonjaras"	"None"	"None"
"\\?\UNC\HLY-SMB01\Shares$\HRPayroll\_'PRIOR YRS\2019 ALL FOLDERS\2019 IReports\PEI\Quarterly Reports\1st Qtr 2019 PEI\0170_YKA_QTR_CO_WAGE_RPT_03282019_043223_0_03282019_043223.pdf"	"FullControl"	"Allow"	"POWERENG\amonjaras"	"None"	"None"
"\\?\UNC\HLY-SMB01\Shares$\HRPayroll\_'PRIOR YRS\2019 ALL FOLDERS\2019 IReports\PEI\Quarterly Reports\1st Qtr 2019 PEI\0170_YKA_QTR_DC_WAGE_RPT_03282019_043223_0_03282019_043223.pdf"	"FullControl"	"Allow"	"POWERENG\amonjaras"	"None"	"None"
"\\?\UNC\HLY-SMB01\Shares$\HRPayroll\_'PRIOR YRS\2019 ALL FOLDERS\2019 IReports\PEI\Quarterly Reports\1st Qtr 2019 PEI\0170_YKA_QTR_FL_WAGE_RPT_03282019_043223_0_03282019_043223.pdf"	"FullControl"	"Allow"	"POWERENG\amonjaras"	"None"	"None"
"\\?\UNC\HLY-SMB01\Shares$\HRPayroll\_'PRIOR YRS\2019 ALL FOLDERS\2019 IReports\PEI\Quarterly Reports\1st Qtr 2019 PEI\0170_YKA_QTR_GA_WAGE_RPT_03282019_043223_0_03282019_043223.pdf"	"FullControl"	"Allow"	"POWERENG\amonjaras"	"None"	"None"
"\\?\UNC\HLY-SMB01\Shares$\HRPayroll\_'PRIOR YRS\2019 ALL FOLDERS\2019 IReports\PEI\Quarterly Reports\1st Qtr 2019 PEI\0170_YKA_QTR_HI_WAGE_RPT_03282019_043223_0_03282019_043223.pdf"	"FullControl"	"Allow"	"POWERENG\amonjaras"	"None"	"None"
"\\?\UNC\HLY-SMB01\Shares$\HRPayroll\_'PRIOR YRS\2019 ALL FOLDERS\2019 IReports\PEI\Quarterly Reports\1st Qtr 2019 PEI\0170_YKA_QTR_IA_WAGE_RPT_03282019_043223_0_03282019_043223.pdf"	"FullControl"	"Allow"	"POWERENG\amonjaras"	"None"	"None"
"\\?\UNC\HLY-SMB01\Shares$\HRPayroll\_'PRIOR YRS\2019 ALL FOLDERS\2019 IReports\PEI\Quarterly Reports\1st Qtr 2019 PEI\0170_YKA_QTR_JURIS_RECAP_03282019_043223_0_03282019_043223.pdf"	"FullControl"	"Allow"	"POWERENG\amonjaras"	"None"	"None"
"\\?\UNC\HLY-SMB01\Shares$\HRPayroll\_'PRIOR YRS\2019 ALL FOLDERS\2019 IReports\PEI\Quarterly Reports\1st Qtr 2019 PEI\0170_YKA_QTR_LA_WAGE_RPT_03282019_043223_0_03282019_043223.pdf"	"FullControl"	"Allow"	"POWERENG\amonjaras"	"None"	"None"
"\\?\UNC\HLY-SMB01\Shares$\HRPayroll\_'PRIOR YRS\2019 ALL FOLDERS\2019 IReports\PEI\Quarterly Reports\1st Qtr 2019 PEI\0170_YKA_QTR_MA_WAGE_RPT_03282019_043223_0_03282019_043223.pdf"	"FullControl"	"Allow"	"POWERENG\amonjaras"	"None"	"None"
"\\?\UNC\HLY-SMB01\Shares$\HRPayroll\_'PRIOR YRS\2019 ALL FOLDERS\2019 IReports\PEI\Quarterly Reports\1st Qtr 2019 PEI\0170_YKA_QTR_MD_WAGE_RPT_03282019_043223_0_03282019_043223.pdf"	"FullControl"	"Allow"	"POWERENG\amonjaras"	"None"	"None"
"\\?\UNC\HLY-SMB01\Shares$\HRPayroll\_'PRIOR YRS\2019 ALL FOLDERS\2019 IReports\PEI\Quarterly Reports\1st Qtr 2019 PEI\0170_YKA_QTR_ME_SIT_RPT_03282019_043223_0_03282019_043223.pdf"	"FullControl"	"Allow"	"POWERENG\amonjaras"	"None"	"None"
"\\?\UNC\HLY-SMB01\Shares$\HRPayroll\_'PRIOR YRS\2019 ALL FOLDERS\2019 IReports\PEI\Quarterly Reports\1st Qtr 2019 PEI\0170_YKA_QTR_ME_WAGE_RPT_03282019_043223_0_03282019_043223.pdf"	"FullControl"	"Allow"	"POWERENG\amonjaras"	"None"	"None"
"\\?\UNC\HLY-SMB01\Shares$\HRPayroll\_'PRIOR YRS\2019 ALL FOLDERS\2019 IReports\PEI\Quarterly Reports\1st Qtr 2019 PEI\0170_YKA_QTR_MI_WAGE_RPT_03282019_043223_0_03282019_043223.pdf"	"FullControl"	"Allow"	"POWERENG\amonjaras"	"None"	"None"
"\\?\UNC\HLY-SMB01\Shares$\HRPayroll\_'PRIOR YRS\2019 ALL FOLDERS\2019 IReports\PEI\Quarterly Reports\1st Qtr 2019 PEI\0170_YKA_QTR_MN_WAGE_RPT_03282019_043223_0_03282019_043223.pdf"	"FullControl"	"Allow"	"POWERENG\amonjaras"	"None"	"None"
"\\?\UNC\HLY-SMB01\Shares$\HRPayroll\_'PRIOR YRS\2019 ALL FOLDERS\2019 IReports\PEI\Quarterly Reports\1st Qtr 2019 PEI\0170_YKA_QTR_MO_WAGE_RPT_03282019_043223_0_03282019_043223.pdf"	"FullControl"	"Allow"	"POWERENG\amonjaras"	"None"	"None"
"\\?\UNC\HLY-SMB01\Shares$\HRPayroll\_'PRIOR YRS\2019 ALL FOLDERS\2019 IReports\PEI\Quarterly Reports\1st Qtr 2019 PEI\0170_YKA_QTR_NC_WAGE_RPT_03282019_043223_0_03282019_043223.pdf"	"FullControl"	"Allow"	"POWERENG\amonjaras"	"None"	"None"
"\\?\UNC\HLY-SMB01\Shares$\HRPayroll\_'PRIOR YRS\2019 ALL FOLDERS\2019 IReports\PEI\Quarterly Reports\1st Qtr 2019 PEI\0170_YKA_QTR_NE_WAGE_RPT_03282019_043223_0_03282019_043223.pdf"	"FullControl"	"Allow"	"POWERENG\amonjaras"	"None"	"None"
"\\?\UNC\HLY-SMB01\Shares$\HRPayroll\_'PRIOR YRS\2019 ALL FOLDERS\2019 IReports\PEI\Quarterly Reports\1st Qtr 2019 PEI\0170_YKA_QTR_NJ_WAGE_RPT_03282019_043223_0_03282019_043223.pdf"	"FullControl"	"Allow"	"POWERENG\amonjaras"	"None"	"None"
"\\?\UNC\HLY-SMB01\Shares$\HRPayroll\_'PRIOR YRS\2019 ALL FOLDERS\2019 IReports\PEI\Quarterly Reports\1st Qtr 2019 PEI\0170_YKA_QTR_NM_WAGE_RPT_03282019_043223_0_03282019_043223.pdf"	"FullControl"	"Allow"	"POWERENG\amonjaras"	"None"	"None"
"\\?\UNC\HLY-SMB01\Shares$\HRPayroll\_'PRIOR YRS\2019 ALL FOLDERS\2019 IReports\PEI\Quarterly Reports\1st Qtr 2019 PEI\0170_YKA_QTR_NV_WAGE_RPT_03282019_043223_0_03282019_043223.pdf"	"FullControl"	"Allow"	"POWERENG\amonjaras"	"None"	"None"
"\\?\UNC\HLY-SMB01\Shares$\HRPayroll\_'PRIOR YRS\2019 ALL FOLDERS\2019 IReports\PEI\Quarterly Reports\1st Qtr 2019 PEI\0170_YKA_QTR_NY_WAGE_RPT_03282019_043223_0_03282019_043223.pdf"	"FullControl"	"Allow"	"POWERENG\amonjaras"	"None"	"None"
"\\?\UNC\HLY-SMB01\Shares$\HRPayroll\_'PRIOR YRS\2019 ALL FOLDERS\2019 IReports\PEI\Quarterly Reports\1st Qtr 2019 PEI\0170_YKA_QTR_OH_WAGE_RPT_03282019_043223_0_03282019_043223.pdf"	"FullControl"	"Allow"	"POWERENG\amonjaras"	"None"	"None"
"\\?\UNC\HLY-SMB01\Shares$\HRPayroll\_'PRIOR YRS\2019 ALL FOLDERS\2019 IReports\PEI\Quarterly Reports\1st Qtr 2019 PEI\0170_YKA_QTR_OK_WAGE_RPT_03282019_043223_0_03282019_043223.pdf"	"FullControl"	"Allow"	"POWERENG\amonjaras"	"None"	"None"
"\\?\UNC\HLY-SMB01\Shares$\HRPayroll\_'PRIOR YRS\2019 ALL FOLDERS\2019 IReports\PEI\Quarterly Reports\1st Qtr 2019 PEI\0170_YKA_QTR_OR_TRNS_RPT_03282019_043223_0_03282019_043223.pdf"	"FullControl"	"Allow"	"POWERENG\amonjaras"	"None"	"None"
"\\?\UNC\HLY-SMB01\Shares$\HRPayroll\_'PRIOR YRS\2019 ALL FOLDERS\2019 IReports\PEI\Quarterly Reports\1st Qtr 2019 PEI\0170_YKA_QTR_OR_WAGE_RPT_03282019_043223_0_03282019_043223.pdf"	"FullControl"	"Allow"	"POWERENG\amonjaras"	"None"	"None"
"\\?\UNC\HLY-SMB01\Shares$\HRPayroll\_'PRIOR YRS\2019 ALL FOLDERS\2019 IReports\PEI\Quarterly Reports\1st Qtr 2019 PEI\0170_YKA_QTR_PA_WAGE_RPT_03282019_043223_0_03282019_043223.pdf"	"FullControl"	"Allow"	"POWERENG\amonjaras"	"None"	"None"
"\\?\UNC\HLY-SMB01\Shares$\HRPayroll\_'PRIOR YRS\2019 ALL FOLDERS\2019 IReports\PEI\Quarterly Reports\1st Qtr 2019 PEI\0170_YKA_QTR_SC_WAGE_RPT_03282019_043223_0_03282019_043223.pdf"	"FullControl"	"Allow"	"POWERENG\amonjaras"	"None"	"None"
"\\?\UNC\HLY-SMB01\Shares$\HRPayroll\_'PRIOR YRS\2019 ALL FOLDERS\2019 IReports\PEI\Quarterly Reports\1st Qtr 2019 PEI\0170_YKA_QTR_TN_WAGE_RPT_03282019_043223_0_03282019_043223.pdf"	"FullControl"	"Allow"	"POWERENG\amonjaras"	"None"	"None"
"\\?\UNC\HLY-SMB01\Shares$\HRPayroll\_'PRIOR YRS\2019 ALL FOLDERS\2019 IReports\PEI\Quarterly Reports\1st Qtr 2019 PEI\0170_YKA_QTR_TX_WAGE_RPT_03282019_043223_0_03282019_043223.pdf"	"FullControl"	"Allow"	"POWERENG\amonjaras"	"None"	"None"
"\\?\UNC\HLY-SMB01\Shares$\HRPayroll\_'PRIOR YRS\2019 ALL FOLDERS\2019 IReports\PEI\Quarterly Reports\1st Qtr 2019 PEI\0170_YKA_QTR_UT_WAGE_RPT_03282019_043223_0_03282019_043223.pdf"	"FullControl"	"Allow"	"POWERENG\amonjaras"	"None"	"None"
"\\?\UNC\HLY-SMB01\Shares$\HRPayroll\_'PRIOR YRS\2019 ALL FOLDERS\2019 IReports\PEI\Quarterly Reports\1st Qtr 2019 PEI\0170_YKA_QTR_VA_WAGE_RPT_03282019_043223_0_03282019_043223.pdf"	"FullControl"	"Allow"	"POWERENG\amonjaras"	"None"	"None"
"\\?\UNC\HLY-SMB01\Shares$\HRPayroll\_'PRIOR YRS\2019 ALL FOLDERS\2019 IReports\PEI\Quarterly Reports\1st Qtr 2019 PEI\0170_YKA_QTR_WAGE_RPT_03282019_043223_0_03282019_043223.pdf"	"FullControl"	"Allow"	"POWERENG\amonjaras"	"None"	"None"
"\\?\UNC\HLY-SMB01\Shares$\HRPayroll\_'PRIOR YRS\2019 ALL FOLDERS\2019 IReports\PEI\Quarterly Reports\1st Qtr 2019 PEI\0170_YKA_QTR_WA_FMLI_RPT_03282019_043223_0_03282019_043223.pdf"	"FullControl"	"Allow"	"POWERENG\amonjaras"	"None"	"None"
"\\?\UNC\HLY-SMB01\Shares$\HRPayroll\_'PRIOR YRS\2019 ALL FOLDERS\2019 IReports\PEI\Quarterly Reports\1st Qtr 2019 PEI\0170_YKA_QTR_WA_WAGE_RPT_03282019_043223_0_03282019_043223.pdf"	"FullControl"	"Allow"	"POWERENG\amonjaras"	"None"	"None"
"\\?\UNC\HLY-SMB01\Shares$\HRPayroll\_'PRIOR YRS\2019 ALL FOLDERS\2019 IReports\PEI\Quarterly Reports\1st Qtr 2019 PEI\0170_YKA_QTR_WI_WAGE_RPT_03282019_043223_0_03282019_043223.pdf"	"FullControl"	"Allow"	"POWERENG\amonjaras"	"None"	"None"
"\\?\UNC\HLY-SMB01\Shares$\HRPayroll\_'PRIOR YRS\2019 ALL FOLDERS\2019 IReports\PEI\Quarterly Reports\1st Qtr 2019 PEI\0170_YKA_QTR_WY_WAGE_RPT_03282019_043223_0_03282019_043223.pdf"	"FullControl"	"Allow"	"POWERENG\amonjaras"	"None"	"None"
"\\?\UNC\HLY-SMB01\Shares$\HRPayroll\_'PRIOR YRS\2019 ALL FOLDERS\2019 IReports\PEI\Quarterly Reports\1st Qtr 2019 PEI\0170_YKA_WAGE_AND_TAX_03282019_043223_0_03282019_043223.pdf"	"FullControl"	"Allow"	"POWERENG\amonjaras"	"None"	"None"
"\\?\UNC\HLY-SMB01\Shares$\HRPayroll\_'PRIOR YRS\2019 ALL FOLDERS\2019 IReports\PEI\Quarterly Reports\1st Qtr 2019 PEI\1st Qtr 2019 Preview Qtrly Processing.zip"	"FullControl"	"Allow"	"POWERENG\amonjaras"	"None"	"None"
"\\?\UNC\HLY-SMB01\Shares$\HRPayroll\_'PRIOR YRS\2019 ALL FOLDERS\2019 IReports\PEI\Quarterly Reports\1st Qtr 2019 PEI\1st Qtr 2019 processing rpts.zip"	"FullControl"	"Allow"	"POWERENG\amonjaras"	"None"	"None"
"\\?\UNC\HLY-SMB01\Shares$\HRPayroll\_'PRIOR YRS\2019 ALL FOLDERS\2019 IReports\PEI\Quarterly Reports\1st Qtr 2019 PEI\3.24.2019 Client Error Rpt Qtr1 2019.zip"	"FullControl"	"Allow"	"POWERENG\amonjaras"	"None"	"None"
"\\?\UNC\HLY-SMB01\Shares$\HRPayroll\_'PRIOR YRS\2019 ALL FOLDERS\2019 IReports\PEI\Quarterly Reports\1st Qtr 2019 PEI\adpireports20190507144235.zip"	"FullControl"	"Allow"	"POWERENG\amonjaras"	"None"	"None"
"\\?\UNC\HLY-SMB01\Shares$\HRPayroll\_'PRIOR YRS\2019 ALL FOLDERS\2019 IReports\PEI\Quarterly Reports\1st Qtr 2019 PEI\Client Error Rpt Qtr1 2019.zip"	"FullControl"	"Allow"	"POWERENG\amonjaras"	"None"	"None"
"\\?\UNC\HLY-SMB01\Shares$\HRPayroll\_'PRIOR YRS\2019 ALL FOLDERS\2019 IReports\PEI\Quarterly Reports\1st Qtr 2019 PEI\Employee rpt 3.8.2019.zip"	"FullControl"	"Allow"	"POWERENG\amonjaras"	"None"	"None"
"\\?\UNC\HLY-SMB01\Shares$\HRPayroll\_'PRIOR YRS\2019 ALL FOLDERS\2019 IReports\PEI\Quarterly Reports\1st Qtr 2019 PEI\Quarterly_Tax_Verification_Letter__Qtr 1 2019.zip"	"FullControl"	"Allow"	"POWERENG\amonjaras"	"None"	"None"
"\\?\UNC\HLY-SMB01\Shares$\HRPayroll\_'PRIOR YRS\2019 ALL FOLDERS\2019 IReports\PEI\Quarterly Reports\2nd Qtr 2019 PEI\2nd Qtr Qtrly Rpts.zip"	"FullControl"	"Allow"	"POWERENG\amonjaras"	"None"	"None"
"\\?\UNC\HLY-SMB01\Shares$\HRPayroll\_'PRIOR YRS\2019 ALL FOLDERS\2019 IReports\PEI\Quarterly Reports\2nd Qtr 2019 PEI\EE 2nd Qtrly Rpt.zip"	"FullControl"	"Allow"	"POWERENG\amonjaras"	"None"	"None"
"\\?\UNC\HLY-SMB01\Shares$\HRPayroll\_'PRIOR YRS\2019 ALL FOLDERS\2019 IReports\PEI\Quarterly Reports\2nd Qtr 2019 PEI\Preview 2nd Qtr rpts.zip"	"FullControl"	"Allow"	"POWERENG\amonjaras"	"None"	"None"
"\\?\UNC\HLY-SMB01\Shares$\HRPayroll\_'PRIOR YRS\2019 ALL FOLDERS\2019 IReports\PEI\Quarterly Reports\2nd Qtr 2019 PEI\Qtrly Processing.zip"	"FullControl"	"Allow"	"POWERENG\amonjaras"	"None"	"None"
"\\?\UNC\HLY-SMB01\Shares$\HRPayroll\_'PRIOR YRS\2019 ALL FOLDERS\2019 WC Audit\1099's and Sub Payment Summaries.zip"	"FullControl"	"Allow"	"POWERENG\nreynolds"	"None"	"None"
"\\?\UNC\HLY-SMB01\Shares$\HRPayroll\_'PRIOR YRS\2020 ALL FOLDERS\2020 Accrued Payroll\Total Hrs\5-8\ADP Total Hours AS of 05_08_20.xls"	"FullControl"	"Allow"	"POWERENG\pcobb"	"None"	"None"
"\\?\UNC\HLY-SMB01\Shares$\HRPayroll\_'PRIOR YRS\2020 ALL FOLDERS\2020 Employment Verifications\09-September\Harder Curtis.pdf"	"FullControl"	"Allow"	"POWERENG\pcobb"	"None"	"None"
"\\?\UNC\HLY-SMB01\Shares$\HRPayroll\_'PRIOR YRS\2020 ALL FOLDERS\2020 Forms 941 etc\1st Quarter 2020\SOD\2020 1st QTR SOD.pdf"	"FullControl"	"Allow"	"POWERENG\pcobb"	"None"	"None"
"\\?\UNC\HLY-SMB01\Shares$\HRPayroll\_'PRIOR YRS\2020 ALL FOLDERS\2020 Forms 941 etc\2nd Quarter 2020\MI 04-2020 SALES, USE AND WITHHOLDING.pdf"	"FullControl"	"Allow"	"POWERENG\pcobb"	"None"	"None"
"\\?\UNC\HLY-SMB01\Shares$\HRPayroll\_'PRIOR YRS\2020 ALL FOLDERS\2020 Forms 941 etc\3rd Quarter 2020\941\PAC 941R - 2020 3RD Quarterly Federal Tax Return.pdf"	"FullControl"	"Allow"	"POWERENG\pcobb"	"None"	"None"
"\\?\UNC\HLY-SMB01\Shares$\HRPayroll\_'PRIOR YRS\2020 ALL FOLDERS\2020 Forms 941 etc\3rd Quarter 2020\941\PCI 941R -2020 3RD Quarterly Federal Tax Return.pdf"	"FullControl"	"Allow"	"POWERENG\pcobb"	"None"	"None"
"\\?\UNC\HLY-SMB01\Shares$\HRPayroll\_'PRIOR YRS\2020 ALL FOLDERS\2020 Forms 941 etc\3rd Quarter 2020\941\PEI  941R - 2020 3RD Quarterly Federal Tax Return.pdf"	"FullControl"	"Allow"	"POWERENG\pcobb"	"None"	"None"
"\\?\UNC\HLY-SMB01\Shares$\HRPayroll\_'PRIOR YRS\2020 ALL FOLDERS\2020 Forms 941 etc\3rd Quarter 2020\941\PTE 941R - 2020 3RD Quarterly Federal Tax Return.pdf"	"FullControl"	"Allow"	"POWERENG\pcobb"	"None"	"None"
"\\?\UNC\HLY-SMB01\Shares$\HRPayroll\_'PRIOR YRS\2020 ALL FOLDERS\2020 iReports\GL DOWNLOADS\PAC\021420\PAC 021420 GL.txt"	"FullControl"	"Allow"	"POWERENG\pcobb"	"None"	"None"
"\\?\UNC\HLY-SMB01\Shares$\HRPayroll\_'PRIOR YRS\2020 ALL FOLDERS\2020 iReports\GL DOWNLOADS\PAC\031320\PAC 031320 GL.txt"	"FullControl"	"Allow"	"POWERENG\pcobb"	"None"	"None"
"\\?\UNC\HLY-SMB01\Shares$\HRPayroll\_'PRIOR YRS\2020 ALL FOLDERS\2020 iReports\GL DOWNLOADS\PAC\032720\PAC gl.txt"	"FullControl"	"Allow"	"POWERENG\pcobb"	"None"	"None"
"\\?\UNC\HLY-SMB01\Shares$\HRPayroll\_'PRIOR YRS\2020 ALL FOLDERS\2020 iReports\GL DOWNLOADS\PAC\042420\042420.txt"	"FullControl"	"Allow"	"POWERENG\pcobb"	"None"	"None"
"\\?\UNC\HLY-SMB01\Shares$\HRPayroll\_'PRIOR YRS\2020 ALL FOLDERS\2020 iReports\GL DOWNLOADS\PAC\052220\YBU.txt"	"FullControl"	"Allow"	"POWERENG\pcobb"	"None"	"None"
"\\?\UNC\HLY-SMB01\Shares$\HRPayroll\_'PRIOR YRS\2020 ALL FOLDERS\2020 iReports\GL DOWNLOADS\PAC\092520\YBU.txt"	"FullControl"	"Allow"	"POWERENG\pcobb"	"None"	"None"
"\\?\UNC\HLY-SMB01\Shares$\HRPayroll\_'PRIOR YRS\2020 ALL FOLDERS\2020 iReports\GL DOWNLOADS\PAC\100920\YBU.txt"	"FullControl"	"Allow"	"POWERENG\pcobb"	"None"	"None"
"\\?\UNC\HLY-SMB01\Shares$\HRPayroll\_'PRIOR YRS\2020 ALL FOLDERS\2020 iReports\GL DOWNLOADS\PAC\102320\YBU.txt"	"FullControl"	"Allow"	"POWERENG\pcobb"	"None"	"None"
"\\?\UNC\HLY-SMB01\Shares$\HRPayroll\_'PRIOR YRS\2020 ALL FOLDERS\2020 iReports\GL DOWNLOADS\PAC\110620\YBU.txt"	"FullControl"	"Allow"	"POWERENG\pcobb"	"None"	"None"
"\\?\UNC\HLY-SMB01\Shares$\HRPayroll\_'PRIOR YRS\2020 ALL FOLDERS\2020 iReports\GL DOWNLOADS\PAC\112020\YBU.txt"	"FullControl"	"Allow"	"POWERENG\pcobb"	"None"	"None"
"\\?\UNC\HLY-SMB01\Shares$\HRPayroll\_'PRIOR YRS\2020 ALL FOLDERS\2020 iReports\GL DOWNLOADS\PAC\120420\YBU.txt"	"FullControl"	"Allow"	"POWERENG\pcobb"	"None"	"None"
"\\?\UNC\HLY-SMB01\Shares$\HRPayroll\_'PRIOR YRS\2020 ALL FOLDERS\2020 iReports\GL DOWNLOADS\PAC\121120\YBU.txt"	"FullControl"	"Allow"	"POWERENG\pcobb"	"None"	"None"
"\\?\UNC\HLY-SMB01\Shares$\HRPayroll\_'PRIOR YRS\2020 ALL FOLDERS\2020 iReports\GL DOWNLOADS\PAC\121820\YBU.txt"	"FullControl"	"Allow"	"POWERENG\pcobb"	"None"	"None"
"\\?\UNC\HLY-SMB01\Shares$\HRPayroll\_'PRIOR YRS\2020 ALL FOLDERS\2020 iReports\GL DOWNLOADS\PAC\123120\YBU.txt"	"FullControl"	"Allow"	"POWERENG\pcobb"	"None"	"None"
"\\?\UNC\HLY-SMB01\Shares$\HRPayroll\_'PRIOR YRS\2020 ALL FOLDERS\2020 iReports\GL DOWNLOADS\PCI\010420\PCI GL.txt"	"FullControl"	"Allow"	"POWERENG\pcobb"	"None"	"None"
"\\?\UNC\HLY-SMB01\Shares$\HRPayroll\_'PRIOR YRS\2020 ALL FOLDERS\2020 iReports\GL DOWNLOADS\PCI\021420\PCI 021420 GL.txt"	"FullControl"	"Allow"	"POWERENG\pcobb"	"None"	"None"
"\\?\UNC\HLY-SMB01\Shares$\HRPayroll\_'PRIOR YRS\2020 ALL FOLDERS\2020 iReports\GL DOWNLOADS\PCI\031320\PCI 031320 GL.txt"	"FullControl"	"Allow"	"POWERENG\pcobb"	"None"	"None"
"\\?\UNC\HLY-SMB01\Shares$\HRPayroll\_'PRIOR YRS\2020 ALL FOLDERS\2020 iReports\GL DOWNLOADS\PCI\032720\PCI gl.txt"	"FullControl"	"Allow"	"POWERENG\pcobb"	"None"	"None"
"\\?\UNC\HLY-SMB01\Shares$\HRPayroll\_'PRIOR YRS\2020 ALL FOLDERS\2020 iReports\GL DOWNLOADS\PCI\041020\PCI.txt"	"FullControl"	"Allow"	"POWERENG\pcobb"	"None"	"None"
"\\?\UNC\HLY-SMB01\Shares$\HRPayroll\_'PRIOR YRS\2020 ALL FOLDERS\2020 iReports\GL DOWNLOADS\PCI\042420\YJ3.txt"	"FullControl"	"Allow"	"POWERENG\pcobb"	"None"	"None"
"\\?\UNC\HLY-SMB01\Shares$\HRPayroll\_'PRIOR YRS\2020 ALL FOLDERS\2020 iReports\GL DOWNLOADS\PCI\052220\YJ3.txt"	"FullControl"	"Allow"	"POWERENG\pcobb"	"None"	"None"
"\\?\UNC\HLY-SMB01\Shares$\HRPayroll\_'PRIOR YRS\2020 ALL FOLDERS\2020 iReports\GL DOWNLOADS\PCI\091120\YJ3.txt"	"FullControl"	"Allow"	"POWERENG\pcobb"	"None"	"None"
"\\?\UNC\HLY-SMB01\Shares$\HRPayroll\_'PRIOR YRS\2020 ALL FOLDERS\2020 iReports\GL DOWNLOADS\PCI\092520\YJ3.txt"	"FullControl"	"Allow"	"POWERENG\pcobb"	"None"	"None"
"\\?\UNC\HLY-SMB01\Shares$\HRPayroll\_'PRIOR YRS\2020 ALL FOLDERS\2020 iReports\GL DOWNLOADS\PCI\100920\YJ3.txt"	"FullControl"	"Allow"	"POWERENG\pcobb"	"None"	"None"
"\\?\UNC\HLY-SMB01\Shares$\HRPayroll\_'PRIOR YRS\2020 ALL FOLDERS\2020 iReports\GL DOWNLOADS\PCI\102320\YJ3.txt"	"FullControl"	"Allow"	"POWERENG\pcobb"	"None"	"None"
"\\?\UNC\HLY-SMB01\Shares$\HRPayroll\_'PRIOR YRS\2020 ALL FOLDERS\2020 iReports\GL DOWNLOADS\PCI\110620\YJ3.txt"	"FullControl"	"Allow"	"POWERENG\pcobb"	"None"	"None"
"\\?\UNC\HLY-SMB01\Shares$\HRPayroll\_'PRIOR YRS\2020 ALL FOLDERS\2020 iReports\GL DOWNLOADS\PCI\112020\YJ3.txt"	"FullControl"	"Allow"	"POWERENG\pcobb"	"None"	"None"
"\\?\UNC\HLY-SMB01\Shares$\HRPayroll\_'PRIOR YRS\2020 ALL FOLDERS\2020 iReports\GL DOWNLOADS\PCI\120420\YJ3.txt"	"FullControl"	"Allow"	"POWERENG\pcobb"	"None"	"None"
"\\?\UNC\HLY-SMB01\Shares$\HRPayroll\_'PRIOR YRS\2020 ALL FOLDERS\2020 iReports\GL DOWNLOADS\PCI\121120\YJ3.txt"	"FullControl"	"Allow"	"POWERENG\pcobb"	"None"	"None"
"\\?\UNC\HLY-SMB01\Shares$\HRPayroll\_'PRIOR YRS\2020 ALL FOLDERS\2020 iReports\GL DOWNLOADS\PCI\121820\YJ3.txt"	"FullControl"	"Allow"	"POWERENG\pcobb"	"None"	"None"
"\\?\UNC\HLY-SMB01\Shares$\HRPayroll\_'PRIOR YRS\2020 ALL FOLDERS\2020 iReports\GL DOWNLOADS\PCI\123120\YJ3.txt"	"FullControl"	"Allow"	"POWERENG\pcobb"	"None"	"None"
"\\?\UNC\HLY-SMB01\Shares$\HRPayroll\_'PRIOR YRS\2020 ALL FOLDERS\2020 iReports\GL DOWNLOADS\PEI\031320GL.txt"	"FullControl"	"Allow"	"POWERENG\pcobb"	"None"	"None"
"\\?\UNC\HLY-SMB01\Shares$\HRPayroll\_'PRIOR YRS\2020 ALL FOLDERS\2020 iReports\GL DOWNLOADS\PTE\032720GL.txt"	"FullControl"	"Allow"	"POWERENG\pcobb"	"None"	"None"
"\\?\UNC\HLY-SMB01\Shares$\HRPayroll\_'PRIOR YRS\2020 ALL FOLDERS\2020 iReports\GL DOWNLOADS\PTE\121120GL.txt"	"FullControl"	"Allow"	"POWERENG\pcobb"	"None"	"None"
"\\?\UNC\HLY-SMB01\Shares$\HRPayroll\_'PRIOR YRS\2020 ALL FOLDERS\2020 iReports\PAC\Allpay_Quickview_Backup Reports\010320\PRV_New_Hire_Compliance_Report.pdf"	"FullControl"	"Allow"	"POWERENG\pcobb"	"None"	"None"
"\\?\UNC\HLY-SMB01\Shares$\HRPayroll\_'PRIOR YRS\2020 ALL FOLDERS\2020 iReports\PAC\Allpay_Quickview_Backup Reports\010320\PRV_Payroll_Register.pdf"	"FullControl"	"Allow"	"POWERENG\pcobb"	"None"	"None"
"\\?\UNC\HLY-SMB01\Shares$\HRPayroll\_'PRIOR YRS\2020 ALL FOLDERS\2020 iReports\PAC\Allpay_Quickview_Backup Reports\010320\Unused_Deduction_Report.pdf"	"FullControl"	"Allow"	"POWERENG\pcobb"	"None"	"None"
"\\?\UNC\HLY-SMB01\Shares$\HRPayroll\_'PRIOR YRS\2020 ALL FOLDERS\2020 iReports\PAC\Allpay_Quickview_Backup Reports\013120\PRV_Stat_Summary.pdf"	"FullControl"	"Allow"	"POWERENG\pcobb"	"None"	"None"
"\\?\UNC\HLY-SMB01\Shares$\HRPayroll\_'PRIOR YRS\2020 ALL FOLDERS\2020 iReports\PAC\Allpay_Quickview_Backup Reports\013120\PRV_Unused_Deduction_Report.pdf"	"FullControl"	"Allow"	"POWERENG\pcobb"	"None"	"None"
"\\?\UNC\HLY-SMB01\Shares$\HRPayroll\_'PRIOR YRS\2020 ALL FOLDERS\2020 iReports\PAC\Allpay_Quickview_Backup Reports\031320\PRV_New_Hire_Compliance_Report_2.pdf"	"FullControl"	"Allow"	"POWERENG\pcobb"	"None"	"None"
"\\?\UNC\HLY-SMB01\Shares$\HRPayroll\_'PRIOR YRS\2020 ALL FOLDERS\2020 iReports\PAC\Allpay_Quickview_Backup Reports\031320\PRV_Payroll_Register_2.pdf"	"FullControl"	"Allow"	"POWERENG\pcobb"	"None"	"None"
"\\?\UNC\HLY-SMB01\Shares$\HRPayroll\_'PRIOR YRS\2020 ALL FOLDERS\2020 iReports\PAC\Allpay_Quickview_Backup Reports\031320\PRV_Stat_Summary_2.pdf"	"FullControl"	"Allow"	"POWERENG\pcobb"	"None"	"None"
"\\?\UNC\HLY-SMB01\Shares$\HRPayroll\_'PRIOR YRS\2020 ALL FOLDERS\2020 iReports\PAC\Allpay_Quickview_Backup Reports\031320\PRV_Unused_Deduction_Report.pdf"	"FullControl"	"Allow"	"POWERENG\pcobb"	"None"	"None"
"\\?\UNC\HLY-SMB01\Shares$\HRPayroll\_'PRIOR YRS\2020 ALL FOLDERS\2020 iReports\PAC\Allpay_Quickview_Backup Reports\031320\PRV_Unused_Deduction_Report_2.pdf"	"FullControl"	"Allow"	"POWERENG\pcobb"	"None"	"None"
"\\?\UNC\HLY-SMB01\Shares$\HRPayroll\_'PRIOR YRS\2020 ALL FOLDERS\2020 iReports\PAC\Allpay_Quickview_Backup Reports\100920\0170_YBU_41_1_0360_PRV_New_Hire_Compliance_Report_10062020_074756.pdf"	"FullControl"	"Allow"	"POWERENG\pcobb"	"None"	"None"
"\\?\UNC\HLY-SMB01\Shares$\HRPayroll\_'PRIOR YRS\2020 ALL FOLDERS\2020 iReports\PAC\Allpay_Quickview_Backup Reports\100920\0170_YBU_41_1_0360_PRV_Payroll_Register_10062020_074756.pdf"	"FullControl"	"Allow"	"POWERENG\pcobb"	"None"	"None"
"\\?\UNC\HLY-SMB01\Shares$\HRPayroll\_'PRIOR YRS\2020 ALL FOLDERS\2020 iReports\PAC\Allpay_Quickview_Backup Reports\100920\0170_YBU_41_1_0360_PRV_Stat_Summary_10062020_074746.pdf"	"FullControl"	"Allow"	"POWERENG\pcobb"	"None"	"None"
"\\?\UNC\HLY-SMB01\Shares$\HRPayroll\_'PRIOR YRS\2020 ALL FOLDERS\2020 iReports\PAC\Allpay_Quickview_Backup Reports\121820\PRV1.zip"	"FullControl"	"Allow"	"POWERENG\pcobb"	"None"	"None"
"\\?\UNC\HLY-SMB01\Shares$\HRPayroll\_'PRIOR YRS\2020 ALL FOLDERS\2020 iReports\PAC\Allpay_Quickview_Backup Reports\123120\PRV1.zip"	"FullControl"	"Allow"	"POWERENG\pcobb"	"None"	"None"
"\\?\UNC\HLY-SMB01\Shares$\HRPayroll\_'PRIOR YRS\2020 ALL FOLDERS\2020 iReports\PAC\iReports\10.09.20.zip"	"FullControl"	"Allow"	"POWERENG\pcobb"	"None"	"None"
"\\?\UNC\HLY-SMB01\Shares$\HRPayroll\_'PRIOR YRS\2020 ALL FOLDERS\2020 iReports\PAC\iReports\10.23.20.zip"	"FullControl"	"Allow"	"POWERENG\pcobb"	"None"	"None"
"\\?\UNC\HLY-SMB01\Shares$\HRPayroll\_'PRIOR YRS\2020 ALL FOLDERS\2020 iReports\PAC\iReports\11.06.20.zip"	"FullControl"	"Allow"	"POWERENG\pcobb"	"None"	"None"
"\\?\UNC\HLY-SMB01\Shares$\HRPayroll\_'PRIOR YRS\2020 ALL FOLDERS\2020 iReports\PAC\iReports\11.20.20.zip"	"FullControl"	"Allow"	"POWERENG\pcobb"	"None"	"None"
"\\?\UNC\HLY-SMB01\Shares$\HRPayroll\_'PRIOR YRS\2020 ALL FOLDERS\2020 iReports\PAC\iReports\12.04.20.zip"	"FullControl"	"Allow"	"POWERENG\pcobb"	"None"	"None"
"\\?\UNC\HLY-SMB01\Shares$\HRPayroll\_'PRIOR YRS\2020 ALL FOLDERS\2020 iReports\PAC\iReports\12.11.20.zip"	"FullControl"	"Allow"	"POWERENG\pcobb"	"None"	"None"
"\\?\UNC\HLY-SMB01\Shares$\HRPayroll\_'PRIOR YRS\2020 ALL FOLDERS\2020 iReports\PAC\iReports\12.18.20.zip"	"FullControl"	"Allow"	"POWERENG\pcobb"	"None"	"None"
"\\?\UNC\HLY-SMB01\Shares$\HRPayroll\_'PRIOR YRS\2020 ALL FOLDERS\2020 iReports\PAC\iReports\12.31.20.zip"	"FullControl"	"Allow"	"POWERENG\pcobb"	"None"	"None"
"\\?\UNC\HLY-SMB01\Shares$\HRPayroll\_'PRIOR YRS\2020 ALL FOLDERS\2020 iReports\PAC\iReports\2.28.20.zip"	"FullControl"	"Allow"	"POWERENG\pcobb"	"None"	"None"
"\\?\UNC\HLY-SMB01\Shares$\HRPayroll\_'PRIOR YRS\2020 ALL FOLDERS\2020 iReports\PAC\iReports\3.13.20.zip"	"FullControl"	"Allow"	"POWERENG\pcobb"	"None"	"None"
"\\?\UNC\HLY-SMB01\Shares$\HRPayroll\_'PRIOR YRS\2020 ALL FOLDERS\2020 iReports\PAC\iReports\3.27.20.zip"	"FullControl"	"Allow"	"POWERENG\pcobb"	"None"	"None"
"\\?\UNC\HLY-SMB01\Shares$\HRPayroll\_'PRIOR YRS\2020 ALL FOLDERS\2020 iReports\PAC\iReports\4.24.20.zip"	"FullControl"	"Allow"	"POWERENG\pcobb"	"None"	"None"
"\\?\UNC\HLY-SMB01\Shares$\HRPayroll\_'PRIOR YRS\2020 ALL FOLDERS\2020 iReports\PAC\iReports\5.08.20.zip"	"FullControl"	"Allow"	"POWERENG\pcobb"	"None"	"None"
"\\?\UNC\HLY-SMB01\Shares$\HRPayroll\_'PRIOR YRS\2020 ALL FOLDERS\2020 iReports\PAC\iReports\5.22.20.zip"	"FullControl"	"Allow"	"POWERENG\pcobb"	"None"	"None"
"\\?\UNC\HLY-SMB01\Shares$\HRPayroll\_'PRIOR YRS\2020 ALL FOLDERS\2020 iReports\PAC\iReports\6.19.20.zip"	"FullControl"	"Allow"	"POWERENG\pcobb"	"None"	"None"
"\\?\UNC\HLY-SMB01\Shares$\HRPayroll\_'PRIOR YRS\2020 ALL FOLDERS\2020 iReports\PAC\iReports\6.5.20.zip"	"FullControl"	"Allow"	"POWERENG\pcobb"	"None"	"None"
"\\?\UNC\HLY-SMB01\Shares$\HRPayroll\_'PRIOR YRS\2020 ALL FOLDERS\2020 iReports\PAC\iReports\7.02.20.zip"	"FullControl"	"Allow"	"POWERENG\pcobb"	"None"	"None"
"\\?\UNC\HLY-SMB01\Shares$\HRPayroll\_'PRIOR YRS\2020 ALL FOLDERS\2020 iReports\PAC\iReports\7.17.20.zip"	"FullControl"	"Allow"	"POWERENG\pcobb"	"None"	"None"
"\\?\UNC\HLY-SMB01\Shares$\HRPayroll\_'PRIOR YRS\2020 ALL FOLDERS\2020 iReports\PAC\iReports\8.14.20.zip"	"FullControl"	"Allow"	"POWERENG\pcobb"	"None"	"None"
"\\?\UNC\HLY-SMB01\Shares$\HRPayroll\_'PRIOR YRS\2020 ALL FOLDERS\2020 iReports\PAC\iReports\8.28.20.zip"	"FullControl"	"Allow"	"POWERENG\pcobb"	"None"	"None"
"\\?\UNC\HLY-SMB01\Shares$\HRPayroll\_'PRIOR YRS\2020 ALL FOLDERS\2020 iReports\PAC\iReports\9.11.20.zip"	"FullControl"	"Allow"	"POWERENG\pcobb"	"None"	"None"
"\\?\UNC\HLY-SMB01\Shares$\HRPayroll\_'PRIOR YRS\2020 ALL FOLDERS\2020 iReports\PAC\iReports\9.25.20.zip"	"FullControl"	"Allow"	"POWERENG\pcobb"	"None"	"None"
"\\?\UNC\HLY-SMB01\Shares$\HRPayroll\_'PRIOR YRS\2020 ALL FOLDERS\2020 iReports\PAC\Quarterly Reports\1st Quarter 2020\1st Quarter Reports Preview.zip"	"FullControl"	"Allow"	"POWERENG\pcobb"	"None"	"None"
"\\?\UNC\HLY-SMB01\Shares$\HRPayroll\_'PRIOR YRS\2020 ALL FOLDERS\2020 iReports\PAC\Quarterly Reports\1st Quarter 2020\quarterly reports.zip"	"FullControl"	"Allow"	"POWERENG\pcobb"	"None"	"None"
"\\?\UNC\HLY-SMB01\Shares$\HRPayroll\_'PRIOR YRS\2020 ALL FOLDERS\2020 iReports\PAC\Quarterly Reports\3rd Quarter 2020\0170_YBU_20203_Quarterly_Tax_Verification_Letter_08222020_033407.pdf"	"FullControl"	"Allow"	"POWERENG\pcobb"	"None"	"None"
"\\?\UNC\HLY-SMB01\Shares$\HRPayroll\_'PRIOR YRS\2020 ALL FOLDERS\2020 iReports\PAC\Quarterly Reports\3rd Quarter 2020\report.zip"	"FullControl"	"Allow"	"POWERENG\pcobb"	"None"	"None"
"\\?\UNC\HLY-SMB01\Shares$\HRPayroll\_'PRIOR YRS\2020 ALL FOLDERS\2020 iReports\PAC\Quarterly Reports\4th Quarter 2020\4th Qtr Reports.zip"	"FullControl"	"Allow"	"POWERENG\pcobb"	"None"	"None"
"\\?\UNC\HLY-SMB01\Shares$\HRPayroll\_'PRIOR YRS\2020 ALL FOLDERS\2020 iReports\PAC\Quarterly Reports\4th Quarter 2020\final 2020 4th qtr-W2's.zip"	"FullControl"	"Allow"	"POWERENG\pcobb"	"None"	"None"
"\\?\UNC\HLY-SMB01\Shares$\HRPayroll\_'PRIOR YRS\2020 ALL FOLDERS\2020 iReports\PAC\Quarterly Reports\4th Quarter 2020\PRV W2 12.06.20.zip"	"FullControl"	"Allow"	"POWERENG\pcobb"	"None"	"None"
"\\?\UNC\HLY-SMB01\Shares$\HRPayroll\_'PRIOR YRS\2020 ALL FOLDERS\2020 iReports\PCI\Allpay_Quickview_Backup Reports\010320\PRV_New_Hire_Compliance_Report.pdf"	"FullControl"	"Allow"	"POWERENG\pcobb"	"None"	"None"
"\\?\UNC\HLY-SMB01\Shares$\HRPayroll\_'PRIOR YRS\2020 ALL FOLDERS\2020 iReports\PCI\Allpay_Quickview_Backup Reports\010320\PRV_Payroll_Register.pdf"	"FullControl"	"Allow"	"POWERENG\pcobb"	"None"	"None"
"\\?\UNC\HLY-SMB01\Shares$\HRPayroll\_'PRIOR YRS\2020 ALL FOLDERS\2020 iReports\PCI\Allpay_Quickview_Backup Reports\010320\PRV_Unused_Deduction_Report.pdf"	"FullControl"	"Allow"	"POWERENG\pcobb"	"None"	"None"
"\\?\UNC\HLY-SMB01\Shares$\HRPayroll\_'PRIOR YRS\2020 ALL FOLDERS\2020 iReports\PCI\Allpay_Quickview_Backup Reports\013120\PRV_New_Hire_Compliance_Report.pdf"	"FullControl"	"Allow"	"POWERENG\pcobb"	"None"	"None"
"\\?\UNC\HLY-SMB01\Shares$\HRPayroll\_'PRIOR YRS\2020 ALL FOLDERS\2020 iReports\PCI\Allpay_Quickview_Backup Reports\013120\PRV_Payroll_Register.pdf"	"FullControl"	"Allow"	"POWERENG\pcobb"	"None"	"None"
"\\?\UNC\HLY-SMB01\Shares$\HRPayroll\_'PRIOR YRS\2020 ALL FOLDERS\2020 iReports\PCI\Allpay_Quickview_Backup Reports\013120\PRV_Stat_Summary.pdf"	"FullControl"	"Allow"	"POWERENG\pcobb"	"None"	"None"
"\\?\UNC\HLY-SMB01\Shares$\HRPayroll\_'PRIOR YRS\2020 ALL FOLDERS\2020 iReports\PCI\Allpay_Quickview_Backup Reports\013120\PRV_Unused_Deduction_Report.pdf"	"FullControl"	"Allow"	"POWERENG\pcobb"	"None"	"None"
"\\?\UNC\HLY-SMB01\Shares$\HRPayroll\_'PRIOR YRS\2020 ALL FOLDERS\2020 iReports\PCI\Allpay_Quickview_Backup Reports\022820\PRV New_Hire_Compliance_Report.pdf"	"FullControl"	"Allow"	"POWERENG\pcobb"	"None"	"None"
"\\?\UNC\HLY-SMB01\Shares$\HRPayroll\_'PRIOR YRS\2020 ALL FOLDERS\2020 iReports\PCI\Allpay_Quickview_Backup Reports\022820\PRV Payroll_Register.pdf"	"FullControl"	"Allow"	"POWERENG\pcobb"	"None"	"None"
"\\?\UNC\HLY-SMB01\Shares$\HRPayroll\_'PRIOR YRS\2020 ALL FOLDERS\2020 iReports\PCI\Allpay_Quickview_Backup Reports\031320\PRV_New_Hire_Compliance_Report.pdf"	"FullControl"	"Allow"	"POWERENG\pcobb"	"None"	"None"
"\\?\UNC\HLY-SMB01\Shares$\HRPayroll\_'PRIOR YRS\2020 ALL FOLDERS\2020 iReports\PCI\Allpay_Quickview_Backup Reports\031320\PRV_Payroll_Register.pdf"	"FullControl"	"Allow"	"POWERENG\pcobb"	"None"	"None"
"\\?\UNC\HLY-SMB01\Shares$\HRPayroll\_'PRIOR YRS\2020 ALL FOLDERS\2020 iReports\PCI\Allpay_Quickview_Backup Reports\031320\PRV_Stat_Summary.pdf"	"FullControl"	"Allow"	"POWERENG\pcobb"	"None"	"None"
"\\?\UNC\HLY-SMB01\Shares$\HRPayroll\_'PRIOR YRS\2020 ALL FOLDERS\2020 iReports\PCI\Allpay_Quickview_Backup Reports\100920\0170_YJ3_41_1_0360_PRV_New_Hire_Compliance_Report_10062020_074756.pdf"	"FullControl"	"Allow"	"POWERENG\pcobb"	"None"	"None"
"\\?\UNC\HLY-SMB01\Shares$\HRPayroll\_'PRIOR YRS\2020 ALL FOLDERS\2020 iReports\PCI\Allpay_Quickview_Backup Reports\100920\0170_YJ3_41_1_0360_PRV_Payroll_Register_10062020_074756.pdf"	"FullControl"	"Allow"	"POWERENG\pcobb"	"None"	"None"
"\\?\UNC\HLY-SMB01\Shares$\HRPayroll\_'PRIOR YRS\2020 ALL FOLDERS\2020 iReports\PCI\Allpay_Quickview_Backup Reports\100920\0170_YJ3_41_1_0360_PRV_Pays_Issued_To_Non-Active_10062020_074756.pdf"	"FullControl"	"Allow"	"POWERENG\pcobb"	"None"	"None"
"\\?\UNC\HLY-SMB01\Shares$\HRPayroll\_'PRIOR YRS\2020 ALL FOLDERS\2020 iReports\PCI\Allpay_Quickview_Backup Reports\100920\0170_YJ3_41_1_0360_PRV_Stat_Summary_10062020_074746.pdf"	"FullControl"	"Allow"	"POWERENG\pcobb"	"None"	"None"
"\\?\UNC\HLY-SMB01\Shares$\HRPayroll\_'PRIOR YRS\2020 ALL FOLDERS\2020 iReports\PCI\Allpay_Quickview_Backup Reports\121120\PRV1.zip"	"FullControl"	"Allow"	"POWERENG\pcobb"	"None"	"None"
"\\?\UNC\HLY-SMB01\Shares$\HRPayroll\_'PRIOR YRS\2020 ALL FOLDERS\2020 iReports\PCI\Allpay_Quickview_Backup Reports\121820\PRV1.zip"	"FullControl"	"Allow"	"POWERENG\pcobb"	"None"	"None"
"\\?\UNC\HLY-SMB01\Shares$\HRPayroll\_'PRIOR YRS\2020 ALL FOLDERS\2020 iReports\PCI\Allpay_Quickview_Backup Reports\121820\PRV2.zip"	"FullControl"	"Allow"	"POWERENG\pcobb"	"None"	"None"
"\\?\UNC\HLY-SMB01\Shares$\HRPayroll\_'PRIOR YRS\2020 ALL FOLDERS\2020 iReports\PCI\Allpay_Quickview_Backup Reports\123120\PRV1.zip"	"FullControl"	"Allow"	"POWERENG\pcobb"	"None"	"None"
"\\?\UNC\HLY-SMB01\Shares$\HRPayroll\_'PRIOR YRS\2020 ALL FOLDERS\2020 iReports\PCI\Allpay_Quickview_Backup Reports\123120\PRV2.zip"	"FullControl"	"Allow"	"POWERENG\pcobb"	"None"	"None"
"\\?\UNC\HLY-SMB01\Shares$\HRPayroll\_'PRIOR YRS\2020 ALL FOLDERS\2020 iReports\PCI\Allpay_Quickview_Backup Reports\123120\PRV3.zip"	"FullControl"	"Allow"	"POWERENG\pcobb"	"None"	"None"
"\\?\UNC\HLY-SMB01\Shares$\HRPayroll\_'PRIOR YRS\2020 ALL FOLDERS\2020 iReports\PCI\iReports\10.09.20.zip"	"FullControl"	"Allow"	"POWERENG\pcobb"	"None"	"None"
"\\?\UNC\HLY-SMB01\Shares$\HRPayroll\_'PRIOR YRS\2020 ALL FOLDERS\2020 iReports\PCI\iReports\10.23.20.zip"	"FullControl"	"Allow"	"POWERENG\pcobb"	"None"	"None"
"\\?\UNC\HLY-SMB01\Shares$\HRPayroll\_'PRIOR YRS\2020 ALL FOLDERS\2020 iReports\PCI\iReports\11.06.20.zip"	"FullControl"	"Allow"	"POWERENG\pcobb"	"None"	"None"
"\\?\UNC\HLY-SMB01\Shares$\HRPayroll\_'PRIOR YRS\2020 ALL FOLDERS\2020 iReports\PCI\iReports\11.20.20.zip"	"FullControl"	"Allow"	"POWERENG\pcobb"	"None"	"None"
"\\?\UNC\HLY-SMB01\Shares$\HRPayroll\_'PRIOR YRS\2020 ALL FOLDERS\2020 iReports\PCI\iReports\12.04.20.zip"	"FullControl"	"Allow"	"POWERENG\pcobb"	"None"	"None"
"\\?\UNC\HLY-SMB01\Shares$\HRPayroll\_'PRIOR YRS\2020 ALL FOLDERS\2020 iReports\PCI\iReports\12.11.20.zip"	"FullControl"	"Allow"	"POWERENG\pcobb"	"None"	"None"
"\\?\UNC\HLY-SMB01\Shares$\HRPayroll\_'PRIOR YRS\2020 ALL FOLDERS\2020 iReports\PCI\iReports\12.18.20.zip"	"FullControl"	"Allow"	"POWERENG\pcobb"	"None"	"None"
"\\?\UNC\HLY-SMB01\Shares$\HRPayroll\_'PRIOR YRS\2020 ALL FOLDERS\2020 iReports\PCI\iReports\12.31.20.zip"	"FullControl"	"Allow"	"POWERENG\pcobb"	"None"	"None"
"\\?\UNC\HLY-SMB01\Shares$\HRPayroll\_'PRIOR YRS\2020 ALL FOLDERS\2020 iReports\PCI\iReports\2.28.20.zip"	"FullControl"	"Allow"	"POWERENG\pcobb"	"None"	"None"
"\\?\UNC\HLY-SMB01\Shares$\HRPayroll\_'PRIOR YRS\2020 ALL FOLDERS\2020 iReports\PCI\iReports\3.13.20.zip"	"FullControl"	"Allow"	"POWERENG\pcobb"	"None"	"None"
"\\?\UNC\HLY-SMB01\Shares$\HRPayroll\_'PRIOR YRS\2020 ALL FOLDERS\2020 iReports\PCI\iReports\3.27.20.zip"	"FullControl"	"Allow"	"POWERENG\pcobb"	"None"	"None"
"\\?\UNC\HLY-SMB01\Shares$\HRPayroll\_'PRIOR YRS\2020 ALL FOLDERS\2020 iReports\PCI\iReports\4.24.20.zip"	"FullControl"	"Allow"	"POWERENG\pcobb"	"None"	"None"
"\\?\UNC\HLY-SMB01\Shares$\HRPayroll\_'PRIOR YRS\2020 ALL FOLDERS\2020 iReports\PCI\iReports\5.08.20.zip"	"FullControl"	"Allow"	"POWERENG\pcobb"	"None"	"None"
"\\?\UNC\HLY-SMB01\Shares$\HRPayroll\_'PRIOR YRS\2020 ALL FOLDERS\2020 iReports\PCI\iReports\5.22.20.zip"	"FullControl"	"Allow"	"POWERENG\pcobb"	"None"	"None"
"\\?\UNC\HLY-SMB01\Shares$\HRPayroll\_'PRIOR YRS\2020 ALL FOLDERS\2020 iReports\PCI\iReports\6.05.20.zip"	"FullControl"	"Allow"	"POWERENG\pcobb"	"None"	"None"
"\\?\UNC\HLY-SMB01\Shares$\HRPayroll\_'PRIOR YRS\2020 ALL FOLDERS\2020 iReports\PCI\iReports\6.19.20.zip"	"FullControl"	"Allow"	"POWERENG\pcobb"	"None"	"None"
"\\?\UNC\HLY-SMB01\Shares$\HRPayroll\_'PRIOR YRS\2020 ALL FOLDERS\2020 iReports\PCI\iReports\7.02.20.zip"	"FullControl"	"Allow"	"POWERENG\pcobb"	"None"	"None"
"\\?\UNC\HLY-SMB01\Shares$\HRPayroll\_'PRIOR YRS\2020 ALL FOLDERS\2020 iReports\PCI\iReports\7.17.20.zip"	"FullControl"	"Allow"	"POWERENG\pcobb"	"None"	"None"
"\\?\UNC\HLY-SMB01\Shares$\HRPayroll\_'PRIOR YRS\2020 ALL FOLDERS\2020 iReports\PCI\iReports\8.14.20.zip"	"FullControl"	"Allow"	"POWERENG\pcobb"	"None"	"None"
"\\?\UNC\HLY-SMB01\Shares$\HRPayroll\_'PRIOR YRS\2020 ALL FOLDERS\2020 iReports\PCI\iReports\8.28.20.zip"	"FullControl"	"Allow"	"POWERENG\pcobb"	"None"	"None"
"\\?\UNC\HLY-SMB01\Shares$\HRPayroll\_'PRIOR YRS\2020 ALL FOLDERS\2020 iReports\PCI\iReports\9.11.20.zip"	"FullControl"	"Allow"	"POWERENG\pcobb"	"None"	"None"
"\\?\UNC\HLY-SMB01\Shares$\HRPayroll\_'PRIOR YRS\2020 ALL FOLDERS\2020 iReports\PCI\iReports\9.25.20.zip"	"FullControl"	"Allow"	"POWERENG\pcobb"	"None"	"None"
"\\?\UNC\HLY-SMB01\Shares$\HRPayroll\_'PRIOR YRS\2020 ALL FOLDERS\2020 iReports\PCI\Quarterly Reports\1st Quarter 2020\1st Quarter Reports Preview.zip"	"FullControl"	"Allow"	"POWERENG\pcobb"	"None"	"None"
"\\?\UNC\HLY-SMB01\Shares$\HRPayroll\_'PRIOR YRS\2020 ALL FOLDERS\2020 iReports\PCI\Quarterly Reports\1st Quarter 2020\quarterly reports.zip"	"FullControl"	"Allow"	"POWERENG\pcobb"	"None"	"None"
"\\?\UNC\HLY-SMB01\Shares$\HRPayroll\_'PRIOR YRS\2020 ALL FOLDERS\2020 iReports\PCI\Quarterly Reports\2nd Quarter 2020\0170_YJ3_20202_00668_ArizonaWage_668_14.pdf"	"FullControl"	"Allow"	"POWERENG\pcobb"	"None"	"None"
"\\?\UNC\HLY-SMB01\Shares$\HRPayroll\_'PRIOR YRS\2020 ALL FOLDERS\2020 iReports\PCI\Quarterly Reports\2nd Quarter 2020\0170_YJ3_20202_00668_CaliforniaWage_668_8.pdf"	"FullControl"	"Allow"	"POWERENG\pcobb"	"None"	"None"
"\\?\UNC\HLY-SMB01\Shares$\HRPayroll\_'PRIOR YRS\2020 ALL FOLDERS\2020 iReports\PCI\Quarterly Reports\2nd Quarter 2020\0170_YJ3_20202_00668_FloridaWage_668_4.pdf"	"FullControl"	"Allow"	"POWERENG\pcobb"	"None"	"None"
"\\?\UNC\HLY-SMB01\Shares$\HRPayroll\_'PRIOR YRS\2020 ALL FOLDERS\2020 iReports\PCI\Quarterly Reports\2nd Quarter 2020\0170_YJ3_20202_00668_GenericQuarterlyWage_668_21.pdf"	"FullControl"	"Allow"	"POWERENG\pcobb"	"None"	"None"
"\\?\UNC\HLY-SMB01\Shares$\HRPayroll\_'PRIOR YRS\2020 ALL FOLDERS\2020 iReports\PCI\Quarterly Reports\2nd Quarter 2020\0170_YJ3_20202_00668_LouisianaWage_668_12.pdf"	"FullControl"	"Allow"	"POWERENG\pcobb"	"None"	"None"
"\\?\UNC\HLY-SMB01\Shares$\HRPayroll\_'PRIOR YRS\2020 ALL FOLDERS\2020 iReports\PCI\Quarterly Reports\2nd Quarter 2020\0170_YJ3_20202_00668_MassachusettsQuarterlyFMLIEmployeeDetail_668_5.pdf"	"FullControl"	"Allow"	"POWERENG\pcobb"	"None"	"None"
"\\?\UNC\HLY-SMB01\Shares$\HRPayroll\_'PRIOR YRS\2020 ALL FOLDERS\2020 iReports\PCI\Quarterly Reports\2nd Quarter 2020\0170_YJ3_20202_00668_MassachusettsWage_668_10.pdf"	"FullControl"	"Allow"	"POWERENG\pcobb"	"None"	"None"
"\\?\UNC\HLY-SMB01\Shares$\HRPayroll\_'PRIOR YRS\2020 ALL FOLDERS\2020 iReports\PCI\Quarterly Reports\2nd Quarter 2020\0170_YJ3_20202_00668_MinnesotaWage_668_6.pdf"	"FullControl"	"Allow"	"POWERENG\pcobb"	"None"	"None"
"\\?\UNC\HLY-SMB01\Shares$\HRPayroll\_'PRIOR YRS\2020 ALL FOLDERS\2020 iReports\PCI\Quarterly Reports\2nd Quarter 2020\0170_YJ3_20202_00668_NevadaWage_668_3.pdf"	"FullControl"	"Allow"	"POWERENG\pcobb"	"None"	"None"
"\\?\UNC\HLY-SMB01\Shares$\HRPayroll\_'PRIOR YRS\2020 ALL FOLDERS\2020 iReports\PCI\Quarterly Reports\2nd Quarter 2020\0170_YJ3_20202_00668_OklahomaWage_668_22.pdf"	"FullControl"	"Allow"	"POWERENG\pcobb"	"None"	"None"
"\\?\UNC\HLY-SMB01\Shares$\HRPayroll\_'PRIOR YRS\2020 ALL FOLDERS\2020 iReports\PCI\Quarterly Reports\2nd Quarter 2020\0170_YJ3_20202_00668_OregonStatewideTransitTaxEmployeeDetailReport_668_2.pdf"	"FullControl"	"Allow"	"POWERENG\pcobb"	"None"	"None"
"\\?\UNC\HLY-SMB01\Shares$\HRPayroll\_'PRIOR YRS\2020 ALL FOLDERS\2020 iReports\PCI\Quarterly Reports\2nd Quarter 2020\0170_YJ3_20202_00668_OregonWage_668_9.pdf"	"FullControl"	"Allow"	"POWERENG\pcobb"	"None"	"None"
"\\?\UNC\HLY-SMB01\Shares$\HRPayroll\_'PRIOR YRS\2020 ALL FOLDERS\2020 iReports\PCI\Quarterly Reports\2nd Quarter 2020\0170_YJ3_20202_00668_TexasWage_668_20.pdf"	"FullControl"	"Allow"	"POWERENG\pcobb"	"None"	"None"
"\\?\UNC\HLY-SMB01\Shares$\HRPayroll\_'PRIOR YRS\2020 ALL FOLDERS\2020 iReports\PCI\Quarterly Reports\2nd Quarter 2020\0170_YJ3_20202_00668_UtahWage_668_13.pdf"	"FullControl"	"Allow"	"POWERENG\pcobb"	"None"	"None"
"\\?\UNC\HLY-SMB01\Shares$\HRPayroll\_'PRIOR YRS\2020 ALL FOLDERS\2020 iReports\PCI\Quarterly Reports\2nd Quarter 2020\0170_YJ3_20202_00668_W&TCafeteria125PlanBenefits_668_1.pdf"	"FullControl"	"Allow"	"POWERENG\pcobb"	"None"	"None"
"\\?\UNC\HLY-SMB01\Shares$\HRPayroll\_'PRIOR YRS\2020 ALL FOLDERS\2020 iReports\PCI\Quarterly Reports\2nd Quarter 2020\0170_YJ3_20202_00668_W&TJurisdictionalRecap_668_16.pdf"	"FullControl"	"Allow"	"POWERENG\pcobb"	"None"	"None"
"\\?\UNC\HLY-SMB01\Shares$\HRPayroll\_'PRIOR YRS\2020 ALL FOLDERS\2020 iReports\PCI\Quarterly Reports\2nd Quarter 2020\0170_YJ3_20202_00668_WageandTaxRegister_668_11.pdf"	"FullControl"	"Allow"	"POWERENG\pcobb"	"None"	"None"
"\\?\UNC\HLY-SMB01\Shares$\HRPayroll\_'PRIOR YRS\2020 ALL FOLDERS\2020 iReports\PCI\Quarterly Reports\2nd Quarter 2020\0170_YJ3_20202_00668_WashingtonQuarterlyFMLIEmployeeDetail_668_15.pdf"	"FullControl"	"Allow"	"POWERENG\pcobb"	"None"	"None"
"\\?\UNC\HLY-SMB01\Shares$\HRPayroll\_'PRIOR YRS\2020 ALL FOLDERS\2020 iReports\PCI\Quarterly Reports\2nd Quarter 2020\0170_YJ3_20202_00668_WashingtonWage_668_7.pdf"	"FullControl"	"Allow"	"POWERENG\pcobb"	"None"	"None"
"\\?\UNC\HLY-SMB01\Shares$\HRPayroll\_'PRIOR YRS\2020 ALL FOLDERS\2020 iReports\PCI\Quarterly Reports\2nd Quarter 2020\0170_YJ3_20202_00668_WestVirginiaWage_668_19.pdf"	"FullControl"	"Allow"	"POWERENG\pcobb"	"None"	"None"
"\\?\UNC\HLY-SMB01\Shares$\HRPayroll\_'PRIOR YRS\2020 ALL FOLDERS\2020 iReports\PCI\Quarterly Reports\2nd Quarter 2020\0170_YJ3_20202_00668_WyomingWage_668_17.pdf"	"FullControl"	"Allow"	"POWERENG\pcobb"	"None"	"None"
"\\?\UNC\HLY-SMB01\Shares$\HRPayroll\_'PRIOR YRS\2020 ALL FOLDERS\2020 iReports\PCI\Quarterly Reports\2nd Quarter 2020\TRO SOD Quarterly.pdf"	"FullControl"	"Allow"	"POWERENG\pcobb"	"None"	"None"
"\\?\UNC\HLY-SMB01\Shares$\HRPayroll\_'PRIOR YRS\2020 ALL FOLDERS\2020 iReports\PCI\Quarterly Reports\3rd Quarter 2020\0170_YJ3_20203_Quarterly_Tax_Verification_Letter_08222020_033408.pdf"	"FullControl"	"Allow"	"POWERENG\pcobb"	"None"	"None"
"\\?\UNC\HLY-SMB01\Shares$\HRPayroll\_'PRIOR YRS\2020 ALL FOLDERS\2020 iReports\PCI\Quarterly Reports\3rd Quarter 2020\report.zip"	"FullControl"	"Allow"	"POWERENG\pcobb"	"None"	"None"
"\\?\UNC\HLY-SMB01\Shares$\HRPayroll\_'PRIOR YRS\2020 ALL FOLDERS\2020 iReports\PCI\Quarterly Reports\4th Quarter 2020\0170_YJ3_Illinois_Monthly_SUI_11082020_043022.pdf"	"FullControl"	"Allow"	"POWERENG\pcobb"	"None"	"None"
"\\?\UNC\HLY-SMB01\Shares$\HRPayroll\_'PRIOR YRS\2020 ALL FOLDERS\2020 iReports\PCI\Quarterly Reports\4th Quarter 2020\0170_YJ3_MasterfileAllowable_Limits_Analysis_Report_11152020_194342.pdf"	"FullControl"	"Allow"	"POWERENG\pcobb"	"None"	"None"
"\\?\UNC\HLY-SMB01\Shares$\HRPayroll\_'PRIOR YRS\2020 ALL FOLDERS\2020 iReports\PCI\Quarterly Reports\4th Quarter 2020\2020 Final 4th Qtr-W2'S.zip"	"FullControl"	"Allow"	"POWERENG\pcobb"	"None"	"None"
"\\?\UNC\HLY-SMB01\Shares$\HRPayroll\_'PRIOR YRS\2020 ALL FOLDERS\2020 iReports\PCI\Quarterly Reports\4th Quarter 2020\4th Qtr Reports.zip"	"FullControl"	"Allow"	"POWERENG\pcobb"	"None"	"None"
"\\?\UNC\HLY-SMB01\Shares$\HRPayroll\_'PRIOR YRS\2020 ALL FOLDERS\2020 iReports\PCI\Quarterly Reports\4th Quarter 2020\PRV W2 12.06.20.zip"	"FullControl"	"Allow"	"POWERENG\pcobb"	"None"	"None"
"\\?\UNC\HLY-SMB01\Shares$\HRPayroll\_'PRIOR YRS\2020 ALL FOLDERS\2020 iReports\PEI\Quarterly Reports\2nd Qtr\DPF3601MNIT501-523950665-74YKA-4329-20202.pdf"	"FullControl"	"Allow"	"POWERENG\pcobb"	"None"	"None"
"\\?\UNC\HLY-SMB01\Shares$\HRPayroll\_'PRIOR YRS\2020 ALL FOLDERS\2020 iReports\PTE\iReports\12.11.20 All.zip"	"FullControl"	"Allow"	"POWERENG\pcobb"	"None"	"None"
"\\?\UNC\HLY-SMB01\Shares$\HRPayroll\_'PRIOR YRS\2020 ALL FOLDERS\2020 WA Labor & Industries\2nd qtr\Filed Rpts\PAC Payment Voucher 2 QTR.pdf"	"FullControl"	"Allow"	"POWERENG\ksaxton"	"None"	"None"
"\\?\UNC\HLY-SMB01\Shares$\HRPayroll\_'PRIOR YRS\2020 ALL FOLDERS\2020 WA Labor & Industries\2nd qtr\Filed Rpts\PCI Payment Voucher 2 QTR.pdf"	"FullControl"	"Allow"	"POWERENG\ksaxton"	"None"	"None"
"\\?\UNC\HLY-SMB01\Shares$\HRPayroll\_'PRIOR YRS\2020 ALL FOLDERS\2020 WA Labor & Industries\2nd qtr\Filed Rpts\PEI 2nd Quarterly-Report.pdf"	"FullControl"	"Allow"	"POWERENG\ksaxton"	"None"	"None"
"\\?\UNC\HLY-SMB01\Shares$\HRPayroll\_'PRIOR YRS\2020 ALL FOLDERS\2020 WA Labor & Industries\2nd qtr\Filed Rpts\PEI Payment Voucher 2 QTR.pdf"	"FullControl"	"Allow"	"POWERENG\ksaxton"	"None"	"None"
"\\?\UNC\HLY-SMB01\Shares$\HRPayroll\_'PRIOR YRS\2020 ALL FOLDERS\2020 WA Labor & Industries\2nd qtr\Filed Rpts\PTE 2nd Quarterly-Report.pdf"	"FullControl"	"Allow"	"POWERENG\ksaxton"	"None"	"None"
"\\?\UNC\HLY-SMB01\Shares$\HRPayroll\_'PRIOR YRS\2020 ALL FOLDERS\2020 WA Labor & Industries\2nd qtr\Filed Rpts\PTE Payment Voucher 2 QTR.pdf"	"FullControl"	"Allow"	"POWERENG\ksaxton"	"None"	"None"
"\\?\UNC\HLY-SMB01\Shares$\HRPayroll\_'PRIOR YRS\2021 ALL FOLDERS\2021 Accrued Payroll\Total Hours\1-15\Total Hours AS of 01_15_21.xls"	"FullControl"	"Allow"	"POWERENG\pcobb"	"None"	"None"
"\\?\UNC\HLY-SMB01\Shares$\HRPayroll\_'PRIOR YRS\2021 ALL FOLDERS\2021 iReports\GL DOWNLOADS\PAC\01.15.21.txt"	"FullControl"	"Allow"	"POWERENG\pcobb"	"None"	"None"
"\\?\UNC\HLY-SMB01\Shares$\HRPayroll\_'PRIOR YRS\2021 ALL FOLDERS\2021 iReports\GL DOWNLOADS\PAC\01.29.21.txt"	"FullControl"	"Allow"	"POWERENG\pcobb"	"None"	"None"
"\\?\UNC\HLY-SMB01\Shares$\HRPayroll\_'PRIOR YRS\2021 ALL FOLDERS\2021 iReports\GL DOWNLOADS\PAC\02.12.21.txt"	"FullControl"	"Allow"	"POWERENG\pcobb"	"None"	"None"
"\\?\UNC\HLY-SMB01\Shares$\HRPayroll\_'PRIOR YRS\2021 ALL FOLDERS\2021 iReports\GL DOWNLOADS\PAC\02.26.21.txt"	"FullControl"	"Allow"	"POWERENG\pcobb"	"None"	"None"
"\\?\UNC\HLY-SMB01\Shares$\HRPayroll\_'PRIOR YRS\2021 ALL FOLDERS\2021 iReports\GL DOWNLOADS\PAC\03.12.21.txt"	"FullControl"	"Allow"	"POWERENG\pcobb"	"None"	"None"
"\\?\UNC\HLY-SMB01\Shares$\HRPayroll\_'PRIOR YRS\2021 ALL FOLDERS\2021 iReports\GL DOWNLOADS\PAC\03.26.21.txt"	"FullControl"	"Allow"	"POWERENG\pcobb"	"None"	"None"
"\\?\UNC\HLY-SMB01\Shares$\HRPayroll\_'PRIOR YRS\2021 ALL FOLDERS\2021 iReports\GL DOWNLOADS\PAC\04.09.21.txt"	"FullControl"	"Allow"	"POWERENG\pcobb"	"None"	"None"
"\\?\UNC\HLY-SMB01\Shares$\HRPayroll\_'PRIOR YRS\2021 ALL FOLDERS\2021 iReports\GL DOWNLOADS\PAC\04.23.21.txt"	"FullControl"	"Allow"	"POWERENG\pcobb"	"None"	"None"
"\\?\UNC\HLY-SMB01\Shares$\HRPayroll\_'PRIOR YRS\2021 ALL FOLDERS\2021 iReports\GL DOWNLOADS\PAC\05.07.21.txt"	"FullControl"	"Allow"	"POWERENG\pcobb"	"None"	"None"
"\\?\UNC\HLY-SMB01\Shares$\HRPayroll\_'PRIOR YRS\2021 ALL FOLDERS\2021 iReports\GL DOWNLOADS\PAC\05.21.21.txt"	"FullControl"	"Allow"	"POWERENG\pcobb"	"None"	"None"
"\\?\UNC\HLY-SMB01\Shares$\HRPayroll\_'PRIOR YRS\2021 ALL FOLDERS\2021 iReports\GL DOWNLOADS\PAC\06.04.21.txt"	"FullControl"	"Allow"	"POWERENG\pcobb"	"None"	"None"
"\\?\UNC\HLY-SMB01\Shares$\HRPayroll\_'PRIOR YRS\2021 ALL FOLDERS\2021 iReports\GL DOWNLOADS\PAC\07.02.21.txt"	"FullControl"	"Allow"	"POWERENG\pcobb"	"None"	"None"
"\\?\UNC\HLY-SMB01\Shares$\HRPayroll\_'PRIOR YRS\2021 ALL FOLDERS\2021 iReports\GL DOWNLOADS\PCI\01.15.21.txt"	"FullControl"	"Allow"	"POWERENG\pcobb"	"None"	"None"
"\\?\UNC\HLY-SMB01\Shares$\HRPayroll\_'PRIOR YRS\2021 ALL FOLDERS\2021 iReports\GL DOWNLOADS\PCI\01.29.21.txt"	"FullControl"	"Allow"	"POWERENG\pcobb"	"None"	"None"
"\\?\UNC\HLY-SMB01\Shares$\HRPayroll\_'PRIOR YRS\2021 ALL FOLDERS\2021 iReports\GL DOWNLOADS\PCI\02.12.21.txt"	"FullControl"	"Allow"	"POWERENG\pcobb"	"None"	"None"
"\\?\UNC\HLY-SMB01\Shares$\HRPayroll\_'PRIOR YRS\2021 ALL FOLDERS\2021 iReports\GL DOWNLOADS\PCI\02.26.21.txt"	"FullControl"	"Allow"	"POWERENG\pcobb"	"None"	"None"
"\\?\UNC\HLY-SMB01\Shares$\HRPayroll\_'PRIOR YRS\2021 ALL FOLDERS\2021 iReports\GL DOWNLOADS\PCI\03.12.21.txt"	"FullControl"	"Allow"	"POWERENG\pcobb"	"None"	"None"
"\\?\UNC\HLY-SMB01\Shares$\HRPayroll\_'PRIOR YRS\2021 ALL FOLDERS\2021 iReports\GL DOWNLOADS\PCI\03.26.21.txt"	"FullControl"	"Allow"	"POWERENG\pcobb"	"None"	"None"
"\\?\UNC\HLY-SMB01\Shares$\HRPayroll\_'PRIOR YRS\2021 ALL FOLDERS\2021 iReports\GL DOWNLOADS\PCI\04.09.21.txt"	"FullControl"	"Allow"	"POWERENG\pcobb"	"None"	"None"
"\\?\UNC\HLY-SMB01\Shares$\HRPayroll\_'PRIOR YRS\2021 ALL FOLDERS\2021 iReports\GL DOWNLOADS\PCI\04.23.21.txt"	"FullControl"	"Allow"	"POWERENG\pcobb"	"None"	"None"
"\\?\UNC\HLY-SMB01\Shares$\HRPayroll\_'PRIOR YRS\2021 ALL FOLDERS\2021 iReports\GL DOWNLOADS\PCI\05.21.21.txt"	"FullControl"	"Allow"	"POWERENG\pcobb"	"None"	"None"
"\\?\UNC\HLY-SMB01\Shares$\HRPayroll\_'PRIOR YRS\2021 ALL FOLDERS\2021 iReports\GL DOWNLOADS\PCI\06.04.21.txt"	"FullControl"	"Allow"	"POWERENG\pcobb"	"None"	"None"
"\\?\UNC\HLY-SMB01\Shares$\HRPayroll\_'PRIOR YRS\2021 ALL FOLDERS\2021 iReports\GL DOWNLOADS\PCI\06.18.21.txt"	"FullControl"	"Allow"	"POWERENG\pcobb"	"None"	"None"
"\\?\UNC\HLY-SMB01\Shares$\HRPayroll\_'PRIOR YRS\2021 ALL FOLDERS\2021 iReports\GL DOWNLOADS\PCI\07.02.21.txt"	"FullControl"	"Allow"	"POWERENG\pcobb"	"None"	"None"
"\\?\UNC\HLY-SMB01\Shares$\HRPayroll\_'PRIOR YRS\2021 ALL FOLDERS\2021 iReports\GL DOWNLOADS\PCI\5.07.21.txt"	"FullControl"	"Allow"	"POWERENG\pcobb"	"None"	"None"
"\\?\UNC\HLY-SMB01\Shares$\HRPayroll\_'PRIOR YRS\2021 ALL FOLDERS\2021 iReports\PAC\Allpay_Quickview_Backup Reports\01.15.21\PRV1.zip"	"FullControl"	"Allow"	"POWERENG\pcobb"	"None"	"None"
"\\?\UNC\HLY-SMB01\Shares$\HRPayroll\_'PRIOR YRS\2021 ALL FOLDERS\2021 iReports\PAC\Allpay_Quickview_Backup Reports\01.29.21\PRV 1.zip"	"FullControl"	"Allow"	"POWERENG\pcobb"	"None"	"None"
"\\?\UNC\HLY-SMB01\Shares$\HRPayroll\_'PRIOR YRS\2021 ALL FOLDERS\2021 iReports\PAC\Allpay_Quickview_Backup Reports\02.26.21\PRV 1.zip"	"FullControl"	"Allow"	"POWERENG\pcobb"	"None"	"None"
"\\?\UNC\HLY-SMB01\Shares$\HRPayroll\_'PRIOR YRS\2021 ALL FOLDERS\2021 iReports\PAC\Allpay_Quickview_Backup Reports\03.12.21\PRV1.1.zip"	"FullControl"	"Allow"	"POWERENG\pcobb"	"None"	"None"
"\\?\UNC\HLY-SMB01\Shares$\HRPayroll\_'PRIOR YRS\2021 ALL FOLDERS\2021 iReports\PAC\Allpay_Quickview_Backup Reports\03.12.21\PRV1.zip"	"FullControl"	"Allow"	"POWERENG\pcobb"	"None"	"None"
"\\?\UNC\HLY-SMB01\Shares$\HRPayroll\_'PRIOR YRS\2021 ALL FOLDERS\2021 iReports\PAC\Allpay_Quickview_Backup Reports\03.12.21\PRV2.zip"	"FullControl"	"Allow"	"POWERENG\pcobb"	"None"	"None"
"\\?\UNC\HLY-SMB01\Shares$\HRPayroll\_'PRIOR YRS\2021 ALL FOLDERS\2021 iReports\PAC\Allpay_Quickview_Backup Reports\03.26.21\PRV1.zip"	"FullControl"	"Allow"	"POWERENG\pcobb"	"None"	"None"
"\\?\UNC\HLY-SMB01\Shares$\HRPayroll\_'PRIOR YRS\2021 ALL FOLDERS\2021 iReports\PAC\Allpay_Quickview_Backup Reports\04.09.21\PRV1.zip"	"FullControl"	"Allow"	"POWERENG\pcobb"	"None"	"None"
"\\?\UNC\HLY-SMB01\Shares$\HRPayroll\_'PRIOR YRS\2021 ALL FOLDERS\2021 iReports\PAC\Allpay_Quickview_Backup Reports\04.23.21\PRV1.zip"	"FullControl"	"Allow"	"POWERENG\pcobb"	"None"	"None"
"\\?\UNC\HLY-SMB01\Shares$\HRPayroll\_'PRIOR YRS\2021 ALL FOLDERS\2021 iReports\PAC\Allpay_Quickview_Backup Reports\05.07.21\PRV1.zip"	"FullControl"	"Allow"	"POWERENG\pcobb"	"None"	"None"
"\\?\UNC\HLY-SMB01\Shares$\HRPayroll\_'PRIOR YRS\2021 ALL FOLDERS\2021 iReports\PAC\Allpay_Quickview_Backup Reports\06.04.21\PRV_1.zip"	"FullControl"	"Allow"	"POWERENG\pcobb"	"None"	"None"
"\\?\UNC\HLY-SMB01\Shares$\HRPayroll\_'PRIOR YRS\2021 ALL FOLDERS\2021 iReports\PAC\iReports\1.15.21 IReports.zip"	"FullControl"	"Allow"	"POWERENG\pcobb"	"None"	"None"
"\\?\UNC\HLY-SMB01\Shares$\HRPayroll\_'PRIOR YRS\2021 ALL FOLDERS\2021 iReports\PAC\iReports\1.29.21.zip"	"FullControl"	"Allow"	"POWERENG\pcobb"	"None"	"None"
"\\?\UNC\HLY-SMB01\Shares$\HRPayroll\_'PRIOR YRS\2021 ALL FOLDERS\2021 iReports\PAC\iReports\2.12.21.zip"	"FullControl"	"Allow"	"POWERENG\pcobb"	"None"	"None"
"\\?\UNC\HLY-SMB01\Shares$\HRPayroll\_'PRIOR YRS\2021 ALL FOLDERS\2021 iReports\PAC\iReports\2.26.21.zip"	"FullControl"	"Allow"	"POWERENG\pcobb"	"None"	"None"
"\\?\UNC\HLY-SMB01\Shares$\HRPayroll\_'PRIOR YRS\2021 ALL FOLDERS\2021 iReports\PAC\iReports\3.12.21.zip"	"FullControl"	"Allow"	"POWERENG\pcobb"	"None"	"None"
"\\?\UNC\HLY-SMB01\Shares$\HRPayroll\_'PRIOR YRS\2021 ALL FOLDERS\2021 iReports\PAC\iReports\3.26.21.zip"	"FullControl"	"Allow"	"POWERENG\pcobb"	"None"	"None"
"\\?\UNC\HLY-SMB01\Shares$\HRPayroll\_'PRIOR YRS\2021 ALL FOLDERS\2021 iReports\PAC\iReports\4.09.21.zip"	"FullControl"	"Allow"	"POWERENG\pcobb"	"None"	"None"
"\\?\UNC\HLY-SMB01\Shares$\HRPayroll\_'PRIOR YRS\2021 ALL FOLDERS\2021 iReports\PAC\iReports\4.23.21.zip"	"FullControl"	"Allow"	"POWERENG\pcobb"	"None"	"None"
"\\?\UNC\HLY-SMB01\Shares$\HRPayroll\_'PRIOR YRS\2021 ALL FOLDERS\2021 iReports\PAC\iReports\5.07.21.zip"	"FullControl"	"Allow"	"POWERENG\pcobb"	"None"	"None"
"\\?\UNC\HLY-SMB01\Shares$\HRPayroll\_'PRIOR YRS\2021 ALL FOLDERS\2021 iReports\PAC\iReports\5.21.21.zip"	"FullControl"	"Allow"	"POWERENG\pcobb"	"None"	"None"
"\\?\UNC\HLY-SMB01\Shares$\HRPayroll\_'PRIOR YRS\2021 ALL FOLDERS\2021 iReports\PAC\iReports\6.04.21.zip"	"FullControl"	"Allow"	"POWERENG\pcobb"	"None"	"None"
"\\?\UNC\HLY-SMB01\Shares$\HRPayroll\_'PRIOR YRS\2021 ALL FOLDERS\2021 iReports\PAC\iReports\7.02.21.zip"	"FullControl"	"Allow"	"POWERENG\pcobb"	"None"	"None"
"\\?\UNC\HLY-SMB01\Shares$\HRPayroll\_'PRIOR YRS\2021 ALL FOLDERS\2021 iReports\PAC\Quarterly Reports\2021 1ST QTR\1st Qtr Tax Verification letter.zip"	"FullControl"	"Allow"	"POWERENG\pcobb"	"None"	"None"
"\\?\UNC\HLY-SMB01\Shares$\HRPayroll\_'PRIOR YRS\2021 ALL FOLDERS\2021 iReports\PAC\Quarterly Reports\2021 1ST QTR\PAC 1ST QTR 2021 REPORTS.zip"	"FullControl"	"Allow"	"POWERENG\pcobb"	"None"	"None"
"\\?\UNC\HLY-SMB01\Shares$\HRPayroll\_'PRIOR YRS\2021 ALL FOLDERS\2021 iReports\PAC\Quarterly Reports\2021 1ST QTR\PAC PRV QTR1 REPORTS.zip"	"FullControl"	"Allow"	"POWERENG\pcobb"	"None"	"None"
"\\?\UNC\HLY-SMB01\Shares$\HRPayroll\_'PRIOR YRS\2021 ALL FOLDERS\2021 iReports\PAC\Quarterly Reports\2021 2nd QTR\2021 2ND QTR preview.zip"	"FullControl"	"Allow"	"POWERENG\pcobb"	"None"	"None"
"\\?\UNC\HLY-SMB01\Shares$\HRPayroll\_'PRIOR YRS\2021 ALL FOLDERS\2021 iReports\PCI\Allpay_Quickview_Backup Reports\01.15.21\PRV1.zip"	"FullControl"	"Allow"	"POWERENG\pcobb"	"None"	"None"
"\\?\UNC\HLY-SMB01\Shares$\HRPayroll\_'PRIOR YRS\2021 ALL FOLDERS\2021 iReports\PCI\Allpay_Quickview_Backup Reports\01.15.21\PRV2.zip"	"FullControl"	"Allow"	"POWERENG\pcobb"	"None"	"None"
"\\?\UNC\HLY-SMB01\Shares$\HRPayroll\_'PRIOR YRS\2021 ALL FOLDERS\2021 iReports\PCI\Allpay_Quickview_Backup Reports\01.15.21\PRV3.zip"	"FullControl"	"Allow"	"POWERENG\pcobb"	"None"	"None"
"\\?\UNC\HLY-SMB01\Shares$\HRPayroll\_'PRIOR YRS\2021 ALL FOLDERS\2021 iReports\PCI\Allpay_Quickview_Backup Reports\01.15.21\PRV4.zip"	"FullControl"	"Allow"	"POWERENG\pcobb"	"None"	"None"
"\\?\UNC\HLY-SMB01\Shares$\HRPayroll\_'PRIOR YRS\2021 ALL FOLDERS\2021 iReports\PCI\Allpay_Quickview_Backup Reports\01.29.21\PRV 1.zip"	"FullControl"	"Allow"	"POWERENG\pcobb"	"None"	"None"
"\\?\UNC\HLY-SMB01\Shares$\HRPayroll\_'PRIOR YRS\2021 ALL FOLDERS\2021 iReports\PCI\Allpay_Quickview_Backup Reports\01.29.21\PRV 2.zip"	"FullControl"	"Allow"	"POWERENG\pcobb"	"None"	"None"
"\\?\UNC\HLY-SMB01\Shares$\HRPayroll\_'PRIOR YRS\2021 ALL FOLDERS\2021 iReports\PCI\Allpay_Quickview_Backup Reports\02.12.21\PRV 1.zip"	"FullControl"	"Allow"	"POWERENG\pcobb"	"None"	"None"
"\\?\UNC\HLY-SMB01\Shares$\HRPayroll\_'PRIOR YRS\2021 ALL FOLDERS\2021 iReports\PCI\Allpay_Quickview_Backup Reports\02.26.21\PRV 1.zip"	"FullControl"	"Allow"	"POWERENG\pcobb"	"None"	"None"
"\\?\UNC\HLY-SMB01\Shares$\HRPayroll\_'PRIOR YRS\2021 ALL FOLDERS\2021 iReports\PCI\Allpay_Quickview_Backup Reports\02.26.21\PRV 2.zip"	"FullControl"	"Allow"	"POWERENG\pcobb"	"None"	"None"
"\\?\UNC\HLY-SMB01\Shares$\HRPayroll\_'PRIOR YRS\2021 ALL FOLDERS\2021 iReports\PCI\Allpay_Quickview_Backup Reports\02.26.21\PRV 3.zip"	"FullControl"	"Allow"	"POWERENG\pcobb"	"None"	"None"
"\\?\UNC\HLY-SMB01\Shares$\HRPayroll\_'PRIOR YRS\2021 ALL FOLDERS\2021 iReports\PCI\Allpay_Quickview_Backup Reports\03.12.21\prv1.zip"	"FullControl"	"Allow"	"POWERENG\pcobb"	"None"	"None"
"\\?\UNC\HLY-SMB01\Shares$\HRPayroll\_'PRIOR YRS\2021 ALL FOLDERS\2021 iReports\PCI\Allpay_Quickview_Backup Reports\03.12.21\prv2.zip"	"FullControl"	"Allow"	"POWERENG\pcobb"	"None"	"None"
"\\?\UNC\HLY-SMB01\Shares$\HRPayroll\_'PRIOR YRS\2021 ALL FOLDERS\2021 iReports\PCI\Allpay_Quickview_Backup Reports\03.26.21\PRV1.zip"	"FullControl"	"Allow"	"POWERENG\pcobb"	"None"	"None"
"\\?\UNC\HLY-SMB01\Shares$\HRPayroll\_'PRIOR YRS\2021 ALL FOLDERS\2021 iReports\PCI\Allpay_Quickview_Backup Reports\03.26.21\PRV2.zip"	"FullControl"	"Allow"	"POWERENG\pcobb"	"None"	"None"
"\\?\UNC\HLY-SMB01\Shares$\HRPayroll\_'PRIOR YRS\2021 ALL FOLDERS\2021 iReports\PCI\Allpay_Quickview_Backup Reports\04.09.21\PRV1.zip"	"FullControl"	"Allow"	"POWERENG\pcobb"	"None"	"None"
"\\?\UNC\HLY-SMB01\Shares$\HRPayroll\_'PRIOR YRS\2021 ALL FOLDERS\2021 iReports\PCI\Allpay_Quickview_Backup Reports\04.09.21\PRV2.zip"	"FullControl"	"Allow"	"POWERENG\pcobb"	"None"	"None"
"\\?\UNC\HLY-SMB01\Shares$\HRPayroll\_'PRIOR YRS\2021 ALL FOLDERS\2021 iReports\PCI\Allpay_Quickview_Backup Reports\04.23.21\PRV1.zip"	"FullControl"	"Allow"	"POWERENG\pcobb"	"None"	"None"
"\\?\UNC\HLY-SMB01\Shares$\HRPayroll\_'PRIOR YRS\2021 ALL FOLDERS\2021 iReports\PCI\Allpay_Quickview_Backup Reports\04.23.21\PRV2.zip"	"FullControl"	"Allow"	"POWERENG\pcobb"	"None"	"None"
"\\?\UNC\HLY-SMB01\Shares$\HRPayroll\_'PRIOR YRS\2021 ALL FOLDERS\2021 iReports\PCI\Allpay_Quickview_Backup Reports\05.07.21\PRV1.zip"	"FullControl"	"Allow"	"POWERENG\pcobb"	"None"	"None"
"\\?\UNC\HLY-SMB01\Shares$\HRPayroll\_'PRIOR YRS\2021 ALL FOLDERS\2021 iReports\PCI\Allpay_Quickview_Backup Reports\06.04.21\PRV_1.zip"	"FullControl"	"Allow"	"POWERENG\pcobb"	"None"	"None"
"\\?\UNC\HLY-SMB01\Shares$\HRPayroll\_'PRIOR YRS\2021 ALL FOLDERS\2021 iReports\PCI\Allpay_Quickview_Backup Reports\06.18.21\Preview 1.zip"	"FullControl"	"Allow"	"POWERENG\pcobb"	"None"	"None"
"\\?\UNC\HLY-SMB01\Shares$\HRPayroll\_'PRIOR YRS\2021 ALL FOLDERS\2021 iReports\PCI\Allpay_Quickview_Backup Reports\06.18.21\Preview 2.zip"	"FullControl"	"Allow"	"POWERENG\pcobb"	"None"	"None"
"\\?\UNC\HLY-SMB01\Shares$\HRPayroll\_'PRIOR YRS\2021 ALL FOLDERS\2021 iReports\PCI\Allpay_Quickview_Backup Reports\06.18.21\Preview 3.zip"	"FullControl"	"Allow"	"POWERENG\pcobb"	"None"	"None"
"\\?\UNC\HLY-SMB01\Shares$\HRPayroll\_'PRIOR YRS\2021 ALL FOLDERS\2021 iReports\PCI\Allpay_Quickview_Backup Reports\07.02.21\Preview 1.zip"	"FullControl"	"Allow"	"POWERENG\pcobb"	"None"	"None"
"\\?\UNC\HLY-SMB01\Shares$\HRPayroll\_'PRIOR YRS\2021 ALL FOLDERS\2021 iReports\PCI\Allpay_Quickview_Backup Reports\07.02.21\Preview 2.zip"	"FullControl"	"Allow"	"POWERENG\pcobb"	"None"	"None"
"\\?\UNC\HLY-SMB01\Shares$\HRPayroll\_'PRIOR YRS\2021 ALL FOLDERS\2021 iReports\PCI\iReports\06.04.21.zip"	"FullControl"	"Allow"	"POWERENG\pcobb"	"None"	"None"
"\\?\UNC\HLY-SMB01\Shares$\HRPayroll\_'PRIOR YRS\2021 ALL FOLDERS\2021 iReports\PCI\iReports\06.18.21.zip"	"FullControl"	"Allow"	"POWERENG\pcobb"	"None"	"None"
"\\?\UNC\HLY-SMB01\Shares$\HRPayroll\_'PRIOR YRS\2021 ALL FOLDERS\2021 iReports\PCI\iReports\07.2.21.zip"	"FullControl"	"Allow"	"POWERENG\pcobb"	"None"	"None"
"\\?\UNC\HLY-SMB01\Shares$\HRPayroll\_'PRIOR YRS\2021 ALL FOLDERS\2021 iReports\PCI\iReports\1.15.21 IReports.zip"	"FullControl"	"Allow"	"POWERENG\pcobb"	"None"	"None"
"\\?\UNC\HLY-SMB01\Shares$\HRPayroll\_'PRIOR YRS\2021 ALL FOLDERS\2021 iReports\PCI\iReports\1.29.21.zip"	"FullControl"	"Allow"	"POWERENG\pcobb"	"None"	"None"
"\\?\UNC\HLY-SMB01\Shares$\HRPayroll\_'PRIOR YRS\2021 ALL FOLDERS\2021 iReports\PCI\iReports\2.12.21.zip"	"FullControl"	"Allow"	"POWERENG\pcobb"	"None"	"None"
"\\?\UNC\HLY-SMB01\Shares$\HRPayroll\_'PRIOR YRS\2021 ALL FOLDERS\2021 iReports\PCI\iReports\2.26.21.zip"	"FullControl"	"Allow"	"POWERENG\pcobb"	"None"	"None"
"\\?\UNC\HLY-SMB01\Shares$\HRPayroll\_'PRIOR YRS\2021 ALL FOLDERS\2021 iReports\PCI\iReports\3.12.21.zip"	"FullControl"	"Allow"	"POWERENG\pcobb"	"None"	"None"
"\\?\UNC\HLY-SMB01\Shares$\HRPayroll\_'PRIOR YRS\2021 ALL FOLDERS\2021 iReports\PCI\iReports\3.26.21.zip"	"FullControl"	"Allow"	"POWERENG\pcobb"	"None"	"None"
"\\?\UNC\HLY-SMB01\Shares$\HRPayroll\_'PRIOR YRS\2021 ALL FOLDERS\2021 iReports\PCI\iReports\4.09.21.zip"	"FullControl"	"Allow"	"POWERENG\pcobb"	"None"	"None"
"\\?\UNC\HLY-SMB01\Shares$\HRPayroll\_'PRIOR YRS\2021 ALL FOLDERS\2021 iReports\PCI\iReports\4.23.21.zip"	"FullControl"	"Allow"	"POWERENG\pcobb"	"None"	"None"
"\\?\UNC\HLY-SMB01\Shares$\HRPayroll\_'PRIOR YRS\2021 ALL FOLDERS\2021 iReports\PCI\iReports\5.07.21.zip"	"FullControl"	"Allow"	"POWERENG\pcobb"	"None"	"None"
"\\?\UNC\HLY-SMB01\Shares$\HRPayroll\_'PRIOR YRS\2021 ALL FOLDERS\2021 iReports\PCI\iReports\5.21.21.zip"	"FullControl"	"Allow"	"POWERENG\pcobb"	"None"	"None"
"\\?\UNC\HLY-SMB01\Shares$\HRPayroll\_'PRIOR YRS\2021 ALL FOLDERS\2021 iReports\PCI\Quarterly Reports\1ST QTR\2021 1st Qtr Tax Verification Letter.zip"	"FullControl"	"Allow"	"POWERENG\pcobb"	"None"	"None"
"\\?\UNC\HLY-SMB01\Shares$\HRPayroll\_'PRIOR YRS\2021 ALL FOLDERS\2021 iReports\PCI\Quarterly Reports\1ST QTR\PCI 1ST QTR 2021 REPORTS.zip"	"FullControl"	"Allow"	"POWERENG\pcobb"	"None"	"None"
"\\?\UNC\HLY-SMB01\Shares$\HRPayroll\_'PRIOR YRS\2021 ALL FOLDERS\2021 iReports\PCI\Quarterly Reports\1ST QTR\PCI Illinois Monthly SUI.zip"	"FullControl"	"Allow"	"POWERENG\pcobb"	"None"	"None"
"\\?\UNC\HLY-SMB01\Shares$\HRPayroll\_'PRIOR YRS\2021 ALL FOLDERS\2021 iReports\PCI\Quarterly Reports\1ST QTR\PCI PRV QTR1 REPORTS.zip"	"FullControl"	"Allow"	"POWERENG\pcobb"	"None"	"None"
"\\?\UNC\HLY-SMB01\Shares$\HRPayroll\_'PRIOR YRS\2021 ALL FOLDERS\2021 iReports\PCI\Quarterly Reports\2nd Qtr\2021 2ND QTR preview.zip"	"FullControl"	"Allow"	"POWERENG\pcobb"	"None"	"None"
"\\?\UNC\HLY-SMB01\Shares$\HRPayroll\_'PRIOR YRS\2021 ALL FOLDERS\2021 PECAN\6-18-21\WCB Tier 1 Report.txt"	"FullControl"	"Allow"	"POWERENG\cwaters"	"None"	"None"
"\\?\UNC\HLY-SMB01\Shares$\HRPayroll\_'PRIOR YRS\Overtime pay laws State-by-state guide - QuickBooks.mht"	"ReadAndExecute, Synchronize"	"Allow"	"S-1-15-3-4096"	"None"	"None"
"\\?\UNC\HLY-SMB01\Shares$\HRPayroll\_Jo_Steve"	"FullControl"	"Allow"	"POWERENG\FS-FileServices-ADM"	"ContainerInherit, ObjectInherit"	"None"
"\\?\UNC\HLY-SMB01\Shares$\HRPayroll\_Jo_Steve"	"FullControl"	"Allow"	"POWERENG\FS-HLYFS1-Hrpayroll-Share-JoSteve-Folder-01-FC"	"ContainerInherit, ObjectInherit"	"None"
"\\?\UNC\HLY-SMB01\Shares$\HRPayroll\_Jo_Steve"	"ReadAndExecute, Synchronize"	"Allow"	"POWERENG\FS-HLYFS1-Hrpayroll-Share-JoSteve-Folder-01-RO"	"ContainerInherit, ObjectInherit"	"None"
"\\?\UNC\HLY-SMB01\Shares$\HRPayroll\_Jo_Steve"	"Modify, Synchronize"	"Allow"	"POWERENG\FS-HLYFS1-Hrpayroll-Share-JoSteve-Folder-01-RW"	"ContainerInherit, ObjectInherit"	"None"
"\\?\UNC\HLY-SMB01\Shares$\IndProco"	"FullControl"	"Allow"	"POWERENG\FS-FileServices-ADM"	"ContainerInherit, ObjectInherit"	"None"
"\\?\UNC\HLY-SMB01\Shares$\IndProco"	"ReadAndExecute, Synchronize"	"Allow"	"POWERENG\FS-HLYFS1-Indproco-Share-RO"	"ContainerInherit, ObjectInherit"	"None"
"\\?\UNC\HLY-SMB01\Shares$\IndProco"	"Modify, Synchronize"	"Allow"	"POWERENG\FS-HLYFS1-Indproco-Share-RW"	"ContainerInherit, ObjectInherit"	"None"
"\\?\UNC\HLY-SMB01\Shares$\IndProco"	"FullControl"	"Allow"	"POWERENG\FS-HLYFS1-Indproco-Share-FC"	"ContainerInherit, ObjectInherit"	"None"
"\\?\UNC\HLY-SMB01\Shares$\IndProco\Btruxal\Bruce\Truxal History\Albert C_ Truxal Obituary - Newspapers_com_files"	"ReadAndExecute, Synchronize"	"Allow"	"S-1-15-3-4096"	"ContainerInherit, ObjectInherit"	"None"
"\\?\UNC\HLY-SMB01\Shares$\IndProco\Btruxal\Bruce\Truxal History\Full text of Settlers of the silver sage_files"	"ReadAndExecute, Synchronize"	"Allow"	"S-1-15-3-4096"	"ContainerInherit, ObjectInherit"	"None"
"\\?\UNC\HLY-SMB01\Shares$\IndProco\Btruxal\Bruce\Truxal History\Obituary Jeanne Katherine Truxal - Deseret News_files"	"ReadAndExecute, Synchronize"	"Allow"	"S-1-15-3-4096"	"ContainerInherit, ObjectInherit"	"None"
"\\?\UNC\HLY-SMB01\Shares$\IndProco\Btruxal\Bruce\Truxal History\Albert C_ Truxal Obituary - Newspapers_com.htm"	"ReadAndExecute, Synchronize"	"Allow"	"S-1-15-3-4096"	"None"	"None"
"\\?\UNC\HLY-SMB01\Shares$\IndProco\Btruxal\Bruce\Truxal History\Full text of Settlers of the silver sage.htm"	"ReadAndExecute, Synchronize"	"Allow"	"S-1-15-3-4096"	"None"	"None"
"\\?\UNC\HLY-SMB01\Shares$\IndProco\Btruxal\Bruce\Truxal History\Obituary Jeanne Katherine Truxal - Deseret News.htm"	"ReadAndExecute, Synchronize"	"Allow"	"S-1-15-3-4096"	"None"	"None"
"\\?\UNC\HLY-SMB01\Shares$\IndProco\Btruxal\Bruce\Truxal History\The Sacrifices of Company C Somerset County's Valiant Soldiers in the Great War - Pennsylvania Heritage Magazine.mht"	"ReadAndExecute, Synchronize"	"Allow"	"S-1-15-3-4096"	"None"	"None"
"\\?\UNC\HLY-SMB01\Shares$\IndProco\Btruxal\continuing education\BSU 03 14 20 ethics\Full Stack Professional Ethics (Power Engineers 20200314) - Google Slides#slide=id_p4_p4.mht"	"ReadAndExecute, Synchronize"	"Allow"	"S-1-15-3-4096"	"None"	"None"
"\\?\UNC\HLY-SMB01\Shares$\IndProco\Btruxal\DER\Solar Integration Distributed Energy Resources and Microgrids  Department of Energy.mht"	"ReadAndExecute, Synchronize"	"Allow"	"S-1-15-3-4096"	"None"	"None"
"\\?\UNC\HLY-SMB01\Shares$\IndProco\Btruxal\FEL\FEED, FEL Project Execution Methodologies_files"	"ReadAndExecute, Synchronize"	"Allow"	"S-1-15-3-4096"	"ContainerInherit, ObjectInherit"	"None"
"\\?\UNC\HLY-SMB01\Shares$\IndProco\Btruxal\FEL\FEED, FEL Project Execution Methodologies.htm"	"ReadAndExecute, Synchronize"	"Allow"	"S-1-15-3-4096"	"None"	"None"
"\\?\UNC\HLY-SMB01\Shares$\IndProco\Btruxal\Ray Kogan\2020 January Strategic Plan Mtg\adaptability\Staying Competitive Requires Adaptability_files"	"ReadAndExecute, Synchronize"	"Allow"	"S-1-15-3-4096"	"ContainerInherit, ObjectInherit"	"None"
"\\?\UNC\HLY-SMB01\Shares$\IndProco\Btruxal\Ray Kogan\2020 January Strategic Plan Mtg\adaptability\Staying Competitive Requires Adaptability.htm"	"ReadAndExecute, Synchronize"	"Allow"	"S-1-15-3-4096"	"None"	"None"
"\\?\UNC\HLY-SMB01\Shares$\IndProco\Btruxal\Ray Kogan\2020 January Strategic Plan Mtg\coalloration with clients\How The 'Silo Effect' Is Hurting Cross Team Collaboration_files"	"ReadAndExecute, Synchronize"	"Allow"	"S-1-15-3-4096"	"ContainerInherit, ObjectInherit"	"None"
"\\?\UNC\HLY-SMB01\Shares$\IndProco\Btruxal\Ray Kogan\2020 January Strategic Plan Mtg\coalloration with clients\How The 'Silo Effect' Is Hurting Cross Team Collaboration.htm"	"ReadAndExecute, Synchronize"	"Allow"	"S-1-15-3-4096"	"None"	"None"
"\\?\UNC\HLY-SMB01\Shares$\IndProco\Btruxal\safety docs\Safety moments\Saving Sudden Cardiac Arrest Victims in the Workplace_files"	"ReadAndExecute, Synchronize"	"Allow"	"S-1-15-3-4096"	"ContainerInherit, ObjectInherit"	"None"
"\\?\UNC\HLY-SMB01\Shares$\IndProco\Btruxal\safety docs\Safety moments\Saving Sudden Cardiac Arrest Victims in the Workplace.htm"	"ReadAndExecute, Synchronize"	"Allow"	"S-1-15-3-4096"	"None"	"None"
"\\?\UNC\HLY-SMB01\Shares$\ITES"	"FullControl"	"Allow"	"POWERENG\FS-FileServices-ADM"	"ContainerInherit, ObjectInherit"	"None"
"\\?\UNC\HLY-SMB01\Shares$\ITES"	"ReadAndExecute, Synchronize"	"Allow"	"POWERENG\FS-HLYFS1-ITES-Share-RO"	"ContainerInherit, ObjectInherit"	"None"
"\\?\UNC\HLY-SMB01\Shares$\ITES"	"Modify, Synchronize"	"Allow"	"POWERENG\FS-HLYFS1-ITES-Share-RW"	"ContainerInherit, ObjectInherit"	"None"
"\\?\UNC\HLY-SMB01\Shares$\ITES"	"FullControl"	"Allow"	"POWERENG\FS-HLYFS1-ITES-Share-FC"	"ContainerInherit, ObjectInherit"	"None"
"\\?\UNC\HLY-SMB01\Shares$\ITOpsPM"	"FullControl"	"Allow"	"POWERENG\FS-FileServices-ADM"	"ContainerInherit, ObjectInherit"	"None"
"\\?\UNC\HLY-SMB01\Shares$\ITOpsPM"	"ReadAndExecute, Synchronize"	"Allow"	"POWERENG\FS-HLYFS1-ITopsPM-Share-RO"	"ContainerInherit, ObjectInherit"	"None"
"\\?\UNC\HLY-SMB01\Shares$\ITOpsPM"	"Modify, Synchronize"	"Allow"	"POWERENG\FS-HLYFS1-ITopsPM-Share-RW"	"ContainerInherit, ObjectInherit"	"None"
"\\?\UNC\HLY-SMB01\Shares$\ITOpsPM"	"FullControl"	"Allow"	"POWERENG\FS-HLYFS1-ITopsPM-Share-FC"	"ContainerInherit, ObjectInherit"	"None"
"\\?\UNC\HLY-SMB01\Shares$\Legal"	"FullControl"	"Allow"	"POWERENG\FS-FileServices-ADM"	"ContainerInherit, ObjectInherit"	"None"
"\\?\UNC\HLY-SMB01\Shares$\Legal"	"ReadAndExecute, Synchronize"	"Allow"	"POWERENG\FS-HLYFS1-Legal-Share-RO"	"ContainerInherit, ObjectInherit"	"None"
"\\?\UNC\HLY-SMB01\Shares$\Legal"	"Modify, Synchronize"	"Allow"	"POWERENG\FS-HLYFS1-Legal-Share-RW"	"ContainerInherit, ObjectInherit"	"None"
"\\?\UNC\HLY-SMB01\Shares$\Legal"	"FullControl"	"Allow"	"POWERENG\FS-HLYFS1-Legal-Share-FC"	"ContainerInherit, ObjectInherit"	"None"
"\\?\UNC\HLY-SMB01\Shares$\Legal\Licensing Folder"	"FullControl"	"Allow"	"POWERENG\FS-FileServices-ADM"	"ContainerInherit, ObjectInherit"	"None"
"\\?\UNC\HLY-SMB01\Shares$\Legal\Licensing Folder"	"FullControl"	"Allow"	"POWERENG\FS-HLYFS1-Legal-Share-Licensing Folder-Folder-01-FC"	"ContainerInherit, ObjectInherit"	"None"
"\\?\UNC\HLY-SMB01\Shares$\Legal\Licensing Folder"	"Modify, Synchronize"	"Allow"	"POWERENG\FS-HLYFS1-Legal-Share-Licensing Folder-Folder-01-RW"	"ContainerInherit, ObjectInherit"	"None"
"\\?\UNC\HLY-SMB01\Shares$\Legal\Licensing Folder"	"ReadAndExecute, Synchronize"	"Allow"	"POWERENG\FS-HLYFS1-Legal-Share-Licensing Folder-Folder-01-RO"	"ContainerInherit, ObjectInherit"	"None"
"\\?\UNC\HLY-SMB01\Shares$\Legal\Licensing Folder"	"FullControl"	"Allow"	"POWERENG\FS-HLYFS1-Legal-Share-Licensing Folder-Folder-02-FC"	"ContainerInherit, ObjectInherit"	"None"
"\\?\UNC\HLY-SMB01\Shares$\Legal\Licensing Folder"	"ReadAndExecute, Synchronize"	"Allow"	"POWERENG\FS-HLYFS1-Legal-Share-Licensing Folder-Folder-02-RO"	"ContainerInherit, ObjectInherit"	"None"
"\\?\UNC\HLY-SMB01\Shares$\Legal\Licensing Folder"	"Modify, Synchronize"	"Allow"	"POWERENG\FS-HLYFS1-Legal-Share-Licensing Folder-Folder-02-RW"	"ContainerInherit, ObjectInherit"	"None"
"\\?\UNC\HLY-SMB01\Shares$\Legal\Licensing Folder\Corporate\Enginuity Belay LLC\0011641997_ConfirmationLetter.pdf"	"FullControl"	"Allow"	"POWERENG\tgoitiandia"	"None"	"None"
"\\?\UNC\HLY-SMB01\Shares$\Legal\Licensing Folder\Corporate\PECan - Corporate\Manitoba\APEGM\cofainfo.pdf"	"FullControl"	"Allow"	"POWERENG\tgoitiandia"	"None"	"None"
"\\?\UNC\HLY-SMB01\Shares$\Legal\Licensing Folder\Corporate\PEI - Corporate\Idaho\Articles of Amendment - Name Change 1-29-2015.pdf"	"FullControl"	"Allow"	"POWERENG\tgoitiandia"	"None"	"None"
"\\?\UNC\HLY-SMB01\Shares$\Legal\Licensing Folder\Corporate\PEI - Corporate\North Dakota - Contractors\Renewal 2019 receipt.pdf"	"FullControl"	"Allow"	"POWERENG\tgoitiandia"	"None"	"None"
"\\?\UNC\HLY-SMB01\Shares$\Legal\Licensing Folder\Corporate\PEI - Corporate\Oregon - Lake Oswego Business License\Invoice 00011310.iuu4bx7.partial"	"FullControl"	"Allow"	"POWERENG\tgoitiandia"	"None"	"None"
"\\?\UNC\HLY-SMB01\Shares$\Legal\Licensing Folder\Professionals (PE)\Bennett, Kyle\Professional Development\SamplePDHLog.xls"	"FullControl"	"Allow"	"POWERENG\tgoitiandia"	"None"	"None"
"\\?\UNC\HLY-SMB01\Shares$\Legal\Licensing Folder\Professionals (PE)\Stocklin, Clay\Colorado PE Application Checklist.pdf"	"FullControl"	"Allow"	"POWERENG\tgoitiandia"	"None"	"None"
"\\?\UNC\HLY-SMB01\Shares$\Legal\Licensing Folder\Professionals (PE)\Villamor, Ed\SamplePDHLog.xls"	"FullControl"	"Allow"	"POWERENG\tgoitiandia"	"None"	"None"
"\\?\UNC\HLY-SMB01\Shares$\Legal\Licensing Folder\Professionals (PE)\Anderson, Tor\Ontario Temp License Application\Ontario Experience Referee List.doc"	"FullControl"	"Allow"	"POWERENG\tgoitiandia"	"None"	"None"
"\\?\UNC\HLY-SMB01\Shares$\Legal\McFarlane"	"FullControl"	"Allow"	"POWERENG\FS-FileServices-ADM"	"ContainerInherit, ObjectInherit"	"None"
"\\?\UNC\HLY-SMB01\Shares$\Legal\McFarlane"	"FullControl"	"Allow"	"POWERENG\FS-HLYFS1-Legal-Share-CRowe-Folder-01-FC"	"ContainerInherit, ObjectInherit"	"None"
"\\?\UNC\HLY-SMB01\Shares$\Legal\McFarlane"	"ReadAndExecute, Synchronize"	"Allow"	"POWERENG\FS-HLYFS1-Legal-Share-CRowe-Folder-01-RO"	"ContainerInherit, ObjectInherit"	"None"
"\\?\UNC\HLY-SMB01\Shares$\Legal\McFarlane"	"Modify, Synchronize"	"Allow"	"POWERENG\FS-HLYFS1-Legal-Share-CRowe-Folder-01-RW"	"ContainerInherit, ObjectInherit"	"None"
"\\?\UNC\HLY-SMB01\Shares$\Legal\McFarlane\LEGAL INVOICES"	"FullControl"	"Allow"	"POWERENG\FS-FileServices-ADM"	"ContainerInherit, ObjectInherit"	"None"
"\\?\UNC\HLY-SMB01\Shares$\Legal\McFarlane\LEGAL INVOICES"	"FullControl"	"Allow"	"POWERENG\FS-HLYFS1-Legal-Share-LEGAL INVOICES-Folder-01-FC"	"ContainerInherit, ObjectInherit"	"None"
"\\?\UNC\HLY-SMB01\Shares$\Legal\McFarlane\LEGAL INVOICES"	"ReadAndExecute, Synchronize"	"Allow"	"POWERENG\FS-HLYFS1-Legal-Share-LEGAL INVOICES-Folder-01-RO"	"ContainerInherit, ObjectInherit"	"None"
"\\?\UNC\HLY-SMB01\Shares$\Legal\McFarlane\LEGAL INVOICES"	"Modify, Synchronize"	"Allow"	"POWERENG\FS-HLYFS1-Legal-Share-LEGAL INVOICES-Folder-01-RW"	"ContainerInherit, ObjectInherit"	"None"
"\\?\UNC\HLY-SMB01\Shares$\Legal\RMI Department\Insurance\All Claims\Auto Claims\2019\19-20_Closed Claim\Fleet\09-28-2019_Mark Sarlitto_PCI_Veh 463_AF\Estimate.pdf"	"FullControl"	"Allow"	"POWERENG\swight"	"None"	"None"
"\\?\UNC\HLY-SMB01\Shares$\Legal\RMI Department\Insurance\Policy Information\2019-2020 Insurance Policies\2019-2020 Policies\Files.zip"	"FullControl"	"Allow"	"POWERENG\swight"	"None"	"None"
"\\?\UNC\HLY-SMB01\Shares$\Legal\RMI Department\Insurance\Policy Information\2020-2021 Insurance Policies\Policy and Endorsement forms\Files.zip"	"FullControl"	"Allow"	"POWERENG\swight"	"None"	"None"
"\\?\UNC\HLY-SMB01\Shares$\Legal\RMI Department\Insurance\Policy Information\PeCAN_Canadian Insurance\2021-2022 Policy Information\POWER Marketing Summary.docx"	"FullControl"	"Allow"	"POWERENG\swight"	"None"	"None"
"\\?\UNC\HLY-SMB01\Shares$\Legal\RMI Department\Insurance\Policy Information\PeCAN_Canadian Insurance\2021-2022 Policy Information\Ryder_Power Engineers Invoice and Payment Plan Options.pdf"	"FullControl"	"Allow"	"POWERENG\swight"	"None"	"None"
"\\?\UNC\HLY-SMB01\Shares$\Legal\CONTRACT\007-8000 to 007-8999\007-8900 to 007-8999\007-8964f Ex. A.pdf"	"FullControl"	"Allow"	"S-1-5-21-1380516296-1705272057-1576261225-79638"	"None"	"None"
"\\?\UNC\HLY-SMB01\Shares$\Legal\CONTRACT\007-9000 to 007-9999\007-9100 to 007-9199\007-9196 CO 2 Ex. A.pdf"	"FullControl"	"Allow"	"S-1-5-21-1380516296-1705272057-1576261225-64405"	"None"	"None"
"\\?\UNC\HLY-SMB01\Shares$\Legal\ARekow\BFite\Archive Notes\Notes through Apr 2020\Power Engineers_Confidentiality Agreement.pdf"	"FullControl"	"Allow"	"S-1-5-21-1380516296-1705272057-1576261225-69656"	"None"	"None"
"\\?\UNC\HLY-SMB01\Shares$\Legal\ARekow\BFite\Archive Notes\Notes through Apr 2020\esignature_Request_for_Agreement__3584268_-_.pdf"	"FullControl"	"Allow"	"S-1-5-21-1380516296-1705272057-1576261225-69656"	"None"	"None"
"\\?\UNC\HLY-SMB01\Shares$\Legal\ARekow\JGroome\CLE\FAR Workshop Virtual - May 2020 Session 2.pdf"	"FullControl"	"Allow"	"S-1-5-21-1380516296-1705272057-1576261225-79638"	"None"	"None"
"\\?\UNC\HLY-SMB01\Shares$\Legal\ARekow\JGroome\CLE\FAR Workshop Virtual - May 2020 Session 3.pdf"	"FullControl"	"Allow"	"S-1-5-21-1380516296-1705272057-1576261225-79638"	"None"	"None"
"\\?\UNC\HLY-SMB01\Shares$\Legal\ARekow\JGroome\CLE\FAR Workshop Virtual - May 2020 Session 4.pdf"	"FullControl"	"Allow"	"S-1-5-21-1380516296-1705272057-1576261225-79638"	"None"	"None"
"\\?\UNC\HLY-SMB01\Shares$\Legal\ARekow\JGroome\Contract Review Notes\2019\July 2019 Reviews\July 2019 - CenterPoint Energy - Power Engineers 4600036625-Signed_05-10-2017-Complete.pdf"	"FullControl"	"Allow"	"S-1-5-21-1380516296-1705272057-1576261225-79638"	"None"	"None"
"\\?\UNC\HLY-SMB01\Shares$\Legal\ARekow\JGroome\Contract Review Notes\2019\July 2019 Reviews\July 2019 - Pro Power Clean - UPDATED Janitorial & Floor Maintenance Proposal - 7-17-19.doc"	"FullControl"	"Allow"	"S-1-5-21-1380516296-1705272057-1576261225-79638"	"None"	"None"
"\\?\UNC\HLY-SMB01\Shares$\Legal\ARekow\JGroome\Contract Review Notes\2020\February 2020 Reviews\Feb 2020 - KCI - Subcontract - Power.pdf"	"FullControl"	"Allow"	"S-1-5-21-1380516296-1705272057-1576261225-79638"	"None"	"None"
"\\?\UNC\HLY-SMB01\Shares$\Legal\ARekow\JGroome\Contract Review Notes\2020\January 2020 Reviews\January 2020 - Silicon Labs_POWER Consultant Agreement C-18-18413_signed.pdf"	"FullControl"	"Allow"	"S-1-5-21-1380516296-1705272057-1576261225-79638"	"None"	"None"
"\\?\UNC\HLY-SMB01\Shares$\Legal\ARekow\JGroome\Contract Review Notes\Redlines and Comments\2019 Redlines & Comments\SRP JG REDLINE Consultancy Master Agreement.docx (Rev 6-7-17)..docx"	"FullControl"	"Allow"	"S-1-5-21-1380516296-1705272057-1576261225-79638"	"None"	"None"
"\\?\UNC\HLY-SMB01\Shares$\Legal\GR SZ"	"FullControl"	"Allow"	"POWERENG\FS-FileServices-ADM"	"ContainerInherit, ObjectInherit"	"None"
"\\?\UNC\HLY-SMB01\Shares$\Legal\GR SZ"	"FullControl"	"Allow"	"POWERENG\FS-HLYFS1-Legal-Share-GR SZ-Folder-01-FC"	"ContainerInherit, ObjectInherit"	"None"
"\\?\UNC\HLY-SMB01\Shares$\Legal\GR SZ"	"ReadAndExecute, Synchronize"	"Allow"	"POWERENG\FS-HLYFS1-Legal-Share-GR SZ-Folder-01-RO"	"ContainerInherit, ObjectInherit"	"None"
"\\?\UNC\HLY-SMB01\Shares$\Legal\GR SZ"	"Modify, Synchronize"	"Allow"	"POWERENG\FS-HLYFS1-Legal-Share-GR SZ-Folder-01-RW"	"ContainerInherit, ObjectInherit"	"None"
"\\?\UNC\HLY-SMB01\Shares$\Legal\Cyber Compliance - SAWTOOTH"	"FullControl"	"Allow"	"POWERENG\FS-FileServices-ADM"	"ContainerInherit, ObjectInherit"	"None"
"\\?\UNC\HLY-SMB01\Shares$\Legal\Cyber Compliance - SAWTOOTH"	"FullControl"	"Allow"	"POWERENG\FS-HLYFS1-Legal-Share-CyberComp-Folder-01-FC"	"ContainerInherit, ObjectInherit"	"None"
"\\?\UNC\HLY-SMB01\Shares$\Legal\Cyber Compliance - SAWTOOTH"	"ReadAndExecute, Synchronize"	"Allow"	"POWERENG\FS-HLYFS1-Legal-Share-CyberComp-Folder-01-RO"	"ContainerInherit, ObjectInherit"	"None"
"\\?\UNC\HLY-SMB01\Shares$\Legal\Cyber Compliance - SAWTOOTH"	"Modify, Synchronize"	"Allow"	"POWERENG\FS-HLYFS1-Legal-Share-CyberComp-Folder-01-RW"	"ContainerInherit, ObjectInherit"	"None"
"\\?\UNC\HLY-SMB01\Shares$\Legal\Legal Services Intern 2020"	"FullControl"	"Allow"	"POWERENG\FS-FileServices-ADM"	"ContainerInherit, ObjectInherit"	"None"
"\\?\UNC\HLY-SMB01\Shares$\Legal\Legal Services Intern 2020"	"FullControl"	"Allow"	"POWERENG\FS-HLYFS1-Legal-Share-LSI2020-Folder-01-FC"	"ContainerInherit, ObjectInherit"	"None"
"\\?\UNC\HLY-SMB01\Shares$\Legal\Legal Services Intern 2020"	"ReadAndExecute, Synchronize"	"Allow"	"POWERENG\FS-HLYFS1-Legal-Share-LSI2020-Folder-01-RO"	"ContainerInherit, ObjectInherit"	"None"
"\\?\UNC\HLY-SMB01\Shares$\Legal\Legal Services Intern 2020"	"Modify, Synchronize"	"Allow"	"POWERENG\FS-HLYFS1-Legal-Share-LSI2020-Folder-01-RW"	"ContainerInherit, ObjectInherit"	"None"
"\\?\UNC\HLY-SMB01\Shares$\Legal\Legal Services Intern 2020\Nicole Robles\Writing Sample.docx"	"FullControl"	"Allow"	"POWERENG\arekow"	"None"	"None"
"\\?\UNC\HLY-SMB01\Shares$\Legal2"	"FullControl"	"Allow"	"POWERENG\FS-FileServices-ADM"	"ContainerInherit, ObjectInherit"	"None"
"\\?\UNC\HLY-SMB01\Shares$\Legal2"	"ReadAndExecute, Synchronize"	"Allow"	"POWERENG\FS-HLYFS1-Legal2-Share-RO"	"ContainerInherit, ObjectInherit"	"None"
"\\?\UNC\HLY-SMB01\Shares$\Legal2"	"Modify, Synchronize"	"Allow"	"POWERENG\FS-HLYFS1-Legal2-Share-RW"	"ContainerInherit, ObjectInherit"	"None"
"\\?\UNC\HLY-SMB01\Shares$\Legal2"	"FullControl"	"Allow"	"POWERENG\FS-HLYFS1-Legal2-Share-FC"	"ContainerInherit, ObjectInherit"	"None"
"\\?\UNC\HLY-SMB01\Shares$\Line"	"FullControl"	"Allow"	"POWERENG\FS-FileServices-ADM"	"ContainerInherit, ObjectInherit"	"None"
"\\?\UNC\HLY-SMB01\Shares$\Line"	"ReadAndExecute, Synchronize"	"Allow"	"POWERENG\FS-HLYFS1-Line-Share-RO"	"ContainerInherit, ObjectInherit"	"None"
"\\?\UNC\HLY-SMB01\Shares$\Line"	"Modify, Synchronize"	"Allow"	"POWERENG\FS-HLYFS1-Line-Share-RW"	"ContainerInherit, ObjectInherit"	"None"
"\\?\UNC\HLY-SMB01\Shares$\Line"	"FullControl"	"Allow"	"POWERENG\FS-HLYFS1-Line-Share-FC"	"ContainerInherit, ObjectInherit"	"None"
"\\?\UNC\HLY-SMB01\Shares$\Line\Hlyprojects\124464\DD\DWG\01 Ref\Water from RPU 12-21-18\2018-12-20.zip"	"FullControl"	"Allow"	"POWERENG\dmcgrady"	"None"	"None"
"\\?\UNC\HLY-SMB01\Shares$\Line\Hlyprojects\137317\DD\DES\07 Photos\POWER ENGINEERING-115 kV HPFF UG TRANSMISSION LINE _4.zip"	"FullControl"	"Allow"	"POWERENG\asmith"	"None"	"None"
"\\?\UNC\HLY-SMB01\Shares$\Line\Hlyprojects\137317\EMAT\03 Gary Merlino Construction\01 Submittals\2020-12-12 Utility Hangers\MCP_SUB_0727_Bridge Deck Inserts - Utility Hangers.pdf"	"FullControl"	"Allow"	"POWERENG\asmith"	"None"	"None"
"\\?\UNC\HLY-SMB01\Shares$\Line\Hlyprojects\137317\EMAT\03 Gary Merlino Construction\01 Submittals\2021-04-01 Temporary Support Design for Vaults 208T004 & 216T003\MCP_SUB_0811_T4 Bridge Attachment.pdf"	"FullControl"	"Allow"	"POWERENG\asmith"	"None"	"None"
"\\?\UNC\HLY-SMB01\Shares$\Line\Hlyprojects\137317\EMAT\03 Gary Merlino Construction\01 Submittals\2021-04-16 MCP_SUB_0834_Bird Spikes\MCP_SUB_0834_T4 Bird Spikes.pdf"	"FullControl"	"Allow"	"POWERENG\asmith"	"None"	"None"
"\\?\UNC\HLY-SMB01\Shares$\Line\Hlyprojects\137317\EMAT\03 Gary Merlino Construction\01 Submittals\2021-05-07 MCP_SUB_0858_4 Inch Schedule 40 PVC Conduit for T4 Comm\MCP_SUB_0858_4 Inch Schedule 40 PVC Conduit for T4 Comm.pdf"	"FullControl"	"Allow"	"POWERENG\asmith"	"None"	"None"
"\\?\UNC\HLY-SMB01\Shares$\Line\Hlyprojects\137317\EMAT\03 Gary Merlino Construction\01 Submittals\2021-05-10 MCP_SUB_0834A_Bird Spikes\MCP_SUB_0834A_Bird Spikes.pdf"	"FullControl"	"Allow"	"POWERENG\asmith"	"None"	"None"
"\\?\UNC\HLY-SMB01\Shares$\Line\Hlyprojects\137317\EMAT\03 Gary Merlino Construction\01 Submittals\2021-06-02 MCP_SUB_0894_T4 Comm Line Bridge Expansion Jts\MCP_SUB_0894_T4 Comm Line Bridge Expansion Jts.pdf"	"FullControl"	"Allow"	"POWERENG\asmith"	"None"	"None"
"\\?\UNC\HLY-SMB01\Shares$\Line\Hlyprojects\137317\EMAT\03 Gary Merlino Construction\01 Submittals\2021-06-02 MCP_SUB_0894_T4 Comm Line Bridge Expansion Jts\UTEC Updated Schedule for FPL- Miami to Lawrence, 5.24.21.pdf"	"FullControl"	"Allow"	"POWERENG\asmith"	"None"	"None"
"\\?\UNC\HLY-SMB01\Shares$\Line\Hlyprojects\137317\EMAT\03 Gary Merlino Construction\01 Submittals\2021-06-21 MCP_RFI_0730_Pier 1 Diaphragm Backwall T4 Conflict\MCP_RFI_0730_Pier 1 Diaphragm Backwall T4 Conflict (Supplmt 2).pdf"	"FullControl"	"Allow"	"POWERENG\asmith"	"None"	"None"
"\\?\UNC\HLY-SMB01\Shares$\Line\Hlyprojects\137317\EMAT\03 Gary Merlino Construction\01 Submittals\2021-06-21 MCP_RFI_0730_Pier 1 Diaphragm Backwall T4 Conflict\MCP_RFI_0730_Pier 1 Diaphragm Backwall T4 Conflict.docx"	"FullControl"	"Allow"	"POWERENG\asmith"	"None"	"None"
"\\?\UNC\HLY-SMB01\Shares$\Line\Hlyprojects\137317\EMAT\03 Gary Merlino Construction\01 Submittals\2021-06-21 MCP_RFI_0730_Pier 1 Diaphragm Backwall T4 Conflict\MCP_RFI_0730_Pier 1 Diaphragm Backwall T4 Conflict.suppl info.pdf"	"FullControl"	"Allow"	"POWERENG\asmith"	"None"	"None"
"\\?\UNC\HLY-SMB01\Shares$\Line\Hlyprojects\137317\EMAT\03 UTEC\01 Submittals\2020-09-01 HPFF Cable\MCP_SUB_0617_T3-T4 Electrical Cable.pdf"	"FullControl"	"Allow"	"POWERENG\asmith"	"None"	"None"
"\\?\UNC\HLY-SMB01\Shares$\Line\Hlyprojects\137317\EMAT\03 UTEC\01 Submittals\2020-09-14 Temp Support at Seneca\MCP_SUB_0147C_Temp Utility Support - 115kV at Seneca.pdf"	"FullControl"	"Allow"	"POWERENG\asmith"	"None"	"None"
"\\?\UNC\HLY-SMB01\Shares$\Line\Hlyprojects\137317\EMAT\03 UTEC\01 Submittals\2020-09-20 Pipe and Misc Material\MCP_SUB_0623_115kV Transmsn Line - Pipe & Misc.pdf"	"FullControl"	"Allow"	"POWERENG\asmith"	"None"	"None"
"\\?\UNC\HLY-SMB01\Shares$\Line\Hlyprojects\137317\EMAT\03 UTEC\01 Submittals\2020-09-24 Normal and Phasing Joint\MCP_SUB_0637_Normal and Phasing Splices.pdf"	"FullControl"	"Allow"	"POWERENG\asmith"	"None"	"None"
"\\?\UNC\HLY-SMB01\Shares$\Line\Hlyprojects\137317\EMAT\03 UTEC\01 Submittals\2020-10-01 Cable Cut Lengths\MCP_SUB_0656_115kV Cable Cut Lengths.pdf"	"FullControl"	"Allow"	"POWERENG\asmith"	"None"	"None"
"\\?\UNC\HLY-SMB01\Shares$\Line\Hlyprojects\137317\EMAT\03 UTEC\01 Submittals\2020-10-07 Dielectric Fluid Resubmittal\MCP_SUB_0623A_115kV Transmsn Line - Pipe & Misc.pdf"	"FullControl"	"Allow"	"POWERENG\asmith"	"None"	"None"
"\\?\UNC\HLY-SMB01\Shares$\Line\Hlyprojects\137317\EMAT\03 UTEC\01 Submittals\2020-11-12 8-inch Pulling Mandrel\MCP_SUB_0623B_115kV Transmsn Line - Pipe & Misc - Mandrel.pdf"	"FullControl"	"Allow"	"POWERENG\asmith"	"None"	"None"
"\\?\UNC\HLY-SMB01\Shares$\Line\Hlyprojects\137317\EMAT\03 UTEC\01 Submittals\2020-11-16 Base Slab RFI\MCP_RFI_0549_Base Slab Detail for T4 Vaults.docx"	"FullControl"	"Allow"	"POWERENG\asmith"	"None"	"None"
"\\?\UNC\HLY-SMB01\Shares$\Line\Hlyprojects\137317\EMAT\03 UTEC\01 Submittals\2020-11-25 8-inch Pulling Mandrel\MCP_SUB_0623C_115kV Transmsn Line - Pipe & Misc - Mandrel.pdf"	"FullControl"	"Allow"	"POWERENG\asmith"	"None"	"None"
"\\?\UNC\HLY-SMB01\Shares$\Line\Hlyprojects\137317\EMAT\03 UTEC\01 Submittals\2020-12-31 Normal and Phasing Joint\MCP_SUB_0637A_Normal and Phasing Splices.pdf"	"FullControl"	"Allow"	"POWERENG\asmith"	"None"	"None"
"\\?\UNC\HLY-SMB01\Shares$\Line\Hlyprojects\137317\EMAT\03 UTEC\01 Submittals\2021-01-05 Pipe Liner SG Tech Data\MCP_SUB_0623D_115kV Transmsn Line - Pipe & Misc - Liner.pdf"	"FullControl"	"Allow"	"POWERENG\asmith"	"None"	"None"
"\\?\UNC\HLY-SMB01\Shares$\Line\Hlyprojects\137317\EMAT\03 UTEC\01 Submittals\2021-01-22 Normal and Phasing Joint Resubmittal\MCP_SUB_0637B_Normal and Phasing Splices.pdf"	"FullControl"	"Allow"	"POWERENG\asmith"	"None"	"None"
"\\?\UNC\HLY-SMB01\Shares$\Line\Hlyprojects\137317\EMAT\03 UTEC\01 Submittals\2021-03-09 Magnesium Anodes - 32 Lbs\MCP_SUB_0785_Magnesium Anodes - 32-Lbs.pdf"	"FullControl"	"Allow"	"POWERENG\asmith"	"None"	"None"
"\\?\UNC\HLY-SMB01\Shares$\Line\Hlyprojects\137317\EMAT\03 UTEC\01 Submittals\2021-03-18 Pipe and Cable Handling Procedures\MCP_SUB_0794_T4 Pipe and Cable Handling Procedures.pdf"	"FullControl"	"Allow"	"POWERENG\asmith"	"None"	"None"
"\\?\UNC\HLY-SMB01\Shares$\Line\Hlyprojects\137317\EMAT\03 UTEC\01 Submittals\2021-03-23 T4 Cathodic Protection\MCP_SUB_0801_T4 Cathodic Protection.pdf"	"FullControl"	"Allow"	"POWERENG\asmith"	"None"	"None"
"\\?\UNC\HLY-SMB01\Shares$\Line\Hlyprojects\137317\EMAT\03 UTEC\01 Submittals\2021-03-23 T4 Line Casing Spacers\MCP_SUB_0802_T4 Casing Spacers.pdf"	"FullControl"	"Allow"	"POWERENG\asmith"	"None"	"None"
"\\?\UNC\HLY-SMB01\Shares$\Line\Hlyprojects\137317\EMAT\03 UTEC\01 Submittals\2021-03-25 T4 8-Inch Pipeline Thrust Collar\MCP_SUB_0804_T4 8-Inch Pipeline Thrust Collar.pdf"	"FullControl"	"Allow"	"POWERENG\asmith"	"None"	"None"
"\\?\UNC\HLY-SMB01\Shares$\Line\Hlyprojects\137317\EMAT\03 UTEC\01 Submittals\2021-06-29 MCP_SUB_0890C_T4 Pipe Line Welds 22 - 32\MCP_SUB_0890C_T4 Pipe Line Welds 22 - 32.pdf"	"FullControl"	"Allow"	"POWERENG\asmith"	"None"	"None"
"\\?\UNC\HLY-SMB01\Shares$\Line\Hlyprojects\137317\EMAT\03 UTEC\01 Submittals\2021-06-29 MCP_SUB_0916_T4 Cable Installation Qualified Person\MCP_SUB_0916_T4 Cable Installation Qualified Person.pdf"	"FullControl"	"Allow"	"POWERENG\asmith"	"None"	"None"
"\\?\UNC\HLY-SMB01\Shares$\Line\Hlyprojects\137317\EMAT\03 UTEC\01 Submittals\2021-07-07 MCP_RFI_0741_T4 Slide Plates\MCP_RFI_0741_T4 Slide Plates.docx"	"FullControl"	"Allow"	"POWERENG\asmith"	"None"	"None"
"\\?\UNC\HLY-SMB01\Shares$\Line\Hlyprojects\137317\EMAT\03 UTEC\01 Submittals\2021-07-07 MCP_RFI_0741_T4 Slide Plates\MCP_RFI_0741_T4 Slide Plates.pdf"	"FullControl"	"Allow"	"POWERENG\asmith"	"None"	"None"
"\\?\UNC\HLY-SMB01\Shares$\Line\Hlyprojects\137317\EMAT\03 UTEC\01 Submittals\2021-07-12 MCP_SUB_0890D_T4 Pipe Line Welds 33 - 37\MCP_SUB_0890D_T4 Pipe Line Welds 33 - 37.pdf"	"FullControl"	"Allow"	"POWERENG\asmith"	"None"	"None"
"\\?\UNC\HLY-SMB01\Shares$\Line\Hlyprojects\137317\EMAT\03 UTEC\01 Submittals\2021-07-12 MCP_SUB_0890D_T4 Pipe Line Welds 38 - 44\MCP_SUB_0890E_T4 Pipe Line Welds 38-44.pdf"	"FullControl"	"Allow"	"POWERENG\asmith"	"None"	"None"
"\\?\UNC\HLY-SMB01\Shares$\Line\Hlyprojects\137317\EMAT\03 UTEC\01 Submittals\2021-07-27 MCP_SUB_0890D_T4 Pipe Line Welds 45 - 52\MCP_SUB_0890F_T4 Pipe Line Welds 45-52.pdf"	"FullControl"	"Allow"	"POWERENG\asmith"	"None"	"None"
"\\?\UNC\HLY-SMB01\Shares$\Line\Hlyprojects\137317\EMAT\03 UTEC\01 Submittals\2021-07-29 MCP_SUB_0916A_T4 Cable Installation Qualified Person\MCP_SUB_0916A_T4 Cable Installation Qualified Person.pdf"	"FullControl"	"Allow"	"POWERENG\asmith"	"None"	"None"
"\\?\UNC\HLY-SMB01\Shares$\Line\Hlyprojects\137317\EMAT\03 UTEC\01 Submittals\2021-07-30 MCP_SUB_0916B_T4 Cable Installation Qualified Person\MCP_SUB_0916B_T4 Cable Installation Qualified Person.pdf"	"FullControl"	"Allow"	"POWERENG\asmith"	"None"	"None"
"\\?\UNC\HLY-SMB01\Shares$\Line\Hlyprojects\137317\EMAT\03 UTEC\01 Submittals\2021-08-03 MCP_SUB_0916C_T4 Cable Installation Qualified Person\MCP_SUB_0916C_T4 Cable Installation Qualified Person.pdf"	"FullControl"	"Allow"	"POWERENG\asmith"	"None"	"None"
"\\?\UNC\HLY-SMB01\Shares$\Line\Hlyprojects\137317\EMAT\03 UTEC\01 Submittals\2021-08-19 MCP_RFI_0776_T4 Slide Plate Attachment to Channel Supports\MCP_RFI_0776_T4 Slide Plate Attachment to Channel Supports.docx"	"FullControl"	"Allow"	"POWERENG\asmith"	"None"	"None"
"\\?\UNC\HLY-SMB01\Shares$\Line\Hlyprojects\137317\EMAT\03 UTEC\01 Submittals\2021-09-01 MCP_SUB_0967_Analytical for PCB's in Existing Dielectric Oil\MCP_SUB_0967_Analytical for PCB's in Existing Dielectric Oil.pdf"	"FullControl"	"Allow"	"POWERENG\asmith"	"None"	"None"
"\\?\UNC\HLY-SMB01\Shares$\Line\Hlyprojects\138082\DD\DES\07 Photos\BAC Photos\As-Built Photos from 4-1-2020 to 7-17-2020(rmeggie@bac-inc.com).zip"	"FullControl"	"Allow"	"POWERENG\dmcgrady"	"None"	"None"
"\\?\UNC\HLY-SMB01\Shares$\Line\Hlyprojects\138082\DD\DES\12 Const Spec\019-0632_Rev-0_115kV_Cable_Supply_Install_Spec\Conformed Contract\GSLP - Cable Furnish & Install - Conformed Contract.zip"	"FullControl"	"Allow"	"POWERENG\dmcgrady"	"None"	"None"
"\\?\UNC\HLY-SMB01\Shares$\Line\Hlyprojects\138082\DD\DES\12 Const Spec\019-0632_Rev-0_115kV_Cable_Supply_Install_Spec\From Burns & Mac\Greenwich Cable Furnish & Install-1.zip"	"FullControl"	"Allow"	"POWERENG\dmcgrady"	"None"	"None"
"\\?\UNC\HLY-SMB01\Shares$\Line\Hlyprojects\138082\DD\DES\12 Const Spec\019-0632_Rev-0_115kV_Cable_Supply_Install_Spec\From Burns & Mac\Greenwich Cable Furnish & Install-2.zip"	"FullControl"	"Allow"	"POWERENG\dmcgrady"	"None"	"None"
"\\?\UNC\HLY-SMB01\Shares$\Line\Hlyprojects\138082\DD\DES\12 Const Spec\019-0632_Rev-0_115kV_Cable_Supply_Install_Spec\From Burns & Mac\Greenwich Cable Furnish & Install-3.zip"	"FullControl"	"Allow"	"POWERENG\dmcgrady"	"None"	"None"
"\\?\UNC\HLY-SMB01\Shares$\Line\Hlyprojects\138082\DD\DWG\01 Ref\20191127_Pedestrian_Bridge_Download\Benesch Response - RFI-001.IHB - Ornamental Fence Clarification.pdf"	"FullControl"	"Allow"	"POWERENG\lhinzman"	"None"	"None"
"\\?\UNC\HLY-SMB01\Shares$\Line\Hlyprojects\138082\DD\DWG\01 Ref\20191127_Pedestrian_Bridge_Download\Benesch Response - RFI-001.IHB - Ornamental Fence Clarification.pdf"	"Read, Synchronize"	"Allow"	"S-1-15-2-3624051433-2125758914-1423191267-1740899205-1073925389-3782572162-737981194"	"None"	"None"
"\\?\UNC\HLY-SMB01\Shares$\Line\Hlyprojects\138082\DD\DWG\01 Ref\20191127_Pedestrian_Bridge_Download\Benesch Response - RFI-001.IHB - Ornamental Fence Clarification.pdf"	"Read, Synchronize"	"Allow"	"S-1-15-3-3624051433-2125758914-1423191267-1740899205-1073925389-3782572162-737981194"	"None"	"None"
"\\?\UNC\HLY-SMB01\Shares$\Line\Hlyprojects\138082\DD\DWG\08 Const Dwgs\As-Built\LS Cable Document\20201119_Greenwich.zip"	"FullControl"	"Allow"	"POWERENG\dmcgrady"	"None"	"None"
"\\?\UNC\HLY-SMB01\Shares$\Line\Hlyprojects\138082\DD\DWG\08 Const Dwgs\As-Built\LS Cable Document\Final Documentation_Greenwich 115kV_LS Cable.zip"	"FullControl"	"Allow"	"POWERENG\dmcgrady"	"None"	"None"
"\\?\UNC\HLY-SMB01\Shares$\Line\Hlyprojects\138082\DD\DWG\08 Const Dwgs\As-Built\PDF As-Builts - 10-09-20\FW_138082 - RE_ Greenwich duct bank project- PDF 20201012100704.zip"	"FullControl"	"Allow"	"POWERENG\dmcgrady"	"None"	"None"
"\\?\UNC\HLY-SMB01\Shares$\Line\Hlyprojects\138082\DD\DWG\08 Const Dwgs\As-Built\Greenwich Ductbank AutoCAD Files (Submitted 8-24-20).zip"	"FullControl"	"Allow"	"POWERENG\dmcgrady"	"None"	"None"
"\\?\UNC\HLY-SMB01\Shares$\Line\Hlyprojects\138082\EMAT\03 BAC\01 Submittals\Submittals - BAC\FTB and Concrete\FTB Results 12-19-19\Greenwich duct bank project - Concrete and FTB results 2 of 2 .msg"	"FullControl"	"Allow"	"POWERENG\dmcgrady"	"None"	"None"
"\\?\UNC\HLY-SMB01\Shares$\Line\Hlyprojects\138082\EMAT\03 BAC\01 Submittals\Submittals - BAC\FTB and Concrete\FTB Results 12-19-19\Greenwich duct bank project-  Concrete and backfil test results - recv 12-19-19.msg"	"FullControl"	"Allow"	"POWERENG\dmcgrady"	"None"	"None"
"\\?\UNC\HLY-SMB01\Shares$\Line\Hlyprojects\138082\EMAT\03 BAC\01 Submittals\Submittals - BAC\FTB and Concrete\FTB Results 12-19-19\Greenwich duct bank project- Concrete and FTD results 1 of 2.msg"	"FullControl"	"Allow"	"POWERENG\dmcgrady"	"None"	"None"
"\\?\UNC\HLY-SMB01\Shares$\Line\Hlyprojects\138082\EMAT\03 BAC\01 Submittals\Submittals - BAC\Submittal 002 - Splice Vaults\324-59994-004-7x22 Transmission Vaults 4302 & 5302 Rev03.pdf"	"FullControl"	"Allow"	"POWERENG\dmcgrady"	"None"	"None"
"\\?\UNC\HLY-SMB01\Shares$\Line\Hlyprojects\138082\EMAT\03 BAC\01 Submittals\Submittals - BAC\Submittal 002 - Splice Vaults\7x22 HS-25 Calcs.pdf"	"FullControl"	"Allow"	"POWERENG\dmcgrady"	"None"	"None"
"\\?\UNC\HLY-SMB01\Shares$\Line\Hlyprojects\138082\EMAT\03 LS Cable\01 Submittals\0xx - Manhole Racking\Greenwich Project Submittal_LS_20200224.zip"	"FullControl"	"Allow"	"POWERENG\dmcgrady"	"None"	"None"
"\\?\UNC\HLY-SMB01\Shares$\Line\Hlyprojects\138082\EMAT\03 LS Cable\01 Submittals\LS Cable Documents\Documents (LS Cable).zip"	"FullControl"	"Allow"	"POWERENG\dmcgrady"	"None"	"None"
"\\?\UNC\HLY-SMB01\Shares$\Line\Hlyprojects\138082\SR\01 Geotech\20190104_Geotech_Appendix\09.01 - Soil Boring Information.zip"	"FullControl"	"Allow"	"POWERENG\dmcgrady"	"None"	"None"
"\\?\UNC\HLY-SMB01\Shares$\Line\Hlyprojects\142069\DD\DWG\08 Const Dwgs\HDCC As-Builts\AS-Built Ala Wai 46kV Relocation (Flat) - From HDCC 05-08-19.pdf"	"FullControl"	"Allow"	"POWERENG\dmcgrady"	"None"	"None"
"\\?\UNC\HLY-SMB01\Shares$\Line\Hlyprojects\145086\DD\DES\03 Structures\Drawing Packages_General Sheets\DAMPER DWGS.pdf"	"FullControl"	"Allow"	"POWERENG\tamato"	"None"	"None"
"\\?\UNC\HLY-SMB01\Shares$\Line\Hlyprojects\145086\DD\DES\03 Structures\Drawing Packages_General Sheets\PLP DAMPER REC'S.pdf"	"FullControl"	"Allow"	"POWERENG\tamato"	"None"	"None"
"\\?\UNC\HLY-SMB01\Shares$\Line\Hlyprojects\145086\PLS\Cables\DRAKE_ACSR_GA2_GCC.wir"	"FullControl"	"Allow"	"POWERENG\tamato"	"None"	"None"
"\\?\UNC\HLY-SMB01\Shares$\Line\Hlyprojects\145086\PLS\Cables\LINNET_ACSR_GA2_GCC.wir"	"FullControl"	"Allow"	"POWERENG\tamato"	"None"	"None"
"\\?\UNC\HLY-SMB01\Shares$\Line\Hlyprojects\145514\PLS\Survey\ECW\DFW B East - Hackberry Sw.ECW"	"FullControl"	"Allow"	"POWERENG\dave.newcomb"	"None"	"None"
"\\?\UNC\HLY-SMB01\Shares$\Line\Hlyprojects\145514\PLS\Survey\Meteo_DFW B East - Hackberry\Meteo_DFW B East - Hackberry Sw.xls"	"FullControl"	"Allow"	"POWERENG\dave.newcomb"	"None"	"None"
"\\?\UNC\HLY-SMB01\Shares$\Line\Hlyprojects\145514\PLS\Survey\Orthophoto\DFW B East - Hackberry Sw1.tfw"	"FullControl"	"Allow"	"POWERENG\dave.newcomb"	"None"	"None"
"\\?\UNC\HLY-SMB01\Shares$\Line\Hlyprojects\145514\PLS\Survey\Orthophoto\DFW B East - Hackberry Sw1.tif"	"FullControl"	"Allow"	"POWERENG\dave.newcomb"	"None"	"None"
"\\?\UNC\HLY-SMB01\Shares$\Line\Hlyprojects\145514\PLS\Survey\Orthophoto\DFW B East - Hackberry Sw2.tfw"	"FullControl"	"Allow"	"POWERENG\dave.newcomb"	"None"	"None"
"\\?\UNC\HLY-SMB01\Shares$\Line\Hlyprojects\145514\PLS\Survey\Orthophoto\DFW B East - Hackberry Sw2.tif"	"FullControl"	"Allow"	"POWERENG\dave.newcomb"	"None"	"None"
"\\?\UNC\HLY-SMB01\Shares$\Line\Hlyprojects\145514\PLS\Survey\Orthophoto\DFW B East - Hackberry Sw3.tfw"	"FullControl"	"Allow"	"POWERENG\dave.newcomb"	"None"	"None"
"\\?\UNC\HLY-SMB01\Shares$\Line\Hlyprojects\145514\PLS\Survey\Orthophoto\DFW B East - Hackberry Sw3.tif"	"FullControl"	"Allow"	"POWERENG\dave.newcomb"	"None"	"None"
"\\?\UNC\HLY-SMB01\Shares$\Line\Hlyprojects\145514\PLS\Survey\Orthophoto\DFW B East - Hackberry Sw4.tfw"	"FullControl"	"Allow"	"POWERENG\dave.newcomb"	"None"	"None"
"\\?\UNC\HLY-SMB01\Shares$\Line\Hlyprojects\145514\PLS\Survey\Orthophoto\DFW B East - Hackberry Sw4.tif"	"FullControl"	"Allow"	"POWERENG\dave.newcomb"	"None"	"None"
"\\?\UNC\HLY-SMB01\Shares$\Line\Hlyprojects\145514\PLS\Survey\Orthophoto\DFW B East - Hackberry Sw5.tfw"	"FullControl"	"Allow"	"POWERENG\dave.newcomb"	"None"	"None"
"\\?\UNC\HLY-SMB01\Shares$\Line\Hlyprojects\145514\PLS\Survey\Orthophoto\DFW B East - Hackberry Sw5.tif"	"FullControl"	"Allow"	"POWERENG\dave.newcomb"	"None"	"None"
"\\?\UNC\HLY-SMB01\Shares$\Line\Hlyprojects\145514\PLS\Survey\Orthophoto\DFW B East - Hackberry Sw6.tfw"	"FullControl"	"Allow"	"POWERENG\dave.newcomb"	"None"	"None"
"\\?\UNC\HLY-SMB01\Shares$\Line\Hlyprojects\145514\PLS\Survey\Orthophoto\DFW B East - Hackberry Sw6.tif"	"FullControl"	"Allow"	"POWERENG\dave.newcomb"	"None"	"None"
"\\?\UNC\HLY-SMB01\Shares$\Line\Hlyprojects\145514\PLS\Survey\Orthophoto\DFW B East - Hackberry Sw7.tfw"	"FullControl"	"Allow"	"POWERENG\dave.newcomb"	"None"	"None"
"\\?\UNC\HLY-SMB01\Shares$\Line\Hlyprojects\145514\PLS\Survey\Orthophoto\DFW B East - Hackberry Sw7.tif"	"FullControl"	"Allow"	"POWERENG\dave.newcomb"	"None"	"None"
"\\?\UNC\HLY-SMB01\Shares$\Line\Hlyprojects\145514\PLS\Survey\Orthophoto\DFW B East - Hackberry Sw8.tfw"	"FullControl"	"Allow"	"POWERENG\dave.newcomb"	"None"	"None"
"\\?\UNC\HLY-SMB01\Shares$\Line\Hlyprojects\145514\PLS\Survey\Orthophoto\DFW B East - Hackberry Sw8.tif"	"FullControl"	"Allow"	"POWERENG\dave.newcomb"	"None"	"None"
"\\?\UNC\HLY-SMB01\Shares$\Line\Hlyprojects\145514\PLS\Survey\Plan\DFW B East - Hackberry Sw_2D.dgn"	"FullControl"	"Allow"	"POWERENG\dave.newcomb"	"None"	"None"
"\\?\UNC\HLY-SMB01\Shares$\Line\Hlyprojects\145514\PLS\Survey\Plan\DFW B East - Hackberry Sw_2D.dxf"	"FullControl"	"Allow"	"POWERENG\dave.newcomb"	"None"	"None"
"\\?\UNC\HLY-SMB01\Shares$\Line\Hlyprojects\145514\PLS\Survey\PLSCADD\01_Conductor.txt"	"FullControl"	"Allow"	"POWERENG\dave.newcomb"	"None"	"None"
"\\?\UNC\HLY-SMB01\Shares$\Line\Hlyprojects\145514\PLS\Survey\PLSCADD\01_Shield.txt"	"FullControl"	"Allow"	"POWERENG\dave.newcomb"	"None"	"None"
"\\?\UNC\HLY-SMB01\Shares$\Line\Hlyprojects\145514\PLS\Survey\PLSCADD\02_Conductor.txt"	"FullControl"	"Allow"	"POWERENG\dave.newcomb"	"None"	"None"
"\\?\UNC\HLY-SMB01\Shares$\Line\Hlyprojects\145514\PLS\Survey\PLSCADD\02_Shield.txt"	"FullControl"	"Allow"	"POWERENG\dave.newcomb"	"None"	"None"
"\\?\UNC\HLY-SMB01\Shares$\Line\Hlyprojects\145514\PLS\Survey\PLSCADD\Anchor_Wires.txt"	"FullControl"	"Allow"	"POWERENG\dave.newcomb"	"None"	"None"
"\\?\UNC\HLY-SMB01\Shares$\Line\Hlyprojects\145514\PLS\Survey\PLSCADD\Attachments.txt"	"FullControl"	"Allow"	"POWERENG\dave.newcomb"	"None"	"None"
"\\?\UNC\HLY-SMB01\Shares$\Line\Hlyprojects\145514\PLS\Survey\PLSCADD\Buswork_138kV.txt"	"FullControl"	"Allow"	"POWERENG\dave.newcomb"	"None"	"None"
"\\?\UNC\HLY-SMB01\Shares$\Line\Hlyprojects\145514\PLS\Survey\PLSCADD\Crossing_Wires.txt"	"FullControl"	"Allow"	"POWERENG\dave.newcomb"	"None"	"None"
"\\?\UNC\HLY-SMB01\Shares$\Line\Hlyprojects\145514\PLS\Survey\PLSCADD\Features.txt"	"FullControl"	"Allow"	"POWERENG\dave.newcomb"	"None"	"None"
"\\?\UNC\HLY-SMB01\Shares$\Line\Hlyprojects\145514\PLS\Survey\PLSCADD\Grnd_10x10.txt"	"FullControl"	"Allow"	"POWERENG\dave.newcomb"	"None"	"None"
"\\?\UNC\HLY-SMB01\Shares$\Line\Hlyprojects\145514\PLS\Survey\PLSCADD\Grnd_4x4.txt"	"FullControl"	"Allow"	"POWERENG\dave.newcomb"	"None"	"None"
"\\?\UNC\HLY-SMB01\Shares$\Line\Hlyprojects\145514\PLS\Survey\PLSCADD\Grnd_50x50.txt"	"FullControl"	"Allow"	"POWERENG\dave.newcomb"	"None"	"None"
"\\?\UNC\HLY-SMB01\Shares$\Line\Hlyprojects\145514\PLS\Survey\PLSCADD\Grnd_Unfiltered.txt"	"FullControl"	"Allow"	"POWERENG\dave.newcomb"	"None"	"None"
"\\?\UNC\HLY-SMB01\Shares$\Line\Hlyprojects\145514\PLS\Survey\PLSCADD\Structure_Cadidates.txt"	"FullControl"	"Allow"	"POWERENG\dave.newcomb"	"None"	"None"
"\\?\UNC\HLY-SMB01\Shares$\Line\Hlyprojects\145514\PLS\Survey\PLSCADD\Traffic_Light.txt"	"FullControl"	"Allow"	"POWERENG\dave.newcomb"	"None"	"None"
"\\?\UNC\HLY-SMB01\Shares$\Line\Hlyprojects\145514\PLS\Survey\PLSCADD\Vegetation_1x1.txt"	"FullControl"	"Allow"	"POWERENG\dave.newcomb"	"None"	"None"
"\\?\UNC\HLY-SMB01\Shares$\Line\Hlyprojects\145514\PLS\Survey\PLSCADD\Vegetation_4x4.txt"	"FullControl"	"Allow"	"POWERENG\dave.newcomb"	"None"	"None"
"\\?\UNC\HLY-SMB01\Shares$\Line\Hlyprojects\145514\PLS\Survey\PLSCADD\Vegetation_Unfiltered.txt"	"FullControl"	"Allow"	"POWERENG\dave.newcomb"	"None"	"None"
"\\?\UNC\HLY-SMB01\Shares$\Line\Hlyprojects\145514\PLS\Survey\Stills\01-DFW B East.JPG"	"FullControl"	"Allow"	"POWERENG\dave.newcomb"	"None"	"None"
"\\?\UNC\HLY-SMB01\Shares$\Line\Hlyprojects\145514\PLS\Survey\Stills\02-6B_3.JPG"	"FullControl"	"Allow"	"POWERENG\dave.newcomb"	"None"	"None"
"\\?\UNC\HLY-SMB01\Shares$\Line\Hlyprojects\145514\PLS\Survey\Stills\03-6B_4.JPG"	"FullControl"	"Allow"	"POWERENG\dave.newcomb"	"None"	"None"
"\\?\UNC\HLY-SMB01\Shares$\Line\Hlyprojects\145514\PLS\Survey\Stills\04-6B_5.JPG"	"FullControl"	"Allow"	"POWERENG\dave.newcomb"	"None"	"None"
"\\?\UNC\HLY-SMB01\Shares$\Line\Hlyprojects\145514\PLS\Survey\Stills\05-6B_6.JPG"	"FullControl"	"Allow"	"POWERENG\dave.newcomb"	"None"	"None"
"\\?\UNC\HLY-SMB01\Shares$\Line\Hlyprojects\145514\PLS\Survey\Stills\06-6B_7.JPG"	"FullControl"	"Allow"	"POWERENG\dave.newcomb"	"None"	"None"
"\\?\UNC\HLY-SMB01\Shares$\Line\Hlyprojects\145514\PLS\Survey\Stills\07-6B_8.JPG"	"FullControl"	"Allow"	"POWERENG\dave.newcomb"	"None"	"None"
"\\?\UNC\HLY-SMB01\Shares$\Line\Hlyprojects\145514\PLS\Survey\Stills\08-7_4.JPG"	"FullControl"	"Allow"	"POWERENG\dave.newcomb"	"None"	"None"
"\\?\UNC\HLY-SMB01\Shares$\Line\Hlyprojects\145514\PLS\Survey\Stills\09-7_5.JPG"	"FullControl"	"Allow"	"POWERENG\dave.newcomb"	"None"	"None"
"\\?\UNC\HLY-SMB01\Shares$\Line\Hlyprojects\145514\PLS\Survey\Stills\10-7_6.JPG"	"FullControl"	"Allow"	"POWERENG\dave.newcomb"	"None"	"None"
"\\?\UNC\HLY-SMB01\Shares$\Line\Hlyprojects\145514\PLS\Survey\Stills\11-7_7.JPG"	"FullControl"	"Allow"	"POWERENG\dave.newcomb"	"None"	"None"
"\\?\UNC\HLY-SMB01\Shares$\Line\Hlyprojects\145514\PLS\Survey\Stills\12-7_8.JPG"	"FullControl"	"Allow"	"POWERENG\dave.newcomb"	"None"	"None"
"\\?\UNC\HLY-SMB01\Shares$\Line\Hlyprojects\145514\PLS\Survey\Stills\13-Hackberry Sw.JPG"	"FullControl"	"Allow"	"POWERENG\dave.newcomb"	"None"	"None"
"\\?\UNC\HLY-SMB01\Shares$\Line\Hlyprojects\145514\PLS\Survey\Stills\Hackberry Sw - DFW B East.avi"	"FullControl"	"Allow"	"POWERENG\dave.newcomb"	"None"	"None"
"\\?\UNC\HLY-SMB01\Shares$\Line\Hlyprojects\146681\PLS\Survey\DuDek LAS Drone Survey\GoogleEarthProSetup.exe"	"FullControl"	"Allow"	"POWERENG\dward"	"None"	"None"
"\\?\UNC\HLY-SMB01\Shares$\Line\Hlyprojects\146681\PLS\Survey\DuDek LAS Drone Survey\HSA, FSA, 401(k)...What the Hey!!! Financial Webinar for Employees of POWER Engineers.ics"	"FullControl"	"Allow"	"POWERENG\dward"	"None"	"None"
"\\?\UNC\HLY-SMB01\Shares$\Line\Hlyprojects\146890\EMAT\01 Material\2018-10-25_PLP Damper Recommendation\PLP-Damper Rec.pdf"	"FullControl"	"Allow"	"POWERENG\aheiner"	"None"	"None"
"\\?\UNC\HLY-SMB01\Shares$\Line\Hlyprojects\146890\PLS\Structures\M4\PLS_Pole\Library\mps.inl"	"FullControl"	"Allow"	"POWERENG\jarsmith"	"None"	"None"
"\\?\UNC\HLY-SMB01\Shares$\Line\Hlyprojects\148966\PLS\Structures\M4\PLS_Pole\Structure Models\RS Structures - 2\OneDrive_2018-04-05.zip"	"FullControl"	"Allow"	"POWERENG\tamato"	"None"	"None"
"\\?\UNC\HLY-SMB01\Shares$\Line\Hlyprojects\149288\DD\DES\07 Photos\Equipment Arm\FW_RE_ 442399 SALT RIVER PROJECT PRICE RD CORRIDO20200924141222.zip"	"FullControl"	"Allow"	"POWERENG\dmcgrady"	"None"	"None"
"\\?\UNC\HLY-SMB01\Shares$\Line\Hlyprojects\149288\DD\DES\07 Photos\Foundation Installation\From DGA.zip"	"FullControl"	"Allow"	"POWERENG\dmcgrady"	"None"	"None"
"\\?\UNC\HLY-SMB01\Shares$\Line\Hlyprojects\149288\DD\DES\07 Photos\Stellar Riser Photos\SRPPrice Rd. Corridor - Price Rd. And Stellar Ris20201104144220.zip"	"FullControl"	"Allow"	"POWERENG\dmcgrady"	"None"	"None"
"\\?\UNC\HLY-SMB01\Shares$\Line\Hlyprojects\149288\DD\DES\12 Const Spec\RFP\Addendums\PRC230kV UG Transmission LIne RFP-Addendum 1 & 220180822095227.zip"	"FullControl"	"Allow"	"POWERENG\dmcgrady"	"None"	"None"
"\\?\UNC\HLY-SMB01\Shares$\Line\Hlyprojects\149288\DD\DWG\01 Ref\20180815_COC_Comments\T3016235 Ph I PRC 230kV COC Civil Comments 8-14-18.pdf"	"FullControl"	"Allow"	"POWERENG\dmcgrady"	"None"	"None"
"\\?\UNC\HLY-SMB01\Shares$\Line\Hlyprojects\149288\DD\DWG\01 Ref\20190212_Wilson_As-Builts\Record Drawings 2-12-2019.zip"	"FullControl"	"Allow"	"POWERENG\dmcgrady"	"None"	"None"
"\\?\UNC\HLY-SMB01\Shares$\Line\Hlyprojects\149288\DD\DWG\01 Ref\20190910_Structure_Vibration\2019, 416819, #416819-1, , CSE 56141820190913083411.zip"	"FullControl"	"Allow"	"POWERENG\dmcgrady"	"None"	"None"
"\\?\UNC\HLY-SMB01\Shares$\Line\Hlyprojects\149288\DD\DWG\01 Ref\20190919_Mandrel_7_inch\SRPPRC 230kV 7.0 inch mandrel videos20190923075321.zip"	"FullControl"	"Allow"	"POWERENG\dmcgrady"	"None"	"None"
"\\?\UNC\HLY-SMB01\Shares$\Line\Hlyprojects\149288\DD\DWG\01 Ref\20190919_Mandrel_7_inch\SRPPRC 230kV 7.0 inch mandrel videos20190923083000.zip"	"FullControl"	"Allow"	"POWERENG\dmcgrady"	"None"	"None"
"\\?\UNC\HLY-SMB01\Shares$\Line\Hlyprojects\149288\DD\DWG\01 Ref\20190919_Mandrel_7_inch\SRPPRC 230kV 7.0 inch mandrel videos20190923103103.zip"	"FullControl"	"Allow"	"POWERENG\dmcgrady"	"None"	"None"
"\\?\UNC\HLY-SMB01\Shares$\Line\Hlyprojects\149288\DD\DWG\01 Ref\20191003_Shortened_Videos\Shortened& edited PRC mandrel test videos20191003154229.zip"	"FullControl"	"Allow"	"POWERENG\dmcgrady"	"None"	"None"
"\\?\UNC\HLY-SMB01\Shares$\Line\Hlyprojects\149288\DD\DWG\01 Ref\20200107_NE_Riser_foundation_Lidar\Porch LiDAR For Shro20200107144642.zip"	"FullControl"	"Allow"	"POWERENG\dmcgrady"	"None"	"None"
"\\?\UNC\HLY-SMB01\Shares$\Line\Hlyprojects\149288\DD\DWG\08 Const Dwgs\As-Builts\Phase II\PhII PRC 230kV UG Project As-Builts20200116095111.zip"	"FullControl"	"Allow"	"POWERENG\dmcgrady"	"None"	"None"
"\\?\UNC\HLY-SMB01\Shares$\Line\Hlyprojects\149288\DD\DWG\08 Const Dwgs\As-Builts\Phase III\PhIII PRC 230kV UG Project As-Builts20200414154134.zip"	"FullControl"	"Allow"	"POWERENG\dmcgrady"	"None"	"None"
"\\?\UNC\HLY-SMB01\Shares$\Line\Hlyprojects\149288\SUR\02 Ground Survey\20191008_Riser_Poles\prc_riser-poles_10-7-19_to_Power.bak"	"FullControl"	"Allow"	"POWERENG\dmcgrady"	"None"	"None"
"\\?\UNC\HLY-SMB01\Shares$\Line\Hlyprojects\149288\SUR\02 Ground Survey\20191008_Riser_Poles\PRC_RISER-POLES_10-7-19_to_Power.pts"	"FullControl"	"Allow"	"POWERENG\dmcgrady"	"None"	"None"
"\\?\UNC\HLY-SMB01\Shares$\Line\Hlyprojects\149334\PLS\Cables\3_8-7_strand_ehs_steel.wir"	"FullControl"	"Allow"	"POWERENG\aheiner"	"None"	"None"
"\\?\UNC\HLY-SMB01\Shares$\Line\Hlyprojects\152355\DWG\REF\From CTDOT 05-14-19\04-06-11-008.zip"	"FullControl"	"Allow"	"POWERENG\dmcgrady"	"None"	"None"
"\\?\UNC\HLY-SMB01\Shares$\Line\Hlyprojects\152618\PLS\Structures\M4\PLS_Pole\RUS\rus_structures_2015.bak"	"FullControl"	"Allow"	"POWERENG\tamato"	"None"	"None"
"\\?\UNC\HLY-SMB01\Shares$\Line\Hlyprojects\153183\PLS\Cables\cardinal_acss_tw_hs285.wir"	"FullControl"	"Allow"	"S-1-5-21-1380516296-1705272057-1576261225-55359"	"None"	"None"
"\\?\UNC\HLY-SMB01\Shares$\Line\Hlyprojects\153697\PLS\Cables\LINNET_ACSR_GA2_GCC.wir"	"FullControl"	"Allow"	"POWERENG\dave.newcomb"	"None"	"None"
"\\?\UNC\HLY-SMB01\Shares$\Line\Hlyprojects\153701\PLS\Attachments\causeway sub\1056PE00.tif"	"FullControl"	"Allow"	"POWERENG\dave.newcomb"	"None"	"None"
"\\?\UNC\HLY-SMB01\Shares$\Line\Hlyprojects\153872\PLS\Attachments\ALTA\ALTA-2019-03-07.zip"	"FullControl"	"Allow"	"POWERENG\wwahlgren"	"None"	"None"
"\\?\UNC\HLY-SMB01\Shares$\Line\Hlyprojects\153872\PLS\Attachments\ALTA\Humboldt_ALTA_Draft_2019-01-24.dwg"	"FullControl"	"Allow"	"POWERENG\wwahlgren"	"None"	"None"
"\\?\UNC\HLY-SMB01\Shares$\Line\Hlyprojects\153872\PLS\Survey\2018-11-07_Contours\Humboldt Wind.zip"	"FullControl"	"Allow"	"POWERENG\wwahlgren"	"None"	"None"
"\\?\UNC\HLY-SMB01\Shares$\Line\Hlyprojects\153872\PLS\Survey\SCOTIA DELIVERY-20181023T191928Z-001.zip"	"FullControl"	"Allow"	"POWERENG\wwahlgren"	"None"	"None"
"\\?\UNC\HLY-SMB01\Shares$\Line\Hlyprojects\153872\PLS\Survey\SCOTIA DELIVERY-20181023T191928Z-002.zip"	"FullControl"	"Allow"	"POWERENG\wwahlgren"	"None"	"None"
"\\?\UNC\HLY-SMB01\Shares$\Line\Hlyprojects\154471\PLS\Attachments\2012_generic_wind_and_ice_metric.cri"	"FullControl"	"Allow"	"POWERENG\jmeador"	"None"	"None"
"\\?\UNC\HLY-SMB01\Shares$\Line\Hlyprojects\154471\PLS\Cables\ACCC_Lisbon\dove_acsr.wir"	"FullControl"	"Allow"	"POWERENG\dward"	"None"	"None"
"\\?\UNC\HLY-SMB01\Shares$\Line\Hlyprojects\154974\Temp PDF Generation Folder\Old Files to be Deleted\Highpoint to Happy Hill SW Construction Contract Review.zip"	"FullControl"	"Allow"	"S-1-5-21-1380516296-1705272057-1576261225-55359"	"None"	"None"
"\\?\UNC\HLY-SMB01\Shares$\Line\Hlyprojects\155013\PLS\Cables\AC-82-646.wir"	"FullControl"	"Allow"	"POWERENG\dward"	"None"	"None"
"\\?\UNC\HLY-SMB01\Shares$\Line\Hlyprojects\155013\Temp PDF Generation Folder\UG Bids\Brandt (alternate).pdf"	"FullControl"	"Allow"	"POWERENG\asmith"	"None"	"None"
"\\?\UNC\HLY-SMB01\Shares$\Line\Hlyprojects\155013\Temp PDF Generation Folder\UG Bids\Brandt.pdf"	"FullControl"	"Allow"	"POWERENG\asmith"	"None"	"None"
"\\?\UNC\HLY-SMB01\Shares$\Line\Hlyprojects\155013\Temp PDF Generation Folder\UG Bids\ILJIN.pdf"	"FullControl"	"Allow"	"POWERENG\asmith"	"None"	"None"
"\\?\UNC\HLY-SMB01\Shares$\Line\Hlyprojects\155013\Temp PDF Generation Folder\UG Bids\Michels.pdf"	"FullControl"	"Allow"	"POWERENG\asmith"	"None"	"None"
"\\?\UNC\HLY-SMB01\Shares$\Line\Hlyprojects\155013\Temp PDF Generation Folder\UG Bids\Prysmian.pdf"	"FullControl"	"Allow"	"POWERENG\asmith"	"None"	"None"
"\\?\UNC\HLY-SMB01\Shares$\Line\Hlyprojects\155013\Temp PDF Generation Folder\UG Bids\Taihan.pdf"	"FullControl"	"Allow"	"POWERENG\asmith"	"None"	"None"
"\\?\UNC\HLY-SMB01\Shares$\Line\Hlyprojects\155748\Dwgs\Reference from DRMP\FPL Banana River Poles.zip"	"FullControl"	"Allow"	"POWERENG\dmcgrady"	"None"	"None"
"\\?\UNC\HLY-SMB01\Shares$\Line\Hlyprojects\156587\Temp PDF Generation Folder\Preliminary Engineering\30% Design\191007 HECO 30 PERCENT COMBINED PLANS.pdf"	"FullControl"	"Allow"	"POWERENG\dmcgrady"	"None"	"None"
"\\?\UNC\HLY-SMB01\Shares$\Line\Hlyprojects\156587\Temp PDF Generation Folder\Preliminary Engineering\30% Design\Civil Plans.zip"	"FullControl"	"Allow"	"POWERENG\dmcgrady"	"None"	"None"
"\\?\UNC\HLY-SMB01\Shares$\Line\Hlyprojects\156587\Temp PDF Generation Folder\Preliminary Engineering\30% Design\Electrical Plans.zip"	"FullControl"	"Allow"	"POWERENG\dmcgrady"	"None"	"None"
"\\?\UNC\HLY-SMB01\Shares$\Line\Hlyprojects\156587\Temp PDF Generation Folder\Preliminary Engineering\30% Design\Structural Plans.zip"	"FullControl"	"Allow"	"POWERENG\dmcgrady"	"None"	"None"
"\\?\UNC\HLY-SMB01\Shares$\Line\Hlyprojects\156859_CLOSED-ERIK\PLS\Backup\Rising Star - Holder .BAK.zip"	"FullControl"	"Allow"	"POWERENG\eruggeri"	"None"	"None"
"\\?\UNC\HLY-SMB01\Shares$\Line\Hlyprojects\156859_CLOSED-ERIK\PLS\Rising Star-Nimrod\Structures\M4\PLS_Pole\Library\ansi_2017.mat"	"FullControl"	"Allow"	"S-1-5-21-1380516296-1705272057-1576261225-55359"	"None"	"None"
"\\?\UNC\HLY-SMB01\Shares$\Line\Hlyprojects\157684\Temp PDF Generation Folder\Historical Data\EGS_PEIdata_150320.zip"	"FullControl"	"Allow"	"POWERENG\dward"	"None"	"None"
"\\?\UNC\HLY-SMB01\Shares$\Line\Hlyprojects\157684\Temp PDF Generation Folder\RFI 0018.pdf"	"FullControl"	"Allow"	"POWERENG\kbridwell"	"None"	"None"
"\\?\UNC\HLY-SMB01\Shares$\Line\Hlyprojects\158551\PLS\Attachments\Don Pedro-Tuolumne.dxf"	"FullControl"	"Allow"	"POWERENG\jarsmith"	"None"	"None"
"\\?\UNC\HLY-SMB01\Shares$\Line\Hlyprojects\158551\PLS\Centerline_A_meteo_report.xls"	"FullControl"	"Allow"	"POWERENG\jarsmith"	"None"	"None"
"\\?\UNC\HLY-SMB01\Shares$\Line\Hlyprojects\158551\PLS\Centerline_B_meteo_report.xls"	"FullControl"	"Allow"	"POWERENG\jarsmith"	"None"	"None"
"\\?\UNC\HLY-SMB01\Shares$\Line\Hlyprojects\158551\PLS\donpedro-tuolumne.bak"	"FullControl"	"Allow"	"POWERENG\jarsmith"	"None"	"None"
"\\?\UNC\HLY-SMB01\Shares$\Line\Hlyprojects\158551\PLS\XYZ.rar"	"FullControl"	"Allow"	"POWERENG\jarsmith"	"None"	"None"
"\\?\UNC\HLY-SMB01\Shares$\Line\Hlyprojects\159996\PLS\T238\Cables\GREELEY_AAAC_GCC.wir"	"FullControl"	"Allow"	"POWERENG\aheiner"	"None"	"None"
"\\?\UNC\HLY-SMB01\Shares$\Line\Hlyprojects\159996\PLS\T610\Cables\CONDOR_ACSR_TW_GA2_GCC.wir"	"FullControl"	"Allow"	"POWERENG\aheiner"	"None"	"None"
"\\?\UNC\HLY-SMB01\Shares$\Line\Hlyprojects\160289\PLS\Survey\Bare Earth Segment 3.zip"	"FullControl"	"Allow"	"S-1-5-21-1380516296-1705272057-1576261225-55359"	"None"	"None"
"\\?\UNC\HLY-SMB01\Shares$\Line\Hlyprojects\160289\PLS\Survey\NM T-Line Segment 3_S1_BE.txt"	"FullControl"	"Allow"	"S-1-5-21-1380516296-1705272057-1576261225-55359"	"None"	"None"
"\\?\UNC\HLY-SMB01\Shares$\Line\Hlyprojects\160289\PLS\Survey\NM T-Line Segment 3_S4_BE.txt"	"FullControl"	"Allow"	"S-1-5-21-1380516296-1705272057-1576261225-55359"	"None"	"None"
"\\?\UNC\HLY-SMB01\Shares$\Line\Hlyprojects\160289\PLS\Survey\NM T-Line Segment 3_S5_BE.txt"	"FullControl"	"Allow"	"S-1-5-21-1380516296-1705272057-1576261225-55359"	"None"	"None"
"\\?\UNC\HLY-SMB01\Shares$\Line\Hlyprojects\160289\PLS\Survey\NM T-Line Segment 3_S6_BE-Patch.csv"	"FullControl"	"Allow"	"S-1-5-21-1380516296-1705272057-1576261225-55359"	"None"	"None"
"\\?\UNC\HLY-SMB01\Shares$\Line\Hlyprojects\160289\PLS\Survey\NM T-Line Segment 3_S7_BE-Patch.csv"	"FullControl"	"Allow"	"S-1-5-21-1380516296-1705272057-1576261225-55359"	"None"	"None"
"\\?\UNC\HLY-SMB01\Shares$\Line\Hlyprojects\160289\PLS\Survey\NM T-Line Segment 3_S8_BE.txt"	"FullControl"	"Allow"	"S-1-5-21-1380516296-1705272057-1576261225-55359"	"None"	"None"
"\\?\UNC\HLY-SMB01\Shares$\Line\Hlyprojects\160289\PLS\Survey\NM T_Line_Full_LiDAR_customformat.csv"	"FullControl"	"Allow"	"S-1-5-21-1380516296-1705272057-1576261225-55359"	"None"	"None"
"\\?\UNC\HLY-SMB01\Shares$\Line\Hlyprojects\160289\PLS\Survey\XYZC TXT - Segmented-1000ft.zip"	"FullControl"	"Allow"	"S-1-5-21-1380516296-1705272057-1576261225-55359"	"None"	"None"
"\\?\UNC\HLY-SMB01\Shares$\Line\Hlyprojects\160289\Temp PDF Generation Folder\2020.01.21_LiDAR\001.csv"	"FullControl"	"Allow"	"S-1-5-21-1380516296-1705272057-1576261225-55359"	"None"	"None"
"\\?\UNC\HLY-SMB01\Shares$\Line\Hlyprojects\160289\Temp PDF Generation Folder\2020.01.21_LiDAR\002.xyz"	"FullControl"	"Allow"	"S-1-5-21-1380516296-1705272057-1576261225-55359"	"None"	"None"
"\\?\UNC\HLY-SMB01\Shares$\Line\Hlyprojects\160289\Temp PDF Generation Folder\2020.01.21_LiDAR\003.csv"	"FullControl"	"Allow"	"S-1-5-21-1380516296-1705272057-1576261225-55359"	"None"	"None"
"\\?\UNC\HLY-SMB01\Shares$\Line\Hlyprojects\160289\Temp PDF Generation Folder\2020.01.21_LiDAR\004.xyz"	"FullControl"	"Allow"	"S-1-5-21-1380516296-1705272057-1576261225-55359"	"None"	"None"
"\\?\UNC\HLY-SMB01\Shares$\Line\Hlyprojects\160289\Temp PDF Generation Folder\2020.01.21_LiDAR\005.csv"	"FullControl"	"Allow"	"S-1-5-21-1380516296-1705272057-1576261225-55359"	"None"	"None"
"\\?\UNC\HLY-SMB01\Shares$\Line\Hlyprojects\160289\Temp PDF Generation Folder\2020.01.21_LiDAR\006.csv"	"FullControl"	"Allow"	"S-1-5-21-1380516296-1705272057-1576261225-55359"	"None"	"None"
"\\?\UNC\HLY-SMB01\Shares$\Line\Hlyprojects\160289\Temp PDF Generation Folder\2020.01.21_LiDAR\007.csv"	"FullControl"	"Allow"	"S-1-5-21-1380516296-1705272057-1576261225-55359"	"None"	"None"
"\\?\UNC\HLY-SMB01\Shares$\Line\Hlyprojects\160289\Temp PDF Generation Folder\2020.02.25_Basis of Design Document\Pattern - Western Spirit Basis of Design 2-25-2020.pdf"	"FullControl"	"Allow"	"S-1-5-21-1380516296-1705272057-1576261225-55359"	"None"	"None"
"\\?\UNC\HLY-SMB01\Shares$\Line\Hlyprojects\160289\Temp PDF Generation Folder\2020.03.20_60% OE Review TL\Abo Series Comp - Pajarito_345kV - V21.bak"	"FullControl"	"Allow"	"S-1-5-21-1380516296-1705272057-1576261225-55359"	"None"	"None"
"\\?\UNC\HLY-SMB01\Shares$\Line\Hlyprojects\160289\Temp PDF Generation Folder\2020.03.20_60% OE Review TL\FileArchive.zip"	"FullControl"	"Allow"	"S-1-5-21-1380516296-1705272057-1576261225-55359"	"None"	"None"
"\\?\UNC\HLY-SMB01\Shares$\Line\Hlyprojects\160289\Temp PDF Generation Folder\2020.03.20_60% OE Review TL\Western Spirit Switch - Abo Series Comp_345kV - V21.bak"	"FullControl"	"Allow"	"S-1-5-21-1380516296-1705272057-1576261225-55359"	"None"	"None"
"\\?\UNC\HLY-SMB01\Shares$\Line\Hlyprojects\160289\Temp PDF Generation Folder\2020.03.20_60% OE Review TL\Western Spirit Switch - Clines Corner_345kV - V21.bak"	"FullControl"	"Allow"	"S-1-5-21-1380516296-1705272057-1576261225-55359"	"None"	"None"
"\\?\UNC\HLY-SMB01\Shares$\Line\Hlyprojects\160289\Temp PDF Generation Folder\30% OE review TL\Not Reviewed\30% Western Spirit - Electrical Effects_12-18-2019.pdf"	"FullControl"	"Allow"	"S-1-5-21-1380516296-1705272057-1576261225-55359"	"None"	"None"
"\\?\UNC\HLY-SMB01\Shares$\Line\Hlyprojects\160289\Temp PDF Generation Folder\30% OE review TL\Not Reviewed\30% Western Spirit - Lightning Performance_12-18-2019.pdf"	"FullControl"	"Allow"	"S-1-5-21-1380516296-1705272057-1576261225-55359"	"None"	"None"
"\\?\UNC\HLY-SMB01\Shares$\Line\Hlyprojects\160289\Temp PDF Generation Folder\30% OE review TL\30% - Abo - Pajarito_345kV - V17 r1 - Export.bak"	"FullControl"	"Allow"	"S-1-5-21-1380516296-1705272057-1576261225-55359"	"None"	"None"
"\\?\UNC\HLY-SMB01\Shares$\Line\Hlyprojects\160289\Temp PDF Generation Folder\30% OE review TL\30% - Western Spirit Switch - Abo_345kV - V17 - Export.bak"	"FullControl"	"Allow"	"S-1-5-21-1380516296-1705272057-1576261225-55359"	"None"	"None"
"\\?\UNC\HLY-SMB01\Shares$\Line\Hlyprojects\160289\Temp PDF Generation Folder\30% OE review TL\30% - Western Spirit Switch - Clines Corner_345kV - V17 - Export.bak"	"FullControl"	"Allow"	"S-1-5-21-1380516296-1705272057-1576261225-55359"	"None"	"None"
"\\?\UNC\HLY-SMB01\Shares$\Line\Hlyprojects\160289\Temp PDF Generation Folder\30% OE review TL\30% 2.5.6.1 Spec TS-SP-1 - Steel Poles.pdf"	"FullControl"	"Allow"	"S-1-5-21-1380516296-1705272057-1576261225-55359"	"None"	"None"
"\\?\UNC\HLY-SMB01\Shares$\Line\Hlyprojects\160289\Temp PDF Generation Folder\30% OE review TL\30% Prelim - ABO-PAJARITO_Structure Schedule_12-20-2019.xlsx"	"FullControl"	"Allow"	"S-1-5-21-1380516296-1705272057-1576261225-55359"	"None"	"None"
"\\?\UNC\HLY-SMB01\Shares$\Line\Hlyprojects\160289\Temp PDF Generation Folder\30% OE review TL\30% Prelim - WSS - ABO_Structure Schedule_12-20-2019.xlsx"	"FullControl"	"Allow"	"S-1-5-21-1380516296-1705272057-1576261225-55359"	"None"	"None"
"\\?\UNC\HLY-SMB01\Shares$\Line\Hlyprojects\160289\Temp PDF Generation Folder\30% OE review TL\30% Prelim - WSS - CC_Structure Schedule_12-20-2019.xlsx"	"FullControl"	"Allow"	"S-1-5-21-1380516296-1705272057-1576261225-55359"	"None"	"None"
"\\?\UNC\HLY-SMB01\Shares$\Line\Hlyprojects\160289\Temp PDF Generation Folder\30% OE review TL\30% Prelim -Western Spirit 345kV - Abo-Pajarito.kmz"	"FullControl"	"Allow"	"S-1-5-21-1380516296-1705272057-1576261225-55359"	"None"	"None"
"\\?\UNC\HLY-SMB01\Shares$\Line\Hlyprojects\160289\Temp PDF Generation Folder\30% OE review TL\30% Prelim -Western Spirit 345kV - WSS-Abo.kmz"	"FullControl"	"Allow"	"S-1-5-21-1380516296-1705272057-1576261225-55359"	"None"	"None"
"\\?\UNC\HLY-SMB01\Shares$\Line\Hlyprojects\160289\Temp PDF Generation Folder\30% OE review TL\30% Prelim -Western Spirit 345kV - WSS-Clines Corner.kmz"	"FullControl"	"Allow"	"S-1-5-21-1380516296-1705272057-1576261225-55359"	"None"	"None"
"\\?\UNC\HLY-SMB01\Shares$\Line\Hlyprojects\160289\Temp PDF Generation Folder\30% OE review TL\30% Preliminary - Western Spirit 345kV - Abo-Pajarito - Plan & Profile.pdf"	"FullControl"	"Allow"	"S-1-5-21-1380516296-1705272057-1576261225-55359"	"None"	"None"
"\\?\UNC\HLY-SMB01\Shares$\Line\Hlyprojects\160289\Temp PDF Generation Folder\30% OE review TL\30% Preliminary - Western Spirit 345kV - WSS-Abo - Plan & Profile.pdf"	"FullControl"	"Allow"	"S-1-5-21-1380516296-1705272057-1576261225-55359"	"None"	"None"
"\\?\UNC\HLY-SMB01\Shares$\Line\Hlyprojects\160289\Temp PDF Generation Folder\30% OE review TL\30% Preliminary - Western Spirit 345kV - WSS-Clines Corner - Plan & Profile.pdf"	"FullControl"	"Allow"	"S-1-5-21-1380516296-1705272057-1576261225-55359"	"None"	"None"
"\\?\UNC\HLY-SMB01\Shares$\Line\Hlyprojects\160289\Temp PDF Generation Folder\30% OE review TL\30% Western Spirit Preliminary Str BOM_30% Prelim - 12-20-19.xlsx"	"FullControl"	"Allow"	"S-1-5-21-1380516296-1705272057-1576261225-55359"	"None"	"None"
"\\?\UNC\HLY-SMB01\Shares$\Line\Hlyprojects\160289\Temp PDF Generation Folder\30% OE review TL\30% Western Spirit Structures_20191220.pdf"	"FullControl"	"Allow"	"S-1-5-21-1380516296-1705272057-1576261225-55359"	"None"	"None"
"\\?\UNC\HLY-SMB01\Shares$\Line\Hlyprojects\160488\Dwgs\6907-091719-KO-603931_REFERENCE.zip"	"FullControl"	"Allow"	"POWERENG\dmcgrady"	"None"	"None"
"\\?\UNC\HLY-SMB01\Shares$\Line\Hlyprojects\160488\Project Closeout\Blount - 6907 T-line Scope.pdf"	"FullControl"	"Allow"	"POWERENG\dmcgrady"	"None"	"None"
"\\?\UNC\HLY-SMB01\Shares$\Line\Hlyprojects\160488\Sent to ATC\6907_Surv_Data.zip"	"FullControl"	"Allow"	"POWERENG\dmcgrady"	"None"	"None"
"\\?\UNC\HLY-SMB01\Shares$\Line\Hlyprojects\160488\Temp PDF Generation Folder\Agenda 12-3-19.doc"	"FullControl"	"Allow"	"POWERENG\dmcgrady"	"None"	"None"
"\\?\UNC\HLY-SMB01\Shares$\Line\Hlyprojects\160488\Temp PDF Generation Folder\Agenda 3-18-20.doc"	"FullControl"	"Allow"	"POWERENG\dmcgrady"	"None"	"None"
"\\?\UNC\HLY-SMB01\Shares$\Line\Hlyprojects\160488\Temp PDF Generation Folder\Agenda 4-29-20.doc"	"FullControl"	"Allow"	"POWERENG\dmcgrady"	"None"	"None"
"\\?\UNC\HLY-SMB01\Shares$\Line\Hlyprojects\161212\Temp PDF Generation Folder\Downing to Rising Star Pole Package.zip"	"FullControl"	"Allow"	"S-1-5-21-1380516296-1705272057-1576261225-55359"	"None"	"None"
"\\?\UNC\HLY-SMB01\Shares$\Line\Hlyprojects\161212\Temp PDF Generation Folder\Downing to Rising Star Rebuild.zip"	"FullControl"	"Allow"	"S-1-5-21-1380516296-1705272057-1576261225-55359"	"None"	"None"
"\\?\UNC\HLY-SMB01\Shares$\Line\Hlyprojects\161212\Temp PDF Generation Folder\Rising Star.pdf"	"FullControl"	"Allow"	"S-1-5-21-1380516296-1705272057-1576261225-55359"	"None"	"None"
"\\?\UNC\HLY-SMB01\Shares$\Line\Hlyprojects\161503\Temp PDF Generation Folder\Survey\2020-09-18-57183-Camp Wisdom Love Bird Tap\Transmittal - 00001.pdf"	"FullControl"	"Allow"	"POWERENG\dward"	"None"	"None"
"\\?\UNC\HLY-SMB01\Shares$\Line\Hlyprojects\161503\Temp PDF Generation Folder\Survey\2020-09-25-57183-Camp Wisdom Love Bird Tap\Transmittal - 00002.pdf"	"FullControl"	"Allow"	"POWERENG\dward"	"None"	"None"
"\\?\UNC\HLY-SMB01\Shares$\Line\Hlyprojects\161503\Temp PDF Generation Folder\Survey\2020-09-18-57183-Camp Wisdom Love Bird Tap.zip"	"FullControl"	"Allow"	"POWERENG\dward"	"None"	"None"
"\\?\UNC\HLY-SMB01\Shares$\Line\Hlyprojects\161503\Temp PDF Generation Folder\Survey\2020-09-25-57183-Camp Wisdom Love Bird Tap.zip"	"FullControl"	"Allow"	"POWERENG\dward"	"None"	"None"
"\\?\UNC\HLY-SMB01\Shares$\Line\Hlyprojects\161503\Temp PDF Generation Folder\Survey\2020-10-09-57183-Camp Wisdom Love Bird Tap.zip"	"FullControl"	"Allow"	"POWERENG\dward"	"None"	"None"
"\\?\UNC\HLY-SMB01\Shares$\Line\Hlyprojects\161712\Temp PDF Generation Folder\Permit Drawings\City of Miami Permit Drawings_T24144.pdf"	"FullControl"	"Allow"	"POWERENG\asmith"	"None"	"None"
"\\?\UNC\HLY-SMB01\Shares$\Line\Hlyprojects\162187\Temp PDF Generation Folder\Weather Data.csv"	"FullControl"	"Allow"	"S-1-5-21-1380516296-1705272057-1576261225-55359"	"None"	"None"
"\\?\UNC\HLY-SMB01\Shares$\Line\Hlyprojects\163710\Temp PDF Generation Folder\Denver Storm Camera Locates.zip"	"FullControl"	"Allow"	"POWERENG\asmith"	"None"	"None"
"\\?\UNC\HLY-SMB01\Shares$\Line\Hlyprojects\163710\Temp PDF Generation Folder\Pothole Tracking and Coordinates.zip"	"FullControl"	"Allow"	"POWERENG\asmith"	"None"	"None"
"\\?\UNC\HLY-SMB01\Shares$\Line\Hlyprojects\163710\Temp PDF Generation Folder\Utility Drawing.zip"	"FullControl"	"Allow"	"POWERENG\asmith"	"None"	"None"
"\\?\UNC\HLY-SMB01\Shares$\Line\Hlyprojects\165144\Sagebrush_Temp\Dropbox 2019-12-18\Sagebrush.zip"	"FullControl"	"Allow"	"POWERENG\jmeador"	"None"	"None"
"\\?\UNC\HLY-SMB01\Shares$\Line\Hlyprojects\165172\Temp PDF Generation Folder\Daishell IFC P&C Package.zip"	"FullControl"	"Allow"	"POWERENG\mmiller"	"None"	"None"
"\\?\UNC\HLY-SMB01\Shares$\Line\Hlyprojects\165172\Temp PDF Generation Folder\Daishell IFC P&C Package.zip"	"Read, Synchronize"	"Allow"	"S-1-15-2-3624051433-2125758914-1423191267-1740899205-1073925389-3782572162-737981194"	"None"	"None"
"\\?\UNC\HLY-SMB01\Shares$\Line\Hlyprojects\165172\Temp PDF Generation Folder\Daishell IFC P&C Package.zip"	"Read, Synchronize"	"Allow"	"S-1-15-3-3624051433-2125758914-1423191267-1740899205-1073925389-3782572162-737981194"	"None"	"None"
"\\?\UNC\HLY-SMB01\Shares$\Line\Hlyprojects\170673"	"FullControl"	"Allow"	"POWERENG\FS-FileServices-ADM"	"ContainerInherit, ObjectInherit"	"None"
"\\?\UNC\HLY-SMB01\Shares$\Line\Hlyprojects\170673"	"FullControl"	"Allow"	"POWERENG\FS-HLYFS1-Line-Share-170673-Folder-01-FC"	"ContainerInherit, ObjectInherit"	"None"
"\\?\UNC\HLY-SMB01\Shares$\Line\Hlyprojects\170673"	"ReadAndExecute, Synchronize"	"Allow"	"POWERENG\FS-HLYFS1-Line-Share-170673-Folder-01-RO"	"ContainerInherit, ObjectInherit"	"None"
"\\?\UNC\HLY-SMB01\Shares$\Line\Hlyprojects\170673"	"Modify, Synchronize"	"Allow"	"POWERENG\FS-HLYFS1-Line-Share-170673-Folder-01-RW"	"ContainerInherit, ObjectInherit"	"None"
"\\?\UNC\HLY-SMB01\Shares$\Line\Hlyprojects\170673"	"ReadAndExecute, Synchronize"	"Allow"	"POWERENG\dedmiston"	"ContainerInherit, ObjectInherit"	"None"
"\\?\UNC\HLY-SMB01\Shares$\Line\Hlyprojects\172267\Temp Folder\Appendix A - Miami Beach - Roney Test Hole Locations.kmz"	"FullControl"	"Allow"	"POWERENG\asmith"	"None"	"None"
"\\?\UNC\HLY-SMB01\Shares$\Line\Hlyprojects\172267\Temp Folder\FPL XLPE Cable Specification - Submarine Cable.pdf"	"FullControl"	"Allow"	"POWERENG\asmith"	"None"	"None"
"\\?\UNC\HLY-SMB01\Shares$\Line\Hlyprojects\172267\Temp Folder\Submarine Cable RFI Go-By.zip"	"FullControl"	"Allow"	"POWERENG\asmith"	"None"	"None"
"\\?\UNC\HLY-SMB01\Shares$\Line\PC\00_Archived\144789\z_Received\2018-11-30_ALTA\16002663 - RATTLESNAKE  - Standard.zip"	"FullControl"	"Allow"	"POWERENG\kbridwell"	"None"	"None"
"\\?\UNC\HLY-SMB01\Shares$\Line\PC\00_Archived\144789\z_Received\2018-12-13_ALTA\16002663AS-001 - Post Construction ALTA Survey - Final - Rattlesnake - 2018-08-21.pdf"	"FullControl"	"Allow"	"POWERENG\kbridwell"	"None"	"None"
"\\?\UNC\HLY-SMB01\Shares$\Line\Collaboration"	"FullControl"	"Allow"	"POWERENG\FS-FileServices-ADM"	"ContainerInherit, ObjectInherit"	"None"
"\\?\UNC\HLY-SMB01\Shares$\Line\Collaboration"	"FullControl"	"Allow"	"POWERENG\FS-HLYFS1-Line-Share-Collaboration-Folder-01-FC"	"ContainerInherit, ObjectInherit"	"None"
"\\?\UNC\HLY-SMB01\Shares$\Line\Collaboration"	"ReadAndExecute, Synchronize"	"Allow"	"POWERENG\FS-HLYFS1-Line-Share-Collaboration-Folder-01-RO"	"ContainerInherit, ObjectInherit"	"None"
"\\?\UNC\HLY-SMB01\Shares$\Line\Collaboration"	"Modify, Synchronize"	"Allow"	"POWERENG\FS-HLYFS1-Line-Share-Collaboration-Folder-01-RW"	"ContainerInherit, ObjectInherit"	"None"
"\\?\UNC\HLY-SMB01\Shares$\Line\Users\DMcGrady\Projects\ATC Line 6907 Replacement\6907-091719-KO-603931_REFERENCE.zip"	"FullControl"	"Allow"	"POWERENG\dmcgrady"	"None"	"None"
"\\?\UNC\HLY-SMB01\Shares$\Line\Users\JFindley\Benefits\POWER Engineers Transfer of HSA Assets Authorization_encrypted_.pdf"	"FullControl"	"Allow"	"S-1-5-21-1380516296-1705272057-1576261225-90207"	"None"	"None"
"\\?\UNC\HLY-SMB01\Shares$\Line\Users\KBridwell\05 Support Systems\Fiber Reinforced Poles\ASCE\2018-08-07_Final\OLD\FRP_TC_Chapters Combined Edited 2018 08 07.docx"	"FullControl"	"Allow"	"POWERENG\kbridwell"	"None"	"None"
"\\?\UNC\HLY-SMB01\Shares$\Line\Users\KBridwell\05 Support Systems\Fiber Reinforced Poles\ASCE\2018-09-13_Final\ASCE_MoP_104.zip"	"FullControl"	"Allow"	"POWERENG\kbridwell"	"None"	"None"
"\\?\UNC\HLY-SMB01\Shares$\Line\Users\KBridwell\05 Support Systems\Fiber Reinforced Poles\ASCE\2019-01-25_Final\MoP 104 Final Documents.zip"	"FullControl"	"Allow"	"POWERENG\kbridwell"	"None"	"None"
"\\?\UNC\HLY-SMB01\Shares$\Line\Users\MMiller\168624 - Norwalk\JPEG.zip"	"FullControl"	"Allow"	"POWERENG\mmiller"	"None"	"None"
"\\?\UNC\HLY-SMB01\Shares$\Line\Users\MMiller\168624 - Norwalk\JPEG.zip"	"Read, Synchronize"	"Allow"	"S-1-15-2-3624051433-2125758914-1423191267-1740899205-1073925389-3782572162-737981194"	"None"	"None"
"\\?\UNC\HLY-SMB01\Shares$\Line\Users\MMiller\168624 - Norwalk\JPEG.zip"	"Read, Synchronize"	"Allow"	"S-1-15-3-3624051433-2125758914-1423191267-1740899205-1073925389-3782572162-737981194"	"None"	"None"
"\\?\UNC\HLY-SMB01\Shares$\Line\Users\Ulises\Technical\Wires\Wires Motion\References\Galloping\T2 conductors\IEEE PAS-104 Galloping T2.pdf"	"FullControl"	"Allow"	"POWERENG\uodio"	"None"	"None"
"\\?\UNC\HLY-SMB01\Shares$\Line\Users\Ulises\Technical\Wires\Wires Motion\References\Galloping\T2 conductors\IEEE PAS-104 Galloping T2.pdf"	"Read, Synchronize"	"Allow"	"S-1-15-2-3624051433-2125758914-1423191267-1740899205-1073925389-3782572162-737981194"	"None"	"None"
"\\?\UNC\HLY-SMB01\Shares$\Line\Users\Ulises\Technical\Wires\Wires Motion\References\Galloping\T2 conductors\IEEE PAS-104 Galloping T2.pdf"	"Read, Synchronize"	"Allow"	"S-1-15-3-3624051433-2125758914-1423191267-1740899205-1073925389-3782572162-737981194"	"None"	"None"
"\\?\UNC\HLY-SMB01\Shares$\Line\Users\Underground\FPL\FPL - Brevard County Projects\Cable Bids\Brevard Merritt\LS Cable\Submit (20446-USA).zip"	"FullControl"	"Allow"	"POWERENG\dmcgrady"	"None"	"None"
"\\?\UNC\HLY-SMB01\Shares$\Line\Users\Underground\FPL\FPL - Brevard County Projects\Cable Bids\Brevard Merritt\LS Cable\Submit 20447.zip"	"FullControl"	"Allow"	"POWERENG\dmcgrady"	"None"	"None"
"\\?\UNC\HLY-SMB01\Shares$\Line\Users\Underground\SDG&E\3 Roots\SDG&E ROW Encroachments - Standard.zip"	"FullControl"	"Allow"	"POWERENG\dmcgrady"	"None"	"None"
"\\?\UNC\HLY-SMB01\Shares$\Line\Users\Underground\SDG&E\Sunrise Gardens\30% Design Review - OH\TL684_OH_Sunrise_Gardens_30%_IFR_Plan_Profile_2020-06-23.pdf"	"FullControl"	"Allow"	"POWERENG\dmcgrady"	"None"	"None"
"\\?\UNC\HLY-SMB01\Shares$\Line\Users\Underground\SDG&E\Sunrise Gardens\Reference\OneDrive_1_7-22-2020.zip.hgqbbym.partial"	"FullControl"	"Allow"	"POWERENG\dmcgrady"	"None"	"None"
"\\?\UNC\HLY-SMB01\Shares$\Line\Users\Underground\SDG&E\Sunrise Gardens\Reference\OneDrive_2_7-7-2020.zip"	"FullControl"	"Allow"	"POWERENG\dmcgrady"	"None"	"None"
"\\?\UNC\HLY-SMB01\Shares$\Line\Users\Underground\SDG&E\Sunrise Gardens\Reference\San Marcos.zip"	"FullControl"	"Allow"	"POWERENG\dmcgrady"	"None"	"None"
"\\?\UNC\HLY-SMB01\Shares$\Line\Users\Underground\SDG&E\Sunrise Gardens\Reference\SDHM.zip"	"FullControl"	"Allow"	"POWERENG\dmcgrady"	"None"	"None"
"\\?\UNC\HLY-SMB01\Shares$\Line\Users\Underground\SDG&E\Sunrise Gardens\2020-07-15_Sunrise_TL684_Developers_EIR_Docs.zip"	"FullControl"	"Allow"	"POWERENG\dmcgrady"	"None"	"None"
"\\?\UNC\HLY-SMB01\Shares$\Line\Users\Underground\SDG&E\Sunrise Gardens\FMP_EMF_Required_Checklist_Form.doc"	"FullControl"	"Allow"	"POWERENG\dmcgrady"	"None"	"None"
"\\?\UNC\HLY-SMB01\Shares$\Line\Pls\Software Upgrades\2018-PLS-CADD Updates\Setup v. 15.50\cdsetup.zip"	"FullControl"	"Allow"	"POWERENG\dward"	"None"	"None"
"\\?\UNC\HLY-SMB01\Shares$\Line\Pls\Software Upgrades\2019-PLS-CADD-Updates\Setup v. 16.00\cdsetup.zip"	"FullControl"	"Allow"	"POWERENG\dward"	"None"	"None"
"\\?\UNC\HLY-SMB01\Shares$\Line\Pls\Software Upgrades\Setup v. 16.20\cdsetup.dat"	"FullControl"	"Allow"	"POWERENG\dward"	"None"	"None"
"\\?\UNC\HLY-SMB01\Shares$\Line\Business_Development\125996 - EWEB Underground Standards\EWEB UG Files.zip"	"FullControl"	"Allow"	"POWERENG\dmcgrady"	"None"	"None"
"\\?\UNC\HLY-SMB01\Shares$\Line\Business_Development\Latin America\Central America\ICE\2018\ETESAL Dynamic Transient Studies Project\ETESAL Dynamic Transient Studies Proposal\Project Data Downloads\Bases PSSE Sn Comp Reactiva.zip"	"FullControl"	"Allow"	"POWERENG\jknight"	"None"	"None"
"\\?\UNC\HLY-SMB01\Shares$\Line_Lidar"	"FullControl"	"Allow"	"POWERENG\FS-FileServices-ADM"	"ContainerInherit, ObjectInherit"	"None"
"\\?\UNC\HLY-SMB01\Shares$\Line_Lidar"	"ReadAndExecute, Synchronize"	"Allow"	"POWERENG\FS-HLYFS1-Line_Lidar-Share-RO"	"ContainerInherit, ObjectInherit"	"None"
"\\?\UNC\HLY-SMB01\Shares$\Line_Lidar"	"Modify, Synchronize"	"Allow"	"POWERENG\FS-HLYFS1-Line_Lidar-Share-RW"	"ContainerInherit, ObjectInherit"	"None"
"\\?\UNC\HLY-SMB01\Shares$\Line_Lidar"	"FullControl"	"Allow"	"POWERENG\FS-HLYFS1-Line_Lidar-Share-FC"	"ContainerInherit, ObjectInherit"	"None"
"\\?\UNC\HLY-SMB01\Shares$\Line_Lidar\145986\2018-09-07_Towill Data\WY_East_Central\Large Area\Orthos.zip"	"FullControl"	"Allow"	"POWERENG\aheiner"	"None"	"None"
"\\?\UNC\HLY-SMB01\Shares$\Line_Lidar\145986\2018-09-07_Towill Data\WY_East_Central\Small Area\Orthos.zip"	"FullControl"	"Allow"	"POWERENG\aheiner"	"None"	"None"
"\\?\UNC\HLY-SMB01\Shares$\Line_Lidar\145986\2018-09-07_Towill Data\WY_West_Central\Orthos.zip"	"FullControl"	"Allow"	"POWERENG\aheiner"	"None"	"None"
"\\?\UNC\HLY-SMB01\Shares$\Mechanical"	"FullControl"	"Allow"	"POWERENG\FS-FileServices-ADM"	"ContainerInherit, ObjectInherit"	"None"
"\\?\UNC\HLY-SMB01\Shares$\Mechanical"	"ReadAndExecute, Synchronize"	"Allow"	"POWERENG\FS-HLYFS1-Mechanical-Share-RO"	"ContainerInherit, ObjectInherit"	"None"
"\\?\UNC\HLY-SMB01\Shares$\Mechanical"	"Modify, Synchronize"	"Allow"	"POWERENG\FS-HLYFS1-Mechanical-Share-RW"	"ContainerInherit, ObjectInherit"	"None"
"\\?\UNC\HLY-SMB01\Shares$\Mechanical"	"FullControl"	"Allow"	"POWERENG\FS-HLYFS1-Mechanical-Share-FC"	"ContainerInherit, ObjectInherit"	"None"
"\\?\UNC\HLY-SMB01\Shares$\Mechanical\Mech_Ref"	"FullControl"	"Allow"	"POWERENG\FS-FileServices-ADM"	"ContainerInherit, ObjectInherit"	"None"
"\\?\UNC\HLY-SMB01\Shares$\Mechanical\Mech_Ref"	"FullControl"	"Allow"	"POWERENG\FS-HLYFS1-Mechanical-Share-Mech_Ref-Folder-01-FC"	"ContainerInherit, ObjectInherit"	"None"
"\\?\UNC\HLY-SMB01\Shares$\Mechanical\Mech_Ref"	"ReadAndExecute, Synchronize"	"Allow"	"POWERENG\FS-HLYFS1-Mechanical-Share-Mech_Ref-Folder-01-RO"	"ContainerInherit, ObjectInherit"	"None"
"\\?\UNC\HLY-SMB01\Shares$\Mechanical\Mech_Ref"	"Modify, Synchronize"	"Allow"	"POWERENG\FS-HLYFS1-Mechanical-Share-Mech_Ref-Folder-01-RW"	"ContainerInherit, ObjectInherit"	"None"
"\\?\UNC\HLY-SMB01\Shares$\Mechanical\Mech_Ref\Mechanical Library\New Documents\API\API1680.614 2008.pdf"	"FullControl"	"Allow"	"POWERENG\shusler"	"None"	"None"
"\\?\UNC\HLY-SMB01\Shares$\Mechanical\Mech_Ref\Mechanical Library\New Documents\ASTM\ASTM1680.C547 2017.pdf"	"FullControl"	"Allow"	"POWERENG\shusler"	"None"	"None"
"\\?\UNC\HLY-SMB01\Shares$\Mechanical\Mech_Ref\Mechanical Library\New Documents\NFPA\NFPA1680.101 2018.pdf"	"FullControl"	"Allow"	"POWERENG\shusler"	"None"	"None"
"\\?\UNC\HLY-SMB01\Shares$\Operations"	"FullControl"	"Allow"	"POWERENG\FS-FileServices-ADM"	"ContainerInherit, ObjectInherit"	"None"
"\\?\UNC\HLY-SMB01\Shares$\Operations"	"ReadAndExecute, Synchronize"	"Allow"	"POWERENG\FS-HLYFS1-Operations-Share-RO"	"ContainerInherit, ObjectInherit"	"None"
"\\?\UNC\HLY-SMB01\Shares$\Operations"	"Modify, Synchronize"	"Allow"	"POWERENG\FS-HLYFS1-Operations-Share-RW"	"ContainerInherit, ObjectInherit"	"None"
"\\?\UNC\HLY-SMB01\Shares$\Operations"	"FullControl"	"Allow"	"POWERENG\FS-HLYFS1-Operations-Share-FC"	"ContainerInherit, ObjectInherit"	"None"
"\\?\UNC\HLY-SMB01\Shares$\Operations\Legal_Compliance"	"FullControl"	"Allow"	"POWERENG\FS-FileServices-ADM"	"ContainerInherit, ObjectInherit"	"None"
"\\?\UNC\HLY-SMB01\Shares$\Operations\Legal_Compliance"	"FullControl"	"Allow"	"POWERENG\FS-HLYFS1-Operations-Share-Legal_Compliance-Folder-01-FC"	"ContainerInherit, ObjectInherit"	"None"
"\\?\UNC\HLY-SMB01\Shares$\Operations\Legal_Compliance"	"ReadAndExecute, Synchronize"	"Allow"	"POWERENG\FS-HLYFS1-Operations-Share-Legal_Compliance-Folder-01-RO"	"ContainerInherit, ObjectInherit"	"None"
"\\?\UNC\HLY-SMB01\Shares$\Operations\Legal_Compliance"	"Modify, Synchronize"	"Allow"	"POWERENG\FS-HLYFS1-Operations-Share-Legal_Compliance-Folder-01-RW"	"ContainerInherit, ObjectInherit"	"None"
"\\?\UNC\HLY-SMB01\Shares$\Operations\Records\Destruction Docs\2021 Destruction\Project - Sent - Reminder sent\Acquisitions\SEGA\Website_files\09102020.txt"	"FullControl"	"Allow"	"POWERENG\krogersgoodrich"	"None"	"None"
"\\?\UNC\HLY-SMB01\Shares$\Operations\Records\Destruction Docs\2021 Destruction\Project - Sent - Reminder sent\Acquisitions\SEGA\Website_files\SEGA_Container.txt"	"FullControl"	"Allow"	"POWERENG\krogersgoodrich"	"None"	"None"
"\\?\UNC\HLY-SMB01\Shares$\Operations\Records\Destruction Docs\2021 Destruction\Project - Sent - Reminder sent\Acquisitions\SEGA\Website_files\SEGA_Drawings.txt"	"FullControl"	"Allow"	"POWERENG\krogersgoodrich"	"None"	"None"
"\\?\UNC\HLY-SMB01\Shares$\OpsDivMgmt"	"FullControl"	"Allow"	"POWERENG\FS-FileServices-ADM"	"ContainerInherit, ObjectInherit"	"None"
"\\?\UNC\HLY-SMB01\Shares$\OpsDivMgmt"	"ReadAndExecute, Synchronize"	"Allow"	"POWERENG\FS-HLYFS1-Opsdivmgmt-Share-RO"	"ContainerInherit, ObjectInherit"	"None"
"\\?\UNC\HLY-SMB01\Shares$\OpsDivMgmt"	"Modify, Synchronize"	"Allow"	"POWERENG\FS-HLYFS1-Opsdivmgmt-Share-RW"	"ContainerInherit, ObjectInherit"	"None"
"\\?\UNC\HLY-SMB01\Shares$\OpsDivMgmt"	"FullControl"	"Allow"	"POWERENG\FS-HLYFS1-Opsdivmgmt-Share-FC"	"ContainerInherit, ObjectInherit"	"None"
"\\?\UNC\HLY-SMB01\Shares$\OpsDivMgmt"	"ReadData, ExecuteFile, Synchronize"	"Allow"	"POWERENG\FS-HLYFS1-Opsdivmgmt-Share-TL"	"ContainerInherit, ObjectInherit"	"None"
"\\?\UNC\HLY-SMB01\Shares$\OpsDivMgmt\M&A Documents"	"FullControl"	"Allow"	"POWERENG\FS-FileServices-ADM"	"ContainerInherit, ObjectInherit"	"None"
"\\?\UNC\HLY-SMB01\Shares$\OpsDivMgmt\M&A Documents"	"FullControl"	"Allow"	"POWERENG\FS-HLYFS1-Opsdivmgmt-Share-MADocs-Folder01-FC"	"ContainerInherit, ObjectInherit"	"None"
"\\?\UNC\HLY-SMB01\Shares$\OpsDivMgmt\M&A Documents"	"ReadAndExecute, Synchronize"	"Allow"	"POWERENG\FS-HLYFS1-Opsdivmgmt-Share-MADocs-Folder01-RO"	"ContainerInherit, ObjectInherit"	"None"
"\\?\UNC\HLY-SMB01\Shares$\OpsDivMgmt\M&A Documents"	"Modify, Synchronize"	"Allow"	"POWERENG\FS-HLYFS1-Opsdivmgmt-Share-MADocs-Folder01-RW"	"ContainerInherit, ObjectInherit"	"None"
"\\?\UNC\HLY-SMB01\Shares$\OpsMgmt"	"FullControl"	"Allow"	"POWERENG\FS-FileServices-ADM"	"ContainerInherit, ObjectInherit"	"None"
"\\?\UNC\HLY-SMB01\Shares$\OpsMgmt"	"ReadAndExecute, Synchronize"	"Allow"	"POWERENG\FS-HLYFS1-Opsmgmt-Share-RO"	"ContainerInherit, ObjectInherit"	"None"
"\\?\UNC\HLY-SMB01\Shares$\OpsMgmt"	"Modify, Synchronize"	"Allow"	"POWERENG\FS-HLYFS1-Opsmgmt-Share-RW"	"ContainerInherit, ObjectInherit"	"None"
"\\?\UNC\HLY-SMB01\Shares$\OpsMgmt"	"FullControl"	"Allow"	"POWERENG\FS-HLYFS1-Opsmgmt-Share-FC"	"ContainerInherit, ObjectInherit"	"None"
"\\?\UNC\HLY-SMB01\Shares$\OpsMgmt"	"ReadData, ExecuteFile, Synchronize"	"Allow"	"POWERENG\FS-HLYFS1-Opsmgmt-Share-TL"	"ContainerInherit, ObjectInherit"	"None"
"\\?\UNC\HLY-SMB01\Shares$\OpsMgmt\Corporate"	"FullControl"	"Allow"	"POWERENG\FS-HLYFS1-Opsmgmt-Share-Corporate-Folder-01-FC"	"ContainerInherit, ObjectInherit"	"None"
"\\?\UNC\HLY-SMB01\Shares$\OpsMgmt\Corporate"	"ReadAndExecute, Synchronize"	"Allow"	"POWERENG\FS-HLYFS1-Opsmgmt-Share-Corporate-Folder-01-RO"	"ContainerInherit, ObjectInherit"	"None"
"\\?\UNC\HLY-SMB01\Shares$\OpsMgmt\Corporate"	"Modify, Synchronize"	"Allow"	"POWERENG\FS-HLYFS1-Opsmgmt-Share-Corporate-Folder-01-RW"	"ContainerInherit, ObjectInherit"	"None"
"\\?\UNC\HLY-SMB01\Shares$\OpsMgmt\Corporate\ICT POWER ENG (LTD)\2020 Docs\ICT Power Engineers - Companies House officers summary - June 2020.xlsx"	"FullControl"	"Allow"	"POWERENG\rmoore"	"None"	"None"
"\\?\UNC\HLY-SMB01\Shares$\OpsMgmt\Corporate\SHAREHOLDER DATA"	"FullControl"	"Allow"	"POWERENG\FS-HLYFS1-Opsmgmt-Share-SHAREHOLDER DATA-Folder-01-FC"	"ContainerInherit, ObjectInherit"	"None"
"\\?\UNC\HLY-SMB01\Shares$\OpsMgmt\Corporate\SHAREHOLDER DATA"	"ReadAndExecute, Synchronize"	"Allow"	"POWERENG\FS-HLYFS1-Opsmgmt-Share-SHAREHOLDER DATA-Folder-01-RO"	"ContainerInherit, ObjectInherit"	"None"
"\\?\UNC\HLY-SMB01\Shares$\OpsMgmt\Corporate\SHAREHOLDER DATA"	"Modify, Synchronize"	"Allow"	"POWERENG\FS-HLYFS1-Opsmgmt-Share-SHAREHOLDER DATA-Folder-01-RW"	"ContainerInherit, ObjectInherit"	"None"
"\\?\UNC\HLY-SMB01\Shares$\OpsMgmt\Corporate\SHAREHOLDER DATA\Archived Documents by Year (2002-2020)\2018 Documents\2018 Stock Offering\New Invitee\Action_Required_for_signature_Sheila_Murdock.zip"	"FullControl"	"Allow"	"POWERENG\rmoore"	"None"	"None"
"\\?\UNC\HLY-SMB01\Shares$\OpsMgmt\Corporate\SHAREHOLDER DATA\SH Record"	"FullControl"	"Allow"	"POWERENG\FS-FileServices-ADM"	"ContainerInherit, ObjectInherit"	"None"
"\\?\UNC\HLY-SMB01\Shares$\OpsMgmt\Corporate\SHAREHOLDER DATA\SH Record"	"Modify, Synchronize"	"Allow"	"POWERENG\FS-HLYFS1-Opsmgmt-Share-SHRecord-Folder-01-RW"	"ContainerInherit, ObjectInherit"	"None"
"\\?\UNC\HLY-SMB01\Shares$\OpsMgmt\Corporate\SHAREHOLDER DATA\SH Record"	"FullControl"	"Allow"	"POWERENG\FS-HLYFS1-Opsmgmt-Share-SHRecord-Folder-01-FC"	"ContainerInherit, ObjectInherit"	"None"
"\\?\UNC\HLY-SMB01\Shares$\OpsMgmt\Corporate\SHAREHOLDER DATA\SH Record"	"ReadAndExecute, Synchronize"	"Allow"	"POWERENG\FS-HLYFS1-Opsmgmt-Share-SHRecord-Folder-01-RO"	"ContainerInherit, ObjectInherit"	"None"
"\\?\UNC\HLY-SMB01\Shares$\OpsMgmt\Rachel\AMEXCC_KR1022\19 SA April\Statement_1006_Mar_2019.pdf"	"FullControl"	"Allow"	"POWERENG\rmoore"	"None"	"None"
"\\?\UNC\HLY-SMB01\Shares$\OpsMgmt\Rachel\DOCS 2019\19 Expenses\Feb 14-21- BOD & Comm Mtgs\Delta Bag Fee - 0068299637382 Stmt.pdf"	"FullControl"	"Allow"	"POWERENG\rmoore"	"None"	"None"
"\\?\UNC\HLY-SMB01\Shares$\OpsMgmt\Rachel\DOCS 2019\19 Expenses\Nov 12-15 BoD Mtgs\Airfare - Nov BoD Mtg_ Amex.xls"	"FullControl"	"Allow"	"POWERENG\rmoore"	"None"	"None"
"\\?\UNC\HLY-SMB01\Shares$\OpsMgmt\Rachel\DOCS 2019\19 Expenses\Sept 20 Mtgs in Boi -Div\National Rental Agreement 944864182_Sept20 75 69_Amex.pdf"	"FullControl"	"Allow"	"POWERENG\rmoore"	"None"	"None"
"\\?\UNC\HLY-SMB01\Shares$\OpsMgmt\Rachel\DOCS 2019\19 Expenses\Amex Chgs 1005 Jan-July 2019_Rcm.xls"	"FullControl"	"Allow"	"POWERENG\rmoore"	"None"	"None"
"\\?\UNC\HLY-SMB01\Shares$\OpsMgmt\Rachel\DOCS 2019\19 Expenses\AmexStmt Summaryfor PEI Chgs.xls"	"FullControl"	"Allow"	"POWERENG\rmoore"	"None"	"None"
"\\?\UNC\HLY-SMB01\Shares$\OpsMgmt\Rachel\DOCS 2019\19 Expenses\CapOneStatement_112019_7145.pdf"	"FullControl"	"Allow"	"POWERENG\rmoore"	"None"	"None"
"\\?\UNC\HLY-SMB01\Shares$\OpsMgmt\Rachel\DOCS 2019\19 Expenses\Expense Receipts on Amex Psnl CD Jan-Aug 2019.xls"	"FullControl"	"Allow"	"POWERENG\rmoore"	"None"	"None"
"\\?\UNC\HLY-SMB01\Shares$\OpsMgmt\Rachel\DOCS 2019\19 Expenses\Expense Receipts on Amex Psnl CD SEP-DEC 3rd 2019.xls"	"FullControl"	"Allow"	"POWERENG\rmoore"	"None"	"None"
"\\?\UNC\HLY-SMB01\Shares$\OpsMgmt\Rachel\DOCS 2020\Amex CDS\Statement_2003_Oct_2020_CodlingJ.pdf"	"FullControl"	"Allow"	"POWERENG\rmoore"	"None"	"None"
"\\?\UNC\HLY-SMB01\Shares$\PCI"	"FullControl"	"Allow"	"POWERENG\FS-FileServices-ADM"	"ContainerInherit, ObjectInherit"	"None"
"\\?\UNC\HLY-SMB01\Shares$\PCI"	"ReadAndExecute, Synchronize"	"Allow"	"POWERENG\FS-HLYFS1-PCI-Share-RO"	"ContainerInherit, ObjectInherit"	"None"
"\\?\UNC\HLY-SMB01\Shares$\PCI"	"Modify, Synchronize"	"Allow"	"POWERENG\FS-HLYFS1-PCI-Share-RW"	"ContainerInherit, ObjectInherit"	"None"
"\\?\UNC\HLY-SMB01\Shares$\PCI"	"FullControl"	"Allow"	"POWERENG\FS-HLYFS1-PCI-Share-FC"	"ContainerInherit, ObjectInherit"	"None"
"\\?\UNC\HLY-SMB01\Shares$\PD_DistMgmt"	"FullControl"	"Allow"	"POWERENG\FS-FileServices-ADM"	"ContainerInherit, ObjectInherit"	"None"
"\\?\UNC\HLY-SMB01\Shares$\PD_DistMgmt"	"ReadAndExecute, Synchronize"	"Allow"	"POWERENG\FS-HLYFS1-PD_DistMgmt-Share-RO"	"ContainerInherit, ObjectInherit"	"None"
"\\?\UNC\HLY-SMB01\Shares$\PD_DistMgmt"	"Modify, Synchronize"	"Allow"	"POWERENG\FS-HLYFS1-PD_DistMgmt-Share-RW"	"ContainerInherit, ObjectInherit"	"None"
"\\?\UNC\HLY-SMB01\Shares$\PD_DistMgmt"	"FullControl"	"Allow"	"POWERENG\FS-HLYFS1-PD_DistMgmt-Share-FC"	"ContainerInherit, ObjectInherit"	"None"
"\\?\UNC\HLY-SMB01\Shares$\PD_DistMgmt\Management Files"	"FullControl"	"Allow"	"POWERENG\FS-FileServices-ADM"	"ContainerInherit, ObjectInherit"	"None"
"\\?\UNC\HLY-SMB01\Shares$\PD_DistMgmt\Management Files"	"FullControl"	"Allow"	"POWERENG\FS-HLYFS1-PD_DistMgmt-Share-Management Files-Folder-01-FC"	"ContainerInherit, ObjectInherit"	"None"
"\\?\UNC\HLY-SMB01\Shares$\PD_DistMgmt\Management Files"	"ReadAndExecute, Synchronize"	"Allow"	"POWERENG\FS-HLYFS1-PD_DistMgmt-Share-Management Files-Folder-01-RO"	"ContainerInherit, ObjectInherit"	"None"
"\\?\UNC\HLY-SMB01\Shares$\PD_DistMgmt\Management Files"	"Modify, Synchronize"	"Allow"	"POWERENG\FS-HLYFS1-PD_DistMgmt-Share-Management Files-Folder-01-RW"	"ContainerInherit, ObjectInherit"	"None"
"\\?\UNC\HLY-SMB01\Shares$\PD_DistMgmt\Software and Executables\CYME\CYME72rev13BN1502.exe"	"FullControl"	"Allow"	"POWERENG\kbleak"	"None"	"None"
"\\?\UNC\HLY-SMB01\Shares$\PD_DistMgmt\Software and Executables\Milsoft\windmil8.7.11.11873.exe"	"FullControl"	"Allow"	"POWERENG\cstocklin"	"None"	"None"
"\\?\UNC\HLY-SMB01\Shares$\PD_DistMgmt\Users\Clay\Group 177 & 738"	"FullControl"	"Allow"	"POWERENG\FS-FileServices-ADM"	"ContainerInherit, ObjectInherit"	"None"
"\\?\UNC\HLY-SMB01\Shares$\PD_DistMgmt\Users\Clay\Group 177 & 738"	"FullControl"	"Allow"	"POWERENG\FS-HLYFS1-PD_DistMgmt-Share-Group177-Folder-01-RO"	"ContainerInherit, ObjectInherit"	"None"
"\\?\UNC\HLY-SMB01\Shares$\PD_DistMgmt\Users\Clay\Group 177 & 738"	"FullControl"	"Allow"	"POWERENG\FS-HLYFS1-PD_DistMgmt-Share-Group177-Folder-01-FC"	"ContainerInherit, ObjectInherit"	"None"
"\\?\UNC\HLY-SMB01\Shares$\PD_DistMgmt\Users\Clay\Group 177 & 738"	"FullControl"	"Allow"	"POWERENG\FS-HLYFS1-PD_DistMgmt-Share-Group177-Folder-01-RW"	"ContainerInherit, ObjectInherit"	"None"
"\\?\UNC\HLY-SMB01\Shares$\PD_DistMgmt\Users\Clay\Group 177 & 738\Reviews - Fall 2020\Bulk_Performance_Reviews.zip"	"FullControl"	"Allow"	"POWERENG\cstocklin"	"None"	"None"
"\\?\UNC\HLY-SMB01\Shares$\PD_DistMgmt\Users\Clay\Projects\BD\Snohomish County PUD\00_20-1070-SR Bid Packet.pdf"	"FullControl"	"Allow"	"POWERENG\cstocklin"	"None"	"None"
"\\?\UNC\HLY-SMB01\Shares$\PD_DistMgmt\Users\Clay\Projects\BD\Snohomish County PUD\01_20-1070-SR Appendix A - Scope of Work.pdf"	"FullControl"	"Allow"	"POWERENG\cstocklin"	"None"	"None"
"\\?\UNC\HLY-SMB01\Shares$\PD_DistMgmt\Users\Clay\Projects\BD\Snohomish County PUD\02_20-1070-SR Appendix B - Service Boundary Map.pdf"	"FullControl"	"Allow"	"POWERENG\cstocklin"	"None"	"None"
"\\?\UNC\HLY-SMB01\Shares$\PD_DistMgmt\Users\Clay\Projects\BD\Snohomish County PUD\03_20-1070-SR Appendix C - Sample Professional Services Contract.docx"	"FullControl"	"Allow"	"POWERENG\cstocklin"	"None"	"None"
"\\?\UNC\HLY-SMB01\Shares$\PD_DistMgmt\Users\Clay\Projects\BD\Snohomish County PUD\04_20-1070-SR Appendix D - Directive 99 District Information Security.pdf"	"FullControl"	"Allow"	"POWERENG\cstocklin"	"None"	"None"
"\\?\UNC\HLY-SMB01\Shares$\PD_DistMgmt\Users\Clay\Projects\BD\Snohomish County PUD\05_20-1070-SR Appendix E - Non-Disclosure Agreement.pdf"	"FullControl"	"Allow"	"POWERENG\cstocklin"	"None"	"None"
"\\?\UNC\HLY-SMB01\Shares$\PD_DistMgmt\Hlyprojects\DO NOT USE - LIVE IN PW\146453 - BORREGO SUBSTATION\SR\04 PR Study\SCE Provided Files\BORREGO_12KV MARK UPS_REV1.pdf"	"FullControl"	"Allow"	"POWERENG\kbleak"	"None"	"None"
"\\?\UNC\HLY-SMB01\Shares$\PD_DistMgmt\Hlyprojects\DO NOT USE - LIVE IN PW\146453 - BORREGO SUBSTATION\SR\04 PR Study\SCE Provided Files\BORREGO_RESENT TO PROT_12_4_18.zip"	"FullControl"	"Allow"	"POWERENG\kbleak"	"None"	"None"
"\\?\UNC\HLY-SMB01\Shares$\PD_DistMgmt\Hlyprojects\DO NOT USE - LIVE IN PW\151854 - SCE Extra Sensitive Relay Settings\Archived\SR\04 PR Study\Settings Dev\Aug Deliverables\Macarthur\Originals\MACARTHUR CIDs from Mark.zip"	"FullControl"	"Allow"	"POWERENG\kbleak"	"None"	"None"
"\\?\UNC\HLY-SMB01\Shares$\PD_DistMgmt\Hlyprojects\DO NOT USE - LIVE IN PW\151854 - SCE Extra Sensitive Relay Settings\Archived\SR\04 PR Study\Settings Dev\Feb Deliverables\Jefferson\Settings\zzFiles From Mark\JEFFERSON CIDs with Fast Curve Datasets.zip"	"FullControl"	"Allow"	"POWERENG\kbleak"	"None"	"None"
"\\?\UNC\HLY-SMB01\Shares$\PD_DistMgmt\Hlyprojects\DO NOT USE - LIVE IN PW\151854 - SCE Extra Sensitive Relay Settings\Archived\SR\04 PR Study\Settings Dev\July Deliverables\Eaton\Originals\EATON_SS_CIDs.zip"	"FullControl"	"Allow"	"POWERENG\kbleak"	"None"	"None"
"\\?\UNC\HLY-SMB01\Shares$\PD_DistMgmt\Hlyprojects\DO NOT USE - LIVE IN PW\151854 - SCE Extra Sensitive Relay Settings\Archived\SR\04 PR Study\Settings Dev\Mar Deliverables\Highland\HIGHLAND_FC_CIDs-From Mark.zip"	"FullControl"	"Allow"	"POWERENG\kbleak"	"None"	"None"
"\\?\UNC\HLY-SMB01\Shares$\PD_DistMgmt\Hlyprojects\DO NOT USE - LIVE IN PW\151854 - SCE Extra Sensitive Relay Settings\Archived\SR\04 PR Study\Settings Dev\Mar Deliverables\Terra Bella\Files From Mark\TERRA BELLA_FastCurve.zip"	"FullControl"	"Allow"	"POWERENG\kbleak"	"None"	"None"
"\\?\UNC\HLY-SMB01\Shares$\PD_DistMgmt\Hlyprojects\DO NOT USE - LIVE IN PW\151854 - SCE Extra Sensitive Relay Settings\Archived\SR\04 PR Study\Settings Dev\Nov Deliverables\Cypress\Settings\Cypress Post Mark\Cypress CIDs with 25 Cal Fast Curve.zip"	"FullControl"	"Allow"	"POWERENG\kbleak"	"None"	"None"
"\\?\UNC\HLY-SMB01\Shares$\PD_DistMgmt\Hlyprojects\DO NOT USE - LIVE IN PW\151854 - SCE Extra Sensitive Relay Settings\Archived\SR\04 PR Study\Settings Dev\Nov Deliverables\Dalton\Originals\Files from Mark\DALTON_FastCurve_CIDs.zip"	"FullControl"	"Allow"	"POWERENG\kbleak"	"None"	"None"
"\\?\UNC\HLY-SMB01\Shares$\PD_DistMgmt\Hlyprojects\DO NOT USE - LIVE IN PW\151854 - SCE Extra Sensitive Relay Settings\Archived\SR\04 PR Study\Settings Dev\Oct Deliverables\Atwood\Settings\Rev 1\ATWOOD_CIDS_FASTCURVE.zip"	"FullControl"	"Allow"	"POWERENG\kbleak"	"None"	"None"
"\\?\UNC\HLY-SMB01\Shares$\PD_DistMgmt\Presentations and Whitepapers\2021 FRP poles\5WwEBDSg2 (1).jpeg"	"FullControl"	"Allow"	"POWERENG\rriemann"	"None"	"None"
"\\?\UNC\HLY-SMB01\Shares$\PD_DistMgmt\Presentations and Whitepapers\2021 FRP poles\Crossarm Brochure (CPM225-1012.1C).pdf"	"FullControl"	"Allow"	"POWERENG\rriemann"	"None"	"None"
"\\?\UNC\HLY-SMB01\Shares$\PD_DistMgmt\Presentations and Whitepapers\2021 FRP poles\Direct Burial Light Poles(CPM268-010518).pdf"	"FullControl"	"Allow"	"POWERENG\rriemann"	"None"	"None"
"\\?\UNC\HLY-SMB01\Shares$\Powernetdocs"	"FullControl"	"Allow"	"POWERENG\FS-FileServices-ADM"	"ContainerInherit, ObjectInherit"	"None"
"\\?\UNC\HLY-SMB01\Shares$\Powernetdocs"	"ReadAndExecute, Synchronize"	"Allow"	"POWERENG\FS-HLYFS1-Powernetdocs-Share-RO"	"ContainerInherit, ObjectInherit"	"None"
"\\?\UNC\HLY-SMB01\Shares$\Powernetdocs"	"Modify, Synchronize"	"Allow"	"POWERENG\FS-HLYFS1-Powernetdocs-Share-RW"	"ContainerInherit, ObjectInherit"	"None"
"\\?\UNC\HLY-SMB01\Shares$\Powernetdocs"	"FullControl"	"Allow"	"POWERENG\FS-HLYFS1-Powernetdocs-Share-FC"	"ContainerInherit, ObjectInherit"	"None"
"\\?\UNC\HLY-SMB01\Shares$\Printroom_Requests"	"FullControl"	"Allow"	"POWERENG\FS-FileServices-ADM"	"ContainerInherit, ObjectInherit"	"None"
"\\?\UNC\HLY-SMB01\Shares$\Printroom_Requests"	"ReadAndExecute, Synchronize"	"Allow"	"POWERENG\FS-HLYFS1-Printroom_Requests-Share-RO"	"ContainerInherit, ObjectInherit"	"None"
"\\?\UNC\HLY-SMB01\Shares$\Printroom_Requests"	"Modify, Synchronize"	"Allow"	"POWERENG\FS-HLYFS1-Printroom_Requests-Share-RW"	"ContainerInherit, ObjectInherit"	"None"
"\\?\UNC\HLY-SMB01\Shares$\Printroom_Requests"	"FullControl"	"Allow"	"POWERENG\FS-HLYFS1-Printroom_Requests-Share-FC"	"ContainerInherit, ObjectInherit"	"None"
"\\?\UNC\HLY-SMB01\Shares$\Projects"	"FullControl"	"Allow"	"POWERENG\FS-FileServices-ADM"	"ContainerInherit, ObjectInherit"	"None"
"\\?\UNC\HLY-SMB01\Shares$\Projects"	"ReadAndExecute, Synchronize"	"Allow"	"POWERENG\FS-HLYFS1-Projects-Share-RO"	"ContainerInherit, ObjectInherit"	"None"
"\\?\UNC\HLY-SMB01\Shares$\Projects"	"Modify, Synchronize"	"Allow"	"POWERENG\FS-HLYFS1-Projects-Share-RW"	"ContainerInherit, ObjectInherit"	"None"
"\\?\UNC\HLY-SMB01\Shares$\Projects"	"FullControl"	"Allow"	"POWERENG\FS-HLYFS1-Projects-Share-FC"	"ContainerInherit, ObjectInherit"	"None"
"\\?\UNC\HLY-SMB01\Shares$\ProjectShare"	"FullControl"	"Allow"	"POWERENG\FS-FileServices-ADM"	"ContainerInherit, ObjectInherit"	"None"
"\\?\UNC\HLY-SMB01\Shares$\ProjectShare"	"ReadAndExecute, Synchronize"	"Allow"	"POWERENG\FS-HLYFS1-Projectshare-Share-RO"	"ContainerInherit, ObjectInherit"	"None"
"\\?\UNC\HLY-SMB01\Shares$\ProjectShare"	"Modify, Synchronize"	"Allow"	"POWERENG\FS-HLYFS1-Projectshare-Share-RW"	"ContainerInherit, ObjectInherit"	"None"
"\\?\UNC\HLY-SMB01\Shares$\ProjectShare"	"FullControl"	"Allow"	"POWERENG\FS-HLYFS1-Projectshare-Share-FC"	"ContainerInherit, ObjectInherit"	"None"
"\\?\UNC\HLY-SMB01\Shares$\ProjectShare\145986\DD\CM\01 Eng Support\019-0448_Rev-A_Walkdown Inspection Form\Fulcrum Outputs\Fulcrum_Example.zip"	"FullControl"	"Allow"	"POWERENG\aheiner"	"None"	"None"
"\\?\UNC\HLY-SMB01\Shares$\ProjectShare\145986\DD\CM\01 Eng Support\019-0448_Rev-A_Walkdown Inspection Form\Fulcrum Outputs\Fulcrum_Export_eb5e8a5d-fc34-4d0e-8127-3f5973e439ca.zip"	"FullControl"	"Allow"	"POWERENG\aheiner"	"None"	"None"
"\\?\UNC\HLY-SMB01\Shares$\ProjectShare\145986\DD\CM\01 Eng Support\019-0448_Rev-B_Walkdown Inspection Form\Fulcrum Outputs\Fulcrum_Export_16b8e780-4917-4a41-b7a7-15cb583d6770.zip"	"FullControl"	"Allow"	"POWERENG\aheiner"	"None"	"None"
"\\?\UNC\HLY-SMB01\Shares$\ProjectShare\145986\DD\CM\01 Eng Support\019-0448_Rev-B_Walkdown Inspection Form\Fulcrum Outputs\test.zip"	"FullControl"	"Allow"	"POWERENG\aheiner"	"None"	"None"
"\\?\UNC\HLY-SMB01\Shares$\ProjectShare\145986\DD\CM\01 Eng Support\019-0448_Rev-C_Walkdown Inspection Form\Fulcrum Export_04-14-20.zip"	"FullControl"	"Allow"	"POWERENG\aheiner"	"None"	"None"
"\\?\UNC\HLY-SMB01\Shares$\ProjectShare\145986\DD\CM\01 Eng Support\019-0448_Rev-D_Walkdown Inspection Form\Fulcrum_Export_3a00b49d-dabf-4b49-9acf-6c3a806e9d37.zip"	"FullControl"	"Allow"	"POWERENG\aheiner"	"None"	"None"
"\\?\UNC\HLY-SMB01\Shares$\ProjectShare\145986\DD\CM\01 Eng Support\019-0448_Rev-D_Walkdown Inspection Form\Fulcrum_Export_d52a608e-b203-4d41-b8f2-a843fb5f51df.zip"	"FullControl"	"Allow"	"POWERENG\aheiner"	"None"	"None"
"\\?\UNC\HLY-SMB01\Shares$\ProjectShare\145986\DD\CM\02 Logs\2020-12-02_Aeolus Distribution Walkdown\Fulcrum_Export_3d04f9ba-793c-48d0-8cac-bcd738f76cb4.zip"	"FullControl"	"Allow"	"POWERENG\kbridwell"	"None"	"None"
"\\?\UNC\HLY-SMB01\Shares$\ProjectShare\145986\DD\CM\04 Photos\2019-06-27_Fall Protection Clip Photos\2019-06-27.zip"	"FullControl"	"Allow"	"POWERENG\kbridwell"	"None"	"None"
"\\?\UNC\HLY-SMB01\Shares$\ProjectShare\145986\DD\CM\04 Photos\2020-05-29_Transposition Clearances\2-8 5.29.20 Scan.zip"	"FullControl"	"Allow"	"POWERENG\kbridwell"	"None"	"None"
"\\?\UNC\HLY-SMB01\Shares$\ProjectShare\145986\DD\DES\01 Design Doc\019-xxxx_ECR-ECN Tracking\Archive\2017-12-15_ECR Tracker.xlsx"	"FullControl"	"Allow"	"POWERENG\jknight"	"None"	"None"
"\\?\UNC\HLY-SMB01\Shares$\ProjectShare\145986\DD\DES\01 Design Doc\019-xxxx_ECR-ECN Tracking\QEPC Variances\AJB-TRANS-186\AJB-TRANS-186.zip"	"FullControl"	"Allow"	"POWERENG\bbainbridge"	"None"	"None"
"\\?\UNC\HLY-SMB01\Shares$\ProjectShare\145986\DD\DES\01 Design Doc\019-xxxx_ECR-ECN Tracking\QEPC Variances\AJB-TRANS-197\AJB-TRANS-197.zip"	"FullControl"	"Allow"	"POWERENG\bbainbridge"	"None"	"None"
"\\?\UNC\HLY-SMB01\Shares$\ProjectShare\145986\DD\DES\01 Design Doc\zz2018-11-15_Northern Terminal PLS_CADD\nt_final_route_twe analysis_11-5-18.zip"	"FullControl"	"Allow"	"POWERENG\kbridwell"	"None"	"None"
"\\?\UNC\HLY-SMB01\Shares$\ProjectShare\145986\DD\DES\03 Structures\zz2018-03-16_5R22 Shop and Erection Dwgs\wetransfer-8d8f8b.zip"	"FullControl"	"Allow"	"POWERENG\aheiner"	"None"	"None"
"\\?\UNC\HLY-SMB01\Shares$\ProjectShare\145986\DD\DES\03 Structures\zz2018-06-19_5T Test Report\BL-R7478-PAC-114-23-001_0.pdf"	"FullControl"	"Allow"	"POWERENG\aheiner"	"None"	"None"
"\\?\UNC\HLY-SMB01\Shares$\ProjectShare\145986\DD\DES\03 Structures\zz2018-06-19_5T, 5D30, 5D60 Final Deliverables\wetransfer-bded26.zip"	"FullControl"	"Allow"	"POWERENG\aheiner"	"None"	"None"
"\\?\UNC\HLY-SMB01\Shares$\ProjectShare\145986\DD\DES\03 Structures\zz2018-06-21_5R22, 5D90 Final Deliverables\wetransfer-728952.zip"	"FullControl"	"Allow"	"POWERENG\aheiner"	"None"	"None"
"\\?\UNC\HLY-SMB01\Shares$\ProjectShare\145986\DD\DES\03 Structures\zz2018-07-13_Test Report 5D30, 5D60, 5D90 & 5R22\wetransfer-b4e3d4.zip"	"FullControl"	"Allow"	"POWERENG\aheiner"	"None"	"None"
"\\?\UNC\HLY-SMB01\Shares$\ProjectShare\145986\DD\DES\03 Structures\zz2018-08-28_Final PDF set of Dwgs\wetransfer-7ea81e.zip"	"FullControl"	"Allow"	"POWERENG\aheiner"	"None"	"None"
"\\?\UNC\HLY-SMB01\Shares$\ProjectShare\145986\DD\DES\03 Structures\zz2018-09-13_Test Videos of 5T Tower\SAE TOWERS_Testing_5T_Case 9.mp4"	"FullControl"	"Allow"	"POWERENG\aheiner"	"None"	"None"
"\\?\UNC\HLY-SMB01\Shares$\ProjectShare\145986\DD\DES\03 Structures\zz2018-09-13_Test Videos of 5T Tower\wetransfer-cb4dea.zip"	"FullControl"	"Allow"	"POWERENG\aheiner"	"None"	"None"
"\\?\UNC\HLY-SMB01\Shares$\ProjectShare\145986\DD\DES\03 Structures\zz2018-09-13_Test Videos of 5T Tower\wetransfer-d33925.zip"	"FullControl"	"Allow"	"POWERENG\aheiner"	"None"	"None"
"\\?\UNC\HLY-SMB01\Shares$\ProjectShare\145986\DD\DES\03 Structures\zz2019-08-18_Stamped Revised Drawings\Drawing Revisions.zip"	"FullControl"	"Allow"	"POWERENG\aheiner"	"None"	"None"
"\\?\UNC\HLY-SMB01\Shares$\ProjectShare\145986\DD\DES\03 Structures\zz2019-08-18_Stamped Revised Drawings\wetransfer-6db37b.zip"	"FullControl"	"Allow"	"POWERENG\aheiner"	"None"	"None"
"\\?\UNC\HLY-SMB01\Shares$\ProjectShare\145986\DD\DES\03 Structures\zz2019-09-03_Final Tower Drawings Combined-Certified PDF's\wetransfer-03a1ee.zip"	"FullControl"	"Allow"	"POWERENG\aheiner"	"None"	"None"
"\\?\UNC\HLY-SMB01\Shares$\ProjectShare\145986\DD\DES\03 Structures\zz2019-09-06_REVISED Final Tower Drawings Combined-Certified PDF's\wetransfer-8e3433.zip"	"FullControl"	"Allow"	"POWERENG\aheiner"	"None"	"None"
"\\?\UNC\HLY-SMB01\Shares$\ProjectShare\145986\DD\DES\05 Foundations\zz2019-04-01_Trans-096 AJB Foundation Design IFC\AJB-TRANS-96.zip"	"FullControl"	"Allow"	"POWERENG\kbridwell"	"None"	"None"
"\\?\UNC\HLY-SMB01\Shares$\ProjectShare\145986\DD\DES\05 Foundations\zz2019-04-04_Trans-098_Reinforcement Steel Dwgs\AJB-TRANS-98.zip"	"FullControl"	"Allow"	"POWERENG\kbridwell"	"None"	"None"
"\\?\UNC\HLY-SMB01\Shares$\ProjectShare\145986\DD\DES\05 Foundations\zz2019-04-15_Trans-114 Revised Foundation IFC Drawings and Specifications\AJB-TRANS-114.zip"	"FullControl"	"Allow"	"S-1-5-21-1380516296-1705272057-1576261225-55359"	"None"	"None"
"\\?\UNC\HLY-SMB01\Shares$\ProjectShare\145986\DD\DES\05 Foundations\zz2019-04-15_Trans-116 AJB CLSM Mix Design - Sunroc\AJB-TRANS-116.zip"	"FullControl"	"Allow"	"S-1-5-21-1380516296-1705272057-1576261225-55359"	"None"	"None"
"\\?\UNC\HLY-SMB01\Shares$\ProjectShare\145986\DD\DES\05 Foundations\zz2019-04-15_Trans-117 AJB Concrete Mix Design - Sunroc\AJB-TRANS-117.zip"	"FullControl"	"Allow"	"S-1-5-21-1380516296-1705272057-1576261225-55359"	"None"	"None"
"\\?\UNC\HLY-SMB01\Shares$\ProjectShare\145986\DD\DES\05 Foundations\zz2019-04-16-Trans-119 CSL Pipe Testing and Grout Mix\AJB-TRANS-119.zip"	"FullControl"	"Allow"	"POWERENG\kbridwell"	"None"	"None"
"\\?\UNC\HLY-SMB01\Shares$\ProjectShare\145986\DD\DES\05 Foundations\zz2019-04-16_Trans-115 Mix Design_Mobile Concrete\AJB-TRANS-115.zip"	"FullControl"	"Allow"	"POWERENG\kbridwell"	"None"	"None"
"\\?\UNC\HLY-SMB01\Shares$\ProjectShare\145986\DD\DES\05 Foundations\zz2019-04-18-Trans-123 Slurry Plan and Procedures\AJB-TRANS-123.zip"	"FullControl"	"Allow"	"POWERENG\kbridwell"	"None"	"None"
"\\?\UNC\HLY-SMB01\Shares$\ProjectShare\145986\DD\DES\05 Foundations\zz2019-08-29_Trans 206_PacifiCorp Specification 03100 Revision_AJB\AJB-TRANS-206.zip"	"FullControl"	"Allow"	"POWERENG\aheiner"	"None"	"None"
"\\?\UNC\HLY-SMB01\Shares$\ProjectShare\145986\DD\DES\05 Foundations\zz2019-11-18_Trans 249 - Foundation Packages Transmittal\AJB-TRANS-249.zip"	"FullControl"	"Allow"	"POWERENG\aheiner"	"None"	"None"
"\\?\UNC\HLY-SMB01\Shares$\ProjectShare\145986\DD\DES\05 Foundations\zz2019-11-19_Trans 251 - Foundation Packages Transmittal\AJB-TRANS-251.zip"	"FullControl"	"Allow"	"POWERENG\aheiner"	"None"	"None"
"\\?\UNC\HLY-SMB01\Shares$\ProjectShare\145986\DD\DES\05 Foundations\zz2019-12-04_Trans 260 - AJB 345kV Backfill Rock_Backup Supply\AJB-TRANS-260.zip"	"FullControl"	"Allow"	"POWERENG\aheiner"	"None"	"None"
"\\?\UNC\HLY-SMB01\Shares$\ProjectShare\145986\DD\DES\05 Foundations\zz2019-12-04_Trans 261 - AJB Foundation Design Deviation_Structure 2-65\AJB-TRANS-261.zip"	"FullControl"	"Allow"	"POWERENG\aheiner"	"None"	"None"
"\\?\UNC\HLY-SMB01\Shares$\ProjectShare\145986\DD\DES\11 RFI\2019-01-22_RFI#067_Spacer Damper Approval\RFI 067 - Spacer Damper Approval-selected.zip"	"FullControl"	"Allow"	"POWERENG\bbainbridge"	"None"	"None"
"\\?\UNC\HLY-SMB01\Shares$\ProjectShare\145986\DD\DES\12 Const Spec\2019-04-12_IFC Foundations and Access Plans\AJB-TRANS-102.zip"	"FullControl"	"Allow"	"POWERENG\aheiner"	"None"	"None"
"\\?\UNC\HLY-SMB01\Shares$\ProjectShare\145986\DD\DES\12 Const Spec\zz2018-10-17_Exhibit A_TextBackUp\PAC Exhibit A to PEI 10.17.18.zip"	"FullControl"	"Allow"	"POWERENG\kbridwell"	"None"	"None"
"\\?\UNC\HLY-SMB01\Shares$\ProjectShare\145986\EMAT\03 Vendor Name\01 Submittals\2019-02-15_Trans-042_345 kV Steel Pole Review 2\AJB-TRANS-42.zip"	"FullControl"	"Allow"	"POWERENG\aheiner"	"None"	"None"
"\\?\UNC\HLY-SMB01\Shares$\ProjectShare\145986\EMAT\03 Vendor Name\01 Submittals\2019-02-25_Trans 057_Lattice Tower MTRs and Quality Plan Update\AJB-TRANS-59.zip"	"FullControl"	"Allow"	"POWERENG\kbridwell"	"None"	"None"
"\\?\UNC\HLY-SMB01\Shares$\ProjectShare\145986\EMAT\03 Vendor Name\01 Submittals\2019-02-25_Trans 058_Spacer Damper Alternative\AJB-TRANS-58.zip"	"FullControl"	"Allow"	"POWERENG\kbridwell"	"None"	"None"
"\\?\UNC\HLY-SMB01\Shares$\ProjectShare\145986\EMAT\03 Vendor Name\01 Submittals\2019-02-25_Trans 059_MTR and Lattice Quality Plan\AJB-TRANS-59.zip"	"FullControl"	"Allow"	"POWERENG\kbridwell"	"None"	"None"
"\\?\UNC\HLY-SMB01\Shares$\ProjectShare\145986\EMAT\03 Vendor Name\01 Submittals\2019-02-26_Trans 055_Final TAPP 345kV Tubular Steel Structure Drawings\AJB-TRANS-55.zip"	"FullControl"	"Allow"	"POWERENG\aheiner"	"None"	"None"
"\\?\UNC\HLY-SMB01\Shares$\ProjectShare\145986\EMAT\03 Vendor Name\01 Submittals\2019-02-26_Trans 056_Conductor ITP_QA Documentation\AJB-TRANS-56.zip"	"FullControl"	"Allow"	"POWERENG\kbridwell"	"None"	"None"
"\\?\UNC\HLY-SMB01\Shares$\ProjectShare\145986\EMAT\03 Vendor Name\01 Submittals\2019-02-27_Trans 061_5R22 and S5DT Prototype\AJB-TRANS-61.zip"	"FullControl"	"Allow"	"POWERENG\kbridwell"	"None"	"None"
"\\?\UNC\HLY-SMB01\Shares$\ProjectShare\145986\EMAT\03 Vendor Name\01 Submittals\2019-03-03_Trans 063_QEPC Construction Work Plan\QEPC Construction Work Plan - Aeolus to Jim Bridger.pdf"	"FullControl"	"Allow"	"POWERENG\kbridwell"	"None"	"None"
"\\?\UNC\HLY-SMB01\Shares$\ProjectShare\145986\EMAT\03 Vendor Name\01 Submittals\2019-03-04_Trans 064_Lattice Tower Step Bolt Test Results\AJB-TRANS-64.zip"	"FullControl"	"Allow"	"POWERENG\kbridwell"	"None"	"None"
"\\?\UNC\HLY-SMB01\Shares$\ProjectShare\145986\EMAT\03 Vendor Name\01 Submittals\2019-03-11_Trans 069_Revised 5R22 Tower Type Prototype Report\AJB-TRANS-69.zip"	"FullControl"	"Allow"	"POWERENG\aheiner"	"None"	"None"
"\\?\UNC\HLY-SMB01\Shares$\ProjectShare\145986\EMAT\03 Vendor Name\01 Submittals\2019-03-11_Trans 071_AJB Access Road Design Package #2\AJB-TRANS-71.zip"	"FullControl"	"Allow"	"POWERENG\kbridwell"	"None"	"None"
"\\?\UNC\HLY-SMB01\Shares$\ProjectShare\145986\EMAT\03 Vendor Name\01 Submittals\2019-03-11_Trans 073_Revised S5DT Tower Type Prototype Report\AJB-TRANS-73.zip"	"FullControl"	"Allow"	"POWERENG\aheiner"	"None"	"None"
"\\?\UNC\HLY-SMB01\Shares$\ProjectShare\145986\EMAT\03 Vendor Name\01 Submittals\2019-03-12_Trans 075_Updated Electrical Hardware - Insulator ITP (Hubbell)\AJB-TRANS-75.zip"	"FullControl"	"Allow"	"POWERENG\aheiner"	"None"	"None"
"\\?\UNC\HLY-SMB01\Shares$\ProjectShare\145986\EMAT\03 Vendor Name\01 Submittals\2019-03-13_Trans 079_EHS ITP and QA Plan\AJB-TRANS-79.zip"	"FullControl"	"Allow"	"POWERENG\kbridwell"	"None"	"None"
"\\?\UNC\HLY-SMB01\Shares$\ProjectShare\145986\EMAT\03 Vendor Name\01 Submittals\2019-03-21_Trans 083_Tower Type 5D30 and 5D60 Prototype Report\AJB-TRANS-83.zip"	"FullControl"	"Allow"	"POWERENG\kbridwell"	"None"	"None"
"\\?\UNC\HLY-SMB01\Shares$\ProjectShare\145986\EMAT\03 Vendor Name\01 Submittals\2019-03-21_Trans 085_Steel Pole ITP_TAPP_Rev-3\AJB-TRANS-85.zip"	"FullControl"	"Allow"	"POWERENG\kbridwell"	"None"	"None"
"\\?\UNC\HLY-SMB01\Shares$\ProjectShare\145986\EMAT\03 Vendor Name\01 Submittals\2019-03-27_Trans 089_5T Prototype Report\AJB-TRANS-89.zip"	"FullControl"	"Allow"	"POWERENG\aheiner"	"None"	"None"
"\\?\UNC\HLY-SMB01\Shares$\ProjectShare\145986\EMAT\03 Vendor Name\01 Submittals\2019-03-28_Trans 090_Step Bolts Test Report\AJB-TRANS-90.zip"	"FullControl"	"Allow"	"POWERENG\aheiner"	"None"	"None"
"\\?\UNC\HLY-SMB01\Shares$\ProjectShare\145986\EMAT\03 Vendor Name\01 Submittals\2019-04-01_Trans 094_Steel Pole IFC\AJB-TRANS-94.zip"	"FullControl"	"Allow"	"POWERENG\kbridwell"	"None"	"None"
"\\?\UNC\HLY-SMB01\Shares$\ProjectShare\145986\EMAT\03 Vendor Name\01 Submittals\2019-04-04_Trans 099_Const Plan\AJB-TRANS-99.zip"	"FullControl"	"Allow"	"POWERENG\kbridwell"	"None"	"None"
"\\?\UNC\HLY-SMB01\Shares$\ProjectShare\145986\EMAT\03 Vendor Name\01 Submittals\2019-04-17_Trans 112_Lattice Tower Fall Protection Clip\AJB-TRANS-112.zip"	"FullControl"	"Allow"	"POWERENG\kbridwell"	"None"	"None"
"\\?\UNC\HLY-SMB01\Shares$\ProjectShare\145986\EMAT\03 Vendor Name\01 Submittals\2019-04-18_Trans 123_QEPC Slurry Plan and Procedures\AJB-TRANS-123.zip"	"FullControl"	"Allow"	"POWERENG\kbridwell"	"None"	"None"
"\\?\UNC\HLY-SMB01\Shares$\ProjectShare\145986\EMAT\03 Vendor Name\01 Submittals\2019-04-18_Trans 124_5R6 Prototype Report\AJB-TRANS-124.zip"	"FullControl"	"Allow"	"POWERENG\kbridwell"	"None"	"None"
"\\?\UNC\HLY-SMB01\Shares$\ProjectShare\145986\EMAT\03 Vendor Name\01 Submittals\2019-04-18_Trans 125_5D90 Tower Type Prototype Report\AJB-TRANS-125.zip"	"FullControl"	"Allow"	"POWERENG\kbridwell"	"None"	"None"
"\\?\UNC\HLY-SMB01\Shares$\ProjectShare\145986\EMAT\03 Vendor Name\01 Submittals\2019-05-21_Trans 150_5T Universal Plate\AJB-TRANS-150.zip"	"FullControl"	"Allow"	"POWERENG\kbridwell"	"None"	"None"
"\\?\UNC\HLY-SMB01\Shares$\ProjectShare\145986\EMAT\03 Vendor Name\01 Submittals\2019-05-29_Trans 154_Approved Access Roads\AJB-TRANS-154.zip"	"FullControl"	"Allow"	"POWERENG\jknight"	"None"	"None"
"\\?\UNC\HLY-SMB01\Shares$\ProjectShare\145986\EMAT\03 Vendor Name\01 Submittals\2019-06-12_Trans 166_Approved design changes - GIS data\AJB-TRANS-166.zip"	"FullControl"	"Allow"	"POWERENG\bbainbridge"	"None"	"None"
"\\?\UNC\HLY-SMB01\Shares$\ProjectShare\145986\EMAT\03 Vendor Name\01 Submittals\2019-06-18_Trans 168\AJB-TRANS-168.zip"	"FullControl"	"Allow"	"POWERENG\bbainbridge"	"None"	"None"
"\\?\UNC\HLY-SMB01\Shares$\ProjectShare\145986\EMAT\03 Vendor Name\01 Submittals\2019-06-19_Trans 169_Carbon Co Permits Package\AJB-TRANS-169.zip"	"FullControl"	"Allow"	"POWERENG\bbainbridge"	"None"	"None"
"\\?\UNC\HLY-SMB01\Shares$\ProjectShare\145986\EMAT\03 Vendor Name\01 Submittals\2019-06-25_Trans 170_TAPP Quality Program\AJB-TRANS-170.zip"	"FullControl"	"Allow"	"POWERENG\kbridwell"	"None"	"None"
"\\?\UNC\HLY-SMB01\Shares$\ProjectShare\145986\EMAT\03 Vendor Name\01 Submittals\2019-07-11_Trans 175_Approved Design Changes-GIS Data\AJB-TRANS-175.zip"	"FullControl"	"Allow"	"POWERENG\bbainbridge"	"None"	"None"
"\\?\UNC\HLY-SMB01\Shares$\ProjectShare\145986\EMAT\03 Vendor Name\01 Submittals\2019-07-16_Trans 178_GIS data of approved design changes\AJB-TRANS-178.zip"	"FullControl"	"Allow"	"POWERENG\bbainbridge"	"None"	"None"
"\\?\UNC\HLY-SMB01\Shares$\ProjectShare\145986\EMAT\03 Vendor Name\01 Submittals\2019-07-23_Trans 179_Approved design changes\AJB-TRANS-179.zip"	"FullControl"	"Allow"	"POWERENG\bbainbridge"	"None"	"None"
"\\?\UNC\HLY-SMB01\Shares$\ProjectShare\145986\EMAT\03 Vendor Name\01 Submittals\2019-08-07_Trans 189\AJB-TRANS-189.zip"	"FullControl"	"Allow"	"POWERENG\bbainbridge"	"None"	"None"
"\\?\UNC\HLY-SMB01\Shares$\ProjectShare\145986\EMAT\03 Vendor Name\01 Submittals\2019-08-13_Trans 198\AJB-TRANS-198.zip"	"FullControl"	"Allow"	"POWERENG\bbainbridge"	"None"	"None"
"\\?\UNC\HLY-SMB01\Shares$\ProjectShare\145986\EMAT\03 Vendor Name\01 Submittals\2019-08-15_Trans 199\AJB-TRANS-199\AJB-TRANS-199.zip"	"FullControl"	"Allow"	"POWERENG\bbainbridge"	"None"	"None"
"\\?\UNC\HLY-SMB01\Shares$\ProjectShare\145986\EMAT\03 Vendor Name\01 Submittals\2019-08-23_Trans 201\AJB-TRANS-201\AJB-TRANS-201.zip"	"FullControl"	"Allow"	"POWERENG\bbainbridge"	"None"	"None"
"\\?\UNC\HLY-SMB01\Shares$\ProjectShare\145986\EMAT\03 Vendor Name\01 Submittals\2019-08-29_Trans 205\AJB-TRANS-205.zip"	"FullControl"	"Allow"	"POWERENG\bbainbridge"	"None"	"None"
"\\?\UNC\HLY-SMB01\Shares$\ProjectShare\145986\EMAT\03 Vendor Name\01 Submittals\2019-09-05_Trans 216_Approved Design Changes\AJB-TRANS-216.zip"	"FullControl"	"Allow"	"POWERENG\bbainbridge"	"None"	"None"
"\\?\UNC\HLY-SMB01\Shares$\ProjectShare\145986\EMAT\03 Vendor Name\01 Submittals\2019-09-17_Trans 218\AJB-TRANS-218.zip"	"FullControl"	"Allow"	"POWERENG\bbainbridge"	"None"	"None"
"\\?\UNC\HLY-SMB01\Shares$\ProjectShare\145986\EMAT\03 Vendor Name\01 Submittals\2019-09-25_Trans 219\AJB-TRANS-219\AJB-TRANS-219.zip"	"FullControl"	"Allow"	"POWERENG\bbainbridge"	"None"	"None"
"\\?\UNC\HLY-SMB01\Shares$\ProjectShare\145986\EMAT\03 Vendor Name\01 Submittals\2019-09-25_Trans 219\AJB-TRANS-219.zip"	"FullControl"	"Allow"	"POWERENG\bbainbridge"	"None"	"None"
"\\?\UNC\HLY-SMB01\Shares$\ProjectShare\145986\EMAT\03 Vendor Name\01 Submittals\2019-10-30_Trans 244_AJB_DesignChanges_20191028\AJB-TRANS-244.zip"	"FullControl"	"Allow"	"POWERENG\bbainbridge"	"None"	"None"
"\\?\UNC\HLY-SMB01\Shares$\ProjectShare\145986\EMAT\03 Vendor Name\01 Submittals\2019-11-01_Trans 231\AJB-TRANS-231.zip"	"FullControl"	"Allow"	"POWERENG\bbainbridge"	"None"	"None"
"\\?\UNC\HLY-SMB01\Shares$\ProjectShare\145986\EMAT\03 Vendor Name\01 Submittals\2019-11-19_Trans 252_ AJB Sleeve X-Ray Results_Batch 2\AJB-TRANS-252.zip"	"FullControl"	"Allow"	"POWERENG\aheiner"	"None"	"None"
"\\?\UNC\HLY-SMB01\Shares$\ProjectShare\145986\EMAT\03 Vendor Name\01 Submittals\2020-05-18_AJB Proposed LiDAR Subcontractor\AJB-TRANS-302.zip"	"FullControl"	"Allow"	"POWERENG\kbridwell"	"None"	"None"
"\\?\UNC\HLY-SMB01\Shares$\ProjectShare\145986\EMAT\03 Vendor Name\01 Submittals\2020-07-16_Trans-319_AJB Sleeve X-Rays - Final Round and Summary\AJB-TRANS-319.zip"	"FullControl"	"Allow"	"POWERENG\aheiner"	"None"	"None"
"\\?\UNC\HLY-SMB01\Shares$\ProjectShare\145986\EMAT\03 Vendor Name\01 Submittals\2020-09-17_Trans-333_QC013 - Shield Wire Stringing Report - Combined\AJB-TRANS-333.zip"	"FullControl"	"Allow"	"POWERENG\aheiner"	"None"	"None"
"\\?\UNC\HLY-SMB01\Shares$\ProjectShare\145986\EMAT\03 Vendor Name\01 Submittals\2020-09-17_Trans-334_AJB - QA009 - Lattice Structure Erection Reports - Combined\AJB-TRANS-334.zip"	"FullControl"	"Allow"	"POWERENG\aheiner"	"None"	"None"
"\\?\UNC\HLY-SMB01\Shares$\ProjectShare\145986\EMAT\03 Vendor Name\01 Submittals\2020-09-17_Trans-335_AJB-QA014-Wire Sagging Reports\AJB-TRANS-335.zip"	"FullControl"	"Allow"	"POWERENG\aheiner"	"None"	"None"
"\\?\UNC\HLY-SMB01\Shares$\ProjectShare\145986\EMAT\03 Vendor Name\01 Submittals\2020-09-17_Trans-336_AJB-QA010- Steel Pole Installation Reports\AJB-TRANS-336.zip"	"FullControl"	"Allow"	"POWERENG\aheiner"	"None"	"None"
"\\?\UNC\HLY-SMB01\Shares$\ProjectShare\145986\EMAT\03 Vendor Name\01 Submittals\2020-09-17_Trans-337_AJB-QA015 - Compression Sleeve Reports\AJB-TRANS-337.zip"	"FullControl"	"Allow"	"POWERENG\aheiner"	"None"	"None"
"\\?\UNC\HLY-SMB01\Shares$\ProjectShare\145986\EMAT\03 Vendor Name\01 Submittals\2020-09-17_Trans-338_AJB-QA016-Wire Clipping Reports\AJB-TRANS-338.zip"	"FullControl"	"Allow"	"POWERENG\aheiner"	"None"	"None"
"\\?\UNC\HLY-SMB01\Shares$\ProjectShare\145986\EMAT\03 Vendor Name\01 Submittals\2020-09-17_Trans-339_AJB-QA008-Lattice Structure Assembly Reports\AJB-TRANS-339.zip"	"FullControl"	"Allow"	"POWERENG\aheiner"	"None"	"None"
"\\?\UNC\HLY-SMB01\Shares$\ProjectShare\145986\PER\02 Environmental\01_Documents\zz2018-09-05_POD Plans\POD and Plans.zip"	"FullControl"	"Allow"	"POWERENG\kbridwell"	"None"	"None"
"\\?\UNC\HLY-SMB01\Shares$\ProjectShare\145986\PER\02 Environmental\01_Documents\zz2018-11-29_POD Mapping\OneDrive_1_11-29-2018 - No Raptors.zip"	"FullControl"	"Allow"	"POWERENG\bbainbridge"	"None"	"None"
"\\?\UNC\HLY-SMB01\Shares$\ProjectShare\145986\PER\02 Environmental\01_Documents\zz2018-11-29_POD Mapping\OneDrive_2_11-29-2018 - Raptors.zip"	"FullControl"	"Allow"	"POWERENG\bbainbridge"	"None"	"None"
"\\?\UNC\HLY-SMB01\Shares$\ProjectShare\145986\PER\02 Environmental\02_Resources\01 Biology\Access Road Variance Requests\AJB-TRANS-154.zip.rmcii0t.partial"	"FullControl"	"Allow"	"POWERENG\bbainbridge"	"None"	"None"
"\\?\UNC\HLY-SMB01\Shares$\ProjectShare\145986\SUR\02 Ground Survey\zz2019_01_11_Coffey I-80 Crossing\2019_0111_Coffey_I80Crossing.zip"	"FullControl"	"Allow"	"POWERENG\wwahlgren"	"None"	"None"
"\\?\UNC\HLY-SMB01\Shares$\ProjectShare\145986\SUR\02 Ground Survey\zz2019_01_18_WLC I-80 - 71 - 789 Crossings\HWY 71\71.bak"	"FullControl"	"Allow"	"POWERENG\wwahlgren"	"None"	"None"
"\\?\UNC\HLY-SMB01\Shares$\ProjectShare\145986\SUR\02 Ground Survey\zz2019_01_18_WLC I-80 - 71 - 789 Crossings\HWY 71\Hwy 71 Crossing ATG.csv"	"FullControl"	"Allow"	"POWERENG\wwahlgren"	"None"	"None"
"\\?\UNC\HLY-SMB01\Shares$\ProjectShare\145986\SUR\02 Ground Survey\zz2019_01_18_WLC I-80 - 71 - 789 Crossings\HWY 71\HWY 71 EAST.jpg"	"FullControl"	"Allow"	"POWERENG\wwahlgren"	"None"	"None"
"\\?\UNC\HLY-SMB01\Shares$\ProjectShare\145986\SUR\02 Ground Survey\zz2019_01_18_WLC I-80 - 71 - 789 Crossings\HWY 71\HWY 71 NORTH.jpg"	"FullControl"	"Allow"	"POWERENG\wwahlgren"	"None"	"None"
"\\?\UNC\HLY-SMB01\Shares$\ProjectShare\145986\SUR\02 Ground Survey\zz2019_01_18_WLC I-80 - 71 - 789 Crossings\HWY 71\HWY 71 SOUTH.jpg"	"FullControl"	"Allow"	"POWERENG\wwahlgren"	"None"	"None"
"\\?\UNC\HLY-SMB01\Shares$\ProjectShare\145986\SUR\02 Ground Survey\zz2019_01_18_WLC I-80 - 71 - 789 Crossings\HWY 71\HWY 71 WEST.jpg.7w10vd5.partial"	"FullControl"	"Allow"	"POWERENG\wwahlgren"	"None"	"None"
"\\?\UNC\HLY-SMB01\Shares$\ProjectShare\145986\SUR\02 Ground Survey\zz2019_01_18_WLC I-80 - 71 - 789 Crossings\HWY 789\789.dwg"	"FullControl"	"Allow"	"POWERENG\wwahlgren"	"None"	"None"
"\\?\UNC\HLY-SMB01\Shares$\ProjectShare\145986\SUR\02 Ground Survey\zz2019_01_18_WLC I-80 - 71 - 789 Crossings\HWY 789\Hwy 789 Crossing ATG.csv"	"FullControl"	"Allow"	"POWERENG\wwahlgren"	"None"	"None"
"\\?\UNC\HLY-SMB01\Shares$\ProjectShare\145986\SUR\02 Ground Survey\zz2019_01_18_WLC I-80 - 71 - 789 Crossings\HWY 789\HWY 789 EAST.jpg"	"FullControl"	"Allow"	"POWERENG\wwahlgren"	"None"	"None"
"\\?\UNC\HLY-SMB01\Shares$\ProjectShare\145986\SUR\02 Ground Survey\zz2019_01_18_WLC I-80 - 71 - 789 Crossings\HWY 789\HWY 789 NORTH.jpg"	"FullControl"	"Allow"	"POWERENG\wwahlgren"	"None"	"None"
"\\?\UNC\HLY-SMB01\Shares$\ProjectShare\145986\SUR\02 Ground Survey\zz2019_01_18_WLC I-80 - 71 - 789 Crossings\HWY 789\HWY 789 SOUTH.jpg"	"FullControl"	"Allow"	"POWERENG\wwahlgren"	"None"	"None"
"\\?\UNC\HLY-SMB01\Shares$\ProjectShare\145986\SUR\02 Ground Survey\zz2019_01_18_WLC I-80 - 71 - 789 Crossings\HWY 789\HWY 789 WEST.jpg"	"FullControl"	"Allow"	"POWERENG\wwahlgren"	"None"	"None"
"\\?\UNC\HLY-SMB01\Shares$\ProjectShare\145986\SUR\02 Ground Survey\zz2019_01_18_WLC I-80 - 71 - 789 Crossings\I-80\80.dwg"	"FullControl"	"Allow"	"POWERENG\wwahlgren"	"None"	"None"
"\\?\UNC\HLY-SMB01\Shares$\ProjectShare\145986\SUR\02 Ground Survey\zz2019_01_18_WLC I-80 - 71 - 789 Crossings\I-80\I-80 Crossing ATG.csv"	"FullControl"	"Allow"	"POWERENG\wwahlgren"	"None"	"None"
"\\?\UNC\HLY-SMB01\Shares$\ProjectShare\145986\SUR\02 Ground Survey\zz2019_01_18_WLC I-80 - 71 - 789 Crossings\I-80\I-80 EAST.jpg"	"FullControl"	"Allow"	"POWERENG\wwahlgren"	"None"	"None"
"\\?\UNC\HLY-SMB01\Shares$\ProjectShare\145986\SUR\02 Ground Survey\zz2019_01_18_WLC I-80 - 71 - 789 Crossings\I-80\I-80 NORTH.jpg"	"FullControl"	"Allow"	"POWERENG\wwahlgren"	"None"	"None"
"\\?\UNC\HLY-SMB01\Shares$\ProjectShare\145986\SUR\02 Ground Survey\zz2019_01_18_WLC I-80 - 71 - 789 Crossings\I-80\I-80 SOUTH.jpg"	"FullControl"	"Allow"	"POWERENG\wwahlgren"	"None"	"None"
"\\?\UNC\HLY-SMB01\Shares$\ProjectShare\145986\SUR\02 Ground Survey\zz2019_01_18_WLC I-80 - 71 - 789 Crossings\I-80\I-80 WEST.jpg"	"FullControl"	"Allow"	"POWERENG\wwahlgren"	"None"	"None"
"\\?\UNC\HLY-SMB01\Shares$\ProjectShare\145986\SUR\02 Ground Survey\zz2019_01_18_WLC I-80 - 71 - 789 Crossings\JBT-WLC-kickoff.dotx"	"FullControl"	"Allow"	"POWERENG\wwahlgren"	"None"	"None"
"\\?\UNC\HLY-SMB01\Shares$\ProjectShare\145986\SUR\02 Ground Survey\zz2019_01_21_WLC Mile Posts\Mile Posts.csv"	"FullControl"	"Allow"	"POWERENG\wwahlgren"	"None"	"None"
"\\?\UNC\HLY-SMB01\Shares$\ProjectShare\145986\SUR\03 Aerial Survey\zz2020-09-23_Trans 340 - AJB Segment 3 LiDAR - Structure 2-336 to Anticline\AJB-TRANS-340.zip"	"FullControl"	"Allow"	"POWERENG\aheiner"	"None"	"None"
"\\?\UNC\HLY-SMB01\Shares$\ProjectShare\145986\SUR\03 Aerial Survey\zz2020-09-29_Trans 343_ AJB LiDAR Segment 2 (Str 2-188A to 3-5)\AJB-TRANS-343.zip"	"FullControl"	"Allow"	"POWERENG\aheiner"	"None"	"None"
"\\?\UNC\HLY-SMB01\Shares$\ProjectShare\145986\SUR\03 Aerial Survey\zz2020-10-02_Trans 348_AJB LiDAR - Segment 2-188A to Aeolus\AJB-TRANS-348.zip"	"FullControl"	"Allow"	"POWERENG\aheiner"	"None"	"None"
"\\?\UNC\HLY-SMB01\Shares$\ProjectShare\145986\zReceived\2018-08-13_Substation Proposals\ABB Proposal S-000812 Pacificorp Gateway West 10Aug2018.zip"	"FullControl"	"Allow"	"POWERENG\ljoyner"	"None"	"None"
"\\?\UNC\HLY-SMB01\Shares$\ProjectShare\145986\zReceived\2018-08-13_Substation Proposals\BurnsMcDonnell_Hitachi_JV.Technical Questionnaire Response. AAJB Substations June 2018.zip"	"FullControl"	"Allow"	"POWERENG\ljoyner"	"None"	"None"
"\\?\UNC\HLY-SMB01\Shares$\ProjectShare\145986\zReceived\2018-08-13_Substation Proposals\GE-Kiewit Proposal.zip"	"FullControl"	"Allow"	"POWERENG\ljoyner"	"None"	"None"
"\\?\UNC\HLY-SMB01\Shares$\ProjectShare\145986\zReceived\2018-08-13_Substation Proposals\Mitsubishi Electric.Tech Questionnaire Response.AJB Substations June 2018.zip"	"FullControl"	"Allow"	"POWERENG\ljoyner"	"None"	"None"
"\\?\UNC\HLY-SMB01\Shares$\ProjectShare\145986\zReceived\2018-08-13_Substation Proposals\Siemens_Tech_Que_Res_AJB_Sub_June_18.zip"	"FullControl"	"Allow"	"POWERENG\ljoyner"	"None"	"None"
"\\?\UNC\HLY-SMB01\Shares$\ProjectShare\145986\zReceived\2018-10-29_Exhibit A_ROD-Avian Protection-Vegetation Plan\AJB A.22 Attachments.zip"	"FullControl"	"Allow"	"POWERENG\ljoyner"	"None"	"None"
"\\?\UNC\HLY-SMB01\Shares$\ProjectShare\145986\zReceived\2018-12-04_QEPC_Trans 003_Lattice Procurement Pkg\QEPC Trans-003 Lattice Procurement Package\500kV Lattice Package_1.zip"	"FullControl"	"Allow"	"POWERENG\ljoyner"	"None"	"None"
"\\?\UNC\HLY-SMB01\Shares$\ProjectShare\145986\zReceived\2020-04-02_ABB_Latham Statcom Desg Dwg\ABB LATHAM STATCOM Desgin Dwgs.zip"	"FullControl"	"Allow"	"POWERENG\ljoyner"	"None"	"None"
"\\?\UNC\HLY-SMB01\Shares$\ProjectShare\145986\zReceived\2020-06-02_Trans-308 Revised Easements\AJB-TRANS-308.zip"	"FullControl"	"Allow"	"POWERENG\aheiner"	"None"	"None"
"\\?\UNC\HLY-SMB01\Shares$\ProjectShare\145986\zReceived\2020-08-10_Trans 322_ AJB Drone Inspection Reports_080720\AJB-TRANS-322.zip"	"FullControl"	"Allow"	"POWERENG\aheiner"	"None"	"None"
"\\?\UNC\HLY-SMB01\Shares$\ProjectShare\145986\zReceived\2020-10-15_Coffey Anticline Sub Topo Files\ANTICLINE Substation TOPO DWG Files.zip"	"FullControl"	"Allow"	"POWERENG\ljoyner"	"None"	"None"
"\\?\UNC\HLY-SMB01\Shares$\ProjectShare\145986\zReceived\2020-10-15_Coffey Anticline Sub Topo Files\ANTICLINE Substation TOPO DWG Files.zip"	"Read, Synchronize"	"Allow"	"S-1-15-2-3624051433-2125758914-1423191267-1740899205-1073925389-3782572162-737981194"	"None"	"None"
"\\?\UNC\HLY-SMB01\Shares$\ProjectShare\145986\zReceived\2020-10-15_Coffey Anticline Sub Topo Files\ANTICLINE Substation TOPO DWG Files.zip"	"Read, Synchronize"	"Allow"	"S-1-15-3-3624051433-2125758914-1423191267-1740899205-1073925389-3782572162-737981194"	"None"	"None"
"\\?\UNC\HLY-SMB01\Shares$\ProjectShare\145986\zReceived\2020-10-15_Coffey Anticline Sub Topo Files\ANTICLINE Substation TOPO DXF,XML,CSV.zip"	"FullControl"	"Allow"	"POWERENG\ljoyner"	"None"	"None"
"\\?\UNC\HLY-SMB01\Shares$\ProjectShare\145986\zReceived\2020-10-15_Coffey Anticline Sub Topo Files\ANTICLINE Substation TOPO DXF,XML,CSV.zip"	"Read, Synchronize"	"Allow"	"S-1-15-2-3624051433-2125758914-1423191267-1740899205-1073925389-3782572162-737981194"	"None"	"None"
"\\?\UNC\HLY-SMB01\Shares$\ProjectShare\145986\zReceived\2020-10-15_Coffey Anticline Sub Topo Files\ANTICLINE Substation TOPO DXF,XML,CSV.zip"	"Read, Synchronize"	"Allow"	"S-1-15-3-3624051433-2125758914-1423191267-1740899205-1073925389-3782572162-737981194"	"None"	"None"
"\\?\UNC\HLY-SMB01\Shares$\ProjectShare\145986\zReceived\2020-10-15_Coffey Anticline Sub Topo Files\ANTICLINE Substation TOPO Site Photos.zip"	"FullControl"	"Allow"	"POWERENG\ljoyner"	"None"	"None"
"\\?\UNC\HLY-SMB01\Shares$\ProjectShare\145986\zReceived\2020-10-15_Coffey Anticline Sub Topo Files\ANTICLINE Substation TOPO Site Photos.zip"	"Read, Synchronize"	"Allow"	"S-1-15-2-3624051433-2125758914-1423191267-1740899205-1073925389-3782572162-737981194"	"None"	"None"
"\\?\UNC\HLY-SMB01\Shares$\ProjectShare\145986\zReceived\2020-10-15_Coffey Anticline Sub Topo Files\ANTICLINE Substation TOPO Site Photos.zip"	"Read, Synchronize"	"Allow"	"S-1-15-3-3624051433-2125758914-1423191267-1740899205-1073925389-3782572162-737981194"	"None"	"None"
"\\?\UNC\HLY-SMB01\Shares$\ProjectShare\145986\zReceived\2020-11-05_Trans 358 - AJB Drone Inspection Reports_110520\AJB-TRANS-358.zip"	"FullControl"	"Allow"	"POWERENG\aheiner"	"None"	"None"
"\\?\UNC\HLY-SMB01\Shares$\ProjectShare\145986\zSubmitted\2023-07-28_PnPs As-built Seg Prints"	"FullControl"	"Allow"	"POWERENG\ljoyner"	"ContainerInherit, ObjectInherit"	"None"
"\\?\UNC\HLY-SMB01\Shares$\ProjectShare\133291_Denny_Sub\DD\DES\10 Manuals\_Denny Substation O&M Manual\_Design Team & Third Party O&M's\PEI\HPFF Plant\26 01 33 Pressurization Plant Preliminary O&M Manual.pdf"	"FullControl"	"Allow"	"POWERENG\cschuermann"	"None"	"None"
"\\?\UNC\HLY-SMB01\Shares$\ProjectShare\157588\Design\Deliverables\100% Signed IFC drawings\MPPH_-_100_IFC.zip"	"FullControl"	"Allow"	"POWERENG\tmcauliffe"	"None"	"None"
"\\?\UNC\HLY-SMB01\Shares$\ProjectShare\157588\Design\Deliverables\50% Deliverable Package\Redlines, Questions & Comments\Mammoth Pool Automation 50% Submittal Questions & Comments Noah.docx"	"FullControl"	"Allow"	"POWERENG\tmcauliffe"	"None"	"None"
"\\?\UNC\HLY-SMB01\Shares$\ProjectShare\157588\Design\Deliverables\50% Deliverable Package\Annunciator & Ovation Points.xlsx"	"FullControl"	"Allow"	"POWERENG\tmcauliffe"	"None"	"None"
"\\?\UNC\HLY-SMB01\Shares$\ProjectShare\157588\Design\Deliverables\Loop Drawings\IO List\SCE_MPPH_DB_20190814.zip"	"FullControl"	"Allow"	"POWERENG\tmcauliffe"	"None"	"None"
"\\?\UNC\HLY-SMB01\Shares$\ProjectShare\157588\Drawings\Client\Checked Out\Copy of TIFFs for Tom\5375979.tif"	"FullControl"	"Allow"	"POWERENG\tmcauliffe"	"None"	"None"
"\\?\UNC\HLY-SMB01\Shares$\ProjectShare\157588\Drawings\Client\Checked Out\Drawing Reference Index.xlsx"	"FullControl"	"Allow"	"POWERENG\tmcauliffe"	"None"	"None"
"\\?\UNC\HLY-SMB01\Shares$\ProjectShare\157588\Drawings\Client\Mammoth Pool Drawings\PDFs\453697.TIF"	"FullControl"	"Allow"	"POWERENG\tmcauliffe"	"None"	"None"
"\\?\UNC\HLY-SMB01\Shares$\ProjectShare\157588\Drawings\Client\Mammoth Pool Drawings\PDFs\5599624 REV 0.pdf"	"FullControl"	"Allow"	"POWERENG\tmcauliffe"	"None"	"None"
"\\?\UNC\HLY-SMB01\Shares$\ProjectShare\157588\Drawings\Client\Sharepoint\Current Ovation Control Sheets 041019\BC4 AS FOUND ALL SHEETS\14-2-100-Unit 1 - Startup Permissives.pdf"	"FullControl"	"Allow"	"POWERENG\tmcauliffe"	"None"	"None"
"\\?\UNC\HLY-SMB01\Shares$\ProjectShare\157588\Drawings\Client\Sharepoint\Current Ovation Control Sheets 041019\BC4 AS FOUND ALL SHEETS\14-2-101-UNIT 1 - Unit Operation Mode Control.pdf"	"FullControl"	"Allow"	"POWERENG\tmcauliffe"	"None"	"None"
"\\?\UNC\HLY-SMB01\Shares$\ProjectShare\157588\Drawings\Client\Sharepoint\Current Ovation Control Sheets 041019\BC4 AS FOUND ALL SHEETS\14-2-102-UNIT 1 - Remote-Local M-A Station.pdf"	"FullControl"	"Allow"	"POWERENG\tmcauliffe"	"None"	"None"
"\\?\UNC\HLY-SMB01\Shares$\ProjectShare\157588\Drawings\Client\Sharepoint\Current Ovation Control Sheets 041019\BC4 AS FOUND ALL SHEETS\14-2-103-UNIT 1 - Operation Mode Control 2.pdf"	"FullControl"	"Allow"	"POWERENG\tmcauliffe"	"None"	"None"
"\\?\UNC\HLY-SMB01\Shares$\ProjectShare\157588\Drawings\Client\Sharepoint\Current Ovation Control Sheets 041019\BC4 AS FOUND ALL SHEETS\14-2-104-UNIT 1 - Generate-SR0-SR100 Mode -.pdf"	"FullControl"	"Allow"	"POWERENG\tmcauliffe"	"None"	"None"
"\\?\UNC\HLY-SMB01\Shares$\ProjectShare\157588\Drawings\Client\Sharepoint\Current Ovation Control Sheets 041019\BC4 AS FOUND ALL SHEETS\14-2-105-UNIT 1 - Unit Offline.pdf"	"FullControl"	"Allow"	"POWERENG\tmcauliffe"	"None"	"None"
"\\?\UNC\HLY-SMB01\Shares$\ProjectShare\157588\Drawings\Client\Sharepoint\Current Ovation Control Sheets 041019\BC4 AS FOUND ALL SHEETS\14-2-110-UNIT 1 - Statrup Master.pdf"	"FullControl"	"Allow"	"POWERENG\tmcauliffe"	"None"	"None"
"\\?\UNC\HLY-SMB01\Shares$\ProjectShare\157588\Drawings\Client\Sharepoint\Current Ovation Control Sheets 041019\BC4 AS FOUND ALL SHEETS\14-2-111-UNIT 1 - Start Sequence Step 1 Device.pdf"	"FullControl"	"Allow"	"POWERENG\tmcauliffe"	"None"	"None"
"\\?\UNC\HLY-SMB01\Shares$\ProjectShare\157588\Drawings\Client\Sharepoint\Current Ovation Control Sheets 041019\BC4 AS FOUND ALL SHEETS\14-2-112-UNIT 1 - Startup Seq- Dev 3,4 and 5.pdf"	"FullControl"	"Allow"	"POWERENG\tmcauliffe"	"None"	"None"
"\\?\UNC\HLY-SMB01\Shares$\ProjectShare\157588\Drawings\Client\Sharepoint\Current Ovation Control Sheets 041019\BC4 AS FOUND ALL SHEETS\14-2-113-UNIT 1 - Startup Seq- Dev 3,4 and 5.pdf"	"FullControl"	"Allow"	"POWERENG\tmcauliffe"	"None"	"None"
"\\?\UNC\HLY-SMB01\Shares$\ProjectShare\157588\Drawings\Client\Sharepoint\Current Ovation Control Sheets 041019\BC4 AS FOUND ALL SHEETS\14-2-114-UNIT 1-Field Breaker & CB M-A Stations.pdf"	"FullControl"	"Allow"	"POWERENG\tmcauliffe"	"None"	"None"
"\\?\UNC\HLY-SMB01\Shares$\ProjectShare\157588\Drawings\Client\Sharepoint\Current Ovation Control Sheets 041019\BC4 AS FOUND ALL SHEETS\14-2-115-UNIT 1-Humidifier & Dashpot M-A Stations.pdf"	"FullControl"	"Allow"	"POWERENG\tmcauliffe"	"None"	"None"
"\\?\UNC\HLY-SMB01\Shares$\ProjectShare\157588\Drawings\Client\Sharepoint\Current Ovation Control Sheets 041019\BC4 AS FOUND ALL SHEETS\14-2-116-UNIT 1 - Field CB M-A Station.pdf"	"FullControl"	"Allow"	"POWERENG\tmcauliffe"	"None"	"None"
"\\?\UNC\HLY-SMB01\Shares$\ProjectShare\157588\Drawings\Client\Sharepoint\Current Ovation Control Sheets 041019\BC4 AS FOUND ALL SHEETS\14-2-117-UNIT 1 - Cooling Water.pdf"	"FullControl"	"Allow"	"POWERENG\tmcauliffe"	"None"	"None"
"\\?\UNC\HLY-SMB01\Shares$\ProjectShare\157588\Drawings\Client\Sharepoint\Current Ovation Control Sheets 041019\BC4 AS FOUND ALL SHEETS\14-2-118-UNIT 1 - Gate Limit M-A Station.pdf"	"FullControl"	"Allow"	"POWERENG\tmcauliffe"	"None"	"None"
"\\?\UNC\HLY-SMB01\Shares$\ProjectShare\157588\Drawings\Client\Sharepoint\Current Ovation Control Sheets 041019\BC4 AS FOUND ALL SHEETS\14-2-119-UNIT 1 - Voltage & Load Control.pdf"	"FullControl"	"Allow"	"POWERENG\tmcauliffe"	"None"	"None"
"\\?\UNC\HLY-SMB01\Shares$\ProjectShare\157588\Drawings\Client\Sharepoint\Current Ovation Control Sheets 041019\BC4 AS FOUND ALL SHEETS\14-2-120-UNIT 1-Governor & Speeder M-A Station.pdf"	"FullControl"	"Allow"	"POWERENG\tmcauliffe"	"None"	"None"
"\\?\UNC\HLY-SMB01\Shares$\ProjectShare\157588\Drawings\Client\Sharepoint\Current Ovation Control Sheets 041019\BC4 AS FOUND ALL SHEETS\14-2-121-UNIT 1 - Governor Break M-A Station.pdf"	"FullControl"	"Allow"	"POWERENG\tmcauliffe"	"None"	"None"
"\\?\UNC\HLY-SMB01\Shares$\ProjectShare\157588\Drawings\Client\Sharepoint\Current Ovation Control Sheets 041019\BC4 AS FOUND ALL SHEETS\14-2-122-UNIT 1 - Gen Bearing Oil Pump AC.pdf"	"FullControl"	"Allow"	"POWERENG\tmcauliffe"	"None"	"None"
"\\?\UNC\HLY-SMB01\Shares$\ProjectShare\157588\Drawings\Client\Sharepoint\Current Ovation Control Sheets 041019\BC4 AS FOUND ALL SHEETS\14-2-124-UNIT 1 - TSOV Startup Sub Seq Master.pdf"	"FullControl"	"Allow"	"POWERENG\tmcauliffe"	"None"	"None"
"\\?\UNC\HLY-SMB01\Shares$\ProjectShare\157588\Drawings\Client\Sharepoint\Current Ovation Control Sheets 041019\BC4 AS FOUND ALL SHEETS\14-2-125-UNIT 1 - TSOV Startup Sub Seq Master.pdf"	"FullControl"	"Allow"	"POWERENG\tmcauliffe"	"None"	"None"
"\\?\UNC\HLY-SMB01\Shares$\ProjectShare\157588\Drawings\Client\Sharepoint\Current Ovation Control Sheets 041019\BC4 AS FOUND ALL SHEETS\14-2-126-UNIT 1 - Scroll Case Vent & TSO Bypass.pdf"	"FullControl"	"Allow"	"POWERENG\tmcauliffe"	"None"	"None"
"\\?\UNC\HLY-SMB01\Shares$\ProjectShare\157588\Drawings\Client\Sharepoint\Current Ovation Control Sheets 041019\BC4 AS FOUND ALL SHEETS\14-2-127-UNIT 1 - TSO & Prop Water Vlv.pdf"	"FullControl"	"Allow"	"POWERENG\tmcauliffe"	"None"	"None"
"\\?\UNC\HLY-SMB01\Shares$\ProjectShare\157588\Drawings\Client\Sharepoint\Current Ovation Control Sheets 041019\BC4 AS FOUND ALL SHEETS\14-2-130-UNIT 1 - TSOV Startup Sub Seq.pdf"	"FullControl"	"Allow"	"POWERENG\tmcauliffe"	"None"	"None"
"\\?\UNC\HLY-SMB01\Shares$\ProjectShare\157588\Drawings\Client\Sharepoint\Current Ovation Control Sheets 041019\BC4 AS FOUND ALL SHEETS\14-2-132-UNIT 1 - Shutdown Sequence Master.pdf"	"FullControl"	"Allow"	"POWERENG\tmcauliffe"	"None"	"None"
"\\?\UNC\HLY-SMB01\Shares$\ProjectShare\157588\Drawings\Client\Sharepoint\Current Ovation Control Sheets 041019\BC4 AS FOUND ALL SHEETS\14-2-133-UNIT 1 - Shutdown Seq Master.pdf"	"FullControl"	"Allow"	"POWERENG\tmcauliffe"	"None"	"None"
"\\?\UNC\HLY-SMB01\Shares$\ProjectShare\157588\Drawings\Client\Sharepoint\Current Ovation Control Sheets 041019\BC4 AS FOUND ALL SHEETS\14-2-134-UNIT 1 - Shutdown Seq Master.pdf"	"FullControl"	"Allow"	"POWERENG\tmcauliffe"	"None"	"None"
"\\?\UNC\HLY-SMB01\Shares$\ProjectShare\157588\Drawings\Client\Sharepoint\Current Ovation Control Sheets 041019\BC4 AS FOUND ALL SHEETS\14-2-135-UNIT 1 - TSOV Shutdown Sub Seq Master.pdf"	"FullControl"	"Allow"	"POWERENG\tmcauliffe"	"None"	"None"
"\\?\UNC\HLY-SMB01\Shares$\ProjectShare\157588\Drawings\Client\Sharepoint\Current Ovation Control Sheets 041019\BC4 AS FOUND ALL SHEETS\14-2-160-UNIT 1 - Excitation System.pdf"	"FullControl"	"Allow"	"POWERENG\tmcauliffe"	"None"	"None"
"\\?\UNC\HLY-SMB01\Shares$\ProjectShare\157588\Drawings\Client\Sharepoint\Current Ovation Control Sheets 041019\BC4 AS FOUND ALL SHEETS\14-2-161-UNIT 1 - Excitation System.pdf"	"FullControl"	"Allow"	"POWERENG\tmcauliffe"	"None"	"None"
"\\?\UNC\HLY-SMB01\Shares$\ProjectShare\157588\Drawings\Client\Sharepoint\Current Ovation Control Sheets 041019\BC4 AS FOUND ALL SHEETS\14-2-170-UNIT 1 - Gate Limit Manual SP.pdf"	"FullControl"	"Allow"	"POWERENG\tmcauliffe"	"None"	"None"
"\\?\UNC\HLY-SMB01\Shares$\ProjectShare\157588\Drawings\Client\Sharepoint\Current Ovation Control Sheets 041019\BC4 AS FOUND ALL SHEETS\14-2-171-UNIT 1 - Pulsed Outputs to Brakes.pdf"	"FullControl"	"Allow"	"POWERENG\tmcauliffe"	"None"	"None"
"\\?\UNC\HLY-SMB01\Shares$\ProjectShare\157588\Drawings\Client\Sharepoint\Current Ovation Control Sheets 041019\BC4 AS FOUND ALL SHEETS\14-2-172-UNIT 1 - Pulsed Output To Brakes.pdf"	"FullControl"	"Allow"	"POWERENG\tmcauliffe"	"None"	"None"
"\\?\UNC\HLY-SMB01\Shares$\ProjectShare\157588\Drawings\Client\Sharepoint\Current Ovation Control Sheets 041019\BC4 AS FOUND ALL SHEETS\14-2-173-UNIT 1 -.pdf"	"FullControl"	"Allow"	"POWERENG\tmcauliffe"	"None"	"None"
"\\?\UNC\HLY-SMB01\Shares$\ProjectShare\157588\Drawings\Client\Sharepoint\Current Ovation Control Sheets 041019\BC4 AS FOUND ALL SHEETS\14-2-174-UNIT 1 - Pulsed Outputs To Speeder.pdf"	"FullControl"	"Allow"	"POWERENG\tmcauliffe"	"None"	"None"
"\\?\UNC\HLY-SMB01\Shares$\ProjectShare\157588\Drawings\Client\Sharepoint\Current Ovation Control Sheets 041019\BC4 AS FOUND ALL SHEETS\14-2-175-UNIT 1 - Gate Limit Control.pdf"	"FullControl"	"Allow"	"POWERENG\tmcauliffe"	"None"	"None"
"\\?\UNC\HLY-SMB01\Shares$\ProjectShare\157588\Drawings\Client\Sharepoint\Current Ovation Control Sheets 041019\BC4 AS FOUND ALL SHEETS\14-2-176-UNIT 1 - Gate Limit Pulses Raise-Lower.pdf"	"FullControl"	"Allow"	"POWERENG\tmcauliffe"	"None"	"None"
"\\?\UNC\HLY-SMB01\Shares$\ProjectShare\157588\Drawings\Client\Sharepoint\Current Ovation Control Sheets 041019\BC4 AS FOUND ALL SHEETS\14-2-177-UNIT 1 - Megawatt Setpoint Control.pdf"	"FullControl"	"Allow"	"POWERENG\tmcauliffe"	"None"	"None"
"\\?\UNC\HLY-SMB01\Shares$\ProjectShare\157588\Drawings\Client\Sharepoint\Current Ovation Control Sheets 041019\BC4 AS FOUND ALL SHEETS\14-2-178-UNIT 1 - Voltage SP Control.pdf"	"FullControl"	"Allow"	"POWERENG\tmcauliffe"	"None"	"None"
"\\?\UNC\HLY-SMB01\Shares$\ProjectShare\157588\Drawings\Client\Sharepoint\Current Ovation Control Sheets 041019\BC4 AS FOUND ALL SHEETS\14-2-180-UNIT 1 - Voltage Regulator Pulses.pdf"	"FullControl"	"Allow"	"POWERENG\tmcauliffe"	"None"	"None"
"\\?\UNC\HLY-SMB01\Shares$\ProjectShare\157588\Drawings\Client\Sharepoint\Current Ovation Control Sheets 041019\BC4 AS FOUND ALL SHEETS\14-2-181-UNIT 1 - Megawatt Raise-Lower Pulses.pdf"	"FullControl"	"Allow"	"POWERENG\tmcauliffe"	"None"	"None"
"\\?\UNC\HLY-SMB01\Shares$\ProjectShare\157588\Drawings\Client\Sharepoint\Current Ovation Control Sheets 041019\BC4 AS FOUND ALL SHEETS\14-2-185-UNIT 1 - Speeder manual SP.pdf"	"FullControl"	"Allow"	"POWERENG\tmcauliffe"	"None"	"None"
"\\?\UNC\HLY-SMB01\Shares$\ProjectShare\157588\Drawings\Client\Sharepoint\Current Ovation Control Sheets 041019\BC4 AS FOUND ALL SHEETS\14-2-200-Unit 2 - Startup Permissives.pdf"	"FullControl"	"Allow"	"POWERENG\tmcauliffe"	"None"	"None"
"\\?\UNC\HLY-SMB01\Shares$\ProjectShare\157588\Drawings\Client\Sharepoint\Current Ovation Control Sheets 041019\BC4 AS FOUND ALL SHEETS\14-2-201-UNIT 2 - Unit Operation Mode Control.pdf"	"FullControl"	"Allow"	"POWERENG\tmcauliffe"	"None"	"None"
"\\?\UNC\HLY-SMB01\Shares$\ProjectShare\157588\Drawings\Client\Sharepoint\Current Ovation Control Sheets 041019\BC4 AS FOUND ALL SHEETS\14-2-203-UNIT 1 - Operation Mode Control 2.pdf"	"FullControl"	"Allow"	"POWERENG\tmcauliffe"	"None"	"None"
"\\?\UNC\HLY-SMB01\Shares$\ProjectShare\157588\Drawings\Client\Sharepoint\Current Ovation Control Sheets 041019\BC4 AS FOUND ALL SHEETS\14-2-204-UNIT 1 - Generate-SR0-SR100 Mode -.pdf"	"FullControl"	"Allow"	"POWERENG\tmcauliffe"	"None"	"None"
"\\?\UNC\HLY-SMB01\Shares$\ProjectShare\157588\Drawings\Client\Sharepoint\Current Ovation Control Sheets 041019\BC4 AS FOUND ALL SHEETS\14-2-205-UNIT 1 - Unit Offline.pdf"	"FullControl"	"Allow"	"POWERENG\tmcauliffe"	"None"	"None"
"\\?\UNC\HLY-SMB01\Shares$\ProjectShare\157588\Drawings\Client\Sharepoint\Current Ovation Control Sheets 041019\BC4 AS FOUND ALL SHEETS\14-2-210-UNIT 1 - Statrup Master.pdf"	"FullControl"	"Allow"	"POWERENG\tmcauliffe"	"None"	"None"
"\\?\UNC\HLY-SMB01\Shares$\ProjectShare\157588\Drawings\Client\Sharepoint\Current Ovation Control Sheets 041019\config file notes.txt"	"FullControl"	"Allow"	"POWERENG\tmcauliffe"	"None"	"None"
"\\?\UNC\HLY-SMB01\Shares$\ProjectShare\157588\Drawings\Client\Sharepoint\Current Ovation Control Sheets 041019\MPPHANPL.CFG"	"FullControl"	"Allow"	"POWERENG\tmcauliffe"	"None"	"None"
"\\?\UNC\HLY-SMB01\Shares$\ProjectShare\157588\Drawings\Client\Sharepoint\Current Ovation Control Sheets 041019\MPPHGEN1.CFG"	"FullControl"	"Allow"	"POWERENG\tmcauliffe"	"None"	"None"
"\\?\UNC\HLY-SMB01\Shares$\ProjectShare\157588\Drawings\Client\Sharepoint\Current Ovation Control Sheets 041019\MPPHGEN2.CFG"	"FullControl"	"Allow"	"POWERENG\tmcauliffe"	"None"	"None"
"\\?\UNC\HLY-SMB01\Shares$\ProjectShare\157588\Drawings\Drawing Reference Index.xlsx"	"FullControl"	"Allow"	"POWERENG\tmcauliffe"	"None"	"None"
"\\?\UNC\HLY-SMB01\Shares$\ProjectShare\157588\Drawings\OneDrive_2019-09-26.zip"	"FullControl"	"Allow"	"POWERENG\tmcauliffe"	"None"	"None"
"\\?\UNC\HLY-SMB01\Shares$\ProjectShare\140180\DD\ENG\Working\I&C\DOWNLOADS\Health-Equity-Investing-Your-HSA.pdf"	"FullControl"	"Allow"	"S-1-5-21-1380516296-1705272057-1576261225-17275"	"None"	"None"
"\\?\UNC\HLY-SMB01\Shares$\ProjectShare\140180\DD\ENG\Working\I&C\DOWNLOADS\Proficy Machine Edition 9.50 SIM 21.exe"	"FullControl"	"Allow"	"S-1-5-21-1380516296-1705272057-1576261225-17275"	"None"	"None"
"\\?\UNC\HLY-SMB01\Shares$\ProjectShare\140180\DD\ENG\Working\I&C\DOWNLOADS\SetupImgBurn_2.5.8.0.exe"	"FullControl"	"Allow"	"S-1-5-21-1380516296-1705272057-1576261225-17275"	"None"	"None"
"\\?\UNC\HLY-SMB01\Shares$\ProjectShare\Oncor DA 2020\Bedford\WSBC\WA Rev 2\0PT40040 Rev 2.pdf"	"FullControl"	"Allow"	"S-1-5-21-1380516296-1705272057-1576261225-55858"	"None"	"None"
"\\?\UNC\HLY-SMB01\Shares$\ProjectShare\Oncor DA 2020\Bedford\WSBC\0PT40040 Rev 1.pdf"	"FullControl"	"Allow"	"S-1-5-21-1380516296-1705272057-1576261225-55858"	"None"	"None"
"\\?\UNC\HLY-SMB01\Shares$\ProjectShare\Oncor DA 2020\Bedford\WSBC\40040 Bedford_Scope.pdf"	"FullControl"	"Allow"	"S-1-5-21-1380516296-1705272057-1576261225-55858"	"None"	"None"
"\\?\UNC\HLY-SMB01\Shares$\ProjectShare\Oncor DA 2020\Bedford\WSBC\40040 Bedford_Scope.pdf.0smifmp.partial"	"FullControl"	"Allow"	"S-1-5-21-1380516296-1705272057-1576261225-55858"	"None"	"None"
"\\?\UNC\HLY-SMB01\Shares$\ProjectShare\Oncor DA 2020\Bowen Substation\WSBC\WA Rev 1.1\0PT40041 Rev 1.1.pdf"	"FullControl"	"Allow"	"S-1-5-21-1380516296-1705272057-1576261225-55858"	"None"	"None"
"\\?\UNC\HLY-SMB01\Shares$\ProjectShare\Oncor DA 2020\Euless Substation\WSBC\WA Rev 2\0PT40027 Rev 2.pdf"	"FullControl"	"Allow"	"S-1-5-21-1380516296-1705272057-1576261225-55858"	"None"	"None"
"\\?\UNC\HLY-SMB01\Shares$\ProjectShare\Oncor DA 2020\Euless Substation\WSBC\0PT40027 Rev 1.pdf"	"FullControl"	"Allow"	"S-1-5-21-1380516296-1705272057-1576261225-55858"	"None"	"None"
"\\?\UNC\HLY-SMB01\Shares$\ProjectShare\Oncor DA 2020\Euless Substation\MaterialStatus0PT40027.xlsx"	"FullControl"	"Allow"	"S-1-5-21-1380516296-1705272057-1576261225-55858"	"None"	"None"
"\\?\UNC\HLY-SMB01\Shares$\ProjectShare\Oncor DA 2020\Schroeder Road\WSBC\WA Rev 2\0PT40016 Rev 2.pdf"	"FullControl"	"Allow"	"S-1-5-21-1380516296-1705272057-1576261225-55858"	"None"	"None"
"\\?\UNC\HLY-SMB01\Shares$\ProjectShare\Oncor DA 2020\Schroeder Road\WSBC\0PT40016 -Schroeder Road -r1.pdf"	"FullControl"	"Allow"	"S-1-5-21-1380516296-1705272057-1576261225-55858"	"None"	"None"
"\\?\UNC\HLY-SMB01\Shares$\ProjectShare\Oncor DA 2020\Waxahachie North\WSBC\WA Rev 2\0PT40018 Rev 2.pdf"	"FullControl"	"Allow"	"S-1-5-21-1380516296-1705272057-1576261225-55858"	"None"	"None"
"\\?\UNC\HLY-SMB01\Shares$\ProjectShare\146530\PLS\Cables\ACCC_Bittern_rev_A.wir"	"FullControl"	"Allow"	"POWERENG\wwahlgren"	"None"	"None"
"\\?\UNC\HLY-SMB01\Shares$\ProjectShare\146530\PLS\Survey\zz2018-11-16_Dudek LiDAR\Files.zip"	"FullControl"	"Allow"	"POWERENG\wwahlgren"	"None"	"None"
"\\?\UNC\HLY-SMB01\Shares$\ProjectShare\146530\PLS\Survey\sagebrush_pls_10-14-18.zip"	"FullControl"	"Allow"	"POWERENG\wwahlgren"	"None"	"None"
"\\?\UNC\HLY-SMB01\Shares$\ProjectShare\146530\Temp\Documents Received\2020-05-29_Edwards-Sanborn Gen-Tie Alignment\2020-05-29 Sanborn Gen Tie Indicative Segment.kmz"	"FullControl"	"Allow"	"POWERENG\sbalmaceda"	"None"	"None"
"\\?\UNC\HLY-SMB01\Shares$\ProjectShare\146530\Temp\Documents Received\2020-05-29_Edwards-Sanborn Gen-Tie Alignment\2020-05-29 Solar Hub Gen-Tie Indicative Route.kmz"	"FullControl"	"Allow"	"POWERENG\sbalmaceda"	"None"	"None"
"\\?\UNC\HLY-SMB01\Shares$\ProjectShare\146530\Temp\Documents Received\2020-06-04_AHV Xing & Solarhub Gen-Tie ALTA\2020-06-04 Solarhub Gen-Tie ALTA\56-733 Edwards Gen-Tie Base Map R4 6-4-20.dwg"	"FullControl"	"Allow"	"POWERENG\sbalmaceda"	"None"	"None"
"\\?\UNC\HLY-SMB01\Shares$\ProjectShare\146530\Temp\Documents Received\2020-06-04_AHV Xing & Solarhub Gen-Tie ALTA\2020-06-04 Solarhub Gen-Tie ALTA\Edwards_Sandborn Gen-Tie Base Map 6-4-20.pdf"	"FullControl"	"Allow"	"POWERENG\sbalmaceda"	"None"	"None"
"\\?\UNC\HLY-SMB01\Shares$\ProjectShare\146530\Temp\Documents Received\2020-06-04_AHV Xing & Solarhub Gen-Tie ALTA\Edwards_Sandborn Gen-Tie Base Map 6-4-20.pdf"	"FullControl"	"Allow"	"POWERENG\sbalmaceda"	"None"	"None"
"\\?\UNC\HLY-SMB01\Shares$\ProjectShare\146530\Temp\Documents Received\2020-06-05_Edwards-Sanborn LiDAR\Sanborn Transmission Contour 2ft.kmz"	"FullControl"	"Allow"	"POWERENG\sbalmaceda"	"None"	"None"
"\\?\UNC\HLY-SMB01\Shares$\ProjectShare\146530\Temp\Documents Received\2020-06-05_Edwards-Sanborn LiDAR\Sanborn_Transmission_Contours_2ft.DWG"	"FullControl"	"Allow"	"POWERENG\sbalmaceda"	"None"	"None"
"\\?\UNC\HLY-SMB01\Shares$\ProjectShare\146530\Temp\Documents Received\2020-06-05_Edwards-Sanborn LiDAR\Sanborn_Transmission_Contours_2ft_v4.zip"	"FullControl"	"Allow"	"POWERENG\sbalmaceda"	"None"	"None"
"\\?\UNC\HLY-SMB01\Shares$\ProjectShare\146530\Temp\Documents Received\2020-06-08_AHV Alignment & Xing Drawings\56-733 Edwards Gen-Tie Base Map R4 6-8-20.dwg"	"FullControl"	"Allow"	"POWERENG\sbalmaceda"	"None"	"None"
"\\?\UNC\HLY-SMB01\Shares$\ProjectShare\146530\Temp\Documents Received\2020-06-08_AHV Alignment & Xing Drawings\56-733 Edwards Gen-Tie Base Map R4 6-8-20.pdf"	"FullControl"	"Allow"	"POWERENG\sbalmaceda"	"None"	"None"
"\\?\UNC\HLY-SMB01\Shares$\ProjectShare\146530\Temp\Documents Received\2020-06-15_AHV Xing Drawings\9E-844-01ArB.pdf"	"FullControl"	"Allow"	"POWERENG\sbalmaceda"	"None"	"None"
"\\?\UNC\HLY-SMB01\Shares$\ProjectShare\146530\Temp\Documents Received\2020-06-15_AHV Xing Drawings\9E-844-01BrB.pdf"	"FullControl"	"Allow"	"POWERENG\sbalmaceda"	"None"	"None"
"\\?\UNC\HLY-SMB01\Shares$\ProjectShare\146530\Temp\Documents Received\2020-06-15_AHV Xing Drawings\9E-844-01rB.pdf"	"FullControl"	"Allow"	"POWERENG\sbalmaceda"	"None"	"None"
"\\?\UNC\HLY-SMB01\Shares$\ProjectShare\146530\Temp\Documents Received\2020-06-15_AHV Xing Drawings\9E-844-08ArB.pdf"	"FullControl"	"Allow"	"POWERENG\sbalmaceda"	"None"	"None"
"\\?\UNC\HLY-SMB01\Shares$\ProjectShare\146530\Temp\Documents Received\2020-06-15_AHV Xing Drawings\9E-844-08rB.pdf"	"FullControl"	"Allow"	"POWERENG\sbalmaceda"	"None"	"None"
"\\?\UNC\HLY-SMB01\Shares$\ProjectShare\143645\EMAT\03 Crown Technical Systems\SUBSTATION_B14\01_SUBMITTALS\SUBMITTAL_009_02-12-19_IFC_CONTROL_BLDG_PANEL_DWGS\218128-A01.dwg"	"FullControl"	"Allow"	"S-1-5-21-1380516296-1705272057-1576261225-1744"	"None"	"None"
"\\?\UNC\HLY-SMB01\Shares$\ProjectShare\143645\EMAT\03 Crown Technical Systems\SUBSTATION_B14\01_SUBMITTALS\SUBMITTAL_009_02-12-19_IFC_CONTROL_BLDG_PANEL_DWGS\218128-F01.bak"	"FullControl"	"Allow"	"S-1-5-21-1380516296-1705272057-1576261225-1744"	"None"	"None"
"\\?\UNC\HLY-SMB01\Shares$\ProjectShare\143645\EMAT\03_DISTRAN\B14\SUBMITTALS\FINAL_DWGS-CAD_FILES_02-01-19\B14 ABB CT's.zip"	"FullControl"	"Allow"	"S-1-5-21-1380516296-1705272057-1576261225-1744"	"None"	"None"
"\\?\UNC\HLY-SMB01\Shares$\ProjectShare\143645\EMAT\03_DISTRAN\B14\SUBMITTALS\FINAL_DWGS-CAD_FILES_02-01-19\B14 and B19 ABB Arresters - Item 208 and 225.zip"	"FullControl"	"Allow"	"S-1-5-21-1380516296-1705272057-1576261225-1744"	"None"	"None"
"\\?\UNC\HLY-SMB01\Shares$\ProjectShare\143645\EMAT\03_DISTRAN\B14\SUBMITTALS\FINAL_DWGS-CAD_FILES_02-01-19\B14 and B19 ABB PT's - CAD.zip"	"FullControl"	"Allow"	"S-1-5-21-1380516296-1705272057-1576261225-1744"	"None"	"None"
"\\?\UNC\HLY-SMB01\Shares$\ProjectShare\143645\EMAT\03_DISTRAN\B14\SUBMITTALS\FINAL_DWGS-CAD_FILES_02-01-19\B14 Final Steel Drawings - ACAD.zip"	"FullControl"	"Allow"	"S-1-5-21-1380516296-1705272057-1576261225-1744"	"None"	"None"
"\\?\UNC\HLY-SMB01\Shares$\ProjectShare\143645\EMAT\03_DISTRAN\B14\SUBMITTALS\FINAL_DWGS-CAD_FILES_02-01-19\B14 Revised Steel and Final Switch  Drawings.zip"	"FullControl"	"Allow"	"S-1-5-21-1380516296-1705272057-1576261225-1744"	"None"	"None"
"\\?\UNC\HLY-SMB01\Shares$\ProjectShare\143645\EMAT\03_DISTRAN\B14\SUBMITTALS\FINAL_DWGS-CAD_FILES_02-01-19\B14 USCO CAD Drawings.zip"	"FullControl"	"Allow"	"S-1-5-21-1380516296-1705272057-1576261225-1744"	"None"	"None"
"\\?\UNC\HLY-SMB01\Shares$\ProjectShare\143645\EMAT\03_DISTRAN\B14\SUBMITTALS\FINAL_DWGS-CAD_FILES_02-01-19\Trench Final Drawings and CAD.zip"	"FullControl"	"Allow"	"S-1-5-21-1380516296-1705272057-1576261225-1744"	"None"	"None"
"\\?\UNC\HLY-SMB01\Shares$\ProjectShare\143645\EMAT\03_DISTRAN\B14\SUBMITTALS\FINAL_DWGS-CAD_FILES_02-01-19\Trenwa Final Drawings and CAD.zip"	"FullControl"	"Allow"	"S-1-5-21-1380516296-1705272057-1576261225-1744"	"None"	"None"
"\\?\UNC\HLY-SMB01\Shares$\ProjectShare\143645\EMAT\03_DISTRAN\B14\SUBMITTALS\FINAL_DWGS-CAD_FILES_02-01-19\USCO Final Drawings and Cads.zip"	"FullControl"	"Allow"	"S-1-5-21-1380516296-1705272057-1576261225-1744"	"None"	"None"
"\\?\UNC\HLY-SMB01\Shares$\ProjectShare\143645\EMAT\03_DISTRAN\B19\SUBMITTALS\FINAL_DWGS-CAD_FILES_02-01-19\B19 Final Steel Drawings - ACAD.zip"	"FullControl"	"Allow"	"S-1-5-21-1380516296-1705272057-1576261225-1744"	"None"	"None"
"\\?\UNC\HLY-SMB01\Shares$\ProjectShare\143645\EMAT\03_DISTRAN\B19\SUBMITTALS\FINAL_DWGS-CAD_FILES_02-01-19\B19 Trench Fianl Drawings and CADS.zip"	"FullControl"	"Allow"	"S-1-5-21-1380516296-1705272057-1576261225-1744"	"None"	"None"
"\\?\UNC\HLY-SMB01\Shares$\ProjectShare\143645\EMAT\03_DISTRAN\B19\SUBMITTALS\FINAL_DWGS-CAD_FILES_02-01-19\B19 Trenwa CADS.zip"	"FullControl"	"Allow"	"S-1-5-21-1380516296-1705272057-1576261225-1744"	"None"	"None"
"\\?\UNC\HLY-SMB01\Shares$\ProjectShare\143645\EMAT\03_DISTRAN\B19\SUBMITTALS\FINAL_DWGS-CAD_FILES_02-01-19\B19 USCO Final  Drawings and CADs (1).zip"	"FullControl"	"Allow"	"S-1-5-21-1380516296-1705272057-1576261225-1744"	"None"	"None"
"\\?\UNC\HLY-SMB01\Shares$\ProjectShare\143645\EMAT\03_GORMAN_CO-VTC\SUBMITTALS\B14_B19_RECORD_DRAWINGS\B14\D027A\D027A.zip"	"FullControl"	"Allow"	"S-1-5-21-1380516296-1705272057-1576261225-1744"	"None"	"None"
"\\?\UNC\HLY-SMB01\Shares$\ProjectShare\143645\EMAT\03_GORMAN_CO-VTC\SUBMITTALS\B14_B19_RECORD_DRAWINGS\B14\D027B\D027B.zip"	"FullControl"	"Allow"	"S-1-5-21-1380516296-1705272057-1576261225-1744"	"None"	"None"
"\\?\UNC\HLY-SMB01\Shares$\ProjectShare\143645\EMAT\03_GORMAN_CO-VTC\SUBMITTALS\B14_B19_RECORD_DRAWINGS\B14\D027C\D027C.zip"	"FullControl"	"Allow"	"S-1-5-21-1380516296-1705272057-1576261225-1744"	"None"	"None"
"\\?\UNC\HLY-SMB01\Shares$\ProjectShare\143645\EMAT\03_GORMAN_CO-VTC\SUBMITTALS\B14_B19_RECORD_DRAWINGS\B19\D028A\D028.zip"	"FullControl"	"Allow"	"S-1-5-21-1380516296-1705272057-1576261225-1744"	"None"	"None"
"\\?\UNC\HLY-SMB01\Shares$\ProjectShare\143645\EMAT\03_GORMAN_CO-VTC\SUBMITTALS\z_B14_AS-BUILT_DOCS (SUPERSEDED)\D027A\D027A.zip"	"FullControl"	"Allow"	"S-1-5-21-1380516296-1705272057-1576261225-1744"	"None"	"None"
"\\?\UNC\HLY-SMB01\Shares$\ProjectShare\143645\EMAT\03_GORMAN_CO-VTC\SUBMITTALS\z_B14_AS-BUILT_DOCS (SUPERSEDED)\D027B\D027B.zip"	"FullControl"	"Allow"	"S-1-5-21-1380516296-1705272057-1576261225-1744"	"None"	"None"
"\\?\UNC\HLY-SMB01\Shares$\ProjectShare\143645\EMAT\03_GORMAN_CO-VTC\SUBMITTALS\z_B14_AS-BUILT_DOCS (SUPERSEDED)\D027C\D027C.zip"	"FullControl"	"Allow"	"S-1-5-21-1380516296-1705272057-1576261225-1744"	"None"	"None"
"\\?\UNC\HLY-SMB01\Shares$\ProjectShare\Generation Renewables PM_PE\Conferences\World Geothermal Congress\WGC 2020+1\wgc2020 template_do not edit.dot"	"FullControl"	"Allow"	"S-1-5-21-1380516296-1705272057-1576261225-9429"	"None"	"None"
"\\?\UNC\HLY-SMB01\Shares$\ProjectShare\Generation Renewables PM_PE\Small Proposals\Macquarie Taiwan\KenGen EOI Binary Feasibility Study\PAA\1. Feasibility Study Report-Olkaria Brine By WESTJEC.pdf"	"FullControl"	"Allow"	"POWERENG\sthiebaud"	"None"	"None"
"\\?\UNC\HLY-SMB01\Shares$\ProjectShare\Generation Renewables PM_PE\Small Proposals\Macquarie Taiwan\KenGen EOI Binary Feasibility Study\PAA\2. ESIA -Olkaria Brine By WESTJEC.pdf"	"FullControl"	"Allow"	"POWERENG\sthiebaud"	"None"	"None"
"\\?\UNC\HLY-SMB01\Shares$\ProjectShare\149894\Design\Lists\I&C\MPPHANPL 5-2-19.CFG"	"FullControl"	"Allow"	"POWERENG\tmcauliffe"	"None"	"None"
"\\?\UNC\HLY-SMB01\Shares$\ProjectShare\149894\Design\Lists\I&C\MPPHGEN1 5-2-19.CFG"	"FullControl"	"Allow"	"POWERENG\tmcauliffe"	"None"	"None"
"\\?\UNC\HLY-SMB01\Shares$\ProjectShare\149894\Design\Lists\I&C\MPPHGEN2 5-2-19.CFG"	"FullControl"	"Allow"	"POWERENG\tmcauliffe"	"None"	"None"
"\\?\UNC\HLY-SMB01\Shares$\ProjectShare\149894\Drawings\Client\Mammoth Pool Drawings\5428090 REV 0.tif"	"FullControl"	"Allow"	"POWERENG\tmcauliffe"	"None"	"None"
"\\?\UNC\HLY-SMB01\Shares$\ProjectShare\149894\Drawings\Client\Mammoth Pool Drawings\5437611 REV 0.tif"	"FullControl"	"Allow"	"POWERENG\tmcauliffe"	"None"	"None"
"\\?\UNC\HLY-SMB01\Shares$\ProjectShare\149894\Drawings\Client\Mammoth Pool Drawings\5437662 REV 0.tif"	"FullControl"	"Allow"	"POWERENG\tmcauliffe"	"None"	"None"
"\\?\UNC\HLY-SMB01\Shares$\ProjectShare\149894\Drawings\Client\Mammoth Pool Drawings\5437668 REV 0.tif"	"FullControl"	"Allow"	"POWERENG\tmcauliffe"	"None"	"None"
"\\?\UNC\HLY-SMB01\Shares$\ProjectShare\149894\Drawings\Client\Mammoth Pool Drawings\5437678 REV 0.tif"	"FullControl"	"Allow"	"POWERENG\tmcauliffe"	"None"	"None"
"\\?\UNC\HLY-SMB01\Shares$\ProjectShare\149894\Drawings\Client\Mammoth Pool Drawings\5437714 REV 0.tif"	"FullControl"	"Allow"	"POWERENG\tmcauliffe"	"None"	"None"
"\\?\UNC\HLY-SMB01\Shares$\ProjectShare\149894\Drawings\Client\Mammoth Pool Drawings\5437715 REV 0.tif"	"FullControl"	"Allow"	"POWERENG\tmcauliffe"	"None"	"None"
"\\?\UNC\HLY-SMB01\Shares$\ProjectShare\149894\Drawings\Client\Mammoth Pool Drawings\5437716 REV 0.tif"	"FullControl"	"Allow"	"POWERENG\tmcauliffe"	"None"	"None"
"\\?\UNC\HLY-SMB01\Shares$\ProjectShare\149894\Drawings\Client\Mammoth Pool Drawings\5437717 REV 0.tif"	"FullControl"	"Allow"	"POWERENG\tmcauliffe"	"None"	"None"
"\\?\UNC\HLY-SMB01\Shares$\ProjectShare\149894\Drawings\Client\Mammoth Pool Drawings\5437718 REV 0.tif"	"FullControl"	"Allow"	"POWERENG\tmcauliffe"	"None"	"None"
"\\?\UNC\HLY-SMB01\Shares$\ProjectShare\149894\Drawings\Client\Mammoth Pool Drawings\5437719 REV 0.tif"	"FullControl"	"Allow"	"POWERENG\tmcauliffe"	"None"	"None"
"\\?\UNC\HLY-SMB01\Shares$\ProjectShare\149894\Drawings\Client\Mammoth Pool Drawings\5437720 REV 0.tif"	"FullControl"	"Allow"	"POWERENG\tmcauliffe"	"None"	"None"
"\\?\UNC\HLY-SMB01\Shares$\ProjectShare\149894\Drawings\Client\Mammoth Pool Drawings\5437721 REV 0.tif"	"FullControl"	"Allow"	"POWERENG\tmcauliffe"	"None"	"None"
"\\?\UNC\HLY-SMB01\Shares$\ProjectShare\149894\Drawings\Client\Mammoth Pool Drawings\5437722 REV 0.tif"	"FullControl"	"Allow"	"POWERENG\tmcauliffe"	"None"	"None"
"\\?\UNC\HLY-SMB01\Shares$\ProjectShare\149894\Drawings\Client\Mammoth Pool Drawings\5437729 REV 0.tif"	"FullControl"	"Allow"	"POWERENG\tmcauliffe"	"None"	"None"
"\\?\UNC\HLY-SMB01\Shares$\ProjectShare\149894\Drawings\Client\Mammoth Pool Drawings\5437735 REV 0.tif"	"FullControl"	"Allow"	"POWERENG\tmcauliffe"	"None"	"None"
"\\?\UNC\HLY-SMB01\Shares$\ProjectShare\149894\Drawings\Client\Mammoth Pool Drawings\5437736 REV 0.tif"	"FullControl"	"Allow"	"POWERENG\tmcauliffe"	"None"	"None"
"\\?\UNC\HLY-SMB01\Shares$\ProjectShare\149894\Drawings\Client\Mammoth Pool Drawings\5437741 REV 0.tif"	"FullControl"	"Allow"	"POWERENG\tmcauliffe"	"None"	"None"
"\\?\UNC\HLY-SMB01\Shares$\ProjectShare\149894\Drawings\Client\Mammoth Pool Drawings\5437742 REV 0.tif"	"FullControl"	"Allow"	"POWERENG\tmcauliffe"	"None"	"None"
"\\?\UNC\HLY-SMB01\Shares$\ProjectShare\149894\Drawings\Client\Mammoth Pool Drawings\5437760 REV 0.tif"	"FullControl"	"Allow"	"POWERENG\tmcauliffe"	"None"	"None"
"\\?\UNC\HLY-SMB01\Shares$\ProjectShare\149894\Drawings\Client\Mammoth Pool Drawings\5437764 REV 0.tif"	"FullControl"	"Allow"	"POWERENG\tmcauliffe"	"None"	"None"
"\\?\UNC\HLY-SMB01\Shares$\ProjectShare\149894\Drawings\Client\Mammoth Pool Drawings\5437767 REV 0.tif"	"FullControl"	"Allow"	"POWERENG\tmcauliffe"	"None"	"None"
"\\?\UNC\HLY-SMB01\Shares$\ProjectShare\149894\Drawings\Client\Mammoth Pool Drawings\5437783 REV 0.tif"	"FullControl"	"Allow"	"POWERENG\tmcauliffe"	"None"	"None"
"\\?\UNC\HLY-SMB01\Shares$\ProjectShare\149894\Drawings\Client\Mammoth Pool Drawings\5437796 REV 0.tif"	"FullControl"	"Allow"	"POWERENG\tmcauliffe"	"None"	"None"
"\\?\UNC\HLY-SMB01\Shares$\ProjectShare\149894\Drawings\Client\Mammoth Pool Drawings\5437806 REV 0.tif"	"FullControl"	"Allow"	"POWERENG\tmcauliffe"	"None"	"None"
"\\?\UNC\HLY-SMB01\Shares$\ProjectShare\146075.002"	"FullControl"	"Allow"	"POWERENG\FS-FileServices-ADM"	"ContainerInherit, ObjectInherit"	"None"
"\\?\UNC\HLY-SMB01\Shares$\ProjectShare\146075.002"	"Modify, Synchronize"	"Allow"	"POWERENG\FS-HLYFS1-Projectshare-Share-146075-Folder-01-RW"	"ContainerInherit, ObjectInherit"	"None"
"\\?\UNC\HLY-SMB01\Shares$\ProjectShare\146075.002"	"FullControl"	"Allow"	"POWERENG\FS-HLYFS1-Projectshare-Share-146075-Folder-01-FC"	"ContainerInherit, ObjectInherit"	"None"
"\\?\UNC\HLY-SMB01\Shares$\ProjectShare\146075.002"	"ReadAndExecute, Synchronize"	"Allow"	"POWERENG\FS-HLYFS1-Projectshare-Share-146075-Folder-01-RO"	"ContainerInherit, ObjectInherit"	"None"
"\\?\UNC\HLY-SMB01\Shares$\ProjectShare\146075.002\DD\GIS\03 Source Data\Sabine_River_Authority\sb_bndy_dd_zip.0hfhbbo.partial"	"FullControl"	"Allow"	"S-1-5-21-1380516296-1705272057-1576261225-8103"	"None"	"None"
"\\?\UNC\HLY-SMB01\Shares$\ProjectShare\AEP TELECOM Projects\141705 - Clinchfield\WSBC\05 Work Scope\Construction Change order 2019\Clincfield Completed Testing and Commissioning Plan.pdf"	"FullControl"	"Allow"	"POWERENG\FS-HLYFS1-Projectshare-Share-RO"	"None"	"None"
"\\?\UNC\HLY-SMB01\Shares$\ProjectShare\155070 TMGO USTDA Feasibility\RFQ Documents\Bidders Submittals\02_Calik_Enerji.zip"	"FullControl"	"Allow"	"POWERENG\mlong"	"None"	"None"
"\\?\UNC\HLY-SMB01\Shares$\ProjectShare\Oncor DA 2019 Station Drawings\Abrams Road\WSBC\WA Rev 2\0PT38487 Rev 2.pdf"	"FullControl"	"Allow"	"S-1-5-21-1380516296-1705272057-1576261225-55858"	"None"	"None"
"\\?\UNC\HLY-SMB01\Shares$\ProjectShare\Oncor DA 2019 Station Drawings\Garland Road\WSBC\0PT37822 Rev 1.3.pdf"	"FullControl"	"Allow"	"S-1-5-21-1380516296-1705272057-1576261225-55858"	"None"	"None"
"\\?\UNC\HLY-SMB01\Shares$\ProjectShare\Oncor DA 2019 Station Drawings\Grand Prairie\Grand Prairie Design Book\Wooden Structure Site Visit\154156 _ 37831 _ Grand Prairie DA _ Site Visit_Foundation & Feeder Exits.mp4"	"FullControl"	"Allow"	"POWERENG\fcoppola"	"None"	"None"
"\\?\UNC\HLY-SMB01\Shares$\ProjectShare\Oncor DA 2019 Station Drawings\Grand Prairie\Grand Prairie Design Book\Wooden Structure Site Visit\154156 _ 37831 _ Grand Prairie DA _ Site Visit_Inside Control House.mp4"	"FullControl"	"Allow"	"POWERENG\fcoppola"	"None"	"None"
"\\?\UNC\HLY-SMB01\Shares$\ProjectShare\Oncor DA 2019 Station Drawings\Grand Prairie\Grand Prairie Design Book\Wooden Structure Site Visit\154156 _ 37831 _ Grand Prairie DA _ Site Visit_Wooden Structures.mp4"	"FullControl"	"Allow"	"POWERENG\fcoppola"	"None"	"None"
"\\?\UNC\HLY-SMB01\Shares$\ProjectShare\Oncor DA 2019 Station Drawings\Lindale\WSBC\0PT37689 - Lindale Sub - R3.pdf"	"FullControl"	"Allow"	"S-1-5-21-1380516296-1705272057-1576261225-55858"	"None"	"None"
"\\?\UNC\HLY-SMB01\Shares$\ProjectShare\Oncor DA 2019 Station Drawings\McKinney\WSBC\0PT37913 Rev 2.1.pdf"	"FullControl"	"Allow"	"S-1-5-21-1380516296-1705272057-1576261225-55858"	"None"	"None"
"\\?\UNC\HLY-SMB01\Shares$\ProjectShare\Oncor DA 2019 Station Drawings\McKinney\WSBC\0PT37913 Rev 2.pdf"	"FullControl"	"Allow"	"S-1-5-21-1380516296-1705272057-1576261225-55858"	"None"	"None"
"\\?\UNC\HLY-SMB01\Shares$\ProjectShare\Oncor DA 2019 Station Drawings\McKinney Southwest\WSBC\WA Rev 3\0PT37909 Rev 3.pdf"	"FullControl"	"Allow"	"S-1-5-21-1380516296-1705272057-1576261225-55858"	"None"	"None"
"\\?\UNC\HLY-SMB01\Shares$\ProjectShare\Oncor DA 2019 Station Drawings\McKinney Southwest\WSBC\0PT37909 Rev 2.2.pdf"	"FullControl"	"Allow"	"S-1-5-21-1380516296-1705272057-1576261225-55858"	"None"	"None"
"\\?\UNC\HLY-SMB01\Shares$\ProjectShare\Oncor DA 2019 Station Drawings\McKinney Southwest\456990704.pdf"	"FullControl"	"Allow"	"POWERENG\enicholson"	"None"	"None"
"\\?\UNC\HLY-SMB01\Shares$\ProjectShare\Oncor DA 2019 Station Drawings\McKinney Southwest\Updated Scope.pdf"	"FullControl"	"Allow"	"POWERENG\enicholson"	"None"	"None"
"\\?\UNC\HLY-SMB01\Shares$\ProjectShare\Oncor DA 2019 Station Drawings\Murphy Road\WSBC\WA\0PT37939 - Murphy Road Sub - R2.pdf"	"FullControl"	"Allow"	"S-1-5-21-1380516296-1705272057-1576261225-55858"	"None"	"None"
"\\?\UNC\HLY-SMB01\Shares$\ProjectShare\Oncor DA 2019 Station Drawings\Murphy Road\WSBC\WA\WorkAuthorization-63856.pdf"	"FullControl"	"Allow"	"S-1-5-21-1380516296-1705272057-1576261225-55858"	"None"	"None"
"\\?\UNC\HLY-SMB01\Shares$\ProjectShare\Oncor DA 2019 Station Drawings\Sikes\EMAT\MaterialStatus0PT37989.xlsx"	"FullControl"	"Allow"	"S-1-5-21-1380516296-1705272057-1576261225-55858"	"None"	"None"
"\\?\UNC\HLY-SMB01\Shares$\ProjectShare\146618 GRIDLIANCE BOB SWITCHYARD\EMAT\03_MEPPI\01_Submittals\Gridliance SG00010101 PO CON-022 Final Documentation.zip"	"FullControl"	"Allow"	"S-1-5-21-1380516296-1705272057-1576261225-1744"	"None"	"None"
"\\?\UNC\HLY-SMB01\Shares$\ProjectShare\146618 GRIDLIANCE BOB SWITCHYARD\EMAT\03_VFP\01_SUBMITTALS\SUBMITTAL_010_06-04-19_FINAL_PANEL_DWGS-O&M_DOCS\MX180260 GridLiance Switchyard- PO# 36586 VFP.zip"	"FullControl"	"Allow"	"S-1-5-21-1380516296-1705272057-1576261225-1744"	"None"	"None"
"\\?\UNC\HLY-SMB01\Shares$\ProjectShare\KMP_TLBU\Subject Matter Teams\Wires\Developments\Wires Course\zOld\Module 1\Mod 1 Wires with voice - Catchpole.pptx"	"FullControl"	"Allow"	"POWERENG\bfife"	"None"	"None"
"\\?\UNC\HLY-SMB01\Shares$\ProjectShare\KMP_TLBU\Subject Matter Teams\Wires\Developments\Wires Course\zOld\Module 2\Wire Files\900_kcmil_18_19_acar.wir"	"FullControl"	"Allow"	"POWERENG\bfife"	"None"	"None"
"\\?\UNC\HLY-SMB01\Shares$\ProjectShare\KMP_TLBU\Subject Matter Teams\Wires\Developments\Wires Course\zOld\Module 2\Wire Files\ACCC_Drake_rev_A.wir"	"FullControl"	"Allow"	"POWERENG\bfife"	"None"	"None"
"\\?\UNC\HLY-SMB01\Shares$\ProjectShare\KMP_TLBU\Subject Matter Teams\Wires\Developments\Wires Course\zOld\Module 2\Wire Files\ARBUTUS_AAC_GCC.wir"	"FullControl"	"Allow"	"POWERENG\bfife"	"None"	"None"
"\\?\UNC\HLY-SMB01\Shares$\ProjectShare\KMP_TLBU\Subject Matter Teams\Wires\Developments\Wires Course\zOld\Module 2\Wire Files\Denali_ACCS_TW_C7_TS.wir"	"FullControl"	"Allow"	"POWERENG\bfife"	"None"	"None"
"\\?\UNC\HLY-SMB01\Shares$\ProjectShare\KMP_TLBU\Subject Matter Teams\Wires\Developments\Wires Course\zOld\Module 2\Wire Files\DRAKE_ACCR_795_T16.wir"	"FullControl"	"Allow"	"POWERENG\bfife"	"None"	"None"
"\\?\UNC\HLY-SMB01\Shares$\ProjectShare\KMP_TLBU\Subject Matter Teams\Wires\Developments\Wires Course\zOld\Module 2\Wire Files\DRAKE_ACSR_GA2_GCC.wir"	"FullControl"	"Allow"	"POWERENG\bfife"	"None"	"None"
"\\?\UNC\HLY-SMB01\Shares$\ProjectShare\KMP_TLBU\Subject Matter Teams\Wires\Developments\Wires Course\zOld\Module 2\Wire Files\DRAKE_ACSS_MA2_GCC.wir"	"FullControl"	"Allow"	"POWERENG\bfife"	"None"	"None"
"\\?\UNC\HLY-SMB01\Shares$\ProjectShare\KMP_TLBU\Subject Matter Teams\Wires\Developments\Wires Course\zOld\Module 2\Wire Files\GREELEY_AAAC_GCC.wir"	"FullControl"	"Allow"	"POWERENG\bfife"	"None"	"None"
"\\?\UNC\HLY-SMB01\Shares$\ProjectShare\154268 JCM Malawi Solar\ERM Data\Draft ESIA\OneDrive_2019-07-08.zip"	"FullControl"	"Allow"	"POWERENG\mlong"	"None"	"None"
"\\?\UNC\HLY-SMB01\Shares$\ProjectShare\154268 JCM Malawi Solar\ERM Data\Draft ESIA\OneDrive_2019-07-08.zip"	"Read, Synchronize"	"Allow"	"S-1-15-2-3624051433-2125758914-1423191267-1740899205-1073925389-3782572162-737981194"	"None"	"None"
"\\?\UNC\HLY-SMB01\Shares$\ProjectShare\154268 JCM Malawi Solar\ERM Data\Draft ESIA\OneDrive_2019-07-08.zip"	"Read, Synchronize"	"Allow"	"S-1-15-3-3624051433-2125758914-1423191267-1740899205-1073925389-3782572162-737981194"	"None"	"None"
"\\?\UNC\HLY-SMB01\Shares$\ProjectShare\154268 JCM Malawi Solar\GeoConsult Geotechnical Report\JCM - Golomoti - Geotechnical Report JUN19.pdf"	"FullControl"	"Allow"	"POWERENG\mlong"	"None"	"None"
"\\?\UNC\HLY-SMB01\Shares$\ProjectShare\154268 JCM Malawi Solar\GeoConsult Geotechnical Report\JCM - Golomoti - Geotechnical Report JUN19.pdf"	"Read, Synchronize"	"Allow"	"S-1-15-2-3624051433-2125758914-1423191267-1740899205-1073925389-3782572162-737981194"	"None"	"None"
"\\?\UNC\HLY-SMB01\Shares$\ProjectShare\154268 JCM Malawi Solar\GeoConsult Geotechnical Report\JCM - Golomoti - Geotechnical Report JUN19.pdf"	"Read, Synchronize"	"Allow"	"S-1-15-3-3624051433-2125758914-1423191267-1740899205-1073925389-3782572162-737981194"	"None"	"None"
"\\?\UNC\HLY-SMB01\Shares$\ProjectShare\154268 JCM Malawi Solar\GeoConsult Survey Data\drone images\drone images.zip"	"FullControl"	"Allow"	"POWERENG\mlong"	"None"	"None"
"\\?\UNC\HLY-SMB01\Shares$\ProjectShare\154268 JCM Malawi Solar\GeoConsult Survey Data\drone images\drone images.zip"	"Read, Synchronize"	"Allow"	"S-1-15-2-3624051433-2125758914-1423191267-1740899205-1073925389-3782572162-737981194"	"None"	"None"
"\\?\UNC\HLY-SMB01\Shares$\ProjectShare\154268 JCM Malawi Solar\GeoConsult Survey Data\drone images\drone images.zip"	"Read, Synchronize"	"Allow"	"S-1-15-3-3624051433-2125758914-1423191267-1740899205-1073925389-3782572162-737981194"	"None"	"None"
"\\?\UNC\HLY-SMB01\Shares$\ProjectShare\154268 JCM Malawi Solar\JCM EPC Proposals\All Bidders\Proposals_SUMEC.zip"	"FullControl"	"Allow"	"POWERENG\mlong"	"None"	"None"
"\\?\UNC\HLY-SMB01\Shares$\ProjectShare\154268 JCM Malawi Solar\JCM EPC Proposals\All Bidders\Proposals_SUMEC.zip"	"Read, Synchronize"	"Allow"	"S-1-15-2-3624051433-2125758914-1423191267-1740899205-1073925389-3782572162-737981194"	"None"	"None"
"\\?\UNC\HLY-SMB01\Shares$\ProjectShare\154268 JCM Malawi Solar\JCM EPC Proposals\All Bidders\Proposals_SUMEC.zip"	"Read, Synchronize"	"Allow"	"S-1-15-3-3624051433-2125758914-1423191267-1740899205-1073925389-3782572162-737981194"	"None"	"None"
"\\?\UNC\HLY-SMB01\Shares$\ProjectShare\154268 JCM Malawi Solar\JCM EPC Proposals\Larsen & Tubro\Larsen & Toubro.zip"	"FullControl"	"Allow"	"POWERENG\mlong"	"None"	"None"
"\\?\UNC\HLY-SMB01\Shares$\ProjectShare\154268 JCM Malawi Solar\JCM EPC Proposals\Larsen & Tubro\Larsen & Toubro.zip"	"Read, Synchronize"	"Allow"	"S-1-15-2-3624051433-2125758914-1423191267-1740899205-1073925389-3782572162-737981194"	"None"	"None"
"\\?\UNC\HLY-SMB01\Shares$\ProjectShare\154268 JCM Malawi Solar\JCM EPC Proposals\Larsen & Tubro\Larsen & Toubro.zip"	"Read, Synchronize"	"Allow"	"S-1-15-3-3624051433-2125758914-1423191267-1740899205-1073925389-3782572162-737981194"	"None"	"None"
"\\?\UNC\HLY-SMB01\Shares$\ProjectShare\154268 JCM Malawi Solar\JCM EPC Proposals\SUNEL\SUNEL.zip"	"FullControl"	"Allow"	"POWERENG\mlong"	"None"	"None"
"\\?\UNC\HLY-SMB01\Shares$\ProjectShare\154268 JCM Malawi Solar\JCM EPC Proposals\SUNEL\SUNEL.zip"	"Read, Synchronize"	"Allow"	"S-1-15-2-3624051433-2125758914-1423191267-1740899205-1073925389-3782572162-737981194"	"None"	"None"
"\\?\UNC\HLY-SMB01\Shares$\ProjectShare\154268 JCM Malawi Solar\JCM EPC Proposals\SUNEL\SUNEL.zip"	"Read, Synchronize"	"Allow"	"S-1-15-3-3624051433-2125758914-1423191267-1740899205-1073925389-3782572162-737981194"	"None"	"None"
"\\?\UNC\HLY-SMB01\Shares$\ProjectShare\154268 JCM Malawi Solar\Task 6 ESIA\9 Dec update\OneDrive_1_12-10-2019.zip"	"FullControl"	"Allow"	"POWERENG\mlong"	"None"	"None"
"\\?\UNC\HLY-SMB01\Shares$\ProjectShare\154268 JCM Malawi Solar\Task 6 ESIA\9 Dec update\OneDrive_1_12-10-2019.zip"	"Read, Synchronize"	"Allow"	"S-1-15-2-3624051433-2125758914-1423191267-1740899205-1073925389-3782572162-737981194"	"None"	"None"
"\\?\UNC\HLY-SMB01\Shares$\ProjectShare\154268 JCM Malawi Solar\Task 6 ESIA\9 Dec update\OneDrive_1_12-10-2019.zip"	"Read, Synchronize"	"Allow"	"S-1-15-3-3624051433-2125758914-1423191267-1740899205-1073925389-3782572162-737981194"	"None"	"None"
"\\?\UNC\HLY-SMB01\Shares$\ProjectShare\164726\PLS\Survey\Towill\2022-0215_UTM12_Ground_Data\00_UTM-12 Ground Data\30102_Ground-Thinned_a.zip"	"FullControl"	"Allow"	"POWERENG\aheiner"	"None"	"None"
"\\?\UNC\HLY-SMB01\Shares$\ProjectShare\164726\PLS\Survey\Towill\2022-0215_UTM12_Ground_Data\00_UTM-12 Ground Data\30102_Ground-Thinned_b.zip"	"FullControl"	"Allow"	"POWERENG\aheiner"	"None"	"None"
"\\?\UNC\HLY-SMB01\Shares$\ProjectShare\164726\PLS\Survey\Towill\2022-0215_UTM12_Ground_Data\00_UTM-12 Ground Data\30102_Ground-Thinned_d.zip"	"FullControl"	"Allow"	"POWERENG\aheiner"	"None"	"None"
"\\?\UNC\HLY-SMB01\Shares$\ProjectShare\164726\PLS\Survey\Towill\2022-0215_UTM12_Ground_Data\00_UTM-12 Ground Data\30104_Water.zip"	"FullControl"	"Allow"	"POWERENG\aheiner"	"None"	"None"
"\\?\UNC\HLY-SMB01\Shares$\ProjectShare\164726\PLS\Survey\Towill\2022-0215_UTM12_Ground_Data\00_UTM-12 Ground Data\30110_Edge-of-Dirt-Gravel.zip"	"FullControl"	"Allow"	"POWERENG\aheiner"	"None"	"None"
"\\?\UNC\HLY-SMB01\Shares$\ProjectShare\164726\PLS\Survey\Towill\2022-0215_UTM12_Ground_Data\00_UTM-12 Ground Data\30112_Edge-of-Pavement.zip"	"FullControl"	"Allow"	"POWERENG\aheiner"	"None"	"None"
"\\?\UNC\HLY-SMB01\Shares$\ProjectShare\164726\PLS\Survey\Towill\2022-0215_UTM12_Ground_Data\00_UTM-12 Ground Data\30117_Top-of-Rail.zip"	"FullControl"	"Allow"	"POWERENG\aheiner"	"None"	"None"
"\\?\UNC\HLY-SMB01\Shares$\ProjectShare\164726\PLS\Survey\Towill\2022-0215_UTM12_Ground_Data\00_UTM-12 Ground Data\30360_Bridge.zip"	"FullControl"	"Allow"	"POWERENG\aheiner"	"None"	"None"
"\\?\UNC\HLY-SMB01\Shares$\ProjectShare\164726\PLS\Survey\Towill\UTM11_ECW_Improved.zip"	"FullControl"	"Allow"	"POWERENG\aheiner"	"None"	"None"
"\\?\UNC\HLY-SMB01\Shares$\ProjectShare\151780\DD\ENG\Working\I&C\Comms_Design\IPPL Typicals and Standards\CAD_from_IPPL\Files.zip"	"FullControl"	"Allow"	"S-1-5-21-1380516296-1705272057-1576261225-7028"	"None"	"None"
"\\?\UNC\HLY-SMB01\Shares$\ProjectShare\151780\DD\ENG\Working\I&C\Gas&Fire_Det\Data_Shts\Vendor\Strobe CS_151XST_061919.pdf"	"FullControl"	"Allow"	"S-1-5-21-1380516296-1705272057-1576261225-7028"	"None"	"None"
"\\?\UNC\HLY-SMB01\Shares$\ProjectShare\151780\Design\Calcs\Mech\Pipe Flexibility Analysis\05.03.03.00 PIPE FLEXIBILITY ANALYSIS GENERAL\zUser Scratch folders\SJN\Ball Valve\Archive\Flow-Tek Valve Data Sheet Template.xlsx"	"FullControl"	"Allow"	"POWERENG\snelson"	"None"	"None"
"\\?\UNC\HLY-SMB01\Shares$\ProjectShare\151780\Design\Calcs\Struct\Foundation Calculations\GTG Building Calculations\Native Files\servdat.slm"	"-1"	"Allow"	"Everyone"	"None"	"None"
"\\?\UNC\HLY-SMB01\Shares$\ProjectShare\151780\Design\Lists\Elec\Equipment List\Vendor Data Book\GTG\Electrical\E1B100303861_CIRCUIT DIAGRAM_R4.pdf"	"Modify, Synchronize"	"Allow"	"POWERENG\FS-HLYFS1-Projectshare-Share-RO"	"None"	"None"
"\\?\UNC\HLY-SMB01\Shares$\ProjectShare\151780\Drawings\POWER\Arch\WSP Models\2019-09-27-3D EXPORT-GasTurbine1.dwg"	"FullControl"	"Allow"	"S-1-5-21-1380516296-1705272057-1576261225-17287"	"None"	"None"
"\\?\UNC\HLY-SMB01\Shares$\ProjectShare\151780\Drawings\POWER\Arch\WSP Models\2019-10-10-3D EXPORT-GasTurbine1.dwg"	"FullControl"	"Allow"	"S-1-5-21-1380516296-1705272057-1576261225-17287"	"None"	"None"
"\\?\UNC\HLY-SMB01\Shares$\ProjectShare\151780\Drawings\POWER\Arch\WSP Models\2019-12-09-3D EXPORT-WaterTreatment.dwg"	"FullControl"	"Allow"	"S-1-5-21-1380516296-1705272057-1576261225-17287"	"None"	"None"
"\\?\UNC\HLY-SMB01\Shares$\ProjectShare\151780\Drawings\POWER\Arch\WSP Models\2020-01-09-3D EXPORT-BoilerFeedWater.dwg"	"FullControl"	"Allow"	"S-1-5-21-1380516296-1705272057-1576261225-17287"	"None"	"None"
"\\?\UNC\HLY-SMB01\Shares$\ProjectShare\151780\Drawings\POWER\Arch\WSP Models\2020-03-03-3D EXPORT-AirAndPump.dwg"	"FullControl"	"Allow"	"S-1-5-21-1380516296-1705272057-1576261225-17287"	"None"	"None"
"\\?\UNC\HLY-SMB01\Shares$\ProjectShare\151780\Drawings\POWER\Arch\WSP Models\OneDrive_1_2-21-2020.zip"	"FullControl"	"Allow"	"S-1-5-21-1380516296-1705272057-1576261225-17287"	"None"	"None"
"\\?\UNC\HLY-SMB01\Shares$\ProjectShare\151780\Drawings\POWER\Arch\WSP Models\OneDrive_1_2-27-2020.zip"	"FullControl"	"Allow"	"S-1-5-21-1380516296-1705272057-1576261225-17287"	"None"	"None"
"\\?\UNC\HLY-SMB01\Shares$\ProjectShare\151780\Drawings\POWER\Arch\WSP Models\OneDrive_1_3-20-2020.zip"	"FullControl"	"Allow"	"S-1-5-21-1380516296-1705272057-1576261225-17287"	"None"	"None"
"\\?\UNC\HLY-SMB01\Shares$\ProjectShare\151780\Drawings\POWER\Arch\WSP Models\WSP 3D EXPORT-AirAndPump_013120.dwg"	"FullControl"	"Allow"	"S-1-5-21-1380516296-1705272057-1576261225-17287"	"None"	"None"
"\\?\UNC\HLY-SMB01\Shares$\ProjectShare\151780\Drawings\POWER\Arch\WSP Models\WSP 3D EXPORT-WaterTreatment.dwg"	"FullControl"	"Allow"	"S-1-5-21-1380516296-1705272057-1576261225-17287"	"None"	"None"
"\\?\UNC\HLY-SMB01\Shares$\ProjectShare\151780\Drawings\POWER\Elec\Vendor Files\PDC FAT\FAT check DWG's.zip"	"FullControl"	"Allow"	"POWERENG\jrippee"	"None"	"None"
"\\?\UNC\HLY-SMB01\Shares$\ProjectShare\151780\Drawings\POWER\I&C\CUB-I11-12003.dwg"	"FullControl"	"Allow"	"POWERENG\FS-HLYFS1-Projectshare-Share-RO"	"None"	"None"
"\\?\UNC\HLY-SMB01\Shares$\ProjectShare\151780\EMAT\GTG-Siemens\Vendor Incoming\MRB\17135-00-DC-SQCK-1857.7z"	"FullControl"	"Allow"	"POWERENG\gulmen"	"None"	"None"
"\\?\UNC\HLY-SMB01\Shares$\ProjectShare\151780\HAZOP Documents\Photos\Siemens GTG\Files.zip"	"FullControl"	"Allow"	"POWERENG\jrippee"	"None"	"None"
"\\?\UNC\HLY-SMB01\Shares$\ProjectShare\148379\DD\Working\I&C\Deliverables\Communicated Point List\Weather Station\ModbusPointList.xls"	"FullControl"	"Allow"	"POWERENG\tmcauliffe"	"None"	"None"
"\\?\UNC\HLY-SMB01\Shares$\ProjectShare\148379\DD\Working\I&C\Honeywell DCS\Incoming RFI\Olk1AU6-FIS-MCS-T-00088-AT-L2-TC--RFI-PEI-FE-0031.rar"	"FullControl"	"Allow"	"POWERENG\tmcauliffe"	"None"	"None"
"\\?\UNC\HLY-SMB01\Shares$\ProjectShare\148379\EMAT\RFP_QUOTES_EVALS\QUOTES_POs\FRP Piping\Subor\OneDrive_1_7-7-2019.zip"	"FullControl"	"Allow"	"POWERENG\bhritsco"	"None"	"None"
"\\?\UNC\HLY-SMB01\Shares$\ProjectShare\155430 Symbion Menengai\Symbion Documents\April 2019 documents\GDC T-Line Feasibility Study 2013.12.pdf"	"FullControl"	"Allow"	"POWERENG\mlong"	"None"	"None"
"\\?\UNC\HLY-SMB01\Shares$\ProjectShare\155430 Symbion Menengai\Symbion Documents\April 2019 documents\GDC T-Line Feasibility Study 2013.12.pdf"	"Read, Synchronize"	"Allow"	"S-1-15-2-3624051433-2125758914-1423191267-1740899205-1073925389-3782572162-737981194"	"None"	"None"
"\\?\UNC\HLY-SMB01\Shares$\ProjectShare\155430 Symbion Menengai\Symbion Documents\April 2019 documents\GDC T-Line Feasibility Study 2013.12.pdf"	"Read, Synchronize"	"Allow"	"S-1-15-3-3624051433-2125758914-1423191267-1740899205-1073925389-3782572162-737981194"	"None"	"None"
"\\?\UNC\HLY-SMB01\Shares$\ProjectShare\155430 Symbion Menengai\Symbion Documents\April 2019 documents\Geotechnical Report.pdf"	"FullControl"	"Allow"	"POWERENG\mlong"	"None"	"None"
"\\?\UNC\HLY-SMB01\Shares$\ProjectShare\155430 Symbion Menengai\Symbion Documents\April 2019 documents\Geotechnical Report.pdf"	"Read, Synchronize"	"Allow"	"S-1-15-2-3624051433-2125758914-1423191267-1740899205-1073925389-3782572162-737981194"	"None"	"None"
"\\?\UNC\HLY-SMB01\Shares$\ProjectShare\155430 Symbion Menengai\Symbion Documents\April 2019 documents\Geotechnical Report.pdf"	"Read, Synchronize"	"Allow"	"S-1-15-3-3624051433-2125758914-1423191267-1740899205-1073925389-3782572162-737981194"	"None"	"None"
"\\?\UNC\HLY-SMB01\Shares$\ProjectShare\155430 Symbion Menengai\Symbion Documents\April 2019 documents\Seismic Hazard Assessment.pdf"	"FullControl"	"Allow"	"POWERENG\mlong"	"None"	"None"
"\\?\UNC\HLY-SMB01\Shares$\ProjectShare\155430 Symbion Menengai\Symbion Documents\April 2019 documents\Seismic Hazard Assessment.pdf"	"Read, Synchronize"	"Allow"	"S-1-15-2-3624051433-2125758914-1423191267-1740899205-1073925389-3782572162-737981194"	"None"	"None"
"\\?\UNC\HLY-SMB01\Shares$\ProjectShare\155430 Symbion Menengai\Symbion Documents\April 2019 documents\Seismic Hazard Assessment.pdf"	"Read, Synchronize"	"Allow"	"S-1-15-3-3624051433-2125758914-1423191267-1740899205-1073925389-3782572162-737981194"	"None"	"None"
"\\?\UNC\HLY-SMB01\Shares$\ProjectShare\155430 Symbion Menengai\Symbion Documents\April 2019 documents\Seismic Survey Report, Menegai Geothermanl Project.pdf"	"FullControl"	"Allow"	"POWERENG\mlong"	"None"	"None"
"\\?\UNC\HLY-SMB01\Shares$\ProjectShare\155430 Symbion Menengai\Symbion Documents\April 2019 documents\Seismic Survey Report, Menegai Geothermanl Project.pdf"	"Read, Synchronize"	"Allow"	"S-1-15-2-3624051433-2125758914-1423191267-1740899205-1073925389-3782572162-737981194"	"None"	"None"
"\\?\UNC\HLY-SMB01\Shares$\ProjectShare\155430 Symbion Menengai\Symbion Documents\April 2019 documents\Seismic Survey Report, Menegai Geothermanl Project.pdf"	"Read, Synchronize"	"Allow"	"S-1-15-3-3624051433-2125758914-1423191267-1740899205-1073925389-3782572162-737981194"	"None"	"None"
"\\?\UNC\HLY-SMB01\Shares$\ProjectShare\155430 Symbion Menengai\Symbion Documents\ESIA\JK002127 Updated ESIA -Draft Final Report.pdf"	"FullControl"	"Allow"	"POWERENG\mlong"	"None"	"None"
"\\?\UNC\HLY-SMB01\Shares$\ProjectShare\155430 Symbion Menengai\Symbion Documents\ESIA\JK002127 Updated ESIA -Draft Final Report.pdf"	"Read, Synchronize"	"Allow"	"S-1-15-2-3624051433-2125758914-1423191267-1740899205-1073925389-3782572162-737981194"	"None"	"None"
"\\?\UNC\HLY-SMB01\Shares$\ProjectShare\155430 Symbion Menengai\Symbion Documents\ESIA\JK002127 Updated ESIA -Draft Final Report.pdf"	"Read, Synchronize"	"Allow"	"S-1-15-3-3624051433-2125758914-1423191267-1740899205-1073925389-3782572162-737981194"	"None"	"None"
"\\?\UNC\HLY-SMB01\Shares$\ProjectShare\155430 Symbion Menengai\Symbion Documents\ESIA\JK002127 Updated ESIA -Draft Final Report_JA.pdf"	"FullControl"	"Allow"	"POWERENG\mlong"	"None"	"None"
"\\?\UNC\HLY-SMB01\Shares$\ProjectShare\155430 Symbion Menengai\Symbion Documents\ESIA\JK002127 Updated ESIA -Draft Final Report_JA.pdf"	"Read, Synchronize"	"Allow"	"S-1-15-2-3624051433-2125758914-1423191267-1740899205-1073925389-3782572162-737981194"	"None"	"None"
"\\?\UNC\HLY-SMB01\Shares$\ProjectShare\155430 Symbion Menengai\Symbion Documents\ESIA\JK002127 Updated ESIA -Draft Final Report_JA.pdf"	"Read, Synchronize"	"Allow"	"S-1-15-3-3624051433-2125758914-1423191267-1740899205-1073925389-3782572162-737981194"	"None"	"None"
"\\?\UNC\HLY-SMB01\Shares$\ProjectShare\155430 Symbion Menengai\Symbion Documents\Topgraphic Survey\MEN-C-G-001-004 CAD.zip"	"FullControl"	"Allow"	"POWERENG\mlong"	"None"	"None"
"\\?\UNC\HLY-SMB01\Shares$\ProjectShare\155430 Symbion Menengai\Symbion Documents\Topgraphic Survey\MEN-C-G-001-004 CAD.zip"	"Read, Synchronize"	"Allow"	"S-1-15-2-3624051433-2125758914-1423191267-1740899205-1073925389-3782572162-737981194"	"None"	"None"
"\\?\UNC\HLY-SMB01\Shares$\ProjectShare\155430 Symbion Menengai\Symbion Documents\Topgraphic Survey\MEN-C-G-001-004 CAD.zip"	"Read, Synchronize"	"Allow"	"S-1-15-3-3624051433-2125758914-1423191267-1740899205-1073925389-3782572162-737981194"	"None"	"None"
"\\?\UNC\HLY-SMB01\Shares$\ProjectShare\158523\PLS\Attachments\Imagery\Mosaic_2018.sdw"	"FullControl"	"Allow"	"POWERENG\jarsmith"	"None"	"None"
"\\?\UNC\HLY-SMB01\Shares$\ProjectShare\158523\PLS\Structures\M4\PLS_Pole\Library\brooks-201407.xrm"	"FullControl"	"Allow"	"POWERENG\brhughes"	"None"	"None"
"\\?\UNC\HLY-SMB01\Shares$\ProjectShare\158523\PLS\Structures\M4\PLS_Pole\Library\rea-2015.xrm.nuz4czk.partial"	"FullControl"	"Allow"	"POWERENG\brhughes"	"None"	"None"
"\\?\UNC\HLY-SMB01\Shares$\ProjectShare\158523\PLS\Survey\Rapid City Contours.htm"	"FullControl"	"Allow"	"POWERENG\jarsmith"	"None"	"None"
"\\?\UNC\HLY-SMB01\Shares$\ProjectShare\158523\Temp PDF Generation Folder\RFI Info\Easement Binder.pdf"	"FullControl"	"Allow"	"POWERENG\jarsmith"	"None"	"None"
"\\?\UNC\HLY-SMB01\Shares$\ProjectShare\158523\Temp PDF Generation Folder\RFI Info\Files.zip"	"FullControl"	"Allow"	"POWERENG\jarsmith"	"None"	"None"
"\\?\UNC\HLY-SMB01\Shares$\ProjectShare\Oncor DA 2021\Ayers\Photos.zip"	"FullControl"	"Allow"	"POWERENG\tlimon"	"None"	"None"
"\\?\UNC\HLY-SMB01\Shares$\ProjectShare\Oncor DA 2021\Ayers\Photos.zip"	"Read, Synchronize"	"Allow"	"S-1-15-2-3624051433-2125758914-1423191267-1740899205-1073925389-3782572162-737981194"	"None"	"None"
"\\?\UNC\HLY-SMB01\Shares$\ProjectShare\Oncor DA 2021\Ayers\Photos.zip"	"Read, Synchronize"	"Allow"	"S-1-15-3-3624051433-2125758914-1423191267-1740899205-1073925389-3782572162-737981194"	"None"	"None"
"\\?\UNC\HLY-SMB01\Shares$\ProjectShare\Oncor DA 2021\Decatur\Site Visit\Photos\decatur revisit\OneDrive_1_8-21-2020.zip"	"FullControl"	"Allow"	"POWERENG\sryan"	"None"	"None"
"\\?\UNC\HLY-SMB01\Shares$\ProjectShare\Oncor DA 2021\Duncanville South\Site Visit\Site Visit Photos\1st visit\OneDrive_2_8-21-2020.zip"	"FullControl"	"Allow"	"POWERENG\sryan"	"None"	"None"
"\\?\UNC\HLY-SMB01\Shares$\ProjectShare\Oncor DA 2021\Duncanville South\Site Visit\Site Visit Photos\2nd visit\OneDrive_2_9-2-2020.zip"	"FullControl"	"Allow"	"POWERENG\sryan"	"None"	"None"
"\\?\UNC\HLY-SMB01\Shares$\ProjectShare\Oncor DA 2021\Duncanville South\Site Visit\Site Visit Photos\2nd visit\OneDrive_3_9-2-2020.zip"	"FullControl"	"Allow"	"POWERENG\sryan"	"None"	"None"
"\\?\UNC\HLY-SMB01\Shares$\ProjectShare\Oncor DA 2021\Elm Grove\Site Visit_7-24-20\Site Visit Photos\2nd visit\OneDrive_1_9-2-2020.zip"	"FullControl"	"Allow"	"POWERENG\sryan"	"None"	"None"
"\\?\UNC\HLY-SMB01\Shares$\ProjectShare\Oncor DA 2021\Elm Grove\Site Visit_7-24-20\Site Visit Photos\2nd visit\OneDrive_2_9-2-2020.zip"	"FullControl"	"Allow"	"POWERENG\sryan"	"None"	"None"
"\\?\UNC\HLY-SMB01\Shares$\ProjectShare\Oncor DA 2021\Lamesa\Lamesa Design Book\1. Engineering Documentation\1. Site Visit\Photos.zip.qe61bi5.partial"	"FullControl"	"Allow"	"POWERENG\apacione"	"None"	"None"
"\\?\UNC\HLY-SMB01\Shares$\ProjectShare\Oncor DA 2021\Oak Cliff South\Site Visit 7-28-20\Photos\OneDrive_2_7-31-2020.zip"	"FullControl"	"Allow"	"POWERENG\sryan"	"None"	"None"
"\\?\UNC\HLY-SMB01\Shares$\ProjectShare\Oncor DA 2021\Richland Hills\Site Visit\Photos\1st visit\OneDrive_2_8-21-2020.zip"	"FullControl"	"Allow"	"POWERENG\sryan"	"None"	"None"
"\\?\UNC\HLY-SMB01\Shares$\ProjectShare\Oncor DA 2021\Rowlett\Site Visit_7-24-20\Site Photos\1st visit\OneDrive_1_7-31-2020.zip"	"FullControl"	"Allow"	"POWERENG\sryan"	"None"	"None"
"\\?\UNC\HLY-SMB01\Shares$\ProjectShare\Oncor DA 2021\Rowlett\Site Visit_7-24-20\Site Photos\1st visit\OneDrive_3_8-21-2020.zip"	"FullControl"	"Allow"	"POWERENG\sryan"	"None"	"None"
"\\?\UNC\HLY-SMB01\Shares$\ProjectShare\Oncor DA 2021\Rowlett\Site Visit_7-24-20\Site Photos\2nd visit\OneDrive_1_9-2-2020.zip"	"FullControl"	"Allow"	"POWERENG\sryan"	"None"	"None"
"\\?\UNC\HLY-SMB01\Shares$\ProjectShare\Oncor DA 2021\Rowlett\Site Visit_7-24-20\Site Photos\2nd visit\OneDrive_2_9-2-2020.zip"	"FullControl"	"Allow"	"POWERENG\sryan"	"None"	"None"
"\\?\UNC\HLY-SMB01\Shares$\ProjectShare\Oncor DA 2021\Rowlett\Site Visit_7-24-20\Site Photos\2nd visit\OneDrive_3_9-2-2020.zip"	"FullControl"	"Allow"	"POWERENG\sryan"	"None"	"None"
"\\?\UNC\HLY-SMB01\Shares$\ProjectShare\Oncor DA 2021\Witt Road\Site Visit\Photos\OneDrive_2_8-21-2020.zip"	"FullControl"	"Allow"	"POWERENG\sryan"	"None"	"None"
"\\?\UNC\HLY-SMB01\Shares$\ProjectShare\166920\Design\ENG Docs\Studies & Reports\166920 Task 5 - Develop Design Criteria Document\Basis\akwqs-chapter70-2020.pdf"	"FullControl"	"Allow"	"POWERENG\tsaleen"	"None"	"None"
"\\?\UNC\HLY-SMB01\Shares$\ProjectShare\158941- QUANTA-PERU TECH ADVISORY\DD\DES\12 Const Spec\Box Folder\2019-07-18_Docs received before Cajamarca field visits\13. INSPECCI?N DE NODOS\320062_CA_OXAMARCA\Dossier\Estudio Resistividad_320062_CA_OXAMARCA.pdf"	"FullControl"	"Allow"	"POWERENG\jmejia"	"None"	"None"
"\\?\UNC\HLY-SMB01\Shares$\ProjectShare\158941- QUANTA-PERU TECH ADVISORY\DD\DES\12 Const Spec\Box Folder\Archive\2019-07-23--07-25\300007_CA_CORRAL PAMPA.zip"	"FullControl"	"Allow"	"POWERENG\sbalmaceda"	"None"	"None"
"\\?\UNC\HLY-SMB01\Shares$\ProjectShare\158941- QUANTA-PERU TECH ADVISORY\DD\DES\12 Const Spec\Box Folder\Archive\2019-07-23--07-25\300027_CA_AYANGAY.zip"	"FullControl"	"Allow"	"POWERENG\sbalmaceda"	"None"	"None"
"\\?\UNC\HLY-SMB01\Shares$\ProjectShare\158941- QUANTA-PERU TECH ADVISORY\DD\DES\12 Const Spec\Box Folder\Archive\2019-07-23--07-25\320062_CA_OXAMARCA.zip"	"FullControl"	"Allow"	"POWERENG\sbalmaceda"	"None"	"None"
"\\?\UNC\HLY-SMB01\Shares$\ProjectShare\158941- QUANTA-PERU TECH ADVISORY\DD\DES\12 Const Spec\Box Folder\Archive\2019-07-23--07-25\PEXT.zip"	"FullControl"	"Allow"	"POWERENG\sbalmaceda"	"None"	"None"
"\\?\UNC\HLY-SMB01\Shares$\ProjectShare\158941- QUANTA-PERU TECH ADVISORY\DD\DES\12 Const Spec\Box Folder\Archive\2019-07-30\110018_TU_SAN JACINTO.zip"	"FullControl"	"Allow"	"POWERENG\jmejia"	"None"	"None"
"\\?\UNC\HLY-SMB01\Shares$\ProjectShare\158941- QUANTA-PERU TECH ADVISORY\DD\DES\12 Const Spec\Box Folder\Archive\2019-07-30\240094_PI_NOC_PIURA_ACCESO.zip"	"FullControl"	"Allow"	"POWERENG\jmejia"	"None"	"None"
"\\?\UNC\HLY-SMB01\Shares$\ProjectShare\158941- QUANTA-PERU TECH ADVISORY\DD\DES\12 Const Spec\Box Folder\Archive\2019-07-30\900002_CA_CAJAMARCA_CM.zip"	"FullControl"	"Allow"	"POWERENG\jmejia"	"None"	"None"
"\\?\UNC\HLY-SMB01\Shares$\ProjectShare\158941- QUANTA-PERU TECH ADVISORY\DD\DES\12 Const Spec\Box Folder\Archive\RFI #5\3. 300027_CA_AYANGAY\01.01. DESPACHO AYANGAY.zip"	"FullControl"	"Allow"	"POWERENG\jmejia"	"None"	"None"
"\\?\UNC\HLY-SMB01\Shares$\ProjectShare\158941- QUANTA-PERU TECH ADVISORY\DD\DES\12 Const Spec\Box Folder\Archive\RFI #5\3. 300027_CA_AYANGAY\2.1. 300027_CA_AYANGAY - INFORMES Avance de Obra.zip"	"FullControl"	"Allow"	"POWERENG\jmejia"	"None"	"None"
"\\?\UNC\HLY-SMB01\Shares$\ProjectShare\158941- QUANTA-PERU TECH ADVISORY\DD\DES\12 Const Spec\Box Folder\Archive\RFI #5\4. 110018_TU_SAN JACINTO\110018_TU_SAN JACINTO 03. REPORTE CLEAN UP_110018_TU_SAN JACINTO.pdf"	"FullControl"	"Allow"	"POWERENG\jmejia"	"None"	"None"
"\\?\UNC\HLY-SMB01\Shares$\ProjectShare\158941- QUANTA-PERU TECH ADVISORY\DD\DES\12 Const Spec\Box Folder\Archive\RFI #5\4. 110018_TU_SAN JACINTO\MEMORIA DE CALCULO DE CIMENTACION DE TORRE_ 110018_TU_SAN JACINTO.pdf"	"FullControl"	"Allow"	"POWERENG\jmejia"	"None"	"None"
"\\?\UNC\HLY-SMB01\Shares$\ProjectShare\158941- QUANTA-PERU TECH ADVISORY\DD\DES\12 Const Spec\Box Folder\Archive\RFI #5\6. 240094_PI_NOC_PIURA_ACCESO\01. 0240094_PI_NOC_PIURA_ACCESO_As-Blt.pdf"	"FullControl"	"Allow"	"POWERENG\jmejia"	"None"	"None"
"\\?\UNC\HLY-SMB01\Shares$\ProjectShare\158941- QUANTA-PERU TECH ADVISORY\DD\DES\12 Const Spec\Box Folder\Archive\RFI#4\10. SHELTERS.zip"	"FullControl"	"Allow"	"POWERENG\jmejia"	"None"	"None"
"\\?\UNC\HLY-SMB01\Shares$\ProjectShare\158941- QUANTA-PERU TECH ADVISORY\DD\DES\12 Const Spec\Box Folder\Archive\RFI#4\9. ADSS.zip"	"FullControl"	"Allow"	"POWERENG\jmejia"	"None"	"None"
"\\?\UNC\HLY-SMB01\Shares$\ProjectShare\158941- QUANTA-PERU TECH ADVISORY\DD\DES\12 Const Spec\Box Folder\Archive\RFI#4\Punto 1.zip"	"FullControl"	"Allow"	"POWERENG\jmejia"	"None"	"None"
"\\?\UNC\HLY-SMB01\Shares$\ProjectShare\158941- QUANTA-PERU TECH ADVISORY\DD\DES\12 Const Spec\Box Folder\Archive\RFI#4\Punto 2.zip"	"FullControl"	"Allow"	"POWERENG\jmejia"	"None"	"None"
"\\?\UNC\HLY-SMB01\Shares$\ProjectShare\158941- QUANTA-PERU TECH ADVISORY\DD\DES\12 Const Spec\Box Folder\Archive\RFI#4\Punto 3.zip"	"FullControl"	"Allow"	"POWERENG\jmejia"	"None"	"None"
"\\?\UNC\HLY-SMB01\Shares$\ProjectShare\158941- QUANTA-PERU TECH ADVISORY\DD\DES\12 Const Spec\Box Folder\Archive\RFI#4\Punto 4.zip"	"FullControl"	"Allow"	"POWERENG\jmejia"	"None"	"None"
"\\?\UNC\HLY-SMB01\Shares$\ProjectShare\158941- QUANTA-PERU TECH ADVISORY\DD\DES\12 Const Spec\Box Folder\Archive\11.Memorias Descriptivas tipos de Nodos.zip"	"FullControl"	"Allow"	"POWERENG\jmejia"	"None"	"None"
"\\?\UNC\HLY-SMB01\Shares$\ProjectShare\158941- QUANTA-PERU TECH ADVISORY\DD\DES\12 Const Spec\Box Folder\Archive\12. KMZ NODOS Y TRAMOS.zip"	"FullControl"	"Allow"	"POWERENG\jmejia"	"None"	"None"
"\\?\UNC\HLY-SMB01\Shares$\ProjectShare\158941- QUANTA-PERU TECH ADVISORY\DD\DES\12 Const Spec\Box Folder\Archive\B. TORRES AUTOSOPORTADAS.zip"	"FullControl"	"Allow"	"POWERENG\jmejia"	"None"	"None"
"\\?\UNC\HLY-SMB01\Shares$\ProjectShare\158941- QUANTA-PERU TECH ADVISORY\DD\DES\12 Const Spec\Box Folder\Archive\Doc Corral Pampa del 08-01-19.zip"	"FullControl"	"Allow"	"POWERENG\jmejia"	"None"	"None"
"\\?\UNC\HLY-SMB01\Shares$\ProjectShare\158941- QUANTA-PERU TECH ADVISORY\DD\DES\12 Const Spec\Box Folder\Archive\Procedimiento de Despacho de Almac?n Quanta.pdf"	"FullControl"	"Allow"	"POWERENG\jmejia"	"None"	"None"
"\\?\UNC\HLY-SMB01\Shares$\ProjectShare\158941- QUANTA-PERU TECH ADVISORY\DD\DES\12 Const Spec\Box Folder\Archive\REQUISITOS F?SICOS DE LOS SITIOS PARA EL EMPLAZAMIENTO DE NODOSDE LA RED DE TRANSPORTE Y ACCESO.pdf"	"FullControl"	"Allow"	"POWERENG\jmejia"	"None"	"None"
"\\?\UNC\HLY-SMB01\Shares$\ProjectShare\158941- QUANTA-PERU TECH ADVISORY\PLS\Survey\CAJAMARCA.kmz"	"FullControl"	"Allow"	"POWERENG\sbalmaceda"	"None"	"None"
"\\?\UNC\HLY-SMB01\Shares$\ProjectShare\158941- QUANTA-PERU TECH ADVISORY\PLS\Survey\KMZ.kml"	"FullControl"	"Allow"	"POWERENG\sbalmaceda"	"None"	"None"
"\\?\UNC\HLY-SMB01\Shares$\ProjectShare\158682 - QUANTA-CHILE 500KV T-LINE\Design\Esinel Deliverables\REICH ETG Cable OPGW LAT Parinas-Likanantai.pdf"	"FullControl"	"Allow"	"POWERENG\uodio"	"None"	"None"
"\\?\UNC\HLY-SMB01\Shares$\ProjectShare\158682 - QUANTA-CHILE 500KV T-LINE\Design\Esinel Deliverables\REICH ETG Cable OPGW LAT Parinas-Likanantai.pdf"	"Read, Synchronize"	"Allow"	"S-1-15-2-3624051433-2125758914-1423191267-1740899205-1073925389-3782572162-737981194"	"None"	"None"
"\\?\UNC\HLY-SMB01\Shares$\ProjectShare\158682 - QUANTA-CHILE 500KV T-LINE\Design\Esinel Deliverables\REICH ETG Cable OPGW LAT Parinas-Likanantai.pdf"	"Read, Synchronize"	"Allow"	"S-1-15-3-3624051433-2125758914-1423191267-1740899205-1073925389-3782572162-737981194"	"None"	"None"
"\\?\UNC\HLY-SMB01\Shares$\ProjectShare\158682 - QUANTA-CHILE 500KV T-LINE\Design\Reviewed Coordinador documents\19_D4_ON_01 Nueva Seccionadora Parinas 500 220kV_Respuestas_20190903.xlsx"	"FullControl"	"Allow"	"POWERENG\uodio"	"None"	"None"
"\\?\UNC\HLY-SMB01\Shares$\ProjectShare\158682 - QUANTA-CHILE 500KV T-LINE\Design\Reviewed Coordinador documents\19_D4_ON_01 Nueva Seccionadora Parinas 500 220kV_Respuestas_20190903.xlsx"	"Read, Synchronize"	"Allow"	"S-1-15-2-3624051433-2125758914-1423191267-1740899205-1073925389-3782572162-737981194"	"None"	"None"
"\\?\UNC\HLY-SMB01\Shares$\ProjectShare\158682 - QUANTA-CHILE 500KV T-LINE\Design\Reviewed Coordinador documents\19_D4_ON_01 Nueva Seccionadora Parinas 500 220kV_Respuestas_20190903.xlsx"	"Read, Synchronize"	"Allow"	"S-1-15-3-3624051433-2125758914-1423191267-1740899205-1073925389-3782572162-737981194"	"None"	"None"
"\\?\UNC\HLY-SMB01\Shares$\ProjectShare\158682 - QUANTA-CHILE 500KV T-LINE\Design\Reviewed Coordinador documents\19_D4_ON_08 Nueva Linea 2x500kV Parinas Likanantai_Respuestas_20190903.xlsx"	"FullControl"	"Allow"	"POWERENG\uodio"	"None"	"None"
"\\?\UNC\HLY-SMB01\Shares$\ProjectShare\158682 - QUANTA-CHILE 500KV T-LINE\Design\Reviewed Coordinador documents\19_D4_ON_08 Nueva Linea 2x500kV Parinas Likanantai_Respuestas_20190903.xlsx"	"Read, Synchronize"	"Allow"	"S-1-15-2-3624051433-2125758914-1423191267-1740899205-1073925389-3782572162-737981194"	"None"	"None"
"\\?\UNC\HLY-SMB01\Shares$\ProjectShare\158682 - QUANTA-CHILE 500KV T-LINE\Design\Reviewed Coordinador documents\19_D4_ON_08 Nueva Linea 2x500kV Parinas Likanantai_Respuestas_20190903.xlsx"	"Read, Synchronize"	"Allow"	"S-1-15-3-3624051433-2125758914-1423191267-1740899205-1073925389-3782572162-737981194"	"None"	"None"
"\\?\UNC\HLY-SMB01\Shares$\ProjectShare\158682 - QUANTA-CHILE 500KV T-LINE\PHOTOS\Pablo 10.04.2019\190627 Site Visit - Pablo Bernal Photos.zip"	"FullControl"	"Allow"	"POWERENG\uodio"	"None"	"None"
"\\?\UNC\HLY-SMB01\Shares$\ProjectShare\158682 - QUANTA-CHILE 500KV T-LINE\PHOTOS\Pablo 10.04.2019\190627 Site Visit - Pablo Bernal Photos.zip"	"Read, Synchronize"	"Allow"	"S-1-15-2-3624051433-2125758914-1423191267-1740899205-1073925389-3782572162-737981194"	"None"	"None"
"\\?\UNC\HLY-SMB01\Shares$\ProjectShare\158682 - QUANTA-CHILE 500KV T-LINE\PHOTOS\Pablo 10.04.2019\190627 Site Visit - Pablo Bernal Photos.zip"	"Read, Synchronize"	"Allow"	"S-1-15-3-3624051433-2125758914-1423191267-1740899205-1073925389-3782572162-737981194"	"None"	"None"
"\\?\UNC\HLY-SMB01\Shares$\ProjectShare\158682 - QUANTA-CHILE 500KV T-LINE\PLS\01-Modelo 19037-01\Cables\BLUEJAY_ACSR_GA2_GCC.wir"	"FullControl"	"Allow"	"POWERENG\sbalmaceda"	"None"	"None"
"\\?\UNC\HLY-SMB01\Shares$\ProjectShare\158682 - QUANTA-CHILE 500KV T-LINE\PLS\01-Modelo 19037-01\Cables\CONDOR_ACSR_GA2_GCC.wir"	"FullControl"	"Allow"	"POWERENG\sbalmaceda"	"None"	"None"
"\\?\UNC\HLY-SMB01\Shares$\ProjectShare\158682 - QUANTA-CHILE 500KV T-LINE\Quotes\Towers\Karamtara\Karamtara\01.- OFERTA COMBINADA GRUPO G01.zip.4j8qcq5.partial"	"FullControl"	"Allow"	"POWERENG\uodio"	"None"	"None"
"\\?\UNC\HLY-SMB01\Shares$\ProjectShare\158682 - QUANTA-CHILE 500KV T-LINE\Quotes\Towers\Karamtara\Karamtara\01.- OFERTA COMBINADA GRUPO G01.zip.4j8qcq5.partial"	"Read, Synchronize"	"Allow"	"S-1-15-2-3624051433-2125758914-1423191267-1740899205-1073925389-3782572162-737981194"	"None"	"None"
"\\?\UNC\HLY-SMB01\Shares$\ProjectShare\158682 - QUANTA-CHILE 500KV T-LINE\Quotes\Towers\Karamtara\Karamtara\01.- OFERTA COMBINADA GRUPO G01.zip.4j8qcq5.partial"	"Read, Synchronize"	"Allow"	"S-1-15-3-3624051433-2125758914-1423191267-1740899205-1073925389-3782572162-737981194"	"None"	"None"
"\\?\UNC\HLY-SMB01\Shares$\ProjectShare\158682 - QUANTA-CHILE 500KV T-LINE\Quotes\Towers\Karamtara\Karamtara\Material test certificate- Karamtara.pdf"	"FullControl"	"Allow"	"POWERENG\uodio"	"None"	"None"
"\\?\UNC\HLY-SMB01\Shares$\ProjectShare\158682 - QUANTA-CHILE 500KV T-LINE\Quotes\Towers\Karamtara\Karamtara\Material test certificate- Karamtara.pdf"	"Read, Synchronize"	"Allow"	"S-1-15-2-3624051433-2125758914-1423191267-1740899205-1073925389-3782572162-737981194"	"None"	"None"
"\\?\UNC\HLY-SMB01\Shares$\ProjectShare\158682 - QUANTA-CHILE 500KV T-LINE\Quotes\Towers\Karamtara\Karamtara\Material test certificate- Karamtara.pdf"	"Read, Synchronize"	"Allow"	"S-1-15-3-3624051433-2125758914-1423191267-1740899205-1073925389-3782572162-737981194"	"None"	"None"
"\\?\UNC\HLY-SMB01\Shares$\ProjectShare\158682 - QUANTA-CHILE 500KV T-LINE\Quotes\Towers\Karamtara\Karamtara\Quality Manual- Karamtara.pdf"	"FullControl"	"Allow"	"POWERENG\uodio"	"None"	"None"
"\\?\UNC\HLY-SMB01\Shares$\ProjectShare\158682 - QUANTA-CHILE 500KV T-LINE\Quotes\Towers\Karamtara\Karamtara\Quality Manual- Karamtara.pdf"	"Read, Synchronize"	"Allow"	"S-1-15-2-3624051433-2125758914-1423191267-1740899205-1073925389-3782572162-737981194"	"None"	"None"
"\\?\UNC\HLY-SMB01\Shares$\ProjectShare\158682 - QUANTA-CHILE 500KV T-LINE\Quotes\Towers\Karamtara\Karamtara\Quality Manual- Karamtara.pdf"	"Read, Synchronize"	"Allow"	"S-1-15-3-3624051433-2125758914-1423191267-1740899205-1073925389-3782572162-737981194"	"None"	"None"
"\\?\UNC\HLY-SMB01\Shares$\ProjectShare\158682 - QUANTA-CHILE 500KV T-LINE\Quotes\Towers\Karamtara\Karamtara\Quality plan  ITP (Tower Parts   Bolts nuts)- Karamtara.pdf"	"FullControl"	"Allow"	"POWERENG\uodio"	"None"	"None"
"\\?\UNC\HLY-SMB01\Shares$\ProjectShare\158682 - QUANTA-CHILE 500KV T-LINE\Quotes\Towers\Karamtara\Karamtara\Quality plan  ITP (Tower Parts   Bolts nuts)- Karamtara.pdf"	"Read, Synchronize"	"Allow"	"S-1-15-2-3624051433-2125758914-1423191267-1740899205-1073925389-3782572162-737981194"	"None"	"None"
"\\?\UNC\HLY-SMB01\Shares$\ProjectShare\158682 - QUANTA-CHILE 500KV T-LINE\Quotes\Towers\Karamtara\Karamtara\Quality plan  ITP (Tower Parts   Bolts nuts)- Karamtara.pdf"	"Read, Synchronize"	"Allow"	"S-1-15-3-3624051433-2125758914-1423191267-1740899205-1073925389-3782572162-737981194"	"None"	"None"
"\\?\UNC\HLY-SMB01\Shares$\ProjectShare\158682 - QUANTA-CHILE 500KV T-LINE\Quotes\Towers\Karamtara\Karamtara\Welder Qualification Record- Karamtara.pdf"	"FullControl"	"Allow"	"POWERENG\uodio"	"None"	"None"
"\\?\UNC\HLY-SMB01\Shares$\ProjectShare\158682 - QUANTA-CHILE 500KV T-LINE\Quotes\Towers\Karamtara\Karamtara\Welder Qualification Record- Karamtara.pdf"	"Read, Synchronize"	"Allow"	"S-1-15-2-3624051433-2125758914-1423191267-1740899205-1073925389-3782572162-737981194"	"None"	"None"
"\\?\UNC\HLY-SMB01\Shares$\ProjectShare\158682 - QUANTA-CHILE 500KV T-LINE\Quotes\Towers\Karamtara\Karamtara\Welder Qualification Record- Karamtara.pdf"	"Read, Synchronize"	"Allow"	"S-1-15-3-3624051433-2125758914-1423191267-1740899205-1073925389-3782572162-737981194"	"None"	"None"
"\\?\UNC\HLY-SMB01\Shares$\ProjectShare\158682 - QUANTA-CHILE 500KV T-LINE\Quotes\Towers\Mitas\Submission.zip"	"FullControl"	"Allow"	"POWERENG\uodio"	"None"	"None"
"\\?\UNC\HLY-SMB01\Shares$\ProjectShare\158682 - QUANTA-CHILE 500KV T-LINE\Quotes\Towers\Mitas\Submission.zip"	"Read, Synchronize"	"Allow"	"S-1-15-2-3624051433-2125758914-1423191267-1740899205-1073925389-3782572162-737981194"	"None"	"None"
"\\?\UNC\HLY-SMB01\Shares$\ProjectShare\158682 - QUANTA-CHILE 500KV T-LINE\Quotes\Towers\Mitas\Submission.zip"	"Read, Synchronize"	"Allow"	"S-1-15-3-3624051433-2125758914-1423191267-1740899205-1073925389-3782572162-737981194"	"None"	"None"
"\\?\UNC\HLY-SMB01\Shares$\ProjectShare\158682 - QUANTA-CHILE 500KV T-LINE\T3 Review\UO comments\QS-D4_01-LT-HD-002_RB.pdf"	"FullControl"	"Allow"	"POWERENG\sbalmaceda"	"None"	"None"
"\\?\UNC\HLY-SMB01\Shares$\ProjectShare\158682 - QUANTA-CHILE 500KV T-LINE\T3 Review\UO comments\QS-D4_01-LT-IE-009_RB.pdf"	"FullControl"	"Allow"	"POWERENG\sbalmaceda"	"None"	"None"
"\\?\UNC\HLY-SMB01\Shares$\ProjectShare\158682 - QUANTA-CHILE 500KV T-LINE\T3 Review\UO comments\QS-D4_01-LT-ME-005_R0.pdf"	"FullControl"	"Allow"	"POWERENG\sbalmaceda"	"None"	"None"
"\\?\UNC\HLY-SMB01\Shares$\ProjectShare\158682 - QUANTA-CHILE 500KV T-LINE\T3 Review\UO comments\QS-D4_08-LT-ME-003_R0.docx"	"FullControl"	"Allow"	"POWERENG\sbalmaceda"	"None"	"None"
"\\?\UNC\HLY-SMB01\Shares$\Rebis"	"FullControl"	"Allow"	"POWERENG\FS-FileServices-ADM"	"ContainerInherit, ObjectInherit"	"None"
"\\?\UNC\HLY-SMB01\Shares$\Rebis"	"ReadAndExecute, Synchronize"	"Allow"	"POWERENG\FS-HLYFS1-Rebis-Share-RO"	"ContainerInherit, ObjectInherit"	"None"
"\\?\UNC\HLY-SMB01\Shares$\Rebis"	"Modify, Synchronize"	"Allow"	"POWERENG\FS-HLYFS1-Rebis-Share-RW"	"ContainerInherit, ObjectInherit"	"None"
"\\?\UNC\HLY-SMB01\Shares$\Rebis"	"FullControl"	"Allow"	"POWERENG\FS-HLYFS1-Rebis-Share-FC"	"ContainerInherit, ObjectInherit"	"None"
"\\?\UNC\HLY-SMB01\Shares$\Reference"	"FullControl"	"Allow"	"POWERENG\FS-FileServices-ADM"	"ContainerInherit, ObjectInherit"	"None"
"\\?\UNC\HLY-SMB01\Shares$\Reference"	"FullControl"	"Allow"	"POWERENG\FS-ALL-Reference-Share-FC"	"ContainerInherit, ObjectInherit"	"None"
"\\?\UNC\HLY-SMB01\Shares$\Reference"	"ReadAndExecute, Synchronize"	"Allow"	"POWERENG\FS-ALL-Reference-Share-RO"	"ContainerInherit, ObjectInherit"	"None"
"\\?\UNC\HLY-SMB01\Shares$\Reference"	"Modify, Synchronize"	"Allow"	"POWERENG\FS-ALL-Reference-Share-RW"	"ContainerInherit, ObjectInherit"	"None"
"\\?\UNC\HLY-SMB01\Shares$\Studies"	"FullControl"	"Allow"	"POWERENG\FS-FileServices-ADM"	"ContainerInherit, ObjectInherit"	"None"
"\\?\UNC\HLY-SMB01\Shares$\Studies"	"ReadAndExecute, Synchronize"	"Allow"	"POWERENG\FS-HLYFS1-Studies-Share-RO"	"ContainerInherit, ObjectInherit"	"None"
"\\?\UNC\HLY-SMB01\Shares$\Studies"	"Modify, Synchronize"	"Allow"	"POWERENG\FS-HLYFS1-Studies-Share-RW"	"ContainerInherit, ObjectInherit"	"None"
"\\?\UNC\HLY-SMB01\Shares$\Studies"	"FullControl"	"Allow"	"POWERENG\FS-HLYFS1-Studies-Share-FC"	"ContainerInherit, ObjectInherit"	"None"
"\\?\UNC\HLY-SMB01\Shares$\Studies\13_Software_Executables_&_Libraries\PSSE\CodeMeter\CodeMeterRuntime_7.20.exe"	"FullControl"	"Allow"	"S-1-5-21-1380516296-1705272057-1576261225-17597"	"None"	"None"
"\\?\UNC\HLY-SMB01\Shares$\Studies\11_Reference_Library\01_Codes_Standards_&_Guides\IEC\61850 Series-5"	"FullControl"	"Allow"	"POWERENG\FS-FileServices-ADM"	"ContainerInherit, ObjectInherit"	"None"
"\\?\UNC\HLY-SMB01\Shares$\Studies\11_Reference_Library\01_Codes_Standards_&_Guides\IEC\61850 Series-5"	"FullControl"	"Allow"	"POWERENG\FS-HLYFS1-Studies-Share-61850_Series-5-Folder-01-FC"	"ContainerInherit, ObjectInherit"	"None"
"\\?\UNC\HLY-SMB01\Shares$\Studies\11_Reference_Library\01_Codes_Standards_&_Guides\IEC\61850 Series-5"	"ReadAndExecute, Synchronize"	"Allow"	"POWERENG\FS-HLYFS1-Studies-Share-61850_Series-5-Folder-01-RO"	"ContainerInherit, ObjectInherit"	"None"
"\\?\UNC\HLY-SMB01\Shares$\Studies\11_Reference_Library\01_Codes_Standards_&_Guides\IEC\61850 Series-5"	"Modify, Synchronize"	"Allow"	"POWERENG\FS-HLYFS1-Studies-Share-61850_Series-5-Folder-01-RW"	"ContainerInherit, ObjectInherit"	"None"
"\\?\UNC\HLY-SMB01\Shares$\Studies\11_Reference_Library\05 Technical Papers\Moved-To-SharePoint\MIPSYCON\2019\Presentations\Civil-Structural\GNTL Corridor Geotechnical Challenges.pdf"	"FullControl"	"Allow"	"POWERENG\ryounger"	"None"	"None"
"\\?\UNC\HLY-SMB01\Shares$\Studies\11_Reference_Library\05 Technical Papers\Moved-To-SharePoint\MIPSYCON\2019\Presentations\Civil-Structural\Innovative Ways to Shore Up Deteriorating Network Vaults.pdf"	"FullControl"	"Allow"	"POWERENG\ryounger"	"None"	"None"
"\\?\UNC\HLY-SMB01\Shares$\Studies\11_Reference_Library\05 Technical Papers\Moved-To-SharePoint\MIPSYCON\2019\Presentations\Civil-Structural\Substation Foundation Replacement Utilizing Helical Piles_Case Study.pdf"	"FullControl"	"Allow"	"POWERENG\ryounger"	"None"	"None"
"\\?\UNC\HLY-SMB01\Shares$\Studies\11_Reference_Library\05 Technical Papers\Moved-To-SharePoint\MIPSYCON\2019\Presentations\Civil-Structural\The Myth Of Aging Pole and Tower Infrastructure.pdf"	"FullControl"	"Allow"	"POWERENG\ryounger"	"None"	"None"
"\\?\UNC\HLY-SMB01\Shares$\Studies\11_Reference_Library\05 Technical Papers\Moved-To-SharePoint\MIPSYCON\2019\Presentations\DA-Communications\Advanced Distribution Automation App w-Miscoordination Correcting Algorithm.pdf"	"FullControl"	"Allow"	"POWERENG\ryounger"	"None"	"None"
"\\?\UNC\HLY-SMB01\Shares$\Studies\11_Reference_Library\05 Technical Papers\Moved-To-SharePoint\MIPSYCON\2019\Presentations\DA-Communications\Navigating Grid Modernization.pdf"	"FullControl"	"Allow"	"POWERENG\ryounger"	"None"	"None"
"\\?\UNC\HLY-SMB01\Shares$\Studies\11_Reference_Library\05 Technical Papers\Moved-To-SharePoint\MIPSYCON\2019\Presentations\DA-Communications\Using Analytics In Undrgrnd Dist Networks for Situational Awareness and Fault Prdctn.pdf"	"FullControl"	"Allow"	"POWERENG\ryounger"	"None"	"None"
"\\?\UNC\HLY-SMB01\Shares$\Studies\11_Reference_Library\05 Technical Papers\Moved-To-SharePoint\MIPSYCON\2019\Presentations\Distribution\Deploying An Advanced Distribution Mgmt System.pdf"	"FullControl"	"Allow"	"POWERENG\ryounger"	"None"	"None"
"\\?\UNC\HLY-SMB01\Shares$\Studies\11_Reference_Library\05 Technical Papers\Moved-To-SharePoint\MIPSYCON\2019\Presentations\Distribution\Distribution STATCOMs for Imprvg Pwr Qlty_Deferring Capital_Expndg Hstg.pdf"	"FullControl"	"Allow"	"POWERENG\ryounger"	"None"	"None"
"\\?\UNC\HLY-SMB01\Shares$\Studies\11_Reference_Library\05 Technical Papers\Moved-To-SharePoint\MIPSYCON\2019\Presentations\Distribution\Improving System Line Hardening Using Ductile Iron Poles.pdf"	"FullControl"	"Allow"	"POWERENG\ryounger"	"None"	"None"
"\\?\UNC\HLY-SMB01\Shares$\Studies\11_Reference_Library\05 Technical Papers\Moved-To-SharePoint\MIPSYCON\2019\Presentations\Distribution\SCADA and AMI Data Meet to Improve Dist Planning.pdf"	"FullControl"	"Allow"	"POWERENG\ryounger"	"None"	"None"
"\\?\UNC\HLY-SMB01\Shares$\Studies\11_Reference_Library\05 Technical Papers\Moved-To-SharePoint\MIPSYCON\2019\Presentations\Emerging Technologies\Managing Electric Vehicle Charging Stations on the Grid.pdf"	"FullControl"	"Allow"	"POWERENG\ryounger"	"None"	"None"
"\\?\UNC\HLY-SMB01\Shares$\Studies\11_Reference_Library\05 Technical Papers\Moved-To-SharePoint\MIPSYCON\2019\Presentations\Emerging Technologies\Modelling Renewables as IBR Penetration Rises.pdf"	"FullControl"	"Allow"	"POWERENG\ryounger"	"None"	"None"
"\\?\UNC\HLY-SMB01\Shares$\Studies\11_Reference_Library\05 Technical Papers\Moved-To-SharePoint\MIPSYCON\2019\Presentations\Emerging Technologies\Panel Session_Integrating High Levels of Renewable Resources.pdf"	"FullControl"	"Allow"	"POWERENG\ryounger"	"None"	"None"
"\\?\UNC\HLY-SMB01\Shares$\Studies\11_Reference_Library\05 Technical Papers\Moved-To-SharePoint\MIPSYCON\2019\Presentations\Emerging Technologies\Residential Battery Storage Systems Case Study.pdf"	"FullControl"	"Allow"	"POWERENG\ryounger"	"None"	"None"
"\\?\UNC\HLY-SMB01\Shares$\Studies\11_Reference_Library\05 Technical Papers\Moved-To-SharePoint\MIPSYCON\2019\Presentations\General Session\Electric Utility Futures_Perspective from the Prairie.pdf"	"FullControl"	"Allow"	"POWERENG\ryounger"	"None"	"None"
"\\?\UNC\HLY-SMB01\Shares$\Studies\11_Reference_Library\05 Technical Papers\Moved-To-SharePoint\MIPSYCON\2019\Presentations\General Session\Ethics For Engineers.pdf"	"FullControl"	"Allow"	"POWERENG\ryounger"	"None"	"None"
"\\?\UNC\HLY-SMB01\Shares$\Studies\11_Reference_Library\05 Technical Papers\Moved-To-SharePoint\MIPSYCON\2019\Presentations\General Session\Integration Of Customer Smart Grid and Operations.pdf"	"FullControl"	"Allow"	"POWERENG\ryounger"	"None"	"None"
"\\?\UNC\HLY-SMB01\Shares$\Studies\11_Reference_Library\05 Technical Papers\Moved-To-SharePoint\MIPSYCON\2019\Presentations\General Session\Polar Vortex_Looking Back and Planning for the Future.pdf"	"FullControl"	"Allow"	"POWERENG\ryounger"	"None"	"None"
"\\?\UNC\HLY-SMB01\Shares$\Studies\11_Reference_Library\05 Technical Papers\Moved-To-SharePoint\MIPSYCON\2019\Presentations\Generation\ALLETE Clean Energy Wind Project Refurbishment.pdf"	"FullControl"	"Allow"	"POWERENG\ryounger"	"None"	"None"
"\\?\UNC\HLY-SMB01\Shares$\Studies\11_Reference_Library\05 Technical Papers\Moved-To-SharePoint\MIPSYCON\2019\Presentations\Generation\Project Tundra_Carbon Capture in ND.pdf"	"FullControl"	"Allow"	"POWERENG\ryounger"	"None"	"None"
"\\?\UNC\HLY-SMB01\Shares$\Studies\11_Reference_Library\05 Technical Papers\Moved-To-SharePoint\MIPSYCON\2019\Presentations\Generation\Solar Plus Storage_From Concept to Implementation.pdf"	"FullControl"	"Allow"	"POWERENG\ryounger"	"None"	"None"
"\\?\UNC\HLY-SMB01\Shares$\Studies\11_Reference_Library\05 Technical Papers\Moved-To-SharePoint\MIPSYCON\2019\Presentations\Generation\Stabilizing Bulk Power Sys with Combination of Virtual and Physical Batteries.pdf"	"FullControl"	"Allow"	"POWERENG\ryounger"	"None"	"None"
"\\?\UNC\HLY-SMB01\Shares$\Studies\11_Reference_Library\05 Technical Papers\Moved-To-SharePoint\MIPSYCON\2019\Presentations\Metering\Beyond AMI_Using AMI Data to Solve Problems Before they Become Problems.pdf"	"FullControl"	"Allow"	"POWERENG\ryounger"	"None"	"None"
"\\?\UNC\HLY-SMB01\Shares$\Studies\11_Reference_Library\05 Technical Papers\Moved-To-SharePoint\MIPSYCON\2019\Presentations\Metering\Big Data_Driving Value-Added Solutions.pdf"	"FullControl"	"Allow"	"POWERENG\ryounger"	"None"	"None"
"\\?\UNC\HLY-SMB01\Shares$\Studies\11_Reference_Library\05 Technical Papers\Moved-To-SharePoint\MIPSYCON\2019\Presentations\Metering\Rate Analysis Utilizing Meter Data.pdf"	"FullControl"	"Allow"	"POWERENG\ryounger"	"None"	"None"
"\\?\UNC\HLY-SMB01\Shares$\Studies\11_Reference_Library\05 Technical Papers\Moved-To-SharePoint\MIPSYCON\2019\Presentations\Metering\Smart Meters Go Beyond AMI.pdf"	"FullControl"	"Allow"	"POWERENG\ryounger"	"None"	"None"
"\\?\UNC\HLY-SMB01\Shares$\Studies\11_Reference_Library\05 Technical Papers\Moved-To-SharePoint\MIPSYCON\2019\Presentations\Project Management\Big Stone South to Ellendale_Collaborative Relationships Success.pdf"	"FullControl"	"Allow"	"POWERENG\ryounger"	"None"	"None"
"\\?\UNC\HLY-SMB01\Shares$\Studies\11_Reference_Library\05 Technical Papers\Moved-To-SharePoint\MIPSYCON\2019\Presentations\Project Management\Denny Substation.pdf"	"FullControl"	"Allow"	"POWERENG\ryounger"	"None"	"None"
"\\?\UNC\HLY-SMB01\Shares$\Studies\11_Reference_Library\05 Technical Papers\Moved-To-SharePoint\MIPSYCON\2019\Presentations\Project Management\Keys For A Successful Factory Acceptance Test_FAT.pdf"	"FullControl"	"Allow"	"POWERENG\ryounger"	"None"	"None"
"\\?\UNC\HLY-SMB01\Shares$\Studies\11_Reference_Library\05 Technical Papers\Moved-To-SharePoint\MIPSYCON\2019\Presentations\Project Management\Manitobas Bipole III Project.pdf"	"FullControl"	"Allow"	"POWERENG\ryounger"	"None"	"None"
"\\?\UNC\HLY-SMB01\Shares$\Studies\11_Reference_Library\05 Technical Papers\Moved-To-SharePoint\MIPSYCON\2019\Presentations\Relaying 1\Complying With NERC PRC-027.pdf"	"FullControl"	"Allow"	"POWERENG\ryounger"	"None"	"None"
"\\?\UNC\HLY-SMB01\Shares$\Studies\11_Reference_Library\05 Technical Papers\Moved-To-SharePoint\MIPSYCON\2019\Presentations\Relaying 1\Creative Line Differential Prot Scheme for HudsonRiver 345kV T-Line.pdf"	"FullControl"	"Allow"	"POWERENG\ryounger"	"None"	"None"
"\\?\UNC\HLY-SMB01\Shares$\Studies\11_Reference_Library\05 Technical Papers\Moved-To-SharePoint\MIPSYCON\2019\Presentations\Relaying 1\IEC 61850 Digital Sub Design Tutorial for Novices.pdf"	"FullControl"	"Allow"	"POWERENG\ryounger"	"None"	"None"
"\\?\UNC\HLY-SMB01\Shares$\Studies\11_Reference_Library\05 Technical Papers\Moved-To-SharePoint\MIPSYCON\2019\Presentations\Relaying 2\Analysis Of 138 Trnsfrmr Diff Misoperation Points to Faulty CT-Case Study.pdf"	"FullControl"	"Allow"	"POWERENG\ryounger"	"None"	"None"
"\\?\UNC\HLY-SMB01\Shares$\Studies\11_Reference_Library\05 Technical Papers\Moved-To-SharePoint\MIPSYCON\2019\Presentations\Relaying 2\Exploring IEEE C37-246-2017 Guide.pdf"	"FullControl"	"Allow"	"POWERENG\ryounger"	"None"	"None"
"\\?\UNC\HLY-SMB01\Shares$\Studies\11_Reference_Library\05 Technical Papers\Moved-To-SharePoint\MIPSYCON\2019\Presentations\Relaying 2\Low Impedence Differential Protection_New Challenges and Solutions.pdf"	"FullControl"	"Allow"	"POWERENG\ryounger"	"None"	"None"
"\\?\UNC\HLY-SMB01\Shares$\Studies\11_Reference_Library\05 Technical Papers\Moved-To-SharePoint\MIPSYCON\2019\Presentations\Safety-Security\Personal Safety Story_Coal Dust Explosion Survivor.pdf"	"FullControl"	"Allow"	"POWERENG\ryounger"	"None"	"None"
"\\?\UNC\HLY-SMB01\Shares$\Studies\11_Reference_Library\05 Technical Papers\Moved-To-SharePoint\MIPSYCON\2019\Presentations\Safety-Security\Understanding the New IEEE 1584-2018 Guide and 2017 NEC.pdf"	"FullControl"	"Allow"	"POWERENG\ryounger"	"None"	"None"
"\\?\UNC\HLY-SMB01\Shares$\Studies\11_Reference_Library\05 Technical Papers\Moved-To-SharePoint\MIPSYCON\2019\Presentations\Safety-Security\Using Intelligent Lighting to Enhance Perimeter Security.pdf"	"FullControl"	"Allow"	"POWERENG\ryounger"	"None"	"None"
"\\?\UNC\HLY-SMB01\Shares$\Studies\11_Reference_Library\05 Technical Papers\Moved-To-SharePoint\MIPSYCON\2019\Presentations\Substation\Cold Weather Circuit Breaker Performance.pdf"	"FullControl"	"Allow"	"POWERENG\ryounger"	"None"	"None"
"\\?\UNC\HLY-SMB01\Shares$\Studies\11_Reference_Library\05 Technical Papers\Moved-To-SharePoint\MIPSYCON\2019\Presentations\Substation\Resistivity Testing Of Substation Surfacing Stone_Lessons Learned.pdf"	"FullControl"	"Allow"	"POWERENG\ryounger"	"None"	"None"
"\\?\UNC\HLY-SMB01\Shares$\Studies\11_Reference_Library\05 Technical Papers\Moved-To-SharePoint\MIPSYCON\2019\Presentations\Substation\Transformer Evaluation Inspection Design and Installation-Utility Perspective.pdf"	"FullControl"	"Allow"	"POWERENG\ryounger"	"None"	"None"
"\\?\UNC\HLY-SMB01\Shares$\Studies\11_Reference_Library\05 Technical Papers\Moved-To-SharePoint\MIPSYCON\2019\Presentations\Transmission\Emerging HighTransmission Voltages and Mitigation.pdf"	"FullControl"	"Allow"	"POWERENG\ryounger"	"None"	"None"
"\\?\UNC\HLY-SMB01\Shares$\Studies\11_Reference_Library\05 Technical Papers\Moved-To-SharePoint\MIPSYCON\2019\Presentations\Transmission\Transmission Lessons Learned from Decarbonization of MN North Shore.pdf"	"FullControl"	"Allow"	"POWERENG\ryounger"	"None"	"None"
"\\?\UNC\HLY-SMB01\Shares$\Studies\11_Reference_Library\05 Technical Papers\Moved-To-SharePoint\MIPSYCON\2019\Presentations\Transmission\Transmission Line Conductor Size Selection.pdf"	"FullControl"	"Allow"	"POWERENG\ryounger"	"None"	"None"
"\\?\UNC\HLY-SMB01\Shares$\Studies\11_Reference_Library\05 Technical Papers\Moved-To-SharePoint\MIPSYCON\2019\Presentations\Tutorials\Engineering Career Development.pdf"	"FullControl"	"Allow"	"POWERENG\ryounger"	"None"	"None"
"\\?\UNC\HLY-SMB01\Shares$\Studies\11_Reference_Library\05 Technical Papers\Moved-To-SharePoint\MIPSYCON\2019\Presentations\Tutorials\Evolving Power Grid.pdf"	"FullControl"	"Allow"	"POWERENG\ryounger"	"None"	"None"
"\\?\UNC\HLY-SMB01\Shares$\Studies\11_Reference_Library\05 Technical Papers\Moved-To-SharePoint\MIPSYCON\2019\Presentations\Tutorials\Matching Generators to Power Systems.pdf"	"FullControl"	"Allow"	"POWERENG\ryounger"	"None"	"None"
"\\?\UNC\HLY-SMB01\Shares$\Studies\11_Reference_Library\05 Technical Papers\Moved-To-SharePoint\MIPSYCON\2019\Presentations\Tutorials\Power Quality 102_Advanced Topics and Case Studies.pdf"	"FullControl"	"Allow"	"POWERENG\ryounger"	"None"	"None"
"\\?\UNC\HLY-SMB01\Shares$\Studies\11_Reference_Library\05 Technical Papers\Moved-To-SharePoint\MIPSYCON\2019\2019MIPSYCONfinalprogram.pdf"	"FullControl"	"Allow"	"POWERENG\ryounger"	"None"	"None"
"\\?\UNC\HLY-SMB01\Shares$\Studies\11_Reference_Library\05 Technical Papers\Moved-To-SharePoint\MIPSYCON\2020\Papers\CaseStudiesIEC61850_DD_20200903.pdf"	"FullControl"	"Allow"	"POWERENG\ryounger"	"None"	"None"
"\\?\UNC\HLY-SMB01\Shares$\Studies\11_Reference_Library\05 Technical Papers\Moved-To-SharePoint\MIPSYCON\2020\Papers\DA-Communication To Broadband or Not to Broadband Paper Rev 2 20201015.pdf"	"FullControl"	"Allow"	"POWERENG\ryounger"	"None"	"None"
"\\?\UNC\HLY-SMB01\Shares$\Studies\11_Reference_Library\05 Technical Papers\Moved-To-SharePoint\MIPSYCON\2020\Papers\Impact of Voltage Transients and System Impedance Ratio on Zone 1 Distance Relay Reach_Revised.pdf"	"FullControl"	"Allow"	"POWERENG\ryounger"	"None"	"None"
"\\?\UNC\HLY-SMB01\Shares$\Studies\11_Reference_Library\05 Technical Papers\Moved-To-SharePoint\MIPSYCON\2020\Papers\Reactive Power-Voltage Control of IBR.pdf"	"FullControl"	"Allow"	"POWERENG\ryounger"	"None"	"None"
"\\?\UNC\HLY-SMB01\Shares$\Studies\11_Reference_Library\05 Technical Papers\Moved-To-SharePoint\MIPSYCON\2020\Presentations\Civil-Structural\Civil Structural_Great River Energy Winter Storm Wesley Response.pdf"	"FullControl"	"Allow"	"POWERENG\ryounger"	"None"	"None"
"\\?\UNC\HLY-SMB01\Shares$\Studies\11_Reference_Library\05 Technical Papers\Moved-To-SharePoint\MIPSYCON\2020\Presentations\Civil-Structural\Civil Structural_How Utilities Are Utilizing UAS-Based LiDAR.pdf"	"FullControl"	"Allow"	"POWERENG\ryounger"	"None"	"None"
"\\?\UNC\HLY-SMB01\Shares$\Studies\11_Reference_Library\05 Technical Papers\Moved-To-SharePoint\MIPSYCON\2020\Presentations\DA-Communications\DA-Communication To Broadband or Not to Broadband Rev 2.pdf"	"FullControl"	"Allow"	"POWERENG\ryounger"	"None"	"None"
"\\?\UNC\HLY-SMB01\Shares$\Studies\11_Reference_Library\05 Technical Papers\Moved-To-SharePoint\MIPSYCON\2020\Presentations\DA-Communications\DA-Communications_IsYourRemoteAlarmUnitReachingEnd-of-Life.pdf"	"FullControl"	"Allow"	"POWERENG\ryounger"	"None"	"None"
"\\?\UNC\HLY-SMB01\Shares$\Studies\11_Reference_Library\05 Technical Papers\Moved-To-SharePoint\MIPSYCON\2020\Presentations\DA-Communications\DA-Communication_CVR Applied to Demand Response using AMI DATA UPDATED.pdf"	"FullControl"	"Allow"	"POWERENG\ryounger"	"None"	"None"
"\\?\UNC\HLY-SMB01\Shares$\Studies\11_Reference_Library\05 Technical Papers\Moved-To-SharePoint\MIPSYCON\2020\Presentations\Distribution\Distribution_Modeling DER Solar and Storage using Distribution Engineering.pdf"	"FullControl"	"Allow"	"POWERENG\ryounger"	"None"	"None"
"\\?\UNC\HLY-SMB01\Shares$\Studies\11_Reference_Library\05 Technical Papers\Moved-To-SharePoint\MIPSYCON\2020\Presentations\Distribution\Distribution_Panel-Distribution Switchgear Philosophies_Dead-Front vs Live-Front.pdf"	"FullControl"	"Allow"	"POWERENG\ryounger"	"None"	"None"
"\\?\UNC\HLY-SMB01\Shares$\Studies\11_Reference_Library\05 Technical Papers\Moved-To-SharePoint\MIPSYCON\2020\Presentations\Distribution\Distribution_Predictive Fault Analytics PPT 2020.pdf"	"FullControl"	"Allow"	"POWERENG\ryounger"	"None"	"None"
"\\?\UNC\HLY-SMB01\Shares$\Studies\11_Reference_Library\05 Technical Papers\Moved-To-SharePoint\MIPSYCON\2020\Presentations\Emerging Technologies\Emerging Technologies - Transportation Electrification Transition Challenges_ToSend.pdf"	"FullControl"	"Allow"	"POWERENG\ryounger"	"None"	"None"
"\\?\UNC\HLY-SMB01\Shares$\Studies\11_Reference_Library\05 Technical Papers\Moved-To-SharePoint\MIPSYCON\2020\Presentations\Emerging Technologies\Emerging Technologies_Energy Storage-5 Biggest Mistakes.pdf"	"FullControl"	"Allow"	"POWERENG\ryounger"	"None"	"None"
"\\?\UNC\HLY-SMB01\Shares$\Studies\11_Reference_Library\05 Technical Papers\Moved-To-SharePoint\MIPSYCON\2020\Presentations\Emerging Technologies\Emerging Technologies_Utility Applications and Experience.pdf"	"FullControl"	"Allow"	"POWERENG\ryounger"	"None"	"None"
"\\?\UNC\HLY-SMB01\Shares$\Studies\11_Reference_Library\05 Technical Papers\Moved-To-SharePoint\MIPSYCON\2020\Presentations\General Session\General Session_Accelerating a Low-Impact Energy Future.pdf"	"FullControl"	"Allow"	"POWERENG\ryounger"	"None"	"None"
"\\?\UNC\HLY-SMB01\Shares$\Studies\11_Reference_Library\05 Technical Papers\Moved-To-SharePoint\MIPSYCON\2020\Presentations\General Session\General Session_Engineering Ethics.pdf"	"FullControl"	"Allow"	"POWERENG\ryounger"	"None"	"None"
"\\?\UNC\HLY-SMB01\Shares$\Studies\11_Reference_Library\05 Technical Papers\Moved-To-SharePoint\MIPSYCON\2020\Presentations\Generation\Generation_How Xcel Energy developed a the largest community solar garden program in the country.pdf"	"FullControl"	"Allow"	"POWERENG\ryounger"	"None"	"None"
"\\?\UNC\HLY-SMB01\Shares$\Studies\11_Reference_Library\05 Technical Papers\Moved-To-SharePoint\MIPSYCON\2020\Presentations\Generation\Generation_Incorporating Electromagnetic Transient Studies into the Generator Interconnection Process at ATC_110420.pdf"	"FullControl"	"Allow"	"POWERENG\ryounger"	"None"	"None"
"\\?\UNC\HLY-SMB01\Shares$\Studies\11_Reference_Library\05 Technical Papers\Moved-To-SharePoint\MIPSYCON\2020\Presentations\Generation\Generation_Reactive Power-Voltage Control of IBR.pdf"	"FullControl"	"Allow"	"POWERENG\ryounger"	"None"	"None"
"\\?\UNC\HLY-SMB01\Shares$\Studies\11_Reference_Library\05 Technical Papers\Moved-To-SharePoint\MIPSYCON\2020\Presentations\Generation\Generation_Solar Snow Management - Let the Sun Shine In.pdf"	"FullControl"	"Allow"	"POWERENG\ryounger"	"None"	"None"
"\\?\UNC\HLY-SMB01\Shares$\Studies\11_Reference_Library\05 Technical Papers\Moved-To-SharePoint\MIPSYCON\2020\Presentations\Metering\Metering_Meter Based Distributed Intelligence_Tim Driscoll.pdf"	"FullControl"	"Allow"	"POWERENG\ryounger"	"None"	"None"
"\\?\UNC\HLY-SMB01\Shares$\Studies\11_Reference_Library\05 Technical Papers\Moved-To-SharePoint\MIPSYCON\2020\Presentations\Metering\Metering_You dont have to have a PhD to use Machine Learning.pdf"	"FullControl"	"Allow"	"POWERENG\ryounger"	"None"	"None"
"\\?\UNC\HLY-SMB01\Shares$\Studies\11_Reference_Library\05 Technical Papers\Moved-To-SharePoint\MIPSYCON\2020\Presentations\Project Management\Project Management - Outsourcing Substation & Transmission Line Engineering & Design Work.pdf"	"FullControl"	"Allow"	"POWERENG\ryounger"	"None"	"None"
"\\?\UNC\HLY-SMB01\Shares$\Studies\11_Reference_Library\05 Technical Papers\Moved-To-SharePoint\MIPSYCON\2020\Presentations\Project Management\ProjectManagement_CU HVDC UPGRADE.pdf"	"FullControl"	"Allow"	"POWERENG\ryounger"	"None"	"None"
"\\?\UNC\HLY-SMB01\Shares$\Studies\11_Reference_Library\05 Technical Papers\Moved-To-SharePoint\MIPSYCON\2020\Presentations\Relaying 1\Relaying 1 - Recent Utility Experience with High Impedance Fault Detection.pdf"	"FullControl"	"Allow"	"POWERENG\ryounger"	"None"	"None"
"\\?\UNC\HLY-SMB01\Shares$\Studies\11_Reference_Library\05 Technical Papers\Moved-To-SharePoint\MIPSYCON\2020\Presentations\Relaying 1\Relaying 1_Case Studies of IEC 61850 Process Bus Systems Using GOOSE and Sampled Values- Recent Installations and Research.pdf"	"FullControl"	"Allow"	"POWERENG\ryounger"	"None"	"None"
"\\?\UNC\HLY-SMB01\Shares$\Studies\11_Reference_Library\05 Technical Papers\Moved-To-SharePoint\MIPSYCON\2020\Presentations\Relaying 1\Relaying 1_Impact of Voltage Transients and System Impedance Ratio on Zone 1 Distance Relay Reach.pdf"	"FullControl"	"Allow"	"POWERENG\ryounger"	"None"	"None"
"\\?\UNC\HLY-SMB01\Shares$\Studies\11_Reference_Library\05 Technical Papers\Moved-To-SharePoint\MIPSYCON\2020\Presentations\Relaying 2\Relaying 2_Analysis of Composite Protection System Misoperations.pdf"	"FullControl"	"Allow"	"POWERENG\ryounger"	"None"	"None"
"\\?\UNC\HLY-SMB01\Shares$\Studies\11_Reference_Library\05 Technical Papers\Moved-To-SharePoint\MIPSYCON\2020\Presentations\Relaying 2\Relaying 2_Improving Protection Applications for Modern Distribution Switchgear Systems_BVandiver.pdf"	"FullControl"	"Allow"	"POWERENG\ryounger"	"None"	"None"
"\\?\UNC\HLY-SMB01\Shares$\Studies\11_Reference_Library\05 Technical Papers\Moved-To-SharePoint\MIPSYCON\2020\Presentations\Safety-Security\Safety-Security -Calculating Cybersecurity Risk and Selecting Mitigations in Power.pdf"	"FullControl"	"Allow"	"POWERENG\ryounger"	"None"	"None"
"\\?\UNC\HLY-SMB01\Shares$\Studies\11_Reference_Library\05 Technical Papers\Moved-To-SharePoint\MIPSYCON\2020\Presentations\Safety-Security\Safety-Security- Innovation and Partnership.pdf"	"FullControl"	"Allow"	"POWERENG\ryounger"	"None"	"None"
"\\?\UNC\HLY-SMB01\Shares$\Studies\11_Reference_Library\05 Technical Papers\Moved-To-SharePoint\MIPSYCON\2020\Presentations\Safety-Security\Safety-Security_ AF Considerations for Utility & Industrial Power Systems.pdf"	"FullControl"	"Allow"	"POWERENG\ryounger"	"None"	"None"
"\\?\UNC\HLY-SMB01\Shares$\Studies\11_Reference_Library\05 Technical Papers\Moved-To-SharePoint\MIPSYCON\2020\Presentations\Substation\Substations - Design and Construction.pdf"	"FullControl"	"Allow"	"POWERENG\ryounger"	"None"	"None"
"\\?\UNC\HLY-SMB01\Shares$\Studies\11_Reference_Library\05 Technical Papers\Moved-To-SharePoint\MIPSYCON\2020\Presentations\Substation\SUBSTATION_ Power System Studies for Solar and Wind Farms.pdf"	"FullControl"	"Allow"	"POWERENG\ryounger"	"None"	"None"
"\\?\UNC\HLY-SMB01\Shares$\Studies\11_Reference_Library\05 Technical Papers\Moved-To-SharePoint\MIPSYCON\2020\Presentations\Substation\Substation_Key Attributes of Xcel Energy's Transmission Asset Health Analytics Program.pdf"	"FullControl"	"Allow"	"POWERENG\ryounger"	"None"	"None"
"\\?\UNC\HLY-SMB01\Shares$\Studies\11_Reference_Library\05 Technical Papers\Moved-To-SharePoint\MIPSYCON\2020\Presentations\Transmission\Transmission - NERC SPIDERWG - Addressing impacts of Distributed Generation.pdf"	"FullControl"	"Allow"	"POWERENG\ryounger"	"None"	"None"
"\\?\UNC\HLY-SMB01\Shares$\Studies\11_Reference_Library\05 Technical Papers\Moved-To-SharePoint\MIPSYCON\2020\Presentations\Transmission\Transmission_Energy Storage as a Transmission Asset in MISO_MIPSYCON_110320.pdf"	"FullControl"	"Allow"	"POWERENG\ryounger"	"None"	"None"
"\\?\UNC\HLY-SMB01\Shares$\Studies\11_Reference_Library\05 Technical Papers\Moved-To-SharePoint\MIPSYCON\2020\Presentations\Transmission\Transmission_The Future of ND Transmission Capacity.pdf"	"FullControl"	"Allow"	"POWERENG\ryounger"	"None"	"None"
"\\?\UNC\HLY-SMB01\Shares$\Studies\11_Reference_Library\05 Technical Papers\Moved-To-SharePoint\MIPSYCON\2020\Presentations\Tutorials\Tutorials - History Evolution and Future of SCADA.pdf"	"FullControl"	"Allow"	"POWERENG\ryounger"	"None"	"None"
"\\?\UNC\HLY-SMB01\Shares$\Studies\11_Reference_Library\05 Technical Papers\Moved-To-SharePoint\MIPSYCON\2020\Presentations\Tutorials\Tutorials -Engineering Career Development-Ch2.pdf"	"FullControl"	"Allow"	"POWERENG\ryounger"	"None"	"None"
"\\?\UNC\HLY-SMB01\Shares$\Studies\11_Reference_Library\OncorWiki\__Archive\Tracking Sheet Backups\20191001 OncorProjectTracking.xlsx"	"FullControl"	"Allow"	"POWERENG\tlimon"	"None"	"None"
"\\?\UNC\HLY-SMB01\Shares$\Studies\11_Reference_Library\OncorWiki\__Archive\Tracking Sheet Backups\20191001 OncorProjectTracking.xlsx"	"Read, Synchronize"	"Allow"	"S-1-15-2-3624051433-2125758914-1423191267-1740899205-1073925389-3782572162-737981194"	"None"	"None"
"\\?\UNC\HLY-SMB01\Shares$\Studies\11_Reference_Library\OncorWiki\__Archive\Tracking Sheet Backups\20191001 OncorProjectTracking.xlsx"	"Read, Synchronize"	"Allow"	"S-1-15-3-3624051433-2125758914-1423191267-1740899205-1073925389-3782572162-737981194"	"None"	"None"
"\\?\UNC\HLY-SMB01\Shares$\Studies\07 USERS\Christopher Mouw\Lead Engineer Training\LE_Participant_Guide_2019_11_13.pdf"	"FullControl"	"Allow"	"POWERENG\cmouw"	"None"	"None"
"\\?\UNC\HLY-SMB01\Shares$\Studies\07 USERS\Christopher Mouw\MATLAB\MultiDomain Simscape\NewMotor.zip"	"FullControl"	"Allow"	"POWERENG\cmouw"	"None"	"None"
"\\?\UNC\HLY-SMB01\Shares$\Studies\07 USERS\Christopher Mouw\MATLAB\MultiDomain Simscape\robot-run-4-legs-master.zip.c2g9f9f.partial"	"FullControl"	"Allow"	"POWERENG\cmouw"	"None"	"None"
"\\?\UNC\HLY-SMB01\Shares$\Studies\07 USERS\Christopher Mouw\PSCAD\ApplicationsForRenewableIntegration.pdf"	"FullControl"	"Allow"	"POWERENG\cmouw"	"None"	"None"
"\\?\UNC\HLY-SMB01\Shares$\Studies\07 USERS\Christopher Mouw\PSCAD\MachineModeling.pdf"	"FullControl"	"Allow"	"POWERENG\cmouw"	"None"	"None"
"\\?\UNC\HLY-SMB01\Shares$\Studies\07 USERS\Christopher Mouw\WAF Transient Study\SLD\Copy of HEN Operating Voltage Confirmation - NVE.pdf"	"FullControl"	"Allow"	"POWERENG\cmouw"	"None"	"None"
"\\?\UNC\HLY-SMB01\Shares$\Studies\07 USERS\Christopher Mouw\WAF Transient Study\SLD\Copy of HVD - distnce to nearby substations by NVE.pdf"	"FullControl"	"Allow"	"POWERENG\cmouw"	"None"	"None"
"\\?\UNC\HLY-SMB01\Shares$\Studies\07 USERS\Christopher Mouw\WAF Transient Study\Transformers\HV\sample fat rep. 120 MVA fromABBTurkeyXscLow.pdf"	"FullControl"	"Allow"	"POWERENG\cmouw"	"None"	"None"
"\\?\UNC\HLY-SMB01\Shares$\Studies\07 USERS\Christopher Mouw\WAF Transient Study\Transformers\HV\Test Report N008822101.pdf"	"FullControl"	"Allow"	"POWERENG\cmouw"	"None"	"None"
"\\?\UNC\HLY-SMB01\Shares$\Studies\07 USERS\Christopher Mouw\WAF Transient Study\Utility\Copy of Capture Utility Data.PNG"	"FullControl"	"Allow"	"POWERENG\cmouw"	"None"	"None"
"\\?\UNC\HLY-SMB01\Shares$\Studies\07 USERS\Christopher Mouw\WAF Transient Study\Utility\Copy of Project Breeze fault estimate.txt"	"FullControl"	"Allow"	"POWERENG\cmouw"	"None"	"None"
"\\?\UNC\HLY-SMB01\Shares$\Studies\07 USERS\Joe White\JW_Clients\174_Power_Global\Atlas\Xfmr_Spec\Bid Documents\OneDrive_2_2-11-2021.zip"	"FullControl"	"Allow"	"POWERENG\joewhite"	"None"	"None"
"\\?\UNC\HLY-SMB01\Shares$\Studies\07 USERS\Joe White\JW_Clients\174_Power_Global\Atlas\Xfmr_Spec\Bid Documents\OneDrive_5_2-11-2021.zip"	"FullControl"	"Allow"	"POWERENG\joewhite"	"None"	"None"
"\\?\UNC\HLY-SMB01\Shares$\Studies\07 USERS\Joe White\JW_Clients\174_Power_Global\Atlas\Xfmr_Spec\Bid Documents\OneDrive_6_2-11-2021.zip"	"FullControl"	"Allow"	"POWERENG\joewhite"	"None"	"None"
"\\?\UNC\HLY-SMB01\Shares$\Studies\07 USERS\Joe White\JW_Clients\AMPT\Xfmr_Ballard\Design Review\N2279_Design_Review_R00.pdf"	"FullControl"	"Allow"	"POWERENG\joewhite"	"None"	"None"
"\\?\UNC\HLY-SMB01\Shares$\Studies\07 USERS\Joe White\JW_Clients\AMPT\Xfmr_Ballard\Drawings\2021-06-17\OneDrive_1_6-17-2021.zip"	"FullControl"	"Allow"	"POWERENG\joewhite"	"None"	"None"
"\\?\UNC\HLY-SMB01\Shares$\Studies\07 USERS\Joe White\JW_Clients\Bear_Valley\Bear_Mtn_Study\RFI\RFI1\Responses\RFI1 Info.zip"	"FullControl"	"Allow"	"POWERENG\joewhite"	"None"	"None"
"\\?\UNC\HLY-SMB01\Shares$\Studies\07 USERS\Joe White\JW_Clients\Bear_Valley\SCADA_Project_P1_n_P2\Tasks\Task 15 - FLISR\IntelliTeam Designer - 7.3.0.94 Software Release Notes.pdf"	"FullControl"	"Allow"	"POWERENG\joewhite"	"None"	"None"
"\\?\UNC\HLY-SMB01\Shares$\Studies\07 USERS\Joe White\JW_Clients\Bear_Valley\SCADA_Project_P1_n_P2\Tasks\Task 16 - Fiber Extension\Mat_List\Replaced\DI_2702783_Phoenix.pdf"	"FullControl"	"Allow"	"POWERENG\joewhite"	"None"	"None"
"\\?\UNC\HLY-SMB01\Shares$\Studies\07 USERS\Joe White\JW_Clients\Bear_Valley\SCADA_Project_P1_n_P2\Tasks\Task 6 - Head End Arch\Hardware\SMS_Modem\41113329_ALEOS 4.13.0 Release Notes_r3.pdf"	"FullControl"	"Allow"	"POWERENG\joewhite"	"None"	"None"
"\\?\UNC\HLY-SMB01\Shares$\Studies\07 USERS\Joe White\JW_Clients\Bear_Valley\SCADA_Project_P1_n_P2\Tasks\Task 6 - Head End Arch\Hardware\SMS_Modem\41113547_ALEOS 4.13.0 Software Configuration User Guide for AirLink RV50_r1.pdf"	"FullControl"	"Allow"	"POWERENG\joewhite"	"None"	"None"
"\\?\UNC\HLY-SMB01\Shares$\Studies\07 USERS\Joe White\JW_Clients\Bear_Valley\SCADA_Project_P1_n_P2\Tasks\Task 6 - Head End Arch\Hardware\SMS_Modem\4117313_AirLink RV50 Series Hardware User Guide_r5.pdf"	"FullControl"	"Allow"	"POWERENG\joewhite"	"None"	"None"
"\\?\UNC\HLY-SMB01\Shares$\Studies\07 USERS\Joe White\JW_Clients\Bear_Valley\SCADA_Project_P1_n_P2\Tasks\Task 6 - Head End Arch\Hardware\SMS_Modem\RV50_EOS_Notice_v2_2019-05-02.pdf"	"FullControl"	"Allow"	"POWERENG\joewhite"	"None"	"None"
"\\?\UNC\HLY-SMB01\Shares$\Studies\07 USERS\Joe White\JW_Clients\Bear_Valley\SCADA_Project_P1_n_P2\Tasks\Task 6 - Head End Arch\Hardware\SMS_Modem\SierraWireless_AirLink_RV50_Datasheet.pdf"	"FullControl"	"Allow"	"POWERENG\joewhite"	"None"	"None"
"\\?\UNC\HLY-SMB01\Shares$\Studies\07 USERS\Joe White\JW_Clients\Bear_Valley\SCADA_Project_P1_n_P2\Tasks\Task 7 - Remote Sites\Remote Equipment\Mat List\Replaced Items\RS-35-15_Meanwell_2019-07-11.PDF"	"FullControl"	"Allow"	"POWERENG\joewhite"	"None"	"None"
"\\?\UNC\HLY-SMB01\Shares$\Studies\07 USERS\Joe White\JW_Clients\Bear_Valley\SCADA_Project_P1_n_P2\Tasks\Task 7 - Remote Sites\Remote Equipment\Mat List\gxt5-ups-500-3000-va-120v--guide-specifications.rtf"	"FullControl"	"Allow"	"POWERENG\joewhite"	"None"	"None"
"\\?\UNC\HLY-SMB01\Shares$\Studies\07 USERS\Joe White\JW_Clients\Bear_Valley\SCADA_Project_P1_n_P2\Tasks\Task 7 - Remote Sites\Remote Equipment\Mat_List_Check_Docs\OneDrive_1_9-3-2020.zip"	"FullControl"	"Allow"	"POWERENG\joewhite"	"None"	"None"
"\\?\UNC\HLY-SMB01\Shares$\Studies\07 USERS\Joe White\JW_Clients\Central_Power\2020_Haycreek2\N2228 - Design Review Packet_2020-08-13.pdf"	"FullControl"	"Allow"	"POWERENG\joewhite"	"None"	"None"
"\\?\UNC\HLY-SMB01\Shares$\Studies\07 USERS\Joe White\JW_Clients\DynaSolar\Gemini\Transformers\Construction\Drawing_Check\M10\Oil sampling_ABB_2020.mp4.8crtlu3.partial"	"FullControl"	"Allow"	"POWERENG\joewhite"	"None"	"None"
"\\?\UNC\HLY-SMB01\Shares$\Studies\07 USERS\Joe White\JW_Clients\DynaSolar\Gemini\Transformers\Construction\Drawing_Check\OneDrive_1_7-31-2020.zip"	"FullControl"	"Allow"	"POWERENG\joewhite"	"None"	"None"
"\\?\UNC\HLY-SMB01\Shares$\Studies\07 USERS\Joe White\JW_Clients\DynaSolar\Gemini\Transformers\Construction\Harmonics\SMA\SMASC_K_060033007_SMAPPC_03030000_Package_PSCAD (1).zip"	"FullControl"	"Allow"	"POWERENG\joewhite"	"None"	"None"
"\\?\UNC\HLY-SMB01\Shares$\Studies\07 USERS\Joe White\JW_Clients\Entergy\Big Lake Fuels (G2X)\BLF Plot & TL Route.kmz"	"FullControl"	"Allow"	"POWERENG\joewhite"	"None"	"None"
"\\?\UNC\HLY-SMB01\Shares$\Studies\07 USERS\Joe White\JW_Clients\Entergy\Big Lake Fuels (G2X)\Indicative Plot Plan_BLF.dwg"	"FullControl"	"Allow"	"POWERENG\joewhite"	"None"	"None"
"\\?\UNC\HLY-SMB01\Shares$\Studies\07 USERS\Joe White\JW_Clients\Entergy\Big_Lake-Mud_Lake\Benoit\Dashiell\Entergy Benoit IFR PDFs.piz"	"FullControl"	"Allow"	"POWERENG\joewhite"	"None"	"None"
"\\?\UNC\HLY-SMB01\Shares$\Studies\07 USERS\Joe White\JW_Clients\Entergy\Big_Lake-Mud_Lake\Line\Design\RE_ ML-BL - PLS CADD file upload.msg"	"FullControl"	"Allow"	"POWERENG\joewhite"	"None"	"None"
"\\?\UNC\HLY-SMB01\Shares$\Studies\07 USERS\Joe White\JW_Clients\Entergy\On-Boarding\Safety\Covid_19\Essential Training Guidelines_Entergy_2020-06-12.pdf"	"FullControl"	"Allow"	"POWERENG\joewhite"	"None"	"None"
"\\?\UNC\HLY-SMB01\Shares$\Studies\07 USERS\Joe White\JW_Clients\Entergy\On-Boarding\Safety\Covid_19\Guidelines for Reporting Illnesses_Entergy_2020-04-24.pdf"	"FullControl"	"Allow"	"POWERENG\joewhite"	"None"	"None"
"\\?\UNC\HLY-SMB01\Shares$\Studies\07 USERS\Joe White\JW_Clients\Entergy\On-Boarding\Safety\Covid_19\PPE and Respirator Guidelines_Entergy_2020-05-08.pdf"	"FullControl"	"Allow"	"POWERENG\joewhite"	"None"	"None"
"\\?\UNC\HLY-SMB01\Shares$\Studies\07 USERS\Joe White\JW_Clients\Entergy\On-Boarding\Safety\Covid_19\Self-check_n_Screening Guide_Entergy_2020-04-19.pdf"	"FullControl"	"Allow"	"POWERENG\joewhite"	"None"	"None"
"\\?\UNC\HLY-SMB01\Shares$\Studies\07 USERS\Joe White\JW_Clients\Entergy\On-Boarding\Safety\Covid_19\Sick at Work Guidance_Entergy_2020-04-24.pdf"	"FullControl"	"Allow"	"POWERENG\joewhite"	"None"	"None"
"\\?\UNC\HLY-SMB01\Shares$\Studies\07 USERS\Joe White\JW_Clients\Entergy\On-Boarding\Safety\Covid_19\Targeted Disinfection Protocols_Entergy_2020-04-08.pdf"	"FullControl"	"Allow"	"POWERENG\joewhite"	"None"	"None"
"\\?\UNC\HLY-SMB01\Shares$\Studies\07 USERS\Joe White\JW_Clients\Entergy\On-Boarding\Safety\Covid_19\Travel and Quarantine Guidance Rev5_Entergy_20-03-19.pdf"	"FullControl"	"Allow"	"POWERENG\joewhite"	"None"	"None"
"\\?\UNC\HLY-SMB01\Shares$\Studies\07 USERS\Joe White\JW_Clients\Entergy\On-Boarding\Safety\Covid_19\Work-related Injury or Illness While Telecommuting_Entergy_2020-06-11.pdf"	"FullControl"	"Allow"	"POWERENG\joewhite"	"None"	"None"
"\\?\UNC\HLY-SMB01\Shares$\Studies\07 USERS\Joe White\JW_Clients\Entergy\On-Boarding\Training\CIP-013\CIP-013 Six Threat Vectors - Jan  22 2020  Stakeholder Communication FINAL2.pptx"	"FullControl"	"Allow"	"POWERENG\joewhite"	"None"	"None"
"\\?\UNC\HLY-SMB01\Shares$\Studies\07 USERS\Joe White\JW_Clients\Entergy\On-Boarding\Training\CIP-013\CIP-13 Intro Message - Dec 2019 FINAL with Narration4.pptx"	"FullControl"	"Allow"	"POWERENG\joewhite"	"None"	"None"
"\\?\UNC\HLY-SMB01\Shares$\Studies\07 USERS\Joe White\JW_Clients\Entergy\On-Boarding\Training\12PSREF_2019-09-26.pdf.ko5mddn.partial"	"FullControl"	"Allow"	"POWERENG\joewhite"	"None"	"None"
"\\?\UNC\HLY-SMB01\Shares$\Studies\07 USERS\Joe White\JW_Clients\Green Backer Renewables\Repower_2020\Xfmr Suitability\120307832133-Xfmr\MBR_AWST Manufacturer Site Visit Report_2016-12-30.pdf"	"FullControl"	"Allow"	"POWERENG\joewhite"	"None"	"None"
"\\?\UNC\HLY-SMB01\Shares$\Studies\07 USERS\Joe White\JW_Clients\Green Backer Renewables\Repower_2020\Xfmr Suitability\120308119607-Elk_Sub\Elk Substation Turnover Books\Elk Substation Turnover Books.zip"	"FullControl"	"Allow"	"POWERENG\joewhite"	"None"	"None"
"\\?\UNC\HLY-SMB01\Shares$\Studies\07 USERS\Joe White\JW_Clients\Green Backer Renewables\Repower_2020\Xfmr Suitability\120308119607-Elk_Sub\Elk Substation Turnover Books\V4. Substation Submittal Package.zip"	"FullControl"	"Allow"	"POWERENG\joewhite"	"None"	"None"
"\\?\UNC\HLY-SMB01\Shares$\Studies\07 USERS\Joe White\JW_Clients\Green Backer Renewables\Repower_2020\Xfmr Suitability\120308119607-Elk_Sub\Elk Substation Turnover Books\V5. Logs.zip"	"FullControl"	"Allow"	"POWERENG\joewhite"	"None"	"None"
"\\?\UNC\HLY-SMB01\Shares$\Studies\07 USERS\Joe White\JW_Clients\Green Backer Renewables\Repower_2020\Xfmr Suitability\120308119607-Elk_Sub\Elk Substation Turnover Books\V6. Test Reports.zip"	"FullControl"	"Allow"	"POWERENG\joewhite"	"None"	"None"
"\\?\UNC\HLY-SMB01\Shares$\Studies\07 USERS\Joe White\JW_Clients\Green Backer Renewables\Repower_2020\Xfmr Suitability\120316350967-Hawkeye\Substation\Xfmr_Nameplate_Hawkeye.zip"	"FullControl"	"Allow"	"POWERENG\joewhite"	"None"	"None"
"\\?\UNC\HLY-SMB01\Shares$\Studies\07 USERS\Joe White\JW_Clients\Lewis_PUD\Specs\RFIs\RFI1\Responses\OneDrive_1_6-14-2021.zip"	"FullControl"	"Allow"	"POWERENG\joewhite"	"None"	"None"
"\\?\UNC\HLY-SMB01\Shares$\Studies\07 USERS\Joe White\JW_Clients\Lewis_PUD\Specs\Tasks\Task 4 - Mobile\Rev_A\Development\Anciliary_Equip\M650 User Manual RevO_Bitronics_2017-09-22.pdf"	"FullControl"	"Allow"	"POWERENG\joewhite"	"None"	"None"
"\\?\UNC\HLY-SMB01\Shares$\Studies\07 USERS\Joe White\JW_Clients\Lewis_PUD\Sub_of_Future\Tasks\Task 5 - Drawings Phase 4\Development\Comments\OneDrive_1_9-21-2021.zip"	"FullControl"	"Allow"	"POWERENG\joewhite"	"None"	"None"
"\\?\UNC\HLY-SMB01\Shares$\Studies\07 USERS\Joe White\JW_Clients\SCE\GMD\Discovery\SCE_Data_Proprietary\MEPPI_Bank2\06L5970104.pdf"	"FullControl"	"Allow"	"POWERENG\joewhite"	"None"	"None"
"\\?\UNC\HLY-SMB01\Shares$\Studies\07 USERS\Joe White\JW_Clients\SCE\GMD\Discovery\SCE_Data_Proprietary\06L597010x.zip"	"FullControl"	"Allow"	"POWERENG\joewhite"	"None"	"None"
"\\?\UNC\HLY-SMB01\Shares$\Studies\07 USERS\Joe White\JW_Power_Info\Tech Support\Power Delivery Charter - IEEE Committee Participation and Leadership Rev 0.pdf"	"FullControl"	"Allow"	"POWERENG\joewhite"	"None"	"None"
"\\?\UNC\HLY-SMB01\Shares$\Studies\07 USERS\Kurt Bell\Ameren\Ameren\Gateway\BNSF\Gateway BNSF_WSV 2 Budget_10-03-20.xlsx"	"FullControl"	"Allow"	"POWERENG\FS-HLYFS1-Studies-Share-RO"	"None"	"None"
"\\?\UNC\HLY-SMB01\Shares$\Studies\07 USERS\Kyle Bennett\Katrina Lidgard\Projects\ATER\ATER\Ater\Ater\OneDrive_2_6-6-2022.zip"	"FullControl"	"Allow"	"S-1-5-21-1380516296-1705272057-1576261225-63027"	"None"	"None"
"\\?\UNC\HLY-SMB01\Shares$\Studies\07 USERS\Kyle Bennett\Katrina Lidgard\Projects\ATER\ATER\Ater.zip"	"FullControl"	"Allow"	"S-1-5-21-1380516296-1705272057-1576261225-63027"	"None"	"None"
"\\?\UNC\HLY-SMB01\Shares$\Studies\07 USERS\Kyle Bennett\Katrina Lidgard\Projects\ATER\ATER\OneDrive_1_6-6-2022.zip"	"FullControl"	"Allow"	"S-1-5-21-1380516296-1705272057-1576261225-63027"	"None"	"None"
"\\?\UNC\HLY-SMB01\Shares$\Studies\07 USERS\Kyle Bennett\Katrina Lidgard\Projects\Avista\Resources\OneDrive_1_7-15-2021.zip"	"FullControl"	"Allow"	"S-1-5-21-1380516296-1705272057-1576261225-63027"	"None"	"None"
"\\?\UNC\HLY-SMB01\Shares$\Studies\07 USERS\Kyle Bennett\Katrina Lidgard\Projects\Broomfield\As Lefts\TR3 As-Left.zip"	"FullControl"	"Allow"	"S-1-5-21-1380516296-1705272057-1576261225-63027"	"None"	"None"
"\\?\UNC\HLY-SMB01\Shares$\Studies\07 USERS\Kyle Bennett\Katrina Lidgard\Projects\HOPK\0121-008.027S06.pdf"	"FullControl"	"Allow"	"S-1-5-21-1380516296-1705272057-1576261225-63027"	"None"	"None"
"\\?\UNC\HLY-SMB01\Shares$\Studies\07 USERS\Kyle Bennett\Katrina Lidgard\Projects\HOPK\0121-008.042s01.pdf"	"FullControl"	"Allow"	"S-1-5-21-1380516296-1705272057-1576261225-63027"	"None"	"None"
"\\?\UNC\HLY-SMB01\Shares$\Studies\07 USERS\Kyle Bennett\Katrina Lidgard\Projects\Lincoln County\Template_NTXIO12_C8000.ntx"	"FullControl"	"Allow"	"S-1-5-21-1380516296-1705272057-1576261225-63027"	"None"	"None"
"\\?\UNC\HLY-SMB01\Shares$\Studies\07 USERS\Kyle Bennett\Katrina Lidgard\Projects\Mayflower\Comm Settings\8155\MAYF_21S_8155_NATIVE.rdb"	"FullControl"	"Allow"	"S-1-5-21-1380516296-1705272057-1576261225-63027"	"None"	"None"
"\\?\UNC\HLY-SMB01\Shares$\Studies\07 USERS\Kyle Bennett\Katrina Lidgard\Projects\PARA\OneDrive_2_5-2-2022.zip"	"FullControl"	"Allow"	"S-1-5-21-1380516296-1705272057-1576261225-63027"	"None"	"None"
"\\?\UNC\HLY-SMB01\Shares$\Studies\07 USERS\Kyle Bennett\Katrina Lidgard\Projects\Prentice\NH-88315-3.DGN"	"FullControl"	"Allow"	"S-1-5-21-1380516296-1705272057-1576261225-63027"	"None"	"None"
"\\?\UNC\HLY-SMB01\Shares$\Studies\07 USERS\Kyle Bennett\Katrina Lidgard\Projects\Prentice\PRN-OPY-LINE 411L  Native.rdb"	"FullControl"	"Allow"	"S-1-5-21-1380516296-1705272057-1576261225-63027"	"None"	"None"
"\\?\UNC\HLY-SMB01\Shares$\Studies\07 USERS\Kyle Bennett\Katrina Lidgard\Projects\Prentice\PRN_21P_PFA_NATIVE.rdb"	"FullControl"	"Allow"	"S-1-5-21-1380516296-1705272057-1576261225-63027"	"None"	"None"
"\\?\UNC\HLY-SMB01\Shares$\Studies\07 USERS\Kyle Bennett\Katrina Lidgard\Projects\Wildfire\Del Norte\DELN_D20_8979.xls"	"FullControl"	"Allow"	"S-1-5-21-1380516296-1705272057-1576261225-63027"	"None"	"None"
"\\?\UNC\HLY-SMB01\Shares$\Studies\07 USERS\Kyle Bennett\Katrina Lidgard\Projects\Wildfire\Fruita\0116-008.039S01.pdf"	"FullControl"	"Allow"	"S-1-5-21-1380516296-1705272057-1576261225-63027"	"None"	"None"
"\\?\UNC\HLY-SMB01\Shares$\Studies\07 USERS\Kyle Bennett\Katrina Lidgard\Projects\Wildfire\Fruita\Fruita.zip"	"FullControl"	"Allow"	"S-1-5-21-1380516296-1705272057-1576261225-63027"	"None"	"None"
"\\?\UNC\HLY-SMB01\Shares$\Studies\07 USERS\Kyle Bennett\Katrina Lidgard\Projects\Wildfire\Kerber Creek\Kerber Creek\Kerber Creek\KERB_D20_8979.xls"	"FullControl"	"Allow"	"S-1-5-21-1380516296-1705272057-1576261225-63027"	"None"	"None"
"\\?\UNC\HLY-SMB01\Shares$\Studies\07 USERS\Kyle Bennett\Katrina Lidgard\Projects\Wildfire\Kerber Creek\Kerber Creek.zip"	"FullControl"	"Allow"	"S-1-5-21-1380516296-1705272057-1576261225-63027"	"None"	"None"
"\\?\UNC\HLY-SMB01\Shares$\Studies\07 USERS\Kyle Bennett\Katrina Lidgard\Projects\Wildfire\Rio Grande\Rio Grande.zip"	"FullControl"	"Allow"	"S-1-5-21-1380516296-1705272057-1576261225-63027"	"None"	"None"
"\\?\UNC\HLY-SMB01\Shares$\Studies\07 USERS\Kyle Bennett\Katrina Lidgard\Projects\Wildfire\Shoshone\Shoshone PDF.zip"	"FullControl"	"Allow"	"S-1-5-21-1380516296-1705272057-1576261225-63027"	"None"	"None"
"\\?\UNC\HLY-SMB01\Shares$\Studies\07 USERS\Kyle Bennett\Katrina Lidgard\Projects\Wildfire\Homelake.zip"	"FullControl"	"Allow"	"S-1-5-21-1380516296-1705272057-1576261225-63027"	"None"	"None"
"\\?\UNC\HLY-SMB01\Shares$\Studies\07 USERS\Kyle Bennett\Katrina Lidgard\Projects\Xcel Protection\Arapahoe\ARAP_115KV_BANK5_PKG-T5S_AL_20220314.urs"	"FullControl"	"Allow"	"S-1-5-21-1380516296-1705272057-1576261225-63027"	"None"	"None"
"\\?\UNC\HLY-SMB01\Shares$\Studies\07 USERS\Kyle Bennett\Katrina Lidgard\Projects\Xcel Protection\Arapahoe\ARAP_9335_PKG-BF_Calc.xmcd"	"FullControl"	"Allow"	"S-1-5-21-1380516296-1705272057-1576261225-63027"	"None"	"None"
"\\?\UNC\HLY-SMB01\Shares$\Studies\07 USERS\Kyle Bennett\Katrina Lidgard\Projects\Xcel Protection\Arapahoe\BANK5_PKG-S_As-lefts.zip"	"FullControl"	"Allow"	"S-1-5-21-1380516296-1705272057-1576261225-63027"	"None"	"None"
"\\?\UNC\HLY-SMB01\Shares$\Studies\07 USERS\Kyle Bennett\Katrina Lidgard\Projects\Xcel Protection\Harrison\Resources\0002-908.040S04.dgn"	"FullControl"	"Allow"	"S-1-5-21-1380516296-1705272057-1576261225-63027"	"None"	"None"
"\\?\UNC\HLY-SMB01\Shares$\Studies\07 USERS\Kyle Bennett\Katrina Lidgard\Projects\Xcel Protection\Leggett\As-found\LEGG10-5-09.rdb"	"FullControl"	"Allow"	"S-1-5-21-1380516296-1705272057-1576261225-63027"	"None"	"None"
"\\?\UNC\HLY-SMB01\Shares$\Studies\07 USERS\Kyle Bennett\Katrina Lidgard\Projects\Xcel Protection\Leggett\LEGG10-5-09.rdb"	"FullControl"	"Allow"	"S-1-5-21-1380516296-1705272057-1576261225-63027"	"None"	"None"
"\\?\UNC\HLY-SMB01\Shares$\Studies\07 USERS\Kyle Bennett\Katrina Lidgard\Projects\Xcel Protection\Mayflower\To upload\MAYF_115KV_PKG-S_FIELD_RETURNED_SETTINGS_10-07-2015.urs"	"FullControl"	"Allow"	"S-1-5-21-1380516296-1705272057-1576261225-63027"	"None"	"None"
"\\?\UNC\HLY-SMB01\Shares$\Studies\07 USERS\Kyle Bennett\Katrina Lidgard\Projects\Xcel Protection\Mayflower\MAYF As Lefts.zip"	"FullControl"	"Allow"	"S-1-5-21-1380516296-1705272057-1576261225-63027"	"None"	"None"
"\\?\UNC\HLY-SMB01\Shares$\Studies\07 USERS\Kyle Bennett\Katrina Lidgard\Projects\ATER.zip"	"FullControl"	"Allow"	"S-1-5-21-1380516296-1705272057-1576261225-63027"	"None"	"None"
"\\?\UNC\HLY-SMB01\Shares$\Studies\07 USERS\Lizzie Bonham\IDS\Milligan-Tobias\0179-067_Milligan - Tobias 345kV_Design_Criteria_06-21-19_Rev B.pdf"	"FullControl"	"Allow"	"POWERENG\lbonham"	"None"	"None"
"\\?\UNC\HLY-SMB01\Shares$\Studies\07 USERS\Lizzie Bonham\IDS\Milligan-Tobias\Milligan - Tobias 345kV_Preliminary_Rev A.kmz"	"FullControl"	"Allow"	"POWERENG\lbonham"	"None"	"None"
"\\?\UNC\HLY-SMB01\Shares$\Studies\07 USERS\Lizzie Bonham\Other\PPRS_Homework_Assignment.pdf"	"FullControl"	"Allow"	"POWERENG\lbonham"	"None"	"None"
"\\?\UNC\HLY-SMB01\Shares$\Studies\07 USERS\Lizzie Bonham\SunPower China Lake\Lab Work\UM_BasicConfig_L2E_Rel90_en.pdf"	"FullControl"	"Allow"	"POWERENG\lbonham"	"None"	"None"
"\\?\UNC\HLY-SMB01\Shares$\Studies\07 USERS\Lyn England\For Lyn\PE Study Materials\EEPW_HW.pdf"	"FullControl"	"Allow"	"POWERENG\lengland"	"None"	"None"
"\\?\UNC\HLY-SMB01\Shares$\Studies\07 USERS\Lyn England\For Lyn\PE Study Materials\EEPW_HW.pdf"	"Read, Synchronize"	"Allow"	"S-1-15-2-3624051433-2125758914-1423191267-1740899205-1073925389-3782572162-737981194"	"None"	"None"
"\\?\UNC\HLY-SMB01\Shares$\Studies\07 USERS\Lyn England\For Lyn\PE Study Materials\EEPW_HW.pdf"	"Read, Synchronize"	"Allow"	"S-1-15-3-3624051433-2125758914-1423191267-1740899205-1073925389-3782572162-737981194"	"None"	"None"
"\\?\UNC\HLY-SMB01\Shares$\Studies\07 USERS\Lyn England\For Lyn\PE Study Materials\EPRC_HW.pdf"	"FullControl"	"Allow"	"POWERENG\lengland"	"None"	"None"
"\\?\UNC\HLY-SMB01\Shares$\Studies\07 USERS\Lyn England\For Lyn\PE Study Materials\EPRC_HW.pdf"	"Read, Synchronize"	"Allow"	"S-1-15-2-3624051433-2125758914-1423191267-1740899205-1073925389-3782572162-737981194"	"None"	"None"
"\\?\UNC\HLY-SMB01\Shares$\Studies\07 USERS\Lyn England\For Lyn\PE Study Materials\EPRC_HW.pdf"	"Read, Synchronize"	"Allow"	"S-1-15-3-3624051433-2125758914-1423191267-1740899205-1073925389-3782572162-737981194"	"None"	"None"
"\\?\UNC\HLY-SMB01\Shares$\Studies\07 USERS\Lyn England\For Lyn\PE Study Materials\EPRC_L0100_DC_Circuit_Analysis.pdf"	"FullControl"	"Allow"	"POWERENG\lengland"	"None"	"None"
"\\?\UNC\HLY-SMB01\Shares$\Studies\07 USERS\Lyn England\For Lyn\PE Study Materials\EPRC_L0100_DC_Circuit_Analysis.pdf"	"Read, Synchronize"	"Allow"	"S-1-15-2-3624051433-2125758914-1423191267-1740899205-1073925389-3782572162-737981194"	"None"	"None"
"\\?\UNC\HLY-SMB01\Shares$\Studies\07 USERS\Lyn England\For Lyn\PE Study Materials\EPRC_L0100_DC_Circuit_Analysis.pdf"	"Read, Synchronize"	"Allow"	"S-1-15-3-3624051433-2125758914-1423191267-1740899205-1073925389-3782572162-737981194"	"None"	"None"
"\\?\UNC\HLY-SMB01\Shares$\Studies\07 USERS\Lyn England\For Lyn\PE Study Materials\EPRC_L0101_Units, Relationships, and Conversions.pdf"	"FullControl"	"Allow"	"POWERENG\lengland"	"None"	"None"
"\\?\UNC\HLY-SMB01\Shares$\Studies\07 USERS\Lyn England\For Lyn\PE Study Materials\EPRC_L0101_Units, Relationships, and Conversions.pdf"	"Read, Synchronize"	"Allow"	"S-1-15-2-3624051433-2125758914-1423191267-1740899205-1073925389-3782572162-737981194"	"None"	"None"
"\\?\UNC\HLY-SMB01\Shares$\Studies\07 USERS\Lyn England\For Lyn\PE Study Materials\EPRC_L0101_Units, Relationships, and Conversions.pdf"	"Read, Synchronize"	"Allow"	"S-1-15-3-3624051433-2125758914-1423191267-1740899205-1073925389-3782572162-737981194"	"None"	"None"
"\\?\UNC\HLY-SMB01\Shares$\Studies\07 USERS\Lyn England\For Lyn\PE Study Materials\EPRC_L0102_Basics_of_DC_Circuits.pdf"	"FullControl"	"Allow"	"POWERENG\lengland"	"None"	"None"
"\\?\UNC\HLY-SMB01\Shares$\Studies\07 USERS\Lyn England\For Lyn\PE Study Materials\EPRC_L0102_Basics_of_DC_Circuits.pdf"	"Read, Synchronize"	"Allow"	"S-1-15-2-3624051433-2125758914-1423191267-1740899205-1073925389-3782572162-737981194"	"None"	"None"
"\\?\UNC\HLY-SMB01\Shares$\Studies\07 USERS\Lyn England\For Lyn\PE Study Materials\EPRC_L0102_Basics_of_DC_Circuits.pdf"	"Read, Synchronize"	"Allow"	"S-1-15-3-3624051433-2125758914-1423191267-1740899205-1073925389-3782572162-737981194"	"None"	"None"
"\\?\UNC\HLY-SMB01\Shares$\Studies\07 USERS\Lyn England\For Lyn\PE Study Materials\EPRC_L0103_Current-Voltage_Division_and_Superposition.pdf"	"FullControl"	"Allow"	"POWERENG\lengland"	"None"	"None"
"\\?\UNC\HLY-SMB01\Shares$\Studies\07 USERS\Lyn England\For Lyn\PE Study Materials\EPRC_L0103_Current-Voltage_Division_and_Superposition.pdf"	"Read, Synchronize"	"Allow"	"S-1-15-2-3624051433-2125758914-1423191267-1740899205-1073925389-3782572162-737981194"	"None"	"None"
"\\?\UNC\HLY-SMB01\Shares$\Studies\07 USERS\Lyn England\For Lyn\PE Study Materials\EPRC_L0103_Current-Voltage_Division_and_Superposition.pdf"	"Read, Synchronize"	"Allow"	"S-1-15-3-3624051433-2125758914-1423191267-1740899205-1073925389-3782572162-737981194"	"None"	"None"
"\\?\UNC\HLY-SMB01\Shares$\Studies\07 USERS\Lyn England\For Lyn\PE Study Materials\EPRC_L0104_Norton_and_Thevenin_Equivalents.pdf"	"FullControl"	"Allow"	"POWERENG\lengland"	"None"	"None"
"\\?\UNC\HLY-SMB01\Shares$\Studies\07 USERS\Lyn England\For Lyn\PE Study Materials\EPRC_L0104_Norton_and_Thevenin_Equivalents.pdf"	"Read, Synchronize"	"Allow"	"S-1-15-2-3624051433-2125758914-1423191267-1740899205-1073925389-3782572162-737981194"	"None"	"None"
"\\?\UNC\HLY-SMB01\Shares$\Studies\07 USERS\Lyn England\For Lyn\PE Study Materials\EPRC_L0104_Norton_and_Thevenin_Equivalents.pdf"	"Read, Synchronize"	"Allow"	"S-1-15-3-3624051433-2125758914-1423191267-1740899205-1073925389-3782572162-737981194"	"None"	"None"
"\\?\UNC\HLY-SMB01\Shares$\Studies\07 USERS\Mgmt_Team"	"FullControl"	"Allow"	"POWERENG\FS-FileServices-ADM"	"ContainerInherit, ObjectInherit"	"None"
"\\?\UNC\HLY-SMB01\Shares$\Studies\07 USERS\Mgmt_Team"	"FullControl"	"Allow"	"POWERENG\FS-HLYFS1-Studies-Share-Mgmt_Team-Folder-01-FC"	"ContainerInherit, ObjectInherit"	"None"
"\\?\UNC\HLY-SMB01\Shares$\Studies\07 USERS\Mgmt_Team"	"ReadAndExecute, Synchronize"	"Allow"	"POWERENG\FS-HLYFS1-Studies-Share-Mgmt_Team-Folder-01-RO"	"ContainerInherit, ObjectInherit"	"None"
"\\?\UNC\HLY-SMB01\Shares$\Studies\07 USERS\Mgmt_Team"	"Modify, Synchronize"	"Allow"	"POWERENG\FS-HLYFS1-Studies-Share-Mgmt_Team-Folder-01-RW"	"ContainerInherit, ObjectInherit"	"None"
"\\?\UNC\HLY-SMB01\Shares$\Studies\07 USERS\Mgmt_Team\00_Old_BU-by-year_Files\2019\2019_Management_Meetings\Fall_Freeport August 27-28, 2019\Planning\Claytons Cafe Catering Menu.pdf"	"FullControl"	"Allow"	"POWERENG\ryounger"	"None"	"None"
"\\?\UNC\HLY-SMB01\Shares$\Studies\07 USERS\Mgmt_Team\00_Old_BU-by-year_Files\2020\2020_Management_Meetings\Spring Mgmt Mtg-FTW\Meals-Event\FunkyTown-Food-Menu-02.05.2020.pdf"	"FullControl"	"Allow"	"POWERENG\ryounger"	"None"	"None"
"\\?\UNC\HLY-SMB01\Shares$\Studies\07 USERS\Mgmt_Team\00_Old_BU-by-year_Files\2020\2020_Management_Meetings\Spring Mgmt Mtg-FTW\Meals-Event\Leaders Institute Agreement_DocuSign_20200131.pdf"	"FullControl"	"Allow"	"POWERENG\ryounger"	"None"	"None"
"\\?\UNC\HLY-SMB01\Shares$\Studies\07 USERS\Natalie Maddox\___Miscellaneous\iec61850-9-2-amd1{ed2.0}b.pdf"	"FullControl"	"Allow"	"POWERENG\nmaddox"	"None"	"None"
"\\?\UNC\HLY-SMB01\Shares$\Studies\07 USERS\Natalie Maddox\___Miscellaneous\iec61869-9{ed1.0}b.zip"	"FullControl"	"Allow"	"POWERENG\nmaddox"	"None"	"None"
"\\?\UNC\HLY-SMB01\Shares$\Studies\07 USERS\Natalie Maddox\___Miscellaneous\iectr61850-7-6{ed1.0}en.pdf"	"FullControl"	"Allow"	"POWERENG\nmaddox"	"None"	"None"
"\\?\UNC\HLY-SMB01\Shares$\Studies\07 USERS\Richelle Younger\Audits_PowerDelivery\2017\2017_PD_Project_Audit_Plan"	"FullControl"	"Allow"	"POWERENG\ryounger"	"None"	"None"
"\\?\UNC\HLY-SMB01\Shares$\Studies\07 USERS\Richelle Younger\Personal\Performance Reviews_Goals_Objectives_JobStatusChanges\2020_Fall_Performance_Review-Richelle_Younger_signed_2020-11-19.pdf"	"FullControl"	"Allow"	"POWERENG\ryounger"	"None"	"None"
"\\?\UNC\HLY-SMB01\Shares$\Studies\07 USERS\Richelle Younger\Personal\AmericanRedCross_RapidPassReceipt-20200113.jpg"	"FullControl"	"Allow"	"POWERENG\ryounger"	"None"	"None"
"\\?\UNC\HLY-SMB01\Shares$\Studies\07 USERS\Richelle Younger\SALT Team\ResumeReviews\Syracuse_SA_SAS_2020\Resumes and Phone Screen Notes\MarciaHagan_resume_59880_5489.docx"	"FullControl"	"Allow"	"POWERENG\ryounger"	"None"	"None"
"\\?\UNC\HLY-SMB01\Shares$\Studies\07 USERS\Richelle Younger\SALT Team\ResumeReviews\Syracuse_SA_SAS_2020\Resumes and Phone Screen Notes\Mather, Katie - resume_60094_5489.pdf"	"FullControl"	"Allow"	"POWERENG\ryounger"	"None"	"None"
"\\?\UNC\HLY-SMB01\Shares$\Studies\07 USERS\Richelle Younger\SALT Team\ResumeReviews\Syracuse_SA_SAS_2020\Skills Assessments\Cathy Kerr\Clerical Proofreading.pdf"	"FullControl"	"Allow"	"POWERENG\ryounger"	"None"	"None"
"\\?\UNC\HLY-SMB01\Shares$\Studies\07 USERS\Richelle Younger\SALT Team\ResumeReviews\Syracuse_SA_SAS_2020\Skills Assessments\Cathy Kerr\Excel.pdf"	"FullControl"	"Allow"	"POWERENG\ryounger"	"None"	"None"
"\\?\UNC\HLY-SMB01\Shares$\Studies\07 USERS\Richelle Younger\SALT Team\ResumeReviews\Syracuse_SA_SAS_2020\Skills Assessments\Cathy Kerr\Grammar and Spelling.pdf"	"FullControl"	"Allow"	"POWERENG\ryounger"	"None"	"None"
"\\?\UNC\HLY-SMB01\Shares$\Studies\07 USERS\Richelle Younger\SALT Team\ResumeReviews\Syracuse_SA_SAS_2020\Skills Assessments\Cathy Kerr\Outlook.pdf"	"FullControl"	"Allow"	"POWERENG\ryounger"	"None"	"None"
"\\?\UNC\HLY-SMB01\Shares$\Studies\07 USERS\Richelle Younger\SALT Team\ResumeReviews\Syracuse_SA_SAS_2020\Skills Assessments\Cathy Kerr\Word.pdf"	"FullControl"	"Allow"	"POWERENG\ryounger"	"None"	"None"
"\\?\UNC\HLY-SMB01\Shares$\Studies\07 USERS\Richelle Younger\SALT Team\ResumeReviews\Syracuse_SA_SAS_2020\Skills Assessments\Katie Mather\Clerical Proofreading.pdf"	"FullControl"	"Allow"	"POWERENG\ryounger"	"None"	"None"
"\\?\UNC\HLY-SMB01\Shares$\Studies\07 USERS\Richelle Younger\SALT Team\ResumeReviews\Syracuse_SA_SAS_2020\Skills Assessments\Katie Mather\Excel.pdf"	"FullControl"	"Allow"	"POWERENG\ryounger"	"None"	"None"
"\\?\UNC\HLY-SMB01\Shares$\Studies\07 USERS\Richelle Younger\SALT Team\ResumeReviews\Syracuse_SA_SAS_2020\Skills Assessments\Katie Mather\Grammar and Spelling.pdf"	"FullControl"	"Allow"	"POWERENG\ryounger"	"None"	"None"
"\\?\UNC\HLY-SMB01\Shares$\Studies\07 USERS\Richelle Younger\SALT Team\ResumeReviews\Syracuse_SA_SAS_2020\Skills Assessments\Katie Mather\Word.pdf"	"FullControl"	"Allow"	"POWERENG\ryounger"	"None"	"None"
"\\?\UNC\HLY-SMB01\Shares$\Studies\07 USERS\Richelle Younger\SALT Team\ResumeReviews\Syracuse_SA_SAS_2020\Skills Assessments\Lynn Broussard\Clerical Proofreading.pdf"	"FullControl"	"Allow"	"POWERENG\ryounger"	"None"	"None"
"\\?\UNC\HLY-SMB01\Shares$\Studies\07 USERS\Richelle Younger\SALT Team\ResumeReviews\Syracuse_SA_SAS_2020\Skills Assessments\Lynn Broussard\Excel.pdf"	"FullControl"	"Allow"	"POWERENG\ryounger"	"None"	"None"
"\\?\UNC\HLY-SMB01\Shares$\Studies\07 USERS\Richelle Younger\SALT Team\ResumeReviews\Syracuse_SA_SAS_2020\Skills Assessments\Lynn Broussard\Grammar and Spelling.pdf"	"FullControl"	"Allow"	"POWERENG\ryounger"	"None"	"None"
"\\?\UNC\HLY-SMB01\Shares$\Studies\07 USERS\Richelle Younger\SALT Team\ResumeReviews\Syracuse_SA_SAS_2020\Skills Assessments\Lynn Broussard\Outlook.pdf"	"FullControl"	"Allow"	"POWERENG\ryounger"	"None"	"None"
"\\?\UNC\HLY-SMB01\Shares$\Studies\07 USERS\Richelle Younger\SALT Team\ResumeReviews\Syracuse_SA_SAS_2020\Skills Assessments\Lynn Broussard\Word.pdf"	"FullControl"	"Allow"	"POWERENG\ryounger"	"None"	"None"
"\\?\UNC\HLY-SMB01\Shares$\Studies\07 USERS\Richelle Younger\SALT Team\ResumeReviews\Syracuse_SA_SAS_2020\Skills Assessments\Rebecca Bymaster\Clerical Proofreading.pdf"	"FullControl"	"Allow"	"POWERENG\ryounger"	"None"	"None"
"\\?\UNC\HLY-SMB01\Shares$\Studies\07 USERS\Richelle Younger\SALT Team\ResumeReviews\Syracuse_SA_SAS_2020\Skills Assessments\Rebecca Bymaster\Excel.pdf"	"FullControl"	"Allow"	"POWERENG\ryounger"	"None"	"None"
"\\?\UNC\HLY-SMB01\Shares$\Studies\07 USERS\Richelle Younger\SALT Team\ResumeReviews\Syracuse_SA_SAS_2020\Skills Assessments\Rebecca Bymaster\Grammar and Spelling.pdf"	"FullControl"	"Allow"	"POWERENG\ryounger"	"None"	"None"
"\\?\UNC\HLY-SMB01\Shares$\Studies\07 USERS\Richelle Younger\SALT Team\ResumeReviews\Syracuse_SA_SAS_2020\Skills Assessments\Rebecca Bymaster\Outlook.pdf"	"FullControl"	"Allow"	"POWERENG\ryounger"	"None"	"None"
"\\?\UNC\HLY-SMB01\Shares$\Studies\07 USERS\Richelle Younger\SALT Team\ResumeReviews\Syracuse_SA_SAS_2020\Skills Assessments\Rebecca Bymaster\Word.pdf"	"FullControl"	"Allow"	"POWERENG\ryounger"	"None"	"None"
"\\?\UNC\HLY-SMB01\Shares$\Studies\07 USERS\Richelle Younger\SCADA\SCADA Conference-Fall 2019\Data_All_200225.pdf"	"FullControl"	"Allow"	"POWERENG\ryounger"	"None"	"None"
"\\?\UNC\HLY-SMB01\Shares$\Studies\07 USERS\Richelle Younger\SCADA\SCADA Conference-Fall 2019\Responses_All_200218.pdf"	"FullControl"	"Allow"	"POWERENG\ryounger"	"None"	"None"
"\\?\UNC\HLY-SMB01\Shares$\Studies\07 USERS\Richelle Younger\SCADA\SCADA Conference-Fall 2019\Responses_All_200225.pdf"	"FullControl"	"Allow"	"POWERENG\ryounger"	"None"	"None"
"\\?\UNC\HLY-SMB01\Shares$\Studies\07 USERS\Richelle Younger\SCADA\SCADA Conference-Fall 2019\SummaryData_All_20200218.pdf"	"FullControl"	"Allow"	"POWERENG\ryounger"	"None"	"None"
"\\?\UNC\HLY-SMB01\Shares$\Studies\07 USERS\Richelle Younger\Travel Info\Rewards Programs\Emerald_Executive_Club_card_20200305.png"	"FullControl"	"Allow"	"POWERENG\ryounger"	"None"	"None"
"\\?\UNC\HLY-SMB01\Shares$\Studies\07 USERS\Richelle Younger\PD Fall Training Event\PDFTE_Files_now_living _in_ProjectWise\PD Fall Training Event - 2018\SurveyMonkey\Post-Event 2018 PDFTE Feedback Survey_DRAFT_2018-10-03.pdf"	"FullControl"	"Allow"	"POWERENG\ryounger"	"None"	"None"
"\\?\UNC\HLY-SMB01\Shares$\Studies\07 USERS\Richelle Younger\PD Fall Training Event\PDFTE_Files_now_living _in_ProjectWise\PD Fall Training Event - 2019\Surveys\Post-Event\Attendee Feedback DRAFT 20191001.pdf"	"FullControl"	"Allow"	"POWERENG\ryounger"	"None"	"None"
"\\?\UNC\HLY-SMB01\Shares$\Studies\07 USERS\Richelle Younger\PD Fall Training Event\PDFTE_Files_now_living _in_ProjectWise\PD Fall Training Event - 2019\Surveys\Post-Event\Data_PDFTE ATTENDEE FEEDBACK SUMMARY_All_20191104.pdf"	"FullControl"	"Allow"	"POWERENG\ryounger"	"None"	"None"
"\\?\UNC\HLY-SMB01\Shares$\Studies\07 USERS\Richelle Younger\PD Fall Training Event\PDFTE_Files_now_living _in_ProjectWise\PD Fall Training Event - 2019\Surveys\Post-Event\Data_PDFTE PRESENTER FEEDBACK SUMMARY_All_20191104.pdf"	"FullControl"	"Allow"	"POWERENG\ryounger"	"None"	"None"
"\\?\UNC\HLY-SMB01\Shares$\Studies\07 USERS\Richelle Younger\PD Fall Training Event\PDFTE_Files_now_living _in_ProjectWise\PD Fall Training Event - 2019\Surveys\Post-Event\Presenter Feedback DRAFT 20191001.pdf"	"FullControl"	"Allow"	"POWERENG\ryounger"	"None"	"None"
"\\?\UNC\HLY-SMB01\Shares$\Studies\07 USERS\Richelle Younger\Effective Meeting Facilitation and Collaboration\Courses\1.1_Course Introduction_EFC_Sept2020.pdf"	"FullControl"	"Allow"	"POWERENG\ryounger"	"None"	"None"
"\\?\UNC\HLY-SMB01\Shares$\Studies\07 USERS\Richelle Younger\Effective Meeting Facilitation and Collaboration\Courses\1.2_Power Of Collaborative Meetings_EFC_Sept2020.pdf"	"FullControl"	"Allow"	"POWERENG\ryounger"	"None"	"None"
"\\?\UNC\HLY-SMB01\Shares$\Studies\07 USERS\Richelle Younger\Effective Meeting Facilitation and Collaboration\Courses\1.3_Meeting Design Overview_EFC_Sept2020.pdf"	"FullControl"	"Allow"	"POWERENG\ryounger"	"None"	"None"
"\\?\UNC\HLY-SMB01\Shares$\Studies\07 USERS\Richelle Younger\Effective Meeting Facilitation and Collaboration\Courses\1.4_Meeting Roles_EFC_Sept2020.pdf"	"FullControl"	"Allow"	"POWERENG\ryounger"	"None"	"None"
"\\?\UNC\HLY-SMB01\Shares$\Studies\07 USERS\Richelle Younger\Effective Meeting Facilitation and Collaboration\Courses\1.5_Meeting Intent And Types_EFC_Sept2020.pdf"	"FullControl"	"Allow"	"POWERENG\ryounger"	"None"	"None"
"\\?\UNC\HLY-SMB01\Shares$\Studies\07 USERS\Richelle Younger\Effective Meeting Facilitation and Collaboration\Courses\1.6_Meeting Set Up And Tools_EFC_Sept2020.pdf"	"FullControl"	"Allow"	"POWERENG\ryounger"	"None"	"None"
"\\?\UNC\HLY-SMB01\Shares$\Studies\07 USERS\Richelle Younger\Effective Meeting Facilitation and Collaboration\Courses\1.7_Meeting Design_Putting It Together_EFC_Sept2020.pdf"	"FullControl"	"Allow"	"POWERENG\ryounger"	"None"	"None"
"\\?\UNC\HLY-SMB01\Shares$\Studies\07 USERS\Richelle Younger\Effective Meeting Facilitation and Collaboration\Courses\2.1_Health Dynamics Content Context_EFC_Sept2020.pdf"	"FullControl"	"Allow"	"POWERENG\ryounger"	"None"	"None"
"\\?\UNC\HLY-SMB01\Shares$\Studies\07 USERS\Richelle Younger\Effective Meeting Facilitation and Collaboration\Courses\2.2_Facilitation Style And Skills_EFC_Sept2020.pdf"	"FullControl"	"Allow"	"POWERENG\ryounger"	"None"	"None"
"\\?\UNC\HLY-SMB01\Shares$\Studies\07 USERS\Richelle Younger\Effective Meeting Facilitation and Collaboration\Courses\2.3_Dysfunctional Behaviors_EFC_Sept2020.pdf"	"FullControl"	"Allow"	"POWERENG\ryounger"	"None"	"None"
"\\?\UNC\HLY-SMB01\Shares$\Studies\07 USERS\Richelle Younger\Effective Meeting Facilitation and Collaboration\Courses\2.4_Meeting Stages Facilitation Techniques_EFC_Sept2020.pdf"	"FullControl"	"Allow"	"POWERENG\ryounger"	"None"	"None"
"\\?\UNC\HLY-SMB01\Shares$\Studies\07 USERS\Richelle Younger\Effective Meeting Facilitation and Collaboration\Courses\2.5_Tools For Virtual Meetings_EFC_Sept2020.pdf"	"FullControl"	"Allow"	"POWERENG\ryounger"	"None"	"None"
"\\?\UNC\HLY-SMB01\Shares$\Studies\07 USERS\Richelle Younger\Effective Meeting Facilitation and Collaboration\Courses\2.6_Practice Facilitation Techniques_EFC_Sept2020.pdf"	"FullControl"	"Allow"	"POWERENG\ryounger"	"None"	"None"
"\\?\UNC\HLY-SMB01\Shares$\Studies\07 USERS\Richelle Younger\Effective Meeting Facilitation and Collaboration\Courses\2.7_Facilitation Plan_EFC_Sept2020.pdf"	"FullControl"	"Allow"	"POWERENG\ryounger"	"None"	"None"
"\\?\UNC\HLY-SMB01\Shares$\Studies\07 USERS\Richelle Younger\Effective Meeting Facilitation and Collaboration\Courses\2.8_Facilitation Self-Assessment_Sept2020.pdf"	"FullControl"	"Allow"	"POWERENG\ryounger"	"None"	"None"
"\\?\UNC\HLY-SMB01\Shares$\Studies\07 USERS\Richelle Younger\Effective Meeting Facilitation and Collaboration\Courses\2.9_KeyTake-Aways And Additional Videos_Sept2020.pdf"	"FullControl"	"Allow"	"POWERENG\ryounger"	"None"	"None"
"\\?\UNC\HLY-SMB01\Shares$\Studies\07 USERS\Richelle Younger\Effective Meeting Facilitation and Collaboration\_Effective Facilitation Course - Agenda_September 2020.pdf"	"FullControl"	"Allow"	"POWERENG\ryounger"	"None"	"None"
"\\?\UNC\HLY-SMB01\Shares$\Studies\07 USERS\X_Transfered_Resigned_Retired_EMPLOYEES\Jeff Eggebraaten\ERCOT\rpt.00015963.0000000000000000.20190329.171003622.SPWG_2019_CY_Final.zip"	"FullControl"	"Allow"	"S-1-5-21-1380516296-1705272057-1576261225-22384"	"None"	"None"
"\\?\UNC\HLY-SMB01\Shares$\Studies\07 USERS\X_Transfered_Resigned_Retired_EMPLOYEES\Jeff Eggebraaten\ERCOT\rpt.00015964.0000000000000000.20190719.093629682.SPWG_2019_FY_Final.zip"	"FullControl"	"Allow"	"S-1-5-21-1380516296-1705272057-1576261225-22384"	"None"	"None"
"\\?\UNC\HLY-SMB01\Shares$\Studies\07 USERS\X_Transfered_Resigned_Retired_EMPLOYEES\Katherine Martines\Admin Things\OUTAGE\OUTAGE photos\IMG_0064.jpg"	"FullControl"	"Allow"	"S-1-5-21-1380516296-1705272057-1576261225-56080"	"None"	"None"
"\\?\UNC\HLY-SMB01\Shares$\Studies\07 USERS\X_Transfered_Resigned_Retired_EMPLOYEES\Katherine Martines\Admin Things\OUTAGE\OUTAGE photos\IMG_0065.jpg"	"FullControl"	"Allow"	"S-1-5-21-1380516296-1705272057-1576261225-56080"	"None"	"None"
"\\?\UNC\HLY-SMB01\Shares$\Studies\07 USERS\X_Transfered_Resigned_Retired_EMPLOYEES\Katherine Martines\Admin Things\OUTAGE\OUTAGE photos\IMG_0066.jpg"	"FullControl"	"Allow"	"S-1-5-21-1380516296-1705272057-1576261225-56080"	"None"	"None"
"\\?\UNC\HLY-SMB01\Shares$\Studies\07 USERS\X_Transfered_Resigned_Retired_EMPLOYEES\Katherine Martines\Admin Things\OUTAGE\OUTAGE photos\IMG_0119.jpg"	"FullControl"	"Allow"	"S-1-5-21-1380516296-1705272057-1576261225-56080"	"None"	"None"
"\\?\UNC\HLY-SMB01\Shares$\Studies\07 USERS\X_Transfered_Resigned_Retired_EMPLOYEES\Katherine Martines\Admin Things\OUTAGE\OUTAGE photos\IMG_0120.jpg"	"FullControl"	"Allow"	"S-1-5-21-1380516296-1705272057-1576261225-56080"	"None"	"None"
"\\?\UNC\HLY-SMB01\Shares$\Studies\07 USERS\X_Transfered_Resigned_Retired_EMPLOYEES\Katherine Martines\Admin Things\OUTAGE\OUTAGE photos\IMG_0121.jpg"	"FullControl"	"Allow"	"S-1-5-21-1380516296-1705272057-1576261225-56080"	"None"	"None"
"\\?\UNC\HLY-SMB01\Shares$\Studies\07 USERS\X_Transfered_Resigned_Retired_EMPLOYEES\Katherine Martines\Admin Things\OUTAGE\OUTAGE photos\IMG_0122.jpg"	"FullControl"	"Allow"	"S-1-5-21-1380516296-1705272057-1576261225-56080"	"None"	"None"
"\\?\UNC\HLY-SMB01\Shares$\Studies\07 USERS\X_Transfered_Resigned_Retired_EMPLOYEES\Scott Shondell\Projects\Headlsburg Modem\SystemSettings_20190129.bkp"	"FullControl"	"Allow"	"S-1-5-21-1380516296-1705272057-1576261225-69757"	"None"	"None"
"\\?\UNC\HLY-SMB01\Shares$\Studies\07 USERS\X_Transfered_Resigned_Retired_EMPLOYEES\Scott Shondell\Projects\Headlsburg Modem\SystemSettings_20190130.bkp"	"FullControl"	"Allow"	"S-1-5-21-1380516296-1705272057-1576261225-69757"	"None"	"None"
"\\?\UNC\HLY-SMB01\Shares$\Studies\_Folder 2-Archive\029_SAS\01 MeetingAgenda\2018\08-10-18_MeetingMinutes.pdf"	"FullControl"	"Allow"	"S-1-5-21-1380516296-1705272057-1576261225-51487"	"None"	"None"
"\\?\UNC\HLY-SMB01\Shares$\Studies\_Folder 2-Archive\029_SAS\01 MeetingAgenda\2018\08-17-18_MeetingMinutes.pdf"	"FullControl"	"Allow"	"S-1-5-21-1380516296-1705272057-1576261225-51487"	"None"	"None"
"\\?\UNC\HLY-SMB01\Shares$\Studies\_Folder 2-Archive\029_SAS\01 MeetingAgenda\2018\11-30-18_MeetingMinutes.pdf"	"FullControl"	"Allow"	"POWERENG\nmaddox"	"None"	"None"
"\\?\UNC\HLY-SMB01\Shares$\Studies\_Folder 2-Archive\029_SAS\01 MeetingAgenda\2019\2019-09-13_MeetingMinutes.pdf"	"FullControl"	"Allow"	"POWERENG\nmaddox"	"None"	"None"
"\\?\UNC\HLY-SMB01\Shares$\Studies\_Folder 2-Archive\MEMORY.zip"	"FullControl"	"Allow"	"POWERENG\nfrancisco"	"None"	"None"
"\\?\UNC\HLY-SMB01\Shares$\Substation"	"FullControl"	"Allow"	"POWERENG\FS-FileServices-ADM"	"ContainerInherit, ObjectInherit"	"None"
"\\?\UNC\HLY-SMB01\Shares$\Substation"	"ReadAndExecute, Synchronize"	"Allow"	"POWERENG\FS-HLYFS1-Substation-Share-RO"	"ContainerInherit, ObjectInherit"	"None"
"\\?\UNC\HLY-SMB01\Shares$\Substation"	"Modify, Synchronize"	"Allow"	"POWERENG\FS-HLYFS1-Substation-Share-RW"	"ContainerInherit, ObjectInherit"	"None"
"\\?\UNC\HLY-SMB01\Shares$\Substation"	"FullControl"	"Allow"	"POWERENG\FS-HLYFS1-Substation-Share-FC"	"ContainerInherit, ObjectInherit"	"None"
"\\?\UNC\HLY-SMB01\Shares$\Substation\Users\Abby\AEP\Closed Projects\152724 - Dupont - Victoria\AEP FEEDBACK_SE_AG_BG_IFR_P18014003_DUPONT-VICTORIA_DWG.pdf"	"FullControl"	"Allow"	"POWERENG\aradleulery"	"None"	"None"
"\\?\UNC\HLY-SMB01\Shares$\Substation\Users\Abby\OLD CLIENTS\Santee Cooper\154182 Bluffton Breaker Replacement\Bluffton Station\Design\Bluffton Embed.pdf"	"FullControl"	"Allow"	"POWERENG\aradleulery"	"None"	"None"
"\\?\UNC\HLY-SMB01\Shares$\Substation\Users\craig\0_Dominion Statcom\_BOM Spreadsheets\Civil BOM\DUALOY 3000L PRIMARY PIPE.pdf"	"FullControl"	"Allow"	"POWERENG\canderson"	"None"	"None"
"\\?\UNC\HLY-SMB01\Shares$\Substation\Users\craig\0_Dominion Statcom\_BOM Spreadsheets\Concast\UtilityVault_PB_ConcastWebCatalog.pdf"	"FullControl"	"Allow"	"POWERENG\canderson"	"None"	"None"
"\\?\UNC\HLY-SMB01\Shares$\Substation\Users\craig\0_Dominion Statcom\_BOM Spreadsheets\Hoffman Box\Spec-00263.pdf"	"FullControl"	"Allow"	"POWERENG\canderson"	"None"	"None"
"\\?\UNC\HLY-SMB01\Shares$\Substation\Users\craig\0_Dominion Statcom\_BOM Spreadsheets\Hoffman Box\Spec-00266.pdf"	"FullControl"	"Allow"	"POWERENG\canderson"	"None"	"None"
"\\?\UNC\HLY-SMB01\Shares$\Substation\Users\craig\0_Dominion Statcom\_BOM Spreadsheets\Hoffman Box\Spec-00267.pdf"	"FullControl"	"Allow"	"POWERENG\canderson"	"None"	"None"
"\\?\UNC\HLY-SMB01\Shares$\Substation\Users\Dan\backup\D. Karst with scores.pdf"	"FullControl"	"Allow"	"POWERENG\dkarst"	"None"	"None"
"\\?\UNC\HLY-SMB01\Shares$\Substation\Users\Dan\backup\D. Karst without scores.pdf"	"FullControl"	"Allow"	"POWERENG\dkarst"	"None"	"None"
"\\?\UNC\HLY-SMB01\Shares$\Substation\Users\Dan\Mary C Griffin Scholarship.pdf"	"FullControl"	"Allow"	"POWERENG\dkarst"	"None"	"None"
"\\?\UNC\HLY-SMB01\Shares$\Substation\Users\Evan\G-Projects\0_Material\0_HEN\FENCE\matrix (not used)\Drawing-Matrix.dwg"	"FullControl"	"Allow"	"POWERENG\ehess"	"None"	"None"
"\\?\UNC\HLY-SMB01\Shares$\Substation\Users\Evan\G-Projects\0_Material\0_HEN\FENCE\sliding gate\Specification-TransPort IS.doc"	"FullControl"	"Allow"	"POWERENG\ehess"	"None"	"None"
"\\?\UNC\HLY-SMB01\Shares$\Substation\Users\Evan\G-Projects\0_Material\0_HEN\FENCE\Specification-Impasse II Anti-Scale.doc"	"FullControl"	"Allow"	"POWERENG\ehess"	"None"	"None"
"\\?\UNC\HLY-SMB01\Shares$\Substation\Users\Evan\G-Projects\0_Material\0_HEN\FENCE\Specification-Impasse II.doc"	"FullControl"	"Allow"	"POWERENG\ehess"	"None"	"None"
"\\?\UNC\HLY-SMB01\Shares$\Substation\Users\Evan\Z_personal\Iphone\2019-08-07\IMG_6951.jpg"	"FullControl"	"Allow"	"POWERENG\ehess"	"None"	"None"
"\\?\UNC\HLY-SMB01\Shares$\Substation\Users\Evan\Z_personal\Iphone\2019-08-07\IMG_6952.jpg"	"FullControl"	"Allow"	"POWERENG\ehess"	"None"	"None"
"\\?\UNC\HLY-SMB01\Shares$\Substation\Users\Evan\Z_personal\Iphone\2019-08-07\IMG_6954.jpg"	"FullControl"	"Allow"	"POWERENG\ehess"	"None"	"None"
"\\?\UNC\HLY-SMB01\Shares$\Substation\Users\Evan\Z_personal\Iphone\2019-08-07\IMG_6955.jpg"	"FullControl"	"Allow"	"POWERENG\ehess"	"None"	"None"
"\\?\UNC\HLY-SMB01\Shares$\Substation\Users\Evan\Z_personal\Iphone\2019-08-07\IMG_6957.jpg"	"FullControl"	"Allow"	"POWERENG\ehess"	"None"	"None"
"\\?\UNC\HLY-SMB01\Shares$\Substation\Users\Evan\Z_personal\Iphone\2019-08-07\IMG_6960.jpg"	"FullControl"	"Allow"	"POWERENG\ehess"	"None"	"None"
"\\?\UNC\HLY-SMB01\Shares$\Substation\Users\Evan\Z_personal\Iphone\2019-08-07\IMG_6961.jpg"	"FullControl"	"Allow"	"POWERENG\ehess"	"None"	"None"
"\\?\UNC\HLY-SMB01\Shares$\Substation\Users\Evan\Z_personal\Iphone\2019-08-07\IMG_6962.jpg"	"FullControl"	"Allow"	"POWERENG\ehess"	"None"	"None"
"\\?\UNC\HLY-SMB01\Shares$\Substation\Users\Evan\Z_personal\Iphone\2020-02-12\iCloud Photos.zip"	"FullControl"	"Allow"	"POWERENG\ehess"	"None"	"None"
"\\?\UNC\HLY-SMB01\Shares$\Substation\Users\Evan\Z_personal\Iphone\New folder\photos.zip"	"FullControl"	"Allow"	"POWERENG\ehess"	"None"	"None"
"\\?\UNC\HLY-SMB01\Shares$\Substation\Users\Evan\Z_personal\Iphone\New folder\samudio_fam-75.jpg"	"FullControl"	"Allow"	"POWERENG\ehess"	"None"	"None"
"\\?\UNC\HLY-SMB01\Shares$\Substation\Users\Kyle\maps\NM unit 30 Barbary Sheep\29-30 Barbary Sheep.kmz"	"FullControl"	"Allow"	"POWERENG\kperry"	"None"	"None"
"\\?\UNC\HLY-SMB01\Shares$\Substation\Users\Kyle\maps\NM unit 30 Barbary Sheep\29-30 Barbary Sheep.kmz.nyn10ar.partial"	"FullControl"	"Allow"	"POWERENG\kperry"	"None"	"None"
"\\?\UNC\HLY-SMB01\Shares$\Substation\Users\Kyle\maps\NM unit 30 Barbary Sheep\BARBARY SHEEP CAMP #1.kmz"	"FullControl"	"Allow"	"POWERENG\kperry"	"None"	"None"
"\\?\UNC\HLY-SMB01\Shares$\Substation\Users\Kyle\maps\NM unit 30 Barbary Sheep\END OF TRAIL FOR BARBARY SHEEP.kmz"	"FullControl"	"Allow"	"POWERENG\kperry"	"None"	"None"
"\\?\UNC\HLY-SMB01\Shares$\Substation\Users\Kyle\maps\Moose Unit 67-2 unit map.kmz"	"FullControl"	"Allow"	"POWERENG\kperry"	"None"	"None"
"\\?\UNC\HLY-SMB01\Shares$\Substation\Users\Kyle\maps\Taylor creek.kml"	"FullControl"	"Allow"	"POWERENG\kperry"	"None"	"None"
"\\?\UNC\HLY-SMB01\Shares$\Substation\Users\Kyle\144051-Polaris_Snowmobile_Pro-Ride_2010-2015.pdf"	"FullControl"	"Allow"	"POWERENG\kperry"	"None"	"None"
"\\?\UNC\HLY-SMB01\Shares$\Substation\Users\Substation Business Unit"	"FullControl"	"Allow"	"POWERENG\FS-FileServices-ADM"	"ContainerInherit, ObjectInherit"	"None"
"\\?\UNC\HLY-SMB01\Shares$\Substation\Users\Substation Business Unit"	"FullControl"	"Allow"	"POWERENG\FS-HLYFS1-Substation-Share-SBU-Folder-01-FC"	"ContainerInherit, ObjectInherit"	"None"
"\\?\UNC\HLY-SMB01\Shares$\Substation\Users\Substation Business Unit"	"ReadAndExecute, Synchronize"	"Allow"	"POWERENG\FS-HLYFS1-Substation-Share-SBU-Folder-01-RO"	"ContainerInherit, ObjectInherit"	"None"
"\\?\UNC\HLY-SMB01\Shares$\Substation\Users\Substation Business Unit"	"Modify, Synchronize"	"Allow"	"POWERENG\FS-HLYFS1-Substation-Share-SBU-Folder-01-RW"	"ContainerInherit, ObjectInherit"	"None"
"\\?\UNC\HLY-SMB01\Shares$\Substation\Users\Substation Business Unit\Business Plan - Dept Strategic BP Files\2020\OneDrive_1_11-15-2019 Central and East.zip"	"FullControl"	"Allow"	"POWERENG\kfaulkner"	"None"	"None"
"\\?\UNC\HLY-SMB01\Shares$\Substation\Users\Substation Business Unit\Business Plan - Dept Strategic BP Files\2020\OneDrive_1_11-15-2019 Northeast Region All Files.zip"	"FullControl"	"Allow"	"POWERENG\kfaulkner"	"None"	"None"
"\\?\UNC\HLY-SMB01\Shares$\Substation\Users\Substation Business Unit\Business Plan - Dept Strategic BP Files\2020\OneDrive_1_11-15-2019 Northeast Region.zip"	"FullControl"	"Allow"	"POWERENG\kfaulkner"	"None"	"None"
"\\?\UNC\HLY-SMB01\Shares$\Substation\Users\Substation Business Unit\Business Plan - Dept Strategic BP Files\2020\OneDrive_1_11-15-2019 Northwest Region.zip"	"FullControl"	"Allow"	"POWERENG\kfaulkner"	"None"	"None"
"\\?\UNC\HLY-SMB01\Shares$\Substation\Users\ward\Blue Ridge EMC\Beaver Creek\Fire Wall\Beaver Creek_ Fire Wall.pe"	"FullControl"	"Allow"	"POWERENG\mward"	"None"	"None"
"\\?\UNC\HLY-SMB01\Shares$\Substation\HLY_Projects\146210 - Broadford\DD\DES\01 Design Doc\138kV Broadford Station_Design_Book\03 Checkpoint #3 (90% Review)\04 Drawings\01 Physical Drawings\04 Physical BOM\Uticom Label Estimate #452.pdf"	"FullControl"	"Allow"	"POWERENG\ehess"	"None"	"None"
"\\?\UNC\HLY-SMB01\Shares$\Substation\HLY_Projects\153081 - Horseshoe Springs\EMAT\01 Material\Catlog Cuts\304285_files"	"ReadAndExecute, Synchronize"	"Allow"	"S-1-15-3-4096"	"ContainerInherit, ObjectInherit"	"None"
"\\?\UNC\HLY-SMB01\Shares$\Substation\HLY_Projects\153081 - Horseshoe Springs\EMAT\01 Material\Catlog Cuts\304285.htm"	"ReadAndExecute, Synchronize"	"Allow"	"S-1-15-3-4096"	"None"	"None"
"\\?\UNC\HLY-SMB01\Shares$\Substation\HLY_Projects\158457 - Carrollton Frankford Road\DD\DES\01 Design Doc\SOW.pdf"	"FullControl"	"Allow"	"POWERENG\rmoran"	"None"	"None"
"\\?\UNC\HLY-SMB01\Shares$\Substation\HLY_Projects\160197 - Oncor TRP 2020 Round 1\xxx Go-by's & standards\FAN standards\fan outdoor binder.pdf"	"FullControl"	"Allow"	"POWERENG\FS-HLYFS1-Substation-Share-RO"	"None"	"None"
"\\?\UNC\HLY-SMB01\Shares$\Substation\HLY_Projects\_0_AEP 2019\158859 - Pantera\Removed\quotes_calcs\Uticom Label Estimate #873_42992401.pdf"	"FullControl"	"Allow"	"POWERENG\ehess"	"None"	"None"
"\\?\UNC\HLY-SMB01\Shares$\Substation\HLY_Projects\_0_AEP 2019\158859 - Pantera\Removed\quotes_calcs\Uticom Label Estimate #875_42992399.pdf"	"FullControl"	"Allow"	"POWERENG\ehess"	"None"	"None"
"\\?\UNC\HLY-SMB01\Shares$\Substation\HLY_Projects\_0_AEP_2021_PROJECTS\Eastern Marion Suite\OLD\Deer Creek\Prelim Scoping Cad Dwg's\3D_Model_Deer Creek 69KV RING BUS.dgn"	"FullControl"	"Allow"	"POWERENG\kperry"	"None"	"None"
"\\?\UNC\HLY-SMB01\Shares$\Substation\HLY_Projects\_0_AEP_2021_PROJECTS\Eastern Marion Suite\OLD\Deer Creek\Prelim Scoping Cad Dwg's\E1000.DGN"	"FullControl"	"Allow"	"POWERENG\kperry"	"None"	"None"
"\\?\UNC\HLY-SMB01\Shares$\Substation\HLY_Projects\_0_AEP_2021_PROJECTS\Eastern Marion Suite\OLD\Deer Creek\Prelim Scoping Cad Dwg's\E1000DEMO.DGN"	"FullControl"	"Allow"	"POWERENG\kperry"	"None"	"None"
"\\?\UNC\HLY-SMB01\Shares$\Substation\HLY_Projects\_0_AEP_2021_PROJECTS\Eastern Marion Suite\OLD\Deer Creek\Prelim Scoping Cad Dwg's\E1100SHBDEMO.DGN"	"FullControl"	"Allow"	"POWERENG\kperry"	"None"	"None"
"\\?\UNC\HLY-SMB01\Shares$\Substation\HLY_Projects\_0_AEP_2021_PROJECTS\Eastern Marion Suite\OLD\Deer Creek\Prelim Scoping Cad Dwg's\E1200.DGN"	"FullControl"	"Allow"	"POWERENG\kperry"	"None"	"None"
"\\?\UNC\HLY-SMB01\Shares$\Substation\HLY_Projects\_0_AEP_2021_PROJECTS\Eastern Marion Suite\OLD\Deer Creek\Prelim Scoping Cad Dwg's\E1201.CIT"	"FullControl"	"Allow"	"POWERENG\kperry"	"None"	"None"
"\\?\UNC\HLY-SMB01\Shares$\Substation\HLY_Projects\_0_AEP_2021_PROJECTS\Eastern Marion Suite\OLD\Deer Creek\Prelim Scoping Cad Dwg's\E1201.DGN"	"FullControl"	"Allow"	"POWERENG\kperry"	"None"	"None"
"\\?\UNC\HLY-SMB01\Shares$\Substation\HLY_Projects\_0_AEP_2021_PROJECTS\Eastern Marion Suite\OLD\Deer Creek\E1000_from Steve(aep).DGN"	"FullControl"	"Allow"	"POWERENG\kperry"	"None"	"None"
"\\?\UNC\HLY-SMB01\Shares$\Substation\HLY_Projects\_0_AEP_2021_PROJECTS\Eastern Marion Suite\OLD\Gas City\E-1001DEMO.DGN"	"FullControl"	"Allow"	"POWERENG\kperry"	"None"	"None"
"\\?\UNC\HLY-SMB01\Shares$\Substation\HLY_Projects\_0_AEP_2021_PROJECTS\Eastern Marion Suite\OLD\Gas City\E1000DEMO.DGN"	"FullControl"	"Allow"	"POWERENG\kperry"	"None"	"None"
"\\?\UNC\HLY-SMB01\Shares$\Substation\HLY_Projects\_0_AEP_2021_PROJECTS\Eastern Marion Suite\OLD\Gas City\E1001.CIT"	"FullControl"	"Allow"	"POWERENG\kperry"	"None"	"None"
"\\?\UNC\HLY-SMB01\Shares$\Substation\HLY_Projects\_0_AEP_2021_PROJECTS\Eastern Marion Suite\OLD\Hummel Creek\E1000DEMO.DGN"	"FullControl"	"Allow"	"POWERENG\kperry"	"None"	"None"
"\\?\UNC\HLY-SMB01\Shares$\Substation\HLY_Projects\_0_AEP_2021_PROJECTS\Eastern Marion Suite\OLD\Hummel Creek\E1200.DGN"	"FullControl"	"Allow"	"POWERENG\kperry"	"None"	"None"
"\\?\UNC\HLY-SMB01\Shares$\Substation\HLY_Projects\_0_AEP_2024_ Projects\AEP ACAD & Vault Training\ACADE_Setup"	"FullControl"	"Allow"	"POWERENG\dkarst"	"ContainerInherit, ObjectInherit"	"None"
"\\?\UNC\HLY-SMB01\Shares$\Substation\HLY_Projects\_0_AEP_2024_ Projects\AEP ACAD & Vault Training\ACADE_Setup"	"FullControl"	"Allow"	"POWERENG\FS-FileServices-ADM"	"ContainerInherit, ObjectInherit"	"None"
"\\?\UNC\HLY-SMB01\Shares$\Substation\HLY_Projects\_0_AEP_2024_ Projects\AEP ACAD & Vault Training\ACADE_Setup"	"ReadAndExecute, Synchronize"	"Allow"	"POWERENG\FS-HLYFS1-Substation-Share-RO"	"ContainerInherit, ObjectInherit"	"None"
"\\?\UNC\HLY-SMB01\Shares$\Substation\HLY_Projects\_0_AEP_2024_ Projects\AEP ACAD & Vault Training\ACADE_Setup"	"ReadAndExecute, Synchronize"	"Allow"	"POWERENG\FS-HLYFS1-Substation-Share-RW"	"ContainerInherit, ObjectInherit"	"None"
"\\?\UNC\HLY-SMB01\Shares$\Substation\HLY_Projects\_0_AEP_2024_ Projects\AEP ACAD & Vault Training\ACADE_Setup"	"ReadAndExecute, Synchronize"	"Allow"	"POWERENG\FS-HLYFS1-Substation-Share-FC"	"ContainerInherit, ObjectInherit"	"None"
"\\?\UNC\HLY-SMB01\Shares$\Substation\HLY_Projects\_0_AEP_2024_ Projects\AEP ACAD & Vault Training\ACADE_Setup"	"FullControl"	"Allow"	"POWERENG\ddonoho"	"ContainerInherit, ObjectInherit"	"None"
"\\?\UNC\HLY-SMB01\Shares$\Substation\HLY_Projects\_0_AEP_2024_ Projects\AEP ACAD & Vault Training\_AEP OneNote Index"	"FullControl"	"Allow"	"POWERENG\dkarst"	"ContainerInherit, ObjectInherit"	"None"
"\\?\UNC\HLY-SMB01\Shares$\Substation\HLY_Projects\_0_AEP_2024_ Projects\AEP ACAD & Vault Training\_AEP OneNote Index"	"FullControl"	"Allow"	"POWERENG\FS-FileServices-ADM"	"ContainerInherit, ObjectInherit"	"None"
"\\?\UNC\HLY-SMB01\Shares$\Substation\HLY_Projects\_0_AEP_2024_ Projects\AEP ACAD & Vault Training\_AEP OneNote Index"	"ReadAndExecute, Synchronize"	"Allow"	"POWERENG\FS-HLYFS1-Substation-Share-RO"	"ContainerInherit, ObjectInherit"	"None"
"\\?\UNC\HLY-SMB01\Shares$\Substation\HLY_Projects\_0_AEP_2024_ Projects\AEP ACAD & Vault Training\_AEP OneNote Index"	"ReadAndExecute, Synchronize"	"Allow"	"POWERENG\FS-HLYFS1-Substation-Share-RW"	"ContainerInherit, ObjectInherit"	"None"
"\\?\UNC\HLY-SMB01\Shares$\Substation\HLY_Projects\_0_AEP_2024_ Projects\AEP ACAD & Vault Training\_AEP OneNote Index"	"ReadAndExecute, Synchronize"	"Allow"	"POWERENG\FS-HLYFS1-Substation-Share-FC"	"ContainerInherit, ObjectInherit"	"None"
"\\?\UNC\HLY-SMB01\Shares$\Substation\HLY_Projects\_0_AEP_2024_ Projects\AEP ACAD & Vault Training\_AEP OneNote Index"	"FullControl"	"Allow"	"POWERENG\ddonoho"	"ContainerInherit, ObjectInherit"	"None"
"\\?\UNC\HLY-SMB01\Shares$\Substation\PD Mgmt"	"FullControl"	"Allow"	"POWERENG\FS-FileServices-ADM"	"ContainerInherit, ObjectInherit"	"None"
"\\?\UNC\HLY-SMB01\Shares$\Substation\PD Mgmt"	"FullControl"	"Allow"	"POWERENG\FS-HLYFS1-Substation-Share-PDMgmt-Folder-01-FC"	"ContainerInherit, ObjectInherit"	"None"
"\\?\UNC\HLY-SMB01\Shares$\Substation\PD Mgmt"	"ReadAndExecute, Synchronize"	"Allow"	"POWERENG\FS-HLYFS1-Substation-Share-PDMgmt-Folder-01-RO"	"ContainerInherit, ObjectInherit"	"None"
"\\?\UNC\HLY-SMB01\Shares$\Substation\PD Mgmt"	"Modify, Synchronize"	"Allow"	"POWERENG\FS-HLYFS1-Substation-Share-PDMgmt-Folder-01-RW"	"ContainerInherit, ObjectInherit"	"None"
"\\?\UNC\HLY-SMB01\Shares$\Substation\AEP Civil\Civil Structural and Foundation\AEP Structural & Foundation Coordination"	"Modify, Synchronize"	"Allow"	"POWERENG\donsmith"	"ContainerInherit, ObjectInherit"	"None"
"\\?\UNC\HLY-SMB01\Shares$\TanDpm"	"FullControl"	"Allow"	"POWERENG\FS-FileServices-ADM"	"ContainerInherit, ObjectInherit"	"None"
"\\?\UNC\HLY-SMB01\Shares$\TanDpm"	"ReadAndExecute, Synchronize"	"Allow"	"POWERENG\FS-HLYFS1-TanDpm-Share-RO"	"ContainerInherit, ObjectInherit"	"None"
"\\?\UNC\HLY-SMB01\Shares$\TanDpm"	"Modify, Synchronize"	"Allow"	"POWERENG\FS-HLYFS1-TanDpm-Share-RW"	"ContainerInherit, ObjectInherit"	"None"
"\\?\UNC\HLY-SMB01\Shares$\TanDpm"	"FullControl"	"Allow"	"POWERENG\FS-HLYFS1-TanDpm-Share-FC"	"ContainerInherit, ObjectInherit"	"None"
"\\?\UNC\HLY-SMB01\Shares$\TanDpm\WALBERT\Proposals\2015 - 2021\2019\2019_Black Hills Energy\Lange-South Rapid City\Anchors-Easements\BHE Lange to South Landowner Exhibit Sketches.zip"	"FullControl"	"Allow"	"POWERENG\mwalbert"	"None"	"None"
"\\?\UNC\HLY-SMB01\Shares$\TanDpm\WALBERT\Proposals\2015 - 2021\2019\2019_GridLiance\CCVT\Files.zip"	"FullControl"	"Allow"	"POWERENG\mwalbert"	"None"	"None"
"\\?\UNC\HLY-SMB01\Shares$\TanDpm\WALBERT\Proposals\2015 - 2021\2019\2019_GridLiance\CCVT\IMG_0267.mov"	"FullControl"	"Allow"	"POWERENG\mwalbert"	"None"	"None"
"\\?\UNC\HLY-SMB01\Shares$\TanDpm\WALBERT\Proposals\2015 - 2021\2019\2019_GridLiance\CCVT\IMG_0571.JPG"	"FullControl"	"Allow"	"POWERENG\mwalbert"	"None"	"None"
"\\?\UNC\HLY-SMB01\Shares$\TanDpm\WALBERT\Proposals\2015 - 2021\2019\2019_GridLiance\CCVT\IMG_1183.jpg"	"FullControl"	"Allow"	"POWERENG\mwalbert"	"None"	"None"
"\\?\UNC\HLY-SMB01\Shares$\TanDpm\WALBERT\Proposals\2015 - 2021\2019\2019_GridLiance\CCVT\IMG_1184.jpg"	"FullControl"	"Allow"	"POWERENG\mwalbert"	"None"	"None"
"\\?\UNC\HLY-SMB01\Shares$\TanDpm\WALBERT\Proposals\2015 - 2021\2019\2019_GridLiance\CCVT\Kulhman CCVT Nameplate in Sloan Canyon.jpg"	"FullControl"	"Allow"	"POWERENG\mwalbert"	"None"	"None"
"\\?\UNC\HLY-SMB01\Shares$\TanDproco"	"FullControl"	"Allow"	"POWERENG\FS-FileServices-ADM"	"ContainerInherit, ObjectInherit"	"None"
"\\?\UNC\HLY-SMB01\Shares$\TanDproco"	"ReadAndExecute, Synchronize"	"Allow"	"POWERENG\FS-HLYFS1-TanDproco-Share-RO"	"ContainerInherit, ObjectInherit"	"None"
"\\?\UNC\HLY-SMB01\Shares$\TanDproco"	"Modify, Synchronize"	"Allow"	"POWERENG\FS-HLYFS1-TanDproco-Share-RW"	"ContainerInherit, ObjectInherit"	"None"
"\\?\UNC\HLY-SMB01\Shares$\TanDproco"	"FullControl"	"Allow"	"POWERENG\FS-HLYFS1-TanDproco-Share-FC"	"ContainerInherit, ObjectInherit"	"None"
"\\?\UNC\HLY-SMB01\Shares$\TanDProdMgmt"	"FullControl"	"Allow"	"POWERENG\FS-FileServices-ADM"	"ContainerInherit, ObjectInherit"	"None"
"\\?\UNC\HLY-SMB01\Shares$\TanDProdMgmt"	"ReadAndExecute, Synchronize"	"Allow"	"POWERENG\FS-HLYFS1-tandprodmgmt-Share-RO"	"ContainerInherit, ObjectInherit"	"None"
"\\?\UNC\HLY-SMB01\Shares$\TanDProdMgmt"	"Modify, Synchronize"	"Allow"	"POWERENG\FS-HLYFS1-tandprodmgmt-Share-RW"	"ContainerInherit, ObjectInherit"	"None"
"\\?\UNC\HLY-SMB01\Shares$\TanDProdMgmt"	"FullControl"	"Allow"	"POWERENG\FS-HLYFS1-tandprodmgmt-Share-FC"	"ContainerInherit, ObjectInherit"	"None"
"\\?\UNC\HLY-SMB01\Shares$\TanDProdMgmt\00 A Tim Expense Reports\2020\2020-12-21 amex 1006 backup.pdf"	"FullControl"	"Allow"	"POWERENG\kfaulkner"	"None"	"None"
"\\?\UNC\HLY-SMB01\Shares$\Xchange"	"FullControl"	"Allow"	"POWERENG\FS-FileServices-ADM"	"ContainerInherit, ObjectInherit"	"None"
"\\?\UNC\HLY-SMB01\Shares$\Xchange"	"FullControl"	"Allow"	"POWERENG\FS-ALL-Xchange-Share-FC"	"ContainerInherit, ObjectInherit"	"None"
"\\?\UNC\HLY-SMB01\Shares$\Xchange"	"Modify, Synchronize"	"Allow"	"POWERENG\FS-ALL-Xchange-Share-RW"	"ContainerInherit, ObjectInherit"	"None"
"\\?\UNC\HLY-SMB01\Shares$\Xchange"	"ReadAndExecute, Synchronize"	"Allow"	"POWERENG\FS-ALL-Xchange-Share-RO"	"ContainerInherit, ObjectInherit"	"None"
