"EntryId"	"Identity"
"000000009598E9A20E04F041B38518182890A2D50100572FF007A7D6B64CA96E5CFE8E1CC1A40000000EE87F0000"	"\Divisions\ENV\Environmental Anaheim\115061-SDG&E MISSION"
"000000009598E9A20E04F041B38518182890A2D501006C95E27D1ACA634AA1AADC20796388DD000000D7FCB40000"	"\Divisions\ENV\Environmental Anaheim\115245 BARREN RDG-EIR/EIS TA 01\EIS\PDEIS Chapters\CH 4"
"000000009598E9A20E04F041B38518182890A2D50100CB7D9B6512D7374A860FE542D57703920000011276300000"	"\Divisions\ENV\Environmental Anaheim\115245 BARREN RDG-EIR/EIS TA 01\Management\Contract\Subs"
"000000009598E9A20E04F041B38518182890A2D501006C95E27D1ACA634AA1AADC20796388DD000000D5E8D90000"	"\Divisions\ENV\Environmental Anaheim\115245 BARREN RDG-EIR/EIS TA 01\Resources\Air"
"000000009598E9A20E04F041B38518182890A2D501006C95E27D1ACA634AA1AADC20796388DD00000073795C0000"	"\Divisions\ENV\Environmental Anaheim\115245 BARREN RDG-EIR/EIS TA 01\Resources\Water"
"000000009598E9A20E04F041B38518182890A2D501006C95E27D1ACA634AA1AADC20796388DD000000D16D690000"	"\Divisions\ENV\Environmental Anaheim\118242 HAIWEE GEOTHERMAL LEASING EIS\EIS\Admin DEIS"
"000000009598E9A20E04F041B38518182890A2D501006C95E27D1ACA634AA1AADC20796388DD0000007C1DA10000"	"\Divisions\ENV\Environmental Anaheim\118242 HAIWEE GEOTHERMAL LEASING EIS\Meetings"
"000000009598E9A20E04F041B38518182890A2D50100572FF007A7D6B64CA96E5CFE8E1CC1A400000023E04D0000"	"\Divisions\ENV\Environmental Anaheim\118420 TA33 UPPER GORGE BYPASS"
"000000009598E9A20E04F041B38518182890A2D50100572FF007A7D6B64CA96E5CFE8E1CC1A400000052BDE60000"	"\Divisions\ENV\Environmental Anaheim\119675 HAY RANCH COSO SUBSTATION\Mtg Minutes"
"000000009598E9A20E04F041B38518182890A2D50100572FF007A7D6B64CA96E5CFE8E1CC1A40000005AC4450000"	"\Divisions\ENV\Environmental Anaheim\121689 TA69 LWR RCH RVR CULT MON"
"000000009598E9A20E04F041B38518182890A2D50100A3DF33FCC9BD1644BD14FCA330AA9785000018BE5B1F0000"	"\Divisions\ENV\Environmental Anaheim\123456-AEP-TRAINING DELETE"
"000000009598E9A20E04F041B38518182890A2D50100572FF007A7D6B64CA96E5CFE8E1CC1A40000002697A10000"	"\Divisions\ENV\Environmental Anaheim\124462 RTRP\Open House/Riverside"
"000000009598E9A20E04F041B38518182890A2D50100A3DF33FCC9BD1644BD14FCA330AA9785000016DB8F870000"	"\Divisions\ENV\Environmental Anaheim\125024 TA26 BRRTP FEIS/EIR TASKS\Resources"
"000000009598E9A20E04F041B38518182890A2D50100A3DF33FCC9BD1644BD14FCA330AA9785000017318E090000"	"\Divisions\ENV\Environmental Anaheim\127041 KM-SWARTHOUT CANYON PIPELINE"
"000000009598E9A20E04F041B38518182890A2D50100A3DF33FCC9BD1644BD14FCA330AA978500001C65B6790000"	"\Divisions\ENV\Environmental Anaheim\129011 TA27 BRRTP 1602 AGRMT/404 PERM"
"000000009598E9A20E04F041B38518182890A2D50100A3DF33FCC9BD1644BD14FCA330AA978500001C65B65B0000"	"\Divisions\ENV\Environmental Anaheim\130802 RRG 2013 SOLAR FEASIBILITY"
"000000009598E9A20E04F041B38518182890A2D50100A3DF33FCC9BD1644BD14FCA330AA978500001C6595CE0000"	"\Divisions\ENV\Environmental Anaheim\131848 EDF-BEACON SOLAR RECORD SEARCH"
"000000009598E9A20E04F041B38518182890A2D50100A3DF33FCC9BD1644BD14FCA330AA978500001D83940D0000"	"\Divisions\ENV\Environmental Anaheim\133866 CITY OF SANTA ANA BRISTOL PH 3"
"000000009598E9A20E04F041B38518182890A2D50100A3DF33FCC9BD1644BD14FCA330AA97850000203B773C0000"	"\Divisions\ENV\Environmental Anaheim\136595 VAN BUREN BLVD WIDENING IS"
"000000009598E9A20E04F041B38518182890A2D50100A3DF33FCC9BD1644BD14FCA330AA978500002288A5510000"	"\Divisions\ENV\Environmental Anaheim\138468 RVRSD CNTY PH I BRIGGS ROAD"
"000000009598E9A20E04F041B38518182890A2D50100A3DF33FCC9BD1644BD14FCA330AA97850000174DDA830000"	"\Divisions\ENV\Environmental Anaheim\BRRTP Admin Record\BRRTP Admin Record_JR"
"000000009598E9A20E04F041B38518182890A2D501001953B16A689BCD4AA8FC82955DB27CB1000001B56FDC0000"	"\Divisions\ENV\Environmental Austin\00-EMAILS TO BE UPLOADED\Brian Macik"
"000000009598E9A20E04F041B38518182890A2D50100A3DF33FCC9BD1644BD14FCA330AA9785000016014EEE0000"	"\Divisions\ENV\Environmental Austin\126120 NED - Cross Valley Tie"
"000000009598E9A20E04F041B38518182890A2D50100A3DF33FCC9BD1644BD14FCA330AA978500001C7FEF970000"	"\Divisions\ENV\Environmental Austin\132840_Leucadia"
"000000009598E9A20E04F041B38518182890A2D50100A3DF33FCC9BD1644BD14FCA330AA9785000018C291770000"	"\Divisions\ENV\Environmental Boise\114809 VANTAGE POMONA HTS SITING\Cindy - Vantage"
"000000009598E9A20E04F041B38518182890A2D5010012225CC57BF01F4EA8CCA87A792FF35F00008148A7580000"	"\Divisions\ENV\Environmental Boise\114809 VANTAGE POMONA HTS SITING\Johns emails 2\Vantage-Pomona\Vantage-Pomona"
"000000009598E9A20E04F041B38518182890A2D50100A3DF33FCC9BD1644BD14FCA330AA978500001C93AE8D0000"	"\Divisions\ENV\Environmental Boise\114809 VANTAGE POMONA HTS SITING\Sage Grouse"
"000000009598E9A20E04F041B38518182890A2D501001953B16A689BCD4AA8FC82955DB27CB1000000F73FB50000"	"\Divisions\ENV\Environmental Boise\114809 VANTAGE POMONA HTS SITING\Sarah_emails\Vantage Pomona\Land Use"
"000000009598E9A20E04F041B38518182890A2D50100A3DF33FCC9BD1644BD14FCA330AA978500001DD0CDC10000"	"\Divisions\ENV\Environmental Boise\114809 VANTAGE POMONA HTS SITING\SEPA ORIA Letter"
"000000009598E9A20E04F041B38518182890A2D501001953B16A689BCD4AA8FC82955DB27CB1000000F5ABA40000"	"\Divisions\ENV\Environmental Boise\115841 TransWestEnergy\Sarah_emails\TransWest\Impacts\Access Roads"
"000000009598E9A20E04F041B38518182890A2D501001953B16A689BCD4AA8FC82955DB27CB1000000F5ABA10000"	"\Divisions\ENV\Environmental Boise\115841 TransWestEnergy\Sarah_emails\TransWest\Terminal Siting"
"000000009598E9A20E04F041B38518182890A2D50100A3DF33FCC9BD1644BD14FCA330AA978500001CDB5E8C0000"	"\Divisions\ENV\Environmental Boise\133377 SUMMIT WIND REPOWERING IS SOW"
"000000009598E9A20E04F041B38518182890A2D50100A3DF33FCC9BD1644BD14FCA330AA978500002B7F27E30000"	"\Divisions\ENV\Environmental Boise\142342 PLAYA SOLAR CIC"
"000000009598E9A20E04F041B38518182890A2D5010012225CC57BF01F4EA8CCA87A792FF35F0000BD510F220000"	"\Divisions\ENV\Environmental Boise\146446 CAPE PROPERTY WETLAND DELIN"
"000000009598E9A20E04F041B38518182890A2D501006C95E27D1ACA634AA1AADC20796388DD0000006B27780000"	"\Divisions\ENV\Environmental Boise\Biology_Dept\101973 Biology\JJensen"
"000000009598E9A20E04F041B38518182890A2D501001953B16A689BCD4AA8FC82955DB27CB100000150268E0000"	"\Divisions\ENV\Environmental Boise\Biology_Dept\101973 Biology\MollyH"
"000000009598E9A20E04F041B38518182890A2D501006C95E27D1ACA634AA1AADC20796388DD0000006C1C180000"	"\Divisions\ENV\Environmental Boise\Biology_Dept\101973 Biology\THerzog"
"000000009598E9A20E04F041B38518182890A2D501001296C725372D7F4B86B758A22EA3141B00000001503A0000"	"\Divisions\ENV\Environmental Boise\Environmental Boise Calendar"
"000000009598E9A20E04F041B38518182890A2D501006C95E27D1ACA634AA1AADC20796388DD000000481FE10000"	"\Divisions\ENV\Environmental Boise\GSA Contracts\LADWP Contract Temp Folder\Contract Problems May 2008"
"000000009598E9A20E04F041B38518182890A2D50100A3DF33FCC9BD1644BD14FCA330AA978500001A378B830000"	"\Divisions\ENV\Environmental Boise\Laptop upgrade\RRG\Blythe Mesa"
"000000009598E9A20E04F041B38518182890A2D50100A3DF33FCC9BD1644BD14FCA330AA978500001BCF31A60000"	"\Divisions\ENV\Environmental Cincinnati\130770 UNITED DAIRY FARMERS - PROD RCVRY-UDF 100-VIC PKY"
"000000009598E9A20E04F041B38518182890A2D50100A3DF33FCC9BD1644BD14FCA330AA978500001BCF1BD30000"	"\Divisions\ENV\Environmental Cincinnati\130812 FROST BROWN TODD LLC - FACILITY RESP PLAN APP EVA"
"000000009598E9A20E04F041B38518182890A2D50100A3DF33FCC9BD1644BD14FCA330AA978500001BCDCD3A0000"	"\Divisions\ENV\Environmental Cincinnati\130845 ALCOA INC - 2013 SKIMMER SYSTEMS O&M"
"000000009598E9A20E04F041B38518182890A2D50100A3DF33FCC9BD1644BD14FCA330AA978500001BD660F60000"	"\Divisions\ENV\Environmental Cincinnati\130893 MARATHON PETROLEUM COMPANY LP - 2013 OWC 3 PIPE INDIANA BAT"
"000000009598E9A20E04F041B38518182890A2D50100A3DF33FCC9BD1644BD14FCA330AA978500001BD220050000"	"\Divisions\ENV\Environmental Cincinnati\130983 SANOFI - SLLI - PHASE 100 AWP"
"000000009598E9A20E04F041B38518182890A2D50100A3DF33FCC9BD1644BD14FCA330AA978500001BD26FC80000"	"\Divisions\ENV\Environmental Cincinnati\130999 SANOFI - SLLI PHOENIX POND PRELIM DSGN"
"000000009598E9A20E04F041B38518182890A2D50100A3DF33FCC9BD1644BD14FCA330AA978500001BD5D2DA0000"	"\Divisions\ENV\Environmental Cincinnati\131110 AMERICAN WIND ENERGY ASSOCIATION - AWEA FWS REGIONS 2 & 6"
"000000009598E9A20E04F041B38518182890A2D50100A3DF33FCC9BD1644BD14FCA330AA978500001BCF32570000"	"\Divisions\ENV\Environmental Cincinnati\131231 UNITED DAIRY FARMERS - TIER 1 DELINEATION-UDF 075"
"000000009598E9A20E04F041B38518182890A2D50100A3DF33FCC9BD1644BD14FCA330AA978500001BD1E1360000"	"\Divisions\ENV\Environmental Cincinnati\131258 MARATHON PETROLEUM COMPANY LP - SITE RVW - WEST POINT STATION"
"000000009598E9A20E04F041B38518182890A2D50100A3DF33FCC9BD1644BD14FCA330AA978500001BD5D1350000"	"\Divisions\ENV\Environmental Cincinnati\131379 DAYTON POWER & LIGHT - ENV STUDY GREENE APLHA T-LINE"
"000000009598E9A20E04F041B38518182890A2D50100A3DF33FCC9BD1644BD14FCA330AA978500001BD273AE0000"	"\Divisions\ENV\Environmental Cincinnati\131602 TRI COUNTY ENGINEERING LLC - TRI CTY ENG MIST NET SURVEY"
"000000009598E9A20E04F041B38518182890A2D50100A3DF33FCC9BD1644BD14FCA330AA978500001BCF1BC40000"	"\Divisions\ENV\Environmental Cincinnati\131814 FLOWSERVE CORPORATION - FLOWSERVE PHASE II MCP"
"000000009598E9A20E04F041B38518182890A2D50100A3DF33FCC9BD1644BD14FCA330AA978500001BCDCC9A0000"	"\Divisions\ENV\Environmental Cincinnati\132112 ALCOA INC - 2013 SENTINAL O&M SUPPORT"
"000000009598E9A20E04F041B38518182890A2D50100A3DF33FCC9BD1644BD14FCA330AA978500001BD1E1610000"	"\Divisions\ENV\Environmental Cincinnati\132458 CDS ASSOCIATES INC - ODOT ENV SCREENING-OH RIVER TR"
"000000009598E9A20E04F041B38518182890A2D50100A3DF33FCC9BD1644BD14FCA330AA978500001BD466940000"	"\Divisions\ENV\Environmental Cincinnati\132726 MILACRON INC - S-24 INTEGRITY TESTING-CIMCOOL"
"000000009598E9A20E04F041B38518182890A2D50100A3DF33FCC9BD1644BD14FCA330AA978500001C3C79640000"	"\Divisions\ENV\Environmental Cincinnati\132953 THE LOTIS ENGINEERING GROUP-LOTIS GROUP-ESSEX COUNTY"
"000000009598E9A20E04F041B38518182890A2D50100A3DF33FCC9BD1644BD14FCA330AA978500001CD0B8AE0000"	"\Divisions\ENV\Environmental Cincinnati\133323 UNITED DAIRY FARMERS-UDF VAP KEMPER ROAD"
"000000009598E9A20E04F041B38518182890A2D50100A3DF33FCC9BD1644BD14FCA330AA978500001D3B515D0000"	"\Divisions\ENV\Environmental Cincinnati\133561 MARATHON PETROLEUM COMPANY LP-USACE SITE VISIT PATOKA TANK"
"000000009598E9A20E04F041B38518182890A2D50100A3DF33FCC9BD1644BD14FCA330AA978500001D7738BE0000"	"\Divisions\ENV\Environmental Cincinnati\133772 MILACRON INC-MILACRON 2014 MSD O&M-CIMCOOL"
"000000009598E9A20E04F041B38518182890A2D50100A3DF33FCC9BD1644BD14FCA330AA978500001D925C730000"	"\Divisions\ENV\Environmental Cincinnati\134004 EDF RENEWABLE ENERGY-ROOSEVELT WIND FARM"
"000000009598E9A20E04F041B38518182890A2D50100A3DF33FCC9BD1644BD14FCA330AA978500001DD0B1960000"	"\Divisions\ENV\Environmental Cincinnati\134485 L WARD PROPERTIES-MOLD INVESTIGATION"
"000000009598E9A20E04F041B38518182890A2D50100A3DF33FCC9BD1644BD14FCA330AA978500001E1BD0840000"	"\Divisions\ENV\Environmental Cincinnati\134908 UNITED DAIRY FARMERS-Ph I ESA-UDF 35 PIPE CLOSURE"
"000000009598E9A20E04F041B38518182890A2D50100A3DF33FCC9BD1644BD14FCA330AA978500001E78047B0000"	"\Divisions\ENV\Environmental Cincinnati\135216 UNITED DAIRY FARMERS-LIMITED ENV REVIEWS - 9 SITES"
"000000009598E9A20E04F041B38518182890A2D50100A3DF33FCC9BD1644BD14FCA330AA978500001EE40B870000"	"\Divisions\ENV\Environmental Cincinnati\135468 ALCOA INC-WSTE SMPLNG&WELL ABANDOMENT"
"000000009598E9A20E04F041B38518182890A2D50100A3DF33FCC9BD1644BD14FCA330AA978500001F0FDCEF0000"	"\Divisions\ENV\Environmental Cincinnati\135721 CITY OF ALCOA-PHASE IV GREENWAY"
"000000009598E9A20E04F041B38518182890A2D50100A3DF33FCC9BD1644BD14FCA330AA978500001F98C0C30000"	"\Divisions\ENV\Environmental Cincinnati\136103 UNITED DAIRY FARMERS-UDF 625 POWELL DISCHARGE"
"000000009598E9A20E04F041B38518182890A2D50100A3DF33FCC9BD1644BD14FCA330AA978500001FFEC3210000"	"\Divisions\ENV\Environmental Cincinnati\136295 ASTRAZENECA-IH EXPOSURE ASSESSMENT"
"000000009598E9A20E04F041B38518182890A2D50100A3DF33FCC9BD1644BD14FCA330AA978500002036BE460000"	"\Divisions\ENV\Environmental Cincinnati\136593 METROPOLITAN SEWER DISTRICT-N FAIRMOUNT BIOSWALE"
"000000009598E9A20E04F041B38518182890A2D50100A3DF33FCC9BD1644BD14FCA330AA978500002176A5290000"	"\Divisions\ENV\Environmental Cincinnati\137298 CH2M HILL-SHROUD GRINDER AREA AND REPORT"
"000000009598E9A20E04F041B38518182890A2D50100A3DF33FCC9BD1644BD14FCA330AA9785000021C6869B0000"	"\Divisions\ENV\Environmental Cincinnati\137603 GSA MGMT SERVICES CENTER-PECK BLDG MOLD TESTING"
"000000009598E9A20E04F041B38518182890A2D50100A3DF33FCC9BD1644BD14FCA330AA9785000021E47D1E0000"	"\Divisions\ENV\Environmental Cincinnati\137825 SANOFI-SLLI PH 1004 OU1J 2015 SWGW"
"000000009598E9A20E04F041B38518182890A2D50100A3DF33FCC9BD1644BD14FCA330AA97850000227A34AD0000"	"\Divisions\ENV\Environmental Cincinnati\138380 JEA-SOUTHSIDE GIS DBC REPLACEMENT"
"000000009598E9A20E04F041B38518182890A2D50100A3DF33FCC9BD1644BD14FCA330AA9785000022EAC6100000"	"\Divisions\ENV\Environmental Cincinnati\138567 MARATHON PETROLEUM CORPORATION-SADT 140B DCM PERMITTING"
"000000009598E9A20E04F041B38518182890A2D50100A3DF33FCC9BD1644BD14FCA330AA97850000239A9E290000"	"\Divisions\ENV\Environmental Cincinnati\139023 ALCOA INC-2015 DUCK SPRING O&M"
"000000009598E9A20E04F041B38518182890A2D50100A3DF33FCC9BD1644BD14FCA330AA97850000244002DE0000"	"\Divisions\ENV\Environmental Cincinnati\139379 THE PROCTER & GAMBLE COMPANY-P&G F&HCIC 2015-2016"
"000000009598E9A20E04F041B38518182890A2D5010012225CC57BF01F4EA8CCA87A792FF35F0000276BC47B0000"	"\Divisions\ENV\Environmental Cincinnati\143839 NISOURCE-NIPSCO BABCOCK"
"000000009598E9A20E04F041B38518182890A2D50100A3DF33FCC9BD1644BD14FCA330AA978500001BA172D00000"	"\Divisions\ENV\Environmental Cincinnati\Truck #276 (F350) - Cincinnati"
"000000009598E9A20E04F041B38518182890A2D50100A3DF33FCC9BD1644BD14FCA330AA97850000170CDC5B0000"	"\Divisions\ENV\Environmental Freeport\126678 TEXTILE TAPES-FY 2012 AIR EMSN RPT"
"000000009598E9A20E04F041B38518182890A2D50100A3DF33FCC9BD1644BD14FCA330AA97850000171BC0490000"	"\Divisions\ENV\Environmental Freeport\126830 Sabre-Air Qual & Env Svcs"
"000000009598E9A20E04F041B38518182890A2D50100A3DF33FCC9BD1644BD14FCA330AA978500002608EF370000"	"\Divisions\ENV\Environmental Freeport\140101 EMMC-MISC AIR PERMIT"
"000000009598E9A20E04F041B38518182890A2D5010012225CC57BF01F4EA8CCA87A792FF35F0001E5319E450000"	"\Divisions\ENV\Environmental Freeport\153610 BRONSON-WILLISTON N GEOVOI APP"
"000000009598E9A20E04F041B38518182890A2D50100A3DF33FCC9BD1644BD14FCA330AA978500001F851FB30000"	"\Divisions\ENV\Environmental Freeport\CLOSED PROJECTS\129767 UM-PART 70 LICENSE RENEWAL APP"
"000000009598E9A20E04F041B38518182890A2D50100A3DF33FCC9BD1644BD14FCA330AA9785000022D679890000"	"\Divisions\ENV\Environmental Freeport\CLOSED PROJECTS\132440 RED SHIELD ACQUISITION-OTFF BIOREFINERY"
"000000009598E9A20E04F041B38518182890A2D5010012225CC57BF01F4EA8CCA87A792FF35F0000122E78280000"	"\Divisions\ENV\Environmental Freeport\CLOSED PROJECTS\135789_SPY_RUN_ROBINSON_PARK"
"000000009598E9A20E04F041B38518182890A2D5010012225CC57BF01F4EA8CCA87A792FF35F000084D9B9E50000"	"\Divisions\ENV\Environmental Freeport\CLOSED PROJECTS\138709 FREUDENBERG-NOK SEALING TECH"
"000000009598E9A20E04F041B38518182890A2D50100A3DF33FCC9BD1644BD14FCA330AA97850000272A84750000"	"\Divisions\ENV\Environmental Freeport\CLOSED PROJECTS\140293 FREUDENBERG-NOK-FNST ASHLAND AUDIT/TOXICS 2015"
"000000009598E9A20E04F041B38518182890A2D50100A3DF33FCC9BD1644BD14FCA330AA978500002C94F22C0000"	"\Divisions\ENV\Environmental Freeport\CLOSED PROJECTS\142871 NEWP-JASS SW REPT 2016"
"000000009598E9A20E04F041B38518182890A2D5010012225CC57BF01F4EA8CCA87A792FF35F0001826BBE890000"	"\Divisions\ENV\Environmental Freeport\CLOSED PROJECTS\144840_SEA-3_2017_ENVIRON_SERV"
"000000009598E9A20E04F041B38518182890A2D5010012225CC57BF01F4EA8CCA87A792FF35F0001D74A8F220000"	"\Divisions\ENV\Environmental Freeport\CLOSED PROJECTS\147507 FNST-MANCHSTR AUDIT/TOXIC 17"
"000000009598E9A20E04F041B38518182890A2D5010012225CC57BF01F4EA8CCA87A792FF35F000161B50D340000"	"\Divisions\ENV\Environmental Freeport\CLOSED PROJECTS\149833_ISI CERT JUG-CORRIDOR BOLD"
"000000009598E9A20E04F041B38518182890A2D5010012225CC57BF01F4EA8CCA87A792FF35F000193D225330000"	"\Divisions\ENV\Environmental Freeport\CLOSED PROJECTS\151592_LIGNETICS_JAFFREY_RTAP"
"000000009598E9A20E04F041B38518182890A2D50100572FF007A7D6B64CA96E5CFE8E1CC1A4000000395FC90000"	"\Divisions\ENV\Environmental Freeport\Rumford IP"
"000000009598E9A20E04F041B38518182890A2D50100A3DF33FCC9BD1644BD14FCA330AA978500000E6C26490000"	"\Divisions\ENV\Environmental Hailey\114406 - PATH\RFP"
"000000009598E9A20E04F041B38518182890A2D50100A3DF33FCC9BD1644BD14FCA330AA978500000E73AA450000"	"\Divisions\ENV\Environmental Hailey\115841 - TWE\Doc Changes Correspondence"
"000000009598E9A20E04F041B38518182890A2D50100A3DF33FCC9BD1644BD14FCA330AA97850000165CD7440000"	"\Divisions\ENV\Environmental Hailey\117390 - BHP Teckla - Osage - Rapid City 230kV\Admin Record\Sage Grouse"
"000000009598E9A20E04F041B38518182890A2D50100A3DF33FCC9BD1644BD14FCA330AA978500001F1A3D6D0000"	"\Divisions\ENV\Environmental Hailey\118092 - Jackrabbit\DEIS\FS Comments"
"000000009598E9A20E04F041B38518182890A2D50100A3DF33FCC9BD1644BD14FCA330AA978500001F1A748F0000"	"\Divisions\ENV\Environmental Hailey\123888 - Mtn Air Wind\PER\PHASE I ESAs"
"000000009598E9A20E04F041B38518182890A2D50100A3DF33FCC9BD1644BD14FCA330AA97850000235F9D0E0000"	"\Divisions\ENV\Environmental Hailey\124186_EGS\GeoTech Dept\Task Requests"
"000000009598E9A20E04F041B38518182890A2D50100A3DF33FCC9BD1644BD14FCA330AA9785000017304A6A0000"	"\Divisions\ENV\Environmental Hailey\124186_EGS\Line Dept\Constraints Models"
"000000009598E9A20E04F041B38518182890A2D501001953B16A689BCD4AA8FC82955DB27CB1000001B4D1730000"	"\Divisions\ENV\Environmental Hailey\124186_EGS\PPM\Explanations"
"000000009598E9A20E04F041B38518182890A2D50100A3DF33FCC9BD1644BD14FCA330AA978500001982DD630000"	"\Divisions\ENV\Environmental Hailey\124186_EGS\PPM\Tracts Map/ROE Reporting"
"000000009598E9A20E04F041B38518182890A2D50100A3DF33FCC9BD1644BD14FCA330AA97850000163D1D0B0000"	"\Divisions\ENV\Environmental Hailey\124186_EGS\TWE data acquisition"
"000000009598E9A20E04F041B38518182890A2D50100A3DF33FCC9BD1644BD14FCA330AA978500001F1ABAB50000"	"\Divisions\ENV\Environmental Hailey\126564 - Bagby-Reed\Public Meetings"
"000000009598E9A20E04F041B38518182890A2D50100A3DF33FCC9BD1644BD14FCA330AA978500001B7EFFFF0000"	"\Divisions\ENV\Environmental Hailey\128143 - R-Project (NPPD)\Meetings"
"000000009598E9A20E04F041B38518182890A2D50100A3DF33FCC9BD1644BD14FCA330AA978500001F19A1BA0000"	"\Divisions\ENV\Environmental Hailey\131360 - Stegal-Scottsbluff\Data"
"000000009598E9A20E04F041B38518182890A2D50100572FF007A7D6B64CA96E5CFE8E1CC1A40000001BBDE40000"	"\Divisions\ENV\Environmental Hailey\NPPD\117293 - Wind Farm"
"000000009598E9A20E04F041B38518182890A2D50100A3DF33FCC9BD1644BD14FCA330AA978500001932A00C0000"	"\Divisions\ENV\Environmental Houston\118523_LCRA_Pkwy_To_FM_482_138kV\mHumphreys"
"000000009598E9A20E04F041B38518182890A2D50100A3DF33FCC9BD1644BD14FCA330AA978500001B3CCB1F0000"	"\Divisions\ENV\Environmental Houston\131682_Blumenthal"
"000000009598E9A20E04F041B38518182890A2D50100A3DF33FCC9BD1644BD14FCA330AA978500001C88FCC80000"	"\Divisions\ENV\Environmental Knoxville\133125 WILLIAMS-WILLIAMS - MERCER LATERAL"
"000000009598E9A20E04F041B38518182890A2D501006C95E27D1ACA634AA1AADC20796388DD000000F390D40000"	"\Divisions\ENV\Environmental Phoenix\122451 Qwest S. Houghton Rd Arch Sur"
"000000009598E9A20E04F041B38518182890A2D50100CB7D9B6512D7374A860FE542D57703920000011B08620000"	"\Divisions\ENV\Environmental Phoenix\122810 W. Alameda Arch Monitoring"
"000000009598E9A20E04F041B38518182890A2D50100A3DF33FCC9BD1644BD14FCA330AA978500001B320F220000"	"\Divisions\ENV\Environmental Phoenix\126996 CALPECO\Geology"
"000000009598E9A20E04F041B38518182890A2D50100A3DF33FCC9BD1644BD14FCA330AA978500001887D54D0000"	"\Divisions\ENV\Environmental Phoenix\128355 CL_E.309620_Hwy92&89 Env Serv"
"000000009598E9A20E04F041B38518182890A2D50100A3DF33FCC9BD1644BD14FCA330AA978500001B03A24B0000"	"\Divisions\ENV\Environmental Phoenix\131565_TEP_Vail-Ft Huachuca 138kV"
"000000009598E9A20E04F041B38518182890A2D501001953B16A689BCD4AA8FC82955DB27CB1000000EA7A3B0000"	"\Divisions\ENV\Federal Division"
"000000009598E9A20E04F041B38518182890A2D50100A3DF33FCC9BD1644BD14FCA330AA978500001EF2C4FF0000"	"\Divisions\ENV\Public Outreach and Communication\_Public Outreach and Communication\Public Outreach and Communication\_13 Old Ranch Road"
"000000009598E9A20E04F041B38518182890A2D501006C95E27D1ACA634AA1AADC20796388DD0000006C1CE80000"	"\Divisions\ENV\Public Outreach and Communication\117208 BRRTP Animation"
"000000009598E9A20E04F041B38518182890A2D50100CB7D9B6512D7374A860FE542D577039200000116D9D60000"	"\Divisions\ENV\Public Outreach and Communication\118927 BRRTP"
"000000009598E9A20E04F041B38518182890A2D501006C95E27D1ACA634AA1AADC20796388DD000000D880620000"	"\Divisions\ENV\Public Outreach and Communication\121527 3J Consulting_ROWE Mdl Sch Pkg Mod"
"000000009598E9A20E04F041B38518182890A2D50100CB7D9B6512D7374A860FE542D57703920000011DB9160000"	"\Divisions\ENV\Public Outreach and Communication\123047 Brandywine SYB Visual"
"000000009598E9A20E04F041B38518182890A2D50100A3DF33FCC9BD1644BD14FCA330AA978500001667912E0000"	"\Divisions\ENV\Public Outreach and Communication\124458 Sylmar DC Electrode"
"000000009598E9A20E04F041B38518182890A2D50100A3DF33FCC9BD1644BD14FCA330AA9785000015F25FB40000"	"\Divisions\ENV\Public Outreach and Communication\126043 Pepco-Church To Townsend"
"000000009598E9A20E04F041B38518182890A2D50100A3DF33FCC9BD1644BD14FCA330AA9785000018DC9CED0000"	"\Divisions\ENV\Public Outreach and Communication\127167 ISECS1"
"000000009598E9A20E04F041B38518182890A2D50100A3DF33FCC9BD1644BD14FCA330AA97850000200778920000"	"\Divisions\ENV\Public Outreach and Communication\128143 NPPD Simulations"
"000000009598E9A20E04F041B38518182890A2D50100A3DF33FCC9BD1644BD14FCA330AA9785000019A7099A0000"	"\Divisions\ENV\Public Outreach and Communication\130232 PEPCO Waterfront Substation"
"000000009598E9A20E04F041B38518182890A2D50100A3DF33FCC9BD1644BD14FCA330AA978500001B2D43EA0000"	"\Divisions\ENV\Public Outreach and Communication\131827 Cardno Entrix_MT-WA Impct Stmt"
"000000009598E9A20E04F041B38518182890A2D50100A3DF33FCC9BD1644BD14FCA330AA978500002BF1B1EB0000"	"\Divisions\ENV\Public Outreach and Communication\133093 - PSE- Langley Tap\132667 Teco - Fish Hawk Outreach"
"000000009598E9A20E04F041B38518182890A2D50100A3DF33FCC9BD1644BD14FCA330AA978500001DF152810000"	"\Divisions\ENV\Public Outreach and Communication\134828 MarquamSubstation"
"000000009598E9A20E04F041B38518182890A2D50100A3DF33FCC9BD1644BD14FCA330AA978500002C935B6E0000"	"\Divisions\ENV\Public Outreach and Communication\135927 AEP Brownlee Rd - N Market 138kV"
"000000009598E9A20E04F041B38518182890A2D50100A3DF33FCC9BD1644BD14FCA330AA9785000021C04DDE0000"	"\Divisions\ENV\Public Outreach and Communication\137553 State St Animation"
"000000009598E9A20E04F041B38518182890A2D50100A3DF33FCC9BD1644BD14FCA330AA97850000260600780000"	"\Divisions\ENV\Public Outreach and Communication\139177 Nestle Animation"
"000000009598E9A20E04F041B38518182890A2D50100A3DF33FCC9BD1644BD14FCA330AA9785000028DB7FB30000"	"\Divisions\ENV\Public Outreach and Communication\140220 Harrington-Bridgeville"
"000000009598E9A20E04F041B38518182890A2D50100A3DF33FCC9BD1644BD14FCA330AA97850000295D51AC0000"	"\Divisions\ENV\Public Outreach and Communication\141413 APLIC Collision Modules"
"000000009598E9A20E04F041B38518182890A2D50100A3DF33FCC9BD1644BD14FCA330AA978500002D96CEE90000"	"\Divisions\ENV\Public Outreach and Communication\143200 ATC Fellow Mortal Simulations"
"000000009598E9A20E04F041B38518182890A2D5010012225CC57BF01F4EA8CCA87A792FF35F000052525A700000"	"\Divisions\ENV\Public Outreach and Communication\144506 - CalTrans"
"000000009598E9A20E04F041B38518182890A2D5010012225CC57BF01F4EA8CCA87A792FF35F00009B0B6D070000"	"\Divisions\ENV\Public Outreach and Communication\145726 Possum Smoketown"
"000000009598E9A20E04F041B38518182890A2D5010012225CC57BF01F4EA8CCA87A792FF35F000134A907050000"	"\Divisions\ENV\Public Outreach and Communication\148792 - PEPCO: Capital City Underground"
"000000009598E9A20E04F041B38518182890A2D501006C95E27D1ACA634AA1AADC20796388DD000000D74E870000"	"\Divisions\ENV\Public Outreach and Communication\Camera Info"
"000000009598E9A20E04F041B38518182890A2D50100A3DF33FCC9BD1644BD14FCA330AA9785000029F455A00000"	"\Divisions\ENV\Public Outreach and Communication\LS Power - Vegas Sim"
"000000009598E9A20E04F041B38518182890A2D50100CB7D9B6512D7374A860FE542D577039200000119973B0000"	"\Divisions\ENV\Public Outreach and Communication\WorkloadPipeline"
"000000009598E9A20E04F041B38518182890A2D5010012225CC57BF01F4EA8CCA87A792FF35F0000B7D8B1EF0000"	"\Divisions\Facilities \Projects\105001 New Project"
"000000009598E9A20E04F041B38518182890A2D50100A3DF33FCC9BD1644BD14FCA330AA978500001D7AEBEC0000"	"\Divisions\GIS\GIS-AMS"
"000000009598E9A20E04F041B38518182890A2D5010012225CC57BF01F4EA8CCA87A792FF35F00073D4CD1190000"	"\Divisions\Industrial\Facilities Process Group\Dept 133"
"000000009598E9A20E04F041B38518182890A2D50100A3DF33FCC9BD1644BD14FCA330AA978500000EB8A23E0000"	"\Divisions\Industrial\Food Systems\Erie"
"000000009598E9A20E04F041B38518182890A2D5010012225CC57BF01F4EA8CCA87A792FF35F0002A7386CE30000"	"\Divisions\Industrial\Generation\CSA Out of Office"
"000000009598E9A20E04F041B38518182890A2D501006C95E27D1ACA634AA1AADC20796388DD000000BA256E0000"	"\Divisions\Industrial\Project Control\Tradeshows/Conferences"
"000000009598E9A20E04F041B38518182890A2D50100A3DF33FCC9BD1644BD14FCA330AA978500002307979C0000"	"\Divisions\Operations\Corporate Project Mgmt\Timecard Team"
"000000009598E9A20E04F041B38518182890A2D501001296C725372D7F4B86B758A22EA3141B0000004F319D0000"	"\Divisions\Operations\Finance\Taxes\AZ"
"000000009598E9A20E04F041B38518182890A2D50100572FF007A7D6B64CA96E5CFE8E1CC1A400000014C0A60000"	"\Divisions\Operations\Finance\Taxes\AZ\COX"
"000000009598E9A20E04F041B38518182890A2D50100572FF007A7D6B64CA96E5CFE8E1CC1A40000001A6DB60000"	"\Divisions\Operations\Finance\Taxes\CA\Buena Vista 116692"
"000000009598E9A20E04F041B38518182890A2D501001296C725372D7F4B86B758A22EA3141B0000003D97110000"	"\Divisions\Operations\Finance\Taxes\CANADA"
"000000009598E9A20E04F041B38518182890A2D50100572FF007A7D6B64CA96E5CFE8E1CC1A400000010C1420000"	"\Divisions\Operations\Finance\Taxes\CANADA\PTE"
"000000009598E9A20E04F041B38518182890A2D501001296C725372D7F4B86B758A22EA3141B0000003D97060000"	"\Divisions\Operations\Finance\Taxes\CT"
"000000009598E9A20E04F041B38518182890A2D501001296C725372D7F4B86B758A22EA3141B0000003CF6EB0000"	"\Divisions\Operations\Finance\Taxes\ID"
"000000009598E9A20E04F041B38518182890A2D501001296C725372D7F4B86B758A22EA3141B000000530E590000"	"\Divisions\Operations\Finance\Taxes\MI"
"000000009598E9A20E04F041B38518182890A2D50100572FF007A7D6B64CA96E5CFE8E1CC1A40000001647680000"	"\Divisions\Operations\Finance\Taxes\NM\115323 Tamis"
"000000009598E9A20E04F041B38518182890A2D50100572FF007A7D6B64CA96E5CFE8E1CC1A40000001647A40000"	"\Divisions\Operations\Finance\Taxes\NM\Tri-State\116288-Willard"
"000000009598E9A20E04F041B38518182890A2D50100572FF007A7D6B64CA96E5CFE8E1CC1A40000006921CD0000"	"\Divisions\Operations\Finance\Taxes\SD\AUDIT"
"000000009598E9A20E04F041B38518182890A2D50100CB7D9B6512D7374A860FE542D5770392000001184FC70000"	"\Divisions\Operations\Finance\Taxes\TAX ALERT - PROJECTS\NM"
"000000009598E9A20E04F041B38518182890A2D501001296C725372D7F4B86B758A22EA3141B0000003D97100000"	"\Divisions\Operations\Finance\Taxes\VA"
"000000009598E9A20E04F041B38518182890A2D50100572FF007A7D6B64CA96E5CFE8E1CC1A400000014C0BD0000"	"\Divisions\Operations\Finance\Taxes\WA\Starbuck's"
"000000009598E9A20E04F041B38518182890A2D50100A3DF33FCC9BD1644BD14FCA330AA97850000226249EA0000"	"\Divisions\Operations\HR\Information Technology\Boise Office"
"000000009598E9A20E04F041B38518182890A2D501006C95E27D1ACA634AA1AADC20796388DD00000049C5460000"	"\Divisions\Operations\Information Technology\Help Desk\Meeting Notes"
"000000009598E9A20E04F041B38518182890A2D5010012225CC57BF01F4EA8CCA87A792FF35F00001ACFFD630000"	"\Divisions\Operations\Information Technology\Networking\Test network folder 3"
"000000009598E9A20E04F041B38518182890A2D50100A3DF33FCC9BD1644BD14FCA330AA978500001659FE560000"	"\Divisions\Operations\Office Build-Out Projects Folder\Office Build-Out Projects"
"000000009598E9A20E04F041B38518182890A2D50100A3DF33FCC9BD1644BD14FCA330AA9785000016F5F7AC0000"	"\Divisions\Operations\Office Build-Out Projects Folder\Projects\2012MAD01NEW\Drawings"
"000000009598E9A20E04F041B38518182890A2D50100A3DF33FCC9BD1644BD14FCA330AA9785000016F57F300000"	"\Divisions\Operations\Office Build-Out Projects Folder\Projects\2012SAC01EXP\Quotes"
"000000009598E9A20E04F041B38518182890A2D5010012225CC57BF01F4EA8CCA87A792FF35F0001400D77200000"	"\Divisions\Operations\Ops Facilities\OPS Planners"
"000000009598E9A20E04F041B38518182890A2D50100A3DF33FCC9BD1644BD14FCA330AA978500001D5359840000"	"\Divisions\PD\Anaheim SD Projects"
"000000009598E9A20E04F041B38518182890A2D5010012225CC57BF01F4EA8CCA87A792FF35F0001FB034B910000"	"\Divisions\PD\Distribution Services\Dept. 177"
"000000009598E9A20E04F041B38518182890A2D5010012225CC57BF01F4EA8CCA87A792FF35F0004C0C1BAF90000"	"\Divisions\PD\Distribution Services\Dept. 390\dept390 vacation"
"000000009598E9A20E04F041B38518182890A2D50100A3DF33FCC9BD1644BD14FCA330AA978500001E2A36EC0000"	"\Divisions\PD\Distribution Services\Distribution Design Services\134963_2015MHEB02R Grp Texan"
"000000009598E9A20E04F041B38518182890A2D50100A3DF33FCC9BD1644BD14FCA330AA9785000021DA0BA60000"	"\Divisions\PD\Distribution Services\Distribution Design Services\137734"
"000000009598E9A20E04F041B38518182890A2D50100A3DF33FCC9BD1644BD14FCA330AA97850000293F17DE0000"	"\Divisions\PD\Distribution Services\Distribution Design Services\141415 - SO MTN FRWY II"
"000000009598E9A20E04F041B38518182890A2D50100A3DF33FCC9BD1644BD14FCA330AA978500002CBF913F0000"	"\Divisions\PD\Distribution Services\Distribution Design Services\143044 - 2017NBGS03 Stanton 1311 Conv"
"000000009598E9A20E04F041B38518182890A2D5010012225CC57BF01F4EA8CCA87A792FF35F0000826120650000"	"\Divisions\PD\Distribution Services\Distribution Design Services\145275 - NLI FIELD STAKE BC 3 PH"
"000000009598E9A20E04F041B38518182890A2D5010012225CC57BF01F4EA8CCA87A792FF35F0000AACB73C90000"	"\Divisions\PD\Distribution Services\Distribution Design Services\146168 - SCE 4kV SUMMER CONTINGENCY RAR"
"000000009598E9A20E04F041B38518182890A2D5010012225CC57BF01F4EA8CCA87A792FF35F0000C6905D190000"	"\Divisions\PD\Distribution Services\Distribution Design Services\146610 - JOHN DAY SUB INSTALL"
"000000009598E9A20E04F041B38518182890A2D5010012225CC57BF01F4EA8CCA87A792FF35F0000F27BC6A90000"	"\Divisions\PD\Distribution Services\Distribution Design Services\147629 - ESTRELLA SUB RLY SETTINGS"
"000000009598E9A20E04F041B38518182890A2D5010012225CC57BF01F4EA8CCA87A792FF35F0000FD2CBF160000"	"\Divisions\PD\Distribution Services\Distribution Design Services\147670 - SLKRK 9972"
"000000009598E9A20E04F041B38518182890A2D5010012225CC57BF01F4EA8CCA87A792FF35F0001123EBC6B0000"	"\Divisions\PD\Distribution Services\Distribution Design Services\148325 - CITY OF CROWLEY MAIN ST RELOC"
"000000009598E9A20E04F041B38518182890A2D50100A3DF33FCC9BD1644BD14FCA330AA978500001F2A6C720000"	"\Divisions\PD\Distribution Services\SPIDACalc"
"000000009598E9A20E04F041B38518182890A2D50100E34BFE500669CD49AC2E27C6C54DE39D0000002687DF0000"	"\Divisions\PD\Distribution Services\Substation Benbrook\117739_SHECO Sectionalizing"
"000000009598E9A20E04F041B38518182890A2D501001953B16A689BCD4AA8FC82955DB27CB1000001B4093A0000"	"\Divisions\PD\Distribution Services\Substation Benbrook\117768"
"000000009598E9A20E04F041B38518182890A2D50100A3DF33FCC9BD1644BD14FCA330AA97850000172EBA1B0000"	"\Divisions\PD\Distribution Services\Substation Benbrook\117815_Peach Ck Sub 230kV Conv\SRM"
"000000009598E9A20E04F041B38518182890A2D50100E34BFE500669CD49AC2E27C6C54DE39D0000002687D60000"	"\Divisions\PD\Distribution Services\Substation Benbrook\117867_ETEC Facility"
"000000009598E9A20E04F041B38518182890A2D50100A3DF33FCC9BD1644BD14FCA330AA978500001985D6E60000"	"\Divisions\PD\Distribution Services\Substation Benbrook\117893_NETEC SCADA\DP"
"000000009598E9A20E04F041B38518182890A2D50100A3DF33FCC9BD1644BD14FCA330AA97850000172EB96F0000"	"\Divisions\PD\Distribution Services\Substation Benbrook\117928_Peach Ck Sub 230kV Conv\SRM"
"000000009598E9A20E04F041B38518182890A2D50100E34BFE500669CD49AC2E27C6C54DE39D0000002687C20000"	"\Divisions\PD\Distribution Services\Substation Benbrook\117957_Fitze Timpson TL"
"000000009598E9A20E04F041B38518182890A2D50100E34BFE500669CD49AC2E27C6C54DE39D0000002840DF0000"	"\Divisions\PD\Distribution Services\Substation Benbrook\118642_Surveying"
"000000009598E9A20E04F041B38518182890A2D50100E34BFE500669CD49AC2E27C6C54DE39D000000383E980000"	"\Divisions\PD\Distribution Services\Substation Benbrook\121274_GVEC_Gen_Engr"
"000000009598E9A20E04F041B38518182890A2D50100A3DF33FCC9BD1644BD14FCA330AA978500001B2A493C0000"	"\Divisions\PD\Distribution Services\Substation Benbrook\122050_TVEC_Canton Upgrade\SRM"
"000000009598E9A20E04F041B38518182890A2D50100A3DF33FCC9BD1644BD14FCA330AA978500001FB053560000"	"\Divisions\PD\Distribution Services\Substation Benbrook\123384_GVEC_Lost Ck1"
"000000009598E9A20E04F041B38518182890A2D501001953B16A689BCD4AA8FC82955DB27CB100000141AC630000"	"\Divisions\PD\Distribution Services\Substation Benbrook\124183_JNEC_Relay"
"000000009598E9A20E04F041B38518182890A2D50100A3DF33FCC9BD1644BD14FCA330AA9785000022F2510D0000"	"\Divisions\PD\Distribution Services\Substation Benbrook\127518_WCEC_Morris Chapel\SRM"
"000000009598E9A20E04F041B38518182890A2D50100A3DF33FCC9BD1644BD14FCA330AA978500001D323EA00000"	"\Divisions\PD\Distribution Services\Substation Benbrook\129558_GVEC"
"000000009598E9A20E04F041B38518182890A2D50100A3DF33FCC9BD1644BD14FCA330AA978500001B22EE620000"	"\Divisions\PD\Distribution Services\Substation Benbrook\131812_GVEC_Arc"
"000000009598E9A20E04F041B38518182890A2D50100A3DF33FCC9BD1644BD14FCA330AA978500001B8AB7BF0000"	"\Divisions\PD\Distribution Services\Substation Benbrook\132596_SHECO_Providence Sub"
"000000009598E9A20E04F041B38518182890A2D50100A3DF33FCC9BD1644BD14FCA330AA978500001DE1D44C0000"	"\Divisions\PD\Distribution Services\Substation Benbrook\134721_ETEC_Trans Dev Study"
"000000009598E9A20E04F041B38518182890A2D50100A3DF33FCC9BD1644BD14FCA330AA97850000209A10DA0000"	"\Divisions\PD\Distribution Services\Substation Benbrook\136671_CCEC_Owentown"
"000000009598E9A20E04F041B38518182890A2D50100A3DF33FCC9BD1644BD14FCA330AA97850000236C297D0000"	"\Divisions\PD\Distribution Services\Substation Benbrook\138823_TVEC_Sunoco-Leag"
"000000009598E9A20E04F041B38518182890A2D50100A3DF33FCC9BD1644BD14FCA330AA9785000027280A720000"	"\Divisions\PD\Distribution Services\Substation Benbrook\140609_TVEC_Cedar Ckt Sw"
"000000009598E9A20E04F041B38518182890A2D5010012225CC57BF01F4EA8CCA87A792FF35F00002296EB320000"	"\Divisions\PD\Distribution Services\Substation Benbrook\143788_WhEC_Caldwell TTap"
"000000009598E9A20E04F041B38518182890A2D5010012225CC57BF01F4EA8CCA87A792FF35F00008E4292270000"	"\Divisions\PD\Distribution Services\Substation Benbrook\145548_OXY_Substation Standards"
"000000009598E9A20E04F041B38518182890A2D5010012225CC57BF01F4EA8CCA87A792FF35F0000EEC969130000"	"\Divisions\PD\Distribution Services\Substation Benbrook\147560_CSE_John Day Rd Sub Pol 301 St"
"000000009598E9A20E04F041B38518182890A2D5010012225CC57BF01F4EA8CCA87A792FF35F00029FCE02AA0000"	"\Divisions\PD\Freeport Events Calendar"
"000000009598E9A20E04F041B38518182890A2D50100A3DF33FCC9BD1644BD14FCA330AA97850000210020040000"	"\Divisions\PD\Line Ann Arbor\136447 IPL Eagle Valley - Franklin"
"000000009598E9A20E04F041B38518182890A2D5010012225CC57BF01F4EA8CCA87A792FF35F0002BD7B69510000"	"\Divisions\PD\Line Austin\132353 ODESSA-ODESSA N: ODESSA N EXP"
"000000009598E9A20E04F041B38518182890A2D5010012225CC57BF01F4EA8CCA87A792FF35F0002BD7B69670000"	"\Divisions\PD\Line Austin\137424 AEP BARILLA JUNC-FT STOCKTON"
"000000009598E9A20E04F041B38518182890A2D5010012225CC57BF01F4EA8CCA87A792FF35F000105ED97A00000"	"\Divisions\PD\Line Austin\142363 LST Storm Hardening HWY 67"
"000000009598E9A20E04F041B38518182890A2D5010012225CC57BF01F4EA8CCA87A792FF35F000113CB38420000"	"\Divisions\PD\Line Austin\148392 LST Sam Switch-Dist SVC Des"
"000000009598E9A20E04F041B38518182890A2D5010012225CC57BF01F4EA8CCA87A792FF35F0002BD7B69790000"	"\Divisions\PD\Line Austin\155942 LCRA T384 ALPN-PERSMN GAP UG"
"000000009598E9A20E04F041B38518182890A2D501006C95E27D1ACA634AA1AADC20796388DD000000DD7E490000"	"\Divisions\PD\Line Boise\00-DMS Upload\113659 Lk_Yankton\ROW"
"000000009598E9A20E04F041B38518182890A2D501006C95E27D1ACA634AA1AADC20796388DD0000005D19790000"	"\Divisions\PD\Line Boise\114411 Gateway\Estimates"
"000000009598E9A20E04F041B38518182890A2D501006C95E27D1ACA634AA1AADC20796388DD0000005428800000"	"\Divisions\PD\Line Boise\114411 Gateway\Survey"
"000000009598E9A20E04F041B38518182890A2D50100A3DF33FCC9BD1644BD14FCA330AA978500001C117C8D0000"	"\Divisions\PD\Line Boise\114648 ON Line\NPC ENTI"
"000000009598E9A20E04F041B38518182890A2D50100A3DF33FCC9BD1644BD14FCA330AA97850000197DC5320000"	"\Divisions\PD\Line Boise\115349 Devers Valley\Access Roads1"
"000000009598E9A20E04F041B38518182890A2D501006C95E27D1ACA634AA1AADC20796388DD0000009FAD100000"	"\Divisions\PD\Line Boise\115349 Devers Valley\Survey"
"000000009598E9A20E04F041B38518182890A2D50100CB7D9B6512D7374A860FE542D577039200000123586D0000"	"\Divisions\PD\Line Boise\117207_SWIP South\Project-Revisions"
"000000009598E9A20E04F041B38518182890A2D50100A3DF33FCC9BD1644BD14FCA330AA97850000175DE7A10000"	"\Divisions\PD\Line Boise\117910_Fargo_Alexandria\Alex-Bison Design\Foundation VE"
"000000009598E9A20E04F041B38518182890A2D50100A3DF33FCC9BD1644BD14FCA330AA978500001C6BB7E40000"	"\Divisions\PD\Line Boise\117910_Fargo_Alexandria\Galloping\K-Line"
"000000009598E9A20E04F041B38518182890A2D501006C95E27D1ACA634AA1AADC20796388DD000000F2B5DE0000"	"\Divisions\PD\Line Boise\117910_Fargo_Alexandria\QA-QC\Quarry Fdn NCR"
"000000009598E9A20E04F041B38518182890A2D50100CB7D9B6512D7374A860FE542D577039200000125FED30000"	"\Divisions\PD\Line Boise\117910_Fargo_Alexandria\Quarry-Alex Design\Valmont"
"000000009598E9A20E04F041B38518182890A2D50100A3DF33FCC9BD1644BD14FCA330AA978500001CD297E70000"	"\Divisions\PD\Line Boise\120092_Croydon RR\AS-BUILT"
"000000009598E9A20E04F041B38518182890A2D501001953B16A689BCD4AA8FC82955DB27CB10000015E96D20000"	"\Divisions\PD\Line Boise\120092_Croydon RR\SUBMITTALS\RR-MJ"
"000000009598E9A20E04F041B38518182890A2D50100CB7D9B6512D7374A860FE542D577039200000129C6090000"	"\Divisions\PD\Line Boise\123332 CTF River Crossing\DATA"
"000000009598E9A20E04F041B38518182890A2D501001953B16A689BCD4AA8FC82955DB27CB100000127C0D60000"	"\Divisions\PD\Line Boise\123332 CTF River Crossing\Permitting"
"000000009598E9A20E04F041B38518182890A2D50100A3DF33FCC9BD1644BD14FCA330AA97850000198836570000"	"\Divisions\PD\Line Boise\124186_EGS\Document Control"
"000000009598E9A20E04F041B38518182890A2D501001953B16A689BCD4AA8FC82955DB27CB1000001B570420000"	"\Divisions\PD\Line Boise\124464_RTRP\111728 - RTRP\AGENCY\SCE"
"000000009598E9A20E04F041B38518182890A2D50100A3DF33FCC9BD1644BD14FCA330AA978500001ABA37280000"	"\Divisions\PD\Line Boise\124464_RTRP\Drawings"
"000000009598E9A20E04F041B38518182890A2D50100A3DF33FCC9BD1644BD14FCA330AA978500002834B29D0000"	"\Divisions\PD\Line Boise\124737 XCEL-GIST2-PSCO-LINE RATING ANY\PHASE 3\PH 3 Review Comments (Xcel)"
"000000009598E9A20E04F041B38518182890A2D501001953B16A689BCD4AA8FC82955DB27CB1000001F7692F0000"	"\Divisions\PD\Line Boise\124737 XCEL-GIST2-PSCO-LINE RATING ANY\Priority_1\Schedule"
"000000009598E9A20E04F041B38518182890A2D50100A3DF33FCC9BD1644BD14FCA330AA978500001894B3D80000"	"\Divisions\PD\Line Boise\124737 XCEL-GIST2-PSCO-LINE RATING ANY\Priority_3"
"000000009598E9A20E04F041B38518182890A2D50100A3DF33FCC9BD1644BD14FCA330AA97850000241A6BFC0000"	"\Divisions\PD\Line Boise\126566 H-NR FND"
"000000009598E9A20E04F041B38518182890A2D50100A3DF33FCC9BD1644BD14FCA330AA9785000018C99C080000"	"\Divisions\PD\Line Boise\126822 XCEL-0844 BLACK DOG-SAVAGE\Distribution"
"000000009598E9A20E04F041B38518182890A2D50100A3DF33FCC9BD1644BD14FCA330AA9785000018E757B50000"	"\Divisions\PD\Line Boise\126822 XCEL-0844 BLACK DOG-SAVAGE\Roadways - future"
"000000009598E9A20E04F041B38518182890A2D50100A3DF33FCC9BD1644BD14FCA330AA9785000018B07E220000"	"\Divisions\PD\Line Boise\126981 XCEL-GIST-III Phase 2 Priority 2\Construction"
"000000009598E9A20E04F041B38518182890A2D50100A3DF33FCC9BD1644BD14FCA330AA97850000180835680000"	"\Divisions\PD\Line Boise\126981 XCEL-GIST-III Phase 2 Priority 2\Data\5301"
"000000009598E9A20E04F041B38518182890A2D50100A3DF33FCC9BD1644BD14FCA330AA978500001728A07E0000"	"\Divisions\PD\Line Boise\126981 XCEL-GIST-III Phase 2 Priority 2\Estimates & WO"
"000000009598E9A20E04F041B38518182890A2D50100A3DF33FCC9BD1644BD14FCA330AA9785000019C8C06E0000"	"\Divisions\PD\Line Boise\126981 XCEL-GIST-III Phase 2 Priority 2\Materials\0977"
"000000009598E9A20E04F041B38518182890A2D50100A3DF33FCC9BD1644BD14FCA330AA978500001944F5ED0000"	"\Divisions\PD\Line Boise\126981 XCEL-GIST-III Phase 2 Priority 2\Remediation\0977"
"000000009598E9A20E04F041B38518182890A2D50100A3DF33FCC9BD1644BD14FCA330AA9785000018BBA1BF0000"	"\Divisions\PD\Line Boise\126981 XCEL-GIST-III Phase 2 Priority 2\Survey\0980/0984"
"000000009598E9A20E04F041B38518182890A2D50100A3DF33FCC9BD1644BD14FCA330AA9785000019A8BA0B0000"	"\Divisions\PD\Line Boise\127750 ketraco"
"000000009598E9A20E04F041B38518182890A2D50100A3DF33FCC9BD1644BD14FCA330AA978500001B0F94110000"	"\Divisions\PD\Line Boise\128118_MP_AC Line Rating_2\028L"
"000000009598E9A20E04F041B38518182890A2D50100A3DF33FCC9BD1644BD14FCA330AA9785000018D91F900000"	"\Divisions\PD\Line Boise\128118_MP_AC Line Rating_2\050L"
"000000009598E9A20E04F041B38518182890A2D50100A3DF33FCC9BD1644BD14FCA330AA97850000199CC5E00000"	"\Divisions\PD\Line Boise\128118_MP_AC Line Rating_2\071L"
"000000009598E9A20E04F041B38518182890A2D50100A3DF33FCC9BD1644BD14FCA330AA9785000018A4B7D40000"	"\Divisions\PD\Line Boise\128118_MP_AC Line Rating_2\132L"
"000000009598E9A20E04F041B38518182890A2D50100A3DF33FCC9BD1644BD14FCA330AA9785000017ED05BE0000"	"\Divisions\PD\Line Boise\128118_MP_AC Line Rating_2\LiDAR"
"000000009598E9A20E04F041B38518182890A2D50100A3DF33FCC9BD1644BD14FCA330AA978500001AEF25520000"	"\Divisions\PD\Line Boise\128911 Xcel-GIST 3- PHASE 2- LRV PTY 3\Data\0805"
"000000009598E9A20E04F041B38518182890A2D50100A3DF33FCC9BD1644BD14FCA330AA9785000019A9D3A30000"	"\Divisions\PD\Line Boise\128911 Xcel-GIST 3- PHASE 2- LRV PTY 3\Design\0877"
"000000009598E9A20E04F041B38518182890A2D50100A3DF33FCC9BD1644BD14FCA330AA978500001C9EEB7F0000"	"\Divisions\PD\Line Boise\128911 Xcel-GIST 3- PHASE 2- LRV PTY 3\Estimates & WO\0877 LOU-CHC"
"000000009598E9A20E04F041B38518182890A2D50100A3DF33FCC9BD1644BD14FCA330AA978500001B5401960000"	"\Divisions\PD\Line Boise\128911 Xcel-GIST 3- PHASE 2- LRV PTY 3\Materials\5503"
"000000009598E9A20E04F041B38518182890A2D50100A3DF33FCC9BD1644BD14FCA330AA9785000019B7ED690000"	"\Divisions\PD\Line Boise\128911 Xcel-GIST 3- PHASE 2- LRV PTY 3\Remediation\0883"
"000000009598E9A20E04F041B38518182890A2D50100A3DF33FCC9BD1644BD14FCA330AA978500001B2D9BC90000"	"\Divisions\PD\Line Boise\128911 Xcel-GIST 3- PHASE 2- LRV PTY 3\Schedule\5503"
"000000009598E9A20E04F041B38518182890A2D50100A3DF33FCC9BD1644BD14FCA330AA9785000018E1A0490000"	"\Divisions\PD\Line Boise\128911 Xcel-GIST 3- PHASE 2- LRV PTY 3\Transmittals\0827"
"000000009598E9A20E04F041B38518182890A2D50100A3DF33FCC9BD1644BD14FCA330AA978500001A93C4B50000"	"\Divisions\PD\Line Boise\128911 Xcel-GIST 3- PHASE 2- LRV PTY 3\Transmittals\5534"
"000000009598E9A20E04F041B38518182890A2D50100A3DF33FCC9BD1644BD14FCA330AA978500001B1BE8740000"	"\Divisions\PD\Line Boise\130412 Xcel (MN) NSP GIST-3 Ph 3\Material Requests"
"000000009598E9A20E04F041B38518182890A2D50100A3DF33FCC9BD1644BD14FCA330AA978500001DC70E8D0000"	"\Divisions\PD\Line Boise\130413 Xcel (WI) NSP GIST-3 Ph 3\Drafting"
"000000009598E9A20E04F041B38518182890A2D50100A3DF33FCC9BD1644BD14FCA330AA978500001B4DEFD70000"	"\Divisions\PD\Line Boise\131302 131500 131501 XCEL W3203 W3509 SEV-TRM\Geotechnical"
"000000009598E9A20E04F041B38518182890A2D50100A3DF33FCC9BD1644BD14FCA330AA978500001B0559840000"	"\Divisions\PD\Line Boise\131365 Xcel SW MN GALLOPING INVESTGTN RMD\Contacts"
"000000009598E9A20E04F041B38518182890A2D50100A3DF33FCC9BD1644BD14FCA330AA978500001B6E6D100000"	"\Divisions\PD\Line Boise\132072 XCEL-L0953 RECONDUCTOR\Estimate"
"000000009598E9A20E04F041B38518182890A2D50100A3DF33FCC9BD1644BD14FCA330AA978500001D4AF0120000"	"\Divisions\PD\Line Boise\132155 PSE Eastside\PLSPole Models"
"000000009598E9A20E04F041B38518182890A2D50100A3DF33FCC9BD1644BD14FCA330AA978500001DD49A2F0000"	"\Divisions\PD\Line Boise\134091 PAC Croy-DV\00_PEI-Internal\A_Review Comments"
"000000009598E9A20E04F041B38518182890A2D50100A3DF33FCC9BD1644BD14FCA330AA978500001DD470230000"	"\Divisions\PD\Line Boise\134091 PAC Croy-DV\04_Substation-Interface"
"000000009598E9A20E04F041B38518182890A2D50100A3DF33FCC9BD1644BD14FCA330AA978500001DE04BDB0000"	"\Divisions\PD\Line Boise\134473 PCorp Coalville SLV CRK\01_Submittals-wDMS#\E_Material\E1_Steel Poles"
"000000009598E9A20E04F041B38518182890A2D50100A3DF33FCC9BD1644BD14FCA330AA978500001DE0469E0000"	"\Divisions\PD\Line Boise\134473 PCorp Coalville SLV CRK\08_Permits"
"000000009598E9A20E04F041B38518182890A2D50100A3DF33FCC9BD1644BD14FCA330AA978500001DD689500000"	"\Divisions\PD\Line Boise\134474 PCorp Croydon-Coalville\01_Submittals-wDMS#\H_Material"
"000000009598E9A20E04F041B38518182890A2D501006C95E27D1ACA634AA1AADC20796388DD000000E3E1FE0000"	"\Divisions\PD\Line Boise\135116 SunZia\116500_Sunzia\EIS"
"000000009598E9A20E04F041B38518182890A2D501006C95E27D1ACA634AA1AADC20796388DD000000AE25360000"	"\Divisions\PD\Line Boise\135116 SunZia\116500_Sunzia\Toward Design & Construction\Aerial Survey"
"000000009598E9A20E04F041B38518182890A2D50100A3DF33FCC9BD1644BD14FCA330AA9785000021C9D95F0000"	"\Divisions\PD\Line Boise\136620 XCEL-0729 Rplce Pole (See also 133657)\Internal"
"000000009598E9A20E04F041B38518182890A2D50100A3DF33FCC9BD1644BD14FCA330AA97850000282982300000"	"\Divisions\PD\Line Boise\137494 Xcel PSCo 9255 RAY LEWIS-PNCHA REBLD \CONST"
"000000009598E9A20E04F041B38518182890A2D5010012225CC57BF01F4EA8CCA87A792FF35F00000A50CB3C0000"	"\Divisions\PD\Line Boise\137979 GNTL TLine\01_Admin\P360"
"000000009598E9A20E04F041B38518182890A2D50100A3DF33FCC9BD1644BD14FCA330AA97850000269F2A5C0000"	"\Divisions\PD\Line Boise\138958 XCEL - 5509 ELR & LC\Admin"
"000000009598E9A20E04F041B38518182890A2D50100A3DF33FCC9BD1644BD14FCA330AA9785000028BF18870000"	"\Divisions\PD\Line Boise\141086-XCEL NSPW Landworks\Admin"
"000000009598E9A20E04F041B38518182890A2D50100A3DF33FCC9BD1644BD14FCA330AA978500002C126FA20000"	"\Divisions\PD\Line Boise\142806 MP Hat Trick Foundation"
"000000009598E9A20E04F041B38518182890A2D5010012225CC57BF01F4EA8CCA87A792FF35F0000672391590000"	"\Divisions\PD\Line Boise\144822 ARSENAL HILL-RAINES RD"
"000000009598E9A20E04F041B38518182890A2D5010012225CC57BF01F4EA8CCA87A792FF35F0000CB33FAFF0000"	"\Divisions\PD\Line Boise\146618 - Bob TLine"
"000000009598E9A20E04F041B38518182890A2D5010012225CC57BF01F4EA8CCA87A792FF35F00013250E02B0000"	"\Divisions\PD\Line Boise\146854 TWE PRE-CON_OE\Field - Oct 2017"
"000000009598E9A20E04F041B38518182890A2D5010012225CC57BF01F4EA8CCA87A792FF35F0001AB98EBF00000"	"\Divisions\PD\Line Boise\151196 Riverton-Sand Lake"
"000000009598E9A20E04F041B38518182890A2D5010012225CC57BF01F4EA8CCA87A792FF35F00047DA614F20000"	"\Divisions\PD\Line Boise\154320 Ten West\154320 10W Brian Transistion"
"000000009598E9A20E04F041B38518182890A2D5010012225CC57BF01F4EA8CCA87A792FF35F00021D59BCDC0000"	"\Divisions\PD\Line Boise\154320 Ten West\154320 10W Rte-Str Locations"
"000000009598E9A20E04F041B38518182890A2D5010012225CC57BF01F4EA8CCA87A792FF35F00028774B2A30000"	"\Divisions\PD\Line Boise\157436 WREC ENG-CONST S-B Goldrush"
"000000009598E9A20E04F041B38518182890A2D5010012225CC57BF01F4EA8CCA87A792FF35F000335A54AEC0000"	"\Divisions\PD\Line Boise\161940 NCPA Plant#1 Temp Station"
"000000009598E9A20E04F041B38518182890A2D501001953B16A689BCD4AA8FC82955DB27CB10000015FA8D80000"	"\Divisions\PD\Line Boise\Line-Rating-Projects\PacifiCorp\A07 QAQC"
"000000009598E9A20E04F041B38518182890A2D501001953B16A689BCD4AA8FC82955DB27CB10000011EF5790000"	"\Divisions\PD\Line Boise\Line-Rating-Projects\PacifiCorp\P03"
"000000009598E9A20E04F041B38518182890A2D50100A3DF33FCC9BD1644BD14FCA330AA978500001676E7980000"	"\Divisions\PD\Line Boise\Line-Rating-Projects\PacifiCorp2\B05"
"000000009598E9A20E04F041B38518182890A2D50100A3DF33FCC9BD1644BD14FCA330AA978500001676E7F10000"	"\Divisions\PD\Line Boise\Line-Rating-Projects\PacifiCorp2\BB12"
"000000009598E9A20E04F041B38518182890A2D50100A3DF33FCC9BD1644BD14FCA330AA97850000211317A10000"	"\Divisions\PD\Line Boise\Xcel_Energy_Standards\On-Off-Badge-Training\2015 Training"
"000000009598E9A20E04F041B38518182890A2D50100A3DF33FCC9BD1644BD14FCA330AA9785000019CCD2BF0000"	"\Divisions\PD\Line Boise\Xcel_Energy_Standards\On-Off-Badge-Training\Badge&Site_Requests"
"000000009598E9A20E04F041B38518182890A2D5010012225CC57BF01F4EA8CCA87A792FF35F0003C51B05360000"	"\Divisions\PD\Line Boise\Xcel_Energy_Standards\On-Off-Badge-Training\On-Boarding_Prev 07-01-21\Amped I"
"000000009598E9A20E04F041B38518182890A2D5010012225CC57BF01F4EA8CCA87A792FF35F000570AAA49C0000"	"\Divisions\PD\Line Boise\Xcel_Energy_Standards\On-Off-Badge-Training\On-Boarding_Prev 12-09-22\K-P Power"
"000000009598E9A20E04F041B38518182890A2D5010012225CC57BF01F4EA8CCA87A792FF35F000366AF5CA40000"	"\Divisions\PD\Line Boise\Xcel_Energy_Standards\On-Off-Badge-Training\VM Connection Issues"
"000000009598E9A20E04F041B38518182890A2D50100A3DF33FCC9BD1644BD14FCA330AA97850000255DBC550000"	"\Divisions\PD\Line Cincinnati\135012 BALTIMORE GAS & ELECTRIC - REISTERSTOWN RD HPFF"
"000000009598E9A20E04F041B38518182890A2D50100A3DF33FCC9BD1644BD14FCA330AA9785000027C251890000"	"\Divisions\PD\Line Cincinnati\140784 LGE KU PHASE I"
"000000009598E9A20E04F041B38518182890A2D50100A3DF33FCC9BD1644BD14FCA330AA9785000026F1377B0000"	"\Divisions\PD\Line Fort Worth\01 CLOSED PROJS - UPLOAD TO PROJECTWISE\124061 - Plainview-Kiser to Kress - CLOSED 2013"
"000000009598E9A20E04F041B38518182890A2D50100A3DF33FCC9BD1644BD14FCA330AA978500001AB6B40F0000"	"\Divisions\PD\Line Fort Worth\130871 - XCEL ENERGY_DIAMONDBCK TO SULPHUR 115KV"
"000000009598E9A20E04F041B38518182890A2D50100A3DF33FCC9BD1644BD14FCA330AA97850000220D1EE70000"	"\Divisions\PD\Line Fort Worth\136665-La Quinta"
"000000009598E9A20E04F041B38518182890A2D501001296C725372D7F4B86B758A22EA3141B0000004F325A0000"	"\Divisions\PD\Line Hailey\00-Restored_Emails"
"000000009598E9A20E04F041B38518182890A2D5010012225CC57BF01F4EA8CCA87A792FF35F0004F313FF120000"	"\Divisions\PD\Line Hailey\00-Restored_Emails\123556_Fraser_River_Tower_Failure"
"000000009598E9A20E04F041B38518182890A2D50100572FF007A7D6B64CA96E5CFE8E1CC1A4000000105F930000"	"\Divisions\PD\Line Hailey\002_Line Dept Contacts\Vendors"
"000000009598E9A20E04F041B38518182890A2D50100A3DF33FCC9BD1644BD14FCA330AA978500001656FEC80000"	"\Divisions\PD\Line Hailey\01_Oncor_General\01_Dave_ONCOR_General\ONCOR Materials/Standards\Signs-Aerial"
"000000009598E9A20E04F041B38518182890A2D501001953B16A689BCD4AA8FC82955DB27CB1000001E823AA0000"	"\Divisions\PD\Line Hailey\01_Oncor_General\Crez_Project_Material\AFL OPGW Sole Source Info"
"000000009598E9A20E04F041B38518182890A2D50100A3DF33FCC9BD1644BD14FCA330AA978500000E991F380000"	"\Divisions\PD\Line Hailey\01_Oncor_General\Material_Updates_Questions\2012_Projects_Conductor"
"000000009598E9A20E04F041B38518182890A2D501001953B16A689BCD4AA8FC82955DB27CB1000001D8194F0000"	"\Divisions\PD\Line Hailey\01_Oncor_General\Material_Updates_Questions\Std_POle_Dwg_Numbers"
"000000009598E9A20E04F041B38518182890A2D50100A3DF33FCC9BD1644BD14FCA330AA978500001B45621A0000"	"\Divisions\PD\Line Hailey\01_Oncor_General\Oncor_Buyer_Updates"
"000000009598E9A20E04F041B38518182890A2D50100A3DF33FCC9BD1644BD14FCA330AA978500001B2F10F70000"	"\Divisions\PD\Line Hailey\01_Oncor_General\OPGW_Standards"
"000000009598E9A20E04F041B38518182890A2D50100A3DF33FCC9BD1644BD14FCA330AA97850000227610020000"	"\Divisions\PD\Line Hailey\01_Oncor_General\Vendor_Lead-times_Update\2015"
"000000009598E9A20E04F041B38518182890A2D501001296C725372D7F4B86B758A22EA3141B0000001D67CE0000"	"\Divisions\PD\Line Hailey\107925-csur"
"000000009598E9A20E04F041B38518182890A2D501001296C725372D7F4B86B758A22EA3141B000000236AD40000"	"\Divisions\PD\Line Hailey\108628-Umbata Falls\Drawings"
"000000009598E9A20E04F041B38518182890A2D501001296C725372D7F4B86B758A22EA3141B000000236ADF0000"	"\Divisions\PD\Line Hailey\108628-Umbata Falls\ROW"
"000000009598E9A20E04F041B38518182890A2D501001296C725372D7F4B86B758A22EA3141B0000003027200000"	"\Divisions\PD\Line Hailey\109716 Sweetwater 4"
"000000009598E9A20E04F041B38518182890A2D50100572FF007A7D6B64CA96E5CFE8E1CC1A40000002766AB0000"	"\Divisions\PD\Line Hailey\111086 FCPUD"
"000000009598E9A20E04F041B38518182890A2D501001296C725372D7F4B86B758A22EA3141B000000550C3E0000"	"\Divisions\PD\Line Hailey\111975 Hudson Oaks"
"000000009598E9A20E04F041B38518182890A2D501001296C725372D7F4B86B758A22EA3141B00000057B7340000"	"\Divisions\PD\Line Hailey\112307 ALCAN-Kitimat"
"000000009598E9A20E04F041B38518182890A2D501001296C725372D7F4B86B758A22EA3141B0000005F9D5E0000"	"\Divisions\PD\Line Hailey\112485-Alcan2\Z - Zanron"
"000000009598E9A20E04F041B38518182890A2D501001296C725372D7F4B86B758A22EA3141B0000006239080000"	"\Divisions\PD\Line Hailey\112970 Aragon"
"000000009598E9A20E04F041B38518182890A2D5010012225CC57BF01F4EA8CCA87A792FF35F00031E3003F70000"	"\Divisions\PD\Line Hailey\113560_ RERC\dups"
"000000009598E9A20E04F041B38518182890A2D50100A3DF33FCC9BD1644BD14FCA330AA9785000019996E440000"	"\Divisions\PD\Line Hailey\114313-07-01-09_Thru_02-22-13\dups"
"000000009598E9A20E04F041B38518182890A2D5010012225CC57BF01F4EA8CCA87A792FF35F00031E3003FD0000"	"\Divisions\PD\Line Hailey\115420_Killeen-Salado\09T64038_&_08T64129_Crez_Project\dups"
"000000009598E9A20E04F041B38518182890A2D50100572FF007A7D6B64CA96E5CFE8E1CC1A4000000180CA20000"	"\Divisions\PD\Line Hailey\116837"
"000000009598E9A20E04F041B38518182890A2D501001953B16A689BCD4AA8FC82955DB27CB10000015026EA0000"	"\Divisions\PD\Line Hailey\118178_Arco_to_Krugerville\MRCD01"
"000000009598E9A20E04F041B38518182890A2D5010012225CC57BF01F4EA8CCA87A792FF35F00031E30040D0000"	"\Divisions\PD\Line Hailey\118178_Arco_to_Krugerville\MRLJ10\dups"
"000000009598E9A20E04F041B38518182890A2D50100572FF007A7D6B64CA96E5CFE8E1CC1A40000002E7E7C0000"	"\Divisions\PD\Line Hailey\118921 _T268 FT Mason to Pitsburg\T-268 Sharepoint Alerts"
"000000009598E9A20E04F041B38518182890A2D50100572FF007A7D6B64CA96E5CFE8E1CC1A400000049136C0000"	"\Divisions\PD\Line Hailey\119992_Alpine_69kV"
"000000009598E9A20E04F041B38518182890A2D50100A3DF33FCC9BD1644BD14FCA330AA978500000E8FBFE70000"	"\Divisions\PD\Line Hailey\121180_Newton-Killeen\MRLJ06"
"000000009598E9A20E04F041B38518182890A2D50100A3DF33FCC9BD1644BD14FCA330AA9785000018E526A90000"	"\Divisions\PD\Line Hailey\121821_LES_Central_Lincoln_Reliability\2013_Inspection_Reports"
"000000009598E9A20E04F041B38518182890A2D50100A3DF33FCC9BD1644BD14FCA330AA978500000E8002260000"	"\Divisions\PD\Line Hailey\122443_Clear_Crossing-Willow_Crk_EAST\MRLJ04"
"000000009598E9A20E04F041B38518182890A2D50100A3DF33FCC9BD1644BD14FCA330AA97850000167857040000"	"\Divisions\PD\Line Hailey\122443_Clear_Crossing-Willow_Crk_EAST\MRRolf"
"000000009598E9A20E04F041B38518182890A2D50100A3DF33FCC9BD1644BD14FCA330AA9785000017217E280000"	"\Divisions\PD\Line Hailey\122444_Clear_Crossing_Willow_Crk_WEST\MRLJ08"
"000000009598E9A20E04F041B38518182890A2D50100CB7D9B6512D7374A860FE542D577039200000123585C0000"	"\Divisions\PD\Line Hailey\122997-Phase 2 Pilot"
"000000009598E9A20E04F041B38518182890A2D501001953B16A689BCD4AA8FC82955DB27CB10000011A5D390000"	"\Divisions\PD\Line Hailey\124018-GIS Phase 2"
"000000009598E9A20E04F041B38518182890A2D50100A3DF33FCC9BD1644BD14FCA330AA978500002BF3869F0000"	"\Divisions\PD\Line Hailey\126197-USG"
"000000009598E9A20E04F041B38518182890A2D50100A3DF33FCC9BD1644BD14FCA330AA97850000230D36840000"	"\Divisions\PD\Line Hailey\126873_Oncor_Goldsmith-Goldsmith_South\dups"
"000000009598E9A20E04F041B38518182890A2D50100A3DF33FCC9BD1644BD14FCA330AA978500002BA088AF0000"	"\Divisions\PD\Line Hailey\127007_AEP_Lon_Hill-Nelson_Sharpe\dups"
"000000009598E9A20E04F041B38518182890A2D50100A3DF33FCC9BD1644BD14FCA330AA9785000018BF35230000"	"\Divisions\PD\Line Hailey\127941_Riley-Krum_W-P2:_Sunset -Tap\MRLJ01"
"000000009598E9A20E04F041B38518182890A2D50100A3DF33FCC9BD1644BD14FCA330AA978500001B2053A60000"	"\Divisions\PD\Line Hailey\127943_Riley-Krum_P3_Eagle_Mt\MRLJ02"
"000000009598E9A20E04F041B38518182890A2D50100A3DF33FCC9BD1644BD14FCA330AA9785000018B1DF530000"	"\Divisions\PD\Line Hailey\128906_Oncor_Decordova_Bend_Str_Study"
"000000009598E9A20E04F041B38518182890A2D50100A3DF33FCC9BD1644BD14FCA330AA978500001A24C96C0000"	"\Divisions\PD\Line Hailey\129544_Eagle Mt-Calmont\MRLJ01"
"000000009598E9A20E04F041B38518182890A2D5010012225CC57BF01F4EA8CCA87A792FF35F00031E3004650000"	"\Divisions\PD\Line Hailey\129567_Temple_Sw-Bell_Cty_E\WA_13T64039\dups"
"000000009598E9A20E04F041B38518182890A2D5010012225CC57BF01F4EA8CCA87A792FF35F00031E30046B0000"	"\Divisions\PD\Line Hailey\129718_Midas_Gold-Golden_Meadows\dups"
"000000009598E9A20E04F041B38518182890A2D5010012225CC57BF01F4EA8CCA87A792FF35F0000B677F3510000"	"\Divisions\PD\Line Hailey\130224_E_Richardson-Apollo\MRLJ03"
"000000009598E9A20E04F041B38518182890A2D50100A3DF33FCC9BD1644BD14FCA330AA978500001F17B1C20000"	"\Divisions\PD\Line Hailey\130257_Stanton_E-Midland-E\MRLJ05"
"000000009598E9A20E04F041B38518182890A2D50100A3DF33FCC9BD1644BD14FCA330AA978500001B09CD390000"	"\Divisions\PD\Line Hailey\131172_Odessa_N-N_Cowden\MRLJ01"
"000000009598E9A20E04F041B38518182890A2D5010012225CC57BF01F4EA8CCA87A792FF35F00006E0172160000"	"\Divisions\PD\Line Hailey\131487_AEP_Lobo-Cenizo\dups"
"000000009598E9A20E04F041B38518182890A2D5010012225CC57BF01F4EA8CCA87A792FF35F00031E30047D0000"	"\Divisions\PD\Line Hailey\131745_Tex_Harvey\MRLJ02\dups"
"000000009598E9A20E04F041B38518182890A2D50100A3DF33FCC9BD1644BD14FCA330AA978500001B8D65C80000"	"\Divisions\PD\Line Hailey\131906_GM-Watson\MRLJ02"
"000000009598E9A20E04F041B38518182890A2D5010012225CC57BF01F4EA8CCA87A792FF35F00031E3004830000"	"\Divisions\PD\Line Hailey\132269_ICE_TAMIS_&_INSPECT-2013\dups"
"000000009598E9A20E04F041B38518182890A2D50100A3DF33FCC9BD1644BD14FCA330AA978500002BFF06C80000"	"\Divisions\PD\Line Hailey\132818_T137_WARDA_TO_GIDDINGS\dups"
"000000009598E9A20E04F041B38518182890A2D50100A3DF33FCC9BD1644BD14FCA330AA978500001F1F1BC70000"	"\Divisions\PD\Line Hailey\133835_RREC_Walker Ranch\dups"
"000000009598E9A20E04F041B38518182890A2D50100A3DF33FCC9BD1644BD14FCA330AA97850000252E28550000"	"\Divisions\PD\Line Hailey\134627_Eskota_Sw_Sta\MRLJ04"
"000000009598E9A20E04F041B38518182890A2D50100A3DF33FCC9BD1644BD14FCA330AA9785000028FB15980000"	"\Divisions\PD\Line Hailey\134633_Eagle_Mt-Wagley_Robertson\MRLJ07"
"000000009598E9A20E04F041B38518182890A2D50100A3DF33FCC9BD1644BD14FCA330AA9785000022FFD76F0000"	"\Divisions\PD\Line Hailey\134722_Permian_Basin_Sw_Sta\MRLJ06"
"000000009598E9A20E04F041B38518182890A2D50100A3DF33FCC9BD1644BD14FCA330AA978500001EC127E70000"	"\Divisions\PD\Line Hailey\135340_STD_Const_TS_Updates"
"000000009598E9A20E04F041B38518182890A2D50100A3DF33FCC9BD1644BD14FCA330AA97850000295D11810000"	"\Divisions\PD\Line Hailey\136602_Enterprise_Midland\MRLJ01-CAN-Proj-on-Hold"
"000000009598E9A20E04F041B38518182890A2D50100A3DF33FCC9BD1644BD14FCA330AA9785000021174B1D0000"	"\Divisions\PD\Line Hailey\137373-LoAg-CNavia"
"000000009598E9A20E04F041B38518182890A2D50100A3DF33FCC9BD1644BD14FCA330AA978500002A94195E0000"	"\Divisions\PD\Line Hailey\137396_Hicks-Elizabeth\MRLJ06"
"000000009598E9A20E04F041B38518182890A2D5010012225CC57BF01F4EA8CCA87A792FF35F0000BBEFC05C0000"	"\Divisions\PD\Line Hailey\137449_Mt_Creek-Norwood\Issue_Materials_Request"
"000000009598E9A20E04F041B38518182890A2D50100A3DF33FCC9BD1644BD14FCA330AA9785000021F36C000000"	"\Divisions\PD\Line Hailey\137896_WMEC-LINE1433_HPFF_REPL"
"000000009598E9A20E04F041B38518182890A2D50100A3DF33FCC9BD1644BD14FCA330AA97850000224961F20000"	"\Divisions\PD\Line Hailey\137985_ 46 kV_Ho'ohana_Solar"
"000000009598E9A20E04F041B38518182890A2D5010012225CC57BF01F4EA8CCA87A792FF35F000114281C4F0000"	"\Divisions\PD\Line Hailey\138156_Venus-Cedar_Hill\MRLJ07"
"000000009598E9A20E04F041B38518182890A2D50100A3DF33FCC9BD1644BD14FCA330AA9785000026CC38650000"	"\Divisions\PD\Line Hailey\138218_Means-Fullerton_69kV_RBLD\WA_15T63112\MRLJ07"
"000000009598E9A20E04F041B38518182890A2D50100A3DF33FCC9BD1644BD14FCA330AA9785000025A81D030000"	"\Divisions\PD\Line Hailey\138504_Holt_SW-N_Andrews\WA_15T63114\MRLJ02"
"000000009598E9A20E04F041B38518182890A2D50100A3DF33FCC9BD1644BD14FCA330AA978500002A9635660000"	"\Divisions\PD\Line Hailey\138504_Holt_SW-N_Andrews\WA_16T63057"
"000000009598E9A20E04F041B38518182890A2D50100A3DF33FCC9BD1644BD14FCA330AA9785000027161A0D0000"	"\Divisions\PD\Line Hailey\138956_Eagle_Mt-Roanoke\MRLJ03"
"000000009598E9A20E04F041B38518182890A2D50100A3DF33FCC9BD1644BD14FCA330AA978500002BE1F2E40000"	"\Divisions\PD\Line Hailey\139105_Camp_Wisdom-Watermill\MRLJ01"
"000000009598E9A20E04F041B38518182890A2D5010012225CC57BF01F4EA8CCA87A792FF35F000329D570C30000"	"\Divisions\PD\Line Hailey\139250_STRYKER CRK-LUFKIN\LJ03\dups"
"000000009598E9A20E04F041B38518182890A2D50100A3DF33FCC9BD1644BD14FCA330AA97850000242AC6900000"	"\Divisions\PD\Line Hailey\139347_138/46-kV_Hart_Support"
"000000009598E9A20E04F041B38518182890A2D50100A3DF33FCC9BD1644BD14FCA330AA978500002555ED1A0000"	"\Divisions\PD\Line Hailey\139689_LOCHALSH-MISSINABIE_LINE_DES"
"000000009598E9A20E04F041B38518182890A2D50100A3DF33FCC9BD1644BD14FCA330AA9785000028522E600000"	"\Divisions\PD\Line Hailey\140385_Hyundai_115-kV_Racking-Support"
"000000009598E9A20E04F041B38518182890A2D5010012225CC57BF01F4EA8CCA87A792FF35F000129AAA81B0000"	"\Divisions\PD\Line Hailey\141112_Venus Sw Sta - Midlothian\Issued Materials Request"
"000000009598E9A20E04F041B38518182890A2D5010012225CC57BF01F4EA8CCA87A792FF35F00018ED142230000"	"\Divisions\PD\Line Hailey\141183_CROWN RD - NORWOOD SW STA \MRLJ03"
"000000009598E9A20E04F041B38518182890A2D5010012225CC57BF01F4EA8CCA87A792FF35F0002032BB2290000"	"\Divisions\PD\Line Hailey\141185_Northaven-Preston Rd North\Issue Material Requests"
"000000009598E9A20E04F041B38518182890A2D5010012225CC57BF01F4EA8CCA87A792FF35F0000FFBD37F20000"	"\Divisions\PD\Line Hailey\141306_Lake_Wichita_Sw_Sta-Wichita_Falls\MRLJ05_Steel Poles_Dis-tran"
"000000009598E9A20E04F041B38518182890A2D5010012225CC57BF01F4EA8CCA87A792FF35F0000BA2FA3120000"	"\Divisions\PD\Line Hailey\141398_Trinidad-Richland\MRLJ06"
"000000009598E9A20E04F041B38518182890A2D5010012225CC57BF01F4EA8CCA87A792FF35F00008C3235A80000"	"\Divisions\PD\Line Hailey\141457_Pflugerville-Gilleland\Issued_Materials_Requests"
"000000009598E9A20E04F041B38518182890A2D5010012225CC57BF01F4EA8CCA87A792FF35F00007E79BFC20000"	"\Divisions\PD\Line Hailey\141658_Holt_N_Andrews-Midland_Farms\16T63099\MRCD01"
"000000009598E9A20E04F041B38518182890A2D5010012225CC57BF01F4EA8CCA87A792FF35F000105ED97B80000"	"\Divisions\PD\Line Hailey\141659_Holt - Andrews N-Andrews Cty S\WA 16T63098\MRLJ01 Steel Poles"
"000000009598E9A20E04F041B38518182890A2D5010012225CC57BF01F4EA8CCA87A792FF35F00001ACFFD490000"	"\Divisions\PD\Line Hailey\141728_TRINIDAD-LIGGETT \MRLJ02"
"000000009598E9A20E04F041B38518182890A2D5010012225CC57BF01F4EA8CCA87A792FF35F0001B748E75B0000"	"\Divisions\PD\Line Hailey\141803_Wedgewood Sw Sta-Forest Hill Sta\MRLJ08"
"000000009598E9A20E04F041B38518182890A2D5010012225CC57BF01F4EA8CCA87A792FF35F00020E8C7CE00000"	"\Divisions\PD\Line Hailey\142530_LN_Hill_Security_A14072001\dups"
"000000009598E9A20E04F041B38518182890A2D5010012225CC57BF01F4EA8CCA87A792FF35F00023125124D0000"	"\Divisions\PD\Line Hailey\142860_PERMIAN BASIN-HOLT: YUCCA\145086-South Padre Island"
"000000009598E9A20E04F041B38518182890A2D5010012225CC57BF01F4EA8CCA87A792FF35F00008A740CA50000"	"\Divisions\PD\Line Hailey\142863_PERMIAN BASIN - WINK (WEST): WOLF"
"000000009598E9A20E04F041B38518182890A2D5010012225CC57BF01F4EA8CCA87A792FF35F00006291C9B90000"	"\Divisions\PD\Line Hailey\143142_LUFKIN_SW_STA-DIBOLL\MRLJ02"
"000000009598E9A20E04F041B38518182890A2D5010012225CC57BF01F4EA8CCA87A792FF35F00013CB5CA150000"	"\Divisions\PD\Line Hailey\143469_Carrollton_NW-Crown Rd\MRLJ03_Steel Pole"
"000000009598E9A20E04F041B38518182890A2D5010012225CC57BF01F4EA8CCA87A792FF35F000178961A990000"	"\Divisions\PD\Line Hailey\143720_Everman Sw Sta-Forest Sw Sta\ISSUE MATERIAL REQUESTS"
"000000009598E9A20E04F041B38518182890A2D5010012225CC57BF01F4EA8CCA87A792FF35F0002032BB2590000"	"\Divisions\PD\Line Hailey\143834_Smart_Wires_Support\TX_CH Pilot E2E"
"000000009598E9A20E04F041B38518182890A2D5010012225CC57BF01F4EA8CCA87A792FF35F0000E3DE40CA0000"	"\Divisions\PD\Line Hailey\143957_Tricorner_WATERMILL–TRINIDAD\MRLJ05"
"000000009598E9A20E04F041B38518182890A2D5010012225CC57BF01F4EA8CCA87A792FF35F00010D90EA660000"	"\Divisions\PD\Line Hailey\144282_Shady Grove"
"000000009598E9A20E04F041B38518182890A2D5010012225CC57BF01F4EA8CCA87A792FF35F000129AAA7FB0000"	"\Divisions\PD\Line Hailey\144455_Trinidad-Winkler\Material Issued Requests"
"000000009598E9A20E04F041B38518182890A2D5010012225CC57BF01F4EA8CCA87A792FF35F0001A7C15AD90000"	"\Divisions\PD\Line Hailey\144455_Trinidad-Winkler\MRLJ12_Poles"
"000000009598E9A20E04F041B38518182890A2D5010012225CC57BF01F4EA8CCA87A792FF35F0000C304328B0000"	"\Divisions\PD\Line Hailey\144634_Hutto-Pflugerville\MRLJ04"
"000000009598E9A20E04F041B38518182890A2D5010012225CC57BF01F4EA8CCA87A792FF35F0002ECB605290000"	"\Divisions\PD\Line Hailey\145157_ETT-BAKERSFIELD-WAYMARK\dups"
"000000009598E9A20E04F041B38518182890A2D5010012225CC57BF01F4EA8CCA87A792FF35F0000FD2CBF0E0000"	"\Divisions\PD\Line Hailey\145469_Yucca Dr - AEP Barilla Jct\17T63048"
"000000009598E9A20E04F041B38518182890A2D5010012225CC57BF01F4EA8CCA87A792FF35F0001155FA6130000"	"\Divisions\PD\Line Hailey\145469_Yucca Dr - AEP Barilla Jct\17T63126\MRLJ04"
"000000009598E9A20E04F041B38518182890A2D5010012225CC57BF01F4EA8CCA87A792FF35F0001A5AB77F60000"	"\Divisions\PD\Line Hailey\145544_Cedar_Crest-Industrial_Wall_St\MRLJ08"
"000000009598E9A20E04F041B38518182890A2D5010012225CC57BF01F4EA8CCA87A792FF35F00010A95AC510000"	"\Divisions\PD\Line Hailey\145701_Hutto-Taylor\MRLJ01_Steel_Poles"
"000000009598E9A20E04F041B38518182890A2D5010012225CC57BF01F4EA8CCA87A792FF35F0002032BB2130000"	"\Divisions\PD\Line Hailey\145911_Northaven Lines\16T65186_Northaven-Preston\MRLJ04 Steel Poles"
"000000009598E9A20E04F041B38518182890A2D5010012225CC57BF01F4EA8CCA87A792FF35F0001CBD96D950000"	"\Divisions\PD\Line Hailey\145911_Northaven Lines\OPT37244_Northaven Sw-Renner\MRLJ05"
"000000009598E9A20E04F041B38518182890A2D5010012225CC57BF01F4EA8CCA87A792FF35F0000ED289A430000"	"\Divisions\PD\Line Hailey\146824-Sunzia"
"000000009598E9A20E04F041B38518182890A2D5010012225CC57BF01F4EA8CCA87A792FF35F000144DA54F70000"	"\Divisions\PD\Line Hailey\148081_Royse Sw-Sulphur Springs Sw Sta"
"000000009598E9A20E04F041B38518182890A2D5010012225CC57BF01F4EA8CCA87A792FF35F0001153529C70000"	"\Divisions\PD\Line Hailey\148326_Cedar Crest-Wall St\MRLJ01_Hardware"
"000000009598E9A20E04F041B38518182890A2D5010012225CC57BF01F4EA8CCA87A792FF35F00011D8C7A670000"	"\Divisions\PD\Line Hailey\148476_Clark"
"000000009598E9A20E04F041B38518182890A2D5010012225CC57BF01F4EA8CCA87A792FF35F0001C25BD4FD0000"	"\Divisions\PD\Line Hailey\149323_Substation Design Support\BD Effort\Distribution Services\dups"
"000000009598E9A20E04F041B38518182890A2D5010012225CC57BF01F4EA8CCA87A792FF35F0002032BB24F0000"	"\Divisions\PD\Line Hailey\151053_Sherry Sw Sta-Gen Motors\MRLJ03"
"000000009598E9A20E04F041B38518182890A2D5010012225CC57BF01F4EA8CCA87A792FF35F0002DE26A6CF0000"	"\Divisions\PD\Line Hailey\151644_TYLER-TYLER WEST 69kV\Issued Materials Requests"
"000000009598E9A20E04F041B38518182890A2D5010012225CC57BF01F4EA8CCA87A792FF35F0003154C961F0000"	"\Divisions\PD\Line Hailey\151713_SAGINAW 138KV SW STA REB\Material Tracking (LJ Folder)\MRLJ05"
"000000009598E9A20E04F041B38518182890A2D5010012225CC57BF01F4EA8CCA87A792FF35F0001F3B96ED00000"	"\Divisions\PD\Line Hailey\152843_Brookhollow"
"000000009598E9A20E04F041B38518182890A2D5010012225CC57BF01F4EA8CCA87A792FF35F000294C97D7A0000"	"\Divisions\PD\Line Hailey\153043_Venus Sw-Sardis Sw\MRLJ04"
"000000009598E9A20E04F041B38518182890A2D5010012225CC57BF01F4EA8CCA87A792FF35F00025CA6B5FB0000"	"\Divisions\PD\Line Hailey\153605_Village Creek Tap-Bowen\MRLJ05"
"000000009598E9A20E04F041B38518182890A2D5010012225CC57BF01F4EA8CCA87A792FF35F00022308A37B0000"	"\Divisions\PD\Line Hailey\153699_Venus Sw-Kemp Ranch Sw\MRLJ02"
"000000009598E9A20E04F041B38518182890A2D5010012225CC57BF01F4EA8CCA87A792FF35F000312A49F4B0000"	"\Divisions\PD\Line Hailey\153757_HANDLEY SW.-DEEN SW\Material Tracking_LJ\MRLJ05_DE Bodies"
"000000009598E9A20E04F041B38518182890A2D5010012225CC57BF01F4EA8CCA87A792FF35F0003154C96150000"	"\Divisions\PD\Line Hailey\153759_EAGLE MT SW.-DEEN SW\Material Tracking_LJ\MRLJ06_Splices"
"000000009598E9A20E04F041B38518182890A2D5010012225CC57BF01F4EA8CCA87A792FF35F0002EE36B0D40000"	"\Divisions\PD\Line Hailey\154677_Wolf Sw-Riverton-SEE PROWISE"
"000000009598E9A20E04F041B38518182890A2D5010012225CC57BF01F4EA8CCA87A792FF35F0002A9804DD60000"	"\Divisions\PD\Line Hailey\154678_Odessa EHV Sw-Wolf Sw\MRLJ02_Wire-Hardware"
"000000009598E9A20E04F041B38518182890A2D5010012225CC57BF01F4EA8CCA87A792FF35F0002F5D2D49E0000"	"\Divisions\PD\Line Hailey\154681_Moss Sw-Wolf Sw_N-Circuit\MRLJ04"
"000000009598E9A20E04F041B38518182890A2D5010012225CC57BF01F4EA8CCA87A792FF35F0002F5D2D49A0000"	"\Divisions\PD\Line Hailey\154683_Odessa EHV Sw-Moss\MRLJ07\MRTW_TOWER ORDER"
"000000009598E9A20E04F041B38518182890A2D5010012225CC57BF01F4EA8CCA87A792FF35F0002799D84F50000"	"\Divisions\PD\Line Hailey\155311_Owl Hills Sw-Tunstill POD Sta\MRLJ06_Wire"
"000000009598E9A20E04F041B38518182890A2D5010012225CC57BF01F4EA8CCA87A792FF35F000258A2B5330000"	"\Divisions\PD\Line Hailey\155961 - ENOCH KEVER PLLC"
"000000009598E9A20E04F041B38518182890A2D5010012225CC57BF01F4EA8CCA87A792FF35F0002ECB605350000"	"\Divisions\PD\Line Hailey\156389_Riverton Sw-Sand-Split WA\MRLJ07_Additional WIRE"
"000000009598E9A20E04F041B38518182890A2D5010012225CC57BF01F4EA8CCA87A792FF35F0002FE7C356C0000"	"\Divisions\PD\Line Hailey\157131-CARROLLTON E SUB-RENNER/N-HAVEN SUB\MRLJ03"
"000000009598E9A20E04F041B38518182890A2D5010012225CC57BF01F4EA8CCA87A792FF35F0002ECB6052F0000"	"\Divisions\PD\Line Hailey\158255_EAGLE MT-WAGLEY ROBERTSON"
"000000009598E9A20E04F041B38518182890A2D5010012225CC57BF01F4EA8CCA87A792FF35F0002C0C6A1CB0000"	"\Divisions\PD\Line Hailey\158941- QUANTA PERU TECH ADVISORY"
"000000009598E9A20E04F041B38518182890A2D5010012225CC57BF01F4EA8CCA87A792FF35F00036CC0C2CC0000"	"\Divisions\PD\Line Hailey\159436_ALPHA RD-KNOLL TRAIL\OPT 39714 Northaven-Preston RD\MRLJ05"
"000000009598E9A20E04F041B38518182890A2D50100E34BFE500669CD49AC2E27C6C54DE39D0000001240720000"	"\Divisions\PD\Line Hailey\Allegheny TrAIL\500kv steel poles PATH"
"000000009598E9A20E04F041B38518182890A2D50100A3DF33FCC9BD1644BD14FCA330AA9785000015DABC7B0000"	"\Divisions\PD\Line Hailey\asce_conference-2012"
"000000009598E9A20E04F041B38518182890A2D50100572FF007A7D6B64CA96E5CFE8E1CC1A40000005119960000"	"\Divisions\PD\Line Hailey\BD_Efforts\116196_ILM\Design_Fnd"
"000000009598E9A20E04F041B38518182890A2D50100572FF007A7D6B64CA96E5CFE8E1CC1A40000001935460000"	"\Divisions\PD\Line Hailey\BD_Efforts\116968-Lonestar"
"000000009598E9A20E04F041B38518182890A2D50100572FF007A7D6B64CA96E5CFE8E1CC1A40000005119A40000"	"\Divisions\PD\Line Hailey\BD_Efforts\120020-NTL\Env_Permit"
"000000009598E9A20E04F041B38518182890A2D50100572FF007A7D6B64CA96E5CFE8E1CC1A40000004913690000"	"\Divisions\PD\Line Hailey\BD_Efforts\120700-Red Chris Project"
"000000009598E9A20E04F041B38518182890A2D50100A3DF33FCC9BD1644BD14FCA330AA978500001DB8DFA50000"	"\Divisions\PD\Line Hailey\BD_Efforts\8minutenergy"
"000000009598E9A20E04F041B38518182890A2D50100A3DF33FCC9BD1644BD14FCA330AA978500001938373D0000"	"\Divisions\PD\Line Hailey\BD_Efforts\Acciona\Windfarm 66"
"000000009598E9A20E04F041B38518182890A2D50100A3DF33FCC9BD1644BD14FCA330AA9785000026C8C8A70000"	"\Divisions\PD\Line Hailey\BD_Efforts\AEP\2015\Pomelo Substation"
"000000009598E9A20E04F041B38518182890A2D50100A3DF33FCC9BD1644BD14FCA330AA97850000176CBED00000"	"\Divisions\PD\Line Hailey\BD_Efforts\Algoma"
"000000009598E9A20E04F041B38518182890A2D50100A3DF33FCC9BD1644BD14FCA330AA978500002B16CE5D0000"	"\Divisions\PD\Line Hailey\BD_Efforts\Allteck\2016\Line Outage Response Plan"
"000000009598E9A20E04F041B38518182890A2D50100A3DF33FCC9BD1644BD14FCA330AA9785000015EE4EE50000"	"\Divisions\PD\Line Hailey\BD_Efforts\Alterra"
"000000009598E9A20E04F041B38518182890A2D50100A3DF33FCC9BD1644BD14FCA330AA978500001AB3BB420000"	"\Divisions\PD\Line Hailey\BD_Efforts\APEX\APEX Wind"
"000000009598E9A20E04F041B38518182890A2D50100A3DF33FCC9BD1644BD14FCA330AA9785000019288D9C0000"	"\Divisions\PD\Line Hailey\BD_Efforts\Arkwright"
"000000009598E9A20E04F041B38518182890A2D5010012225CC57BF01F4EA8CCA87A792FF35F00013A0B91840000"	"\Divisions\PD\Line Hailey\BD_Efforts\AVAL\General"
"000000009598E9A20E04F041B38518182890A2D50100572FF007A7D6B64CA96E5CFE8E1CC1A40000006686E90000"	"\Divisions\PD\Line Hailey\BD_Efforts\BGE"
"000000009598E9A20E04F041B38518182890A2D5010012225CC57BF01F4EA8CCA87A792FF35F0000197795790000"	"\Divisions\PD\Line Hailey\BD_Efforts\Black Hills Power\2016\RC-Westhill-Lonewell Creek"
"000000009598E9A20E04F041B38518182890A2D50100CB7D9B6512D7374A860FE542D577039200000125FE550000"	"\Divisions\PD\Line Hailey\BD_Efforts\BP\Flat Ridge 2"
"000000009598E9A20E04F041B38518182890A2D50100A3DF33FCC9BD1644BD14FCA330AA978500002858B89A0000"	"\Divisions\PD\Line Hailey\BD_Efforts\Brookfield Renewable\2013"
"000000009598E9A20E04F041B38518182890A2D5010012225CC57BF01F4EA8CCA87A792FF35F00003452E6400000"	"\Divisions\PD\Line Hailey\BD_Efforts\Caruna"
"000000009598E9A20E04F041B38518182890A2D5010012225CC57BF01F4EA8CCA87A792FF35F00018500D1D30000"	"\Divisions\PD\Line Hailey\BD_Efforts\CEC-Clean Energy Consulting\2018"
"000000009598E9A20E04F041B38518182890A2D50100A3DF33FCC9BD1644BD14FCA330AA978500001DAB87C80000"	"\Divisions\PD\Line Hailey\BD_Efforts\Chugach\2014\Quartz Creek 115kV_Indian-Powerline Pass"
"000000009598E9A20E04F041B38518182890A2D50100A3DF33FCC9BD1644BD14FCA330AA97850000202ABCFF0000"	"\Divisions\PD\Line Hailey\BD_Efforts\City of Gillette\2014\Swanson Substation"
"000000009598E9A20E04F041B38518182890A2D50100A3DF33FCC9BD1644BD14FCA330AA97850000167346890000"	"\Divisions\PD\Line Hailey\BD_Efforts\CMP"
"000000009598E9A20E04F041B38518182890A2D50100A3DF33FCC9BD1644BD14FCA330AA978500002411CC930000"	"\Divisions\PD\Line Hailey\BD_Efforts\CTC\2015"
"000000009598E9A20E04F041B38518182890A2D50100A3DF33FCC9BD1644BD14FCA330AA978500002DF19B200000"	"\Divisions\PD\Line Hailey\BD_Efforts\Dresser-Rand\General"
"000000009598E9A20E04F041B38518182890A2D50100F3BCE3A574023B4482F2E427B5A3121800004D809D9F0000"	"\Divisions\PD\Line Hailey\BD_Efforts\EDPR\2014\Hidalgo Wind Farm"
"000000009598E9A20E04F041B38518182890A2D50100A3DF33FCC9BD1644BD14FCA330AA978500001FA1CAB10000"	"\Divisions\PD\Line Hailey\BD_Efforts\Enel Green Power\2014\Maintenance Services"
"000000009598E9A20E04F041B38518182890A2D5010012225CC57BF01F4EA8CCA87A792FF35F0001A42619B30000"	"\Divisions\PD\Line Hailey\BD_Efforts\ENMAX\2018\Line_Sub-GSA"
"000000009598E9A20E04F041B38518182890A2D50100A3DF33FCC9BD1644BD14FCA330AA978500001F2695430000"	"\Divisions\PD\Line Hailey\BD_Efforts\EoN\2014"
"000000009598E9A20E04F041B38518182890A2D50100A3DF33FCC9BD1644BD14FCA330AA97850000269E405B0000"	"\Divisions\PD\Line Hailey\BD_Efforts\Eskom\2015"
"000000009598E9A20E04F041B38518182890A2D50100A3DF33FCC9BD1644BD14FCA330AA978500001EAB7B020000"	"\Divisions\PD\Line Hailey\BD_Efforts\Filsinger Energy Partners\2014\IRP_Peurto Rico"
"000000009598E9A20E04F041B38518182890A2D5010012225CC57BF01F4EA8CCA87A792FF35F0000FB3FE4950000"	"\Divisions\PD\Line Hailey\BD_Efforts\First Solar\2017\Cal Flats"
"000000009598E9A20E04F041B38518182890A2D5010012225CC57BF01F4EA8CCA87A792FF35F00009A3F30AB0000"	"\Divisions\PD\Line Hailey\BD_Efforts\Fortis\2017"
"000000009598E9A20E04F041B38518182890A2D50100A3DF33FCC9BD1644BD14FCA330AA9785000022685FA60000"	"\Divisions\PD\Line Hailey\BD_Efforts\GE"
"000000009598E9A20E04F041B38518182890A2D5010012225CC57BF01F4EA8CCA87A792FF35F000052525A580000"	"\Divisions\PD\Line Hailey\BD_Efforts\Geronimo Energy\2016"
"000000009598E9A20E04F041B38518182890A2D50100A3DF33FCC9BD1644BD14FCA330AA978500001F04BF210000"	"\Divisions\PD\Line Hailey\BD_Efforts\GLP\2014 Projects\Gartshore T-Line"
"000000009598E9A20E04F041B38518182890A2D50100A3DF33FCC9BD1644BD14FCA330AA9785000028DC83330000"	"\Divisions\PD\Line Hailey\BD_Efforts\GLP\2016\Steephill Structure Analysis"
"000000009598E9A20E04F041B38518182890A2D50100A3DF33FCC9BD1644BD14FCA330AA97850000284945570000"	"\Divisions\PD\Line Hailey\BD_Efforts\Great River Energy\2016"
"000000009598E9A20E04F041B38518182890A2D50100CB7D9B6512D7374A860FE542D57703920000012956220000"	"\Divisions\PD\Line Hailey\BD_Efforts\GVEA"
"000000009598E9A20E04F041B38518182890A2D50100A3DF33FCC9BD1644BD14FCA330AA978500001DC56AB20000"	"\Divisions\PD\Line Hailey\BD_Efforts\HEA\2014\RUS Compliance_AMR"
"000000009598E9A20E04F041B38518182890A2D50100A3DF33FCC9BD1644BD14FCA330AA97850000165E5A100000"	"\Divisions\PD\Line Hailey\BD_Efforts\Helco\Aina Lea 12 kV"
"000000009598E9A20E04F041B38518182890A2D50100A3DF33FCC9BD1644BD14FCA330AA978500002279533A0000"	"\Divisions\PD\Line Hailey\BD_Efforts\Iberdrola\2015"
"000000009598E9A20E04F041B38518182890A2D50100A3DF33FCC9BD1644BD14FCA330AA9785000025A6BEB10000"	"\Divisions\PD\Line Hailey\BD_Efforts\Idaho Power\General"
"000000009598E9A20E04F041B38518182890A2D50100A3DF33FCC9BD1644BD14FCA330AA9785000021AE23500000"	"\Divisions\PD\Line Hailey\BD_Efforts\IFP-Idaho Falls Power\General"
"000000009598E9A20E04F041B38518182890A2D50100A3DF33FCC9BD1644BD14FCA330AA97850000175836E30000"	"\Divisions\PD\Line Hailey\BD_Efforts\Jacobs\Jacobs & Assoc\Sound Transit_SCL"
"000000009598E9A20E04F041B38518182890A2D50100A3DF33FCC9BD1644BD14FCA330AA978500001E40F6450000"	"\Divisions\PD\Line Hailey\BD_Efforts\KenGen"
"000000009598E9A20E04F041B38518182890A2D50100A3DF33FCC9BD1644BD14FCA330AA9785000029CE29340000"	"\Divisions\PD\Line Hailey\BD_Efforts\KootenaiElectric\2016"
"000000009598E9A20E04F041B38518182890A2D5010012225CC57BF01F4EA8CCA87A792FF35F000207D44E8A0000"	"\Divisions\PD\Line Hailey\BD_Efforts\Lamifil\2018\General Services"
"000000009598E9A20E04F041B38518182890A2D501001953B16A689BCD4AA8FC82955DB27CB1000001DBF4130000"	"\Divisions\PD\Line Hailey\BD_Efforts\LATIN AMERICA\Central America\Costa Rica\CNFL"
"000000009598E9A20E04F041B38518182890A2D50100A3DF33FCC9BD1644BD14FCA330AA978500002BC796600000"	"\Divisions\PD\Line Hailey\BD_Efforts\LATIN AMERICA\Central America\Costa Rica\ICE\2008-2015\GSA"
"000000009598E9A20E04F041B38518182890A2D50100A3DF33FCC9BD1644BD14FCA330AA978500002BC7CAC40000"	"\Divisions\PD\Line Hailey\BD_Efforts\LATIN AMERICA\Central America\Costa Rica\ICE\2016\GSA_2016-2xxx"
"000000009598E9A20E04F041B38518182890A2D5010012225CC57BF01F4EA8CCA87A792FF35F00009835520D0000"	"\Divisions\PD\Line Hailey\BD_Efforts\LATIN AMERICA\Central America\Costa Rica\ICE\2017\Line Siting"
"000000009598E9A20E04F041B38518182890A2D50100A3DF33FCC9BD1644BD14FCA330AA978500002BC8099D0000"	"\Divisions\PD\Line Hailey\BD_Efforts\LATIN AMERICA\Central America\Costa Rica\ICE\Old Projects"
"000000009598E9A20E04F041B38518182890A2D50100A3DF33FCC9BD1644BD14FCA330AA978500002BC86F1D0000"	"\Divisions\PD\Line Hailey\BD_Efforts\LATIN AMERICA\Central America\Costa Rica\ICE\Old Projects\Air Quality"
"000000009598E9A20E04F041B38518182890A2D50100A3DF33FCC9BD1644BD14FCA330AA978500002BC8B8A70000"	"\Divisions\PD\Line Hailey\BD_Efforts\LATIN AMERICA\Central America\Costa Rica\ICE\Old Projects\GroundBasedLiDAR"
"000000009598E9A20E04F041B38518182890A2D50100A3DF33FCC9BD1644BD14FCA330AA978500002BC905390000"	"\Divisions\PD\Line Hailey\BD_Efforts\LATIN AMERICA\Central America\Costa Rica\ICE\Old Projects\Reliability"
"000000009598E9A20E04F041B38518182890A2D50100A3DF33FCC9BD1644BD14FCA330AA978500002BC72AB40000"	"\Divisions\PD\Line Hailey\BD_Efforts\LATIN AMERICA\Central America\Costa Rica\SIME\Coordination"
"000000009598E9A20E04F041B38518182890A2D50100A3DF33FCC9BD1644BD14FCA330AA978500002BC65DCC0000"	"\Divisions\PD\Line Hailey\BD_Efforts\LATIN AMERICA\Central America\EPR\2013"
"000000009598E9A20E04F041B38518182890A2D5010012225CC57BF01F4EA8CCA87A792FF35F00002F06B0DD0000"	"\Divisions\PD\Line Hailey\BD_Efforts\LATIN AMERICA\Central America\Guatemala\INDE\General"
"000000009598E9A20E04F041B38518182890A2D5010012225CC57BF01F4EA8CCA87A792FF35F0001155FA60D0000"	"\Divisions\PD\Line Hailey\BD_Efforts\LATIN AMERICA\Central America\Panama\ETESA\2017\Merrick_Lidar_Model_Veg"
"000000009598E9A20E04F041B38518182890A2D50100A3DF33FCC9BD1644BD14FCA330AA978500002C0596890000"	"\Divisions\PD\Line Hailey\BD_Efforts\LATIN AMERICA\Chile\bbosch\2016"
"000000009598E9A20E04F041B38518182890A2D50100A3DF33FCC9BD1644BD14FCA330AA97850000288E18DA0000"	"\Divisions\PD\Line Hailey\BD_Efforts\LATIN AMERICA\Chile\Transelec\2016"
"000000009598E9A20E04F041B38518182890A2D50100A3DF33FCC9BD1644BD14FCA330AA9785000017360E240000"	"\Divisions\PD\Line Hailey\BD_Efforts\LATIN AMERICA\Colombia"
"000000009598E9A20E04F041B38518182890A2D5010012225CC57BF01F4EA8CCA87A792FF35F000053E1DEFC0000"	"\Divisions\PD\Line Hailey\BD_Efforts\LATIN AMERICA\FlashCier"
"000000009598E9A20E04F041B38518182890A2D50100A3DF33FCC9BD1644BD14FCA330AA978500002BC5FA9C0000"	"\Divisions\PD\Line Hailey\BD_Efforts\LATIN AMERICA\Mexico\CFE\Standards_Manuals"
"000000009598E9A20E04F041B38518182890A2D50100A3DF33FCC9BD1644BD14FCA330AA978500002BC64F200000"	"\Divisions\PD\Line Hailey\BD_Efforts\LATIN AMERICA\Organizations\CEAC"
"000000009598E9A20E04F041B38518182890A2D5010012225CC57BF01F4EA8CCA87A792FF35F00005DC2F3450000"	"\Divisions\PD\Line Hailey\BD_Efforts\LATIN AMERICA\USTDA"
"000000009598E9A20E04F041B38518182890A2D50100A3DF33FCC9BD1644BD14FCA330AA978500001F70299D0000"	"\Divisions\PD\Line Hailey\BD_Efforts\Lonestar\2014"
"000000009598E9A20E04F041B38518182890A2D5010012225CC57BF01F4EA8CCA87A792FF35F0001217308DC0000"	"\Divisions\PD\Line Hailey\BD_Efforts\Merrick\2017"
"000000009598E9A20E04F041B38518182890A2D50100A3DF33FCC9BD1644BD14FCA330AA978500002125E4EC0000"	"\Divisions\PD\Line Hailey\BD_Efforts\MID_Merced Irrigation District\2015\DBL Ckt 115-21 kV"
"000000009598E9A20E04F041B38518182890A2D50100A3DF33FCC9BD1644BD14FCA330AA978500002DA2C4680000"	"\Divisions\PD\Line Hailey\BD_Efforts\Mitkor"
"000000009598E9A20E04F041B38518182890A2D50100572FF007A7D6B64CA96E5CFE8E1CC1A40000005363A50000"	"\Divisions\PD\Line Hailey\BD_Efforts\NERC Line Rating Strategy"
"000000009598E9A20E04F041B38518182890A2D50100A3DF33FCC9BD1644BD14FCA330AA97850000211941B10000"	"\Divisions\PD\Line Hailey\BD_Efforts\Ninyo_Moore\General"
"000000009598E9A20E04F041B38518182890A2D50100A3DF33FCC9BD1644BD14FCA330AA9785000022D154550000"	"\Divisions\PD\Line Hailey\BD_Efforts\NTPC_Northwest Territories Power Corp\2015"
"000000009598E9A20E04F041B38518182890A2D50100CB7D9B6512D7374A860FE542D57703920000011B08B80000"	"\Divisions\PD\Line Hailey\BD_Efforts\NWE"
"000000009598E9A20E04F041B38518182890A2D50100A3DF33FCC9BD1644BD14FCA330AA97850000225753310000"	"\Divisions\PD\Line Hailey\BD_Efforts\Oncor\General"
"000000009598E9A20E04F041B38518182890A2D50100CB7D9B6512D7374A860FE542D57703920000011F9FFF0000"	"\Divisions\PD\Line Hailey\BD_Efforts\PacifiCorp\GSA Problem"
"000000009598E9A20E04F041B38518182890A2D50100A3DF33FCC9BD1644BD14FCA330AA978500001F05B8DF0000"	"\Divisions\PD\Line Hailey\BD_Efforts\Pattern Energy\General"
"000000009598E9A20E04F041B38518182890A2D50100A3DF33FCC9BD1644BD14FCA330AA978500002532CAF70000"	"\Divisions\PD\Line Hailey\BD_Efforts\PNM\2015"
"000000009598E9A20E04F041B38518182890A2D50100A3DF33FCC9BD1644BD14FCA330AA978500000E8A47FB0000"	"\Divisions\PD\Line Hailey\BD_Efforts\Powertel\2012\Grand Renewable"
"000000009598E9A20E04F041B38518182890A2D50100A3DF33FCC9BD1644BD14FCA330AA978500002CA882760000"	"\Divisions\PD\Line Hailey\BD_Efforts\Powertel\2016\Wataynikaneyap Geotech Proposal"
"000000009598E9A20E04F041B38518182890A2D5010012225CC57BF01F4EA8CCA87A792FF35F00011D8C7A290000"	"\Divisions\PD\Line Hailey\BD_Efforts\Puerto Rico\2017\Hurricane Restoration"
"000000009598E9A20E04F041B38518182890A2D501001953B16A689BCD4AA8FC82955DB27CB10000012679FA0000"	"\Divisions\PD\Line Hailey\BD_Efforts\Recurrent\Barren Ridge"
"000000009598E9A20E04F041B38518182890A2D50100A3DF33FCC9BD1644BD14FCA330AA978500001743512C0000"	"\Divisions\PD\Line Hailey\BD_Efforts\RES\SaskPower_Island Falls-Key Lake"
"000000009598E9A20E04F041B38518182890A2D5010012225CC57BF01F4EA8CCA87A792FF35F0000F38658550000"	"\Divisions\PD\Line Hailey\BD_Efforts\Rokstad\2017"
"000000009598E9A20E04F041B38518182890A2D50100F3BCE3A574023B4482F2E427B5A3121800004E8680D60000"	"\Divisions\PD\Line Hailey\BD_Efforts\RS Technologies\2016"
"000000009598E9A20E04F041B38518182890A2D5010012225CC57BF01F4EA8CCA87A792FF35F0002B4A0BD680000"	"\Divisions\PD\Line Hailey\BD_Efforts\RTA-Rio Tinto Alcan\2019"
"000000009598E9A20E04F041B38518182890A2D50100A3DF33FCC9BD1644BD14FCA330AA978500002DF141A50000"	"\Divisions\PD\Line Hailey\BD_Efforts\SaskPower\2016\Renewable Integration Study"
"000000009598E9A20E04F041B38518182890A2D50100A3DF33FCC9BD1644BD14FCA330AA9785000026B082AB0000"	"\Divisions\PD\Line Hailey\BD_Efforts\SCE\2015"
"000000009598E9A20E04F041B38518182890A2D50100A3DF33FCC9BD1644BD14FCA330AA9785000022F90CDE0000"	"\Divisions\PD\Line Hailey\BD_Efforts\Schofield Barracks\2015"
"000000009598E9A20E04F041B38518182890A2D50100A3DF33FCC9BD1644BD14FCA330AA978500001A3F69930000"	"\Divisions\PD\Line Hailey\BD_Efforts\SES-Solar Electric Solutions\Mohave West Gen-tie"
"000000009598E9A20E04F041B38518182890A2D5010012225CC57BF01F4EA8CCA87A792FF35F0000B10731EC0000"	"\Divisions\PD\Line Hailey\BD_Efforts\Smartwires\2017\T8_Deep Dive Mobile Bank"
"000000009598E9A20E04F041B38518182890A2D50100A3DF33FCC9BD1644BD14FCA330AA978500001AEB44CB0000"	"\Divisions\PD\Line Hailey\BD_Efforts\Solairedirect\2013"
"000000009598E9A20E04F041B38518182890A2D5010012225CC57BF01F4EA8CCA87A792FF35F0000BA2FA3200000"	"\Divisions\PD\Line Hailey\BD_Efforts\Sunflower\2017\A-Frame"
"000000009598E9A20E04F041B38518182890A2D501001953B16A689BCD4AA8FC82955DB27CB10000018FF6BA0000"	"\Divisions\PD\Line Hailey\BD_Efforts\TAH Energy\On-Line Interconnect"
"000000009598E9A20E04F041B38518182890A2D50100A3DF33FCC9BD1644BD14FCA330AA978500001F18C0E90000"	"\Divisions\PD\Line Hailey\BD_Efforts\Terra_Gen\2014\LADWP Crossing License"
"000000009598E9A20E04F041B38518182890A2D50100A3DF33FCC9BD1644BD14FCA330AA978500001BF03DA20000"	"\Divisions\PD\Line Hailey\BD_Efforts\Terra_Gen\50MW BESS"
"000000009598E9A20E04F041B38518182890A2D50100A3DF33FCC9BD1644BD14FCA330AA978500002170FCC60000"	"\Divisions\PD\Line Hailey\BD_Efforts\TID - Turlock\2015\August Substation Reconfig 115kV"
"000000009598E9A20E04F041B38518182890A2D5010012225CC57BF01F4EA8CCA87A792FF35F0001BE7F520E0000"	"\Divisions\PD\Line Hailey\BD_Efforts\Tri-State\2018"
"000000009598E9A20E04F041B38518182890A2D5010012225CC57BF01F4EA8CCA87A792FF35F0001B96097AA0000"	"\Divisions\PD\Line Hailey\BD_Efforts\USTDA\2018"
"000000009598E9A20E04F041B38518182890A2D5010012225CC57BF01F4EA8CCA87A792FF35F00016AA4C3900000"	"\Divisions\PD\Line Hailey\BD_Efforts\Velco\2018\Granite State Power Link"
"000000009598E9A20E04F041B38518182890A2D50100A3DF33FCC9BD1644BD14FCA330AA97850000252398C10000"	"\Divisions\PD\Line Hailey\BD_Efforts\Wheatland REA\2015\Qualls-Goshen 69 kV Rebuild"
"000000009598E9A20E04F041B38518182890A2D501001296C725372D7F4B86B758A22EA3141B0000004D31DE0000"	"\Divisions\PD\Line Hailey\BD_Efforts\wilson-kauai"
"000000009598E9A20E04F041B38518182890A2D50100A3DF33FCC9BD1644BD14FCA330AA978500002BF312EB0000"	"\Divisions\PD\Line Hailey\BD_Efforts\Yukon Energy Corporation"
"000000009598E9A20E04F041B38518182890A2D501001296C725372D7F4B86B758A22EA3141B0000005F9D500000"	"\Divisions\PD\Line Hailey\CLIENT_STDS_GENERAL\atc_general\EastCampus"
"000000009598E9A20E04F041B38518182890A2D50100A3DF33FCC9BD1644BD14FCA330AA978500001B7FF5760000"	"\Divisions\PD\Line Hailey\CLIENT_STDS_GENERAL\brazos-general\Lake Kemp - Seymour"
"000000009598E9A20E04F041B38518182890A2D50100572FF007A7D6B64CA96E5CFE8E1CC1A40000005119800000"	"\Divisions\PD\Line Hailey\CLIENT_STDS_GENERAL\TERNA"
"000000009598E9A20E04F041B38518182890A2D50100A3DF33FCC9BD1644BD14FCA330AA978500001B1D269F0000"	"\Divisions\PD\Line Hailey\Line Kansas City\00-DMS Upload"
"000000009598E9A20E04F041B38518182890A2D50100A3DF33FCC9BD1644BD14FCA330AA978500001B1D26CC0000"	"\Divisions\PD\Line Hailey\Line Kansas City\122595 PEF-FORT WHITE DSCADA PREP"
"000000009598E9A20E04F041B38518182890A2D50100A3DF33FCC9BD1644BD14FCA330AA978500001B1D26F90000"	"\Divisions\PD\Line Hailey\Line Kansas City\128368 RUBART STA INTERCONNECT REQ "
"000000009598E9A20E04F041B38518182890A2D5010012225CC57BF01F4EA8CCA87A792FF35F0000BA2FA3160000"	"\Divisions\PD\Line Hailey\Sunflower"
"000000009598E9A20E04F041B38518182890A2D50100A3DF33FCC9BD1644BD14FCA330AA978500002134F4700000"	"\Divisions\PD\Line Hamilton\137132"
"000000009598E9A20E04F041B38518182890A2D5010012225CC57BF01F4EA8CCA87A792FF35F0000122E78320000"	"\Divisions\PD\Line Hamilton\143156"
"000000009598E9A20E04F041B38518182890A2D5010012225CC57BF01F4EA8CCA87A792FF35F000174EAD0E50000"	"\Divisions\PD\Line Hamilton\149400"
"000000009598E9A20E04F041B38518182890A2D50100E34BFE500669CD49AC2E27C6C54DE39D00000010D0BB0000"	"\Divisions\PD\Line Houston\00-Closed Projects (remove by 11/09)"
"000000009598E9A20E04F041B38518182890A2D50100E34BFE500669CD49AC2E27C6C54DE39D00000024936F0000"	"\Divisions\PD\Line Houston\00-Closed Projects (remove by 11/09)\117437_Horizon_Wind_ERP_Reporting"
"000000009598E9A20E04F041B38518182890A2D50100E34BFE500669CD49AC2E27C6C54DE39D0000000AFD530000"	"\Divisions\PD\Line Houston\107391 Alaskan Way Via Duct"
"000000009598E9A20E04F041B38518182890A2D50100E34BFE500669CD49AC2E27C6C54DE39D0000000AFD600000"	"\Divisions\PD\Line Houston\107391 Alaskan Way Via Duct\00 UPLOADED TO DMS or PWC\00 Meeting Minutes\AWV-053"
"000000009598E9A20E04F041B38518182890A2D50100E34BFE500669CD49AC2E27C6C54DE39D0000000D592C0000"	"\Divisions\PD\Line Houston\107391 Alaskan Way Via Duct\00 UPLOADED TO DMS or PWC\00 Request For Information\AWV-061"
"000000009598E9A20E04F041B38518182890A2D50100E34BFE500669CD49AC2E27C6C54DE39D0000000AFD7D0000"	"\Divisions\PD\Line Houston\107391 Alaskan Way Via Duct\00 UPLOADED TO DMS or PWC\AWV-003 thru AWV-050\AWV-019"
"000000009598E9A20E04F041B38518182890A2D50100E34BFE500669CD49AC2E27C6C54DE39D0000000AFD820000"	"\Divisions\PD\Line Houston\107391 Alaskan Way Via Duct\00 UPLOADED TO DMS or PWC\AWV-003 thru AWV-050\AWV-048"
"000000009598E9A20E04F041B38518182890A2D50100E34BFE500669CD49AC2E27C6C54DE39D0000000D591F0000"	"\Divisions\PD\Line Houston\107391 Alaskan Way Via Duct\00 UPLOADED TO DMS or PWC\AWV-050 thruy AWV-100\AWV-074"
"000000009598E9A20E04F041B38518182890A2D50100E34BFE500669CD49AC2E27C6C54DE39D0000000D59370000"	"\Divisions\PD\Line Houston\107391 Alaskan Way Via Duct\Completed Tasks"
"000000009598E9A20E04F041B38518182890A2D50100A3DF33FCC9BD1644BD14FCA330AA978500001DCF14050000"	"\Divisions\PD\Line Houston\134483_Brazos_Meridian Sub_WO#"
"000000009598E9A20E04F041B38518182890A2D50100F3BCE3A574023B4482F2E427B5A3121800004D8F11B30000"	"\Divisions\PD\Line Houston\136780_AEP_Cleveland_WO#"
"000000009598E9A20E04F041B38518182890A2D50100A3DF33FCC9BD1644BD14FCA330AA978500002A5E404A0000"	"\Divisions\PD\Line Kansas City\139730 Entergy LA LNG"
"000000009598E9A20E04F041B38518182890A2D50100A3DF33FCC9BD1644BD14FCA330AA9785000019CD1AF70000"	"\Divisions\PD\Line Orlando\128144 - OUC 5-0212 TRANSMISSION LINE"
"000000009598E9A20E04F041B38518182890A2D50100A3DF33FCC9BD1644BD14FCA330AA978500001C7A509B0000"	"\Divisions\PD\Line Orlando\133079-FPL-FDOT SPANISH RIVER LINE"
"000000009598E9A20E04F041B38518182890A2D50100A3DF33FCC9BD1644BD14FCA330AA978500001F814CF80000"	"\Divisions\PD\Line Orlando\136017-DUKE ENERGY-OPGW/ADSS ADD"
"000000009598E9A20E04F041B38518182890A2D50100A3DF33FCC9BD1644BD14FCA330AA9785000021AA91440000"	"\Divisions\PD\Line Orlando\137458-FPL LUMP SUM STRUCT'L ANALYSIS"
"000000009598E9A20E04F041B38518182890A2D50100A3DF33FCC9BD1644BD14FCA330AA97850000271385840000"	"\Divisions\PD\Line Orlando\140603-OUC-HOLDEN RD WIDENING"
"000000009598E9A20E04F041B38518182890A2D50100A3DF33FCC9BD1644BD14FCA330AA978500002DA0F1830000"	"\Divisions\PD\Line Orlando\143224-FPL-TUSCANY CELL TWR STR 137M9"
"000000009598E9A20E04F041B38518182890A2D50100CB7D9B6512D7374A860FE542D57703920000012357FA0000"	"\Divisions\PD\Line Portland\122424 - PacifiCorp Whitney Canyon"
"000000009598E9A20E04F041B38518182890A2D50100A3DF33FCC9BD1644BD14FCA330AA9785000021801DB70000"	"\Divisions\PD\Line Portland\131745 - Oncor Tex Harvey\Line San Diego"
"000000009598E9A20E04F041B38518182890A2D50100A3DF33FCC9BD1644BD14FCA330AA9785000021AA61250000"	"\Divisions\PD\Line Portland\137449 - Oncor Mountain Ck Norwood"
"000000009598E9A20E04F041B38518182890A2D5010012225CC57BF01F4EA8CCA87A792FF35F0000122E784E0000"	"\Divisions\PD\Line Portland\143469 - Carrollton NW-Crown"
"000000009598E9A20E04F041B38518182890A2D5010012225CC57BF01F4EA8CCA87A792FF35F0000E3DE40B80000"	"\Divisions\PD\Line Portland\146697 - ONCOR Trira-Norwood"
"000000009598E9A20E04F041B38518182890A2D5010012225CC57BF01F4EA8CCA87A792FF35F00023F215F860000"	"\Divisions\PD\Line Portland\154020 - AEP Bruton Station"
"000000009598E9A20E04F041B38518182890A2D5010012225CC57BF01F4EA8CCA87A792FF35F00039ACA17260000"	"\Divisions\PD\Line Portland\Gateway Field Engineering CALENDAR"
"000000009598E9A20E04F041B38518182890A2D50100A3DF33FCC9BD1644BD14FCA330AA978500002000FFD60000"	"\Divisions\PD\Line San Diego\136194 SSVEC Hawes-Che-Golf 69kV"
"000000009598E9A20E04F041B38518182890A2D50100A3DF33FCC9BD1644BD14FCA330AA97850000224D93E90000"	"\Divisions\PD\Line San Diego\HECO OE (46kV TD - CSS Support)"
"000000009598E9A20E04F041B38518182890A2D5010012225CC57BF01F4EA8CCA87A792FF35F00018500D1D10000"	"\Divisions\PD\Line Syracuse\_PPL HOLD\145223 PPL - B49923 SEG 12B SUB UPGR JENKINS"
"000000009598E9A20E04F041B38518182890A2D5010012225CC57BF01F4EA8CCA87A792FF35F0002D6D8500B0000"	"\Divisions\PD\MPD\Trade Shows"
"000000009598E9A20E04F041B38518182890A2D50100572FF007A7D6B64CA96E5CFE8E1CC1A400000016478A0000"	"\Divisions\PD\North Attleboro Project Site\AIR's\Closed AIR's\0015"
"000000009598E9A20E04F041B38518182890A2D50100572FF007A7D6B64CA96E5CFE8E1CC1A400000014C0AA0000"	"\Divisions\PD\North Attleboro Project Site\AIR's\Closed AIR's\0076"
"000000009598E9A20E04F041B38518182890A2D50100572FF007A7D6B64CA96E5CFE8E1CC1A40000001647690000"	"\Divisions\PD\North Attleboro Project Site\AIR's\Open AIR's\0081"
"000000009598E9A20E04F041B38518182890A2D50100572FF007A7D6B64CA96E5CFE8E1CC1A400000012926B0000"	"\Divisions\PD\North Attleboro Project Site\Projects\113505-New 345/115kV SS Plainville MA"
"000000009598E9A20E04F041B38518182890A2D50100E34BFE500669CD49AC2E27C6C54DE39D0000003DC1400000"	"\Divisions\PD\North Attleboro Project Site\Projects\113517-S171/T172 115KV Line WF-Dmrck\DD-CM-01\Lines"
"000000009598E9A20E04F041B38518182890A2D50100CB7D9B6512D7374A860FE542D57703920000012B26050000"	"\Divisions\PD\North Attleboro Project Site\Projects\122994 - Nstar Project Managment"
"000000009598E9A20E04F041B38518182890A2D50100A3DF33FCC9BD1644BD14FCA330AA978500001A22BBB10000"	"\Divisions\PD\North Attleboro Project Site\Projects\130517-PSEG OE SUPORT 2"
"000000009598E9A20E04F041B38518182890A2D501006C95E27D1ACA634AA1AADC20796388DD000000905FFA0000"	"\Divisions\PD\PCI Comm Project Control"
"000000009598E9A20E04F041B38518182890A2D50100A3DF33FCC9BD1644BD14FCA330AA97850000261822890000"	"\Divisions\PD\PCI Sacramento\00-DMS Upload\140171 - ITC GRT PLNS VENDOR SURV"
"000000009598E9A20E04F041B38518182890A2D50100A3DF33FCC9BD1644BD14FCA330AA9785000027A9B5FF0000"	"\Divisions\PD\PCI Sacramento\00-DMS Upload\RL FIBER OPTIC PROJECT"
"000000009598E9A20E04F041B38518182890A2D50100A3DF33FCC9BD1644BD14FCA330AA978500000E8615560000"	"\Divisions\PD\PCI Sacramento\117291 NPPD345KV AXTELL-KANSAS LINE\Axtell-Kansas\Brink"
"000000009598E9A20E04F041B38518182890A2D50100A3DF33FCC9BD1644BD14FCA330AA978500000E8627830000"	"\Divisions\PD\PCI Sacramento\117291 NPPD345KV AXTELL-KANSAS LINE\Axtell-Kansas\Weekly Project Meeting"
"000000009598E9A20E04F041B38518182890A2D501001953B16A689BCD4AA8FC82955DB27CB1000001D2296A0000"	"\Divisions\PD\PCI Sacramento\121690 ON Line Project\All Inspector Reports\Daily Reports (Line)"
"000000009598E9A20E04F041B38518182890A2D50100A3DF33FCC9BD1644BD14FCA330AA9785000019A0CA950000"	"\Divisions\PD\PCI Sacramento\121690 ON Line Project\All Inspector Reports\OPGW Stringing"
"000000009598E9A20E04F041B38518182890A2D501001953B16A689BCD4AA8FC82955DB27CB1000001CEC6280000"	"\Divisions\PD\PCI Sacramento\121690 ON Line Project\All Inspector Reports\Substation Equipment Reports"
"000000009598E9A20E04F041B38518182890A2D501001953B16A689BCD4AA8FC82955DB27CB1000001C87F710000"	"\Divisions\PD\PCI Sacramento\124687 TOPAZ FIRST SOLAR"
"000000009598E9A20E04F041B38518182890A2D50100A3DF33FCC9BD1644BD14FCA330AA978500001D81474B0000"	"\Divisions\PD\PCI Sacramento\129781 RIVER ROAD SUBSTATION2\Daily Reports"
"000000009598E9A20E04F041B38518182890A2D50100A3DF33FCC9BD1644BD14FCA330AA978500001C97725C0000"	"\Divisions\PD\PCI Sacramento\132259 MO Program Management\001\Meeting Items"
"000000009598E9A20E04F041B38518182890A2D50100A3DF33FCC9BD1644BD14FCA330AA978500001C9772A60000"	"\Divisions\PD\PCI Sacramento\132259 MO Program Management\002\Misc"
"000000009598E9A20E04F041B38518182890A2D50100A3DF33FCC9BD1644BD14FCA330AA978500001C97754D0000"	"\Divisions\PD\PCI Sacramento\132259 MO Program Management\007\Real Estate"
"000000009598E9A20E04F041B38518182890A2D50100A3DF33FCC9BD1644BD14FCA330AA978500001C9773BF0000"	"\Divisions\PD\PCI Sacramento\132259 MO Program Management\010\RFIs"
"000000009598E9A20E04F041B38518182890A2D50100A3DF33FCC9BD1644BD14FCA330AA978500001C97741A0000"	"\Divisions\PD\PCI Sacramento\132259 MO Program Management\011\Safety"
"000000009598E9A20E04F041B38518182890A2D50100A3DF33FCC9BD1644BD14FCA330AA978500001C9774620000"	"\Divisions\PD\PCI Sacramento\132259 MO Program Management\012\Schedule"
"000000009598E9A20E04F041B38518182890A2D50100A3DF33FCC9BD1644BD14FCA330AA978500001C9774B00000"	"\Divisions\PD\PCI Sacramento\132259 MO Program Management\030\Scope"
"000000009598E9A20E04F041B38518182890A2D50100A3DF33FCC9BD1644BD14FCA330AA978500001C9772FF0000"	"\Divisions\PD\PCI Sacramento\132259 MO Program Management\040\TRANSMITTALS"
"000000009598E9A20E04F041B38518182890A2D50100A3DF33FCC9BD1644BD14FCA330AA978500001C9773310000"	"\Divisions\PD\PCI Sacramento\132259 MO Program Management\080"
"000000009598E9A20E04F041B38518182890A2D50100A3DF33FCC9BD1644BD14FCA330AA978500001C9773600000"	"\Divisions\PD\PCI Sacramento\132259 MO Program Management\090\Engineering"
"000000009598E9A20E04F041B38518182890A2D50100A3DF33FCC9BD1644BD14FCA330AA978500001C976A190000"	"\Divisions\PD\PCI Sacramento\132260 IL Program Management Support\001\Engineering"
"000000009598E9A20E04F041B38518182890A2D50100A3DF33FCC9BD1644BD14FCA330AA978500001C976A660000"	"\Divisions\PD\PCI Sacramento\132260 IL Program Management Support\002\Engineering Inspection"
"000000009598E9A20E04F041B38518182890A2D50100A3DF33FCC9BD1644BD14FCA330AA978500001C9769DC0000"	"\Divisions\PD\PCI Sacramento\132260 IL Program Management Support\003\Environmental"
"000000009598E9A20E04F041B38518182890A2D50100A3DF33FCC9BD1644BD14FCA330AA978500001C976A990000"	"\Divisions\PD\PCI Sacramento\132260 IL Program Management Support\004\Financial"
"000000009598E9A20E04F041B38518182890A2D50100A3DF33FCC9BD1644BD14FCA330AA978500001C976AC90000"	"\Divisions\PD\PCI Sacramento\132260 IL Program Management Support\005\Materials"
"000000009598E9A20E04F041B38518182890A2D50100A3DF33FCC9BD1644BD14FCA330AA978500001C976AF80000"	"\Divisions\PD\PCI Sacramento\132260 IL Program Management Support\006\Meeting Items"
"000000009598E9A20E04F041B38518182890A2D50100A3DF33FCC9BD1644BD14FCA330AA978500001C976B280000"	"\Divisions\PD\PCI Sacramento\132260 IL Program Management Support\007\Misc"
"000000009598E9A20E04F041B38518182890A2D50100A3DF33FCC9BD1644BD14FCA330AA978500001C976B570000"	"\Divisions\PD\PCI Sacramento\132260 IL Program Management Support\008\Real Estate"
"000000009598E9A20E04F041B38518182890A2D50100A3DF33FCC9BD1644BD14FCA330AA978500001C976C000000"	"\Divisions\PD\PCI Sacramento\132260 IL Program Management Support\009\RFIs"
"000000009598E9A20E04F041B38518182890A2D50100A3DF33FCC9BD1644BD14FCA330AA978500001C976C300000"	"\Divisions\PD\PCI Sacramento\132260 IL Program Management Support\010\Safety"
"000000009598E9A20E04F041B38518182890A2D50100A3DF33FCC9BD1644BD14FCA330AA978500001C976C5F0000"	"\Divisions\PD\PCI Sacramento\132260 IL Program Management Support\011\Schedule"
"000000009598E9A20E04F041B38518182890A2D50100A3DF33FCC9BD1644BD14FCA330AA978500001C976C8E0000"	"\Divisions\PD\PCI Sacramento\132260 IL Program Management Support\012\Scope"
"000000009598E9A20E04F041B38518182890A2D50100A3DF33FCC9BD1644BD14FCA330AA978500001C976CBE0000"	"\Divisions\PD\PCI Sacramento\132260 IL Program Management Support\013\TRANSMITTALS"
"000000009598E9A20E04F041B38518182890A2D50100A3DF33FCC9BD1644BD14FCA330AA978500001C976CF00000"	"\Divisions\PD\PCI Sacramento\132260 IL Program Management Support\015"
"000000009598E9A20E04F041B38518182890A2D50100A3DF33FCC9BD1644BD14FCA330AA978500001C976D200000"	"\Divisions\PD\PCI Sacramento\132260 IL Program Management Support\016\Engineering"
"000000009598E9A20E04F041B38518182890A2D50100A3DF33FCC9BD1644BD14FCA330AA978500001C976D520000"	"\Divisions\PD\PCI Sacramento\132260 IL Program Management Support\017\Engineering Inspection"
"000000009598E9A20E04F041B38518182890A2D50100A3DF33FCC9BD1644BD14FCA330AA978500001C976D810000"	"\Divisions\PD\PCI Sacramento\132260 IL Program Management Support\019\Environmental"
"000000009598E9A20E04F041B38518182890A2D50100A3DF33FCC9BD1644BD14FCA330AA978500001C976DBD0000"	"\Divisions\PD\PCI Sacramento\132260 IL Program Management Support\020\Financial"
"000000009598E9A20E04F041B38518182890A2D50100A3DF33FCC9BD1644BD14FCA330AA978500001C976E8F0000"	"\Divisions\PD\PCI Sacramento\132260 IL Program Management Support\021\Materials"
"000000009598E9A20E04F041B38518182890A2D50100A3DF33FCC9BD1644BD14FCA330AA978500001C976EC60000"	"\Divisions\PD\PCI Sacramento\132260 IL Program Management Support\022\Meeting Items"
"000000009598E9A20E04F041B38518182890A2D50100A3DF33FCC9BD1644BD14FCA330AA978500001C976EF80000"	"\Divisions\PD\PCI Sacramento\132260 IL Program Management Support\023\Misc"
"000000009598E9A20E04F041B38518182890A2D50100A3DF33FCC9BD1644BD14FCA330AA978500001C976F270000"	"\Divisions\PD\PCI Sacramento\132260 IL Program Management Support\024\Real Estate"
"000000009598E9A20E04F041B38518182890A2D50100A3DF33FCC9BD1644BD14FCA330AA978500001C976F560000"	"\Divisions\PD\PCI Sacramento\132260 IL Program Management Support\025\RFIs"
"000000009598E9A20E04F041B38518182890A2D50100A3DF33FCC9BD1644BD14FCA330AA978500001C976F850000"	"\Divisions\PD\PCI Sacramento\132260 IL Program Management Support\026\Safety"
"000000009598E9A20E04F041B38518182890A2D50100A3DF33FCC9BD1644BD14FCA330AA978500001C976FB50000"	"\Divisions\PD\PCI Sacramento\132260 IL Program Management Support\027\Schedule"
"000000009598E9A20E04F041B38518182890A2D50100A3DF33FCC9BD1644BD14FCA330AA978500001C976FE40000"	"\Divisions\PD\PCI Sacramento\132260 IL Program Management Support\028\Scope"
"000000009598E9A20E04F041B38518182890A2D50100A3DF33FCC9BD1644BD14FCA330AA978500001C9770240000"	"\Divisions\PD\PCI Sacramento\132260 IL Program Management Support\030\TRANSMITTALS"
"000000009598E9A20E04F041B38518182890A2D50100A3DF33FCC9BD1644BD14FCA330AA978500001C9770560000"	"\Divisions\PD\PCI Sacramento\132260 IL Program Management Support\032"
"000000009598E9A20E04F041B38518182890A2D50100A3DF33FCC9BD1644BD14FCA330AA978500001C9770850000"	"\Divisions\PD\PCI Sacramento\132260 IL Program Management Support\033\Engineering"
"000000009598E9A20E04F041B38518182890A2D50100A3DF33FCC9BD1644BD14FCA330AA978500001C9770B40000"	"\Divisions\PD\PCI Sacramento\132260 IL Program Management Support\034\Engineering Inspection"
"000000009598E9A20E04F041B38518182890A2D50100A3DF33FCC9BD1644BD14FCA330AA978500001C9770E30000"	"\Divisions\PD\PCI Sacramento\132260 IL Program Management Support\035\Environmental"
"000000009598E9A20E04F041B38518182890A2D50100A3DF33FCC9BD1644BD14FCA330AA978500001C9771AC0000"	"\Divisions\PD\PCI Sacramento\132260 IL Program Management Support\036\Financial"
"000000009598E9A20E04F041B38518182890A2D50100A3DF33FCC9BD1644BD14FCA330AA978500001D5A61E70000"	"\Divisions\PD\PCI Sacramento\132260 IL Program Management Support\037\Materials"
"000000009598E9A20E04F041B38518182890A2D50100A3DF33FCC9BD1644BD14FCA330AA978500001D5A62370000"	"\Divisions\PD\PCI Sacramento\132260 IL Program Management Support\038\Meeting Items"
"000000009598E9A20E04F041B38518182890A2D50100A3DF33FCC9BD1644BD14FCA330AA978500001D5A626A0000"	"\Divisions\PD\PCI Sacramento\132260 IL Program Management Support\039\Misc"
"000000009598E9A20E04F041B38518182890A2D50100A3DF33FCC9BD1644BD14FCA330AA978500001D5A62BD0000"	"\Divisions\PD\PCI Sacramento\132260 IL Program Management Support\040\Real Estate"
"000000009598E9A20E04F041B38518182890A2D50100A3DF33FCC9BD1644BD14FCA330AA978500001D5A63C30000"	"\Divisions\PD\PCI Sacramento\132260 IL Program Management Support\041\RFIs"
"000000009598E9A20E04F041B38518182890A2D50100A3DF33FCC9BD1644BD14FCA330AA978500001FF23E290000"	"\Divisions\PD\PCI Sacramento\136293 NATCHEZ IMPROVEMENT PROJECT"
"000000009598E9A20E04F041B38518182890A2D50100A3DF33FCC9BD1644BD14FCA330AA978500002C16A3730000"	"\Divisions\PD\PCI Sacramento\141137 PNM 2016 P&C TESTING INSP"
"000000009598E9A20E04F041B38518182890A2D5010012225CC57BF01F4EA8CCA87A792FF35F000175366F460000"	"\Divisions\PD\PCI Sacramento\150887 - PLAYBOOK 2018 TASK 3 & 6"
"000000009598E9A20E04F041B38518182890A2D50100E34BFE500669CD49AC2E27C6C54DE39D00000018EF400000"	"\Divisions\PD\PCI Sacramento\Houston Projects\114672_CenterPoint_Energy\Plaza_Station"
"000000009598E9A20E04F041B38518182890A2D50100A3DF33FCC9BD1644BD14FCA330AA97850000162001120000"	"\Divisions\PD\PDS Group Phoenix\124932 Element Trans Intercon Support"
"000000009598E9A20E04F041B38518182890A2D50100A3DF33FCC9BD1644BD14FCA330AA97850000161FE5930000"	"\Divisions\PD\PDS Group Phoenix\124964 Pinal Pwr Maricopa Biomass Pro"
"000000009598E9A20E04F041B38518182890A2D50100A3DF33FCC9BD1644BD14FCA330AA97850000162006100000"	"\Divisions\PD\PDS Group Phoenix\124985 TEP Freeport-McMoran SIS"
"000000009598E9A20E04F041B38518182890A2D50100A3DF33FCC9BD1644BD14FCA330AA978500001B21ECC20000"	"\Divisions\PD\PDS Group Phoenix\124988 TEP UNS Kingman Wind II\WESTERN WIND - Steel Park[16w+4s]\FeS\GR & HT LTC's"
"000000009598E9A20E04F041B38518182890A2D50100A3DF33FCC9BD1644BD14FCA330AA978500001B21D5FE0000"	"\Divisions\PD\PDS Group Phoenix\124989 TEP Mod 29 Study\2012"
"000000009598E9A20E04F041B38518182890A2D50100A3DF33FCC9BD1644BD14FCA330AA9785000016742D670000"	"\Divisions\PD\PDS Group Phoenix\126328_SWAT Sil Non-Jurisdictional"
"000000009598E9A20E04F041B38518182890A2D50100A3DF33FCC9BD1644BD14FCA330AA978500001761AF960000"	"\Divisions\PD\PDS Group Phoenix\127519 DATC Zephyr Power XMSN SIS"
"000000009598E9A20E04F041B38518182890A2D50100A3DF33FCC9BD1644BD14FCA330AA97850000192A61320000"	"\Divisions\PD\PDS Group Phoenix\129285 RMT Bluestem 345 kV Strategic"
"000000009598E9A20E04F041B38518182890A2D50100A3DF33FCC9BD1644BD14FCA330AA978500001A8F385E0000"	"\Divisions\PD\PDS Group Phoenix\130839 GAS & PLANT FEASIBILITY ANALY"
"000000009598E9A20E04F041B38518182890A2D50100A3DF33FCC9BD1644BD14FCA330AA978500001B58374D0000"	"\Divisions\PD\PDS Group Phoenix\132199 APS SIL Sensitivity Analysis"
"000000009598E9A20E04F041B38518182890A2D50100A3DF33FCC9BD1644BD14FCA330AA978500001D3C33C00000"	"\Divisions\PD\PDS Group Phoenix\133271 IND REV OPS SECURITY MANUAL"
"000000009598E9A20E04F041B38518182890A2D50100A3DF33FCC9BD1644BD14FCA330AA97850000161FEF8E0000"	"\Divisions\PD\PDS Group Phoenix\CLOSED\124968 - Closed"
"000000009598E9A20E04F041B38518182890A2D5010012225CC57BF01F4EA8CCA87A792FF35F00053876816B0000"	"\Divisions\PD\PM Group\169043_T27394_Dade-Airport 138kV Reconductor\_PM"
"000000009598E9A20E04F041B38518182890A2D5010012225CC57BF01F4EA8CCA87A792FF35F000596E6EBCD0000"	"\Divisions\PD\Power Delivery Distribution Services Mgmt Dept"
"000000009598E9A20E04F041B38518182890A2D501006C95E27D1ACA634AA1AADC20796388DD000000ED7DD40000"	"\Divisions\PD\Project Control\100425 - PCI\DRMcNatty"
"000000009598E9A20E04F041B38518182890A2D501006C95E27D1ACA634AA1AADC20796388DD000000BBE0BF0000"	"\Divisions\PD\Project Control\100501 - Office PV Project - Hailey\Idaho Power"
"000000009598E9A20E04F041B38518182890A2D501006C95E27D1ACA634AA1AADC20796388DD0000004D96670000"	"\Divisions\PD\Project Control\112485- Catenary Installation\Acklands Grainger"
"000000009598E9A20E04F041B38518182890A2D501006C95E27D1ACA634AA1AADC20796388DD00000049C5870000"	"\Divisions\PD\Project Control\112892- SEH BF2P3 Bldg 63"
"000000009598E9A20E04F041B38518182890A2D501006C95E27D1ACA634AA1AADC20796388DD00000049C58F0000"	"\Divisions\PD\Project Control\113349- Spanish Ford Wind SCADA RTU Design"
"000000009598E9A20E04F041B38518182890A2D501006C95E27D1ACA634AA1AADC20796388DD00000091F8FF0000"	"\Divisions\PD\Project Control\113487 - Kent County 1 - National Grid\Pierce Aluminum"
"000000009598E9A20E04F041B38518182890A2D501006C95E27D1ACA634AA1AADC20796388DD000000D9F2DF0000"	"\Divisions\PD\Project Control\113487 - Kent County 2 - National Grid\Fastenal"
"000000009598E9A20E04F041B38518182890A2D501006C95E27D1ACA634AA1AADC20796388DD000000A5B3D90000"	"\Divisions\PD\Project Control\113487 - Kent County 2 - National Grid\Trench"
"000000009598E9A20E04F041B38518182890A2D501006C95E27D1ACA634AA1AADC20796388DD000000522F900000"	"\Divisions\PD\Project Control\114143 - Pioneer Prairie\114143 - Pioneer Prairie"
"000000009598E9A20E04F041B38518182890A2D501006C95E27D1ACA634AA1AADC20796388DD0000005101F40000"	"\Divisions\PD\Project Control\114572 - Prairie Star"
"000000009598E9A20E04F041B38518182890A2D501006C95E27D1ACA634AA1AADC20796388DD0000006598840000"	"\Divisions\PD\Project Control\115069 - High Lonesome\Newark"
"000000009598E9A20E04F041B38518182890A2D501006C95E27D1ACA634AA1AADC20796388DD00000064FE7F0000"	"\Divisions\PD\Project Control\115446 - Scolari Roaster Rebuild - Starbucks\Technical Controls"
"000000009598E9A20E04F041B38518182890A2D501006C95E27D1ACA634AA1AADC20796388DD0000007BA6590000"	"\Divisions\PD\Project Control\116821 - BARNOPS Sub. - Raytheon"
"000000009598E9A20E04F041B38518182890A2D501006C95E27D1ACA634AA1AADC20796388DD000000B16C510000"	"\Divisions\PD\Project Control\117587 - Midwest Ogallah Switchyard\ABB"
"000000009598E9A20E04F041B38518182890A2D501006C95E27D1ACA634AA1AADC20796388DD0000009E3F4D0000"	"\Divisions\PD\Project Control\118311 - CMP 115KV Breaker Rplc"
"000000009598E9A20E04F041B38518182890A2D501006C95E27D1ACA634AA1AADC20796388DD00000094AD670000"	"\Divisions\PD\Project Control\118982 - KMPUD\Deisel Gen-Sets"
"000000009598E9A20E04F041B38518182890A2D501006C95E27D1ACA634AA1AADC20796388DD000000C8DFF30000"	"\Divisions\PD\Project Control\119909 - CMP - 115kV Breaker Replacement\COOPER Power"
"000000009598E9A20E04F041B38518182890A2D501006C95E27D1ACA634AA1AADC20796388DD000000BC1B370000"	"\Divisions\PD\Project Control\120638 - TVA - Pioneer Prairie - Horizon Wind"
"000000009598E9A20E04F041B38518182890A2D501006C95E27D1ACA634AA1AADC20796388DD000000D16D9F0000"	"\Divisions\PD\Project Control\121322 - Blue Canyon 2"
"000000009598E9A20E04F041B38518182890A2D50100CB7D9B6512D7374A860FE542D57703920000012867DD0000"	"\Divisions\PD\Project Control\121659 - SEPC / SPP NTC Phase One & Planning\Steel Structures"
"000000009598E9A20E04F041B38518182890A2D50100CB7D9B6512D7374A860FE542D57703920000011E06520000"	"\Divisions\PD\Project Control\121660 - Clipper Shooting Star\EP2 - Panels"
"000000009598E9A20E04F041B38518182890A2D501006C95E27D1ACA634AA1AADC20796388DD000000F3E57C0000"	"\Divisions\PD\Project Control\121660 - Clipper Shooting Star\Trench - Line Trap"
"000000009598E9A20E04F041B38518182890A2D501001953B16A689BCD4AA8FC82955DB27CB10000013BF18B0000"	"\Divisions\PD\Project Control\123097 - DSCADA / Progress Energy\Alpha Power"
"000000009598E9A20E04F041B38518182890A2D501001953B16A689BCD4AA8FC82955DB27CB10000012FE9A70000"	"\Divisions\PD\Project Control\123097 - DSCADA / Progress Energy\Seasafe / ACR"
"000000009598E9A20E04F041B38518182890A2D501001953B16A689BCD4AA8FC82955DB27CB10000013624030000"	"\Divisions\PD\Project Control\123451 - St. John Substation / SEPC\Kriz Davis - Surge Arresters"
"000000009598E9A20E04F041B38518182890A2D501001953B16A689BCD4AA8FC82955DB27CB1000001E052130000"	"\Divisions\PD\Project Control\124138 - Duke Buckner Tap\Kriz Davis"
"000000009598E9A20E04F041B38518182890A2D50100A3DF33FCC9BD1644BD14FCA330AA97850000174B7EB10000"	"\Divisions\PD\Project Control\124256 - Barber Sub.\EP2 - Panels"
"000000009598E9A20E04F041B38518182890A2D50100A3DF33FCC9BD1644BD14FCA330AA97850000171AFA210000"	"\Divisions\PD\Project Control\124256 - Barber Sub.\Trachte"
"000000009598E9A20E04F041B38518182890A2D501001953B16A689BCD4AA8FC82955DB27CB1000001D0294A0000"	"\Divisions\PD\Project Control\124772 - Kellogg's"
"000000009598E9A20E04F041B38518182890A2D50100A3DF33FCC9BD1644BD14FCA330AA9785000019B5A06C0000"	"\Divisions\PD\Project Control\125583 - Cimarron Substation\Kemco - Panel Rails and Filler"
"000000009598E9A20E04F041B38518182890A2D50100A3DF33FCC9BD1644BD14FCA330AA97850000190057D20000"	"\Divisions\PD\Project Control\125583 - Cimarron Substation\RFQ - Current Limiting Reactors\Alstom Grid"
"000000009598E9A20E04F041B38518182890A2D50100A3DF33FCC9BD1644BD14FCA330AA9785000017FCE0590000"	"\Divisions\PD\Project Control\125583 - Cimarron Substation\RFQ - Surge Arresters"
"000000009598E9A20E04F041B38518182890A2D50100A3DF33FCC9BD1644BD14FCA330AA97850000192E323E0000"	"\Divisions\PD\Project Control\125843 - Barber Interchange"
"000000009598E9A20E04F041B38518182890A2D50100A3DF33FCC9BD1644BD14FCA330AA9785000017FEACCE0000"	"\Divisions\PD\Project Control\126373 - Harper Sub.\RFQ - Voltage Transformer"
"000000009598E9A20E04F041B38518182890A2D50100A3DF33FCC9BD1644BD14FCA330AA97850000187861730000"	"\Divisions\PD\Project Control\126376 - Harper to Flat Ridge\KDHE"
"000000009598E9A20E04F041B38518182890A2D50100A3DF33FCC9BD1644BD14FCA330AA97850000195478120000"	"\Divisions\PD\Project Control\127239 - TMK Nextera\MEPPI"
"000000009598E9A20E04F041B38518182890A2D50100A3DF33FCC9BD1644BD14FCA330AA9785000018DE54B60000"	"\Divisions\PD\Project Control\128070 - Macho Springs Solar\Circuit Breakers\S&C"
"000000009598E9A20E04F041B38518182890A2D50100A3DF33FCC9BD1644BD14FCA330AA9785000018DE76770000"	"\Divisions\PD\Project Control\128070 - Macho Springs Solar\Pole Mount Transformer\Central Maloney"
"000000009598E9A20E04F041B38518182890A2D50100A3DF33FCC9BD1644BD14FCA330AA978500001CC0D9440000"	"\Divisions\PD\Project Control\129781 - River Road\Con-Way"
"000000009598E9A20E04F041B38518182890A2D50100A3DF33FCC9BD1644BD14FCA330AA978500001B5E66A50000"	"\Divisions\PD\Project Control\129781 - River Road\RFP - Electrical\Great Southwestern Construction"
"000000009598E9A20E04F041B38518182890A2D50100A3DF33FCC9BD1644BD14FCA330AA978500001AAD7B7F0000"	"\Divisions\PD\Project Control\130338 - Shoofly's and Lines / SEPC\RFQ - Steel Poles"
"000000009598E9A20E04F041B38518182890A2D50100A3DF33FCC9BD1644BD14FCA330AA978500001CD600620000"	"\Divisions\PD\Project Control\130766 - CRS PH2\RFQ's\CLR, Indoor"
"000000009598E9A20E04F041B38518182890A2D50100A3DF33FCC9BD1644BD14FCA330AA978500001BC063720000"	"\Divisions\PD\Project Control\132085 - East Hall Sub.\Budgetary Pricing for Equipment\Control Center"
"000000009598E9A20E04F041B38518182890A2D50100A3DF33FCC9BD1644BD14FCA330AA978500001D4F97010000"	"\Divisions\PD\Project Control\132085 - East Hall Sub.\RFP's - Subcontractors"
"000000009598E9A20E04F041B38518182890A2D50100A3DF33FCC9BD1644BD14FCA330AA978500001C800ADB0000"	"\Divisions\PD\Project Control\132085 - East Hall Sub.\RFQ's\Control Building\Steel Builders Construction (Behlen)"
"000000009598E9A20E04F041B38518182890A2D50100A3DF33FCC9BD1644BD14FCA330AA978500001CEE609D0000"	"\Divisions\PD\Project Control\132085 - East Hall Sub.\RFQ's\Steel Structures\Powerfab"
"000000009598E9A20E04F041B38518182890A2D50100A3DF33FCC9BD1644BD14FCA330AA978500001D648A4B0000"	"\Divisions\PD\Project Control\132085 - East Hall Sub.\Trailer and Toilets"
"000000009598E9A20E04F041B38518182890A2D50100A3DF33FCC9BD1644BD14FCA330AA978500001E2F43960000"	"\Divisions\PD\Project Control\133317 - RS Shooflys & Lines\RFP's\Shoo-Fly's, 115kV\PAR"
"000000009598E9A20E04F041B38518182890A2D50100A3DF33FCC9BD1644BD14FCA330AA978500001D8B6BA70000"	"\Divisions\PD\Project Control\133430 - North Fort Dodge\ABB - SSVT, 115kV"
"000000009598E9A20E04F041B38518182890A2D50100A3DF33FCC9BD1644BD14FCA330AA978500001E4E86B70000"	"\Divisions\PD\Project Control\133430 - North Fort Dodge\RFP's\Substation Contractor\Energy Erectors"
"000000009598E9A20E04F041B38518182890A2D50100A3DF33FCC9BD1644BD14FCA330AA978500001DB73D580000"	"\Divisions\PD\Project Control\133430 - North Fort Dodge\RFQ's\Control Building\PTMW"
"000000009598E9A20E04F041B38518182890A2D50100A3DF33FCC9BD1644BD14FCA330AA978500001DA60D120000"	"\Divisions\PD\Project Control\133430 - North Fort Dodge\RFQ's\Line Trap, 115kV"
"000000009598E9A20E04F041B38518182890A2D50100A3DF33FCC9BD1644BD14FCA330AA978500001E0C635F0000"	"\Divisions\PD\Project Control\133430 - North Fort Dodge\SB Systems - Control Building"
"000000009598E9A20E04F041B38518182890A2D50100A3DF33FCC9BD1644BD14FCA330AA978500001EF48DA60000"	"\Divisions\PD\Project Control\133432 - Spearville Substation\Gexpro - Relay and Control Panels"
"000000009598E9A20E04F041B38518182890A2D50100A3DF33FCC9BD1644BD14FCA330AA97850000208C75910000"	"\Divisions\PD\Project Control\133432 - Spearville Substation\RFP's\Electrical Construction\Hooper Corp"
"000000009598E9A20E04F041B38518182890A2D50100A3DF33FCC9BD1644BD14FCA330AA978500001DF43EBC0000"	"\Divisions\PD\Project Control\133432 - Spearville Substation\RFQ's\345kV A-Frame Structure\Galvanizers"
"000000009598E9A20E04F041B38518182890A2D50100A3DF33FCC9BD1644BD14FCA330AA978500001E4DED670000"	"\Divisions\PD\Project Control\133432 - Spearville Substation\RFQ's\Small Steel Structures\Pinnacle Steel"
"000000009598E9A20E04F041B38518182890A2D50100A3DF33FCC9BD1644BD14FCA330AA9785000028D0DC810000"	"\Divisions\PD\Project Control\133548 - RS-NFD to Spearville 115kV\KDHE - SWPPP Permit"
"000000009598E9A20E04F041B38518182890A2D50100A3DF33FCC9BD1644BD14FCA330AA978500001DC2A5EA0000"	"\Divisions\PD\Project Control\133548 - RS-NFD to Spearville 115kV\RFQ's\1272 ACSR Conductor\General Cable"
"000000009598E9A20E04F041B38518182890A2D50100A3DF33FCC9BD1644BD14FCA330AA978500001EF2CF1B0000"	"\Divisions\PD\Project Control\134710 - Cimarron River Sub PH2\EP2 - Loose SEL Items"
"000000009598E9A20E04F041B38518182890A2D50100A3DF33FCC9BD1644BD14FCA330AA978500001EEB6AC90000"	"\Divisions\PD\Project Control\134710 - Cimarron River Sub PH2\Kriz Davis - Misc UG Materials"
"000000009598E9A20E04F041B38518182890A2D50100A3DF33FCC9BD1644BD14FCA330AA978500001E698A5E0000"	"\Divisions\PD\Project Control\134710 - Cimarron River Sub PH2\RFP's\Substation Construction\2014 Scope Only\Hooper"
"000000009598E9A20E04F041B38518182890A2D50100A3DF33FCC9BD1644BD14FCA330AA978500001DE4962D0000"	"\Divisions\PD\Project Control\134710 - Cimarron River Sub PH2\RFP's\Substation Construction\Interstate Electrical"
"000000009598E9A20E04F041B38518182890A2D50100A3DF33FCC9BD1644BD14FCA330AA978500001E2FBFB00000"	"\Divisions\PD\Project Control\134710 - Cimarron River Sub PH2\RFQ's\ADSS Fiber Optic Cable - Underground\Kriz Davis"
"000000009598E9A20E04F041B38518182890A2D50100A3DF33FCC9BD1644BD14FCA330AA978500001DE703650000"	"\Divisions\PD\Project Control\134710 - Cimarron River Sub PH2\RFQ's\Current Limiting Reactor, 13.8kV Indoor\ABB"
"000000009598E9A20E04F041B38518182890A2D50100A3DF33FCC9BD1644BD14FCA330AA978500001F0FDCFB0000"	"\Divisions\PD\Project Control\134710 - Cimarron River Sub PH2\RFQ's\Low Voltage Transformers\Wesco"
"000000009598E9A20E04F041B38518182890A2D50100A3DF33FCC9BD1644BD14FCA330AA978500001E6696580000"	"\Divisions\PD\Project Control\134710 - Cimarron River Sub PH2\RFQ's\Misc Underground Materials\Kriz Davis"
"000000009598E9A20E04F041B38518182890A2D50100A3DF33FCC9BD1644BD14FCA330AA9785000020A142F50000"	"\Divisions\PD\Project Control\134710 - Cimarron River Sub PH2\RFQ's\RFP's\RFQ's\500kcmil Cable"
"000000009598E9A20E04F041B38518182890A2D50100A3DF33FCC9BD1644BD14FCA330AA978500001E4851030000"	"\Divisions\PD\Project Control\134710 - Cimarron River Sub PH2\RFQ's\Substation Steel\Continental"
"000000009598E9A20E04F041B38518182890A2D50100A3DF33FCC9BD1644BD14FCA330AA978500001DF2B5140000"	"\Divisions\PD\Project Control\134710 - Cimarron River Sub PH2\RFQ's\UG Cable\WUE"
"000000009598E9A20E04F041B38518182890A2D50100A3DF33FCC9BD1644BD14FCA330AA9785000027C8BF100000"	"\Divisions\PD\Project Control\135673 - High Point Substation\EP2 - Control Panels"
"000000009598E9A20E04F041B38518182890A2D50100F3BCE3A574023B4482F2E427B5A3121800004E7EFAB30000"	"\Divisions\PD\Project Control\135673 - High Point Substation\RFP's\Construction\Hooper Corp"
"000000009598E9A20E04F041B38518182890A2D50100A3DF33FCC9BD1644BD14FCA330AA978500002598F7190000"	"\Divisions\PD\Project Control\135673 - High Point Substation\RFQ's\Control Building\Behlen"
"000000009598E9A20E04F041B38518182890A2D50100A3DF33FCC9BD1644BD14FCA330AA97850000274E966A0000"	"\Divisions\PD\Project Control\135673 - High Point Substation\RFQ's\Insulators\Anixter / HD Supply"
"000000009598E9A20E04F041B38518182890A2D50100A3DF33FCC9BD1644BD14FCA330AA978500002782DA510000"	"\Divisions\PD\Project Control\135673 - High Point Substation\RFQ's\Relay Panels\Specialty Electrics"
"000000009598E9A20E04F041B38518182890A2D5010012225CC57BF01F4EA8CCA87A792FF35F0000122E78380000"	"\Divisions\PD\Project Control\135673 - High Point Substation\Stoppel Dirt"
"000000009598E9A20E04F041B38518182890A2D50100A3DF33FCC9BD1644BD14FCA330AA9785000026A205AF0000"	"\Divisions\PD\Project Control\136778 - 2015 Oncor Project Controls Scheduling\2016 Project List"
"000000009598E9A20E04F041B38518182890A2D50100A3DF33FCC9BD1644BD14FCA330AA97850000293F8A1B0000"	"\Divisions\PD\Project Control\140943 - 2016 Oncor Transmission Scheduling\Process & Procedures"
"000000009598E9A20E04F041B38518182890A2D5010012225CC57BF01F4EA8CCA87A792FF35F00035C4FD2760000"	"\Divisions\PD\Project Control\162021"
"000000009598E9A20E04F041B38518182890A2D50100A3DF33FCC9BD1644BD14FCA330AA97850000285AD7AF0000"	"\Divisions\PD\Project Control\Elkhorn\Project Management Boise"
"000000009598E9A20E04F041B38518182890A2D5010012225CC57BF01F4EA8CCA87A792FF35F00000C4525DA0000"	"\Divisions\PD\Project Management Boise\141527_PECL Design\ENV"
"000000009598E9A20E04F041B38518182890A2D5010012225CC57BF01F4EA8CCA87A792FF35F00003452E67C0000"	"\Divisions\PD\Project Management Boise\142892_PECL Project Management\CRI"
"000000009598E9A20E04F041B38518182890A2D5010012225CC57BF01F4EA8CCA87A792FF35F00004480C3280000"	"\Divisions\PD\Project Management Boise\144130_PECL Stations\ADMN"
"000000009598E9A20E04F041B38518182890A2D5010012225CC57BF01F4EA8CCA87A792FF35F00004480C3460000"	"\Divisions\PD\Project Management Boise\144130_PECL Stations\TRAN"
"000000009598E9A20E04F041B38518182890A2D50100A3DF33FCC9BD1644BD14FCA330AA97850000238AC7790000"	"\Divisions\PD\Project Management Boise\Aaron Boston\132479 BPA Kalispell-Kerr"
"000000009598E9A20E04F041B38518182890A2D50100F3BCE3A574023B4482F2E427B5A3121800004EBD1F170000"	"\Divisions\PD\Project Management Boise\Aaron Boston\141490 U01 MUST-SCO2 Peer Review"
"000000009598E9A20E04F041B38518182890A2D50100A3DF33FCC9BD1644BD14FCA330AA97850000240F1F4E0000"	"\Divisions\PD\Project Management Boise\Aaron Boston\PSE BD Valley Jct 115kV"
"000000009598E9A20E04F041B38518182890A2D501006C95E27D1ACA634AA1AADC20796388DD0000006E29B80000"	"\Divisions\PD\Project Management Boise\John Oglevie\113197    MCADOO ADD DFR & METERING"
"000000009598E9A20E04F041B38518182890A2D501006C95E27D1ACA634AA1AADC20796388DD0000009841920000"	"\Divisions\PD\Project Management Boise\John Oglevie\113381    ONETA RPLC OBS, ACB, & XFM"
"000000009598E9A20E04F041B38518182890A2D501006C95E27D1ACA634AA1AADC20796388DD0000006E29A90000"	"\Divisions\PD\Project Management Boise\John Oglevie\113873    CHILDRESS WEST SUB LN TERM"
"000000009598E9A20E04F041B38518182890A2D501006C95E27D1ACA634AA1AADC20796388DD0000006E29A20000"	"\Divisions\PD\Project Management Boise\John Oglevie\114223    EXCELSIOR REMOVE ASSET"
"000000009598E9A20E04F041B38518182890A2D50100A3DF33FCC9BD1644BD14FCA330AA9785000019E847390000"	"\Divisions\PD\Project Management Boise\John Oglevie\114531    HEMINGWAY SUBSTATION\114531_c"
"000000009598E9A20E04F041B38518182890A2D501006C95E27D1ACA634AA1AADC20796388DD0000009841C10000"	"\Divisions\PD\Project Management Boise\John Oglevie\114992    WELSH PVID 21648"
"000000009598E9A20E04F041B38518182890A2D501006C95E27D1ACA634AA1AADC20796388DD00000094AD310000"	"\Divisions\PD\Project Management Boise\John Oglevie\115632    ROUNDBOTTOM PVID 28506"
"000000009598E9A20E04F041B38518182890A2D501006C95E27D1ACA634AA1AADC20796388DD0000006E29830000"	"\Divisions\PD\Project Management Boise\John Oglevie\116301    CHILDRESS WEST: NERC DIST"
"000000009598E9A20E04F041B38518182890A2D50100A3DF33FCC9BD1644BD14FCA330AA978500001A03C3E80000"	"\Divisions\PD\Project Management Boise\John Oglevie\119108    SAN JACINTO Pre-2011\119108_i"
"000000009598E9A20E04F041B38518182890A2D501006C95E27D1ACA634AA1AADC20796388DD000000B7BC170000"	"\Divisions\PD\Project Management Boise\John Oglevie\120525    W MILLERSBURG"
"000000009598E9A20E04F041B38518182890A2D50100CB7D9B6512D7374A860FE542D577039200000111D36C0000"	"\Divisions\PD\Project Management Boise\John Oglevie\122690    W. BELLAIRE"
"000000009598E9A20E04F041B38518182890A2D50100CB7D9B6512D7374A860FE542D577039200000114E7870000"	"\Divisions\PD\Project Management Boise\John Oglevie\ASHLAND SCADA"
"000000009598E9A20E04F041B38518182890A2D5010012225CC57BF01F4EA8CCA87A792FF35F00005A941E0E0000"	"\Divisions\PD\Project Management Freeport\PPL Meetings"
"000000009598E9A20E04F041B38518182890A2D50100572FF007A7D6B64CA96E5CFE8E1CC1A40000005C77E30000"	"\Divisions\PD\Project Management Hailey\121821 CENT LINCOLN RELIABLTY PROJECT"
"000000009598E9A20E04F041B38518182890A2D50100CB7D9B6512D7374A860FE542D577039200000128ECE10000"	"\Divisions\PD\Project Management Hailey\123293 Alaska Electric Light & Power"
"000000009598E9A20E04F041B38518182890A2D50100A3DF33FCC9BD1644BD14FCA330AA978500000E7F53DE0000"	"\Divisions\PD\Project Management Hailey\124186 OE Energy Gateway South\00 Project Management\04 Cost Control\Budget"
"000000009598E9A20E04F041B38518182890A2D50100A3DF33FCC9BD1644BD14FCA330AA978500000E7F713C0000"	"\Divisions\PD\Project Management Hailey\124186 OE Energy Gateway South\00 Project Management\07 Project Manager\01 PM Activities"
"000000009598E9A20E04F041B38518182890A2D501001953B16A689BCD4AA8FC82955DB27CB1000001E1E3880000"	"\Divisions\PD\Project Management Hailey\124186 OE Energy Gateway South\01 Preliminary Tech Requirements\01 T-Line"
"000000009598E9A20E04F041B38518182890A2D50100A3DF33FCC9BD1644BD14FCA330AA978500000E805D100000"	"\Divisions\PD\Project Management Hailey\124186 OE Energy Gateway South\01 Preliminary Tech Requirements\01 T-Line\11 Indicative Tower Spotting"
"000000009598E9A20E04F041B38518182890A2D501001953B16A689BCD4AA8FC82955DB27CB1000001E1E3910000"	"\Divisions\PD\Project Management Hailey\124186 OE Energy Gateway South\02 Engineering Support to Geotech\02 Environment Permitting for Geotech Studies"
"000000009598E9A20E04F041B38518182890A2D50100A3DF33FCC9BD1644BD14FCA330AA978500000E69D2A50000"	"\Divisions\PD\Project Management Hailey\124186 OE Energy Gateway South\04 Field Staking & Ground Truthing\04 Access Road Staking"
"000000009598E9A20E04F041B38518182890A2D501001953B16A689BCD4AA8FC82955DB27CB1000001E1E3A50000"	"\Divisions\PD\Project Management Hailey\124186 OE Energy Gateway South\06 EPC RFP Package Support"
"000000009598E9A20E04F041B38518182890A2D50100A3DF33FCC9BD1644BD14FCA330AA978500001734AE1E0000"	"\Divisions\PD\Project Management Hailey\127068 AW X-XV Crossing Sec 31"
"000000009598E9A20E04F041B38518182890A2D50100A3DF33FCC9BD1644BD14FCA330AA9785000018DD8E970000"	"\Divisions\PD\Project Management Hailey\129118 GE Windstream"
"000000009598E9A20E04F041B38518182890A2D50100A3DF33FCC9BD1644BD14FCA330AA9785000026230FE70000"	"\Divisions\PD\Project Management Hailey\138230 - VOYAGER ELECTRICAL DRAWINGS"
"000000009598E9A20E04F041B38518182890A2D5010012225CC57BF01F4EA8CCA87A792FF35F0001954A99D70000"	"\Divisions\PD\Project Management Hailey\139402 - CURTAILMENT SETPT CONFIG\139493 - GRANT OE AND SCADA"
"000000009598E9A20E04F041B38518182890A2D5010012225CC57BF01F4EA8CCA87A792FF35F0000884981960000"	"\Divisions\PD\Project Management Hailey\145361_Voyager_2_Utility_Crossings"
"000000009598E9A20E04F041B38518182890A2D501001953B16A689BCD4AA8FC82955DB27CB10000016C2A930000"	"\Divisions\PD\Project Management Hailey\GLP - K24G"
"000000009598E9A20E04F041B38518182890A2D50100A3DF33FCC9BD1644BD14FCA330AA9785000017F054B70000"	"\Divisions\PD\Project Management Hailey\Project Management Boise\00_DMS Pending Upload\JAO_check to see if in DMS_07-17-09"
"000000009598E9A20E04F041B38518182890A2D50100A3DF33FCC9BD1644BD14FCA330AA97850000199659BD0000"	"\Divisions\PD\Project Management Hailey\VEA\002 Project Closed\126845_Transitions"
"000000009598E9A20E04F041B38518182890A2D50100A3DF33FCC9BD1644BD14FCA330AA978500001753FFC80000"	"\Divisions\PD\Project Management Hailey\VEA\002 Project Closed\127369_Segment 4, 230 kV Environmental Support"
"000000009598E9A20E04F041B38518182890A2D50100A3DF33FCC9BD1644BD14FCA330AA9785000017F267A30000"	"\Divisions\PD\Project Management Hailey\VEA\128233_Innovation-Mercury 138kV"
"000000009598E9A20E04F041B38518182890A2D50100CB7D9B6512D7374A860FE542D5770392000000633EE90000"	"\Divisions\PD\Project Management St. Louis\112260 LS Power GSA"
"000000009598E9A20E04F041B38518182890A2D50100E34BFE500669CD49AC2E27C6C54DE39D0000002D26FD0000"	"\Divisions\PD\Project Management St. Louis\Project Managment Houston"
"000000009598E9A20E04F041B38518182890A2D5010012225CC57BF01F4EA8CCA87A792FF35F00060BF964850000"	"\Divisions\PD\Project Services\PD Project Services-Southwest"
"000000009598E9A20E04F041B38518182890A2D501006C95E27D1ACA634AA1AADC20796388DD000000449F560000"	"\Divisions\PD\PTE\Anaheim/SD Projects"
"000000009598E9A20E04F041B38518182890A2D501006C95E27D1ACA634AA1AADC20796388DD000000CE82640000"	"\Divisions\PD\PTE\Anaheim/SD Projects\121242 AES RES. AUX. XFMR HB"
"000000009598E9A20E04F041B38518182890A2D501001953B16A689BCD4AA8FC82955DB27CB10000013C99310000"	"\Divisions\PD\PTE\Anaheim/SD Projects\121426 SADLER ELECT PALOMAR COLLEGE"
"000000009598E9A20E04F041B38518182890A2D501006C95E27D1ACA634AA1AADC20796388DD000000E6571E0000"	"\Divisions\PD\PTE\Anaheim/SD Projects\122023 DYNA MV Cable Hipot Salk Inst."
"000000009598E9A20E04F041B38518182890A2D50100CB7D9B6512D7374A860FE542D577039200000112761D0000"	"\Divisions\PD\PTE\Anaheim/SD Projects\122688 Mass Elec OCSD XFMR Upgrade"
"000000009598E9A20E04F041B38518182890A2D50100CB7D9B6512D7374A860FE542D57703920000011F7CB40000"	"\Divisions\PD\PTE\Anaheim/SD Projects\123006 H&S Elec SWGR Canyon Collg."
"000000009598E9A20E04F041B38518182890A2D50100CB7D9B6512D7374A860FE542D57703920000012D019F0000"	"\Divisions\PD\PTE\Anaheim/SD Projects\123478 (PTE) Luiseno K-8 School Test"
"000000009598E9A20E04F041B38518182890A2D501001953B16A689BCD4AA8FC82955DB27CB1000000D5A86F0000"	"\Divisions\PD\PTE\Anaheim/SD Projects\123720 Dyna: Sysco-Circuit Breaker Test"
"000000009598E9A20E04F041B38518182890A2D501001953B16A689BCD4AA8FC82955DB27CB1000000FD39A70000"	"\Divisions\PD\PTE\Anaheim/SD Projects\123870 Gould: CE UTT Middle Sch"
"000000009598E9A20E04F041B38518182890A2D501001953B16A689BCD4AA8FC82955DB27CB10000014018710000"	"\Divisions\PD\PTE\Anaheim/SD Projects\124150 BAKER: NCC PARKING STRUCTUE "
"000000009598E9A20E04F041B38518182890A2D501001953B16A689BCD4AA8FC82955DB27CB10000016E0FAC0000"	"\Divisions\PD\PTE\Anaheim/SD Projects\124371 (ROSENDIN)NEWPORT CIVIC CENT "
"000000009598E9A20E04F041B38518182890A2D501001953B16A689BCD4AA8FC82955DB27CB1000001B446690000"	"\Divisions\PD\PTE\Anaheim/SD Projects\124572 (NEAL) UCSD RADY SCH-PHASE 2 "
"000000009598E9A20E04F041B38518182890A2D501001953B16A689BCD4AA8FC82955DB27CB1000001CCB9A30000"	"\Divisions\PD\PTE\Anaheim/SD Projects\124749 CUPERTINO-ADELANTO PROC CNT "
"000000009598E9A20E04F041B38518182890A2D501001953B16A689BCD4AA8FC82955DB27CB1000001EBE7FF0000"	"\Divisions\PD\PTE\Anaheim/SD Projects\125049 (SNOW) AMCOR - GFI TEST "
"000000009598E9A20E04F041B38518182890A2D50100A3DF33FCC9BD1644BD14FCA330AA97850000175D23E10000"	"\Divisions\PD\PTE\Anaheim/SD Projects\125346 CAL Vulcan Plant"
"000000009598E9A20E04F041B38518182890A2D50100A3DF33FCC9BD1644BD14FCA330AA97850000175DC02C0000"	"\Divisions\PD\PTE\Anaheim/SD Projects\126096 PDI Warner Bros"
"000000009598E9A20E04F041B38518182890A2D50100A3DF33FCC9BD1644BD14FCA330AA97850000175EB8530000"	"\Divisions\PD\PTE\Anaheim/SD Projects\126465 Dyna Thornton Cafe Exp"
"000000009598E9A20E04F041B38518182890A2D50100A3DF33FCC9BD1644BD14FCA330AA9785000017581C7E0000"	"\Divisions\PD\PTE\Anaheim/SD Projects\126948 Dyna Marine Corp Initiative"
"000000009598E9A20E04F041B38518182890A2D50100A3DF33FCC9BD1644BD14FCA330AA978500001790DFFC0000"	"\Divisions\PD\PTE\Anaheim/SD Projects\127134 UCSD Hillcrest Med V Relay"
"000000009598E9A20E04F041B38518182890A2D50100A3DF33FCC9BD1644BD14FCA330AA978500001755F0590000"	"\Divisions\PD\PTE\Anaheim/SD Projects\127379 Keitwit Dew Pt"
"000000009598E9A20E04F041B38518182890A2D50100A3DF33FCC9BD1644BD14FCA330AA9785000017676B0F0000"	"\Divisions\PD\PTE\Anaheim/SD Projects\127604 Mira Mesa HS"
"000000009598E9A20E04F041B38518182890A2D50100A3DF33FCC9BD1644BD14FCA330AA978500001774DFC90000"	"\Divisions\PD\PTE\Anaheim/SD Projects\127849 RA (Baker) NAB Coronado"
"000000009598E9A20E04F041B38518182890A2D50100A3DF33FCC9BD1644BD14FCA330AA9785000017BB61E30000"	"\Divisions\PD\PTE\Anaheim/SD Projects\128042 IRWD Wells Breaker Programming"
"000000009598E9A20E04F041B38518182890A2D50100A3DF33FCC9BD1644BD14FCA330AA9785000017EDE9930000"	"\Divisions\PD\PTE\Anaheim/SD Projects\128210 Granit Hills HS"
"000000009598E9A20E04F041B38518182890A2D50100A3DF33FCC9BD1644BD14FCA330AA978500001806D6B60000"	"\Divisions\PD\PTE\Anaheim/SD Projects\128361 (Solar Turbines) XFMR Oil Samples"
"000000009598E9A20E04F041B38518182890A2D50100A3DF33FCC9BD1644BD14FCA330AA97850000189B230D0000"	"\Divisions\PD\PTE\Anaheim/SD Projects\128701 XMFR TR3 Testing"
"000000009598E9A20E04F041B38518182890A2D50100A3DF33FCC9BD1644BD14FCA330AA9785000018B6BBF50000"	"\Divisions\PD\PTE\Anaheim/SD Projects\128914 Naval Hosp Elevator 5"
"000000009598E9A20E04F041B38518182890A2D50100A3DF33FCC9BD1644BD14FCA330AA9785000018E045AD0000"	"\Divisions\PD\PTE\Anaheim/SD Projects\129112 Paramount HS Accept Test"
"000000009598E9A20E04F041B38518182890A2D50100A3DF33FCC9BD1644BD14FCA330AA97850000194D34D40000"	"\Divisions\PD\PTE\Anaheim/SD Projects\129306 RIC Sprint El Paso"
"000000009598E9A20E04F041B38518182890A2D50100A3DF33FCC9BD1644BD14FCA330AA9785000019730E840000"	"\Divisions\PD\PTE\Anaheim/SD Projects\129580 East LA College"
"000000009598E9A20E04F041B38518182890A2D50100A3DF33FCC9BD1644BD14FCA330AA978500001994E37B0000"	"\Divisions\PD\PTE\Anaheim/SD Projects\129846 (TM) CBS Studios"
"000000009598E9A20E04F041B38518182890A2D50100A3DF33FCC9BD1644BD14FCA330AA9785000019B1ADEB0000"	"\Divisions\PD\PTE\Anaheim/SD Projects\130261 Columbia Center"
"000000009598E9A20E04F041B38518182890A2D50100A3DF33FCC9BD1644BD14FCA330AA978500001ADA99B00000"	"\Divisions\PD\PTE\Anaheim/SD Projects\130632 UCSD Hillcrest Relay Replace"
"000000009598E9A20E04F041B38518182890A2D50100A3DF33FCC9BD1644BD14FCA330AA978500001ADB7E250000"	"\Divisions\PD\PTE\Anaheim/SD Projects\131290 Berg Citadel Outlets IV Parking"
"000000009598E9A20E04F041B38518182890A2D50100A3DF33FCC9BD1644BD14FCA330AA978500001B2017BA0000"	"\Divisions\PD\PTE\Anaheim/SD Projects\131625 SD Airport Washington St Access"
"000000009598E9A20E04F041B38518182890A2D50100A3DF33FCC9BD1644BD14FCA330AA978500001B7BF8850000"	"\Divisions\PD\PTE\Anaheim/SD Projects\131840 29 Palms Bldg 1579 Relay"
"000000009598E9A20E04F041B38518182890A2D50100A3DF33FCC9BD1644BD14FCA330AA978500001B79B5AB0000"	"\Divisions\PD\PTE\Anaheim/SD Projects\132086 Corona Del Mar MS"
"000000009598E9A20E04F041B38518182890A2D50100A3DF33FCC9BD1644BD14FCA330AA978500001B6B30CF0000"	"\Divisions\PD\PTE\Anaheim/SD Projects\132301 Hines Oct Shutdown 2013"
"000000009598E9A20E04F041B38518182890A2D50100A3DF33FCC9BD1644BD14FCA330AA978500001B860A270000"	"\Divisions\PD\PTE\Anaheim/SD Projects\132574 LC3 to LC6 VLF"
"000000009598E9A20E04F041B38518182890A2D50100A3DF33FCC9BD1644BD14FCA330AA978500001C8174EC0000"	"\Divisions\PD\PTE\Anaheim/SD Projects\132954 UCSD W Srvr Room Swgr"
"000000009598E9A20E04F041B38518182890A2D501006C95E27D1ACA634AA1AADC20796388DD000000331AF80000"	"\Divisions\PD\PTE\Seattle Contacts"
"000000009598E9A20E04F041B38518182890A2D50100572FF007A7D6B64CA96E5CFE8E1CC1A400000035990D0000"	"\Divisions\PD\SAS\00_HLY_Verizon Wireless Modem"
"000000009598E9A20E04F041B38518182890A2D5010012225CC57BF01F4EA8CCA87A792FF35F00068CEE6DE80000"	"\Divisions\PD\SAS\00_PSCAD License Use Calendar\PSCAD Calendar\PSCAD\PSCAD\PSCAD Cal\PSCAD"
"000000009598E9A20E04F041B38518182890A2D50100A3DF33FCC9BD1644BD14FCA330AA978500001DC3F0990000"	"\Divisions\PD\SAS\000000 SAS General\OMICRON"
"000000009598E9A20E04F041B38518182890A2D5010012225CC57BF01F4EA8CCA87A792FF35F0002DC3A0D6E0000"	"\Divisions\PD\SAS\1"
"000000009598E9A20E04F041B38518182890A2D501006C95E27D1ACA634AA1AADC20796388DD00000026920F0000"	"\Divisions\PD\SAS\LEWISTON PROJECTS\SPS-Active\Active Projects\AES Cayuga"
"000000009598E9A20E04F041B38518182890A2D501006C95E27D1ACA634AA1AADC20796388DD00000026921E0000"	"\Divisions\PD\SAS\LEWISTON PROJECTS\SPS-Active\Active Projects\Grant County PUD\Gore Breaker Dwgs"
"000000009598E9A20E04F041B38518182890A2D501006C95E27D1ACA634AA1AADC20796388DD00000026922D0000"	"\Divisions\PD\SAS\LEWISTON PROJECTS\SPS-Active\Active Projects\Horizon Wind\Lone Star 2 - Post Oak"
"000000009598E9A20E04F041B38518182890A2D501006C95E27D1ACA634AA1AADC20796388DD00000026923E0000"	"\Divisions\PD\SAS\LEWISTON PROJECTS\SPS-Active\Active Projects\NCPA\Hydro"
"000000009598E9A20E04F041B38518182890A2D501006C95E27D1ACA634AA1AADC20796388DD00000026924D0000"	"\Divisions\PD\SAS\LEWISTON PROJECTS\SPS-Active\Active Projects\PowerTech Engineering\SVEC"
"000000009598E9A20E04F041B38518182890A2D50100A3DF33FCC9BD1644BD14FCA330AA9785000017FE7CC00000"	"\Divisions\PD\SAS\Pacific Valley Solar\Abandoned Projects\Jensen"
"000000009598E9A20E04F041B38518182890A2D50100A3DF33FCC9BD1644BD14FCA330AA9785000017FD8C5D0000"	"\Divisions\PD\SAS\Pacific Valley Solar\Placer"
"000000009598E9A20E04F041B38518182890A2D5010012225CC57BF01F4EA8CCA87A792FF35F00021D59BD300000"	"\Divisions\PD\SAS\TEST_FOLDER"
"000000009598E9A20E04F041B38518182890A2D50100A3DF33FCC9BD1644BD14FCA330AA978500001C6B848E0000"	"\Divisions\PD\Substation Anaheim\133042 Tesoro TSO Lar Substation Replacement"
"000000009598E9A20E04F041B38518182890A2D50100A3DF33FCC9BD1644BD14FCA330AA978500002A2ED8CA0000"	"\Divisions\PD\Substation Anaheim\138770 Terra-Gen Altech III/AW Sub QFID 6087"
"000000009598E9A20E04F041B38518182890A2D50100A3DF33FCC9BD1644BD14FCA330AA9785000026C7138D0000"	"\Divisions\PD\Substation Anaheim\140360 SCE El Nido 66kV"
"000000009598E9A20E04F041B38518182890A2D50100A3DF33FCC9BD1644BD14FCA330AA978500002A304BBC0000"	"\Divisions\PD\Substation Anaheim\141723 SCE Kramer"
"000000009598E9A20E04F041B38518182890A2D5010012225CC57BF01F4EA8CCA87A792FF35F0000E56D538C0000"	"\Divisions\PD\Substation Anaheim\147481 Oncor_Whitesboro SE DG"
"000000009598E9A20E04F041B38518182890A2D50100E34BFE500669CD49AC2E27C6C54DE39D00000031495A0000"	"\Divisions\PD\Substation Ann Arbor\119822"
"000000009598E9A20E04F041B38518182890A2D50100A3DF33FCC9BD1644BD14FCA330AA9785000017BCF5AD0000"	"\Divisions\PD\Substation Ann Arbor\124729_Osburn_Substation"
"000000009598E9A20E04F041B38518182890A2D50100A3DF33FCC9BD1644BD14FCA330AA978500001981C55D0000"	"\Divisions\PD\Substation Ann Arbor\129751"
"000000009598E9A20E04F041B38518182890A2D50100A3DF33FCC9BD1644BD14FCA330AA9785000021232E3A0000"	"\Divisions\PD\Substation Ann Arbor\137129 Tidd"
"000000009598E9A20E04F041B38518182890A2D50100A3DF33FCC9BD1644BD14FCA330AA978500002675B1460000"	"\Divisions\PD\Substation Ann Arbor\139167 ComEd TSS 104 Ford City"
"000000009598E9A20E04F041B38518182890A2D5010012225CC57BF01F4EA8CCA87A792FF35F00007754B8700000"	"\Divisions\PD\Substation Ann Arbor\141372 - groSolar"
"000000009598E9A20E04F041B38518182890A2D5010012225CC57BF01F4EA8CCA87A792FF35F00003452E6D40000"	"\Divisions\PD\Substation Ann Arbor\144098 - Scada Torrey Stn P16078003"
"000000009598E9A20E04F041B38518182890A2D5010012225CC57BF01F4EA8CCA87A792FF35F0000BEBBD4800000"	"\Divisions\PD\Substation Ann Arbor\146475"
"000000009598E9A20E04F041B38518182890A2D5010012225CC57BF01F4EA8CCA87A792FF35F0002501B64C60000"	"\Divisions\PD\Substation Ann Arbor\148890\Prairie Ronde - 148890"
"000000009598E9A20E04F041B38518182890A2D5010012225CC57BF01F4EA8CCA87A792FF35F00018ED1420B0000"	"\Divisions\PD\Substation Ann Arbor\151538"
"000000009598E9A20E04F041B38518182890A2D50100E34BFE500669CD49AC2E27C6C54DE39D00000037A2650000"	"\Divisions\PD\Substation Ann Arbor\NGrig\Sherman Farm Road"
"000000009598E9A20E04F041B38518182890A2D50100F3BCE3A574023B4482F2E427B5A3121800004D9092380000"	"\Divisions\PD\Substation Ann Arbor\Proposals\MEPPI-PEPCO GIS"
"000000009598E9A20E04F041B38518182890A2D5010012225CC57BF01F4EA8CCA87A792FF35F00076C6FD20A0000"	"\Divisions\PD\Substation Atlanta\00252136_0000_GTC - Westover P79434 - 3D Quote"
"000000009598E9A20E04F041B38518182890A2D5010012225CC57BF01F4EA8CCA87A792FF35F0006151CCE0F0000"	"\Divisions\PD\Substation Atlanta\0240464_0000_GPC - Pine Grove Physical"
"000000009598E9A20E04F041B38518182890A2D5010012225CC57BF01F4EA8CCA87A792FF35F0006408DEF640000"	"\Divisions\PD\Substation Atlanta\0242358_0000_ATL Chandler West Switch: Replace Xfmr #1 48063"
"000000009598E9A20E04F041B38518182890A2D5010012225CC57BF01F4EA8CCA87A792FF35F00068FDE954C0000"	"\Divisions\PD\Substation Atlanta\0245111_0000_Collyer Substation and T-Line"
"000000009598E9A20E04F041B38518182890A2D5010012225CC57BF01F4EA8CCA87A792FF35F0006C0C385480000"	"\Divisions\PD\Substation Atlanta\0246730_0000_APC - Manna Beverages CU P&C"
"000000009598E9A20E04F041B38518182890A2D5010012225CC57BF01F4EA8CCA87A792FF35F0006EF1346060000"	"\Divisions\PD\Substation Atlanta\0248349_0000_ATL Liggett Switch 345 kV Line Terminal & 138 kV relay mod"
"000000009598E9A20E04F041B38518182890A2D5010012225CC57BF01F4EA8CCA87A792FF35F0007193761EF0000"	"\Divisions\PD\Substation Atlanta\0250020_0000_Murchison Sub Demo & Retire Station"
"000000009598E9A20E04F041B38518182890A2D5010012225CC57BF01F4EA8CCA87A792FF35F0007377AE8F50000"	"\Divisions\PD\Substation Atlanta\0251263_0000_GPC - J.M. Huber (Reids)"
"000000009598E9A20E04F041B38518182890A2D5010012225CC57BF01F4EA8CCA87A792FF35F00075F7C30460000"	"\Divisions\PD\Substation Atlanta\0252323_0000_GPC - Reids Primary P&C"
"000000009598E9A20E04F041B38518182890A2D5010012225CC57BF01F4EA8CCA87A792FF35F0007A7ADE60C0000"	"\Divisions\PD\Substation Atlanta\0254669_0000_ATL Corinth South Sub DA 55902"
"000000009598E9A20E04F041B38518182890A2D5010012225CC57BF01F4EA8CCA87A792FF35F0007B1C7A9C00000"	"\Divisions\PD\Substation Atlanta\0255038_0000_ATL Simpson Stuart Sub UF 56435"
"000000009598E9A20E04F041B38518182890A2D5010012225CC57BF01F4EA8CCA87A792FF35F00040830698C0000"	"\Divisions\PD\Substation Atlanta\071_Working In Office Calendar"
"000000009598E9A20E04F041B38518182890A2D50100E34BFE500669CD49AC2E27C6C54DE39D00000010D1580000"	"\Divisions\PD\Substation Atlanta\113015_Elm Creek Substation\Equipment"
"000000009598E9A20E04F041B38518182890A2D50100E34BFE500669CD49AC2E27C6C54DE39D00000010D1570000"	"\Divisions\PD\Substation Atlanta\113015_Elm Creek Substation\foundation, grounding and conduit\Grounding Drawing Final from Rob"
"000000009598E9A20E04F041B38518182890A2D501001296C725372D7F4B86B758A22EA3141B0000006D50470000"	"\Divisions\PD\Substation Atlanta\113507_Drumrock Sub 115kV Equip Upgrades"
"000000009598E9A20E04F041B38518182890A2D50100E34BFE500669CD49AC2E27C6C54DE39D0000002261A40000"	"\Divisions\PD\Substation Atlanta\114320_Anadarko Phase 2\Correspondence with SEL"
"000000009598E9A20E04F041B38518182890A2D50100E34BFE500669CD49AC2E27C6C54DE39D0000002260F70000"	"\Divisions\PD\Substation Atlanta\116139_Round Rock Dist Auto\Visual Analysis\114663"
"000000009598E9A20E04F041B38518182890A2D50100E34BFE500669CD49AC2E27C6C54DE39D000000383F0C0000"	"\Divisions\PD\Substation Atlanta\117138_TransCanada_Pipeline_Elect_Study\Brownsville"
"000000009598E9A20E04F041B38518182890A2D50100A3DF33FCC9BD1644BD14FCA330AA978500001F7F76A30000"	"\Divisions\PD\Substation Atlanta\120247_ATL_Park Row-Line Term Upgrade"
"000000009598E9A20E04F041B38518182890A2D50100E34BFE500669CD49AC2E27C6C54DE39D0000004B9BA60000"	"\Divisions\PD\Substation Atlanta\123097.28_PEF_East Orange"
"000000009598E9A20E04F041B38518182890A2D50100A3DF33FCC9BD1644BD14FCA330AA97850000156BFD1F0000"	"\Divisions\PD\Substation Atlanta\123791 JRR Santa Isabel Wind Farm\Santa Isabel new"
"000000009598E9A20E04F041B38518182890A2D50100A3DF33FCC9BD1644BD14FCA330AA9785000015E8F7580000"	"\Divisions\PD\Substation Atlanta\123979_Sunflower Barber Substation\Construction Sequence"
"000000009598E9A20E04F041B38518182890A2D50100A3DF33FCC9BD1644BD14FCA330AA978500001738D1EE0000"	"\Divisions\PD\Substation Atlanta\123979_Sunflower Barber Substation\Line Trap"
"000000009598E9A20E04F041B38518182890A2D50100A3DF33FCC9BD1644BD14FCA330AA978500001738CDDA0000"	"\Divisions\PD\Substation Atlanta\123979_Sunflower Barber Substation\Station Service"
"000000009598E9A20E04F041B38518182890A2D50100A3DF33FCC9BD1644BD14FCA330AA9785000019B3ACB40000"	"\Divisions\PD\Substation Atlanta\125583_Sunflower Cimarron\Construction Support\Concrete Test Reports"
"000000009598E9A20E04F041B38518182890A2D50100A3DF33FCC9BD1644BD14FCA330AA9785000016E88D050000"	"\Divisions\PD\Substation Atlanta\125583_Sunflower Cimarron\Equipment\BIL Ratings of Equipment"
"000000009598E9A20E04F041B38518182890A2D50100A3DF33FCC9BD1644BD14FCA330AA97850000171A0FC20000"	"\Divisions\PD\Substation Atlanta\125583_Sunflower Cimarron\Equipment\Switchgear\Existing Switchgear Inspection"
"000000009598E9A20E04F041B38518182890A2D50100A3DF33FCC9BD1644BD14FCA330AA9785000018B1C7A40000"	"\Divisions\PD\Substation Atlanta\125583_Sunflower Cimarron\Equipment\Zig Zag Transformer\Approval Drawings"
"000000009598E9A20E04F041B38518182890A2D50100A3DF33FCC9BD1644BD14FCA330AA97850000175555180000"	"\Divisions\PD\Substation Atlanta\125583_Sunflower Cimarron\Project Management\Scope Document"
"000000009598E9A20E04F041B38518182890A2D50100A3DF33FCC9BD1644BD14FCA330AA9785000017469B7E0000"	"\Divisions\PD\Substation Atlanta\125583_Sunflower Cimarron\SUBSTATION CONTROL AND SAS\Studies\Conference Call"
"000000009598E9A20E04F041B38518182890A2D50100A3DF33FCC9BD1644BD14FCA330AA978500000EAF81F20000"	"\Divisions\PD\Substation Atlanta\125583_Sunflower Cimarron\Switchgear"
"000000009598E9A20E04F041B38518182890A2D50100A3DF33FCC9BD1644BD14FCA330AA97850000176E895A0000"	"\Divisions\PD\Substation Atlanta\127748_ATL Stephenville SW STA 138kV"
"000000009598E9A20E04F041B38518182890A2D50100A3DF33FCC9BD1644BD14FCA330AA978500001DE1FEEA0000"	"\Divisions\PD\Substation Atlanta\133337_Monument Substation-AMEREN\Line Trap & Tuner"
"000000009598E9A20E04F041B38518182890A2D50100A3DF33FCC9BD1644BD14FCA330AA978500001D7885650000"	"\Divisions\PD\Substation Atlanta\133432_Spearville 345kV\Controls Reviews"
"000000009598E9A20E04F041B38518182890A2D50100A3DF33FCC9BD1644BD14FCA330AA9785000029D7233C0000"	"\Divisions\PD\Substation Atlanta\133432_Spearville 345kV\Relay Setting"
"000000009598E9A20E04F041B38518182890A2D50100A3DF33FCC9BD1644BD14FCA330AA9785000022C0F9AD0000"	"\Divisions\PD\Substation Atlanta\134098_SUNFLOWER_Proposal_for_345kV_Spearville_Breaker Replacement"
"000000009598E9A20E04F041B38518182890A2D50100A3DF33FCC9BD1644BD14FCA330AA9785000027BF25990000"	"\Divisions\PD\Substation Atlanta\137299_GTC BONAIRE SUBSTATION"
"000000009598E9A20E04F041B38518182890A2D50100A3DF33FCC9BD1644BD14FCA330AA978500002B7190130000"	"\Divisions\PD\Substation Atlanta\139314_ATL TYLER GE LINE TERM\In Project Wise"
"000000009598E9A20E04F041B38518182890A2D50100A3DF33FCC9BD1644BD14FCA330AA97850000268025220000"	"\Divisions\PD\Substation Atlanta\139848_ATL BUCKHORN 345 SWTCH\Construction"
"000000009598E9A20E04F041B38518182890A2D5010012225CC57BF01F4EA8CCA87A792FF35F000162F5FFB10000"	"\Divisions\PD\Substation Atlanta\139848_ATL BUCKHORN 345 SWTCH\In ProjectWise\Studies\Short Circuit"
"000000009598E9A20E04F041B38518182890A2D50100A3DF33FCC9BD1644BD14FCA330AA9785000027BF26280000"	"\Divisions\PD\Substation Atlanta\140284_GTC-GALLERIA WALL DESIGN"
"000000009598E9A20E04F041B38518182890A2D5010012225CC57BF01F4EA8CCA87A792FF35F000027EE5AC80000"	"\Divisions\PD\Substation Atlanta\140572_SUNFLOWER SPEARVILLE RPLC CB SV188\Equipment\Disconnect Switches"
"000000009598E9A20E04F041B38518182890A2D5010012225CC57BF01F4EA8CCA87A792FF35F0000197795710000"	"\Divisions\PD\Substation Atlanta\140572_SUNFLOWER SPEARVILLE RPLC CB SV188\Relaying\Logic Diagrams"
"000000009598E9A20E04F041B38518182890A2D5010012225CC57BF01F4EA8CCA87A792FF35F00007E79BFB60000"	"\Divisions\PD\Substation Atlanta\141367_Tyler NorthWest"
"000000009598E9A20E04F041B38518182890A2D5010012225CC57BF01F4EA8CCA87A792FF35F000027EE5AEA0000"	"\Divisions\PD\Substation Atlanta\143794_Georgia_PV"
"000000009598E9A20E04F041B38518182890A2D5010012225CC57BF01F4EA8CCA87A792FF35F00009B0B6CF50000"	"\Divisions\PD\Substation Atlanta\145720_PDI-TECO TIA UG"
"000000009598E9A20E04F041B38518182890A2D5010012225CC57BF01F4EA8CCA87A792FF35F00015661AC550000"	"\Divisions\PD\Substation Atlanta\149529_ATL Round Rock NE DA"
"000000009598E9A20E04F041B38518182890A2D5010012225CC57BF01F4EA8CCA87A792FF35F000191AD53D40000"	"\Divisions\PD\Substation Atlanta\151707_Weimar-LCRA"
"000000009598E9A20E04F041B38518182890A2D5010012225CC57BF01F4EA8CCA87A792FF35F0001F67CE0C90000"	"\Divisions\PD\Substation Atlanta\154089_ATL TYLER NORTHWEST"
"000000009598E9A20E04F041B38518182890A2D5010012225CC57BF01F4EA8CCA87A792FF35F0002423DB51D0000"	"\Divisions\PD\Substation Atlanta\155625_PALESTINE SOUTH SW"
"000000009598E9A20E04F041B38518182890A2D5010012225CC57BF01F4EA8CCA87A792FF35F00028774B2630000"	"\Divisions\PD\Substation Atlanta\157235_SALT CREEK SOUTH"
"000000009598E9A20E04F041B38518182890A2D5010012225CC57BF01F4EA8CCA87A792FF35F0002F89AB9660000"	"\Divisions\PD\Substation Atlanta\160315_LAKEWOOD SUB"
"000000009598E9A20E04F041B38518182890A2D5010012225CC57BF01F4EA8CCA87A792FF35F000545A0E0AE0000"	"\Divisions\PD\Substation Atlanta\176227_ATL SL SALT MINE DA 46551"
"000000009598E9A20E04F041B38518182890A2D5010012225CC57BF01F4EA8CCA87A792FF35F0005AE8F43320000"	"\Divisions\PD\Substation Atlanta\179840_Griffin #8 Grounding"
"000000009598E9A20E04F041B38518182890A2D5010012225CC57BF01F4EA8CCA87A792FF35F0005AE8F43380000"	"\Divisions\PD\Substation Atlanta\180965_ATL PANTEGO SUB PETE 47359"
"000000009598E9A20E04F041B38518182890A2D5010012225CC57BF01F4EA8CCA87A792FF35F00002BF9ACC40000"	"\Divisions\PD\Substation Atlanta\GTC - Douglas\AEP-Weekly Status Reports"
"000000009598E9A20E04F041B38518182890A2D50100E34BFE500669CD49AC2E27C6C54DE39D0000004310050000"	"\Divisions\PD\Substation Atlanta\NEEWS-Material Inspections\122593_Port St. Joe Industrial"
"000000009598E9A20E04F041B38518182890A2D50100E34BFE500669CD49AC2E27C6C54DE39D000000383E940000"	"\Divisions\PD\Substation Atlanta\Oncor Design Information\Transmittal List"
"000000009598E9A20E04F041B38518182890A2D50100E34BFE500669CD49AC2E27C6C54DE39D00000040840C0000"	"\Divisions\PD\Substation Atlanta\ONCOR-2012 Scoping\Trinity"
"000000009598E9A20E04F041B38518182890A2D50100A3DF33FCC9BD1644BD14FCA330AA978500001ED9C57D0000"	"\Divisions\PD\Substation Atlanta\ONCOR-TYLER NW AUTO\Tyler NW Auto Replacement"
"000000009598E9A20E04F041B38518182890A2D50100A3DF33FCC9BD1644BD14FCA330AA97850000172060970000"	"\Divisions\PD\Substation Atlanta\Progress Energy\Reviews for other stations\Denham"
"000000009598E9A20E04F041B38518182890A2D50100E34BFE500669CD49AC2E27C6C54DE39D0000003DC0E20000"	"\Divisions\PD\Substation Atlanta\Proposals\121624 LEPA"
"000000009598E9A20E04F041B38518182890A2D50100E34BFE500669CD49AC2E27C6C54DE39D0000002493990000"	"\Divisions\PD\Substation Atlanta\Proposals\2009\NES-Peabody Sub"
"000000009598E9A20E04F041B38518182890A2D50100E34BFE500669CD49AC2E27C6C54DE39D0000002E40040000"	"\Divisions\PD\Substation Atlanta\Proposals\2010\NASA-Langley_No-Go"
"000000009598E9A20E04F041B38518182890A2D50100E34BFE500669CD49AC2E27C6C54DE39D0000004083B30000"	"\Divisions\PD\Substation Atlanta\Proposals\2011\122728_PEPCO_Bay_Area_Substations"
"000000009598E9A20E04F041B38518182890A2D501001953B16A689BCD4AA8FC82955DB27CB1000001F529160000"	"\Divisions\PD\Substation Atlanta\Proposals\2012\STEC"
"000000009598E9A20E04F041B38518182890A2D50100E34BFE500669CD49AC2E27C6C54DE39D00000006590B0000"	"\Divisions\PD\Substation Atlanta\Proposals\FPLE-Blythe GIS"
"000000009598E9A20E04F041B38518182890A2D50100E34BFE500669CD49AC2E27C6C54DE39D0000002A352F0000"	"\Divisions\PD\Substation Atlanta\SAS projects\112608 Duke Allen Dry Ash"
"000000009598E9A20E04F041B38518182890A2D50100A3DF33FCC9BD1644BD14FCA330AA9785000019B3A5800000"	"\Divisions\PD\Substation Atlanta\Sunflower Scoping-2013"
"000000009598E9A20E04F041B38518182890A2D50100572FF007A7D6B64CA96E5CFE8E1CC1A40000001A6E000000"	"\Divisions\PD\Substation Billings\_BD"
"000000009598E9A20E04F041B38518182890A2D50100CB7D9B6512D7374A860FE542D577039200000129561E0000"	"\Divisions\PD\Substation Billings\_BD\123104.004_ALSTOM_AEP_Caps"
"000000009598E9A20E04F041B38518182890A2D501006C95E27D1ACA634AA1AADC20796388DD0000003DF7190000"	"\Divisions\PD\Substation Boise\00_DMS PJ Upload"
"000000009598E9A20E04F041B38518182890A2D50100A3DF33FCC9BD1644BD14FCA330AA978500002BF3DAA80000"	"\Divisions\PD\Substation Boise\142616  AEP E HUNTINGTON-LN RLYS A15705072"
"000000009598E9A20E04F041B38518182890A2D5010012225CC57BF01F4EA8CCA87A792FF35F0000B677F3030000"	"\Divisions\PD\Substation Boise\146253  XCEL ALAMOSA-REPLACE BANK #2 TAM"
"000000009598E9A20E04F041B38518182890A2D5010012225CC57BF01F4EA8CCA87A792FF35F000102FD91730000"	"\Divisions\PD\Substation Boise\147931  KLICKITAT COUNTY PUD LINDEN SWITCHYARD 230 UPGRADES"
"000000009598E9A20E04F041B38518182890A2D5010012225CC57BF01F4EA8CCA87A792FF35F00012CA1A85F0000"	"\Divisions\PD\Substation Boise\149008  AEP PACKARD P15117004"
"000000009598E9A20E04F041B38518182890A2D5010012225CC57BF01F4EA8CCA87A792FF35F000162F5FFCF0000"	"\Divisions\PD\Substation Boise\149859  XCEL NORTH-IVVO LTC REPLACEMENT"
"000000009598E9A20E04F041B38518182890A2D5010012225CC57BF01F4EA8CCA87A792FF35F00018ED141FB0000"	"\Divisions\PD\Substation Boise\151348  ONCOR BELLMEAD SUB DA"
"000000009598E9A20E04F041B38518182890A2D5010012225CC57BF01F4EA8CCA87A792FF35F0001CD5732DE0000"	"\Divisions\PD\Substation Boise\153236  AEP POUND P&C ENGNRNG DR18R18B1"
"000000009598E9A20E04F041B38518182890A2D5010012225CC57BF01F4EA8CCA87A792FF35F0001FDB461D10000"	"\Divisions\PD\Substation Boise\154165  ONCOR ARTHUR STREET DA 37821"
"000000009598E9A20E04F041B38518182890A2D5010012225CC57BF01F4EA8CCA87A792FF35F00021D59BCEC0000"	"\Divisions\PD\Substation Boise\154729  ONCOR EAST NETWORK UG SUB"
"000000009598E9A20E04F041B38518182890A2D5010012225CC57BF01F4EA8CCA87A792FF35F0002A4FB6BDE0000"	"\Divisions\PD\Substation Boise\158091  ONCOR FARMERS BRANCH GILLIS"
"000000009598E9A20E04F041B38518182890A2D50100A3DF33FCC9BD1644BD14FCA330AA978500001B8B52740000"	"\Divisions\PD\Substation Denver\00-DMS Upload\116945 St. George- Red Butte\As Built Drawings"
"000000009598E9A20E04F041B38518182890A2D501006C95E27D1ACA634AA1AADC20796388DD000000B407D90000"	"\Divisions\PD\Substation Denver\116945 St. George- Red Butte\As Built Drawings"
"000000009598E9A20E04F041B38518182890A2D501006C95E27D1ACA634AA1AADC20796388DD0000007D6F820000"	"\Divisions\PD\Substation Denver\116945 St. George- Red Butte\Signs"
"000000009598E9A20E04F041B38518182890A2D501006C95E27D1ACA634AA1AADC20796388DD000000AAAE0E0000"	"\Divisions\PD\Substation Denver\120038 Fenton"
"000000009598E9A20E04F041B38518182890A2D501006C95E27D1ACA634AA1AADC20796388DD000000BCC5CE0000"	"\Divisions\PD\Substation Denver\120954 Underwood"
"000000009598E9A20E04F041B38518182890A2D501001953B16A689BCD4AA8FC82955DB27CB1000000C8F1450000"	"\Divisions\PD\Substation Denver\122310 Cherokee"
"000000009598E9A20E04F041B38518182890A2D50100A3DF33FCC9BD1644BD14FCA330AA978500000E9630EE0000"	"\Divisions\PD\Substation Denver\123818 Coconino\123813 Tri State"
"000000009598E9A20E04F041B38518182890A2D50100A3DF33FCC9BD1644BD14FCA330AA9785000018A61B1D0000"	"\Divisions\PD\Substation Denver\124606 Amarillo South 230kV Line Terminal"
"000000009598E9A20E04F041B38518182890A2D50100A3DF33FCC9BD1644BD14FCA330AA978500000E6EEB410000"	"\Divisions\PD\Substation Denver\125203 Eagle River Support"
"000000009598E9A20E04F041B38518182890A2D50100A3DF33FCC9BD1644BD14FCA330AA97850000166797240000"	"\Divisions\PD\Substation Denver\126311 VERDE,CHOLLA,LEUPP-RLY UPGRADE"
"000000009598E9A20E04F041B38518182890A2D50100A3DF33FCC9BD1644BD14FCA330AA9785000017447EFC0000"	"\Divisions\PD\Substation Denver\127230 BAYFRONT RTU"
"000000009598E9A20E04F041B38518182890A2D50100A3DF33FCC9BD1644BD14FCA330AA9785000017CF03AE0000"	"\Divisions\PD\Substation Denver\128089 CONTROL HYBRID - SR BREAKER"
"000000009598E9A20E04F041B38518182890A2D50100A3DF33FCC9BD1644BD14FCA330AA9785000019412F6D0000"	"\Divisions\PD\Substation Denver\128623-Denver Terminal Pump Replacement"
"000000009598E9A20E04F041B38518182890A2D50100A3DF33FCC9BD1644BD14FCA330AA978500002A2EE87C0000"	"\Divisions\PD\Substation Denver\129506 Bailey"
"000000009598E9A20E04F041B38518182890A2D50100A3DF33FCC9BD1644BD14FCA330AA978500001AEEC1100000"	"\Divisions\PD\Substation Denver\131612 COLLBRAN SUB IMPROVEMENTS"
"000000009598E9A20E04F041B38518182890A2D50100A3DF33FCC9BD1644BD14FCA330AA978500001BC7F0BD0000"	"\Divisions\PD\Substation Denver\132702 CAP HILL ALTRNTVS BANK #3 GIS"
"000000009598E9A20E04F041B38518182890A2D50100A3DF33FCC9BD1644BD14FCA330AA978500001CD8EB220000"	"\Divisions\PD\Substation Denver\133356 FAIR PARK TR1 REPLACEMENT"
"000000009598E9A20E04F041B38518182890A2D50100A3DF33FCC9BD1644BD14FCA330AA978500001DC2BE2E0000"	"\Divisions\PD\Substation Denver\134350 SAVAGE TR2 REPLACEMENT"
"000000009598E9A20E04F041B38518182890A2D50100A3DF33FCC9BD1644BD14FCA330AA978500001F018A3F0000"	"\Divisions\PD\Substation Denver\135678 Green Valley"
"000000009598E9A20E04F041B38518182890A2D50100A3DF33FCC9BD1644BD14FCA330AA97850000278F98130000"	"\Divisions\PD\Substation Denver\136387 Riverview"
"000000009598E9A20E04F041B38518182890A2D50100A3DF33FCC9BD1644BD14FCA330AA978500002029EDC60000"	"\Divisions\PD\Substation Denver\136553 BLACK OAK 69KV WIND INTRCNNCT"
"000000009598E9A20E04F041B38518182890A2D50100A3DF33FCC9BD1644BD14FCA330AA97850000237FB2F10000"	"\Divisions\PD\Substation Denver\137055 Transformer"
"000000009598E9A20E04F041B38518182890A2D50100A3DF33FCC9BD1644BD14FCA330AA9785000027B9C9C60000"	"\Divisions\PD\Substation Denver\137324 Tascosa"
"000000009598E9A20E04F041B38518182890A2D50100A3DF33FCC9BD1644BD14FCA330AA9785000021E870260000"	"\Divisions\PD\Substation Denver\137853 JIM FALLS - FRAD REPLACEMENT"
"000000009598E9A20E04F041B38518182890A2D50100A3DF33FCC9BD1644BD14FCA330AA97850000224E482C0000"	"\Divisions\PD\Substation Denver\138058 WEST RIVER- FRAME RLY RPLC NSP"
"000000009598E9A20E04F041B38518182890A2D50100A3DF33FCC9BD1644BD14FCA330AA97850000224E67580000"	"\Divisions\PD\Substation Denver\138078 FENTON WIND-FRAME RLY RPLC NSP"
"000000009598E9A20E04F041B38518182890A2D50100A3DF33FCC9BD1644BD14FCA330AA978500002263E8880000"	"\Divisions\PD\Substation Denver\138139 CAMP MCCOY -FRAME RLY RPLC NSP"
"000000009598E9A20E04F041B38518182890A2D50100A3DF33FCC9BD1644BD14FCA330AA978500002268B6350000"	"\Divisions\PD\Substation Denver\138155 RED WING - FRAME RLY RPLC NSP"
"000000009598E9A20E04F041B38518182890A2D50100A3DF33FCC9BD1644BD14FCA330AA9785000022691FB80000"	"\Divisions\PD\Substation Denver\138179 FAIR PARK - FRAME RLY RPLC NSP"
"000000009598E9A20E04F041B38518182890A2D50100A3DF33FCC9BD1644BD14FCA330AA97850000226920DA0000"	"\Divisions\PD\Substation Denver\138195 LAKE MARION-FRAME RLY RPLC NSP"
"000000009598E9A20E04F041B38518182890A2D50100A3DF33FCC9BD1644BD14FCA330AA97850000226EF8120000"	"\Divisions\PD\Substation Denver\138213 BIG BLUE - FRAME RLY RPLC NSP"
"000000009598E9A20E04F041B38518182890A2D50100A3DF33FCC9BD1644BD14FCA330AA978500002274EE570000"	"\Divisions\PD\Substation Denver\138251 HERBERT - FRAME RLY RPLC NSP"
"000000009598E9A20E04F041B38518182890A2D50100A3DF33FCC9BD1644BD14FCA330AA978500002274EE900000"	"\Divisions\PD\Substation Denver\138266 OAKDALE - FRAME RLY RPLC NSP"
"000000009598E9A20E04F041B38518182890A2D50100A3DF33FCC9BD1644BD14FCA330AA978500002274F36A0000"	"\Divisions\PD\Substation Denver\138281 BROOKLYN PRK-FRME RLY RPLC NSP"
"000000009598E9A20E04F041B38518182890A2D50100A3DF33FCC9BD1644BD14FCA330AA978500002274F42B0000"	"\Divisions\PD\Substation Denver\138297 RIB LAKE - FRAME RLY RPLC NSP"
"000000009598E9A20E04F041B38518182890A2D50100A3DF33FCC9BD1644BD14FCA330AA978500002274F6B90000"	"\Divisions\PD\Substation Denver\138316 CASS CO - FRAME RLY RPLC NSP"
"000000009598E9A20E04F041B38518182890A2D50100A3DF33FCC9BD1644BD14FCA330AA978500002274F7560000"	"\Divisions\PD\Substation Denver\138338 SEVEN MILE- FRAME RLY RPLC NSP"
"000000009598E9A20E04F041B38518182890A2D50100A3DF33FCC9BD1644BD14FCA330AA978500002274F7830000"	"\Divisions\PD\Substation Denver\138357 SCOTT CO - FRAME RLY RPLC NSP"
"000000009598E9A20E04F041B38518182890A2D50100A3DF33FCC9BD1644BD14FCA330AA97850000228574000000"	"\Divisions\PD\Substation Denver\138431 BATTLE CREEK-FRME RLY RPLC NSP"
"000000009598E9A20E04F041B38518182890A2D50100A3DF33FCC9BD1644BD14FCA330AA9785000026C37A510000"	"\Divisions\PD\Substation Denver\138628 Hampton"
"000000009598E9A20E04F041B38518182890A2D50100A3DF33FCC9BD1644BD14FCA330AA9785000026C3A2E00000"	"\Divisions\PD\Substation Denver\139599 Hobbs"
"000000009598E9A20E04F041B38518182890A2D50100A3DF33FCC9BD1644BD14FCA330AA9785000026C381B80000"	"\Divisions\PD\Substation Denver\140340 Hutchinson V31"
"000000009598E9A20E04F041B38518182890A2D50100F3BCE3A574023B4482F2E427B5A3121800004EB471970000"	"\Divisions\PD\Substation Denver\141391 Andrews"
"000000009598E9A20E04F041B38518182890A2D5010012225CC57BF01F4EA8CCA87A792FF35F00001ACFFD9F0000"	"\Divisions\PD\Substation Denver\142261 NOWATA SUB A15044007"
"000000009598E9A20E04F041B38518182890A2D50100A3DF33FCC9BD1644BD14FCA330AA978500002C04AC8A0000"	"\Divisions\PD\Substation Denver\142708 RIFLE UTE 345KV UPGRD STA SRVC"
"000000009598E9A20E04F041B38518182890A2D5010012225CC57BF01F4EA8CCA87A792FF35F00004331C9A90000"	"\Divisions\PD\Substation Denver\143489 Alamosa"
"000000009598E9A20E04F041B38518182890A2D5010012225CC57BF01F4EA8CCA87A792FF35F00003452E65E0000"	"\Divisions\PD\Substation Denver\144053 GILCREST SUB- BATTERY RPLCMNT"
"000000009598E9A20E04F041B38518182890A2D5010012225CC57BF01F4EA8CCA87A792FF35F0000A56624B30000"	"\Divisions\PD\Substation Denver\144314 Brookings"
"000000009598E9A20E04F041B38518182890A2D5010012225CC57BF01F4EA8CCA87A792FF35F0000A56624C70000"	"\Divisions\PD\Substation Denver\145235 North"
"000000009598E9A20E04F041B38518182890A2D5010012225CC57BF01F4EA8CCA87A792FF35F00011CBC1F780000"	"\Divisions\PD\Substation Denver\146112 Pringle Oil"
"000000009598E9A20E04F041B38518182890A2D5010012225CC57BF01F4EA8CCA87A792FF35F00011D8C7A6D0000"	"\Divisions\PD\Substation Denver\148797 LAKE HAZELTINE 115KV SUB COMM"
"000000009598E9A20E04F041B38518182890A2D5010012225CC57BF01F4EA8CCA87A792FF35F000162F5FFE70000"	"\Divisions\PD\Substation Denver\149783 SEPC-SPEARVILLE SUB XFMR PROC"
"000000009598E9A20E04F041B38518182890A2D5010012225CC57BF01F4EA8CCA87A792FF35F0001D41A9B0C0000"	"\Divisions\PD\Substation Denver\153409 FEDRL HGHTS- IVVO LTC REP COMM"
"000000009598E9A20E04F041B38518182890A2D5010012225CC57BF01F4EA8CCA87A792FF35F0002582090C40000"	"\Divisions\PD\Substation Denver\155988 PAWNEE DFR UPGRADE"
"000000009598E9A20E04F041B38518182890A2D5010012225CC57BF01F4EA8CCA87A792FF35F00027713821B0000"	"\Divisions\PD\Substation Denver\156634 N-2019 NSPM E&S DSUB"
"000000009598E9A20E04F041B38518182890A2D5010012225CC57BF01F4EA8CCA87A792FF35F00027B6D7B340000"	"\Divisions\PD\Substation Denver\156988 P-FORT LUPTON DFR UPGRADE"
"000000009598E9A20E04F041B38518182890A2D5010012225CC57BF01F4EA8CCA87A792FF35F0002847335160000"	"\Divisions\PD\Substation Denver\157348 N- PRAIRIE ISLAND 1H5- HDR"
"000000009598E9A20E04F041B38518182890A2D5010012225CC57BF01F4EA8CCA87A792FF35F00028CB7958B0000"	"\Divisions\PD\Substation Denver\157619 N- PRAIRIE TR1 - HDR"
"000000009598E9A20E04F041B38518182890A2D5010012225CC57BF01F4EA8CCA87A792FF35F0002A9804DCC0000"	"\Divisions\PD\Substation Denver\158334 N- BELLE PLAINE HDR"
"000000009598E9A20E04F041B38518182890A2D5010012225CC57BF01F4EA8CCA87A792FF35F0002B34678310000"	"\Divisions\PD\Substation Denver\158571 N-LONG LAKE SECURITY COMM HDR"
"000000009598E9A20E04F041B38518182890A2D5010012225CC57BF01F4EA8CCA87A792FF35F0002C1A0F0B30000"	"\Divisions\PD\Substation Denver\159042 N-PENOKEE RANGE COMM SPONSOR"
"000000009598E9A20E04F041B38518182890A2D5010012225CC57BF01F4EA8CCA87A792FF35F0002D18D626F0000"	"\Divisions\PD\Substation Denver\159404 P-BOX ELDER TAM-HDR"
"000000009598E9A20E04F041B38518182890A2D5010012225CC57BF01F4EA8CCA87A792FF35F0002DA0C3B080000"	"\Divisions\PD\Substation Denver\159640 N-ATWATER RELAY SETTING-HDR"
"000000009598E9A20E04F041B38518182890A2D5010012225CC57BF01F4EA8CCA87A792FF35F0002E676F3B60000"	"\Divisions\PD\Substation Denver\159889 N-IRON RIVER MOD3R319-HDR"
"000000009598E9A20E04F041B38518182890A2D5010012225CC57BF01F4EA8CCA87A792FF35F0003061381DB0000"	"\Divisions\PD\Substation Denver\160708 N-BUFFALO RIDGE FENCE HDR"
"000000009598E9A20E04F041B38518182890A2D5010012225CC57BF01F4EA8CCA87A792FF35F00031AD4BDF50000"	"\Divisions\PD\Substation Denver\161271 N- WAB CSG248-WAB031 SLR- HDR"
"000000009598E9A20E04F041B38518182890A2D5010012225CC57BF01F4EA8CCA87A792FF35F0004111B947A0000"	"\Divisions\PD\Substation Denver\Drafting Remote Terminal"
"000000009598E9A20E04F041B38518182890A2D50100A3DF33FCC9BD1644BD14FCA330AA978500001D35482F0000"	"\Divisions\PD\Substation Fort Mill\133543 - Pepco Sligo"
"000000009598E9A20E04F041B38518182890A2D501001296C725372D7F4B86B758A22EA3141B0000000A4DAB0000"	"\Divisions\PD\Substation Freeport"
"000000009598E9A20E04F041B38518182890A2D501001296C725372D7F4B86B758A22EA3141B00000022D6580000"	"\Divisions\PD\Substation Freeport\Inactive File\104895_PSNH_Scobie Review\Design"
"000000009598E9A20E04F041B38518182890A2D501001296C725372D7F4B86B758A22EA3141B00000022D6670000"	"\Divisions\PD\Substation Freeport\Inactive File\104895_PSNH_Scobie Review\Specifications"
"000000009598E9A20E04F041B38518182890A2D501001296C725372D7F4B86B758A22EA3141B00000010302C0000"	"\Divisions\PD\Substation Freeport\Inactive File\106077_PSNH_Monadock"
"000000009598E9A20E04F041B38518182890A2D501001296C725372D7F4B86B758A22EA3141B0000001463A90000"	"\Divisions\PD\Substation Freeport\Inactive File\106XXX_PSNH_Madbury\Design"
"000000009598E9A20E04F041B38518182890A2D501001296C725372D7F4B86B758A22EA3141B00000018C3FC0000"	"\Divisions\PD\Substation Freeport\Inactive File\106XXX_PSNH_Madbury\PSNH - Madbury - JRC"
"000000009598E9A20E04F041B38518182890A2D501001296C725372D7F4B86B758A22EA3141B00000022D5D90000"	"\Divisions\PD\Substation Freeport\Inactive File\108042_TXU_South_Brownwood\Accounting"
"000000009598E9A20E04F041B38518182890A2D501001296C725372D7F4B86B758A22EA3141B00000022D5E70000"	"\Divisions\PD\Substation Freeport\Inactive File\108042_TXU_South_Brownwood\Right-of-Way"
"000000009598E9A20E04F041B38518182890A2D501001296C725372D7F4B86B758A22EA3141B00000022D5FE0000"	"\Divisions\PD\Substation Freeport\Inactive File\108166_TXU_Dublin\Manuals"
"000000009598E9A20E04F041B38518182890A2D501001296C725372D7F4B86B758A22EA3141B00000022D6370000"	"\Divisions\PD\Substation Freeport\Inactive File\108556_Centerpoint_Webster\Bid"
"000000009598E9A20E04F041B38518182890A2D501001296C725372D7F4B86B758A22EA3141B00000022D6460000"	"\Divisions\PD\Substation Freeport\Inactive File\108556_Centerpoint_Webster\Schedule"
"000000009598E9A20E04F041B38518182890A2D501001296C725372D7F4B86B758A22EA3141B00000022D6280000"	"\Divisions\PD\Substation Freeport\Inactive File\108557_Centerpoint_Freeport\Permits"
"000000009598E9A20E04F041B38518182890A2D501001296C725372D7F4B86B758A22EA3141B00000026BFB00000"	"\Divisions\PD\Substation Freeport\Inactive File\108954_TXU_Celina_Switch"
"000000009598E9A20E04F041B38518182890A2D501001296C725372D7F4B86B758A22EA3141B00000026BFBF0000"	"\Divisions\PD\Substation Freeport\Inactive File\108954_TXU_Celina_Switch\Reports"
"000000009598E9A20E04F041B38518182890A2D50100E34BFE500669CD49AC2E27C6C54DE39D0000004083CE0000"	"\Divisions\PD\Substation Freeport\Inactive File\109947_CMP_ScarOOBLine\109947 Saco  Bay Prelim & MPUC\Data Requests\Cannata"
"000000009598E9A20E04F041B38518182890A2D50100E34BFE500669CD49AC2E27C6C54DE39D0000004083DD0000"	"\Divisions\PD\Substation Freeport\Inactive File\109947_CMP_ScarOOBLine\109947 Saco  Bay Prelim & MPUC\Design Criteria"
"000000009598E9A20E04F041B38518182890A2D50100E34BFE500669CD49AC2E27C6C54DE39D0000004083EC0000"	"\Divisions\PD\Substation Freeport\Inactive File\109947_CMP_ScarOOBLine\109947 Saco  Bay Prelim & MPUC\MPUC Hearings\Rebuttal Testimony Bench Questions"
"000000009598E9A20E04F041B38518182890A2D501003F9E776DECCABA4B81A6729A0E4F2CBA00000013AF210000"	"\Divisions\PD\Substation Freeport\Inactive File\109947_CMP_ScarOOBLine1\109947 Saco  Bay Prelim & MPUC\Data Requests\Cannata"
"000000009598E9A20E04F041B38518182890A2D501001296C725372D7F4B86B758A22EA3141B0000005D20680000"	"\Divisions\PD\Substation Freeport\Inactive File\109947_CMP_ScarOOBLine1\109947 Saco  Bay Prelim & MPUC\Design Criteria"
"000000009598E9A20E04F041B38518182890A2D501001296C725372D7F4B86B758A22EA3141B0000005D20710000"	"\Divisions\PD\Substation Freeport\Inactive File\109947_CMP_ScarOOBLine1\109947 Saco  Bay Prelim & MPUC\MPUC Hearings\Rebuttal Testimony Bench Questions"
"000000009598E9A20E04F041B38518182890A2D501001296C725372D7F4B86B758A22EA3141B0000003F57950000"	"\Divisions\PD\Substation Freeport\Inactive File\110459_NU_BunkerHill\BH_Matl_Order"
"000000009598E9A20E04F041B38518182890A2D501001296C725372D7F4B86B758A22EA3141B0000005D209B0000"	"\Divisions\PD\Substation Freeport\Inactive File\112815 Jackman Capacitor Bank "
"000000009598E9A20E04F041B38518182890A2D50100E34BFE500669CD49AC2E27C6C54DE39D000000383EB40000"	"\Divisions\PD\Substation Freeport\Inactive File\119661_CMP_MDC_Site_Assessment"
"000000009598E9A20E04F041B38518182890A2D501001953B16A689BCD4AA8FC82955DB27CB1000000A2787E0000"	"\Divisions\PD\Substation Freeport\Inactive File\CLOSED_109947_CMP_ScarOOBLine\109947 Saco  Bay Prelim & MPUC\Data Requests"
"000000009598E9A20E04F041B38518182890A2D501001953B16A689BCD4AA8FC82955DB27CB1000000A2788D0000"	"\Divisions\PD\Substation Freeport\Inactive File\CLOSED_109947_CMP_ScarOOBLine\109947 Saco  Bay Prelim & MPUC\Data Requests\Saco Stakeholder Request DR-01"
"000000009598E9A20E04F041B38518182890A2D501001953B16A689BCD4AA8FC82955DB27CB1000000A2789C0000"	"\Divisions\PD\Substation Freeport\Inactive File\CLOSED_109947_CMP_ScarOOBLine\109947 Saco  Bay Prelim & MPUC\MPUC Hearings\Rebuttal Testimony Bench EX-03"
"000000009598E9A20E04F041B38518182890A2D501001953B16A689BCD4AA8FC82955DB27CB1000000A278AB0000"	"\Divisions\PD\Substation Freeport\Inactive File\CLOSED_109947_CMP_ScarOOBLine1\109947 Saco  Bay Prelim & MPUC\Data Requests"
"000000009598E9A20E04F041B38518182890A2D501001953B16A689BCD4AA8FC82955DB27CB1000000A278BA0000"	"\Divisions\PD\Substation Freeport\Inactive File\CLOSED_109947_CMP_ScarOOBLine1\109947 Saco  Bay Prelim & MPUC\Data Requests\Saco Stakeholder Request DR-01"
"000000009598E9A20E04F041B38518182890A2D501001953B16A689BCD4AA8FC82955DB27CB1000000B63DA20000"	"\Divisions\PD\Substation Freeport\Inactive File\CLOSED_109947_CMP_ScarOOBLine1\109947 Saco  Bay Prelim & MPUC\MPUC Hearings\Rebuttal Testimony Bench EX-03"
"000000009598E9A20E04F041B38518182890A2D501001953B16A689BCD4AA8FC82955DB27CB1000000B63DB10000"	"\Divisions\PD\Substation Freeport\Inactive File\CLOSED_110459_NU_BunkerHill\BH_Matl_Order"
"000000009598E9A20E04F041B38518182890A2D50100A3DF33FCC9BD1644BD14FCA330AA97850000172386390000"	"\Divisions\PD\Substation Freeport\Inactive File\CLOSED_113552_South_Gorham"
"000000009598E9A20E04F041B38518182890A2D50100E34BFE500669CD49AC2E27C6C54DE39D0000003B82790000"	"\Divisions\PD\Substation Freeport\Inactive File\CLOSED_120596_Louden1"
"000000009598E9A20E04F041B38518182890A2D501001296C725372D7F4B86B758A22EA3141B0000000D4FD30000"	"\Divisions\PD\Substation Freeport\Inactive File\PSNM - San Juan S/S"
"000000009598E9A20E04F041B38518182890A2D50100E34BFE500669CD49AC2E27C6C54DE39D0000000929D60000"	"\Divisions\PD\Substation Freeport\Projects\113511_Millbury"
"000000009598E9A20E04F041B38518182890A2D501006C95E27D1ACA634AA1AADC20796388DD000000616F800000"	"\Divisions\PD\Substation Freeport\Projects\116048_Rumford115(CLOSED)"
"000000009598E9A20E04F041B38518182890A2D50100E34BFE500669CD49AC2E27C6C54DE39D0000003B82740000"	"\Divisions\PD\Substation Freeport\Projects\121849_Northfield_Mtn"
"000000009598E9A20E04F041B38518182890A2D50100A3DF33FCC9BD1644BD14FCA330AA978500000E8B14AE0000"	"\Divisions\PD\Substation Freeport\Projects\125563_Webster"
"000000009598E9A20E04F041B38518182890A2D50100A3DF33FCC9BD1644BD14FCA330AA9785000019C34FF30000"	"\Divisions\PD\Substation Freeport\Projects\129599_Reynolds_Hill"
"000000009598E9A20E04F041B38518182890A2D5010012225CC57BF01F4EA8CCA87A792FF35F0001153529B30000"	"\Divisions\PD\Substation Freeport\Projects\132927_AEP_Johns_Creek"
"000000009598E9A20E04F041B38518182890A2D50100A3DF33FCC9BD1644BD14FCA330AA978500001DACA9E50000"	"\Divisions\PD\Substation Freeport\Projects\134184   CL&P_N_Bloomfield_2A_NURR"
"000000009598E9A20E04F041B38518182890A2D50100F3BCE3A574023B4482F2E427B5A3121800004D870EDC0000"	"\Divisions\PD\Substation Freeport\Projects\135024_AEP_Nuttall_S/S"
"000000009598E9A20E04F041B38518182890A2D50100A3DF33FCC9BD1644BD14FCA330AA978500001F2AEB6E0000"	"\Divisions\PD\Substation Freeport\Projects\135918_CL&P_New_Britain_SS_Scoping"
"000000009598E9A20E04F041B38518182890A2D50100A3DF33FCC9BD1644BD14FCA330AA97850000217E416E0000"	"\Divisions\PD\Substation Freeport\Projects\137345_NGRID_MSA_Plainville"
"000000009598E9A20E04F041B38518182890A2D50100A3DF33FCC9BD1644BD14FCA330AA9785000022E4B01D0000"	"\Divisions\PD\Substation Freeport\Projects\138565_WMEC-PLEASANT_S/S_OCB_SCOPE"
"000000009598E9A20E04F041B38518182890A2D50100A3DF33FCC9BD1644BD14FCA330AA9785000026CA6A1E0000"	"\Divisions\PD\Substation Freeport\Projects\140548_ONCOR_Belton_Switch_Rplc"
"000000009598E9A20E04F041B38518182890A2D50100A3DF33FCC9BD1644BD14FCA330AA978500002AE933D50000"	"\Divisions\PD\Substation Freeport\Projects\142122_CLP_Redding_to_Norwalk"
"000000009598E9A20E04F041B38518182890A2D5010012225CC57BF01F4EA8CCA87A792FF35F0001181E1CB20000"	"\Divisions\PD\Substation Freeport\Projects\143409_AEP_E_Amsterdam"
"000000009598E9A20E04F041B38518182890A2D5010012225CC57BF01F4EA8CCA87A792FF35F0001420DD7E60000"	"\Divisions\PD\Substation Freeport\Projects\145220_PPL_Jenkins"
"000000009598E9A20E04F041B38518182890A2D5010012225CC57BF01F4EA8CCA87A792FF35F000124BAED840000"	"\Divisions\PD\Substation Freeport\Projects\146475_AEP_Schoenbrunn"
"000000009598E9A20E04F041B38518182890A2D5010012225CC57BF01F4EA8CCA87A792FF35F0001155FA60B0000"	"\Divisions\PD\Substation Freeport\Projects\148158_Oncor_Oak_Cliff_South"
"000000009598E9A20E04F041B38518182890A2D501001296C725372D7F4B86B758A22EA3141B0000000D4FE10000"	"\Divisions\PD\Substation Freeport\Proposals\000000_HughesRd"
"000000009598E9A20E04F041B38518182890A2D501001296C725372D7F4B86B758A22EA3141B00000014C00F0000"	"\Divisions\PD\Substation Freeport\Proposals\106471_VELCO\Email_Rec'd"
"000000009598E9A20E04F041B38518182890A2D501001296C725372D7F4B86B758A22EA3141B00000026E9B30000"	"\Divisions\PD\Substation Freeport\Proposals\108995_PSNH_Brentwood"
"000000009598E9A20E04F041B38518182890A2D501001296C725372D7F4B86B758A22EA3141B0000000BA4960000"	"\Divisions\PD\Substation Freeport\Proposals\Endless Energy - Cianbro"
"000000009598E9A20E04F041B38518182890A2D501001296C725372D7F4B86B758A22EA3141B00000018C4710000"	"\Divisions\PD\Substation Hailey"
"000000009598E9A20E04F041B38518182890A2D5010012225CC57BF01F4EA8CCA87A792FF35F0003ED40709C0000"	"\Divisions\PD\Substation Hailey\160814 - Tricorner"
"000000009598E9A20E04F041B38518182890A2D5010012225CC57BF01F4EA8CCA87A792FF35F0003ED4070BA0000"	"\Divisions\PD\Substation Hailey\164362 - Handley 41015"
"000000009598E9A20E04F041B38518182890A2D5010012225CC57BF01F4EA8CCA87A792FF35F00046438862C0000"	"\Divisions\PD\Substation Hailey\168664 - Marrs 41021"
"000000009598E9A20E04F041B38518182890A2D5010012225CC57BF01F4EA8CCA87A792FF35F0004D6B8556E0000"	"\Divisions\PD\Substation Hailey\173610 - Sulphur Springs 46280"
"000000009598E9A20E04F041B38518182890A2D5010012225CC57BF01F4EA8CCA87A792FF35F00059D072BA20000"	"\Divisions\PD\Substation Hailey\179798 - Sherry 47154"
"000000009598E9A20E04F041B38518182890A2D5010012225CC57BF01F4EA8CCA87A792FF35F0005FD4CFD700000"	"\Divisions\PD\Substation Hailey\238645 - Judd Court 49693"
"000000009598E9A20E04F041B38518182890A2D5010012225CC57BF01F4EA8CCA87A792FF35F0006944A8D2B0000"	"\Divisions\PD\Substation Hailey\245104 - Woodbury Switch 50163"
"000000009598E9A20E04F041B38518182890A2D5010012225CC57BF01F4EA8CCA87A792FF35F000459EB808B0000"	"\Divisions\PD\Substation Hailey\Airport Road"
"000000009598E9A20E04F041B38518182890A2D5010012225CC57BF01F4EA8CCA87A792FF35F0007E95C64F50000"	"\Divisions\PD\Substation Hailey\RLM Oncor TRP 2025"
"000000009598E9A20E04F041B38518182890A2D50100A3DF33FCC9BD1644BD14FCA330AA978500002150B2D80000"	"\Divisions\PD\Substation Hamilton\137280"
"000000009598E9A20E04F041B38518182890A2D5010012225CC57BF01F4EA8CCA87A792FF35F0001A42619C50000"	"\Divisions\PD\Substation Hamilton\141903\141903 NLRP Alburtis Phase 1\Station Service"
"000000009598E9A20E04F041B38518182890A2D50100A3DF33FCC9BD1644BD14FCA330AA978500002CE0C59C0000"	"\Divisions\PD\Substation Houston\0 Vicki Johnson Projects\135350_Oncor_Euless_15T62048"
"000000009598E9A20E04F041B38518182890A2D50100A3DF33FCC9BD1644BD14FCA330AA978500000E93516B0000"	"\Divisions\PD\Substation Houston\00-Closed Projects\117095_Oncor_Decatur_WA07T62101"
"000000009598E9A20E04F041B38518182890A2D50100E34BFE500669CD49AC2E27C6C54DE39D0000001E369E0000"	"\Divisions\PD\Substation Houston\01-General Oncor Information\00 CLOSED PROJECTS\ATL Iowa Park WA05T62012 (not mine)"
"000000009598E9A20E04F041B38518182890A2D50100E34BFE500669CD49AC2E27C6C54DE39D00000009298B0000"	"\Divisions\PD\Substation Houston\01-General Oncor Information\00 CLOSED PROJECTS\Odessa_109971_WA06T63012\Steel"
"000000009598E9A20E04F041B38518182890A2D50100E34BFE500669CD49AC2E27C6C54DE39D00000012406E0000"	"\Divisions\PD\Substation Houston\01-General Oncor Information\00 CLOSED PROJECTS\White Settlmt WA07T62028 (111294)"
"000000009598E9A20E04F041B38518182890A2D50100E34BFE500669CD49AC2E27C6C54DE39D0000001B9A9E0000"	"\Divisions\PD\Substation Houston\01-General Oncor Information\00 ISSUES - ANNOUNCEMENTS\WA Issues"
"000000009598E9A20E04F041B38518182890A2D50100E34BFE500669CD49AC2E27C6C54DE39D00000021D8200000"	"\Divisions\PD\Substation Houston\01-General Oncor Information\00 REPORTS\Estimate Deadlines"
"000000009598E9A20E04F041B38518182890A2D50100E34BFE500669CD49AC2E27C6C54DE39D0000000AFCBF0000"	"\Divisions\PD\Substation Houston\01-General Oncor Information\ATLANTA PROJECTS"
"000000009598E9A20E04F041B38518182890A2D50100E34BFE500669CD49AC2E27C6C54DE39D0000002A34DE0000"	"\Divisions\PD\Substation Houston\01-General Oncor Information\ST LOUIS PROJECTS\In-Serviced"
"000000009598E9A20E04F041B38518182890A2D50100E34BFE500669CD49AC2E27C6C54DE39D0000003DC0C30000"	"\Divisions\PD\Substation Houston\122218_AEP_Princeton\Go-By's"
"000000009598E9A20E04F041B38518182890A2D50100A3DF33FCC9BD1644BD14FCA330AA97850000253EB68F0000"	"\Divisions\PD\Substation Houston\123360_AEP_Morgan_Fork_PVID#_123360\APS NOTIFICATIONS"
"000000009598E9A20E04F041B38518182890A2D50100A3DF33FCC9BD1644BD14FCA330AA97850000253F2CA40000"	"\Divisions\PD\Substation Houston\124672_AEP_East_Amsterdam_PVID#_34356\APS NOTIFICATIONS1"
"000000009598E9A20E04F041B38518182890A2D50100A3DF33FCC9BD1644BD14FCA330AA978500001599F9DD0000"	"\Divisions\PD\Substation Houston\125706_Oncor_Fasken_Ranch_138kV_POI_WA12T63147\Control House"
"000000009598E9A20E04F041B38518182890A2D50100A3DF33FCC9BD1644BD14FCA330AA97850000176094F50000"	"\Divisions\PD\Substation Houston\127500_Sprbrry_STN_Rplc_CB2740_WA13T63029"
"000000009598E9A20E04F041B38518182890A2D50100A3DF33FCC9BD1644BD14FCA330AA97850000253F43940000"	"\Divisions\PD\Substation Houston\127854_AEP_Breaks STN_33963\MATERIAL"
"000000009598E9A20E04F041B38518182890A2D50100A3DF33FCC9BD1644BD14FCA330AA9785000018BCADA60000"	"\Divisions\PD\Substation Houston\128932_Oncor_Stanton_WA13T63055"
"000000009598E9A20E04F041B38518182890A2D50100A3DF33FCC9BD1644BD14FCA330AA97850000198FB46E0000"	"\Divisions\PD\Substation Houston\129864_Oncor_Argyle_Sub_Mod_Cap_Bk_Pro_WA13T62036"
"000000009598E9A20E04F041B38518182890A2D50100A3DF33FCC9BD1644BD14FCA330AA978500001B4960320000"	"\Divisions\PD\Substation Houston\130444_AEP_Tiffin Center_PVID_37399"
"000000009598E9A20E04F041B38518182890A2D50100A3DF33FCC9BD1644BD14FCA330AA978500001B1556950000"	"\Divisions\PD\Substation Houston\131428_Oncor_Crest SW: RPLC C B072"
"000000009598E9A20E04F041B38518182890A2D50100A3DF33FCC9BD1644BD14FCA330AA97850000260D0A2A0000"	"\Divisions\PD\Substation Houston\132133_AEP_Ruth_Station_PVID#_38295\MATERIAL"
"000000009598E9A20E04F041B38518182890A2D50100A3DF33FCC9BD1644BD14FCA330AA97850000219D1A590000"	"\Divisions\PD\Substation Houston\132538_Wyoming_Station_132538\MATERIAL STATUS REPORTS"
"000000009598E9A20E04F041B38518182890A2D50100A3DF33FCC9BD1644BD14FCA330AA978500001CDCC59D0000"	"\Divisions\PD\Substation Houston\133392_Oncor_FTW_Electra_Sub_14T62005"
"000000009598E9A20E04F041B38518182890A2D50100A3DF33FCC9BD1644BD14FCA330AA9785000023E47B080000"	"\Divisions\PD\Substation Houston\133945_AEP_Yukon Install_PVID#37827"
"000000009598E9A20E04F041B38518182890A2D50100A3DF33FCC9BD1644BD14FCA330AA978500001DC3CE100000"	"\Divisions\PD\Substation Houston\134357_Oncor_Sweetwater Sub_WA#14T61028"
"000000009598E9A20E04F041B38518182890A2D50100A3DF33FCC9BD1644BD14FCA330AA978500001EEF6D640000"	"\Divisions\PD\Substation Houston\135351 GVEC_CMC Substation Additions"
"000000009598E9A20E04F041B38518182890A2D50100A3DF33FCC9BD1644BD14FCA330AA9785000020212BDC0000"	"\Divisions\PD\Substation Houston\136468_Oncor_Greenville Ave_15T65021"
"000000009598E9A20E04F041B38518182890A2D50100A3DF33FCC9BD1644BD14FCA330AA978500002BE7A8070000"	"\Divisions\PD\Substation Houston\137751_GVEC_Deer Creek"
"000000009598E9A20E04F041B38518182890A2D50100A3DF33FCC9BD1644BD14FCA330AA9785000023DB54D80000"	"\Divisions\PD\Substation Houston\138640_STEC_Miracle Lake"
"000000009598E9A20E04F041B38518182890A2D50100A3DF33FCC9BD1644BD14FCA330AA97850000242415650000"	"\Divisions\PD\Substation Houston\139315_Tyler Grande Term & Fiber_Oncor_WA#"
"000000009598E9A20E04F041B38518182890A2D50100A3DF33FCC9BD1644BD14FCA330AA978500002676076C0000"	"\Divisions\PD\Substation Houston\139884_Oncor_Waxahachie Ocf_TBD"
"000000009598E9A20E04F041B38518182890A2D50100A3DF33FCC9BD1644BD14FCA330AA9785000026C13D2D0000"	"\Divisions\PD\Substation Houston\140488_Oncor_Calmont Sw: Eagle Mtn LTU_WA#16T62053"
"000000009598E9A20E04F041B38518182890A2D50100A3DF33FCC9BD1644BD14FCA330AA9785000027B7AA3C0000"	"\Divisions\PD\Substation Houston\140694_AEP_Telecom Sunnyside_PVID#11088"
"000000009598E9A20E04F041B38518182890A2D50100F3BCE3A574023B4482F2E427B5A3121800004EC0DBCA0000"	"\Divisions\PD\Substation Houston\141049_AEP_Telecom Weatherford_PVID#"
"000000009598E9A20E04F041B38518182890A2D50100A3DF33FCC9BD1644BD14FCA330AA978500002BB8DD040000"	"\Divisions\PD\Substation Houston\141410_AEP Telecom 81st & Garnett_WO42501176-02"
"000000009598E9A20E04F041B38518182890A2D50100A3DF33FCC9BD1644BD14FCA330AA978500002BB2F3D30000"	"\Divisions\PD\Substation Houston\142192_Oncor_Brown Swtch_WA#"
"000000009598E9A20E04F041B38518182890A2D5010012225CC57BF01F4EA8CCA87A792FF35F00000A50CB4C0000"	"\Divisions\PD\Substation Houston\142637_AEP_Telecom So Millrsburg_PVID#13172"
"000000009598E9A20E04F041B38518182890A2D5010012225CC57BF01F4EA8CCA87A792FF35F0000309CC0FF0000"	"\Divisions\PD\Substation Houston\143809_Entergy_SCPS - Little Gypsy"
"000000009598E9A20E04F041B38518182890A2D5010012225CC57BF01F4EA8CCA87A792FF35F00004E16C3D50000"	"\Divisions\PD\Substation Houston\144444_Oncor_Midway Sub: Upg 69 Ln Term"
"000000009598E9A20E04F041B38518182890A2D5010012225CC57BF01F4EA8CCA87A792FF35F0000B2BA27140000"	"\Divisions\PD\Substation Houston\145689_Oncor_Allentown Swtch Dpu Rplc_WA#TBD"
"000000009598E9A20E04F041B38518182890A2D5010012225CC57BF01F4EA8CCA87A792FF35F0000B10731B60000"	"\Divisions\PD\Substation Houston\146193_Oncor_Graham Sw Upg Term EQ_WA#18T62007"
"000000009598E9A20E04F041B38518182890A2D5010012225CC57BF01F4EA8CCA87A792FF35F00011C66FF5B0000"	"\Divisions\PD\Substation Houston\147089_Oncor_Denton Drv Sw: 138 Term Add_WA# TBD"
"000000009598E9A20E04F041B38518182890A2D5010012225CC57BF01F4EA8CCA87A792FF35F000118DC9E680000"	"\Divisions\PD\Substation Houston\148498_Xcel Energy_Denver City - 115kV Bkr Rly Add"
"000000009598E9A20E04F041B38518182890A2D5010012225CC57BF01F4EA8CCA87A792FF35F0005C998870B0000"	"\Divisions\PD\Substation Houston\Ashby"
"000000009598E9A20E04F041B38518182890A2D50100A3DF33FCC9BD1644BD14FCA330AA978500001D7CA3730000"	"\Divisions\PD\Substation Houston\CLOSED_116005_Oncor_Bowman_10T62001_ADD AS ADDL PST\progress reports"
"000000009598E9A20E04F041B38518182890A2D501001953B16A689BCD4AA8FC82955DB27CB1000001C4BB9A0000"	"\Divisions\PD\Substation Houston\CLOSED_116741_Oncor_Hicks_12T62001\Oncor Order Forms\CCVT"
"000000009598E9A20E04F041B38518182890A2D50100A3DF33FCC9BD1644BD14FCA330AA978500001BF155230000"	"\Divisions\PD\Substation Houston\CLOSED_116769_Oncor_Central_Bluff_WA10T63008\10T63008 MATERIAL\DFR"
"000000009598E9A20E04F041B38518182890A2D50100A3DF33FCC9BD1644BD14FCA330AA978500001C8B202D0000"	"\Divisions\PD\Substation Houston\CLOSED_116857_Oncor_CREZ Newton_12T64101"
"000000009598E9A20E04F041B38518182890A2D50100E34BFE500669CD49AC2E27C6C54DE39D00000031495F0000"	"\Divisions\PD\Substation Houston\CLOSED_116940_Oncor_Dermott_WA11T63004\Line Traps and Tuners"
"000000009598E9A20E04F041B38518182890A2D50100A3DF33FCC9BD1644BD14FCA330AA978500001B87A65B0000"	"\Divisions\PD\Substation Houston\CLOSED_117132_TMPA"
"000000009598E9A20E04F041B38518182890A2D50100A3DF33FCC9BD1644BD14FCA330AA9785000015D9589A0000"	"\Divisions\PD\Substation Houston\CLOSED_118024_Oncor_Whitney_10T64077\117608_Oncor_Comanche_Peak_WA09T62112"
"000000009598E9A20E04F041B38518182890A2D50100A3DF33FCC9BD1644BD14FCA330AA978500001D9044C40000"	"\Divisions\PD\Substation Houston\CLOSED_119866_Oncor_Venus_WA11T65208\EMT Orders"
"000000009598E9A20E04F041B38518182890A2D50100A3DF33FCC9BD1644BD14FCA330AA978500001D910A820000"	"\Divisions\PD\Substation Houston\CLOSED_119956_Oncor_Temple_11T64114_ADD TO PST\EMT Confirmations"
"000000009598E9A20E04F041B38518182890A2D50100A3DF33FCC9BD1644BD14FCA330AA978500001D918A840000"	"\Divisions\PD\Substation Houston\CLOSED_120157_Oncor_Com Pk_10T62233_ADD TO PST\In-Service-Completion Report"
"000000009598E9A20E04F041B38518182890A2D50100A3DF33FCC9BD1644BD14FCA330AA978500001D9561F60000"	"\Divisions\PD\Substation Houston\CLOSED_120468_Oncor_Cedar Hill_11T65217_ADD TO PST\FAR Report"
"000000009598E9A20E04F041B38518182890A2D50100E34BFE500669CD49AC2E27C6C54DE39D000000383EAD0000"	"\Divisions\PD\Substation Houston\CLOSED_121148_Oncor_Graham_Auto_Replace_WA11T62228"
"000000009598E9A20E04F041B38518182890A2D501001953B16A689BCD4AA8FC82955DB27CB10000017095BD0000"	"\Divisions\PD\Substation Houston\CLOSED_122533_Oncor_Hutto_WA11T64146\Fused Disc Switch"
"000000009598E9A20E04F041B38518182890A2D50100A3DF33FCC9BD1644BD14FCA330AA97850000170618C50000"	"\Divisions\PD\Substation Houston\CLOSED_123827_Oncor_Lake_Wichita_12T62211"
"000000009598E9A20E04F041B38518182890A2D501001953B16A689BCD4AA8FC82955DB27CB1000001B31FD90000"	"\Divisions\PD\Substation Houston\CLOSED_124606_Xcel_Energy_Amarillo_South"
"000000009598E9A20E04F041B38518182890A2D501001953B16A689BCD4AA8FC82955DB27CB1000001E823AF0000"	"\Divisions\PD\Substation Houston\CLOSED_125062_Oncor_Everman_Sw_12T62232"
"000000009598E9A20E04F041B38518182890A2D50100A3DF33FCC9BD1644BD14FCA330AA978500001706DC010000"	"\Divisions\PD\Substation Houston\CLOSED_126640_138kV_Southwest_Orla_Poi_WA12T63166"
"000000009598E9A20E04F041B38518182890A2D50100A3DF33FCC9BD1644BD14FCA330AA97850000197DE8070000"	"\Divisions\PD\Substation Houston\CLOSED_129647_Xcel_Cunningham_DFR"
"000000009598E9A20E04F041B38518182890A2D50100E34BFE500669CD49AC2E27C6C54DE39D0000001ABFBF0000"	"\Divisions\PD\Substation Houston\Oncor-Elgin\Reactors"
"000000009598E9A20E04F041B38518182890A2D5010012225CC57BF01F4EA8CCA87A792FF35F0000B7D8B1FB0000"	"\Divisions\PD\Substation Kansas City"
"000000009598E9A20E04F041B38518182890A2D50100A3DF33FCC9BD1644BD14FCA330AA978500002675B14E0000"	"\Divisions\PD\Substation Oradell\139584 - Eversource Greenwich"
"000000009598E9A20E04F041B38518182890A2D501006C95E27D1ACA634AA1AADC20796388DD000000D9F2FB0000"	"\Divisions\PD\Substation Orlando"
"000000009598E9A20E04F041B38518182890A2D50100A3DF33FCC9BD1644BD14FCA330AA978500001FA4F82F0000"	"\Divisions\PD\Substation Orlando\136166 DEF-SUWANEE NEW 115 T SUB"
"000000009598E9A20E04F041B38518182890A2D5010012225CC57BF01F4EA8CCA87A792FF35F00035F4DE0150000"	"\Divisions\PD\Substation Overland Park"
"000000009598E9A20E04F041B38518182890A2D50100A3DF33FCC9BD1644BD14FCA330AA978500001D3C11EA0000"	"\Divisions\PD\Substation Phoenix\133538 TEP Cogenra Design Type 2"
"000000009598E9A20E04F041B38518182890A2D5010012225CC57BF01F4EA8CCA87A792FF35F00005187CB960000"	"\Divisions\PD\Substation Phoenix\144000 TEP 15MVAC PV"
"000000009598E9A20E04F041B38518182890A2D5010012225CC57BF01F4EA8CCA87A792FF35F0001BFA13D290000"	"\Divisions\PD\Substation Phoenix\152987 S. Georgia-Fiber Bld Out Comm"
"000000009598E9A20E04F041B38518182890A2D5010012225CC57BF01F4EA8CCA87A792FF35F00025CA6B6090000"	"\Divisions\PD\Substation Phoenix\155037 BUSHLAND FIBER RING"
"000000009598E9A20E04F041B38518182890A2D5010012225CC57BF01F4EA8CCA87A792FF35F00030DAD07700000"	"\Divisions\PD\Substation Phoenix\160912 P-MOFFAT RTU"
"000000009598E9A20E04F041B38518182890A2D5010064CEE54672FD844491A13B5C6CAEE87D0000002AB1C50000"	"\Divisions\PD\Substation Portland\117609-P'Corp_Bingham Substation"
"000000009598E9A20E04F041B38518182890A2D5010064CEE54672FD844491A13B5C6CAEE87D0000002F1E920000"	"\Divisions\PD\Substation Portland\119532_P'Corp_DJohnson Unit 3 Tie Line"
"000000009598E9A20E04F041B38518182890A2D5010064CEE54672FD844491A13B5C6CAEE87D000000309DE80000"	"\Divisions\PD\Substation Portland\120391_P'Corp_Dave_Johnston_Line_B28"
"000000009598E9A20E04F041B38518182890A2D5010064CEE54672FD844491A13B5C6CAEE87D0000003652630000"	"\Divisions\PD\Substation Portland\121092_BPA_LITTLEGOOSE_RAS_LLL"
"000000009598E9A20E04F041B38518182890A2D5010064CEE54672FD844491A13B5C6CAEE87D0000003940510000"	"\Divisions\PD\Substation Portland\121692_PCORP_CROYDEN_SUBSTATION"
"000000009598E9A20E04F041B38518182890A2D5010064CEE54672FD844491A13B5C6CAEE87D00000039FFD70000"	"\Divisions\PD\Substation Portland\121973_P_PARKER_345KV_CV_6800"
"000000009598E9A20E04F041B38518182890A2D5010064CEE54672FD844491A13B5C6CAEE87D0000003BBD020000"	"\Divisions\PD\Substation Portland\122174_PONDERSON_TO_HOUSTON_LAKE_LINE_PERMITTING"
"000000009598E9A20E04F041B38518182890A2D50100CB7D9B6512D7374A860FE542D577039200000113CD3B0000"	"\Divisions\PD\Substation Portland\122709_P'Corp_Hemingway"
"000000009598E9A20E04F041B38518182890A2D50100CB7D9B6512D7374A860FE542D57703920000011BB8E90000"	"\Divisions\PD\Substation Portland\122881_P'CORP_MALIN_REPL_BRKR_11L2"
"000000009598E9A20E04F041B38518182890A2D501001953B16A689BCD4AA8FC82955DB27CB1000000D204880000"	"\Divisions\PD\Substation Portland\123710 BPA Celilo Uprate Project"
"000000009598E9A20E04F041B38518182890A2D501001953B16A689BCD4AA8FC82955DB27CB10000011C7E970000"	"\Divisions\PD\Substation Portland\124011 P'CORP NERC LN RATNGS ENG 2011"
"000000009598E9A20E04F041B38518182890A2D501001953B16A689BCD4AA8FC82955DB27CB10000016CE20E0000"	"\Divisions\PD\Substation Portland\124172 P'CORP NERC LN (BB06CA) RATING"
"000000009598E9A20E04F041B38518182890A2D501001953B16A689BCD4AA8FC82955DB27CB1000001BB87BA0000"	"\Divisions\PD\Substation Portland\124527 P'CORP NERC LINE B37 RATINGS"
"000000009598E9A20E04F041B38518182890A2D50100A3DF33FCC9BD1644BD14FCA330AA978500000E8F37650000"	"\Divisions\PD\Substation Portland\125152 - PCORP - Beck Street to Capitol 46kV Line"
"000000009598E9A20E04F041B38518182890A2D50100A3DF33FCC9BD1644BD14FCA330AA97850000159CE2870000"	"\Divisions\PD\Substation Portland\125888 P'CORP STANDPIPE SUB CIVIL"
"000000009598E9A20E04F041B38518182890A2D50100A3DF33FCC9BD1644BD14FCA330AA9785000016F751270000"	"\Divisions\PD\Substation Portland\126551 P'CORP NERC LN B04 RATINGS"
"000000009598E9A20E04F041B38518182890A2D50100A3DF33FCC9BD1644BD14FCA330AA978500001704852C0000"	"\Divisions\PD\Substation Portland\126605 P'CORP NERC LN BB06 RATING"
"000000009598E9A20E04F041B38518182890A2D50100A3DF33FCC9BD1644BD14FCA330AA97850000175BF03C0000"	"\Divisions\PD\Substation Portland\127479 PSC OF NM JUAN SS BUS SYSTEM"
"000000009598E9A20E04F041B38518182890A2D50100A3DF33FCC9BD1644BD14FCA330AA978500001777C0830000"	"\Divisions\PD\Substation Portland\127697 VICCO STATION PVID 34612"
"000000009598E9A20E04F041B38518182890A2D50100A3DF33FCC9BD1644BD14FCA330AA9785000017E4633A0000"	"\Divisions\PD\Substation Portland\128153 BPA ECHO LAKE 500KV RAS LLL"
"000000009598E9A20E04F041B38518182890A2D50100A3DF33FCC9BD1644BD14FCA330AA97850000189A7C5E0000"	"\Divisions\PD\Substation Portland\128681 P'CORP GOSHEN SUBST - 345KV"
"000000009598E9A20E04F041B38518182890A2D50100A3DF33FCC9BD1644BD14FCA330AA9785000018DFE64C0000"	"\Divisions\PD\Substation Portland\129130 BPA TAFT 500KV BFR REPL"
"000000009598E9A20E04F041B38518182890A2D50100A3DF33FCC9BD1644BD14FCA330AA97850000197AAAA10000"	"\Divisions\PD\Substation Portland\129676 CIRCLEVILLE RMVL PVID 33883"
"000000009598E9A20E04F041B38518182890A2D50100A3DF33FCC9BD1644BD14FCA330AA9785000019A668080000"	"\Divisions\PD\Substation Portland\130233 GEC-CDEGS GROUND-SIGURD-RED"
"000000009598E9A20E04F041B38518182890A2D50100A3DF33FCC9BD1644BD14FCA330AA978500001A0463C80000"	"\Divisions\PD\Substation Portland\130663 BPA SUMMER LAKE SER/SCADA REPL"
"000000009598E9A20E04F041B38518182890A2D50100A3DF33FCC9BD1644BD14FCA330AA978500001AB784490000"	"\Divisions\PD\Substation Portland\131425 P'CORP D-R 2013-02 DXNVLE45127"
"000000009598E9A20E04F041B38518182890A2D50100A3DF33FCC9BD1644BD14FCA330AA978500001B290A290000"	"\Divisions\PD\Substation Portland\131852 P ENNIS CK-138KV EMGCY CAPS"
"000000009598E9A20E04F041B38518182890A2D50100A3DF33FCC9BD1644BD14FCA330AA978500001B85498D0000"	"\Divisions\PD\Substation Portland\132303 P'CORP MERIDIAN RELAY REPL"
"000000009598E9A20E04F041B38518182890A2D50100A3DF33FCC9BD1644BD14FCA330AA978500001C12A19B0000"	"\Divisions\PD\Substation Portland\132779 P'CORP D-R 2013-07 LONE PINE"
"000000009598E9A20E04F041B38518182890A2D50100A3DF33FCC9BD1644BD14FCA330AA97850000230446260000"	"\Divisions\PD\Substation Portland\133123 P PARKDALE--REPLACE CB 260&550\Procurement"
"000000009598E9A20E04F041B38518182890A2D50100A3DF33FCC9BD1644BD14FCA330AA978500001D6611E90000"	"\Divisions\PD\Substation Portland\133710 HAZARD STATION PVID 34611"
"000000009598E9A20E04F041B38518182890A2D50100A3DF33FCC9BD1644BD14FCA330AA978500001DB165990000"	"\Divisions\PD\Substation Portland\134233 P'CORP RED BUTTE RTDS TEST"
"000000009598E9A20E04F041B38518182890A2D50100A3DF33FCC9BD1644BD14FCA330AA978500001DF508D40000"	"\Divisions\PD\Substation Portland\134688 NUECES ELECTRIC COOP"
"000000009598E9A20E04F041B38518182890A2D50100A3DF33FCC9BD1644BD14FCA330AA978500001E30205E0000"	"\Divisions\PD\Substation Portland\134948 P'CORP MALIN GRND ANALYSIS"
"000000009598E9A20E04F041B38518182890A2D50100A3DF33FCC9BD1644BD14FCA330AA978500001EC7B19A0000"	"\Divisions\PD\Substation Portland\135350 P EULESS SUB: REBLD SUB"
"000000009598E9A20E04F041B38518182890A2D50100A3DF33FCC9BD1644BD14FCA330AA978500001F11FC5B0000"	"\Divisions\PD\Substation Portland\135744 P EDDY SUB 69 CAP ADD"
"000000009598E9A20E04F041B38518182890A2D50100A3DF33FCC9BD1644BD14FCA330AA978500001F7EC0B30000"	"\Divisions\PD\Substation Portland\136028 BPA RAYMOND 115 KV RELAY REPL"
"000000009598E9A20E04F041B38518182890A2D50100A3DF33FCC9BD1644BD14FCA330AA978500002052776B0000"	"\Divisions\PD\Substation Portland\136386 HUTCHINSON RELAY REPLACEMENT"
"000000009598E9A20E04F041B38518182890A2D50100A3DF33FCC9BD1644BD14FCA330AA97850000218D26780000"	"\Divisions\PD\Substation Portland\137359 P'CORP UNION GAP PHYS D-R"
"000000009598E9A20E04F041B38518182890A2D50100A3DF33FCC9BD1644BD14FCA330AA9785000022267F1B0000"	"\Divisions\PD\Substation Portland\137915 P'CORP OLD MILL SOLAR"
"000000009598E9A20E04F041B38518182890A2D50100A3DF33FCC9BD1644BD14FCA330AA97850000230D0E650000"	"\Divisions\PD\Substation Portland\138609 MARKET ST-69KV SUBSTATION DEMO"
"000000009598E9A20E04F041B38518182890A2D50100A3DF33FCC9BD1644BD14FCA330AA9785000024268D7E0000"	"\Divisions\PD\Substation Portland\139138 P'CORP BERYL SOLAR Q475 C-S"
"000000009598E9A20E04F041B38518182890A2D50100A3DF33FCC9BD1644BD14FCA330AA97850000242D1D9B0000"	"\Divisions\PD\Substation Portland\139381 P RENNER SWTCH: RPLC AUTO #1"
"000000009598E9A20E04F041B38518182890A2D50100A3DF33FCC9BD1644BD14FCA330AA97850000258EB6BB0000"	"\Divisions\PD\Substation Portland\139871 P'CORP SAM'S VALLEY PHOTO SIMS"
"000000009598E9A20E04F041B38518182890A2D50100A3DF33FCC9BD1644BD14FCA330AA978500002709297D0000"	"\Divisions\PD\Substation Portland\140409 P'CORP DJ UNIT 3 AS BUILTS"
"000000009598E9A20E04F041B38518182890A2D50100A3DF33FCC9BD1644BD14FCA330AA9785000027BEE6790000"	"\Divisions\PD\Substation Portland\140812 P'CORP VILAS ROAD SUB"
"000000009598E9A20E04F041B38518182890A2D50100A3DF33FCC9BD1644BD14FCA330AA9785000028D9CD8A0000"	"\Divisions\PD\Substation Portland\141233 OPOSSUM CREEK P14103008"
"000000009598E9A20E04F041B38518182890A2D50100F3BCE3A574023B4482F2E427B5A3121800004EBDD6760000"	"\Divisions\PD\Substation Portland\141540 PGE SUNSET 13KV CAP BANK"
"000000009598E9A20E04F041B38518182890A2D50100A3DF33FCC9BD1644BD14FCA330AA978500002AAAC80E0000"	"\Divisions\PD\Substation Portland\141996 P TRINIDAD SWTCHYARD:JEWETT LN"
"000000009598E9A20E04F041B38518182890A2D50100A3DF33FCC9BD1644BD14FCA330AA978500002BDFE9420000"	"\Divisions\PD\Substation Portland\142493 PGE HARBORTON PHASE II-III"
"000000009598E9A20E04F041B38518182890A2D50100A3DF33FCC9BD1644BD14FCA330AA978500002C37814F0000"	"\Divisions\PD\Substation Portland\142895 P WEST NETWORK CNVRT RLY-FIBER"
"000000009598E9A20E04F041B38518182890A2D50100A3DF33FCC9BD1644BD14FCA330AA978500002D7511E30000"	"\Divisions\PD\Substation Portland\143122 P DENTON DRIVE RPLC FEEDER RLY"
"000000009598E9A20E04F041B38518182890A2D5010012225CC57BF01F4EA8CCA87A792FF35F00000F57EAF90000"	"\Divisions\PD\Substation Portland\143518 WHITEMARSH 6669"
"000000009598E9A20E04F041B38518182890A2D5010012225CC57BF01F4EA8CCA87A792FF35F00002D5DDDAB0000"	"\Divisions\PD\Substation Portland\143937 P'CORP NEW DESCHUTES CONST SUP"
"000000009598E9A20E04F041B38518182890A2D5010012225CC57BF01F4EA8CCA87A792FF35F00003945D1880000"	"\Divisions\PD\Substation Portland\144157 P STEPHENVILLE CB3670&3730"
"000000009598E9A20E04F041B38518182890A2D5010012225CC57BF01F4EA8CCA87A792FF35F000072BD7BCE0000"	"\Divisions\PD\Substation Portland\145011 P IRVING NORTH RTU RPLC"
"000000009598E9A20E04F041B38518182890A2D5010012225CC57BF01F4EA8CCA87A792FF35F0000A56624DB0000"	"\Divisions\PD\Substation Portland\146088 6652 CHICHESTER"
"000000009598E9A20E04F041B38518182890A2D5010012225CC57BF01F4EA8CCA87A792FF35F0000CF77BD960000"	"\Divisions\PD\Substation Portland\146733 HAZARD CB/XF REPL A15702041"
"000000009598E9A20E04F041B38518182890A2D5010012225CC57BF01F4EA8CCA87A792FF35F0000FD2CBF240000"	"\Divisions\PD\Substation Portland\147858 UNIVERSITY FIBER ADDITION"
"000000009598E9A20E04F041B38518182890A2D5010012225CC57BF01F4EA8CCA87A792FF35F000118DC9E620000"	"\Divisions\PD\Substation Portland\148535 P'CORP KLAMATH COGEN NERC PRC"
"000000009598E9A20E04F041B38518182890A2D5010012225CC57BF01F4EA8CCA87A792FF35F0001474FC4790000"	"\Divisions\PD\Substation Portland\149116 ITMANN STN P16057006"
"000000009598E9A20E04F041B38518182890A2D5010012225CC57BF01F4EA8CCA87A792FF35F000262142F7F0000"	"\Divisions\PD\Substation Portland\154537_Xcel_BOOK_TAM"
"000000009598E9A20E04F041B38518182890A2D5010064CEE54672FD844491A13B5C6CAEE87D00000034EB1D0000"	"\Divisions\PD\Substation Portland\PacifiCorp Cad Coordination\P&C\Drating comments from Hurley\Windstar (Black Hills interconnect P&C Review 2)"
"000000009598E9A20E04F041B38518182890A2D5010064CEE54672FD844491A13B5C6CAEE87D000000309DA40000"	"\Divisions\PD\Substation Portland\PacifiCorp Cad Coordination\Physical\PWC"
"000000009598E9A20E04F041B38518182890A2D501006C95E27D1ACA634AA1AADC20796388DD000000B408050000"	"\Divisions\PD\Substation Portland\PacifiCorp Thermal Energy"
"000000009598E9A20E04F041B38518182890A2D5010064CEE54672FD844491A13B5C6CAEE87D000000081A790000"	"\Divisions\PD\Substation Portland\Tomball Substation\Drawing Issue and Approval"
"000000009598E9A20E04F041B38518182890A2D5010064CEE54672FD844491A13B5C6CAEE87D000000081A770000"	"\Divisions\PD\Substation Portland\Tomball Substation\Sag and Tension"
"000000009598E9A20E04F041B38518182890A2D50100572FF007A7D6B64CA96E5CFE8E1CC1A40000004B9E7F0000"	"\Divisions\PD\Substation San Diego\_DMS Upload\114394 2008 CAD Support1"
"000000009598E9A20E04F041B38518182890A2D50100572FF007A7D6B64CA96E5CFE8E1CC1A400000019357F0000"	"\Divisions\PD\Substation San Diego\_DMS Upload\118063 SDG&E Oil Containment\Capistrano"
"000000009598E9A20E04F041B38518182890A2D50100A3DF33FCC9BD1644BD14FCA330AA978500001BE9FEB90000"	"\Divisions\PD\Substation San Diego\_DRAFTER INFO\_CBM_INFO"
"000000009598E9A20E04F041B38518182890A2D50100A3DF33FCC9BD1644BD14FCA330AA978500001EAB2DDC0000"	"\Divisions\PD\Substation San Diego\_Pruett"
"000000009598E9A20E04F041B38518182890A2D50100572FF007A7D6B64CA96E5CFE8E1CC1A400000034E40E0000"	"\Divisions\PD\Substation San Diego\119562 Areva Fixed Series Cap Support"
"000000009598E9A20E04F041B38518182890A2D50100572FF007A7D6B64CA96E5CFE8E1CC1A400000058787B0000"	"\Divisions\PD\Substation San Diego\121510_Barton_Chapel"
"000000009598E9A20E04F041B38518182890A2D50100A3DF33FCC9BD1644BD14FCA330AA9785000016B14FE10000"	"\Divisions\PD\Substation San Diego\122396 AEP Inez\IFC & IFR Comments"
"000000009598E9A20E04F041B38518182890A2D501001953B16A689BCD4AA8FC82955DB27CB1000001679CEA0000"	"\Divisions\PD\Substation San Diego\123055 SD KNWD Repl OCB Inst SCADA\Foundation"
"000000009598E9A20E04F041B38518182890A2D501001953B16A689BCD4AA8FC82955DB27CB1000001841E3D0000"	"\Divisions\PD\Substation San Diego\124189 BWP Clybourn Subsation"
"000000009598E9A20E04F041B38518182890A2D50100A3DF33FCC9BD1644BD14FCA330AA97850000165F7D980000"	"\Divisions\PD\Substation San Diego\125802 Socre Trans Eng Serv"
"000000009598E9A20E04F041B38518182890A2D50100A3DF33FCC9BD1644BD14FCA330AA97850000177D67E60000"	"\Divisions\PD\Substation San Diego\127738 TEP Amonix UASTP"
"000000009598E9A20E04F041B38518182890A2D50100A3DF33FCC9BD1644BD14FCA330AA978500001927857B0000"	"\Divisions\PD\Substation San Diego\129249 CBM Merchant"
"000000009598E9A20E04F041B38518182890A2D50100A3DF33FCC9BD1644BD14FCA330AA9785000019BBB6680000"	"\Divisions\PD\Substation San Diego\130445 CBM AS-BUILTS ELLIOT"
"000000009598E9A20E04F041B38518182890A2D50100A3DF33FCC9BD1644BD14FCA330AA978500001F29F27C0000"	"\Divisions\PD\Substation San Diego\131935 Fort McMurray West"
"000000009598E9A20E04F041B38518182890A2D50100A3DF33FCC9BD1644BD14FCA330AA978500001C1242B30000"	"\Divisions\PD\Substation San Diego\132744 BESS"
"000000009598E9A20E04F041B38518182890A2D50100A3DF33FCC9BD1644BD14FCA330AA978500001DE1D4BC0000"	"\Divisions\PD\Substation San Diego\134708 IID BESS"
"000000009598E9A20E04F041B38518182890A2D50100A3DF33FCC9BD1644BD14FCA330AA978500001F03F7210000"	"\Divisions\PD\Substation San Diego\135664 SDG&E T3/E3 Eng Support - Trans"
"000000009598E9A20E04F041B38518182890A2D50100F3BCE3A574023B4482F2E427B5A3121800004D8D1A350000"	"\Divisions\PD\Substation San Diego\136804 SDG&E GCB AB Services"
"000000009598E9A20E04F041B38518182890A2D50100A3DF33FCC9BD1644BD14FCA330AA9785000022CF03310000"	"\Divisions\PD\Substation San Diego\138499 SCE Center 66kV Coord Stdy"
"000000009598E9A20E04F041B38518182890A2D50100A3DF33FCC9BD1644BD14FCA330AA97850000239D1E860000"	"\Divisions\PD\Substation San Diego\139008 CBM AB Melrose"
"000000009598E9A20E04F041B38518182890A2D50100A3DF33FCC9BD1644BD14FCA330AA978500002863FE110000"	"\Divisions\PD\Substation San Diego\141089 P'Corp Agate Bay Solar Collstn"
"000000009598E9A20E04F041B38518182890A2D50100A3DF33FCC9BD1644BD14FCA330AA978500002D7ADC530000"	"\Divisions\PD\Substation San Diego\142606 SDG&E PROJECT COORD-DRAWNG MGMT1"
"000000009598E9A20E04F041B38518182890A2D5010012225CC57BF01F4EA8CCA87A792FF35F00026A63990D0000"	"\Divisions\PD\Substation San Diego\152425 & 152426 Refugio Projects MLSE"
"000000009598E9A20E04F041B38518182890A2D5010012225CC57BF01F4EA8CCA87A792FF35F0004E1D47F4D0000"	"\Divisions\PD\Substation St. Louis\Substation Calendar"
"000000009598E9A20E04F041B38518182890A2D5010012225CC57BF01F4EA8CCA87A792FF35F00057CE5365F0000"	"\Divisions\PD\Veh. #375\truck\work truck"
"000000009598E9A20E04F041B38518182890A2D50100A3DF33FCC9BD1644BD14FCA330AA9785000017156BD40000"	"\Divisions\Telecom\CenturyLink\MN,ND,SD,IA,NE"
"000000009598E9A20E04F041B38518182890A2D501001953B16A689BCD4AA8FC82955DB27CB1000001EBE82D0000"	"\International\Ubungo\Internet Newsgroups"
"000000009598E9A20E04F041B38518182890A2D501001296C725372D7F4B86B758A22EA3141B000000635F230000"	"\zApplications"
"000000009598E9A20E04F041B38518182890A2D5010012225CC57BF01F4EA8CCA87A792FF35F000117D40FED0000"	"\zApplications\BOI Advanced Technology Lab\BOI Advanced Technology Lab"
"000000009598E9A20E04F041B38518182890A2D5010012225CC57BF01F4EA8CCA87A792FF35F00078C6033F10000"	"\zApplications\CDEGS Users\Calendar\CDEGS"
"000000009598E9A20E04F041B38518182890A2D501001296C725372D7F4B86B758A22EA3141B0000003E32D40000"	"\zApplications\ETAP Users\ETAP Calendar"
"000000009598E9A20E04F041B38518182890A2D5010012225CC57BF01F4EA8CCA87A792FF35F000490EC34520000"	"\zApplications\Polaris"
"000000009598E9A20E04F041B38518182890A2D5010012225CC57BF01F4EA8CCA87A792FF35F00067A9AF2140000"	"\zApplications\TM-OHL-0018-PTL"
