"EntryId"	"Identity"
"000000009598E9A20E04F041B38518182890A2D5010012225CC57BF01F4EA8CCA87A792FF35F0004C3BBD9E30000"	"\Divisions\ENV\Central Biology Dept"
"000000009598E9A20E04F041B38518182890A2D501006C95E27D1ACA634AA1AADC20796388DD000000E3E2230000"	"\Divisions\ENV\Environmental Anaheim\115245 BARREN RDG-EIR/EIS TA 01\EIS\Mitigation"
"000000009598E9A20E04F041B38518182890A2D501006C95E27D1ACA634AA1AADC20796388DD000000B45A6B0000"	"\Divisions\ENV\Environmental Anaheim\115245 BARREN RDG-EIR/EIS TA 01\EIS\ROD"
"000000009598E9A20E04F041B38518182890A2D501006C95E27D1ACA634AA1AADC20796388DD00000095A30B0000"	"\Divisions\ENV\Environmental Anaheim\115245 BARREN RDG-EIR/EIS TA 01\Public Involvement\Haskell Canyon"
"000000009598E9A20E04F041B38518182890A2D501006C95E27D1ACA634AA1AADC20796388DD000000A779380000"	"\Divisions\ENV\Environmental Anaheim\115245 BARREN RDG-EIR/EIS TA 01\Resources\Engineering"
"000000009598E9A20E04F041B38518182890A2D50100572FF007A7D6B64CA96E5CFE8E1CC1A40000001CC73F0000"	"\Divisions\ENV\Environmental Anaheim\117529-BRRTP Segment D Re-route habitat assessment"
"000000009598E9A20E04F041B38518182890A2D501006C95E27D1ACA634AA1AADC20796388DD000000E456390000"	"\Divisions\ENV\Environmental Anaheim\118242 HAIWEE GEOTHERMAL LEASING EIS\Management\Contract\Modification 002"
"000000009598E9A20E04F041B38518182890A2D501006C95E27D1ACA634AA1AADC20796388DD00000078C9190000"	"\Divisions\ENV\Environmental Anaheim\118242 HAIWEE GEOTHERMAL LEASING EIS\Scoping"
"000000009598E9A20E04F041B38518182890A2D50100572FF007A7D6B64CA96E5CFE8E1CC1A40000002F0E3C0000"	"\Divisions\ENV\Environmental Anaheim\119157 TA38 POWER PLANT 2 NRHP EVAL"
"000000009598E9A20E04F041B38518182890A2D50100572FF007A7D6B64CA96E5CFE8E1CC1A40000004FA8710000"	"\Divisions\ENV\Environmental Anaheim\121085 TA19 BRRTP AVIAN PROT PLAN"
"000000009598E9A20E04F041B38518182890A2D50100A3DF33FCC9BD1644BD14FCA330AA97850000175B53280000"	"\Divisions\ENV\Environmental Anaheim\122512 RRG MESA SOLAR CEQA CONSULTANT\Resources"
"000000009598E9A20E04F041B38518182890A2D50100A3DF33FCC9BD1644BD14FCA330AA978500001F04331E0000"	"\Divisions\ENV\Environmental Anaheim\124278 RRG BLYTHE II SOLAR PROJ EIR RRG BLYTHE II SOLAR PROJ EIR\Jensen emails\2013 Solar Feasibility"
"000000009598E9A20E04F041B38518182890A2D50100A3DF33FCC9BD1644BD14FCA330AA9785000016DC4B5A0000"	"\Divisions\ENV\Environmental Anaheim\125024 TA26 BRRTP FEIS/EIR TASKS\Management"
"000000009598E9A20E04F041B38518182890A2D50100A3DF33FCC9BD1644BD14FCA330AA978500000EBF214B0000"	"\Divisions\ENV\Environmental Anaheim\125818 TA11 URRSC - HIST ARCH SRVY"
"000000009598E9A20E04F041B38518182890A2D50100A3DF33FCC9BD1644BD14FCA330AA9785000017DDEC880000"	"\Divisions\ENV\Environmental Anaheim\128146 - TA23 PINE TREE AVIAN COUNTS"
"000000009598E9A20E04F041B38518182890A2D50100A3DF33FCC9BD1644BD14FCA330AA978500001C65B66A0000"	"\Divisions\ENV\Environmental Anaheim\130646 TA34 PROCESS HAZARD ANALYSIS"
"000000009598E9A20E04F041B38518182890A2D50100A3DF33FCC9BD1644BD14FCA330AA978500001C65B5F30000"	"\Divisions\ENV\Environmental Anaheim\131636 TA39 PROCESS HZRD ANALYSIS RVW"
"000000009598E9A20E04F041B38518182890A2D50100A3DF33FCC9BD1644BD14FCA330AA978500001F038A2A0000"	"\Divisions\ENV\Environmental Anaheim\1322231 TA43 CASTAIC CRK BIO SERVICES\TA 43 Castaic Creek"
"000000009598E9A20E04F041B38518182890A2D50100A3DF33FCC9BD1644BD14FCA330AA978500001F20B56C0000"	"\Divisions\ENV\Environmental Anaheim\135327 GEOSYNTEC BOB HOPE AIRPORT EXP"
"000000009598E9A20E04F041B38518182890A2D50100A3DF33FCC9BD1644BD14FCA330AA9785000021AD752B0000"	"\Divisions\ENV\Environmental Anaheim\137481 TA10 POWER360 IMPL/ENV MODULE"
"000000009598E9A20E04F041B38518182890A2D50100A3DF33FCC9BD1644BD14FCA330AA978500002D8606D50000"	"\Divisions\ENV\Environmental Anaheim\142972 BEAVER CREEK WIND FARM PH I"
"000000009598E9A20E04F041B38518182890A2D50100A3DF33FCC9BD1644BD14FCA330AA9785000019696FEB0000"	"\Divisions\ENV\Environmental Anaheim\BRRTP@powereng.com Email ONLY\Project Questions"
"000000009598E9A20E04F041B38518182890A2D501001953B16A689BCD4AA8FC82955DB27CB10000010B9E320000"	"\Divisions\ENV\Environmental Austin\123959 Sharyland Hereford-White Deer"
"000000009598E9A20E04F041B38518182890A2D50100A3DF33FCC9BD1644BD14FCA330AA9785000019E208C20000"	"\Divisions\ENV\Environmental Austin\129697_DME T Line & Substations"
"000000009598E9A20E04F041B38518182890A2D501001296C725372D7F4B86B758A22EA3141B0000000150390000"	"\Divisions\ENV\Environmental Boise"
"000000009598E9A20E04F041B38518182890A2D5010012225CC57BF01F4EA8CCA87A792FF35F00002F06B0C90000"	"\Divisions\ENV\Environmental Boise\114809 VANTAGE POMONA HTS SITING\FEIS\PRODUCTION"
"000000009598E9A20E04F041B38518182890A2D50100A3DF33FCC9BD1644BD14FCA330AA9785000023930B610000"	"\Divisions\ENV\Environmental Boise\114809 VANTAGE POMONA HTS SITING\Meetings\Sage-Grouse Subgroup"
"000000009598E9A20E04F041B38518182890A2D501001953B16A689BCD4AA8FC82955DB27CB1000000F73FAC0000"	"\Divisions\ENV\Environmental Boise\114809 VANTAGE POMONA HTS SITING\Sarah_emails\Vantage Pomona\Data_Received"
"000000009598E9A20E04F041B38518182890A2D50100A3DF33FCC9BD1644BD14FCA330AA978500001FA6CDA50000"	"\Divisions\ENV\Environmental Boise\114809 VANTAGE POMONA HTS SITING\SDEIS FINAL"
"000000009598E9A20E04F041B38518182890A2D501001953B16A689BCD4AA8FC82955DB27CB1000000F5ABA00000"	"\Divisions\ENV\Environmental Boise\115841 TransWestEnergy\Sarah_emails\TransWest\Flight_dates_imagery"
"000000009598E9A20E04F041B38518182890A2D501001953B16A689BCD4AA8FC82955DB27CB1000000F5ABA70000"	"\Divisions\ENV\Environmental Boise\115841 TransWestEnergy\Sarah_emails\TransWest\PDTR_2011_Maps"
"000000009598E9A20E04F041B38518182890A2D50100A3DF33FCC9BD1644BD14FCA330AA97850000222291150000"	"\Divisions\ENV\Environmental Boise\126566 HAMPTON N ROCHESTER"
"000000009598E9A20E04F041B38518182890A2D50100A3DF33FCC9BD1644BD14FCA330AA97850000258AF3160000"	"\Divisions\ENV\Environmental Boise\139831 SH-45 SNAKE RIVER BRIDGE W.F."
"000000009598E9A20E04F041B38518182890A2D5010012225CC57BF01F4EA8CCA87A792FF35F00005F59D5940000"	"\Divisions\ENV\Environmental Boise\144666 WEST OF DEVERS OE"
"000000009598E9A20E04F041B38518182890A2D501006C95E27D1ACA634AA1AADC20796388DD0000006B277A0000"	"\Divisions\ENV\Environmental Boise\Biology_Dept\101973 Biology\BDoering"
"000000009598E9A20E04F041B38518182890A2D501006C95E27D1ACA634AA1AADC20796388DD0000009D63A40000"	"\Divisions\ENV\Environmental Boise\Biology_Dept\101973 Biology\Lippincott"
"000000009598E9A20E04F041B38518182890A2D501001953B16A689BCD4AA8FC82955DB27CB10000015026910000"	"\Divisions\ENV\Environmental Boise\Biology_Dept\101973 Biology\SDoering"
"000000009598E9A20E04F041B38518182890A2D501006C95E27D1ACA634AA1AADC20796388DD0000008635880000"	"\Divisions\ENV\Environmental Boise\Biology_Dept\Lisa Barko"
"000000009598E9A20E04F041B38518182890A2D501006C95E27D1ACA634AA1AADC20796388DD0000007FDC5C0000"	"\Divisions\ENV\Environmental Boise\GSA Contracts\Geologica"
"000000009598E9A20E04F041B38518182890A2D50100A3DF33FCC9BD1644BD14FCA330AA978500001A3736D30000"	"\Divisions\ENV\Environmental Boise\Laptop upgrade\Costa Rica"
"000000009598E9A20E04F041B38518182890A2D50100A3DF33FCC9BD1644BD14FCA330AA978500001BCF53570000"	"\Divisions\ENV\Environmental Cincinnati\130748 THE PROCTOR & GAMBLE COMPANY - 2012-2013 WW SMPL-CETL-W CHSTR"
"000000009598E9A20E04F041B38518182890A2D50100A3DF33FCC9BD1644BD14FCA330AA978500001BCF2DE80000"	"\Divisions\ENV\Environmental Cincinnati\130793 METROPOLITAN SEWER DISTRICT - CSO 483 CINCINNATI, OH"
"000000009598E9A20E04F041B38518182890A2D50100A3DF33FCC9BD1644BD14FCA330AA978500001BD6609C0000"	"\Divisions\ENV\Environmental Cincinnati\130825 TRC - A-145 PIPELINE REPLACEMENT"
"000000009598E9A20E04F041B38518182890A2D50100A3DF33FCC9BD1644BD14FCA330AA978500001BD5D26C0000"	"\Divisions\ENV\Environmental Cincinnati\130859 KZF DESIGN INC - CINCINNATI CRP TECH SUPPORT"
"000000009598E9A20E04F041B38518182890A2D50100A3DF33FCC9BD1644BD14FCA330AA978500001BCF32450000"	"\Divisions\ENV\Environmental Cincinnati\130913 YSI INCORPORATED - YSI 2013 MONITORING WELLS"
"000000009598E9A20E04F041B38518182890A2D50100A3DF33FCC9BD1644BD14FCA330AA978500001BD26AD90000"	"\Divisions\ENV\Environmental Cincinnati\130993 SANOFI - SLLI 2K TON PILOT SCALE-PH 501"
"000000009598E9A20E04F041B38518182890A2D50100A3DF33FCC9BD1644BD14FCA330AA978500001BD21F7A0000"	"\Divisions\ENV\Environmental Cincinnati\131096 SANOFI - SLLI PM & MTGS - PHASE 15"
"000000009598E9A20E04F041B38518182890A2D50100A3DF33FCC9BD1644BD14FCA330AA978500001BD5D2460000"	"\Divisions\ENV\Environmental Cincinnati\131132 POWER ENGINEERS INC - GROVES-BEXLEY 138KV T-LINE"
"000000009598E9A20E04F041B38518182890A2D50100A3DF33FCC9BD1644BD14FCA330AA978500001BCF2D580000"	"\Divisions\ENV\Environmental Cincinnati\131250 GIVAUDAN ROURE FLAVORS CORP - 2013 IH MONITORING-CARTHAGE"
"000000009598E9A20E04F041B38518182890A2D50100A3DF33FCC9BD1644BD14FCA330AA978500001BD6611C0000"	"\Divisions\ENV\Environmental Cincinnati\131269 WD PARTNERS - INDIANA BAT COMPL-ATHENS"
"000000009598E9A20E04F041B38518182890A2D50100A3DF33FCC9BD1644BD14FCA330AA978500001BD273670000"	"\Divisions\ENV\Environmental Cincinnati\131534 THE DAIMLER GROUP INC - BRIDGEVIEW GC BAT SURVEY"
"000000009598E9A20E04F041B38518182890A2D50100A3DF33FCC9BD1644BD14FCA330AA978500001BD661800000"	"\Divisions\ENV\Environmental Cincinnati\131756 PARSONS ENGINEERING SCIENCE - IN BAT SURVEY-PETERS CARTRIDGE"
"000000009598E9A20E04F041B38518182890A2D50100A3DF33FCC9BD1644BD14FCA330AA978500001BCF2F180000"	"\Divisions\ENV\Environmental Cincinnati\131973 UNITED DAIRY FARMERS - GW AND VAPOR Q3"
"000000009598E9A20E04F041B38518182890A2D50100A3DF33FCC9BD1644BD14FCA330AA978500001BCF2F1C0000"	"\Divisions\ENV\Environmental Cincinnati\132345 BEVCORP LLC - PHASE I ESA GILES ROAD"
"000000009598E9A20E04F041B38518182890A2D50100A3DF33FCC9BD1644BD14FCA330AA978500001BBABA460000"	"\Divisions\ENV\Environmental Cincinnati\132665 JMA Consultants - Phase II ESA"
"000000009598E9A20E04F041B38518182890A2D50100A3DF33FCC9BD1644BD14FCA330AA978500001C0F92B40000"	"\Divisions\ENV\Environmental Cincinnati\132881 PERFORMANCE PIPE - 2013 KPDES SW SAMPLING"
"000000009598E9A20E04F041B38518182890A2D50100A3DF33FCC9BD1644BD14FCA330AA978500001C9D5C520000"	"\Divisions\ENV\Environmental Cincinnati\133177 UNITED DAIRY FARMERS-KEMPER PILOT TEST-BOSS 100"
"000000009598E9A20E04F041B38518182890A2D50100A3DF33FCC9BD1644BD14FCA330AA978500001D2FFDC60000"	"\Divisions\ENV\Environmental Cincinnati\133523 UNITED DAIRY FARMERS-UDF 631 TIER 1 SOURCE"
"000000009598E9A20E04F041B38518182890A2D50100A3DF33FCC9BD1644BD14FCA330AA978500001D773A420000"	"\Divisions\ENV\Environmental Cincinnati\133690 MILACRON INC-MILACRON 2014 SPILL PLAN"
"000000009598E9A20E04F041B38518182890A2D50100A3DF33FCC9BD1644BD14FCA330AA978500001D8489710000"	"\Divisions\ENV\Environmental Cincinnati\133882 OHIO DEPT OF TRANSPORTATION-ODOT ENV SCREEN-MULT BRIDGE"
"000000009598E9A20E04F041B38518182890A2D50100A3DF33FCC9BD1644BD14FCA330AA978500001DD0B1AE0000"	"\Divisions\ENV\Environmental Cincinnati\134377 GENERAL ELECTRIC COMPANY-BRENDAMOUR BLDG PRE-RENO SRVY"
"000000009598E9A20E04F041B38518182890A2D50100A3DF33FCC9BD1644BD14FCA330AA978500001DE4316E0000"	"\Divisions\ENV\Environmental Cincinnati\134769 UNITED DAIRY FARMERS-PH ll ESA BULK PLANT LEBANON"
"000000009598E9A20E04F041B38518182890A2D50100A3DF33FCC9BD1644BD14FCA330AA978500001E45C9440000"	"\Divisions\ENV\Environmental Cincinnati\135011 WILLIAMS-MBTA EFFECTS ASSESS TOOL"
"000000009598E9A20E04F041B38518182890A2D50100A3DF33FCC9BD1644BD14FCA330AA978500001EB66FA80000"	"\Divisions\ENV\Environmental Cincinnati\135326 THE PROCTER & GAMBLE COMPANY-WW SAMPLING-BRTC"
"000000009598E9A20E04F041B38518182890A2D50100A3DF33FCC9BD1644BD14FCA330AA978500001F03F7A20000"	"\Divisions\ENV\Environmental Cincinnati\135665 SANOFI-SLLI PH 204 OU1A & OU1H"
"000000009598E9A20E04F041B38518182890A2D50100A3DF33FCC9BD1644BD14FCA330AA978500001F709F710000"	"\Divisions\ENV\Environmental Cincinnati\135988 GIVAUDAN FLAVORS CORP-2014 IH EXPOSURE-CARTHAGE"
"000000009598E9A20E04F041B38518182890A2D50100A3DF33FCC9BD1644BD14FCA330AA978500001FA94E1F0000"	"\Divisions\ENV\Environmental Cincinnati\136171 AK STEEL CORPORATION-FACIL RESP PLAN-MIDDLETWN WRKS"
"000000009598E9A20E04F041B38518182890A2D50100A3DF33FCC9BD1644BD14FCA330AA97850000201CF9E90000"	"\Divisions\ENV\Environmental Cincinnati\136436 MIAMI UNIVERSITY-PHASE I ESA MIAMI UNIV"
"000000009598E9A20E04F041B38518182890A2D50100A3DF33FCC9BD1644BD14FCA330AA9785000020D56FEA0000"	"\Divisions\ENV\Environmental Cincinnati\136903 EXCELLO FABRIC FINISHERS INC-EXCELLO - 2014 ADD'L DELIN"
"000000009598E9A20E04F041B38518182890A2D50100A3DF33FCC9BD1644BD14FCA330AA9785000021AE6B530000"	"\Divisions\ENV\Environmental Cincinnati\137471 MARATHON PETROLEUM CORPORATION -CORNERSTONE PIPELINE 2015"
"000000009598E9A20E04F041B38518182890A2D50100A3DF33FCC9BD1644BD14FCA330AA9785000021DA14680000"	"\Divisions\ENV\Environmental Cincinnati\137706 ALCOA INC-LAKE CHARLES IND CHANNEL"
"000000009598E9A20E04F041B38518182890A2D50100A3DF33FCC9BD1644BD14FCA330AA9785000022637C2C0000"	"\Divisions\ENV\Environmental Cincinnati\138096 CDS ASSOCIATES INC-PCN CULVERT REPLACE"
"000000009598E9A20E04F041B38518182890A2D50100A3DF33FCC9BD1644BD14FCA330AA9785000022A97E420000"	"\Divisions\ENV\Environmental Cincinnati\138488 UNITED DAIRY FARMERS-UDF 224 DAYTON PIPE CLOSURE"
"000000009598E9A20E04F041B38518182890A2D50100A3DF33FCC9BD1644BD14FCA330AA97850000238187740000"	"\Divisions\ENV\Environmental Cincinnati\138911 UNITED DAIRY FARMERS-UDF FILE REVIEW - BEECHMONT"
"000000009598E9A20E04F041B38518182890A2D50100A3DF33FCC9BD1644BD14FCA330AA9785000023FEEA7B0000"	"\Divisions\ENV\Environmental Cincinnati\139194 SANOFI-SLLI PH 702 PHOS INV/DATA ACQ"
"000000009598E9A20E04F041B38518182890A2D50100A3DF33FCC9BD1644BD14FCA330AA97850000269E2FAC0000"	"\Divisions\ENV\Environmental Cincinnati\140419 AMERICAN MUNICIPAL POWER-HAMILTON PEAKING PLANT"
"000000009598E9A20E04F041B38518182890A2D50100A3DF33FCC9BD1644BD14FCA330AA97850000201DE7B90000"	"\Divisions\ENV\Environmental Cincinnati\Telecom\Calendar Holidays"
"000000009598E9A20E04F041B38518182890A2D50100572FF007A7D6B64CA96E5CFE8E1CC1A4000000395FC50000"	"\Divisions\ENV\Environmental Freeport"
"000000009598E9A20E04F041B38518182890A2D50100A3DF33FCC9BD1644BD14FCA330AA97850000170CDDB60000"	"\Divisions\ENV\Environmental Freeport\126725 B&G FOODS NA-COMPL & PERMIT SVCS"
"000000009598E9A20E04F041B38518182890A2D50100A3DF33FCC9BD1644BD14FCA330AA9785000021C58B210000"	"\Divisions\ENV\Environmental Freeport\137575 RENOVO ENERGY-QUAL SERVICE"
"000000009598E9A20E04F041B38518182890A2D5010012225CC57BF01F4EA8CCA87A792FF35F00018A37DFD60000"	"\Divisions\ENV\Environmental Freeport\151406_AEP-ENV_HARTFRD_CITY-JAY"
"000000009598E9A20E04F041B38518182890A2D50100A3DF33FCC9BD1644BD14FCA330AA978500001DBAB88C0000"	"\Divisions\ENV\Environmental Freeport\CLOSED PROJECTS\127452 SMITHS-STS ICP 144 LEXINGTON"
"000000009598E9A20E04F041B38518182890A2D50100A3DF33FCC9BD1644BD14FCA330AA978500001DD174DF0000"	"\Divisions\ENV\Environmental Freeport\CLOSED PROJECTS\131998 IRVING OIL"
"000000009598E9A20E04F041B38518182890A2D50100A3DF33FCC9BD1644BD14FCA330AA978500002270220C0000"	"\Divisions\ENV\Environmental Freeport\CLOSED PROJECTS\134689 BIGELOW CLOSURE PHASE II"
"000000009598E9A20E04F041B38518182890A2D5010012225CC57BF01F4EA8CCA87A792FF35F000005747FC50000"	"\Divisions\ENV\Environmental Freeport\CLOSED PROJECTS\137965 PRH-EMISSIONS BASED FEE1"
"000000009598E9A20E04F041B38518182890A2D50100A3DF33FCC9BD1644BD14FCA330AA9785000023FCF94B0000"	"\Divisions\ENV\Environmental Freeport\CLOSED PROJECTS\139190 HUGGINS HOSPITAL-COMPLIANCE ASSIST FOR GSP"
"000000009598E9A20E04F041B38518182890A2D5010012225CC57BF01F4EA8CCA87A792FF35F00002BF9AC760000"	"\Divisions\ENV\Environmental Freeport\CLOSED PROJECTS\141110 SMHC TIER 2 CY2015"
"000000009598E9A20E04F041B38518182890A2D5010012225CC57BF01F4EA8CCA87A792FF35F00001ACFFD8D0000"	"\Divisions\ENV\Environmental Freeport\CLOSED PROJECTS\143692 FNST BRISTOL AUDIT/TOXICS 2016"
"000000009598E9A20E04F041B38518182890A2D5010012225CC57BF01F4EA8CCA87A792FF35F000097721E1F0000"	"\Divisions\ENV\Environmental Freeport\CLOSED PROJECTS\145665 UNH-AMMONIA EAP UPDATE"
"000000009598E9A20E04F041B38518182890A2D5010012225CC57BF01F4EA8CCA87A792FF35F00012173087A0000"	"\Divisions\ENV\Environmental Freeport\CLOSED PROJECTS\148842 FNST-BRISTOL EMISSIONS TEST"
"000000009598E9A20E04F041B38518182890A2D5010012225CC57BF01F4EA8CCA87A792FF35F00016CBD18A40000"	"\Divisions\ENV\Environmental Freeport\CLOSED PROJECTS\150585 SMHC-TIER 2 CY2017"
"000000009598E9A20E04F041B38518182890A2D5010012225CC57BF01F4EA8CCA87A792FF35F0003525FFDE30000"	"\Divisions\ENV\Environmental Freeport\CLOSED PROJECTS\153207_UMAINE FY19 PART 70 LICENSING"
"000000009598E9A20E04F041B38518182890A2D501001296C725372D7F4B86B758A22EA3141B0000007F1CE60000"	"\Divisions\ENV\Environmental Hailey\113733 - TrAILCo"
"000000009598E9A20E04F041B38518182890A2D50100572FF007A7D6B64CA96E5CFE8E1CC1A400000010C1590000"	"\Divisions\ENV\Environmental Hailey\115697 - FW Desert Sage"
"000000009598E9A20E04F041B38518182890A2D50100572FF007A7D6B64CA96E5CFE8E1CC1A40000004813120000"	"\Divisions\ENV\Environmental Hailey\117390 - BHP Teckla - Osage - Rapid City 230kV"
"000000009598E9A20E04F041B38518182890A2D50100A3DF33FCC9BD1644BD14FCA330AA978500001F1A057F0000"	"\Divisions\ENV\Environmental Hailey\118092 - Jackrabbit\Camera_Ready_DEIS"
"000000009598E9A20E04F041B38518182890A2D50100572FF007A7D6B64CA96E5CFE8E1CC1A400000059577D0000"	"\Divisions\ENV\Environmental Hailey\120425 - Clean Line"
"000000009598E9A20E04F041B38518182890A2D50100A3DF33FCC9BD1644BD14FCA330AA978500000EAC21160000"	"\Divisions\ENV\Environmental Hailey\124186_EGS\EGW data acquisition"
"000000009598E9A20E04F041B38518182890A2D501001953B16A689BCD4AA8FC82955DB27CB1000001E696B90000"	"\Divisions\ENV\Environmental Hailey\124186_EGS\Kirsten\GeoTech"
"000000009598E9A20E04F041B38518182890A2D501001953B16A689BCD4AA8FC82955DB27CB1000001B4D16F0000"	"\Divisions\ENV\Environmental Hailey\124186_EGS\Pennwell Data"
"000000009598E9A20E04F041B38518182890A2D50100A3DF33FCC9BD1644BD14FCA330AA9785000017756DDA0000"	"\Divisions\ENV\Environmental Hailey\124186_EGS\PPM\Sharepoint, DORY, Doc Uploads\Document Uploads"
"000000009598E9A20E04F041B38518182890A2D50100A3DF33FCC9BD1644BD14FCA330AA978500000EABD7400000"	"\Divisions\ENV\Environmental Hailey\124186_EGS\Sage-Grouse Issues"
"000000009598E9A20E04F041B38518182890A2D50100A3DF33FCC9BD1644BD14FCA330AA978500001F1AA7040000"	"\Divisions\ENV\Environmental Hailey\126564 - Bagby-Reed\Data"
"000000009598E9A20E04F041B38518182890A2D50100A3DF33FCC9BD1644BD14FCA330AA978500001BE6D0480000"	"\Divisions\ENV\Environmental Hailey\128143 - R-Project (NPPD)\Comments"
"000000009598E9A20E04F041B38518182890A2D50100A3DF33FCC9BD1644BD14FCA330AA9785000018052DA60000"	"\Divisions\ENV\Environmental Hailey\128341 - RPU SPCC PLAN"
"000000009598E9A20E04F041B38518182890A2D50100A3DF33FCC9BD1644BD14FCA330AA97850000212F450F0000"	"\Divisions\ENV\Environmental Hailey\136919"
"000000009598E9A20E04F041B38518182890A2D50100E34BFE500669CD49AC2E27C6C54DE39D0000001D3C800000"	"\Divisions\ENV\Environmental Houston\00_PROPOSALS\Schneider"
"000000009598E9A20E04F041B38518182890A2D50100A3DF33FCC9BD1644BD14FCA330AA9785000015E335070000"	"\Divisions\ENV\Environmental Houston\126003_SHEC_Avian_Protection_Plan"
"000000009598E9A20E04F041B38518182890A2D50100A3DF33FCC9BD1644BD14FCA330AA978500001BD1E1330000"	"\Divisions\ENV\Environmental Knoxville\130899 MARATHON PETROLEUM COMPANY LP - CENTENNIAL PIPELINE"
"000000009598E9A20E04F041B38518182890A2D50100A3DF33FCC9BD1644BD14FCA330AA978500001BA138F00000"	"\Divisions\ENV\Environmental Knoxville\Truck 278KnoxvilleWhite Silverado"
"000000009598E9A20E04F041B38518182890A2D50100A3DF33FCC9BD1644BD14FCA330AA9785000019405ED50000"	"\Divisions\ENV\Environmental Phoenix\122735_Qwest_N Como Rd Arch Survey\122655 Qwest_18th St & Russell Arch"
"000000009598E9A20E04F041B38518182890A2D50100A3DF33FCC9BD1644BD14FCA330AA978500001B852A820000"	"\Divisions\ENV\Environmental Phoenix\124251 CL Fttn 1213Q3L Catalina Hwy\124316 TEP_Kolb Snyder Cult Res Sur"
"000000009598E9A20E04F041B38518182890A2D50100A3DF33FCC9BD1644BD14FCA330AA97850000177B63220000"	"\Divisions\ENV\Environmental Phoenix\127834_Bosque Eng_CMID CANAL-PSTVL RD ARCH "
"000000009598E9A20E04F041B38518182890A2D50100A3DF33FCC9BD1644BD14FCA330AA9785000019AF4A3F0000"	"\Divisions\ENV\Environmental Phoenix\130300 CL_E.375521 N ThorntonRd"
"000000009598E9A20E04F041B38518182890A2D50100A3DF33FCC9BD1644BD14FCA330AA978500001CC5D46A0000"	"\Divisions\ENV\Environmental Phoenix\133294 TEP_SPNSH TRL CLTRL RES"
"000000009598E9A20E04F041B38518182890A2D501006C95E27D1ACA634AA1AADC20796388DD0000006C1CE90000"	"\Divisions\ENV\Public Outreach and Communication\_DMS Upload"
"000000009598E9A20E04F041B38518182890A2D501006C95E27D1ACA634AA1AADC20796388DD00000055E8E80000"	"\Divisions\ENV\Public Outreach and Communication\115433  Whiskeytown"
"000000009598E9A20E04F041B38518182890A2D501006C95E27D1ACA634AA1AADC20796388DD000000A40E7E0000"	"\Divisions\ENV\Public Outreach and Communication\118148  Mt Shasta Site Assessment"
"000000009598E9A20E04F041B38518182890A2D501006C95E27D1ACA634AA1AADC20796388DD000000C573E90000"	"\Divisions\ENV\Public Outreach and Communication\120966 Paterson Gr Falls Site"
"000000009598E9A20E04F041B38518182890A2D501006C95E27D1ACA634AA1AADC20796388DD000000EBD0480000"	"\Divisions\ENV\Public Outreach and Communication\122174 Prineville"
"000000009598E9A20E04F041B38518182890A2D501001953B16A689BCD4AA8FC82955DB27CB100000133445B0000"	"\Divisions\ENV\Public Outreach and Communication\124100 Nat'l Pk Svcs_Roosevelt Natl Hist Site"
"000000009598E9A20E04F041B38518182890A2D50100A3DF33FCC9BD1644BD14FCA330AA978500000E6E37A80000"	"\Divisions\ENV\Public Outreach and Communication\125194 PEPCO_GlasgowSimulations"
"000000009598E9A20E04F041B38518182890A2D50100A3DF33FCC9BD1644BD14FCA330AA9785000025B5DBD90000"	"\Divisions\ENV\Public Outreach and Communication\126989 Sunnyside Stanley Court"
"000000009598E9A20E04F041B38518182890A2D50100A3DF33FCC9BD1644BD14FCA330AA97850000177CDC4D0000"	"\Divisions\ENV\Public Outreach and Communication\127837 Soitec Solar_Desert Green Glare Ana"
"000000009598E9A20E04F041B38518182890A2D50100A3DF33FCC9BD1644BD14FCA330AA9785000018E145B60000"	"\Divisions\ENV\Public Outreach and Communication\129160 PEPCO Church to Wye Mills"
"000000009598E9A20E04F041B38518182890A2D50100A3DF33FCC9BD1644BD14FCA330AA978500001AB3AABA0000"	"\Divisions\ENV\Public Outreach and Communication\131273 AEP Application"
"000000009598E9A20E04F041B38518182890A2D50100A3DF33FCC9BD1644BD14FCA330AA978500001B7DD2BB0000"	"\Divisions\ENV\Public Outreach and Communication\132495 SDGE - SouthBay Photo Sims"
"000000009598E9A20E04F041B38518182890A2D50100A3DF33FCC9BD1644BD14FCA330AA978500001DC6E94B0000"	"\Divisions\ENV\Public Outreach and Communication\134255 Hemet Solar Study"
"000000009598E9A20E04F041B38518182890A2D50100F3BCE3A574023B4482F2E427B5A3121800004D8DF9920000"	"\Divisions\ENV\Public Outreach and Communication\135465 Pepco North Salisbury to Worcester"
"000000009598E9A20E04F041B38518182890A2D50100A3DF33FCC9BD1644BD14FCA330AA97850000249A08430000"	"\Divisions\ENV\Public Outreach and Communication\136412 Lassen TLine Simulations"
"000000009598E9A20E04F041B38518182890A2D50100A3DF33FCC9BD1644BD14FCA330AA9785000025956F4C0000"	"\Divisions\ENV\Public Outreach and Communication\138698 Maine REI"
"000000009598E9A20E04F041B38518182890A2D50100A3DF33FCC9BD1644BD14FCA330AA97850000257BC4830000"	"\Divisions\ENV\Public Outreach and Communication\139803 CMP Lakes Region Substation"
"000000009598E9A20E04F041B38518182890A2D50100A3DF33FCC9BD1644BD14FCA330AA9785000027D565F80000"	"\Divisions\ENV\Public Outreach and Communication\140845 TECO Interbay"
"000000009598E9A20E04F041B38518182890A2D50100A3DF33FCC9BD1644BD14FCA330AA978500002BA1C0A20000"	"\Divisions\ENV\Public Outreach and Communication\142624 Duke - Eustis Photo Simulations"
"000000009598E9A20E04F041B38518182890A2D5010012225CC57BF01F4EA8CCA87A792FF35F000027EE5AD60000"	"\Divisions\ENV\Public Outreach and Communication\143856 SDGE Ocotillo Simsdd"
"000000009598E9A20E04F041B38518182890A2D5010012225CC57BF01F4EA8CCA87A792FF35F000071646BAB0000"	"\Divisions\ENV\Public Outreach and Communication\144858 TransCanada Video"
"000000009598E9A20E04F041B38518182890A2D5010012225CC57BF01F4EA8CCA87A792FF35F0000C30432830000"	"\Divisions\ENV\Public Outreach and Communication\146559 Duke - Lake Talquin Sims"
"000000009598E9A20E04F041B38518182890A2D50100A3DF33FCC9BD1644BD14FCA330AA978500001D927F090000"	"\Divisions\ENV\Public Outreach and Communication\2013_IEEE"
"000000009598E9A20E04F041B38518182890A2D501006C95E27D1ACA634AA1AADC20796388DD000000CE81D50000"	"\Divisions\ENV\Public Outreach and Communication\ftp"
"000000009598E9A20E04F041B38518182890A2D50100A3DF33FCC9BD1644BD14FCA330AA978500000E8255200000"	"\Divisions\ENV\Public Outreach and Communication\Software"
"000000009598E9A20E04F041B38518182890A2D50100A3DF33FCC9BD1644BD14FCA330AA97850000262347760000"	"\Divisions\Facilities \Clients"
"000000009598E9A20E04F041B38518182890A2D5010012225CC57BF01F4EA8CCA87A792FF35F0006076BEFC60000"	"\Divisions\Generation\CAE PTO\CAE PTO"
"000000009598E9A20E04F041B38518182890A2D50100A3DF33FCC9BD1644BD14FCA330AA97850000213656220000"	"\Divisions\Industrial\Civil/Structural"
"000000009598E9A20E04F041B38518182890A2D501006C95E27D1ACA634AA1AADC20796388DD00000019A9050000"	"\Divisions\Industrial\Food Processing\Plover Calendar"
"000000009598E9A20E04F041B38518182890A2D501001296C725372D7F4B86B758A22EA3141B000000550BB10000"	"\Divisions\Industrial\Generation\ATL Electrical Controls"
"000000009598E9A20E04F041B38518182890A2D501006C95E27D1ACA634AA1AADC20796388DD00000016DDD90000"	"\Divisions\Industrial\Mechanical\Mechanical OOF"
"000000009598E9A20E04F041B38518182890A2D50100A3DF33FCC9BD1644BD14FCA330AA978500001E69D0340000"	"\Divisions\Operations\Administration\DONT USE Salmon Traing Room"
"000000009598E9A20E04F041B38518182890A2D50100572FF007A7D6B64CA96E5CFE8E1CC1A40000005B43C20000"	"\Divisions\Operations\Finance\Taxes\AK\Kenai"
"000000009598E9A20E04F041B38518182890A2D501001296C725372D7F4B86B758A22EA3141B000000550B560000"	"\Divisions\Operations\Finance\Taxes\AZ\Closed\112046"
"000000009598E9A20E04F041B38518182890A2D50100572FF007A7D6B64CA96E5CFE8E1CC1A40000003CDAE20000"	"\Divisions\Operations\Finance\Taxes\AZ\Sulphur Springs\116954-55"
"000000009598E9A20E04F041B38518182890A2D501001296C725372D7F4B86B758A22EA3141B000000833E2E0000"	"\Divisions\Operations\Finance\Taxes\CA\PTE E-Filing Info"
"000000009598E9A20E04F041B38518182890A2D50100572FF007A7D6B64CA96E5CFE8E1CC1A400000058784E0000"	"\Divisions\Operations\Finance\Taxes\CANADA\Manitoba \Simplot"
"000000009598E9A20E04F041B38518182890A2D50100572FF007A7D6B64CA96E5CFE8E1CC1A40000001292380000"	"\Divisions\Operations\Finance\Taxes\CO\Corp Taxes"
"000000009598E9A20E04F041B38518182890A2D501001296C725372D7F4B86B758A22EA3141B0000007234940000"	"\Divisions\Operations\Finance\Taxes\GUAM"
"000000009598E9A20E04F041B38518182890A2D50100572FF007A7D6B64CA96E5CFE8E1CC1A40000002983E50000"	"\Divisions\Operations\Finance\Taxes\IN"
"000000009598E9A20E04F041B38518182890A2D501001296C725372D7F4B86B758A22EA3141B0000007660EF0000"	"\Divisions\Operations\Finance\Taxes\NJ"
"000000009598E9A20E04F041B38518182890A2D501001296C725372D7F4B86B758A22EA3141B0000008224A60000"	"\Divisions\Operations\Finance\Taxes\NM\PCI Projects"
"000000009598E9A20E04F041B38518182890A2D50100572FF007A7D6B64CA96E5CFE8E1CC1A40000001BBDC50000"	"\Divisions\Operations\Finance\Taxes\Puerto Rico"
"000000009598E9A20E04F041B38518182890A2D50100CB7D9B6512D7374A860FE542D5770392000001184FC80000"	"\Divisions\Operations\Finance\Taxes\TAX ALERT - PROJECTS\CANADA"
"000000009598E9A20E04F041B38518182890A2D501001296C725372D7F4B86B758A22EA3141B000000611C780000"	"\Divisions\Operations\Finance\Taxes\TX\CPE"
"000000009598E9A20E04F041B38518182890A2D501001296C725372D7F4B86B758A22EA3141B0000005D20480000"	"\Divisions\Operations\Finance\Taxes\WA\PTE-11117"
"000000009598E9A20E04F041B38518182890A2D501006C95E27D1ACA634AA1AADC20796388DD00000016B8C80000"	"\Divisions\Operations\HR"
"000000009598E9A20E04F041B38518182890A2D501006C95E27D1ACA634AA1AADC20796388DD0000008484CB0000"	"\Divisions\Operations\Information Technology\Forms"
"000000009598E9A20E04F041B38518182890A2D501001296C725372D7F4B86B758A22EA3141B000000004A980000"	"\Divisions\Operations\Information Technology\Networking\Documents"
"000000009598E9A20E04F041B38518182890A2D50100A3DF33FCC9BD1644BD14FCA330AA978500001D14865B0000"	"\Divisions\Operations\Legal\Legal\Insurance Department"
"000000009598E9A20E04F041B38518182890A2D50100A3DF33FCC9BD1644BD14FCA330AA9785000016F5F6B80000"	"\Divisions\Operations\Office Build-Out Projects Folder\Projects\2012LAX01EXP\Drawings"
"000000009598E9A20E04F041B38518182890A2D50100A3DF33FCC9BD1644BD14FCA330AA9785000016F5F87E0000"	"\Divisions\Operations\Office Build-Out Projects Folder\Projects\2012PTL01EXP\Quotes"
"000000009598E9A20E04F041B38518182890A2D50100A3DF33FCC9BD1644BD14FCA330AA9785000016F5F7BF0000"	"\Divisions\Operations\Office Build-Out Projects Folder\Projects\2012TMP01NEW\Drawings"
"000000009598E9A20E04F041B38518182890A2D5010012225CC57BF01F4EA8CCA87A792FF35F00017CDD53440000"	"\Divisions\PD\144969 Xcel 6964 FT GARLAND TERM"
"000000009598E9A20E04F041B38518182890A2D5010012225CC57BF01F4EA8CCA87A792FF35F000519F25F5D0000"	"\Divisions\PD\Boston\Vehicle630"
"000000009598E9A20E04F041B38518182890A2D5010012225CC57BF01F4EA8CCA87A792FF35F0001FB034B9B0000"	"\Divisions\PD\Distribution Services\Dept. 331"
"000000009598E9A20E04F041B38518182890A2D50100A3DF33FCC9BD1644BD14FCA330AA978500001FEDB99A0000"	"\Divisions\PD\Distribution Services\Distribution Design Services\00_DMS Upload\Zach"
"000000009598E9A20E04F041B38518182890A2D50100F3BCE3A574023B4482F2E427B5A3121800004D8A5D860000"	"\Divisions\PD\Distribution Services\Distribution Design Services\136777 Sandersville #7 Padmount"
"000000009598E9A20E04F041B38518182890A2D50100A3DF33FCC9BD1644BD14FCA330AA978500002686936A0000"	"\Divisions\PD\Distribution Services\Distribution Design Services\140123 - Preco Dist Auto Upgrade Study"
"000000009598E9A20E04F041B38518182890A2D50100A3DF33FCC9BD1644BD14FCA330AA978500002C0997190000"	"\Divisions\PD\Distribution Services\Distribution Design Services\142772 - OFF-SITE Cleburne Station"
"000000009598E9A20E04F041B38518182890A2D5010012225CC57BF01F4EA8CCA87A792FF35F00004331C9A10000"	"\Divisions\PD\Distribution Services\Distribution Design Services\144313 - 2017MMCK04CON FRISCO SUB"
"000000009598E9A20E04F041B38518182890A2D5010012225CC57BF01F4EA8CCA87A792FF35F0000A32D97200000"	"\Divisions\PD\Distribution Services\Distribution Design Services\145994 - GC-JOINT USE REVIEW"
"000000009598E9A20E04F041B38518182890A2D5010012225CC57BF01F4EA8CCA87A792FF35F0000C512A5580000"	"\Divisions\PD\Distribution Services\Distribution Design Services\146529 - SRP T2159819-CAB UE PCR APACHE"
"000000009598E9A20E04F041B38518182890A2D5010012225CC57BF01F4EA8CCA87A792FF35F0000ED289A4F0000"	"\Divisions\PD\Distribution Services\Distribution Design Services\147506 - FWS-CHAPEL CREEK W CROSS"
"000000009598E9A20E04F041B38518182890A2D5010012225CC57BF01F4EA8CCA87A792FF35F0000FC6D03CE0000"	"\Divisions\PD\Distribution Services\Distribution Design Services\147648 - WIXOM 8905 1 of 2"
"000000009598E9A20E04F041B38518182890A2D5010012225CC57BF01F4EA8CCA87A792FF35F000101F10BAA0000"	"\Divisions\PD\Distribution Services\Distribution Design Services\148037 - SCE Big Rock Corrigan Settings"
"000000009598E9A20E04F041B38518182890A2D50100A3DF33FCC9BD1644BD14FCA330AA978500001933CEA70000"	"\Divisions\PD\Distribution Services\Distribution Services Project Engineering"
"000000009598E9A20E04F041B38518182890A2D50100E34BFE500669CD49AC2E27C6C54DE39D0000002687F50000"	"\Divisions\PD\Distribution Services\Substation Benbrook\117725_WCEC Gen Engr"
"000000009598E9A20E04F041B38518182890A2D50100E34BFE500669CD49AC2E27C6C54DE39D0000002687880000"	"\Divisions\PD\Distribution Services\Substation Benbrook\117750_Lake Hawkins Sw Sta"
"000000009598E9A20E04F041B38518182890A2D50100E34BFE500669CD49AC2E27C6C54DE39D00000026878A0000"	"\Divisions\PD\Distribution Services\Substation Benbrook\117813_Shady Grove Sub"
"000000009598E9A20E04F041B38518182890A2D50100E34BFE500669CD49AC2E27C6C54DE39D00000026884E0000"	"\Divisions\PD\Distribution Services\Substation Benbrook\117843_Tex-La AEP"
"000000009598E9A20E04F041B38518182890A2D50100E34BFE500669CD49AC2E27C6C54DE39D00000027C7140000"	"\Divisions\PD\Distribution Services\Substation Benbrook\117881_SRG&T Gen Engr"
"000000009598E9A20E04F041B38518182890A2D50100A3DF33FCC9BD1644BD14FCA330AA97850000173BBE580000"	"\Divisions\PD\Distribution Services\Substation Benbrook\117909_BCEC Anderson Ck\BMP"
"000000009598E9A20E04F041B38518182890A2D50100E34BFE500669CD49AC2E27C6C54DE39D0000002687D50000"	"\Divisions\PD\Distribution Services\Substation Benbrook\117950_WCEC Transcanada P37"
"000000009598E9A20E04F041B38518182890A2D50100E34BFE500669CD49AC2E27C6C54DE39D00000027C7160000"	"\Divisions\PD\Distribution Services\Substation Benbrook\118055_Reg/Step Trans Foundation"
"000000009598E9A20E04F041B38518182890A2D50100A3DF33FCC9BD1644BD14FCA330AA97850000173BBE6C0000"	"\Divisions\PD\Distribution Services\Substation Benbrook\119581_Tex-La_Trans Study\BMP"
"000000009598E9A20E04F041B38518182890A2D50100E34BFE500669CD49AC2E27C6C54DE39D0000003B82710000"	"\Divisions\PD\Distribution Services\Substation Benbrook\121855_HCEC_WP"
"000000009598E9A20E04F041B38518182890A2D50100E34BFE500669CD49AC2E27C6C54DE39D00000043100E0000"	"\Divisions\PD\Distribution Services\Substation Benbrook\123057_DETEC_Timpson"
"000000009598E9A20E04F041B38518182890A2D50100A3DF33FCC9BD1644BD14FCA330AA97850000212F89460000"	"\Divisions\PD\Distribution Services\Substation Benbrook\123704a"
"000000009598E9A20E04F041B38518182890A2D50100A3DF33FCC9BD1644BD14FCA330AA978500001663AC8A0000"	"\Divisions\PD\Distribution Services\Substation Benbrook\126298_WCEC_PS37"
"000000009598E9A20E04F041B38518182890A2D50100A3DF33FCC9BD1644BD14FCA330AA9785000022518A890000"	"\Divisions\PD\Distribution Services\Substation Benbrook\129008_HCEC_Pleasant Spr\SRM"
"000000009598E9A20E04F041B38518182890A2D50100A3DF33FCC9BD1644BD14FCA330AA978500001A30A5AE0000"	"\Divisions\PD\Distribution Services\Substation Benbrook\130809_Wheatland_WO"
"000000009598E9A20E04F041B38518182890A2D50100A3DF33FCC9BD1644BD14FCA330AA978500001B5AF5300000"	"\Divisions\PD\Distribution Services\Substation Benbrook\132178_SHECO_Batiste Ck Addn"
"000000009598E9A20E04F041B38518182890A2D50100A3DF33FCC9BD1644BD14FCA330AA978500001D6DC7AB0000"	"\Divisions\PD\Distribution Services\Substation Benbrook\133752_RCEC_Sand Hill TL Tap"
"000000009598E9A20E04F041B38518182890A2D50100A3DF33FCC9BD1644BD14FCA330AA97850000230FB89D0000"	"\Divisions\PD\Distribution Services\Substation Benbrook\135717\SRM"
"000000009598E9A20E04F041B38518182890A2D50100A3DF33FCC9BD1644BD14FCA330AA9785000027DA21E40000"	"\Divisions\PD\Distribution Services\Substation Benbrook\137332"
"000000009598E9A20E04F041B38518182890A2D50100A3DF33FCC9BD1644BD14FCA330AA9785000028B1EF180000"	"\Divisions\PD\Distribution Services\Substation Benbrook\140051"
"000000009598E9A20E04F041B38518182890A2D5010012225CC57BF01F4EA8CCA87A792FF35F0000E19463F40000"	"\Divisions\PD\Distribution Services\Substation Benbrook\142014_OXY_No Hubbs Dist Work"
"000000009598E9A20E04F041B38518182890A2D5010012225CC57BF01F4EA8CCA87A792FF35F00007754B83E0000"	"\Divisions\PD\Distribution Services\Substation Benbrook\144956_ ETEC_Oper Comm - Entergy"
"000000009598E9A20E04F041B38518182890A2D5010012225CC57BF01F4EA8CCA87A792FF35F0000B677F3190000"	"\Divisions\PD\Distribution Services\Substation Benbrook\146292_TEC_2017 SPCC Plan"
"000000009598E9A20E04F041B38518182890A2D5010012225CC57BF01F4EA8CCA87A792FF35F00019E7B5EFE0000"	"\Divisions\PD\Distribution Services\Substation Benbrook\151832_SHEC_Fred Transmission"
"000000009598E9A20E04F041B38518182890A2D50100A3DF33FCC9BD1644BD14FCA330AA978500001750569B0000"	"\Divisions\PD\Line Ann Arbor\127156 BSSE"
"000000009598E9A20E04F041B38518182890A2D5010012225CC57BF01F4EA8CCA87A792FF35F0002BD7B69450000"	"\Divisions\PD\Line Austin\131457 SPS T-73 TXDOT RELOCATION"
"000000009598E9A20E04F041B38518182890A2D5010012225CC57BF01F4EA8CCA87A792FF35F0002BD7B695D0000"	"\Divisions\PD\Line Austin\136156 LIMESTONE TO GIBBONS CREEK"
"000000009598E9A20E04F041B38518182890A2D5010012225CC57BF01F4EA8CCA87A792FF35F0000B677F3290000"	"\Divisions\PD\Line Austin\142286 Lufkin - Stryker Creek SW Station 138kV"
"000000009598E9A20E04F041B38518182890A2D5010012225CC57BF01F4EA8CCA87A792FF35F0000B677F3490000"	"\Divisions\PD\Line Austin\145938 AEP OE FR-S"
"000000009598E9A20E04F041B38518182890A2D5010012225CC57BF01F4EA8CCA87A792FF35F0002BD7B69830000"	"\Divisions\PD\Line Austin\154462 LCRA 597 GRGTWN-RIVERY OPGW"
"000000009598E9A20E04F041B38518182890A2D501006C95E27D1ACA634AA1AADC20796388DD0000001812030000"	"\Divisions\PD\Line Boise\00-DMS Upload"
"000000009598E9A20E04F041B38518182890A2D501006C95E27D1ACA634AA1AADC20796388DD000000487B610000"	"\Divisions\PD\Line Boise\113733 TrAIL"
"000000009598E9A20E04F041B38518182890A2D501006C95E27D1ACA634AA1AADC20796388DD00000060DF4F0000"	"\Divisions\PD\Line Boise\114411 Gateway\Routing"
"000000009598E9A20E04F041B38518182890A2D50100CB7D9B6512D7374A860FE542D57703920000010EA5FF0000"	"\Divisions\PD\Line Boise\114648 ON Line\Construction"
"000000009598E9A20E04F041B38518182890A2D501006C95E27D1ACA634AA1AADC20796388DD000000EFE80D0000"	"\Divisions\PD\Line Boise\114648 ON Line\TNB"
"000000009598E9A20E04F041B38518182890A2D501006C95E27D1ACA634AA1AADC20796388DD0000005BC9B50000"	"\Divisions\PD\Line Boise\115349 Devers Valley\Geotech"
"000000009598E9A20E04F041B38518182890A2D501006C95E27D1ACA634AA1AADC20796388DD0000007E05DB0000"	"\Divisions\PD\Line Boise\117207_SWIP South\LatticeEval"
"000000009598E9A20E04F041B38518182890A2D501006C95E27D1ACA634AA1AADC20796388DD000000BB76370000"	"\Divisions\PD\Line Boise\117910_Fargo_Alexandria\Alex Sub Road"
"000000009598E9A20E04F041B38518182890A2D50100A3DF33FCC9BD1644BD14FCA330AA9785000016E921C80000"	"\Divisions\PD\Line Boise\117910_Fargo_Alexandria\Alex-Bison Design\Valmont"
"000000009598E9A20E04F041B38518182890A2D50100CB7D9B6512D7374A860FE542D57703920000010EA5B00000"	"\Divisions\PD\Line Boise\117910_Fargo_Alexandria\QA-QC\AFL-OPGW"
"000000009598E9A20E04F041B38518182890A2D50100A3DF33FCC9BD1644BD14FCA330AA978500001751DF870000"	"\Divisions\PD\Line Boise\117910_Fargo_Alexandria\Quarry-Alex Design\Engrg Est"
"000000009598E9A20E04F041B38518182890A2D50100A3DF33FCC9BD1644BD14FCA330AA978500001D6482C00000"	"\Divisions\PD\Line Boise\117910_Fargo_Alexandria\Transmittals_Dwgs"
"000000009598E9A20E04F041B38518182890A2D501001953B16A689BCD4AA8FC82955DB27CB1000001315D1B0000"	"\Divisions\PD\Line Boise\120092_Croydon RR\Material\RR-MJ Mat"
"000000009598E9A20E04F041B38518182890A2D50100A3DF33FCC9BD1644BD14FCA330AA978500001725E8AC0000"	"\Divisions\PD\Line Boise\122123 Xcel - MN-ALEXANDRIA TO ND BORDER"
"000000009598E9A20E04F041B38518182890A2D501001953B16A689BCD4AA8FC82955DB27CB10000012488100000"	"\Divisions\PD\Line Boise\123332 CTF River Crossing\Flight_diverters"
"000000009598E9A20E04F041B38518182890A2D501001953B16A689BCD4AA8FC82955DB27CB1000000DB2B900000"	"\Divisions\PD\Line Boise\123748_KV Structures"
"000000009598E9A20E04F041B38518182890A2D501001953B16A689BCD4AA8FC82955DB27CB1000001B5703C0000"	"\Divisions\PD\Line Boise\124464_RTRP\111728 - RTRP\ACTION"
"000000009598E9A20E04F041B38518182890A2D501001953B16A689BCD4AA8FC82955DB27CB1000001B570520000"	"\Divisions\PD\Line Boise\124464_RTRP\111728 - RTRP\ROW"
"000000009598E9A20E04F041B38518182890A2D50100A3DF33FCC9BD1644BD14FCA330AA97850000223209480000"	"\Divisions\PD\Line Boise\124737 XCEL-GIST2-PSCO-LINE RATING ANY\Location_Map_Requests"
"000000009598E9A20E04F041B38518182890A2D501001953B16A689BCD4AA8FC82955DB27CB1000001E8236E0000"	"\Divisions\PD\Line Boise\124737 XCEL-GIST2-PSCO-LINE RATING ANY\Priority_1\Data"
"000000009598E9A20E04F041B38518182890A2D50100A3DF33FCC9BD1644BD14FCA330AA97850000171CECF40000"	"\Divisions\PD\Line Boise\124737 XCEL-GIST2-PSCO-LINE RATING ANY\Priority_2\Meetings"
"000000009598E9A20E04F041B38518182890A2D50100A3DF33FCC9BD1644BD14FCA330AA978500001894B3F90000"	"\Divisions\PD\Line Boise\124737 XCEL-GIST2-PSCO-LINE RATING ANY\Priority_3\Transmittals"
"000000009598E9A20E04F041B38518182890A2D50100A3DF33FCC9BD1644BD14FCA330AA97850000173D37F20000"	"\Divisions\PD\Line Boise\126822 XCEL-0844 BLACK DOG-SAVAGE\Contacts"
"000000009598E9A20E04F041B38518182890A2D50100A3DF33FCC9BD1644BD14FCA330AA978500001B7730B60000"	"\Divisions\PD\Line Boise\126822 XCEL-0844 BLACK DOG-SAVAGE\Materials\Rebar"
"000000009598E9A20E04F041B38518182890A2D50100A3DF33FCC9BD1644BD14FCA330AA97850000172A375F0000"	"\Divisions\PD\Line Boise\126924 SO-1"
"000000009598E9A20E04F041B38518182890A2D50100A3DF33FCC9BD1644BD14FCA330AA97850000176096F80000"	"\Divisions\PD\Line Boise\126981 XCEL-GIST-III Phase 2 Priority 2\Data\0879"
"000000009598E9A20E04F041B38518182890A2D50100A3DF33FCC9BD1644BD14FCA330AA9785000018010AD80000"	"\Divisions\PD\Line Boise\126981 XCEL-GIST-III Phase 2 Priority 2\Design\0980-0984"
"000000009598E9A20E04F041B38518182890A2D50100A3DF33FCC9BD1644BD14FCA330AA9785000019ED49950000"	"\Divisions\PD\Line Boise\126981 XCEL-GIST-III Phase 2 Priority 2\Land rights\0980"
"000000009598E9A20E04F041B38518182890A2D50100A3DF33FCC9BD1644BD14FCA330AA97850000190202750000"	"\Divisions\PD\Line Boise\126981 XCEL-GIST-III Phase 2 Priority 2\Remediation"
"000000009598E9A20E04F041B38518182890A2D50100A3DF33FCC9BD1644BD14FCA330AA978500001AB02E210000"	"\Divisions\PD\Line Boise\126981 XCEL-GIST-III Phase 2 Priority 2\Schedule\0977"
"000000009598E9A20E04F041B38518182890A2D50100A3DF33FCC9BD1644BD14FCA330AA97850000199941E60000"	"\Divisions\PD\Line Boise\127327 Helmand\RFIs"
"000000009598E9A20E04F041B38518182890A2D50100A3DF33FCC9BD1644BD14FCA330AA9785000019BCD2E70000"	"\Divisions\PD\Line Boise\128118_MP_AC Line Rating_2\016L"
"000000009598E9A20E04F041B38518182890A2D50100A3DF33FCC9BD1644BD14FCA330AA9785000018D91F8D0000"	"\Divisions\PD\Line Boise\128118_MP_AC Line Rating_2\044L"
"000000009598E9A20E04F041B38518182890A2D50100A3DF33FCC9BD1644BD14FCA330AA978500001B10B3DB0000"	"\Divisions\PD\Line Boise\128118_MP_AC Line Rating_2\061L"
"000000009598E9A20E04F041B38518182890A2D50100A3DF33FCC9BD1644BD14FCA330AA9785000017F2DFB50000"	"\Divisions\PD\Line Boise\128118_MP_AC Line Rating_2\090L"
"000000009598E9A20E04F041B38518182890A2D50100A3DF33FCC9BD1644BD14FCA330AA9785000018B3BAA60000"	"\Divisions\PD\Line Boise\128118_MP_AC Line Rating_2\762L"
"000000009598E9A20E04F041B38518182890A2D50100A3DF33FCC9BD1644BD14FCA330AA978500001DD680640000"	"\Divisions\PD\Line Boise\128906 oncor"
"000000009598E9A20E04F041B38518182890A2D50100A3DF33FCC9BD1644BD14FCA330AA97850000196108A00000"	"\Divisions\PD\Line Boise\128911 Xcel-GIST 3- PHASE 2- LRV PTY 3\Design\0805"
"000000009598E9A20E04F041B38518182890A2D50100A3DF33FCC9BD1644BD14FCA330AA9785000019970B030000"	"\Divisions\PD\Line Boise\128911 Xcel-GIST 3- PHASE 2- LRV PTY 3\Estimates & WO\0827"
"000000009598E9A20E04F041B38518182890A2D50100A3DF33FCC9BD1644BD14FCA330AA97850000199817C10000"	"\Divisions\PD\Line Boise\128911 Xcel-GIST 3- PHASE 2- LRV PTY 3\Materials\0827"
"000000009598E9A20E04F041B38518182890A2D50100A3DF33FCC9BD1644BD14FCA330AA97850000196114EF0000"	"\Divisions\PD\Line Boise\128911 Xcel-GIST 3- PHASE 2- LRV PTY 3\Remediation\0805"
"000000009598E9A20E04F041B38518182890A2D50100A3DF33FCC9BD1644BD14FCA330AA9785000018D800AC0000"	"\Divisions\PD\Line Boise\128911 Xcel-GIST 3- PHASE 2- LRV PTY 3\Schedule\0805"
"000000009598E9A20E04F041B38518182890A2D50100A3DF33FCC9BD1644BD14FCA330AA978500001B8610FA0000"	"\Divisions\PD\Line Boise\128911 Xcel-GIST 3- PHASE 2- LRV PTY 3\Survey\0883"
"000000009598E9A20E04F041B38518182890A2D50100A3DF33FCC9BD1644BD14FCA330AA978500001A8BE9880000"	"\Divisions\PD\Line Boise\128911 Xcel-GIST 3- PHASE 2- LRV PTY 3\Transmittals\5503"
"000000009598E9A20E04F041B38518182890A2D50100A3DF33FCC9BD1644BD14FCA330AA9785000019BC62F90000"	"\Divisions\PD\Line Boise\130412 Xcel (MN) NSP GIST-3 Ph 3"
"000000009598E9A20E04F041B38518182890A2D50100A3DF33FCC9BD1644BD14FCA330AA97850000277CCB010000"	"\Divisions\PD\Line Boise\130412 Xcel (MN) NSP GIST-3 Ph 3\Ph 3 Submittal"
"000000009598E9A20E04F041B38518182890A2D50100A3DF33FCC9BD1644BD14FCA330AA978500001AA76A610000"	"\Divisions\PD\Line Boise\131302 131500 131501 XCEL W3203 W3509 SEV-TRM\Design"
"000000009598E9A20E04F041B38518182890A2D50100A3DF33FCC9BD1644BD14FCA330AA978500001B81F3010000"	"\Divisions\PD\Line Boise\131302 131500 131501 XCEL W3203 W3509 SEV-TRM\T&B"
"000000009598E9A20E04F041B38518182890A2D50100A3DF33FCC9BD1644BD14FCA330AA978500001B4C8EC40000"	"\Divisions\PD\Line Boise\132072 XCEL-L0953 RECONDUCTOR"
"000000009598E9A20E04F041B38518182890A2D5010012225CC57BF01F4EA8CCA87A792FF35F000161B50D3A0000"	"\Divisions\PD\Line Boise\132155 PSE Eastside\Drawing Review"
"000000009598E9A20E04F041B38518182890A2D50100A3DF33FCC9BD1644BD14FCA330AA978500002C38FD5C0000"	"\Divisions\PD\Line Boise\133426 XCEL-0953 GALLOPING MONITORING\137323 - Gresham Rd.-Nacogdoches_ONCOR"
"000000009598E9A20E04F041B38518182890A2D50100A3DF33FCC9BD1644BD14FCA330AA978500001DD46F9D0000"	"\Divisions\PD\Line Boise\134091 PAC Croy-DV\01_Submittals-wDMS#\G_Record Drawings"
"000000009598E9A20E04F041B38518182890A2D50100A3DF33FCC9BD1644BD14FCA330AA978500001DD749880000"	"\Divisions\PD\Line Boise\134473 PCorp Coalville SLV CRK\01_Submittals-wDMS#\A_Scoping & Weekly Reports"
"000000009598E9A20E04F041B38518182890A2D50100A3DF33FCC9BD1644BD14FCA330AA978500001DD74CE70000"	"\Divisions\PD\Line Boise\134473 PCorp Coalville SLV CRK\02_Project Scoping"
"000000009598E9A20E04F041B38518182890A2D50100A3DF33FCC9BD1644BD14FCA330AA978500001DD6893D0000"	"\Divisions\PD\Line Boise\134474 PCorp Croydon-Coalville\01_Submittals-wDMS#\B_30-Review"
"000000009598E9A20E04F041B38518182890A2D50100A3DF33FCC9BD1644BD14FCA330AA978500001E56DD910000"	"\Divisions\PD\Line Boise\135095 Collin SW-Sub Strn Bus"
"000000009598E9A20E04F041B38518182890A2D501006C95E27D1ACA634AA1AADC20796388DD000000A9191B0000"	"\Divisions\PD\Line Boise\135116 SunZia\116500_Sunzia\Route analysis\Google Earth emails"
"000000009598E9A20E04F041B38518182890A2D50100A3DF33FCC9BD1644BD14FCA330AA978500002C7F0F7C0000"	"\Divisions\PD\Line Boise\136228 XCEL L0799 Reloc & Cable Rplcmt"
"000000009598E9A20E04F041B38518182890A2D50100A3DF33FCC9BD1644BD14FCA330AA978500002308FE2E0000"	"\Divisions\PD\Line Boise\136620 XCEL-0729 Rplce Pole (See also 133657)\Transmittals"
"000000009598E9A20E04F041B38518182890A2D50100A3DF33FCC9BD1644BD14FCA330AA9785000021E27BCE0000"	"\Divisions\PD\Line Boise\137816 Apple Valley IPCO"
"000000009598E9A20E04F041B38518182890A2D5010012225CC57BF01F4EA8CCA87A792FF35F00000A50CB060000"	"\Divisions\PD\Line Boise\137979 GNTL TLine\05_WSBC"
"000000009598E9A20E04F041B38518182890A2D50100A3DF33FCC9BD1644BD14FCA330AA978500002857DA840000"	"\Divisions\PD\Line Boise\141032 FSE Fort Mojave"
"000000009598E9A20E04F041B38518182890A2D5010012225CC57BF01F4EA8CCA87A792FF35F0001954A99E10000"	"\Divisions\PD\Line Boise\141372 LBWL Solar\Distribution\PW Upload"
"000000009598E9A20E04F041B38518182890A2D5010012225CC57BF01F4EA8CCA87A792FF35F000052525A560000"	"\Divisions\PD\Line Boise\144288 Roadrunner P&P"
"000000009598E9A20E04F041B38518182890A2D5010012225CC57BF01F4EA8CCA87A792FF35F00009B0B6CFF0000"	"\Divisions\PD\Line Boise\145699 Round Rock"
"000000009598E9A20E04F041B38518182890A2D5010012225CC57BF01F4EA8CCA87A792FF35F0001DF3308D30000"	"\Divisions\PD\Line Boise\146618 - Bob TLine\Steel Pole RFQ"
"000000009598E9A20E04F041B38518182890A2D5010012225CC57BF01F4EA8CCA87A792FF35F000108855F390000"	"\Divisions\PD\Line Boise\148084 Y Rd-Texas County"
"000000009598E9A20E04F041B38518182890A2D5010012225CC57BF01F4EA8CCA87A792FF35F0001AD49BE0D0000"	"\Divisions\PD\Line Boise\152683 Heritage Park_IF Power"
"000000009598E9A20E04F041B38518182890A2D5010012225CC57BF01F4EA8CCA87A792FF35F00022A5F1C410000"	"\Divisions\PD\Line Boise\154320 Ten West\154320 10W Line Design"
"000000009598E9A20E04F041B38518182890A2D5010012225CC57BF01F4EA8CCA87A792FF35F0002847334FE0000"	"\Divisions\PD\Line Boise\156841 Xcel L0791 STR 1002"
"000000009598E9A20E04F041B38518182890A2D5010012225CC57BF01F4EA8CCA87A792FF35F0002D18D628D0000"	"\Divisions\PD\Line Boise\159363 AEP 39th St-Bann Stn"
"000000009598E9A20E04F041B38518182890A2D5010012225CC57BF01F4EA8CCA87A792FF35F00040441F6420000"	"\Divisions\PD\Line Boise\Line Dept. Calendar\Line Dept Calendar\Line Dept Calendar"
"000000009598E9A20E04F041B38518182890A2D501001953B16A689BCD4AA8FC82955DB27CB10000011FEB100000"	"\Divisions\PD\Line Boise\Line-Rating-Projects\PacifiCorp\BB06"
"000000009598E9A20E04F041B38518182890A2D501001953B16A689BCD4AA8FC82955DB27CB10000011FEB140000"	"\Divisions\PD\Line Boise\Line-Rating-Projects\PacifiCorp\WI02"
"000000009598E9A20E04F041B38518182890A2D50100A3DF33FCC9BD1644BD14FCA330AA978500001676E7B90000"	"\Divisions\PD\Line Boise\Line-Rating-Projects\PacifiCorp2\BB04A"
"000000009598E9A20E04F041B38518182890A2D50100A3DF33FCC9BD1644BD14FCA330AA97850000196AA09F0000"	"\Divisions\PD\Line Boise\Stryker_Creek-Cherokee_POI"
"000000009598E9A20E04F041B38518182890A2D5010012225CC57BF01F4EA8CCA87A792FF35F000526B4D66E0000"	"\Divisions\PD\Line Boise\Xcel_Energy_Standards\On-Off-Badge-Training\2022 Annual Training"
"000000009598E9A20E04F041B38518182890A2D5010012225CC57BF01F4EA8CCA87A792FF35F00053EF9D2460000"	"\Divisions\PD\Line Boise\Xcel_Energy_Standards\On-Off-Badge-Training\Off-Boarding\NEI"
"000000009598E9A20E04F041B38518182890A2D5010012225CC57BF01F4EA8CCA87A792FF35F0005F8D4B7860000"	"\Divisions\PD\Line Boise\Xcel_Energy_Standards\On-Off-Badge-Training\On-Boarding_Prev 10-26-23\NEI"
"000000009598E9A20E04F041B38518182890A2D5010012225CC57BF01F4EA8CCA87A792FF35F0006CB2141D60000"	"\Divisions\PD\Line Boise\Xcel_Energy_Standards\On-Off-Badge-Training\On-Boarding\NEI"
"000000009598E9A20E04F041B38518182890A2D50100A3DF33FCC9BD1644BD14FCA330AA97850000255DBB690000"	"\Divisions\PD\Line Cincinnati\118685 BALTIMORE GAS & ELECTRIC - CONASTONE - GRACETON 230 KV"
"000000009598E9A20E04F041B38518182890A2D50100A3DF33FCC9BD1644BD14FCA330AA978500002406F9200000"	"\Divisions\PD\Line Cincinnati\139217 AMERICAN TRANSMISSION COMPANY-NORTH APPLETON-MORGAN TLINE #1"
"000000009598E9A20E04F041B38518182890A2D5010012225CC57BF01F4EA8CCA87A792FF35F0001D03A85AF0000"	"\Divisions\PD\Line Fort Mill\153312 - Stantec - OMCN Nepal"
"000000009598E9A20E04F041B38518182890A2D50100A3DF33FCC9BD1644BD14FCA330AA9785000026F6E1230000"	"\Divisions\PD\Line Fort Worth\01 CLOSED PROJS - UPLOAD TO PROJECTWISE\131457 - XCEL - SPS T- 73 TXDOT RELOCATION - CLOSED 2014"
"000000009598E9A20E04F041B38518182890A2D50100A3DF33FCC9BD1644BD14FCA330AA978500001E1EED010000"	"\Divisions\PD\Line Fort Worth\134888 - XCEL ENERGY_V37 BAILEY COUNTY KELLY SWITCH"
"000000009598E9A20E04F041B38518182890A2D5010012225CC57BF01F4EA8CCA87A792FF35F0000A185EBA20000"	"\Divisions\PD\Line Freeport\145931 - HOPKINS-SHARPLES A16803026"
"000000009598E9A20E04F041B38518182890A2D50100A3DF33FCC9BD1644BD14FCA330AA9785000018BD1E130000"	"\Divisions\PD\Line Hailey\00-Restored_Emails\112828-Helco"
"000000009598E9A20E04F041B38518182890A2D501001296C725372D7F4B86B758A22EA3141B0000001FACA50000"	"\Divisions\PD\Line Hailey\002_Line Dept Contacts"
"000000009598E9A20E04F041B38518182890A2D50100A3DF33FCC9BD1644BD14FCA330AA9785000016568EE30000"	"\Divisions\PD\Line Hailey\01_Oncor_General\01_Dave_ONCOR_General\ONCOR Materials/Standards"
"000000009598E9A20E04F041B38518182890A2D50100A3DF33FCC9BD1644BD14FCA330AA978500000E92596B0000"	"\Divisions\PD\Line Hailey\01_Oncor_General\Buyers_Email_Contact"
"000000009598E9A20E04F041B38518182890A2D50100CB7D9B6512D7374A860FE542D577039200000126BE010000"	"\Divisions\PD\Line Hailey\01_Oncor_General\Hubbell_Material_Projections"
"000000009598E9A20E04F041B38518182890A2D501001953B16A689BCD4AA8FC82955DB27CB1000001BB87E90000"	"\Divisions\PD\Line Hailey\01_Oncor_General\Material_Updates_Questions\Material_Contacts_Update"
"000000009598E9A20E04F041B38518182890A2D50100572FF007A7D6B64CA96E5CFE8E1CC1A40000006921670000"	"\Divisions\PD\Line Hailey\01_Oncor_General\New_TSN_# _&_Class-codes\Emails_Fr_GW-Oncor_TSN_Ref_Lists"
"000000009598E9A20E04F041B38518182890A2D50100A3DF33FCC9BD1644BD14FCA330AA9785000019362E9D0000"	"\Divisions\PD\Line Hailey\01_Oncor_General\Oncor_Material_Ordering_&_Tracking_Process\Issuing_Materials"
"000000009598E9A20E04F041B38518182890A2D50100572FF007A7D6B64CA96E5CFE8E1CC1A4000000421C940000"	"\Divisions\PD\Line Hailey\01_Oncor_General\Service_Level_Procedures_Manual"
"000000009598E9A20E04F041B38518182890A2D50100A3DF33FCC9BD1644BD14FCA330AA9785000021D96BA10000"	"\Divisions\PD\Line Hailey\01-AEP-345-emails"
"000000009598E9A20E04F041B38518182890A2D501001296C725372D7F4B86B758A22EA3141B000000236AD20000"	"\Divisions\PD\Line Hailey\108628-Umbata Falls\Bid"
"000000009598E9A20E04F041B38518182890A2D501001296C725372D7F4B86B758A22EA3141B00000039E87D0000"	"\Divisions\PD\Line Hailey\108628-Umbata Falls\Procurement\Dampers"
"000000009598E9A20E04F041B38518182890A2D501001296C725372D7F4B86B758A22EA3141B0000002310220000"	"\Divisions\PD\Line Hailey\109224 Tallahassee"
"000000009598E9A20E04F041B38518182890A2D501001296C725372D7F4B86B758A22EA3141B00000032F9700000"	"\Divisions\PD\Line Hailey\110725-BGE I95"
"000000009598E9A20E04F041B38518182890A2D50100572FF007A7D6B64CA96E5CFE8E1CC1A40000001A6E2E0000"	"\Divisions\PD\Line Hailey\111441_NYPA-LiDAR\2009_Emails"
"000000009598E9A20E04F041B38518182890A2D501001296C725372D7F4B86B758A22EA3141B00000053BDAA0000"	"\Divisions\PD\Line Hailey\112091 Sagebrush line"
"000000009598E9A20E04F041B38518182890A2D501001296C725372D7F4B86B758A22EA3141B0000005F9D590000"	"\Divisions\PD\Line Hailey\112485-Alcan2\5 - Yoke"
"000000009598E9A20E04F041B38518182890A2D501001296C725372D7F4B86B758A22EA3141B0000005F9D210000"	"\Divisions\PD\Line Hailey\112781-Banks Island"
"000000009598E9A20E04F041B38518182890A2D501001296C725372D7F4B86B758A22EA3141B000000665FAD0000"	"\Divisions\PD\Line Hailey\113318-KG Corridor"
"000000009598E9A20E04F041B38518182890A2D501001296C725372D7F4B86B758A22EA3141B0000007829B20000"	"\Divisions\PD\Line Hailey\113807-Barren Ridge"
"000000009598E9A20E04F041B38518182890A2D501001296C725372D7F4B86B758A22EA3141B00000084EF730000"	"\Divisions\PD\Line Hailey\115072 Algoma 1 ADSS"
"000000009598E9A20E04F041B38518182890A2D50100572FF007A7D6B64CA96E5CFE8E1CC1A40000001BBDDB0000"	"\Divisions\PD\Line Hailey\116673_NW-Carrollton_TMPA-Jct"
"000000009598E9A20E04F041B38518182890A2D50100572FF007A7D6B64CA96E5CFE8E1CC1A4000000675C0B0000"	"\Divisions\PD\Line Hailey\117910-CapX_arm-study"
"000000009598E9A20E04F041B38518182890A2D501001953B16A689BCD4AA8FC82955DB27CB1000001C87F8B0000"	"\Divisions\PD\Line Hailey\118178_Arco_to_Krugerville\MRLJ06"
"000000009598E9A20E04F041B38518182890A2D50100572FF007A7D6B64CA96E5CFE8E1CC1A400000028F4FC0000"	"\Divisions\PD\Line Hailey\118786-CFE substations"
"000000009598E9A20E04F041B38518182890A2D5010012225CC57BF01F4EA8CCA87A792FF35F00031E3004110000"	"\Divisions\PD\Line Hailey\119424_Leon-Cisco_69kV\MR_LJ04\dups"
"000000009598E9A20E04F041B38518182890A2D5010012225CC57BF01F4EA8CCA87A792FF35F00031E3004130000"	"\Divisions\PD\Line Hailey\121180_Newton-Killeen\dups"
"000000009598E9A20E04F041B38518182890A2D50100572FF007A7D6B64CA96E5CFE8E1CC1A40000005665300000"	"\Divisions\PD\Line Hailey\121192-Tolhuaca"
"000000009598E9A20E04F041B38518182890A2D501001953B16A689BCD4AA8FC82955DB27CB10000015E96AA0000"	"\Divisions\PD\Line Hailey\122443_Clear_Crossing-Willow_Crk_EAST"
"000000009598E9A20E04F041B38518182890A2D50100A3DF33FCC9BD1644BD14FCA330AA978500001771BA510000"	"\Divisions\PD\Line Hailey\122443_Clear_Crossing-Willow_Crk_EAST\MRLJ10"
"000000009598E9A20E04F041B38518182890A2D50100A3DF33FCC9BD1644BD14FCA330AA9785000015EEC19B0000"	"\Divisions\PD\Line Hailey\122444_Clear_Crossing_Willow_Crk_WEST\MRLJ03"
"000000009598E9A20E04F041B38518182890A2D50100A3DF33FCC9BD1644BD14FCA330AA97850000176C81AD0000"	"\Divisions\PD\Line Hailey\122444_Clear_Crossing_Willow_Crk_WEST\Twr_Adj_Emails"
"000000009598E9A20E04F041B38518182890A2D5010012225CC57BF01F4EA8CCA87A792FF35F00031E3004310000"	"\Divisions\PD\Line Hailey\123272_Rio_Mesa_Solar\dups"
"000000009598E9A20E04F041B38518182890A2D50100A3DF33FCC9BD1644BD14FCA330AA978500000EBD29800000"	"\Divisions\PD\Line Hailey\125793_Powertel_Kap T-Line"
"000000009598E9A20E04F041B38518182890A2D501001953B16A689BCD4AA8FC82955DB27CB10000015026850000"	"\Divisions\PD\Line Hailey\126635_KMPUD_Phs-2_Out_Valley\124249_Old_Proj#_Out_Valley_T-Line_Ph_1-A"
"000000009598E9A20E04F041B38518182890A2D50100A3DF33FCC9BD1644BD14FCA330AA9785000018E1E4BE0000"	"\Divisions\PD\Line Hailey\126873_Oncor_Goldsmith-Goldsmith_South\MRLJ05"
"000000009598E9A20E04F041B38518182890A2D50100A3DF33FCC9BD1644BD14FCA330AA97850000177508730000"	"\Divisions\PD\Line Hailey\127844_LOBO-N_EDINBURG"
"000000009598E9A20E04F041B38518182890A2D50100A3DF33FCC9BD1644BD14FCA330AA978500001B205A720000"	"\Divisions\PD\Line Hailey\127942_Riley-Krum_W-P3_Alvord-Chico\MRLJ02"
"000000009598E9A20E04F041B38518182890A2D50100A3DF33FCC9BD1644BD14FCA330AA978500002D85121A0000"	"\Divisions\PD\Line Hailey\128805_BR223 EBEL-TKHL-1472"
"000000009598E9A20E04F041B38518182890A2D50100A3DF33FCC9BD1644BD14FCA330AA97850000195528C70000"	"\Divisions\PD\Line Hailey\129468_WHITETAIL_CLB_U/G_FSBLTY"
"000000009598E9A20E04F041B38518182890A2D50100A3DF33FCC9BD1644BD14FCA330AA978500001B307A8F0000"	"\Divisions\PD\Line Hailey\129547_Parker-Eagle_Mt\MRLJ03"
"000000009598E9A20E04F041B38518182890A2D5010012225CC57BF01F4EA8CCA87A792FF35F00031E3004690000"	"\Divisions\PD\Line Hailey\129567_Temple_Sw-Bell_Cty_E\WA_13T64039\Warehouse\dups"
"000000009598E9A20E04F041B38518182890A2D50100A3DF33FCC9BD1644BD14FCA330AA978500001A94B95B0000"	"\Divisions\PD\Line Hailey\130157_Newmont_Long_Canyon"
"000000009598E9A20E04F041B38518182890A2D50100A3DF33FCC9BD1644BD14FCA330AA978500001D98714F0000"	"\Divisions\PD\Line Hailey\130257_Stanton_E-Midland-E\MRLJ02"
"000000009598E9A20E04F041B38518182890A2D50100A3DF33FCC9BD1644BD14FCA330AA978500001DB4CE7C0000"	"\Divisions\PD\Line Hailey\130807_Cherokee_Load_Control"
"000000009598E9A20E04F041B38518182890A2D50100A3DF33FCC9BD1644BD14FCA330AA978500001AB4509B0000"	"\Divisions\PD\Line Hailey\131441_NERC_LOW_PRIO_FACIL_ASSES"
"000000009598E9A20E04F041B38518182890A2D50100A3DF33FCC9BD1644BD14FCA330AA978500001D1C12D40000"	"\Divisions\PD\Line Hailey\131691_Catenary-2_Five_Yr_Inspec\dups"
"000000009598E9A20E04F041B38518182890A2D50100A3DF33FCC9BD1644BD14FCA330AA978500001B779E650000"	"\Divisions\PD\Line Hailey\131879_Odessa_N-Crane\LJ01"
"000000009598E9A20E04F041B38518182890A2D50100A3DF33FCC9BD1644BD14FCA330AA978500001F09D4260000"	"\Divisions\PD\Line Hailey\132091_Watson-International\MRLJ03"
"000000009598E9A20E04F041B38518182890A2D50100A3DF33FCC9BD1644BD14FCA330AA978500001DDF5C910000"	"\Divisions\PD\Line Hailey\132488_Waiawa_Solar_A-B"
"000000009598E9A20E04F041B38518182890A2D50100A3DF33FCC9BD1644BD14FCA330AA978500001DD366F20000"	"\Divisions\PD\Line Hailey\133384_Collin-Renner\MRLJ03"
"000000009598E9A20E04F041B38518182890A2D5010012225CC57BF01F4EA8CCA87A792FF35F00005A941E100000"	"\Divisions\PD\Line Hailey\134583_Oran-Advance\dups"
"000000009598E9A20E04F041B38518182890A2D50100A3DF33FCC9BD1644BD14FCA330AA97850000258728280000"	"\Divisions\PD\Line Hailey\134633_Eagle_Mt-Wagley_Robertson\MRLJ01"
"000000009598E9A20E04F041B38518182890A2D50100F3BCE3A574023B4482F2E427B5A3121800004D7CC8640000"	"\Divisions\PD\Line Hailey\134722_Permian_Basin_Sw_Sta\MRJOA"
"000000009598E9A20E04F041B38518182890A2D50100A3DF33FCC9BD1644BD14FCA330AA978500002027A1E50000"	"\Divisions\PD\Line Hailey\135135_AEP_PJM_Reliability_Window\2014_11_10_Proposals"
"000000009598E9A20E04F041B38518182890A2D50100A3DF33FCC9BD1644BD14FCA330AA97850000226EBDCF0000"	"\Divisions\PD\Line Hailey\135901_WNT_FO_Pole_Analysis\dups"
"000000009598E9A20E04F041B38518182890A2D50100A3DF33FCC9BD1644BD14FCA330AA978500002B97D8030000"	"\Divisions\PD\Line Hailey\137317_SCL_T4_Relocation"
"000000009598E9A20E04F041B38518182890A2D5010012225CC57BF01F4EA8CCA87A792FF35F00006818D6E30000"	"\Divisions\PD\Line Hailey\137396_Hicks-Elizabeth\Issued_Material_Requests"
"000000009598E9A20E04F041B38518182890A2D5010012225CC57BF01F4EA8CCA87A792FF35F0000587F6EF20000"	"\Divisions\PD\Line Hailey\137449_Mt_Creek-Norwood\16T65156"
"000000009598E9A20E04F041B38518182890A2D50100A3DF33FCC9BD1644BD14FCA330AA978500002BAFEEC80000"	"\Divisions\PD\Line Hailey\137449_Mt_Creek-Norwood\MRLJ08"
"000000009598E9A20E04F041B38518182890A2D50100A3DF33FCC9BD1644BD14FCA330AA97850000233CFCB80000"	"\Divisions\PD\Line Hailey\137959_Odessa_EHV-Odessa_Reconduct\MRLJ03"
"000000009598E9A20E04F041B38518182890A2D5010012225CC57BF01F4EA8CCA87A792FF35F000329D570AB0000"	"\Divisions\PD\Line Hailey\138156_Venus-Cedar_Hill\MRLJ02\dups"
"000000009598E9A20E04F041B38518182890A2D50100A3DF33FCC9BD1644BD14FCA330AA9785000024A88E260000"	"\Divisions\PD\Line Hailey\138218_Means-Fullerton_69kV_RBLD\WA_15T63112\MRLJ01"
"000000009598E9A20E04F041B38518182890A2D5010012225CC57BF01F4EA8CCA87A792FF35F000329D570B10000"	"\Divisions\PD\Line Hailey\138504_Holt_SW-N_Andrews\dups"
"000000009598E9A20E04F041B38518182890A2D5010012225CC57BF01F4EA8CCA87A792FF35F00000574804D0000"	"\Divisions\PD\Line Hailey\138504_Holt_SW-N_Andrews\WA_15T63114\MRLJ11"
"000000009598E9A20E04F041B38518182890A2D50100A3DF33FCC9BD1644BD14FCA330AA97850000235B49940000"	"\Divisions\PD\Line Hailey\138797_August-Sub T-line_Project"
"000000009598E9A20E04F041B38518182890A2D5010012225CC57BF01F4EA8CCA87A792FF35F00007E79BFBC0000"	"\Divisions\PD\Line Hailey\139104_Cedar_Hill-So_Hampton\MRCD01"
"000000009598E9A20E04F041B38518182890A2D50100A3DF33FCC9BD1644BD14FCA330AA97850000241BCE220000"	"\Divisions\PD\Line Hailey\139157_ABB_HUNTERS_PT_TRANS_DESIGN"
"000000009598E9A20E04F041B38518182890A2D50100A3DF33FCC9BD1644BD14FCA330AA97850000252CBACD0000"	"\Divisions\PD\Line Hailey\139293_Buzzard_Draw-Lamesa\MRLJ02"
"000000009598E9A20E04F041B38518182890A2D50100A3DF33FCC9BD1644BD14FCA330AA978500002845205A0000"	"\Divisions\PD\Line Hailey\139578_Sno_PUD_Turners_Corner-Woods_Crk"
"000000009598E9A20E04F041B38518182890A2D5010012225CC57BF01F4EA8CCA87A792FF35F0000A56624B50000"	"\Divisions\PD\Line Hailey\140037_Hillsboro Sw_Sta_AutoTransformer\Issued_Material_Requests"
"000000009598E9A20E04F041B38518182890A2D50100A3DF33FCC9BD1644BD14FCA330AA9785000029655D530000"	"\Divisions\PD\Line Hailey\140859 _SCE_Santiago_230kV_UG"
"000000009598E9A20E04F041B38518182890A2D5010012225CC57BF01F4EA8CCA87A792FF35F0000E56D537E0000"	"\Divisions\PD\Line Hailey\141183_CROWN RD - NORWOOD SW STA "
"000000009598E9A20E04F041B38518182890A2D5010012225CC57BF01F4EA8CCA87A792FF35F00030B75E4220000"	"\Divisions\PD\Line Hailey\141183_CROWN RD - NORWOOD SW STA \MRLJ12"
"000000009598E9A20E04F041B38518182890A2D5010012225CC57BF01F4EA8CCA87A792FF35F0001C25BD4E10000"	"\Divisions\PD\Line Hailey\141185_Northaven-Preston Rd North\MRLJ08"
"000000009598E9A20E04F041B38518182890A2D5010012225CC57BF01F4EA8CCA87A792FF35F00011B650DE30000"	"\Divisions\PD\Line Hailey\141398_Trinidad-Richland\Issue Material Requests"
"000000009598E9A20E04F041B38518182890A2D5010012225CC57BF01F4EA8CCA87A792FF35F00005187CB980000"	"\Divisions\PD\Line Hailey\141436_Norwood-Amelia\MRLJ03"
"000000009598E9A20E04F041B38518182890A2D5010012225CC57BF01F4EA8CCA87A792FF35F000207D44EC20000"	"\Divisions\PD\Line Hailey\141489_AEP_Lon_Hill-Rio_Hondo\dups"
"000000009598E9A20E04F041B38518182890A2D5010012225CC57BF01F4EA8CCA87A792FF35F00007E79BFBE0000"	"\Divisions\PD\Line Hailey\141658_Holt_N_Andrews-Midland_Farms\17T63023\MRCD01"
"000000009598E9A20E04F041B38518182890A2D5010012225CC57BF01F4EA8CCA87A792FF35F000193D225190000"	"\Divisions\PD\Line Hailey\141659_Holt - Andrews N-Andrews Cty S\WA 17T63137"
"000000009598E9A20E04F041B38518182890A2D5010012225CC57BF01F4EA8CCA87A792FF35F0000FB3FE49F0000"	"\Divisions\PD\Line Hailey\141803_Wedgewood Sw Sta-Forest Hill Sta\MRLJ02"
"000000009598E9A20E04F041B38518182890A2D5010012225CC57BF01F4EA8CCA87A792FF35F00022F1D093F0000"	"\Divisions\PD\Line Hailey\142200_P21G_Line_Str_Analysis\dups"
"000000009598E9A20E04F041B38518182890A2D5010012225CC57BF01F4EA8CCA87A792FF35F0000CF358EEF0000"	"\Divisions\PD\Line Hailey\142858_PERMIAN BASIN-WICKETT: YUCCA\MRLJ03"
"000000009598E9A20E04F041B38518182890A2D5010012225CC57BF01F4EA8CCA87A792FF35F00017F74DC970000"	"\Divisions\PD\Line Hailey\142862_ODESSA N-PERMIAN BASIN: YUCCA\Issue Material Requests"
"000000009598E9A20E04F041B38518182890A2D5010012225CC57BF01F4EA8CCA87A792FF35F0000B677F35B0000"	"\Divisions\PD\Line Hailey\142939_CARLIN SUB 120KV CNPTL MR"
"000000009598E9A20E04F041B38518182890A2D50100A3DF33FCC9BD1644BD14FCA330AA978500002DF3E5020000"	"\Divisions\PD\Line Hailey\143319_Bruce_Jack_T-Line_Const_Spprt"
"000000009598E9A20E04F041B38518182890A2D5010012225CC57BF01F4EA8CCA87A792FF35F00000F57EB370000"	"\Divisions\PD\Line Hailey\143543_2017 Multi_Cont_Analysis"
"000000009598E9A20E04F041B38518182890A2D5010012225CC57BF01F4EA8CCA87A792FF35F0001DCB197AC0000"	"\Divisions\PD\Line Hailey\143834_Smart_Wires_Support\T12_Mobile Unit Grounding"
"000000009598E9A20E04F041B38518182890A2D5010012225CC57BF01F4EA8CCA87A792FF35F0002032BB25B0000"	"\Divisions\PD\Line Hailey\143834_Smart_Wires_Support\TX_TransGrid"
"000000009598E9A20E04F041B38518182890A2D5010012225CC57BF01F4EA8CCA87A792FF35F0000CF358F030000"	"\Divisions\PD\Line Hailey\143961_Tricorner_SEAGOVILLE-TRICORNER\MRLJ02"
"000000009598E9A20E04F041B38518182890A2D5010012225CC57BF01F4EA8CCA87A792FF35F00004480C31E0000"	"\Divisions\PD\Line Hailey\144305_STN-4320H_STRCTR_COMPRTV_STDY\Nva Pozo Almonte-Condores"
"000000009598E9A20E04F041B38518182890A2D5010012225CC57BF01F4EA8CCA87A792FF35F000049C4B1D40000"	"\Divisions\PD\Line Hailey\144455_Trinidad-Winkler\MRLJ06"
"000000009598E9A20E04F041B38518182890A2D5010012225CC57BF01F4EA8CCA87A792FF35F00008C3235AE0000"	"\Divisions\PD\Line Hailey\144611_MARQUAM_SUB_HDD"
"000000009598E9A20E04F041B38518182890A2D5010012225CC57BF01F4EA8CCA87A792FF35F00006E0172100000"	"\Divisions\PD\Line Hailey\144887_Bob-Eldorado"
"000000009598E9A20E04F041B38518182890A2D5010012225CC57BF01F4EA8CCA87A792FF35F0002032BB2610000"	"\Divisions\PD\Line Hailey\145251_Watermill Sw Sta-Camp Wisdom Rd\MRLJ03"
"000000009598E9A20E04F041B38518182890A2D5010012225CC57BF01F4EA8CCA87A792FF35F0001C58B8BF20000"	"\Divisions\PD\Line Hailey\145469_Yucca Dr - AEP Barilla Jct\17T63048\MRLJ08"
"000000009598E9A20E04F041B38518182890A2D5010012225CC57BF01F4EA8CCA87A792FF35F00010D90EA680000"	"\Divisions\PD\Line Hailey\145544_Cedar_Crest-Industrial_Wall_St\MRLJ02"
"000000009598E9A20E04F041B38518182890A2D5010012225CC57BF01F4EA8CCA87A792FF35F000114281C4B0000"	"\Divisions\PD\Line Hailey\145622_PAHRUMP-MEAD-BLM_SUPPORT\BD_Effort\dups"
"000000009598E9A20E04F041B38518182890A2D5010012225CC57BF01F4EA8CCA87A792FF35F000200BFC83E0000"	"\Divisions\PD\Line Hailey\145911_Northaven Lines\16T65186_Northaven-Preston"
"000000009598E9A20E04F041B38518182890A2D5010012225CC57BF01F4EA8CCA87A792FF35F00027B6D7B480000"	"\Divisions\PD\Line Hailey\145911_Northaven Lines\16T65186_Northaven-Preston\MRLJ13_Steel Pole Order"
"000000009598E9A20E04F041B38518182890A2D5010012225CC57BF01F4EA8CCA87A792FF35F0000C5E55C890000"	"\Divisions\PD\Line Hailey\146556_LONG_SPAN_STUDY\BD_Effort\dups"
"000000009598E9A20E04F041B38518182890A2D5010012225CC57BF01F4EA8CCA87A792FF35F00011CBC1F720000"	"\Divisions\PD\Line Hailey\147483_Kennebec_River_Xing"
"000000009598E9A20E04F041B38518182890A2D5010012225CC57BF01F4EA8CCA87A792FF35F000108855F250000"	"\Divisions\PD\Line Hailey\148184_Transource Confidential"
"000000009598E9A20E04F041B38518182890A2D5010012225CC57BF01F4EA8CCA87A792FF35F00028CB7959F0000"	"\Divisions\PD\Line Hailey\148326_Cedar Crest-Wall St\OPT 38736\MRLJ02"
"000000009598E9A20E04F041B38518182890A2D5010012225CC57BF01F4EA8CCA87A792FF35F0001393A84770000"	"\Divisions\PD\Line Hailey\149235_SITE VISIT WIND PRINCE"
"000000009598E9A20E04F041B38518182890A2D5010012225CC57BF01F4EA8CCA87A792FF35F000161B50D380000"	"\Divisions\PD\Line Hailey\149833_BOLD Envision"
"000000009598E9A20E04F041B38518182890A2D5010012225CC57BF01F4EA8CCA87A792FF35F0002032BB2510000"	"\Divisions\PD\Line Hailey\151641_General Motors-International Airport\MRLJ06"
"000000009598E9A20E04F041B38518182890A2D5010012225CC57BF01F4EA8CCA87A792FF35F0002716A9EB60000"	"\Divisions\PD\Line Hailey\151713_SAGINAW 138KV SW STA REB\Material Tracking (LJ Folder)"
"000000009598E9A20E04F041B38518182890A2D5010012225CC57BF01F4EA8CCA87A792FF35F0001F67CE09D0000"	"\Divisions\PD\Line Hailey\152562_Handley Sw-Liggett_Retermination At Airport\MRLJ01"
"000000009598E9A20E04F041B38518182890A2D5010012225CC57BF01F4EA8CCA87A792FF35F0001B96097A20000"	"\Divisions\PD\Line Hailey\152919_EPRI Hardening Rpt"
"000000009598E9A20E04F041B38518182890A2D5010012225CC57BF01F4EA8CCA87A792FF35F0001D14B2E350000"	"\Divisions\PD\Line Hailey\153391_Holly Frontier"
"000000009598E9A20E04F041B38518182890A2D5010012225CC57BF01F4EA8CCA87A792FF35F00022308A3830000"	"\Divisions\PD\Line Hailey\153698_KEMP RANCH SW-GENUS #2\MRLJ01"
"000000009598E9A20E04F041B38518182890A2D5010012225CC57BF01F4EA8CCA87A792FF35F0001EC547E200000"	"\Divisions\PD\Line Hailey\153757_HANDLEY SW.-DEEN SW\Material Tracking_LJ"
"000000009598E9A20E04F041B38518182890A2D5010012225CC57BF01F4EA8CCA87A792FF35F0001EC547E240000"	"\Divisions\PD\Line Hailey\153759_EAGLE MT SW.-DEEN SW\Material Tracking_LJ"
"000000009598E9A20E04F041B38518182890A2D5010012225CC57BF01F4EA8CCA87A792FF35F0001EF30B0670000"	"\Divisions\PD\Line Hailey\153916_HPFF BRIDGE CROSSING SUPPORT"
"000000009598E9A20E04F041B38518182890A2D5010012225CC57BF01F4EA8CCA87A792FF35F00032F35F5AF0000"	"\Divisions\PD\Line Hailey\154678_Odessa EHV Sw-Wolf Sw\0PT 40117"
"000000009598E9A20E04F041B38518182890A2D5010012225CC57BF01F4EA8CCA87A792FF35F0002C5AD511F0000"	"\Divisions\PD\Line Hailey\154678_Odessa EHV Sw-Wolf Sw\MRTW02_Twr Order Placed by Oncor"
"000000009598E9A20E04F041B38518182890A2D5010012225CC57BF01F4EA8CCA87A792FF35F0002A9804DBA0000"	"\Divisions\PD\Line Hailey\154683_Odessa EHV Sw-Moss\MRLJ03_Wire-Hardware"
"000000009598E9A20E04F041B38518182890A2D5010012225CC57BF01F4EA8CCA87A792FF35F0002423DB5130000"	"\Divisions\PD\Line Hailey\155311_Owl Hills Sw-Tunstill POD Sta"
"000000009598E9A20E04F041B38518182890A2D5010012225CC57BF01F4EA8CCA87A792FF35F00023C229F630000"	"\Divisions\PD\Line Hailey\155378_BSSE 345KV TLINE MAINT PLAN"
"000000009598E9A20E04F041B38518182890A2D5010012225CC57BF01F4EA8CCA87A792FF35F0002716A9EC60000"	"\Divisions\PD\Line Hailey\156389_Riverton Sw-Sand-Split WA\MRLJ01"
"000000009598E9A20E04F041B38518182890A2D5010012225CC57BF01F4EA8CCA87A792FF35F0002FE7C35740000"	"\Divisions\PD\Line Hailey\156541_LAKE CRK SW-WACO EAST SW\MRLJ03"
"000000009598E9A20E04F041B38518182890A2D5010012225CC57BF01F4EA8CCA87A792FF35F0002E086C8410000"	"\Divisions\PD\Line Hailey\158252_CHISHOLM-HICKS SW"
"000000009598E9A20E04F041B38518182890A2D5010012225CC57BF01F4EA8CCA87A792FF35F0002F3B8E5C10000"	"\Divisions\PD\Line Hailey\158888_SEE PROJWISE\MRLJ02_Sabre-FWT"
"000000009598E9A20E04F041B38518182890A2D5010012225CC57BF01F4EA8CCA87A792FF35F0002E676F3AE0000"	"\Divisions\PD\Line Hailey\159436_ALPHA RD-KNOLL TRAIL\OPT 39714 Northaven-Preston RD\159436-New # for Proj 145911_Per Kirby"
"000000009598E9A20E04F041B38518182890A2D5010012225CC57BF01F4EA8CCA87A792FF35F00043F55BED90000"	"\Divisions\PD\Line Hailey\168776 SCL Composite poles"
"000000009598E9A20E04F041B38518182890A2D50100E34BFE500669CD49AC2E27C6C54DE39D0000000D59FF0000"	"\Divisions\PD\Line Hailey\Allegheny TrAIL\OPGW Hardware"
"000000009598E9A20E04F041B38518182890A2D501001296C725372D7F4B86B758A22EA3141B00000034DC230000"	"\Divisions\PD\Line Hailey\BD_Efforts\110227-edelca"
"000000009598E9A20E04F041B38518182890A2D50100572FF007A7D6B64CA96E5CFE8E1CC1A400000051199E0000"	"\Divisions\PD\Line Hailey\BD_Efforts\116196_ILM\ROW"
"000000009598E9A20E04F041B38518182890A2D50100572FF007A7D6B64CA96E5CFE8E1CC1A400000036CD460000"	"\Divisions\PD\Line Hailey\BD_Efforts\119744-Nextera-North Sky River 230kV"
"000000009598E9A20E04F041B38518182890A2D50100572FF007A7D6B64CA96E5CFE8E1CC1A40000005119AC0000"	"\Divisions\PD\Line Hailey\BD_Efforts\120020-NTL\Schedule"
"000000009598E9A20E04F041B38518182890A2D50100572FF007A7D6B64CA96E5CFE8E1CC1A400000067F28C0000"	"\Divisions\PD\Line Hailey\BD_Efforts\122398 Pinnacle"
"000000009598E9A20E04F041B38518182890A2D5010012225CC57BF01F4EA8CCA87A792FF35F0000B2BA271E0000"	"\Divisions\PD\Line Hailey\BD_Efforts\Abengoa\General"
"000000009598E9A20E04F041B38518182890A2D50100A3DF33FCC9BD1644BD14FCA330AA978500002BC05AAF0000"	"\Divisions\PD\Line Hailey\BD_Efforts\AEP\120432-765kv"
"000000009598E9A20E04F041B38518182890A2D50100A3DF33FCC9BD1644BD14FCA330AA97850000173613F70000"	"\Divisions\PD\Line Hailey\BD_Efforts\Akuo Energy"
"000000009598E9A20E04F041B38518182890A2D501001296C725372D7F4B86B758A22EA3141B000000500FE40000"	"\Divisions\PD\Line Hailey\BD_Efforts\alleghanypower"
"000000009598E9A20E04F041B38518182890A2D50100A3DF33FCC9BD1644BD14FCA330AA978500001FA907B00000"	"\Divisions\PD\Line Hailey\BD_Efforts\Alta Gas\2014\Blythe-Julian Line Specs"
"000000009598E9A20E04F041B38518182890A2D50100A3DF33FCC9BD1644BD14FCA330AA978500002DF149020000"	"\Divisions\PD\Line Hailey\BD_Efforts\Anderson and Wood\2016"
"000000009598E9A20E04F041B38518182890A2D50100A3DF33FCC9BD1644BD14FCA330AA9785000028FC37E60000"	"\Divisions\PD\Line Hailey\BD_Efforts\ARB\2016"
"000000009598E9A20E04F041B38518182890A2D50100A3DF33FCC9BD1644BD14FCA330AA978500001FF0ECC40000"	"\Divisions\PD\Line Hailey\BD_Efforts\Atlantic Power_Ridgeline\2014\Frontier Solar"
"000000009598E9A20E04F041B38518182890A2D5010012225CC57BF01F4EA8CCA87A792FF35F0000F38658530000"	"\Divisions\PD\Line Hailey\BD_Efforts\BC Hydro\2017\Seismic Study 500kV Submarine Cable"
"000000009598E9A20E04F041B38518182890A2D5010012225CC57BF01F4EA8CCA87A792FF35F0000A3FACBED0000"	"\Divisions\PD\Line Hailey\BD_Efforts\Birdseye\2017\Simmental"
"000000009598E9A20E04F041B38518182890A2D50100A3DF33FCC9BD1644BD14FCA330AA978500001D8F97EB0000"	"\Divisions\PD\Line Hailey\BD_Efforts\Black Hills Power\Sundance Hill-Lookout_230-69-25"
"000000009598E9A20E04F041B38518182890A2D50100A3DF33FCC9BD1644BD14FCA330AA978500000E81C8770000"	"\Divisions\PD\Line Hailey\BD_Efforts\Bright Source\Siberia"
"000000009598E9A20E04F041B38518182890A2D5010012225CC57BF01F4EA8CCA87A792FF35F00016EA992980000"	"\Divisions\PD\Line Hailey\BD_Efforts\Brookfield Renewable\2018\Prince"
"000000009598E9A20E04F041B38518182890A2D5010012225CC57BF01F4EA8CCA87A792FF35F000148E612260000"	"\Divisions\PD\Line Hailey\BD_Efforts\CEATI\General"
"000000009598E9A20E04F041B38518182890A2D50100572FF007A7D6B64CA96E5CFE8E1CC1A40000001647660000"	"\Divisions\PD\Line Hailey\BD_Efforts\chapel hill"
"000000009598E9A20E04F041B38518182890A2D50100A3DF33FCC9BD1644BD14FCA330AA978500001F7C9CF20000"	"\Divisions\PD\Line Hailey\BD_Efforts\City of Boulder City\2014"
"000000009598E9A20E04F041B38518182890A2D50100A3DF33FCC9BD1644BD14FCA330AA9785000028493D660000"	"\Divisions\PD\Line Hailey\BD_Efforts\Clean Line\2016"
"000000009598E9A20E04F041B38518182890A2D50100A3DF33FCC9BD1644BD14FCA330AA97850000258DA05A0000"	"\Divisions\PD\Line Hailey\BD_Efforts\Coos Curry Electric Coop\2015\Coos Curry Electric Coop"
"000000009598E9A20E04F041B38518182890A2D50100A3DF33FCC9BD1644BD14FCA330AA978500002BBCE9B90000"	"\Divisions\PD\Line Hailey\BD_Efforts\Detente\2016"
"000000009598E9A20E04F041B38518182890A2D5010012225CC57BF01F4EA8CCA87A792FF35F00029EC21F760000"	"\Divisions\PD\Line Hailey\BD_Efforts\EDM\2019"
"000000009598E9A20E04F041B38518182890A2D5010012225CC57BF01F4EA8CCA87A792FF35F0000B677F3210000"	"\Divisions\PD\Line Hailey\BD_Efforts\EKPC\2017"
"000000009598E9A20E04F041B38518182890A2D50100A3DF33FCC9BD1644BD14FCA330AA9785000018C237E00000"	"\Divisions\PD\Line Hailey\BD_Efforts\ENEL\Morroco"
"000000009598E9A20E04F041B38518182890A2D5010012225CC57BF01F4EA8CCA87A792FF35F00008C3235BA0000"	"\Divisions\PD\Line Hailey\BD_Efforts\Entergy\2017\OE Support"
"000000009598E9A20E04F041B38518182890A2D50100A3DF33FCC9BD1644BD14FCA330AA978500001F2688220000"	"\Divisions\PD\Line Hailey\BD_Efforts\EoN\General"
"000000009598E9A20E04F041B38518182890A2D50100A3DF33FCC9BD1644BD14FCA330AA97850000217B20D60000"	"\Divisions\PD\Line Hailey\BD_Efforts\Exelon"
"000000009598E9A20E04F041B38518182890A2D50100A3DF33FCC9BD1644BD14FCA330AA978500001D67A5E70000"	"\Divisions\PD\Line Hailey\BD_Efforts\First Solar\2014\Macho Springs"
"000000009598E9A20E04F041B38518182890A2D50100A3DF33FCC9BD1644BD14FCA330AA978500002AC234940000"	"\Divisions\PD\Line Hailey\BD_Efforts\Forbes"
"000000009598E9A20E04F041B38518182890A2D5010012225CC57BF01F4EA8CCA87A792FF35F000072BD7BC40000"	"\Divisions\PD\Line Hailey\BD_Efforts\FUGRO"
"000000009598E9A20E04F041B38518182890A2D50100A3DF33FCC9BD1644BD14FCA330AA97850000261544230000"	"\Divisions\PD\Line Hailey\BD_Efforts\General Cable"
"000000009598E9A20E04F041B38518182890A2D50100A3DF33FCC9BD1644BD14FCA330AA9785000028DC94300000"	"\Divisions\PD\Line Hailey\BD_Efforts\GLP\2012 Projects"
"000000009598E9A20E04F041B38518182890A2D50100A3DF33FCC9BD1644BD14FCA330AA978500002881A52F0000"	"\Divisions\PD\Line Hailey\BD_Efforts\GLP\2016"
"000000009598E9A20E04F041B38518182890A2D50100572FF007A7D6B64CA96E5CFE8E1CC1A40000001BBDED0000"	"\Divisions\PD\Line Hailey\BD_Efforts\goshenII"
"000000009598E9A20E04F041B38518182890A2D5010012225CC57BF01F4EA8CCA87A792FF35F000124BAED8E0000"	"\Divisions\PD\Line Hailey\BD_Efforts\GrupoSaesa"
"000000009598E9A20E04F041B38518182890A2D5010012225CC57BF01F4EA8CCA87A792FF35F00019ED8C1EB0000"	"\Divisions\PD\Line Hailey\BD_Efforts\Hatch_Canada"
"000000009598E9A20E04F041B38518182890A2D50100A3DF33FCC9BD1644BD14FCA330AA978500001D82F0880000"	"\Divisions\PD\Line Hailey\BD_Efforts\Heco\Line Spacers"
"000000009598E9A20E04F041B38518182890A2D50100A3DF33FCC9BD1644BD14FCA330AA97850000170003BC0000"	"\Divisions\PD\Line Hailey\BD_Efforts\Hydro One"
"000000009598E9A20E04F041B38518182890A2D501001953B16A689BCD4AA8FC82955DB27CB10000017540BE0000"	"\Divisions\PD\Line Hailey\BD_Efforts\Iberdrola\Penascal lll"
"000000009598E9A20E04F041B38518182890A2D5010012225CC57BF01F4EA8CCA87A792FF35F000347D451920000"	"\Divisions\PD\Line Hailey\BD_Efforts\IDB\General"
"000000009598E9A20E04F041B38518182890A2D50100A3DF33FCC9BD1644BD14FCA330AA97850000241253B40000"	"\Divisions\PD\Line Hailey\BD_Efforts\International\General"
"000000009598E9A20E04F041B38518182890A2D50100A3DF33FCC9BD1644BD14FCA330AA97850000217B3AF10000"	"\Divisions\PD\Line Hailey\BD_Efforts\Juwi Wind\2015\Briscoe Wind"
"000000009598E9A20E04F041B38518182890A2D5010012225CC57BF01F4EA8CCA87A792FF35F00008C32359A0000"	"\Divisions\PD\Line Hailey\BD_Efforts\KETRACO\2016"
"000000009598E9A20E04F041B38518182890A2D5010012225CC57BF01F4EA8CCA87A792FF35F00003452E6D60000"	"\Divisions\PD\Line Hailey\BD_Efforts\Lamifil\2016\Belgium_Schelde Crossing"
"000000009598E9A20E04F041B38518182890A2D5010012225CC57BF01F4EA8CCA87A792FF35F0001DF3308CD0000"	"\Divisions\PD\Line Hailey\BD_Efforts\LATIN AMERICA\Brazil\2018"
"000000009598E9A20E04F041B38518182890A2D50100A3DF33FCC9BD1644BD14FCA330AA978500002BC76E5C0000"	"\Divisions\PD\Line Hailey\BD_Efforts\LATIN AMERICA\Central America\Costa Rica\ICE"
"000000009598E9A20E04F041B38518182890A2D50100A3DF33FCC9BD1644BD14FCA330AA978500002BC7B7060000"	"\Divisions\PD\Line Hailey\BD_Efforts\LATIN AMERICA\Central America\Costa Rica\ICE\2015\Service Order"
"000000009598E9A20E04F041B38518182890A2D5010012225CC57BF01F4EA8CCA87A792FF35F00009835520B0000"	"\Divisions\PD\Line Hailey\BD_Efforts\LATIN AMERICA\Central America\Costa Rica\ICE\2017\CNFL UG"
"000000009598E9A20E04F041B38518182890A2D5010012225CC57BF01F4EA8CCA87A792FF35F00021D59BD2A0000"	"\Divisions\PD\Line Hailey\BD_Efforts\LATIN AMERICA\Central America\Costa Rica\ICE\2018\Performance Engineering"
"000000009598E9A20E04F041B38518182890A2D50100A3DF33FCC9BD1644BD14FCA330AA978500002BC84F420000"	"\Divisions\PD\Line Hailey\BD_Efforts\LATIN AMERICA\Central America\Costa Rica\ICE\Old Projects\2015\ETESA"
"000000009598E9A20E04F041B38518182890A2D50100A3DF33FCC9BD1644BD14FCA330AA978500002BC898FE0000"	"\Divisions\PD\Line Hailey\BD_Efforts\LATIN AMERICA\Central America\Costa Rica\ICE\Old Projects\Garabito"
"000000009598E9A20E04F041B38518182890A2D50100A3DF33FCC9BD1644BD14FCA330AA978500002BC8EB560000"	"\Divisions\PD\Line Hailey\BD_Efforts\LATIN AMERICA\Central America\Costa Rica\ICE\Old Projects\Moín Transmission"
"000000009598E9A20E04F041B38518182890A2D50100A3DF33FCC9BD1644BD14FCA330AA978500002BC9334D0000"	"\Divisions\PD\Line Hailey\BD_Efforts\LATIN AMERICA\Central America\Costa Rica\ICE\Old Projects\Wind Study"
"000000009598E9A20E04F041B38518182890A2D50100A3DF33FCC9BD1644BD14FCA330AA978500002BE110260000"	"\Divisions\PD\Line Hailey\BD_Efforts\LATIN AMERICA\Central America\Costa Rica\XPERTEC\Projects\2011\El Velero Wind Project"
"000000009598E9A20E04F041B38518182890A2D5010012225CC57BF01F4EA8CCA87A792FF35F0000264654FC0000"	"\Divisions\PD\Line Hailey\BD_Efforts\LATIN AMERICA\Central America\EPR\2016\Underground"
"000000009598E9A20E04F041B38518182890A2D50100A3DF33FCC9BD1644BD14FCA330AA978500002BC6818D0000"	"\Divisions\PD\Line Hailey\BD_Efforts\LATIN AMERICA\Central America\Panama\ETESA\2016"
"000000009598E9A20E04F041B38518182890A2D50100A3DF33FCC9BD1644BD14FCA330AA978500002C0D95F40000"	"\Divisions\PD\Line Hailey\BD_Efforts\LATIN AMERICA\Central America\REDCA"
"000000009598E9A20E04F041B38518182890A2D50100A3DF33FCC9BD1644BD14FCA330AA978500001E7C6E520000"	"\Divisions\PD\Line Hailey\BD_Efforts\LATIN AMERICA\Chile\Transelec\01 General"
"000000009598E9A20E04F041B38518182890A2D5010012225CC57BF01F4EA8CCA87A792FF35F0001106738DD0000"	"\Divisions\PD\Line Hailey\BD_Efforts\LATIN AMERICA\Chile\Transelec\2017\RFP 2x66 Study Support"
"000000009598E9A20E04F041B38518182890A2D50100A3DF33FCC9BD1644BD14FCA330AA978500002BC698C10000"	"\Divisions\PD\Line Hailey\BD_Efforts\LATIN AMERICA\Colombia\ISA"
"000000009598E9A20E04F041B38518182890A2D50100A3DF33FCC9BD1644BD14FCA330AA978500002BC5C6E00000"	"\Divisions\PD\Line Hailey\BD_Efforts\LATIN AMERICA\Mexico\CFE\132898-General"
"000000009598E9A20E04F041B38518182890A2D5010012225CC57BF01F4EA8CCA87A792FF35F00028774B27B0000"	"\Divisions\PD\Line Hailey\BD_Efforts\LATIN AMERICA\Mexico\Mexico"
"000000009598E9A20E04F041B38518182890A2D50100A3DF33FCC9BD1644BD14FCA330AA978500002BC6F2620000"	"\Divisions\PD\Line Hailey\BD_Efforts\LATIN AMERICA\Quanta International"
"000000009598E9A20E04F041B38518182890A2D50100A3DF33FCC9BD1644BD14FCA330AA978500001DD6C81D0000"	"\Divisions\PD\Line Hailey\BD_Efforts\LCRA\General"
"000000009598E9A20E04F041B38518182890A2D50100A3DF33FCC9BD1644BD14FCA330AA9785000025EE0A4A0000"	"\Divisions\PD\Line Hailey\BD_Efforts\Matrix NAC\2015"
"000000009598E9A20E04F041B38518182890A2D50100A3DF33FCC9BD1644BD14FCA330AA9785000018D7FA410000"	"\Divisions\PD\Line Hailey\BD_Efforts\Michels\Gehrlicher Bakersfiled Solar"
"000000009598E9A20E04F041B38518182890A2D50100A3DF33FCC9BD1644BD14FCA330AA978500002613C4300000"	"\Divisions\PD\Line Hailey\BD_Efforts\Minnesota Power\2015\Condition Assessment"
"000000009598E9A20E04F041B38518182890A2D5010012225CC57BF01F4EA8CCA87A792FF35F0001B17040890000"	"\Divisions\PD\Line Hailey\BD_Efforts\Montana-Dakota Utilities\2018\345 TL Maint Plan"
"000000009598E9A20E04F041B38518182890A2D50100A3DF33FCC9BD1644BD14FCA330AA978500001B767ACB0000"	"\Divisions\PD\Line Hailey\BD_Efforts\NextEra\Monolith-Tehachapi PandP"
"000000009598E9A20E04F041B38518182890A2D50100A3DF33FCC9BD1644BD14FCA330AA978500001FE334710000"	"\Divisions\PD\Line Hailey\BD_Efforts\Norden_AVAL\General"
"000000009598E9A20E04F041B38518182890A2D50100A3DF33FCC9BD1644BD14FCA330AA97850000176282E80000"	"\Divisions\PD\Line Hailey\BD_Efforts\NTPC_Northwest Territories Power Corp\Snare 138kV T-Line_OHGW Install"
"000000009598E9A20E04F041B38518182890A2D50100A3DF33FCC9BD1644BD14FCA330AA97850000200E08FF0000"	"\Divisions\PD\Line Hailey\BD_Efforts\Okanogan County Electric Co-Operative\2014\115 kV Tower Inspection"
"000000009598E9A20E04F041B38518182890A2D5010012225CC57BF01F4EA8CCA87A792FF35F000200BFC8380000"	"\Divisions\PD\Line Hailey\BD_Efforts\PacifiCorp\2018"
"000000009598E9A20E04F041B38518182890A2D50100A3DF33FCC9BD1644BD14FCA330AA97850000239F6AFC0000"	"\Divisions\PD\Line Hailey\BD_Efforts\Pattern Energy\2015\Blackwater"
"000000009598E9A20E04F041B38518182890A2D50100A3DF33FCC9BD1644BD14FCA330AA9785000027C677E10000"	"\Divisions\PD\Line Hailey\BD_Efforts\PGE_Portland General Electric\General"
"000000009598E9A20E04F041B38518182890A2D50100A3DF33FCC9BD1644BD14FCA330AA97850000211D2A600000"	"\Divisions\PD\Line Hailey\BD_Efforts\POWER\General"
"000000009598E9A20E04F041B38518182890A2D50100A3DF33FCC9BD1644BD14FCA330AA97850000212608E60000"	"\Divisions\PD\Line Hailey\BD_Efforts\Powertel\2015"
"000000009598E9A20E04F041B38518182890A2D5010012225CC57BF01F4EA8CCA87A792FF35F00019443EB530000"	"\Divisions\PD\Line Hailey\BD_Efforts\Project Spokane\2018"
"000000009598E9A20E04F041B38518182890A2D50100A3DF33FCC9BD1644BD14FCA330AA978500002B8311990000"	"\Divisions\PD\Line Hailey\BD_Efforts\Recurrent\2016"
"000000009598E9A20E04F041B38518182890A2D501001953B16A689BCD4AA8FC82955DB27CB1000001D229DE0000"	"\Divisions\PD\Line Hailey\BD_Efforts\Renewables Company"
"000000009598E9A20E04F041B38518182890A2D50100A3DF33FCC9BD1644BD14FCA330AA97850000285520FF0000"	"\Divisions\PD\Line Hailey\BD_Efforts\Rock Creek Hydro"
"000000009598E9A20E04F041B38518182890A2D50100A3DF33FCC9BD1644BD14FCA330AA978500001DE0BDB80000"	"\Divisions\PD\Line Hailey\BD_Efforts\RS Technologies\2014"
"000000009598E9A20E04F041B38518182890A2D50100A3DF33FCC9BD1644BD14FCA330AA978500002A380DFA0000"	"\Divisions\PD\Line Hailey\BD_Efforts\RTA-Rio Tinto Alcan\2016"
"000000009598E9A20E04F041B38518182890A2D5010012225CC57BF01F4EA8CCA87A792FF35F00018BFC69AD0000"	"\Divisions\PD\Line Hailey\BD_Efforts\SanMiguelPA\2018"
"000000009598E9A20E04F041B38518182890A2D5010012225CC57BF01F4EA8CCA87A792FF35F0000B2BA273A0000"	"\Divisions\PD\Line Hailey\BD_Efforts\SaskPower\2017\QC Generation Facilities"
"000000009598E9A20E04F041B38518182890A2D50100A3DF33FCC9BD1644BD14FCA330AA97850000171CDC130000"	"\Divisions\PD\Line Hailey\BD_Efforts\SCE\Encroachment Design Fixes"
"000000009598E9A20E04F041B38518182890A2D501001953B16A689BCD4AA8FC82955DB27CB10000017C59F10000"	"\Divisions\PD\Line Hailey\BD_Efforts\Seattle City Light\Construction Support 10-28-11"
"000000009598E9A20E04F041B38518182890A2D5010012225CC57BF01F4EA8CCA87A792FF35F000049C4B1940000"	"\Divisions\PD\Line Hailey\BD_Efforts\Smartwires\2016\T4_FACTS Market Study"
"000000009598E9A20E04F041B38518182890A2D50100A3DF33FCC9BD1644BD14FCA330AA9785000022FDF3F20000"	"\Divisions\PD\Line Hailey\BD_Efforts\Snohomish PUD\General"
"000000009598E9A20E04F041B38518182890A2D50100CB7D9B6512D7374A860FE542D577039200000110A6960000"	"\Divisions\PD\Line Hailey\BD_Efforts\SSVEC_69 kV"
"000000009598E9A20E04F041B38518182890A2D50100A3DF33FCC9BD1644BD14FCA330AA9785000023A2B0330000"	"\Divisions\PD\Line Hailey\BD_Efforts\Surprise Valley\2015\ADSS 69kV Line"
"000000009598E9A20E04F041B38518182890A2D5010012225CC57BF01F4EA8CCA87A792FF35F00007754B8920000"	"\Divisions\PD\Line Hailey\BD_Efforts\TEP-Tucson Electric Power\2016\PLS-CADD Training"
"000000009598E9A20E04F041B38518182890A2D5010012225CC57BF01F4EA8CCA87A792FF35F0000B2BA27460000"	"\Divisions\PD\Line Hailey\BD_Efforts\Terra_Gen\2017\Edwards-Sanborn"
"000000009598E9A20E04F041B38518182890A2D50100A3DF33FCC9BD1644BD14FCA330AA978500002B6C96F60000"	"\Divisions\PD\Line Hailey\BD_Efforts\Tetra Tech\2016\PLS Training_EE Support"
"000000009598E9A20E04F041B38518182890A2D50100A3DF33FCC9BD1644BD14FCA330AA978500001F0A76C50000"	"\Divisions\PD\Line Hailey\BD_Efforts\Transource\2014\PJM_02"
"000000009598E9A20E04F041B38518182890A2D50100A3DF33FCC9BD1644BD14FCA330AA978500002A3787CE0000"	"\Divisions\PD\Line Hailey\BD_Efforts\US Government\General"
"000000009598E9A20E04F041B38518182890A2D50100A3DF33FCC9BD1644BD14FCA330AA9785000029E415C70000"	"\Divisions\PD\Line Hailey\BD_Efforts\Vattenfall\2016\Tikinmaa"
"000000009598E9A20E04F041B38518182890A2D5010012225CC57BF01F4EA8CCA87A792FF35F0000EA381C300000"	"\Divisions\PD\Line Hailey\BD_Efforts\Wataynikaneyap"
"000000009598E9A20E04F041B38518182890A2D5010012225CC57BF01F4EA8CCA87A792FF35F000262142F790000"	"\Divisions\PD\Line Hailey\BD_Efforts\Wheeler Electric\2019"
"000000009598E9A20E04F041B38518182890A2D50100A3DF33FCC9BD1644BD14FCA330AA978500001A8B664B0000"	"\Divisions\PD\Line Hailey\BD_Efforts\WREC_Wells Rural Electric\Long Canyon"
"000000009598E9A20E04F041B38518182890A2D5010012225CC57BF01F4EA8CCA87A792FF35F00027FE68E4A0000"	"\Divisions\PD\Line Hailey\cigre_correspondence\hakodate_2019"
"000000009598E9A20E04F041B38518182890A2D50100572FF007A7D6B64CA96E5CFE8E1CC1A400000056659F0000"	"\Divisions\PD\Line Hailey\CLIENT_STDS_GENERAL\brazos-general\bridgeoport-spring"
"000000009598E9A20E04F041B38518182890A2D501001296C725372D7F4B86B758A22EA3141B0000006750620000"	"\Divisions\PD\Line Hailey\CLIENT_STDS_GENERAL\NRECA_correspondence"
"000000009598E9A20E04F041B38518182890A2D5010012225CC57BF01F4EA8CCA87A792FF35F00049AA82C810000"	"\Divisions\PD\Line Hailey\Hailey T Line Out of Office Calendar"
"000000009598E9A20E04F041B38518182890A2D50100A3DF33FCC9BD1644BD14FCA330AA978500001B1D26BA0000"	"\Divisions\PD\Line Hailey\Line Kansas City\122588 PEF-CASSELBERRY DSCADA PREP"
"000000009598E9A20E04F041B38518182890A2D50100A3DF33FCC9BD1644BD14FCA330AA978500001B1D26E70000"	"\Divisions\PD\Line Hailey\Line Kansas City\126816 FDU-WATER SCADA & REPORTNG SYS"
"000000009598E9A20E04F041B38518182890A2D50100A3DF33FCC9BD1644BD14FCA330AA9785000018C9B2160000"	"\Divisions\PD\Line Hailey\Restored_Emails (Recovered)"
"000000009598E9A20E04F041B38518182890A2D50100A3DF33FCC9BD1644BD14FCA330AA978500001EF97EA70000"	"\Divisions\PD\Line Hamilton\134125/140998"
"000000009598E9A20E04F041B38518182890A2D50100A3DF33FCC9BD1644BD14FCA330AA97850000294FC1120000"	"\Divisions\PD\Line Hamilton\141412"
"000000009598E9A20E04F041B38518182890A2D5010012225CC57BF01F4EA8CCA87A792FF35F000146B0986E0000"	"\Divisions\PD\Line Hamilton\146782"
"000000009598E9A20E04F041B38518182890A2D5010012225CC57BF01F4EA8CCA87A792FF35F00024EA61BA20000"	"\Divisions\PD\Line Hamilton\153662"
"000000009598E9A20E04F041B38518182890A2D50100E34BFE500669CD49AC2E27C6C54DE39D00000010D0C30000"	"\Divisions\PD\Line Houston\00-Closed Projects (remove by 11/09)\113056"
"000000009598E9A20E04F041B38518182890A2D50100E34BFE500669CD49AC2E27C6C54DE39D00000025D3B00000"	"\Divisions\PD\Line Houston\00-Proposals_BD\117996_Norit_Americas"
"000000009598E9A20E04F041B38518182890A2D50100E34BFE500669CD49AC2E27C6C54DE39D0000000AFD5C0000"	"\Divisions\PD\Line Houston\107391 Alaskan Way Via Duct\00 UPLOADED TO DMS or PWC\00 Meeting Minutes"
"000000009598E9A20E04F041B38518182890A2D50100E34BFE500669CD49AC2E27C6C54DE39D0000000AFD6B0000"	"\Divisions\PD\Line Houston\107391 Alaskan Way Via Duct\00 UPLOADED TO DMS or PWC\00 Meeting Minutes\aWV-083"
"000000009598E9A20E04F041B38518182890A2D50100E34BFE500669CD49AC2E27C6C54DE39D0000000D59260000"	"\Divisions\PD\Line Houston\107391 Alaskan Way Via Duct\00 UPLOADED TO DMS or PWC\009-025 thru 009-100\009-100"
"000000009598E9A20E04F041B38518182890A2D50100E34BFE500669CD49AC2E27C6C54DE39D0000000AFD7B0000"	"\Divisions\PD\Line Houston\107391 Alaskan Way Via Duct\00 UPLOADED TO DMS or PWC\AWV-003 thru AWV-050\AWV-034"
"000000009598E9A20E04F041B38518182890A2D50100E34BFE500669CD49AC2E27C6C54DE39D0000000D59190000"	"\Divisions\PD\Line Houston\107391 Alaskan Way Via Duct\00 UPLOADED TO DMS or PWC\AWV-050 thruy AWV-100\AWV-058"
"000000009598E9A20E04F041B38518182890A2D50100E34BFE500669CD49AC2E27C6C54DE39D0000000D59330000"	"\Divisions\PD\Line Houston\107391 Alaskan Way Via Duct\00 UPLOADED TO DMS or PWC\J_Joy_POWER_05-19-07"
"000000009598E9A20E04F041B38518182890A2D50100E34BFE500669CD49AC2E27C6C54DE39D0000002A34BE0000"	"\Divisions\PD\Line Houston\118888_Brazos_Nassau_Bay"
"000000009598E9A20E04F041B38518182890A2D50100A3DF33FCC9BD1644BD14FCA330AA978500001FD5D69B0000"	"\Divisions\PD\Line Houston\136222_AEP_Bosman_WO#"
"000000009598E9A20E04F041B38518182890A2D50100A3DF33FCC9BD1644BD14FCA330AA9785000017125F030000"	"\Divisions\PD\Line Houston\NEXTERA"
"000000009598E9A20E04F041B38518182890A2D50100A3DF33FCC9BD1644BD14FCA330AA978500001D5B811F0000"	"\Divisions\PD\Line Kansas City\BUS DEV\124344"
"000000009598E9A20E04F041B38518182890A2D50100A3DF33FCC9BD1644BD14FCA330AA978500001AE66B600000"	"\Divisions\PD\Line Orlando\131442-FPL-CEDAR LAUDERDALE 230KV T9208"
"000000009598E9A20E04F041B38518182890A2D50100A3DF33FCC9BD1644BD14FCA330AA978500001E7C5B8B0000"	"\Divisions\PD\Line Orlando\135261-FPL-MISC STRUCTURAL REQ 2014"
"000000009598E9A20E04F041B38518182890A2D50100A3DF33FCC9BD1644BD14FCA330AA978500001FA4F8360000"	"\Divisions\PD\Line Orlando\136165-DEF-SUWANNEE TLINE RELOCATES"
"000000009598E9A20E04F041B38518182890A2D50100A3DF33FCC9BD1644BD14FCA330AA9785000024A088CA0000"	"\Divisions\PD\Line Orlando\139482-PRECO POLE BACKFILL ANALYSIS"
"000000009598E9A20E04F041B38518182890A2D50100A3DF33FCC9BD1644BD14FCA330AA978500002A0A0D870000"	"\Divisions\PD\Line Orlando\141657-FPL-STR 169U6 COOPER CITY"
"000000009598E9A20E04F041B38518182890A2D5010012225CC57BF01F4EA8CCA87A792FF35F000049C4B1500000"	"\Divisions\PD\Line Orlando\144408-FPL-DIST ENGINEERING SVCS 2017"
"000000009598E9A20E04F041B38518182890A2D50100A3DF33FCC9BD1644BD14FCA330AA9785000016F494400000"	"\Divisions\PD\Line Portland\126134 - Chimtala"
"000000009598E9A20E04F041B38518182890A2D50100A3DF33FCC9BD1644BD14FCA330AA978500001ED501090000"	"\Divisions\PD\Line Portland\133913 - ILR HER Sub"
"000000009598E9A20E04F041B38518182890A2D50100A3DF33FCC9BD1644BD14FCA330AA9785000027BD4DF90000"	"\Divisions\PD\Line Portland\140818 - PGE Blue Lake"
"000000009598E9A20E04F041B38518182890A2D5010012225CC57BF01F4EA8CCA87A792FF35F00007AF1ACA00000"	"\Divisions\PD\Line Portland\145134 - Sound Transit Lynnwood"
"000000009598E9A20E04F041B38518182890A2D5010012225CC57BF01F4EA8CCA87A792FF35F000178961AA90000"	"\Divisions\PD\Line Portland\150972 - FMMI PLS Training"
"000000009598E9A20E04F041B38518182890A2D5010012225CC57BF01F4EA8CCA87A792FF35F0002D18D62910000"	"\Divisions\PD\Line Portland\159436 - Oncor Alpha Road-Knoll Trail 138kV"
"000000009598E9A20E04F041B38518182890A2D50100A3DF33FCC9BD1644BD14FCA330AA978500001EFE77650000"	"\Divisions\PD\Line San Diego\132472 FS Adams East"
"000000009598E9A20E04F041B38518182890A2D5010012225CC57BF01F4EA8CCA87A792FF35F000235B0E03E0000"	"\Divisions\PD\Line San Diego\155069 - TL13838 W2S"
"000000009598E9A20E04F041B38518182890A2D50100A3DF33FCC9BD1644BD14FCA330AA9785000017BFE31D0000"	"\Divisions\PD\Line St. Louis\St. Louis Line Calendar"
"000000009598E9A20E04F041B38518182890A2D5010012225CC57BF01F4EA8CCA87A792FF35F00019F01D16B0000"	"\Divisions\PD\Line Syracuse\_PPL HOLD\147813 PPL NLRP SEGMENT C15"
"000000009598E9A20E04F041B38518182890A2D50100CB7D9B6512D7374A860FE542D57703920000006681F50000"	"\Divisions\PD\North Attleboro Project Site"
"000000009598E9A20E04F041B38518182890A2D50100572FF007A7D6B64CA96E5CFE8E1CC1A40000001397AA0000"	"\Divisions\PD\North Attleboro Project Site\AIR's\Closed AIR's\0063"
"000000009598E9A20E04F041B38518182890A2D50100572FF007A7D6B64CA96E5CFE8E1CC1A40000001397CC0000"	"\Divisions\PD\North Attleboro Project Site\AIR's\Open AIR's\0068"
"000000009598E9A20E04F041B38518182890A2D50100A3DF33FCC9BD1644BD14FCA330AA978500001CD077D70000"	"\Divisions\PD\North Attleboro Project Site\Line Syracuse\132403 AEP-George St Lynbrk 40435"
"000000009598E9A20E04F041B38518182890A2D50100E34BFE500669CD49AC2E27C6C54DE39D0000003DC1370000"	"\Divisions\PD\North Attleboro Project Site\Projects\113516-New 345KV Line W.Farnum-Kent\DD-CM-01"
"000000009598E9A20E04F041B38518182890A2D50100572FF007A7D6B64CA96E5CFE8E1CC1A40000001292500000"	"\Divisions\PD\North Attleboro Project Site\Projects\113523-S171S/T172S Rec Hrtfrd-Jhnstn"
"000000009598E9A20E04F041B38518182890A2D50100A3DF33FCC9BD1644BD14FCA330AA97850000179B1F9E0000"	"\Divisions\PD\North Attleboro Project Site\Projects\126177 PSE&G Sourthern Reinforcement"
"000000009598E9A20E04F041B38518182890A2D5010012225CC57BF01F4EA8CCA87A792FF35F0000F723A6A00000"	"\Divisions\PD\Operations\Out of Office – Kansas City Calendar"
"000000009598E9A20E04F041B38518182890A2D501006C95E27D1ACA634AA1AADC20796388DD000000462DCF0000"	"\Divisions\PD\PCI Sacramento"
"000000009598E9A20E04F041B38518182890A2D50100A3DF33FCC9BD1644BD14FCA330AA978500001C9775820000"	"\Divisions\PD\PCI Sacramento\00-DMS Upload\Ameren - NERC Program\Real Estate"
"000000009598E9A20E04F041B38518182890A2D501006C95E27D1ACA634AA1AADC20796388DD000000D241F90000"	"\Divisions\PD\PCI Sacramento\117132 TMPA-CREZ\Inspection Reports"
"000000009598E9A20E04F041B38518182890A2D50100A3DF33FCC9BD1644BD14FCA330AA978500000E86161B0000"	"\Divisions\PD\PCI Sacramento\117291 NPPD345KV AXTELL-KANSAS LINE\Axtell-Kansas\Sabre"
"000000009598E9A20E04F041B38518182890A2D50100A3DF33FCC9BD1644BD14FCA330AA978500001971EEBE0000"	"\Divisions\PD\PCI Sacramento\121690 ON Line Project\All Inspector Reports\Bolted Joint Steel Pole Assembly"
"000000009598E9A20E04F041B38518182890A2D501001953B16A689BCD4AA8FC82955DB27CB1000001CEC62C0000"	"\Divisions\PD\PCI Sacramento\121690 ON Line Project\All Inspector Reports\Lattice Foundation"
"000000009598E9A20E04F041B38518182890A2D501001953B16A689BCD4AA8FC82955DB27CB1000001CEC6440000"	"\Divisions\PD\PCI Sacramento\121690 ON Line Project\All Inspector Reports\Structure Grounding"
"000000009598E9A20E04F041B38518182890A2D501001953B16A689BCD4AA8FC82955DB27CB1000001CEC63D0000"	"\Divisions\PD\PCI Sacramento\121690 ON Line Project\All Inspector Reports\Wire Stringing"
"000000009598E9A20E04F041B38518182890A2D50100A3DF33FCC9BD1644BD14FCA330AA97850000174DC8550000"	"\Divisions\PD\PCI Sacramento\127332 ZEPHYR 500kV DC TL COST EST"
"000000009598E9A20E04F041B38518182890A2D50100A3DF33FCC9BD1644BD14FCA330AA978500001C97724A0000"	"\Divisions\PD\PCI Sacramento\132259 MO Program Management\001"
"000000009598E9A20E04F041B38518182890A2D50100A3DF33FCC9BD1644BD14FCA330AA978500001C9772940000"	"\Divisions\PD\PCI Sacramento\132259 MO Program Management\002\Engineering"
"000000009598E9A20E04F041B38518182890A2D50100A3DF33FCC9BD1644BD14FCA330AA978500001C97753B0000"	"\Divisions\PD\PCI Sacramento\132259 MO Program Management\007\Engineering Inspection"
"000000009598E9A20E04F041B38518182890A2D50100A3DF33FCC9BD1644BD14FCA330AA978500001C9773AD0000"	"\Divisions\PD\PCI Sacramento\132259 MO Program Management\010\Environmental"
"000000009598E9A20E04F041B38518182890A2D50100A3DF33FCC9BD1644BD14FCA330AA978500001C9774080000"	"\Divisions\PD\PCI Sacramento\132259 MO Program Management\011\Financial"
"000000009598E9A20E04F041B38518182890A2D50100A3DF33FCC9BD1644BD14FCA330AA978500001C9774500000"	"\Divisions\PD\PCI Sacramento\132259 MO Program Management\012\Materials"
"000000009598E9A20E04F041B38518182890A2D50100A3DF33FCC9BD1644BD14FCA330AA978500001C97749E0000"	"\Divisions\PD\PCI Sacramento\132259 MO Program Management\030\Meeting Items"
"000000009598E9A20E04F041B38518182890A2D50100A3DF33FCC9BD1644BD14FCA330AA978500001C9772ED0000"	"\Divisions\PD\PCI Sacramento\132259 MO Program Management\040\Misc"
"000000009598E9A20E04F041B38518182890A2D50100A3DF33FCC9BD1644BD14FCA330AA978500001C97731D0000"	"\Divisions\PD\PCI Sacramento\132259 MO Program Management\060\Real Estate"
"000000009598E9A20E04F041B38518182890A2D50100A3DF33FCC9BD1644BD14FCA330AA978500001C97734C0000"	"\Divisions\PD\PCI Sacramento\132259 MO Program Management\080\RFIs"
"000000009598E9A20E04F041B38518182890A2D50100A3DF33FCC9BD1644BD14FCA330AA978500001C97737B0000"	"\Divisions\PD\PCI Sacramento\132259 MO Program Management\090\Safety"
"000000009598E9A20E04F041B38518182890A2D50100A3DF33FCC9BD1644BD14FCA330AA978500001C976A340000"	"\Divisions\PD\PCI Sacramento\132260 IL Program Management Support\001\Safety"
"000000009598E9A20E04F041B38518182890A2D50100A3DF33FCC9BD1644BD14FCA330AA978500001C976A810000"	"\Divisions\PD\PCI Sacramento\132260 IL Program Management Support\002\Schedule"
"000000009598E9A20E04F041B38518182890A2D50100A3DF33FCC9BD1644BD14FCA330AA978500001C9769D60000"	"\Divisions\PD\PCI Sacramento\132260 IL Program Management Support\003\Scope"
"000000009598E9A20E04F041B38518182890A2D50100A3DF33FCC9BD1644BD14FCA330AA978500001C976AB40000"	"\Divisions\PD\PCI Sacramento\132260 IL Program Management Support\004\TRANSMITTALS"
"000000009598E9A20E04F041B38518182890A2D50100A3DF33FCC9BD1644BD14FCA330AA978500001C976AE60000"	"\Divisions\PD\PCI Sacramento\132260 IL Program Management Support\006"
"000000009598E9A20E04F041B38518182890A2D50100A3DF33FCC9BD1644BD14FCA330AA978500001C976B160000"	"\Divisions\PD\PCI Sacramento\132260 IL Program Management Support\007\Engineering"
"000000009598E9A20E04F041B38518182890A2D50100A3DF33FCC9BD1644BD14FCA330AA978500001C976B450000"	"\Divisions\PD\PCI Sacramento\132260 IL Program Management Support\008\Engineering Inspection"
"000000009598E9A20E04F041B38518182890A2D50100A3DF33FCC9BD1644BD14FCA330AA978500001C976BEE0000"	"\Divisions\PD\PCI Sacramento\132260 IL Program Management Support\009\Environmental"
"000000009598E9A20E04F041B38518182890A2D50100A3DF33FCC9BD1644BD14FCA330AA978500001C976C1E0000"	"\Divisions\PD\PCI Sacramento\132260 IL Program Management Support\010\Financial"
"000000009598E9A20E04F041B38518182890A2D50100A3DF33FCC9BD1644BD14FCA330AA978500001C976C4D0000"	"\Divisions\PD\PCI Sacramento\132260 IL Program Management Support\011\Materials"
"000000009598E9A20E04F041B38518182890A2D50100A3DF33FCC9BD1644BD14FCA330AA978500001C976C7C0000"	"\Divisions\PD\PCI Sacramento\132260 IL Program Management Support\012\Meeting Items"
"000000009598E9A20E04F041B38518182890A2D50100A3DF33FCC9BD1644BD14FCA330AA978500001C976CAC0000"	"\Divisions\PD\PCI Sacramento\132260 IL Program Management Support\013\Misc"
"000000009598E9A20E04F041B38518182890A2D50100A3DF33FCC9BD1644BD14FCA330AA978500001C976CDB0000"	"\Divisions\PD\PCI Sacramento\132260 IL Program Management Support\014\Real Estate"
"000000009598E9A20E04F041B38518182890A2D50100A3DF33FCC9BD1644BD14FCA330AA978500001C976D0B0000"	"\Divisions\PD\PCI Sacramento\132260 IL Program Management Support\015\RFIs"
"000000009598E9A20E04F041B38518182890A2D50100A3DF33FCC9BD1644BD14FCA330AA978500001C976D3B0000"	"\Divisions\PD\PCI Sacramento\132260 IL Program Management Support\016\Safety"
"000000009598E9A20E04F041B38518182890A2D50100A3DF33FCC9BD1644BD14FCA330AA978500001C976D6D0000"	"\Divisions\PD\PCI Sacramento\132260 IL Program Management Support\017\Schedule"
"000000009598E9A20E04F041B38518182890A2D50100A3DF33FCC9BD1644BD14FCA330AA978500001C976D9C0000"	"\Divisions\PD\PCI Sacramento\132260 IL Program Management Support\019\Scope"
"000000009598E9A20E04F041B38518182890A2D50100A3DF33FCC9BD1644BD14FCA330AA978500001C976DD80000"	"\Divisions\PD\PCI Sacramento\132260 IL Program Management Support\020\TRANSMITTALS"
"000000009598E9A20E04F041B38518182890A2D50100A3DF33FCC9BD1644BD14FCA330AA978500001C976EB40000"	"\Divisions\PD\PCI Sacramento\132260 IL Program Management Support\022"
"000000009598E9A20E04F041B38518182890A2D50100A3DF33FCC9BD1644BD14FCA330AA978500001C976EE60000"	"\Divisions\PD\PCI Sacramento\132260 IL Program Management Support\023\Engineering"
"000000009598E9A20E04F041B38518182890A2D50100A3DF33FCC9BD1644BD14FCA330AA978500001C976F150000"	"\Divisions\PD\PCI Sacramento\132260 IL Program Management Support\024\Engineering Inspection"
"000000009598E9A20E04F041B38518182890A2D50100A3DF33FCC9BD1644BD14FCA330AA978500001C976F440000"	"\Divisions\PD\PCI Sacramento\132260 IL Program Management Support\025\Environmental"
"000000009598E9A20E04F041B38518182890A2D50100A3DF33FCC9BD1644BD14FCA330AA978500001C976F730000"	"\Divisions\PD\PCI Sacramento\132260 IL Program Management Support\026\Financial"
"000000009598E9A20E04F041B38518182890A2D50100A3DF33FCC9BD1644BD14FCA330AA978500001C976FA30000"	"\Divisions\PD\PCI Sacramento\132260 IL Program Management Support\027\Materials"
"000000009598E9A20E04F041B38518182890A2D50100A3DF33FCC9BD1644BD14FCA330AA978500001C976FD20000"	"\Divisions\PD\PCI Sacramento\132260 IL Program Management Support\028\Meeting Items"
"000000009598E9A20E04F041B38518182890A2D50100A3DF33FCC9BD1644BD14FCA330AA978500001C9770120000"	"\Divisions\PD\PCI Sacramento\132260 IL Program Management Support\030\Misc"
"000000009598E9A20E04F041B38518182890A2D50100A3DF33FCC9BD1644BD14FCA330AA978500001C9770410000"	"\Divisions\PD\PCI Sacramento\132260 IL Program Management Support\031\Real Estate"
"000000009598E9A20E04F041B38518182890A2D50100A3DF33FCC9BD1644BD14FCA330AA978500001C9770710000"	"\Divisions\PD\PCI Sacramento\132260 IL Program Management Support\032\RFIs"
"000000009598E9A20E04F041B38518182890A2D50100A3DF33FCC9BD1644BD14FCA330AA978500001C9770A00000"	"\Divisions\PD\PCI Sacramento\132260 IL Program Management Support\033\Safety"
"000000009598E9A20E04F041B38518182890A2D50100A3DF33FCC9BD1644BD14FCA330AA978500001C9770CF0000"	"\Divisions\PD\PCI Sacramento\132260 IL Program Management Support\034\Schedule"
"000000009598E9A20E04F041B38518182890A2D50100A3DF33FCC9BD1644BD14FCA330AA978500001C9770FE0000"	"\Divisions\PD\PCI Sacramento\132260 IL Program Management Support\035\Scope"
"000000009598E9A20E04F041B38518182890A2D50100A3DF33FCC9BD1644BD14FCA330AA978500001C9771C70000"	"\Divisions\PD\PCI Sacramento\132260 IL Program Management Support\036\TRANSMITTALS"
"000000009598E9A20E04F041B38518182890A2D50100A3DF33FCC9BD1644BD14FCA330AA978500001D5A62080000"	"\Divisions\PD\PCI Sacramento\132260 IL Program Management Support\038"
"000000009598E9A20E04F041B38518182890A2D50100A3DF33FCC9BD1644BD14FCA330AA978500001D5A62580000"	"\Divisions\PD\PCI Sacramento\132260 IL Program Management Support\039\Engineering"
"000000009598E9A20E04F041B38518182890A2D50100A3DF33FCC9BD1644BD14FCA330AA978500001D5A62AB0000"	"\Divisions\PD\PCI Sacramento\132260 IL Program Management Support\040\Engineering Inspection"
"000000009598E9A20E04F041B38518182890A2D50100A3DF33FCC9BD1644BD14FCA330AA978500001D5A63B10000"	"\Divisions\PD\PCI Sacramento\132260 IL Program Management Support\041\Environmental"
"000000009598E9A20E04F041B38518182890A2D50100A3DF33FCC9BD1644BD14FCA330AA978500001D0FE8300000"	"\Divisions\PD\PCI Sacramento\133432 RS-SPEARVILLE 345kV SUBST"
"000000009598E9A20E04F041B38518182890A2D50100A3DF33FCC9BD1644BD14FCA330AA97850000248190C10000"	"\Divisions\PD\PCI Sacramento\139413 - FRANKLIN MCCOMB ENGG SUPP D&C"
"000000009598E9A20E04F041B38518182890A2D5010012225CC57BF01F4EA8CCA87A792FF35F0000DC3DE7320000"	"\Divisions\PD\PCI Sacramento\146862 - EOC PLAYOOK STAGE 4&5"
"000000009598E9A20E04F041B38518182890A2D5010012225CC57BF01F4EA8CCA87A792FF35F00028CB795610000"	"\Divisions\PD\PCI Sacramento\157557 P25 230KV TLINE"
"000000009598E9A20E04F041B38518182890A2D50100A3DF33FCC9BD1644BD14FCA330AA978500000EBD895D0000"	"\Divisions\PD\PDS Group Phoenix"
"000000009598E9A20E04F041B38518182890A2D50100A3DF33FCC9BD1644BD14FCA330AA9785000016200AAE0000"	"\Divisions\PD\PDS Group Phoenix\124953 Comm Enrge Maricopa Solar Proj"
"000000009598E9A20E04F041B38518182890A2D50100A3DF33FCC9BD1644BD14FCA330AA97850000162001210000"	"\Divisions\PD\PDS Group Phoenix\124980 NM Transmission Intercon Sup"
"000000009598E9A20E04F041B38518182890A2D50100A3DF33FCC9BD1644BD14FCA330AA978500001B17E0DB0000"	"\Divisions\PD\PDS Group Phoenix\124987 TEP UNS Mohave Couty RMR\Mohave\2012\N. Havasu T3"
"000000009598E9A20E04F041B38518182890A2D50100A3DF33FCC9BD1644BD14FCA330AA978500001B220D8D0000"	"\Divisions\PD\PDS Group Phoenix\124988 TEP UNS Kingman Wind II\WESTERN WIND - Steel Park[16w+4s]\SIS I\proposal"
"000000009598E9A20E04F041B38518182890A2D50100A3DF33FCC9BD1644BD14FCA330AA97850000162006030000"	"\Divisions\PD\PDS Group Phoenix\125702 GRUPO T-Solar Xmsn Intercon"
"000000009598E9A20E04F041B38518182890A2D50100A3DF33FCC9BD1644BD14FCA330AA97850000175494370000"	"\Divisions\PD\PDS Group Phoenix\127178 IID Work Order #3"
"000000009598E9A20E04F041B38518182890A2D50100A3DF33FCC9BD1644BD14FCA330AA9785000017B574000000"	"\Divisions\PD\PDS Group Phoenix\128059 Torch Allen Flats Wind"
"000000009598E9A20E04F041B38518182890A2D50100A3DF33FCC9BD1644BD14FCA330AA9785000019C481C80000"	"\Divisions\PD\PDS Group Phoenix\130538 Idaho Falls Gem State Hydro"
"000000009598E9A20E04F041B38518182890A2D50100A3DF33FCC9BD1644BD14FCA330AA978500001B3B64E70000"	"\Divisions\PD\PDS Group Phoenix\131868 HOPI Tribe GSA Support"
"000000009598E9A20E04F041B38518182890A2D50100A3DF33FCC9BD1644BD14FCA330AA978500001C83BFA40000"	"\Divisions\PD\PDS Group Phoenix\133091 APS SOL Interaction"
"000000009598E9A20E04F041B38518182890A2D50100A3DF33FCC9BD1644BD14FCA330AA978500001D88E3400000"	"\Divisions\PD\PDS Group Phoenix\133846 System Impact Study"
"000000009598E9A20E04F041B38518182890A2D50100A3DF33FCC9BD1644BD14FCA330AA978500002D5C070A0000"	"\Divisions\PD\Phoenix\Phoenix calendar"
"000000009598E9A20E04F041B38518182890A2D5010012225CC57BF01F4EA8CCA87A792FF35F0005387681810000"	"\Divisions\PD\PM Group\169043_T27394_Dade-Airport 138kV Reconductor\Permits_EA\Site Visit_Inspection"
"000000009598E9A20E04F041B38518182890A2D5010012225CC57BF01F4EA8CCA87A792FF35F0004D40AC2200000"	"\Divisions\PD\Program Services\Program Services\Dept.\Dept 0165"
"000000009598E9A20E04F041B38518182890A2D50100A3DF33FCC9BD1644BD14FCA330AA978500001F2347DC0000"	"\Divisions\PD\Project Control\100428\Tadpole Cartesia"
"000000009598E9A20E04F041B38518182890A2D501006C95E27D1ACA634AA1AADC20796388DD000000522F910000"	"\Divisions\PD\Project Control\110645 MPM- ELectric Power Supply\110645 MPM- ELectric Power Supply"
"000000009598E9A20E04F041B38518182890A2D501006C95E27D1ACA634AA1AADC20796388DD00000053BA8A0000"	"\Divisions\PD\Project Control\112485- Catenary Installation\Westburne Electric"
"000000009598E9A20E04F041B38518182890A2D501006C95E27D1ACA634AA1AADC20796388DD00000049C5890000"	"\Divisions\PD\Project Control\113074- Mountain Wind II Line Rebuild"
"000000009598E9A20E04F041B38518182890A2D501006C95E27D1ACA634AA1AADC20796388DD00000092A70C0000"	"\Divisions\PD\Project Control\113487 - Kent County 1 - National Grid\Graybar"
"000000009598E9A20E04F041B38518182890A2D50100CB7D9B6512D7374A860FE542D57703920000012496E00000"	"\Divisions\PD\Project Control\113487 - Kent County 2 - National Grid\Bellingham Sub"
"000000009598E9A20E04F041B38518182890A2D501006C95E27D1ACA634AA1AADC20796388DD000000D2A5EC0000"	"\Divisions\PD\Project Control\113487 - Kent County 2 - National Grid\PowerFab"
"000000009598E9A20E04F041B38518182890A2D501006C95E27D1ACA634AA1AADC20796388DD00000049C5950000"	"\Divisions\PD\Project Control\113897- Easilinc Protection Modules"
"000000009598E9A20E04F041B38518182890A2D501006C95E27D1ACA634AA1AADC20796388DD000000522F8F0000"	"\Divisions\PD\Project Control\114237- SCADA P-998 Upgrades\110645 MPM- ELectric Power Supply"
"000000009598E9A20E04F041B38518182890A2D501006C95E27D1ACA634AA1AADC20796388DD0000006598890000"	"\Divisions\PD\Project Control\115069 - High Lonesome\CDW"
"000000009598E9A20E04F041B38518182890A2D501006C95E27D1ACA634AA1AADC20796388DD00000064FE7D0000"	"\Divisions\PD\Project Control\115446 - Scolari Roaster Rebuild - Starbucks\Corbett Ind."
"000000009598E9A20E04F041B38518182890A2D501006C95E27D1ACA634AA1AADC20796388DD0000007E9D480000"	"\Divisions\PD\Project Control\116611 - Black Rock"
"000000009598E9A20E04F041B38518182890A2D501006C95E27D1ACA634AA1AADC20796388DD0000006F9A9A0000"	"\Divisions\PD\Project Control\117420 - Stillwater New Wells Pipeline - ENEL"
"000000009598E9A20E04F041B38518182890A2D501006C95E27D1ACA634AA1AADC20796388DD000000BA44AE0000"	"\Divisions\PD\Project Control\117587 - Midwest Ogallah Switchyard\Southern States"
"000000009598E9A20E04F041B38518182890A2D501006C95E27D1ACA634AA1AADC20796388DD0000008F15A00000"	"\Divisions\PD\Project Control\118849 - Princeton University SCADA"
"000000009598E9A20E04F041B38518182890A2D501006C95E27D1ACA634AA1AADC20796388DD000000B05DAA0000"	"\Divisions\PD\Project Control\119722 - Kittitas Valley"
"000000009598E9A20E04F041B38518182890A2D501006C95E27D1ACA634AA1AADC20796388DD000000CBB76D0000"	"\Divisions\PD\Project Control\120061 - INT & PROT SITE SUPPORT - Horizon Wind"
"000000009598E9A20E04F041B38518182890A2D501006C95E27D1ACA634AA1AADC20796388DD000000D90E0E0000"	"\Divisions\PD\Project Control\121264 - Nikiski Substation\Mitsubishi (MEPPI)"
"000000009598E9A20E04F041B38518182890A2D50100CB7D9B6512D7374A860FE542D577039200000121EAD30000"	"\Divisions\PD\Project Control\121659 - SEPC / SPP NTC Phase One & Planning\Disconnect Switches"
"000000009598E9A20E04F041B38518182890A2D50100CB7D9B6512D7374A860FE542D577039200000117489E0000"	"\Divisions\PD\Project Control\121660 - Clipper Shooting Star\Batteries"
"000000009598E9A20E04F041B38518182890A2D50100CB7D9B6512D7374A860FE542D57703920000011F31800000"	"\Divisions\PD\Project Control\121660 - Clipper Shooting Star\SB Systems"
"000000009598E9A20E04F041B38518182890A2D501001953B16A689BCD4AA8FC82955DB27CB1000000E960DC0000"	"\Divisions\PD\Project Control\122901 - EITP Owner's Engineer"
"000000009598E9A20E04F041B38518182890A2D50100CB7D9B6512D7374A860FE542D57703920000012693A80000"	"\Divisions\PD\Project Control\123097 - DSCADA / Progress Energy\Kemco"
"000000009598E9A20E04F041B38518182890A2D501001953B16A689BCD4AA8FC82955DB27CB100000104C0D40000"	"\Divisions\PD\Project Control\123451 - St. John Substation / SEPC\Alstom Grid - Line Trap"
"000000009598E9A20E04F041B38518182890A2D501001953B16A689BCD4AA8FC82955DB27CB1000001E051F10000"	"\Divisions\PD\Project Control\123690 - 11 Meter Radome"
"000000009598E9A20E04F041B38518182890A2D50100A3DF33FCC9BD1644BD14FCA330AA9785000016F972040000"	"\Divisions\PD\Project Control\124256 - Barber Sub.\Alstom Grid - Line Trap"
"000000009598E9A20E04F041B38518182890A2D50100A3DF33FCC9BD1644BD14FCA330AA978500001736F15C0000"	"\Divisions\PD\Project Control\124256 - Barber Sub.\Panels"
"000000009598E9A20E04F041B38518182890A2D50100A3DF33FCC9BD1644BD14FCA330AA978500001DB749AE0000"	"\Divisions\PD\Project Control\124354 - RR to Barber Eng\RFP's"
"000000009598E9A20E04F041B38518182890A2D50100A3DF33FCC9BD1644BD14FCA330AA9785000017FF28110000"	"\Divisions\PD\Project Control\125583 - Cimarron Substation\Galvanizers - Sub Steel"
"000000009598E9A20E04F041B38518182890A2D50100A3DF33FCC9BD1644BD14FCA330AA97850000172DA15C0000"	"\Divisions\PD\Project Control\125583 - Cimarron Substation\POWELL - Switchgear"
"000000009598E9A20E04F041B38518182890A2D50100A3DF33FCC9BD1644BD14FCA330AA9785000019320EF40000"	"\Divisions\PD\Project Control\125583 - Cimarron Substation\RFQ - Phase 2 Hardware"
"000000009598E9A20E04F041B38518182890A2D50100A3DF33FCC9BD1644BD14FCA330AA9785000017FC4D690000"	"\Divisions\PD\Project Control\125583 - Cimarron Substation\Subcontractor RFQ's\Foundations - BP3"
"000000009598E9A20E04F041B38518182890A2D50100A3DF33FCC9BD1644BD14FCA330AA9785000017FEA8720000"	"\Divisions\PD\Project Control\126373 - Harper Sub.\RFQ - CCVT"
"000000009598E9A20E04F041B38518182890A2D50100A3DF33FCC9BD1644BD14FCA330AA9785000017FFD4DC0000"	"\Divisions\PD\Project Control\126376 - Harper to Flat Ridge"
"000000009598E9A20E04F041B38518182890A2D50100A3DF33FCC9BD1644BD14FCA330AA978500001E51F04A0000"	"\Divisions\PD\Project Control\126376 - Harper to Flat Ridge\RFQ - Barber to Flatridge T-Line Materials\Lynn Elliott Co."
"000000009598E9A20E04F041B38518182890A2D50100A3DF33FCC9BD1644BD14FCA330AA9785000018E1A8810000"	"\Divisions\PD\Project Control\128070 - Macho Springs Solar\CCVT"
"000000009598E9A20E04F041B38518182890A2D50100A3DF33FCC9BD1644BD14FCA330AA9785000018DE4B1A0000"	"\Divisions\PD\Project Control\128070 - Macho Springs Solar\Disconnect Switches\Alstom Grid"
"000000009598E9A20E04F041B38518182890A2D50100A3DF33FCC9BD1644BD14FCA330AA9785000018DE625E0000"	"\Divisions\PD\Project Control\128070 - Macho Springs Solar\Transformer, 345kV\SPX / Waukesha"
"000000009598E9A20E04F041B38518182890A2D50100A3DF33FCC9BD1644BD14FCA330AA978500001A903CD20000"	"\Divisions\PD\Project Control\129781 - River Road\Line Trap & Tuner"
"000000009598E9A20E04F041B38518182890A2D50100A3DF33FCC9BD1644BD14FCA330AA978500001A903CDC0000"	"\Divisions\PD\Project Control\129781 - River Road\Surge Arresters, 76kV"
"000000009598E9A20E04F041B38518182890A2D50100A3DF33FCC9BD1644BD14FCA330AA978500001DD269EF0000"	"\Divisions\PD\Project Control\130766 - CRS PH2\RFQ's\500 kcmil Cable"
"000000009598E9A20E04F041B38518182890A2D50100A3DF33FCC9BD1644BD14FCA330AA978500001CD600560000"	"\Divisions\PD\Project Control\130766 - CRS PH2\RFQ's\Wall Bushings"
"000000009598E9A20E04F041B38518182890A2D50100A3DF33FCC9BD1644BD14FCA330AA978500001D00CEA70000"	"\Divisions\PD\Project Control\132085 - East Hall Sub.\Kemco - Control Panels"
"000000009598E9A20E04F041B38518182890A2D50100A3DF33FCC9BD1644BD14FCA330AA978500001D4C72740000"	"\Divisions\PD\Project Control\132085 - East Hall Sub.\RFQ's\CCVT"
"000000009598E9A20E04F041B38518182890A2D50100A3DF33FCC9BD1644BD14FCA330AA978500001CD59BC80000"	"\Divisions\PD\Project Control\132085 - East Hall Sub.\RFQ's\Recloser"
"000000009598E9A20E04F041B38518182890A2D50100A3DF33FCC9BD1644BD14FCA330AA978500001C87DF840000"	"\Divisions\PD\Project Control\132085 - East Hall Sub.\Southern States - Circuit Switcher"
"000000009598E9A20E04F041B38518182890A2D50100A3DF33FCC9BD1644BD14FCA330AA978500001DD27CD10000"	"\Divisions\PD\Project Control\133317 - RS Shooflys & Lines\Kriz Davis - T-Line Material"
"000000009598E9A20E04F041B38518182890A2D50100A3DF33FCC9BD1644BD14FCA330AA978500001E46F62C0000"	"\Divisions\PD\Project Control\133317 - RS Shooflys & Lines\RFQ's\NFD Interchange Materials\WUE"
"000000009598E9A20E04F041B38518182890A2D50100A3DF33FCC9BD1644BD14FCA330AA978500001E4E8BBC0000"	"\Divisions\PD\Project Control\133430 - North Fort Dodge\Oldcastle Precast"
"000000009598E9A20E04F041B38518182890A2D50100A3DF33FCC9BD1644BD14FCA330AA978500001DABCCDE0000"	"\Divisions\PD\Project Control\133430 - North Fort Dodge\RFQ's\CCVT\ABB"
"000000009598E9A20E04F041B38518182890A2D50100A3DF33FCC9BD1644BD14FCA330AA978500001DB0E0F50000"	"\Divisions\PD\Project Control\133430 - North Fort Dodge\RFQ's\Disconnect Switches, 115kV"
"000000009598E9A20E04F041B38518182890A2D50100A3DF33FCC9BD1644BD14FCA330AA978500001DB3C76B0000"	"\Divisions\PD\Project Control\133430 - North Fort Dodge\RFQ's\Surge Arresters, 76kV\KC Utility"
"000000009598E9A20E04F041B38518182890A2D50100A3DF33FCC9BD1644BD14FCA330AA978500001D8B6C020000"	"\Divisions\PD\Project Control\133432 - Spearville Substation"
"000000009598E9A20E04F041B38518182890A2D50100A3DF33FCC9BD1644BD14FCA330AA978500001FA9EAAA0000"	"\Divisions\PD\Project Control\133432 - Spearville Substation\QSS - Charger and Spill Containment"
"000000009598E9A20E04F041B38518182890A2D50100A3DF33FCC9BD1644BD14FCA330AA978500001F0A45CB0000"	"\Divisions\PD\Project Control\133432 - Spearville Substation\RFP's\Site Preparation Subcontractor\Stoppel Dirt"
"000000009598E9A20E04F041B38518182890A2D50100A3DF33FCC9BD1644BD14FCA330AA978500001F2A6C8F0000"	"\Divisions\PD\Project Control\133432 - Spearville Substation\RFQ's\Battery System"
"000000009598E9A20E04F041B38518182890A2D50100A3DF33FCC9BD1644BD14FCA330AA978500001E0602800000"	"\Divisions\PD\Project Control\133432 - Spearville Substation\Trench - VT's, 115kV"
"000000009598E9A20E04F041B38518182890A2D50100A3DF33FCC9BD1644BD14FCA330AA978500001DCA04D40000"	"\Divisions\PD\Project Control\133548 - RS-NFD to Spearville 115kV\RFQ's\115kV T-Line Insulators"
"000000009598E9A20E04F041B38518182890A2D50100A3DF33FCC9BD1644BD14FCA330AA9785000021DAD0A70000"	"\Divisions\PD\Project Control\134710 - Cimarron River Sub PH2\Culligan - Water Service"
"000000009598E9A20E04F041B38518182890A2D50100A3DF33FCC9BD1644BD14FCA330AA97850000230229F20000"	"\Divisions\PD\Project Control\134710 - Cimarron River Sub PH2\HD Supply - Additional OH Hardware"
"000000009598E9A20E04F041B38518182890A2D50100A3DF33FCC9BD1644BD14FCA330AA9785000021C08F700000"	"\Divisions\PD\Project Control\134710 - Cimarron River Sub PH2\RFP's\Concrete Testing\GSI Engineering"
"000000009598E9A20E04F041B38518182890A2D50100A3DF33FCC9BD1644BD14FCA330AA9785000020D821CE0000"	"\Divisions\PD\Project Control\134710 - Cimarron River Sub PH2\RFP's\Substation Construction\2015 Scope\Hooper"
"000000009598E9A20E04F041B38518182890A2D50100A3DF33FCC9BD1644BD14FCA330AA978500001E2FA9F20000"	"\Divisions\PD\Project Control\134710 - Cimarron River Sub PH2\RFQ's\500kcmil Cable\Wesco"
"000000009598E9A20E04F041B38518182890A2D50100A3DF33FCC9BD1644BD14FCA330AA978500001F2B12750000"	"\Divisions\PD\Project Control\134710 - Cimarron River Sub PH2\RFQ's\CLR Terminations"
"000000009598E9A20E04F041B38518182890A2D50100A3DF33FCC9BD1644BD14FCA330AA978500001EC056430000"	"\Divisions\PD\Project Control\134710 - Cimarron River Sub PH2\RFQ's\Current Limiting Reactor, Outdoor\Trench"
"000000009598E9A20E04F041B38518182890A2D50100A3DF33FCC9BD1644BD14FCA330AA978500001E6697160000"	"\Divisions\PD\Project Control\134710 - Cimarron River Sub PH2\RFQ's\Misc Substation Materials\Kriz Davis"
"000000009598E9A20E04F041B38518182890A2D50100A3DF33FCC9BD1644BD14FCA330AA978500001ED7E1F40000"	"\Divisions\PD\Project Control\134710 - Cimarron River Sub PH2\RFQ's\OH Line Hardware and Conductor\KC Utility"
"000000009598E9A20E04F041B38518182890A2D50100A3DF33FCC9BD1644BD14FCA330AA978500001E47C5FA0000"	"\Divisions\PD\Project Control\134710 - Cimarron River Sub PH2\RFQ's\SCADA & Control\Loose Parts\Wesco"
"000000009598E9A20E04F041B38518182890A2D50100A3DF33FCC9BD1644BD14FCA330AA9785000021720FE60000"	"\Divisions\PD\Project Control\134710 - Cimarron River Sub PH2\RFQ's\Through-Wall Bushings\Powell"
"000000009598E9A20E04F041B38518182890A2D50100A3DF33FCC9BD1644BD14FCA330AA9785000025DD69900000"	"\Divisions\PD\Project Control\135673 - High Point Substation\ABB - CCVT"
"000000009598E9A20E04F041B38518182890A2D50100A3DF33FCC9BD1644BD14FCA330AA9785000027A709480000"	"\Divisions\PD\Project Control\135673 - High Point Substation\Pinnacle Steel - Substation Steel Structures"
"000000009598E9A20E04F041B38518182890A2D50100A3DF33FCC9BD1644BD14FCA330AA9785000026B5723B0000"	"\Divisions\PD\Project Control\135673 - High Point Substation\RFQ's\Battery System\Enersys (CBM)"
"000000009598E9A20E04F041B38518182890A2D50100A3DF33FCC9BD1644BD14FCA330AA978500002598F7160000"	"\Divisions\PD\Project Control\135673 - High Point Substation\RFQ's\Control Building\Thermo Bond"
"000000009598E9A20E04F041B38518182890A2D50100A3DF33FCC9BD1644BD14FCA330AA978500002857F33D0000"	"\Divisions\PD\Project Control\135673 - High Point Substation\RFQ's\Miscellaneous Material\Misc Materials\Anixter"
"000000009598E9A20E04F041B38518182890A2D50100A3DF33FCC9BD1644BD14FCA330AA9785000026A4EE390000"	"\Divisions\PD\Project Control\135673 - High Point Substation\RFQ's\Surge Arresters\Kriz Davis"
"000000009598E9A20E04F041B38518182890A2D50100A3DF33FCC9BD1644BD14FCA330AA97850000202CA95E0000"	"\Divisions\PD\Project Control\136342 - St John to Harper SWPPP Closeout\KDHE"
"000000009598E9A20E04F041B38518182890A2D50100A3DF33FCC9BD1644BD14FCA330AA9785000028C7631D0000"	"\Divisions\PD\Project Control\140907\GE - Diodes"
"000000009598E9A20E04F041B38518182890A2D5010012225CC57BF01F4EA8CCA87A792FF35F00024EA61BA40000"	"\Divisions\PD\Project Control\155690 - Oncor 2019 Substation Coordination"
"000000009598E9A20E04F041B38518182890A2D501006C95E27D1ACA634AA1AADC20796388DD00000023BD290000"	"\Divisions\PD\Project Control\Contacts\Inspector file"
"000000009598E9A20E04F041B38518182890A2D50100A3DF33FCC9BD1644BD14FCA330AA9785000028C688A10000"	"\Divisions\PD\Project Management Boise\141318_Harry Allen Eldorado"
"000000009598E9A20E04F041B38518182890A2D5010012225CC57BF01F4EA8CCA87A792FF35F00000C4525EA0000"	"\Divisions\PD\Project Management Boise\141527_PECL Design\SUB"
"000000009598E9A20E04F041B38518182890A2D5010012225CC57BF01F4EA8CCA87A792FF35F00003452E68E0000"	"\Divisions\PD\Project Management Boise\142892_PECL Project Management\SCH"
"000000009598E9A20E04F041B38518182890A2D5010012225CC57BF01F4EA8CCA87A792FF35F00004480C33A0000"	"\Divisions\PD\Project Management Boise\144130_PECL Stations\PER"
"000000009598E9A20E04F041B38518182890A2D5010012225CC57BF01F4EA8CCA87A792FF35F0000B7D8B1F50000"	"\Divisions\PD\Project Management Boise\Aaron Boston\132155 PSE Eastside\5mA Study"
"000000009598E9A20E04F041B38518182890A2D50100A3DF33FCC9BD1644BD14FCA330AA9785000026154BD60000"	"\Divisions\PD\Project Management Boise\Aaron Boston\140073 Palmdale Energy 230kV"
"000000009598E9A20E04F041B38518182890A2D5010012225CC57BF01F4EA8CCA87A792FF35F0000057480570000"	"\Divisions\PD\Project Management Boise\Aaron Boston\143441 Chev H2 Rack YLN Poles-uploaded to PW"
"000000009598E9A20E04F041B38518182890A2D501006C95E27D1ACA634AA1AADC20796388DD00000097D9830000"	"\Divisions\PD\Project Management Boise\John Oglevie\000000    MTN Laurel"
"000000009598E9A20E04F041B38518182890A2D501006C95E27D1ACA634AA1AADC20796388DD0000006E29B10000"	"\Divisions\PD\Project Management Boise\John Oglevie\113362    SONORA TT RELAY 69"
"000000009598E9A20E04F041B38518182890A2D501006C95E27D1ACA634AA1AADC20796388DD0000006E29AC0000"	"\Divisions\PD\Project Management Boise\John Oglevie\113850    PAINT VLY SW INST 69 GOAB"
"000000009598E9A20E04F041B38518182890A2D501006C95E27D1ACA634AA1AADC20796388DD00000096F8B10000"	"\Divisions\PD\Project Management Boise\John Oglevie\114198    OKLAUNION AS BUILT"
"000000009598E9A20E04F041B38518182890A2D50100A3DF33FCC9BD1644BD14FCA330AA9785000019F39DFE0000"	"\Divisions\PD\Project Management Boise\John Oglevie\114411    ENERGY GATEWAY WEST\114411_c"
"000000009598E9A20E04F041B38518182890A2D501006C95E27D1ACA634AA1AADC20796388DD0000006E299A0000"	"\Divisions\PD\Project Management Boise\John Oglevie\114900    MULBERRY CRK RPCL RELAY"
"000000009598E9A20E04F041B38518182890A2D501006C95E27D1ACA634AA1AADC20796388DD00000094AD2E0000"	"\Divisions\PD\Project Management Boise\John Oglevie\115504    SAPS UPG 138KV SAN ANGELO"
"000000009598E9A20E04F041B38518182890A2D50100A3DF33FCC9BD1644BD14FCA330AA9785000019E35F2D0000"	"\Divisions\PD\Project Management Boise\John Oglevie\116122    HEMINGWAY CM\116122_c"
"000000009598E9A20E04F041B38518182890A2D50100A3DF33FCC9BD1644BD14FCA330AA978500001A03C3D00000"	"\Divisions\PD\Project Management Boise\John Oglevie\119108    SAN JACINTO Pre-2011\119108_c"
"000000009598E9A20E04F041B38518182890A2D50100A3DF33FCC9BD1644BD14FCA330AA978500001A9BD4430000"	"\Divisions\PD\Project Management Boise\John Oglevie\119108    SAN JACINTO Pre-2011\119108_r"
"000000009598E9A20E04F041B38518182890A2D501006C95E27D1ACA634AA1AADC20796388DD000000ECC57A0000"	"\Divisions\PD\Project Management Boise\John Oglevie\122219    STARKEY REPL 12KV CBS B,C"
"000000009598E9A20E04F041B38518182890A2D50100CB7D9B6512D7374A860FE542D57703920000011E85450000"	"\Divisions\PD\Project Management Boise\John Oglevie\123023   JOHN'S CREEK EXP: REPL REGS"
"000000009598E9A20E04F041B38518182890A2D50100A3DF33FCC9BD1644BD14FCA330AA9785000027A305EC0000"	"\Divisions\PD\Project Management Boise\Pat Hasenoehrl\Michels CVPC"
"000000009598E9A20E04F041B38518182890A2D50100572FF007A7D6B64CA96E5CFE8E1CC1A400000049F2740000"	"\Divisions\PD\Project Management Hailey\120741 Beaver Creek"
"000000009598E9A20E04F041B38518182890A2D50100572FF007A7D6B64CA96E5CFE8E1CC1A4000000643CFD0000"	"\Divisions\PD\Project Management Hailey\122163 H Power Covanta"
"000000009598E9A20E04F041B38518182890A2D50100A3DF33FCC9BD1644BD14FCA330AA9785000016D9E5410000"	"\Divisions\PD\Project Management Hailey\124186 OE Energy Gateway South\00 Project Management\01 Administration\ODIR_Duplicate_Items"
"000000009598E9A20E04F041B38518182890A2D50100A3DF33FCC9BD1644BD14FCA330AA978500000E7F4A870000"	"\Divisions\PD\Project Management Hailey\124186 OE Energy Gateway South\00 Project Management\05 Project Meetings\02 POWER"
"000000009598E9A20E04F041B38518182890A2D50100A3DF33FCC9BD1644BD14FCA330AA978500000E7F87FF0000"	"\Divisions\PD\Project Management Hailey\124186 OE Energy Gateway South\00 Project Management\07 Project Manager\Internal Coordination"
"000000009598E9A20E04F041B38518182890A2D50100A3DF33FCC9BD1644BD14FCA330AA978500000E7EBFB10000"	"\Divisions\PD\Project Management Hailey\124186 OE Energy Gateway South\01 Preliminary Tech Requirements\01 T-Line\08 Alignment"
"000000009598E9A20E04F041B38518182890A2D501001953B16A689BCD4AA8FC82955DB27CB1000001E1E38A0000"	"\Divisions\PD\Project Management Hailey\124186 OE Energy Gateway South\01 Preliminary Tech Requirements\03 Access Roads & Other Facilities"
"000000009598E9A20E04F041B38518182890A2D501001953B16A689BCD4AA8FC82955DB27CB1000001E1E3A20000"	"\Divisions\PD\Project Management Hailey\124186 OE Energy Gateway South\03 Permitting Process Support\05 Meetings & Public Involvement"
"000000009598E9A20E04F041B38518182890A2D501001953B16A689BCD4AA8FC82955DB27CB1000001F131C10000"	"\Divisions\PD\Project Management Hailey\124186 OE Energy Gateway South\05 ROW and ROE Support\05 ROW Field Reviews"
"000000009598E9A20E04F041B38518182890A2D50100A3DF33FCC9BD1644BD14FCA330AA97850000176D7AD50000"	"\Divisions\PD\Project Management Hailey\124521 Alta Infill Bid"
"000000009598E9A20E04F041B38518182890A2D50100A3DF33FCC9BD1644BD14FCA330AA978500001766B9210000"	"\Divisions\PD\Project Management Hailey\127600 Alta East Prelim Line Design"
"000000009598E9A20E04F041B38518182890A2D50100A3DF33FCC9BD1644BD14FCA330AA978500001DD9ADE50000"	"\Divisions\PD\Project Management Hailey\134622 Everpwr Trng O&M"
"000000009598E9A20E04F041B38518182890A2D50100A3DF33FCC9BD1644BD14FCA330AA97850000241E4B3F0000"	"\Divisions\PD\Project Management Hailey\139312 - Flowind Procurement"
"000000009598E9A20E04F041B38518182890A2D50100A3DF33FCC9BD1644BD14FCA330AA978500002BC65DC00000"	"\Divisions\PD\Project Management Hailey\142302 - ENGINEERING CERTIFICATIONS"
"000000009598E9A20E04F041B38518182890A2D5010012225CC57BF01F4EA8CCA87A792FF35F000187FDEF050000"	"\Divisions\PD\Project Management Hailey\151360_Stateline-Stegall"
"000000009598E9A20E04F041B38518182890A2D50100A3DF33FCC9BD1644BD14FCA330AA978500001DB11E5F0000"	"\Divisions\PD\Project Management Hailey\KMP_TLBU\Subject Matter Teams\Structures"
"000000009598E9A20E04F041B38518182890A2D50100A3DF33FCC9BD1644BD14FCA330AA97850000172093CE0000"	"\Divisions\PD\Project Management Hailey\VEA\000 VEA General Reference\Line"
"000000009598E9A20E04F041B38518182890A2D50100A3DF33FCC9BD1644BD14FCA330AA978500001F913D560000"	"\Divisions\PD\Project Management Hailey\VEA\002 Project Closed\127351_Transmission Relaying_Criterial Development"
"000000009598E9A20E04F041B38518182890A2D50100A3DF33FCC9BD1644BD14FCA330AA978500001DCD7D3E0000"	"\Divisions\PD\Project Management Hailey\VEA\002 Project Closed\129409-RTU Upgrade"
"000000009598E9A20E04F041B38518182890A2D50100A3DF33FCC9BD1644BD14FCA330AA978500001770DC9D0000"	"\Divisions\PD\Project Management Hailey\VEA\xxxxx_Pah-Mead 230kV Clearance Fixes"
"000000009598E9A20E04F041B38518182890A2D50100E34BFE500669CD49AC2E27C6C54DE39D00000025D3B30000"	"\Divisions\PD\Project Management St. Louis\112260 LS Power GSA\07-Arlington Valley"
"000000009598E9A20E04F041B38518182890A2D50100E34BFE500669CD49AC2E27C6C54DE39D0000000AFCDD0000"	"\Divisions\PD\Project Managment Houston\00-DMS UPLOAD"
"000000009598E9A20E04F041B38518182890A2D50100E34BFE500669CD49AC2E27C6C54DE39D00000018EF120000"	"\Divisions\PD\PTE Houston\114672_CenterPoint"
"000000009598E9A20E04F041B38518182890A2D501006C95E27D1ACA634AA1AADC20796388DD000000C850D40000"	"\Divisions\PD\PTE\Anaheim/SD Projects\121073  KILROY EMG CB TRIP EL SEG."
"000000009598E9A20E04F041B38518182890A2D501006C95E27D1ACA634AA1AADC20796388DD000000D16DE70000"	"\Divisions\PD\PTE\Anaheim/SD Projects\121336 UCSD THORNTON ANNUAL TEST"
"000000009598E9A20E04F041B38518182890A2D501006C95E27D1ACA634AA1AADC20796388DD000000E21FDA0000"	"\Divisions\PD\PTE\Anaheim/SD Projects\121852 STEINY Test Urgent Care UCSDMC"
"000000009598E9A20E04F041B38518182890A2D501006C95E27D1ACA634AA1AADC20796388DD000000F320D80000"	"\Divisions\PD\PTE\Anaheim/SD Projects\122476 Precision Test Prospect Ave"
"000000009598E9A20E04F041B38518182890A2D50100CB7D9B6512D7374A860FE542D57703920000011924C10000"	"\Divisions\PD\PTE\Anaheim/SD Projects\122850 Dyna Raytheon-Ground Fault"
"000000009598E9A20E04F041B38518182890A2D50100CB7D9B6512D7374A860FE542D5770392000001297DAE0000"	"\Divisions\PD\PTE\Anaheim/SD Projects\123344 David C McCollom WTP"
"000000009598E9A20E04F041B38518182890A2D501001953B16A689BCD4AA8FC82955DB27CB1000000C57B120000"	"\Divisions\PD\PTE\Anaheim/SD Projects\123660 Oxbow: 1270 Pier G Ave"
"000000009598E9A20E04F041B38518182890A2D501001953B16A689BCD4AA8FC82955DB27CB1000000F343010000"	"\Divisions\PD\PTE\Anaheim/SD Projects\123830 Dyna: Niland Gas Peaker Plant"
"000000009598E9A20E04F041B38518182890A2D501001953B16A689BCD4AA8FC82955DB27CB100000133444A0000"	"\Divisions\PD\PTE\Anaheim/SD Projects\124107 (DAN) MENIFEE ELEM SCHOOL #9 "
"000000009598E9A20E04F041B38518182890A2D501001953B16A689BCD4AA8FC82955DB27CB100000165B4CF0000"	"\Divisions\PD\PTE\Anaheim/SD Projects\124329 OCWD FOREBAY FOACILITIES "
"000000009598E9A20E04F041B38518182890A2D501001953B16A689BCD4AA8FC82955DB27CB100000172E04D0000"	"\Divisions\PD\PTE\Anaheim/SD Projects\124429 GE MONDAY 10/17 "
"000000009598E9A20E04F041B38518182890A2D501001953B16A689BCD4AA8FC82955DB27CB1000001CCB99F0000"	"\Divisions\PD\PTE\Anaheim/SD Projects\124662 (SOLAR) OIL SAMPLES "
"000000009598E9A20E04F041B38518182890A2D501001953B16A689BCD4AA8FC82955DB27CB1000001D8197A0000"	"\Divisions\PD\PTE\Anaheim/SD Projects\124814 (SOLAR) TEST CELL TC22 "
"000000009598E9A20E04F041B38518182890A2D501001953B16A689BCD4AA8FC82955DB27CB1000001F3EC890000"	"\Divisions\PD\PTE\Anaheim/SD Projects\125116 (CIRCLE) ROOSEVELT ELEM "
"000000009598E9A20E04F041B38518182890A2D50100A3DF33FCC9BD1644BD14FCA330AA97850000175D7FC20000"	"\Divisions\PD\PTE\Anaheim/SD Projects\125864 GE Inland Empire M60"
"000000009598E9A20E04F041B38518182890A2D50100A3DF33FCC9BD1644BD14FCA330AA97850000175E90660000"	"\Divisions\PD\PTE\Anaheim/SD Projects\126369 GE Spring Outage"
"000000009598E9A20E04F041B38518182890A2D50100A3DF33FCC9BD1644BD14FCA330AA97850000176706E80000"	"\Divisions\PD\PTE\Anaheim/SD Projects\126841 University of CA UCSD Hillcrest Med CTR"
"000000009598E9A20E04F041B38518182890A2D50100A3DF33FCC9BD1644BD14FCA330AA978500001764BF270000"	"\Divisions\PD\PTE\Anaheim/SD Projects\127073 ARB IID Unit #3"
"000000009598E9A20E04F041B38518182890A2D50100A3DF33FCC9BD1644BD14FCA330AA97850000176513D60000"	"\Divisions\PD\PTE\Anaheim/SD Projects\127251 Wire Rite; NASA Flight Center"
"000000009598E9A20E04F041B38518182890A2D50100A3DF33FCC9BD1644BD14FCA330AA978500001791DF260000"	"\Divisions\PD\PTE\Anaheim/SD Projects\127503 Current Elec In Shop Tsting 800A"
"000000009598E9A20E04F041B38518182890A2D50100A3DF33FCC9BD1644BD14FCA330AA97850000176F8E270000"	"\Divisions\PD\PTE\Anaheim/SD Projects\127758 Disneyland Office"
"000000009598E9A20E04F041B38518182890A2D50100A3DF33FCC9BD1644BD14FCA330AA97850000177C6DE60000"	"\Divisions\PD\PTE\Anaheim/SD Projects\127944 Scripps Ranch HS GFI"
"000000009598E9A20E04F041B38518182890A2D50100A3DF33FCC9BD1644BD14FCA330AA9785000017E742B20000"	"\Divisions\PD\PTE\Anaheim/SD Projects\128160 TD Ameritrade"
"000000009598E9A20E04F041B38518182890A2D50100A3DF33FCC9BD1644BD14FCA330AA978500001803BD7B0000"	"\Divisions\PD\PTE\Anaheim/SD Projects\128325 (CEMEX) Redlands Orange Quarry"
"000000009598E9A20E04F041B38518182890A2D50100A3DF33FCC9BD1644BD14FCA330AA9785000018713FB10000"	"\Divisions\PD\PTE\Anaheim/SD Projects\128507 (Conti) NRG Alpine"
"000000009598E9A20E04F041B38518182890A2D50100A3DF33FCC9BD1644BD14FCA330AA9785000018AD71CD0000"	"\Divisions\PD\PTE\Anaheim/SD Projects\128779 Advanced Elec Training Bldg 3143"
"000000009598E9A20E04F041B38518182890A2D50100A3DF33FCC9BD1644BD14FCA330AA9785000018C7EBAF0000"	"\Divisions\PD\PTE\Anaheim/SD Projects\128996 Boeing Standby"
"000000009598E9A20E04F041B38518182890A2D50100A3DF33FCC9BD1644BD14FCA330AA97850000191FC8050000"	"\Divisions\PD\PTE\Anaheim/SD Projects\129213 CSUN Recr Field"
"000000009598E9A20E04F041B38518182890A2D50100A3DF33FCC9BD1644BD14FCA330AA97850000194D3E350000"	"\Divisions\PD\PTE\Anaheim/SD Projects\129428 Hamilton Sundstrand MV Cable Testing"
"000000009598E9A20E04F041B38518182890A2D50100A3DF33FCC9BD1644BD14FCA330AA97850000198903770000"	"\Divisions\PD\PTE\Anaheim/SD Projects\129808 USC Swim Center"
"000000009598E9A20E04F041B38518182890A2D50100A3DF33FCC9BD1644BD14FCA330AA9785000019B193B90000"	"\Divisions\PD\PTE\Anaheim/SD Projects\129961 (SAS) El Dorado Perf Arts"
"000000009598E9A20E04F041B38518182890A2D50100A3DF33FCC9BD1644BD14FCA330AA978500001AA65AF10000"	"\Divisions\PD\PTE\Anaheim/SD Projects\130575 29 Palms VLF MV Cables"
"000000009598E9A20E04F041B38518182890A2D50100A3DF33FCC9BD1644BD14FCA330AA978500001AA663200000"	"\Divisions\PD\PTE\Anaheim/SD Projects\130944 Solar Turbines GCTF"
"000000009598E9A20E04F041B38518182890A2D50100A3DF33FCC9BD1644BD14FCA330AA978500001B81263E0000"	"\Divisions\PD\PTE\Anaheim/SD Projects\131437 David C McCollom WTP '13"
"000000009598E9A20E04F041B38518182890A2D50100A3DF33FCC9BD1644BD14FCA330AA978500001B7B46B70000"	"\Divisions\PD\PTE\Anaheim/SD Projects\131725 Long Beach City College"
"000000009598E9A20E04F041B38518182890A2D50100A3DF33FCC9BD1644BD14FCA330AA978500001B7AC7A90000"	"\Divisions\PD\PTE\Anaheim/SD Projects\131982 AIS CB Bench Test"
"000000009598E9A20E04F041B38518182890A2D50100A3DF33FCC9BD1644BD14FCA330AA978500001B6B16F20000"	"\Divisions\PD\PTE\Anaheim/SD Projects\132197 Camino Del Rio Load Rec"
"000000009598E9A20E04F041B38518182890A2D50100A3DF33FCC9BD1644BD14FCA330AA978500001B8224410000"	"\Divisions\PD\PTE\Anaheim/SD Projects\132502 Borrego Airport FOP"
"000000009598E9A20E04F041B38518182890A2D50100A3DF33FCC9BD1644BD14FCA330AA978500001C815C3C0000"	"\Divisions\PD\PTE\Anaheim/SD Projects\132888 Motor & Starter Diagnosis"
"000000009598E9A20E04F041B38518182890A2D501006C95E27D1ACA634AA1AADC20796388DD000000E086320000"	"\Divisions\PD\PTE\Dept 29 Vacation Schedule"
"000000009598E9A20E04F041B38518182890A2D5010012225CC57BF01F4EA8CCA87A792FF35F00075A8FE2110000"	"\Divisions\PD\SAS\00 PSSE Calendar\PSSE\PSSE Calendar"
"000000009598E9A20E04F041B38518182890A2D5010012225CC57BF01F4EA8CCA87A792FF35F0006D3DB67380000"	"\Divisions\PD\SAS\00_PSCAD License Use Calendar\PSCAD Calendar"
"000000009598E9A20E04F041B38518182890A2D501006C95E27D1ACA634AA1AADC20796388DD00000066EA4D0000"	"\Divisions\PD\SAS\00_Software (Keys & Pricing)\PSSE"
"000000009598E9A20E04F041B38518182890A2D5010012225CC57BF01F4EA8CCA87A792FF35F0000122E77F90000"	"\Divisions\PD\SAS\000000 SAS Project Misc\XCEL"
"000000009598E9A20E04F041B38518182890A2D50100A3DF33FCC9BD1644BD14FCA330AA9785000018DCBBDC0000"	"\Divisions\PD\SAS\D200 Equipment"
"000000009598E9A20E04F041B38518182890A2D501006C95E27D1ACA634AA1AADC20796388DD0000002692180000"	"\Divisions\PD\SAS\LEWISTON PROJECTS\SPS-Active\Active Projects\ESC\MVEC System Study"
"000000009598E9A20E04F041B38518182890A2D501006C95E27D1ACA634AA1AADC20796388DD0000002692270000"	"\Divisions\PD\SAS\LEWISTON PROJECTS\SPS-Active\Active Projects\Grant County PUD\Wanapum Swyd"
"000000009598E9A20E04F041B38518182890A2D501006C95E27D1ACA634AA1AADC20796388DD0000002692380000"	"\Divisions\PD\SAS\LEWISTON PROJECTS\SPS-Active\Active Projects\NCPA\Arc Flash"
"000000009598E9A20E04F041B38518182890A2D501006C95E27D1ACA634AA1AADC20796388DD0000002692470000"	"\Divisions\PD\SAS\LEWISTON PROJECTS\SPS-Active\Active Projects\PowerTech Engineering\Magna"
"000000009598E9A20E04F041B38518182890A2D501001296C725372D7F4B86B758A22EA3141B000000204B610000"	"\Divisions\PD\SAS\MISC"
"000000009598E9A20E04F041B38518182890A2D50100A3DF33FCC9BD1644BD14FCA330AA9785000017FE0C6A0000"	"\Divisions\PD\SAS\Pacific Valley Solar\Colusa\Dinuba"
"000000009598E9A20E04F041B38518182890A2D5010012225CC57BF01F4EA8CCA87A792FF35F00060BF9648D0000"	"\Divisions\PD\SAS\SAS Management Business Cycle"
"000000009598E9A20E04F041B38518182890A2D5010012225CC57BF01F4EA8CCA87A792FF35F0006742DC86C0000"	"\Divisions\PD\Substation Airdrie\Dept. 0254"
"000000009598E9A20E04F041B38518182890A2D50100A3DF33FCC9BD1644BD14FCA330AA978500002A2CF35C0000"	"\Divisions\PD\Substation Anaheim\137913 Hawaiian Electric HECO Protection Serv"
"000000009598E9A20E04F041B38518182890A2D50100A3DF33FCC9BD1644BD14FCA330AA978500002A2EDF820000"	"\Divisions\PD\Substation Anaheim\139634 SCE Johanna"
"000000009598E9A20E04F041B38518182890A2D50100A3DF33FCC9BD1644BD14FCA330AA978500002A2F81AA0000"	"\Divisions\PD\Substation Anaheim\140814 PacifiCorp New Deschutes Sub"
"000000009598E9A20E04F041B38518182890A2D5010012225CC57BF01F4EA8CCA87A792FF35F0000A8917AC10000"	"\Divisions\PD\Substation Anaheim\146028 ONCOR Nacogdoches South DG"
"000000009598E9A20E04F041B38518182890A2D5010012225CC57BF01F4EA8CCA87A792FF35F0001E6DB39800000"	"\Divisions\PD\Substation Anaheim\Anaheim Substation"
"000000009598E9A20E04F041B38518182890A2D50100E34BFE500669CD49AC2E27C6C54DE39D0000003B832C0000"	"\Divisions\PD\Substation Ann Arbor\122134"
"000000009598E9A20E04F041B38518182890A2D50100A3DF33FCC9BD1644BD14FCA330AA97850000177194FB0000"	"\Divisions\PD\Substation Ann Arbor\127792"
"000000009598E9A20E04F041B38518182890A2D50100A3DF33FCC9BD1644BD14FCA330AA978500001FAB6B460000"	"\Divisions\PD\Substation Ann Arbor\136159 Kalida Replace"
"000000009598E9A20E04F041B38518182890A2D50100A3DF33FCC9BD1644BD14FCA330AA9785000022D15CFA0000"	"\Divisions\PD\Substation Ann Arbor\138413 - Advance Substation"
"000000009598E9A20E04F041B38518182890A2D50100A3DF33FCC9BD1644BD14FCA330AA97850000267665A10000"	"\Divisions\PD\Substation Ann Arbor\140304 - E Wheelersburg P12104014"
"000000009598E9A20E04F041B38518182890A2D5010012225CC57BF01F4EA8CCA87A792FF35F00000A50CB3A0000"	"\Divisions\PD\Substation Ann Arbor\143445 - Kingsport Loop P15163010"
"000000009598E9A20E04F041B38518182890A2D5010012225CC57BF01F4EA8CCA87A792FF35F000175366F3E0000"	"\Divisions\PD\Substation Ann Arbor\145524"
"000000009598E9A20E04F041B38518182890A2D5010012225CC57BF01F4EA8CCA87A792FF35F0000D7BBE2BB0000"	"\Divisions\PD\Substation Ann Arbor\146791"
"000000009598E9A20E04F041B38518182890A2D5010012225CC57BF01F4EA8CCA87A792FF35F000146B098720000"	"\Divisions\PD\Substation Ann Arbor\149418"
"000000009598E9A20E04F041B38518182890A2D50100F3BCE3A574023B4482F2E427B5A3121800004D7ECF130000"	"\Divisions\PD\Substation Ann Arbor\ComEd\Material Ordering"
"000000009598E9A20E04F041B38518182890A2D50100A3DF33FCC9BD1644BD14FCA330AA978500002C06B4710000"	"\Divisions\PD\Substation Ann Arbor\Proposals\121650 TSS 76 Blue Island"
"000000009598E9A20E04F041B38518182890A2D5010012225CC57BF01F4EA8CCA87A792FF35F00002BF9AC560000"	"\Divisions\PD\Substation Atlanta\00_DMS UPLOAD\143868_Harper Substation"
"000000009598E9A20E04F041B38518182890A2D5010012225CC57BF01F4EA8CCA87A792FF35F0005F2CE463F0000"	"\Divisions\PD\Substation Atlanta\0239207_Southern Company - Fieldale (Cornelia)"
"000000009598E9A20E04F041B38518182890A2D5010012225CC57BF01F4EA8CCA87A792FF35F0006316B11BC0000"	"\Divisions\PD\Substation Atlanta\0241736_0000_APC - Salco DS P&C"
"000000009598E9A20E04F041B38518182890A2D5010012225CC57BF01F4EA8CCA87A792FF35F0006593574EB0000"	"\Divisions\PD\Substation Atlanta\0243222_0000_ATL Big Country POI Sub 51571"
"000000009598E9A20E04F041B38518182890A2D5010012225CC57BF01F4EA8CCA87A792FF35F0006B39BD2ED0000"	"\Divisions\PD\Substation Atlanta\0246324_0000_GPC - LeGrange Primary Physical"
"000000009598E9A20E04F041B38518182890A2D5010012225CC57BF01F4EA8CCA87A792FF35F0006FD917C0E0000"	"\Divisions\PD\Substation Atlanta\0248089_0000_Roanoke Switch DG 53502"
"000000009598E9A20E04F041B38518182890A2D5010012225CC57BF01F4EA8CCA87A792FF35F000710DDE4840000"	"\Divisions\PD\Substation Atlanta\0249634_0000_ATL Whitehouse UF Sub 53921"
"000000009598E9A20E04F041B38518182890A2D5010012225CC57BF01F4EA8CCA87A792FF35F00072F1FD0E00000"	"\Divisions\PD\Substation Atlanta\0250955_0000_ATL Empire Central Sub 53564"
"000000009598E9A20E04F041B38518182890A2D5010012225CC57BF01F4EA8CCA87A792FF35F000754ADB8670000"	"\Divisions\PD\Substation Atlanta\0252003_0000_APC - Boyles TX - P&C"
"000000009598E9A20E04F041B38518182890A2D5010012225CC57BF01F4EA8CCA87A792FF35F00078D7EF7440000"	"\Divisions\PD\Substation Atlanta\0253814_0000_ATL Douglas Sub DA 55897"
"000000009598E9A20E04F041B38518182890A2D5010012225CC57BF01F4EA8CCA87A792FF35F0007AA8495F70000"	"\Divisions\PD\Substation Atlanta\0254816_0000_GPC - FC - Dean Forest TS P&C"
"000000009598E9A20E04F041B38518182890A2D5010012225CC57BF01F4EA8CCA87A792FF35F0007E1A1C7D90000"	"\Divisions\PD\Substation Atlanta\0256448_0000_GPC - Pitts Substation Physical"
"000000009598E9A20E04F041B38518182890A2D50100E34BFE500669CD49AC2E27C6C54DE39D00000010D1490000"	"\Divisions\PD\Substation Atlanta\113015_Elm Creek Substation\Construction Drawings"
"000000009598E9A20E04F041B38518182890A2D50100E34BFE500669CD49AC2E27C6C54DE39D0000001240900000"	"\Divisions\PD\Substation Atlanta\113015_Elm Creek Substation\Equipment\midwest"
"000000009598E9A20E04F041B38518182890A2D501001296C725372D7F4B86B758A22EA3141B0000006D50460000"	"\Divisions\PD\Substation Atlanta\113504_W. Farnum Sub 115kV Upgrades"
"000000009598E9A20E04F041B38518182890A2D50100A3DF33FCC9BD1644BD14FCA330AA978500002AB71F6A0000"	"\Divisions\PD\Substation Atlanta\113840_NEEWS Project Mgt\In ProjectWise"
"000000009598E9A20E04F041B38518182890A2D50100E34BFE500669CD49AC2E27C6C54DE39D0000001EF2130000"	"\Divisions\PD\Substation Atlanta\116139_Round Rock Dist Auto"
"000000009598E9A20E04F041B38518182890A2D50100E34BFE500669CD49AC2E27C6C54DE39D0000002261000000"	"\Divisions\PD\Substation Atlanta\116139_Round Rock Dist Auto\Visual Analysis\115472"
"000000009598E9A20E04F041B38518182890A2D50100A3DF33FCC9BD1644BD14FCA330AA978500002AB734720000"	"\Divisions\PD\Substation Atlanta\117728_CCEC Transcan Sub\In ProjectWise"
"000000009598E9A20E04F041B38518182890A2D501001953B16A689BCD4AA8FC82955DB27CB10000013AAF860000"	"\Divisions\PD\Substation Atlanta\123097_PEF EPC\List of Projects"
"000000009598E9A20E04F041B38518182890A2D501001953B16A689BCD4AA8FC82955DB27CB1000001EF83BE0000"	"\Divisions\PD\Substation Atlanta\123097.37_PEF_International_Drive\As Built"
"000000009598E9A20E04F041B38518182890A2D50100A3DF33FCC9BD1644BD14FCA330AA978500001D6008FA0000"	"\Divisions\PD\Substation Atlanta\123979_Sunflower Barber Substation\Battery\123979_Sunflower Barber Substation"
"000000009598E9A20E04F041B38518182890A2D50100A3DF33FCC9BD1644BD14FCA330AA9785000015E8DE580000"	"\Divisions\PD\Substation Atlanta\123979_Sunflower Barber Substation\Foundations"
"000000009598E9A20E04F041B38518182890A2D50100A3DF33FCC9BD1644BD14FCA330AA9785000018C119600000"	"\Divisions\PD\Substation Atlanta\123979_Sunflower Barber Substation\Relay Panels\Relay Settings"
"000000009598E9A20E04F041B38518182890A2D50100A3DF33FCC9BD1644BD14FCA330AA9785000019B6CD360000"	"\Divisions\PD\Substation Atlanta\125159_STEC-Cross Substation-Q/A Check"
"000000009598E9A20E04F041B38518182890A2D50100A3DF33FCC9BD1644BD14FCA330AA9785000016CF6AF20000"	"\Divisions\PD\Substation Atlanta\125583_Sunflower Cimarron\Environmental Survey Grading"
"000000009598E9A20E04F041B38518182890A2D50100A3DF33FCC9BD1644BD14FCA330AA9785000016CAE6F40000"	"\Divisions\PD\Substation Atlanta\125583_Sunflower Cimarron\Equipment\Relay and Meter Panels"
"000000009598E9A20E04F041B38518182890A2D50100A3DF33FCC9BD1644BD14FCA330AA978500001746BC4E0000"	"\Divisions\PD\Substation Atlanta\125583_Sunflower Cimarron\Equipment\Transformer\Transformer"
"000000009598E9A20E04F041B38518182890A2D50100A3DF33FCC9BD1644BD14FCA330AA9785000015F44F0F0000"	"\Divisions\PD\Substation Atlanta\125583_Sunflower Cimarron\Project Management\Conference Call and Meeting Minutes Status"
"000000009598E9A20E04F041B38518182890A2D50100A3DF33FCC9BD1644BD14FCA330AA978500001746A9560000"	"\Divisions\PD\Substation Atlanta\125583_Sunflower Cimarron\SUBSTATION CONTROL AND SAS\Protection and Control\One Line Comments"
"000000009598E9A20E04F041B38518182890A2D50100A3DF33FCC9BD1644BD14FCA330AA978500001769D2AE0000"	"\Divisions\PD\Substation Atlanta\125583_Sunflower Cimarron\SUBSTATION PHYSICAL \Fire Wall"
"000000009598E9A20E04F041B38518182890A2D50100A3DF33FCC9BD1644BD14FCA330AA978500002AB7EED10000"	"\Divisions\PD\Substation Atlanta\126407_Atl Whitehouse 138kV Sub Line\In ProjectWise"
"000000009598E9A20E04F041B38518182890A2D50100A3DF33FCC9BD1644BD14FCA330AA978500001DA15EFB0000"	"\Divisions\PD\Substation Atlanta\133037_SEPC-345 INTERCONNECT DSN STD "
"000000009598E9A20E04F041B38518182890A2D50100A3DF33FCC9BD1644BD14FCA330AA978500002ABF931D0000"	"\Divisions\PD\Substation Atlanta\133432_Spearville 345kV\Breakers\In ProjectWise"
"000000009598E9A20E04F041B38518182890A2D50100A3DF33FCC9BD1644BD14FCA330AA978500002AC347DF0000"	"\Divisions\PD\Substation Atlanta\133432_Spearville 345kV\Grounding Study\In ProjectWise"
"000000009598E9A20E04F041B38518182890A2D50100A3DF33FCC9BD1644BD14FCA330AA978500001EE3BAB70000"	"\Divisions\PD\Substation Atlanta\133432_Spearville 345kV\Transformer Alarms"
"000000009598E9A20E04F041B38518182890A2D50100A3DF33FCC9BD1644BD14FCA330AA978500002003F9ED0000"	"\Divisions\PD\Substation Atlanta\136152_ATL CITY VIEW 138 LN TERM UPG"
"000000009598E9A20E04F041B38518182890A2D50100A3DF33FCC9BD1644BD14FCA330AA978500002B63BFF30000"	"\Divisions\PD\Substation Atlanta\138757_Sherry Switching FID Install\In ProjectWise"
"000000009598E9A20E04F041B38518182890A2D50100A3DF33FCC9BD1644BD14FCA330AA978500002B7268D10000"	"\Divisions\PD\Substation Atlanta\139355_ATL NORTHLAKE SWTCH BRK RPLC\In ProjectWise"
"000000009598E9A20E04F041B38518182890A2D5010012225CC57BF01F4EA8CCA87A792FF35F000162F5FFA10000"	"\Divisions\PD\Substation Atlanta\139848_ATL BUCKHORN 345 SWTCH\In ProjectWise\Environmental"
"000000009598E9A20E04F041B38518182890A2D50100A3DF33FCC9BD1644BD14FCA330AA978500002589A3240000"	"\Divisions\PD\Substation Atlanta\139848_ATL BUCKHORN 345 SWTCH\Studies"
"000000009598E9A20E04F041B38518182890A2D50100A3DF33FCC9BD1644BD14FCA330AA9785000028CE47B30000"	"\Divisions\PD\Substation Atlanta\140572_SUNFLOWER SPEARVILLE RPLC CB SV188\Drawings\Annunciator"
"000000009598E9A20E04F041B38518182890A2D50100F3BCE3A574023B4482F2E427B5A3121800004EB7119E0000"	"\Divisions\PD\Substation Atlanta\140572_SUNFLOWER SPEARVILLE RPLC CB SV188\Proposal"
"000000009598E9A20E04F041B38518182890A2D50100A3DF33FCC9BD1644BD14FCA330AA97850000284252340000"	"\Divisions\PD\Substation Atlanta\140764_DEF_JASPER LINE TERM"
"000000009598E9A20E04F041B38518182890A2D50100A3DF33FCC9BD1644BD14FCA330AA978500002AFDC74B0000"	"\Divisions\PD\Substation Atlanta\142192_ATL BROWN SWTCH:TT RCVR PNL"
"000000009598E9A20E04F041B38518182890A2D5010012225CC57BF01F4EA8CCA87A792FF35F00007754B8A60000"	"\Divisions\PD\Substation Atlanta\145095_ATL WALLSTREET-DIST AUTO"
"000000009598E9A20E04F041B38518182890A2D5010012225CC57BF01F4EA8CCA87A792FF35F0001074EFEC90000"	"\Divisions\PD\Substation Atlanta\148040_ATL PLOWBOY SUBSTATION"
"000000009598E9A20E04F041B38518182890A2D5010012225CC57BF01F4EA8CCA87A792FF35F0001826BBE950000"	"\Divisions\PD\Substation Atlanta\151229_ATL HASKELL AVE DA"
"000000009598E9A20E04F041B38518182890A2D5010012225CC57BF01F4EA8CCA87A792FF35F00022DF437C90000"	"\Divisions\PD\Substation Atlanta\152891_Harper-Rago Line Term-Sunflower"
"000000009598E9A20E04F041B38518182890A2D5010012225CC57BF01F4EA8CCA87A792FF35F00021A1314E60000"	"\Divisions\PD\Substation Atlanta\154356_CHICO WEST"
"000000009598E9A20E04F041B38518182890A2D5010012225CC57BF01F4EA8CCA87A792FF35F00028774B25D0000"	"\Divisions\PD\Substation Atlanta\156579_THORNTONVILLE"
"000000009598E9A20E04F041B38518182890A2D5010012225CC57BF01F4EA8CCA87A792FF35F0002B34678370000"	"\Divisions\PD\Substation Atlanta\158545_DECATUR SBU PETE 39945"
"000000009598E9A20E04F041B38518182890A2D5010012225CC57BF01F4EA8CCA87A792FF35F00038854C5E80000"	"\Divisions\PD\Substation Atlanta\164621 MEAG-PITTS PRIMARY SS GROUNDING"
"000000009598E9A20E04F041B38518182890A2D5010012225CC57BF01F4EA8CCA87A792FF35F00055EB0727C0000"	"\Divisions\PD\Substation Atlanta\178313_GPC-SE TOYOTA P&C"
"000000009598E9A20E04F041B38518182890A2D5010012225CC57BF01F4EA8CCA87A792FF35F0005A784131E0000"	"\Divisions\PD\Substation Atlanta\180666_ATL LAKE CRK SWC MOD PETE 4812"
"000000009598E9A20E04F041B38518182890A2D50100A3DF33FCC9BD1644BD14FCA330AA97850000261EF6EA0000"	"\Divisions\PD\Substation Atlanta\AEP-Weekly Status Reports\For Bill Williamson - 123979"
"000000009598E9A20E04F041B38518182890A2D50100E34BFE500669CD49AC2E27C6C54DE39D0000003499270000"	"\Divisions\PD\Substation Atlanta\Lisa_Temp\Help Requests"
"000000009598E9A20E04F041B38518182890A2D50100E34BFE500669CD49AC2E27C6C54DE39D0000002841010000"	"\Divisions\PD\Substation Atlanta\NEEWS-Material Inspections\Trench"
"000000009598E9A20E04F041B38518182890A2D50100E34BFE500669CD49AC2E27C6C54DE39D0000002261380000"	"\Divisions\PD\Substation Atlanta\Oncor-2010-Scoping\Round Rock R406"
"000000009598E9A20E04F041B38518182890A2D50100E34BFE500669CD49AC2E27C6C54DE39D0000003B82B00000"	"\Divisions\PD\Substation Atlanta\ONCOR-Project Listings\2011 Project Lists"
"000000009598E9A20E04F041B38518182890A2D50100E34BFE500669CD49AC2E27C6C54DE39D00000042D19E0000"	"\Divisions\PD\Substation Atlanta\Progress Energy\CAD"
"000000009598E9A20E04F041B38518182890A2D50100A3DF33FCC9BD1644BD14FCA330AA9785000016DDCAE40000"	"\Divisions\PD\Substation Atlanta\Progress Energy\Reviews for other stations\Rio Pinar"
"000000009598E9A20E04F041B38518182890A2D50100E34BFE500669CD49AC2E27C6C54DE39D00000025D3A90000"	"\Divisions\PD\Substation Atlanta\Proposals\2009\117923_Dynegy-Sandy_Creek"
"000000009598E9A20E04F041B38518182890A2D50100E34BFE500669CD49AC2E27C6C54DE39D00000037A2610000"	"\Divisions\PD\Substation Atlanta\Proposals\2010\121145_USAID_Tetra_Tec_RFTOP_Haiti"
"000000009598E9A20E04F041B38518182890A2D50100E34BFE500669CD49AC2E27C6C54DE39D0000003B82F10000"	"\Divisions\PD\Substation Atlanta\Proposals\2011\121903 PEC CBM"
"000000009598E9A20E04F041B38518182890A2D50100E34BFE500669CD49AC2E27C6C54DE39D00000043102E0000"	"\Divisions\PD\Substation Atlanta\Proposals\2011\SACO_Bay_CMP"
"000000009598E9A20E04F041B38518182890A2D50100E34BFE500669CD49AC2E27C6C54DE39D0000002261A20000"	"\Divisions\PD\Substation Atlanta\Proposals\Clallam County PUD"
"000000009598E9A20E04F041B38518182890A2D50100E34BFE500669CD49AC2E27C6C54DE39D0000000929D70000"	"\Divisions\PD\Substation Atlanta\Proposals\UOC"
"000000009598E9A20E04F041B38518182890A2D50100A3DF33FCC9BD1644BD14FCA330AA978500001A5DF5460000"	"\Divisions\PD\Substation Atlanta\Substation Billings"
"000000009598E9A20E04F041B38518182890A2D501001296C725372D7F4B86B758A22EA3141B000000611C8F0000"	"\Divisions\PD\Substation Atlanta\WFEC-Anadarko"
"000000009598E9A20E04F041B38518182890A2D50100A3DF33FCC9BD1644BD14FCA330AA978500001AB671750000"	"\Divisions\PD\Substation Billings\_BD\121639.009_NVE_Clark_69kV_Sub_Rebuild"
"000000009598E9A20E04F041B38518182890A2D50100A3DF33FCC9BD1644BD14FCA330AA97850000279F5AD40000"	"\Divisions\PD\Substation Billings\Billings Design Checks"
"000000009598E9A20E04F041B38518182890A2D50100A3DF33FCC9BD1644BD14FCA330AA978500002BEA2D5F0000"	"\Divisions\PD\Substation Boise\142543  AEP E HUNTINGTON TRANSCO P14053004"
"000000009598E9A20E04F041B38518182890A2D5010012225CC57BF01F4EA8CCA87A792FF35F00003452E6E60000"	"\Divisions\PD\Substation Boise\144045  AEP RAY STN P14095003"
"000000009598E9A20E04F041B38518182890A2D5010012225CC57BF01F4EA8CCA87A792FF35F0000DFB9CE130000"	"\Divisions\PD\Substation Boise\146940  ONCOR LAKE WICHITA LN TERM UPG"
"000000009598E9A20E04F041B38518182890A2D5010012225CC57BF01F4EA8CCA87A792FF35F0001153529BB0000"	"\Divisions\PD\Substation Boise\148418  AEP W CANTON STN 138KV P15117002"
"000000009598E9A20E04F041B38518182890A2D5010012225CC57BF01F4EA8CCA87A792FF35F00014E5CAF290000"	"\Divisions\PD\Substation Boise\149513  ONCOR CARROLLTON EAST SW TRNFR TRIP"
"000000009598E9A20E04F041B38518182890A2D5010012225CC57BF01F4EA8CCA87A792FF35F0001826BBE770000"	"\Divisions\PD\Substation Boise\151198  ONCOR GAINSVILLE DIXON ST DA"
"000000009598E9A20E04F041B38518182890A2D5010012225CC57BF01F4EA8CCA87A792FF35F0001AAE8AA7B0000"	"\Divisions\PD\Substation Boise\152555  ONCOR WACO KATY-DA PIP 3521"
"000000009598E9A20E04F041B38518182890A2D5010012225CC57BF01F4EA8CCA87A792FF35F0001E6DB39700000"	"\Divisions\PD\Substation Boise\153798  ONCOR EASTLAND DA"
"000000009598E9A20E04F041B38518182890A2D5010012225CC57BF01F4EA8CCA87A792FF35F00021A1314EC0000"	"\Divisions\PD\Substation Boise\154662  ONCOR LAKE WICHITA SWITCH PETE4107"
"000000009598E9A20E04F041B38518182890A2D5010012225CC57BF01F4EA8CCA87A792FF35F00025DF6DAA60000"	"\Divisions\PD\Substation Boise\156078 ONCOR BONHAM DA 38063"
"000000009598E9A20E04F041B38518182890A2D50100A3DF33FCC9BD1644BD14FCA330AA97850000210484550000"	"\Divisions\PD\Substation Business Unit\Substation Business Unit"
"000000009598E9A20E04F041B38518182890A2D501006C95E27D1ACA634AA1AADC20796388DD000000B497810000"	"\Divisions\PD\Substation Denver\115632 Roundbottom1"
"000000009598E9A20E04F041B38518182890A2D501006C95E27D1ACA634AA1AADC20796388DD000000951FAF0000"	"\Divisions\PD\Substation Denver\116945 St. George- Red Butte\Implosive Splices"
"000000009598E9A20E04F041B38518182890A2D501006C95E27D1ACA634AA1AADC20796388DD000000EED8110000"	"\Divisions\PD\Substation Denver\118693 California Y-Splice"
"000000009598E9A20E04F041B38518182890A2D5010012225CC57BF01F4EA8CCA87A792FF35F0000E3DE40BC0000"	"\Divisions\PD\Substation Denver\120345 CIP Project Capsules\GI-2016-9 Facility Study"
"000000009598E9A20E04F041B38518182890A2D50100CB7D9B6512D7374A860FE542D577039200000111D3650000"	"\Divisions\PD\Substation Denver\122223 Arapahoe Waterton Remote End"
"000000009598E9A20E04F041B38518182890A2D50100CB7D9B6512D7374A860FE542D57703920000012167040000"	"\Divisions\PD\Substation Denver\123080 Lincoln"
"000000009598E9A20E04F041B38518182890A2D501001953B16A689BCD4AA8FC82955DB27CB10000015D12A80000"	"\Divisions\PD\Substation Denver\124294 DEA"
"000000009598E9A20E04F041B38518182890A2D50100A3DF33FCC9BD1644BD14FCA330AA978500000E9788E20000"	"\Divisions\PD\Substation Denver\124993 Pacificorp DJ4 ECONOMIZER PIPING REVIEW"
"000000009598E9A20E04F041B38518182890A2D50100A3DF33FCC9BD1644BD14FCA330AA978500000EBECDAF0000"	"\Divisions\PD\Substation Denver\125809 Cherokee DFR Repl"
"000000009598E9A20E04F041B38518182890A2D50100A3DF33FCC9BD1644BD14FCA330AA97850000170ECD500000"	"\Divisions\PD\Substation Denver\126749 Burlington Metering"
"000000009598E9A20E04F041B38518182890A2D50100A3DF33FCC9BD1644BD14FCA330AA9785000017781E290000"	"\Divisions\PD\Substation Denver\127487 PLAINVIEW"
"000000009598E9A20E04F041B38518182890A2D50100A3DF33FCC9BD1644BD14FCA330AA978500001861E5200000"	"\Divisions\PD\Substation Denver\128274 Cumby"
"000000009598E9A20E04F041B38518182890A2D50100A3DF33FCC9BD1644BD14FCA330AA9785000018DF55FD0000"	"\Divisions\PD\Substation Denver\129126 SMOKY HILL - AC STATION SVC"
"000000009598E9A20E04F041B38518182890A2D50100A3DF33FCC9BD1644BD14FCA330AA9785000019A3F4480000"	"\Divisions\PD\Substation Denver\130220 KEENSBURG RTU CONFIG"
"000000009598E9A20E04F041B38518182890A2D50100A3DF33FCC9BD1644BD14FCA330AA978500001B73185B0000"	"\Divisions\PD\Substation Denver\132169 138 / 69KV SUBSTN EXPANSION"
"000000009598E9A20E04F041B38518182890A2D50100A3DF33FCC9BD1644BD14FCA330AA978500001C3DF96A0000"	"\Divisions\PD\Substation Denver\132926 TSO SLC PDC 21 SCADA"
"000000009598E9A20E04F041B38518182890A2D5010012225CC57BF01F4EA8CCA87A792FF35F0000884981AC0000"	"\Divisions\PD\Substation Denver\133831 St Louis Park"
"000000009598E9A20E04F041B38518182890A2D50100A3DF33FCC9BD1644BD14FCA330AA978500001EB751430000"	"\Divisions\PD\Substation Denver\135317 SAN LUIS VLLY-GI-2014-2 STDY"
"000000009598E9A20E04F041B38518182890A2D50100A3DF33FCC9BD1644BD14FCA330AA978500001F904CC20000"	"\Divisions\PD\Substation Denver\136100 CANTON SUBSTATION - METERING"
"000000009598E9A20E04F041B38518182890A2D50100A3DF33FCC9BD1644BD14FCA330AA978500002024771B0000"	"\Divisions\PD\Substation Denver\136492 PLAINS END SWTCH - CIP NETWORK"
"000000009598E9A20E04F041B38518182890A2D50100A3DF33FCC9BD1644BD14FCA330AA978500002DE2BCE10000"	"\Divisions\PD\Substation Denver\136636 Kiowa"
"000000009598E9A20E04F041B38518182890A2D50100A3DF33FCC9BD1644BD14FCA330AA97850000212A14B60000"	"\Divisions\PD\Substation Denver\137192 FRUITA - PSC FRAME RLY RPLCMNT"
"000000009598E9A20E04F041B38518182890A2D50100A3DF33FCC9BD1644BD14FCA330AA9785000021D571340000"	"\Divisions\PD\Substation Denver\137681 READER SUB- REMOVE METER EQUIP"
"000000009598E9A20E04F041B38518182890A2D50100A3DF33FCC9BD1644BD14FCA330AA97850000228312100000"	"\Divisions\PD\Substation Denver\137966 SPS TX"
"000000009598E9A20E04F041B38518182890A2D50100A3DF33FCC9BD1644BD14FCA330AA97850000224E62270000"	"\Divisions\PD\Substation Denver\138070 ROGERS LKE- FRAME RLY RPLC NSP"
"000000009598E9A20E04F041B38518182890A2D50100A3DF33FCC9BD1644BD14FCA330AA978500002261FFBD0000"	"\Divisions\PD\Substation Denver\138116 NOBLES - FRAME RLY RPLC NSP"
"000000009598E9A20E04F041B38518182890A2D50100A3DF33FCC9BD1644BD14FCA330AA978500002268B6150000"	"\Divisions\PD\Substation Denver\138149 NEILLSVILLE-FRAME RLY RPLC NSP"
"000000009598E9A20E04F041B38518182890A2D50100A3DF33FCC9BD1644BD14FCA330AA9785000022691FA30000"	"\Divisions\PD\Substation Denver\138173 BUFFALO LKE-FRAME RLY RPLC NSP"
"000000009598E9A20E04F041B38518182890A2D50100A3DF33FCC9BD1644BD14FCA330AA97850000226920BD0000"	"\Divisions\PD\Substation Denver\138189 GLENDALE - FRAME RLY RPLC NSP"
"000000009598E9A20E04F041B38518182890A2D50100A3DF33FCC9BD1644BD14FCA330AA97850000226EF7FD0000"	"\Divisions\PD\Substation Denver\138207 S.FARIBAULT-FRAME RLY RPLC NSP"
"000000009598E9A20E04F041B38518182890A2D50100A3DF33FCC9BD1644BD14FCA330AA97850000226EF8BB0000"	"\Divisions\PD\Substation Denver\138225 COON CREEK-FRAME RLY RPLC NSP"
"000000009598E9A20E04F041B38518182890A2D50100A3DF33FCC9BD1644BD14FCA330AA978500002274EE740000"	"\Divisions\PD\Substation Denver\138260 LAKEHEAD - FRAME RLY RPLC NSP"
"000000009598E9A20E04F041B38518182890A2D50100A3DF33FCC9BD1644BD14FCA330AA978500002274F33B0000"	"\Divisions\PD\Substation Denver\138275 VLLY VIEW - FRAME RLY RPLC NSP"
"000000009598E9A20E04F041B38518182890A2D50100A3DF33FCC9BD1644BD14FCA330AA978500002274F4140000"	"\Divisions\PD\Substation Denver\138290 MARENISCO - FRAME RLY RPLC NSP"
"000000009598E9A20E04F041B38518182890A2D50100A3DF33FCC9BD1644BD14FCA330AA978500002274F6B30000"	"\Divisions\PD\Substation Denver\138310 W.FARIBAULT-FRAME RLY RPLC NSP"
"000000009598E9A20E04F041B38518182890A2D50100A3DF33FCC9BD1644BD14FCA330AA978500002274F6DB0000"	"\Divisions\PD\Substation Denver\138332 ORONO - FRAME RLY RPLC NSP"
"000000009598E9A20E04F041B38518182890A2D50100A3DF33FCC9BD1644BD14FCA330AA978500002274F76F0000"	"\Divisions\PD\Substation Denver\138351 CHEMOLITE - FRAME RLY RPLC NSP"
"000000009598E9A20E04F041B38518182890A2D50100A3DF33FCC9BD1644BD14FCA330AA97850000228573DF0000"	"\Divisions\PD\Substation Denver\138425 ST.LOUIS PK-FRAME RLY RPLC NSP"
"000000009598E9A20E04F041B38518182890A2D50100A3DF33FCC9BD1644BD14FCA330AA97850000228574C90000"	"\Divisions\PD\Substation Denver\138440 ST. CLOUD - FRAME RLY RPLC NSP"
"000000009598E9A20E04F041B38518182890A2D50100A3DF33FCC9BD1644BD14FCA330AA9785000024054F880000"	"\Divisions\PD\Substation Denver\139222 MALLARD - FRAME RLY RPLC NSP"
"000000009598E9A20E04F041B38518182890A2D50100A3DF33FCC9BD1644BD14FCA330AA97850000266FFD150000"	"\Divisions\PD\Substation Denver\139925 Ochiltree"
"000000009598E9A20E04F041B38518182890A2D50100F3BCE3A574023B4482F2E427B5A3121800004E8695E70000"	"\Divisions\PD\Substation Denver\141119 SHELL C2 - NEW RTU - COMM"
"000000009598E9A20E04F041B38518182890A2D50100A3DF33FCC9BD1644BD14FCA330AA978500002AB0F3CF0000"	"\Divisions\PD\Substation Denver\142030 FARMERS INN -FRME RLY RPLC NSP"
"000000009598E9A20E04F041B38518182890A2D5010012225CC57BF01F4EA8CCA87A792FF35F00000F57EB2F0000"	"\Divisions\PD\Substation Denver\142511 Generation Frame Support"
"000000009598E9A20E04F041B38518182890A2D50100A3DF33FCC9BD1644BD14FCA330AA978500002CEA8D110000"	"\Divisions\PD\Substation Denver\143109 CPEC 230/115KV AUTOTRANS SPEC"
"000000009598E9A20E04F041B38518182890A2D5010012225CC57BF01F4EA8CCA87A792FF35F00003452E66A0000"	"\Divisions\PD\Substation Denver\144046 CONIFER SUB- BATTERY RPLCMENT"
"000000009598E9A20E04F041B38518182890A2D5010012225CC57BF01F4EA8CCA87A792FF35F0000A8917A950000"	"\Divisions\PD\Substation Denver\144064 Coburn"
"000000009598E9A20E04F041B38518182890A2D5010012225CC57BF01F4EA8CCA87A792FF35F0000A8917AC70000"	"\Divisions\PD\Substation Denver\144764 Hobbs"
"000000009598E9A20E04F041B38518182890A2D5010012225CC57BF01F4EA8CCA87A792FF35F00009CDF0E240000"	"\Divisions\PD\Substation Denver\145635 FINNEY-HOLCOMB RELAY REPLACE"
"000000009598E9A20E04F041B38518182890A2D5010012225CC57BF01F4EA8CCA87A792FF35F0001B748E7510000"	"\Divisions\PD\Substation Denver\148287/148476 Clark Gunbarrel Pumping Plants"
"000000009598E9A20E04F041B38518182890A2D5010012225CC57BF01F4EA8CCA87A792FF35F0001420DD7E00000"	"\Divisions\PD\Substation Denver\149335 AMOCO RTU REPLACEMENT"
"000000009598E9A20E04F041B38518182890A2D5010012225CC57BF01F4EA8CCA87A792FF35F0001A7C15AB70000"	"\Divisions\PD\Substation Denver\152486 HAVANA- REPLC CIRCUIT SW 9751"
"000000009598E9A20E04F041B38518182890A2D5010012225CC57BF01F4EA8CCA87A792FF35F000225419F7F0000"	"\Divisions\PD\Substation Denver\154916 ENNIS-115-12.KV SUB COMM"
"000000009598E9A20E04F041B38518182890A2D5010012225CC57BF01F4EA8CCA87A792FF35F0002716A9EDA0000"	"\Divisions\PD\Substation Denver\156592 P-2019 PSC E&S TSUB"
"000000009598E9A20E04F041B38518182890A2D5010012225CC57BF01F4EA8CCA87A792FF35F0002793A45E10000"	"\Divisions\PD\Substation Denver\156874 P-GLENN- GE ACR RLY REPLACE"
"000000009598E9A20E04F041B38518182890A2D5010012225CC57BF01F4EA8CCA87A792FF35F0002847334F60000"	"\Divisions\PD\Substation Denver\157312 P- ARVADA BKR 1704"
"000000009598E9A20E04F041B38518182890A2D5010012225CC57BF01F4EA8CCA87A792FF35F00028774B2A10000"	"\Divisions\PD\Substation Denver\157469 N-CEDAR LAKE FAN-HDR"
"000000009598E9A20E04F041B38518182890A2D5010012225CC57BF01F4EA8CCA87A792FF35F00029BE532A70000"	"\Divisions\PD\Substation Denver\157990 P-UTE GRAND JUNCTION FAN"
"000000009598E9A20E04F041B38518182890A2D5010012225CC57BF01F4EA8CCA87A792FF35F0002ADAF34950000"	"\Divisions\PD\Substation Denver\158549 N ST. CLOUD RTU HDR"
"000000009598E9A20E04F041B38518182890A2D5010012225CC57BF01F4EA8CCA87A792FF35F0002B4A0BD620000"	"\Divisions\PD\Substation Denver\158630 N-RAMSEY 71 FEEDER RLY STG HDR"
"000000009598E9A20E04F041B38518182890A2D5010012225CC57BF01F4EA8CCA87A792FF35F0002CE133CDC0000"	"\Divisions\PD\Substation Denver\159346 N-CTTG GROVE 5P33 BRKR RP-HDR"
"000000009598E9A20E04F041B38518182890A2D5010012225CC57BF01F4EA8CCA87A792FF35F0002D6D84FFF0000"	"\Divisions\PD\Substation Denver\159562 N-GRAVEL ISLAND SEC COMM-HDR"
"000000009598E9A20E04F041B38518182890A2D5010012225CC57BF01F4EA8CCA87A792FF35F0002E086C84F0000"	"\Divisions\PD\Substation Denver\159795 N-SWAN LAKE CSG295 RELAY-HDR"
"000000009598E9A20E04F041B38518182890A2D5010012225CC57BF01F4EA8CCA87A792FF35F0002F89AB9600000"	"\Divisions\PD\Substation Denver\160318 N-ROSE PLACE 5P50 BREAKER"
"000000009598E9A20E04F041B38518182890A2D5010012225CC57BF01F4EA8CCA87A792FF35F000312A49F470000"	"\Divisions\PD\Substation Denver\161066 P-CALIFORNIA PHASE 2"
"000000009598E9A20E04F041B38518182890A2D5010012225CC57BF01F4EA8CCA87A792FF35F00032D3191EA0000"	"\Divisions\PD\Substation Denver\161708 N- WAS CSG401-WAS091 SLR GRDN"
"000000009598E9A20E04F041B38518182890A2D501001953B16A689BCD4AA8FC82955DB27CB1000001B3AE080000"	"\Divisions\PD\Substation Denver\Split Rock APT 550 Replacement"
"000000009598E9A20E04F041B38518182890A2D50100A3DF33FCC9BD1644BD14FCA330AA978500001C05EEBF0000"	"\Divisions\PD\Substation Fort Mill\USAID LT0063"
"000000009598E9A20E04F041B38518182890A2D501001296C725372D7F4B86B758A22EA3141B0000000D0F3E0000"	"\Divisions\PD\Substation Freeport\Inactive File\104553_Boston_345kV_Project\Sent Items"
"000000009598E9A20E04F041B38518182890A2D501001296C725372D7F4B86B758A22EA3141B00000022D6610000"	"\Divisions\PD\Substation Freeport\Inactive File\104895_PSNH_Scobie Review\Photos"
"000000009598E9A20E04F041B38518182890A2D501001296C725372D7F4B86B758A22EA3141B00000010FF8F0000"	"\Divisions\PD\Substation Freeport\Inactive File\105825_Natl_Grid_FY061"
"000000009598E9A20E04F041B38518182890A2D501001296C725372D7F4B86B758A22EA3141B00000015EDFA0000"	"\Divisions\PD\Substation Freeport\Inactive File\106667_VELCO_Standrds"
"000000009598E9A20E04F041B38518182890A2D501001296C725372D7F4B86B758A22EA3141B0000001463AE0000"	"\Divisions\PD\Substation Freeport\Inactive File\106XXX_PSNH_Madbury\Meeting Minutes"
"000000009598E9A20E04F041B38518182890A2D501001296C725372D7F4B86B758A22EA3141B0000001634910000"	"\Divisions\PD\Substation Freeport\Inactive File\107160_NUSCO_Triangle"
"000000009598E9A20E04F041B38518182890A2D501001296C725372D7F4B86B758A22EA3141B00000022D5E10000"	"\Divisions\PD\Substation Freeport\Inactive File\108042_TXU_South_Brownwood\Meeting Minutes"
"000000009598E9A20E04F041B38518182890A2D501001296C725372D7F4B86B758A22EA3141B00000022D5F80000"	"\Divisions\PD\Substation Freeport\Inactive File\108166_TXU_Dublin\Design"
"000000009598E9A20E04F041B38518182890A2D501001296C725372D7F4B86B758A22EA3141B00000022D6070000"	"\Divisions\PD\Substation Freeport\Inactive File\108166_TXU_Dublin\Specifications"
"000000009598E9A20E04F041B38518182890A2D501001296C725372D7F4B86B758A22EA3141B00000022D6400000"	"\Divisions\PD\Substation Freeport\Inactive File\108556_Centerpoint_Webster\Permits"
"000000009598E9A20E04F041B38518182890A2D501001296C725372D7F4B86B758A22EA3141B00000022D6220000"	"\Divisions\PD\Substation Freeport\Inactive File\108557_Centerpoint_Freeport\Drawings"
"000000009598E9A20E04F041B38518182890A2D501001296C725372D7F4B86B758A22EA3141B00000022D6310000"	"\Divisions\PD\Substation Freeport\Inactive File\108557_Centerpoint_Freeport\Survey"
"000000009598E9A20E04F041B38518182890A2D501001296C725372D7F4B86B758A22EA3141B00000026BFB90000"	"\Divisions\PD\Substation Freeport\Inactive File\108954_TXU_Celina_Switch\Manuals"
"000000009598E9A20E04F041B38518182890A2D501001296C725372D7F4B86B758A22EA3141B000000328A560000"	"\Divisions\PD\Substation Freeport\Inactive File\109891_PSNH_WhiteLake"
"000000009598E9A20E04F041B38518182890A2D50100E34BFE500669CD49AC2E27C6C54DE39D0000004083D70000"	"\Divisions\PD\Substation Freeport\Inactive File\109947_CMP_ScarOOBLine\109947 Saco  Bay Prelim & MPUC\Data Requests\Hearing Examiner Data Request EX-01"
"000000009598E9A20E04F041B38518182890A2D50100E34BFE500669CD49AC2E27C6C54DE39D0000004083E60000"	"\Divisions\PD\Substation Freeport\Inactive File\109947_CMP_ScarOOBLine\109947 Saco  Bay Prelim & MPUC\MPUC Hearings\Motion to Dismiss"
"000000009598E9A20E04F041B38518182890A2D50100E34BFE500669CD49AC2E27C6C54DE39D0000004083F50000"	"\Divisions\PD\Substation Freeport\Inactive File\109947_CMP_ScarOOBLine\DD\Estimates\EX-03-41_20MW_Gen"
"000000009598E9A20E04F041B38518182890A2D501001296C725372D7F4B86B758A22EA3141B0000005D205C0000"	"\Divisions\PD\Substation Freeport\Inactive File\109947_CMP_ScarOOBLine1\109947 Saco  Bay Prelim & MPUC\Data Requests\Hearing Examiner Data Request EX-01"
"000000009598E9A20E04F041B38518182890A2D501001296C725372D7F4B86B758A22EA3141B0000005D206F0000"	"\Divisions\PD\Substation Freeport\Inactive File\109947_CMP_ScarOOBLine1\109947 Saco  Bay Prelim & MPUC\MPUC Hearings\Motion to Dismiss"
"000000009598E9A20E04F041B38518182890A2D501003F9E776DECCABA4B81A6729A0E4F2CBA000000136CBA0000"	"\Divisions\PD\Substation Freeport\Inactive File\109947_CMP_ScarOOBLine1\DD\Estimates\EX-03-41_20MW_Gen"
"000000009598E9A20E04F041B38518182890A2D501001296C725372D7F4B86B758A22EA3141B0000006239030000"	"\Divisions\PD\Substation Freeport\Inactive File\112122_CMP_Rumford_Upgrade\Project Contacts"
"000000009598E9A20E04F041B38518182890A2D50100E34BFE500669CD49AC2E27C6C54DE39D00000031496E0000"	"\Divisions\PD\Substation Freeport\Inactive File\115571_Scobie Pond 631 Breaker Changeout"
"000000009598E9A20E04F041B38518182890A2D501001953B16A689BCD4AA8FC82955DB27CB1000000A278780000"	"\Divisions\PD\Substation Freeport\Inactive File\CLOSED_108909_VELCO_Granite_PART_1.PST"
"000000009598E9A20E04F041B38518182890A2D501001953B16A689BCD4AA8FC82955DB27CB1000000A278870000"	"\Divisions\PD\Substation Freeport\Inactive File\CLOSED_109947_CMP_ScarOOBLine\109947 Saco  Bay Prelim & MPUC\Data Requests\Hearing Examiner Data Request 03-41 20 MW Gen"
"000000009598E9A20E04F041B38518182890A2D501001953B16A689BCD4AA8FC82955DB27CB1000000A278960000"	"\Divisions\PD\Substation Freeport\Inactive File\CLOSED_109947_CMP_ScarOOBLine\109947 Saco  Bay Prelim & MPUC\MPUC Hearings\Biographical sketch"
"000000009598E9A20E04F041B38518182890A2D501001953B16A689BCD4AA8FC82955DB27CB1000000A278A50000"	"\Divisions\PD\Substation Freeport\Inactive File\CLOSED_109947_CMP_ScarOOBLine\DD\Estimates"
"000000009598E9A20E04F041B38518182890A2D501001953B16A689BCD4AA8FC82955DB27CB1000000A278B40000"	"\Divisions\PD\Substation Freeport\Inactive File\CLOSED_109947_CMP_ScarOOBLine1\109947 Saco  Bay Prelim & MPUC\Data Requests\Hearing Examiner Data Request 03-41 20 MW Gen"
"000000009598E9A20E04F041B38518182890A2D501001953B16A689BCD4AA8FC82955DB27CB1000000A278C30000"	"\Divisions\PD\Substation Freeport\Inactive File\CLOSED_109947_CMP_ScarOOBLine1\109947 Saco  Bay Prelim & MPUC\MPUC Hearings\Biographical sketch"
"000000009598E9A20E04F041B38518182890A2D501001953B16A689BCD4AA8FC82955DB27CB1000000B63DAB0000"	"\Divisions\PD\Substation Freeport\Inactive File\CLOSED_109947_CMP_ScarOOBLine1\DD\Estimates"
"000000009598E9A20E04F041B38518182890A2D501001953B16A689BCD4AA8FC82955DB27CB1000000B63DBB0000"	"\Divisions\PD\Substation Freeport\Inactive File\CLOSED_112815 Jackman Capacitor Bank \PO"
"000000009598E9A20E04F041B38518182890A2D501001953B16A689BCD4AA8FC82955DB27CB1000000B63DC40000"	"\Divisions\PD\Substation Freeport\Inactive File\CLOSED_117281_Louden_Vallee_Goosefare"
"000000009598E9A20E04F041B38518182890A2D501001296C725372D7F4B86B758A22EA3141B0000000BA4FD0000"	"\Divisions\PD\Substation Freeport\Inactive File\NUSCO - Norea S/S1"
"000000009598E9A20E04F041B38518182890A2D50100E34BFE500669CD49AC2E27C6C54DE39D0000000929CF0000"	"\Divisions\PD\Substation Freeport\Projects\113505_Plainville_MA"
"000000009598E9A20E04F041B38518182890A2D501001953B16A689BCD4AA8FC82955DB27CB100000182A7C30000"	"\Divisions\PD\Substation Freeport\Projects\113552_South_GorhamPART6"
"000000009598E9A20E04F041B38518182890A2D50100E34BFE500669CD49AC2E27C6C54DE39D00000028F4C40000"	"\Divisions\PD\Substation Freeport\Projects\118767_Hardscrabble_Wind_Farm"
"000000009598E9A20E04F041B38518182890A2D50100A3DF33FCC9BD1644BD14FCA330AA978500001B8CD00A0000"	"\Divisions\PD\Substation Freeport\Projects\123012_ESB-CMP_Saco_Bay_Reinf1"
"000000009598E9A20E04F041B38518182890A2D50100A3DF33FCC9BD1644BD14FCA330AA978500002BBB775E0000"	"\Divisions\PD\Substation Freeport\Projects\127417 - FTW E Levee SW2"
"000000009598E9A20E04F041B38518182890A2D50100A3DF33FCC9BD1644BD14FCA330AA978500001BF02C100000"	"\Divisions\PD\Substation Freeport\Projects\131894_NSTAR_STA_980_DFR"
"000000009598E9A20E04F041B38518182890A2D50100A3DF33FCC9BD1644BD14FCA330AA978500001D7F860B0000"	"\Divisions\PD\Substation Freeport\Projects\133726_CL&P_N_Bloomfield_2A_NUHC"
"000000009598E9A20E04F041B38518182890A2D50100A3DF33FCC9BD1644BD14FCA330AA978500001E421CCD0000"	"\Divisions\PD\Substation Freeport\Projects\134690_Kopperl_345kV_Switchyard"
"000000009598E9A20E04F041B38518182890A2D50100A3DF33FCC9BD1644BD14FCA330AA978500001EC0F8810000"	"\Divisions\PD\Substation Freeport\Projects\135339_PEC_WMEC_E_Springfield_Final_Desn"
"000000009598E9A20E04F041B38518182890A2D50100A3DF33FCC9BD1644BD14FCA330AA97850000209739450000"	"\Divisions\PD\Substation Freeport\Projects\136652_NGRID_MSA_Faraday_St_T3"
"000000009598E9A20E04F041B38518182890A2D50100A3DF33FCC9BD1644BD14FCA330AA9785000021E0DCD00000"	"\Divisions\PD\Substation Freeport\Projects\137810_CL&P_WEST_BROOKFIELD_SCOPE_DEV"
"000000009598E9A20E04F041B38518182890A2D50100A3DF33FCC9BD1644BD14FCA330AA97850000254C5A8B0000"	"\Divisions\PD\Substation Freeport\Projects\139654_Oncor_Sikes_T1_Relay_Upgrade"
"000000009598E9A20E04F041B38518182890A2D50100A3DF33FCC9BD1644BD14FCA330AA97850000295C47620000"	"\Divisions\PD\Substation Freeport\Projects\141460_WMECO_Midway_SS_OCB_SCOPING"
"000000009598E9A20E04F041B38518182890A2D50100A3DF33FCC9BD1644BD14FCA330AA978500002CE6A5B60000"	"\Divisions\PD\Substation Freeport\Projects\143098_CLP_Midway_S/S_OCB"
"000000009598E9A20E04F041B38518182890A2D5010012225CC57BF01F4EA8CCA87A792FF35F00005DC2F3430000"	"\Divisions\PD\Substation Freeport\Projects\144655_PSNH_Monadnock_Cap_Bank_Rplc"
"000000009598E9A20E04F041B38518182890A2D5010012225CC57BF01F4EA8CCA87A792FF35F0000B2BA27320000"	"\Divisions\PD\Substation Freeport\Projects\146296_FRE_Cleburne_W_Sub_3_DPU_Rplc"
"000000009598E9A20E04F041B38518182890A2D5010012225CC57BF01F4EA8CCA87A792FF35F0000EB72E2360000"	"\Divisions\PD\Substation Freeport\Projects\147483_CMP_QMI_Support_Effort"
"000000009598E9A20E04F041B38518182890A2D5010012225CC57BF01F4EA8CCA87A792FF35F00017E102D4E0000"	"\Divisions\PD\Substation Freeport\Projects\150902_Montville_69k"
"000000009598E9A20E04F041B38518182890A2D501001296C725372D7F4B86B758A22EA3141B0000000D0F560000"	"\Divisions\PD\Substation Freeport\Proposals\105570_NG_NShore"
"000000009598E9A20E04F041B38518182890A2D501001296C725372D7F4B86B758A22EA3141B0000001CD4950000"	"\Divisions\PD\Substation Freeport\Proposals\107885_Bellaire_Auto"
"000000009598E9A20E04F041B38518182890A2D501001296C725372D7F4B86B758A22EA3141B0000003B4DFE0000"	"\Divisions\PD\Substation Freeport\Proposals\110715 EnergyEast CMP Maguire Rd"
"000000009598E9A20E04F041B38518182890A2D501001296C725372D7F4B86B758A22EA3141B0000000B172E0000"	"\Divisions\PD\Substation Freeport\Proposals\PEPCO - Benning Sub"
"000000009598E9A20E04F041B38518182890A2D5010012225CC57BF01F4EA8CCA87A792FF35F0002C1A0F0AD0000"	"\Divisions\PD\Substation Hailey\155647 - W. Childress"
"000000009598E9A20E04F041B38518182890A2D5010012225CC57BF01F4EA8CCA87A792FF35F0003D2090D830000"	"\Divisions\PD\Substation Hailey\163253 - Double Mountain Reactor"
"000000009598E9A20E04F041B38518182890A2D5010012225CC57BF01F4EA8CCA87A792FF35F0003ED4070C00000"	"\Divisions\PD\Substation Hailey\166692 - Horseshoe Springs"
"000000009598E9A20E04F041B38518182890A2D5010012225CC57BF01F4EA8CCA87A792FF35F000471BA306F0000"	"\Divisions\PD\Substation Hailey\172148 - Cedar Crest Sub 44343"
"000000009598E9A20E04F041B38518182890A2D5010012225CC57BF01F4EA8CCA87A792FF35F0005CDC2D3590000"	"\Divisions\PD\Substation Hailey\178210 - Centerville Rd 46769"
"000000009598E9A20E04F041B38518182890A2D5010012225CC57BF01F4EA8CCA87A792FF35F0005B4808A550000"	"\Divisions\PD\Substation Hailey\181060 - Hill Crest Sub 49295"
"000000009598E9A20E04F041B38518182890A2D5010012225CC57BF01F4EA8CCA87A792FF35F0006408DEF660000"	"\Divisions\PD\Substation Hailey\242383 - Frankel City Substation 50080"
"000000009598E9A20E04F041B38518182890A2D5010012225CC57BF01F4EA8CCA87A792FF35F0007269F67F40000"	"\Divisions\PD\Substation Hailey\250484 - Industrial Blvd. Switch (54445)"
"000000009598E9A20E04F041B38518182890A2D5010012225CC57BF01F4EA8CCA87A792FF35F0001F27543730000"	"\Divisions\PD\Substation Hailey\RLM Oncor TRP 2019"
"000000009598E9A20E04F041B38518182890A2D5010012225CC57BF01F4EA8CCA87A792FF35F0000309CC10B0000"	"\Divisions\PD\Substation Hamilton\135632\Construction RFI"
"000000009598E9A20E04F041B38518182890A2D5010012225CC57BF01F4EA8CCA87A792FF35F0001A42619B90000"	"\Divisions\PD\Substation Hamilton\141903\141903 NLRP Alburtis Phase 1\Commercial"
"000000009598E9A20E04F041B38518182890A2D5010012225CC57BF01F4EA8CCA87A792FF35F00009315F5440000"	"\Divisions\PD\Substation Hamilton\145601"
"000000009598E9A20E04F041B38518182890A2D50100E34BFE500669CD49AC2E27C6C54DE39D00000022616A0000"	"\Divisions\PD\Substation Houston\00-BD_Proposals\Nasiriyah B2"
"000000009598E9A20E04F041B38518182890A2D50100E34BFE500669CD49AC2E27C6C54DE39D0000003DC0F80000"	"\Divisions\PD\Substation Houston\01-General AEP Information\Procedure Go-By's"
"000000009598E9A20E04F041B38518182890A2D50100E34BFE500669CD49AC2E27C6C54DE39D0000000AFCAD0000"	"\Divisions\PD\Substation Houston\01-General Oncor Information\00 CLOSED PROJECTS\Lake Highlands_111562_WA07T65041"
"000000009598E9A20E04F041B38518182890A2D50100E34BFE500669CD49AC2E27C6C54DE39D0000000AFCC50000"	"\Divisions\PD\Substation Houston\01-General Oncor Information\00 CLOSED PROJECTS\STL Lake Creek WA07T64040 (111541)"
"000000009598E9A20E04F041B38518182890A2D50100E34BFE500669CD49AC2E27C6C54DE39D0000002A35400000"	"\Divisions\PD\Substation Houston\01-General Oncor Information\00 ISSUES - ANNOUNCEMENTS\6.0 UPDATES"
"000000009598E9A20E04F041B38518182890A2D50100E34BFE500669CD49AC2E27C6C54DE39D0000002A34FC0000"	"\Divisions\PD\Substation Houston\01-General Oncor Information\00 ONCOR SCHEDULES"
"000000009598E9A20E04F041B38518182890A2D50100E34BFE500669CD49AC2E27C6C54DE39D0000002687A40000"	"\Divisions\PD\Substation Houston\01-General Oncor Information\00 REPORTS\TRN Capex Assets"
"000000009598E9A20E04F041B38518182890A2D50100E34BFE500669CD49AC2E27C6C54DE39D0000002A34D90000"	"\Divisions\PD\Substation Houston\01-General Oncor Information\HOUSTON PROJECTS\As-Built Report"
"000000009598E9A20E04F041B38518182890A2D50100A3DF33FCC9BD1644BD14FCA330AA978500001D7BD58F0000"	"\Divisions\PD\Substation Houston\121271 Colorado City Addl pst"
"000000009598E9A20E04F041B38518182890A2D501001953B16A689BCD4AA8FC82955DB27CB1000001F5E4ED0000"	"\Divisions\PD\Substation Houston\123287_AEP_Sabinal_Rebuild_Station\Issued Drawings"
"000000009598E9A20E04F041B38518182890A2D50100A3DF33FCC9BD1644BD14FCA330AA9785000018B24E970000"	"\Divisions\PD\Substation Houston\124670_AEP_Dennison_PVID#_34358"
"000000009598E9A20E04F041B38518182890A2D50100A3DF33FCC9BD1644BD14FCA330AA978500000E70E8C40000"	"\Divisions\PD\Substation Houston\125216_STEC_Choate_Substation"
"000000009598E9A20E04F041B38518182890A2D50100A3DF33FCC9BD1644BD14FCA330AA9785000017429F920000"	"\Divisions\PD\Substation Houston\127176_Oncor_Bayou_Loco_WA13T64029"
"000000009598E9A20E04F041B38518182890A2D50100A3DF33FCC9BD1644BD14FCA330AA9785000018B253610000"	"\Divisions\PD\Substation Houston\127790_AEP_Osburn_PVID#_34776"
"000000009598E9A20E04F041B38518182890A2D50100A3DF33FCC9BD1644BD14FCA330AA978500001885DB540000"	"\Divisions\PD\Substation Houston\128497_Oncor_Moss_SW_Trnfer_WA13T63048"
"000000009598E9A20E04F041B38518182890A2D50100A3DF33FCC9BD1644BD14FCA330AA978500001CD59A6B0000"	"\Divisions\PD\Substation Houston\129684_AEP_Madison_PVID#_36489"
"000000009598E9A20E04F041B38518182890A2D50100A3DF33FCC9BD1644BD14FCA330AA978500001B74BABD0000"	"\Divisions\PD\Substation Houston\130430_AEP_Fremont_Center_35812"
"000000009598E9A20E04F041B38518182890A2D50100A3DF33FCC9BD1644BD14FCA330AA978500001A3D9A580000"	"\Divisions\PD\Substation Houston\130880_Oncor_Elm_Mott_Rplc_Wave_Trap_WA13T64051"
"000000009598E9A20E04F041B38518182890A2D50100A3DF33FCC9BD1644BD14FCA330AA978500001CC117680000"	"\Divisions\PD\Substation Houston\132129_AEP_Chesterfield_Ave_37305"
"000000009598E9A20E04F041B38518182890A2D50100A3DF33FCC9BD1644BD14FCA330AA978500001B523D060000"	"\Divisions\PD\Substation Houston\132146-Oncor_Greenville_Ave_SW"
"000000009598E9A20E04F041B38518182890A2D50100A3DF33FCC9BD1644BD14FCA330AA978500001C85D0B50000"	"\Divisions\PD\Substation Houston\133113_Oncor_Larkin_Rd_14T61003"
"000000009598E9A20E04F041B38518182890A2D50100A3DF33FCC9BD1644BD14FCA330AA978500001D5BA7A30000"	"\Divisions\PD\Substation Houston\133673_Oncor_Coppell_Sw_Ln_Trm_Upg_14T63060"
"000000009598E9A20E04F041B38518182890A2D50100F3BCE3A574023B4482F2E427B5A3121800004D869FA50000"	"\Divisions\PD\Substation Houston\134224_AEP_Gary_PVID#37821"
"000000009598E9A20E04F041B38518182890A2D50100A3DF33FCC9BD1644BD14FCA330AA97850000253F82040000"	"\Divisions\PD\Substation Houston\135015_AEP_Pound_42257669_PVID 42129\APS NOTIFICATIONS"
"000000009598E9A20E04F041B38518182890A2D50100F3BCE3A574023B4482F2E427B5A3121800004D7F35AF0000"	"\Divisions\PD\Substation Houston\136002_Oncor_Roanoke_15T62023_PATSY"
"000000009598E9A20E04F041B38518182890A2D50100A3DF33FCC9BD1644BD14FCA330AA978500002135DCF20000"	"\Divisions\PD\Substation Houston\137204_XCEL_SPS Pre-Commissioning Services"
"000000009598E9A20E04F041B38518182890A2D50100A3DF33FCC9BD1644BD14FCA330AA978500002246517F0000"	"\Divisions\PD\Substation Houston\137901_Oncor_Killeen Taft Sub Fid Instl"
"000000009598E9A20E04F041B38518182890A2D50100A3DF33FCC9BD1644BD14FCA330AA9785000023A559F40000"	"\Divisions\PD\Substation Houston\138996_Oncor_McKenzie Draw_16T63010"
"000000009598E9A20E04F041B38518182890A2D50100A3DF33FCC9BD1644BD14FCA330AA978500002596DADB0000"	"\Divisions\PD\Substation Houston\139732_AEP_South Cross_PVID 39174"
"000000009598E9A20E04F041B38518182890A2D50100A3DF33FCC9BD1644BD14FCA330AA978500002681A00D0000"	"\Divisions\PD\Substation Houston\140152_Oncor_Leon Sw:Install 69kV Ring_16T62033"
"000000009598E9A20E04F041B38518182890A2D50100A3DF33FCC9BD1644BD14FCA330AA9785000027B65B800000"	"\Divisions\PD\Substation Houston\140688_AEP_Telecom Lapaz_PVID#11083"
"000000009598E9A20E04F041B38518182890A2D50100F3BCE3A574023B4482F2E427B5A3121800004EC031200000"	"\Divisions\PD\Substation Houston\141043_AEP_Telecom Elgin Jct_PVID#"
"000000009598E9A20E04F041B38518182890A2D50100A3DF33FCC9BD1644BD14FCA330AA97850000295E3C280000"	"\Divisions\PD\Substation Houston\141311_Xcel_Riverview Pre-Cmmssnng"
"000000009598E9A20E04F041B38518182890A2D50100A3DF33FCC9BD1644BD14FCA330AA978500002AC0F8340000"	"\Divisions\PD\Substation Houston\141840_Oncor_Sand Lake Swtch St-Esb 138_WA# TBD"
"000000009598E9A20E04F041B38518182890A2D50100A3DF33FCC9BD1644BD14FCA330AA978500002BFF06970000"	"\Divisions\PD\Substation Houston\142528_NW Carrolton Swtch_WA#TBD"
"000000009598E9A20E04F041B38518182890A2D5010012225CC57BF01F4EA8CCA87A792FF35F0000057480550000"	"\Divisions\PD\Substation Houston\143434_Oncor_Great SW Sub_WA#17T62017"
"000000009598E9A20E04F041B38518182890A2D5010012225CC57BF01F4EA8CCA87A792FF35F00003945D1B00000"	"\Divisions\PD\Substation Houston\144176_PPL_EOC Wescosville"
"000000009598E9A20E04F041B38518182890A2D5010012225CC57BF01F4EA8CCA87A792FF35F00008995C8200000"	"\Divisions\PD\Substation Houston\145458_Xcel_PCA 115-Quahada TAM Precomm"
"000000009598E9A20E04F041B38518182890A2D5010012225CC57BF01F4EA8CCA87A792FF35F0000B2BA27120000"	"\Divisions\PD\Substation Houston\146013_Oncor_Bobtown Sub: Da on Feeder_WA#TBD"
"000000009598E9A20E04F041B38518182890A2D5010012225CC57BF01F4EA8CCA87A792FF35F0000E78878960000"	"\Divisions\PD\Substation Houston\146971_Xcel_Greyhound DCP Commissioning"
"000000009598E9A20E04F041B38518182890A2D5010012225CC57BF01F4EA8CCA87A792FF35F0000FD2CBEF60000"	"\Divisions\PD\Substation Houston\147925_Xcel_Greyhound Sub Line 50564 TAM"
"000000009598E9A20E04F041B38518182890A2D5010012225CC57BF01F4EA8CCA87A792FF35F00016C138AA70000"	"\Divisions\PD\Substation Houston\149678_Xcel_Yoakum - 230-115KV Xfmr #1"
"000000009598E9A20E04F041B38518182890A2D50100A3DF33FCC9BD1644BD14FCA330AA978500001B89EE9A0000"	"\Divisions\PD\Substation Houston\CLOSED_116005_Oncor_Bowman_10T62001_ADD AS ADDL PST"
"000000009598E9A20E04F041B38518182890A2D50100A3DF33FCC9BD1644BD14FCA330AA978500001D7F08C90000"	"\Divisions\PD\Substation Houston\CLOSED_116741_Oncor_Hicks_12T62001\Line Traps"
"000000009598E9A20E04F041B38518182890A2D501001953B16A689BCD4AA8FC82955DB27CB1000001F768DF0000"	"\Divisions\PD\Substation Houston\CLOSED_116741_Oncor_Hicks_12T62001\Task Requests"
"000000009598E9A20E04F041B38518182890A2D50100E34BFE500669CD49AC2E27C6C54DE39D00000043103D0000"	"\Divisions\PD\Substation Houston\CLOSED_116769_Oncor_Central_Bluff_WA10T63008\Phone Circuit"
"000000009598E9A20E04F041B38518182890A2D50100E34BFE500669CD49AC2E27C6C54DE39D0000004310450000"	"\Divisions\PD\Substation Houston\CLOSED_116940_Oncor_Dermott_WA11T63004\Control Cable"
"000000009598E9A20E04F041B38518182890A2D50100E34BFE500669CD49AC2E27C6C54DE39D0000003149C90000"	"\Divisions\PD\Substation Houston\CLOSED_116940_Oncor_Dermott_WA11T63004\WA Approval Routing"
"000000009598E9A20E04F041B38518182890A2D50100E34BFE500669CD49AC2E27C6C54DE39D0000002687650000"	"\Divisions\PD\Substation Houston\CLOSED_117608_Oncor_Comanche_Peak_WA09T62112"
"000000009598E9A20E04F041B38518182890A2D50100A3DF33FCC9BD1644BD14FCA330AA978500001D9120490000"	"\Divisions\PD\Substation Houston\CLOSED_119214_Oncor_Dermott_11T63102_ADD TO PST\EMT Orders"
"000000009598E9A20E04F041B38518182890A2D50100A3DF33FCC9BD1644BD14FCA330AA978500001BF177010000"	"\Divisions\PD\Substation Houston\CLOSED_119938_Oncor_Central Bluff_11T63009_ADD TO PST\11T63009 MATERIAL\PANELS"
"000000009598E9A20E04F041B38518182890A2D50100A3DF33FCC9BD1644BD14FCA330AA978500001D9170940000"	"\Divisions\PD\Substation Houston\CLOSED_120157_Oncor_Com Pk_10T62233_ADD TO PST\Breaker"
"000000009598E9A20E04F041B38518182890A2D50100A3DF33FCC9BD1644BD14FCA330AA978500001D9549870000"	"\Divisions\PD\Substation Houston\CLOSED_120468_Oncor_Cedar Hill_11T65217_ADD TO PST\Breakers and Kits"
"000000009598E9A20E04F041B38518182890A2D50100A3DF33FCC9BD1644BD14FCA330AA978500001D93F9F40000"	"\Divisions\PD\Substation Houston\CLOSED_121015_Oncor_Cottonwood_11T62241_add to PST\BOM Review"
"000000009598E9A20E04F041B38518182890A2D50100A3DF33FCC9BD1644BD14FCA330AA978500001D91A04D0000"	"\Divisions\PD\Substation Houston\CLOSED_121895_Oncor_Bowman_SW_Replc3Bkrs\EMT Confirmations"
"000000009598E9A20E04F041B38518182890A2D50100A3DF33FCC9BD1644BD14FCA330AA978500001BA423770000"	"\Divisions\PD\Substation Houston\CLOSED_123287_AEP_Sabinal_ADD AS ADDL PST"
"000000009598E9A20E04F041B38518182890A2D50100A3DF33FCC9BD1644BD14FCA330AA97850000257560BA0000"	"\Divisions\PD\Substation Houston\CLOSED_124257_Xcel_Randall Co_ADDL\Material\Siemens 230kV Bkrs"
"000000009598E9A20E04F041B38518182890A2D50100A3DF33FCC9BD1644BD14FCA330AA978500000E6E54EC0000"	"\Divisions\PD\Substation Houston\CLOSED_124610_Hutto_Sw_Stat_Add_XFMR#2_WA11T64186\Steel"
"000000009598E9A20E04F041B38518182890A2D50100A3DF33FCC9BD1644BD14FCA330AA978500001729E3290000"	"\Divisions\PD\Substation Houston\CLOSED_126406_Oncor_Maple_Ave_WA12T61111\FAR Reports"
"000000009598E9A20E04F041B38518182890A2D50100A3DF33FCC9BD1644BD14FCA330AA9785000017CF7B620000"	"\Divisions\PD\Substation Houston\CLOSED_128053_Oncor_Odessa_North_WA12T63212"
"000000009598E9A20E04F041B38518182890A2D50100E34BFE500669CD49AC2E27C6C54DE39D00000018EF0C0000"	"\Divisions\PD\Substation Houston\HORIZON WIND"
"000000009598E9A20E04F041B38518182890A2D50100A3DF33FCC9BD1644BD14FCA330AA97850000216E989B0000"	"\Divisions\PD\Substation Houston\Wade\PE Authorizations"
"000000009598E9A20E04F041B38518182890A2D5010012225CC57BF01F4EA8CCA87A792FF35F0000D8CDC2390000"	"\Divisions\PD\Substation Mt Laurel\Substation Mt Laurel Calendar\PD_MT LAUREL"
"000000009598E9A20E04F041B38518182890A2D5010012225CC57BF01F4EA8CCA87A792FF35F000072BD7BD20000"	"\Divisions\PD\Substation Oradell\144781 - Greenwich SS CSC"
"000000009598E9A20E04F041B38518182890A2D50100A3DF33FCC9BD1644BD14FCA330AA978500001C9E960D0000"	"\Divisions\PD\Substation Orlando\132848 DUKE-ULMERTON LIMITING ELEM"
"000000009598E9A20E04F041B38518182890A2D50100A3DF33FCC9BD1644BD14FCA330AA97850000279D3E380000"	"\Divisions\PD\Substation Orlando\140764 DEF JASPER LINE-SUWANNEE PROT"
"000000009598E9A20E04F041B38518182890A2D50100A3DF33FCC9BD1644BD14FCA330AA978500001CA63E2A0000"	"\Divisions\PD\Substation Phoenix\133112 TEP Cogenra Solar FAC Study"
"000000009598E9A20E04F041B38518182890A2D50100A3DF33FCC9BD1644BD14FCA330AA978500001F0F5EDB0000"	"\Divisions\PD\Substation Phoenix\135727 TEP McKinley Yah-Ta-Hey Design"
"000000009598E9A20E04F041B38518182890A2D5010012225CC57BF01F4EA8CCA87A792FF35F00013A0B91740000"	"\Divisions\PD\Substation Phoenix\148763 Xcel Battle AXE Satellite Install"
"000000009598E9A20E04F041B38518182890A2D5010012225CC57BF01F4EA8CCA87A792FF35F00025CA6B5FD0000"	"\Divisions\PD\Substation Phoenix\154515 WHITE DEER-115-13.2KV SUB DCP"
"000000009598E9A20E04F041B38518182890A2D5010012225CC57BF01F4EA8CCA87A792FF35F0002A9804DC80000"	"\Divisions\PD\Substation Phoenix\158306 P-ELATI DFR"
"000000009598E9A20E04F041B38518182890A2D5010012225CC57BF01F4EA8CCA87A792FF35F000330957FAB0000"	"\Divisions\PD\Substation Phoenix\Test"
"000000009598E9A20E04F041B38518182890A2D5010064CEE54672FD844491A13B5C6CAEE87D0000003730F40000"	"\Divisions\PD\Substation Portland\118851_SCE_STANDARD_NODE_CATEGORIES"
"000000009598E9A20E04F041B38518182890A2D5010064CEE54672FD844491A13B5C6CAEE87D000000309D810000"	"\Divisions\PD\Substation Portland\120095_P'Corp_NewHenefer to Slvr Crk"
"000000009598E9A20E04F041B38518182890A2D5010064CEE54672FD844491A13B5C6CAEE87D00000039FFC40000"	"\Divisions\PD\Substation Portland\120910_MALIN"
"000000009598E9A20E04F041B38518182890A2D5010064CEE54672FD844491A13B5C6CAEE87D00000037318B0000"	"\Divisions\PD\Substation Portland\121469_TRES_AMIGAS_CONCEPTUAL_DSGN_SS"
"000000009598E9A20E04F041B38518182890A2D5010064CEE54672FD844491A13B5C6CAEE87D00000039FFC70000"	"\Divisions\PD\Substation Portland\121909_CHEHALIS_GENERATION"
"000000009598E9A20E04F041B38518182890A2D5010064CEE54672FD844491A13B5C6CAEE87D0000003A00060000"	"\Divisions\PD\Substation Portland\122057_JIMBRIDGER_UNIT_R_TI_LN"
"000000009598E9A20E04F041B38518182890A2D5010064CEE54672FD844491A13B5C6CAEE87D0000003BBD320000"	"\Divisions\PD\Substation Portland\122528_PCORP_REFINERY_SUBSTATION"
"000000009598E9A20E04F041B38518182890A2D50100CB7D9B6512D7374A860FE542D5770392000001184FF70000"	"\Divisions\PD\Substation Portland\122772_PSE_McKinley "
"000000009598E9A20E04F041B38518182890A2D50100CB7D9B6512D7374A860FE542D57703920000012D3CFC0000"	"\Divisions\PD\Substation Portland\123313 P'CORP MALIN SUMMER LK RLY RPL"
"000000009598E9A20E04F041B38518182890A2D501001953B16A689BCD4AA8FC82955DB27CB100000116415E0000"	"\Divisions\PD\Substation Portland\123921 P'CORP CAPT JACK TO KLAMCOGEN"
"000000009598E9A20E04F041B38518182890A2D501001953B16A689BCD4AA8FC82955DB27CB10000015DCCD60000"	"\Divisions\PD\Substation Portland\124099 P'CORP NERC LN (WI03) RATINGS"
"000000009598E9A20E04F041B38518182890A2D50100A3DF33FCC9BD1644BD14FCA330AA978500000E6F74FE0000"	"\Divisions\PD\Substation Portland\124412 - BARSTOW NW SUBSTATION"
"000000009598E9A20E04F041B38518182890A2D501001953B16A689BCD4AA8FC82955DB27CB1000001D229950000"	"\Divisions\PD\Substation Portland\124788 BPA CAPT JACK RAS DC REPL"
"000000009598E9A20E04F041B38518182890A2D50100A3DF33FCC9BD1644BD14FCA330AA978500000E8C80A80000"	"\Divisions\PD\Substation Portland\125483 P KILLEEN CLEAR CREEK 138KV"
"000000009598E9A20E04F041B38518182890A2D50100A3DF33FCC9BD1644BD14FCA330AA978500001617D9D00000"	"\Divisions\PD\Substation Portland\126204 P'CORP PLATTE SUB TOT4A-4B"
"000000009598E9A20E04F041B38518182890A2D50100A3DF33FCC9BD1644BD14FCA330AA97850000170485450000"	"\Divisions\PD\Substation Portland\126599 P'CORP NERC LN B39 WY RATING"
"000000009598E9A20E04F041B38518182890A2D50100A3DF33FCC9BD1644BD14FCA330AA97850000172208D40000"	"\Divisions\PD\Substation Portland\126924 P'CORP NERC LN 14(S01) RTG REM"
"000000009598E9A20E04F041B38518182890A2D50100A3DF33FCC9BD1644BD14FCA330AA978500001764DD7B0000"	"\Divisions\PD\Substation Portland\127573 P PARKER 345KV CB6870"
"000000009598E9A20E04F041B38518182890A2D50100A3DF33FCC9BD1644BD14FCA330AA978500001D8075340000"	"\Divisions\PD\Substation Portland\127861 Fremont Station"
"000000009598E9A20E04F041B38518182890A2D50100A3DF33FCC9BD1644BD14FCA330AA9785000021CD9C7B0000"	"\Divisions\PD\Substation Portland\128337 P TOPEKA DIST RELOC\Procurement"
"000000009598E9A20E04F041B38518182890A2D50100A3DF33FCC9BD1644BD14FCA330AA9785000018D99DA60000"	"\Divisions\PD\Substation Portland\128935 P'CORP PLATTE-DESIGN-TOT4A-4B"
"000000009598E9A20E04F041B38518182890A2D50100A3DF33FCC9BD1644BD14FCA330AA97850000193B41340000"	"\Divisions\PD\Substation Portland\129335 PSE VS ROSS: WCC SWHR 230KV"
"000000009598E9A20E04F041B38518182890A2D50100A3DF33FCC9BD1644BD14FCA330AA97850000198C17000000"	"\Divisions\PD\Substation Portland\129821 BPA SICKLER XFMR RELAY REPL"
"000000009598E9A20E04F041B38518182890A2D50100A3DF33FCC9BD1644BD14FCA330AA9785000019BE87460000"	"\Divisions\PD\Substation Portland\130482 PGE - TOWER ANALYSIS"
"000000009598E9A20E04F041B38518182890A2D50100A3DF33FCC9BD1644BD14FCA330AA978500001AA0B8FA0000"	"\Divisions\PD\Substation Portland\131228 FSE - SSS - VENDOR AWARD"
"000000009598E9A20E04F041B38518182890A2D50100A3DF33FCC9BD1644BD14FCA330AA978500001AE6CAEF0000"	"\Divisions\PD\Substation Portland\131563 SEPV MOJAVE WEST, LLC"
"000000009598E9A20E04F041B38518182890A2D50100A3DF33FCC9BD1644BD14FCA330AA978500001B850F500000"	"\Divisions\PD\Substation Portland\132216 P'CORP DIXONVILLE RELAY REPL"
"000000009598E9A20E04F041B38518182890A2D50100A3DF33FCC9BD1644BD14FCA330AA978500001B8C71880000"	"\Divisions\PD\Substation Portland\132628 PNM RIO PUERCO 115KV EXPANSION"
"000000009598E9A20E04F041B38518182890A2D50100A3DF33FCC9BD1644BD14FCA330AA978500001DB43BC50000"	"\Divisions\PD\Substation Portland\133073 STEC NET MIDSTREAM SUB"
"000000009598E9A20E04F041B38518182890A2D50100A3DF33FCC9BD1644BD14FCA330AA978500001CD8FC0B0000"	"\Divisions\PD\Substation Portland\133357 OREGON LNG"
"000000009598E9A20E04F041B38518182890A2D50100A3DF33FCC9BD1644BD14FCA330AA978500001D8DD9FC0000"	"\Divisions\PD\Substation Portland\133959 P TYLER W--RPLC 138KV FLSH SUB"
"000000009598E9A20E04F041B38518182890A2D50100A3DF33FCC9BD1644BD14FCA330AA978500001DD9C3990000"	"\Divisions\PD\Substation Portland\134435 P'CORP GRND ANAL-WHETSTONE"
"000000009598E9A20E04F041B38518182890A2D50100A3DF33FCC9BD1644BD14FCA330AA978500001E4B90AA0000"	"\Divisions\PD\Substation Portland\134870 P'CORP MERIDIAN LINE RELY REPL"
"000000009598E9A20E04F041B38518182890A2D50100A3DF33FCC9BD1644BD14FCA330AA978500001E782B970000"	"\Divisions\PD\Substation Portland\135207 HOUWELING TOMATO PROJECT"
"000000009598E9A20E04F041B38518182890A2D50100A3DF33FCC9BD1644BD14FCA330AA978500001F05BE850000"	"\Divisions\PD\Substation Portland\135701 PGE SUNSET SUB REBUILD"
"000000009598E9A20E04F041B38518182890A2D50100A3DF33FCC9BD1644BD14FCA330AA978500001F4F75F10000"	"\Divisions\PD\Substation Portland\135963 COH -TSK 01-CAD REDLINES"
"000000009598E9A20E04F041B38518182890A2D50100A3DF33FCC9BD1644BD14FCA330AA978500001FADB9280000"	"\Divisions\PD\Substation Portland\136204 PGE - CAPITAL AS BUILTS"
"000000009598E9A20E04F041B38518182890A2D50100A3DF33FCC9BD1644BD14FCA330AA9785000021303CC30000"	"\Divisions\PD\Substation Portland\137201 RIVERVIEW - RTU REPLACEMENT"
"000000009598E9A20E04F041B38518182890A2D50100A3DF33FCC9BD1644BD14FCA330AA9785000021DA18C30000"	"\Divisions\PD\Substation Portland\137727 P'CORP SANDUNE SUB REPLAY"
"000000009598E9A20E04F041B38518182890A2D50100A3DF33FCC9BD1644BD14FCA330AA9785000022E8CF8C0000"	"\Divisions\PD\Substation Portland\138558 P'CORP BLY SUBSTATION"
"000000009598E9A20E04F041B38518182890A2D50100A3DF33FCC9BD1644BD14FCA330AA978500002353D7EF0000"	"\Divisions\PD\Substation Portland\138805 P'CORP TREASURETON SYNCH"
"000000009598E9A20E04F041B38518182890A2D50100A3DF33FCC9BD1644BD14FCA330AA978500002416DEE30000"	"\Divisions\PD\Substation Portland\139283 P CORSICANA SUB-69 TRINIDAD"
"000000009598E9A20E04F041B38518182890A2D50100A3DF33FCC9BD1644BD14FCA330AA978500002589694E0000"	"\Divisions\PD\Substation Portland\139679 P'CORP -NEFF- PILOT BUTTE"
"000000009598E9A20E04F041B38518182890A2D50100A3DF33FCC9BD1644BD14FCA330AA97850000263422C90000"	"\Divisions\PD\Substation Portland\140233 HAZARD STN P13064002"
"000000009598E9A20E04F041B38518182890A2D50100A3DF33FCC9BD1644BD14FCA330AA97850000279228DB0000"	"\Divisions\PD\Substation Portland\140626 P'CORP LIMESTONE SOLAR COL STN"
"000000009598E9A20E04F041B38518182890A2D50100F3BCE3A574023B4482F2E427B5A3121800004E8343E60000"	"\Divisions\PD\Substation Portland\141089 P'CORP AGATE BAY SOLAR COLLSTN"
"000000009598E9A20E04F041B38518182890A2D50100F3BCE3A574023B4482F2E427B5A3121800004E9E1A970000"	"\Divisions\PD\Substation Portland\141477 PGE TRAFFIC ENGINEERING"
"000000009598E9A20E04F041B38518182890A2D50100A3DF33FCC9BD1644BD14FCA330AA978500002A3BB19E0000"	"\Divisions\PD\Substation Portland\141873 P ESTABLISH PRENTICE POD"
"000000009598E9A20E04F041B38518182890A2D50100A3DF33FCC9BD1644BD14FCA330AA978500002AC5D6790000"	"\Divisions\PD\Substation Portland\142087 PGE ROUND BUTTE PHASE I"
"000000009598E9A20E04F041B38518182890A2D50100A3DF33FCC9BD1644BD14FCA330AA978500002C09C9520000"	"\Divisions\PD\Substation Portland\142755 P'CORP DAIRY SUB-GND MIT"
"000000009598E9A20E04F041B38518182890A2D50100A3DF33FCC9BD1644BD14FCA330AA978500002CD221D60000"	"\Divisions\PD\Substation Portland\143090 P NORTHCREST:138ELMMOTT-WACONE"
"000000009598E9A20E04F041B38518182890A2D5010012225CC57BF01F4EA8CCA87A792FF35F0000057480410000"	"\Divisions\PD\Substation Portland\143397 P'CORP PILOT ROCK COLL STATION"
"000000009598E9A20E04F041B38518182890A2D5010012225CC57BF01F4EA8CCA87A792FF35F0000264655000000"	"\Divisions\PD\Substation Portland\143829 JENKINTOWN CB230"
"000000009598E9A20E04F041B38518182890A2D5010012225CC57BF01F4EA8CCA87A792FF35F00003452E6DE0000"	"\Divisions\PD\Substation Portland\144086 SCHUYLKILL PUMPING PLANT"
"000000009598E9A20E04F041B38518182890A2D5010012225CC57BF01F4EA8CCA87A792FF35F00006291C9710000"	"\Divisions\PD\Substation Portland\144734 BPA CANBY RELAY REPLACEMENT"
"000000009598E9A20E04F041B38518182890A2D5010012225CC57BF01F4EA8CCA87A792FF35F00008E42925D0000"	"\Divisions\PD\Substation Portland\145525 BRYN MAWR AMTRAK"
"000000009598E9A20E04F041B38518182890A2D5010012225CC57BF01F4EA8CCA87A792FF35F0000B2BA274E0000"	"\Divisions\PD\Substation Portland\146318 P YUCCA DR SW STA 3200A"
"000000009598E9A20E04F041B38518182890A2D5010012225CC57BF01F4EA8CCA87A792FF35F0000FD2CBF2E0000"	"\Divisions\PD\Substation Portland\147852 DALEVILLE PDM FIBER ADDITION"
"000000009598E9A20E04F041B38518182890A2D5010012225CC57BF01F4EA8CCA87A792FF35F000118DC9E580000"	"\Divisions\PD\Substation Portland\148508 P'CORP FRY SUB NERC PRC"
"000000009598E9A20E04F041B38518182890A2D5010012225CC57BF01F4EA8CCA87A792FF35F00012B5C43CD0000"	"\Divisions\PD\Substation Portland\148977 LENAPE FIBER"
"000000009598E9A20E04F041B38518182890A2D5010012225CC57BF01F4EA8CCA87A792FF35F0001474FC4890000"	"\Divisions\PD\Substation Portland\149187 PINNACLE CREEK P16057012"
"000000009598E9A20E04F041B38518182890A2D5010064CEE54672FD844491A13B5C6CAEE87D000000309DDB0000"	"\Divisions\PD\Substation Portland\PacifiCorp Cad Coordination\P&C"
"000000009598E9A20E04F041B38518182890A2D5010064CEE54672FD844491A13B5C6CAEE87D000000309DBA0000"	"\Divisions\PD\Substation Portland\PacifiCorp Cad Coordination\Physical\design review\COMMENTS FROM DENNIS"
"000000009598E9A20E04F041B38518182890A2D5010064CEE54672FD844491A13B5C6CAEE87D000000309DAE0000"	"\Divisions\PD\Substation Portland\PacifiCorp Cad Coordination\Physical\STANDARDS\MEETING10/21/09"
"000000009598E9A20E04F041B38518182890A2D5010064CEE54672FD844491A13B5C6CAEE87D000000081A6B0000"	"\Divisions\PD\Substation Portland\Tomball Substation\50 Percent Review"
"000000009598E9A20E04F041B38518182890A2D5010064CEE54672FD844491A13B5C6CAEE87D000000081A750000"	"\Divisions\PD\Substation Portland\Tomball Substation\Major Electrical Equipment\Transformer Tertiary"
"000000009598E9A20E04F041B38518182890A2D501001296C725372D7F4B86B758A22EA3141B00000076611B0000"	"\Divisions\PD\Substation San Diego\_DMS Upload\000000 Matheson Phase I"
"000000009598E9A20E04F041B38518182890A2D50100572FF007A7D6B64CA96E5CFE8E1CC1A40000001F6F990000"	"\Divisions\PD\Substation San Diego\_DMS Upload\118002 Otay Ranch Photo Sim"
"000000009598E9A20E04F041B38518182890A2D50100572FF007A7D6B64CA96E5CFE8E1CC1A400000014C0F50000"	"\Divisions\PD\Substation San Diego\_DMS Upload\118063 SDG&E Oil Containment\Pacific Beach"
"000000009598E9A20E04F041B38518182890A2D50100A3DF33FCC9BD1644BD14FCA330AA978500001E9204900000"	"\Divisions\PD\Substation San Diego\_HECO\132481 Ho'ohana Solar"
"000000009598E9A20E04F041B38518182890A2D50100572FF007A7D6B64CA96E5CFE8E1CC1A4000000450B450000"	"\Divisions\PD\Substation San Diego\118146 Rancho Mission Viejo GND Study"
"000000009598E9A20E04F041B38518182890A2D50100CB7D9B6512D7374A860FE542D5770392000001266FFF0000"	"\Divisions\PD\Substation San Diego\121196 P'Corp Jordan Substation"
"000000009598E9A20E04F041B38518182890A2D50100CB7D9B6512D7374A860FE542D57703920000012670030000"	"\Divisions\PD\Substation San Diego\122335 Lighthipe DFR Replacement"
"000000009598E9A20E04F041B38518182890A2D50100CB7D9B6512D7374A860FE542D57703920000011B08DC0000"	"\Divisions\PD\Substation San Diego\122867 Penascal Wind Project"
"000000009598E9A20E04F041B38518182890A2D50100CB7D9B6512D7374A860FE542D577039200000129C65B0000"	"\Divisions\PD\Substation San Diego\123426 CBM Miguel Bk 60\Miguel Bk60"
"000000009598E9A20E04F041B38518182890A2D501001953B16A689BCD4AA8FC82955DB27CB1000001841E4C0000"	"\Divisions\PD\Substation San Diego\124499 Coachilla Valley Sub Relay Prot."
"000000009598E9A20E04F041B38518182890A2D50100A3DF33FCC9BD1644BD14FCA330AA97850000254298AD0000"	"\Divisions\PD\Substation San Diego\127197 IID RAS"
"000000009598E9A20E04F041B38518182890A2D50100A3DF33FCC9BD1644BD14FCA330AA97850000198A9A400000"	"\Divisions\PD\Substation San Diego\128642 SDG&E Copper Mtn Solar II"
"000000009598E9A20E04F041B38518182890A2D50100A3DF33FCC9BD1644BD14FCA330AA978500001971C0AC0000"	"\Divisions\PD\Substation San Diego\129595 CBM AS-BUILTS CORONADO"
"000000009598E9A20E04F041B38518182890A2D50100A3DF33FCC9BD1644BD14FCA330AA978500001B057C5D0000"	"\Divisions\PD\Substation San Diego\131673 SDG&E Drew Handover"
"000000009598E9A20E04F041B38518182890A2D50100A3DF33FCC9BD1644BD14FCA330AA978500001B862C0C0000"	"\Divisions\PD\Substation San Diego\132484 HECO Mililani South"
"000000009598E9A20E04F041B38518182890A2D50100A3DF33FCC9BD1644BD14FCA330AA978500001DB4AF5C0000"	"\Divisions\PD\Substation San Diego\134254 SDG&E CBM Basilone "
"000000009598E9A20E04F041B38518182890A2D50100A3DF33FCC9BD1644BD14FCA330AA978500001EA043670000"	"\Divisions\PD\Substation San Diego\135268 SDG&E CBM-AB National"
"000000009598E9A20E04F041B38518182890A2D50100A3DF33FCC9BD1644BD14FCA330AA978500001F2C0BC50000"	"\Divisions\PD\Substation San Diego\135929 SDG&E GCB Design & Construction"
"000000009598E9A20E04F041B38518182890A2D50100A3DF33FCC9BD1644BD14FCA330AA9785000024271CBA0000"	"\Divisions\PD\Substation San Diego\137583 BPA HOT SPRINGS"
"000000009598E9A20E04F041B38518182890A2D50100A3DF33FCC9BD1644BD14FCA330AA978500002347D6BA0000"	"\Divisions\PD\Substation San Diego\138782 SDG&E RTDS Modeling Circuit 221"
"000000009598E9A20E04F041B38518182890A2D50100A3DF33FCC9BD1644BD14FCA330AA9785000025A555B10000"	"\Divisions\PD\Substation San Diego\139876 Waukesha-Murray LTC Retrofit"
"000000009598E9A20E04F041B38518182890A2D50100A3DF33FCC9BD1644BD14FCA330AA978500002A9918520000"	"\Divisions\PD\Substation San Diego\141989 SDG&E SUBT ENGR DRAFTING SUPPRT"
"000000009598E9A20E04F041B38518182890A2D5010012225CC57BF01F4EA8CCA87A792FF35F000027EE5AE40000"	"\Divisions\PD\Substation San Diego\143856 SDG&E ENGR DRFTNG"
"000000009598E9A20E04F041B38518182890A2D5010012225CC57BF01F4EA8CCA87A792FF35F0001197225B00000"	"\Divisions\PD\Substation San Diego\Trans-Dist"
"000000009598E9A20E04F041B38518182890A2D5010012225CC57BF01F4EA8CCA87A792FF35F000087570E6A0000"	"\Divisions\PD\Substation Syracuse\_PPL HOLD\Uploaded Shared Mailbox 145223 PPL - B44923 SEG 12B SUB UPGR JENKIN"
"000000009598E9A20E04F041B38518182890A2D50100A3DF33FCC9BD1644BD14FCA330AA9785000017157CE00000"	"\Divisions\Telecom\CenturyLink\AZ\AT&T"
"000000009598E9A20E04F041B38518182890A2D501006C95E27D1ACA634AA1AADC20796388DD000000DFBDB80000"	"\International"
"000000009598E9A20E04F041B38518182890A2D5010012225CC57BF01F4EA8CCA87A792FF35F00008C3235B40000"	"\Test\Test B"
"000000009598E9A20E04F041B38518182890A2D5010012225CC57BF01F4EA8CCA87A792FF35F000670FBD04B0000"	"\zApplications\Aspen Users\Aspen Calendar\Aspen Calendar\Apen Calendar\Calendar"
"000000009598E9A20E04F041B38518182890A2D501006C95E27D1ACA634AA1AADC20796388DD000000758F610000"	"\zApplications\CDEGS Hardware Key"
"000000009598E9A20E04F041B38518182890A2D5010012225CC57BF01F4EA8CCA87A792FF35F0000BA2FA32A0000"	"\zApplications\CYME\CYME"
"000000009598E9A20E04F041B38518182890A2D5010012225CC57BF01F4EA8CCA87A792FF35F00076765951F0000"	"\zApplications\Ministing\Ministing\Calendar\United States holidays"
"000000009598E9A20E04F041B38518182890A2D50100A3DF33FCC9BD1644BD14FCA330AA978500001B85291E0000"	"\zApplications\SynerGEE Users"
