"EntryId"	"Identity"
"000000009598E9A20E04F041B38518182890A2D5010012225CC57BF01F4EA8CCA87A792FF35F00057E6652B30000"	"\Divisions\ENV\Bio Cul Resources\Central Cultural Resources"
"000000009598E9A20E04F041B38518182890A2D501006C95E27D1ACA634AA1AADC20796388DD0000008BD0760000"	"\Divisions\ENV\Environmental Anaheim\115245 BARREN RDG-EIR/EIS TA 01\EIS\DEIS"
"000000009598E9A20E04F041B38518182890A2D50100A3DF33FCC9BD1644BD14FCA330AA978500000E761E530000"	"\Divisions\ENV\Environmental Anaheim\115245 BARREN RDG-EIR/EIS TA 01\EIS\PFEIS\Response to Comments"
"000000009598E9A20E04F041B38518182890A2D50100A3DF33FCC9BD1644BD14FCA330AA978500001679A56A0000"	"\Divisions\ENV\Environmental Anaheim\115245 BARREN RDG-EIR/EIS TA 01\Public Involvement\Email Comments\BRRTP email comments"
"000000009598E9A20E04F041B38518182890A2D501006C95E27D1ACA634AA1AADC20796388DD000000C177970000"	"\Divisions\ENV\Environmental Anaheim\115245 BARREN RDG-EIR/EIS TA 01\Resources\Cultural\PA"
"000000009598E9A20E04F041B38518182890A2D50100572FF007A7D6B64CA96E5CFE8E1CC1A40000001BBDAE0000"	"\Divisions\ENV\Environmental Anaheim\117416-TA23 Aqueduct O&M Progr BO"
"000000009598E9A20E04F041B38518182890A2D501006C95E27D1ACA634AA1AADC20796388DD0000008296020000"	"\Divisions\ENV\Environmental Anaheim\118242 HAIWEE GEOTHERMAL LEASING EIS\Management\Contract"
"000000009598E9A20E04F041B38518182890A2D501006C95E27D1ACA634AA1AADC20796388DD000000C102010000"	"\Divisions\ENV\Environmental Anaheim\118242 HAIWEE GEOTHERMAL LEASING EIS\Resources\Native American"
"000000009598E9A20E04F041B38518182890A2D50100572FF007A7D6B64CA96E5CFE8E1CC1A40000002B9D430000"	"\Divisions\ENV\Environmental Anaheim\118937 TA45 DVSN CRK UNIT 1/WELL 106"
"000000009598E9A20E04F041B38518182890A2D50100572FF007A7D6B64CA96E5CFE8E1CC1A40000003BD0BA0000"	"\Divisions\ENV\Environmental Anaheim\119911 TA61 LYTLE CRK BIO & ARCH 2010\Lytle Creek 2008 T Herzog\Task 027 Lytle Creek"
"000000009598E9A20E04F041B38518182890A2D50100A3DF33FCC9BD1644BD14FCA330AA97850000175B5BF60000"	"\Divisions\ENV\Environmental Anaheim\122512 RRG MESA SOLAR CEQA CONSULTANT\EIR/EA\CEQA\NOP"
"000000009598E9A20E04F041B38518182890A2D50100A3DF33FCC9BD1644BD14FCA330AA9785000016D7843D0000"	"\Divisions\ENV\Environmental Anaheim\124278 RRG BLYTHE II SOLAR PROJ EIR RRG BLYTHE II SOLAR PROJ EIR\Cumulative"
"000000009598E9A20E04F041B38518182890A2D501001953B16A689BCD4AA8FC82955DB27CB1000001E567E10000"	"\Divisions\ENV\Environmental Anaheim\125024 TA26 BRRTP FEIS/EIR TASKS"
"000000009598E9A20E04F041B38518182890A2D50100A3DF33FCC9BD1644BD14FCA330AA978500000E99E71F0000"	"\Divisions\ENV\Environmental Anaheim\125689 TA10 OWENS VALLEY DRAFT EIR"
"000000009598E9A20E04F041B38518182890A2D50100A3DF33FCC9BD1644BD14FCA330AA97850000177A615A0000"	"\Divisions\ENV\Environmental Anaheim\127925 - TA21 SOVSR CLTRL RES SRVY"
"000000009598E9A20E04F041B38518182890A2D50100A3DF33FCC9BD1644BD14FCA330AA978500001C65B6700000"	"\Divisions\ENV\Environmental Anaheim\130609 TA32 BRRTP CLTRL PRECON SPPT"
"000000009598E9A20E04F041B38518182890A2D50100A3DF33FCC9BD1644BD14FCA330AA978500001F0362D40000"	"\Divisions\ENV\Environmental Anaheim\131359 TA37 BRRTP JURIS DEL/404 PERM \TA 37 404 Permit"
"000000009598E9A20E04F041B38518182890A2D50100A3DF33FCC9BD1644BD14FCA330AA978500001F038E340000"	"\Divisions\ENV\Environmental Anaheim\132186 TA42 SOVSR - FINAL EIR\TA 42 SOVR"
"000000009598E9A20E04F041B38518182890A2D50100A3DF33FCC9BD1644BD14FCA330AA978500001F040B780000"	"\Divisions\ENV\Environmental Anaheim\134907 TA47 OWENS LAKE - DUST MITI\TA 47"
"000000009598E9A20E04F041B38518182890A2D50100A3DF33FCC9BD1644BD14FCA330AA9785000021799BE00000"	"\Divisions\ENV\Environmental Anaheim\137286 TA08 SGRSRP MARINE FACILITY"
"000000009598E9A20E04F041B38518182890A2D50100A3DF33FCC9BD1644BD14FCA330AA978500002BE52DDE0000"	"\Divisions\ENV\Environmental Anaheim\141038 ORMAT ARCH/PALEO/BIO SRVYS"
"000000009598E9A20E04F041B38518182890A2D50100572FF007A7D6B64CA96E5CFE8E1CC1A400000016479A0000"	"\Divisions\ENV\Environmental Anaheim\BRRTP@powereng.com Email ONLY\Comments"
"000000009598E9A20E04F041B38518182890A2D501001953B16A689BCD4AA8FC82955DB27CB1000001B671670000"	"\Divisions\ENV\Environmental Austin\123869_TNMPC_Westminster"
"000000009598E9A20E04F041B38518182890A2D50100A3DF33FCC9BD1644BD14FCA330AA978500001A049A320000"	"\Divisions\ENV\Environmental Austin\129141 China to Amelia"
"000000009598E9A20E04F041B38518182890A2D5010012225CC57BF01F4EA8CCA87A792FF35F0004C198B3210000"	"\Divisions\ENV\Environmental Austin\Austin Fleet Trucks 611, 652, and 377"
"000000009598E9A20E04F041B38518182890A2D501001953B16A689BCD4AA8FC82955DB27CB1000001D2295A0000"	"\Divisions\ENV\Environmental Boise\114809 VANTAGE POMONA HTS SITING\DRAFT EIS"
"000000009598E9A20E04F041B38518182890A2D50100A3DF33FCC9BD1644BD14FCA330AA978500002777A1290000"	"\Divisions\ENV\Environmental Boise\114809 VANTAGE POMONA HTS SITING\Meetings\Nov 30 2015 Field Trip"
"000000009598E9A20E04F041B38518182890A2D501001953B16A689BCD4AA8FC82955DB27CB1000000F73FAF0000"	"\Divisions\ENV\Environmental Boise\114809 VANTAGE POMONA HTS SITING\Sarah_emails\Vantage Pomona\Cultural"
"000000009598E9A20E04F041B38518182890A2D501001953B16A689BCD4AA8FC82955DB27CB1000000F73FBB0000"	"\Divisions\ENV\Environmental Boise\114809 VANTAGE POMONA HTS SITING\Sarah_emails\Vantage Pomona\Water"
"000000009598E9A20E04F041B38518182890A2D501001953B16A689BCD4AA8FC82955DB27CB1000000F5AB910000"	"\Divisions\ENV\Environmental Boise\115841 TransWestEnergy\Sarah_emails\TransWest"
"000000009598E9A20E04F041B38518182890A2D501001953B16A689BCD4AA8FC82955DB27CB1000000F5AB9F0000"	"\Divisions\ENV\Environmental Boise\115841 TransWestEnergy\Sarah_emails\TransWest\Memos & Scheduling"
"000000009598E9A20E04F041B38518182890A2D50100A3DF33FCC9BD1644BD14FCA330AA97850000163C641C0000"	"\Divisions\ENV\Environmental Boise\124464 RTRP 69KV ENVRMNTL & DSGN"
"000000009598E9A20E04F041B38518182890A2D50100A3DF33FCC9BD1644BD14FCA330AA9785000027A4D7970000"	"\Divisions\ENV\Environmental Boise\137912 PREC-POLE ENCRCHMNT L-78"
"000000009598E9A20E04F041B38518182890A2D5010012225CC57BF01F4EA8CCA87A792FF35F00001ACFFDBF0000"	"\Divisions\ENV\Environmental Boise\143747 DUCK LAKE FENCING DELINEATION"
"000000009598E9A20E04F041B38518182890A2D501006C95E27D1ACA634AA1AADC20796388DD0000006B27760000"	"\Divisions\ENV\Environmental Boise\Biology_Dept\101973 Biology\BBainbridge"
"000000009598E9A20E04F041B38518182890A2D50100A3DF33FCC9BD1644BD14FCA330AA9785000021A200170000"	"\Divisions\ENV\Environmental Boise\Biology_Dept\101973 Biology\LeaDavenport"
"000000009598E9A20E04F041B38518182890A2D501006C95E27D1ACA634AA1AADC20796388DD0000007A4F380000"	"\Divisions\ENV\Environmental Boise\Biology_Dept\101973 Biology\Saadia"
"000000009598E9A20E04F041B38518182890A2D501006C95E27D1ACA634AA1AADC20796388DD000000F12B5E0000"	"\Divisions\ENV\Environmental Boise\Biology_Dept\Ken_Bradley"
"000000009598E9A20E04F041B38518182890A2D501006C95E27D1ACA634AA1AADC20796388DD0000007688270000"	"\Divisions\ENV\Environmental Boise\GSA Contracts\Element Power"
"000000009598E9A20E04F041B38518182890A2D50100A3DF33FCC9BD1644BD14FCA330AA978500001A371ACC0000"	"\Divisions\ENV\Environmental Boise\Laptop upgrade\Brent Waller"
"000000009598E9A20E04F041B38518182890A2D501006C95E27D1ACA634AA1AADC20796388DD00000060DF540000"	"\Divisions\ENV\Environmental Boise\Timoteo"
"000000009598E9A20E04F041B38518182890A2D50100A3DF33FCC9BD1644BD14FCA330AA978500001BD5D13B0000"	"\Divisions\ENV\Environmental Cincinnati\130783 DAYTON POWER & LIGHT - OPSB APPL ANALYSES-W MILTON"
"000000009598E9A20E04F041B38518182890A2D50100A3DF33FCC9BD1644BD14FCA330AA978500001BD660990000"	"\Divisions\ENV\Environmental Cincinnati\130823 TRC - ENBRIDGE BIO SURVEYS, IL-IN"
"000000009598E9A20E04F041B38518182890A2D50100A3DF33FCC9BD1644BD14FCA330AA978500001BCE31B90000"	"\Divisions\ENV\Environmental Cincinnati\130852 ALCOA INC - STORMWATER MGMT AREA INV"
"000000009598E9A20E04F041B38518182890A2D50100A3DF33FCC9BD1644BD14FCA330AA978500001BCF2CCD0000"	"\Divisions\ENV\Environmental Cincinnati\130910  MILLER VALENTINE GROUP INC - 3RD PARTY H&S OVRSGHT-BATAVIA"
"000000009598E9A20E04F041B38518182890A2D50100A3DF33FCC9BD1644BD14FCA330AA978500001BD26AC50000"	"\Divisions\ENV\Environmental Cincinnati\130991 SANOFI - SLLI AWP - PHASE 400"
"000000009598E9A20E04F041B38518182890A2D50100A3DF33FCC9BD1644BD14FCA330AA978500001BCF539F0000"	"\Divisions\ENV\Environmental Cincinnati\131094 SANOFI - SLLI 2012 ARRO LAKE DAM EVAL"
"000000009598E9A20E04F041B38518182890A2D50100A3DF33FCC9BD1644BD14FCA330AA978500001BD5D1BE0000"	"\Divisions\ENV\Environmental Cincinnati\131129 CESO INC - CESO MAHONING 2 PIPELINE"
"000000009598E9A20E04F041B38518182890A2D50100A3DF33FCC9BD1644BD14FCA330AA978500001BCDCBA20000"	"\Divisions\ENV\Environmental Cincinnati\131247 METROPOLITAN SEWER DISTRICT - I-71 MLK INTRCHNG ANALYSIS"
"000000009598E9A20E04F041B38518182890A2D50100A3DF33FCC9BD1644BD14FCA330AA978500001BD2720E0000"	"\Divisions\ENV\Environmental Cincinnati\131267 TENNESSEE VALLEY AUTHORITY - MIST NET SURVEYS - TN"
"000000009598E9A20E04F041B38518182890A2D50100A3DF33FCC9BD1644BD14FCA330AA978500001ACD49F30000"	"\Divisions\ENV\Environmental Cincinnati\131508 ALCOA - LOCATION 7 & 8 CONCEPTUAL GRADING PLANS"
"000000009598E9A20E04F041B38518182890A2D50100A3DF33FCC9BD1644BD14FCA330AA978500001BCF2F0F0000"	"\Divisions\ENV\Environmental Cincinnati\131720 WHITEMAN OSTERMAN & HANNA LLP - TIER 1 SOURCE - HOPKINS ST. CI"
"000000009598E9A20E04F041B38518182890A2D50100A3DF33FCC9BD1644BD14FCA330AA978500001BCDCC290000"	"\Divisions\ENV\Environmental Cincinnati\131920 DAYTON POWER & LIGHT - SOLAR RENEW ENERGY CREDITS"
"000000009598E9A20E04F041B38518182890A2D50100A3DF33FCC9BD1644BD14FCA330AA978500001BCF32F70000"	"\Divisions\ENV\Environmental Cincinnati\132285 PMC SPECIALTIES GROUP INC - 2013 WW BOD STUDY"
"000000009598E9A20E04F041B38518182890A2D50100A3DF33FCC9BD1644BD14FCA330AA978500001BCD57360000"	"\Divisions\ENV\Environmental Cincinnati\132636 UNITED DAIRY FARMERS - TIER 1 DELINEATION UDF 100"
"000000009598E9A20E04F041B38518182890A2D50100A3DF33FCC9BD1644BD14FCA330AA978500001C12D7660000"	"\Divisions\ENV\Environmental Cincinnati\132876 ROBERT F SMART & CAROL O SMART REVOCABLE TRUST AGREEMENT - WETLAND DELINEATION - WAUKESHA"
"000000009598E9A20E04F041B38518182890A2D50100A3DF33FCC9BD1644BD14FCA330AA978500001C9D5CE30000"	"\Divisions\ENV\Environmental Cincinnati\133158 UNITED DAIRY FARMERS-SUSP RELEASE UDF 631"
"000000009598E9A20E04F041B38518182890A2D50100A3DF33FCC9BD1644BD14FCA330AA978500001D2FFDCF0000"	"\Divisions\ENV\Environmental Cincinnati\133508 ALCOA INC-WATER SAMPLING & COLLECTION"
"000000009598E9A20E04F041B38518182890A2D50100A3DF33FCC9BD1644BD14FCA330AA978500001D773A4C0000"	"\Divisions\ENV\Environmental Cincinnati\133665 ALCOA INC-2014 SKIMMER SYSTEMS O&M"
"000000009598E9A20E04F041B38518182890A2D50100A3DF33FCC9BD1644BD14FCA330AA978500001D821D100000"	"\Divisions\ENV\Environmental Cincinnati\133854 MARATHON PETROLEUM COMPANY LP-MPL 2014 DCM SITES"
"000000009598E9A20E04F041B38518182890A2D50100A3DF33FCC9BD1644BD14FCA330AA978500001DD0B20A0000"	"\Divisions\ENV\Environmental Cincinnati\134312 ALCOA INC-WETLAND CONSTRUCTION OVERSIGHT"
"000000009598E9A20E04F041B38518182890A2D50100A3DF33FCC9BD1644BD14FCA330AA978500001DE195C10000"	"\Divisions\ENV\Environmental Cincinnati\134717 GENERAL ELECTRIC COMPANY-NOISE SURVEY-GE CINTI TOOL CTR"
"000000009598E9A20E04F041B38518182890A2D50100A3DF33FCC9BD1644BD14FCA330AA978500001E2D01DE0000"	"\Divisions\ENV\Environmental Cincinnati\134966 RYBOLT HILLS INC.-UST CLOSURE SUPPORT"
"000000009598E9A20E04F041B38518182890A2D50100A3DF33FCC9BD1644BD14FCA330AA978500001EAE54E10000"	"\Divisions\ENV\Environmental Cincinnati\135306 ALCOA INC-SENTINEL SYS MAINT"
"000000009598E9A20E04F041B38518182890A2D50100A3DF33FCC9BD1644BD14FCA330AA978500001EFA53560000"	"\Divisions\ENV\Environmental Cincinnati\135648 ALCOA INC-SWMU 30 OVERSIGHT"
"000000009598E9A20E04F041B38518182890A2D50100A3DF33FCC9BD1644BD14FCA330AA978500001F7066590000"	"\Divisions\ENV\Environmental Cincinnati\135982 MARATHON PETROLEUM COMPANY LP-ROBINSON CAVERN SWPP"
"000000009598E9A20E04F041B38518182890A2D50100A3DF33FCC9BD1644BD14FCA330AA978500001F9C18C30000"	"\Divisions\ENV\Environmental Cincinnati\136117 FLOWSERVE CORPORATION-DUE DILIGENCE-NEPTUNE PROJECT"
"000000009598E9A20E04F041B38518182890A2D50100A3DF33FCC9BD1644BD14FCA330AA97850000201A50B30000"	"\Divisions\ENV\Environmental Cincinnati\136394 UNITED DAIRY FARMERS-BULK STORAGE FAC SPCC"
"000000009598E9A20E04F041B38518182890A2D50100F3BCE3A574023B4482F2E427B5A3121800004D9308A90000"	"\Divisions\ENV\Environmental Cincinnati\136889 MILACRON INC-2015 MSD O&M - CIMCOOL"
"000000009598E9A20E04F041B38518182890A2D50100A3DF33FCC9BD1644BD14FCA330AA9785000021AE279F0000"	"\Divisions\ENV\Environmental Cincinnati\137464 ALCOA INC-LAKE CHARLES DREDGING"
"000000009598E9A20E04F041B38518182890A2D50100A3DF33FCC9BD1644BD14FCA330AA9785000021DA17A30000"	"\Divisions\ENV\Environmental Cincinnati\137679 GIVAUDAN FLAVORS CORP-2015 IH EXPOSURE-CARTHAGE"
"000000009598E9A20E04F041B38518182890A2D50100A3DF33FCC9BD1644BD14FCA330AA9785000022638C330000"	"\Divisions\ENV\Environmental Cincinnati\138092 UNITED DAIRY FARMERS-UDF 215 ENGLEWOOD-OBS WELL SAM"
"000000009598E9A20E04F041B38518182890A2D50100A3DF33FCC9BD1644BD14FCA330AA9785000022A954110000"	"\Divisions\ENV\Environmental Cincinnati\138484 UNITED DAIRY FARMERS-UDF 102 GOSHEN PIPE CLOSURE"
"000000009598E9A20E04F041B38518182890A2D50100A3DF33FCC9BD1644BD14FCA330AA978500002355D11E0000"	"\Divisions\ENV\Environmental Cincinnati\138808 UNISEA-UNISEA EFFLUENT IMPROVEMENTS"
"000000009598E9A20E04F041B38518182890A2D50100A3DF33FCC9BD1644BD14FCA330AA9785000023E9C0CB0000"	"\Divisions\ENV\Environmental Cincinnati\139147 YSI INCORPORATED-SEAL MONITOR WELLS"
"000000009598E9A20E04F041B38518182890A2D50100A3DF33FCC9BD1644BD14FCA330AA978500002535302A0000"	"\Divisions\ENV\Environmental Cincinnati\139606 MILACRON - REG REVIEW PCB WIRING"
"000000009598E9A20E04F041B38518182890A2D50100A3DF33FCC9BD1644BD14FCA330AA978500001BDA49030000"	"\Divisions\ENV\Environmental Cincinnati\NRM Training-bbauer"
"000000009598E9A20E04F041B38518182890A2D50100A3DF33FCC9BD1644BD14FCA330AA978500002BF83CBF0000"	"\Divisions\ENV\Environmental Denver\141794 ARRIBA-RUSH CRK-MISSILE SITE\Public Meetings"
"000000009598E9A20E04F041B38518182890A2D50100A3DF33FCC9BD1644BD14FCA330AA97850000170CDD230000"	"\Divisions\ENV\Environmental Freeport\126719 WORTHEN IND-COMPL & AIR PERMIT"
"000000009598E9A20E04F041B38518182890A2D50100A3DF33FCC9BD1644BD14FCA330AA978500001EDE5FE30000"	"\Divisions\ENV\Environmental Freeport\135172_UNH-TITLE_V-FY15"
"000000009598E9A20E04F041B38518182890A2D5010012225CC57BF01F4EA8CCA87A792FF35F0001217308DA0000"	"\Divisions\ENV\Environmental Freeport\148841 THC-STUART FL-ENVIRO"
"000000009598E9A20E04F041B38518182890A2D50100A3DF33FCC9BD1644BD14FCA330AA97850000170CDC710000"	"\Divisions\ENV\Environmental Freeport\CLOSED PROJECTS\126683 UNIV OF MAINE-PART 70 LIC MOD FOR NSR AMEND"
"000000009598E9A20E04F041B38518182890A2D50100A3DF33FCC9BD1644BD14FCA330AA978500001E3BD65B0000"	"\Divisions\ENV\Environmental Freeport\CLOSED PROJECTS\131838 NMMC NESHAP ASSESSMENT"
"000000009598E9A20E04F041B38518182890A2D50100A3DF33FCC9BD1644BD14FCA330AA97850000204D69F70000"	"\Divisions\ENV\Environmental Freeport\CLOSED PROJECTS\134063 ELMET MAIRIS AIR EMMISSIONS RPT"
"000000009598E9A20E04F041B38518182890A2D50100A3DF33FCC9BD1644BD14FCA330AA978500002CC078290000"	"\Divisions\ENV\Environmental Freeport\CLOSED PROJECTS\137572 SMHC-TIER 2 REPORT"
"000000009598E9A20E04F041B38518182890A2D5010012225CC57BF01F4EA8CCA87A792FF35F000049C4B1540000"	"\Divisions\ENV\Environmental Freeport\CLOSED PROJECTS\139070 NEWP-STORMWATER REPORTING"
"000000009598E9A20E04F041B38518182890A2D5010012225CC57BF01F4EA8CCA87A792FF35F000161B50D280000"	"\Divisions\ENV\Environmental Freeport\CLOSED PROJECTS\140857 TBVC-CY16 SERVICES"
"000000009598E9A20E04F041B38518182890A2D5010012225CC57BF01F4EA8CCA87A792FF35F00000C45260A0000"	"\Divisions\ENV\Environmental Freeport\CLOSED PROJECTS\143422 FNST-MANCHESTER AUDIT 2016"
"000000009598E9A20E04F041B38518182890A2D5010012225CC57BF01F4EA8CCA87A792FF35F00008C3235D00000"	"\Divisions\ENV\Environmental Freeport\CLOSED PROJECTS\145506 CHESHIRE MED CTR-SPCC UPDATE"
"000000009598E9A20E04F041B38518182890A2D5010012225CC57BF01F4EA8CCA87A792FF35F0001074EFECD0000"	"\Divisions\ENV\Environmental Freeport\CLOSED PROJECTS\148173_STATE_SAND&GRAVEL_RM9_EVAL"
"000000009598E9A20E04F041B38518182890A2D5010012225CC57BF01F4EA8CCA87A792FF35F00024A4DFACF0000"	"\Divisions\ENV\Environmental Freeport\CLOSED PROJECTS\150468 UNH-ENV-A 1400 UPDATE 2018"
"000000009598E9A20E04F041B38518182890A2D5010012225CC57BF01F4EA8CCA87A792FF35F0001C8B1F1F90000"	"\Divisions\ENV\Environmental Freeport\CLOSED PROJECTS\153205_PEA-SAFETY_COMPLIANCE_SVS"
"000000009598E9A20E04F041B38518182890A2D50100A3DF33FCC9BD1644BD14FCA330AA9785000017310F8B0000"	"\Divisions\ENV\Environmental Hailey\108174 - Sunrise Tap"
"000000009598E9A20E04F041B38518182890A2D50100572FF007A7D6B64CA96E5CFE8E1CC1A40000004813230000"	"\Divisions\ENV\Environmental Hailey\115549 - Stockton\Meetings"
"000000009598E9A20E04F041B38518182890A2D50100572FF007A7D6B64CA96E5CFE8E1CC1A40000001935820000"	"\Divisions\ENV\Environmental Hailey\116197-Granite Falls"
"000000009598E9A20E04F041B38518182890A2D50100A3DF33FCC9BD1644BD14FCA330AA978500001F19FAD40000"	"\Divisions\ENV\Environmental Hailey\118092 - Jackrabbit\ADEIS"
"000000009598E9A20E04F041B38518182890A2D50100A3DF33FCC9BD1644BD14FCA330AA978500001F1B23230000"	"\Divisions\ENV\Environmental Hailey\119825 - El Centro Unit 3\Meetings"
"000000009598E9A20E04F041B38518182890A2D50100A3DF33FCC9BD1644BD14FCA330AA97850000171877EA0000"	"\Divisions\ENV\Environmental Hailey\124186_EGS\Derek Magee"
"000000009598E9A20E04F041B38518182890A2D501001953B16A689BCD4AA8FC82955DB27CB1000001B4D1610000"	"\Divisions\ENV\Environmental Hailey\124186_EGS\Kirsten"
"000000009598E9A20E04F041B38518182890A2D50100A3DF33FCC9BD1644BD14FCA330AA9785000017087A7A0000"	"\Divisions\ENV\Environmental Hailey\124186_EGS\MeetingNotes/mins\Reference Logs"
"000000009598E9A20E04F041B38518182890A2D50100A3DF33FCC9BD1644BD14FCA330AA978500001768A76A0000"	"\Divisions\ENV\Environmental Hailey\124186_EGS\PPM\Schema Changes, Wish List Items"
"000000009598E9A20E04F041B38518182890A2D50100A3DF33FCC9BD1644BD14FCA330AA9785000017689D720000"	"\Divisions\ENV\Environmental Hailey\124186_EGS\RFIs and LOTs"
"000000009598E9A20E04F041B38518182890A2D50100A3DF33FCC9BD1644BD14FCA330AA978500001F1A9E780000"	"\Divisions\ENV\Environmental Hailey\126564 - Bagby-Reed\02_CONFIDENTIAL"
"000000009598E9A20E04F041B38518182890A2D50100A3DF33FCC9BD1644BD14FCA330AA978500001BA2A9070000"	"\Divisions\ENV\Environmental Hailey\128143 - R-Project (NPPD)\Agency Correspondence"
"000000009598E9A20E04F041B38518182890A2D50100A3DF33FCC9BD1644BD14FCA330AA978500001B7F35520000"	"\Divisions\ENV\Environmental Hailey\128143 - R-Project (NPPD)\Visual"
"000000009598E9A20E04F041B38518182890A2D50100A3DF33FCC9BD1644BD14FCA330AA978500001D160E760000"	"\Divisions\ENV\Environmental Hailey\133455 - BLM SAGE GROUSE EIS"
"000000009598E9A20E04F041B38518182890A2D50100E34BFE500669CD49AC2E27C6C54DE39D00000020FD940000"	"\Divisions\ENV\Environmental Houston\00_PROPOSALS\NEXTERA"
"000000009598E9A20E04F041B38518182890A2D501001953B16A689BCD4AA8FC82955DB27CB1000000FEBE360000"	"\Divisions\ENV\Environmental Houston\123872_TNMPC_Westminster_TL"
"000000009598E9A20E04F041B38518182890A2D50100A3DF33FCC9BD1644BD14FCA330AA978500001BD1E1090000"	"\Divisions\ENV\Environmental Knoxville\130890 MARATHON PETROLEUM COMPANY LP - 2013 OWC 3 PIPE CLN WTR ACT"
"000000009598E9A20E04F041B38518182890A2D5010012225CC57BF01F4EA8CCA87A792FF35F00003452E6BE0000"	"\Divisions\ENV\Environmental Knoxville\144102 MARATHON PETROLEUM CORPORATION - RIO HDD ECOSURVEY"
"000000009598E9A20E04F041B38518182890A2D50100CB7D9B6512D7374A860FE542D577039200000110A6A30000"	"\Divisions\ENV\Environmental Phoenix\122655 Qwest_18th St & Russell Arch"
"000000009598E9A20E04F041B38518182890A2D501001953B16A689BCD4AA8FC82955DB27CB10000015026A30000"	"\Divisions\ENV\Environmental Phoenix\124244 Cl Fttn 1213T5V Old Ngles Arch"
"000000009598E9A20E04F041B38518182890A2D50100A3DF33FCC9BD1644BD14FCA330AA97850000176AE69A0000"	"\Divisions\ENV\Environmental Phoenix\127601 CL_CL E 54176 Orgn Grv Rd SWPPP"
"000000009598E9A20E04F041B38518182890A2D50100A3DF33FCC9BD1644BD14FCA330AA9785000019A182FA0000"	"\Divisions\ENV\Environmental Phoenix\129989 TEP_Ft Huachuca 46kV Pole Repl"
"000000009598E9A20E04F041B38518182890A2D50100A3DF33FCC9BD1644BD14FCA330AA978500001C85A7220000"	"\Divisions\ENV\Environmental Phoenix\133031 TEP_River Road"
"000000009598E9A20E04F041B38518182890A2D501006C95E27D1ACA634AA1AADC20796388DD00000055E8D10000"	"\Divisions\ENV\Public Outreach and Communication"
"000000009598E9A20E04F041B38518182890A2D501006C95E27D1ACA634AA1AADC20796388DD000000834F740000"	"\Divisions\ENV\Public Outreach and Communication\114253 Coal Blending Plant"
"000000009598E9A20E04F041B38518182890A2D501006C95E27D1ACA634AA1AADC20796388DD0000007196AE0000"	"\Divisions\ENV\Public Outreach and Communication\117834  Greenbrae Corridor Improvement"
"000000009598E9A20E04F041B38518182890A2D501001953B16A689BCD4AA8FC82955DB27CB10000015C5A8D0000"	"\Divisions\ENV\Public Outreach and Communication\120095  Wasatch County Sims"
"000000009598E9A20E04F041B38518182890A2D50100CB7D9B6512D7374A860FE542D57703920000012942610000"	"\Divisions\ENV\Public Outreach and Communication\121994 LCRA Big Hill-Kendall 345kV Photo Sims"
"000000009598E9A20E04F041B38518182890A2D501001953B16A689BCD4AA8FC82955DB27CB1000000D45ED40000"	"\Divisions\ENV\Public Outreach and Communication\123718 Pepco - Easton to Todd"
"000000009598E9A20E04F041B38518182890A2D501001953B16A689BCD4AA8FC82955DB27CB1000001F7691C0000"	"\Divisions\ENV\Public Outreach and Communication\124918 ScattergoodGenStationSims"
"000000009598E9A20E04F041B38518182890A2D50100A3DF33FCC9BD1644BD14FCA330AA9785000017195FDE0000"	"\Divisions\ENV\Public Outreach and Communication\126654 CLEARWATER RIVER CASINO HWY 95 "
"000000009598E9A20E04F041B38518182890A2D50100A3DF33FCC9BD1644BD14FCA330AA97850000176AE6A20000"	"\Divisions\ENV\Public Outreach and Communication\127674 HECLA Green Creek Video Update"
"000000009598E9A20E04F041B38518182890A2D50100A3DF33FCC9BD1644BD14FCA330AA978500001CC6FDDE0000"	"\Divisions\ENV\Public Outreach and Communication\128722 GMI Mondale"
"000000009598E9A20E04F041B38518182890A2D50100F3BCE3A574023B4482F2E427B5A3121800004EC0A3120000"	"\Divisions\ENV\Public Outreach and Communication\131178 Stonebrook"
"000000009598E9A20E04F041B38518182890A2D50100A3DF33FCC9BD1644BD14FCA330AA978500001B81F78E0000"	"\Divisions\ENV\Public Outreach and Communication\132359 East Kapolei Solar"
"000000009598E9A20E04F041B38518182890A2D5010012225CC57BF01F4EA8CCA87A792FF35F00001ACFFD6F0000"	"\Divisions\ENV\Public Outreach and Communication\133797 Clean Line Photo Sims"
"000000009598E9A20E04F041B38518182890A2D50100A3DF33FCC9BD1644BD14FCA330AA978500001F2234190000"	"\Divisions\ENV\Public Outreach and Communication\135205 Pepco - Red Lion to Milford"
"000000009598E9A20E04F041B38518182890A2D50100A3DF33FCC9BD1644BD14FCA330AA978500001FFEED310000"	"\Divisions\ENV\Public Outreach and Communication\136269 Pepco Potomac River"
"000000009598E9A20E04F041B38518182890A2D50100A3DF33FCC9BD1644BD14FCA330AA97850000227ABCF10000"	"\Divisions\ENV\Public Outreach and Communication\138197 Wasatch Photo Sims"
"000000009598E9A20E04F041B38518182890A2D5010012225CC57BF01F4EA8CCA87A792FF35F0000BBEFC0460000"	"\Divisions\ENV\Public Outreach and Communication\139702 Weber Substation"
"000000009598E9A20E04F041B38518182890A2D5010012225CC57BF01F4EA8CCA87A792FF35F00003B473CF00000"	"\Divisions\ENV\Public Outreach and Communication\140773 - Iberdrola ESPWG Presenation"
"000000009598E9A20E04F041B38518182890A2D50100A3DF33FCC9BD1644BD14FCA330AA978500002C1503620000"	"\Divisions\ENV\Public Outreach and Communication\142313 NGrid Reg Station Sims"
"000000009598E9A20E04F041B38518182890A2D5010012225CC57BF01F4EA8CCA87A792FF35F000052525A6E0000"	"\Divisions\ENV\Public Outreach and Communication\143769 IREA Kiowa - Brick Center"
"000000009598E9A20E04F041B38518182890A2D5010012225CC57BF01F4EA8CCA87A792FF35F0000B2BA27620000"	"\Divisions\ENV\Public Outreach and Communication\144784 AEP 39th - Bann"
"000000009598E9A20E04F041B38518182890A2D5010012225CC57BF01F4EA8CCA87A792FF35F0000BD510F420000"	"\Divisions\ENV\Public Outreach and Communication\146432 Corson-Sea Isle"
"000000009598E9A20E04F041B38518182890A2D5010012225CC57BF01F4EA8CCA87A792FF35F0001C8B1F1F30000"	"\Divisions\ENV\Public Outreach and Communication\153171 SMUD East Campus-Ops Center"
"000000009598E9A20E04F041B38518182890A2D50100A3DF33FCC9BD1644BD14FCA330AA978500001F1557E50000"	"\Divisions\ENV\Public Outreach and Communication\EMS"
"000000009598E9A20E04F041B38518182890A2D50100A3DF33FCC9BD1644BD14FCA330AA978500002B9CEE0E0000"	"\Divisions\ENV\Public Outreach and Communication\OverviewVideo"
"000000009598E9A20E04F041B38518182890A2D5010012225CC57BF01F4EA8CCA87A792FF35F0005E942F31B0000"	"\Divisions\Facilities \Chemical Technology Solutions"
"000000009598E9A20E04F041B38518182890A2D5010012225CC57BF01F4EA8CCA87A792FF35F00040CD6AE1E0000"	"\Divisions\Generation"
"000000009598E9A20E04F041B38518182890A2D50100A3DF33FCC9BD1644BD14FCA330AA978500001B44A05C0000"	"\Divisions\Industrial\BU46"
"000000009598E9A20E04F041B38518182890A2D501006C95E27D1ACA634AA1AADC20796388DD0000000538380000"	"\Divisions\Industrial\Food Processing"
"000000009598E9A20E04F041B38518182890A2D50100CB7D9B6512D7374A860FE542D577039200000015F9DD0000"	"\Divisions\Industrial\Generation\ATL Civil Structural"
"000000009598E9A20E04F041B38518182890A2D501001296C725372D7F4B86B758A22EA3141B0000000150CF0000"	"\Divisions\Industrial\IT"
"000000009598E9A20E04F041B38518182890A2D501006C95E27D1ACA634AA1AADC20796388DD000000BB081B0000"	"\Divisions\Operations\Administration\BanBury Golf Passes\Lottery"
"000000009598E9A20E04F041B38518182890A2D50100572FF007A7D6B64CA96E5CFE8E1CC1A40000004B9E410000"	"\Divisions\Operations\Finance\Taxes\AK"
"000000009598E9A20E04F041B38518182890A2D501001296C725372D7F4B86B758A22EA3141B0000004F31A00000"	"\Divisions\Operations\Finance\Taxes\AZ\Closed\111386-Aqua"
"000000009598E9A20E04F041B38518182890A2D50100572FF007A7D6B64CA96E5CFE8E1CC1A40000003598CC0000"	"\Divisions\Operations\Finance\Taxes\AZ\Sulphur Springs"
"000000009598E9A20E04F041B38518182890A2D501001296C725372D7F4B86B758A22EA3141B000000611D010000"	"\Divisions\Operations\Finance\Taxes\CA\Pittsburg"
"000000009598E9A20E04F041B38518182890A2D50100572FF007A7D6B64CA96E5CFE8E1CC1A400000014C0910000"	"\Divisions\Operations\Finance\Taxes\CANADA\Manitoba "
"000000009598E9A20E04F041B38518182890A2D501001296C725372D7F4B86B758A22EA3141B000000611D3D0000"	"\Divisions\Operations\Finance\Taxes\CO\Aurora"
"000000009598E9A20E04F041B38518182890A2D501001296C725372D7F4B86B758A22EA3141B00000074E2840000"	"\Divisions\Operations\Finance\Taxes\GENERAL INFO & Q'S"
"000000009598E9A20E04F041B38518182890A2D501001296C725372D7F4B86B758A22EA3141B0000007BC4940000"	"\Divisions\Operations\Finance\Taxes\ID\Relay Manuals"
"000000009598E9A20E04F041B38518182890A2D501001296C725372D7F4B86B758A22EA3141B0000004F32110000"	"\Divisions\Operations\Finance\Taxes\NE"
"000000009598E9A20E04F041B38518182890A2D50100572FF007A7D6B64CA96E5CFE8E1CC1A40000003A7ADC0000"	"\Divisions\Operations\Finance\Taxes\NM\Nextera"
"000000009598E9A20E04F041B38518182890A2D501001296C725372D7F4B86B758A22EA3141B0000007BC41D0000"	"\Divisions\Operations\Finance\Taxes\PA"
"000000009598E9A20E04F041B38518182890A2D50100CB7D9B6512D7374A860FE542D5770392000001184FC60000"	"\Divisions\Operations\Finance\Taxes\TAX ALERT - PROJECTS\AZ"
"000000009598E9A20E04F041B38518182890A2D50100572FF007A7D6B64CA96E5CFE8E1CC1A40000001647990000"	"\Divisions\Operations\Finance\Taxes\Turkey"
"000000009598E9A20E04F041B38518182890A2D501001296C725372D7F4B86B758A22EA3141B000000611D070000"	"\Divisions\Operations\Finance\Taxes\WA\PCI"
"000000009598E9A20E04F041B38518182890A2D5010012225CC57BF01F4EA8CCA87A792FF35F000053E1DF0A0000"	"\Divisions\Operations\Governance\Corporate Administration\BOI Corporate Governance"
"000000009598E9A20E04F041B38518182890A2D50100A3DF33FCC9BD1644BD14FCA330AA978500000E652CAD0000"	"\Divisions\Operations\Information Technology\Cell"
"000000009598E9A20E04F041B38518182890A2D501001296C725372D7F4B86B758A22EA3141B000000004A970000"	"\Divisions\Operations\Information Technology\Networking"
"000000009598E9A20E04F041B38518182890A2D50100CB7D9B6512D7374A860FE542D57703920000012534130000"	"\Divisions\Operations\Legal"
"000000009598E9A20E04F041B38518182890A2D50100A3DF33FCC9BD1644BD14FCA330AA9785000016F5F8870000"	"\Divisions\Operations\Office Build-Out Projects Folder\Projects\2012BOI_RECEPTION\Travel"
"000000009598E9A20E04F041B38518182890A2D50100A3DF33FCC9BD1644BD14FCA330AA9785000016F5F7D40000"	"\Divisions\Operations\Office Build-Out Projects Folder\Projects\2012PTL01EXP\Photos"
"000000009598E9A20E04F041B38518182890A2D50100A3DF33FCC9BD1644BD14FCA330AA9785000016F5F8950000"	"\Divisions\Operations\Office Build-Out Projects Folder\Projects\2012SAN01EXP\Travel"
"000000009598E9A20E04F041B38518182890A2D501001296C725372D7F4B86B758A22EA3141B00000000A2240000"	"\Divisions\PD"
"000000009598E9A20E04F041B38518182890A2D5010012225CC57BF01F4EA8CCA87A792FF35F000519F25F5F0000"	"\Divisions\PD\Boston\Vehicle367"
"000000009598E9A20E04F041B38518182890A2D5010012225CC57BF01F4EA8CCA87A792FF35F0001FB034B990000"	"\Divisions\PD\Distribution Services\Dept. 330"
"000000009598E9A20E04F041B38518182890A2D50100A3DF33FCC9BD1644BD14FCA330AA978500001FEDB89A0000"	"\Divisions\PD\Distribution Services\Distribution Design Services\00_DMS Upload"
"000000009598E9A20E04F041B38518182890A2D50100A3DF33FCC9BD1644BD14FCA330AA978500001F9C05EB0000"	"\Divisions\PD\Distribution Services\Distribution Design Services\136108 - American King Solar"
"000000009598E9A20E04F041B38518182890A2D50100A3DF33FCC9BD1644BD14FCA330AA9785000024F97D130000"	"\Divisions\PD\Distribution Services\Distribution Design Services\139241 - SMFW OH"
"000000009598E9A20E04F041B38518182890A2D50100A3DF33FCC9BD1644BD14FCA330AA978500002B8C40E80000"	"\Divisions\PD\Distribution Services\Distribution Design Services\142340 - 6H2S 12.5KV T-LINE"
"000000009598E9A20E04F041B38518182890A2D5010012225CC57BF01F4EA8CCA87A792FF35F00003F053F8E0000"	"\Divisions\PD\Distribution Services\Distribution Design Services\144294 - SOUTHERN GATEWAY CDA"
"000000009598E9A20E04F041B38518182890A2D5010012225CC57BF01F4EA8CCA87A792FF35F00009CDF0E340000"	"\Divisions\PD\Distribution Services\Distribution Design Services\145909 - SCE MONROVIA RELAY SETTINGS"
"000000009598E9A20E04F041B38518182890A2D5010012225CC57BF01F4EA8CCA87A792FF35F0000BDAF18C40000"	"\Divisions\PD\Distribution Services\Distribution Design Services\146453 - BORREGO SUBSTATION"
"000000009598E9A20E04F041B38518182890A2D5010012225CC57BF01F4EA8CCA87A792FF35F0000D26A59940000"	"\Divisions\PD\Distribution Services\Distribution Design Services\146758 - LOAD FLOW STUDIES"
"000000009598E9A20E04F041B38518182890A2D5010012225CC57BF01F4EA8CCA87A792FF35F0000FC6D03DB0000"	"\Divisions\PD\Distribution Services\Distribution Design Services\147642 - SLKRK 9849"
"000000009598E9A20E04F041B38518182890A2D5010012225CC57BF01F4EA8CCA87A792FF35F000101F10BB00000"	"\Divisions\PD\Distribution Services\Distribution Design Services\147950 - SCE CARPINTERIA RELAY SETTINGS"
"000000009598E9A20E04F041B38518182890A2D5010012225CC57BF01F4EA8CCA87A792FF35F000593DC4DA40000"	"\Divisions\PD\Distribution Services\Distribution Services - Dept. 257\EDM Office Field Tools"
"000000009598E9A20E04F041B38518182890A2D50100E34BFE500669CD49AC2E27C6C54DE39D00000028F46C0000"	"\Divisions\PD\Distribution Services\Substation Benbrook\117723_SULP_Taylor Sub"
"000000009598E9A20E04F041B38518182890A2D50100E34BFE500669CD49AC2E27C6C54DE39D0000002687860000"	"\Divisions\PD\Distribution Services\Substation Benbrook\117748_Barton Chapel Sw Sta"
"000000009598E9A20E04F041B38518182890A2D50100E34BFE500669CD49AC2E27C6C54DE39D0000002687D10000"	"\Divisions\PD\Distribution Services\Substation Benbrook\1178/91_SHECO Oneok Pipeline"
"000000009598E9A20E04F041B38518182890A2D50100E34BFE500669CD49AC2E27C6C54DE39D00000026880B0000"	"\Divisions\PD\Distribution Services\Substation Benbrook\117840_Tex-La SCADA"
"000000009598E9A20E04F041B38518182890A2D50100E34BFE500669CD49AC2E27C6C54DE39D0000002688400000"	"\Divisions\PD\Distribution Services\Substation Benbrook\117875_PHEC Gen Engr"
"000000009598E9A20E04F041B38518182890A2D50100E34BFE500669CD49AC2E27C6C54DE39D0000002688440000"	"\Divisions\PD\Distribution Services\Substation Benbrook\117908_CCEC Staking"
"000000009598E9A20E04F041B38518182890A2D50100E34BFE500669CD49AC2E27C6C54DE39D00000026883E0000"	"\Divisions\PD\Distribution Services\Substation Benbrook\117947_FCEC Gen Engr"
"000000009598E9A20E04F041B38518182890A2D50100A3DF33FCC9BD1644BD14FCA330AA978500000EA6BB170000"	"\Divisions\PD\Distribution Services\Substation Benbrook\117966_Caney Ck Sub\SRM"
"000000009598E9A20E04F041B38518182890A2D50100E34BFE500669CD49AC2E27C6C54DE39D0000002D26EA0000"	"\Divisions\PD\Distribution Services\Substation Benbrook\119269 - WW Nichols"
"000000009598E9A20E04F041B38518182890A2D50100A3DF33FCC9BD1644BD14FCA330AA97850000171767E60000"	"\Divisions\PD\Distribution Services\Substation Benbrook\121374_GVEC_Cheapside\SRM"
"000000009598E9A20E04F041B38518182890A2D50100E34BFE500669CD49AC2E27C6C54DE39D00000040842A0000"	"\Divisions\PD\Distribution Services\Substation Benbrook\122897_GVEC_Wilson T2"
"000000009598E9A20E04F041B38518182890A2D50100E34BFE500669CD49AC2E27C6C54DE39D0000004B9B7A0000"	"\Divisions\PD\Distribution Services\Substation Benbrook\123704_DETEC_Timpson-Fitze"
"000000009598E9A20E04F041B38518182890A2D50100A3DF33FCC9BD1644BD14FCA330AA9785000015E7E5310000"	"\Divisions\PD\Distribution Services\Substation Benbrook\126031_JNEC_Arc Flash"
"000000009598E9A20E04F041B38518182890A2D50100A3DF33FCC9BD1644BD14FCA330AA9785000018C6922D0000"	"\Divisions\PD\Distribution Services\Substation Benbrook\129008_HCEC_Plea Spr"
"000000009598E9A20E04F041B38518182890A2D50100A3DF33FCC9BD1644BD14FCA330AA9785000019AF0A8F0000"	"\Divisions\PD\Distribution Services\Substation Benbrook\130342_BCEC_Simms"
"000000009598E9A20E04F041B38518182890A2D50100A3DF33FCC9BD1644BD14FCA330AA978500001B4DA0B40000"	"\Divisions\PD\Distribution Services\Substation Benbrook\132106_CoSer_Harvest 301"
"000000009598E9A20E04F041B38518182890A2D50100A3DF33FCC9BD1644BD14FCA330AA978500001D4784F80000"	"\Divisions\PD\Distribution Services\Substation Benbrook\133581_GVEC_Smiley_HPIP"
"000000009598E9A20E04F041B38518182890A2D50100A3DF33FCC9BD1644BD14FCA330AA978500001EC7B6120000"	"\Divisions\PD\Distribution Services\Substation Benbrook\135351_GVEC_CMC Sub Addn"
"000000009598E9A20E04F041B38518182890A2D50100A3DF33FCC9BD1644BD14FCA330AA978500002176A6DC0000"	"\Divisions\PD\Distribution Services\Substation Benbrook\137314_RCEC_Cherokee Upgd"
"000000009598E9A20E04F041B38518182890A2D50100A3DF33FCC9BD1644BD14FCA330AA978500002B179B620000"	"\Divisions\PD\Distribution Services\Substation Benbrook\139707"
"000000009598E9A20E04F041B38518182890A2D5010012225CC57BF01F4EA8CCA87A792FF35F0000E19463F00000"	"\Divisions\PD\Distribution Services\Substation Benbrook\142012_OXY_Distr Standard PH 5"
"000000009598E9A20E04F041B38518182890A2D5010012225CC57BF01F4EA8CCA87A792FF35F00005BADA0060000"	"\Divisions\PD\Distribution Services\Substation Benbrook\144633_CCEC_2017-19 WP"
"000000009598E9A20E04F041B38518182890A2D5010012225CC57BF01F4EA8CCA87A792FF35F0000AC8758B90000"	"\Divisions\PD\Distribution Services\Substation Benbrook\146169_SHECO_Tarkington Expansion - Oneok"
"000000009598E9A20E04F041B38518182890A2D5010012225CC57BF01F4EA8CCA87A792FF35F00018500D20D0000"	"\Divisions\PD\Distribution Services\Substation Benbrook\151172_SHEC_Carlisle Relay Upgrade"
"000000009598E9A20E04F041B38518182890A2D50100E34BFE500669CD49AC2E27C6C54DE39D0000004B9B470000"	"\Divisions\PD\Line Ann Arbor\122123"
"000000009598E9A20E04F041B38518182890A2D5010012225CC57BF01F4EA8CCA87A792FF35F0002BD7B69410000"	"\Divisions\PD\Line Austin\130873 Z87/Z21.2 DMNDBCK TO SEAGRAVES"
"000000009598E9A20E04F041B38518182890A2D5010012225CC57BF01F4EA8CCA87A792FF35F0002BD7B69590000"	"\Divisions\PD\Line Austin\136078 Z26.3 69KV BCEC SWITCH STRCTRE"
"000000009598E9A20E04F041B38518182890A2D5010012225CC57BF01F4EA8CCA87A792FF35F0000B677F34F0000"	"\Divisions\PD\Line Austin\140177 Entergy LCTP PM EPC Phase"
"000000009598E9A20E04F041B38518182890A2D5010012225CC57BF01F4EA8CCA87A792FF35F0000B677F3470000"	"\Divisions\PD\Line Austin\145695 Anson to Paint Creek"
"000000009598E9A20E04F041B38518182890A2D5010012225CC57BF01F4EA8CCA87A792FF35F0002BD7B69870000"	"\Divisions\PD\Line Austin\154298 LST 2019 DE REPLACEMENTS-on hl"
"000000009598E9A20E04F041B38518182890A2D5010012225CC57BF01F4EA8CCA87A792FF35F0002BD7B696B0000"	"\Divisions\PD\Line Austin\158520 BRAZOS REDBUD CONSTR INSPECTN"
"000000009598E9A20E04F041B38518182890A2D501006C95E27D1ACA634AA1AADC20796388DD00000017F1FF0000"	"\Divisions\PD\Line Boise\110252 Chevron Quarry"
"000000009598E9A20E04F041B38518182890A2D501006C95E27D1ACA634AA1AADC20796388DD0000004B45810000"	"\Divisions\PD\Line Boise\114411 Gateway\RFI"
"000000009598E9A20E04F041B38518182890A2D501006C95E27D1ACA634AA1AADC20796388DD0000004A91220000"	"\Divisions\PD\Line Boise\114648 ON Line"
"000000009598E9A20E04F041B38518182890A2D501006C95E27D1ACA634AA1AADC20796388DD0000006041D20000"	"\Divisions\PD\Line Boise\114648 ON Line\Studies"
"000000009598E9A20E04F041B38518182890A2D50100A3DF33FCC9BD1644BD14FCA330AA9785000017D6660A0000"	"\Divisions\PD\Line Boise\115349 Devers Valley\DV-1"
"000000009598E9A20E04F041B38518182890A2D501006C95E27D1ACA634AA1AADC20796388DD000000BB07ED0000"	"\Divisions\PD\Line Boise\117207_SWIP South\Havard"
"000000009598E9A20E04F041B38518182890A2D501006C95E27D1ACA634AA1AADC20796388DD0000007240AF0000"	"\Divisions\PD\Line Boise\117910_Fargo_Alexandria"
"000000009598E9A20E04F041B38518182890A2D50100CB7D9B6512D7374A860FE542D57703920000012167660000"	"\Divisions\PD\Line Boise\117910_Fargo_Alexandria\Alex-Bison Design\Schedules"
"000000009598E9A20E04F041B38518182890A2D501006C95E27D1ACA634AA1AADC20796388DD000000ADA9940000"	"\Divisions\PD\Line Boise\117910_Fargo_Alexandria\Permit Support"
"000000009598E9A20E04F041B38518182890A2D50100CB7D9B6512D7374A860FE542D57703920000010F66830000"	"\Divisions\PD\Line Boise\117910_Fargo_Alexandria\Quarry-Alex Design\Constr"
"000000009598E9A20E04F041B38518182890A2D501006C95E27D1ACA634AA1AADC20796388DD000000DF50FC0000"	"\Divisions\PD\Line Boise\117910_Fargo_Alexandria\TnB\QC"
"000000009598E9A20E04F041B38518182890A2D501001953B16A689BCD4AA8FC82955DB27CB1000001617FF00000"	"\Divisions\PD\Line Boise\120092_Croydon RR\Foundations"
"000000009598E9A20E04F041B38518182890A2D501006C95E27D1ACA634AA1AADC20796388DD000000C7DD7E0000"	"\Divisions\PD\Line Boise\121018_Cotton-E.ON"
"000000009598E9A20E04F041B38518182890A2D50100CB7D9B6512D7374A860FE542D577039200000129C6040000"	"\Divisions\PD\Line Boise\123332 CTF River Crossing\Estimates & WO\Forecasts"
"000000009598E9A20E04F041B38518182890A2D50100CB7D9B6512D7374A860FE542D577039200000129C5DF0000"	"\Divisions\PD\Line Boise\123332 CTF River Crossing\T&B"
"000000009598E9A20E04F041B38518182890A2D501001953B16A689BCD4AA8FC82955DB27CB1000001B570370000"	"\Divisions\PD\Line Boise\124464_RTRP\111728 - RTRP"
"000000009598E9A20E04F041B38518182890A2D501001953B16A689BCD4AA8FC82955DB27CB1000001B570490000"	"\Divisions\PD\Line Boise\124464_RTRP\111728 - RTRP\INTERNAL"
"000000009598E9A20E04F041B38518182890A2D50100A3DF33FCC9BD1644BD14FCA330AA97850000176F88130000"	"\Divisions\PD\Line Boise\124464_RTRP\Survey"
"000000009598E9A20E04F041B38518182890A2D50100A3DF33FCC9BD1644BD14FCA330AA97850000171CEC4B0000"	"\Divisions\PD\Line Boise\124737 XCEL-GIST2-PSCO-LINE RATING ANY\Priority_1"
"000000009598E9A20E04F041B38518182890A2D50100A3DF33FCC9BD1644BD14FCA330AA97850000171CECF10000"	"\Divisions\PD\Line Boise\124737 XCEL-GIST2-PSCO-LINE RATING ANY\Priority_2\Design"
"000000009598E9A20E04F041B38518182890A2D50100A3DF33FCC9BD1644BD14FCA330AA978500001894B3F20000"	"\Divisions\PD\Line Boise\124737 XCEL-GIST2-PSCO-LINE RATING ANY\Priority_3\Scope"
"000000009598E9A20E04F041B38518182890A2D50100A3DF33FCC9BD1644BD14FCA330AA97850000173D37CF0000"	"\Divisions\PD\Line Boise\126822 XCEL-0844 BLACK DOG-SAVAGE\Admin"
"000000009598E9A20E04F041B38518182890A2D50100A3DF33FCC9BD1644BD14FCA330AA97850000173D37E60000"	"\Divisions\PD\Line Boise\126822 XCEL-0844 BLACK DOG-SAVAGE\Geotechnical"
"000000009598E9A20E04F041B38518182890A2D50100A3DF33FCC9BD1644BD14FCA330AA9785000019A6F68F0000"	"\Divisions\PD\Line Boise\126822 XCEL-0844 BLACK DOG-SAVAGE\Value added"
"000000009598E9A20E04F041B38518182890A2D50100A3DF33FCC9BD1644BD14FCA330AA978500001728A05C0000"	"\Divisions\PD\Line Boise\126981 XCEL-GIST-III Phase 2 Priority 2\Data"
"000000009598E9A20E04F041B38518182890A2D50100A3DF33FCC9BD1644BD14FCA330AA978500001776251C0000"	"\Divisions\PD\Line Boise\126981 XCEL-GIST-III Phase 2 Priority 2\Design\0976-0988"
"000000009598E9A20E04F041B38518182890A2D50100A3DF33FCC9BD1644BD14FCA330AA9785000019C8C52A0000"	"\Divisions\PD\Line Boise\126981 XCEL-GIST-III Phase 2 Priority 2\Geotech"
"000000009598E9A20E04F041B38518182890A2D50100A3DF33FCC9BD1644BD14FCA330AA978500001899FF0A0000"	"\Divisions\PD\Line Boise\126981 XCEL-GIST-III Phase 2 Priority 2\Phase 3"
"000000009598E9A20E04F041B38518182890A2D50100A3DF33FCC9BD1644BD14FCA330AA9785000018B0867B0000"	"\Divisions\PD\Line Boise\126981 XCEL-GIST-III Phase 2 Priority 2\Schedule\0883"
"000000009598E9A20E04F041B38518182890A2D50100A3DF33FCC9BD1644BD14FCA330AA978500001D0C83190000"	"\Divisions\PD\Line Boise\127327 Helmand\Dist Design\99% Dist Submittal"
"000000009598E9A20E04F041B38518182890A2D50100A3DF33FCC9BD1644BD14FCA330AA9785000019BC8EEE0000"	"\Divisions\PD\Line Boise\128118_MP_AC Line Rating_2\012L"
"000000009598E9A20E04F041B38518182890A2D50100A3DF33FCC9BD1644BD14FCA330AA9785000019BC56640000"	"\Divisions\PD\Line Boise\128118_MP_AC Line Rating_2\041L"
"000000009598E9A20E04F041B38518182890A2D50100A3DF33FCC9BD1644BD14FCA330AA97850000199D8FFD0000"	"\Divisions\PD\Line Boise\128118_MP_AC Line Rating_2\058L"
"000000009598E9A20E04F041B38518182890A2D50100A3DF33FCC9BD1644BD14FCA330AA9785000018D91F9C0000"	"\Divisions\PD\Line Boise\128118_MP_AC Line Rating_2\078L"
"000000009598E9A20E04F041B38518182890A2D50100A3DF33FCC9BD1644BD14FCA330AA9785000019BC8ADF0000"	"\Divisions\PD\Line Boise\128118_MP_AC Line Rating_2\725L"
"000000009598E9A20E04F041B38518182890A2D50100A3DF33FCC9BD1644BD14FCA330AA9785000019BBB69C0000"	"\Divisions\PD\Line Boise\128642 Copper Mtn\SABRE"
"000000009598E9A20E04F041B38518182890A2D50100A3DF33FCC9BD1644BD14FCA330AA978500001BC507270000"	"\Divisions\PD\Line Boise\128911 Xcel-GIST 3- PHASE 2- LRV PTY 3\Data\5550"
"000000009598E9A20E04F041B38518182890A2D50100A3DF33FCC9BD1644BD14FCA330AA9785000019442FD90000"	"\Divisions\PD\Line Boise\128911 Xcel-GIST 3- PHASE 2- LRV PTY 3\Estimates & WO"
"000000009598E9A20E04F041B38518182890A2D50100A3DF33FCC9BD1644BD14FCA330AA978500001B54ABDE0000"	"\Divisions\PD\Line Boise\128911 Xcel-GIST 3- PHASE 2- LRV PTY 3\Land Rights\5503"
"000000009598E9A20E04F041B38518182890A2D50100A3DF33FCC9BD1644BD14FCA330AA97850000195286860000"	"\Divisions\PD\Line Boise\128911 Xcel-GIST 3- PHASE 2- LRV PTY 3\Phase 3"
"000000009598E9A20E04F041B38518182890A2D50100A3DF33FCC9BD1644BD14FCA330AA9785000018B591C00000"	"\Divisions\PD\Line Boise\128911 Xcel-GIST 3- PHASE 2- LRV PTY 3\RFI"
"000000009598E9A20E04F041B38518182890A2D50100A3DF33FCC9BD1644BD14FCA330AA978500001B3803C00000"	"\Divisions\PD\Line Boise\128911 Xcel-GIST 3- PHASE 2- LRV PTY 3\Survey\0848"
"000000009598E9A20E04F041B38518182890A2D50100A3DF33FCC9BD1644BD14FCA330AA978500001B6D430A0000"	"\Divisions\PD\Line Boise\128911 Xcel-GIST 3- PHASE 2- LRV PTY 3\Transmittals\0918"
"000000009598E9A20E04F041B38518182890A2D50100A3DF33FCC9BD1644BD14FCA330AA97850000196D77680000"	"\Divisions\PD\Line Boise\129606 Xcel - 0861 BDS-SAV"
"000000009598E9A20E04F041B38518182890A2D50100A3DF33FCC9BD1644BD14FCA330AA97850000219D9C2F0000"	"\Divisions\PD\Line Boise\130412 Xcel (MN) NSP GIST-3 Ph 3\Ph 2 Verification"
"000000009598E9A20E04F041B38518182890A2D50100A3DF33FCC9BD1644BD14FCA330AA978500001DA546A50000"	"\Divisions\PD\Line Boise\131302 131500 131501 XCEL W3203 W3509 SEV-TRM\Construction"
"000000009598E9A20E04F041B38518182890A2D50100A3DF33FCC9BD1644BD14FCA330AA978500001AA76A790000"	"\Divisions\PD\Line Boise\131302 131500 131501 XCEL W3203 W3509 SEV-TRM\Survey"
"000000009598E9A20E04F041B38518182890A2D50100A3DF33FCC9BD1644BD14FCA330AA978500001B397AAD0000"	"\Divisions\PD\Line Boise\131786 XCEL-NSP GALLOPING MITIGATION & DSN\Weather Study"
"000000009598E9A20E04F041B38518182890A2D50100A3DF33FCC9BD1644BD14FCA330AA978500001BE7833F0000"	"\Divisions\PD\Line Boise\132155 PSE Eastside\Conductor Review"
"000000009598E9A20E04F041B38518182890A2D50100A3DF33FCC9BD1644BD14FCA330AA978500001AA185DF0000"	"\Divisions\PD\Line Boise\133033_Ajo Mine\127774_FMI_Ajo Mine\Permits"
"000000009598E9A20E04F041B38518182890A2D50100A3DF33FCC9BD1644BD14FCA330AA978500001DD46F8E0000"	"\Divisions\PD\Line Boise\134091 PAC Croy-DV\01_Submittals-wDMS#\E_IFC"
"000000009598E9A20E04F041B38518182890A2D50100A3DF33FCC9BD1644BD14FCA330AA978500001DD748A00000"	"\Divisions\PD\Line Boise\134473 PCorp Coalville SLV CRK\00_PEI-Internal"
"000000009598E9A20E04F041B38518182890A2D50100A3DF33FCC9BD1644BD14FCA330AA978500002003105D0000"	"\Divisions\PD\Line Boise\134473 PCorp Coalville SLV CRK\01_Submittals-wDMS#\K_DCN"
"000000009598E9A20E04F041B38518182890A2D50100A3DF33FCC9BD1644BD14FCA330AA978500001DD689370000"	"\Divisions\PD\Line Boise\134474 PCorp Croydon-Coalville\01_Submittals-wDMS#"
"000000009598E9A20E04F041B38518182890A2D50100A3DF33FCC9BD1644BD14FCA330AA978500001DD6896D0000"	"\Divisions\PD\Line Boise\134474 PCorp Croydon-Coalville\06_Damper Request"
"000000009598E9A20E04F041B38518182890A2D501006C95E27D1ACA634AA1AADC20796388DD000000A9191A0000"	"\Divisions\PD\Line Boise\135116 SunZia\116500_Sunzia\Route analysis"
"000000009598E9A20E04F041B38518182890A2D50100A3DF33FCC9BD1644BD14FCA330AA97850000204DDBB80000"	"\Divisions\PD\Line Boise\135953 GNTL 500kV\POWER360\Docs to Post"
"000000009598E9A20E04F041B38518182890A2D50100A3DF33FCC9BD1644BD14FCA330AA978500002308FD7E0000"	"\Divisions\PD\Line Boise\136620 XCEL-0729 Rplce Pole (See also 133657)\Substation"
"000000009598E9A20E04F041B38518182890A2D50100A3DF33FCC9BD1644BD14FCA330AA978500002260645F0000"	"\Divisions\PD\Line Boise\137579 XCEL-GISTIII POI ANALYSIS\Admin"
"000000009598E9A20E04F041B38518182890A2D5010012225CC57BF01F4EA8CCA87A792FF35F0001433E2E830000"	"\Divisions\PD\Line Boise\137979 GNTL TLine\04_PNC 2(Proc & Const)\PNC_RFI"
"000000009598E9A20E04F041B38518182890A2D50100A3DF33FCC9BD1644BD14FCA330AA9785000027260F170000"	"\Divisions\PD\Line Boise\140624 Walnut Ridge Estimates_BHE"
"000000009598E9A20E04F041B38518182890A2D5010012225CC57BF01F4EA8CCA87A792FF35F0001885BD0360000"	"\Divisions\PD\Line Boise\141372 LBWL Solar"
"000000009598E9A20E04F041B38518182890A2D5010012225CC57BF01F4EA8CCA87A792FF35F00008F844CA10000"	"\Divisions\PD\Line Boise\143548 HECO"
"000000009598E9A20E04F041B38518182890A2D5010012225CC57BF01F4EA8CCA87A792FF35F0002E086C86B0000"	"\Divisions\PD\Line Boise\145325 AEP Big Lake-Barnhart"
"000000009598E9A20E04F041B38518182890A2D5010012225CC57BF01F4EA8CCA87A792FF35F0001C4C9DB9C0000"	"\Divisions\PD\Line Boise\146618 - Bob TLine\Notice to Bidders - Pre-Bid Mtg"
"000000009598E9A20E04F041B38518182890A2D5010012225CC57BF01F4EA8CCA87A792FF35F000108855F370000"	"\Divisions\PD\Line Boise\148080 Y Rd-Goodwell Tap"
"000000009598E9A20E04F041B38518182890A2D5010012225CC57BF01F4EA8CCA87A792FF35F00019F01D16F0000"	"\Divisions\PD\Line Boise\151844 PCORP WY A COND 2018"
"000000009598E9A20E04F041B38518182890A2D5010012225CC57BF01F4EA8CCA87A792FF35F0004435B85EB0000"	"\Divisions\PD\Line Boise\154320 Ten West\154320 10W IFC"
"000000009598E9A20E04F041B38518182890A2D5010012225CC57BF01F4EA8CCA87A792FF35F00022A5F1C590000"	"\Divisions\PD\Line Boise\155103 SCE Process"
"000000009598E9A20E04F041B38518182890A2D5010012225CC57BF01F4EA8CCA87A792FF35F0002BD7B698B0000"	"\Divisions\PD\Line Boise\158946 - AEP Crane Station"
"000000009598E9A20E04F041B38518182890A2D5010012225CC57BF01F4EA8CCA87A792FF35F00040441F6440000"	"\Divisions\PD\Line Boise\Line Dept. Calendar\Line Dept Calendar"
"000000009598E9A20E04F041B38518182890A2D501001953B16A689BCD4AA8FC82955DB27CB10000011B9C1B0000"	"\Divisions\PD\Line Boise\Line-Rating-Projects\PacifiCorp\B48"
"000000009598E9A20E04F041B38518182890A2D50100A3DF33FCC9BD1644BD14FCA330AA9785000017021CD40000"	"\Divisions\PD\Line Boise\Line-Rating-Projects\PacifiCorp\S01\Submittals-Comments"
"000000009598E9A20E04F041B38518182890A2D50100A3DF33FCC9BD1644BD14FCA330AA978500001676E7B30000"	"\Divisions\PD\Line Boise\Line-Rating-Projects\PacifiCorp2\BB03"
"000000009598E9A20E04F041B38518182890A2D50100A3DF33FCC9BD1644BD14FCA330AA978500001A3341EC0000"	"\Divisions\PD\Line Boise\Line-Rating-Projects\PacifiCorp3"
"000000009598E9A20E04F041B38518182890A2D5010012225CC57BF01F4EA8CCA87A792FF35F00037F0314AB0000"	"\Divisions\PD\Line Boise\Xcel_Energy_Standards\On-Off-Badge-Training\2020 Training"
"000000009598E9A20E04F041B38518182890A2D5010012225CC57BF01F4EA8CCA87A792FF35F0004EFC3F35F0000"	"\Divisions\PD\Line Boise\Xcel_Energy_Standards\On-Off-Badge-Training\Off-Boarding\Departure Notices"
"000000009598E9A20E04F041B38518182890A2D5010012225CC57BF01F4EA8CCA87A792FF35F0005F8D4B7820000"	"\Divisions\PD\Line Boise\Xcel_Energy_Standards\On-Off-Badge-Training\On-Boarding_Prev 10-26-23\HDR"
"000000009598E9A20E04F041B38518182890A2D5010012225CC57BF01F4EA8CCA87A792FF35F0006CB2141D20000"	"\Divisions\PD\Line Boise\Xcel_Energy_Standards\On-Off-Badge-Training\On-Boarding\HDR"
"000000009598E9A20E04F041B38518182890A2D50100A3DF33FCC9BD1644BD14FCA330AA978500001EED27F40000"	"\Divisions\PD\Line Cincinnati\00-DMS Upload"
"000000009598E9A20E04F041B38518182890A2D50100A3DF33FCC9BD1644BD14FCA330AA9785000023219AF00000"	"\Divisions\PD\Line Cincinnati\138756 INDIANAPOLIS POWER & LIGHT CO-EAGLE VALLEY UG TRANS"
"000000009598E9A20E04F041B38518182890A2D5010012225CC57BF01F4EA8CCA87A792FF35F00007AF1AC940000"	"\Divisions\PD\Line Fort Mill\145119 - BREMC - HG to Rutherford, Ph 2"
"000000009598E9A20E04F041B38518182890A2D50100A3DF33FCC9BD1644BD14FCA330AA9785000026F5A33A0000"	"\Divisions\PD\Line Fort Worth\01 CLOSED PROJS - UPLOAD TO PROJECTWISE\127438 - W55/Kiser to Cox - CLOSED 2014"
"000000009598E9A20E04F041B38518182890A2D50100A3DF33FCC9BD1644BD14FCA330AA978500001D83ACFE0000"	"\Divisions\PD\Line Fort Worth\133872 - XCEL ENERGY - T-LINE J2 - 345KV CUT-IN"
"000000009598E9A20E04F041B38518182890A2D50100A3DF33FCC9BD1644BD14FCA330AA9785000019A0987B0000"	"\Divisions\PD\Line Freeport\130165 - HANDLEY-DUVAL 138KV"
"000000009598E9A20E04F041B38518182890A2D50100A3DF33FCC9BD1644BD14FCA330AA9785000018E09CA50000"	"\Divisions\PD\Line Hailey\00-Restored_Emails\107013 Jack-Wise"
"000000009598E9A20E04F041B38518182890A2D50100A3DF33FCC9BD1644BD14FCA330AA978500002BC052E30000"	"\Divisions\PD\Line Hailey\00-Restored_Emails\137567_Tline_TDD_Torrent"
"000000009598E9A20E04F041B38518182890A2D50100A3DF33FCC9BD1644BD14FCA330AA9785000017E6C1780000"	"\Divisions\PD\Line Hailey\01_Oncor_General\01_Dave_ONCOR_General\Joe Blair"
"000000009598E9A20E04F041B38518182890A2D501001953B16A689BCD4AA8FC82955DB27CB1000000E592C60000"	"\Divisions\PD\Line Hailey\01_Oncor_General\Accounting"
"000000009598E9A20E04F041B38518182890A2D501001953B16A689BCD4AA8FC82955DB27CB1000001EE56BC0000"	"\Divisions\PD\Line Hailey\01_Oncor_General\EMT & ProLenium Definitions & Acronyms"
"000000009598E9A20E04F041B38518182890A2D50100CB7D9B6512D7374A860FE542D577039200000117487D0000"	"\Divisions\PD\Line Hailey\01_Oncor_General\Material_Updates_Questions\Issued_Material_Process_Warehouse"
"000000009598E9A20E04F041B38518182890A2D50100572FF007A7D6B64CA96E5CFE8E1CC1A400000032C5AE0000"	"\Divisions\PD\Line Hailey\01_Oncor_General\New_TSN_# _&_Class-codes"
"000000009598E9A20E04F041B38518182890A2D50100A3DF33FCC9BD1644BD14FCA330AA97850000177D10550000"	"\Divisions\PD\Line Hailey\01_Oncor_General\Oncor_IT_Help_Requests\New_Version_of_Citrix_09-2012"
"000000009598E9A20E04F041B38518182890A2D50100CB7D9B6512D7374A860FE542D57703920000011E854D0000"	"\Divisions\PD\Line Hailey\01_Oncor_General\Returned_Material"
"000000009598E9A20E04F041B38518182890A2D50100A3DF33FCC9BD1644BD14FCA330AA978500001D87EB090000"	"\Divisions\PD\Line Hailey\01_Oncor_General\Wire_Ordering_Specifications"
"000000009598E9A20E04F041B38518182890A2D5010012225CC57BF01F4EA8CCA87A792FF35F00036265AA950000"	"\Divisions\PD\Line Hailey\108628-Umbata Falls\00_Duplicate Emails"
"000000009598E9A20E04F041B38518182890A2D501001296C725372D7F4B86B758A22EA3141B000000236ADB0000"	"\Divisions\PD\Line Hailey\108628-Umbata Falls\Photos"
"000000009598E9A20E04F041B38518182890A2D501001296C725372D7F4B86B758A22EA3141B0000002C203F0000"	"\Divisions\PD\Line Hailey\108980-NIMO"
"000000009598E9A20E04F041B38518182890A2D50100572FF007A7D6B64CA96E5CFE8E1CC1A400000011FD900000"	"\Divisions\PD\Line Hailey\110454 COR Stillwater\Crossarm"
"000000009598E9A20E04F041B38518182890A2D501001296C725372D7F4B86B758A22EA3141B000000635F400000"	"\Divisions\PD\Line Hailey\111441_NYPA-LiDAR\2007_Emails"
"000000009598E9A20E04F041B38518182890A2D50100572FF007A7D6B64CA96E5CFE8E1CC1A400000014C0DD0000"	"\Divisions\PD\Line Hailey\112090_Lufkin E_Lufkin_S\07T64067"
"000000009598E9A20E04F041B38518182890A2D501001296C725372D7F4B86B758A22EA3141B0000005F9D570000"	"\Divisions\PD\Line Hailey\112485-Alcan2\3 - Catwalk"
"000000009598E9A20E04F041B38518182890A2D501001296C725372D7F4B86B758A22EA3141B0000005C258B0000"	"\Divisions\PD\Line Hailey\112663"
"000000009598E9A20E04F041B38518182890A2D501001296C725372D7F4B86B758A22EA3141B00000065BF210000"	"\Divisions\PD\Line Hailey\113227-HELCO"
"000000009598E9A20E04F041B38518182890A2D50100572FF007A7D6B64CA96E5CFE8E1CC1A40000001A6E3E0000"	"\Divisions\PD\Line Hailey\113723_E Rich-Apollo Jupiter\GM_to_Str_52"
"000000009598E9A20E04F041B38518182890A2D50100572FF007A7D6B64CA96E5CFE8E1CC1A40000000EE89A0000"	"\Divisions\PD\Line Hailey\114791_High Lonesome"
"000000009598E9A20E04F041B38518182890A2D50100572FF007A7D6B64CA96E5CFE8E1CC1A400000019353C0000"	"\Divisions\PD\Line Hailey\116272_Grayson Hughson"
"000000009598E9A20E04F041B38518182890A2D5010012225CC57BF01F4EA8CCA87A792FF35F00031E3003FF0000"	"\Divisions\PD\Line Hailey\117502-Mona\dups"
"000000009598E9A20E04F041B38518182890A2D501001953B16A689BCD4AA8FC82955DB27CB1000001C230A20000"	"\Divisions\PD\Line Hailey\118178_Arco_to_Krugerville\MRLJ05"
"000000009598E9A20E04F041B38518182890A2D50100572FF007A7D6B64CA96E5CFE8E1CC1A400000025918C0000"	"\Divisions\PD\Line Hailey\118537-TL Corridors"
"000000009598E9A20E04F041B38518182890A2D50100572FF007A7D6B64CA96E5CFE8E1CC1A40000005E37280000"	"\Divisions\PD\Line Hailey\119424_Leon-Cisco_69kV\MR_LJ03"
"000000009598E9A20E04F041B38518182890A2D50100CB7D9B6512D7374A860FE542D57703920000012B70820000"	"\Divisions\PD\Line Hailey\121180_Newton-Killeen"
"000000009598E9A20E04F041B38518182890A2D50100A3DF33FCC9BD1644BD14FCA330AA97850000160223610000"	"\Divisions\PD\Line Hailey\121180_Newton-Killeen\Tower_Qty_Adj"
"000000009598E9A20E04F041B38518182890A2D5010064CEE54672FD844491A13B5C6CAEE87D0000003A00150000"	"\Divisions\PD\Line Hailey\122049_CPS-Data-Restoration"
"000000009598E9A20E04F041B38518182890A2D50100A3DF33FCC9BD1644BD14FCA330AA9785000017599D450000"	"\Divisions\PD\Line Hailey\122443_Clear_Crossing-Willow_Crk_EAST\MRLJ09"
"000000009598E9A20E04F041B38518182890A2D501001953B16A689BCD4AA8FC82955DB27CB10000015FDB270000"	"\Divisions\PD\Line Hailey\122444_Clear_Crossing_Willow_Crk_WEST\MRLJ01"
"000000009598E9A20E04F041B38518182890A2D50100A3DF33FCC9BD1644BD14FCA330AA9785000016D22F1E0000"	"\Divisions\PD\Line Hailey\122444_Clear_Crossing_Willow_Crk_WEST\Oncor_Warehouse_Orders"
"000000009598E9A20E04F041B38518182890A2D50100572FF007A7D6B64CA96E5CFE8E1CC1A400000060B1300000"	"\Divisions\PD\Line Hailey\123272_Rio_Mesa_Solar"
"000000009598E9A20E04F041B38518182890A2D50100A3DF33FCC9BD1644BD14FCA330AA9785000015FAC27B0000"	"\Divisions\PD\Line Hailey\125292-CFE-MHI"
"000000009598E9A20E04F041B38518182890A2D5010012225CC57BF01F4EA8CCA87A792FF35F00031E3004450000"	"\Divisions\PD\Line Hailey\126521-Eng. Management\dups"
"000000009598E9A20E04F041B38518182890A2D50100A3DF33FCC9BD1644BD14FCA330AA97850000185EBF5A0000"	"\Divisions\PD\Line Hailey\126873_Oncor_Goldsmith-Goldsmith_South\MRLJ04"
"000000009598E9A20E04F041B38518182890A2D50100A3DF33FCC9BD1644BD14FCA330AA97850000226DCA260000"	"\Divisions\PD\Line Hailey\127724_CL&P_Stamford_Reliability\dups"
"000000009598E9A20E04F041B38518182890A2D50100A3DF33FCC9BD1644BD14FCA330AA978500001AFDEE020000"	"\Divisions\PD\Line Hailey\127942_Riley-Krum_W-P3_Alvord-Chico\MRLJ01"
"000000009598E9A20E04F041B38518182890A2D50100A3DF33FCC9BD1644BD14FCA330AA978500001805A3360000"	"\Divisions\PD\Line Hailey\128342_Elec Characteristics Configur"
"000000009598E9A20E04F041B38518182890A2D50100A3DF33FCC9BD1644BD14FCA330AA9785000018E278400000"	"\Divisions\PD\Line Hailey\129152_Oil_&_Gas-Filled_Crct_(PEPCO)"
"000000009598E9A20E04F041B38518182890A2D5010012225CC57BF01F4EA8CCA87A792FF35F00031E3004610000"	"\Divisions\PD\Line Hailey\129547_Parker-Eagle_Mt\MRLJ01\dups"
"000000009598E9A20E04F041B38518182890A2D50100A3DF33FCC9BD1644BD14FCA330AA9785000021CA31020000"	"\Divisions\PD\Line Hailey\129567_Temple_Sw-Bell_Cty_E\WA_13T64039\OTHERS"
"000000009598E9A20E04F041B38518182890A2D50100A3DF33FCC9BD1644BD14FCA330AA97850000199F755B0000"	"\Divisions\PD\Line Hailey\130149_Canadian_Hills_Gen_Tie"
"000000009598E9A20E04F041B38518182890A2D50100A3DF33FCC9BD1644BD14FCA330AA978500001D9866FE0000"	"\Divisions\PD\Line Hailey\130257_Stanton_E-Midland-E\MRLJ01"
"000000009598E9A20E04F041B38518182890A2D5010012225CC57BF01F4EA8CCA87A792FF35F00031E3004770000"	"\Divisions\PD\Line Hailey\130636_Barren Ridge\dups"
"000000009598E9A20E04F041B38518182890A2D50100A3DF33FCC9BD1644BD14FCA330AA978500001AB45F5A0000"	"\Divisions\PD\Line Hailey\131394_WAWA-WATSON"
"000000009598E9A20E04F041B38518182890A2D50100A3DF33FCC9BD1644BD14FCA330AA978500001AEEC2A50000"	"\Divisions\PD\Line Hailey\131604_Westley_Sub_DE_Str"
"000000009598E9A20E04F041B38518182890A2D50100A3DF33FCC9BD1644BD14FCA330AA978500001BB745690000"	"\Divisions\PD\Line Hailey\131878_Odessa_N-Moss\LJ02"
"000000009598E9A20E04F041B38518182890A2D50100A3DF33FCC9BD1644BD14FCA330AA978500001EC8D5580000"	"\Divisions\PD\Line Hailey\132091_Watson-International\MRLJ01"
"000000009598E9A20E04F041B38518182890A2D5010012225CC57BF01F4EA8CCA87A792FF35F0000E19463FA0000"	"\Divisions\PD\Line Hailey\132475_Empty_Temp_Folder"
"000000009598E9A20E04F041B38518182890A2D5010012225CC57BF01F4EA8CCA87A792FF35F00031E3004890000"	"\Divisions\PD\Line Hailey\133384_Collin-Renner\MRLJ01\dups"
"000000009598E9A20E04F041B38518182890A2D50100A3DF33FCC9BD1644BD14FCA330AA978500001DCB00A80000"	"\Divisions\PD\Line Hailey\134321_EPC_Estimating"
"000000009598E9A20E04F041B38518182890A2D5010012225CC57BF01F4EA8CCA87A792FF35F0000745728DE0000"	"\Divisions\PD\Line Hailey\134633_Eagle_Mt-Wagley_Robertson\MRCD01"
"000000009598E9A20E04F041B38518182890A2D50100F3BCE3A574023B4482F2E427B5A3121800004D7CC8610000"	"\Divisions\PD\Line Hailey\134722_Permian_Basin_Sw_Sta"
"000000009598E9A20E04F041B38518182890A2D50100A3DF33FCC9BD1644BD14FCA330AA97850000226D90650000"	"\Divisions\PD\Line Hailey\135127_Hogg_Line_Rebuild\dups"
"000000009598E9A20E04F041B38518182890A2D50100A3DF33FCC9BD1644BD14FCA330AA978500001F66890D0000"	"\Divisions\PD\Line Hailey\135821_Starwood_SF_Tiers"
"000000009598E9A20E04F041B38518182890A2D5010012225CC57BF01F4EA8CCA87A792FF35F000327C7A7540000"	"\Divisions\PD\Line Hailey\136890_PSLF_MODELING_FOR_NV_PROJECTS\dups"
"000000009598E9A20E04F041B38518182890A2D50100A3DF33FCC9BD1644BD14FCA330AA978500002197484C0000"	"\Divisions\PD\Line Hailey\137387_PG&E_BESS_Support"
"000000009598E9A20E04F041B38518182890A2D5010012225CC57BF01F4EA8CCA87A792FF35F0000587F6EEA0000"	"\Divisions\PD\Line Hailey\137396_Hicks-Elizabeth\MRLJ13"
"000000009598E9A20E04F041B38518182890A2D50100A3DF33FCC9BD1644BD14FCA330AA978500002841E0B00000"	"\Divisions\PD\Line Hailey\137449_Mt_Creek-Norwood\MRLJ06"
"000000009598E9A20E04F041B38518182890A2D50100A3DF33FCC9BD1644BD14FCA330AA97850000226387280000"	"\Divisions\PD\Line Hailey\137959_Odessa_EHV-Odessa_Reconduct\MRLJ01"
"000000009598E9A20E04F041B38518182890A2D5010012225CC57BF01F4EA8CCA87A792FF35F0000122E77E30000"	"\Divisions\PD\Line Hailey\138156_Venus-Cedar_Hill\MRLJ01"
"000000009598E9A20E04F041B38518182890A2D50100A3DF33FCC9BD1644BD14FCA330AA9785000026722A9E0000"	"\Divisions\PD\Line Hailey\138218_Means-Fullerton_69kV_RBLD\WA_15T63086\MRLJ05"
"000000009598E9A20E04F041B38518182890A2D5010012225CC57BF01F4EA8CCA87A792FF35F000329D570AF0000"	"\Divisions\PD\Line Hailey\138376_SMU_138_kV_UG\dups"
"000000009598E9A20E04F041B38518182890A2D50100A3DF33FCC9BD1644BD14FCA330AA978500002CBC35C50000"	"\Divisions\PD\Line Hailey\138504_Holt_SW-N_Andrews\WA_15T63114\MRLJ10"
"000000009598E9A20E04F041B38518182890A2D50100A3DF33FCC9BD1644BD14FCA330AA97850000235A8C670000"	"\Divisions\PD\Line Hailey\138796_Hunter_Crk-Brookings"
"000000009598E9A20E04F041B38518182890A2D50100A3DF33FCC9BD1644BD14FCA330AA978500002A89EAC00000"	"\Divisions\PD\Line Hailey\139104_Cedar_Hill-So_Hampton"
"000000009598E9A20E04F041B38518182890A2D50100A3DF33FCC9BD1644BD14FCA330AA9785000023E40E0E0000"	"\Divisions\PD\Line Hailey\139120_Hollingsworth"
"000000009598E9A20E04F041B38518182890A2D50100A3DF33FCC9BD1644BD14FCA330AA97850000248E02A50000"	"\Divisions\PD\Line Hailey\139293_Buzzard_Draw-Lamesa"
"000000009598E9A20E04F041B38518182890A2D50100A3DF33FCC9BD1644BD14FCA330AA97850000254B88370000"	"\Divisions\PD\Line Hailey\139553_HPFF_IMPROVE_LINE_1337"
"000000009598E9A20E04F041B38518182890A2D5010012225CC57BF01F4EA8CCA87A792FF35F00008C3235A00000"	"\Divisions\PD\Line Hailey\140026_500_kV_Compact_Str\dups"
"000000009598E9A20E04F041B38518182890A2D50100A3DF33FCC9BD1644BD14FCA330AA9785000027AC7CC10000"	"\Divisions\PD\Line Hailey\140780_PNM_RL Fiber Optic"
"000000009598E9A20E04F041B38518182890A2D5010012225CC57BF01F4EA8CCA87A792FF35F00001ACFFD450000"	"\Divisions\PD\Line Hailey\141112_Venus Sw Sta - Midlothian\MRLJ05_Steel_Poles"
"000000009598E9A20E04F041B38518182890A2D5010012225CC57BF01F4EA8CCA87A792FF35F00029BE5328B0000"	"\Divisions\PD\Line Hailey\141183_CROWN RD - NORWOOD SW STA \MRLJ10"
"000000009598E9A20E04F041B38518182890A2D5010012225CC57BF01F4EA8CCA87A792FF35F0001A0F221CB0000"	"\Divisions\PD\Line Hailey\141185_Northaven-Preston Rd North\MRLJ06_Damaged Pole"
"000000009598E9A20E04F041B38518182890A2D50100A3DF33FCC9BD1644BD14FCA330AA978500002BDEA0A00000"	"\Divisions\PD\Line Hailey\141314_NERC_Prelim_Scope"
"000000009598E9A20E04F041B38518182890A2D5010012225CC57BF01F4EA8CCA87A792FF35F00002F06B0E50000"	"\Divisions\PD\Line Hailey\141436_Norwood-Amelia\MRLJ01"
"000000009598E9A20E04F041B38518182890A2D5010012225CC57BF01F4EA8CCA87A792FF35F0000C4975B150000"	"\Divisions\PD\Line Hailey\141457_Pflugerville-Gilleland\MRLJ06"
"000000009598E9A20E04F041B38518182890A2D5010012225CC57BF01F4EA8CCA87A792FF35F00007E79BFD60000"	"\Divisions\PD\Line Hailey\141658_Holt_N_Andrews-Midland_Farms\17T63023\Issue_Materials_Request"
"000000009598E9A20E04F041B38518182890A2D5010012225CC57BF01F4EA8CCA87A792FF35F000178961AC50000"	"\Divisions\PD\Line Hailey\141659_Holt - Andrews N-Andrews Cty S\WA 16T63098\MRLJ08 Wood Poles-Temp Bypass"
"000000009598E9A20E04F041B38518182890A2D5010012225CC57BF01F4EA8CCA87A792FF35F0001AB98EBF60000"	"\Divisions\PD\Line Hailey\141803_Wedgewood Sw Sta-Forest Hill Sta\MR Marilyn Zehentner"
"000000009598E9A20E04F041B38518182890A2D50100A3DF33FCC9BD1644BD14FCA330AA978500002B0DAAAB0000"	"\Divisions\PD\Line Hailey\142200_P21G_Line_Str_Analysis\BD_Effort_ Emails_P21G"
"000000009598E9A20E04F041B38518182890A2D5010012225CC57BF01F4EA8CCA87A792FF35F00008C3235C80000"	"\Divisions\PD\Line Hailey\142858_PERMIAN BASIN-WICKETT: YUCCA\MRLJ01_Pole_Concrete"
"000000009598E9A20E04F041B38518182890A2D5010012225CC57BF01F4EA8CCA87A792FF35F0000B2BA27280000"	"\Divisions\PD\Line Hailey\142861_PERMIAN BASIN-WINK: YUCCA\MRLJ03"
"000000009598E9A20E04F041B38518182890A2D5010012225CC57BF01F4EA8CCA87A792FF35F0001A2E1B2810000"	"\Divisions\PD\Line Hailey\142863_PERMIAN BASIN - WINK (WEST): WOLF\MRLJ05"
"000000009598E9A20E04F041B38518182890A2D5010012225CC57BF01F4EA8CCA87A792FF35F00006818D6E90000"	"\Divisions\PD\Line Hailey\143203_John_Day_Tie-in\MRLJ02_Poles"
"000000009598E9A20E04F041B38518182890A2D5010012225CC57BF01F4EA8CCA87A792FF35F00023125122B0000"	"\Divisions\PD\Line Hailey\143469_Carrollton_NW-Crown Rd\MRLJ10"
"000000009598E9A20E04F041B38518182890A2D5010012225CC57BF01F4EA8CCA87A792FF35F000148E612280000"	"\Divisions\PD\Line Hailey\143834_Smart_Wires_Support\T10_Mobile Interconnect"
"000000009598E9A20E04F041B38518182890A2D5010012225CC57BF01F4EA8CCA87A792FF35F0001F67CE0BD0000"	"\Divisions\PD\Line Hailey\143834_Smart_Wires_Support\TX_SCADA"
"000000009598E9A20E04F041B38518182890A2D5010012225CC57BF01F4EA8CCA87A792FF35F0000C1E83DB10000"	"\Divisions\PD\Line Hailey\143961_Tricorner_SEAGOVILLE-TRICORNER\MRCD01"
"000000009598E9A20E04F041B38518182890A2D5010012225CC57BF01F4EA8CCA87A792FF35F000042799D380000"	"\Divisions\PD\Line Hailey\144305_STN-4320H_STRCTR_COMPRTV_STDY"
"000000009598E9A20E04F041B38518182890A2D5010012225CC57BF01F4EA8CCA87A792FF35F000049C4B1D00000"	"\Divisions\PD\Line Hailey\144455_Trinidad-Winkler\MRLJ04"
"000000009598E9A20E04F041B38518182890A2D5010012225CC57BF01F4EA8CCA87A792FF35F000052525A780000"	"\Divisions\PD\Line Hailey\144542_ETT-BKRSFLD-RED BARN ET1600803"
"000000009598E9A20E04F041B38518182890A2D5010012225CC57BF01F4EA8CCA87A792FF35F0000672391470000"	"\Divisions\PD\Line Hailey\144799_CHEVRON_21PS_POLE_REVIEW"
"000000009598E9A20E04F041B38518182890A2D5010012225CC57BF01F4EA8CCA87A792FF35F0001050A3DA10000"	"\Divisions\PD\Line Hailey\145251_Watermill Sw Sta-Camp Wisdom Rd\MRLJ01"
"000000009598E9A20E04F041B38518182890A2D5010012225CC57BF01F4EA8CCA87A792FF35F00012CA1A8610000"	"\Divisions\PD\Line Hailey\145469_Yucca Dr - AEP Barilla Jct\17T63048\MRLJ06"
"000000009598E9A20E04F041B38518182890A2D5010012225CC57BF01F4EA8CCA87A792FF35F00010A95AC5D0000"	"\Divisions\PD\Line Hailey\145544_Cedar_Crest-Industrial_Wall_St\00_WA Not Open - Material Requests"
"000000009598E9A20E04F041B38518182890A2D5010012225CC57BF01F4EA8CCA87A792FF35F00009315F5460000"	"\Divisions\PD\Line Hailey\145622_PAHRUMP-MEAD-BLM_SUPPORT"
"000000009598E9A20E04F041B38518182890A2D5010012225CC57BF01F4EA8CCA87A792FF35F0000E56D536C0000"	"\Divisions\PD\Line Hailey\145911_Northaven Lines"
"000000009598E9A20E04F041B38518182890A2D5010012225CC57BF01F4EA8CCA87A792FF35F0002771382110000"	"\Divisions\PD\Line Hailey\145911_Northaven Lines\16T65186_Northaven-Preston\MRLJ11_Wire"
"000000009598E9A20E04F041B38518182890A2D5010012225CC57BF01F4EA8CCA87A792FF35F0000C30432850000"	"\Divisions\PD\Line Hailey\146556_LONG_SPAN_STUDY"
"000000009598E9A20E04F041B38518182890A2D5010012225CC57BF01F4EA8CCA87A792FF35F00015333EE6B0000"	"\Divisions\PD\Line Hailey\146987_PSCO MISC OH TRANS ENG SPPT"
"000000009598E9A20E04F041B38518182890A2D5010012225CC57BF01F4EA8CCA87A792FF35F00017F74DCA70000"	"\Divisions\PD\Line Hailey\148181_Lamifil_Sag-Ten Analysis\Analysis and Training\dups"
"000000009598E9A20E04F041B38518182890A2D5010012225CC57BF01F4EA8CCA87A792FF35F0002793A45ED0000"	"\Divisions\PD\Line Hailey\148326_Cedar Crest-Wall St\OPT 38736"
"000000009598E9A20E04F041B38518182890A2D5010012225CC57BF01F4EA8CCA87A792FF35F000162F5FFF10000"	"\Divisions\PD\Line Hailey\149162_Arco-Krugerville Ph-1\MRLJ01"
"000000009598E9A20E04F041B38518182890A2D5010012225CC57BF01F4EA8CCA87A792FF35F0001512169C80000"	"\Divisions\PD\Line Hailey\149506_ICE_SEPARATOR STATION DESIGN GUIDE"
"000000009598E9A20E04F041B38518182890A2D5010012225CC57BF01F4EA8CCA87A792FF35F0001FC153E3B0000"	"\Divisions\PD\Line Hailey\151641_General Motors-International Airport\MRLJ04 Steel Poles"
"000000009598E9A20E04F041B38518182890A2D5010012225CC57BF01F4EA8CCA87A792FF35F0002A4FB6BCA0000"	"\Divisions\PD\Line Hailey\151644_TYLER-TYLER WEST 69kV\MRLJ07"
"000000009598E9A20E04F041B38518182890A2D5010012225CC57BF01F4EA8CCA87A792FF35F0001A39501E50000"	"\Divisions\PD\Line Hailey\152355_NORWALK BRDG CABLE RPLC"
"000000009598E9A20E04F041B38518182890A2D5010012225CC57BF01F4EA8CCA87A792FF35F0001B748E7410000"	"\Divisions\PD\Line Hailey\152876_RETERM WICHITA FALLS-LK WICH\MRLJ01"
"000000009598E9A20E04F041B38518182890A2D5010012225CC57BF01F4EA8CCA87A792FF35F0001C8B1F1F50000"	"\Divisions\PD\Line Hailey\153183_WESTERN SPIRIT 345KV"
"000000009598E9A20E04F041B38518182890A2D5010012225CC57BF01F4EA8CCA87A792FF35F00025CA6B5F10000"	"\Divisions\PD\Line Hailey\153696_Kemp Ranch Sw-Genus #1\MRLJ04"
"000000009598E9A20E04F041B38518182890A2D5010012225CC57BF01F4EA8CCA87A792FF35F0001E6DB395C0000"	"\Divisions\PD\Line Hailey\153705-NPI-TAP"
"000000009598E9A20E04F041B38518182890A2D5010012225CC57BF01F4EA8CCA87A792FF35F0002DC3A0D640000"	"\Divisions\PD\Line Hailey\153758_HICKS SW.-DEEN SW\Material Tracking_LJ\MRLJ05_Additional Conductor"
"000000009598E9A20E04F041B38518182890A2D5010012225CC57BF01F4EA8CCA87A792FF35F0001E6DB395A0000"	"\Divisions\PD\Line Hailey\153763_TEHACHAPI REPWRNG PROJECT"
"000000009598E9A20E04F041B38518182890A2D5010012225CC57BF01F4EA8CCA87A792FF35F0002EE36B0D60000"	"\Divisions\PD\Line Hailey\154677_Wolf Sw-Riverton-SEE PROWISE\MRTW-SAE_Tower Order"
"000000009598E9A20E04F041B38518182890A2D5010012225CC57BF01F4EA8CCA87A792FF35F00032D3191EE0000"	"\Divisions\PD\Line Hailey\154678_Odessa EHV Sw-Wolf Sw\MRLJ10"
"000000009598E9A20E04F041B38518182890A2D5010012225CC57BF01F4EA8CCA87A792FF35F000297759EB10000"	"\Divisions\PD\Line Hailey\154683_Odessa EHV Sw-Moss\MRLJ01_Under OPT 37652"
"000000009598E9A20E04F041B38518182890A2D5010012225CC57BF01F4EA8CCA87A792FF35F00037F0314BB0000"	"\Divisions\PD\Line Hailey\154974_HIGHPOINT-HAPPY HILLS SW\Dups"
"000000009598E9A20E04F041B38518182890A2D5010012225CC57BF01F4EA8CCA87A792FF35F00034B0C350F0000"	"\Divisions\PD\Line Hailey\155311_Owl Hills Sw-Tunstill POD Sta\MRLJ13_Sabre-FWT Pole Order"
"000000009598E9A20E04F041B38518182890A2D5010012225CC57BF01F4EA8CCA87A792FF35F00036265AA9B0000"	"\Divisions\PD\Line Hailey\156306_TL CL & LIDAR VER 2019\Dups"
"000000009598E9A20E04F041B38518182890A2D5010012225CC57BF01F4EA8CCA87A792FF35F0002FFE660CA0000"	"\Divisions\PD\Line Hailey\156541_LAKE CRK SW-WACO EAST SW\MRLJ01_Sabre-FWT Pole Order\MRLJ01a_AB Cages"
"000000009598E9A20E04F041B38518182890A2D5010012225CC57BF01F4EA8CCA87A792FF35F00029BE532AB0000"	"\Divisions\PD\Line Hailey\158001_AEOLIAN VIBRATION STUDY"
"000000009598E9A20E04F041B38518182890A2D5010012225CC57BF01F4EA8CCA87A792FF35F0002E9951CDE0000"	"\Divisions\PD\Line Hailey\158888_SEE PROJWISE"
"000000009598E9A20E04F041B38518182890A2D5010012225CC57BF01F4EA8CCA87A792FF35F00034E5087B00000"	"\Divisions\PD\Line Hailey\159436_ALPHA RD-KNOLL TRAIL\MRLJ07_Glass Assembly Order"
"000000009598E9A20E04F041B38518182890A2D5010012225CC57BF01F4EA8CCA87A792FF35F000377E89B9E0000"	"\Divisions\PD\Line Hailey\163768 ieb HVDC"
"000000009598E9A20E04F041B38518182890A2D50100E34BFE500669CD49AC2E27C6C54DE39D000000146EA90000"	"\Divisions\PD\Line Hailey\Allegheny TrAIL\Line Design"
"000000009598E9A20E04F041B38518182890A2D501001296C725372D7F4B86B758A22EA3141B00000023D5DF0000"	"\Divisions\PD\Line Hailey\BD_Efforts\108574-Smokey Hills"
"000000009598E9A20E04F041B38518182890A2D50100572FF007A7D6B64CA96E5CFE8E1CC1A40000005119BB0000"	"\Divisions\PD\Line Hailey\BD_Efforts\116196_ILM\QA/QC"
"000000009598E9A20E04F041B38518182890A2D50100572FF007A7D6B64CA96E5CFE8E1CC1A40000002983540000"	"\Divisions\PD\Line Hailey\BD_Efforts\118768-Horizon Wind"
"000000009598E9A20E04F041B38518182890A2D50100572FF007A7D6B64CA96E5CFE8E1CC1A40000005119AA0000"	"\Divisions\PD\Line Hailey\BD_Efforts\120020-NTL\ROW"
"000000009598E9A20E04F041B38518182890A2D50100A3DF33FCC9BD1644BD14FCA330AA9785000023A539DA0000"	"\Divisions\PD\Line Hailey\BD_Efforts\121632-lcra"
"000000009598E9A20E04F041B38518182890A2D50100A3DF33FCC9BD1644BD14FCA330AA978500002B98ABB00000"	"\Divisions\PD\Line Hailey\BD_Efforts\AAE\General\Contract"
"000000009598E9A20E04F041B38518182890A2D50100CB7D9B6512D7374A860FE542D57703920000011924E90000"	"\Divisions\PD\Line Hailey\BD_Efforts\AEP"
"000000009598E9A20E04F041B38518182890A2D501001953B16A689BCD4AA8FC82955DB27CB1000001E3362A0000"	"\Divisions\PD\Line Hailey\BD_Efforts\AEP\Lon Hill - Valley"
"000000009598E9A20E04F041B38518182890A2D50100A3DF33FCC9BD1644BD14FCA330AA9785000018A6141B0000"	"\Divisions\PD\Line Hailey\BD_Efforts\Algoma\PLSCADD_USF"
"000000009598E9A20E04F041B38518182890A2D50100A3DF33FCC9BD1644BD14FCA330AA978500001FA906700000"	"\Divisions\PD\Line Hailey\BD_Efforts\Alta Gas"
"000000009598E9A20E04F041B38518182890A2D5010012225CC57BF01F4EA8CCA87A792FF35F00011D8C7A730000"	"\Divisions\PD\Line Hailey\BD_Efforts\Anbaric\2017\BC 500 kV HVDC"
"000000009598E9A20E04F041B38518182890A2D50100A3DF33FCC9BD1644BD14FCA330AA9785000021C405230000"	"\Divisions\PD\Line Hailey\BD_Efforts\ARB\2015\Millennium Wind 345kV"
"000000009598E9A20E04F041B38518182890A2D50100A3DF33FCC9BD1644BD14FCA330AA978500001978C8810000"	"\Divisions\PD\Line Hailey\BD_Efforts\Atlantic Power_Ridgeline"
"000000009598E9A20E04F041B38518182890A2D5010012225CC57BF01F4EA8CCA87A792FF35F0000F386584F0000"	"\Divisions\PD\Line Hailey\BD_Efforts\BC Hydro\2012\bc_hydro-steel-pole"
"000000009598E9A20E04F041B38518182890A2D5010012225CC57BF01F4EA8CCA87A792FF35F0000A3FACBE90000"	"\Divisions\PD\Line Hailey\BD_Efforts\Birdseye"
"000000009598E9A20E04F041B38518182890A2D50100A3DF33FCC9BD1644BD14FCA330AA97850000264DB7400000"	"\Divisions\PD\Line Hailey\BD_Efforts\Black Hills Power\General"
"000000009598E9A20E04F041B38518182890A2D501001953B16A689BCD4AA8FC82955DB27CB1000001DE8B0B0000"	"\Divisions\PD\Line Hailey\BD_Efforts\Bright Source"
"000000009598E9A20E04F041B38518182890A2D5010012225CC57BF01F4EA8CCA87A792FF35F000105ED97C00000"	"\Divisions\PD\Line Hailey\BD_Efforts\Brookfield Renewable\2017\Serpent River"
"000000009598E9A20E04F041B38518182890A2D5010012225CC57BF01F4EA8CCA87A792FF35F0000DA5151720000"	"\Divisions\PD\Line Hailey\BD_Efforts\CEATI\2017\TODEM"
"000000009598E9A20E04F041B38518182890A2D501001953B16A689BCD4AA8FC82955DB27CB1000000002E700000"	"\Divisions\PD\Line Hailey\BD_Efforts\Champlin Wind\Wilson Creek_119186"
"000000009598E9A20E04F041B38518182890A2D5010012225CC57BF01F4EA8CCA87A792FF35F000178961AA10000"	"\Divisions\PD\Line Hailey\BD_Efforts\Chugach\General"
"000000009598E9A20E04F041B38518182890A2D50100A3DF33FCC9BD1644BD14FCA330AA978500002ABFBA4C0000"	"\Divisions\PD\Line Hailey\BD_Efforts\Clean Line\2015"
"000000009598E9A20E04F041B38518182890A2D50100A3DF33FCC9BD1644BD14FCA330AA9785000022FB84BC0000"	"\Divisions\PD\Line Hailey\BD_Efforts\Coos Curry Electric Coop\2015"
"000000009598E9A20E04F041B38518182890A2D5010012225CC57BF01F4EA8CCA87A792FF35F0000991A66F40000"	"\Divisions\PD\Line Hailey\BD_Efforts\CTT-Storm-restore"
"000000009598E9A20E04F041B38518182890A2D501001953B16A689BCD4AA8FC82955DB27CB1000000EA7ACD0000"	"\Divisions\PD\Line Hailey\BD_Efforts\Edison Mission Energy\Pioneer Ridge Wind Farm"
"000000009598E9A20E04F041B38518182890A2D50100A3DF33FCC9BD1644BD14FCA330AA978500002AC234520000"	"\Divisions\PD\Line Hailey\BD_Efforts\EKPC\2016"
"000000009598E9A20E04F041B38518182890A2D50100CB7D9B6512D7374A860FE542D57703920000012E09740000"	"\Divisions\PD\Line Hailey\BD_Efforts\ENEL\Brazil_Crystal"
"000000009598E9A20E04F041B38518182890A2D50100A3DF33FCC9BD1644BD14FCA330AA97850000248502030000"	"\Divisions\PD\Line Hailey\BD_Efforts\Entergy\2015\500 kV"
"000000009598E9A20E04F041B38518182890A2D501001953B16A689BCD4AA8FC82955DB27CB100000192C72A0000"	"\Divisions\PD\Line Hailey\BD_Efforts\EoN\Eon_Magic Valley"
"000000009598E9A20E04F041B38518182890A2D50100A3DF33FCC9BD1644BD14FCA330AA9785000019854F230000"	"\Divisions\PD\Line Hailey\BD_Efforts\Excel\Galloping Study"
"000000009598E9A20E04F041B38518182890A2D50100A3DF33FCC9BD1644BD14FCA330AA978500001D679DC50000"	"\Divisions\PD\Line Hailey\BD_Efforts\First Solar\2014"
"000000009598E9A20E04F041B38518182890A2D5010012225CC57BF01F4EA8CCA87A792FF35F00009315F52E0000"	"\Divisions\PD\Line Hailey\BD_Efforts\Flatiron\2017\ILM-Radio Interference Testing"
"000000009598E9A20E04F041B38518182890A2D50100A3DF33FCC9BD1644BD14FCA330AA97850000271E53A90000"	"\Divisions\PD\Line Hailey\BD_Efforts\Freeport McMoran_Morenci\2015\69 kV Lines_Subs_SAS"
"000000009598E9A20E04F041B38518182890A2D50100A3DF33FCC9BD1644BD14FCA330AA97850000227B38340000"	"\Divisions\PD\Line Hailey\BD_Efforts\Genalta\2015\Gas Generation Interconnect"
"000000009598E9A20E04F041B38518182890A2D50100F3BCE3A574023B4482F2E427B5A3121800004D8E910B0000"	"\Divisions\PD\Line Hailey\BD_Efforts\GLP\2009 Projects\Great Lakes Power 2009"
"000000009598E9A20E04F041B38518182890A2D50100A3DF33FCC9BD1644BD14FCA330AA9785000021A81D3A0000"	"\Divisions\PD\Line Hailey\BD_Efforts\GLP\2015\Hogg_Gartshore Lines"
"000000009598E9A20E04F041B38518182890A2D50100A3DF33FCC9BD1644BD14FCA330AA978500002CAC3B890000"	"\Divisions\PD\Line Hailey\BD_Efforts\Goldwind\2016"
"000000009598E9A20E04F041B38518182890A2D5010012225CC57BF01F4EA8CCA87A792FF35F000071646BED0000"	"\Divisions\PD\Line Hailey\BD_Efforts\GridLiance\2017\Pahrump to Mead Permitting"
"000000009598E9A20E04F041B38518182890A2D5010012225CC57BF01F4EA8CCA87A792FF35F00010D90EA6E0000"	"\Divisions\PD\Line Hailey\BD_Efforts\Harvest Energy Services\2017\Persimmon Creek_OE"
"000000009598E9A20E04F041B38518182890A2D50100A3DF33FCC9BD1644BD14FCA330AA9785000017250FAD0000"	"\Divisions\PD\Line Hailey\BD_Efforts\Heco"
"000000009598E9A20E04F041B38518182890A2D50100A3DF33FCC9BD1644BD14FCA330AA9785000025844B6E0000"	"\Divisions\PD\Line Hailey\BD_Efforts\Hundseth\2015\SaskPower GSA"
"000000009598E9A20E04F041B38518182890A2D50100A3DF33FCC9BD1644BD14FCA330AA978500001DDCC90C0000"	"\Divisions\PD\Line Hailey\BD_Efforts\Iberdrola\General"
"000000009598E9A20E04F041B38518182890A2D5010012225CC57BF01F4EA8CCA87A792FF35F000347D4518E0000"	"\Divisions\PD\Line Hailey\BD_Efforts\IDB\2020\Uruguay-Argentina"
"000000009598E9A20E04F041B38518182890A2D50100A3DF33FCC9BD1644BD14FCA330AA978500001E40FAEC0000"	"\Divisions\PD\Line Hailey\BD_Efforts\INL"
"000000009598E9A20E04F041B38518182890A2D50100A3DF33FCC9BD1644BD14FCA330AA978500001C812A900000"	"\Divisions\PD\Line Hailey\BD_Efforts\Juwi Wind"
"000000009598E9A20E04F041B38518182890A2D50100A3DF33FCC9BD1644BD14FCA330AA978500002006DD9E0000"	"\Divisions\PD\Line Hailey\BD_Efforts\Kenny Construction\General"
"000000009598E9A20E04F041B38518182890A2D50100A3DF33FCC9BD1644BD14FCA330AA978500002523535E0000"	"\Divisions\PD\Line Hailey\BD_Efforts\Lamifil\2015\Sikkim 400 kV - Tables"
"000000009598E9A20E04F041B38518182890A2D50100A3DF33FCC9BD1644BD14FCA330AA978500002BC9E9180000"	"\Divisions\PD\Line Hailey\BD_Efforts\LATIN AMERICA\130424.001 General"
"000000009598E9A20E04F041B38518182890A2D50100A3DF33FCC9BD1644BD14FCA330AA978500002BDFDFC10000"	"\Divisions\PD\Line Hailey\BD_Efforts\LATIN AMERICA\Central America\Costa Rica\ESPH\2016"
"000000009598E9A20E04F041B38518182890A2D50100A3DF33FCC9BD1644BD14FCA330AA978500002BC7AE9B0000"	"\Divisions\PD\Line Hailey\BD_Efforts\LATIN AMERICA\Central America\Costa Rica\ICE\2015\Engineering management"
"000000009598E9A20E04F041B38518182890A2D5010012225CC57BF01F4EA8CCA87A792FF35F000087570E8A0000"	"\Divisions\PD\Line Hailey\BD_Efforts\LATIN AMERICA\Central America\Costa Rica\ICE\2017"
"000000009598E9A20E04F041B38518182890A2D5010012225CC57BF01F4EA8CCA87A792FF35F0001681505BA0000"	"\Divisions\PD\Line Hailey\BD_Efforts\LATIN AMERICA\Central America\Costa Rica\ICE\2018"
"000000009598E9A20E04F041B38518182890A2D50100A3DF33FCC9BD1644BD14FCA330AA978500002BC84AB90000"	"\Divisions\PD\Line Hailey\BD_Efforts\LATIN AMERICA\Central America\Costa Rica\ICE\Old Projects\2015"
"000000009598E9A20E04F041B38518182890A2D50100A3DF33FCC9BD1644BD14FCA330AA978500002BC88CFA0000"	"\Divisions\PD\Line Hailey\BD_Efforts\LATIN AMERICA\Central America\Costa Rica\ICE\Old Projects\Evaluación riesgos geológicos"
"000000009598E9A20E04F041B38518182890A2D50100A3DF33FCC9BD1644BD14FCA330AA978500002BC8E0D60000"	"\Divisions\PD\Line Hailey\BD_Efforts\LATIN AMERICA\Central America\Costa Rica\ICE\Old Projects\Maintenance2"
"000000009598E9A20E04F041B38518182890A2D50100A3DF33FCC9BD1644BD14FCA330AA978500002BC923210000"	"\Divisions\PD\Line Hailey\BD_Efforts\LATIN AMERICA\Central America\Costa Rica\ICE\Old Projects\Vibration"
"000000009598E9A20E04F041B38518182890A2D50100A3DF33FCC9BD1644BD14FCA330AA978500002BE10C0C0000"	"\Divisions\PD\Line Hailey\BD_Efforts\LATIN AMERICA\Central America\Costa Rica\XPERTEC\Projects\2011"
"000000009598E9A20E04F041B38518182890A2D50100A3DF33FCC9BD1644BD14FCA330AA978500002BC667D80000"	"\Divisions\PD\Line Hailey\BD_Efforts\LATIN AMERICA\Central America\EPR\2016\Lidar Training"
"000000009598E9A20E04F041B38518182890A2D50100A3DF33FCC9BD1644BD14FCA330AA978500002BC64AE50000"	"\Divisions\PD\Line Hailey\BD_Efforts\LATIN AMERICA\Central America\Panama"
"000000009598E9A20E04F041B38518182890A2D5010012225CC57BF01F4EA8CCA87A792FF35F00005A4E40300000"	"\Divisions\PD\Line Hailey\BD_Efforts\LATIN AMERICA\Central America\Panama\Panama General"
"000000009598E9A20E04F041B38518182890A2D5010012225CC57BF01F4EA8CCA87A792FF35F00005A4E402C0000"	"\Divisions\PD\Line Hailey\BD_Efforts\LATIN AMERICA\Chile\IDB Chile"
"000000009598E9A20E04F041B38518182890A2D5010012225CC57BF01F4EA8CCA87A792FF35F00008261204D0000"	"\Divisions\PD\Line Hailey\BD_Efforts\LATIN AMERICA\Chile\Transelec\2017"
"000000009598E9A20E04F041B38518182890A2D5010012225CC57BF01F4EA8CCA87A792FF35F00014E5CAF150000"	"\Divisions\PD\Line Hailey\BD_Efforts\LATIN AMERICA\Colombia\ieb\2017\BESS"
"000000009598E9A20E04F041B38518182890A2D50100A3DF33FCC9BD1644BD14FCA330AA978500002BC5C2010000"	"\Divisions\PD\Line Hailey\BD_Efforts\LATIN AMERICA\Mexico\CFE"
"000000009598E9A20E04F041B38518182890A2D50100A3DF33FCC9BD1644BD14FCA330AA978500002C0A63D00000"	"\Divisions\PD\Line Hailey\BD_Efforts\LATIN AMERICA\Mexico\IEnova\2016\HVDC_CFE"
"000000009598E9A20E04F041B38518182890A2D501001953B16A689BCD4AA8FC82955DB27CB1000001DBF44C0000"	"\Divisions\PD\Line Hailey\BD_Efforts\LATIN AMERICA\Organizations\COPIMERA"
"000000009598E9A20E04F041B38518182890A2D5010012225CC57BF01F4EA8CCA87A792FF35F0000AED689CA0000"	"\Divisions\PD\Line Hailey\BD_Efforts\LCRA\2017"
"000000009598E9A20E04F041B38518182890A2D5010012225CC57BF01F4EA8CCA87A792FF35F0001217308E60000"	"\Divisions\PD\Line Hailey\BD_Efforts\MasTec\2017\Puerto Rico Rehab"
"000000009598E9A20E04F041B38518182890A2D50100A3DF33FCC9BD1644BD14FCA330AA97850000155F16880000"	"\Divisions\PD\Line Hailey\BD_Efforts\Michels\First Solar Desert Sunlight"
"000000009598E9A20E04F041B38518182890A2D50100A3DF33FCC9BD1644BD14FCA330AA978500002613C4140000"	"\Divisions\PD\Line Hailey\BD_Efforts\Minnesota Power"
"000000009598E9A20E04F041B38518182890A2D5010012225CC57BF01F4EA8CCA87A792FF35F0001B17040850000"	"\Divisions\PD\Line Hailey\BD_Efforts\Montana-Dakota Utilities"
"000000009598E9A20E04F041B38518182890A2D501001953B16A689BCD4AA8FC82955DB27CB1000000771E7B0000"	"\Divisions\PD\Line Hailey\BD_Efforts\NextEra\Endeavor Wind Site"
"000000009598E9A20E04F041B38518182890A2D50100A3DF33FCC9BD1644BD14FCA330AA9785000023A26B8C0000"	"\Divisions\PD\Line Hailey\BD_Efforts\Norden_AVAL\2015\SaskPower_Fnd Repair"
"000000009598E9A20E04F041B38518182890A2D50100A3DF33FCC9BD1644BD14FCA330AA978500002BF47D3A0000"	"\Divisions\PD\Line Hailey\BD_Efforts\NTPC_Northwest Territories Power Corp\General\ComplyWorks"
"000000009598E9A20E04F041B38518182890A2D50100A3DF33FCC9BD1644BD14FCA330AA97850000200E08F00000"	"\Divisions\PD\Line Hailey\BD_Efforts\Okanogan County Electric Co-Operative"
"000000009598E9A20E04F041B38518182890A2D5010012225CC57BF01F4EA8CCA87A792FF35F00009B0B6D270000"	"\Divisions\PD\Line Hailey\BD_Efforts\PacifiCorp\2017"
"000000009598E9A20E04F041B38518182890A2D50100A3DF33FCC9BD1644BD14FCA330AA9785000020E50FAB0000"	"\Divisions\PD\Line Hailey\BD_Efforts\Pattern Energy\2014\Meikle Wind Project Road Clearances"
"000000009598E9A20E04F041B38518182890A2D50100F3BCE3A574023B4482F2E427B5A3121800004EC073B10000"	"\Divisions\PD\Line Hailey\BD_Efforts\PGE_Portland General Electric\2016"
"000000009598E9A20E04F041B38518182890A2D50100A3DF33FCC9BD1644BD14FCA330AA97850000211D2A460000"	"\Divisions\PD\Line Hailey\BD_Efforts\POWER"
"000000009598E9A20E04F041B38518182890A2D50100A3DF33FCC9BD1644BD14FCA330AA978500002000B71F0000"	"\Divisions\PD\Line Hailey\BD_Efforts\Powertel\2014\Henvey Inlet 230 kV"
"000000009598E9A20E04F041B38518182890A2D50100A3DF33FCC9BD1644BD14FCA330AA978500002B6874C20000"	"\Divisions\PD\Line Hailey\BD_Efforts\PPL\2016\Manor-Graceton"
"000000009598E9A20E04F041B38518182890A2D50100A3DF33FCC9BD1644BD14FCA330AA978500001D5D9BA70000"	"\Divisions\PD\Line Hailey\BD_Efforts\Raft River\2014\130736_Walker Ranch Subststation"
"000000009598E9A20E04F041B38518182890A2D50100A3DF33FCC9BD1644BD14FCA330AA978500002857AA1F0000"	"\Divisions\PD\Line Hailey\BD_Efforts\Regional Power\2016\Long Lake Hydro 138 kV"
"000000009598E9A20E04F041B38518182890A2D50100A3DF33FCC9BD1644BD14FCA330AA978500001B4999E20000"	"\Divisions\PD\Line Hailey\BD_Efforts\Robins and Morton"
"000000009598E9A20E04F041B38518182890A2D50100A3DF33FCC9BD1644BD14FCA330AA97850000261F7CF20000"	"\Divisions\PD\Line Hailey\BD_Efforts\RRG-Renewable Resources Group\General"
"000000009598E9A20E04F041B38518182890A2D5010012225CC57BF01F4EA8CCA87A792FF35F0000FFBD37E20000"	"\Divisions\PD\Line Hailey\BD_Efforts\RTA-Rio Tinto Alcan\2015"
"000000009598E9A20E04F041B38518182890A2D5010012225CC57BF01F4EA8CCA87A792FF35F0001BFA13D2F0000"	"\Divisions\PD\Line Hailey\BD_Efforts\Salmon River Electric\2018\3-Way Switch"
"000000009598E9A20E04F041B38518182890A2D5010012225CC57BF01F4EA8CCA87A792FF35F000102FD91890000"	"\Divisions\PD\Line Hailey\BD_Efforts\SaskPower\2017\Eng and PM Services Station PC Line"
"000000009598E9A20E04F041B38518182890A2D5010012225CC57BF01F4EA8CCA87A792FF35F00007AF1AC8E0000"	"\Divisions\PD\Line Hailey\BD_Efforts\SCE\2017\TLRR_Big Creek"
"000000009598E9A20E04F041B38518182890A2D50100A3DF33FCC9BD1644BD14FCA330AA978500002BFE16B60000"	"\Divisions\PD\Line Hailey\BD_Efforts\Seattle City Light\2016"
"000000009598E9A20E04F041B38518182890A2D5010012225CC57BF01F4EA8CCA87A792FF35F000023CCCEE20000"	"\Divisions\PD\Line Hailey\BD_Efforts\Smartwires\2016\Eirgrid Isolation"
"000000009598E9A20E04F041B38518182890A2D50100A3DF33FCC9BD1644BD14FCA330AA9785000022FDF3F50000"	"\Divisions\PD\Line Hailey\BD_Efforts\Snohomish PUD\2015"
"000000009598E9A20E04F041B38518182890A2D5010012225CC57BF01F4EA8CCA87A792FF35F0001B36E3B9E0000"	"\Divisions\PD\Line Hailey\BD_Efforts\Spokane"
"000000009598E9A20E04F041B38518182890A2D50100A3DF33FCC9BD1644BD14FCA330AA9785000022CC2D7F0000"	"\Divisions\PD\Line Hailey\BD_Efforts\Surprise Valley\2015"
"000000009598E9A20E04F041B38518182890A2D50100A3DF33FCC9BD1644BD14FCA330AA978500001D709AB00000"	"\Divisions\PD\Line Hailey\BD_Efforts\TEP-Tucson Electric Power\2014\CM RFQ"
"000000009598E9A20E04F041B38518182890A2D50100A3DF33FCC9BD1644BD14FCA330AA97850000285354110000"	"\Divisions\PD\Line Hailey\BD_Efforts\Terra_Gen\2016\Voyager Crossing Permits"
"000000009598E9A20E04F041B38518182890A2D50100A3DF33FCC9BD1644BD14FCA330AA978500002B6C96EB0000"	"\Divisions\PD\Line Hailey\BD_Efforts\Tetra Tech\2016"
"000000009598E9A20E04F041B38518182890A2D50100A3DF33FCC9BD1644BD14FCA330AA978500001E52EF270000"	"\Divisions\PD\Line Hailey\BD_Efforts\Transource\2014"
"000000009598E9A20E04F041B38518182890A2D50100A3DF33FCC9BD1644BD14FCA330AA978500002A3787CB0000"	"\Divisions\PD\Line Hailey\BD_Efforts\US Government\2016"
"000000009598E9A20E04F041B38518182890A2D50100A3DF33FCC9BD1644BD14FCA330AA978500002A3BD0590000"	"\Divisions\PD\Line Hailey\BD_Efforts\Vattenfall\2016\Carunas Pudasjarvi"
"000000009598E9A20E04F041B38518182890A2D50100572FF007A7D6B64CA96E5CFE8E1CC1A4000000630C410000"	"\Divisions\PD\Line Hailey\BD_Efforts\Vestas\Romania_Panteliminon"
"000000009598E9A20E04F041B38518182890A2D5010012225CC57BF01F4EA8CCA87A792FF35F0001E6DB395E0000"	"\Divisions\PD\Line Hailey\BD_Efforts\Wheeler Electric\2018"
"000000009598E9A20E04F041B38518182890A2D5010012225CC57BF01F4EA8CCA87A792FF35F0000ADF1F5F00000"	"\Divisions\PD\Line Hailey\BD_Efforts\WREC_Wells Rural Electric\2017\Carlin Sub Overhead"
"000000009598E9A20E04F041B38518182890A2D50100A3DF33FCC9BD1644BD14FCA330AA978500001B384E060000"	"\Divisions\PD\Line Hailey\cigre_correspondence\auckland2013"
"000000009598E9A20E04F041B38518182890A2D501001296C725372D7F4B86B758A22EA3141B0000007BC4850000"	"\Divisions\PD\Line Hailey\CLIENT_STDS_GENERAL\brazos-general\apollo-erichardson"
"000000009598E9A20E04F041B38518182890A2D50100572FF007A7D6B64CA96E5CFE8E1CC1A40000002591A30000"	"\Divisions\PD\Line Hailey\CLIENT_STDS_GENERAL\LCRA"
"000000009598E9A20E04F041B38518182890A2D5010012225CC57BF01F4EA8CCA87A792FF35F00026E5A22270000"	"\Divisions\PD\Line Hailey\EEI_conf_3-2019"
"000000009598E9A20E04F041B38518182890A2D50100A3DF33FCC9BD1644BD14FCA330AA978500001B1D26B40000"	"\Divisions\PD\Line Hailey\Line Kansas City\122586 PEF-BITHLO DSCADA PREPARATION"
"000000009598E9A20E04F041B38518182890A2D50100A3DF33FCC9BD1644BD14FCA330AA978500001B1D26E10000"	"\Divisions\PD\Line Hailey\Line Kansas City\126294 PEF-CASSELBERRY RTU UPGRD"
"000000009598E9A20E04F041B38518182890A2D50100572FF007A7D6B64CA96E5CFE8E1CC1A400000010C1540000"	"\Divisions\PD\Line Hailey\ONCOR Stryker Creek-Dialville"
"000000009598E9A20E04F041B38518182890A2D50100A3DF33FCC9BD1644BD14FCA330AA978500001F760A180000"	"\Divisions\PD\Line Hamilton\133265"
"000000009598E9A20E04F041B38518182890A2D50100A3DF33FCC9BD1644BD14FCA330AA978500002AFE912A0000"	"\Divisions\PD\Line Hamilton\141178"
"000000009598E9A20E04F041B38518182890A2D5010012225CC57BF01F4EA8CCA87A792FF35F0000BEBBD4A80000"	"\Divisions\PD\Line Hamilton\146485"
"000000009598E9A20E04F041B38518182890A2D5010012225CC57BF01F4EA8CCA87A792FF35F0001DB639B060000"	"\Divisions\PD\Line Hamilton\152807"
"000000009598E9A20E04F041B38518182890A2D50100E34BFE500669CD49AC2E27C6C54DE39D0000000AFD4E0000"	"\Divisions\PD\Line Houston\00-Closed Projects (remove by 11/09)\111771 LCRA"
"000000009598E9A20E04F041B38518182890A2D50100E34BFE500669CD49AC2E27C6C54DE39D00000020FD5F0000"	"\Divisions\PD\Line Houston\00-Proposals_BD\116163_Wind_Farm_Standards"
"000000009598E9A20E04F041B38518182890A2D50100E34BFE500669CD49AC2E27C6C54DE39D0000000D59390000"	"\Divisions\PD\Line Houston\107391 Alaskan Way Via Duct\00 NOT UPLOADED TO DMS\FOR REVIEW"
"000000009598E9A20E04F041B38518182890A2D50100E34BFE500669CD49AC2E27C6C54DE39D0000000AFD690000"	"\Divisions\PD\Line Houston\107391 Alaskan Way Via Duct\00 UPLOADED TO DMS or PWC\00 Meeting Minutes\AWV-076"
"000000009598E9A20E04F041B38518182890A2D50100E34BFE500669CD49AC2E27C6C54DE39D0000000D59240000"	"\Divisions\PD\Line Houston\107391 Alaskan Way Via Duct\00 UPLOADED TO DMS or PWC\009-025 thru 009-100\009-095"
"000000009598E9A20E04F041B38518182890A2D50100E34BFE500669CD49AC2E27C6C54DE39D0000000AFD790000"	"\Divisions\PD\Line Houston\107391 Alaskan Way Via Duct\00 UPLOADED TO DMS or PWC\AWV-003 thru AWV-050\AWV-032"
"000000009598E9A20E04F041B38518182890A2D50100E34BFE500669CD49AC2E27C6C54DE39D0000000D59170000"	"\Divisions\PD\Line Houston\107391 Alaskan Way Via Duct\00 UPLOADED TO DMS or PWC\AWV-050 thruy AWV-100\AWV-056"
"000000009598E9A20E04F041B38518182890A2D50100E34BFE500669CD49AC2E27C6C54DE39D0000000D592A0000"	"\Divisions\PD\Line Houston\107391 Alaskan Way Via Duct\00 UPLOADED TO DMS or PWC\J_Joy_POWER_05-10-07"
"000000009598E9A20E04F041B38518182890A2D50100E34BFE500669CD49AC2E27C6C54DE39D0000000AFD550000"	"\Divisions\PD\Line Houston\107391 Alaskan Way Via Duct\Weekly Reports"
"000000009598E9A20E04F041B38518182890A2D50100A3DF33FCC9BD1644BD14FCA330AA978500001FB22DB30000"	"\Divisions\PD\Line Houston\136218_AEP_Falling Branch_WO#"
"000000009598E9A20E04F041B38518182890A2D50100E34BFE500669CD49AC2E27C6C54DE39D0000001240980000"	"\Divisions\PD\Line Houston\BRAZOS"
"000000009598E9A20E04F041B38518182890A2D50100A3DF33FCC9BD1644BD14FCA330AA978500002A5E75A50000"	"\Divisions\PD\Line Kansas City\139730 Entergy LA LNG\USACE"
"000000009598E9A20E04F041B38518182890A2D50100A3DF33FCC9BD1644BD14FCA330AA978500001A3854630000"	"\Divisions\PD\Line Orlando\130884-FPL-FGT GAS COMPRES'N FAC TAP"
"000000009598E9A20E04F041B38518182890A2D50100A3DF33FCC9BD1644BD14FCA330AA978500001E7C5B910000"	"\Divisions\PD\Line Orlando\135257-FPL-CELL TOWER TECH WALKS 2014"
"000000009598E9A20E04F041B38518182890A2D50100A3DF33FCC9BD1644BD14FCA330AA978500001F9065640000"	"\Divisions\PD\Line Orlando\136083-FPL-T12685 SUNRISE POLE"
"000000009598E9A20E04F041B38518182890A2D50100A3DF33FCC9BD1644BD14FCA330AA9785000024234F990000"	"\Divisions\PD\Line Orlando\139325-FPL-PEETZ PAWNEE 239kV N161"
"000000009598E9A20E04F041B38518182890A2D50100A3DF33FCC9BD1644BD14FCA330AA978500002A09F4190000"	"\Divisions\PD\Line Orlando\141655-FPL-STR 128A2 FL CITY-PRINCETO"
"000000009598E9A20E04F041B38518182890A2D5010012225CC57BF01F4EA8CCA87A792FF35F00003945D1920000"	"\Divisions\PD\Line Orlando\144167-OUC-TEXAS @ HOLDEN RELOCATION"
"000000009598E9A20E04F041B38518182890A2D50100A3DF33FCC9BD1644BD14FCA330AA9785000015F8A4B10000"	"\Divisions\PD\Line Portland\126101 - Skyriver Uprating"
"000000009598E9A20E04F041B38518182890A2D50100A3DF33FCC9BD1644BD14FCA330AA978500001D98A9820000"	"\Divisions\PD\Line Portland\133739 - Herleman Area Connect"
"000000009598E9A20E04F041B38518182890A2D50100A3DF33FCC9BD1644BD14FCA330AA978500002557814F0000"	"\Divisions\PD\Line Portland\139693 - NWCPUD Chenoweth-Rodeo"
"000000009598E9A20E04F041B38518182890A2D5010012225CC57BF01F4EA8CCA87A792FF35F0000487B03510000"	"\Divisions\PD\Line Portland\144368 - AEP Airline Holly"
"000000009598E9A20E04F041B38518182890A2D5010012225CC57BF01F4EA8CCA87A792FF35F000155CA54510000"	"\Divisions\PD\Line Portland\149578 - PacifiCorp Merlin"
"000000009598E9A20E04F041B38518182890A2D5010012225CC57BF01F4EA8CCA87A792FF35F000291F4A55E0000"	"\Divisions\PD\Line Portland\157688 - PGE UG Distribution"
"000000009598E9A20E04F041B38518182890A2D50100A3DF33FCC9BD1644BD14FCA330AA978500001A315F360000"	"\Divisions\PD\Line San Diego\130147 SLAC"
"000000009598E9A20E04F041B38518182890A2D5010012225CC57BF01F4EA8CCA87A792FF35F0001E15174060000"	"\Divisions\PD\Line San Diego\153430 SDGE PLS-CADD Training"
"000000009598E9A20E04F041B38518182890A2D5010012225CC57BF01F4EA8CCA87A792FF35F00000A50CAF80000"	"\Divisions\PD\Line St. Louis\Operations"
"000000009598E9A20E04F041B38518182890A2D5010012225CC57BF01F4EA8CCA87A792FF35F000087570E760000"	"\Divisions\PD\Line Syracuse\_PPL HOLD\145230 PPL - B44923 SEG 18B HARW 69KV"
"000000009598E9A20E04F041B38518182890A2D5010012225CC57BF01F4EA8CCA87A792FF35F0002D6D850190000"	"\Divisions\PD\MPD\Trade Shows\2019 Trade Shows\WPRC"
"000000009598E9A20E04F041B38518182890A2D50100572FF007A7D6B64CA96E5CFE8E1CC1A400000014C0EE0000"	"\Divisions\PD\North Attleboro Project Site\AIR's\Closed AIR's\0061"
"000000009598E9A20E04F041B38518182890A2D50100572FF007A7D6B64CA96E5CFE8E1CC1A400000012925F0000"	"\Divisions\PD\North Attleboro Project Site\AIR's\Open AIR's\0066"
"000000009598E9A20E04F041B38518182890A2D50100A3DF33FCC9BD1644BD14FCA330AA978500001CD077D10000"	"\Divisions\PD\North Attleboro Project Site\Line Syracuse\132401 AEP-Brush Tavern 138kv 39764"
"000000009598E9A20E04F041B38518182890A2D50100572FF007A7D6B64CA96E5CFE8E1CC1A40000001292660000"	"\Divisions\PD\North Attleboro Project Site\Projects\113514-345/115kV TL Int Plainvl MA SS"
"000000009598E9A20E04F041B38518182890A2D50100572FF007A7D6B64CA96E5CFE8E1CC1A40000001292630000"	"\Divisions\PD\North Attleboro Project Site\Projects\113521-New 345kV Line W.Farnum-RI/CT"
"000000009598E9A20E04F041B38518182890A2D501001953B16A689BCD4AA8FC82955DB27CB1000000CE973F0000"	"\Divisions\PD\North Attleboro Project Site\Projects\123590 - Woonsocket Relay Upgrades"
"000000009598E9A20E04F041B38518182890A2D501006C95E27D1ACA634AA1AADC20796388DD00000066EAB20000"	"\Divisions\PD\North Attleboro Project Site\Vacation"
"000000009598E9A20E04F041B38518182890A2D5010012225CC57BF01F4EA8CCA87A792FF35F000235B0E0460000"	"\Divisions\PD\PCI Portland\155228 - CIMARRON RIVER SUB UNITIZATION"
"000000009598E9A20E04F041B38518182890A2D50100A3DF33FCC9BD1644BD14FCA330AA978500001C9775700000"	"\Divisions\PD\PCI Sacramento\00-DMS Upload\Ameren - NERC Program\Meeting Items"
"000000009598E9A20E04F041B38518182890A2D501006C95E27D1ACA634AA1AADC20796388DD000000BC57890000"	"\Divisions\PD\PCI Sacramento\117132 TMPA-CREZ"
"000000009598E9A20E04F041B38518182890A2D50100A3DF33FCC9BD1644BD14FCA330AA978500000E8616110000"	"\Divisions\PD\PCI Sacramento\117291 NPPD345KV AXTELL-KANSAS LINE\Axtell-Kansas\Progress Reports"
"000000009598E9A20E04F041B38518182890A2D501001953B16A689BCD4AA8FC82955DB27CB1000001C68B720000"	"\Divisions\PD\PCI Sacramento\121690 ON Line Project\All Inspector Reports\Access_Culverts"
"000000009598E9A20E04F041B38518182890A2D501001953B16A689BCD4AA8FC82955DB27CB1000001CEC62A0000"	"\Divisions\PD\PCI Sacramento\121690 ON Line Project\All Inspector Reports\Incident Report"
"000000009598E9A20E04F041B38518182890A2D501001953B16A689BCD4AA8FC82955DB27CB1000001DA985A0000"	"\Divisions\PD\PCI Sacramento\121690 ON Line Project\All Inspector Reports\Steel Pole Erection"
"000000009598E9A20E04F041B38518182890A2D50100A3DF33FCC9BD1644BD14FCA330AA97850000195EECD20000"	"\Divisions\PD\PCI Sacramento\121690 ON Line Project\All Inspector Reports\TGV Structure Helical Strake & Collar Installation Report"
"000000009598E9A20E04F041B38518182890A2D50100A3DF33FCC9BD1644BD14FCA330AA978500001A3AA8F40000"	"\Divisions\PD\PCI Sacramento\127018 Crimm Road"
"000000009598E9A20E04F041B38518182890A2D50100A3DF33FCC9BD1644BD14FCA330AA978500001D8117D00000"	"\Divisions\PD\PCI Sacramento\132085 E.HALL PLAINVILLE SUBST UPGR\Daily Reports"
"000000009598E9A20E04F041B38518182890A2D50100A3DF33FCC9BD1644BD14FCA330AA978500001C9772710000"	"\Divisions\PD\PCI Sacramento\132259 MO Program Management\001\TRANSMITTALS"
"000000009598E9A20E04F041B38518182890A2D50100A3DF33FCC9BD1644BD14FCA330AA978500001C97751A0000"	"\Divisions\PD\PCI Sacramento\132259 MO Program Management\007"
"000000009598E9A20E04F041B38518182890A2D50100A3DF33FCC9BD1644BD14FCA330AA978500001C9773A70000"	"\Divisions\PD\PCI Sacramento\132259 MO Program Management\010\Engineering"
"000000009598E9A20E04F041B38518182890A2D50100A3DF33FCC9BD1644BD14FCA330AA978500001C9774020000"	"\Divisions\PD\PCI Sacramento\132259 MO Program Management\011\Engineering Inspection"
"000000009598E9A20E04F041B38518182890A2D50100A3DF33FCC9BD1644BD14FCA330AA978500001C97744A0000"	"\Divisions\PD\PCI Sacramento\132259 MO Program Management\012\Environmental"
"000000009598E9A20E04F041B38518182890A2D50100A3DF33FCC9BD1644BD14FCA330AA978500001C9774980000"	"\Divisions\PD\PCI Sacramento\132259 MO Program Management\030\Financial"
"000000009598E9A20E04F041B38518182890A2D50100A3DF33FCC9BD1644BD14FCA330AA978500001C9772E70000"	"\Divisions\PD\PCI Sacramento\132259 MO Program Management\040\Materials"
"000000009598E9A20E04F041B38518182890A2D50100A3DF33FCC9BD1644BD14FCA330AA978500001C9773170000"	"\Divisions\PD\PCI Sacramento\132259 MO Program Management\060\Meeting Items"
"000000009598E9A20E04F041B38518182890A2D50100A3DF33FCC9BD1644BD14FCA330AA978500001C9773460000"	"\Divisions\PD\PCI Sacramento\132259 MO Program Management\080\Misc"
"000000009598E9A20E04F041B38518182890A2D50100A3DF33FCC9BD1644BD14FCA330AA978500001C9773750000"	"\Divisions\PD\PCI Sacramento\132259 MO Program Management\090\Real Estate"
"000000009598E9A20E04F041B38518182890A2D50100A3DF33FCC9BD1644BD14FCA330AA978500001C976A2E0000"	"\Divisions\PD\PCI Sacramento\132260 IL Program Management Support\001\Real Estate"
"000000009598E9A20E04F041B38518182890A2D50100A3DF33FCC9BD1644BD14FCA330AA978500001C976A7B0000"	"\Divisions\PD\PCI Sacramento\132260 IL Program Management Support\002\RFIs"
"000000009598E9A20E04F041B38518182890A2D50100A3DF33FCC9BD1644BD14FCA330AA978500001C85AB370000"	"\Divisions\PD\PCI Sacramento\132260 IL Program Management Support\003\Safety"
"000000009598E9A20E04F041B38518182890A2D50100A3DF33FCC9BD1644BD14FCA330AA978500001C976AAE0000"	"\Divisions\PD\PCI Sacramento\132260 IL Program Management Support\004\Schedule"
"000000009598E9A20E04F041B38518182890A2D50100A3DF33FCC9BD1644BD14FCA330AA978500001C976ADE0000"	"\Divisions\PD\PCI Sacramento\132260 IL Program Management Support\005\Scope"
"000000009598E9A20E04F041B38518182890A2D50100A3DF33FCC9BD1644BD14FCA330AA978500001C976B0D0000"	"\Divisions\PD\PCI Sacramento\132260 IL Program Management Support\006\TRANSMITTALS"
"000000009598E9A20E04F041B38518182890A2D50100A3DF33FCC9BD1644BD14FCA330AA978500001C976B3F0000"	"\Divisions\PD\PCI Sacramento\132260 IL Program Management Support\008"
"000000009598E9A20E04F041B38518182890A2D50100A3DF33FCC9BD1644BD14FCA330AA978500001C976BE80000"	"\Divisions\PD\PCI Sacramento\132260 IL Program Management Support\009\Engineering"
"000000009598E9A20E04F041B38518182890A2D50100A3DF33FCC9BD1644BD14FCA330AA978500001C976C180000"	"\Divisions\PD\PCI Sacramento\132260 IL Program Management Support\010\Engineering Inspection"
"000000009598E9A20E04F041B38518182890A2D50100A3DF33FCC9BD1644BD14FCA330AA978500001C976C470000"	"\Divisions\PD\PCI Sacramento\132260 IL Program Management Support\011\Environmental"
"000000009598E9A20E04F041B38518182890A2D50100A3DF33FCC9BD1644BD14FCA330AA978500001C976C760000"	"\Divisions\PD\PCI Sacramento\132260 IL Program Management Support\012\Financial"
"000000009598E9A20E04F041B38518182890A2D50100A3DF33FCC9BD1644BD14FCA330AA978500001C976CA60000"	"\Divisions\PD\PCI Sacramento\132260 IL Program Management Support\013\Materials"
"000000009598E9A20E04F041B38518182890A2D50100A3DF33FCC9BD1644BD14FCA330AA978500001C976CD50000"	"\Divisions\PD\PCI Sacramento\132260 IL Program Management Support\014\Meeting Items"
"000000009598E9A20E04F041B38518182890A2D50100A3DF33FCC9BD1644BD14FCA330AA978500001C976D050000"	"\Divisions\PD\PCI Sacramento\132260 IL Program Management Support\015\Misc"
"000000009598E9A20E04F041B38518182890A2D50100A3DF33FCC9BD1644BD14FCA330AA978500001C976D350000"	"\Divisions\PD\PCI Sacramento\132260 IL Program Management Support\016\Real Estate"
"000000009598E9A20E04F041B38518182890A2D50100A3DF33FCC9BD1644BD14FCA330AA978500001C976D670000"	"\Divisions\PD\PCI Sacramento\132260 IL Program Management Support\017\RFIs"
"000000009598E9A20E04F041B38518182890A2D50100A3DF33FCC9BD1644BD14FCA330AA978500001C976D960000"	"\Divisions\PD\PCI Sacramento\132260 IL Program Management Support\019\Safety"
"000000009598E9A20E04F041B38518182890A2D50100A3DF33FCC9BD1644BD14FCA330AA978500001C976DD20000"	"\Divisions\PD\PCI Sacramento\132260 IL Program Management Support\020\Schedule"
"000000009598E9A20E04F041B38518182890A2D50100A3DF33FCC9BD1644BD14FCA330AA978500001C976EA40000"	"\Divisions\PD\PCI Sacramento\132260 IL Program Management Support\021\Scope"
"000000009598E9A20E04F041B38518182890A2D50100A3DF33FCC9BD1644BD14FCA330AA978500001C976EDB0000"	"\Divisions\PD\PCI Sacramento\132260 IL Program Management Support\022\TRANSMITTALS"
"000000009598E9A20E04F041B38518182890A2D50100A3DF33FCC9BD1644BD14FCA330AA978500001C976F0F0000"	"\Divisions\PD\PCI Sacramento\132260 IL Program Management Support\024"
"000000009598E9A20E04F041B38518182890A2D50100A3DF33FCC9BD1644BD14FCA330AA978500001C976F3E0000"	"\Divisions\PD\PCI Sacramento\132260 IL Program Management Support\025\Engineering"
"000000009598E9A20E04F041B38518182890A2D50100A3DF33FCC9BD1644BD14FCA330AA978500001C976F6D0000"	"\Divisions\PD\PCI Sacramento\132260 IL Program Management Support\026\Engineering Inspection"
"000000009598E9A20E04F041B38518182890A2D50100A3DF33FCC9BD1644BD14FCA330AA978500001C976F9D0000"	"\Divisions\PD\PCI Sacramento\132260 IL Program Management Support\027\Environmental"
"000000009598E9A20E04F041B38518182890A2D50100A3DF33FCC9BD1644BD14FCA330AA978500001C976FCC0000"	"\Divisions\PD\PCI Sacramento\132260 IL Program Management Support\028\Financial"
"000000009598E9A20E04F041B38518182890A2D50100A3DF33FCC9BD1644BD14FCA330AA978500001C97700C0000"	"\Divisions\PD\PCI Sacramento\132260 IL Program Management Support\030\Materials"
"000000009598E9A20E04F041B38518182890A2D50100A3DF33FCC9BD1644BD14FCA330AA978500001C97703B0000"	"\Divisions\PD\PCI Sacramento\132260 IL Program Management Support\031\Meeting Items"
"000000009598E9A20E04F041B38518182890A2D50100A3DF33FCC9BD1644BD14FCA330AA978500001C97706B0000"	"\Divisions\PD\PCI Sacramento\132260 IL Program Management Support\032\Misc"
"000000009598E9A20E04F041B38518182890A2D50100A3DF33FCC9BD1644BD14FCA330AA978500001C97709A0000"	"\Divisions\PD\PCI Sacramento\132260 IL Program Management Support\033\Real Estate"
"000000009598E9A20E04F041B38518182890A2D50100A3DF33FCC9BD1644BD14FCA330AA978500001C9770C90000"	"\Divisions\PD\PCI Sacramento\132260 IL Program Management Support\034\RFIs"
"000000009598E9A20E04F041B38518182890A2D50100A3DF33FCC9BD1644BD14FCA330AA978500001C9770F80000"	"\Divisions\PD\PCI Sacramento\132260 IL Program Management Support\035\Safety"
"000000009598E9A20E04F041B38518182890A2D50100A3DF33FCC9BD1644BD14FCA330AA978500001C9771C10000"	"\Divisions\PD\PCI Sacramento\132260 IL Program Management Support\036\Schedule"
"000000009598E9A20E04F041B38518182890A2D50100A3DF33FCC9BD1644BD14FCA330AA978500001D5A61FC0000"	"\Divisions\PD\PCI Sacramento\132260 IL Program Management Support\037\Scope"
"000000009598E9A20E04F041B38518182890A2D50100A3DF33FCC9BD1644BD14FCA330AA978500001D5A624C0000"	"\Divisions\PD\PCI Sacramento\132260 IL Program Management Support\038\TRANSMITTALS"
"000000009598E9A20E04F041B38518182890A2D50100A3DF33FCC9BD1644BD14FCA330AA978500001D5A62880000"	"\Divisions\PD\PCI Sacramento\132260 IL Program Management Support\040"
"000000009598E9A20E04F041B38518182890A2D50100A3DF33FCC9BD1644BD14FCA330AA978500001D5A63AB0000"	"\Divisions\PD\PCI Sacramento\132260 IL Program Management Support\041\Engineering"
"000000009598E9A20E04F041B38518182890A2D50100A3DF33FCC9BD1644BD14FCA330AA978500001D0F7D930000"	"\Divisions\PD\PCI Sacramento\133430 RS-NORTH FORT DODGE SUBST"
"000000009598E9A20E04F041B38518182890A2D50100A3DF33FCC9BD1644BD14FCA330AA978500002472D0C30000"	"\Divisions\PD\PCI Sacramento\139409 - OE DSGN OS-MONTICELLO TO REED"
"000000009598E9A20E04F041B38518182890A2D5010012225CC57BF01F4EA8CCA87A792FF35F0000884981C60000"	"\Divisions\PD\PCI Sacramento\145446 - TNMP BARILLA DRAW REACTIVE SVC"
"000000009598E9A20E04F041B38518182890A2D5010012225CC57BF01F4EA8CCA87A792FF35F0001E30496070000"	"\Divisions\PD\PCI Sacramento\153691 - TWIN SPRINGS SUBSTATION"
"000000009598E9A20E04F041B38518182890A2D5010012225CC57BF01F4EA8CCA87A792FF35F0006CE36F5440000"	"\Divisions\PD\PD PROJECT SERVICES\PD PROJECT SERVICES"
"000000009598E9A20E04F041B38518182890A2D50100A3DF33FCC9BD1644BD14FCA330AA97850000162001E40000"	"\Divisions\PD\PDS Group Phoenix\124949 APS Share of Cochise Co"
"000000009598E9A20E04F041B38518182890A2D50100A3DF33FCC9BD1644BD14FCA330AA97850000162005F10000"	"\Divisions\PD\PDS Group Phoenix\124976 SWTC - TPL"
"000000009598E9A20E04F041B38518182890A2D50100A3DF33FCC9BD1644BD14FCA330AA978500001B17D6310000"	"\Divisions\PD\PDS Group Phoenix\124987 TEP UNS Mohave Couty RMR\Mohave\2012"
"000000009598E9A20E04F041B38518182890A2D50100A3DF33FCC9BD1644BD14FCA330AA978500001B220C3B0000"	"\Divisions\PD\PDS Group Phoenix\124988 TEP UNS Kingman Wind II\WESTERN WIND - Steel Park[16w+4s]\SIS I\dyd\PV Inverter"
"000000009598E9A20E04F041B38518182890A2D50100A3DF33FCC9BD1644BD14FCA330AA97850000162013E80000"	"\Divisions\PD\PDS Group Phoenix\125531 NRG Solar Interconnection Sup"
"000000009598E9A20E04F041B38518182890A2D50100A3DF33FCC9BD1644BD14FCA330AA978500001754943A0000"	"\Divisions\PD\PDS Group Phoenix\127154 US Solar General Analysis"
"000000009598E9A20E04F041B38518182890A2D50100A3DF33FCC9BD1644BD14FCA330AA97850000177DAF350000"	"\Divisions\PD\PDS Group Phoenix\127935 Yabucoa Puerto Rico PV FAC"
"000000009598E9A20E04F041B38518182890A2D50100A3DF33FCC9BD1644BD14FCA330AA9785000019C119500000"	"\Divisions\PD\PDS Group Phoenix\130474 Hydroelectric Info for Model"
"000000009598E9A20E04F041B38518182890A2D50100A3DF33FCC9BD1644BD14FCA330AA978500001B2240BC0000"	"\Divisions\PD\PDS Group Phoenix\131719 WAPA XMSN Plan Aug13-July14\UNSE NITS"
"000000009598E9A20E04F041B38518182890A2D50100A3DF33FCC9BD1644BD14FCA330AA978500001C5406AE0000"	"\Divisions\PD\PDS Group Phoenix\132923 Horizon 230kV Interconnect"
"000000009598E9A20E04F041B38518182890A2D50100A3DF33FCC9BD1644BD14FCA330AA978500001D73B1440000"	"\Divisions\PD\PDS Group Phoenix\133775 IID WO#3"
"000000009598E9A20E04F041B38518182890A2D50100A3DF33FCC9BD1644BD14FCA330AA978500001B6F45290000"	"\Divisions\PD\Phoenix"
"000000009598E9A20E04F041B38518182890A2D5010012225CC57BF01F4EA8CCA87A792FF35F0005387681790000"	"\Divisions\PD\PM Group\169043_T27394_Dade-Airport 138kV Reconductor\Material"
"000000009598E9A20E04F041B38518182890A2D5010012225CC57BF01F4EA8CCA87A792FF35F0004D40AC2220000"	"\Divisions\PD\Program Services\Program Services\Dept 0165"
"000000009598E9A20E04F041B38518182890A2D50100A3DF33FCC9BD1644BD14FCA330AA978500002218CC9B0000"	"\Divisions\PD\Project Control\100428\Grainger"
"000000009598E9A20E04F041B38518182890A2D501006C95E27D1ACA634AA1AADC20796388DD000000C573D20000"	"\Divisions\PD\Project Control\100501 - Office PV Project - Hailey\Sun Valley Masonry"
"000000009598E9A20E04F041B38518182890A2D501006C95E27D1ACA634AA1AADC20796388DD0000004D96700000"	"\Divisions\PD\Project Control\112485- Catenary Installation\Viking Construction"
"000000009598E9A20E04F041B38518182890A2D501006C95E27D1ACA634AA1AADC20796388DD0000005BC98F0000"	"\Divisions\PD\Project Control\112998 - Forward SCADA"
"000000009598E9A20E04F041B38518182890A2D501006C95E27D1ACA634AA1AADC20796388DD000000CE81A40000"	"\Divisions\PD\Project Control\113487 - Kent County 1 - National Grid\Currie Building Systems"
"000000009598E9A20E04F041B38518182890A2D501006C95E27D1ACA634AA1AADC20796388DD000000D555740000"	"\Divisions\PD\Project Control\113487 - Kent County 2 - National Grid\ABB"
"000000009598E9A20E04F041B38518182890A2D50100CB7D9B6512D7374A860FE542D577039200000114E7CA0000"	"\Divisions\PD\Project Control\113487 - Kent County 2 - National Grid\Olivier & Sons"
"000000009598E9A20E04F041B38518182890A2D501006C95E27D1ACA634AA1AADC20796388DD000000635EE80000"	"\Divisions\PD\Project Control\113883 - Glenrock"
"000000009598E9A20E04F041B38518182890A2D501006C95E27D1ACA634AA1AADC20796388DD0000005D19480000"	"\Divisions\PD\Project Control\114236 - Milford Wind\114148 - Cloud County West Wind"
"000000009598E9A20E04F041B38518182890A2D501006C95E27D1ACA634AA1AADC20796388DD0000006713A70000"	"\Divisions\PD\Project Control\115069 - High Lonesome\Advanced Tower Services"
"000000009598E9A20E04F041B38518182890A2D501006C95E27D1ACA634AA1AADC20796388DD00000064FE7E0000"	"\Divisions\PD\Project Control\115446 - Scolari Roaster Rebuild - Starbucks\CES"
"000000009598E9A20E04F041B38518182890A2D501006C95E27D1ACA634AA1AADC20796388DD0000006304100000"	"\Divisions\PD\Project Control\116275 - Rail Splitter HMI"
"000000009598E9A20E04F041B38518182890A2D501006C95E27D1ACA634AA1AADC20796388DD0000007BA64E0000"	"\Divisions\PD\Project Control\117387 - ECGS - 3 Repower - Imperial Irr. District"
"000000009598E9A20E04F041B38518182890A2D501006C95E27D1ACA634AA1AADC20796388DD000000AC84EB0000"	"\Divisions\PD\Project Control\117587 - Midwest Ogallah Switchyard\SB Systems - Control Building"
"000000009598E9A20E04F041B38518182890A2D501006C95E27D1ACA634AA1AADC20796388DD000000852B5C0000"	"\Divisions\PD\Project Control\118736 - BARN OPS - Raytheon"
"000000009598E9A20E04F041B38518182890A2D501006C95E27D1ACA634AA1AADC20796388DD000000A8D7770000"	"\Divisions\PD\Project Control\119586 - Raytheon Bus G I/O Expansion Support"
"000000009598E9A20E04F041B38518182890A2D501006C95E27D1ACA634AA1AADC20796388DD000000CB14320000"	"\Divisions\PD\Project Control\119958 - ALTA Wind SCADA - Terra Gen"
"000000009598E9A20E04F041B38518182890A2D50100CB7D9B6512D7374A860FE542D577039200000115E3630000"	"\Divisions\PD\Project Control\121264 - Nikiski Substation\EP2 - Panels"
"000000009598E9A20E04F041B38518182890A2D50100CB7D9B6512D7374A860FE542D57703920000012C97340000"	"\Divisions\PD\Project Control\121659 - SEPC / SPP NTC Phase One & Planning\Batteries"
"000000009598E9A20E04F041B38518182890A2D501001953B16A689BCD4AA8FC82955DB27CB1000001C230430000"	"\Divisions\PD\Project Control\121660 - Clipper Shooting Star\Alpha Power"
"000000009598E9A20E04F041B38518182890A2D50100CB7D9B6512D7374A860FE542D57703920000012565460000"	"\Divisions\PD\Project Control\121660 - Clipper Shooting Star\Line Materials"
"000000009598E9A20E04F041B38518182890A2D501006C95E27D1ACA634AA1AADC20796388DD000000F2B5BA0000"	"\Divisions\PD\Project Control\122431 - Blue Canyon Time Clock Upgrade"
"000000009598E9A20E04F041B38518182890A2D50100CB7D9B6512D7374A860FE542D57703920000012693AB0000"	"\Divisions\PD\Project Control\123097 - DSCADA / Progress Energy\Graybar"
"000000009598E9A20E04F041B38518182890A2D501001953B16A689BCD4AA8FC82955DB27CB1000000771EA30000"	"\Divisions\PD\Project Control\123451 - St. John Substation / SEPC\ABB - SSVT's"
"000000009598E9A20E04F041B38518182890A2D501001953B16A689BCD4AA8FC82955DB27CB100000159B8EF0000"	"\Divisions\PD\Project Control\123559 - St. John to River Road T-Line\Preformed Line Products"
"000000009598E9A20E04F041B38518182890A2D50100A3DF33FCC9BD1644BD14FCA330AA9785000017509E460000"	"\Divisions\PD\Project Control\124256 - Barber Sub.\Alstom Grid - 138kV Line Tuner"
"000000009598E9A20E04F041B38518182890A2D50100A3DF33FCC9BD1644BD14FCA330AA978500001B22E8EB0000"	"\Divisions\PD\Project Control\124256 - Barber Sub.\McNichols - Fiberglass Grating"
"000000009598E9A20E04F041B38518182890A2D50100A3DF33FCC9BD1644BD14FCA330AA978500001DC8ED910000"	"\Divisions\PD\Project Control\124354 - RR to Barber Eng\Kriz Davis"
"000000009598E9A20E04F041B38518182890A2D50100A3DF33FCC9BD1644BD14FCA330AA9785000018BBAA630000"	"\Divisions\PD\Project Control\125583 - Cimarron Substation\EP2 - Panels"
"000000009598E9A20E04F041B38518182890A2D50100A3DF33FCC9BD1644BD14FCA330AA978500001958E9E40000"	"\Divisions\PD\Project Control\125583 - Cimarron Substation\Pelco - Shrouds"
"000000009598E9A20E04F041B38518182890A2D50100A3DF33FCC9BD1644BD14FCA330AA9785000017FF1C8A0000"	"\Divisions\PD\Project Control\125583 - Cimarron Substation\RFQ - Overhead Conductor"
"000000009598E9A20E04F041B38518182890A2D50100A3DF33FCC9BD1644BD14FCA330AA9785000017FC4CAB0000"	"\Divisions\PD\Project Control\125583 - Cimarron Substation\Subcontractor RFQ's"
"000000009598E9A20E04F041B38518182890A2D50100A3DF33FCC9BD1644BD14FCA330AA97850000188E20060000"	"\Divisions\PD\Project Control\126373 - Harper Sub.\KC Utility"
"000000009598E9A20E04F041B38518182890A2D50100A3DF33FCC9BD1644BD14FCA330AA9785000017FDE8050000"	"\Divisions\PD\Project Control\126374 - Medicine Lodge Sub.\RFQ - Fiber Accessories"
"000000009598E9A20E04F041B38518182890A2D50100A3DF33FCC9BD1644BD14FCA330AA978500001E51F0470000"	"\Divisions\PD\Project Control\126376 - Harper to Flat Ridge\RFQ - Barber to Flatridge T-Line Materials\Graybar"
"000000009598E9A20E04F041B38518182890A2D50100A3DF33FCC9BD1644BD14FCA330AA978500001B585C8C0000"	"\Divisions\PD\Project Control\127541 - Lancer Sub"
"000000009598E9A20E04F041B38518182890A2D50100A3DF33FCC9BD1644BD14FCA330AA9785000018E1BE250000"	"\Divisions\PD\Project Control\128070 - Macho Springs Solar\CT\ABB"
"000000009598E9A20E04F041B38518182890A2D50100A3DF33FCC9BD1644BD14FCA330AA9785000018E154940000"	"\Divisions\PD\Project Control\128070 - Macho Springs Solar\Transformer, 345kV\ABB"
"000000009598E9A20E04F041B38518182890A2D50100A3DF33FCC9BD1644BD14FCA330AA978500001B1FD1710000"	"\Divisions\PD\Project Control\129781 - River Road\JA Wever - Foundations"
"000000009598E9A20E04F041B38518182890A2D50100A3DF33FCC9BD1644BD14FCA330AA978500001B44D1740000"	"\Divisions\PD\Project Control\129781 - River Road\Southern States - Disconnect Switches"
"000000009598E9A20E04F041B38518182890A2D50100A3DF33FCC9BD1644BD14FCA330AA978500001D5C6F3E0000"	"\Divisions\PD\Project Control\130766 - CRS PH2\RFP's"
"000000009598E9A20E04F041B38518182890A2D50100A3DF33FCC9BD1644BD14FCA330AA978500001CD600680000"	"\Divisions\PD\Project Control\130766 - CRS PH2\RFQ's\Substation Steel"
"000000009598E9A20E04F041B38518182890A2D50100A3DF33FCC9BD1644BD14FCA330AA978500001D93A2060000"	"\Divisions\PD\Project Control\132085 - East Hall Sub.\GSI - Soil Boring"
"000000009598E9A20E04F041B38518182890A2D50100A3DF33FCC9BD1644BD14FCA330AA978500001C0E8FC20000"	"\Divisions\PD\Project Control\132085 - East Hall Sub.\RFQ's"
"000000009598E9A20E04F041B38518182890A2D50100A3DF33FCC9BD1644BD14FCA330AA978500001CC098440000"	"\Divisions\PD\Project Control\132085 - East Hall Sub.\RFQ's\Line Tuner"
"000000009598E9A20E04F041B38518182890A2D50100A3DF33FCC9BD1644BD14FCA330AA978500001CC0A9C70000"	"\Divisions\PD\Project Control\132085 - East Hall Sub.\Royal - Disconnect Switch"
"000000009598E9A20E04F041B38518182890A2D50100A3DF33FCC9BD1644BD14FCA330AA978500001DE3AE290000"	"\Divisions\PD\Project Control\133317 - RS Shooflys & Lines\Contract Furnishings - Trailer Furniture"
"000000009598E9A20E04F041B38518182890A2D50100A3DF33FCC9BD1644BD14FCA330AA978500001E3EF7B50000"	"\Divisions\PD\Project Control\133317 - RS Shooflys & Lines\RFQ's\NFD Interchange Materials\HD Supply"
"000000009598E9A20E04F041B38518182890A2D50100A3DF33FCC9BD1644BD14FCA330AA978500001E4E3EAD0000"	"\Divisions\PD\Project Control\133430 - North Fort Dodge\GSI"
"000000009598E9A20E04F041B38518182890A2D50100A3DF33FCC9BD1644BD14FCA330AA978500001DB3B6770000"	"\Divisions\PD\Project Control\133430 - North Fort Dodge\RFQ's\Battery System\Enersys - CBM"
"000000009598E9A20E04F041B38518182890A2D50100A3DF33FCC9BD1644BD14FCA330AA97850000202483930000"	"\Divisions\PD\Project Control\133430 - North Fort Dodge\RFQ's\Control Panels\Gexpro"
"000000009598E9A20E04F041B38518182890A2D50100A3DF33FCC9BD1644BD14FCA330AA978500001DB3C7520000"	"\Divisions\PD\Project Control\133430 - North Fort Dodge\RFQ's\Surge Arresters, 76kV"
"000000009598E9A20E04F041B38518182890A2D50100A3DF33FCC9BD1644BD14FCA330AA978500001F00A6BB0000"	"\Divisions\PD\Project Control\133431 - Fort Dodge Substation"
"000000009598E9A20E04F041B38518182890A2D50100A3DF33FCC9BD1644BD14FCA330AA978500001EDC37480000"	"\Divisions\PD\Project Control\133432 - Spearville Substation\Pinnacle Steel - Steel Structures"
"000000009598E9A20E04F041B38518182890A2D50100A3DF33FCC9BD1644BD14FCA330AA978500001E798F310000"	"\Divisions\PD\Project Control\133432 - Spearville Substation\RFP's\Site Preparation Subcontractor\Amerine"
"000000009598E9A20E04F041B38518182890A2D50100A3DF33FCC9BD1644BD14FCA330AA978500001DCFCBB30000"	"\Divisions\PD\Project Control\133432 - Spearville Substation\RFQ's\345kV Surge Arresters\WUE\Hubbell"
"000000009598E9A20E04F041B38518182890A2D50100A3DF33FCC9BD1644BD14FCA330AA978500001DD3202B0000"	"\Divisions\PD\Project Control\133432 - Spearville Substation\Trench - Line Trap, 115kV"
"000000009598E9A20E04F041B38518182890A2D50100A3DF33FCC9BD1644BD14FCA330AA978500001DB2C3A90000"	"\Divisions\PD\Project Control\133548 - RS-NFD to Spearville 115kV\RFQ's"
"000000009598E9A20E04F041B38518182890A2D50100A3DF33FCC9BD1644BD14FCA330AA978500001DE491250000"	"\Divisions\PD\Project Control\134710 - Cimarron River Sub PH2"
"000000009598E9A20E04F041B38518182890A2D50100A3DF33FCC9BD1644BD14FCA330AA978500001E699BEF0000"	"\Divisions\PD\Project Control\134710 - Cimarron River Sub PH2\HD Supply - 500kcmil Cable (Cable Tray)"
"000000009598E9A20E04F041B38518182890A2D50100A3DF33FCC9BD1644BD14FCA330AA9785000021C08F650000"	"\Divisions\PD\Project Control\134710 - Cimarron River Sub PH2\RFP's\Concrete Testing"
"000000009598E9A20E04F041B38518182890A2D50100A3DF33FCC9BD1644BD14FCA330AA9785000020D829F90000"	"\Divisions\PD\Project Control\134710 - Cimarron River Sub PH2\RFP's\Substation Construction\2015 Scope\Capital Electric"
"000000009598E9A20E04F041B38518182890A2D50100A3DF33FCC9BD1644BD14FCA330AA978500001E2FA9F50000"	"\Divisions\PD\Project Control\134710 - Cimarron River Sub PH2\RFQ's\500kcmil Cable\Kriz Davis"
"000000009598E9A20E04F041B38518182890A2D50100A3DF33FCC9BD1644BD14FCA330AA978500001ED042D70000"	"\Divisions\PD\Project Control\134710 - Cimarron River Sub PH2\RFQ's\CLiP Device\ABB"
"000000009598E9A20E04F041B38518182890A2D50100A3DF33FCC9BD1644BD14FCA330AA978500001EC04E120000"	"\Divisions\PD\Project Control\134710 - Cimarron River Sub PH2\RFQ's\Current Limiting Reactor, Outdoor"
"000000009598E9A20E04F041B38518182890A2D50100A3DF33FCC9BD1644BD14FCA330AA978500001E66971F0000"	"\Divisions\PD\Project Control\134710 - Cimarron River Sub PH2\RFQ's\Misc Substation Materials\Graybar"
"000000009598E9A20E04F041B38518182890A2D50100A3DF33FCC9BD1644BD14FCA330AA978500001ED7E15C0000"	"\Divisions\PD\Project Control\134710 - Cimarron River Sub PH2\RFQ's\OH Line Hardware and Conductor\Graybar"
"000000009598E9A20E04F041B38518182890A2D50100A3DF33FCC9BD1644BD14FCA330AA97850000208C30370000"	"\Divisions\PD\Project Control\134710 - Cimarron River Sub PH2\RFQ's\SCADA & Control\Loose Parts\HD Supply"
"000000009598E9A20E04F041B38518182890A2D50100A3DF33FCC9BD1644BD14FCA330AA9785000021720FE30000"	"\Divisions\PD\Project Control\134710 - Cimarron River Sub PH2\RFQ's\Through-Wall Bushings\KC Utility"
"000000009598E9A20E04F041B38518182890A2D50100F3BCE3A574023B4482F2E427B5A3121800004D8A05FB0000"	"\Divisions\PD\Project Control\134710 - Cimarron River Sub PH2\WUE - OH Hardware and Conductor"
"000000009598E9A20E04F041B38518182890A2D50100A3DF33FCC9BD1644BD14FCA330AA9785000028367CF70000"	"\Divisions\PD\Project Control\135673 - High Point Substation\MEPPI - Circuit Breaker"
"000000009598E9A20E04F041B38518182890A2D50100A3DF33FCC9BD1644BD14FCA330AA9785000026B572370000"	"\Divisions\PD\Project Control\135673 - High Point Substation\RFQ's\Battery System\BAE (Action Battery)"
"000000009598E9A20E04F041B38518182890A2D50100A3DF33FCC9BD1644BD14FCA330AA978500002598F7080000"	"\Divisions\PD\Project Control\135673 - High Point Substation\RFQ's\Control Building\Sabre Industries"
"000000009598E9A20E04F041B38518182890A2D50100A3DF33FCC9BD1644BD14FCA330AA978500002857F3370000"	"\Divisions\PD\Project Control\135673 - High Point Substation\RFQ's\Miscellaneous Material\Cable\WUE"
"000000009598E9A20E04F041B38518182890A2D50100A3DF33FCC9BD1644BD14FCA330AA9785000026A001160000"	"\Divisions\PD\Project Control\135673 - High Point Substation\RFQ's\Surge Arresters"
"000000009598E9A20E04F041B38518182890A2D50100A3DF33FCC9BD1644BD14FCA330AA97850000282D0F0D0000"	"\Divisions\PD\Project Control\136179 - PNM Substation\136342 - St John to Harper SWPPP Closeout\KDHE"
"000000009598E9A20E04F041B38518182890A2D50100A3DF33FCC9BD1644BD14FCA330AA97850000230DD0D30000"	"\Divisions\PD\Project Control\137982 - 2015 Oncor District Scheduling"
"000000009598E9A20E04F041B38518182890A2D5010012225CC57BF01F4EA8CCA87A792FF35F0001A7C15AE70000"	"\Divisions\PD\Project Control\152547 - Oncor 2018 Regional PMO Support"
"000000009598E9A20E04F041B38518182890A2D5010012225CC57BF01F4EA8CCA87A792FF35F00011D8C7A2B0000"	"\Divisions\PD\Project Control\C Weaver test folder"
"000000009598E9A20E04F041B38518182890A2D501006C95E27D1ACA634AA1AADC20796388DD0000003D5D4D0000"	"\Divisions\PD\Project Management Boise"
"000000009598E9A20E04F041B38518182890A2D5010012225CC57BF01F4EA8CCA87A792FF35F00000C4525FC0000"	"\Divisions\PD\Project Management Boise\141527_PECL Design\SCH"
"000000009598E9A20E04F041B38518182890A2D5010012225CC57BF01F4EA8CCA87A792FF35F00003452E68A0000"	"\Divisions\PD\Project Management Boise\142892_PECL Project Management\PER"
"000000009598E9A20E04F041B38518182890A2D5010012225CC57BF01F4EA8CCA87A792FF35F00004480C3360000"	"\Divisions\PD\Project Management Boise\144130_PECL Stations\MAT"
"000000009598E9A20E04F041B38518182890A2D50100A3DF33FCC9BD1644BD14FCA330AA978500002597FE9E0000"	"\Divisions\PD\Project Management Boise\Aaron Boston\00_DMS_Upload"
"000000009598E9A20E04F041B38518182890A2D50100A3DF33FCC9BD1644BD14FCA330AA97850000240E1AF60000"	"\Divisions\PD\Project Management Boise\Aaron Boston\139260 T-38 Livingston Ridge-Potash"
"000000009598E9A20E04F041B38518182890A2D50100A3DF33FCC9BD1644BD14FCA330AA978500002C1204930000"	"\Divisions\PD\Project Management Boise\Aaron Boston\142836 SPS Misc Engrg Support"
"000000009598E9A20E04F041B38518182890A2D50100A3DF33FCC9BD1644BD14FCA330AA978500001A42A9D00000"	"\Divisions\PD\Project Management Boise\John Nerison\130867 IEC/LADWP PSRP EVAL & BNCHMRK"
"000000009598E9A20E04F041B38518182890A2D501006C95E27D1ACA634AA1AADC20796388DD0000006E29B20000"	"\Divisions\PD\Project Management Boise\John Oglevie\113360    CRANE 138 CAP BANK"
"000000009598E9A20E04F041B38518182890A2D501006C95E27D1ACA634AA1AADC20796388DD0000006E29AE0000"	"\Divisions\PD\Project Management Boise\John Oglevie\113848    E WOOSTER INS 69CB&MVARCAP"
"000000009598E9A20E04F041B38518182890A2D501006C95E27D1ACA634AA1AADC20796388DD0000009841BC0000"	"\Divisions\PD\Project Management Boise\John Oglevie\114059    W MILLERSBURG"
"000000009598E9A20E04F041B38518182890A2D50100A3DF33FCC9BD1644BD14FCA330AA9785000019F39DF70000"	"\Divisions\PD\Project Management Boise\John Oglevie\114411    ENERGY GATEWAY WEST\114411_a"
"000000009598E9A20E04F041B38518182890A2D501006C95E27D1ACA634AA1AADC20796388DD00000096F8B20000"	"\Divisions\PD\Project Management Boise\John Oglevie\114808    OKLAUNION RELAY"
"000000009598E9A20E04F041B38518182890A2D501006C95E27D1ACA634AA1AADC20796388DD00000094AD2D0000"	"\Divisions\PD\Project Management Boise\John Oglevie\115441    FAYSVILLE SUB"
"000000009598E9A20E04F041B38518182890A2D50100A3DF33FCC9BD1644BD14FCA330AA9785000019E35F220000"	"\Divisions\PD\Project Management Boise\John Oglevie\116122    HEMINGWAY CM\116122_a"
"000000009598E9A20E04F041B38518182890A2D50100A3DF33FCC9BD1644BD14FCA330AA978500001A03C3C80000"	"\Divisions\PD\Project Management Boise\John Oglevie\119108    SAN JACINTO Pre-2011\119108_a"
"000000009598E9A20E04F041B38518182890A2D50100A3DF33FCC9BD1644BD14FCA330AA978500001A0725690000"	"\Divisions\PD\Project Management Boise\John Oglevie\119108    SAN JACINTO Pre-2011\119108_p"
"000000009598E9A20E04F041B38518182890A2D501006C95E27D1ACA634AA1AADC20796388DD000000F0E1F30000"	"\Divisions\PD\Project Management Boise\John Oglevie\122133    MORELAND SW"
"000000009598E9A20E04F041B38518182890A2D50100CB7D9B6512D7374A860FE542D57703920000011CA6A70000"	"\Divisions\PD\Project Management Boise\John Oglevie\122961   HADDIX ST INST CAP BANK"
"000000009598E9A20E04F041B38518182890A2D50100A3DF33FCC9BD1644BD14FCA330AA978500002787EFBB0000"	"\Divisions\PD\Project Management Boise\Pat Hasenoehrl"
"000000009598E9A20E04F041B38518182890A2D50100572FF007A7D6B64CA96E5CFE8E1CC1A40000005723B30000"	"\Divisions\PD\Project Management Hailey\119186 Wilson Creek Wind Project"
"000000009598E9A20E04F041B38518182890A2D50100572FF007A7D6B64CA96E5CFE8E1CC1A4000000630C190000"	"\Divisions\PD\Project Management Hailey\122119 Laramie Wind Eng Support"
"000000009598E9A20E04F041B38518182890A2D501001953B16A689BCD4AA8FC82955DB27CB1000001E1E3830000"	"\Divisions\PD\Project Management Hailey\124186 OE Energy Gateway South\00 Project Management"
"000000009598E9A20E04F041B38518182890A2D501001953B16A689BCD4AA8FC82955DB27CB1000001E823490000"	"\Divisions\PD\Project Management Hailey\124186 OE Energy Gateway South\00 Project Management\05 Project Meetings"
"000000009598E9A20E04F041B38518182890A2D50100A3DF33FCC9BD1644BD14FCA330AA978500000E6A1BB40000"	"\Divisions\PD\Project Management Hailey\124186 OE Energy Gateway South\00 Project Management\07 Project Manager\GIS_PPM_VIS"
"000000009598E9A20E04F041B38518182890A2D50100A3DF33FCC9BD1644BD14FCA330AA978500000E7EA6540000"	"\Divisions\PD\Project Management Hailey\124186 OE Energy Gateway South\01 Preliminary Tech Requirements\01 T-Line\050607 Aerial Surveys"
"000000009598E9A20E04F041B38518182890A2D501001953B16A689BCD4AA8FC82955DB27CB1000001E1E3890000"	"\Divisions\PD\Project Management Hailey\124186 OE Energy Gateway South\01 Preliminary Tech Requirements\02 Substations"
"000000009598E9A20E04F041B38518182890A2D501001953B16A689BCD4AA8FC82955DB27CB1000001E1E39B0000"	"\Divisions\PD\Project Management Hailey\124186 OE Energy Gateway South\03 Permitting Process Support\03 Alternatives Formulation"
"000000009598E9A20E04F041B38518182890A2D501001953B16A689BCD4AA8FC82955DB27CB1000001F131BF0000"	"\Divisions\PD\Project Management Hailey\124186 OE Energy Gateway South\05 ROW and ROE Support\03 Easement Surveys"
"000000009598E9A20E04F041B38518182890A2D501001953B16A689BCD4AA8FC82955DB27CB10000015F7B5A0000"	"\Divisions\PD\Project Management Hailey\124313 Ridgetop"
"000000009598E9A20E04F041B38518182890A2D50100A3DF33FCC9BD1644BD14FCA330AA978500001766B9180000"	"\Divisions\PD\Project Management Hailey\127598 OT Underground Crossings"
"000000009598E9A20E04F041B38518182890A2D50100A3DF33FCC9BD1644BD14FCA330AA978500001DB6011E0000"	"\Divisions\PD\Project Management Hailey\134272_FLATIRON-GRAHAM"
"000000009598E9A20E04F041B38518182890A2D50100A3DF33FCC9BD1644BD14FCA330AA97850000241738970000"	"\Divisions\PD\Project Management Hailey\139266 - Mojave Wind Farm"
"000000009598E9A20E04F041B38518182890A2D50100A3DF33FCC9BD1644BD14FCA330AA978500002AA942CA0000"	"\Divisions\PD\Project Management Hailey\141819"
"000000009598E9A20E04F041B38518182890A2D5010012225CC57BF01F4EA8CCA87A792FF35F0002CAF427860000"	"\Divisions\PD\Project Management Hailey\148913_115KV BOONE-LA JUNTA REBLD\BD Effort\dups"
"000000009598E9A20E04F041B38518182890A2D5010012225CC57BF01F4EA8CCA87A792FF35F0003BA58E9360000"	"\Divisions\PD\Project Management Hailey\KMP_TLBU\Subject Matter Teams\IDT"
"000000009598E9A20E04F041B38518182890A2D50100A3DF33FCC9BD1644BD14FCA330AA97850000172093B50000"	"\Divisions\PD\Project Management Hailey\VEA\000 VEA General Reference"
"000000009598E9A20E04F041B38518182890A2D50100A3DF33FCC9BD1644BD14FCA330AA978500001996A49B0000"	"\Divisions\PD\Project Management Hailey\VEA\002 Project Closed\127280_Pahrump - Mead Re-Conductor"
"000000009598E9A20E04F041B38518182890A2D50100A3DF33FCC9BD1644BD14FCA330AA978500001DCD736D0000"	"\Divisions\PD\Project Management Hailey\VEA\002 Project Closed\128444_Arc-Flash Hazard Analysis Evaluation"
"000000009598E9A20E04F041B38518182890A2D50100A3DF33FCC9BD1644BD14FCA330AA978500001B5E930B0000"	"\Divisions\PD\Project Management Hailey\VEA\132093_Bob Tap 230kV Line\127619 _Bob Tap\ODIR_Duplicate_Items"
"000000009598E9A20E04F041B38518182890A2D50100E34BFE500669CD49AC2E27C6C54DE39D0000001B9A790000"	"\Divisions\PD\Project Management St. Louis\112260 LS Power GSA\05 Ontelaunee Trans Corridor"
"000000009598E9A20E04F041B38518182890A2D5010012225CC57BF01F4EA8CCA87A792FF35F00006291C9F10000"	"\Divisions\PD\Project Management St. Louis\SALT"
"000000009598E9A20E04F041B38518182890A2D501006C95E27D1ACA634AA1AADC20796388DD000000414C7B0000"	"\Divisions\PD\PTE Houston"
"000000009598E9A20E04F041B38518182890A2D501006C95E27D1ACA634AA1AADC20796388DD000000C6CA8D0000"	"\Divisions\PD\PTE\Anaheim/SD Projects\121024 Halcyon Elec Test/STDY Bonview"
"000000009598E9A20E04F041B38518182890A2D501006C95E27D1ACA634AA1AADC20796388DD000000D086820000"	"\Divisions\PD\PTE\Anaheim/SD Projects\121315 Stars Elec Santana HS"
"000000009598E9A20E04F041B38518182890A2D501006C95E27D1ACA634AA1AADC20796388DD000000E86EB70000"	"\Divisions\PD\PTE\Anaheim/SD Projects\121799 Rock Elec DB Regi/Battalion HQ"
"000000009598E9A20E04F041B38518182890A2D501006C95E27D1ACA634AA1AADC20796388DD000000F1A7740000"	"\Divisions\PD\PTE\Anaheim/SD Projects\122440 UCI OLPD Main Test"
"000000009598E9A20E04F041B38518182890A2D50100CB7D9B6512D7374A860FE542D57703920000011616310000"	"\Divisions\PD\PTE\Anaheim/SD Projects\122816 So. Contracting Eagle Mountain"
"000000009598E9A20E04F041B38518182890A2D50100CB7D9B6512D7374A860FE542D57703920000011E85190000"	"\Divisions\PD\PTE\Anaheim/SD Projects\123267 UCSD E Campus Park Structure"
"000000009598E9A20E04F041B38518182890A2D501001953B16A689BCD4AA8FC82955DB27CB1000000CC2D880000"	"\Divisions\PD\PTE\Anaheim/SD Projects\123658 (SAS) UCSD Lower Marshall Apt"
"000000009598E9A20E04F041B38518182890A2D501001953B16A689BCD4AA8FC82955DB27CB1000000E0F2FE0000"	"\Divisions\PD\PTE\Anaheim/SD Projects\123779 Solar Turb-Circuit Brkr Maint"
"000000009598E9A20E04F041B38518182890A2D501001953B16A689BCD4AA8FC82955DB27CB1000001E6970E0000"	"\Divisions\PD\PTE\Anaheim/SD Projects\124000 (CAL STATE) CENTRAL PLANT SWG "
"000000009598E9A20E04F041B38518182890A2D501001953B16A689BCD4AA8FC82955DB27CB100000165B4CA0000"	"\Divisions\PD\PTE\Anaheim/SD Projects\124277 (DYNA) GOOSENECK LAKE AREA 63 "
"000000009598E9A20E04F041B38518182890A2D501001953B16A689BCD4AA8FC82955DB27CB10000016CE26B0000"	"\Divisions\PD\PTE\Anaheim/SD Projects\124396 (TKL)SOLAR TURBINES LC5 RELAY "
"000000009598E9A20E04F041B38518182890A2D501001953B16A689BCD4AA8FC82955DB27CB1000001CCB9A10000"	"\Divisions\PD\PTE\Anaheim/SD Projects\124660 (SAD) MONTGOMERY HS BLDG #500 "
"000000009598E9A20E04F041B38518182890A2D501001953B16A689BCD4AA8FC82955DB27CB1000001D819760000"	"\Divisions\PD\PTE\Anaheim/SD Projects\124812 (DYNA) SHARP SEISMIC RETRO "
"000000009598E9A20E04F041B38518182890A2D501001953B16A689BCD4AA8FC82955DB27CB1000001F4203E0000"	"\Divisions\PD\PTE\Anaheim/SD Projects\125114 (CIRCLE) HILLSIDE ELEM "
"000000009598E9A20E04F041B38518182890A2D50100A3DF33FCC9BD1644BD14FCA330AA97850000175D75BF0000"	"\Divisions\PD\PTE\Anaheim/SD Projects\125819 OBryant SCE Emerg"
"000000009598E9A20E04F041B38518182890A2D50100A3DF33FCC9BD1644BD14FCA330AA97850000175E3C6C0000"	"\Divisions\PD\PTE\Anaheim/SD Projects\126330 Dyna Thornton Lab Exp"
"000000009598E9A20E04F041B38518182890A2D50100A3DF33FCC9BD1644BD14FCA330AA9785000017603E260000"	"\Divisions\PD\PTE\Anaheim/SD Projects\126742 Baker College of the Desert"
"000000009598E9A20E04F041B38518182890A2D50100A3DF33FCC9BD1644BD14FCA330AA97850000177E477F0000"	"\Divisions\PD\PTE\Anaheim/SD Projects\127062 UCSD MV Trbl Shoot & Repair"
"000000009598E9A20E04F041B38518182890A2D50100A3DF33FCC9BD1644BD14FCA330AA97850000179188220000"	"\Divisions\PD\PTE\Anaheim/SD Projects\127249 CEI The Vermont GFI"
"000000009598E9A20E04F041B38518182890A2D50100A3DF33FCC9BD1644BD14FCA330AA978500001791DB000000"	"\Divisions\PD\PTE\Anaheim/SD Projects\127448 Solar Emerg Callout"
"000000009598E9A20E04F041B38518182890A2D50100A3DF33FCC9BD1644BD14FCA330AA97850000176CFB3A0000"	"\Divisions\PD\PTE\Anaheim/SD Projects\127732 GGUSD Ground Rod Testing"
"000000009598E9A20E04F041B38518182890A2D50100A3DF33FCC9BD1644BD14FCA330AA97850000177B5B7D0000"	"\Divisions\PD\PTE\Anaheim/SD Projects\127919 Grossmont HS Phase 1B"
"000000009598E9A20E04F041B38518182890A2D50100A3DF33FCC9BD1644BD14FCA330AA9785000017DBE1BC0000"	"\Divisions\PD\PTE\Anaheim/SD Projects\128119 ARB IID Relay Testing"
"000000009598E9A20E04F041B38518182890A2D50100A3DF33FCC9BD1644BD14FCA330AA97850000180362540000"	"\Divisions\PD\PTE\Anaheim/SD Projects\128310 CSUSM 12kV Switchgear"
"000000009598E9A20E04F041B38518182890A2D50100A3DF33FCC9BD1644BD14FCA330AA978500001853CE060000"	"\Divisions\PD\PTE\Anaheim/SD Projects\128474 OSO Creek WTP Harmonics"
"000000009598E9A20E04F041B38518182890A2D50100A3DF33FCC9BD1644BD14FCA330AA9785000018AD7A0A0000"	"\Divisions\PD\PTE\Anaheim/SD Projects\128775 3HSB Repairs"
"000000009598E9A20E04F041B38518182890A2D50100A3DF33FCC9BD1644BD14FCA330AA9785000018C7EFB90000"	"\Divisions\PD\PTE\Anaheim/SD Projects\128990 Emerald Plaza 2012"
"000000009598E9A20E04F041B38518182890A2D50100A3DF33FCC9BD1644BD14FCA330AA9785000018E649540000"	"\Divisions\PD\PTE\Anaheim/SD Projects\129191 Quality of Life P114 Parking Garage"
"000000009598E9A20E04F041B38518182890A2D50100A3DF33FCC9BD1644BD14FCA330AA97850000194D48340000"	"\Divisions\PD\PTE\Anaheim/SD Projects\129420 Montgomery Middle School"
"000000009598E9A20E04F041B38518182890A2D50100A3DF33FCC9BD1644BD14FCA330AA978500001988FF420000"	"\Divisions\PD\PTE\Anaheim/SD Projects\129775 Amistad Wilson HS"
"000000009598E9A20E04F041B38518182890A2D50100A3DF33FCC9BD1644BD14FCA330AA97850000199505390000"	"\Divisions\PD\PTE\Anaheim/SD Projects\129934 (PTE) El Dorado Perf Arts"
"000000009598E9A20E04F041B38518182890A2D50100A3DF33FCC9BD1644BD14FCA330AA9785000019E329EF0000"	"\Divisions\PD\PTE\Anaheim/SD Projects\130531 Garden Park ES"
"000000009598E9A20E04F041B38518182890A2D50100A3DF33FCC9BD1644BD14FCA330AA978500001ADAADF20000"	"\Divisions\PD\PTE\Anaheim/SD Projects\130902 Helix Edison Language Academy"
"000000009598E9A20E04F041B38518182890A2D50100A3DF33FCC9BD1644BD14FCA330AA978500001B812D9D0000"	"\Divisions\PD\PTE\Anaheim/SD Projects\131390 Olivenhain (PTE)"
"000000009598E9A20E04F041B38518182890A2D50100A3DF33FCC9BD1644BD14FCA330AA978500001B7D08FB0000"	"\Divisions\PD\PTE\Anaheim/SD Projects\131708 GE Troubleshoot 2013"
"000000009598E9A20E04F041B38518182890A2D50100A3DF33FCC9BD1644BD14FCA330AA978500001B7B39E40000"	"\Divisions\PD\PTE\Anaheim/SD Projects\131937 Washington High School Ground Test"
"000000009598E9A20E04F041B38518182890A2D50100A3DF33FCC9BD1644BD14FCA330AA978500001B6B0E380000"	"\Divisions\PD\PTE\Anaheim/SD Projects\132192 SD Airport IR Scan & LR"
"000000009598E9A20E04F041B38518182890A2D50100A3DF33FCC9BD1644BD14FCA330AA978500001B7727A30000"	"\Divisions\PD\PTE\Anaheim/SD Projects\132446 Sprint Irvine Switchgear Replacement"
"000000009598E9A20E04F041B38518182890A2D50100A3DF33FCC9BD1644BD14FCA330AA978500001BF9CF270000"	"\Divisions\PD\PTE\Anaheim/SD Projects\132799 Menifee Plant Harmonics"
"000000009598E9A20E04F041B38518182890A2D501006C95E27D1ACA634AA1AADC20796388DD000000834FBA0000"	"\Divisions\PD\PTE\Atlanta Projects\118491 WG Elec GBA-170A UTLY Tunnel"
"000000009598E9A20E04F041B38518182890A2D50100572FF007A7D6B64CA96E5CFE8E1CC1A40000001DDCA70000"	"\Divisions\PD\SAS\00 PSSE Calendar"
"000000009598E9A20E04F041B38518182890A2D5010012225CC57BF01F4EA8CCA87A792FF35F0006D3DB673A0000"	"\Divisions\PD\SAS\00_PSCAD License Use Calendar\PSCAD"
"000000009598E9A20E04F041B38518182890A2D501006C95E27D1ACA634AA1AADC20796388DD00000066EA4A0000"	"\Divisions\PD\SAS\00_Software (Keys & Pricing)\CDEGS"
"000000009598E9A20E04F041B38518182890A2D50100A3DF33FCC9BD1644BD14FCA330AA9785000029A6226E0000"	"\Divisions\PD\SAS\000000 SAS Project Misc\ONCOR GIR 100029.17"
"000000009598E9A20E04F041B38518182890A2D50100A3DF33FCC9BD1644BD14FCA330AA978500001A9FE9860000"	"\Divisions\PD\SAS\AEP Projects Grounding\131157 GFT-138kV Glasgow Rbld"
"000000009598E9A20E04F041B38518182890A2D501006C95E27D1ACA634AA1AADC20796388DD0000002692160000"	"\Divisions\PD\SAS\LEWISTON PROJECTS\SPS-Active\Active Projects\ESC\Anadarko"
"000000009598E9A20E04F041B38518182890A2D501006C95E27D1ACA634AA1AADC20796388DD0000002692250000"	"\Divisions\PD\SAS\LEWISTON PROJECTS\SPS-Active\Active Projects\Grant County PUD\T&D\Rocky Ford Autobank"
"000000009598E9A20E04F041B38518182890A2D501006C95E27D1ACA634AA1AADC20796388DD0000002692360000"	"\Divisions\PD\SAS\LEWISTON PROJECTS\SPS-Active\Active Projects\Magic Valley\Satellite Clock"
"000000009598E9A20E04F041B38518182890A2D501006C95E27D1ACA634AA1AADC20796388DD0000002692450000"	"\Divisions\PD\SAS\LEWISTON PROJECTS\SPS-Active\Active Projects\PowerTech Engineering\Coors - Elkton"
"000000009598E9A20E04F041B38518182890A2D501001296C725372D7F4B86B758A22EA3141B00000057B7B00000"	"\Divisions\PD\SAS\LEWISTON PROJECTS\West ID"
"000000009598E9A20E04F041B38518182890A2D50100A3DF33FCC9BD1644BD14FCA330AA9785000017FDFC100000"	"\Divisions\PD\SAS\Pacific Valley Solar\Bullard"
"000000009598E9A20E04F041B38518182890A2D50100A3DF33FCC9BD1644BD14FCA330AA9785000017FEB14A0000"	"\Divisions\PD\SAS\Pacific Valley Solar\Trina Solar\Placer"
"000000009598E9A20E04F041B38518182890A2D501001296C725372D7F4B86B758A22EA3141B0000006ED7F80000"	"\Divisions\PD\SAS\xxxxxx_Enbridge_Jon Leman"
"000000009598E9A20E04F041B38518182890A2D50100A3DF33FCC9BD1644BD14FCA330AA978500002195D5E00000"	"\Divisions\PD\Substation Anaheim\137398 RPU Line Relay and SAS Upgrade"
"000000009598E9A20E04F041B38518182890A2D50100A3DF33FCC9BD1644BD14FCA330AA9785000025288D2D0000"	"\Divisions\PD\Substation Anaheim\139569 PGE Discovery Sub P&C Revision"
"000000009598E9A20E04F041B38518182890A2D50100A3DF33FCC9BD1644BD14FCA330AA97850000278E592A0000"	"\Divisions\PD\Substation Anaheim\140715 SCE SA-3 Lessons Learned"
"000000009598E9A20E04F041B38518182890A2D5010012225CC57BF01F4EA8CCA87A792FF35F000075E8E1490000"	"\Divisions\PD\Substation Anaheim\144379 Oncor Graham Plant 345 CB Replace"
"000000009598E9A20E04F041B38518182890A2D5010012225CC57BF01F4EA8CCA87A792FF35F0001AD49BE0F0000"	"\Divisions\PD\Substation Anaheim\152504 EDDY SUBSTATION DG"
"000000009598E9A20E04F041B38518182890A2D501001953B16A689BCD4AA8FC82955DB27CB1000001E8238C0000"	"\Divisions\PD\Substation Ann Arbor\121663"
"000000009598E9A20E04F041B38518182890A2D50100A3DF33FCC9BD1644BD14FCA330AA97850000177186E40000"	"\Divisions\PD\Substation Ann Arbor\127733"
"000000009598E9A20E04F041B38518182890A2D50100A3DF33FCC9BD1644BD14FCA330AA978500001F2A81100000"	"\Divisions\PD\Substation Ann Arbor\135914 Valley PVID 40803"
"000000009598E9A20E04F041B38518182890A2D50100A3DF33FCC9BD1644BD14FCA330AA97850000227A2A9C0000"	"\Divisions\PD\Substation Ann Arbor\138372 - Woodstock Intel SS"
"000000009598E9A20E04F041B38518182890A2D50100A3DF33FCC9BD1644BD14FCA330AA978500002675DE800000"	"\Divisions\PD\Substation Ann Arbor\140302- AEP N Haverhill SW P12104030"
"000000009598E9A20E04F041B38518182890A2D5010012225CC57BF01F4EA8CCA87A792FF35F0000057480030000"	"\Divisions\PD\Substation Ann Arbor\143368 - AEP June Road P15050002"
"000000009598E9A20E04F041B38518182890A2D5010012225CC57BF01F4EA8CCA87A792FF35F00008066B5350000"	"\Divisions\PD\Substation Ann Arbor\145188 - N Haverhill Metering P12104035"
"000000009598E9A20E04F041B38518182890A2D5010012225CC57BF01F4EA8CCA87A792FF35F0000C13B89DD0000"	"\Divisions\PD\Substation Ann Arbor\146538"
"000000009598E9A20E04F041B38518182890A2D5010012225CC57BF01F4EA8CCA87A792FF35F00013250E0370000"	"\Divisions\PD\Substation Ann Arbor\149120"
"000000009598E9A20E04F041B38518182890A2D50100A3DF33FCC9BD1644BD14FCA330AA97850000211A39BC0000"	"\Divisions\PD\Substation Ann Arbor\AEP"
"000000009598E9A20E04F041B38518182890A2D50100A3DF33FCC9BD1644BD14FCA330AA978500001DA714AB0000"	"\Divisions\PD\Substation Ann Arbor\Proposals\121650 PCAP"
"000000009598E9A20E04F041B38518182890A2D50100A3DF33FCC9BD1644BD14FCA330AA97850000277D03980000"	"\Divisions\PD\Substation Atlanta\00_DMS UPLOAD\123538_Valois\NYSEG Trips"
"000000009598E9A20E04F041B38518182890A2D5010012225CC57BF01F4EA8CCA87A792FF35F0005D8F542D20000"	"\Divisions\PD\Substation Atlanta\0238457_Plano Shiloh Rd Sub-DA"
"000000009598E9A20E04F041B38518182890A2D5010012225CC57BF01F4EA8CCA87A792FF35F00062A618B650000"	"\Divisions\PD\Substation Atlanta\0241497_0000_McGregor hercules Sub: Staton Demolition"
"000000009598E9A20E04F041B38518182890A2D5010012225CC57BF01F4EA8CCA87A792FF35F000657EE53110000"	"\Divisions\PD\Substation Atlanta\0243184_0000_ATL Groesbeck Sub: Modify Marlin Switch 51015"
"000000009598E9A20E04F041B38518182890A2D5010012225CC57BF01F4EA8CCA87A792FF35F0006B39BD2E90000"	"\Divisions\PD\Substation Atlanta\0246306_0000_APC - Parkwest DS P&C"
"000000009598E9A20E04F041B38518182890A2D5010012225CC57BF01F4EA8CCA87A792FF35F0006CB2141D80000"	"\Divisions\PD\Substation Atlanta\0247176_0000_GPC - Thomasville P&C"
"000000009598E9A20E04F041B38518182890A2D5010012225CC57BF01F4EA8CCA87A792FF35F000710DDE4800000"	"\Divisions\PD\Substation Atlanta\0249626_0000_ATL Long Lake UF Sub 53907"
"000000009598E9A20E04F041B38518182890A2D5010012225CC57BF01F4EA8CCA87A792FF35F00072F1FD0DC0000"	"\Divisions\PD\Substation Atlanta\0250864_0000_ATL Simpson Stuart UF Sub 54185"
"000000009598E9A20E04F041B38518182890A2D5010012225CC57BF01F4EA8CCA87A792FF35F000754ADB86F0000"	"\Divisions\PD\Substation Atlanta\0251991_0000_ATL Stephenville Switch 54841"
"000000009598E9A20E04F041B38518182890A2D5010012225CC57BF01F4EA8CCA87A792FF35F00077962714B0000"	"\Divisions\PD\Substation Atlanta\0253138_0000_GPC - Philema Road - Physical"
"000000009598E9A20E04F041B38518182890A2D5010012225CC57BF01F4EA8CCA87A792FF35F0007AA8495F30000"	"\Divisions\PD\Substation Atlanta\0254812_0000_APC - Halls Mill Road DS P&C"
"000000009598E9A20E04F041B38518182890A2D5010012225CC57BF01F4EA8CCA87A792FF35F0007D2B916510000"	"\Divisions\PD\Substation Atlanta\0255946_0000_GPC - FC - Salem Gate DS P&C"
"000000009598E9A20E04F041B38518182890A2D50100E34BFE500669CD49AC2E27C6C54DE39D000000146F3C0000"	"\Divisions\PD\Substation Atlanta\113015_Elm Creek Substation\As built"
"000000009598E9A20E04F041B38518182890A2D50100E34BFE500669CD49AC2E27C6C54DE39D000000171D020000"	"\Divisions\PD\Substation Atlanta\113015_Elm Creek Substation\Equipment\Line Trap"
"000000009598E9A20E04F041B38518182890A2D50100E34BFE500669CD49AC2E27C6C54DE39D0000000659180000"	"\Divisions\PD\Substation Atlanta\113015_Elm Creek Substation\Work scope variance wsv 02"
"000000009598E9A20E04F041B38518182890A2D50100A3DF33FCC9BD1644BD14FCA330AA978500002AB718DD0000"	"\Divisions\PD\Substation Atlanta\113513_Sherman Rd Sub 345kV Equip Upgrades\In ProjectWise"
"000000009598E9A20E04F041B38518182890A2D50100E34BFE500669CD49AC2E27C6C54DE39D0000003149530000"	"\Divisions\PD\Substation Atlanta\114320_Anadarko Phase 2\William Hawkins"
"000000009598E9A20E04F041B38518182890A2D50100E34BFE500669CD49AC2E27C6C54DE39D0000002260FE0000"	"\Divisions\PD\Substation Atlanta\116139_Round Rock Dist Auto\Visual Analysis\115433"
"000000009598E9A20E04F041B38518182890A2D50100E34BFE500669CD49AC2E27C6C54DE39D0000002A34DF0000"	"\Divisions\PD\Substation Atlanta\117613 South Columbus"
"000000009598E9A20E04F041B38518182890A2D50100E34BFE500669CD49AC2E27C6C54DE39D0000004594960000"	"\Divisions\PD\Substation Atlanta\123097_PEF EPC"
"000000009598E9A20E04F041B38518182890A2D50100A3DF33FCC9BD1644BD14FCA330AA97850000171B46F20000"	"\Divisions\PD\Substation Atlanta\123097.37_PEF_International_Drive\123097.30_PEF_Groveland"
"000000009598E9A20E04F041B38518182890A2D50100A3DF33FCC9BD1644BD14FCA330AA978500001738AAC80000"	"\Divisions\PD\Substation Atlanta\123979_Sunflower Barber Substation\Arresters"
"000000009598E9A20E04F041B38518182890A2D50100A3DF33FCC9BD1644BD14FCA330AA9785000015E8EEBB0000"	"\Divisions\PD\Substation Atlanta\123979_Sunflower Barber Substation\Fault Currents"
"000000009598E9A20E04F041B38518182890A2D50100A3DF33FCC9BD1644BD14FCA330AA978500001738D6A00000"	"\Divisions\PD\Substation Atlanta\123979_Sunflower Barber Substation\PT"
"000000009598E9A20E04F041B38518182890A2D501001953B16A689BCD4AA8FC82955DB27CB10000014A5DA70000"	"\Divisions\PD\Substation Atlanta\124168_Trinity 138KV Sub DBL"
"000000009598E9A20E04F041B38518182890A2D50100A3DF33FCC9BD1644BD14FCA330AA978500000EB5F5460000"	"\Divisions\PD\Substation Atlanta\125583_Sunflower Cimarron\Drawings Standards and Requests\Drawing Requests"
"000000009598E9A20E04F041B38518182890A2D50100A3DF33FCC9BD1644BD14FCA330AA9785000016CF65FC0000"	"\Divisions\PD\Substation Atlanta\125583_Sunflower Cimarron\Equipment\Current Limiter and Reactor Information"
"000000009598E9A20E04F041B38518182890A2D50100A3DF33FCC9BD1644BD14FCA330AA9785000018C731650000"	"\Divisions\PD\Substation Atlanta\125583_Sunflower Cimarron\Equipment\Switchgear\Termination Cabinet"
"000000009598E9A20E04F041B38518182890A2D50100A3DF33FCC9BD1644BD14FCA330AA978500001759D0760000"	"\Divisions\PD\Substation Atlanta\125583_Sunflower Cimarron\Project Management\Action Item List"
"000000009598E9A20E04F041B38518182890A2D50100A3DF33FCC9BD1644BD14FCA330AA9785000017438B960000"	"\Divisions\PD\Substation Atlanta\125583_Sunflower Cimarron\SUBSTATION CONTROL AND SAS\One Lines issued for review"
"000000009598E9A20E04F041B38518182890A2D50100A3DF33FCC9BD1644BD14FCA330AA978500001845AFAB0000"	"\Divisions\PD\Substation Atlanta\125583_Sunflower Cimarron\SUBSTATION PHYSICAL \Coordination with Electrical"
"000000009598E9A20E04F041B38518182890A2D50100A3DF33FCC9BD1644BD14FCA330AA9785000016CA21080000"	"\Divisions\PD\Substation Atlanta\126407_Atl Whitehouse 138kV Sub Line"
"000000009598E9A20E04F041B38518182890A2D50100A3DF33FCC9BD1644BD14FCA330AA978500001CD3AEEE0000"	"\Divisions\PD\Substation Atlanta\132085_East Hall and Plainville\Transformers"
"000000009598E9A20E04F041B38518182890A2D50100A3DF33FCC9BD1644BD14FCA330AA978500002ABF8CC80000"	"\Divisions\PD\Substation Atlanta\133432_Spearville 345kV\Battery\In ProjectWise"
"000000009598E9A20E04F041B38518182890A2D50100A3DF33FCC9BD1644BD14FCA330AA978500001D64C6A80000"	"\Divisions\PD\Substation Atlanta\133432_Spearville 345kV\Grading TOC"
"000000009598E9A20E04F041B38518182890A2D50100A3DF33FCC9BD1644BD14FCA330AA978500001EE419A00000"	"\Divisions\PD\Substation Atlanta\133432_Spearville 345kV\Switches"
"000000009598E9A20E04F041B38518182890A2D50100A3DF33FCC9BD1644BD14FCA330AA978500001EEDAA590000"	"\Divisions\PD\Substation Atlanta\135515_ATL TYLER STATION:69 TERM UPG"
"000000009598E9A20E04F041B38518182890A2D50100A3DF33FCC9BD1644BD14FCA330AA978500002B6156780000"	"\Divisions\PD\Substation Atlanta\138705_Troup LTU\In ProjectWise"
"000000009598E9A20E04F041B38518182890A2D50100A3DF33FCC9BD1644BD14FCA330AA97850000242AEA130000"	"\Divisions\PD\Substation Atlanta\139354_ATL TYLER NW TERM & FIBER"
"000000009598E9A20E04F041B38518182890A2D5010012225CC57BF01F4EA8CCA87A792FF35F000162F5FF9D0000"	"\Divisions\PD\Substation Atlanta\139848_ATL BUCKHORN 345 SWTCH\In ProjectWise\Conceptual Design"
"000000009598E9A20E04F041B38518182890A2D50100A3DF33FCC9BD1644BD14FCA330AA9785000026270C780000"	"\Divisions\PD\Substation Atlanta\139848_ATL BUCKHORN 345 SWTCH\RFI"
"000000009598E9A20E04F041B38518182890A2D50100A3DF33FCC9BD1644BD14FCA330AA978500002C11B58F0000"	"\Divisions\PD\Substation Atlanta\140572_SUNFLOWER SPEARVILLE RPLC CB SV188\Design Criteria"
"000000009598E9A20E04F041B38518182890A2D50100A3DF33FCC9BD1644BD14FCA330AA9785000028CE53E30000"	"\Divisions\PD\Substation Atlanta\140572_SUNFLOWER SPEARVILLE RPLC CB SV188\Project Management\Contract"
"000000009598E9A20E04F041B38518182890A2D50100A3DF33FCC9BD1644BD14FCA330AA9785000028CE5BF80000"	"\Divisions\PD\Substation Atlanta\140572_SUNFLOWER SPEARVILLE RPLC CB SV188\Scoping\Scope of Work"
"000000009598E9A20E04F041B38518182890A2D50100A3DF33FCC9BD1644BD14FCA330AA978500002A9F88920000"	"\Divisions\PD\Substation Atlanta\141829_ATL DALWORTH SUB 138 TERM UPG"
"000000009598E9A20E04F041B38518182890A2D5010012225CC57BF01F4EA8CCA87A792FF35F00005187CB8C0000"	"\Divisions\PD\Substation Atlanta\144500_MEAG-SYLVANIA #2"
"000000009598E9A20E04F041B38518182890A2D5010012225CC57BF01F4EA8CCA87A792FF35F0000CDE323B80000"	"\Divisions\PD\Substation Atlanta\146746_ATL MTN CREEK-SYS PRT UPG"
"000000009598E9A20E04F041B38518182890A2D5010012225CC57BF01F4EA8CCA87A792FF35F0001826BBE8F0000"	"\Divisions\PD\Substation Atlanta\151227_ATL TROUP MAIN SUB DA"
"000000009598E9A20E04F041B38518182890A2D5010012225CC57BF01F4EA8CCA87A792FF35F0001DB639B0C0000"	"\Divisions\PD\Substation Atlanta\152616_SPV 345KV Yard"
"000000009598E9A20E04F041B38518182890A2D5010012225CC57BF01F4EA8CCA87A792FF35F0001FDB461B70000"	"\Divisions\PD\Substation Atlanta\154176_ATL_TYLER CONVERT"
"000000009598E9A20E04F041B38518182890A2D5010012225CC57BF01F4EA8CCA87A792FF35F00028774B2590000"	"\Divisions\PD\Substation Atlanta\156385_LONESTAR 19 NAVARRO"
"000000009598E9A20E04F041B38518182890A2D5010012225CC57BF01F4EA8CCA87A792FF35F0002ADAF348D0000"	"\Divisions\PD\Substation Atlanta\158154_ANDRSN RNCH POIINSTL SL M"
"000000009598E9A20E04F041B38518182890A2D5010012225CC57BF01F4EA8CCA87A792FF35F000374DB913A0000"	"\Divisions\PD\Substation Atlanta\162999_Midkiff Upgrade"
"000000009598E9A20E04F041B38518182890A2D5010012225CC57BF01F4EA8CCA87A792FF35F0005531687830000"	"\Divisions\PD\Substation Atlanta\177795_ALBANY #3 TRANSFORMER BANK"
"000000009598E9A20E04F041B38518182890A2D5010012225CC57BF01F4EA8CCA87A792FF35F00059BB7D17A0000"	"\Divisions\PD\Substation Atlanta\180281_ATL Killeen Clear Crk DA 48892"
"000000009598E9A20E04F041B38518182890A2D501001296C725372D7F4B86B758A22EA3141B00000058D6CB0000"	"\Divisions\PD\Substation Atlanta\AEP-Proceedures"
"000000009598E9A20E04F041B38518182890A2D50100E34BFE500669CD49AC2E27C6C54DE39D00000034994F0000"	"\Divisions\PD\Substation Atlanta\Lisa_Temp\Attention"
"000000009598E9A20E04F041B38518182890A2D50100E34BFE500669CD49AC2E27C6C54DE39D0000002840FB0000"	"\Divisions\PD\Substation Atlanta\NEEWS-Material Inspections\Sefcor"
"000000009598E9A20E04F041B38518182890A2D50100E34BFE500669CD49AC2E27C6C54DE39D0000002260E80000"	"\Divisions\PD\Substation Atlanta\Oncor-2010-Scoping\118124_Round Rock NE R406"
"000000009598E9A20E04F041B38518182890A2D50100E34BFE500669CD49AC2E27C6C54DE39D00000022617B0000"	"\Divisions\PD\Substation Atlanta\ONCOR-Project Listings\2009 Project Lists"
"000000009598E9A20E04F041B38518182890A2D50100A3DF33FCC9BD1644BD14FCA330AA97850000259ABB560000"	"\Divisions\PD\Substation Atlanta\PPL EU Conceptual Design"
"000000009598E9A20E04F041B38518182890A2D50100A3DF33FCC9BD1644BD14FCA330AA978500001720609B0000"	"\Divisions\PD\Substation Atlanta\Progress Energy\Reviews for other stations\Lake Wales"
"000000009598E9A20E04F041B38518182890A2D50100E34BFE500669CD49AC2E27C6C54DE39D00000024937A0000"	"\Divisions\PD\Substation Atlanta\Proposals\2009\117141_Southern_Co-Cleveland_NC"
"000000009598E9A20E04F041B38518182890A2D50100E34BFE500669CD49AC2E27C6C54DE39D0000003498F80000"	"\Divisions\PD\Substation Atlanta\Proposals\2010\120731 AccionaEnergy-Cedar Co"
"000000009598E9A20E04F041B38518182890A2D50100E34BFE500669CD49AC2E27C6C54DE39D00000043102A0000"	"\Divisions\PD\Substation Atlanta\Proposals\2011\121629_Iberdrola-NYSEG-Rochester_Scoping"
"000000009598E9A20E04F041B38518182890A2D50100E34BFE500669CD49AC2E27C6C54DE39D0000004084330000"	"\Divisions\PD\Substation Atlanta\Proposals\2011\PJM Liberty"
"000000009598E9A20E04F041B38518182890A2D501001296C725372D7F4B86B758A22EA3141B000000674F880000"	"\Divisions\PD\Substation Atlanta\Proposals\BREMC-Beaver Creek Sub"
"000000009598E9A20E04F041B38518182890A2D50100E34BFE500669CD49AC2E27C6C54DE39D0000002A35220000"	"\Divisions\PD\Substation Atlanta\Proposals\Pure Energy-Bayonne Energy Ctr\Southlake"
"000000009598E9A20E04F041B38518182890A2D50100A3DF33FCC9BD1644BD14FCA330AA9785000016E84B000000"	"\Divisions\PD\Substation Atlanta\Substation Benbrook\00 Closed Projects"
"000000009598E9A20E04F041B38518182890A2D501001296C725372D7F4B86B758A22EA3141B0000004CB5320000"	"\Divisions\PD\Substation Atlanta\TXU-Material Status Reports"
"000000009598E9A20E04F041B38518182890A2D50100CB7D9B6512D7374A860FE542D57703920000011A537C0000"	"\Divisions\PD\Substation Billings\_BD\121639.002_NVE_Osceola_Sub_RTP"
"000000009598E9A20E04F041B38518182890A2D50100572FF007A7D6B64CA96E5CFE8E1CC1A40000005D345D0000"	"\Divisions\PD\Substation Billings\_BD\Microwave Path Study SOW"
"000000009598E9A20E04F041B38518182890A2D50100A3DF33FCC9BD1644BD14FCA330AA97850000267871420000"	"\Divisions\PD\Substation Boise\140229  AEP NEWCOMERS SGR CR TRM"
"000000009598E9A20E04F041B38518182890A2D5010012225CC57BF01F4EA8CCA87A792FF35F000207D44ED20000"	"\Divisions\PD\Substation Boise\143372  USG SITE COMMERCIAL POWER DESIGN"
"000000009598E9A20E04F041B38518182890A2D5010012225CC57BF01F4EA8CCA87A792FF35F0000C13B89DF0000"	"\Divisions\PD\Substation Boise\146514  ONCOR REBLD NORTHAVEN SWITCH"
"000000009598E9A20E04F041B38518182890A2D5010012225CC57BF01F4EA8CCA87A792FF35F0001153529BF0000"	"\Divisions\PD\Substation Boise\148415  AEP NE CANTON DIST P15117005"
"000000009598E9A20E04F041B38518182890A2D5010012225CC57BF01F4EA8CCA87A792FF35F00014E5CAF1B0000"	"\Divisions\PD\Substation Boise\149507  ONCOR MIDLAND WEST DA PIP3115"
"000000009598E9A20E04F041B38518182890A2D5010012225CC57BF01F4EA8CCA87A792FF35F00017A797F560000"	"\Divisions\PD\Substation Boise\150925  ONCOR PALESTINE SOUTH DA"
"000000009598E9A20E04F041B38518182890A2D5010012225CC57BF01F4EA8CCA87A792FF35F00019C5891610000"	"\Divisions\PD\Substation Boise\151811  ONCOR PARKER MAXWELL CREEK DA 4701"
"000000009598E9A20E04F041B38518182890A2D5010012225CC57BF01F4EA8CCA87A792FF35F0001E6DB39740000"	"\Divisions\PD\Substation Boise\153792  ONCOR BURLESON DIST"
"000000009598E9A20E04F041B38518182890A2D5010012225CC57BF01F4EA8CCA87A792FF35F000265C855290000"	"\Divisions\PD\Substation Boise\154594  ONCOR BLACKWATER"
"000000009598E9A20E04F041B38518182890A2D5010012225CC57BF01F4EA8CCA87A792FF35F000235B0E04E0000"	"\Divisions\PD\Substation Boise\155289  ONCOR DALLAS-ABRAMS ROAD DA"
"000000009598E9A20E04F041B38518182890A2D5010012225CC57BF01F4EA8CCA87A792FF35F0000D41ABFCF0000"	"\Divisions\PD\Substation Boston\Substation Calendar - Boston"
"000000009598E9A20E04F041B38518182890A2D501006C95E27D1ACA634AA1AADC20796388DD0000007B3F030000"	"\Divisions\PD\Substation Denver\115339 CEATI"
"000000009598E9A20E04F041B38518182890A2D501006C95E27D1ACA634AA1AADC20796388DD00000093E83A0000"	"\Divisions\PD\Substation Denver\116945 St. George- Red Butte\Field inspections"
"000000009598E9A20E04F041B38518182890A2D501006C95E27D1ACA634AA1AADC20796388DD0000008253DE0000"	"\Divisions\PD\Substation Denver\118638 Red Mesa Phase I"
"000000009598E9A20E04F041B38518182890A2D501006C95E27D1ACA634AA1AADC20796388DD000000B9C8660000"	"\Divisions\PD\Substation Denver\120263 Elliot Park"
"000000009598E9A20E04F041B38518182890A2D50100CB7D9B6512D7374A860FE542D577039200000115E3780000"	"\Divisions\PD\Substation Denver\122039 Arapahoe Relay"
"000000009598E9A20E04F041B38518182890A2D50100CB7D9B6512D7374A860FE542D57703920000012167060000"	"\Divisions\PD\Substation Denver\123078 Country Club"
"000000009598E9A20E04F041B38518182890A2D501001953B16A689BCD4AA8FC82955DB27CB100000151662C0000"	"\Divisions\PD\Substation Denver\124084 Line 0953 OPGW Terminations"
"000000009598E9A20E04F041B38518182890A2D501001953B16A689BCD4AA8FC82955DB27CB1000001E335C10000"	"\Divisions\PD\Substation Denver\124933 Split Rock - J183 Metering"
"000000009598E9A20E04F041B38518182890A2D50100A3DF33FCC9BD1644BD14FCA330AA978500000EB507830000"	"\Divisions\PD\Substation Denver\125765 Burbank BWP Battery Sizing Proposal"
"000000009598E9A20E04F041B38518182890A2D50100A3DF33FCC9BD1644BD14FCA330AA9785000016FBD8F30000"	"\Divisions\PD\Substation Denver\126588 CUSTOMER SUB CITY OF BURBANK"
"000000009598E9A20E04F041B38518182890A2D50100A3DF33FCC9BD1644BD14FCA330AA97850000175C2EE90000"	"\Divisions\PD\Substation Denver\127481 BLACK DOG REPLACE DFR"
"000000009598E9A20E04F041B38518182890A2D50100A3DF33FCC9BD1644BD14FCA330AA9785000017EDBB320000"	"\Divisions\PD\Substation Denver\128201 Jewell LCU Replacement"
"000000009598E9A20E04F041B38518182890A2D50100F3BCE3A574023B4482F2E427B5A3121800004EB4719D0000"	"\Divisions\PD\Substation Denver\128998 Curry"
"000000009598E9A20E04F041B38518182890A2D50100A3DF33FCC9BD1644BD14FCA330AA9785000019A3F4450000"	"\Divisions\PD\Substation Denver\130216 WOBEGON TRAIL NEW SUBSTATION"
"000000009598E9A20E04F041B38518182890A2D50100A3DF33FCC9BD1644BD14FCA330AA978500001BE0B5140000"	"\Divisions\PD\Substation Denver\132072 New Distribution Sub"
"000000009598E9A20E04F041B38518182890A2D50100A3DF33FCC9BD1644BD14FCA330AA97850000211E90C10000"	"\Divisions\PD\Substation Denver\132879 Hatton"
"000000009598E9A20E04F041B38518182890A2D50100A3DF33FCC9BD1644BD14FCA330AA978500001DC517A60000"	"\Divisions\PD\Substation Denver\133564"
"000000009598E9A20E04F041B38518182890A2D50100A3DF33FCC9BD1644BD14FCA330AA978500001F1C35C90000"	"\Divisions\PD\Substation Denver\135209 Tesoro"
"000000009598E9A20E04F041B38518182890A2D50100A3DF33FCC9BD1644BD14FCA330AA978500001F904D370000"	"\Divisions\PD\Substation Denver\136098 CANISTOTA SUBSTATION -METERING"
"000000009598E9A20E04F041B38518182890A2D50100A3DF33FCC9BD1644BD14FCA330AA9785000020247B2D0000"	"\Divisions\PD\Substation Denver\136488 LAMAR SWITCHING - CIP NETWORK"
"000000009598E9A20E04F041B38518182890A2D5010012225CC57BF01F4EA8CCA87A792FF35F0000A8917A9F0000"	"\Divisions\PD\Substation Denver\136633 Kiowa"
"000000009598E9A20E04F041B38518182890A2D50100A3DF33FCC9BD1644BD14FCA330AA978500002283121E0000"	"\Divisions\PD\Substation Denver\137178 SPS TX"
"000000009598E9A20E04F041B38518182890A2D50100A3DF33FCC9BD1644BD14FCA330AA97850000223F12B70000"	"\Divisions\PD\Substation Denver\137629 0870 FST 115kV Upgrade Pump Plt"
"000000009598E9A20E04F041B38518182890A2D50100A3DF33FCC9BD1644BD14FCA330AA97850000278F981F0000"	"\Divisions\PD\Substation Denver\137954 Happy Interchange"
"000000009598E9A20E04F041B38518182890A2D50100A3DF33FCC9BD1644BD14FCA330AA97850000224E5B480000"	"\Divisions\PD\Substation Denver\138066 RAMSEY - FRAME RLY RPLC NSP"
"000000009598E9A20E04F041B38518182890A2D50100A3DF33FCC9BD1644BD14FCA330AA978500002261FFB00000"	"\Divisions\PD\Substation Denver\138114 HOLCOMBE - FRAME RLY RPLC NSP"
"000000009598E9A20E04F041B38518182890A2D50100A3DF33FCC9BD1644BD14FCA330AA97850000226896010000"	"\Divisions\PD\Substation Denver\138147 MERRIAM PRK-FRAME RLY RPLC NSP"
"000000009598E9A20E04F041B38518182890A2D50100A3DF33FCC9BD1644BD14FCA330AA978500002268FF980000"	"\Divisions\PD\Substation Denver\138171 AUGUSTA - FRAME RLY RPLC NSP"
"000000009598E9A20E04F041B38518182890A2D50100A3DF33FCC9BD1644BD14FCA330AA97850000226920BA0000"	"\Divisions\PD\Substation Denver\138187 E. BALDWIN -FRAME RLY RPLC NSP"
"000000009598E9A20E04F041B38518182890A2D50100A3DF33FCC9BD1644BD14FCA330AA97850000226EF8040000"	"\Divisions\PD\Substation Denver\138205 CORNELL HYD-FRAME RLY RPLC NSP"
"000000009598E9A20E04F041B38518182890A2D50100A3DF33FCC9BD1644BD14FCA330AA97850000226EF8B80000"	"\Divisions\PD\Substation Denver\138223 CANNON FLLS-FRAME RLY RPLC NSP"
"000000009598E9A20E04F041B38518182890A2D50100A3DF33FCC9BD1644BD14FCA330AA978500002274EE6E0000"	"\Divisions\PD\Substation Denver\138258 LAKE EMILY-FRAME RLY RPLC NSP"
"000000009598E9A20E04F041B38518182890A2D50100A3DF33FCC9BD1644BD14FCA330AA978500002274F32C0000"	"\Divisions\PD\Substation Denver\138273 ST.JOSEPH - FRAME RLY RPLC NSP"
"000000009598E9A20E04F041B38518182890A2D50100A3DF33FCC9BD1644BD14FCA330AA978500002274F4050000"	"\Divisions\PD\Substation Denver\138288 LUCK - FRAME RLY RPLC NSP"
"000000009598E9A20E04F041B38518182890A2D50100A3DF33FCC9BD1644BD14FCA330AA978500002274F6970000"	"\Divisions\PD\Substation Denver\138308 WABASSO - FRAME RLY RPLC NSP"
"000000009598E9A20E04F041B38518182890A2D50100A3DF33FCC9BD1644BD14FCA330AA978500002274F6D20000"	"\Divisions\PD\Substation Denver\138330 MN VALLEY - FRAME RLY RPLC NSP"
"000000009598E9A20E04F041B38518182890A2D50100A3DF33FCC9BD1644BD14FCA330AA978500002274F76C0000"	"\Divisions\PD\Substation Denver\138347 CHF2 - FRAME RLY RPLC NSP"
"000000009598E9A20E04F041B38518182890A2D50100A3DF33FCC9BD1644BD14FCA330AA97850000228573DB0000"	"\Divisions\PD\Substation Denver\138423 CEDAR LAKE-FRAME RLY RPLC NSP"
"000000009598E9A20E04F041B38518182890A2D50100A3DF33FCC9BD1644BD14FCA330AA97850000228574CC0000"	"\Divisions\PD\Substation Denver\138438 MEDICINE LKE-FRME RLY RPLC NSP"
"000000009598E9A20E04F041B38518182890A2D50100A3DF33FCC9BD1644BD14FCA330AA978500002845DC1F0000"	"\Divisions\PD\Substation Denver\138714 XCEL SHELL CO2 EXPANSION TAM\138714 XCEL SHELL CO2 EXPANSION TAM"
"000000009598E9A20E04F041B38518182890A2D50100F3BCE3A574023B4482F2E427B5A3121800004EB471940000"	"\Divisions\PD\Substation Denver\139817 Lakefield"
"000000009598E9A20E04F041B38518182890A2D50100A3DF33FCC9BD1644BD14FCA330AA97850000284D4EEF0000"	"\Divisions\PD\Substation Denver\141033 PORTALES - 115KV REBUILD"
"000000009598E9A20E04F041B38518182890A2D50100A3DF33FCC9BD1644BD14FCA330AA978500002AB0F0B90000"	"\Divisions\PD\Substation Denver\142027 LEXINGTON - FRAME RLY RPLC NSP"
"000000009598E9A20E04F041B38518182890A2D50100A3DF33FCC9BD1644BD14FCA330AA978500002BB72D8C0000"	"\Divisions\PD\Substation Denver\142423 EAU GALLE- FRAME RLY CIRCUIT"
"000000009598E9A20E04F041B38518182890A2D5010012225CC57BF01F4EA8CCA87A792FF35F0000A3FACC160000"	"\Divisions\PD\Substation Denver\143038 DCP"
"000000009598E9A20E04F041B38518182890A2D5010012225CC57BF01F4EA8CCA87A792FF35F00006E01721C0000"	"\Divisions\PD\Substation Denver\143978 Coburn Creek"
"000000009598E9A20E04F041B38518182890A2D5010012225CC57BF01F4EA8CCA87A792FF35F00003452E6500000"	"\Divisions\PD\Substation Denver\144060 CLARK SUB-BATTERY REPLACEMENT"
"000000009598E9A20E04F041B38518182890A2D5010012225CC57BF01F4EA8CCA87A792FF35F00005BEAA8000000"	"\Divisions\PD\Substation Denver\144661 AMOCO 230KV BKR RPLC"
"000000009598E9A20E04F041B38518182890A2D5010012225CC57BF01F4EA8CCA87A792FF35F00008C3235E80000"	"\Divisions\PD\Substation Denver\145463 GRAHAM- 115KV XFMR PRECOMM"
"000000009598E9A20E04F041B38518182890A2D5010012225CC57BF01F4EA8CCA87A792FF35F0000FFBD37CC0000"	"\Divisions\PD\Substation Denver\147973 LAKE HAZELTINE 115KV SUB"
"000000009598E9A20E04F041B38518182890A2D5010012225CC57BF01F4EA8CCA87A792FF35F00013250E0290000"	"\Divisions\PD\Substation Denver\149092 FLOYD STATION A15054006"
"000000009598E9A20E04F041B38518182890A2D5010012225CC57BF01F4EA8CCA87A792FF35F00017E102D420000"	"\Divisions\PD\Substation Denver\151108 CONTINENTAL-TRANS DR18X03D0"
"000000009598E9A20E04F041B38518182890A2D5010012225CC57BF01F4EA8CCA87A792FF35F00021745AEB90000"	"\Divisions\PD\Substation Denver\154684 WOODSTOCK HILLS J558"
"000000009598E9A20E04F041B38518182890A2D5010012225CC57BF01F4EA8CCA87A792FF35F000258A2B52B0000"	"\Divisions\PD\Substation Denver\156016 SPRUCE DFR UPGRADE"
"000000009598E9A20E04F041B38518182890A2D5010012225CC57BF01F4EA8CCA87A792FF35F0002793A45DF0000"	"\Divisions\PD\Substation Denver\156867 N-HDR-WCR FLM RELAY SETTINGS"
"000000009598E9A20E04F041B38518182890A2D5010012225CC57BF01F4EA8CCA87A792FF35F0002847334F20000"	"\Divisions\PD\Substation Denver\157308 N- RICE LAKE 69KV RLY HDR"
"000000009598E9A20E04F041B38518182890A2D5010012225CC57BF01F4EA8CCA87A792FF35F00028774B2990000"	"\Divisions\PD\Substation Denver\157451 N-SCOTT COUNTY FAN-HDR"
"000000009598E9A20E04F041B38518182890A2D5010012225CC57BF01F4EA8CCA87A792FF35F00029BE5327F0000"	"\Divisions\PD\Substation Denver\157944 N- ROSE PLACE FLM - HDR"
"000000009598E9A20E04F041B38518182890A2D5010012225CC57BF01F4EA8CCA87A792FF35F0002ABF385D20000"	"\Divisions\PD\Substation Denver\158416 N-GOOSE LAKE SECURITY HDR"
"000000009598E9A20E04F041B38518182890A2D5010012225CC57BF01F4EA8CCA87A792FF35F0002B34678470000"	"\Divisions\PD\Substation Denver\158595 N-WAKANDA RELAY SETTINGS HDR"
"000000009598E9A20E04F041B38518182890A2D5010012225CC57BF01F4EA8CCA87A792FF35F0002CE133CD80000"	"\Divisions\PD\Substation Denver\159322 P-LAKEWOOD IVVO LCU RP-SALIENT"
"000000009598E9A20E04F041B38518182890A2D5010012225CC57BF01F4EA8CCA87A792FF35F0002D18D62BD0000"	"\Divisions\PD\Substation Denver\159497 N-JEFFERS RD SUB-SEC-HDR"
"000000009598E9A20E04F041B38518182890A2D5010012225CC57BF01F4EA8CCA87A792FF35F0002E086C8450000"	"\Divisions\PD\Substation Denver\159793 N-ST CLOUD CSG387 RELAY-HDR"
"000000009598E9A20E04F041B38518182890A2D5010012225CC57BF01F4EA8CCA87A792FF35F0002F5D2D4920000"	"\Divisions\PD\Substation Denver\160234 N-RAPTOR CIVIL DCP"
"000000009598E9A20E04F041B38518182890A2D5010012225CC57BF01F4EA8CCA87A792FF35F00030B75E42A0000"	"\Divisions\PD\Substation Denver\160908 N-CAMP MCCOY TR1"
"000000009598E9A20E04F041B38518182890A2D5010012225CC57BF01F4EA8CCA87A792FF35F000327C7A75E0000"	"\Divisions\PD\Substation Denver\161530 N-MARSHLAND 4L18 BKR HDR"
"000000009598E9A20E04F041B38518182890A2D501006C95E27D1ACA634AA1AADC20796388DD000000EED8C80000"	"\Divisions\PD\Substation Denver\Pipestone"
"000000009598E9A20E04F041B38518182890A2D50100A3DF33FCC9BD1644BD14FCA330AA97850000292153340000"	"\Divisions\PD\Substation Fort Mill\PPL Juniata"
"000000009598E9A20E04F041B38518182890A2D501001296C725372D7F4B86B758A22EA3141B00000017143B0000"	"\Divisions\PD\Substation Freeport\Inactive File\000000_Forst_Ferry"
"000000009598E9A20E04F041B38518182890A2D501001296C725372D7F4B86B758A22EA3141B00000022D65F0000"	"\Divisions\PD\Substation Freeport\Inactive File\104895_PSNH_Scobie Review\Meeting Minutes"
"000000009598E9A20E04F041B38518182890A2D501001296C725372D7F4B86B758A22EA3141B0000000EC96D0000"	"\Divisions\PD\Substation Freeport\Inactive File\105740 - National Grid Erosion Control"
"000000009598E9A20E04F041B38518182890A2D501001296C725372D7F4B86B758A22EA3141B0000001136E90000"	"\Divisions\PD\Substation Freeport\Inactive File\106155_BHE_Jim_HO"
"000000009598E9A20E04F041B38518182890A2D501001296C725372D7F4B86B758A22EA3141B00000018C4160000"	"\Divisions\PD\Substation Freeport\Inactive File\106XXX_PSNH_Madbury\Madbury Construction"
"000000009598E9A20E04F041B38518182890A2D501001296C725372D7F4B86B758A22EA3141B0000001713F20000"	"\Divisions\PD\Substation Freeport\Inactive File\107091_VELCO_NRP_Cost"
"000000009598E9A20E04F041B38518182890A2D501001296C725372D7F4B86B758A22EA3141B00000022D5DF0000"	"\Divisions\PD\Substation Freeport\Inactive File\108042_TXU_South_Brownwood\Legal"
"000000009598E9A20E04F041B38518182890A2D501001296C725372D7F4B86B758A22EA3141B00000022D5F60000"	"\Divisions\PD\Substation Freeport\Inactive File\108166_TXU_Dublin\Accounting"
"000000009598E9A20E04F041B38518182890A2D501001296C725372D7F4B86B758A22EA3141B00000022D6050000"	"\Divisions\PD\Substation Freeport\Inactive File\108166_TXU_Dublin\Right-of-Way"
"000000009598E9A20E04F041B38518182890A2D501001296C725372D7F4B86B758A22EA3141B00000022D63E0000"	"\Divisions\PD\Substation Freeport\Inactive File\108556_Centerpoint_Webster\Manuals"
"000000009598E9A20E04F041B38518182890A2D501001296C725372D7F4B86B758A22EA3141B00000022D6200000"	"\Divisions\PD\Substation Freeport\Inactive File\108557_Centerpoint_Freeport\Design"
"000000009598E9A20E04F041B38518182890A2D501001296C725372D7F4B86B758A22EA3141B00000022D62F0000"	"\Divisions\PD\Substation Freeport\Inactive File\108557_Centerpoint_Freeport\Specifications"
"000000009598E9A20E04F041B38518182890A2D501001296C725372D7F4B86B758A22EA3141B00000026BFB70000"	"\Divisions\PD\Substation Freeport\Inactive File\108954_TXU_Celina_Switch\GIS"
"000000009598E9A20E04F041B38518182890A2D501001296C725372D7F4B86B758A22EA3141B0000002A94160000"	"\Divisions\PD\Substation Freeport\Inactive File\109443_NUSCO_Manchester"
"000000009598E9A20E04F041B38518182890A2D50100E34BFE500669CD49AC2E27C6C54DE39D0000004083D50000"	"\Divisions\PD\Substation Freeport\Inactive File\109947_CMP_ScarOOBLine\109947 Saco  Bay Prelim & MPUC\Data Requests\Greaton GR-02"
"000000009598E9A20E04F041B38518182890A2D50100E34BFE500669CD49AC2E27C6C54DE39D0000004083E40000"	"\Divisions\PD\Substation Freeport\Inactive File\109947_CMP_ScarOOBLine\109947 Saco  Bay Prelim & MPUC\MPUC Hearings\Bench Analysis"
"000000009598E9A20E04F041B38518182890A2D50100E34BFE500669CD49AC2E27C6C54DE39D0000004083F30000"	"\Divisions\PD\Substation Freeport\Inactive File\109947_CMP_ScarOOBLine\DD"
"000000009598E9A20E04F041B38518182890A2D501001296C725372D7F4B86B758A22EA3141B0000005D20650000"	"\Divisions\PD\Substation Freeport\Inactive File\109947_CMP_ScarOOBLine1\109947 Saco  Bay Prelim & MPUC\Data Requests\Greaton GR-02"
"000000009598E9A20E04F041B38518182890A2D501001296C725372D7F4B86B758A22EA3141B0000005D206D0000"	"\Divisions\PD\Substation Freeport\Inactive File\109947_CMP_ScarOOBLine1\109947 Saco  Bay Prelim & MPUC\MPUC Hearings\Bench Analysis"
"000000009598E9A20E04F041B38518182890A2D501003F9E776DECCABA4B81A6729A0E4F2CBA000000136CB20000"	"\Divisions\PD\Substation Freeport\Inactive File\109947_CMP_ScarOOBLine1\DD"
"000000009598E9A20E04F041B38518182890A2D501001296C725372D7F4B86B758A22EA3141B0000004EA91F0000"	"\Divisions\PD\Substation Freeport\Inactive File\111721_CMP_SacoBayReinforcement"
"000000009598E9A20E04F041B38518182890A2D50100E34BFE500669CD49AC2E27C6C54DE39D0000000929770000"	"\Divisions\PD\Substation Freeport\Inactive File\114177_CMP_Heywood_Remote_Ends"
"000000009598E9A20E04F041B38518182890A2D501001296C725372D7F4B86B758A22EA3141B0000000E7FC50000"	"\Divisions\PD\Substation Freeport\Inactive File\Cianbro CMP Towers\JRC Sent Items"
"000000009598E9A20E04F041B38518182890A2D501001953B16A689BCD4AA8FC82955DB27CB1000000A278850000"	"\Divisions\PD\Substation Freeport\Inactive File\CLOSED_109947_CMP_ScarOOBLine\109947 Saco  Bay Prelim & MPUC\Data Requests\Greaton GR-01"
"000000009598E9A20E04F041B38518182890A2D501001953B16A689BCD4AA8FC82955DB27CB1000000A278940000"	"\Divisions\PD\Substation Freeport\Inactive File\CLOSED_109947_CMP_ScarOOBLine\109947 Saco  Bay Prelim & MPUC\MPUC Hearings\20MW Generator"
"000000009598E9A20E04F041B38518182890A2D501001953B16A689BCD4AA8FC82955DB27CB1000000A278A30000"	"\Divisions\PD\Substation Freeport\Inactive File\CLOSED_109947_CMP_ScarOOBLine\Accounting"
"000000009598E9A20E04F041B38518182890A2D501001953B16A689BCD4AA8FC82955DB27CB1000000A278B20000"	"\Divisions\PD\Substation Freeport\Inactive File\CLOSED_109947_CMP_ScarOOBLine1\109947 Saco  Bay Prelim & MPUC\Data Requests\Greaton GR-01"
"000000009598E9A20E04F041B38518182890A2D501001953B16A689BCD4AA8FC82955DB27CB1000000A278C10000"	"\Divisions\PD\Substation Freeport\Inactive File\CLOSED_109947_CMP_ScarOOBLine1\109947 Saco  Bay Prelim & MPUC\MPUC Hearings\20MW Generator"
"000000009598E9A20E04F041B38518182890A2D501001953B16A689BCD4AA8FC82955DB27CB1000000B63DA90000"	"\Divisions\PD\Substation Freeport\Inactive File\CLOSED_109947_CMP_ScarOOBLine1\Accounting"
"000000009598E9A20E04F041B38518182890A2D501001953B16A689BCD4AA8FC82955DB27CB1000000B63DB90000"	"\Divisions\PD\Substation Freeport\Inactive File\CLOSED_112815 Jackman Capacitor Bank "
"000000009598E9A20E04F041B38518182890A2D501001953B16A689BCD4AA8FC82955DB27CB1000000B63DC30000"	"\Divisions\PD\Substation Freeport\Inactive File\CLOSED_116480_Scobie_Pond_4th_Transformer"
"000000009598E9A20E04F041B38518182890A2D501001296C725372D7F4B86B758A22EA3141B0000000F42910000"	"\Divisions\PD\Substation Freeport\Inactive File\NU-Norwalk"
"000000009598E9A20E04F041B38518182890A2D50100E34BFE500669CD49AC2E27C6C54DE39D0000000929D00000"	"\Divisions\PD\Substation Freeport\Projects\113487_Kent_County_Phase_1"
"000000009598E9A20E04F041B38518182890A2D501001953B16A689BCD4AA8FC82955DB27CB10000018074160000"	"\Divisions\PD\Substation Freeport\Projects\113552_South_GorhamPART4"
"000000009598E9A20E04F041B38518182890A2D50100E34BFE500669CD49AC2E27C6C54DE39D0000003DC1240000"	"\Divisions\PD\Substation Freeport\Projects\117278_Saco_Bay"
"000000009598E9A20E04F041B38518182890A2D50100E34BFE500669CD49AC2E27C6C54DE39D0000003DC1250000"	"\Divisions\PD\Substation Freeport\Projects\122479_Three_Rivers"
"000000009598E9A20E04F041B38518182890A2D50100A3DF33FCC9BD1644BD14FCA330AA97850000239674510000"	"\Divisions\PD\Substation Freeport\Projects\127417 - FTW E Levee SW"
"000000009598E9A20E04F041B38518182890A2D50100A3DF33FCC9BD1644BD14FCA330AA978500001DC215410000"	"\Divisions\PD\Substation Freeport\Projects\130837_Onco_ NERC"
"000000009598E9A20E04F041B38518182890A2D50100A3DF33FCC9BD1644BD14FCA330AA978500001D47F10F0000"	"\Divisions\PD\Substation Freeport\Projects\133581_PSNH_Smiley_S/S"
"000000009598E9A20E04F041B38518182890A2D50100A3DF33FCC9BD1644BD14FCA330AA978500001DCF9E520000"	"\Divisions\PD\Substation Freeport\Projects\134446_NYSEG_SUBSTATION_STD_DWGS"
"000000009598E9A20E04F041B38518182890A2D50100A3DF33FCC9BD1644BD14FCA330AA978500001EBBA52B0000"	"\Divisions\PD\Substation Freeport\Projects\135299_CL&P_Tracy_Final_Design"
"000000009598E9A20E04F041B38518182890A2D50100A3DF33FCC9BD1644BD14FCA330AA9785000021B3CA480000"	"\Divisions\PD\Substation Freeport\Projects\136375_WMECO_HPFF Cable_Improvement"
"000000009598E9A20E04F041B38518182890A2D50100A3DF33FCC9BD1644BD14FCA330AA9785000021E0601C0000"	"\Divisions\PD\Substation Freeport\Projects\137781_CL&P_STONY_HILL_SCOPE_DEV"
"000000009598E9A20E04F041B38518182890A2D5010012225CC57BF01F4EA8CCA87A792FF35F00018ED142050000"	"\Divisions\PD\Substation Freeport\Projects\139271_AEP_Glen_Lyn"
"000000009598E9A20E04F041B38518182890A2D50100A3DF33FCC9BD1644BD14FCA330AA97850000285622AD0000"	"\Divisions\PD\Substation Freeport\Projects\140922_CLP_Glenbrook_Pumping_Plant"
"000000009598E9A20E04F041B38518182890A2D50100A3DF33FCC9BD1644BD14FCA330AA978500002BE5EB120000"	"\Divisions\PD\Substation Freeport\Projects\142547_Montville_SS_BFRR"
"000000009598E9A20E04F041B38518182890A2D5010012225CC57BF01F4EA8CCA87A792FF35F000045BC48530000"	"\Divisions\PD\Substation Freeport\Projects\144360_CLP_Bates_Rock_SS_Det_Eng"
"000000009598E9A20E04F041B38518182890A2D5010012225CC57BF01F4EA8CCA87A792FF35F0000C13B89D70000"	"\Divisions\PD\Substation Freeport\Projects\146142_NGRID_MSA_Bunker_RPWR"
"000000009598E9A20E04F041B38518182890A2D5010012225CC57BF01F4EA8CCA87A792FF35F0000FFBD37C40000"	"\Divisions\PD\Substation Freeport\Projects\146992_Oncor_Marsh_Lane_DA"
"000000009598E9A20E04F041B38518182890A2D5010012225CC57BF01F4EA8CCA87A792FF35F00014AF879260000"	"\Divisions\PD\Substation Freeport\Projects\149442_Oncor_Preston_North_DA"
"000000009598E9A20E04F041B38518182890A2D501001296C725372D7F4B86B758A22EA3141B0000000D0F470000"	"\Divisions\PD\Substation Freeport\Proposals\105461_Tioga\JRC_Sent_Items"
"000000009598E9A20E04F041B38518182890A2D501001296C725372D7F4B86B758A22EA3141B0000001924C80000"	"\Divisions\PD\Substation Freeport\Proposals\107508_NU_EOC"
"000000009598E9A20E04F041B38518182890A2D501001296C725372D7F4B86B758A22EA3141B0000002C9FCF0000"	"\Divisions\PD\Substation Freeport\Proposals\109699_UMO_Steam_Turbine"
"000000009598E9A20E04F041B38518182890A2D501001296C725372D7F4B86B758A22EA3141B0000000A4DEA0000"	"\Divisions\PD\Substation Freeport\Proposals\NUSCO - Protection"
"000000009598E9A20E04F041B38518182890A2D5010012225CC57BF01F4EA8CCA87A792FF35F0005F6247A0D0000"	"\Divisions\PD\Substation Hailey\0239414 Chico Gifford Hill 50128"
"000000009598E9A20E04F041B38518182890A2D5010012225CC57BF01F4EA8CCA87A792FF35F00036265AA930000"	"\Divisions\PD\Substation Hailey\161747 - Sulphur Springs\01.30 Mescal"
"000000009598E9A20E04F041B38518182890A2D5010012225CC57BF01F4EA8CCA87A792FF35F0003DCBF748C0000"	"\Divisions\PD\Substation Hailey\165724 - WREC"
"000000009598E9A20E04F041B38518182890A2D5010012225CC57BF01F4EA8CCA87A792FF35F00046FCAC6120000"	"\Divisions\PD\Substation Hailey\170587 - Centralia 43989"
"000000009598E9A20E04F041B38518182890A2D5010012225CC57BF01F4EA8CCA87A792FF35F0005CDC2D3530000"	"\Divisions\PD\Substation Hailey\178121 - Liggett 48081"
"000000009598E9A20E04F041B38518182890A2D5010012225CC57BF01F4EA8CCA87A792FF35F0005B4808A570000"	"\Divisions\PD\Substation Hailey\181058 - SL Blue Acres Sub 49275"
"000000009598E9A20E04F041B38518182890A2D5010012225CC57BF01F4EA8CCA87A792FF35F000639EE8CC90000"	"\Divisions\PD\Substation Hailey\242272 - Compton 44342"
"000000009598E9A20E04F041B38518182890A2D5010012225CC57BF01F4EA8CCA87A792FF35F0006D08A6FFB0000"	"\Divisions\PD\Substation Hailey\249334 - Wilmer 53677"
"000000009598E9A20E04F041B38518182890A2D5010012225CC57BF01F4EA8CCA87A792FF35F00042E5FED710000"	"\Divisions\PD\Substation Hailey\RLM - Handley & Exec Parkway"
"000000009598E9A20E04F041B38518182890A2D50100A3DF33FCC9BD1644BD14FCA330AA9785000020F75EA60000"	"\Divisions\PD\Substation Hamilton\135212"
"000000009598E9A20E04F041B38518182890A2D50100A3DF33FCC9BD1644BD14FCA330AA978500002A4224C80000"	"\Divisions\PD\Substation Hamilton\141903"
"000000009598E9A20E04F041B38518182890A2D5010012225CC57BF01F4EA8CCA87A792FF35F000072BD7BBC0000"	"\Divisions\PD\Substation Hamilton\144926"
"000000009598E9A20E04F041B38518182890A2D50100E34BFE500669CD49AC2E27C6C54DE39D0000003499750000"	"\Divisions\PD\Substation Houston\00-BD_Proposals\BESS"
"000000009598E9A20E04F041B38518182890A2D50100A3DF33FCC9BD1644BD14FCA330AA978500001A38C6B50000"	"\Divisions\PD\Substation Houston\00-DMS and R: Drive Upload\Veronica Spencer\More Quotes"
"000000009598E9A20E04F041B38518182890A2D50100E34BFE500669CD49AC2E27C6C54DE39D0000000AFC8D0000"	"\Divisions\PD\Substation Houston\01-General Oncor Information\00 CLOSED PROJECTS\DeCatur _112661_WA07T62101"
"000000009598E9A20E04F041B38518182890A2D50100E34BFE500669CD49AC2E27C6C54DE39D0000000AFCCA0000"	"\Divisions\PD\Substation Houston\01-General Oncor Information\00 CLOSED PROJECTS\STL Irving Beltline_110587_WA06T65275"
"000000009598E9A20E04F041B38518182890A2D50100E34BFE500669CD49AC2E27C6C54DE39D0000002493750000"	"\Divisions\PD\Substation Houston\01-General Oncor Information\00 FIM SUMMARY REPORTS"
"000000009598E9A20E04F041B38518182890A2D50100E34BFE500669CD49AC2E27C6C54DE39D0000002260D90000"	"\Divisions\PD\Substation Houston\01-General Oncor Information\00 MATERIAL"
"000000009598E9A20E04F041B38518182890A2D50100E34BFE500669CD49AC2E27C6C54DE39D00000020FD6D0000"	"\Divisions\PD\Substation Houston\01-General Oncor Information\00 REPORTS\Project Assignments"
"000000009598E9A20E04F041B38518182890A2D50100E34BFE500669CD49AC2E27C6C54DE39D0000002A34CE0000"	"\Divisions\PD\Substation Houston\01-General Oncor Information\FORT WORTH PROJECTS\In_Serviced"
"000000009598E9A20E04F041B38518182890A2D50100E34BFE500669CD49AC2E27C6C54DE39D00000028F4910000"	"\Divisions\PD\Substation Houston\118132_Oncor_Allen_Sw_10T65051\Steel"
"000000009598E9A20E04F041B38518182890A2D50100E34BFE500669CD49AC2E27C6C54DE39D00000043106B0000"	"\Divisions\PD\Substation Houston\123287_AEP_Sabinal_Rebuild_Station"
"000000009598E9A20E04F041B38518182890A2D501001953B16A689BCD4AA8FC82955DB27CB100000171E0490000"	"\Divisions\PD\Substation Houston\124417_Oncor_Graham_Reactor_WA13T62009"
"000000009598E9A20E04F041B38518182890A2D50100A3DF33FCC9BD1644BD14FCA330AA978500000E6F87E10000"	"\Divisions\PD\Substation Houston\125211_STEC_Reveille_Substation"
"000000009598E9A20E04F041B38518182890A2D50100A3DF33FCC9BD1644BD14FCA330AA978500001737C68F0000"	"\Divisions\PD\Substation Houston\127018_AEP_Crimm_Road"
"000000009598E9A20E04F041B38518182890A2D50100A3DF33FCC9BD1644BD14FCA330AA9785000017738C340000"	"\Divisions\PD\Substation Houston\127789_Oncor_Midkiff_Xfer_WA13T63038"
"000000009598E9A20E04F041B38518182890A2D50100A3DF33FCC9BD1644BD14FCA330AA978500001807E0C80000"	"\Divisions\PD\Substation Houston\128364_Blattner_Energy_Canadian_Hills"
"000000009598E9A20E04F041B38518182890A2D50100A3DF33FCC9BD1644BD14FCA330AA978500001B14AD510000"	"\Divisions\PD\Substation Houston\129558_GVEC_Hwy123"
"000000009598E9A20E04F041B38518182890A2D50100A3DF33FCC9BD1644BD14FCA330AA9785000019B20FFD0000"	"\Divisions\PD\Substation Houston\130358_Xcel_Muleshoe_Vly_low_side"
"000000009598E9A20E04F041B38518182890A2D50100A3DF33FCC9BD1644BD14FCA330AA978500001A990DE40000"	"\Divisions\PD\Substation Houston\130683_Oncor_FTW_Eskota_WA_TBD"
"000000009598E9A20E04F041B38518182890A2D50100A3DF33FCC9BD1644BD14FCA330AA978500001CC0FE8D0000"	"\Divisions\PD\Substation Houston\132126_AEP_Cabin_Creek_38309"
"000000009598E9A20E04F041B38518182890A2D50100A3DF33FCC9BD1644BD14FCA330AA97850000260D0A190000"	"\Divisions\PD\Substation Houston\132134_AEP_Southridge_Station_38313\SUBMITTED MATERIAL REQUESTS"
"000000009598E9A20E04F041B38518182890A2D50100A3DF33FCC9BD1644BD14FCA330AA978500001BE54B9C0000"	"\Divisions\PD\Substation Houston\132749_Xcel_Substation_TAM_Estimates"
"000000009598E9A20E04F041B38518182890A2D50100A3DF33FCC9BD1644BD14FCA330AA978500001F9CD2660000"	"\Divisions\PD\Substation Houston\133638_AEP_West Canton_37581"
"000000009598E9A20E04F041B38518182890A2D50100A3DF33FCC9BD1644BD14FCA330AA97850000253FCCA20000"	"\Divisions\PD\Substation Houston\134221_AEP_BEARWALLOW_42237766_PVID 37813"
"000000009598E9A20E04F041B38518182890A2D50100A3DF33FCC9BD1644BD14FCA330AA97850000253FBDA40000"	"\Divisions\PD\Substation Houston\134771_AEP_TAZEWELL_42244814_PVID 37826\APS NOTIFICATIONS"
"000000009598E9A20E04F041B38518182890A2D50100A3DF33FCC9BD1644BD14FCA330AA978500001F29B21D0000"	"\Divisions\PD\Substation Houston\135911_Xcel_Kingsmill Cap Bank Pre-Cmssng"
"000000009598E9A20E04F041B38518182890A2D50100A3DF33FCC9BD1644BD14FCA330AA97850000213507BE0000"	"\Divisions\PD\Substation Houston\137175_Parmer-SPS Frame Rly Rplce"
"000000009598E9A20E04F041B38518182890A2D50100A3DF33FCC9BD1644BD14FCA330AA9785000021E9FCBC0000"	"\Divisions\PD\Substation Houston\137877_Xcel_Denver City_Pre-Commissioning"
"000000009598E9A20E04F041B38518182890A2D50100A3DF33FCC9BD1644BD14FCA330AA978500002BEE80170000"	"\Divisions\PD\Substation Houston\138845_GVEC_Moulton South"
"000000009598E9A20E04F041B38518182890A2D50100A3DF33FCC9BD1644BD14FCA330AA9785000024A1E23C0000"	"\Divisions\PD\Substation Houston\139480_Oncor_Maryneal Sub Remove_WA#TBD"
"000000009598E9A20E04F041B38518182890A2D50100A3DF33FCC9BD1644BD14FCA330AA97850000284981D20000"	"\Divisions\PD\Substation Houston\140095_AEP_Telecom Lusher_PVID#11076"
"000000009598E9A20E04F041B38518182890A2D50100A3DF33FCC9BD1644BD14FCA330AA9785000027B67CD60000"	"\Divisions\PD\Substation Houston\140686_AEP_Telecom Monroeville_PVID#11126"
"000000009598E9A20E04F041B38518182890A2D50100A3DF33FCC9BD1644BD14FCA330AA978500002A40EC320000"	"\Divisions\PD\Substation Houston\141033_Xcel_Portales"
"000000009598E9A20E04F041B38518182890A2D50100F3BCE3A574023B4482F2E427B5A3121800004EC0D4710000"	"\Divisions\PD\Substation Houston\141230_AEP_Telecom Oral Roberts_PVID# 14096"
"000000009598E9A20E04F041B38518182890A2D50100A3DF33FCC9BD1644BD14FCA330AA978500002A32E2030000"	"\Divisions\PD\Substation Houston\141804_Oncor_Gen Tire Sw:Yucca Dr TT"
"000000009598E9A20E04F041B38518182890A2D50100A3DF33FCC9BD1644BD14FCA330AA978500002BED78BE0000"	"\Divisions\PD\Substation Houston\142445_SDG&E_Fire Risk Mitigation Prog"
"000000009598E9A20E04F041B38518182890A2D50100A3DF33FCC9BD1644BD14FCA330AA978500002DA19BB20000"	"\Divisions\PD\Substation Houston\143205_Xcel_Castro 115kV Term Precomm"
"000000009598E9A20E04F041B38518182890A2D5010012225CC57BF01F4EA8CCA87A792FF35F00003B473CF60000"	"\Divisions\PD\Substation Houston\144078_Oncor_Mulberry Crk Sw: 6 CCVT"
"000000009598E9A20E04F041B38518182890A2D5010012225CC57BF01F4EA8CCA87A792FF35F000084D9B9F70000"	"\Divisions\PD\Substation Houston\145351_Xcel_WIPP - 115kV Rly Lvngstn Precomm"
"000000009598E9A20E04F041B38518182890A2D5010012225CC57BF01F4EA8CCA87A792FF35F000117D40FDF0000"	"\Divisions\PD\Substation Houston\145864_Ameren_Ridge"
"000000009598E9A20E04F041B38518182890A2D5010012225CC57BF01F4EA8CCA87A792FF35F0000DC3DE7340000"	"\Divisions\PD\Substation Houston\146968_Xcel_Canyon West Commissioning"
"000000009598E9A20E04F041B38518182890A2D5010012225CC57BF01F4EA8CCA87A792FF35F0000FD2CBEF20000"	"\Divisions\PD\Substation Houston\147921_Xcel_Grayhound New 115-12kV Comm"
"000000009598E9A20E04F041B38518182890A2D5010012225CC57BF01F4EA8CCA87A792FF35F0001433E2E850000"	"\Divisions\PD\Substation Houston\149242_Xcel_Yoakum 345/230kV Tuco Ln Term"
"000000009598E9A20E04F041B38518182890A2D50100E34BFE500669CD49AC2E27C6C54DE39D00000017FCBE0000"	"\Divisions\PD\Substation Houston\CLOSED_115395_Oncor_North_Lake_WA09T65007"
"000000009598E9A20E04F041B38518182890A2D501001953B16A689BCD4AA8FC82955DB27CB1000001F768E90000"	"\Divisions\PD\Substation Houston\CLOSED_116741_Oncor_Hicks_12T62001\Estimate"
"000000009598E9A20E04F041B38518182890A2D50100A3DF33FCC9BD1644BD14FCA330AA9785000017075A020000"	"\Divisions\PD\Substation Houston\CLOSED_116741_Oncor_Hicks_12T62001\Steel"
"000000009598E9A20E04F041B38518182890A2D50100E34BFE500669CD49AC2E27C6C54DE39D0000003B82CF0000"	"\Divisions\PD\Substation Houston\CLOSED_116769_Oncor_Central_Bluff_WA10T63008\ATS and Gen Set"
"000000009598E9A20E04F041B38518182890A2D50100E34BFE500669CD49AC2E27C6C54DE39D00000043104D0000"	"\Divisions\PD\Substation Houston\CLOSED_116940_Oncor_Dermott_WA11T63004\Cancelled POs"
"000000009598E9A20E04F041B38518182890A2D50100E34BFE500669CD49AC2E27C6C54DE39D00000034990E0000"	"\Divisions\PD\Substation Houston\CLOSED_116940_Oncor_Dermott_WA11T63004\Steel"
"000000009598E9A20E04F041B38518182890A2D50100E34BFE500669CD49AC2E27C6C54DE39D0000003149C30000"	"\Divisions\PD\Substation Houston\CLOSED_117453_Oncor_Big_Spring_Sw_WA09T63040\Control House Material"
"000000009598E9A20E04F041B38518182890A2D50100A3DF33FCC9BD1644BD14FCA330AA978500001BEEFE550000"	"\Divisions\PD\Substation Houston\CLOSED_118133_Oncor_West Levee_10T65083_ADD TO PST"
"000000009598E9A20E04F041B38518182890A2D50100A3DF33FCC9BD1644BD14FCA330AA978500001BF16AE20000"	"\Divisions\PD\Substation Houston\CLOSED_119938_Oncor_Central Bluff_11T63009_ADD TO PST\11T63009 MATERIAL"
"000000009598E9A20E04F041B38518182890A2D50100A3DF33FCC9BD1644BD14FCA330AA978500001D91686B0000"	"\Divisions\PD\Substation Houston\CLOSED_120157_Oncor_Com Pk_10T62233_ADD TO PST\ATS"
"000000009598E9A20E04F041B38518182890A2D50100A3DF33FCC9BD1644BD14FCA330AA978500001D953FB10000"	"\Divisions\PD\Substation Houston\CLOSED_120468_Oncor_Cedar Hill_11T65217_ADD TO PST\Arresters"
"000000009598E9A20E04F041B38518182890A2D50100A3DF33FCC9BD1644BD14FCA330AA978500001BEE60F20000"	"\Divisions\PD\Substation Houston\CLOSED_120865_Oncor_Com Pk_11T62224_ADD TO PST"
"000000009598E9A20E04F041B38518182890A2D50100E34BFE500669CD49AC2E27C6C54DE39D000000383F0E0000"	"\Divisions\PD\Substation Houston\CLOSED_121532_Oncor_Watermill_SW_Auto_WA11T65286"
"000000009598E9A20E04F041B38518182890A2D50100A3DF33FCC9BD1644BD14FCA330AA9785000016F8120D0000"	"\Divisions\PD\Substation Houston\CLOSED_123258_Oncor_North_Lake_WA12T65210\FAR Reports"
"000000009598E9A20E04F041B38518182890A2D50100A3DF33FCC9BD1644BD14FCA330AA9785000025755CA00000"	"\Divisions\PD\Substation Houston\CLOSED_124257_Xcel_Randall Co_ADDL\Material"
"000000009598E9A20E04F041B38518182890A2D50100A3DF33FCC9BD1644BD14FCA330AA97850000173714A70000"	"\Divisions\PD\Substation Houston\CLOSED_124610_Hutto_Sw_Stat_Add_XFMR#2_WA11T64186\In-Servicing Reports"
"000000009598E9A20E04F041B38518182890A2D50100A3DF33FCC9BD1644BD14FCA330AA9785000016C86B890000"	"\Divisions\PD\Substation Houston\CLOSED_126406_Oncor_Maple_Ave_WA12T61111"
"000000009598E9A20E04F041B38518182890A2D50100A3DF33FCC9BD1644BD14FCA330AA97850000175B11580000"	"\Divisions\PD\Substation Houston\CLOSED_127357_Luminant_Comanche_Peak\Preliminary Budget"
"000000009598E9A20E04F041B38518182890A2D5010012225CC57BF01F4EA8CCA87A792FF35F0003ED4070C60000"	"\Divisions\PD\Substation Houston\GP&L"
"000000009598E9A20E04F041B38518182890A2D50100A3DF33FCC9BD1644BD14FCA330AA978500001AE761370000"	"\Divisions\PD\Substation Houston\TBD_Stec_Cotulla"
"000000009598E9A20E04F041B38518182890A2D5010012225CC57BF01F4EA8CCA87A792FF35F0000D7BBE2A70000"	"\Divisions\PD\Substation Mt Laurel\Substation Mt Laurel Calendar"
"000000009598E9A20E04F041B38518182890A2D5010012225CC57BF01F4EA8CCA87A792FF35F0000ADF1F5EA0000"	"\Divisions\PD\Substation Oradell\144109 - Harvard SS"
"000000009598E9A20E04F041B38518182890A2D50100A3DF33FCC9BD1644BD14FCA330AA978500001C9EE7170000"	"\Divisions\PD\Substation Orlando\132050 FPL CONSERVATION 500KV SUB ENG"
"000000009598E9A20E04F041B38518182890A2D50100A3DF33FCC9BD1644BD14FCA330AA978500002621A0C80000"	"\Divisions\PD\Substation Orlando\140200 DEF-SPRING LAKE SS XFMR ADD"
"000000009598E9A20E04F041B38518182890A2D50100A3DF33FCC9BD1644BD14FCA330AA978500001AAB43280000"	"\Divisions\PD\Substation Phoenix\131308 TEP Wilson Produce"
"000000009598E9A20E04F041B38518182890A2D50100A3DF33FCC9BD1644BD14FCA330AA978500001E7D73FE0000"	"\Divisions\PD\Substation Phoenix\135247 TEP Torch Red Horse Design"
"000000009598E9A20E04F041B38518182890A2D5010012225CC57BF01F4EA8CCA87A792FF35F000084967AC30000"	"\Divisions\PD\Substation Phoenix\145235 NORTH- 115KV 9542 LINE REPLACE"
"000000009598E9A20E04F041B38518182890A2D5010012225CC57BF01F4EA8CCA87A792FF35F00024EA61BB20000"	"\Divisions\PD\Substation Phoenix\154371 Black Dog Security Upgrade"
"000000009598E9A20E04F041B38518182890A2D5010012225CC57BF01F4EA8CCA87A792FF35F00024EA61BB40000"	"\Divisions\PD\Substation Phoenix\155654 TEP SL (TTLITA-DMP-STA CRZ) FS"
"000000009598E9A20E04F041B38518182890A2D5010012225CC57BF01F4EA8CCA87A792FF35F00038C488F150000"	"\Divisions\PD\Substation Phoenix\164730 P-GRAY ST SECURITY TAM"
"000000009598E9A20E04F041B38518182890A2D5010064CEE54672FD844491A13B5C6CAEE87D0000002C72F70000"	"\Divisions\PD\Substation Portland\118584_P'Corp_Malin Sub Repl Sta Serv"
"000000009598E9A20E04F041B38518182890A2D5010064CEE54672FD844491A13B5C6CAEE87D000000309D7E0000"	"\Divisions\PD\Substation Portland\120040_P'Corp_Coalville Sub"
"000000009598E9A20E04F041B38518182890A2D5010064CEE54672FD844491A13B5C6CAEE87D0000003652620000"	"\Divisions\PD\Substation Portland\120909_Bountiful_City_Sub"
"000000009598E9A20E04F041B38518182890A2D5010064CEE54672FD844491A13B5C6CAEE87D0000003731880000"	"\Divisions\PD\Substation Portland\121415_BPA_REEDSPORT_PCB_ADDN_RLYS/AL"
"000000009598E9A20E04F041B38518182890A2D5010064CEE54672FD844491A13B5C6CAEE87D00000039FFB50000"	"\Divisions\PD\Substation Portland\121871_EAST_LEVEE-RELAY_RPLC_CB65"
"000000009598E9A20E04F041B38518182890A2D5010064CEE54672FD844491A13B5C6CAEE87D0000003A00040000"	"\Divisions\PD\Substation Portland\122055_DAVE_JOHNSTON_UNIT_4_TL"
"000000009598E9A20E04F041B38518182890A2D5010064CEE54672FD844491A13B5C6CAEE87D0000003BBD1B0000"	"\Divisions\PD\Substation Portland\122424_WHITNEY_CANYON_COMPRESS"
"000000009598E9A20E04F041B38518182890A2D50100CB7D9B6512D7374A860FE542D5770392000001184FF50000"	"\Divisions\PD\Substation Portland\122770_PSE_Mirrormont"
"000000009598E9A20E04F041B38518182890A2D50100CB7D9B6512D7374A860FE542D57703920000012496C60000"	"\Divisions\PD\Substation Portland\123155 P'CORP KNOTT SUB INCR"
"000000009598E9A20E04F041B38518182890A2D501001953B16A689BCD4AA8FC82955DB27CB100000116415F0000"	"\Divisions\PD\Substation Portland\123917 P'CORP MERIDIAN TO KLAMCOGEN"
"000000009598E9A20E04F041B38518182890A2D501001953B16A689BCD4AA8FC82955DB27CB10000013803AE0000"	"\Divisions\PD\Substation Portland\124096 P'CORP PONDEROSA SUB"
"000000009598E9A20E04F041B38518182890A2D501001953B16A689BCD4AA8FC82955DB27CB100000144BBCA0000"	"\Divisions\PD\Substation Portland\124179 P RENNER AUTO #1 RLY RPLC"
"000000009598E9A20E04F041B38518182890A2D50100A3DF33FCC9BD1644BD14FCA330AA97850000197E13380000"	"\Divisions\PD\Substation Portland\124681 EAST DOVER: REMOTE END RLY"
"000000009598E9A20E04F041B38518182890A2D50100A3DF33FCC9BD1644BD14FCA330AA978500000E8C80DD0000"	"\Divisions\PD\Substation Portland\125478 P MESQUITE EAST 138KV TERM UPG"
"000000009598E9A20E04F041B38518182890A2D50100A3DF33FCC9BD1644BD14FCA330AA97850000162637DD0000"	"\Divisions\PD\Substation Portland\126192 P'CORP SUMMER LAKE RELAYS"
"000000009598E9A20E04F041B38518182890A2D50100A3DF33FCC9BD1644BD14FCA330AA97850000170485540000"	"\Divisions\PD\Substation Portland\126597 P'CORP NERC LN B12 RATING"
"000000009598E9A20E04F041B38518182890A2D50100A3DF33FCC9BD1644BD14FCA330AA97850000171EA8440000"	"\Divisions\PD\Substation Portland\126778 P TRINIDAD PLANT SEPARATION"
"000000009598E9A20E04F041B38518182890A2D50100A3DF33FCC9BD1644BD14FCA330AA9785000021CD75240000"	"\Divisions\PD\Substation Portland\127545 P RENNER 138KV CB065\Procurement"
"000000009598E9A20E04F041B38518182890A2D50100A3DF33FCC9BD1644BD14FCA330AA978500001D80753A0000"	"\Divisions\PD\Substation Portland\127857 Knotty Poplar"
"000000009598E9A20E04F041B38518182890A2D50100A3DF33FCC9BD1644BD14FCA330AA978500001800E25D0000"	"\Divisions\PD\Substation Portland\128304 BPA COLUMBIA 230KV PCB REL"
"000000009598E9A20E04F041B38518182890A2D50100A3DF33FCC9BD1644BD14FCA330AA9785000018B901750000"	"\Divisions\PD\Substation Portland\128926 BPA KALISPELL 115KV CONT/RLYS"
"000000009598E9A20E04F041B38518182890A2D50100A3DF33FCC9BD1644BD14FCA330AA9785000019235C350000"	"\Divisions\PD\Substation Portland\129271 PGE-ANALYSIS MURRAY HILL"
"000000009598E9A20E04F041B38518182890A2D50100A3DF33FCC9BD1644BD14FCA330AA97850000198216480000"	"\Divisions\PD\Substation Portland\129795 BPA CAPT JACK 500KV RELY REPL"
"000000009598E9A20E04F041B38518182890A2D50100A3DF33FCC9BD1644BD14FCA330AA9785000019BC074E0000"	"\Divisions\PD\Substation Portland\130440 MELMORE STA: BUILD PVID 35802"
"000000009598E9A20E04F041B38518182890A2D50100A3DF33FCC9BD1644BD14FCA330AA978500001A35A58D0000"	"\Divisions\PD\Substation Portland\130854 BPA JOHN DAY 500KV RELAY REPL"
"000000009598E9A20E04F041B38518182890A2D50100A3DF33FCC9BD1644BD14FCA330AA978500001AD75F2E0000"	"\Divisions\PD\Substation Portland\131510 PGE - TEKTRONIX SUB"
"000000009598E9A20E04F041B38518182890A2D50100A3DF33FCC9BD1644BD14FCA330AA978500002303C64D0000"	"\Divisions\PD\Substation Portland\132166 P CADDO MILLS HWY 66 69KV CAP\Procurement"
"000000009598E9A20E04F041B38518182890A2D50100A3DF33FCC9BD1644BD14FCA330AA978500001B8539E00000"	"\Divisions\PD\Substation Portland\132558 P PRIMROSE-RPLC CB #602"
"000000009598E9A20E04F041B38518182890A2D50100A3DF33FCC9BD1644BD14FCA330AA978500001C13C0A00000"	"\Divisions\PD\Substation Portland\132900 BPA PEARL 500KV MWTT REPL"
"000000009598E9A20E04F041B38518182890A2D50100A3DF33FCC9BD1644BD14FCA330AA978500001CB76F000000"	"\Divisions\PD\Substation Portland\133268 P'CORP HOLLADAY SUB RELY REPL"
"000000009598E9A20E04F041B38518182890A2D50100A3DF33FCC9BD1644BD14FCA330AA978500001D97AC3C0000"	"\Divisions\PD\Substation Portland\133890 P'CORP CULVER SUB EBD HYDRO"
"000000009598E9A20E04F041B38518182890A2D50100A3DF33FCC9BD1644BD14FCA330AA978500001DD9C3600000"	"\Divisions\PD\Substation Portland\134413 P'CORP WHETSTONE D-R 2014"
"000000009598E9A20E04F041B38518182890A2D50100A3DF33FCC9BD1644BD14FCA330AA978500001E4B90A70000"	"\Divisions\PD\Substation Portland\134818 P'CORP KLAMATH CO-GEN RLY REP"
"000000009598E9A20E04F041B38518182890A2D50100A3DF33FCC9BD1644BD14FCA330AA978500001E75E5480000"	"\Divisions\PD\Substation Portland\135164 MCELROY 41003"
"000000009598E9A20E04F041B38518182890A2D50100A3DF33FCC9BD1644BD14FCA330AA978500001EF9A3E40000"	"\Divisions\PD\Substation Portland\135635 P'CORP OQUIRRH GRINDING"
"000000009598E9A20E04F041B38518182890A2D50100A3DF33FCC9BD1644BD14FCA330AA978500001F9CD3500000"	"\Divisions\PD\Substation Portland\135889 P'CORP FRY SUB CIVIL SUPPORT"
"000000009598E9A20E04F041B38518182890A2D50100A3DF33FCC9BD1644BD14FCA330AA978500001FB2C11C0000"	"\Divisions\PD\Substation Portland\136200 P'CORP GRANITE PK SOLAR Q0512"
"000000009598E9A20E04F041B38518182890A2D50100A3DF33FCC9BD1644BD14FCA330AA9785000020C3B5D50000"	"\Divisions\PD\Substation Portland\136896 NRG-POTRERO ENERGY"
"000000009598E9A20E04F041B38518182890A2D50100A3DF33FCC9BD1644BD14FCA330AA9785000021DA18BD0000"	"\Divisions\PD\Substation Portland\137683 RIVERVIEW Y56 RELAY REPLACE"
"000000009598E9A20E04F041B38518182890A2D50100A3DF33FCC9BD1644BD14FCA330AA97850000227934D50000"	"\Divisions\PD\Substation Portland\138197 P'CORP CLVL - CRYDN PHOTO SIMS"
"000000009598E9A20E04F041B38518182890A2D50100A3DF33FCC9BD1644BD14FCA330AA978500002339BAF20000"	"\Divisions\PD\Substation Portland\138775 PGE-ABERNETHY SUBSTATION"
"000000009598E9A20E04F041B38518182890A2D50100A3DF33FCC9BD1644BD14FCA330AA978500002416DEDF0000"	"\Divisions\PD\Substation Portland\139272 PIONEER WIND PARK PRELIM"
"000000009598E9A20E04F041B38518182890A2D50100A3DF33FCC9BD1644BD14FCA330AA9785000025506C990000"	"\Divisions\PD\Substation Portland\139670 P'CORP HOLT SCN"
"000000009598E9A20E04F041B38518182890A2D50100A3DF33FCC9BD1644BD14FCA330AA97850000262B0C260000"	"\Divisions\PD\Substation Portland\140224 P'CORP HOLT CONST SUPPORT"
"000000009598E9A20E04F041B38518182890A2D50100A3DF33FCC9BD1644BD14FCA330AA978500002719D6EF0000"	"\Divisions\PD\Substation Portland\140602 PGE HARBORTON PHASE I"
"000000009598E9A20E04F041B38518182890A2D50100A3DF33FCC9BD1644BD14FCA330AA9785000028540F580000"	"\Divisions\PD\Substation Portland\141064 P ROYSE 345KV RELAYS"
"000000009598E9A20E04F041B38518182890A2D50100A3DF33FCC9BD1644BD14FCA330AA978500002A1A73D40000"	"\Divisions\PD\Substation Portland\141475 P'CORP PILOT BUTTE GRNDING MIT"
"000000009598E9A20E04F041B38518182890A2D50100A3DF33FCC9BD1644BD14FCA330AA978500002A1985E00000"	"\Divisions\PD\Substation Portland\141749 PIONEER WIND COLL STN"
"000000009598E9A20E04F041B38518182890A2D50100A3DF33FCC9BD1644BD14FCA330AA978500002AAAC7FA0000"	"\Divisions\PD\Substation Portland\142015 PGE SUNSET DRAWING INDEXING"
"000000009598E9A20E04F041B38518182890A2D50100A3DF33FCC9BD1644BD14FCA330AA978500002BFB77850000"	"\Divisions\PD\Substation Portland\142673 P ROYSE UPG TERRELL LN TERM"
"000000009598E9A20E04F041B38518182890A2D50100A3DF33FCC9BD1644BD14FCA330AA978500002CD264430000"	"\Divisions\PD\Substation Portland\143084 TELECOM BUCYRUS STN A13213185"
"000000009598E9A20E04F041B38518182890A2D50100A3DF33FCC9BD1644BD14FCA330AA978500002DF769B80000"	"\Divisions\PD\Substation Portland\143317 Alpha Road 138kV Term Upgrade"
"000000009598E9A20E04F041B38518182890A2D5010012225CC57BF01F4EA8CCA87A792FF35F00001ACFFDC70000"	"\Divisions\PD\Substation Portland\143744 VIS BOLD POLE PHOTO SIM"
"000000009598E9A20E04F041B38518182890A2D5010012225CC57BF01F4EA8CCA87A792FF35F0000328878600000"	"\Divisions\PD\Substation Portland\144044 P'CORP FRY HAZELWOOD CONST SUP"
"000000009598E9A20E04F041B38518182890A2D5010012225CC57BF01F4EA8CCA87A792FF35F00005A941E020000"	"\Divisions\PD\Substation Portland\144611 PGE MARQUAM SUB HDD"
"000000009598E9A20E04F041B38518182890A2D5010012225CC57BF01F4EA8CCA87A792FF35F0000826120630000"	"\Divisions\PD\Substation Portland\145266 P PARKER SW STA 345 BUS DIFF"
"000000009598E9A20E04F041B38518182890A2D5010012225CC57BF01F4EA8CCA87A792FF35F0000B2BA274A0000"	"\Divisions\PD\Substation Portland\146316 P POWELL SUB CONVERT 138"
"000000009598E9A20E04F041B38518182890A2D5010012225CC57BF01F4EA8CCA87A792FF35F0000FD2CBF340000"	"\Divisions\PD\Substation Portland\147850 BALA FIBER ADDITION"
"000000009598E9A20E04F041B38518182890A2D5010012225CC57BF01F4EA8CCA87A792FF35F00010B30477A0000"	"\Divisions\PD\Substation Portland\148259 P'CORP Honeyville Substation Design Review"
"000000009598E9A20E04F041B38518182890A2D5010012225CC57BF01F4EA8CCA87A792FF35F00012B5C43C90000"	"\Divisions\PD\Substation Portland\148975 WHITPAIN FIBER"
"000000009598E9A20E04F041B38518182890A2D5010012225CC57BF01F4EA8CCA87A792FF35F0001474FC4870000"	"\Divisions\PD\Substation Portland\149183 MULLENS STN P16057014"
"000000009598E9A20E04F041B38518182890A2D501006C95E27D1ACA634AA1AADC20796388DD000000B2C0780000"	"\Divisions\PD\Substation Portland\PacifiCorp Cad Coordination"
"000000009598E9A20E04F041B38518182890A2D5010064CEE54672FD844491A13B5C6CAEE87D000000309D9F0000"	"\Divisions\PD\Substation Portland\PacifiCorp Cad Coordination\Physical\COMMENTS FROM DENNIS"
"000000009598E9A20E04F041B38518182890A2D5010064CEE54672FD844491A13B5C6CAEE87D000000309DA90000"	"\Divisions\PD\Substation Portland\PacifiCorp Cad Coordination\Physical\standard drawings\details"
"000000009598E9A20E04F041B38518182890A2D5010012225CC57BF01F4EA8CCA87A792FF35F00004FC9CFFB0000"	"\Divisions\PD\Substation Portland\STINNETT STN P14030009"
"000000009598E9A20E04F041B38518182890A2D5010064CEE54672FD844491A13B5C6CAEE87D000000081A730000"	"\Divisions\PD\Substation Portland\Tomball Substation\Major Electrical Equipment\Switches"
"000000009598E9A20E04F041B38518182890A2D501001296C725372D7F4B86B758A22EA3141B000000392D740000"	"\Divisions\PD\Substation San Diego"
"000000009598E9A20E04F041B38518182890A2D50100572FF007A7D6B64CA96E5CFE8E1CC1A4000000180C760000"	"\Divisions\PD\Substation San Diego\_DMS Upload\116483 LTC Replacement\Miramar Substation"
"000000009598E9A20E04F041B38518182890A2D50100572FF007A7D6B64CA96E5CFE8E1CC1A400000014C0C20000"	"\Divisions\PD\Substation San Diego\_DMS Upload\118063 SDG&E Oil Containment\Miramar"
"000000009598E9A20E04F041B38518182890A2D50100A3DF33FCC9BD1644BD14FCA330AA978500001E7A06720000"	"\Divisions\PD\Substation San Diego\_HECO"
"000000009598E9A20E04F041B38518182890A2D50100572FF007A7D6B64CA96E5CFE8E1CC1A40000001935500000"	"\Divisions\PD\Substation San Diego\116947 CBM Substation Rollout 2009"
"000000009598E9A20E04F041B38518182890A2D50100572FF007A7D6B64CA96E5CFE8E1CC1A4000000643CFF0000"	"\Divisions\PD\Substation San Diego\121040 Lake Grove Breaker Bypass"
"000000009598E9A20E04F041B38518182890A2D50100572FF007A7D6B64CA96E5CFE8E1CC1A4000000643D0F0000"	"\Divisions\PD\Substation San Diego\122022 Devers-Mirage Logic/Relay"
"000000009598E9A20E04F041B38518182890A2D50100CB7D9B6512D7374A860FE542D577039200000119977E0000"	"\Divisions\PD\Substation San Diego\122742 Otay Ranch Grounding"
"000000009598E9A20E04F041B38518182890A2D50100A3DF33FCC9BD1644BD14FCA330AA978500002100C3760000"	"\Divisions\PD\Substation San Diego\123262 SoCal Gas Aliso Canyon"
"000000009598E9A20E04F041B38518182890A2D50100A3DF33FCC9BD1644BD14FCA330AA97850000185CD66B0000"	"\Divisions\PD\Substation San Diego\124464 RTRP 69kV\Orangecrest"
"000000009598E9A20E04F041B38518182890A2D50100A3DF33FCC9BD1644BD14FCA330AA97850000176476440000"	"\Divisions\PD\Substation San Diego\127103 Avocado Dynamic Voltage Controller"
"000000009598E9A20E04F041B38518182890A2D50100A3DF33FCC9BD1644BD14FCA330AA9785000019B4B86F0000"	"\Divisions\PD\Substation San Diego\128233 VEA Innovation"
"000000009598E9A20E04F041B38518182890A2D50100A3DF33FCC9BD1644BD14FCA330AA97850000192C4DE60000"	"\Divisions\PD\Substation San Diego\129264 IID Highline"
"000000009598E9A20E04F041B38518182890A2D50100A3DF33FCC9BD1644BD14FCA330AA978500001AE66CCD0000"	"\Divisions\PD\Substation San Diego\131581 CBM AS-BUILTS San Mateo"
"000000009598E9A20E04F041B38518182890A2D50100A3DF33FCC9BD1644BD14FCA330AA978500001B862C060000"	"\Divisions\PD\Substation San Diego\132481 HECO Ho’ohana Solar"
"000000009598E9A20E04F041B38518182890A2D50100A3DF33FCC9BD1644BD14FCA330AA978500001D94C01A0000"	"\Divisions\PD\Substation San Diego\134021 SDG&E Pendleton Sub-AB"
"000000009598E9A20E04F041B38518182890A2D50100A3DF33FCC9BD1644BD14FCA330AA978500001E6759B20000"	"\Divisions\PD\Substation San Diego\135189 SDG&E CBM-AB Border"
"000000009598E9A20E04F041B38518182890A2D50100A3DF33FCC9BD1644BD14FCA330AA978500001F2B2DF70000"	"\Divisions\PD\Substation San Diego\135870 Desert Stateline EPC"
"000000009598E9A20E04F041B38518182890A2D50100A3DF33FCC9BD1644BD14FCA330AA9785000021DF6B510000"	"\Divisions\PD\Substation San Diego\137398 RPU LRRP Project\SPRING"
"000000009598E9A20E04F041B38518182890A2D50100A3DF33FCC9BD1644BD14FCA330AA978500002347D11A0000"	"\Divisions\PD\Substation San Diego\138780 SDG&E Talega Grounding Study"
"000000009598E9A20E04F041B38518182890A2D50100A3DF33FCC9BD1644BD14FCA330AA97850000266775C50000"	"\Divisions\PD\Substation San Diego\139266 Terra-Gen Mojave Wind Farm"
"000000009598E9A20E04F041B38518182890A2D50100A3DF33FCC9BD1644BD14FCA330AA978500002A89C33C0000"	"\Divisions\PD\Substation San Diego\141877 SDGE SUB ENGR ONSITE DSGN SUPP"
"000000009598E9A20E04F041B38518182890A2D5010012225CC57BF01F4EA8CCA87A792FF35F0000122E78520000"	"\Divisions\PD\Substation San Diego\143625 Kammer CKT Upgrade P15004001"
"000000009598E9A20E04F041B38518182890A2D501006C95E27D1ACA634AA1AADC20796388DD0000008635580000"	"\Divisions\PD\Substation San Diego\San Diego Substation"
"000000009598E9A20E04F041B38518182890A2D5010012225CC57BF01F4EA8CCA87A792FF35F0001AA1C7C700000"	"\Divisions\PD\Substation Syracuse\_PPL HOLD\151008 PPL EPAL-ACAHELA OPGE-2ND PHASE"
"000000009598E9A20E04F041B38518182890A2D50100A3DF33FCC9BD1644BD14FCA330AA978500001715556D0000"	"\Divisions\Telecom\CenturyLink\AT&T\Tiger Team"
"000000009598E9A20E04F041B38518182890A2D501001296C725372D7F4B86B758A22EA3141B000000071FCF0000"	"\Divisions\Telecom\telecom contacts"
"000000009598E9A20E04F041B38518182890A2D501001953B16A689BCD4AA8FC82955DB27CB10000018FF7440000"	"\Test\Test"
"000000009598E9A20E04F041B38518182890A2D5010012225CC57BF01F4EA8CCA87A792FF35F00066DACD3740000"	"\zApplications\Aspen Users\Aspen Calendar\Aspen Calendar"
"000000009598E9A20E04F041B38518182890A2D50100A3DF33FCC9BD1644BD14FCA330AA978500001DF4E0CD0000"	"\zApplications\CAPE"
"000000009598E9A20E04F041B38518182890A2D50100A3DF33FCC9BD1644BD14FCA330AA978500002375CECF0000"	"\zApplications\CYMCAP\CYMCAP"
"000000009598E9A20E04F041B38518182890A2D5010012225CC57BF01F4EA8CCA87A792FF35F00076765951D0000"	"\zApplications\Ministing\Ministing\Calendar"
"000000009598E9A20E04F041B38518182890A2D50100572FF007A7D6B64CA96E5CFE8E1CC1A40000001A6DCA0000"	"\zApplications\RTDS Users"
