"EntryId"	"Identity"
"000000009598E9A20E04F041B38518182890A2D501001296C725372D7F4B86B758A22EA3141B0000007F1CA10000"	"\Divisions\ENV\Environmental Anaheim\00_upload to DMS"
"000000009598E9A20E04F041B38518182890A2D501006C95E27D1ACA634AA1AADC20796388DD000000D4A5540000"	"\Divisions\ENV\Environmental Anaheim\115245 BARREN RDG-EIR/EIS TA 01\EIS\PDEIS Chapters\CH 3"
"000000009598E9A20E04F041B38518182890A2D501006C95E27D1ACA634AA1AADC20796388DD000000B78B8A0000"	"\Divisions\ENV\Environmental Anaheim\115245 BARREN RDG-EIR/EIS TA 01\Management\Contract"
"000000009598E9A20E04F041B38518182890A2D501006C95E27D1ACA634AA1AADC20796388DD0000006C1C840000"	"\Divisions\ENV\Environmental Anaheim\115245 BARREN RDG-EIR/EIS TA 01\Resources"
"000000009598E9A20E04F041B38518182890A2D501006C95E27D1ACA634AA1AADC20796388DD0000006C1C850000"	"\Divisions\ENV\Environmental Anaheim\115245 BARREN RDG-EIR/EIS TA 01\Resources\Visual"
"000000009598E9A20E04F041B38518182890A2D501006C95E27D1ACA634AA1AADC20796388DD0000009942520000"	"\Divisions\ENV\Environmental Anaheim\118242 HAIWEE GEOTHERMAL LEASING EIS\EIS"
"000000009598E9A20E04F041B38518182890A2D501006C95E27D1ACA634AA1AADC20796388DD00000082010C0000"	"\Divisions\ENV\Environmental Anaheim\118242 HAIWEE GEOTHERMAL LEASING EIS\Management\Subcontract"
"000000009598E9A20E04F041B38518182890A2D50100572FF007A7D6B64CA96E5CFE8E1CC1A400000023E0400000"	"\Divisions\ENV\Environmental Anaheim\118419 TA13 BRRTP CULT RSRC SMPL SVY"
"000000009598E9A20E04F041B38518182890A2D50100572FF007A7D6B64CA96E5CFE8E1CC1A4000000362D800000"	"\Divisions\ENV\Environmental Anaheim\119675 HAY RANCH COSO SUBSTATION"
"000000009598E9A20E04F041B38518182890A2D50100572FF007A7D6B64CA96E5CFE8E1CC1A40000005878780000"	"\Divisions\ENV\Environmental Anaheim\121546 TA20 BRRTP PM TASKS"
"000000009598E9A20E04F041B38518182890A2D50100CB7D9B6512D7374A860FE542D57703920000011FA0A30000"	"\Divisions\ENV\Environmental Anaheim\123051 TA23 WILDFIRE/FUELS MGMT"
"000000009598E9A20E04F041B38518182890A2D50100572FF007A7D6B64CA96E5CFE8E1CC1A40000002130620000"	"\Divisions\ENV\Environmental Anaheim\124462 RTRP"
"000000009598E9A20E04F041B38518182890A2D50100A3DF33FCC9BD1644BD14FCA330AA9785000016DB828A0000"	"\Divisions\ENV\Environmental Anaheim\125024 TA26 BRRTP FEIS/EIR TASKS\Prelim Final EIS/EIR\Green Valley Relocation"
"000000009598E9A20E04F041B38518182890A2D50100A3DF33FCC9BD1644BD14FCA330AA97850000174D87060000"	"\Divisions\ENV\Environmental Anaheim\126996 625 & 650 LINE UPGRADE PROJECT"
"000000009598E9A20E04F041B38518182890A2D50100A3DF33FCC9BD1644BD14FCA330AA9785000018C0A0B10000"	"\Divisions\ENV\Environmental Anaheim\128980-URS-RANCHO MIRAGE-FRANK SINATRA BR"
"000000009598E9A20E04F041B38518182890A2D50100A3DF33FCC9BD1644BD14FCA330AA978500001C65B65E0000"	"\Divisions\ENV\Environmental Anaheim\130800 SAPPHOS RIMROCK WIND FARM"
"000000009598E9A20E04F041B38518182890A2D50100A3DF33FCC9BD1644BD14FCA330AA978500001C65B5E00000"	"\Divisions\ENV\Environmental Anaheim\131800 RVRSD CNTY GLMN CURVE REALIGN"
"000000009598E9A20E04F041B38518182890A2D50100A3DF33FCC9BD1644BD14FCA330AA978500001D7F0CE60000"	"\Divisions\ENV\Environmental Anaheim\133774 MUSSELSHELL WIND-BIRD/BAT CONS"
"000000009598E9A20E04F041B38518182890A2D50100A3DF33FCC9BD1644BD14FCA330AA97850000202274570000"	"\Divisions\ENV\Environmental Anaheim\136500 TA01 BRRTP CLTRL/PALEO MONIT"
"000000009598E9A20E04F041B38518182890A2D50100A3DF33FCC9BD1644BD14FCA330AA978500002288A5550000"	"\Divisions\ENV\Environmental Anaheim\138465 EMPIRE - PHASE I ARCH SRVY"
"000000009598E9A20E04F041B38518182890A2D50100A3DF33FCC9BD1644BD14FCA330AA97850000174CF84F0000"	"\Divisions\ENV\Environmental Anaheim\BRRTP Admin Record\BRRTP Admin Record_GF\BRRTP AdminRec_MWS"
"000000009598E9A20E04F041B38518182890A2D501001953B16A689BCD4AA8FC82955DB27CB1000001B56FCD0000"	"\Divisions\ENV\Environmental Austin\00-EMAILS TO BE UPLOADED"
"000000009598E9A20E04F041B38518182890A2D50100A3DF33FCC9BD1644BD14FCA330AA9785000015EBA48E0000"	"\Divisions\ENV\Environmental Austin\125610 Atlas Driver"
"000000009598E9A20E04F041B38518182890A2D50100A3DF33FCC9BD1644BD14FCA330AA978500001DE69E8E0000"	"\Divisions\ENV\Environmental Austin\132310_Forest to Porter"
"000000009598E9A20E04F041B38518182890A2D501006C95E27D1ACA634AA1AADC20796388DD0000005302EF0000"	"\Divisions\ENV\Environmental Boise\114809 VANTAGE POMONA HTS SITING\Biology"
"000000009598E9A20E04F041B38518182890A2D5010012225CC57BF01F4EA8CCA87A792FF35F00008066B5470000"	"\Divisions\ENV\Environmental Boise\114809 VANTAGE POMONA HTS SITING\Johns emails 2\Vantage-Pomona"
"000000009598E9A20E04F041B38518182890A2D50100A3DF33FCC9BD1644BD14FCA330AA978500001EE2F4130000"	"\Divisions\ENV\Environmental Boise\114809 VANTAGE POMONA HTS SITING\Public Mtgs"
"000000009598E9A20E04F041B38518182890A2D501001953B16A689BCD4AA8FC82955DB27CB1000000F73FBA0000"	"\Divisions\ENV\Environmental Boise\114809 VANTAGE POMONA HTS SITING\Sarah_emails\Vantage Pomona\Land Survey RR ROW"
"000000009598E9A20E04F041B38518182890A2D50100A3DF33FCC9BD1644BD14FCA330AA978500001D8ED7360000"	"\Divisions\ENV\Environmental Boise\114809 VANTAGE POMONA HTS SITING\SDEIS\Chapter-4"
"000000009598E9A20E04F041B38518182890A2D501001953B16A689BCD4AA8FC82955DB27CB1000000F5ABA30000"	"\Divisions\ENV\Environmental Boise\115841 TransWestEnergy\Sarah_emails\TransWest\Impacts"
"000000009598E9A20E04F041B38518182890A2D501001953B16A689BCD4AA8FC82955DB27CB1000000F5ABA20000"	"\Divisions\ENV\Environmental Boise\115841 TransWestEnergy\Sarah_emails\TransWest\Scoping Meetings"
"000000009598E9A20E04F041B38518182890A2D50100A3DF33FCC9BD1644BD14FCA330AA978500001CD3DDDA0000"	"\Divisions\ENV\Environmental Boise\133339 WREC TROUT CRK HYDRO RELICENSE"
"000000009598E9A20E04F041B38518182890A2D50100A3DF33FCC9BD1644BD14FCA330AA978500002B14EE620000"	"\Divisions\ENV\Environmental Boise\142207 EAST HELENA-HOLTER 100KV PROJ"
"000000009598E9A20E04F041B38518182890A2D5010012225CC57BF01F4EA8CCA87A792FF35F0000AED689C80000"	"\Divisions\ENV\Environmental Boise\146217 RANCHO SECO SOLAR II"
"000000009598E9A20E04F041B38518182890A2D501006C95E27D1ACA634AA1AADC20796388DD00000070275C0000"	"\Divisions\ENV\Environmental Boise\Biology_Dept\101973 Biology\HSiemert"
"000000009598E9A20E04F041B38518182890A2D501006C95E27D1ACA634AA1AADC20796388DD00000067EA6B0000"	"\Divisions\ENV\Environmental Boise\Biology_Dept\101973 Biology\Mike Tatterson"
"000000009598E9A20E04F041B38518182890A2D501006C95E27D1ACA634AA1AADC20796388DD0000006D097A0000"	"\Divisions\ENV\Environmental Boise\Biology_Dept\101973 Biology\SLinhart"
"000000009598E9A20E04F041B38518182890A2D50100A3DF33FCC9BD1644BD14FCA330AA978500001F018A430000"	"\Divisions\ENV\Environmental Boise\Cultural Team"
"000000009598E9A20E04F041B38518182890A2D501006C95E27D1ACA634AA1AADC20796388DD00000040E28A0000"	"\Divisions\ENV\Environmental Boise\GSA Contracts\LADWP Contract Temp Folder"
"000000009598E9A20E04F041B38518182890A2D50100A3DF33FCC9BD1644BD14FCA330AA978500001A377E770000"	"\Divisions\ENV\Environmental Boise\Laptop upgrade\RRG"
"000000009598E9A20E04F041B38518182890A2D50100A3DF33FCC9BD1644BD14FCA330AA978500001BCF31360000"	"\Divisions\ENV\Environmental Cincinnati\130767 UNITED DAIRY FARMERS - UDF #613"
"000000009598E9A20E04F041B38518182890A2D50100A3DF33FCC9BD1644BD14FCA330AA978500001BCF322F0000"	"\Divisions\ENV\Environmental Cincinnati\130804 FROST BROWN TODD LLC - ACC LANDFILL DSCHRG 2013  TECH"
"000000009598E9A20E04F041B38518182890A2D50100A3DF33FCC9BD1644BD14FCA330AA978500001BCDCCC70000"	"\Divisions\ENV\Environmental Cincinnati\130844 ALCOA INC - TN OPERATIONS NORTH PLANT"
"000000009598E9A20E04F041B38518182890A2D50100A3DF33FCC9BD1644BD14FCA330AA978500001BD1E1B50000"	"\Divisions\ENV\Environmental Cincinnati\130892 MARATHON PETROLEUM COMPANY LP - 2013 OWC 3 PIPE WETLAND DELIN"
"000000009598E9A20E04F041B38518182890A2D50100A3DF33FCC9BD1644BD14FCA330AA978500001BCDCADA0000"	"\Divisions\ENV\Environmental Cincinnati\130920 SANOFI - SLLI PHASE II ESA, KANSAS CITY"
"000000009598E9A20E04F041B38518182890A2D50100A3DF33FCC9BD1644BD14FCA330AA978500001BD26FAF0000"	"\Divisions\ENV\Environmental Cincinnati\130998 SANOFI - SLLI REMEDIAL AWP-PHASE 800"
"000000009598E9A20E04F041B38518182890A2D50100A3DF33FCC9BD1644BD14FCA330AA978500001BD1E1EE0000"	"\Divisions\ENV\Environmental Cincinnati\131106 BUCKEYE PARTNERS LP - BUCKEYE PIPE EXPOSURE"
"000000009598E9A20E04F041B38518182890A2D50100A3DF33FCC9BD1644BD14FCA330AA978500001BCF324C0000"	"\Divisions\ENV\Environmental Cincinnati\131230 UNITED DAIRY FARMERS - TIER 1 INV-UDF 134 PORT UNION"
"000000009598E9A20E04F041B38518182890A2D50100A3DF33FCC9BD1644BD14FCA330AA978500001BCE32CF0000"	"\Divisions\ENV\Environmental Cincinnati\131257 ALCOA INC - FORMER CHT WORK PLAN/REG SPPT"
"000000009598E9A20E04F041B38518182890A2D50100A3DF33FCC9BD1644BD14FCA330AA978500001BCF2D680000"	"\Divisions\ENV\Environmental Cincinnati\131317 CLOSE THE LOOP - 2013 IH EXPOSURE ASSESS"
"000000009598E9A20E04F041B38518182890A2D50100A3DF33FCC9BD1644BD14FCA330AA978500001BCF2DF00000"	"\Divisions\ENV\Environmental Cincinnati\131598 METROPOLITAN SEWER DISTRICT - CSO 217/483 SC PHASE A"
"000000009598E9A20E04F041B38518182890A2D50100A3DF33FCC9BD1644BD14FCA330AA978500001BCF1BC10000"	"\Divisions\ENV\Environmental Cincinnati\131807 STANTEC CONSULTING SERVICES INC - STANTEC PHASE I ESA"
"000000009598E9A20E04F041B38518182890A2D50100A3DF33FCC9BD1644BD14FCA330AA978500001BCDCC970000"	"\Divisions\ENV\Environmental Cincinnati\132111 ALCOA INC - WELL ABANDONMENT"
"000000009598E9A20E04F041B38518182890A2D50100A3DF33FCC9BD1644BD14FCA330AA978500001BD271850000"	"\Divisions\ENV\Environmental Cincinnati\132447 SANOFI - SLLI PHASE 1404 - DRAWDOWN"
"000000009598E9A20E04F041B38518182890A2D50100A3DF33FCC9BD1644BD14FCA330AA978500001BD490710000"	"\Divisions\ENV\Environmental Cincinnati\132725 THE PROCTER & GAMBLE COMPANY - 2013 pH MONITORING CETL"
"000000009598E9A20E04F041B38518182890A2D50100A3DF33FCC9BD1644BD14FCA330AA978500001C4270780000"	"\Divisions\ENV\Environmental Cincinnati\132951 MARATHON PETROLEUM COMPANY LP-MARATHON - CORNERSTONE PIPELINE"
"000000009598E9A20E04F041B38518182890A2D50100A3DF33FCC9BD1644BD14FCA330AA978500001CD149B60000"	"\Divisions\ENV\Environmental Cincinnati\133321 UNITED DAIRY FARMERS-UDF 631 FREE PRODUCT RECOVERY"
"000000009598E9A20E04F041B38518182890A2D50100A3DF33FCC9BD1644BD14FCA330AA978500001D39A7DA0000"	"\Divisions\ENV\Environmental Cincinnati\133560 THE PROCTER & GAMBLE COMPANY-WW SAMPLING 2013-2014 MBC"
"000000009598E9A20E04F041B38518182890A2D50100A3DF33FCC9BD1644BD14FCA330AA978500001D7738C20000"	"\Divisions\ENV\Environmental Cincinnati\133770 SCHUERMANN PROPERTIES-SCHUERMANN PROP-PH I ESA"
"000000009598E9A20E04F041B38518182890A2D50100A3DF33FCC9BD1644BD14FCA330AA978500001DD0B2660000"	"\Divisions\ENV\Environmental Cincinnati\133975 MIAMI UNIVERSITY-ACM SURVEY & ABATEMENT COST"
"000000009598E9A20E04F041B38518182890A2D50100A3DF33FCC9BD1644BD14FCA330AA978500001DD0B1A00000"	"\Divisions\ENV\Environmental Cincinnati\134484 METROPOLITAN SEWER DISTRICT-ACMHAZMAT SRVY-MUDDY CREEK"
"000000009598E9A20E04F041B38518182890A2D50100A3DF33FCC9BD1644BD14FCA330AA978500001E1BCEB00000"	"\Divisions\ENV\Environmental Cincinnati\134906 CITY OF MONTGOMERY-Ph I ESA-MONTG CHEV CAR DLRSHP"
"000000009598E9A20E04F041B38518182890A2D50100A3DF33FCC9BD1644BD14FCA330AA978500001E61B9C80000"	"\Divisions\ENV\Environmental Cincinnati\135166 SANOFI-BLDG 28 PRE-CONST SAMPLING"
"000000009598E9A20E04F041B38518182890A2D50100A3DF33FCC9BD1644BD14FCA330AA978500001EDEC64F0000"	"\Divisions\ENV\Environmental Cincinnati\135458 UNITED DAIRY FARMERS-UDF003-UST CLOSURE SUPPORT"
"000000009598E9A20E04F041B38518182890A2D50100A3DF33FCC9BD1644BD14FCA330AA978500001F15B0E60000"	"\Divisions\ENV\Environmental Cincinnati\135709 MARATHON PETROLEUM COMPANY LP-ENV SURVEY-TRO TRUCK PRK FAC"
"000000009598E9A20E04F041B38518182890A2D50100A3DF33FCC9BD1644BD14FCA330AA978500001F8F6D4F0000"	"\Divisions\ENV\Environmental Cincinnati\136084 UNITED DAIRY FARMERS-UDF 143 MASON PIPE CLOSURE"
"000000009598E9A20E04F041B38518182890A2D50100A3DF33FCC9BD1644BD14FCA330AA978500001FDFD09B0000"	"\Divisions\ENV\Environmental Cincinnati\136252 URS CORPORATION INC-CORNERSTONE PERMITTING 02"
"000000009598E9A20E04F041B38518182890A2D50100A3DF33FCC9BD1644BD14FCA330AA978500002028F3DA0000"	"\Divisions\ENV\Environmental Cincinnati\136519 SANOFI-SLLI PH 1408 SW RADIOLOGIC"
"000000009598E9A20E04F041B38518182890A2D50100A3DF33FCC9BD1644BD14FCA330AA9785000021764CB70000"	"\Divisions\ENV\Environmental Cincinnati\137275 AK STEEL CORPORATION-AK STEEL 2015 NPDES MONITORING"
"000000009598E9A20E04F041B38518182890A2D50100A3DF33FCC9BD1644BD14FCA330AA9785000021C353620000"	"\Divisions\ENV\Environmental Cincinnati\137571 PMC SPECIALTIES GROUP INC-2015 SEMIANNUAL WW SAMPLING"
"000000009598E9A20E04F041B38518182890A2D50100A3DF33FCC9BD1644BD14FCA330AA9785000021E2832B0000"	"\Divisions\ENV\Environmental Cincinnati\137795 MARATHON PETROLEUM CORPORATION-HARPSTER-LIMA PIPELINE"
"000000009598E9A20E04F041B38518182890A2D50100A3DF33FCC9BD1644BD14FCA330AA97850000227423E20000"	"\Divisions\ENV\Environmental Cincinnati\138300 OHIO DEPT OF TRANSPORTATION-CE LEVEL 1 SR 725 SUGAR CREEK"
"000000009598E9A20E04F041B38518182890A2D50100A3DF33FCC9BD1644BD14FCA330AA9785000022E92D620000"	"\Divisions\ENV\Environmental Cincinnati\138566 MARATHON PETROLEUM CORPORATION-GRNM 318 DCM PERMITTING"
"000000009598E9A20E04F041B38518182890A2D50100A3DF33FCC9BD1644BD14FCA330AA97850000239473A00000"	"\Divisions\ENV\Environmental Cincinnati\139007 PERFORMANCE PIPE-2015 KPDES SW SAMPLING"
"000000009598E9A20E04F041B38518182890A2D50100A3DF33FCC9BD1644BD14FCA330AA97850000242D1F580000"	"\Divisions\ENV\Environmental Cincinnati\139330 SOUTHWEST OHIO REGIONAL TRANSIT AUTHORITY-700 MONT RD ASPHALT RESURF"
"000000009598E9A20E04F041B38518182890A2D5010012225CC57BF01F4EA8CCA87A792FF35F00000574803F0000"	"\Divisions\ENV\Environmental Cincinnati\143404 NISOURCE-NIPSCO ST JOHN-ENBRIDGE FIBER"
"000000009598E9A20E04F041B38518182890A2D50100A3DF33FCC9BD1644BD14FCA330AA978500001D63209D0000"	"\Divisions\ENV\Environmental Cincinnati\Truck #275 (14) - Cincinnati"
"000000009598E9A20E04F041B38518182890A2D50100A3DF33FCC9BD1644BD14FCA330AA97850000170CDC580000"	"\Divisions\ENV\Environmental Freeport\126677 STRONGWELL CORP-EMITRACK"
"000000009598E9A20E04F041B38518182890A2D50100A3DF33FCC9BD1644BD14FCA330AA97850000170E26270000"	"\Divisions\ENV\Environmental Freeport\126744 SPRAGUE ENERGY-AIR LIC &  RPT"
"000000009598E9A20E04F041B38518182890A2D50100A3DF33FCC9BD1644BD14FCA330AA97850000255FE03A0000"	"\Divisions\ENV\Environmental Freeport\139696 CROCKER'S BOAT YARD SWPPP/NOI"
"000000009598E9A20E04F041B38518182890A2D5010012225CC57BF01F4EA8CCA87A792FF35F0001C8B1F1EF0000"	"\Divisions\ENV\Environmental Freeport\153166_PSU-ENV-A 1400 COMPL DEMO"
"000000009598E9A20E04F041B38518182890A2D50100A3DF33FCC9BD1644BD14FCA330AA97850000197111C30000"	"\Divisions\ENV\Environmental Freeport\CLOSED PROJECTS\129642 HUNT YACHTS VOC EMISSIONS RPT"
"000000009598E9A20E04F041B38518182890A2D50100A3DF33FCC9BD1644BD14FCA330AA978500001F21A2F80000"	"\Divisions\ENV\Environmental Freeport\CLOSED PROJECTS\132376 NEWP JAFFREY AIR PRMT AND TOX"
"000000009598E9A20E04F041B38518182890A2D50100A3DF33FCC9BD1644BD14FCA330AA978500002AADBF740000"	"\Divisions\ENV\Environmental Freeport\CLOSED PROJECTS\135634 UNH-EOP-KINGSBURY HALL"
"000000009598E9A20E04F041B38518182890A2D50100A3DF33FCC9BD1644BD14FCA330AA9785000022F98CBB0000"	"\Divisions\ENV\Environmental Freeport\CLOSED PROJECTS\138641_FREUDENBERG-NOK_SEALING_TECH"
"000000009598E9A20E04F041B38518182890A2D50100A3DF33FCC9BD1644BD14FCA330AA9785000025E36DA20000"	"\Divisions\ENV\Environmental Freeport\CLOSED PROJECTS\140083 FREUDENBERG-NOK MTC AUDIT TOXICS 2015"
"000000009598E9A20E04F041B38518182890A2D50100A3DF33FCC9BD1644BD14FCA330AA978500002A4220340000"	"\Divisions\ENV\Environmental Freeport\CLOSED PROJECTS\141936 BGF-CDP-CY2015"
"000000009598E9A20E04F041B38518182890A2D5010012225CC57BF01F4EA8CCA87A792FF35F000045BC48350000"	"\Divisions\ENV\Environmental Freeport\CLOSED PROJECTS\144357_CMP-WESTERN_MAINE_2017"
"000000009598E9A20E04F041B38518182890A2D5010012225CC57BF01F4EA8CCA87A792FF35F00017E102D540000"	"\Divisions\ENV\Environmental Freeport\CLOSED PROJECTS\147484_SOUTH_BEND"
"000000009598E9A20E04F041B38518182890A2D5010012225CC57BF01F4EA8CCA87A792FF35F00015333EE850000"	"\Divisions\ENV\Environmental Freeport\CLOSED PROJECTS\149594 NEWP-PERMIT TRANSFERS"
"000000009598E9A20E04F041B38518182890A2D5010012225CC57BF01F4EA8CCA87A792FF35F00018ED142170000"	"\Divisions\ENV\Environmental Freeport\CLOSED PROJECTS\151578_FNST-NORTHFIELD_EPOXY&RTAP"
"000000009598E9A20E04F041B38518182890A2D50100A3DF33FCC9BD1644BD14FCA330AA978500002BC9B6AF0000"	"\Divisions\ENV\Environmental Freeport\Roanoke Region Project Schedule\Roanoke Region Project Schedule"
"000000009598E9A20E04F041B38518182890A2D50100A3DF33FCC9BD1644BD14FCA330AA978500000E6C2EC80000"	"\Divisions\ENV\Environmental Hailey\114406 - PATH\Proj Coordination"
"000000009598E9A20E04F041B38518182890A2D50100A3DF33FCC9BD1644BD14FCA330AA978500001F0DDD420000"	"\Divisions\ENV\Environmental Hailey\115841 - TWE\DEIS Comments"
"000000009598E9A20E04F041B38518182890A2D50100572FF007A7D6B64CA96E5CFE8E1CC1A40000004813190000"	"\Divisions\ENV\Environmental Hailey\117390 - BHP Teckla - Osage - Rapid City 230kV\Admin Record\Public Open House June 28-30 2010"
"000000009598E9A20E04F041B38518182890A2D50100A3DF33FCC9BD1644BD14FCA330AA978500001F1A2FA20000"	"\Divisions\ENV\Environmental Hailey\118092 - Jackrabbit\DEIS\Admin"
"000000009598E9A20E04F041B38518182890A2D50100A3DF33FCC9BD1644BD14FCA330AA978500000E6C09580000"	"\Divisions\ENV\Environmental Hailey\123888 - Mtn Air Wind\PER"
"000000009598E9A20E04F041B38518182890A2D50100A3DF33FCC9BD1644BD14FCA330AA97850000235F9D110000"	"\Divisions\ENV\Environmental Hailey\124186_EGS\GeoTech Dept\Task Completions"
"000000009598E9A20E04F041B38518182890A2D50100A3DF33FCC9BD1644BD14FCA330AA978500000E76D5EE0000"	"\Divisions\ENV\Environmental Hailey\124186_EGS\Line Dept"
"000000009598E9A20E04F041B38518182890A2D50100A3DF33FCC9BD1644BD14FCA330AA978500001BE506260000"	"\Divisions\ENV\Environmental Hailey\124186_EGS\PPM\Engineering App"
"000000009598E9A20E04F041B38518182890A2D501001953B16A689BCD4AA8FC82955DB27CB1000001B4D1770000"	"\Divisions\ENV\Environmental Hailey\124186_EGS\PPM\Tasks Done"
"000000009598E9A20E04F041B38518182890A2D50100A3DF33FCC9BD1644BD14FCA330AA9785000018E4E2650000"	"\Divisions\ENV\Environmental Hailey\124186_EGS\Survey"
"000000009598E9A20E04F041B38518182890A2D50100A3DF33FCC9BD1644BD14FCA330AA978500001F1AB6AB0000"	"\Divisions\ENV\Environmental Hailey\126564 - Bagby-Reed\Meetings\Internal"
"000000009598E9A20E04F041B38518182890A2D50100A3DF33FCC9BD1644BD14FCA330AA978500001B7EFB970000"	"\Divisions\ENV\Environmental Hailey\128143 - R-Project (NPPD)\HCP/NEPA"
"000000009598E9A20E04F041B38518182890A2D50100A3DF33FCC9BD1644BD14FCA330AA978500001F0D65D30000"	"\Divisions\ENV\Environmental Hailey\131360 - Stegal-Scottsbluff\360 Notifications"
"000000009598E9A20E04F041B38518182890A2D50100572FF007A7D6B64CA96E5CFE8E1CC1A40000001BBDE30000"	"\Divisions\ENV\Environmental Hailey\NPPD\117292 - South Sioux City"
"000000009598E9A20E04F041B38518182890A2D50100A3DF33FCC9BD1644BD14FCA330AA97850000192E2BBF0000"	"\Divisions\ENV\Environmental Houston\118523_LCRA_Pkwy_To_FM_482_138kV\kAlbano"
"000000009598E9A20E04F041B38518182890A2D50100A3DF33FCC9BD1644BD14FCA330AA978500001A940B250000"	"\Divisions\ENV\Environmental Houston\130940_Elk City-Gracemont"
"000000009598E9A20E04F041B38518182890A2D50100A3DF33FCC9BD1644BD14FCA330AA978500001C88CB110000"	"\Divisions\ENV\Environmental Knoxville\133106 WILLIAMS-PERMIT REVIEW-BLUEGRASS P/L"
"000000009598E9A20E04F041B38518182890A2D50100CB7D9B6512D7374A860FE542D577039200000117E9B20000"	"\Divisions\ENV\Environmental Phoenix\122356 Arch Clear E Drexel Rd"
"000000009598E9A20E04F041B38518182890A2D50100CB7D9B6512D7374A860FE542D57703920000011748070000"	"\Divisions\ENV\Environmental Phoenix\122809 Qwest_12th Ave Arch Monitoring"
"000000009598E9A20E04F041B38518182890A2D50100A3DF33FCC9BD1644BD14FCA330AA978500001B3752390000"	"\Divisions\ENV\Environmental Phoenix\126996 CALPECO\Biology"
"000000009598E9A20E04F041B38518182890A2D50100A3DF33FCC9BD1644BD14FCA330AA978500001801648D0000"	"\Divisions\ENV\Environmental Phoenix\128280 Bank of Tucson_S-AZ Kart Club Skid Pad"
"000000009598E9A20E04F041B38518182890A2D50100A3DF33FCC9BD1644BD14FCA330AA978500001A3A490B0000"	"\Divisions\ENV\Environmental Phoenix\130904 NW Substation Env Monitor"
"000000009598E9A20E04F041B38518182890A2D50100A3DF33FCC9BD1644BD14FCA330AA978500001DE6F23E0000"	"\Divisions\ENV\Environmental Phoenix\134777 PNM SIL Study"
"000000009598E9A20E04F041B38518182890A2D50100A3DF33FCC9BD1644BD14FCA330AA978500001EF2C0F70000"	"\Divisions\ENV\Public Outreach and Communication\_Public Outreach and Communication\Public Outreach and Communication"
"000000009598E9A20E04F041B38518182890A2D501006C95E27D1ACA634AA1AADC20796388DD000000758F2A0000"	"\Divisions\ENV\Public Outreach and Communication\116828 M5"
"000000009598E9A20E04F041B38518182890A2D501006C95E27D1ACA634AA1AADC20796388DD000000C851520000"	"\Divisions\ENV\Public Outreach and Communication\118687 Graceton/Bagley"
"000000009598E9A20E04F041B38518182890A2D501006C95E27D1ACA634AA1AADC20796388DD000000D702700000"	"\Divisions\ENV\Public Outreach and Communication\121475 Osburn & Star Tailings Impnd"
"000000009598E9A20E04F041B38518182890A2D50100A3DF33FCC9BD1644BD14FCA330AA9785000018DC3CB80000"	"\Divisions\ENV\Public Outreach and Communication\122847 Alpine Fiber Trench1"
"000000009598E9A20E04F041B38518182890A2D501001953B16A689BCD4AA8FC82955DB27CB100000172E0330000"	"\Divisions\ENV\Public Outreach and Communication\124321 Franklin Substation (Pepco)"
"000000009598E9A20E04F041B38518182890A2D50100A3DF33FCC9BD1644BD14FCA330AA9785000023A205C50000"	"\Divisions\ENV\Public Outreach and Communication\125802  SDGE ED DR#9"
"000000009598E9A20E04F041B38518182890A2D50100A3DF33FCC9BD1644BD14FCA330AA9785000017449C7E0000"	"\Divisions\ENV\Public Outreach and Communication\127119 PEPCO_Moss Mill Substation"
"000000009598E9A20E04F041B38518182890A2D50100A3DF33FCC9BD1644BD14FCA330AA9785000017AE3A9D0000"	"\Divisions\ENV\Public Outreach and Communication\128028 City of Crouch"
"000000009598E9A20E04F041B38518182890A2D50100A3DF33FCC9BD1644BD14FCA330AA97850000199658D50000"	"\Divisions\ENV\Public Outreach and Communication\129949 SDGE CNF Video"
"000000009598E9A20E04F041B38518182890A2D50100A3DF33FCC9BD1644BD14FCA330AA978500001B2B50FB0000"	"\Divisions\ENV\Public Outreach and Communication\131702­AEP_Kenmore Sub Artistic Rend"
"000000009598E9A20E04F041B38518182890A2D50100A3DF33FCC9BD1644BD14FCA330AA978500001DCC79A40000"	"\Divisions\ENV\Public Outreach and Communication\133093 - PSE- Langley Tap"
"000000009598E9A20E04F041B38518182890A2D50100A3DF33FCC9BD1644BD14FCA330AA978500001E6A1CF00000"	"\Divisions\ENV\Public Outreach and Communication\134779-ATC-Badger-Coulee"
"000000009598E9A20E04F041B38518182890A2D50100A3DF33FCC9BD1644BD14FCA330AA978500001F25FFF40000"	"\Divisions\ENV\Public Outreach and Communication\135887 Parkrose Substation"
"000000009598E9A20E04F041B38518182890A2D50100A3DF33FCC9BD1644BD14FCA330AA97850000227B00C10000"	"\Divisions\ENV\Public Outreach and Communication\137403 Emera Sub and TLine Sims"
"000000009598E9A20E04F041B38518182890A2D50100A3DF33FCC9BD1644BD14FCA330AA9785000023E989180000"	"\Divisions\ENV\Public Outreach and Communication\139158 Snyderville Sims"
"000000009598E9A20E04F041B38518182890A2D50100A3DF33FCC9BD1644BD14FCA330AA9785000026274E4B0000"	"\Divisions\ENV\Public Outreach and Communication\140218 AEP Malita Substation"
"000000009598E9A20E04F041B38518182890A2D50100A3DF33FCC9BD1644BD14FCA330AA978500002A19D7F50000"	"\Divisions\ENV\Public Outreach and Communication\141400 – Recruiting Tool"
"000000009598E9A20E04F041B38518182890A2D50100A3DF33FCC9BD1644BD14FCA330AA978500002CB014E80000"	"\Divisions\ENV\Public Outreach and Communication\143005 EXELON Corson-MDL-Lake 69kV Rebuild"
"000000009598E9A20E04F041B38518182890A2D5010012225CC57BF01F4EA8CCA87A792FF35F00006291C9B50000"	"\Divisions\ENV\Public Outreach and Communication\144357 - CMP Western Maine Presentation"
"000000009598E9A20E04F041B38518182890A2D5010012225CC57BF01F4EA8CCA87A792FF35F00009B0B6D170000"	"\Divisions\ENV\Public Outreach and Communication\145717  Tradewinds Solar"
"000000009598E9A20E04F041B38518182890A2D5010012225CC57BF01F4EA8CCA87A792FF35F000124BAED940000"	"\Divisions\ENV\Public Outreach and Communication\148488 - ITC: Big Chino Valley Pumped Storage"
"000000009598E9A20E04F041B38518182890A2D501006C95E27D1ACA634AA1AADC20796388DD0000006EF71D0000"	"\Divisions\ENV\Public Outreach and Communication\BD"
"000000009598E9A20E04F041B38518182890A2D50100A3DF33FCC9BD1644BD14FCA330AA9785000023EB727B0000"	"\Divisions\ENV\Public Outreach and Communication\KevinLincolnBoard_2015"
"000000009598E9A20E04F041B38518182890A2D50100A3DF33FCC9BD1644BD14FCA330AA97850000225353E90000"	"\Divisions\ENV\Public Outreach and Communication\Websites"
"000000009598E9A20E04F041B38518182890A2D5010012225CC57BF01F4EA8CCA87A792FF35F0000B7D8B1E90000"	"\Divisions\Facilities \Projects"
"000000009598E9A20E04F041B38518182890A2D50100A3DF33FCC9BD1644BD14FCA330AA978500001D7AEBB50000"	"\Divisions\GIS"
"000000009598E9A20E04F041B38518182890A2D5010012225CC57BF01F4EA8CCA87A792FF35F00073D4CD1170000"	"\Divisions\Industrial\Facilities Process Group"
"000000009598E9A20E04F041B38518182890A2D50100A3DF33FCC9BD1644BD14FCA330AA978500000EB8699E0000"	"\Divisions\Industrial\Food Systems\Company Contacts"
"000000009598E9A20E04F041B38518182890A2D501001296C725372D7F4B86B758A22EA3141B000000550BC40000"	"\Divisions\Industrial\Generation\ATL Mechanical\Mechanical Calendar"
"000000009598E9A20E04F041B38518182890A2D501006C95E27D1ACA634AA1AADC20796388DD00000048DA270000"	"\Divisions\Industrial\Project Control\PC/SS Out of Office"
"000000009598E9A20E04F041B38518182890A2D50100A3DF33FCC9BD1644BD14FCA330AA978500002307260C0000"	"\Divisions\Operations\Corporate Project Mgmt"
"000000009598E9A20E04F041B38518182890A2D50100572FF007A7D6B64CA96E5CFE8E1CC1A40000001292370000"	"\Divisions\Operations\Finance\Taxes\Angola\ANGOLA-OLD"
"000000009598E9A20E04F041B38518182890A2D501001296C725372D7F4B86B758A22EA3141B00000072358C0000"	"\Divisions\Operations\Finance\Taxes\AZ\Copper Verde"
"000000009598E9A20E04F041B38518182890A2D50100572FF007A7D6B64CA96E5CFE8E1CC1A40000003D81510000"	"\Divisions\Operations\Finance\Taxes\CA\Blythe"
"000000009598E9A20E04F041B38518182890A2D50100572FF007A7D6B64CA96E5CFE8E1CC1A40000003D81460000"	"\Divisions\Operations\Finance\Taxes\CA\Visual Genesis"
"000000009598E9A20E04F041B38518182890A2D50100572FF007A7D6B64CA96E5CFE8E1CC1A400000036CDF80000"	"\Divisions\Operations\Finance\Taxes\CANADA\Ontario\York-Difazio"
"000000009598E9A20E04F041B38518182890A2D50100572FF007A7D6B64CA96E5CFE8E1CC1A40000000D5E4B0000"	"\Divisions\Operations\Finance\Taxes\Costa Rica"
"000000009598E9A20E04F041B38518182890A2D501001296C725372D7F4B86B758A22EA3141B000000635ECD0000"	"\Divisions\Operations\Finance\Taxes\IA"
"000000009598E9A20E04F041B38518182890A2D501001296C725372D7F4B86B758A22EA3141B0000003D970F0000"	"\Divisions\Operations\Finance\Taxes\ME"
"000000009598E9A20E04F041B38518182890A2D50100572FF007A7D6B64CA96E5CFE8E1CC1A4000000105F9F0000"	"\Divisions\Operations\Finance\Taxes\NM\115142 San Juan Mesa"
"000000009598E9A20E04F041B38518182890A2D50100572FF007A7D6B64CA96E5CFE8E1CC1A40000001647A10000"	"\Divisions\Operations\Finance\Taxes\NM\Tri-State\106646-Clapham"
"000000009598E9A20E04F041B38518182890A2D501001296C725372D7F4B86B758A22EA3141B0000006C99B50000"	"\Divisions\Operations\Finance\Taxes\SD"
"000000009598E9A20E04F041B38518182890A2D50100CB7D9B6512D7374A860FE542D5770392000001184FCE0000"	"\Divisions\Operations\Finance\Taxes\TAX ALERT - PROJECTS\NC"
"000000009598E9A20E04F041B38518182890A2D501001296C725372D7F4B86B758A22EA3141B00000074E2920000"	"\Divisions\Operations\Finance\Taxes\UT"
"000000009598E9A20E04F041B38518182890A2D50100572FF007A7D6B64CA96E5CFE8E1CC1A40000001A6DBF0000"	"\Divisions\Operations\Finance\Taxes\WA\Simplot"
"000000009598E9A20E04F041B38518182890A2D50100A3DF33FCC9BD1644BD14FCA330AA97850000226249E70000"	"\Divisions\Operations\HR\Information Technology"
"000000009598E9A20E04F041B38518182890A2D50100572FF007A7D6B64CA96E5CFE8E1CC1A400000020846A0000"	"\Divisions\Operations\Information Technology\Help Desk\Help Desk Discussion"
"000000009598E9A20E04F041B38518182890A2D5010012225CC57BF01F4EA8CCA87A792FF35F00001ACFFD4D0000"	"\Divisions\Operations\Information Technology\Networking\Test network folder 2"
"000000009598E9A20E04F041B38518182890A2D50100A3DF33FCC9BD1644BD14FCA330AA9785000016726C330000"	"\Divisions\Operations\Office Build-Out Projects Folder"
"000000009598E9A20E04F041B38518182890A2D50100A3DF33FCC9BD1644BD14FCA330AA9785000016F5F6920000"	"\Divisions\Operations\Office Build-Out Projects Folder\Projects\2012MAD01NEW"
"000000009598E9A20E04F041B38518182890A2D50100A3DF33FCC9BD1644BD14FCA330AA9785000016F57F390000"	"\Divisions\Operations\Office Build-Out Projects Folder\Projects\2012SAC01EXP\Proposals/Workplans"
"000000009598E9A20E04F041B38518182890A2D5010012225CC57BF01F4EA8CCA87A792FF35F0001400D771E0000"	"\Divisions\Operations\Ops Facilities"
"000000009598E9A20E04F041B38518182890A2D50100A3DF33FCC9BD1644BD14FCA330AA978500002D701E5A0000"	"\Divisions\PD\AEP – TCL/SCADA"
"000000009598E9A20E04F041B38518182890A2D5010012225CC57BF01F4EA8CCA87A792FF35F00060BF964810000"	"\Divisions\PD\Distribution Services\Dept. 1018"
"000000009598E9A20E04F041B38518182890A2D5010012225CC57BF01F4EA8CCA87A792FF35F000366AF5CA20000"	"\Divisions\PD\Distribution Services\Dept. 390\Dept 390_Vehicle"
"000000009598E9A20E04F041B38518182890A2D50100A3DF33FCC9BD1644BD14FCA330AA978500001E233C1C0000"	"\Divisions\PD\Distribution Services\Distribution Design Services\134941 Still Water"
"000000009598E9A20E04F041B38518182890A2D50100A3DF33FCC9BD1644BD14FCA330AA9785000021DA0BA30000"	"\Divisions\PD\Distribution Services\Distribution Design Services\137733"
"000000009598E9A20E04F041B38518182890A2D50100A3DF33FCC9BD1644BD14FCA330AA9785000028BEE6290000"	"\Divisions\PD\Distribution Services\Distribution Design Services\141187 - PGE West Union OH-UG CONV"
"000000009598E9A20E04F041B38518182890A2D50100A3DF33FCC9BD1644BD14FCA330AA978500002C9E5CCB0000"	"\Divisions\PD\Distribution Services\Distribution Design Services\142899 - TXDOT IH820 SH 121"
"000000009598E9A20E04F041B38518182890A2D5010012225CC57BF01F4EA8CCA87A792FF35F0001954A99E30000"	"\Divisions\PD\Distribution Services\Distribution Design Services\145132 - DISTRIBUTION CONST STANDARDS\PW Upload"
"000000009598E9A20E04F041B38518182890A2D5010012225CC57BF01F4EA8CCA87A792FF35F0000AACB73C50000"	"\Divisions\PD\Distribution Services\Distribution Design Services\146156 - WEST TX DISTR INSPECT 2017-1"
"000000009598E9A20E04F041B38518182890A2D5010012225CC57BF01F4EA8CCA87A792FF35F0000C6905D1B0000"	"\Divisions\PD\Distribution Services\Distribution Design Services\146608 - 2018BEN01 ALEDO SUB-INSTALL"
"000000009598E9A20E04F041B38518182890A2D5010012225CC57BF01F4EA8CCA87A792FF35F0000F27BC6A70000"	"\Divisions\PD\Distribution Services\Distribution Design Services\147620 - DENTON AVE- MAPLE DR TUB"
"000000009598E9A20E04F041B38518182890A2D5010012225CC57BF01F4EA8CCA87A792FF35F0000F38658610000"	"\Divisions\PD\Distribution Services\Distribution Design Services\147669 - WLNUT-9007"
"000000009598E9A20E04F041B38518182890A2D5010012225CC57BF01F4EA8CCA87A792FF35F00010FCB09C30000"	"\Divisions\PD\Distribution Services\Distribution Design Services\148319 - HELIJET RELAY SETTINGS"
"000000009598E9A20E04F041B38518182890A2D5010012225CC57BF01F4EA8CCA87A792FF35F0005C183DE930000"	"\Divisions\PD\Distribution Services\Out of Office - AEP Distribution\Out of Office - AEP Distribution\Calendar"
"000000009598E9A20E04F041B38518182890A2D50100E34BFE500669CD49AC2E27C6C54DE39D0000002688320000"	"\Divisions\PD\Distribution Services\Substation Benbrook\117736_Houston Oneok Sta 5"
"000000009598E9A20E04F041B38518182890A2D50100A3DF33FCC9BD1644BD14FCA330AA978500000EA6BB140000"	"\Divisions\PD\Distribution Services\Substation Benbrook\117766_FEC NTMWD Able Springs\SRM"
"000000009598E9A20E04F041B38518182890A2D50100A3DF33FCC9BD1644BD14FCA330AA97850000172DCD5D0000"	"\Divisions\PD\Distribution Services\Substation Benbrook\117815_Peach Ck Sub 230kV Conv\DP"
"000000009598E9A20E04F041B38518182890A2D50100E34BFE500669CD49AC2E27C6C54DE39D00000027C7130000"	"\Divisions\PD\Distribution Services\Substation Benbrook\117866_ETEC Sub Inspect"
"000000009598E9A20E04F041B38518182890A2D50100E34BFE500669CD49AC2E27C6C54DE39D0000002688390000"	"\Divisions\PD\Distribution Services\Substation Benbrook\117893_NETEC SCADA"
"000000009598E9A20E04F041B38518182890A2D50100A3DF33FCC9BD1644BD14FCA330AA97850000173BBE660000"	"\Divisions\PD\Distribution Services\Substation Benbrook\117928_Peach Ck Sub 230kV Conv\BMP"
"000000009598E9A20E04F041B38518182890A2D50100E34BFE500669CD49AC2E27C6C54DE39D0000002687C10000"	"\Divisions\PD\Distribution Services\Substation Benbrook\117956_DETEC Fitze Timpson"
"000000009598E9A20E04F041B38518182890A2D50100A3DF33FCC9BD1644BD14FCA330AA97850000256C0C450000"	"\Divisions\PD\Distribution Services\Substation Benbrook\118605 _Center South Auto Station\SRM"
"000000009598E9A20E04F041B38518182890A2D501001953B16A689BCD4AA8FC82955DB27CB1000001315C8F0000"	"\Divisions\PD\Distribution Services\Substation Benbrook\121185_UCS_Gen Eng"
"000000009598E9A20E04F041B38518182890A2D50100A3DF33FCC9BD1644BD14FCA330AA978500001B46A1D90000"	"\Divisions\PD\Distribution Services\Substation Benbrook\122050_TVEC_Canton Upgrade\DP"
"000000009598E9A20E04F041B38518182890A2D50100A3DF33FCC9BD1644BD14FCA330AA978500001903C1F80000"	"\Divisions\PD\Distribution Services\Substation Benbrook\123384_GVEC_Lost Ck\SRM"
"000000009598E9A20E04F041B38518182890A2D501001953B16A689BCD4AA8FC82955DB27CB10000012D01450000"	"\Divisions\PD\Distribution Services\Substation Benbrook\124102_BCEC_Doug-Red"
"000000009598E9A20E04F041B38518182890A2D50100A3DF33FCC9BD1644BD14FCA330AA978500001760B2770000"	"\Divisions\PD\Distribution Services\Substation Benbrook\127518_WCEC_Morris Chapel"
"000000009598E9A20E04F041B38518182890A2D50100A3DF33FCC9BD1644BD14FCA330AA97850000230FB8910000"	"\Divisions\PD\Distribution Services\Substation Benbrook\129557\SRM"
"000000009598E9A20E04F041B38518182890A2D50100A3DF33FCC9BD1644BD14FCA330AA978500001AFDB28B0000"	"\Divisions\PD\Distribution Services\Substation Benbrook\131641_TVEC_Talty Xfrmr"
"000000009598E9A20E04F041B38518182890A2D50100A3DF33FCC9BD1644BD14FCA330AA978500001B8AB25F0000"	"\Divisions\PD\Distribution Services\Substation Benbrook\132595_SHECO_Moss Hill Sub"
"000000009598E9A20E04F041B38518182890A2D5010012225CC57BF01F4EA8CCA87A792FF35F0000E19463E80000"	"\Divisions\PD\Distribution Services\Substation Benbrook\134510\SRM"
"000000009598E9A20E04F041B38518182890A2D50100A3DF33FCC9BD1644BD14FCA330AA97850000230FB9260000"	"\Divisions\PD\Distribution Services\Substation Benbrook\136663\SRM"
"000000009598E9A20E04F041B38518182890A2D50100A3DF33FCC9BD1644BD14FCA330AA978500002356EFD20000"	"\Divisions\PD\Distribution Services\Substation Benbrook\138809_SHECO_Hightower Bkr"
"000000009598E9A20E04F041B38518182890A2D50100A3DF33FCC9BD1644BD14FCA330AA9785000027280A7B0000"	"\Divisions\PD\Distribution Services\Substation Benbrook\140501_Wheatland_Bluff City"
"000000009598E9A20E04F041B38518182890A2D5010012225CC57BF01F4EA8CCA87A792FF35F0000B677F3570000"	"\Divisions\PD\Distribution Services\Substation Benbrook\143762_WhEC_Rago Substation"
"000000009598E9A20E04F041B38518182890A2D5010012225CC57BF01F4EA8CCA87A792FF35F00008E42922B0000"	"\Divisions\PD\Distribution Services\Substation Benbrook\145089_HoCEC_System Coord Studies"
"000000009598E9A20E04F041B38518182890A2D5010012225CC57BF01F4EA8CCA87A792FF35F0000E22DFFF60000"	"\Divisions\PD\Distribution Services\Substation Benbrook\147037_ETEC_Grplnd-Crcktt T-Line Mods"
"000000009598E9A20E04F041B38518182890A2D5010012225CC57BF01F4EA8CCA87A792FF35F000155CA54550000"	"\Divisions\PD\FCS - Overland Park\FCS - Overland Park"
"000000009598E9A20E04F041B38518182890A2D50100A3DF33FCC9BD1644BD14FCA330AA978500001F25A0AC0000"	"\Divisions\PD\Line Ann Arbor\135291.003 Pete"
"000000009598E9A20E04F041B38518182890A2D5010012225CC57BF01F4EA8CCA87A792FF35F0002BD7B694F0000"	"\Divisions\PD\Line Austin\132044 Z21.2/Z86 DMNDBCK-CDR LKS 69KV"
"000000009598E9A20E04F041B38518182890A2D5010012225CC57BF01F4EA8CCA87A792FF35F0002BD7B69650000"	"\Divisions\PD\Line Austin\137282 T616 LEANDER-ROUND ROCK UG EST"
"000000009598E9A20E04F041B38518182890A2D5010012225CC57BF01F4EA8CCA87A792FF35F000105ED97A20000"	"\Divisions\PD\Line Austin\142362 LST Storm Hardening HWY 84"
"000000009598E9A20E04F041B38518182890A2D5010012225CC57BF01F4EA8CCA87A792FF35F0000E22DFFF40000"	"\Divisions\PD\Line Austin\147039 T448 HRSHOE BAY-GILLESPIE OPGW"
"000000009598E9A20E04F041B38518182890A2D5010012225CC57BF01F4EA8CCA87A792FF35F0002BD7B697B0000"	"\Divisions\PD\Line Austin\155887 LST 2019 WHITEHORSE WIND LINE"
"000000009598E9A20E04F041B38518182890A2D501006C95E27D1ACA634AA1AADC20796388DD000000DD7E480000"	"\Divisions\PD\Line Boise\00-DMS Upload\113659 Lk_Yankton\Geo-Tech"
"000000009598E9A20E04F041B38518182890A2D501006C95E27D1ACA634AA1AADC20796388DD0000004F1EDC0000"	"\Divisions\PD\Line Boise\114411 Gateway\Enviro"
"000000009598E9A20E04F041B38518182890A2D501006C95E27D1ACA634AA1AADC20796388DD0000004B45830000"	"\Divisions\PD\Line Boise\114411 Gateway\Specs"
"000000009598E9A20E04F041B38518182890A2D50100A3DF33FCC9BD1644BD14FCA330AA978500001C11773B0000"	"\Divisions\PD\Line Boise\114648 ON Line\Mtg Minutes\NPC ENTI"
"000000009598E9A20E04F041B38518182890A2D501006C95E27D1ACA634AA1AADC20796388DD0000009FAD120000"	"\Divisions\PD\Line Boise\115349 Devers Valley\Access Roads"
"000000009598E9A20E04F041B38518182890A2D50100A3DF33FCC9BD1644BD14FCA330AA978500001758B52F0000"	"\Divisions\PD\Line Boise\115349 Devers Valley\Schedule-Reports"
"000000009598E9A20E04F041B38518182890A2D501006C95E27D1ACA634AA1AADC20796388DD000000B497200000"	"\Divisions\PD\Line Boise\117207_SWIP South\OPGW"
"000000009598E9A20E04F041B38518182890A2D50100A3DF33FCC9BD1644BD14FCA330AA978500001775866F0000"	"\Divisions\PD\Line Boise\117910_Fargo_Alexandria\Alex-Bison Design\Fdn Constr"
"000000009598E9A20E04F041B38518182890A2D50100A3DF33FCC9BD1644BD14FCA330AA978500001C6BB7EA0000"	"\Divisions\PD\Line Boise\117910_Fargo_Alexandria\Galloping\Hubbell"
"000000009598E9A20E04F041B38518182890A2D50100A3DF33FCC9BD1644BD14FCA330AA978500001EFE3EFC0000"	"\Divisions\PD\Line Boise\117910_Fargo_Alexandria\QA-QC\LappRibe IPS"
"000000009598E9A20E04F041B38518182890A2D50100CB7D9B6512D7374A860FE542D577039200000119972A0000"	"\Divisions\PD\Line Boise\117910_Fargo_Alexandria\Quarry-Alex Design\Schedule"
"000000009598E9A20E04F041B38518182890A2D501006C95E27D1ACA634AA1AADC20796388DD000000CD6A2B0000"	"\Divisions\PD\Line Boise\120092_Croydon RR"
"000000009598E9A20E04F041B38518182890A2D501001953B16A689BCD4AA8FC82955DB27CB10000012488110000"	"\Divisions\PD\Line Boise\120092_Croydon RR\SUBMITTALS"
"000000009598E9A20E04F041B38518182890A2D501001953B16A689BCD4AA8FC82955DB27CB1000000EA7A290000"	"\Divisions\PD\Line Boise\123332 CTF River Crossing\Contacts"
"000000009598E9A20E04F041B38518182890A2D50100A3DF33FCC9BD1644BD14FCA330AA9785000017706A4B0000"	"\Divisions\PD\Line Boise\123332 CTF River Crossing\Ped. Bridge"
"000000009598E9A20E04F041B38518182890A2D501001953B16A689BCD4AA8FC82955DB27CB1000001E052080000"	"\Divisions\PD\Line Boise\124186_EGS"
"000000009598E9A20E04F041B38518182890A2D501001953B16A689BCD4AA8FC82955DB27CB1000001B570410000"	"\Divisions\PD\Line Boise\124464_RTRP\111728 - RTRP\AGENCY\RCFC"
"000000009598E9A20E04F041B38518182890A2D50100A3DF33FCC9BD1644BD14FCA330AA978500001ABA371B0000"	"\Divisions\PD\Line Boise\124464_RTRP\Construction"
"000000009598E9A20E04F041B38518182890A2D50100A3DF33FCC9BD1644BD14FCA330AA9785000028348E080000"	"\Divisions\PD\Line Boise\124737 XCEL-GIST2-PSCO-LINE RATING ANY\PHASE 3\Ph 2 Verifications"
"000000009598E9A20E04F041B38518182890A2D501001953B16A689BCD4AA8FC82955DB27CB1000001EE567E0000"	"\Divisions\PD\Line Boise\124737 XCEL-GIST2-PSCO-LINE RATING ANY\Priority_1\RFI"
"000000009598E9A20E04F041B38518182890A2D50100A3DF33FCC9BD1644BD14FCA330AA97850000171CED0F0000"	"\Divisions\PD\Line Boise\124737 XCEL-GIST2-PSCO-LINE RATING ANY\Priority_2\Transmittals"
"000000009598E9A20E04F041B38518182890A2D50100A3DF33FCC9BD1644BD14FCA330AA9785000018DB14E40000"	"\Divisions\PD\Line Boise\126498 XCEL-N ROCHESTER-MISSISSIPPI"
"000000009598E9A20E04F041B38518182890A2D50100A3DF33FCC9BD1644BD14FCA330AA9785000019C48B250000"	"\Divisions\PD\Line Boise\126822 XCEL-0844 BLACK DOG-SAVAGE\Design\Towers"
"000000009598E9A20E04F041B38518182890A2D50100A3DF33FCC9BD1644BD14FCA330AA9785000017E6DCCB0000"	"\Divisions\PD\Line Boise\126822 XCEL-0844 BLACK DOG-SAVAGE\RFI"
"000000009598E9A20E04F041B38518182890A2D50100A3DF33FCC9BD1644BD14FCA330AA978500001728A0580000"	"\Divisions\PD\Line Boise\126981 XCEL-GIST-III Phase 2 Priority 2\Admin"
"000000009598E9A20E04F041B38518182890A2D50100A3DF33FCC9BD1644BD14FCA330AA97850000175C21040000"	"\Divisions\PD\Line Boise\126981 XCEL-GIST-III Phase 2 Priority 2\Data\0989"
"000000009598E9A20E04F041B38518182890A2D50100A3DF33FCC9BD1644BD14FCA330AA97850000175C26460000"	"\Divisions\PD\Line Boise\126981 XCEL-GIST-III Phase 2 Priority 2\Design\W3206"
"000000009598E9A20E04F041B38518182890A2D50100A3DF33FCC9BD1644BD14FCA330AA97850000179909210000"	"\Divisions\PD\Line Boise\126981 XCEL-GIST-III Phase 2 Priority 2\Materials\0976"
"000000009598E9A20E04F041B38518182890A2D50100A3DF33FCC9BD1644BD14FCA330AA9785000019444E620000"	"\Divisions\PD\Line Boise\126981 XCEL-GIST-III Phase 2 Priority 2\Remediation\0976/0989"
"000000009598E9A20E04F041B38518182890A2D50100A3DF33FCC9BD1644BD14FCA330AA978500001803C2120000"	"\Divisions\PD\Line Boise\126981 XCEL-GIST-III Phase 2 Priority 2\Survey"
"000000009598E9A20E04F041B38518182890A2D50100A3DF33FCC9BD1644BD14FCA330AA978500001C5D33580000"	"\Divisions\PD\Line Boise\127327 Helmand\Trans Design\99% Submittal"
"000000009598E9A20E04F041B38518182890A2D50100A3DF33FCC9BD1644BD14FCA330AA9785000019BCF0420000"	"\Divisions\PD\Line Boise\128118_MP_AC Line Rating_2\026L"
"000000009598E9A20E04F041B38518182890A2D50100A3DF33FCC9BD1644BD14FCA330AA9785000019BC5EE80000"	"\Divisions\PD\Line Boise\128118_MP_AC Line Rating_2\049L"
"000000009598E9A20E04F041B38518182890A2D50100A3DF33FCC9BD1644BD14FCA330AA97850000199D8BEB0000"	"\Divisions\PD\Line Boise\128118_MP_AC Line Rating_2\070L"
"000000009598E9A20E04F041B38518182890A2D50100A3DF33FCC9BD1644BD14FCA330AA97850000199D94080000"	"\Divisions\PD\Line Boise\128118_MP_AC Line Rating_2\131L"
"000000009598E9A20E04F041B38518182890A2D50100A3DF33FCC9BD1644BD14FCA330AA978500001846001D0000"	"\Divisions\PD\Line Boise\128118_MP_AC Line Rating_2\Design_Criteria"
"000000009598E9A20E04F041B38518182890A2D50100A3DF33FCC9BD1644BD14FCA330AA9785000018B591AA0000"	"\Divisions\PD\Line Boise\128911 Xcel-GIST 3- PHASE 2- LRV PTY 3\Data"
"000000009598E9A20E04F041B38518182890A2D50100A3DF33FCC9BD1644BD14FCA330AA978500001A2EF9610000"	"\Divisions\PD\Line Boise\128911 Xcel-GIST 3- PHASE 2- LRV PTY 3\Design\0875"
"000000009598E9A20E04F041B38518182890A2D50100A3DF33FCC9BD1644BD14FCA330AA978500001A1BC36F0000"	"\Divisions\PD\Line Boise\128911 Xcel-GIST 3- PHASE 2- LRV PTY 3\Estimates & WO\0877"
"000000009598E9A20E04F041B38518182890A2D50100A3DF33FCC9BD1644BD14FCA330AA978500001B81BFB00000"	"\Divisions\PD\Line Boise\128911 Xcel-GIST 3- PHASE 2- LRV PTY 3\Materials\0883"
"000000009598E9A20E04F041B38518182890A2D50100A3DF33FCC9BD1644BD14FCA330AA9785000019B7F5810000"	"\Divisions\PD\Line Boise\128911 Xcel-GIST 3- PHASE 2- LRV PTY 3\Remediation\0877"
"000000009598E9A20E04F041B38518182890A2D50100A3DF33FCC9BD1644BD14FCA330AA978500001B81B17B0000"	"\Divisions\PD\Line Boise\128911 Xcel-GIST 3- PHASE 2- LRV PTY 3\Schedule\0883"
"000000009598E9A20E04F041B38518182890A2D50100A3DF33FCC9BD1644BD14FCA330AA9785000018ED4D4C0000"	"\Divisions\PD\Line Boise\128911 Xcel-GIST 3- PHASE 2- LRV PTY 3\Transmittals\0814"
"000000009598E9A20E04F041B38518182890A2D50100A3DF33FCC9BD1644BD14FCA330AA978500001AFB258B0000"	"\Divisions\PD\Line Boise\128911 Xcel-GIST 3- PHASE 2- LRV PTY 3\Transmittals\5527"
"000000009598E9A20E04F041B38518182890A2D50100A3DF33FCC9BD1644BD14FCA330AA978500001B1694340000"	"\Divisions\PD\Line Boise\130412 Xcel (MN) NSP GIST-3 Ph 3\Lattice"
"000000009598E9A20E04F041B38518182890A2D50100A3DF33FCC9BD1644BD14FCA330AA9785000019BC62FC0000"	"\Divisions\PD\Line Boise\130413 Xcel (WI) NSP GIST-3 Ph 3"
"000000009598E9A20E04F041B38518182890A2D50100A3DF33FCC9BD1644BD14FCA330AA97850000210488C80000"	"\Divisions\PD\Line Boise\131302 131500 131501 XCEL W3203 W3509 SEV-TRM\Estimates\SE_Refresh_W3607_W3205"
"000000009598E9A20E04F041B38518182890A2D50100A3DF33FCC9BD1644BD14FCA330AA978500001B64AE840000"	"\Divisions\PD\Line Boise\131365 Xcel SW MN GALLOPING INVESTGTN RMD\Constr"
"000000009598E9A20E04F041B38518182890A2D50100A3DF33FCC9BD1644BD14FCA330AA978500001CB7A2690000"	"\Divisions\PD\Line Boise\132072 XCEL-L0953 RECONDUCTOR\Design\Weather Study"
"000000009598E9A20E04F041B38518182890A2D50100A3DF33FCC9BD1644BD14FCA330AA978500002494FE2B0000"	"\Divisions\PD\Line Boise\132155 PSE Eastside\OPGW Size Ground Faults"
"000000009598E9A20E04F041B38518182890A2D50100A3DF33FCC9BD1644BD14FCA330AA978500001DA07E410000"	"\Divisions\PD\Line Boise\134091 PAC Croy-DV\00_PEI-Internal"
"000000009598E9A20E04F041B38518182890A2D50100A3DF33FCC9BD1644BD14FCA330AA978500001DD470190000"	"\Divisions\PD\Line Boise\134091 PAC Croy-DV\03_Survey-ROW"
"000000009598E9A20E04F041B38518182890A2D50100A3DF33FCC9BD1644BD14FCA330AA978500001F255FF10000"	"\Divisions\PD\Line Boise\134473 PCorp Coalville SLV CRK\01_Submittals-wDMS#\E_Material\E0_SP-Bids"
"000000009598E9A20E04F041B38518182890A2D50100A3DF33FCC9BD1644BD14FCA330AA978500001DD75E3C0000"	"\Divisions\PD\Line Boise\134473 PCorp Coalville SLV CRK\07_Distribution"
"000000009598E9A20E04F041B38518182890A2D50100A3DF33FCC9BD1644BD14FCA330AA978500001DD6894C0000"	"\Divisions\PD\Line Boise\134474 PCorp Croydon-Coalville\01_Submittals-wDMS#\G_Record Drawings"
"000000009598E9A20E04F041B38518182890A2D501001953B16A689BCD4AA8FC82955DB27CB1000001D029330000"	"\Divisions\PD\Line Boise\135116 SunZia\116500_Sunzia\COMPlan"
"000000009598E9A20E04F041B38518182890A2D501006C95E27D1ACA634AA1AADC20796388DD000000A919240000"	"\Divisions\PD\Line Boise\135116 SunZia\116500_Sunzia\Toward Design & Construction"
"000000009598E9A20E04F041B38518182890A2D50100A3DF33FCC9BD1644BD14FCA330AA978500002308FD6F0000"	"\Divisions\PD\Line Boise\136620 XCEL-0729 Rplce Pole (See also 133657)\Estimates"
"000000009598E9A20E04F041B38518182890A2D50100A3DF33FCC9BD1644BD14FCA330AA9785000021B3DCC00000"	"\Divisions\PD\Line Boise\137494 Xcel PSCo 9255 RAY LEWIS-PNCHA REBLD \ADMIN"
"000000009598E9A20E04F041B38518182890A2D5010012225CC57BF01F4EA8CCA87A792FF35F00000A50CB100000"	"\Divisions\PD\Line Boise\137979 GNTL TLine\01_Admin"
"000000009598E9A20E04F041B38518182890A2D50100A3DF33FCC9BD1644BD14FCA330AA97850000238CA4BA0000"	"\Divisions\PD\Line Boise\138958 XCEL - 5509 ELR & LC"
"000000009598E9A20E04F041B38518182890A2D50100A3DF33FCC9BD1644BD14FCA330AA97850000286383FF0000"	"\Divisions\PD\Line Boise\141086-XCEL NSPW Landworks"
"000000009598E9A20E04F041B38518182890A2D50100A3DF33FCC9BD1644BD14FCA330AA978500002CBA3A7E0000"	"\Divisions\PD\Line Boise\142076 FS White Wing Ranch"
"000000009598E9A20E04F041B38518182890A2D5010012225CC57BF01F4EA8CCA87A792FF35F0000672391570000"	"\Divisions\PD\Line Boise\144784 39th-Bann"
"000000009598E9A20E04F041B38518182890A2D5010012225CC57BF01F4EA8CCA87A792FF35F0000D7BBE2AB0000"	"\Divisions\PD\Line Boise\146436 Tesoro Sub4-SS1"
"000000009598E9A20E04F041B38518182890A2D5010012225CC57BF01F4EA8CCA87A792FF35F000207D44E9E0000"	"\Divisions\PD\Line Boise\146854 TWE PRE-CON_OE\ENG"
"000000009598E9A20E04F041B38518182890A2D5010012225CC57BF01F4EA8CCA87A792FF35F00018500D2090000"	"\Divisions\PD\Line Boise\151159 Terra Gen SDW"
"000000009598E9A20E04F041B38518182890A2D5010012225CC57BF01F4EA8CCA87A792FF35F0002C1A0F0B90000"	"\Divisions\PD\Line Boise\154320 Ten West\154320 10W APS"
"000000009598E9A20E04F041B38518182890A2D5010012225CC57BF01F4EA8CCA87A792FF35F0002548EA6D00000"	"\Divisions\PD\Line Boise\154320 Ten West\154320 10W ROW"
"000000009598E9A20E04F041B38518182890A2D5010012225CC57BF01F4EA8CCA87A792FF35F00028774B26D0000"	"\Divisions\PD\Line Boise\157347 AEP Albany-Rainey Crk"
"000000009598E9A20E04F041B38518182890A2D5010012225CC57BF01F4EA8CCA87A792FF35F000312A49F510000"	"\Divisions\PD\Line Boise\161088 IPC Star to Beacon"
"000000009598E9A20E04F041B38518182890A2D501001953B16A689BCD4AA8FC82955DB27CB10000011A5CCA0000"	"\Divisions\PD\Line Boise\Line-Rating-Projects\PacifiCorp"
"000000009598E9A20E04F041B38518182890A2D501001953B16A689BCD4AA8FC82955DB27CB10000011FEB120000"	"\Divisions\PD\Line Boise\Line-Rating-Projects\PacifiCorp\P02"
"000000009598E9A20E04F041B38518182890A2D50100A3DF33FCC9BD1644BD14FCA330AA978500001676E7950000"	"\Divisions\PD\Line Boise\Line-Rating-Projects\PacifiCorp2\B04"
"000000009598E9A20E04F041B38518182890A2D50100A3DF33FCC9BD1644BD14FCA330AA978500001676E7EE0000"	"\Divisions\PD\Line Boise\Line-Rating-Projects\PacifiCorp2\BB11"
"000000009598E9A20E04F041B38518182890A2D50100A3DF33FCC9BD1644BD14FCA330AA978500001CC616A00000"	"\Divisions\PD\Line Boise\Xcel_Energy_Standards\On-Off-Badge-Training\2014_Training"
"000000009598E9A20E04F041B38518182890A2D5010012225CC57BF01F4EA8CCA87A792FF35F0007ED743EBE0000"	"\Divisions\PD\Line Boise\Xcel_Energy_Standards\On-Off-Badge-Training\2025 Training"
"000000009598E9A20E04F041B38518182890A2D5010012225CC57BF01F4EA8CCA87A792FF35F000366AF5CA00000"	"\Divisions\PD\Line Boise\Xcel_Energy_Standards\On-Off-Badge-Training\On-Boarding_Prev 07-01-21\Agbara (fka EDS)"
"000000009598E9A20E04F041B38518182890A2D5010012225CC57BF01F4EA8CCA87A792FF35F00056AB3BD8D0000"	"\Divisions\PD\Line Boise\Xcel_Energy_Standards\On-Off-Badge-Training\On-Boarding_Prev 12-09-22\HDR"
"000000009598E9A20E04F041B38518182890A2D5010012225CC57BF01F4EA8CCA87A792FF35F000358B579690000"	"\Divisions\PD\Line Boise\Xcel_Energy_Standards\On-Off-Badge-Training\Training\159386 W3304 A.0000583.050.001.002"
"000000009598E9A20E04F041B38518182890A2D50100A3DF33FCC9BD1644BD14FCA330AA97850000255DBC520000"	"\Divisions\PD\Line Cincinnati\130502 BALTIMORE GAS & ELECTRIC - GRACETON OH TRANSM REROUTE"
"000000009598E9A20E04F041B38518182890A2D50100A3DF33FCC9BD1644BD14FCA330AA97850000272295480000"	"\Divisions\PD\Line Cincinnati\140616 ATC SEG 2-8-BADGER COULEE PH2 COMM"
"000000009598E9A20E04F041B38518182890A2D50100A3DF33FCC9BD1644BD14FCA330AA9785000026F137780000"	"\Divisions\PD\Line Fort Worth\01 CLOSED PROJS - UPLOAD TO PROJECTWISE"
"000000009598E9A20E04F041B38518182890A2D50100A3DF33FCC9BD1644BD14FCA330AA97850000199F91800000"	"\Divisions\PD\Line Fort Worth\129713 - XCEL - W54 KISER TO KRESS 115KV"
"000000009598E9A20E04F041B38518182890A2D50100A3DF33FCC9BD1644BD14FCA330AA978500002865A9420000"	"\Divisions\PD\Line Fort Worth\136156 - CTT Limestone - Gibbons CRK 345Kv"
"000000009598E9A20E04F041B38518182890A2D501001296C725372D7F4B86B758A22EA3141B00000000A2260000"	"\Divisions\PD\Line Hailey"
"000000009598E9A20E04F041B38518182890A2D5010012225CC57BF01F4EA8CCA87A792FF35F00028774B2810000"	"\Divisions\PD\Line Hailey\00-Restored_Emails\120951-02 Cedar"
"000000009598E9A20E04F041B38518182890A2D50100572FF007A7D6B64CA96E5CFE8E1CC1A4000000105F920000"	"\Divisions\PD\Line Hailey\002_Line Dept Contacts\Oncor_Contractors"
"000000009598E9A20E04F041B38518182890A2D50100A3DF33FCC9BD1644BD14FCA330AA978500001656E4800000"	"\Divisions\PD\Line Hailey\01_Oncor_General\01_Dave_ONCOR_General\ONCOR Materials/Standards\Pro-Search_FTP Site Info"
"000000009598E9A20E04F041B38518182890A2D50100572FF007A7D6B64CA96E5CFE8E1CC1A40000003598640000"	"\Divisions\PD\Line Hailey\01_Oncor_General\Crez_Project_Material"
"000000009598E9A20E04F041B38518182890A2D50100572FF007A7D6B64CA96E5CFE8E1CC1A4000000304C290000"	"\Divisions\PD\Line Hailey\01_Oncor_General\Material_Updates_Questions"
"000000009598E9A20E04F041B38518182890A2D50100572FF007A7D6B64CA96E5CFE8E1CC1A400000060B1730000"	"\Divisions\PD\Line Hailey\01_Oncor_General\Material_Updates_Questions\Oncor_Material_Ordering_Questions"
"000000009598E9A20E04F041B38518182890A2D50100572FF007A7D6B64CA96E5CFE8E1CC1A40000004D1A7A0000"	"\Divisions\PD\Line Hailey\01_Oncor_General\Oncor Web Apps Update"
"000000009598E9A20E04F041B38518182890A2D50100572FF007A7D6B64CA96E5CFE8E1CC1A400000067F1FD0000"	"\Divisions\PD\Line Hailey\01_Oncor_General\Oncor's_Travel_Guidelines"
"000000009598E9A20E04F041B38518182890A2D50100A3DF33FCC9BD1644BD14FCA330AA9785000022760FFF0000"	"\Divisions\PD\Line Hailey\01_Oncor_General\Vendor_Lead-times_Update"
"000000009598E9A20E04F041B38518182890A2D501001296C725372D7F4B86B758A22EA3141B0000001DFF110000"	"\Divisions\PD\Line Hailey\106647 Kukai~Ula\Kauai"
"000000009598E9A20E04F041B38518182890A2D501001296C725372D7F4B86B758A22EA3141B0000003AE1230000"	"\Divisions\PD\Line Hailey\108628-Umbata Falls\Design\Switch"
"000000009598E9A20E04F041B38518182890A2D501001296C725372D7F4B86B758A22EA3141B000000236ADE0000"	"\Divisions\PD\Line Hailey\108628-Umbata Falls\Reports"
"000000009598E9A20E04F041B38518182890A2D501001296C725372D7F4B86B758A22EA3141B00000040E7680000"	"\Divisions\PD\Line Hailey\109585 kec india"
"000000009598E9A20E04F041B38518182890A2D501001296C725372D7F4B86B758A22EA3141B0000003E32650000"	"\Divisions\PD\Line Hailey\110967 TXU Ligget sub"
"000000009598E9A20E04F041B38518182890A2D501001296C725372D7F4B86B758A22EA3141B000000500FF40000"	"\Divisions\PD\Line Hailey\111898-FPL_Blythe"
"000000009598E9A20E04F041B38518182890A2D501001296C725372D7F4B86B758A22EA3141B000000530DE20000"	"\Divisions\PD\Line Hailey\112268_Mosport"
"000000009598E9A20E04F041B38518182890A2D501001296C725372D7F4B86B758A22EA3141B0000005F9D5D0000"	"\Divisions\PD\Line Hailey\112485-Alcan2\Misc"
"000000009598E9A20E04F041B38518182890A2D501001296C725372D7F4B86B758A22EA3141B000000611D210000"	"\Divisions\PD\Line Hailey\112914 Transelect HVDC"
"000000009598E9A20E04F041B38518182890A2D501001296C725372D7F4B86B758A22EA3141B0000006ED72A0000"	"\Divisions\PD\Line Hailey\113560_ RERC"
"000000009598E9A20E04F041B38518182890A2D501001296C725372D7F4B86B758A22EA3141B0000007829600000"	"\Divisions\PD\Line Hailey\114313-07-01-09_Thru_02-22-13"
"000000009598E9A20E04F041B38518182890A2D50100572FF007A7D6B64CA96E5CFE8E1CC1A40000002697920000"	"\Divisions\PD\Line Hailey\115420_Killeen-Salado\09T64038_&_08T64129_Crez_Project"
"000000009598E9A20E04F041B38518182890A2D50100572FF007A7D6B64CA96E5CFE8E1CC1A4000000180CA50000"	"\Divisions\PD\Line Hailey\116834"
"000000009598E9A20E04F041B38518182890A2D5010012225CC57BF01F4EA8CCA87A792FF35F00031E3004030000"	"\Divisions\PD\Line Hailey\118178_Arco_to_Krugerville\493_Warehouse\dups"
"000000009598E9A20E04F041B38518182890A2D50100A3DF33FCC9BD1644BD14FCA330AA978500000E9924270000"	"\Divisions\PD\Line Hailey\118178_Arco_to_Krugerville\MRLJ10"
"000000009598E9A20E04F041B38518182890A2D50100572FF007A7D6B64CA96E5CFE8E1CC1A40000005D33AA0000"	"\Divisions\PD\Line Hailey\118921 _T268 FT Mason to Pitsburg\Logs"
"000000009598E9A20E04F041B38518182890A2D50100572FF007A7D6B64CA96E5CFE8E1CC1A40000003A7AB10000"	"\Divisions\PD\Line Hailey\119825_IID-ECGS3"
"000000009598E9A20E04F041B38518182890A2D50100A3DF33FCC9BD1644BD14FCA330AA978500000E888A280000"	"\Divisions\PD\Line Hailey\121180_Newton-Killeen\MRLJ05"
"000000009598E9A20E04F041B38518182890A2D50100A3DF33FCC9BD1644BD14FCA330AA978500001D1D04170000"	"\Divisions\PD\Line Hailey\121821_LES_Central_Lincoln_Reliability\2012_Inspection_Reports\dups"
"000000009598E9A20E04F041B38518182890A2D50100A3DF33FCC9BD1644BD14FCA330AA978500000E8002230000"	"\Divisions\PD\Line Hailey\122443_Clear_Crossing-Willow_Crk_EAST\MRLJ03"
"000000009598E9A20E04F041B38518182890A2D50100A3DF33FCC9BD1644BD14FCA330AA9785000018D757B30000"	"\Divisions\PD\Line Hailey\122443_Clear_Crossing-Willow_Crk_EAST\MRLJ13\MRLJ13"
"000000009598E9A20E04F041B38518182890A2D50100A3DF33FCC9BD1644BD14FCA330AA9785000016D282CA0000"	"\Divisions\PD\Line Hailey\122444_Clear_Crossing_Willow_Crk_WEST\MRLJ07"
"000000009598E9A20E04F041B38518182890A2D50100CB7D9B6512D7374A860FE542D57703920000012167100000"	"\Divisions\PD\Line Hailey\122957"
"000000009598E9A20E04F041B38518182890A2D5010012225CC57BF01F4EA8CCA87A792FF35F00031E3004330000"	"\Divisions\PD\Line Hailey\123943_0826_Pathfinder_Bypass\dups"
"000000009598E9A20E04F041B38518182890A2D50100A3DF33FCC9BD1644BD14FCA330AA97850000171F812D0000"	"\Divisions\PD\Line Hailey\126124_Barstow_69kV_Substation\MR-WHS"
"000000009598E9A20E04F041B38518182890A2D50100A3DF33FCC9BD1644BD14FCA330AA97850000175E612E0000"	"\Divisions\PD\Line Hailey\126873_Oncor_Goldsmith-Goldsmith_South"
"000000009598E9A20E04F041B38518182890A2D50100A3DF33FCC9BD1644BD14FCA330AA97850000172A56330000"	"\Divisions\PD\Line Hailey\127007_AEP_Lon_Hill-Nelson_Sharpe"
"000000009598E9A20E04F041B38518182890A2D50100A3DF33FCC9BD1644BD14FCA330AA9785000018BF20EA0000"	"\Divisions\PD\Line Hailey\127941_Riley-Krum_W-P2:_Sunset -Tap"
"000000009598E9A20E04F041B38518182890A2D5010012225CC57BF01F4EA8CCA87A792FF35F00031E30045B0000"	"\Divisions\PD\Line Hailey\127943_Riley-Krum_P3_Eagle_Mt\MRLJ01\dups"
"000000009598E9A20E04F041B38518182890A2D50100A3DF33FCC9BD1644BD14FCA330AA9785000018B14C920000"	"\Divisions\PD\Line Hailey\128893_NTPC"
"000000009598E9A20E04F041B38518182890A2D50100A3DF33FCC9BD1644BD14FCA330AA978500001A24C9690000"	"\Divisions\PD\Line Hailey\129544_Eagle Mt-Calmont"
"000000009598E9A20E04F041B38518182890A2D50100A3DF33FCC9BD1644BD14FCA330AA97850000202AE66A0000"	"\Divisions\PD\Line Hailey\129567_Temple_Sw-Bell_Cty_E\WA_13T64039"
"000000009598E9A20E04F041B38518182890A2D50100A3DF33FCC9BD1644BD14FCA330AA978500001B8B7E570000"	"\Divisions\PD\Line Hailey\129718_Midas_Gold-Golden_Meadows"
"000000009598E9A20E04F041B38518182890A2D5010012225CC57BF01F4EA8CCA87A792FF35F0000A8917AC50000"	"\Divisions\PD\Line Hailey\130224_E_Richardson-Apollo\MRLJ02"
"000000009598E9A20E04F041B38518182890A2D50100A3DF33FCC9BD1644BD14FCA330AA978500001EB279250000"	"\Divisions\PD\Line Hailey\130257_Stanton_E-Midland-E\MRLJ04\PR_5933"
"000000009598E9A20E04F041B38518182890A2D50100A3DF33FCC9BD1644BD14FCA330AA978500001B09AC450000"	"\Divisions\PD\Line Hailey\131172_Odessa_N-N_Cowden"
"000000009598E9A20E04F041B38518182890A2D50100A3DF33FCC9BD1644BD14FCA330AA978500001ADFCC4E0000"	"\Divisions\PD\Line Hailey\131487_AEP_Lobo-Cenizo"
"000000009598E9A20E04F041B38518182890A2D50100A3DF33FCC9BD1644BD14FCA330AA978500001D93E3CB0000"	"\Divisions\PD\Line Hailey\131745_Tex_Harvey\MRLJ02"
"000000009598E9A20E04F041B38518182890A2D50100A3DF33FCC9BD1644BD14FCA330AA978500002BB3BA6D0000"	"\Divisions\PD\Line Hailey\131906_GM-Watson\MRLJ01\dups"
"000000009598E9A20E04F041B38518182890A2D50100A3DF33FCC9BD1644BD14FCA330AA978500001B6AD0C60000"	"\Divisions\PD\Line Hailey\132269_ICE_TAMIS_&_INSPECT-2013\118805 118653-TAMIS"
"000000009598E9A20E04F041B38518182890A2D50100A3DF33FCC9BD1644BD14FCA330AA978500001BF441810000"	"\Divisions\PD\Line Hailey\132818_T137_WARDA_TO_GIDDINGS"
"000000009598E9A20E04F041B38518182890A2D50100A3DF33FCC9BD1644BD14FCA330AA978500001D8A4AB00000"	"\Divisions\PD\Line Hailey\133835_RREC_Walker Ranch"
"000000009598E9A20E04F041B38518182890A2D5010012225CC57BF01F4EA8CCA87A792FF35F00031E30048F0000"	"\Divisions\PD\Line Hailey\134627_Eskota_Sw_Sta\MRLJ03\dups"
"000000009598E9A20E04F041B38518182890A2D50100A3DF33FCC9BD1644BD14FCA330AA9785000028DE12310000"	"\Divisions\PD\Line Hailey\134633_Eagle_Mt-Wagley_Robertson\MRLJ06"
"000000009598E9A20E04F041B38518182890A2D50100A3DF33FCC9BD1644BD14FCA330AA97850000226377AF0000"	"\Divisions\PD\Line Hailey\134722_Permian_Basin_Sw_Sta\MRLJ05"
"000000009598E9A20E04F041B38518182890A2D50100A3DF33FCC9BD1644BD14FCA330AA978500002055BAE70000"	"\Divisions\PD\Line Hailey\135198_RS_Pole_Calc_Review\xxxxxx_Project Tax"
"000000009598E9A20E04F041B38518182890A2D50100A3DF33FCC9BD1644BD14FCA330AA97850000295C80BE0000"	"\Divisions\PD\Line Hailey\136602_Enterprise_Midland"
"000000009598E9A20E04F041B38518182890A2D50100A3DF33FCC9BD1644BD14FCA330AA978500002BB4347D0000"	"\Divisions\PD\Line Hailey\137356_COG_69kV_Swanson_Sub\dups"
"000000009598E9A20E04F041B38518182890A2D50100A3DF33FCC9BD1644BD14FCA330AA978500002A3BFD300000"	"\Divisions\PD\Line Hailey\137396_Hicks-Elizabeth\MRLJ05"
"000000009598E9A20E04F041B38518182890A2D5010012225CC57BF01F4EA8CCA87A792FF35F0000BEBBD4760000"	"\Divisions\PD\Line Hailey\137449_Mt_Creek-Norwood\16T65156\MRLJ02"
"000000009598E9A20E04F041B38518182890A2D50100A3DF33FCC9BD1644BD14FCA330AA9785000021F36C070000"	"\Divisions\PD\Line Hailey\137895_WMEC-LINE_1322_HPFF_REPL"
"000000009598E9A20E04F041B38518182890A2D50100A3DF33FCC9BD1644BD14FCA330AA97850000279BC8DA0000"	"\Divisions\PD\Line Hailey\137959_Odessa_EHV-Odessa_Reconduct\WAREHOUSE"
"000000009598E9A20E04F041B38518182890A2D5010012225CC57BF01F4EA8CCA87A792FF35F0000884981C20000"	"\Divisions\PD\Line Hailey\138156_Venus-Cedar_Hill\MRLJ06"
"000000009598E9A20E04F041B38518182890A2D50100A3DF33FCC9BD1644BD14FCA330AA97850000267355360000"	"\Divisions\PD\Line Hailey\138218_Means-Fullerton_69kV_RBLD\WA_15T63112\MRLJ06"
"000000009598E9A20E04F041B38518182890A2D50100A3DF33FCC9BD1644BD14FCA330AA978500002583A56B0000"	"\Divisions\PD\Line Hailey\138504_Holt_SW-N_Andrews\WA_15T63114\MRLJ01"
"000000009598E9A20E04F041B38518182890A2D5010012225CC57BF01F4EA8CCA87A792FF35F000053E1DEF80000"	"\Divisions\PD\Line Hailey\138504_Holt_SW-N_Andrews\WA_15T63114\MRLJ15"
"000000009598E9A20E04F041B38518182890A2D50100A3DF33FCC9BD1644BD14FCA330AA97850000265BA2280000"	"\Divisions\PD\Line Hailey\138956_Eagle_Mt-Roanoke\MRLJ02"
"000000009598E9A20E04F041B38518182890A2D5010012225CC57BF01F4EA8CCA87A792FF35F00007E79C0080000"	"\Divisions\PD\Line Hailey\139105_Camp_Wisdom-Watermill\Issued_Materials_Requests"
"000000009598E9A20E04F041B38518182890A2D50100A3DF33FCC9BD1644BD14FCA330AA97850000258A78A80000"	"\Divisions\PD\Line Hailey\139250_STRYKER CRK-LUFKIN\LJ03"
"000000009598E9A20E04F041B38518182890A2D50100A3DF33FCC9BD1644BD14FCA330AA9785000025AA5E140000"	"\Divisions\PD\Line Hailey\139293_Buzzard_Draw-Lamesa\Warehouse"
"000000009598E9A20E04F041B38518182890A2D50100A3DF33FCC9BD1644BD14FCA330AA978500002C98FDC30000"	"\Divisions\PD\Line Hailey\139688_General_Eng_Support\Parvin"
"000000009598E9A20E04F041B38518182890A2D50100A3DF33FCC9BD1644BD14FCA330AA978500002BB0426E0000"	"\Divisions\PD\Line Hailey\140284_Galleria_Wall_Design"
"000000009598E9A20E04F041B38518182890A2D50100A3DF33FCC9BD1644BD14FCA330AA978500002C9F9B530000"	"\Divisions\PD\Line Hailey\141112_Venus Sw Sta - Midlothian"
"000000009598E9A20E04F041B38518182890A2D5010012225CC57BF01F4EA8CCA87A792FF35F00025CA6B6110000"	"\Divisions\PD\Line Hailey\141183_CROWN RD - NORWOOD SW STA \MRLJ02_Steel Poles\MRLJ02A_ADDITIONAL CHARGES-NEW QUOTE"
"000000009598E9A20E04F041B38518182890A2D50100A3DF33FCC9BD1644BD14FCA330AA978500002CB3EF450000"	"\Divisions\PD\Line Hailey\141185_Northaven-Preston Rd North"
"000000009598E9A20E04F041B38518182890A2D5010012225CC57BF01F4EA8CCA87A792FF35F0000C5E55C930000"	"\Divisions\PD\Line Hailey\141306_Lake_Wichita_Sw_Sta-Wichita_Falls\MRLJ04"
"000000009598E9A20E04F041B38518182890A2D5010012225CC57BF01F4EA8CCA87A792FF35F00003B473D540000"	"\Divisions\PD\Line Hailey\141398_Trinidad-Richland\MRLJ05"
"000000009598E9A20E04F041B38518182890A2D5010012225CC57BF01F4EA8CCA87A792FF35F0000122E77EF0000"	"\Divisions\PD\Line Hailey\141457_Pflugerville-Gilleland"
"000000009598E9A20E04F041B38518182890A2D5010012225CC57BF01F4EA8CCA87A792FF35F00007E79BFD40000"	"\Divisions\PD\Line Hailey\141658_Holt_N_Andrews-Midland_Farms\16T63099\Issue_Materials_Request"
"000000009598E9A20E04F041B38518182890A2D5010012225CC57BF01F4EA8CCA87A792FF35F00014B4788780000"	"\Divisions\PD\Line Hailey\141659_Holt - Andrews N-Andrews Cty S\WA 16T63098\Material Transfer Info"
"000000009598E9A20E04F041B38518182890A2D5010012225CC57BF01F4EA8CCA87A792FF35F0000122E78040000"	"\Divisions\PD\Line Hailey\141728_TRINIDAD-LIGGETT \MRLJ01"
"000000009598E9A20E04F041B38518182890A2D5010012225CC57BF01F4EA8CCA87A792FF35F0001B36E3B940000"	"\Divisions\PD\Line Hailey\141803_Wedgewood Sw Sta-Forest Hill Sta\MRLJ07"
"000000009598E9A20E04F041B38518182890A2D50100A3DF33FCC9BD1644BD14FCA330AA978500002BE1DD960000"	"\Divisions\PD\Line Hailey\142530_LN_Hill_Security_A14072001"
"000000009598E9A20E04F041B38518182890A2D5010012225CC57BF01F4EA8CCA87A792FF35F00008A740C9F0000"	"\Divisions\PD\Line Hailey\142860_PERMIAN BASIN-HOLT: YUCCA"
"000000009598E9A20E04F041B38518182890A2D5010012225CC57BF01F4EA8CCA87A792FF35F00017F74DC990000"	"\Divisions\PD\Line Hailey\142862_ODESSA N-PERMIAN BASIN: YUCCA\MRLJ05"
"000000009598E9A20E04F041B38518182890A2D5010012225CC57BF01F4EA8CCA87A792FF35F00004331C9BF0000"	"\Divisions\PD\Line Hailey\143142_LUFKIN_SW_STA-DIBOLL\MRLJ01"
"000000009598E9A20E04F041B38518182890A2D5010012225CC57BF01F4EA8CCA87A792FF35F0000E56D53860000"	"\Divisions\PD\Line Hailey\143469_Carrollton_NW-Crown Rd\MRLJ02_Steel Poles"
"000000009598E9A20E04F041B38518182890A2D5010012225CC57BF01F4EA8CCA87A792FF35F0000FB3FE4AF0000"	"\Divisions\PD\Line Hailey\143720_Everman Sw Sta-Forest Sw Sta"
"000000009598E9A20E04F041B38518182890A2D5010012225CC57BF01F4EA8CCA87A792FF35F0000C8E017150000"	"\Divisions\PD\Line Hailey\143834_Smart_Wires_Support\T9_SDGE Support"
"000000009598E9A20E04F041B38518182890A2D5010012225CC57BF01F4EA8CCA87A792FF35F0000DFB9CDF90000"	"\Divisions\PD\Line Hailey\143957_Tricorner_WATERMILL–TRINIDAD\MRLJ04"
"000000009598E9A20E04F041B38518182890A2D5010012225CC57BF01F4EA8CCA87A792FF35F00003B473CF80000"	"\Divisions\PD\Line Hailey\144227_N_EDINBURG_SEC_ENHANCEMENT"
"000000009598E9A20E04F041B38518182890A2D5010012225CC57BF01F4EA8CCA87A792FF35F000049C4B1C80000"	"\Divisions\PD\Line Hailey\144455_Trinidad-Winkler"
"000000009598E9A20E04F041B38518182890A2D5010012225CC57BF01F4EA8CCA87A792FF35F000129AAA7F90000"	"\Divisions\PD\Line Hailey\144455_Trinidad-Winkler\MRLJ11"
"000000009598E9A20E04F041B38518182890A2D5010012225CC57BF01F4EA8CCA87A792FF35F0000B8AF93D10000"	"\Divisions\PD\Line Hailey\144634_Hutto-Pflugerville\MRLJ03"
"000000009598E9A20E04F041B38518182890A2D5010012225CC57BF01F4EA8CCA87A792FF35F00008066B54D0000"	"\Divisions\PD\Line Hailey\145157_ETT-BAKERSFIELD-WAYMARK"
"000000009598E9A20E04F041B38518182890A2D5010012225CC57BF01F4EA8CCA87A792FF35F0000FC6D03EB0000"	"\Divisions\PD\Line Hailey\145469_Yucca Dr - AEP Barilla Jct"
"000000009598E9A20E04F041B38518182890A2D5010012225CC57BF01F4EA8CCA87A792FF35F0001050A3D8B0000"	"\Divisions\PD\Line Hailey\145469_Yucca Dr - AEP Barilla Jct\17T63126\MRLJ03"
"000000009598E9A20E04F041B38518182890A2D5010012225CC57BF01F4EA8CCA87A792FF35F00017CDD53480000"	"\Divisions\PD\Line Hailey\145544_Cedar_Crest-Industrial_Wall_St\MRLJ07"
"000000009598E9A20E04F041B38518182890A2D5010012225CC57BF01F4EA8CCA87A792FF35F00010A95AC4F0000"	"\Divisions\PD\Line Hailey\145701_Hutto-Taylor"
"000000009598E9A20E04F041B38518182890A2D5010012225CC57BF01F4EA8CCA87A792FF35F0001B500BCC90000"	"\Divisions\PD\Line Hailey\145911_Northaven Lines\16T65186_Northaven-Preston\MRLJ03_Poles"
"000000009598E9A20E04F041B38518182890A2D5010012225CC57BF01F4EA8CCA87A792FF35F0001B96097A40000"	"\Divisions\PD\Line Hailey\145911_Northaven Lines\OPT37244_Northaven Sw-Renner\MRLJ04_Poles"
"000000009598E9A20E04F041B38518182890A2D5010012225CC57BF01F4EA8CCA87A792FF35F00018ED1421B0000"	"\Divisions\PD\Line Hailey\146681_SAGEBRUSH_LINE_RATING _SM\dups"
"000000009598E9A20E04F041B38518182890A2D5010012225CC57BF01F4EA8CCA87A792FF35F000101F10BAE0000"	"\Divisions\PD\Line Hailey\148016_Long Lake Hydro"
"000000009598E9A20E04F041B38518182890A2D5010012225CC57BF01F4EA8CCA87A792FF35F0001153529C50000"	"\Divisions\PD\Line Hailey\148326_Cedar Crest-Wall St"
"000000009598E9A20E04F041B38518182890A2D5010012225CC57BF01F4EA8CCA87A792FF35F00028CB795950000"	"\Divisions\PD\Line Hailey\148326_Cedar Crest-Wall St\OPT 38736\MRLJXX_Missing Materials"
"000000009598E9A20E04F041B38518182890A2D5010012225CC57BF01F4EA8CCA87A792FF35F0001420DD80A0000"	"\Divisions\PD\Line Hailey\149323_Substation Design Support\BD Effort\Distribution Services"
"000000009598E9A20E04F041B38518182890A2D5010012225CC57BF01F4EA8CCA87A792FF35F0001F9373BF70000"	"\Divisions\PD\Line Hailey\151053_Sherry Sw Sta-Gen Motors\MRLJ02_Steel Poles"
"000000009598E9A20E04F041B38518182890A2D5010012225CC57BF01F4EA8CCA87A792FF35F0002576EE1DD0000"	"\Divisions\PD\Line Hailey\151644_TYLER-TYLER WEST 69kV"
"000000009598E9A20E04F041B38518182890A2D5010012225CC57BF01F4EA8CCA87A792FF35F0002D6D850110000"	"\Divisions\PD\Line Hailey\151713_SAGINAW 138KV SW STA REB\Material Tracking (LJ Folder)\MRLJ04_Hardware"
"000000009598E9A20E04F041B38518182890A2D5010012225CC57BF01F4EA8CCA87A792FF35F0001ACD2A0100000"	"\Divisions\PD\Line Hailey\152639_ETESAL DYNMC TRNSNT STDS"
"000000009598E9A20E04F041B38518182890A2D5010012225CC57BF01F4EA8CCA87A792FF35F0002771382290000"	"\Divisions\PD\Line Hailey\153043_Venus Sw-Sardis Sw\MRLJ03"
"000000009598E9A20E04F041B38518182890A2D5010012225CC57BF01F4EA8CCA87A792FF35F000258A2B5270000"	"\Divisions\PD\Line Hailey\153605_Village Creek Tap-Bowen\MRLJ04"
"000000009598E9A20E04F041B38518182890A2D5010012225CC57BF01F4EA8CCA87A792FF35F00021D59BD100000"	"\Divisions\PD\Line Hailey\153699_Venus Sw-Kemp Ranch Sw\MRLJ01_Steel Poles"
"000000009598E9A20E04F041B38518182890A2D5010012225CC57BF01F4EA8CCA87A792FF35F0002DA9E39E60000"	"\Divisions\PD\Line Hailey\153757_HANDLEY SW.-DEEN SW\Material Tracking_LJ\MRLJ04_Hardware"
"000000009598E9A20E04F041B38518182890A2D5010012225CC57BF01F4EA8CCA87A792FF35F0002DC3A0D620000"	"\Divisions\PD\Line Hailey\153759_EAGLE MT SW.-DEEN SW\Material Tracking_LJ\MRLJ05_Additional Conductor"
"000000009598E9A20E04F041B38518182890A2D5010012225CC57BF01F4EA8CCA87A792FF35F00020E8C7CFE0000"	"\Divisions\PD\Line Hailey\154551_CAUSEWAY DR18X02C0"
"000000009598E9A20E04F041B38518182890A2D5010012225CC57BF01F4EA8CCA87A792FF35F0002A9804DD40000"	"\Divisions\PD\Line Hailey\154678_Odessa EHV Sw-Wolf Sw\MRLJ01_Locweld Steel Poles"
"000000009598E9A20E04F041B38518182890A2D5010012225CC57BF01F4EA8CCA87A792FF35F0002F3B8E5CB0000"	"\Divisions\PD\Line Hailey\154681_Moss Sw-Wolf Sw_N-Circuit\MRLJ03"
"000000009598E9A20E04F041B38518182890A2D5010012225CC57BF01F4EA8CCA87A792FF35F0002F89AB9640000"	"\Divisions\PD\Line Hailey\154683_Odessa EHV Sw-Moss\MRLJ07\MRLJ07a"
"000000009598E9A20E04F041B38518182890A2D5010012225CC57BF01F4EA8CCA87A792FF35F0002771382270000"	"\Divisions\PD\Line Hailey\155311_Owl Hills Sw-Tunstill POD Sta\MRLJ05_Std Poles"
"000000009598E9A20E04F041B38518182890A2D5010012225CC57BF01F4EA8CCA87A792FF35F00030EAF7FAC0000"	"\Divisions\PD\Line Hailey\155855_NIWOT PRESSURE SWITCH CABINET\dups"
"000000009598E9A20E04F041B38518182890A2D5010012225CC57BF01F4EA8CCA87A792FF35F0002B65E48980000"	"\Divisions\PD\Line Hailey\156389_Riverton Sw-Sand-Split WA\MRLJ06"
"000000009598E9A20E04F041B38518182890A2D5010012225CC57BF01F4EA8CCA87A792FF35F0002F89AB9620000"	"\Divisions\PD\Line Hailey\157131-CARROLLTON E SUB-RENNER/N-HAVEN SUB\MRLJ02_Sabre-FWT Pole Order"
"000000009598E9A20E04F041B38518182890A2D5010012225CC57BF01F4EA8CCA87A792FF35F0002F3B8E5D90000"	"\Divisions\PD\Line Hailey\158254_EAGLE MT-WAGLEY ROBERTSON #2 (S CIRCUIT)\MRLJ01_Hardware-Wire"
"000000009598E9A20E04F041B38518182890A2D5010012225CC57BF01F4EA8CCA87A792FF35F0003099EC1E80000"	"\Divisions\PD\Line Hailey\158889_SEE PROJWISE\MRLJ03_Wire-Hardware _04-15-20"
"000000009598E9A20E04F041B38518182890A2D5010012225CC57BF01F4EA8CCA87A792FF35F0002DE82E6CA0000"	"\Divisions\PD\Line Hailey\159436_ALPHA RD-KNOLL TRAIL\OPT 39714 Northaven-Preston RD\MRLJ04_Additional Str"
"000000009598E9A20E04F041B38518182890A2D50100E34BFE500669CD49AC2E27C6C54DE39D0000000D59D40000"	"\Divisions\PD\Line Hailey\Allegheny TrAIL\500kV Steel pole Hard ware"
"000000009598E9A20E04F041B38518182890A2D50100E34BFE500669CD49AC2E27C6C54DE39D00000009296F0000"	"\Divisions\PD\Line Hailey\Allegheny TrAIL\Tower assy\towers"
"000000009598E9A20E04F041B38518182890A2D50100572FF007A7D6B64CA96E5CFE8E1CC1A40000005119B80000"	"\Divisions\PD\Line Hailey\BD_Efforts\116196_ILM\Design_Elec"
"000000009598E9A20E04F041B38518182890A2D50100572FF007A7D6B64CA96E5CFE8E1CC1A40000005119A10000"	"\Divisions\PD\Line Hailey\BD_Efforts\116196_ILM\Survey"
"000000009598E9A20E04F041B38518182890A2D50100572FF007A7D6B64CA96E5CFE8E1CC1A40000005119A30000"	"\Divisions\PD\Line Hailey\BD_Efforts\120020-NTL\Design_Str"
"000000009598E9A20E04F041B38518182890A2D5010012225CC57BF01F4EA8CCA87A792FF35F0003104FAD6A0000"	"\Divisions\PD\Line Hailey\BD_Efforts\120632-BPA_Benson_Scooteney"
"000000009598E9A20E04F041B38518182890A2D50100572FF007A7D6B64CA96E5CFE8E1CC1A400000014C0E80000"	"\Divisions\PD\Line Hailey\BD_Efforts\2009 LiDAR projects"
"000000009598E9A20E04F041B38518182890A2D501001953B16A689BCD4AA8FC82955DB27CB10000018FF6F80000"	"\Divisions\PD\Line Hailey\BD_Efforts\Acciona\Tatanka T-Line"
"000000009598E9A20E04F041B38518182890A2D50100A3DF33FCC9BD1644BD14FCA330AA978500002405B71D0000"	"\Divisions\PD\Line Hailey\BD_Efforts\AEP\2015\Cenizo-N_Ed-Triple Ckt"
"000000009598E9A20E04F041B38518182890A2D50100A3DF33FCC9BD1644BD14FCA330AA978500001D351D230000"	"\Divisions\PD\Line Hailey\BD_Efforts\Alcan\Rio Tinto-RTA_Fiber Optic"
"000000009598E9A20E04F041B38518182890A2D50100A3DF33FCC9BD1644BD14FCA330AA978500002A3A19390000"	"\Divisions\PD\Line Hailey\BD_Efforts\Allteck\2016\2600 Line_Hendrix Cable"
"000000009598E9A20E04F041B38518182890A2D50100A3DF33FCC9BD1644BD14FCA330AA9785000022CC31B70000"	"\Divisions\PD\Line Hailey\BD_Efforts\Altalink\General"
"000000009598E9A20E04F041B38518182890A2D50100A3DF33FCC9BD1644BD14FCA330AA978500002372BC390000"	"\Divisions\PD\Line Hailey\BD_Efforts\APEX\2015\Patriot and Chapman Ranch"
"000000009598E9A20E04F041B38518182890A2D501001296C725372D7F4B86B758A22EA3141B000000530E090000"	"\Divisions\PD\Line Hailey\BD_Efforts\areva-Ireland"
"000000009598E9A20E04F041B38518182890A2D5010012225CC57BF01F4EA8CCA87A792FF35F00013A0B91880000"	"\Divisions\PD\Line Hailey\BD_Efforts\AVAL\2017\BlockLab Data Center"
"000000009598E9A20E04F041B38518182890A2D5010012225CC57BF01F4EA8CCA87A792FF35F0002155D68F70000"	"\Divisions\PD\Line Hailey\BD_Efforts\Bekaert\General"
"000000009598E9A20E04F041B38518182890A2D5010012225CC57BF01F4EA8CCA87A792FF35F0000197795770000"	"\Divisions\PD\Line Hailey\BD_Efforts\Black Hills Power\2016"
"000000009598E9A20E04F041B38518182890A2D501001953B16A689BCD4AA8FC82955DB27CB1000000E592B60000"	"\Divisions\PD\Line Hailey\BD_Efforts\BP\BP EPC Multi-OE"
"000000009598E9A20E04F041B38518182890A2D50100A3DF33FCC9BD1644BD14FCA330AA97850000285890780000"	"\Divisions\PD\Line Hailey\BD_Efforts\Brookfield Renewable\2012\Mackay GS to Mackay TS"
"000000009598E9A20E04F041B38518182890A2D50100A3DF33FCC9BD1644BD14FCA330AA978500001A951DBC0000"	"\Divisions\PD\Line Hailey\BD_Efforts\Calpine\Matrix SME_Deleware"
"000000009598E9A20E04F041B38518182890A2D5010012225CC57BF01F4EA8CCA87A792FF35F00009A3F30A30000"	"\Divisions\PD\Line Hailey\BD_Efforts\CEC-Clean Energy Consulting\2017\Narrows Inlet Submarine Cable"
"000000009598E9A20E04F041B38518182890A2D50100A3DF33FCC9BD1644BD14FCA330AA978500001DAB87A40000"	"\Divisions\PD\Line Hailey\BD_Efforts\Chugach\2014"
"000000009598E9A20E04F041B38518182890A2D50100A3DF33FCC9BD1644BD14FCA330AA97850000202ABCF60000"	"\Divisions\PD\Line Hailey\BD_Efforts\City of Gillette\2014"
"000000009598E9A20E04F041B38518182890A2D5010012225CC57BF01F4EA8CCA87A792FF35F0002793A45E70000"	"\Divisions\PD\Line Hailey\BD_Efforts\Clough\2019\LNG Canada_Rio Tinto Phase Raise"
"000000009598E9A20E04F041B38518182890A2D50100A3DF33FCC9BD1644BD14FCA330AA9785000017FC1D280000"	"\Divisions\PD\Line Hailey\BD_Efforts\CTC"
"000000009598E9A20E04F041B38518182890A2D50100A3DF33FCC9BD1644BD14FCA330AA978500002DF19B480000"	"\Divisions\PD\Line Hailey\BD_Efforts\Dresser-Rand\2016\Feed Study"
"000000009598E9A20E04F041B38518182890A2D50100A3DF33FCC9BD1644BD14FCA330AA978500001DD7AC2F0000"	"\Divisions\PD\Line Hailey\BD_Efforts\EDPR\2014"
"000000009598E9A20E04F041B38518182890A2D50100A3DF33FCC9BD1644BD14FCA330AA978500001EDB1EDF0000"	"\Divisions\PD\Line Hailey\BD_Efforts\Enel Green Power\2014"
"000000009598E9A20E04F041B38518182890A2D5010012225CC57BF01F4EA8CCA87A792FF35F0001AB98EBEE0000"	"\Divisions\PD\Line Hailey\BD_Efforts\ENMAX\2018\Line_Sub_GSA_2"
"000000009598E9A20E04F041B38518182890A2D501001953B16A689BCD4AA8FC82955DB27CB100000192C7290000"	"\Divisions\PD\Line Hailey\BD_Efforts\EoN"
"000000009598E9A20E04F041B38518182890A2D50100A3DF33FCC9BD1644BD14FCA330AA978500001B3D80160000"	"\Divisions\PD\Line Hailey\BD_Efforts\Eskom"
"000000009598E9A20E04F041B38518182890A2D50100A3DF33FCC9BD1644BD14FCA330AA978500001EAB7AFC0000"	"\Divisions\PD\Line Hailey\BD_Efforts\Filsinger Energy Partners\2014"
"000000009598E9A20E04F041B38518182890A2D5010012225CC57BF01F4EA8CCA87A792FF35F0000FB3FE4930000"	"\Divisions\PD\Line Hailey\BD_Efforts\First Solar\2017"
"000000009598E9A20E04F041B38518182890A2D5010012225CC57BF01F4EA8CCA87A792FF35F00009A3F30A90000"	"\Divisions\PD\Line Hailey\BD_Efforts\Fortis"
"000000009598E9A20E04F041B38518182890A2D5010012225CC57BF01F4EA8CCA87A792FF35F000072BD7BC80000"	"\Divisions\PD\Line Hailey\BD_Efforts\FUGRO\General"
"000000009598E9A20E04F041B38518182890A2D50100A3DF33FCC9BD1644BD14FCA330AA978500001D947BE00000"	"\Divisions\PD\Line Hailey\BD_Efforts\Geronimo Energy\2014\Walnut Ridge"
"000000009598E9A20E04F041B38518182890A2D50100A3DF33FCC9BD1644BD14FCA330AA978500001F04BF300000"	"\Divisions\PD\Line Hailey\BD_Efforts\GLP\2014 Projects\Algoma 1_Str 27"
"000000009598E9A20E04F041B38518182890A2D50100A3DF33FCC9BD1644BD14FCA330AA9785000029FADD240000"	"\Divisions\PD\Line Hailey\BD_Efforts\GLP\2016\P21G"
"000000009598E9A20E04F041B38518182890A2D50100A3DF33FCC9BD1644BD14FCA330AA97850000284945540000"	"\Divisions\PD\Line Hailey\BD_Efforts\Great River Energy"
"000000009598E9A20E04F041B38518182890A2D5010012225CC57BF01F4EA8CCA87A792FF35F000114281C550000"	"\Divisions\PD\Line Hailey\BD_Efforts\GSWC\2017\Stillwater"
"000000009598E9A20E04F041B38518182890A2D50100F3BCE3A574023B4482F2E427B5A3121800004D80B8070000"	"\Divisions\PD\Line Hailey\BD_Efforts\HEA\2014\Quartz Creek Foundation Design"
"000000009598E9A20E04F041B38518182890A2D50100A3DF33FCC9BD1644BD14FCA330AA978500001B7333420000"	"\Divisions\PD\Line Hailey\BD_Efforts\Helco\7300_9400"
"000000009598E9A20E04F041B38518182890A2D50100A3DF33FCC9BD1644BD14FCA330AA978500001DDCC91C0000"	"\Divisions\PD\Line Hailey\BD_Efforts\Iberdrola\2014\El Cabo Wind Project"
"000000009598E9A20E04F041B38518182890A2D501001953B16A689BCD4AA8FC82955DB27CB1000001F7698C0000"	"\Divisions\PD\Line Hailey\BD_Efforts\Idaho Power\Coordination"
"000000009598E9A20E04F041B38518182890A2D50100A3DF33FCC9BD1644BD14FCA330AA9785000021AE23950000"	"\Divisions\PD\Line Hailey\BD_Efforts\IFP-Idaho Falls Power\2015\17th and Holmes"
"000000009598E9A20E04F041B38518182890A2D5010012225CC57BF01F4EA8CCA87A792FF35F00007E79BFEA0000"	"\Divisions\PD\Line Hailey\BD_Efforts\Jacobs\Jacobs & Assoc"
"000000009598E9A20E04F041B38518182890A2D50100A3DF33FCC9BD1644BD14FCA330AA97850000165645020000"	"\Divisions\PD\Line Hailey\BD_Efforts\Kamehameha Highway"
"000000009598E9A20E04F041B38518182890A2D50100A3DF33FCC9BD1644BD14FCA330AA9785000029CE252D0000"	"\Divisions\PD\Line Hailey\BD_Efforts\KootenaiElectric"
"000000009598E9A20E04F041B38518182890A2D5010012225CC57BF01F4EA8CCA87A792FF35F000207D44E880000"	"\Divisions\PD\Line Hailey\BD_Efforts\Lamifil\2018"
"000000009598E9A20E04F041B38518182890A2D50100A3DF33FCC9BD1644BD14FCA330AA978500002BC646290000"	"\Divisions\PD\Line Hailey\BD_Efforts\LATIN AMERICA\Central America\Costa Rica"
"000000009598E9A20E04F041B38518182890A2D50100A3DF33FCC9BD1644BD14FCA330AA978500002BC7965D0000"	"\Divisions\PD\Line Hailey\BD_Efforts\LATIN AMERICA\Central America\Costa Rica\ICE\2008-2015"
"000000009598E9A20E04F041B38518182890A2D50100A3DF33FCC9BD1644BD14FCA330AA978500002BC7BF420000"	"\Divisions\PD\Line Hailey\BD_Efforts\LATIN AMERICA\Central America\Costa Rica\ICE\2016\Generation_Borinquen"
"000000009598E9A20E04F041B38518182890A2D5010012225CC57BF01F4EA8CCA87A792FF35F000087570E8C0000"	"\Divisions\PD\Line Hailey\BD_Efforts\LATIN AMERICA\Central America\Costa Rica\ICE\2017\ICE Las Pailas II wellhead piping support"
"000000009598E9A20E04F041B38518182890A2D50100A3DF33FCC9BD1644BD14FCA330AA978500002BC7F5150000"	"\Divisions\PD\Line Hailey\BD_Efforts\LATIN AMERICA\Central America\Costa Rica\ICE\Invoices"
"000000009598E9A20E04F041B38518182890A2D50100A3DF33FCC9BD1644BD14FCA330AA978500002BC86B0E0000"	"\Divisions\PD\Line Hailey\BD_Efforts\LATIN AMERICA\Central America\Costa Rica\ICE\Old Projects\2015\TAMIS"
"000000009598E9A20E04F041B38518182890A2D50100A3DF33FCC9BD1644BD14FCA330AA978500002BC8B47C0000"	"\Divisions\PD\Line Hailey\BD_Efforts\LATIN AMERICA\Central America\Costa Rica\ICE\Old Projects\Geothermal-Mexico"
"000000009598E9A20E04F041B38518182890A2D50100A3DF33FCC9BD1644BD14FCA330AA978500002BC900E20000"	"\Divisions\PD\Line Hailey\BD_Efforts\LATIN AMERICA\Central America\Costa Rica\ICE\Old Projects\Real time rating"
"000000009598E9A20E04F041B38518182890A2D50100A3DF33FCC9BD1644BD14FCA330AA978500002BC72AB10000"	"\Divisions\PD\Line Hailey\BD_Efforts\LATIN AMERICA\Central America\Costa Rica\SIME"
"000000009598E9A20E04F041B38518182890A2D50100A3DF33FCC9BD1644BD14FCA330AA978500002BC66BE50000"	"\Divisions\PD\Line Hailey\BD_Efforts\LATIN AMERICA\Central America\EPR\01 General"
"000000009598E9A20E04F041B38518182890A2D5010012225CC57BF01F4EA8CCA87A792FF35F0000122E780E0000"	"\Divisions\PD\Line Hailey\BD_Efforts\LATIN AMERICA\Central America\Guatemala\INDE\2016\Hot Construction"
"000000009598E9A20E04F041B38518182890A2D5010012225CC57BF01F4EA8CCA87A792FF35F0000EAA9210E0000"	"\Divisions\PD\Line Hailey\BD_Efforts\LATIN AMERICA\Central America\Panama\ETESA\2017\Line Upgrades"
"000000009598E9A20E04F041B38518182890A2D50100A3DF33FCC9BD1644BD14FCA330AA978500002BE271B40000"	"\Divisions\PD\Line Hailey\BD_Efforts\LATIN AMERICA\Chile\bbosch"
"000000009598E9A20E04F041B38518182890A2D50100A3DF33FCC9BD1644BD14FCA330AA9785000027A077F60000"	"\Divisions\PD\Line Hailey\BD_Efforts\LATIN AMERICA\Chile\Transelec\2015\Los Rios"
"000000009598E9A20E04F041B38518182890A2D50100A3DF33FCC9BD1644BD14FCA330AA978500002BC738DE0000"	"\Divisions\PD\Line Hailey\BD_Efforts\LATIN AMERICA\Chile\Transelec\Specs_Standards"
"000000009598E9A20E04F041B38518182890A2D50100A3DF33FCC9BD1644BD14FCA330AA978500002BC69CD90000"	"\Divisions\PD\Line Hailey\BD_Efforts\LATIN AMERICA\Colombia\ISA\General"
"000000009598E9A20E04F041B38518182890A2D50100A3DF33FCC9BD1644BD14FCA330AA978500002BC5F2230000"	"\Divisions\PD\Line Hailey\BD_Efforts\LATIN AMERICA\Mexico\CFE\Alstom Grid"
"000000009598E9A20E04F041B38518182890A2D501001953B16A689BCD4AA8FC82955DB27CB1000001DBF4240000"	"\Divisions\PD\Line Hailey\BD_Efforts\LATIN AMERICA\Organizations\ALTAE"
"000000009598E9A20E04F041B38518182890A2D50100A3DF33FCC9BD1644BD14FCA330AA978500002BC703F40000"	"\Divisions\PD\Line Hailey\BD_Efforts\LATIN AMERICA\Quanta International\Reventazon"
"000000009598E9A20E04F041B38518182890A2D50100A3DF33FCC9BD1644BD14FCA330AA9785000016E2E68B0000"	"\Divisions\PD\Line Hailey\BD_Efforts\Lonestar"
"000000009598E9A20E04F041B38518182890A2D5010012225CC57BF01F4EA8CCA87A792FF35F00003B473D080000"	"\Divisions\PD\Line Hailey\BD_Efforts\Merrick"
"000000009598E9A20E04F041B38518182890A2D50100A3DF33FCC9BD1644BD14FCA330AA978500002125E4E50000"	"\Divisions\PD\Line Hailey\BD_Efforts\MID_Merced Irrigation District\2015"
"000000009598E9A20E04F041B38518182890A2D50100A3DF33FCC9BD1644BD14FCA330AA97850000200C32390000"	"\Divisions\PD\Line Hailey\BD_Efforts\MiRig_Chile\General"
"000000009598E9A20E04F041B38518182890A2D50100572FF007A7D6B64CA96E5CFE8E1CC1A400000060B0A60000"	"\Divisions\PD\Line Hailey\BD_Efforts\NEEWS"
"000000009598E9A20E04F041B38518182890A2D50100A3DF33FCC9BD1644BD14FCA330AA97850000211941AB0000"	"\Divisions\PD\Line Hailey\BD_Efforts\Ninyo_Moore"
"000000009598E9A20E04F041B38518182890A2D50100A3DF33FCC9BD1644BD14FCA330AA978500001F04FBD10000"	"\Divisions\PD\Line Hailey\BD_Efforts\NTPC_Northwest Territories Power Corp\2014_Snare Arrester Installation"
"000000009598E9A20E04F041B38518182890A2D50100A3DF33FCC9BD1644BD14FCA330AA9785000026C606850000"	"\Divisions\PD\Line Hailey\BD_Efforts\NV Energy\General"
"000000009598E9A20E04F041B38518182890A2D50100A3DF33FCC9BD1644BD14FCA330AA978500002257534B0000"	"\Divisions\PD\Line Hailey\BD_Efforts\Oncor\2015\Means-Fullerton 69kV"
"000000009598E9A20E04F041B38518182890A2D50100A3DF33FCC9BD1644BD14FCA330AA978500001EFA30F90000"	"\Divisions\PD\Line Hailey\BD_Efforts\PacifiCorp\General"
"000000009598E9A20E04F041B38518182890A2D5010012225CC57BF01F4EA8CCA87A792FF35F0001BE7F520C0000"	"\Divisions\PD\Line Hailey\BD_Efforts\Pattern Energy\2018\Western Spirit"
"000000009598E9A20E04F041B38518182890A2D50100A3DF33FCC9BD1644BD14FCA330AA978500001B48E2730000"	"\Divisions\PD\Line Hailey\BD_Efforts\PNM"
"000000009598E9A20E04F041B38518182890A2D501001953B16A689BCD4AA8FC82955DB27CB1000001E051FD0000"	"\Divisions\PD\Line Hailey\BD_Efforts\Powertel\2012\GLP_Norhland Power"
"000000009598E9A20E04F041B38518182890A2D5010012225CC57BF01F4EA8CCA87A792FF35F00002296EB2C0000"	"\Divisions\PD\Line Hailey\BD_Efforts\Powertel\2016\Pikangikum"
"000000009598E9A20E04F041B38518182890A2D5010012225CC57BF01F4EA8CCA87A792FF35F00011D8C7A270000"	"\Divisions\PD\Line Hailey\BD_Efforts\Puerto Rico\2017"
"000000009598E9A20E04F041B38518182890A2D5010012225CC57BF01F4EA8CCA87A792FF35F00016EA992A40000"	"\Divisions\PD\Line Hailey\BD_Efforts\Recurrent\2018\Plugerville"
"000000009598E9A20E04F041B38518182890A2D50100F3BCE3A574023B4482F2E427B5A3121800004D81061E0000"	"\Divisions\PD\Line Hailey\BD_Efforts\RES\General"
"000000009598E9A20E04F041B38518182890A2D5010012225CC57BF01F4EA8CCA87A792FF35F00003B473D060000"	"\Divisions\PD\Line Hailey\BD_Efforts\Rokstad\2016\Maritime Link"
"000000009598E9A20E04F041B38518182890A2D50100A3DF33FCC9BD1644BD14FCA330AA97850000220794070000"	"\Divisions\PD\Line Hailey\BD_Efforts\RS Technologies\2015\Connecticut Pole"
"000000009598E9A20E04F041B38518182890A2D5010012225CC57BF01F4EA8CCA87A792FF35F0001A0F221C50000"	"\Divisions\PD\Line Hailey\BD_Efforts\RTA-Rio Tinto Alcan\2018\Catenary Heli Pads"
"000000009598E9A20E04F041B38518182890A2D5010012225CC57BF01F4EA8CCA87A792FF35F00006C7B52530000"	"\Divisions\PD\Line Hailey\BD_Efforts\SaskPower\2016\Lattice Tower Design"
"000000009598E9A20E04F041B38518182890A2D50100A3DF33FCC9BD1644BD14FCA330AA97850000171CDB3D0000"	"\Divisions\PD\Line Hailey\BD_Efforts\SCE"
"000000009598E9A20E04F041B38518182890A2D50100A3DF33FCC9BD1644BD14FCA330AA978500001DDD59590000"	"\Divisions\PD\Line Hailey\BD_Efforts\Schofield Barracks\2014\FY15_46kV Rebuild"
"000000009598E9A20E04F041B38518182890A2D50100A3DF33FCC9BD1644BD14FCA330AA978500001A3F698D0000"	"\Divisions\PD\Line Hailey\BD_Efforts\SES-Solar Electric Solutions"
"000000009598E9A20E04F041B38518182890A2D5010012225CC57BF01F4EA8CCA87A792FF35F0000B10731EA0000"	"\Divisions\PD\Line Hailey\BD_Efforts\Smartwires\2017"
"000000009598E9A20E04F041B38518182890A2D50100A3DF33FCC9BD1644BD14FCA330AA978500001AEB44C50000"	"\Divisions\PD\Line Hailey\BD_Efforts\Solairedirect"
"000000009598E9A20E04F041B38518182890A2D5010012225CC57BF01F4EA8CCA87A792FF35F0000BA2FA31E0000"	"\Divisions\PD\Line Hailey\BD_Efforts\Sunflower\2017"
"000000009598E9A20E04F041B38518182890A2D501001953B16A689BCD4AA8FC82955DB27CB10000018FF6B60000"	"\Divisions\PD\Line Hailey\BD_Efforts\TAH Energy"
"000000009598E9A20E04F041B38518182890A2D50100A3DF33FCC9BD1644BD14FCA330AA978500001F18C0BB0000"	"\Divisions\PD\Line Hailey\BD_Efforts\Terra_Gen\2014"
"000000009598E9A20E04F041B38518182890A2D5010012225CC57BF01F4EA8CCA87A792FF35F000162F5FFD50000"	"\Divisions\PD\Line Hailey\BD_Efforts\Terra_Gen\2018\San Diego Co Wind Farm"
"000000009598E9A20E04F041B38518182890A2D50100A3DF33FCC9BD1644BD14FCA330AA978500002170ECB70000"	"\Divisions\PD\Line Hailey\BD_Efforts\TID - Turlock\2015"
"000000009598E9A20E04F041B38518182890A2D5010012225CC57BF01F4EA8CCA87A792FF35F0000122E785E0000"	"\Divisions\PD\Line Hailey\BD_Efforts\Tri-State\2016\Switch Project"
"000000009598E9A20E04F041B38518182890A2D5010012225CC57BF01F4EA8CCA87A792FF35F0000C5E55C8D0000"	"\Divisions\PD\Line Hailey\BD_Efforts\USTDA\2017\KM Advisors_Port of Cartagena"
"000000009598E9A20E04F041B38518182890A2D5010012225CC57BF01F4EA8CCA87A792FF35F00016AA4C38E0000"	"\Divisions\PD\Line Hailey\BD_Efforts\Velco\2018"
"000000009598E9A20E04F041B38518182890A2D50100A3DF33FCC9BD1644BD14FCA330AA97850000252398160000"	"\Divisions\PD\Line Hailey\BD_Efforts\Wheatland REA\2015"
"000000009598E9A20E04F041B38518182890A2D501001953B16A689BCD4AA8FC82955DB27CB1000000771F020000"	"\Divisions\PD\Line Hailey\BD_Efforts\Wilson Creek Wind Farm"
"000000009598E9A20E04F041B38518182890A2D50100A3DF33FCC9BD1644BD14FCA330AA97850000196E7DCA0000"	"\Divisions\PD\Line Hailey\BD_Efforts\xTemp_JK\x-Misc Opportunities"
"000000009598E9A20E04F041B38518182890A2D501001296C725372D7F4B86B758A22EA3141B00000000A25A0000"	"\Divisions\PD\Line Hailey\CLIENT_STDS_GENERAL\atc_general"
"000000009598E9A20E04F041B38518182890A2D501001296C725372D7F4B86B758A22EA3141B000000433F700000"	"\Divisions\PD\Line Hailey\CLIENT_STDS_GENERAL\brazos-general\KRUM SUB"
"000000009598E9A20E04F041B38518182890A2D501001296C725372D7F4B86B758A22EA3141B0000007BC4930000"	"\Divisions\PD\Line Hailey\CLIENT_STDS_GENERAL\TacomaPower-General"
"000000009598E9A20E04F041B38518182890A2D50100A3DF33FCC9BD1644BD14FCA330AA978500001B1D067C0000"	"\Divisions\PD\Line Hailey\Line Kansas City"
"000000009598E9A20E04F041B38518182890A2D50100A3DF33FCC9BD1644BD14FCA330AA978500001B1D26C90000"	"\Divisions\PD\Line Hailey\Line Kansas City\122593 PEF-PORT ST JOE INDUSTRIAL DSCADA"
"000000009598E9A20E04F041B38518182890A2D50100A3DF33FCC9BD1644BD14FCA330AA978500001B1D26F60000"	"\Divisions\PD\Line Hailey\Line Kansas City\128244 PEF-RELAY TECH"
"000000009598E9A20E04F041B38518182890A2D50100572FF007A7D6B64CA96E5CFE8E1CC1A4000000559F060000"	"\Divisions\PD\Line Hailey\software_correspondence"
"000000009598E9A20E04F041B38518182890A2D5010012225CC57BF01F4EA8CCA87A792FF35F0000BBEFC04E0000"	"\Divisions\PD\Line Hamilton\136135"
"000000009598E9A20E04F041B38518182890A2D50100A3DF33FCC9BD1644BD14FCA330AA978500002DA945400000"	"\Divisions\PD\Line Hamilton\142975"
"000000009598E9A20E04F041B38518182890A2D5010012225CC57BF01F4EA8CCA87A792FF35F000170BE73A60000"	"\Divisions\PD\Line Hamilton\149012"
"000000009598E9A20E04F041B38518182890A2D50100E34BFE500669CD49AC2E27C6C54DE39D0000001EF1F60000"	"\Divisions\PD\Line Houston\00_GSA Contracts"
"000000009598E9A20E04F041B38518182890A2D50100E34BFE500669CD49AC2E27C6C54DE39D000000146EA30000"	"\Divisions\PD\Line Houston\00-Closed Projects (remove by 11/09)\114668_SCL_Mercer1"
"000000009598E9A20E04F041B38518182890A2D50100E34BFE500669CD49AC2E27C6C54DE39D0000001EF1F70000"	"\Divisions\PD\Line Houston\00-Proposals_BD\High Lonesome"
"000000009598E9A20E04F041B38518182890A2D50100E34BFE500669CD49AC2E27C6C54DE39D0000000AFD680000"	"\Divisions\PD\Line Houston\107391 Alaskan Way Via Duct\00 UPLOADED TO DMS or PWC\00 Meeting Minutes\AWV-026"
"000000009598E9A20E04F041B38518182890A2D50100E34BFE500669CD49AC2E27C6C54DE39D0000000D592B0000"	"\Divisions\PD\Line Houston\107391 Alaskan Way Via Duct\00 UPLOADED TO DMS or PWC\00 Request For Information"
"000000009598E9A20E04F041B38518182890A2D50100E34BFE500669CD49AC2E27C6C54DE39D0000000AFD730000"	"\Divisions\PD\Line Houston\107391 Alaskan Way Via Duct\00 UPLOADED TO DMS or PWC\AWV-003 thru AWV-050\AWV-014"
"000000009598E9A20E04F041B38518182890A2D50100E34BFE500669CD49AC2E27C6C54DE39D0000000AFD830000"	"\Divisions\PD\Line Houston\107391 Alaskan Way Via Duct\00 UPLOADED TO DMS or PWC\AWV-003 thru AWV-050\AWV-047"
"000000009598E9A20E04F041B38518182890A2D50100E34BFE500669CD49AC2E27C6C54DE39D0000000D591A0000"	"\Divisions\PD\Line Houston\107391 Alaskan Way Via Duct\00 UPLOADED TO DMS or PWC\AWV-050 thruy AWV-100\AWV-071"
"000000009598E9A20E04F041B38518182890A2D50100E34BFE500669CD49AC2E27C6C54DE39D0000000AFD700000"	"\Divisions\PD\Line Houston\107391 Alaskan Way Via Duct\00 UPLOADED TO DMS or PWC\T_Collins_Jacobs_05-02-07"
"000000009598E9A20E04F041B38518182890A2D50100A3DF33FCC9BD1644BD14FCA330AA978500001DC8B16D0000"	"\Divisions\PD\Line Houston\134402_Brazos Electric_Telecomm Eng Supp Svcs_WO#"
"000000009598E9A20E04F041B38518182890A2D50100F3BCE3A574023B4482F2E427B5A3121800004D8DE0D20000"	"\Divisions\PD\Line Houston\136480_AEP_Cleveland_WO#"
"000000009598E9A20E04F041B38518182890A2D5010012225CC57BF01F4EA8CCA87A792FF35F0001681505B00000"	"\Divisions\PD\Line Kansas City\00-DMS Uploads to STL-for VH info only"
"000000009598E9A20E04F041B38518182890A2D50100A3DF33FCC9BD1644BD14FCA330AA9785000019CD1F1D0000"	"\Divisions\PD\Line Orlando\126918 - OUC TL MAPPING PH III"
"000000009598E9A20E04F041B38518182890A2D50100A3DF33FCC9BD1644BD14FCA330AA978500001C9E96220000"	"\Divisions\PD\Line Orlando\132820 32nd ST-DISSTON POST-CONTRUCT"
"000000009598E9A20E04F041B38518182890A2D50100A3DF33FCC9BD1644BD14FCA330AA978500001F2AD9EC0000"	"\Divisions\PD\Line Orlando\135922-FPL-T12350 BROADVIEW CELL TOWER"
"000000009598E9A20E04F041B38518182890A2D50100A3DF33FCC9BD1644BD14FCA330AA97850000213530C50000"	"\Divisions\PD\Line Orlando\137232-FPL-LINDGREN SUB 2015 CELL TWR"
"000000009598E9A20E04F041B38518182890A2D50100A3DF33FCC9BD1644BD14FCA330AA9785000026B12C5A0000"	"\Divisions\PD\Line Orlando\140465-OUC-BREAKER FLASHER RELAY"
"000000009598E9A20E04F041B38518182890A2D50100A3DF33FCC9BD1644BD14FCA330AA978500002CB532FA0000"	"\Divisions\PD\Line Orlando\143014-FPL-DORAL BLVD STR A 137U11"
"000000009598E9A20E04F041B38518182890A2D50100CB7D9B6512D7374A860FE542D577039200000119253F0000"	"\Divisions\PD\Line Portland\121659 - StJohns Pratt RiverRd"
"000000009598E9A20E04F041B38518182890A2D50100A3DF33FCC9BD1644BD14FCA330AA978500001CDBB03A0000"	"\Divisions\PD\Line Portland\131745 - Oncor Tex Harvey"
"000000009598E9A20E04F041B38518182890A2D50100A3DF33FCC9BD1644BD14FCA330AA978500001F2A631E0000"	"\Divisions\PD\Line Portland\135428 - HEA Billy Thompson 115kV Switch"
"000000009598E9A20E04F041B38518182890A2D50100A3DF33FCC9BD1644BD14FCA330AA9785000028B66FB30000"	"\Divisions\PD\Line Portland\141185 - Northaven SW-Renner ONCOR"
"000000009598E9A20E04F041B38518182890A2D5010012225CC57BF01F4EA8CCA87A792FF35F0000B2BA27520000"	"\Divisions\PD\Line Portland\146281 - AEP OE-San Angelo"
"000000009598E9A20E04F041B38518182890A2D5010012225CC57BF01F4EA8CCA87A792FF35F0001F67CE09F0000"	"\Divisions\PD\Line Portland\154012 - AEP AJO-RIO HONDO CT"
"000000009598E9A20E04F041B38518182890A2D5010012225CC57BF01F4EA8CCA87A792FF35F0003249DFC7F0000"	"\Divisions\PD\Line Portland\161291 - PGE Harborton FND"
"000000009598E9A20E04F041B38518182890A2D50100A3DF33FCC9BD1644BD14FCA330AA9785000021ED619D0000"	"\Divisions\PD\Line San Diego\135223 AltaGas GT"
"000000009598E9A20E04F041B38518182890A2D50100A3DF33FCC9BD1644BD14FCA330AA978500001D6ABD660000"	"\Divisions\PD\Line San Diego\HECO OE"
"000000009598E9A20E04F041B38518182890A2D50100A3DF33FCC9BD1644BD14FCA330AA978500002D9220180000"	"\Divisions\PD\Line Syracuse\_PPL HOLD\143062 PPL Manor Graceton LS"
"000000009598E9A20E04F041B38518182890A2D5010012225CC57BF01F4EA8CCA87A792FF35F0002C819899D0000"	"\Divisions\PD\MPD"
"000000009598E9A20E04F041B38518182890A2D50100572FF007A7D6B64CA96E5CFE8E1CC1A400000012927B0000"	"\Divisions\PD\North Attleboro Project Site\AIR's\Closed AIR's\0003"
"000000009598E9A20E04F041B38518182890A2D50100572FF007A7D6B64CA96E5CFE8E1CC1A400000014C0A70000"	"\Divisions\PD\North Attleboro Project Site\AIR's\Closed AIR's\0075"
"000000009598E9A20E04F041B38518182890A2D50100572FF007A7D6B64CA96E5CFE8E1CC1A400000016475A0000"	"\Divisions\PD\North Attleboro Project Site\AIR's\Open AIR's\0080"
"000000009598E9A20E04F041B38518182890A2D50100572FF007A7D6B64CA96E5CFE8E1CC1A40000001292010000"	"\Divisions\PD\North Attleboro Project Site\Projects\113504-W.Farnum SS 115kV Upgrade"
"000000009598E9A20E04F041B38518182890A2D50100E34BFE500669CD49AC2E27C6C54DE39D0000003DC13F0000"	"\Divisions\PD\North Attleboro Project Site\Projects\113517-S171/T172 115KV Line WF-Dmrck\DD-CM-01\Foundations"
"000000009598E9A20E04F041B38518182890A2D501001953B16A689BCD4AA8FC82955DB27CB1000001DBF4670000"	"\Divisions\PD\North Attleboro Project Site\Projects\122514-Bridgewater 345/115kV Upgrades"
"000000009598E9A20E04F041B38518182890A2D50100A3DF33FCC9BD1644BD14FCA330AA978500001A22BBB40000"	"\Divisions\PD\North Attleboro Project Site\Projects\130508-NGRID-WOONSOCKET RELAY REPLACEMENT"
"000000009598E9A20E04F041B38518182890A2D50100A3DF33FCC9BD1644BD14FCA330AA978500001EF069810000"	"\Divisions\PD\Out of Office – St. Louis Calendar"
"000000009598E9A20E04F041B38518182890A2D50100A3DF33FCC9BD1644BD14FCA330AA9785000026198D1E0000"	"\Divisions\PD\PCI Sacramento\00-DMS Upload\140170 - ITC MIDWEST VENDOR SURV"
"000000009598E9A20E04F041B38518182890A2D50100A3DF33FCC9BD1644BD14FCA330AA978500001C9775880000"	"\Divisions\PD\PCI Sacramento\00-DMS Upload\Ameren - NERC Program\TRANSMITTALS"
"000000009598E9A20E04F041B38518182890A2D50100A3DF33FCC9BD1644BD14FCA330AA978500000E8615530000"	"\Divisions\PD\PCI Sacramento\117291 NPPD345KV AXTELL-KANSAS LINE\Axtell-Kansas"
"000000009598E9A20E04F041B38518182890A2D50100A3DF33FCC9BD1644BD14FCA330AA978500000E8626120000"	"\Divisions\PD\PCI Sacramento\117291 NPPD345KV AXTELL-KANSAS LINE\Axtell-Kansas\Weekly Construction Meetings"
"000000009598E9A20E04F041B38518182890A2D50100A3DF33FCC9BD1644BD14FCA330AA9785000019CC982C0000"	"\Divisions\PD\PCI Sacramento\121690 ON Line Project\All Inspector Reports\Conductor Shield Wire - OPGW Sag Rpts"
"000000009598E9A20E04F041B38518182890A2D501001953B16A689BCD4AA8FC82955DB27CB1000001CEC6300000"	"\Divisions\PD\PCI Sacramento\121690 ON Line Project\All Inspector Reports\Non Compliance Reports"
"000000009598E9A20E04F041B38518182890A2D501001953B16A689BCD4AA8FC82955DB27CB1000001CEC6400000"	"\Divisions\PD\PCI Sacramento\121690 ON Line Project\All Inspector Reports\Substation Drilled Pier Checklist/Reports"
"000000009598E9A20E04F041B38518182890A2D50100A3DF33FCC9BD1644BD14FCA330AA9785000018C7C94E0000"	"\Divisions\PD\PCI Sacramento\124526 OCOTILLO EXPRESS"
"000000009598E9A20E04F041B38518182890A2D50100A3DF33FCC9BD1644BD14FCA330AA978500001982567E0000"	"\Divisions\PD\PCI Sacramento\129781 RIVER ROAD SUBSTATION2"
"000000009598E9A20E04F041B38518182890A2D50100A3DF33FCC9BD1644BD14FCA330AA978500001C9772590000"	"\Divisions\PD\PCI Sacramento\132259 MO Program Management\001\Materials"
"000000009598E9A20E04F041B38518182890A2D50100A3DF33FCC9BD1644BD14FCA330AA978500001C9772A30000"	"\Divisions\PD\PCI Sacramento\132259 MO Program Management\002\Meeting Items"
"000000009598E9A20E04F041B38518182890A2D50100A3DF33FCC9BD1644BD14FCA330AA978500001C97754A0000"	"\Divisions\PD\PCI Sacramento\132259 MO Program Management\007\Misc"
"000000009598E9A20E04F041B38518182890A2D50100A3DF33FCC9BD1644BD14FCA330AA978500001C9773BC0000"	"\Divisions\PD\PCI Sacramento\132259 MO Program Management\010\Real Estate"
"000000009598E9A20E04F041B38518182890A2D50100A3DF33FCC9BD1644BD14FCA330AA978500001C9774170000"	"\Divisions\PD\PCI Sacramento\132259 MO Program Management\011\RFIs"
"000000009598E9A20E04F041B38518182890A2D50100A3DF33FCC9BD1644BD14FCA330AA978500001C97745F0000"	"\Divisions\PD\PCI Sacramento\132259 MO Program Management\012\Safety"
"000000009598E9A20E04F041B38518182890A2D50100A3DF33FCC9BD1644BD14FCA330AA978500001C9774AD0000"	"\Divisions\PD\PCI Sacramento\132259 MO Program Management\030\Schedule"
"000000009598E9A20E04F041B38518182890A2D50100A3DF33FCC9BD1644BD14FCA330AA978500001C9772FC0000"	"\Divisions\PD\PCI Sacramento\132259 MO Program Management\040\Scope"
"000000009598E9A20E04F041B38518182890A2D50100A3DF33FCC9BD1644BD14FCA330AA978500001C97732C0000"	"\Divisions\PD\PCI Sacramento\132259 MO Program Management\060\TRANSMITTALS"
"000000009598E9A20E04F041B38518182890A2D50100A3DF33FCC9BD1644BD14FCA330AA978500001C97735D0000"	"\Divisions\PD\PCI Sacramento\132259 MO Program Management\090"
"000000009598E9A20E04F041B38518182890A2D50100A3DF33FCC9BD1644BD14FCA330AA978500001C9769FD0000"	"\Divisions\PD\PCI Sacramento\132260 IL Program Management Support\001"
"000000009598E9A20E04F041B38518182890A2D50100A3DF33FCC9BD1644BD14FCA330AA978500001C976A630000"	"\Divisions\PD\PCI Sacramento\132260 IL Program Management Support\002\Engineering"
"000000009598E9A20E04F041B38518182890A2D50100A3DF33FCC9BD1644BD14FCA330AA978500001C97693D0000"	"\Divisions\PD\PCI Sacramento\132260 IL Program Management Support\003\Engineering Inspection"
"000000009598E9A20E04F041B38518182890A2D50100A3DF33FCC9BD1644BD14FCA330AA978500001C976A960000"	"\Divisions\PD\PCI Sacramento\132260 IL Program Management Support\004\Environmental"
"000000009598E9A20E04F041B38518182890A2D50100A3DF33FCC9BD1644BD14FCA330AA978500001C976AC60000"	"\Divisions\PD\PCI Sacramento\132260 IL Program Management Support\005\Financial"
"000000009598E9A20E04F041B38518182890A2D50100A3DF33FCC9BD1644BD14FCA330AA978500001C976AF50000"	"\Divisions\PD\PCI Sacramento\132260 IL Program Management Support\006\Materials"
"000000009598E9A20E04F041B38518182890A2D50100A3DF33FCC9BD1644BD14FCA330AA978500001C976B250000"	"\Divisions\PD\PCI Sacramento\132260 IL Program Management Support\007\Meeting Items"
"000000009598E9A20E04F041B38518182890A2D50100A3DF33FCC9BD1644BD14FCA330AA978500001C976B540000"	"\Divisions\PD\PCI Sacramento\132260 IL Program Management Support\008\Misc"
"000000009598E9A20E04F041B38518182890A2D50100A3DF33FCC9BD1644BD14FCA330AA978500001C976BFD0000"	"\Divisions\PD\PCI Sacramento\132260 IL Program Management Support\009\Real Estate"
"000000009598E9A20E04F041B38518182890A2D50100A3DF33FCC9BD1644BD14FCA330AA978500001C976C2D0000"	"\Divisions\PD\PCI Sacramento\132260 IL Program Management Support\010\RFIs"
"000000009598E9A20E04F041B38518182890A2D50100A3DF33FCC9BD1644BD14FCA330AA978500001C976C5C0000"	"\Divisions\PD\PCI Sacramento\132260 IL Program Management Support\011\Safety"
"000000009598E9A20E04F041B38518182890A2D50100A3DF33FCC9BD1644BD14FCA330AA978500001C976C8B0000"	"\Divisions\PD\PCI Sacramento\132260 IL Program Management Support\012\Schedule"
"000000009598E9A20E04F041B38518182890A2D50100A3DF33FCC9BD1644BD14FCA330AA978500001C976CBB0000"	"\Divisions\PD\PCI Sacramento\132260 IL Program Management Support\013\Scope"
"000000009598E9A20E04F041B38518182890A2D50100A3DF33FCC9BD1644BD14FCA330AA978500001C976CEA0000"	"\Divisions\PD\PCI Sacramento\132260 IL Program Management Support\014\TRANSMITTALS"
"000000009598E9A20E04F041B38518182890A2D50100A3DF33FCC9BD1644BD14FCA330AA978500001C976D1D0000"	"\Divisions\PD\PCI Sacramento\132260 IL Program Management Support\016"
"000000009598E9A20E04F041B38518182890A2D50100A3DF33FCC9BD1644BD14FCA330AA978500001C976D4F0000"	"\Divisions\PD\PCI Sacramento\132260 IL Program Management Support\017\Engineering"
"000000009598E9A20E04F041B38518182890A2D50100A3DF33FCC9BD1644BD14FCA330AA978500001C976D7E0000"	"\Divisions\PD\PCI Sacramento\132260 IL Program Management Support\019\Engineering Inspection"
"000000009598E9A20E04F041B38518182890A2D50100A3DF33FCC9BD1644BD14FCA330AA978500001C976DBA0000"	"\Divisions\PD\PCI Sacramento\132260 IL Program Management Support\020\Environmental"
"000000009598E9A20E04F041B38518182890A2D50100A3DF33FCC9BD1644BD14FCA330AA978500001C976E8C0000"	"\Divisions\PD\PCI Sacramento\132260 IL Program Management Support\021\Financial"
"000000009598E9A20E04F041B38518182890A2D50100A3DF33FCC9BD1644BD14FCA330AA978500001C976EC30000"	"\Divisions\PD\PCI Sacramento\132260 IL Program Management Support\022\Materials"
"000000009598E9A20E04F041B38518182890A2D50100A3DF33FCC9BD1644BD14FCA330AA978500001C976EF50000"	"\Divisions\PD\PCI Sacramento\132260 IL Program Management Support\023\Meeting Items"
"000000009598E9A20E04F041B38518182890A2D50100A3DF33FCC9BD1644BD14FCA330AA978500001C976F240000"	"\Divisions\PD\PCI Sacramento\132260 IL Program Management Support\024\Misc"
"000000009598E9A20E04F041B38518182890A2D50100A3DF33FCC9BD1644BD14FCA330AA978500001C976F530000"	"\Divisions\PD\PCI Sacramento\132260 IL Program Management Support\025\Real Estate"
"000000009598E9A20E04F041B38518182890A2D50100A3DF33FCC9BD1644BD14FCA330AA978500001C976F820000"	"\Divisions\PD\PCI Sacramento\132260 IL Program Management Support\026\RFIs"
"000000009598E9A20E04F041B38518182890A2D50100A3DF33FCC9BD1644BD14FCA330AA978500001C976FB20000"	"\Divisions\PD\PCI Sacramento\132260 IL Program Management Support\027\Safety"
"000000009598E9A20E04F041B38518182890A2D50100A3DF33FCC9BD1644BD14FCA330AA978500001C976FE10000"	"\Divisions\PD\PCI Sacramento\132260 IL Program Management Support\028\Schedule"
"000000009598E9A20E04F041B38518182890A2D50100A3DF33FCC9BD1644BD14FCA330AA978500001C9770210000"	"\Divisions\PD\PCI Sacramento\132260 IL Program Management Support\030\Scope"
"000000009598E9A20E04F041B38518182890A2D50100A3DF33FCC9BD1644BD14FCA330AA978500001C9770500000"	"\Divisions\PD\PCI Sacramento\132260 IL Program Management Support\031\TRANSMITTALS"
"000000009598E9A20E04F041B38518182890A2D50100A3DF33FCC9BD1644BD14FCA330AA978500001C9770820000"	"\Divisions\PD\PCI Sacramento\132260 IL Program Management Support\033"
"000000009598E9A20E04F041B38518182890A2D50100A3DF33FCC9BD1644BD14FCA330AA978500001C9770B10000"	"\Divisions\PD\PCI Sacramento\132260 IL Program Management Support\034\Engineering"
"000000009598E9A20E04F041B38518182890A2D50100A3DF33FCC9BD1644BD14FCA330AA978500001C9770E00000"	"\Divisions\PD\PCI Sacramento\132260 IL Program Management Support\035\Engineering Inspection"
"000000009598E9A20E04F041B38518182890A2D50100A3DF33FCC9BD1644BD14FCA330AA978500001C9771A90000"	"\Divisions\PD\PCI Sacramento\132260 IL Program Management Support\036\Environmental"
"000000009598E9A20E04F041B38518182890A2D50100A3DF33FCC9BD1644BD14FCA330AA978500001D5A61E40000"	"\Divisions\PD\PCI Sacramento\132260 IL Program Management Support\037\Financial"
"000000009598E9A20E04F041B38518182890A2D50100A3DF33FCC9BD1644BD14FCA330AA978500001D5A62340000"	"\Divisions\PD\PCI Sacramento\132260 IL Program Management Support\038\Materials"
"000000009598E9A20E04F041B38518182890A2D50100A3DF33FCC9BD1644BD14FCA330AA978500001D5A62670000"	"\Divisions\PD\PCI Sacramento\132260 IL Program Management Support\039\Meeting Items"
"000000009598E9A20E04F041B38518182890A2D50100A3DF33FCC9BD1644BD14FCA330AA978500001D5A62BA0000"	"\Divisions\PD\PCI Sacramento\132260 IL Program Management Support\040\Misc"
"000000009598E9A20E04F041B38518182890A2D50100A3DF33FCC9BD1644BD14FCA330AA978500001D5A63C00000"	"\Divisions\PD\PCI Sacramento\132260 IL Program Management Support\041\Real Estate"
"000000009598E9A20E04F041B38518182890A2D50100A3DF33FCC9BD1644BD14FCA330AA978500001E29BC8D0000"	"\Divisions\PD\PCI Sacramento\134956  ITC MIDWEST CM CAP STAFFING"
"000000009598E9A20E04F041B38518182890A2D50100A3DF33FCC9BD1644BD14FCA330AA9785000027CDF49B0000"	"\Divisions\PD\PCI Sacramento\140907 - SEP GEN ENG SUPPORT"
"000000009598E9A20E04F041B38518182890A2D5010012225CC57BF01F4EA8CCA87A792FF35F000162F5FFDD0000"	"\Divisions\PD\PCI Sacramento\149829 - ASSOC PROJECT MGMT 2018"
"000000009598E9A20E04F041B38518182890A2D50100E34BFE500669CD49AC2E27C6C54DE39D00000018EF450000"	"\Divisions\PD\PCI Sacramento\Houston Projects\114672_CenterPoint_Energy\Jefferson_Station"
"000000009598E9A20E04F041B38518182890A2D50100A3DF33FCC9BD1644BD14FCA330AA9785000015D606F70000"	"\Divisions\PD\PDS Group Phoenix\124930 Mesa Wind Project"
"000000009598E9A20E04F041B38518182890A2D50100A3DF33FCC9BD1644BD14FCA330AA9785000015D606FB0000"	"\Divisions\PD\PDS Group Phoenix\124962 LADWP Solar Interconnect"
"000000009598E9A20E04F041B38518182890A2D50100A3DF33FCC9BD1644BD14FCA330AA978500001620018E0000"	"\Divisions\PD\PDS Group Phoenix\124984 TEP Share of Cochise Co"
"000000009598E9A20E04F041B38518182890A2D50100A3DF33FCC9BD1644BD14FCA330AA978500001B21E1870000"	"\Divisions\PD\PDS Group Phoenix\124988 TEP UNS Kingman Wind II\WESTERN WIND - Steel Park[16w+4s]\FeS"
"000000009598E9A20E04F041B38518182890A2D50100A3DF33FCC9BD1644BD14FCA330AA978500001B21A1410000"	"\Divisions\PD\PDS Group Phoenix\124989 TEP Mod 29 Study\2011"
"000000009598E9A20E04F041B38518182890A2D50100A3DF33FCC9BD1644BD14FCA330AA9785000016742D6E0000"	"\Divisions\PD\PDS Group Phoenix\126325_Photovolt XMSN"
"000000009598E9A20E04F041B38518182890A2D50100A3DF33FCC9BD1644BD14FCA330AA978500001758E1AD0000"	"\Divisions\PD\PDS Group Phoenix\127437 IID Work Order #7"
"000000009598E9A20E04F041B38518182890A2D50100A3DF33FCC9BD1644BD14FCA330AA97850000192A61390000"	"\Divisions\PD\PDS Group Phoenix\129273 Solar Reserve PNM ATC Review"
"000000009598E9A20E04F041B38518182890A2D50100A3DF33FCC9BD1644BD14FCA330AA978500001A24350A0000"	"\Divisions\PD\PDS Group Phoenix\130713 RMT Eurus-Waianae 30 MW SLR PJ"
"000000009598E9A20E04F041B38518182890A2D50100A3DF33FCC9BD1644BD14FCA330AA978500001B5837640000"	"\Divisions\PD\PDS Group Phoenix\132179 NV Interconn Site Support"
"000000009598E9A20E04F041B38518182890A2D50100A3DF33FCC9BD1644BD14FCA330AA978500001CA62DA30000"	"\Divisions\PD\PDS Group Phoenix\133160 Community Energy-Zia NM Site"
"000000009598E9A20E04F041B38518182890A2D50100A3DF33FCC9BD1644BD14FCA330AA97850000161FF4000000"	"\Divisions\PD\PDS Group Phoenix\CLOSED\124939 - Closed"
"000000009598E9A20E04F041B38518182890A2D5010012225CC57BF01F4EA8CCA87A792FF35F0005387681690000"	"\Divisions\PD\PM Group\169043_T27394_Dade-Airport 138kV Reconductor"
"000000009598E9A20E04F041B38518182890A2D5010012225CC57BF01F4EA8CCA87A792FF35F000655BAC1CC0000"	"\Divisions\PD\PNM-Calendar"
"000000009598E9A20E04F041B38518182890A2D501006C95E27D1ACA634AA1AADC20796388DD000000E456060000"	"\Divisions\PD\Project Control\100425 - PCI\ASAP Systems - Barcode Scanner"
"000000009598E9A20E04F041B38518182890A2D501006C95E27D1ACA634AA1AADC20796388DD000000B856680000"	"\Divisions\PD\Project Control\100501 - Office PV Project - Hailey\Conergy"
"000000009598E9A20E04F041B38518182890A2D501006C95E27D1ACA634AA1AADC20796388DD00000049C5850000"	"\Divisions\PD\Project Control\112485- Catenary Installation"
"000000009598E9A20E04F041B38518182890A2D501006C95E27D1ACA634AA1AADC20796388DD00000049C58C0000"	"\Divisions\PD\Project Control\112649- Muddy Crk/Long Hlw OPGW Recond"
"000000009598E9A20E04F041B38518182890A2D501006C95E27D1ACA634AA1AADC20796388DD00000049C58E0000"	"\Divisions\PD\Project Control\113261- Mountain Wind Backfeed"
"000000009598E9A20E04F041B38518182890A2D501006C95E27D1ACA634AA1AADC20796388DD000000AAFD690000"	"\Divisions\PD\Project Control\113487 - Kent County 1 - National Grid\Pascor Atlantic - Disc. Switch"
"000000009598E9A20E04F041B38518182890A2D50100CB7D9B6512D7374A860FE542D57703920000010EA5B30000"	"\Divisions\PD\Project Control\113487 - Kent County 2 - National Grid\Electroswitch"
"000000009598E9A20E04F041B38518182890A2D501006C95E27D1ACA634AA1AADC20796388DD000000E199B80000"	"\Divisions\PD\Project Control\113487 - Kent County 2 - National Grid\Travis Pattern"
"000000009598E9A20E04F041B38518182890A2D501006C95E27D1ACA634AA1AADC20796388DD0000004F1E770000"	"\Divisions\PD\Project Control\114143 - Pioneer Prairie"
"000000009598E9A20E04F041B38518182890A2D501006C95E27D1ACA634AA1AADC20796388DD0000008564C00000"	"\Divisions\PD\Project Control\114439 - Kittitas Wind Farm - Horizon Wind"
"000000009598E9A20E04F041B38518182890A2D501006C95E27D1ACA634AA1AADC20796388DD000000695C560000"	"\Divisions\PD\Project Control\115069 - High Lonesome\Mountain States Instruments"
"000000009598E9A20E04F041B38518182890A2D501006C95E27D1ACA634AA1AADC20796388DD00000064FE810000"	"\Divisions\PD\Project Control\115446 - Scolari Roaster Rebuild - Starbucks\SICK MAIHAK"
"000000009598E9A20E04F041B38518182890A2D501006C95E27D1ACA634AA1AADC20796388DD0000006BB89D0000"	"\Divisions\PD\Project Control\116818 - Raytheon PCMS Integration Eng."
"000000009598E9A20E04F041B38518182890A2D501006C95E27D1ACA634AA1AADC20796388DD000000A8D74B0000"	"\Divisions\PD\Project Control\117587 - Midwest Ogallah Switchyard"
"000000009598E9A20E04F041B38518182890A2D501006C95E27D1ACA634AA1AADC20796388DD0000007AE2390000"	"\Divisions\PD\Project Control\118163 - Prairie Power Sub - Clallum County PUD"
"000000009598E9A20E04F041B38518182890A2D501006C95E27D1ACA634AA1AADC20796388DD0000009C169C0000"	"\Divisions\PD\Project Control\118982 - KMPUD\15kV Switchgear"
"000000009598E9A20E04F041B38518182890A2D501006C95E27D1ACA634AA1AADC20796388DD000000C6C9A40000"	"\Divisions\PD\Project Control\119909 - CMP - 115kV Breaker Replacement\Contact Power"
"000000009598E9A20E04F041B38518182890A2D501006C95E27D1ACA634AA1AADC20796388DD000000BCC5BD0000"	"\Divisions\PD\Project Control\120553 - Raytheon PCMS"
"000000009598E9A20E04F041B38518182890A2D501006C95E27D1ACA634AA1AADC20796388DD000000D16DA00000"	"\Divisions\PD\Project Control\121321 - Maple Ridge"
"000000009598E9A20E04F041B38518182890A2D501001953B16A689BCD4AA8FC82955DB27CB1000000FEBE480000"	"\Divisions\PD\Project Control\121659 - SEPC / SPP NTC Phase One & Planning\Steel Poles"
"000000009598E9A20E04F041B38518182890A2D501006C95E27D1ACA634AA1AADC20796388DD000000F390DA0000"	"\Divisions\PD\Project Control\121660 - Clipper Shooting Star\Disconnect Switches"
"000000009598E9A20E04F041B38518182890A2D501006C95E27D1ACA634AA1AADC20796388DD000000F321180000"	"\Divisions\PD\Project Control\121660 - Clipper Shooting Star\Trench - CCVT's"
"000000009598E9A20E04F041B38518182890A2D50100CB7D9B6512D7374A860FE542D57703920000012693210000"	"\Divisions\PD\Project Control\123097 - DSCADA / Progress Energy"
"000000009598E9A20E04F041B38518182890A2D501001953B16A689BCD4AA8FC82955DB27CB1000000E960600000"	"\Divisions\PD\Project Control\123097 - DSCADA / Progress Energy\RuggedCom"
"000000009598E9A20E04F041B38518182890A2D501001953B16A689BCD4AA8FC82955DB27CB10000012240C60000"	"\Divisions\PD\Project Control\123451 - St. John Substation / SEPC\Galvanizers - Steel"
"000000009598E9A20E04F041B38518182890A2D501001953B16A689BCD4AA8FC82955DB27CB100000197C5FE0000"	"\Divisions\PD\Project Control\124138 - Duke Buckner Tap\KC Utilty"
"000000009598E9A20E04F041B38518182890A2D50100A3DF33FCC9BD1644BD14FCA330AA97850000174D5CB40000"	"\Divisions\PD\Project Control\124256 - Barber Sub.\Energy Erectors"
"000000009598E9A20E04F041B38518182890A2D50100A3DF33FCC9BD1644BD14FCA330AA97850000174B87B00000"	"\Divisions\PD\Project Control\124256 - Barber Sub.\Stoppel Dirt"
"000000009598E9A20E04F041B38518182890A2D501001953B16A689BCD4AA8FC82955DB27CB1000001C87FCD0000"	"\Divisions\PD\Project Control\124613 - Combine Hills"
"000000009598E9A20E04F041B38518182890A2D50100A3DF33FCC9BD1644BD14FCA330AA9785000017FD2E7E0000"	"\Divisions\PD\Project Control\125583 - Cimarron Substation\KC Utility - Pole Replacement Hardware"
"000000009598E9A20E04F041B38518182890A2D50100A3DF33FCC9BD1644BD14FCA330AA97850000190664020000"	"\Divisions\PD\Project Control\125583 - Cimarron Substation\RFQ - Current Limiting Reactors\ABB"
"000000009598E9A20E04F041B38518182890A2D50100A3DF33FCC9BD1644BD14FCA330AA9785000017FDA2AB0000"	"\Divisions\PD\Project Control\125583 - Cimarron Substation\RFQ - Substation Steel Structures"
"000000009598E9A20E04F041B38518182890A2D50100A3DF33FCC9BD1644BD14FCA330AA97850000172882F70000"	"\Divisions\PD\Project Control\125583 - Cimarron Substation\Zig Zag Grounding Transformer"
"000000009598E9A20E04F041B38518182890A2D50100A3DF33FCC9BD1644BD14FCA330AA9785000017FDFC160000"	"\Divisions\PD\Project Control\126373 - Harper Sub.\RFQ - Surge Arresters"
"000000009598E9A20E04F041B38518182890A2D50100A3DF33FCC9BD1644BD14FCA330AA978500001A3D43220000"	"\Divisions\PD\Project Control\126376 - Harper to Flat Ridge\Harper to Barber\Kansas Gas Service"
"000000009598E9A20E04F041B38518182890A2D50100A3DF33FCC9BD1644BD14FCA330AA9785000019549A210000"	"\Divisions\PD\Project Control\127239 - TMK Nextera\Kriz Davis"
"000000009598E9A20E04F041B38518182890A2D50100A3DF33FCC9BD1644BD14FCA330AA9785000018DE40F00000"	"\Divisions\PD\Project Control\128070 - Macho Springs Solar\Circuit Breakers\MEPPI"
"000000009598E9A20E04F041B38518182890A2D50100A3DF33FCC9BD1644BD14FCA330AA9785000018E1C2310000"	"\Divisions\PD\Project Control\128070 - Macho Springs Solar\Pole Mount Transformer\ABB"
"000000009598E9A20E04F041B38518182890A2D50100A3DF33FCC9BD1644BD14FCA330AA978500001AADB0D90000"	"\Divisions\PD\Project Control\129781 - River Road\ABB - SSVT"
"000000009598E9A20E04F041B38518182890A2D50100A3DF33FCC9BD1644BD14FCA330AA978500001B5D00020000"	"\Divisions\PD\Project Control\129781 - River Road\RFP - Electrical\Energy Erectors"
"000000009598E9A20E04F041B38518182890A2D50100A3DF33FCC9BD1644BD14FCA330AA978500001AAD7B720000"	"\Divisions\PD\Project Control\130338 - Shoofly's and Lines / SEPC"
"000000009598E9A20E04F041B38518182890A2D50100A3DF33FCC9BD1644BD14FCA330AA978500001CD6006E0000"	"\Divisions\PD\Project Control\130766 - CRS PH2\RFQ's\CLiP Device"
"000000009598E9A20E04F041B38518182890A2D50100A3DF33FCC9BD1644BD14FCA330AA978500001BC063760000"	"\Divisions\PD\Project Control\132085 - East Hall Sub.\Budgetary Pricing for Equipment\Circuit Switcher"
"000000009598E9A20E04F041B38518182890A2D50100A3DF33FCC9BD1644BD14FCA330AA978500001D2457360000"	"\Divisions\PD\Project Control\132085 - East Hall Sub.\Pinnacle Steel - Substation Steel Structures"
"000000009598E9A20E04F041B38518182890A2D50100A3DF33FCC9BD1644BD14FCA330AA978500001C800AC80000"	"\Divisions\PD\Project Control\132085 - East Hall Sub.\RFQ's\Control Building\SB Systems (Parkline)"
"000000009598E9A20E04F041B38518182890A2D50100A3DF33FCC9BD1644BD14FCA330AA978500001CEDD5FC0000"	"\Divisions\PD\Project Control\132085 - East Hall Sub.\RFQ's\Steel Structures\Pinnacle Steel"
"000000009598E9A20E04F041B38518182890A2D50100A3DF33FCC9BD1644BD14FCA330AA978500001D7FBCCA0000"	"\Divisions\PD\Project Control\132085 - East Hall Sub.\Thermo Bond - Control Building\Battery System"
"000000009598E9A20E04F041B38518182890A2D50100A3DF33FCC9BD1644BD14FCA330AA978500001DB738450000"	"\Divisions\PD\Project Control\133317 - RS Shooflys & Lines\RFP's\Shoo-Fly's, 115kV\Capitol Electric"
"000000009598E9A20E04F041B38518182890A2D50100A3DF33FCC9BD1644BD14FCA330AA978500001D5A897F0000"	"\Divisions\PD\Project Control\133430 - North Fort Dodge"
"000000009598E9A20E04F041B38518182890A2D50100A3DF33FCC9BD1644BD14FCA330AA978500001E4E7C390000"	"\Divisions\PD\Project Control\133430 - North Fort Dodge\RFP's\Substation Contractor"
"000000009598E9A20E04F041B38518182890A2D50100A3DF33FCC9BD1644BD14FCA330AA978500001DC1F6C60000"	"\Divisions\PD\Project Control\133430 - North Fort Dodge\RFQ's\Control Building\Behlen"
"000000009598E9A20E04F041B38518182890A2D50100A3DF33FCC9BD1644BD14FCA330AA978500001E3DDD880000"	"\Divisions\PD\Project Control\133430 - North Fort Dodge\RFQ's\Insulators"
"000000009598E9A20E04F041B38518182890A2D50100A3DF33FCC9BD1644BD14FCA330AA978500001DB716710000"	"\Divisions\PD\Project Control\133430 - North Fort Dodge\RFQ's\VT, 115kV\Trench"
"000000009598E9A20E04F041B38518182890A2D50100A3DF33FCC9BD1644BD14FCA330AA978500001FA9EAA00000"	"\Divisions\PD\Project Control\133432 - Spearville Substation\Enersys - Batteries and Rack"
"000000009598E9A20E04F041B38518182890A2D50100A3DF33FCC9BD1644BD14FCA330AA97850000208C758B0000"	"\Divisions\PD\Project Control\133432 - Spearville Substation\RFP's\Electrical Construction\Energy Erectors"
"000000009598E9A20E04F041B38518182890A2D50100A3DF33FCC9BD1644BD14FCA330AA978500001DF43EB90000"	"\Divisions\PD\Project Control\133432 - Spearville Substation\RFQ's\345kV A-Frame Structure\FWT"
"000000009598E9A20E04F041B38518182890A2D50100A3DF33FCC9BD1644BD14FCA330AA978500001E2F70780000"	"\Divisions\PD\Project Control\133432 - Spearville Substation\RFQ's\Small Steel Structures"
"000000009598E9A20E04F041B38518182890A2D50100A3DF33FCC9BD1644BD14FCA330AA97850000226821550000"	"\Divisions\PD\Project Control\133548 - RS-NFD to Spearville 115kV\Fairpoint - Internet"
"000000009598E9A20E04F041B38518182890A2D50100A3DF33FCC9BD1644BD14FCA330AA978500001DBF49FD0000"	"\Divisions\PD\Project Control\133548 - RS-NFD to Spearville 115kV\RFQ's\1272 ACSR Conductor"
"000000009598E9A20E04F041B38518182890A2D50100A3DF33FCC9BD1644BD14FCA330AA9785000021B381380000"	"\Divisions\PD\Project Control\134710 - Cimarron River Sub PH2\EP2 - Control Panels"
"000000009598E9A20E04F041B38518182890A2D50100A3DF33FCC9BD1644BD14FCA330AA978500001EEB6ACE0000"	"\Divisions\PD\Project Control\134710 - Cimarron River Sub PH2\Kriz Davis - Loose Mats for Cap Bank Control"
"000000009598E9A20E04F041B38518182890A2D50100A3DF33FCC9BD1644BD14FCA330AA978500001E698A5A0000"	"\Divisions\PD\Project Control\134710 - Cimarron River Sub PH2\RFP's\Substation Construction\2014 Scope Only\Energy Erectors"
"000000009598E9A20E04F041B38518182890A2D50100A3DF33FCC9BD1644BD14FCA330AA978500001DE496400000"	"\Divisions\PD\Project Control\134710 - Cimarron River Sub PH2\RFP's\Substation Construction\Hooper"
"000000009598E9A20E04F041B38518182890A2D50100A3DF33FCC9BD1644BD14FCA330AA978500001E2FBF610000"	"\Divisions\PD\Project Control\134710 - Cimarron River Sub PH2\RFQ's\ADSS Fiber Optic Cable - Underground\HD Supply"
"000000009598E9A20E04F041B38518182890A2D50100A3DF33FCC9BD1644BD14FCA330AA978500001DE6F4780000"	"\Divisions\PD\Project Control\134710 - Cimarron River Sub PH2\RFQ's\Current Limiting Reactor, 13.8kV Indoor"
"000000009598E9A20E04F041B38518182890A2D50100A3DF33FCC9BD1644BD14FCA330AA978500001F0FE1010000"	"\Divisions\PD\Project Control\134710 - Cimarron River Sub PH2\RFQ's\Low Voltage Transformers\Kriz Davis"
"000000009598E9A20E04F041B38518182890A2D50100A3DF33FCC9BD1644BD14FCA330AA978500001E6696500000"	"\Divisions\PD\Project Control\134710 - Cimarron River Sub PH2\RFQ's\Misc Underground Materials\HD Supply"
"000000009598E9A20E04F041B38518182890A2D50100A3DF33FCC9BD1644BD14FCA330AA9785000020A142F20000"	"\Divisions\PD\Project Control\134710 - Cimarron River Sub PH2\RFQ's\RFP's\RFQ's"
"000000009598E9A20E04F041B38518182890A2D50100A3DF33FCC9BD1644BD14FCA330AA978500001E4850E80000"	"\Divisions\PD\Project Control\134710 - Cimarron River Sub PH2\RFQ's\Substation Steel"
"000000009598E9A20E04F041B38518182890A2D50100A3DF33FCC9BD1644BD14FCA330AA978500001DF2B4F00000"	"\Divisions\PD\Project Control\134710 - Cimarron River Sub PH2\RFQ's\UG Cable\Wesco"
"000000009598E9A20E04F041B38518182890A2D50100A3DF33FCC9BD1644BD14FCA330AA97850000276AFA900000"	"\Divisions\PD\Project Control\135673 - High Point Substation\Enersys - Battery System"
"000000009598E9A20E04F041B38518182890A2D50100F3BCE3A574023B4482F2E427B5A3121800004E7EFAB00000"	"\Divisions\PD\Project Control\135673 - High Point Substation\RFP's\Construction\Energy Erectors"
"000000009598E9A20E04F041B38518182890A2D50100A3DF33FCC9BD1644BD14FCA330AA978500002598F6110000"	"\Divisions\PD\Project Control\135673 - High Point Substation\RFQ's\Control Building\AZZ Atkinson"
"000000009598E9A20E04F041B38518182890A2D50100A3DF33FCC9BD1644BD14FCA330AA97850000274E96610000"	"\Divisions\PD\Project Control\135673 - High Point Substation\RFQ's\Insulators"
"000000009598E9A20E04F041B38518182890A2D50100A3DF33FCC9BD1644BD14FCA330AA97850000274E96770000"	"\Divisions\PD\Project Control\135673 - High Point Substation\RFQ's\Relay Panels\Gexpro"
"000000009598E9A20E04F041B38518182890A2D50100A3DF33FCC9BD1644BD14FCA330AA978500002A3BC9790000"	"\Divisions\PD\Project Control\135673 - High Point Substation\Schwab Eaton - Surveying"
"000000009598E9A20E04F041B38518182890A2D50100A3DF33FCC9BD1644BD14FCA330AA978500002941B1A30000"	"\Divisions\PD\Project Control\136778 - 2015 Oncor Project Controls Scheduling\2015 Schedules\POWER Initial Review"
"000000009598E9A20E04F041B38518182890A2D50100F3BCE3A574023B4482F2E427B5A3121800004EC077CF0000"	"\Divisions\PD\Project Control\140943 - 2016 Oncor Transmission Scheduling\Barber"
"000000009598E9A20E04F041B38518182890A2D5010012225CC57BF01F4EA8CCA87A792FF35F00039D47132C0000"	"\Divisions\PD\Project Control\162020 - 2020 Ocnor Material Expediting"
"000000009598E9A20E04F041B38518182890A2D501006C95E27D1ACA634AA1AADC20796388DD000000F51B9B0000"	"\Divisions\PD\Project Control\Elkhorn"
"000000009598E9A20E04F041B38518182890A2D5010012225CC57BF01F4EA8CCA87A792FF35F00000C4525D80000"	"\Divisions\PD\Project Management Boise\141527_PECL Design\ELEC"
"000000009598E9A20E04F041B38518182890A2D5010012225CC57BF01F4EA8CCA87A792FF35F00003452E67A0000"	"\Divisions\PD\Project Management Boise\142892_PECL Project Management\CNST"
"000000009598E9A20E04F041B38518182890A2D5010012225CC57BF01F4EA8CCA87A792FF35F00004480C3260000"	"\Divisions\PD\Project Management Boise\144130_PECL Stations"
"000000009598E9A20E04F041B38518182890A2D5010012225CC57BF01F4EA8CCA87A792FF35F00004480C3440000"	"\Divisions\PD\Project Management Boise\144130_PECL Stations\SUR"
"000000009598E9A20E04F041B38518182890A2D50100A3DF33FCC9BD1644BD14FCA330AA978500002D6E4F540000"	"\Divisions\PD\Project Management Boise\Aaron Boston\132155 PSE Eastside\Talbot-Paccar"
"000000009598E9A20E04F041B38518182890A2D50100F3BCE3A574023B4482F2E427B5A3121800004EF55C970000"	"\Divisions\PD\Project Management Boise\Aaron Boston\141250 V05 Rebuild-Osage"
"000000009598E9A20E04F041B38518182890A2D5010012225CC57BF01F4EA8CCA87A792FF35F0000D7BBE2AD0000"	"\Divisions\PD\Project Management Boise\Aaron Boston\PBF TORC Proposal"
"000000009598E9A20E04F041B38518182890A2D501006C95E27D1ACA634AA1AADC20796388DD0000006E29B90000"	"\Divisions\PD\Project Management Boise\John Oglevie\113196    JAYTON UPG RLY & CCVT"
"000000009598E9A20E04F041B38518182890A2D501006C95E27D1ACA634AA1AADC20796388DD00000098419B0000"	"\Divisions\PD\Project Management Boise\John Oglevie\113370    RICHMOND"
"000000009598E9A20E04F041B38518182890A2D501006C95E27D1ACA634AA1AADC20796388DD0000006E29AA0000"	"\Divisions\PD\Project Management Boise\John Oglevie\113872    WOOSTER INS 138KV CAP BANK"
"000000009598E9A20E04F041B38518182890A2D501006C95E27D1ACA634AA1AADC20796388DD00000096F8820000"	"\Divisions\PD\Project Management Boise\John Oglevie\114222    HUNTINGTON ST"
"000000009598E9A20E04F041B38518182890A2D50100A3DF33FCC9BD1644BD14FCA330AA9785000019E847300000"	"\Divisions\PD\Project Management Boise\John Oglevie\114531    HEMINGWAY SUBSTATION\114531_b"
"000000009598E9A20E04F041B38518182890A2D501006C95E27D1ACA634AA1AADC20796388DD0000009841DC0000"	"\Divisions\PD\Project Management Boise\John Oglevie\114909    SPRIGG RPL RELAY"
"000000009598E9A20E04F041B38518182890A2D501006C95E27D1ACA634AA1AADC20796388DD0000006E29900000"	"\Divisions\PD\Project Management Boise\John Oglevie\115521    MENARD SUB UPG YELLOWJCK"
"000000009598E9A20E04F041B38518182890A2D501006C95E27D1ACA634AA1AADC20796388DD0000006E29840000"	"\Divisions\PD\Project Management Boise\John Oglevie\116300    WESTSIDE SW: NERC DISTRUB"
"000000009598E9A20E04F041B38518182890A2D50100A3DF33FCC9BD1644BD14FCA330AA978500001A03C3E40000"	"\Divisions\PD\Project Management Boise\John Oglevie\119108    SAN JACINTO Pre-2011\119108_h"
"000000009598E9A20E04F041B38518182890A2D501006C95E27D1ACA634AA1AADC20796388DD000000B267B20000"	"\Divisions\PD\Project Management Boise\John Oglevie\120319    STONE LAKE ADD 2ND 69/12KV"
"000000009598E9A20E04F041B38518182890A2D501006C95E27D1ACA634AA1AADC20796388DD000000EC25880000"	"\Divisions\PD\Project Management Boise\John Oglevie\122662    BELLEFONTE"
"000000009598E9A20E04F041B38518182890A2D501001953B16A689BCD4AA8FC82955DB27CB1000001C68B0F0000"	"\Divisions\PD\Project Management Boise\John Oglevie\124691   SOFT SHELL-STATION WORK"
"000000009598E9A20E04F041B38518182890A2D5010012225CC57BF01F4EA8CCA87A792FF35F00005A941E0A0000"	"\Divisions\PD\Project Management Freeport"
"000000009598E9A20E04F041B38518182890A2D50100572FF007A7D6B64CA96E5CFE8E1CC1A400000058784B0000"	"\Divisions\PD\Project Management Hailey\121393 Rockland\Deliverables_Between_POWER_Employees"
"000000009598E9A20E04F041B38518182890A2D50100CB7D9B6512D7374A860FE542D577039200000126F9E20000"	"\Divisions\PD\Project Management Hailey\123274 Lairds Corner Substation"
"000000009598E9A20E04F041B38518182890A2D501001953B16A689BCD4AA8FC82955DB27CB1000001EA0D4B0000"	"\Divisions\PD\Project Management Hailey\124186 OE Energy Gateway South\00 Project Management\04 Cost Control"
"000000009598E9A20E04F041B38518182890A2D50100A3DF33FCC9BD1644BD14FCA330AA978500000E69C33F0000"	"\Divisions\PD\Project Management Hailey\124186 OE Energy Gateway South\00 Project Management\07 Project Manager"
"000000009598E9A20E04F041B38518182890A2D501001953B16A689BCD4AA8FC82955DB27CB1000001E1E3870000"	"\Divisions\PD\Project Management Hailey\124186 OE Energy Gateway South\01 Preliminary Tech Requirements"
"000000009598E9A20E04F041B38518182890A2D50100A3DF33FCC9BD1644BD14FCA330AA978500000E7ED2CB0000"	"\Divisions\PD\Project Management Hailey\124186 OE Energy Gateway South\01 Preliminary Tech Requirements\01 T-Line\10 Met Study"
"000000009598E9A20E04F041B38518182890A2D50100A3DF33FCC9BD1644BD14FCA330AA978500000EC21C1A0000"	"\Divisions\PD\Project Management Hailey\124186 OE Energy Gateway South\02 Engineering Support to Geotech\01 Preliminary Tech Requirements"
"000000009598E9A20E04F041B38518182890A2D50100A3DF33FCC9BD1644BD14FCA330AA978500000E69D2A20000"	"\Divisions\PD\Project Management Hailey\124186 OE Energy Gateway South\04 Field Staking & Ground Truthing\03 Tower Staking"
"000000009598E9A20E04F041B38518182890A2D50100A3DF33FCC9BD1644BD14FCA330AA978500000E69D2BE0000"	"\Divisions\PD\Project Management Hailey\124186 OE Energy Gateway South\05 ROW and ROE Support\11 Alta Surveys"
"000000009598E9A20E04F041B38518182890A2D50100A3DF33FCC9BD1644BD14FCA330AA978500001734AE2A0000"	"\Divisions\PD\Project Management Hailey\127066 AW X-XV Crossing Sec 11"
"000000009598E9A20E04F041B38518182890A2D50100A3DF33FCC9BD1644BD14FCA330AA9785000018E3D1460000"	"\Divisions\PD\Project Management Hailey\129084 Lalamilo Wind Farm"
"000000009598E9A20E04F041B38518182890A2D50100A3DF33FCC9BD1644BD14FCA330AA978500002394A0EC0000"	"\Divisions\PD\Project Management Hailey\137870 Desert Stateline"
"000000009598E9A20E04F041B38518182890A2D50100A3DF33FCC9BD1644BD14FCA330AA97850000247D29620000"	"\Divisions\PD\Project Management Hailey\139402 - CURTAILMENT SETPT CONFIG"
"000000009598E9A20E04F041B38518182890A2D5010012225CC57BF01F4EA8CCA87A792FF35F000071646BC50000"	"\Divisions\PD\Project Management Hailey\144874 - EL CABO WIND IE"
"000000009598E9A20E04F041B38518182890A2D50100A3DF33FCC9BD1644BD14FCA330AA97850000239DFE540000"	"\Divisions\PD\Project Management Hailey\First Solar\Roseamond"
"000000009598E9A20E04F041B38518182890A2D50100A3DF33FCC9BD1644BD14FCA330AA9785000017F054B40000"	"\Divisions\PD\Project Management Hailey\Project Management Boise\00_DMS Pending Upload"
"000000009598E9A20E04F041B38518182890A2D50100A3DF33FCC9BD1644BD14FCA330AA97850000199659BA0000"	"\Divisions\PD\Project Management Hailey\VEA\002 Project Closed"
"000000009598E9A20E04F041B38518182890A2D50100A3DF33FCC9BD1644BD14FCA330AA978500001E767AA80000"	"\Divisions\PD\Project Management Hailey\VEA\002 Project Closed\127368_Fish Lake North Substation Upgrade"
"000000009598E9A20E04F041B38518182890A2D50100A3DF33FCC9BD1644BD14FCA330AA97850000187CDBD40000"	"\Divisions\PD\Project Management Hailey\VEA\128232_Lathrop-Jackass\128232_Lathrop-Jackass_Tasks"
"000000009598E9A20E04F041B38518182890A2D50100CB7D9B6512D7374A860FE542D5770392000000633EE80000"	"\Divisions\PD\Project Management St. Louis"
"000000009598E9A20E04F041B38518182890A2D5010012225CC57BF01F4EA8CCA87A792FF35F0000A0FDF58D0000"	"\Divisions\PD\Project Management St. Louis\145927_ABB_CU_HVDC_Upgrade"
"000000009598E9A20E04F041B38518182890A2D5010012225CC57BF01F4EA8CCA87A792FF35F00023F215F660000"	"\Divisions\PD\Project Services\PD Project Services-Northwest"
"000000009598E9A20E04F041B38518182890A2D501006C95E27D1ACA634AA1AADC20796388DD0000006C1C800000"	"\Divisions\PD\PTE\Anaheim Contacts\Jim Davison"
"000000009598E9A20E04F041B38518182890A2D501006C95E27D1ACA634AA1AADC20796388DD000000CEF11D0000"	"\Divisions\PD\PTE\Anaheim/SD Projects\121194 PDI QWEST (2) PDUS BURBANK"
"000000009598E9A20E04F041B38518182890A2D501006C95E27D1ACA634AA1AADC20796388DD000000D3CD6F0000"	"\Divisions\PD\PTE\Anaheim/SD Projects\121401 BAKER ELEC PO CARMEL MTN"
"000000009598E9A20E04F041B38518182890A2D501006C95E27D1ACA634AA1AADC20796388DD000000E6571A0000"	"\Divisions\PD\PTE\Anaheim/SD Projects\122013 ONYX POWER Prev Maint Santa Ana"
"000000009598E9A20E04F041B38518182890A2D50100CB7D9B6512D7374A860FE542D57703920000011276340000"	"\Divisions\PD\PTE\Anaheim/SD Projects\122687 Halcyon PV Short Cicuit Stdy"
"000000009598E9A20E04F041B38518182890A2D50100CB7D9B6512D7374A860FE542D57703920000011B08CE0000"	"\Divisions\PD\PTE\Anaheim/SD Projects\122925 Herzog Boeing S29 E&W Sub"
"000000009598E9A20E04F041B38518182890A2D50100CB7D9B6512D7374A860FE542D57703920000012B70AD0000"	"\Divisions\PD\PTE\Anaheim/SD Projects\123407 (EMS) - Ground Fault Test"
"000000009598E9A20E04F041B38518182890A2D501001953B16A689BCD4AA8FC82955DB27CB100000133445D0000"	"\Divisions\PD\PTE\Anaheim/SD Projects\123709 Berg Palm Spring Air Traff"
"000000009598E9A20E04F041B38518182890A2D501001953B16A689BCD4AA8FC82955DB27CB1000000F8A7B90000"	"\Divisions\PD\PTE\Anaheim/SD Projects\123837 Solar Turb Sub LC5A"
"000000009598E9A20E04F041B38518182890A2D501001953B16A689BCD4AA8FC82955DB27CB10000014018680000"	"\Divisions\PD\PTE\Anaheim/SD Projects\124149 BERG CENTRAL PLANT- PALOMAR "
"000000009598E9A20E04F041B38518182890A2D501001953B16A689BCD4AA8FC82955DB27CB10000016E0FAB0000"	"\Divisions\PD\PTE\Anaheim/SD Projects\124370 (HINES) ONE WHILSH 30 DAY LOAD "
"000000009598E9A20E04F041B38518182890A2D501001953B16A689BCD4AA8FC82955DB27CB1000001B22A670000"	"\Divisions\PD\PTE\Anaheim/SD Projects\124571 (PYRAMID) LAKE PLANT "
"000000009598E9A20E04F041B38518182890A2D501001953B16A689BCD4AA8FC82955DB27CB1000001CCB9AF0000"	"\Divisions\PD\PTE\Anaheim/SD Projects\124748 GOULD-PALM SPR USD OPER CNT "
"000000009598E9A20E04F041B38518182890A2D501001953B16A689BCD4AA8FC82955DB27CB1000001EBE8000000"	"\Divisions\PD\PTE\Anaheim/SD Projects\125045 P1019 COUNTER BAT RADAR FAC-CP "
"000000009598E9A20E04F041B38518182890A2D50100A3DF33FCC9BD1644BD14FCA330AA97850000175D1AFC0000"	"\Divisions\PD\PTE\Anaheim/SD Projects\125343 CAL HOCH Plant"
"000000009598E9A20E04F041B38518182890A2D50100A3DF33FCC9BD1644BD14FCA330AA97850000175DBB300000"	"\Divisions\PD\PTE\Anaheim/SD Projects\126092 Berg San Jacinto"
"000000009598E9A20E04F041B38518182890A2D50100A3DF33FCC9BD1644BD14FCA330AA978500001758039A0000"	"\Divisions\PD\PTE\Anaheim/SD Projects\126463 BEC Los Alamitos ARC"
"000000009598E9A20E04F041B38518182890A2D50100A3DF33FCC9BD1644BD14FCA330AA97850000177DF7AD0000"	"\Divisions\PD\PTE\Anaheim/SD Projects\126927 Ace Elec West Hills XFMR"
"000000009598E9A20E04F041B38518182890A2D50100A3DF33FCC9BD1644BD14FCA330AA978500001790D3DD0000"	"\Divisions\PD\PTE\Anaheim/SD Projects\127126 Laser Elec VA Hosp Rack Out"
"000000009598E9A20E04F041B38518182890A2D50100A3DF33FCC9BD1644BD14FCA330AA978500001755DA150000"	"\Divisions\PD\PTE\Anaheim/SD Projects\127354 Gould Tustin Activity Center"
"000000009598E9A20E04F041B38518182890A2D50100A3DF33FCC9BD1644BD14FCA330AA978500001767429D0000"	"\Divisions\PD\PTE\Anaheim/SD Projects\127589 Edson & Chappo Dining"
"000000009598E9A20E04F041B38518182890A2D50100A3DF33FCC9BD1644BD14FCA330AA97850000177501530000"	"\Divisions\PD\PTE\Anaheim/SD Projects\127848 (DYNA) Solar MV Cable Tst"
"000000009598E9A20E04F041B38518182890A2D50100A3DF33FCC9BD1644BD14FCA330AA97850000179832A80000"	"\Divisions\PD\PTE\Anaheim/SD Projects\128013 Naval Hospital Elevator 7"
"000000009598E9A20E04F041B38518182890A2D50100A3DF33FCC9BD1644BD14FCA330AA9785000017ED304C0000"	"\Divisions\PD\PTE\Anaheim/SD Projects\128195 LACSD Stator Testing"
"000000009598E9A20E04F041B38518182890A2D50100A3DF33FCC9BD1644BD14FCA330AA978500001806CE610000"	"\Divisions\PD\PTE\Anaheim/SD Projects\128360 CCDC N. Tower Renov"
"000000009598E9A20E04F041B38518182890A2D50100A3DF33FCC9BD1644BD14FCA330AA97850000189B1EFA0000"	"\Divisions\PD\PTE\Anaheim/SD Projects\128700 Techni Cast"
"000000009598E9A20E04F041B38518182890A2D50100A3DF33FCC9BD1644BD14FCA330AA9785000018B6C4230000"	"\Divisions\PD\PTE\Anaheim/SD Projects\128910 (Helix) Grandview Tower 5 GFI"
"000000009598E9A20E04F041B38518182890A2D50100A3DF33FCC9BD1644BD14FCA330AA9785000018E0418A0000"	"\Divisions\PD\PTE\Anaheim/SD Projects\129033 UCSD SIO Hydro Lab"
"000000009598E9A20E04F041B38518182890A2D50100A3DF33FCC9BD1644BD14FCA330AA97850000194D5BBA0000"	"\Divisions\PD\PTE\Anaheim/SD Projects\129299 Quality of Life 4"
"000000009598E9A20E04F041B38518182890A2D50100A3DF33FCC9BD1644BD14FCA330AA9785000019730A6E0000"	"\Divisions\PD\PTE\Anaheim/SD Projects\129578 Helix HS Bench Test"
"000000009598E9A20E04F041B38518182890A2D50100A3DF33FCC9BD1644BD14FCA330AA9785000019891DDE0000"	"\Divisions\PD\PTE\Anaheim/SD Projects\129843 LACSD-Spadra"
"000000009598E9A20E04F041B38518182890A2D50100A3DF33FCC9BD1644BD14FCA330AA9785000019B1B2100000"	"\Divisions\PD\PTE\Anaheim/SD Projects\130223 GE Energy Relays"
"000000009598E9A20E04F041B38518182890A2D50100A3DF33FCC9BD1644BD14FCA330AA978500001ADA94E20000"	"\Divisions\PD\PTE\Anaheim/SD Projects\130604 Shanks Mary Putnam Mod Phase 2"
"000000009598E9A20E04F041B38518182890A2D50100A3DF33FCC9BD1644BD14FCA330AA978500001AAF81790000"	"\Divisions\PD\PTE\Anaheim/SD Projects\131226 29 Palms Sub Relay Input"
"000000009598E9A20E04F041B38518182890A2D50100A3DF33FCC9BD1644BD14FCA330AA978500001B14D4E20000"	"\Divisions\PD\PTE\Anaheim/SD Projects\131605 Perris Aquatic Center"
"000000009598E9A20E04F041B38518182890A2D50100A3DF33FCC9BD1644BD14FCA330AA978500001B7C95880000"	"\Divisions\PD\PTE\Anaheim/SD Projects\131839 9301 Wilshire"
"000000009598E9A20E04F041B38518182890A2D50100A3DF33FCC9BD1644BD14FCA330AA978500001B6B3E570000"	"\Divisions\PD\PTE\Anaheim/SD Projects\132070 UCLA SEISMIC RENOV"
"000000009598E9A20E04F041B38518182890A2D50100A3DF33FCC9BD1644BD14FCA330AA978500001B6B2C6E0000"	"\Divisions\PD\PTE\Anaheim/SD Projects\132292 Mt SAC Bldg 12"
"000000009598E9A20E04F041B38518182890A2D50100A3DF33FCC9BD1644BD14FCA330AA978500001B8533B60000"	"\Divisions\PD\PTE\Anaheim/SD Projects\132559 Boeing Sub B81 - A&R Elec"
"000000009598E9A20E04F041B38518182890A2D50100A3DF33FCC9BD1644BD14FCA330AA978500001C8170AE0000"	"\Divisions\PD\PTE\Anaheim/SD Projects\132936 Boeing El Segundo"
"000000009598E9A20E04F041B38518182890A2D501006C95E27D1ACA634AA1AADC20796388DD000000331B580000"	"\Divisions\PD\PTE\San Diego Contacts"
"000000009598E9A20E04F041B38518182890A2D501001953B16A689BCD4AA8FC82955DB27CB10000012FE9F20000"	"\Divisions\PD\SAS\00_ETAP Software"
"000000009598E9A20E04F041B38518182890A2D5010012225CC57BF01F4EA8CCA87A792FF35F00068CEE6DE60000"	"\Divisions\PD\SAS\00_PSCAD License Use Calendar\PSCAD Calendar\PSCAD\PSCAD\PSCAD Cal"
"000000009598E9A20E04F041B38518182890A2D50100A3DF33FCC9BD1644BD14FCA330AA978500001A2742F50000"	"\Divisions\PD\SAS\000000 SAS General"
"000000009598E9A20E04F041B38518182890A2D5010012225CC57BF01F4EA8CCA87A792FF35F0002DC3A0D6A0000"	"\Divisions\PD\SAS\1"
"000000009598E9A20E04F041B38518182890A2D501006C95E27D1ACA634AA1AADC20796388DD00000026920E0000"	"\Divisions\PD\SAS\LEWISTON PROJECTS\SPS-Active\Active Projects"
"000000009598E9A20E04F041B38518182890A2D501006C95E27D1ACA634AA1AADC20796388DD00000026921D0000"	"\Divisions\PD\SAS\LEWISTON PROJECTS\SPS-Active\Active Projects\Grant County PUD\Devine Tarbell"
"000000009598E9A20E04F041B38518182890A2D501006C95E27D1ACA634AA1AADC20796388DD00000026922C0000"	"\Divisions\PD\SAS\LEWISTON PROJECTS\SPS-Active\Active Projects\Horizon Wind\Lone Star 1 - Mesquite"
"000000009598E9A20E04F041B38518182890A2D501006C95E27D1ACA634AA1AADC20796388DD00000026923D0000"	"\Divisions\PD\SAS\LEWISTON PROJECTS\SPS-Active\Active Projects\NCPA\Geo Training"
"000000009598E9A20E04F041B38518182890A2D501006C95E27D1ACA634AA1AADC20796388DD00000026924C0000"	"\Divisions\PD\SAS\LEWISTON PROJECTS\SPS-Active\Active Projects\PowerTech Engineering\South Carthage"
"000000009598E9A20E04F041B38518182890A2D50100A3DF33FCC9BD1644BD14FCA330AA9785000017FE78A70000"	"\Divisions\PD\SAS\Pacific Valley Solar\Abandoned Projects\Douglas"
"000000009598E9A20E04F041B38518182890A2D50100A3DF33FCC9BD1644BD14FCA330AA9785000017FD1A4B0000"	"\Divisions\PD\SAS\Pacific Valley Solar\Original 500MW"
"000000009598E9A20E04F041B38518182890A2D5010012225CC57BF01F4EA8CCA87A792FF35F00024EA61BD20000"	"\Divisions\PD\SAS\SAS VMs\vm\vm"
"000000009598E9A20E04F041B38518182890A2D50100A3DF33FCC9BD1644BD14FCA330AA978500002A2A8E580000"	"\Divisions\PD\Substation Anaheim\132637 New Mexico PSC PNM Rio Puerco 345kV Expansion"
"000000009598E9A20E04F041B38518182890A2D50100A3DF33FCC9BD1644BD14FCA330AA978500002A2ED8B50000"	"\Divisions\PD\Substation Anaheim\138533 Eurus Energy Bull Creek OE"
"000000009598E9A20E04F041B38518182890A2D50100A3DF33FCC9BD1644BD14FCA330AA978500002A2F812C0000"	"\Divisions\PD\Substation Anaheim\140349 SCE Moorpark 66kV Wide Area Coord"
"000000009598E9A20E04F041B38518182890A2D50100A3DF33FCC9BD1644BD14FCA330AA978500002A29B5A70000"	"\Divisions\PD\Substation Anaheim\141723 Michels Corp Holt Switchyard"
"000000009598E9A20E04F041B38518182890A2D5010012225CC57BF01F4EA8CCA87A792FF35F0000E56D53640000"	"\Divisions\PD\Substation Anaheim\147088 Oncor Taylor"
"000000009598E9A20E04F041B38518182890A2D501001296C725372D7F4B86B758A22EA3141B0000006BAA180000"	"\Divisions\PD\Substation Ann Arbor\00_DMS Upload"
"000000009598E9A20E04F041B38518182890A2D501001953B16A689BCD4AA8FC82955DB27CB100000133F2AA0000"	"\Divisions\PD\Substation Ann Arbor\124064"
"000000009598E9A20E04F041B38518182890A2D50100A3DF33FCC9BD1644BD14FCA330AA978500001A1DC9820000"	"\Divisions\PD\Substation Ann Arbor\129465"
"000000009598E9A20E04F041B38518182890A2D50100A3DF33FCC9BD1644BD14FCA330AA9785000021232E370000"	"\Divisions\PD\Substation Ann Arbor\137128 Gable"
"000000009598E9A20E04F041B38518182890A2D50100A3DF33FCC9BD1644BD14FCA330AA978500002675B13C0000"	"\Divisions\PD\Substation Ann Arbor\139089 - AEP Telecom MCGalliard A13211064"
"000000009598E9A20E04F041B38518182890A2D50100A3DF33FCC9BD1644BD14FCA330AA9785000028514D0E0000"	"\Divisions\PD\Substation Ann Arbor\141028 Dow Chemical"
"000000009598E9A20E04F041B38518182890A2D5010012225CC57BF01F4EA8CCA87A792FF35F00003452E6D20000"	"\Divisions\PD\Substation Ann Arbor\144097 - Scada East Sparta P16078007"
"000000009598E9A20E04F041B38518182890A2D5010012225CC57BF01F4EA8CCA87A792FF35F0000BBEFC04A0000"	"\Divisions\PD\Substation Ann Arbor\146419"
"000000009598E9A20E04F041B38518182890A2D5010012225CC57BF01F4EA8CCA87A792FF35F000129AAA7E90000"	"\Divisions\PD\Substation Ann Arbor\148890"
"000000009598E9A20E04F041B38518182890A2D5010012225CC57BF01F4EA8CCA87A792FF35F00018ED1420F0000"	"\Divisions\PD\Substation Ann Arbor\151533"
"000000009598E9A20E04F041B38518182890A2D50100E34BFE500669CD49AC2E27C6C54DE39D00000037A2670000"	"\Divisions\PD\Substation Ann Arbor\NGrig\Carpenter Hill"
"000000009598E9A20E04F041B38518182890A2D50100F3BCE3A574023B4482F2E427B5A3121800004D908E200000"	"\Divisions\PD\Substation Ann Arbor\Proposals\Lake Erie Connector"
"000000009598E9A20E04F041B38518182890A2D5010012225CC57BF01F4EA8CCA87A792FF35F00002BF9AC840000"	"\Divisions\PD\Substation Atlanta\0000"
"000000009598E9A20E04F041B38518182890A2D5010012225CC57BF01F4EA8CCA87A792FF35F00060BF964890000"	"\Divisions\PD\Substation Atlanta\0240177_0000_Lake Creek Switch: Install DTT Receive for CB 2840"
"000000009598E9A20E04F041B38518182890A2D5010012225CC57BF01F4EA8CCA87A792FF35F0006408DEF620000"	"\Divisions\PD\Substation Atlanta\0242355_0000_ATL Tyler Switch: Convert 69kV to 38kV 46105"
"000000009598E9A20E04F041B38518182890A2D5010012225CC57BF01F4EA8CCA87A792FF35F00068A09699D0000"	"\Divisions\PD\Substation Atlanta\0244934_0000_ATL Corsicana West Sub: 12.5 kV Feeder Breaker 50846"
"000000009598E9A20E04F041B38518182890A2D5010012225CC57BF01F4EA8CCA87A792FF35F0006C0C385460000"	"\Divisions\PD\Substation Atlanta\0246729_0000_APC - Knauf Mfg. Huguley DS & P&C"
"000000009598E9A20E04F041B38518182890A2D5010012225CC57BF01F4EA8CCA87A792FF35F0006EA26CD480000"	"\Divisions\PD\Substation Atlanta\0248198_0000_GPC - Thomasville Physical"
"000000009598E9A20E04F041B38518182890A2D5010012225CC57BF01F4EA8CCA87A792FF35F0007193761E30000"	"\Divisions\PD\Substation Atlanta\0249945_0000_APC - Harris SS P&C"
"000000009598E9A20E04F041B38518182890A2D5010012225CC57BF01F4EA8CCA87A792FF35F0007377AE8F30000"	"\Divisions\PD\Substation Atlanta\0251261_0000_GPC - Reids Primary Physical"
"000000009598E9A20E04F041B38518182890A2D5010012225CC57BF01F4EA8CCA87A792FF35F00075F7C30420000"	"\Divisions\PD\Substation Atlanta\0252301_0000_ATL Teal Sw: 345 kV LCRA 52906"
"000000009598E9A20E04F041B38518182890A2D5010012225CC57BF01F4EA8CCA87A792FF35F00078D7EF73A0000"	"\Divisions\PD\Substation Atlanta\0253823_0000_ATL Pumper Sub DA 55930"
"000000009598E9A20E04F041B38518182890A2D5010012225CC57BF01F4EA8CCA87A792FF35F0007B1C7A9BE0000"	"\Divisions\PD\Substation Atlanta\0255036_0000_ATL Randol Mill Sub UF 56419"
"000000009598E9A20E04F041B38518182890A2D501006C95E27D1ACA634AA1AADC20796388DD0000006F9A060000"	"\Divisions\PD\Substation Atlanta\071_Dept_Out-of-Office"
"000000009598E9A20E04F041B38518182890A2D501001296C725372D7F4B86B758A22EA3141B0000006D50190000"	"\Divisions\PD\Substation Atlanta\113015_Elm Creek Substation\Design Build proposal"
"000000009598E9A20E04F041B38518182890A2D50100E34BFE500669CD49AC2E27C6C54DE39D0000000659210000"	"\Divisions\PD\Substation Atlanta\113015_Elm Creek Substation\foundation, grounding and conduit"
"000000009598E9A20E04F041B38518182890A2D50100A3DF33FCC9BD1644BD14FCA330AA978500002AB6F6F90000"	"\Divisions\PD\Substation Atlanta\113506_KCP2\In ProjectWise"
"000000009598E9A20E04F041B38518182890A2D50100E34BFE500669CD49AC2E27C6C54DE39D00000037A25D0000"	"\Divisions\PD\Substation Atlanta\114320_Anadarko Phase 2\Corr-PELCO"
"000000009598E9A20E04F041B38518182890A2D50100E34BFE500669CD49AC2E27C6C54DE39D0000002260F60000"	"\Divisions\PD\Substation Atlanta\116139_Round Rock Dist Auto\Visual Analysis\114650"
"000000009598E9A20E04F041B38518182890A2D50100E34BFE500669CD49AC2E27C6C54DE39D00000030050E0000"	"\Divisions\PD\Substation Atlanta\117138_TransCanada_Pipeline_Elect_Study"
"000000009598E9A20E04F041B38518182890A2D50100A3DF33FCC9BD1644BD14FCA330AA978500002AB6BF710000"	"\Divisions\PD\Substation Atlanta\120246_ATL_Grand Prairie Line Term Upgrade\In ProjectWise"
"000000009598E9A20E04F041B38518182890A2D50100A3DF33FCC9BD1644BD14FCA330AA978500001746976B0000"	"\Divisions\PD\Substation Atlanta\123097.26_PEF_SUNFLOWER\123097.26_PEF_SUNFLOWER\116482_River_Road_Sunflower"
"000000009598E9A20E04F041B38518182890A2D50100A3DF33FCC9BD1644BD14FCA330AA978500000EBE72520000"	"\Divisions\PD\Substation Atlanta\123791 JRR Santa Isabel Wind Farm\Santa Isabel"
"000000009598E9A20E04F041B38518182890A2D50100A3DF33FCC9BD1644BD14FCA330AA97850000173922060000"	"\Divisions\PD\Substation Atlanta\123979_Sunflower Barber Substation\Conduit and Cable Schedule"
"000000009598E9A20E04F041B38518182890A2D50100A3DF33FCC9BD1644BD14FCA330AA9785000017389EA10000"	"\Divisions\PD\Substation Atlanta\123979_Sunflower Barber Substation\ITC"
"000000009598E9A20E04F041B38518182890A2D50100A3DF33FCC9BD1644BD14FCA330AA9785000015E8F7550000"	"\Divisions\PD\Substation Atlanta\123979_Sunflower Barber Substation\SSVT"
"000000009598E9A20E04F041B38518182890A2D50100A3DF33FCC9BD1644BD14FCA330AA9785000019B3AC9B0000"	"\Divisions\PD\Substation Atlanta\125583_Sunflower Cimarron\Construction Support"
"000000009598E9A20E04F041B38518182890A2D50100A3DF33FCC9BD1644BD14FCA330AA9785000016CAE26E0000"	"\Divisions\PD\Substation Atlanta\125583_Sunflower Cimarron\Equipment"
"000000009598E9A20E04F041B38518182890A2D50100A3DF33FCC9BD1644BD14FCA330AA978500001726AA430000"	"\Divisions\PD\Substation Atlanta\125583_Sunflower Cimarron\Equipment\Switchgear\Eaton Review"
"000000009598E9A20E04F041B38518182890A2D50100A3DF33FCC9BD1644BD14FCA330AA9785000016E0AB840000"	"\Divisions\PD\Substation Atlanta\125583_Sunflower Cimarron\Equipment\Zig Zag Transformer"
"000000009598E9A20E04F041B38518182890A2D50100A3DF33FCC9BD1644BD14FCA330AA978500001703B03C0000"	"\Divisions\PD\Substation Atlanta\125583_Sunflower Cimarron\Project Management\Resource Requests"
"000000009598E9A20E04F041B38518182890A2D50100A3DF33FCC9BD1644BD14FCA330AA978500000EB4A8C40000"	"\Divisions\PD\Substation Atlanta\125583_Sunflower Cimarron\SUBSTATION CONTROL AND SAS\Studies"
"000000009598E9A20E04F041B38518182890A2D50100A3DF33FCC9BD1644BD14FCA330AA978500001769CE130000"	"\Divisions\PD\Substation Atlanta\125583_Sunflower Cimarron\SUBSTATION PHYSICAL \Review"
"000000009598E9A20E04F041B38518182890A2D50100A3DF33FCC9BD1644BD14FCA330AA978500002ABF75600000"	"\Divisions\PD\Substation Atlanta\127327_PCI_Skanska\In ProjectWise"
"000000009598E9A20E04F041B38518182890A2D50100A3DF33FCC9BD1644BD14FCA330AA978500001DE1FEE10000"	"\Divisions\PD\Substation Atlanta\133337_Monument Substation-AMEREN\Control House & Relay Panels"
"000000009598E9A20E04F041B38518182890A2D50100A3DF33FCC9BD1644BD14FCA330AA978500002AC32BA20000"	"\Divisions\PD\Substation Atlanta\133432_Spearville 345kV\Control House\In ProjectWise"
"000000009598E9A20E04F041B38518182890A2D50100A3DF33FCC9BD1644BD14FCA330AA978500001EE40BA90000"	"\Divisions\PD\Substation Atlanta\133432_Spearville 345kV\Relay Panels"
"000000009598E9A20E04F041B38518182890A2D50100A3DF33FCC9BD1644BD14FCA330AA97850000240F5A5D0000"	"\Divisions\PD\Substation Atlanta\133433_Spearville 115kV\RTU"
"000000009598E9A20E04F041B38518182890A2D50100A3DF33FCC9BD1644BD14FCA330AA978500002B606A510000"	"\Divisions\PD\Substation Atlanta\136643_ATL Randol Mill CMPC SWGR\In ProjectWise"
"000000009598E9A20E04F041B38518182890A2D50100A3DF33FCC9BD1644BD14FCA330AA97850000241D94270000"	"\Divisions\PD\Substation Atlanta\139314_ATL TYLER GE LINE TERM"
"000000009598E9A20E04F041B38518182890A2D50100A3DF33FCC9BD1644BD14FCA330AA97850000258995370000"	"\Divisions\PD\Substation Atlanta\139848_ATL BUCKHORN 345 SWTCH\Conceptual Design"
"000000009598E9A20E04F041B38518182890A2D5010012225CC57BF01F4EA8CCA87A792FF35F000162F5FFAF0000"	"\Divisions\PD\Substation Atlanta\139848_ATL BUCKHORN 345 SWTCH\In ProjectWise\Studies\Facility"
"000000009598E9A20E04F041B38518182890A2D50100A3DF33FCC9BD1644BD14FCA330AA9785000025F101390000"	"\Divisions\PD\Substation Atlanta\139988_ATL TYLER SWTCH RPLC 138"
"000000009598E9A20E04F041B38518182890A2D50100F3BCE3A574023B4482F2E427B5A3121800004EE0A88C0000"	"\Divisions\PD\Substation Atlanta\140572_SUNFLOWER SPEARVILLE RPLC CB SV188\Equipment\Circuit Breaker"
"000000009598E9A20E04F041B38518182890A2D50100A3DF33FCC9BD1644BD14FCA330AA978500002DEB48450000"	"\Divisions\PD\Substation Atlanta\140572_SUNFLOWER SPEARVILLE RPLC CB SV188\Relaying\General"
"000000009598E9A20E04F041B38518182890A2D50100F3BCE3A574023B4482F2E427B5A3121800004EB71E700000"	"\Divisions\PD\Substation Atlanta\141317_SEPC-CIMARRON RIVER SUB BRKR\Proposal"
"000000009598E9A20E04F041B38518182890A2D5010012225CC57BF01F4EA8CCA87A792FF35F000016ECC6160000"	"\Divisions\PD\Substation Atlanta\143630_SEPC-CIMARRON RIVER BFI DSN"
"000000009598E9A20E04F041B38518182890A2D5010012225CC57BF01F4EA8CCA87A792FF35F00009F6B9FDC0000"	"\Divisions\PD\Substation Atlanta\145707_WIREGRASS SOLAR"
"000000009598E9A20E04F041B38518182890A2D5010012225CC57BF01F4EA8CCA87A792FF35F00015661AC530000"	"\Divisions\PD\Substation Atlanta\149528_ATL SCYENE ROAD SUB DA"
"000000009598E9A20E04F041B38518182890A2D5010012225CC57BF01F4EA8CCA87A792FF35F0001885BD0300000"	"\Divisions\PD\Substation Atlanta\151373_ATL INT AIRPORT SWG"
"000000009598E9A20E04F041B38518182890A2D5010012225CC57BF01F4EA8CCA87A792FF35F0001F67CE0B30000"	"\Divisions\PD\Substation Atlanta\154063_ATL TYLER SWITCH PETE"
"000000009598E9A20E04F041B38518182890A2D5010012225CC57BF01F4EA8CCA87A792FF35F0002423DB51B0000"	"\Divisions\PD\Substation Atlanta\155624_BLACKBURN SWITCH"
"000000009598E9A20E04F041B38518182890A2D5010012225CC57BF01F4EA8CCA87A792FF35F00028774B2610000"	"\Divisions\PD\Substation Atlanta\157233_ORLA SOUTHWEST"
"000000009598E9A20E04F041B38518182890A2D5010012225CC57BF01F4EA8CCA87A792FF35F0003720327CC0000"	"\Divisions\PD\Substation Atlanta\160104_MIDKIFF 69KV DEMO"
"000000009598E9A20E04F041B38518182890A2D5010012225CC57BF01F4EA8CCA87A792FF35F0004922432F80000"	"\Divisions\PD\Substation Atlanta\171657_CALDWELL LOAD ADDITION SCOPING"
"000000009598E9A20E04F041B38518182890A2D5010012225CC57BF01F4EA8CCA87A792FF35F00057E6652AD0000"	"\Divisions\PD\Substation Atlanta\179288_ATL EXP SW EST SUB 46894"
"000000009598E9A20E04F041B38518182890A2D5010012225CC57BF01F4EA8CCA87A792FF35F0005AE8F43340000"	"\Divisions\PD\Substation Atlanta\180924_MARIETTA PRIMARY GND STUDY"
"000000009598E9A20E04F041B38518182890A2D50100A3DF33FCC9BD1644BD14FCA330AA9785000021560D190000"	"\Divisions\PD\Substation Atlanta\GTC - Douglas"
"000000009598E9A20E04F041B38518182890A2D50100E34BFE500669CD49AC2E27C6C54DE39D0000002687AA0000"	"\Divisions\PD\Substation Atlanta\NEEWS-Material Inspections"
"000000009598E9A20E04F041B38518182890A2D50100E34BFE500669CD49AC2E27C6C54DE39D000000383E920000"	"\Divisions\PD\Substation Atlanta\Oncor Design Information\Nodal Requirements"
"000000009598E9A20E04F041B38518182890A2D50100E34BFE500669CD49AC2E27C6C54DE39D0000004084050000"	"\Divisions\PD\Substation Atlanta\ONCOR-2012 Scoping"
"000000009598E9A20E04F041B38518182890A2D50100A3DF33FCC9BD1644BD14FCA330AA978500001ED9C4890000"	"\Divisions\PD\Substation Atlanta\ONCOR-TYLER NW AUTO"
"000000009598E9A20E04F041B38518182890A2D50100A3DF33FCC9BD1644BD14FCA330AA978500000E8D3AF20000"	"\Divisions\PD\Substation Atlanta\Progress Energy\Reviews for other stations\Cross City"
"000000009598E9A20E04F041B38518182890A2D50100E34BFE500669CD49AC2E27C6C54DE39D00000021A93D0000"	"\Divisions\PD\Substation Atlanta\Proposals\116666_South_Pier_Imporvement_Proj-PEI-Ind-Gen"
"000000009598E9A20E04F041B38518182890A2D50100E34BFE500669CD49AC2E27C6C54DE39D00000025D3BF0000"	"\Divisions\PD\Substation Atlanta\Proposals\2009\MEAG-Acworth"
"000000009598E9A20E04F041B38518182890A2D50100E34BFE500669CD49AC2E27C6C54DE39D0000002E401D0000"	"\Divisions\PD\Substation Atlanta\Proposals\2010\Invenergy-Windfarm"
"000000009598E9A20E04F041B38518182890A2D50100E34BFE500669CD49AC2E27C6C54DE39D0000004310330000"	"\Divisions\PD\Substation Atlanta\Proposals\2011\122686_Ghana_Trans_Feasibility_Study"
"000000009598E9A20E04F041B38518182890A2D50100A3DF33FCC9BD1644BD14FCA330AA978500000E76AF830000"	"\Divisions\PD\Substation Atlanta\Proposals\2012\125167_PNNM"
"000000009598E9A20E04F041B38518182890A2D50100E34BFE500669CD49AC2E27C6C54DE39D0000001B9A940000"	"\Divisions\PD\Substation Atlanta\Proposals\FMPA-GSA Request For Proposal"
"000000009598E9A20E04F041B38518182890A2D50100E34BFE500669CD49AC2E27C6C54DE39D0000002A352E0000"	"\Divisions\PD\Substation Atlanta\SAS projects\112190 Grays Harbor"
"000000009598E9A20E04F041B38518182890A2D5010012225CC57BF01F4EA8CCA87A792FF35F00017A797F500000"	"\Divisions\PD\Substation Atlanta\Sunflower Scoping_2018"
"000000009598E9A20E04F041B38518182890A2D501001296C725372D7F4B86B758A22EA3141B00000032F89D0000"	"\Divisions\PD\Substation Billings"
"000000009598E9A20E04F041B38518182890A2D50100CB7D9B6512D7374A860FE542D57703920000012867D70000"	"\Divisions\PD\Substation Billings\_BD\123104.003_ALSTOM_Red_Butte_Series_Cap"
"000000009598E9A20E04F041B38518182890A2D501006C95E27D1ACA634AA1AADC20796388DD0000003D5D510000"	"\Divisions\PD\Substation Boise"
"000000009598E9A20E04F041B38518182890A2D50100A3DF33FCC9BD1644BD14FCA330AA978500002BEA2D3E0000"	"\Divisions\PD\Substation Boise\142578  AEP E HUNTINGTON GRND BNK P14053006"
"000000009598E9A20E04F041B38518182890A2D5010012225CC57BF01F4EA8CCA87A792FF35F0000AACB73B70000"	"\Divisions\PD\Substation Boise\145993  MEPPI ITC TOLL ROAD SVC"
"000000009598E9A20E04F041B38518182890A2D5010012225CC57BF01F4EA8CCA87A792FF35F000102FD91750000"	"\Divisions\PD\Substation Boise\147805  ONCOR WATERMILL SW STA LN TERM UPG"
"000000009598E9A20E04F041B38518182890A2D5010012225CC57BF01F4EA8CCA87A792FF35F000124BAED880000"	"\Divisions\PD\Substation Boise\148815  ONCOR PALESTINE DIST AUTO PIP3133"
"000000009598E9A20E04F041B38518182890A2D5010012225CC57BF01F4EA8CCA87A792FF35F000161B50D260000"	"\Divisions\PD\Substation Boise\149827  XCEL ENERGY ARGO-IVO LTC REPLACEMENT"
"000000009598E9A20E04F041B38518182890A2D5010012225CC57BF01F4EA8CCA87A792FF35F000183C9C0A10000"	"\Divisions\PD\Substation Boise\151318  ONCOR ENNIS SOUTH SUB DA"
"000000009598E9A20E04F041B38518182890A2D5010012225CC57BF01F4EA8CCA87A792FF35F0001CD5732E00000"	"\Divisions\PD\Substation Boise\153172  ONCOR BRYAN ST.-INSTALL DG ON"
"000000009598E9A20E04F041B38518182890A2D5010012225CC57BF01F4EA8CCA87A792FF35F00025CA6B60F0000"	"\Divisions\PD\Substation Boise\154150 ONCOR LINDALE DA 37689"
"000000009598E9A20E04F041B38518182890A2D5010012225CC57BF01F4EA8CCA87A792FF35F00021D59BCEA0000"	"\Divisions\PD\Substation Boise\154721  ONCOR CEDAR CREST SUB PETE3139"
"000000009598E9A20E04F041B38518182890A2D5010012225CC57BF01F4EA8CCA87A792FF35F0002A4FB6BDC0000"	"\Divisions\PD\Substation Boise\158090  ONCOR CARROLLTON COUNTRY CLUB TERMINAL UPGRADE"
"000000009598E9A20E04F041B38518182890A2D50100A3DF33FCC9BD1644BD14FCA330AA978500001B8B4E670000"	"\Divisions\PD\Substation Denver\00-DMS Upload\116945 St. George- Red Butte\ADSS tests"
"000000009598E9A20E04F041B38518182890A2D501006C95E27D1ACA634AA1AADC20796388DD00000093E8420000"	"\Divisions\PD\Substation Denver\116945 St. George- Red Butte\ADSS tests"
"000000009598E9A20E04F041B38518182890A2D501006C95E27D1ACA634AA1AADC20796388DD0000007DAA8F0000"	"\Divisions\PD\Substation Denver\116945 St. George- Red Butte\Shape Files"
"000000009598E9A20E04F041B38518182890A2D501006C95E27D1ACA634AA1AADC20796388DD0000009D26B00000"	"\Divisions\PD\Substation Denver\119956 Temple"
"000000009598E9A20E04F041B38518182890A2D501006C95E27D1ACA634AA1AADC20796388DD000000C61DBE0000"	"\Divisions\PD\Substation Denver\120941 West Levee Grounding"
"000000009598E9A20E04F041B38518182890A2D501006C95E27D1ACA634AA1AADC20796388DD000000C25AAF0000"	"\Divisions\PD\Substation Denver\122302 Pathfinder"
"000000009598E9A20E04F041B38518182890A2D501001953B16A689BCD4AA8FC82955DB27CB1000000EBAB630000"	"\Divisions\PD\Substation Denver\123818 Coconino"
"000000009598E9A20E04F041B38518182890A2D501001953B16A689BCD4AA8FC82955DB27CB1000001A83FE20000"	"\Divisions\PD\Substation Denver\124605 Navajo 500kV Breaker"
"000000009598E9A20E04F041B38518182890A2D50100A3DF33FCC9BD1644BD14FCA330AA978500000E6EEB7D0000"	"\Divisions\PD\Substation Denver\125198 Vista CW Server AMS&PPL Deploy"
"000000009598E9A20E04F041B38518182890A2D50100A3DF33FCC9BD1644BD14FCA330AA9785000016652EA60000"	"\Divisions\PD\Substation Denver\126304 SDG&E CW TRAINING MATERIAL"
"000000009598E9A20E04F041B38518182890A2D50100A3DF33FCC9BD1644BD14FCA330AA97850000174318030000"	"\Divisions\PD\Substation Denver\127196 APS AMAR PHASE 1 & 2"
"000000009598E9A20E04F041B38518182890A2D50100A3DF33FCC9BD1644BD14FCA330AA9785000017CF03B70000"	"\Divisions\PD\Substation Denver\128088 ORONO RTU PROGRAMMING"
"000000009598E9A20E04F041B38518182890A2D50100A3DF33FCC9BD1644BD14FCA330AA9785000019412E570000"	"\Divisions\PD\Substation Denver\128622-No. California Pump Replacement"
"000000009598E9A20E04F041B38518182890A2D50100A3DF33FCC9BD1644BD14FCA330AA978500001959E4B50000"	"\Divisions\PD\Substation Denver\129490 Denver Terminal Pump Sub"
"000000009598E9A20E04F041B38518182890A2D50100A3DF33FCC9BD1644BD14FCA330AA978500001AE6B1EB0000"	"\Divisions\PD\Substation Denver\131589 WOBEGON TRAIL - SUB TRNSMSSN"
"000000009598E9A20E04F041B38518182890A2D50100A3DF33FCC9BD1644BD14FCA330AA978500001B755F420000"	"\Divisions\PD\Substation Denver\132413 SPS TOLK 345KV EXPANSION"
"000000009598E9A20E04F041B38518182890A2D50100A3DF33FCC9BD1644BD14FCA330AA978500001CD2BFB80000"	"\Divisions\PD\Substation Denver\133332 VIROQUA SUBSTATION-4KV CNVRSN"
"000000009598E9A20E04F041B38518182890A2D50100A3DF33FCC9BD1644BD14FCA330AA97850000284E284C0000"	"\Divisions\PD\Substation Denver\134240 CANNON FALLS TR6\134240 CANNON FALLS TR6 REPLACEMENT1"
"000000009598E9A20E04F041B38518182890A2D50100A3DF33FCC9BD1644BD14FCA330AA978500002B40937A0000"	"\Divisions\PD\Substation Denver\135592 Jordan"
"000000009598E9A20E04F041B38518182890A2D50100A3DF33FCC9BD1644BD14FCA330AA97850000278F98160000"	"\Divisions\PD\Substation Denver\136386 Hutchinson"
"000000009598E9A20E04F041B38518182890A2D50100A3DF33FCC9BD1644BD14FCA330AA978500002029EDC90000"	"\Divisions\PD\Substation Denver\136552 CHEMOLITE -INSTALL FIREWLL PNL"
"000000009598E9A20E04F041B38518182890A2D50100A3DF33FCC9BD1644BD14FCA330AA97850000210203330000"	"\Divisions\PD\Substation Denver\137013 ARAPAHOE XFMR #5 RLY RPLCMNT"
"000000009598E9A20E04F041B38518182890A2D50100F3BCE3A574023B4482F2E427B5A3121800004EB851F40000"	"\Divisions\PD\Substation Denver\137252 Sheridan"
"000000009598E9A20E04F041B38518182890A2D50100A3DF33FCC9BD1644BD14FCA330AA9785000021E870200000"	"\Divisions\PD\Substation Denver\137852 HYLAND LAKE - FRAD REPLACEMENT"
"000000009598E9A20E04F041B38518182890A2D50100A3DF33FCC9BD1644BD14FCA330AA97850000224E23700000"	"\Divisions\PD\Substation Denver\138057 LYON CO. -FRAME RLY RPLC NSP"
"000000009598E9A20E04F041B38518182890A2D50100A3DF33FCC9BD1644BD14FCA330AA97850000224E66AA0000"	"\Divisions\PD\Substation Denver\138077 BRIGGS RD - FRAME RLY RPLC NSP"
"000000009598E9A20E04F041B38518182890A2D50100A3DF33FCC9BD1644BD14FCA330AA978500002263E8820000"	"\Divisions\PD\Substation Denver\138138 ELM CREEK - FRAME RLY RPLC NSP"
"000000009598E9A20E04F041B38518182890A2D50100A3DF33FCC9BD1644BD14FCA330AA978500002268B62C0000"	"\Divisions\PD\Substation Denver\138154 LONG LAKE - FRAME RLY RPLC NSP"
"000000009598E9A20E04F041B38518182890A2D50100A3DF33FCC9BD1644BD14FCA330AA9785000022691FB50000"	"\Divisions\PD\Substation Denver\138178 CHUB LAKE - FRAME RLY RPLC NSP"
"000000009598E9A20E04F041B38518182890A2D50100A3DF33FCC9BD1644BD14FCA330AA97850000226920D10000"	"\Divisions\PD\Substation Denver\138194 LIBERTY - FRAME RLY RPLC NSP"
"000000009598E9A20E04F041B38518182890A2D50100A3DF33FCC9BD1644BD14FCA330AA97850000226EF80F0000"	"\Divisions\PD\Substation Denver\138212 SMMPA-FRAME RLY RPLC NSP"
"000000009598E9A20E04F041B38518182890A2D50100A3DF33FCC9BD1644BD14FCA330AA978500002274EE540000"	"\Divisions\PD\Substation Denver\138249 GRAVEL ISLND-FRME RLY RPLC NSP"
"000000009598E9A20E04F041B38518182890A2D50100A3DF33FCC9BD1644BD14FCA330AA978500002274EE930000"	"\Divisions\PD\Substation Denver\138265 MUD LAKE - FRAME RLY RPLC NSP"
"000000009598E9A20E04F041B38518182890A2D50100A3DF33FCC9BD1644BD14FCA330AA978500002274F3470000"	"\Divisions\PD\Substation Denver\138280 ARPIN - FRAME RLY RPLC NSP"
"000000009598E9A20E04F041B38518182890A2D50100A3DF33FCC9BD1644BD14FCA330AA978500002274F4280000"	"\Divisions\PD\Substation Denver\138295 TWIN LAKES -FRAME RLY RPLC NSP"
"000000009598E9A20E04F041B38518182890A2D50100A3DF33FCC9BD1644BD14FCA330AA978500002274F6B60000"	"\Divisions\PD\Substation Denver\138315 CRYSTAL CVE-FRAME RLY RPLC NSP"
"000000009598E9A20E04F041B38518182890A2D50100A3DF33FCC9BD1644BD14FCA330AA978500002274F7530000"	"\Divisions\PD\Substation Denver\138337 SOURIS2 - FRAME RLY RPLC NSP"
"000000009598E9A20E04F041B38518182890A2D50100A3DF33FCC9BD1644BD14FCA330AA978500002274F7860000"	"\Divisions\PD\Substation Denver\138356 PRESCOTT - FRAME RLY RPLC NSP"
"000000009598E9A20E04F041B38518182890A2D50100A3DF33FCC9BD1644BD14FCA330AA97850000228573F10000"	"\Divisions\PD\Substation Denver\138430 MINNEHAHA - FRAME RLY RPLC NSP"
"000000009598E9A20E04F041B38518182890A2D5010012225CC57BF01F4EA8CCA87A792FF35F0000A8917A910000"	"\Divisions\PD\Substation Denver\138609 Market St"
"000000009598E9A20E04F041B38518182890A2D50100A3DF33FCC9BD1644BD14FCA330AA978500002DE28FBC0000"	"\Divisions\PD\Substation Denver\139596 SPS"
"000000009598E9A20E04F041B38518182890A2D50100A3DF33FCC9BD1644BD14FCA330AA97850000268021060000"	"\Divisions\PD\Substation Denver\140273 Channing"
"000000009598E9A20E04F041B38518182890A2D50100A3DF33FCC9BD1644BD14FCA330AA978500002914EDAA0000"	"\Divisions\PD\Substation Denver\141312 Cargill Pre-Commissioning"
"000000009598E9A20E04F041B38518182890A2D50100A3DF33FCC9BD1644BD14FCA330AA978500002C060BFD0000"	"\Divisions\PD\Substation Denver\142252 Install Wade"
"000000009598E9A20E04F041B38518182890A2D50100A3DF33FCC9BD1644BD14FCA330AA978500002C04AC8D0000"	"\Divisions\PD\Substation Denver\142707 FRENCH ISLAND- REACTOR & REG"
"000000009598E9A20E04F041B38518182890A2D5010012225CC57BF01F4EA8CCA87A792FF35F00000F57EAEB0000"	"\Divisions\PD\Substation Denver\143421 SEPC-HARBINGER XFMR PROCUREMNT"
"000000009598E9A20E04F041B38518182890A2D5010012225CC57BF01F4EA8CCA87A792FF35F00003452E6620000"	"\Divisions\PD\Substation Denver\144052 WEST - BATTERY REPLACEMENT"
"000000009598E9A20E04F041B38518182890A2D5010012225CC57BF01F4EA8CCA87A792FF35F00004331C99B0000"	"\Divisions\PD\Substation Denver\144311 HERBSTER- 12.47-4.16KV SUB"
"000000009598E9A20E04F041B38518182890A2D5010012225CC57BF01F4EA8CCA87A792FF35F00009DE2D81D0000"	"\Divisions\PD\Substation Denver\145234 Cherokee 9542"
"000000009598E9A20E04F041B38518182890A2D5010012225CC57BF01F4EA8CCA87A792FF35F0000A3FACC050000"	"\Divisions\PD\Substation Denver\146034 BLACK DOG- PILOT KNOB RLY RPL"
"000000009598E9A20E04F041B38518182890A2D5010012225CC57BF01F4EA8CCA87A792FF35F00011D8C7A450000"	"\Divisions\PD\Substation Denver\148782 BLAINE LINE RELAYING A15705248"
"000000009598E9A20E04F041B38518182890A2D5010012225CC57BF01F4EA8CCA87A792FF35F00015333EE930000"	"\Divisions\PD\Substation Denver\149610 PARKWOOD-FRAD REMOVE AND RET"
"000000009598E9A20E04F041B38518182890A2D5010012225CC57BF01F4EA8CCA87A792FF35F0001DDD4C6450000"	"\Divisions\PD\Substation Denver\153217 Dupont"
"000000009598E9A20E04F041B38518182890A2D5010012225CC57BF01F4EA8CCA87A792FF35F00024A4DFAD10000"	"\Divisions\PD\Substation Denver\155668 MALLARD RPL ELR RLY TO SOURIS"
"000000009598E9A20E04F041B38518182890A2D5010012225CC57BF01F4EA8CCA87A792FF35F0002771382170000"	"\Divisions\PD\Substation Denver\156633 N-2019 NSPW E&S DSUB"
"000000009598E9A20E04F041B38518182890A2D5010012225CC57BF01F4EA8CCA87A792FF35F0002799D84F10000"	"\Divisions\PD\Substation Denver\156936 SA CONCHO STN P18162005"
"000000009598E9A20E04F041B38518182890A2D5010012225CC57BF01F4EA8CCA87A792FF35F0002847335140000"	"\Divisions\PD\Substation Denver\157345 N-RIDGELAND TR1 - HDR"
"000000009598E9A20E04F041B38518182890A2D5010012225CC57BF01F4EA8CCA87A792FF35F00028CB795870000"	"\Divisions\PD\Substation Denver\157608 P-FT LUPTON RTU"
"000000009598E9A20E04F041B38518182890A2D5010012225CC57BF01F4EA8CCA87A792FF35F0002A4FB6BE40000"	"\Divisions\PD\Substation Denver\158244 N-J512 CIVIL DESIGN HDR"
"000000009598E9A20E04F041B38518182890A2D5010012225CC57BF01F4EA8CCA87A792FF35F0002B346782F0000"	"\Divisions\PD\Substation Denver\158569 N-MAIN ST SECURITY TAM HDR"
"000000009598E9A20E04F041B38518182890A2D5010012225CC57BF01F4EA8CCA87A792FF35F0002C1A0F0B70000"	"\Divisions\PD\Substation Denver\159038 N-WAKANDA COMM SPONSOR ROLE"
"000000009598E9A20E04F041B38518182890A2D5010012225CC57BF01F4EA8CCA87A792FF35F0002D18D626B0000"	"\Divisions\PD\Substation Denver\159403 S-ARTESIA CNTRY CLB 115kV CONV"
"000000009598E9A20E04F041B38518182890A2D5010012225CC57BF01F4EA8CCA87A792FF35F0002DA0C3B040000"	"\Divisions\PD\Substation Denver\159638 N-ST CLOUD CSG365 RLYSETT-HDR"
"000000009598E9A20E04F041B38518182890A2D5010012225CC57BF01F4EA8CCA87A792FF35F0002E086C8670000"	"\Divisions\PD\Substation Denver\159861 P-GLENN RTU-SALIENT"
"000000009598E9A20E04F041B38518182890A2D5010012225CC57BF01F4EA8CCA87A792FF35F0002FFE660C20000"	"\Divisions\PD\Substation Denver\160535 N-BATEMAN RELAY SETTINGS-HDR"
"000000009598E9A20E04F041B38518182890A2D5010012225CC57BF01F4EA8CCA87A792FF35F00031AD4BDED0000"	"\Divisions\PD\Substation Denver\161253 N-LIN CSG247-LIN031 SOLAR- HDR"
"000000009598E9A20E04F041B38518182890A2D501006C95E27D1ACA634AA1AADC20796388DD000000ECC63D0000"	"\Divisions\PD\Substation Denver\Cornell Hydro"
"000000009598E9A20E04F041B38518182890A2D50100A3DF33FCC9BD1644BD14FCA330AA97850000187A36A90000"	"\Divisions\PD\Substation Fort Mill\127450 - Bethel - PVID 37271"
"000000009598E9A20E04F041B38518182890A2D5010012225CC57BF01F4EA8CCA87A792FF35F000084967AB10000"	"\Divisions\PD\Substation Fort Worth\Handley DA"
"000000009598E9A20E04F041B38518182890A2D501001296C725372D7F4B86B758A22EA3141B00000022D6570000"	"\Divisions\PD\Substation Freeport\Inactive File\104895_PSNH_Scobie Review\Bid"
"000000009598E9A20E04F041B38518182890A2D501001296C725372D7F4B86B758A22EA3141B00000022D6660000"	"\Divisions\PD\Substation Freeport\Inactive File\104895_PSNH_Scobie Review\Schedule"
"000000009598E9A20E04F041B38518182890A2D501001296C725372D7F4B86B758A22EA3141B0000000F62640000"	"\Divisions\PD\Substation Freeport\Inactive File\105XXX_PSNH_BPO\TO_3"
"000000009598E9A20E04F041B38518182890A2D501001296C725372D7F4B86B758A22EA3141B0000001463A80000"	"\Divisions\PD\Substation Freeport\Inactive File\106XXX_PSNH_Madbury\Bid"
"000000009598E9A20E04F041B38518182890A2D501001296C725372D7F4B86B758A22EA3141B00000018C4150000"	"\Divisions\PD\Substation Freeport\Inactive File\106XXX_PSNH_Madbury\Procure\Madbury Procurement - JRC"
"000000009598E9A20E04F041B38518182890A2D501001296C725372D7F4B86B758A22EA3141B00000022D5D80000"	"\Divisions\PD\Substation Freeport\Inactive File\108042_TXU_South_Brownwood"
"000000009598E9A20E04F041B38518182890A2D501001296C725372D7F4B86B758A22EA3141B00000022D5E60000"	"\Divisions\PD\Substation Freeport\Inactive File\108042_TXU_South_Brownwood\Reports"
"000000009598E9A20E04F041B38518182890A2D501001296C725372D7F4B86B758A22EA3141B00000022D5FD0000"	"\Divisions\PD\Substation Freeport\Inactive File\108166_TXU_Dublin\Legal"
"000000009598E9A20E04F041B38518182890A2D501001296C725372D7F4B86B758A22EA3141B00000022D6360000"	"\Divisions\PD\Substation Freeport\Inactive File\108556_Centerpoint_Webster\Accounting"
"000000009598E9A20E04F041B38518182890A2D501001296C725372D7F4B86B758A22EA3141B00000022D6450000"	"\Divisions\PD\Substation Freeport\Inactive File\108556_Centerpoint_Webster\Right-of-Way"
"000000009598E9A20E04F041B38518182890A2D501001296C725372D7F4B86B758A22EA3141B00000022D6270000"	"\Divisions\PD\Substation Freeport\Inactive File\108557_Centerpoint_Freeport\Meeting Minutes"
"000000009598E9A20E04F041B38518182890A2D50100E34BFE500669CD49AC2E27C6C54DE39D0000002E40210000"	"\Divisions\PD\Substation Freeport\Inactive File\108909_VELCO_Granite_PART_2.PST"
"000000009598E9A20E04F041B38518182890A2D501001296C725372D7F4B86B758A22EA3141B00000026BFBE0000"	"\Divisions\PD\Substation Freeport\Inactive File\108954_TXU_Celina_Switch\Public Information"
"000000009598E9A20E04F041B38518182890A2D50100E34BFE500669CD49AC2E27C6C54DE39D0000004083CD0000"	"\Divisions\PD\Substation Freeport\Inactive File\109947_CMP_ScarOOBLine\109947 Saco  Bay Prelim & MPUC\Data Requests"
"000000009598E9A20E04F041B38518182890A2D50100E34BFE500669CD49AC2E27C6C54DE39D0000004083DC0000"	"\Divisions\PD\Substation Freeport\Inactive File\109947_CMP_ScarOOBLine\109947 Saco  Bay Prelim & MPUC\Data Requests\Saco Stakeholder Request DR-01"
"000000009598E9A20E04F041B38518182890A2D50100E34BFE500669CD49AC2E27C6C54DE39D0000004083EB0000"	"\Divisions\PD\Substation Freeport\Inactive File\109947_CMP_ScarOOBLine\109947 Saco  Bay Prelim & MPUC\MPUC Hearings\Rebuttal Testimony Bench EX-03"
"000000009598E9A20E04F041B38518182890A2D501001296C725372D7F4B86B758A22EA3141B0000005D205A0000"	"\Divisions\PD\Substation Freeport\Inactive File\109947_CMP_ScarOOBLine1\109947 Saco  Bay Prelim & MPUC\Data Requests"
"000000009598E9A20E04F041B38518182890A2D501001296C725372D7F4B86B758A22EA3141B0000005D205E0000"	"\Divisions\PD\Substation Freeport\Inactive File\109947_CMP_ScarOOBLine1\109947 Saco  Bay Prelim & MPUC\Data Requests\Saco Stakeholder Request DR-01"
"000000009598E9A20E04F041B38518182890A2D501001296C725372D7F4B86B758A22EA3141B0000006238C50000"	"\Divisions\PD\Substation Freeport\Inactive File\109947_CMP_ScarOOBLine1\109947 Saco  Bay Prelim & MPUC\MPUC Hearings\Rebuttal Testimony Bench EX-03"
"000000009598E9A20E04F041B38518182890A2D501001296C725372D7F4B86B758A22EA3141B0000003759720000"	"\Divisions\PD\Substation Freeport\Inactive File\110459_NU_BunkerHill"
"000000009598E9A20E04F041B38518182890A2D501001296C725372D7F4B86B758A22EA3141B00000060551D0000"	"\Divisions\PD\Substation Freeport\Inactive File\112635_CityofDanvers\112635 System Planning"
"000000009598E9A20E04F041B38518182890A2D501001953B16A689BCD4AA8FC82955DB27CB1000001EF84310000"	"\Divisions\PD\Substation Freeport\Inactive File\116921_ONCOR_FRE_Tyler_West"
"000000009598E9A20E04F041B38518182890A2D501001953B16A689BCD4AA8FC82955DB27CB1000000A2787D0000"	"\Divisions\PD\Substation Freeport\Inactive File\CLOSED_109947_CMP_ScarOOBLine\109947 Saco  Bay Prelim & MPUC\Conference Calls"
"000000009598E9A20E04F041B38518182890A2D501001953B16A689BCD4AA8FC82955DB27CB1000000A2788C0000"	"\Divisions\PD\Substation Freeport\Inactive File\CLOSED_109947_CMP_ScarOOBLine\109947 Saco  Bay Prelim & MPUC\Data Requests\Oral Data Request ODR-03"
"000000009598E9A20E04F041B38518182890A2D501001953B16A689BCD4AA8FC82955DB27CB1000000A2789B0000"	"\Divisions\PD\Substation Freeport\Inactive File\CLOSED_109947_CMP_ScarOOBLine\109947 Saco  Bay Prelim & MPUC\MPUC Hearings\Rebuttal Testimony"
"000000009598E9A20E04F041B38518182890A2D501001953B16A689BCD4AA8FC82955DB27CB1000000A278AA0000"	"\Divisions\PD\Substation Freeport\Inactive File\CLOSED_109947_CMP_ScarOOBLine1\109947 Saco  Bay Prelim & MPUC\Conference Calls"
"000000009598E9A20E04F041B38518182890A2D501001953B16A689BCD4AA8FC82955DB27CB1000000A278B90000"	"\Divisions\PD\Substation Freeport\Inactive File\CLOSED_109947_CMP_ScarOOBLine1\109947 Saco  Bay Prelim & MPUC\Data Requests\Oral Data Request ODR-03"
"000000009598E9A20E04F041B38518182890A2D501001953B16A689BCD4AA8FC82955DB27CB1000000B63DA10000"	"\Divisions\PD\Substation Freeport\Inactive File\CLOSED_109947_CMP_ScarOOBLine1\109947 Saco  Bay Prelim & MPUC\MPUC Hearings\Rebuttal Testimony"
"000000009598E9A20E04F041B38518182890A2D501001953B16A689BCD4AA8FC82955DB27CB1000000B63DB00000"	"\Divisions\PD\Substation Freeport\Inactive File\CLOSED_110459_NU_BunkerHill"
"000000009598E9A20E04F041B38518182890A2D501001953B16A689BCD4AA8FC82955DB27CB1000000B63DBF0000"	"\Divisions\PD\Substation Freeport\Inactive File\CLOSED_113438_RumfordIP "
"000000009598E9A20E04F041B38518182890A2D501001953B16A689BCD4AA8FC82955DB27CB1000000B63DD30000"	"\Divisions\PD\Substation Freeport\Inactive File\CLOSED_120596_Louden1"
"000000009598E9A20E04F041B38518182890A2D501001296C725372D7F4B86B758A22EA3141B0000000F62360000"	"\Divisions\PD\Substation Freeport\Inactive File\PSNH-BPO"
"000000009598E9A20E04F041B38518182890A2D50100F3BCE3A574023B4482F2E427B5A3121800004E80E8AD0000"	"\Divisions\PD\Substation Freeport\Projects\113510_West_Farnum_(345kV_upgrades&additions_IR)\140918_CLP_NW_Hartford_Pumping_Plant"
"000000009598E9A20E04F041B38518182890A2D50100E34BFE500669CD49AC2E27C6C54DE39D0000000FB9380000"	"\Divisions\PD\Substation Freeport\Projects\114351_ONCOR_Electric"
"000000009598E9A20E04F041B38518182890A2D50100E34BFE500669CD49AC2E27C6C54DE39D0000003A886B0000"	"\Divisions\PD\Substation Freeport\Projects\121663_CL&P_Long_Mountain"
"000000009598E9A20E04F041B38518182890A2D50100A3DF33FCC9BD1644BD14FCA330AA9785000021B9B1870000"	"\Divisions\PD\Substation Freeport\Projects\124635_AEP_Marcellus"
"000000009598E9A20E04F041B38518182890A2D50100A3DF33FCC9BD1644BD14FCA330AA978500001BD3D9060000"	"\Divisions\PD\Substation Freeport\Projects\129460_McQueeney"
"000000009598E9A20E04F041B38518182890A2D50100A3DF33FCC9BD1644BD14FCA330AA978500001CAF02540000"	"\Divisions\PD\Substation Freeport\Projects\132921_GVEC_Kokernot"
"000000009598E9A20E04F041B38518182890A2D50100A3DF33FCC9BD1644BD14FCA330AA978500001D8B2F2B0000"	"\Divisions\PD\Substation Freeport\Projects\133852_PSNH_Webster_Hydrogen_Det_System"
"000000009598E9A20E04F041B38518182890A2D50100A3DF33FCC9BD1644BD14FCA330AA978500001E41B6E60000"	"\Divisions\PD\Substation Freeport\Projects\135023_FRE_ANNA_SW_STA_RPLC_EQUIP"
"000000009598E9A20E04F041B38518182890A2D50100A3DF33FCC9BD1644BD14FCA330AA978500001F2AEB6B0000"	"\Divisions\PD\Substation Freeport\Projects\135917_CL&P_Mystic_SS_Scoping"
"000000009598E9A20E04F041B38518182890A2D50100A3DF33FCC9BD1644BD14FCA330AA978500002198BA060000"	"\Divisions\PD\Substation Freeport\Projects\137332_GVEC_Nixon"
"000000009598E9A20E04F041B38518182890A2D5010012225CC57BF01F4EA8CCA87A792FF35F00013A0B91700000"	"\Divisions\PD\Substation Freeport\Projects\138450_AEP_Progress_Park"
"000000009598E9A20E04F041B38518182890A2D50100A3DF33FCC9BD1644BD14FCA330AA97850000266777530000"	"\Divisions\PD\Substation Freeport\Projects\140300_CL&P-Montville_S/S_RR_Scoping"
"000000009598E9A20E04F041B38518182890A2D5010012225CC57BF01F4EA8CCA87A792FF35F00011D8C7A3D0000"	"\Divisions\PD\Substation Freeport\Projects\142074_AEP_Dillonvale"
"000000009598E9A20E04F041B38518182890A2D5010012225CC57BF01F4EA8CCA87A792FF35F00012CA1A8310000"	"\Divisions\PD\Substation Freeport\Projects\143310_AEP_Speidell"
"000000009598E9A20E04F041B38518182890A2D5010012225CC57BF01F4EA8CCA87A792FF35F0000818A7BCF0000"	"\Divisions\PD\Substation Freeport\Projects\145220_PPL_Harwood"
"000000009598E9A20E04F041B38518182890A2D5010012225CC57BF01F4EA8CCA87A792FF35F00016EA9928C0000"	"\Divisions\PD\Substation Freeport\Projects\146418_AEP_Dunlap"
"000000009598E9A20E04F041B38518182890A2D5010012225CC57BF01F4EA8CCA87A792FF35F000108855F210000"	"\Divisions\PD\Substation Freeport\Projects\148154_FRE_Camp_Wisdom"
"000000009598E9A20E04F041B38518182890A2D501001296C725372D7F4B86B758A22EA3141B0000000D505D0000"	"\Divisions\PD\Substation Freeport\Proposals\000000_Forst_Ferry"
"000000009598E9A20E04F041B38518182890A2D501001296C725372D7F4B86B758A22EA3141B00000014C00C0000"	"\Divisions\PD\Substation Freeport\Proposals\106471_VELCO"
"000000009598E9A20E04F041B38518182890A2D501001296C725372D7F4B86B758A22EA3141B00000022D6B80000"	"\Divisions\PD\Substation Freeport\Proposals\108684_Energy_East"
"000000009598E9A20E04F041B38518182890A2D501001296C725372D7F4B86B758A22EA3141B0000002E91950000"	"\Divisions\PD\Substation Freeport\Proposals\999999_CMP_ME_Yankee"
"000000009598E9A20E04F041B38518182890A2D501001296C725372D7F4B86B758A22EA3141B0000000DCE7B0000"	"\Divisions\PD\Substation Freeport\Proposals\USM CHP"
"000000009598E9A20E04F041B38518182890A2D5010012225CC57BF01F4EA8CCA87A792FF35F0003ED40709E0000"	"\Divisions\PD\Substation Hailey\160736 - Forney"
"000000009598E9A20E04F041B38518182890A2D5010012225CC57BF01F4EA8CCA87A792FF35F0003ED4070B80000"	"\Divisions\PD\Substation Hailey\164341 - Forest Hill"
"000000009598E9A20E04F041B38518182890A2D5010012225CC57BF01F4EA8CCA87A792FF35F0004062455250000"	"\Divisions\PD\Substation Hailey\167679 - Mesquite Western Electric 43765"
"000000009598E9A20E04F041B38518182890A2D5010012225CC57BF01F4EA8CCA87A792FF35F0004AE6514D70000"	"\Divisions\PD\Substation Hailey\172395 - Preston North Substation"
"000000009598E9A20E04F041B38518182890A2D5010012225CC57BF01F4EA8CCA87A792FF35F00059D072BA40000"	"\Divisions\PD\Substation Hailey\179797 - Adobe Meadows 46879"
"000000009598E9A20E04F041B38518182890A2D5010012225CC57BF01F4EA8CCA87A792FF35F0005DD0CA6DF0000"	"\Divisions\PD\Substation Hailey\238193 - Trailwood Sub PETE 49732"
"000000009598E9A20E04F041B38518182890A2D5010012225CC57BF01F4EA8CCA87A792FF35F00068E874D6E0000"	"\Divisions\PD\Substation Hailey\245086 - Watermill 345kV 50195"
"000000009598E9A20E04F041B38518182890A2D5010012225CC57BF01F4EA8CCA87A792FF35F0007CD7EDF1B0000"	"\Divisions\PD\Substation Hailey\255799 - Lavon Sw: PETE 51228"
"000000009598E9A20E04F041B38518182890A2D5010012225CC57BF01F4EA8CCA87A792FF35F0007CD7EDF1D0000"	"\Divisions\PD\Substation Hailey\RLM Oncor TRP 2024"
"000000009598E9A20E04F041B38518182890A2D50100A3DF33FCC9BD1644BD14FCA330AA978500002134F4760000"	"\Divisions\PD\Substation Hamilton\137145"
"000000009598E9A20E04F041B38518182890A2D5010012225CC57BF01F4EA8CCA87A792FF35F0001A42619C30000"	"\Divisions\PD\Substation Hamilton\141903\141903 NLRP Alburtis Phase 1\Phase I Proposal"
"000000009598E9A20E04F041B38518182890A2D50100A3DF33FCC9BD1644BD14FCA330AA978500002CE0C5960000"	"\Divisions\PD\Substation Houston\0 Vicki Johnson Projects"
"000000009598E9A20E04F041B38518182890A2D50100E34BFE500669CD49AC2E27C6C54DE39D0000003B831E0000"	"\Divisions\PD\Substation Houston\00-Closed Projects"
"000000009598E9A20E04F041B38518182890A2D50100E34BFE500669CD49AC2E27C6C54DE39D0000001E369D0000"	"\Divisions\PD\Substation Houston\01-General Oncor Information\00 CLOSED PROJECTS\ATL Burkburnett WA05T62013 (not mine)"
"000000009598E9A20E04F041B38518182890A2D50100E34BFE500669CD49AC2E27C6C54DE39D0000000929890000"	"\Divisions\PD\Substation Houston\01-General Oncor Information\00 CLOSED PROJECTS\Odessa_109971_WA06T63012\Line Tuners"
"000000009598E9A20E04F041B38518182890A2D50100E34BFE500669CD49AC2E27C6C54DE39D0000000AFCAB0000"	"\Divisions\PD\Substation Houston\01-General Oncor Information\00 CLOSED PROJECTS\Welch_Road_111561_WA07T65042"
"000000009598E9A20E04F041B38518182890A2D50100E34BFE500669CD49AC2E27C6C54DE39D0000001B9A8A0000"	"\Divisions\PD\Substation Houston\01-General Oncor Information\00 ISSUES - ANNOUNCEMENTS\Moving material from Muleshoe\PT"
"000000009598E9A20E04F041B38518182890A2D50100E34BFE500669CD49AC2E27C6C54DE39D0000002470320000"	"\Divisions\PD\Substation Houston\01-General Oncor Information\00 REPORTS\CWIP Reports"
"000000009598E9A20E04F041B38518182890A2D50100E34BFE500669CD49AC2E27C6C54DE39D0000002840CE0000"	"\Divisions\PD\Substation Houston\01-General Oncor Information\00 VENDOR INFO"
"000000009598E9A20E04F041B38518182890A2D50100E34BFE500669CD49AC2E27C6C54DE39D0000002A34DD0000"	"\Divisions\PD\Substation Houston\01-General Oncor Information\ST LOUIS PROJECTS\Completion Report"
"000000009598E9A20E04F041B38518182890A2D50100E34BFE500669CD49AC2E27C6C54DE39D0000003DC0B60000"	"\Divisions\PD\Substation Houston\122218_AEP_Princeton"
"000000009598E9A20E04F041B38518182890A2D50100A3DF33FCC9BD1644BD14FCA330AA9785000018B253370000"	"\Divisions\PD\Substation Houston\123360_AEP_Morgan_Fork_PVID#_123360"
"000000009598E9A20E04F041B38518182890A2D50100A3DF33FCC9BD1644BD14FCA330AA97850000253F288F0000"	"\Divisions\PD\Substation Houston\124672_AEP_East_Amsterdam_PVID#_34356\APS NOTIFICATIONS"
"000000009598E9A20E04F041B38518182890A2D50100A3DF33FCC9BD1644BD14FCA330AA978500001599F5720000"	"\Divisions\PD\Substation Houston\125706_Oncor_Fasken_Ranch_138kV_POI_WA12T63147\Battery-Rack-Charger"
"000000009598E9A20E04F041B38518182890A2D50100A3DF33FCC9BD1644BD14FCA330AA9785000017EC66240000"	"\Divisions\PD\Substation Houston\127497_Oncor_Venus_Sw_138kV_Bus_Diff_WA13T65008"
"000000009598E9A20E04F041B38518182890A2D50100A3DF33FCC9BD1644BD14FCA330AA97850000253F3F480000"	"\Divisions\PD\Substation Houston\127854_AEP_Breaks STN_33963\CAROLYN BLANKENSHIP"
"000000009598E9A20E04F041B38518182890A2D50100A3DF33FCC9BD1644BD14FCA330AA9785000018B235920000"	"\Divisions\PD\Substation Houston\128902_Amarillo_DFR"
"000000009598E9A20E04F041B38518182890A2D50100A3DF33FCC9BD1644BD14FCA330AA97850000198FB0040000"	"\Divisions\PD\Substation Houston\129861_Oncor_Moss_SW_Install_WA14T63003"
"000000009598E9A20E04F041B38518182890A2D50100A3DF33FCC9BD1644BD14FCA330AA978500001B7597CB0000"	"\Divisions\PD\Substation Houston\130443_AEP_Tiffin_Center_35804"
"000000009598E9A20E04F041B38518182890A2D50100A3DF33FCC9BD1644BD14FCA330AA978500001DC6F5850000"	"\Divisions\PD\Substation Houston\131415_Oncor_NW Carrollton"
"000000009598E9A20E04F041B38518182890A2D50100A3DF33FCC9BD1644BD14FCA330AA97850000260D0A1D0000"	"\Divisions\PD\Substation Houston\132133_AEP_Ruth_Station_PVID#_38295\APS NOTIFICATIONS"
"000000009598E9A20E04F041B38518182890A2D50100A3DF33FCC9BD1644BD14FCA330AA97850000219D15B00000"	"\Divisions\PD\Substation Houston\132538_Wyoming_Station_132538\APS NOTIFICATIONS"
"000000009598E9A20E04F041B38518182890A2D50100A3DF33FCC9BD1644BD14FCA330AA978500001CD515F20000"	"\Divisions\PD\Substation Houston\133329_Oncor_Camont_Sub"
"000000009598E9A20E04F041B38518182890A2D50100A3DF33FCC9BD1644BD14FCA330AA97850000241FFAB00000"	"\Divisions\PD\Substation Houston\133941_AEP_Jim Branch Instl_PVID#38922"
"000000009598E9A20E04F041B38518182890A2D50100A3DF33FCC9BD1644BD14FCA330AA978500001DC3C8310000"	"\Divisions\PD\Substation Houston\134356_Oncor_Midland_Cty_NW_WA#"
"000000009598E9A20E04F041B38518182890A2D50100A3DF33FCC9BD1644BD14FCA330AA9785000021924AF30000"	"\Divisions\PD\Substation Houston\135180_Oncor_Sweetwater Crk_WA#15T63015"
"000000009598E9A20E04F041B38518182890A2D50100A3DF33FCC9BD1644BD14FCA330AA978500002097B7950000"	"\Divisions\PD\Substation Houston\136377_Oncor_NW Carrollton_15T65041"
"000000009598E9A20E04F041B38518182890A2D50100A3DF33FCC9BD1644BD14FCA330AA978500002338C6B60000"	"\Divisions\PD\Substation Houston\137511_Oncor_Calmont_15T62021"
"000000009598E9A20E04F041B38518182890A2D50100A3DF33FCC9BD1644BD14FCA330AA9785000022D1F11F0000"	"\Divisions\PD\Substation Houston\138512_Oncor_Paul David_WA#15T63062"
"000000009598E9A20E04F041B38518182890A2D50100A3DF33FCC9BD1644BD14FCA330AA978500002424CA7B0000"	"\Divisions\PD\Substation Houston\139314_Oncor_Tyler GE Line Term_WA#"
"000000009598E9A20E04F041B38518182890A2D50100A3DF33FCC9BD1644BD14FCA330AA97850000258D42EF0000"	"\Divisions\PD\Substation Houston\139882_Oncor_Carrollton NW_WA# TBD"
"000000009598E9A20E04F041B38518182890A2D50100A3DF33FCC9BD1644BD14FCA330AA978500002680B59F0000"	"\Divisions\PD\Substation Houston\140341_Xcel_Hutchinson RTU Pre-Commissioning"
"000000009598E9A20E04F041B38518182890A2D50100A3DF33FCC9BD1644BD14FCA330AA9785000027B49CC10000"	"\Divisions\PD\Substation Houston\140693_AEP_Telecom Lakeside_PVID#11087"
"000000009598E9A20E04F041B38518182890A2D50100F3BCE3A574023B4482F2E427B5A3121800004EC0BCA50000"	"\Divisions\PD\Substation Houston\141048_AEP_Telecom Montpelier_PVID# 11105"
"000000009598E9A20E04F041B38518182890A2D50100A3DF33FCC9BD1644BD14FCA330AA9785000029DF3B170000"	"\Divisions\PD\Substation Houston\141405_Oncor_FW Southwest Sub_WA# TBD"
"000000009598E9A20E04F041B38518182890A2D50100A3DF33FCC9BD1644BD14FCA330AA978500002C3527930000"	"\Divisions\PD\Substation Houston\142119_STEC_Carnero in Reveille"
"000000009598E9A20E04F041B38518182890A2D50100A3DF33FCC9BD1644BD14FCA330AA978500002CA247850000"	"\Divisions\PD\Substation Houston\142637_AEP_Telecom So Millersburg_PVID#13172"
"000000009598E9A20E04F041B38518182890A2D5010012225CC57BF01F4EA8CCA87A792FF35F00001ACFFDC10000"	"\Divisions\PD\Substation Houston\143754_Xcel_Roosevelt - 230kV Tam Precomm"
"000000009598E9A20E04F041B38518182890A2D5010012225CC57BF01F4EA8CCA87A792FF35F00004331C99F0000"	"\Divisions\PD\Substation Houston\144304_Oncor_Sterrett Sw: Rplc 69 CB_WA#17T65061"
"000000009598E9A20E04F041B38518182890A2D5010012225CC57BF01F4EA8CCA87A792FF35F00009620BFC90000"	"\Divisions\PD\Substation Houston\145557_Oncor_Pegasus S Sub Install DG_WA#17T610047"
"000000009598E9A20E04F041B38518182890A2D5010012225CC57BF01F4EA8CCA87A792FF35F0000BBEFC05E0000"	"\Divisions\PD\Substation Houston\146112_Xcel_Pringle Oil - Precomm Tam"
"000000009598E9A20E04F041B38518182890A2D5010012225CC57BF01F4EA8CCA87A792FF35F0000E788788E0000"	"\Divisions\PD\Substation Houston\147083_Xcel_Portales South Pre-Comm"
"000000009598E9A20E04F041B38518182890A2D5010012225CC57BF01F4EA8CCA87A792FF35F000118DC9E6E0000"	"\Divisions\PD\Substation Houston\148483_Xcel_Hobbs Gen - New 345kV Auto"
"000000009598E9A20E04F041B38518182890A2D50100E34BFE500669CD49AC2E27C6C54DE39D0000003DC0F70000"	"\Divisions\PD\Substation Houston\AEP-Leipsic"
"000000009598E9A20E04F041B38518182890A2D50100A3DF33FCC9BD1644BD14FCA330AA978500001D7D06F10000"	"\Divisions\PD\Substation Houston\CLOSED_116005_Oncor_Bowman_10T62001_ADD AS ADDL PST\Material Issues"
"000000009598E9A20E04F041B38518182890A2D50100E34BFE500669CD49AC2E27C6C54DE39D0000005C2A0B0000"	"\Divisions\PD\Substation Houston\CLOSED_116741_Oncor_Hicks_12T62001\Oncor Order Forms\345kV Breakers"
"000000009598E9A20E04F041B38518182890A2D50100A3DF33FCC9BD1644BD14FCA330AA978500001BF151190000"	"\Divisions\PD\Substation Houston\CLOSED_116769_Oncor_Central_Bluff_WA10T63008\10T63008 MATERIAL\CCVT'S"
"000000009598E9A20E04F041B38518182890A2D50100E34BFE500669CD49AC2E27C6C54DE39D0000003149B80000"	"\Divisions\PD\Substation Houston\CLOSED_116856_Oncor_Killeen_WA10T64002\Steel"
"000000009598E9A20E04F041B38518182890A2D50100E34BFE500669CD49AC2E27C6C54DE39D000000383EE30000"	"\Divisions\PD\Substation Houston\CLOSED_116940_Oncor_Dermott_WA11T63004\Hilti Bolts"
"000000009598E9A20E04F041B38518182890A2D50100A3DF33FCC9BD1644BD14FCA330AA978500001D7D9F580000"	"\Divisions\PD\Substation Houston\CLOSED_117072_Oncor_Ector_City_10T63108\Material Orders1"
"000000009598E9A20E04F041B38518182890A2D50100E34BFE500669CD49AC2E27C6C54DE39D00000025D3CC0000"	"\Divisions\PD\Substation Houston\CLOSED_118024_Oncor_Whitney_10T64077"
"000000009598E9A20E04F041B38518182890A2D50100E34BFE500669CD49AC2E27C6C54DE39D0000003499350000"	"\Divisions\PD\Substation Houston\CLOSED_119866_Oncor_Venus_WA11T65208\Arresters"
"000000009598E9A20E04F041B38518182890A2D50100A3DF33FCC9BD1644BD14FCA330AA978500001D9106790000"	"\Divisions\PD\Substation Houston\CLOSED_119956_Oncor_Temple_11T64114_ADD TO PST\BOM"
"000000009598E9A20E04F041B38518182890A2D50100A3DF33FCC9BD1644BD14FCA330AA978500001D9186700000"	"\Divisions\PD\Substation Houston\CLOSED_120157_Oncor_Com Pk_10T62233_ADD TO PST\EMT"
"000000009598E9A20E04F041B38518182890A2D50100A3DF33FCC9BD1644BD14FCA330AA978500001D955DCB0000"	"\Divisions\PD\Substation Houston\CLOSED_120468_Oncor_Cedar Hill_11T65217_ADD TO PST\EMT Orders"
"000000009598E9A20E04F041B38518182890A2D50100A3DF33FCC9BD1644BD14FCA330AA978500001BD54B050000"	"\Divisions\PD\Substation Houston\CLOSED_121026_Oncor_Greenvile_07T65107_Add to PST"
"000000009598E9A20E04F041B38518182890A2D501001953B16A689BCD4AA8FC82955DB27CB10000017095B90000"	"\Divisions\PD\Substation Houston\CLOSED_122533_Oncor_Hutto_WA11T64146\EMT Confirmaitons"
"000000009598E9A20E04F041B38518182890A2D50100A3DF33FCC9BD1644BD14FCA330AA9785000017069F9C0000"	"\Divisions\PD\Substation Houston\CLOSED_123486_Oncor_Clarksville_Sub_WA11T64194\In-Service Reports"
"000000009598E9A20E04F041B38518182890A2D50100A3DF33FCC9BD1644BD14FCA330AA978500001706140E0000"	"\Divisions\PD\Substation Houston\CLOSED_124585_Oncor_Colorado_City_WA12T63116\FAR Reports"
"000000009598E9A20E04F041B38518182890A2D50100A3DF33FCC9BD1644BD14FCA330AA9785000016F07D3F0000"	"\Divisions\PD\Substation Houston\CLOSED_124856_Oncor_Crez_Bluff_Creek_WA12T63132\FAR Reports"
"000000009598E9A20E04F041B38518182890A2D50100A3DF33FCC9BD1644BD14FCA330AA978500001727E9350000"	"\Divisions\PD\Substation Houston\CLOSED_126497_Oncor_Venus_12T65291\FAR Reports"
"000000009598E9A20E04F041B38518182890A2D50100A3DF33FCC9BD1644BD14FCA330AA978500001967C49D0000"	"\Divisions\PD\Substation Houston\CLOSED_129396_Oncor_Mineral_Wells_13T61025"
"000000009598E9A20E04F041B38518182890A2D50100E34BFE500669CD49AC2E27C6C54DE39D0000001ABFBA0000"	"\Divisions\PD\Substation Houston\Oncor-Elgin"
"000000009598E9A20E04F041B38518182890A2D50100A3DF33FCC9BD1644BD14FCA330AA9785000017654F730000"	"\Divisions\PD\Substation Houston\XXXXXX_Brazos_Morris_Shepherd_Oran\Oncor-Elgin\Reactors\Areva"
"000000009598E9A20E04F041B38518182890A2D5010012225CC57BF01F4EA8CCA87A792FF35F0000BBEFC0560000"	"\Divisions\PD\Substation Oradell\00_Substation Oradell"
"000000009598E9A20E04F041B38518182890A2D5010012225CC57BF01F4EA8CCA87A792FF35F0000B10731B20000"	"\Divisions\PD\Substation Oradell\146299"
"000000009598E9A20E04F041B38518182890A2D50100A3DF33FCC9BD1644BD14FCA330AA97850000260B42120000"	"\Divisions\PD\Substation Orlando\135673 SUNFLOWER HIGH POINT SUBSTATION"
"000000009598E9A20E04F041B38518182890A2D50100A3DF33FCC9BD1644BD14FCA330AA978500002C0BC0300000"	"\Divisions\PD\Substation Orlando\142769 DEF-WILLISTON NORTH NEW SUB"
"000000009598E9A20E04F041B38518182890A2D50100A3DF33FCC9BD1644BD14FCA330AA978500001D3C11E40000"	"\Divisions\PD\Substation Phoenix\133537 TEP Avalon Design Type 3"
"000000009598E9A20E04F041B38518182890A2D50100A3DF33FCC9BD1644BD14FCA330AA9785000027C9C9F20000"	"\Divisions\PD\Substation Phoenix\140858 APS NERC CIP 5 STD Engr Support"
"000000009598E9A20E04F041B38518182890A2D5010012225CC57BF01F4EA8CCA87A792FF35F0001B36E3BA60000"	"\Divisions\PD\Substation Phoenix\152787 Coulter-Fiber Ring Build-Out"
"000000009598E9A20E04F041B38518182890A2D5010012225CC57BF01F4EA8CCA87A792FF35F00025CA6B6070000"	"\Divisions\PD\Substation Phoenix\155033 EAST RIAC - SUB RETIREMENT"
"000000009598E9A20E04F041B38518182890A2D5010012225CC57BF01F4EA8CCA87A792FF35F0002EC0058310000"	"\Divisions\PD\Substation Phoenix\160009 S-HILLSIDE FIBER"
"000000009598E9A20E04F041B38518182890A2D5010064CEE54672FD844491A13B5C6CAEE87D0000002AB1C20000"	"\Divisions\PD\Substation Portland\117542_P'Corp_Community Park Perm Sub"
"000000009598E9A20E04F041B38518182890A2D5010064CEE54672FD844491A13B5C6CAEE87D0000002F1E950000"	"\Divisions\PD\Substation Portland\119530_P'Corp_Emery Unit 1 Tie Line"
"000000009598E9A20E04F041B38518182890A2D5010064CEE54672FD844491A13B5C6CAEE87D000000309DEB0000"	"\Divisions\PD\Substation Portland\120390_P'Corp_Alderwood_Sub_Instl"
"000000009598E9A20E04F041B38518182890A2D5010064CEE54672FD844491A13B5C6CAEE87D00000036525D0000"	"\Divisions\PD\Substation Portland\121049_PCORP_ALDERWOOD_ADD_2ND_XFMR "
"000000009598E9A20E04F041B38518182890A2D5010064CEE54672FD844491A13B5C6CAEE87D0000003731A40000"	"\Divisions\PD\Substation Portland\121610_P_EAST_LEVEE-RELAY_REPLACE"
"000000009598E9A20E04F041B38518182890A2D5010064CEE54672FD844491A13B5C6CAEE87D00000039FFD90000"	"\Divisions\PD\Substation Portland\121972_P_TRINIDAD_345KV_CB5490"
"000000009598E9A20E04F041B38518182890A2D5010064CEE54672FD844491A13B5C6CAEE87D0000003A00130000"	"\Divisions\PD\Substation Portland\122095_NAUGHTON_UNIT_3_TIE_LINE"
"000000009598E9A20E04F041B38518182890A2D50100CB7D9B6512D7374A860FE542D577039200000112FF890000"	"\Divisions\PD\Substation Portland\122701_MALIN_REPL_BRKR"
"000000009598E9A20E04F041B38518182890A2D50100CB7D9B6512D7374A860FE542D57703920000011925040000"	"\Divisions\PD\Substation Portland\122847_NRG_ALPINE PV INTERCONNECT "
"000000009598E9A20E04F041B38518182890A2D501001953B16A689BCD4AA8FC82955DB27CB1000000D5A8AE0000"	"\Divisions\PD\Substation Portland\123595 P'CORP DAVEJOHNSTON REBUILD TM"
"000000009598E9A20E04F041B38518182890A2D501001953B16A689BCD4AA8FC82955DB27CB10000011A5D380000"	"\Divisions\PD\Substation Portland\124009 FSE STATELINE"
"000000009598E9A20E04F041B38518182890A2D501001953B16A689BCD4AA8FC82955DB27CB10000016CE20C0000"	"\Divisions\PD\Substation Portland\124157 P'CORP NERC LN (WI01A) RATINGS"
"000000009598E9A20E04F041B38518182890A2D501001953B16A689BCD4AA8FC82955DB27CB1000001BB87BC0000"	"\Divisions\PD\Substation Portland\124482 P'CORP NERC LINE B30 RATINGS"
"000000009598E9A20E04F041B38518182890A2D50100A3DF33FCC9BD1644BD14FCA330AA978500000E8F36950000"	"\Divisions\PD\Substation Portland\125151 PCORP - Beck Street to Jordan 46kV Line"
"000000009598E9A20E04F041B38518182890A2D50100A3DF33FCC9BD1644BD14FCA330AA978500001584D0180000"	"\Divisions\PD\Substation Portland\125867 P'CORP PRN2 SUBSTATION"
"000000009598E9A20E04F041B38518182890A2D50100A3DF33FCC9BD1644BD14FCA330AA9785000016F7512B0000"	"\Divisions\PD\Substation Portland\126549 P'CORP NERC LN A13 RATINGS"
"000000009598E9A20E04F041B38518182890A2D50100A3DF33FCC9BD1644BD14FCA330AA97850000170485360000"	"\Divisions\PD\Substation Portland\126604 P'CORP NERC LN BB05 RATING"
"000000009598E9A20E04F041B38518182890A2D50100A3DF33FCC9BD1644BD14FCA330AA978500001D4CED990000"	"\Divisions\PD\Substation Portland\127419 POR CREZ--BROWN 345KV CAP BANK\Procurement"
"000000009598E9A20E04F041B38518182890A2D50100A3DF33FCC9BD1644BD14FCA330AA97850000176B944B0000"	"\Divisions\PD\Substation Portland\127694 BPA SUMMER LAKE PACW MALIN"
"000000009598E9A20E04F041B38518182890A2D50100A3DF33FCC9BD1644BD14FCA330AA9785000017D3CA7C0000"	"\Divisions\PD\Substation Portland\128106 BPA SCHULTZ 500KV RAS LLL REPL"
"000000009598E9A20E04F041B38518182890A2D50100A3DF33FCC9BD1644BD14FCA330AA97850000188C47D80000"	"\Divisions\PD\Substation Portland\128642 COPPER MOUNTAIN SOLAR 3"
"000000009598E9A20E04F041B38518182890A2D50100A3DF33FCC9BD1644BD14FCA330AA9785000018E5DB740000"	"\Divisions\PD\Substation Portland\129109 P'CORP KNOTT SUB PE INC 11.7KV"
"000000009598E9A20E04F041B38518182890A2D50100A3DF33FCC9BD1644BD14FCA330AA9785000019703B560000"	"\Divisions\PD\Substation Portland\129626 BPA MUNRO RAS AC RACKS"
"000000009598E9A20E04F041B38518182890A2D50100A3DF33FCC9BD1644BD14FCA330AA9785000019A0FE420000"	"\Divisions\PD\Substation Portland\130163 GATES-GREGG MAP/PG&E"
"000000009598E9A20E04F041B38518182890A2D50100A3DF33FCC9BD1644BD14FCA330AA978500001A0A630D0000"	"\Divisions\PD\Substation Portland\130662 P'CORP BOEING NEW 138KV SUB"
"000000009598E9A20E04F041B38518182890A2D50100A3DF33FCC9BD1644BD14FCA330AA978500001AB784420000"	"\Divisions\PD\Substation Portland\131424 P'CORP 2013-01 RED BUTTE44682"
"000000009598E9A20E04F041B38518182890A2D50100A3DF33FCC9BD1644BD14FCA330AA978500001B2B5FA00000"	"\Divisions\PD\Substation Portland\131847 BPA IEC 61850 PROT DES"
"000000009598E9A20E04F041B38518182890A2D50100A3DF33FCC9BD1644BD14FCA330AA978500001B60FEF70000"	"\Divisions\PD\Substation Portland\132257 ADAMS OPCO DIST 40428"
"000000009598E9A20E04F041B38518182890A2D50100A3DF33FCC9BD1644BD14FCA330AA978500001BE85D090000"	"\Divisions\PD\Substation Portland\132776 P'CORP BLUFF SUB-INC CAPACITY"
"000000009598E9A20E04F041B38518182890A2D50100A3DF33FCC9BD1644BD14FCA330AA978500001C8901C40000"	"\Divisions\PD\Substation Portland\133123 P PARKDALE--REPLACE CB 260&550"
"000000009598E9A20E04F041B38518182890A2D50100A3DF33FCC9BD1644BD14FCA330AA978500001D69F2850000"	"\Divisions\PD\Substation Portland\133708 P'CORP PLATTE SUB REDESIGN"
"000000009598E9A20E04F041B38518182890A2D50100A3DF33FCC9BD1644BD14FCA330AA978500001DB189E50000"	"\Divisions\PD\Substation Portland\134232 BPA HOOD RIVER 115KV RELAY"
"000000009598E9A20E04F041B38518182890A2D50100A3DF33FCC9BD1644BD14FCA330AA978500001DDD9DE80000"	"\Divisions\PD\Substation Portland\134674 P RENNER SWTCH: RPLC BKRS&RLY"
"000000009598E9A20E04F041B38518182890A2D50100A3DF33FCC9BD1644BD14FCA330AA978500001E04C4720000"	"\Divisions\PD\Substation Portland\134896 P ELKTON-138KV ATHENS LN"
"000000009598E9A20E04F041B38518182890A2D50100A3DF33FCC9BD1644BD14FCA330AA978500001EC7B1970000"	"\Divisions\PD\Substation Portland\135347 P EASTLAND SUB: 69 EMGY CAP"
"000000009598E9A20E04F041B38518182890A2D50100A3DF33FCC9BD1644BD14FCA330AA978500001F11F73A0000"	"\Divisions\PD\Substation Portland\135743 P ELM MOTT 138 & 69 CB RPLC"
"000000009598E9A20E04F041B38518182890A2D50100A3DF33FCC9BD1644BD14FCA330AA978500001FA1690B0000"	"\Divisions\PD\Substation Portland\136026 P'CORP CROY-DEV SL CONST SUP"
"000000009598E9A20E04F041B38518182890A2D50100A3DF33FCC9BD1644BD14FCA330AA978500001FEDDF1C0000"	"\Divisions\PD\Substation Portland\136289 P'CORP FRY CONST SUPPORT"
"000000009598E9A20E04F041B38518182890A2D50100A3DF33FCC9BD1644BD14FCA330AA978500002192772F0000"	"\Divisions\PD\Substation Portland\137307 P'CORP DALREED PC RE SCN2"
"000000009598E9A20E04F041B38518182890A2D50100A3DF33FCC9BD1644BD14FCA330AA9785000022267F170000"	"\Divisions\PD\Substation Portland\137914 P'CORP PILOT BUTTE AS-BUILTS"
"000000009598E9A20E04F041B38518182890A2D50100A3DF33FCC9BD1644BD14FCA330AA97850000230D088C0000"	"\Divisions\PD\Substation Portland\138607 GREYHOUND-115-12.47KV XFMR-COM"
"000000009598E9A20E04F041B38518182890A2D50100A3DF33FCC9BD1644BD14FCA330AA9785000023B9B1710000"	"\Divisions\PD\Substation Portland\139090 SRP TPL STUDY 2015"
"000000009598E9A20E04F041B38518182890A2D50100A3DF33FCC9BD1644BD14FCA330AA9785000024AD17800000"	"\Divisions\PD\Substation Portland\139380 P'CORP ADAMS SOLAR"
"000000009598E9A20E04F041B38518182890A2D50100A3DF33FCC9BD1644BD14FCA330AA9785000025812F9C0000"	"\Divisions\PD\Substation Portland\139826 PGE - TEKTRONIX SUB DIST CAP"
"000000009598E9A20E04F041B38518182890A2D50100A3DF33FCC9BD1644BD14FCA330AA9785000026A66E480000"	"\Divisions\PD\Substation Portland\140333 SCADA REED 37362"
"000000009598E9A20E04F041B38518182890A2D50100A3DF33FCC9BD1644BD14FCA330AA9785000027CC040C0000"	"\Divisions\PD\Substation Portland\140811 P'CORP DAIRY SUB"
"000000009598E9A20E04F041B38518182890A2D50100A3DF33FCC9BD1644BD14FCA330AA9785000028D2ED460000"	"\Divisions\PD\Substation Portland\141217 P PERMIAN BASIN SW-DEMOLISH ST"
"000000009598E9A20E04F041B38518182890A2D50100A3DF33FCC9BD1644BD14FCA330AA978500002A1A74220000"	"\Divisions\PD\Substation Portland\141539 P'CORP SLC FACILITY TEST 46KV"
"000000009598E9A20E04F041B38518182890A2D50100A3DF33FCC9BD1644BD14FCA330AA978500002A8294760000"	"\Divisions\PD\Substation Portland\141966 PECO-UPPER MERION 1700"
"000000009598E9A20E04F041B38518182890A2D50100A3DF33FCC9BD1644BD14FCA330AA978500002BE193E10000"	"\Divisions\PD\Substation Portland\142401 P BLACKLAND POD-UPG LN TERM"
"000000009598E9A20E04F041B38518182890A2D50100A3DF33FCC9BD1644BD14FCA330AA978500002C16A37F0000"	"\Divisions\PD\Substation Portland\142873 SCE PEBBLY BEACH CONST SUPPORT"
"000000009598E9A20E04F041B38518182890A2D50100A3DF33FCC9BD1644BD14FCA330AA978500002D7512150000"	"\Divisions\PD\Substation Portland\143121 P LAS COLINAS 138 TERM UPG"
"000000009598E9A20E04F041B38518182890A2D5010012225CC57BF01F4EA8CCA87A792FF35F00000F57EAF70000"	"\Divisions\PD\Substation Portland\143517 UPPER DARBY 6657"
"000000009598E9A20E04F041B38518182890A2D5010012225CC57BF01F4EA8CCA87A792FF35F00002D5DDDA90000"	"\Divisions\PD\Substation Portland\143936 P'CORP PILOT BUTTE CONST SUPP"
"000000009598E9A20E04F041B38518182890A2D5010012225CC57BF01F4EA8CCA87A792FF35F00003945D1860000"	"\Divisions\PD\Substation Portland\144156 P YUCCA DR 2017 WORK"
"000000009598E9A20E04F041B38518182890A2D5010012225CC57BF01F4EA8CCA87A792FF35F00006E0172200000"	"\Divisions\PD\Substation Portland\144923 P KIRKLAND PARK:138 BUS RPLC"
"000000009598E9A20E04F041B38518182890A2D5010012225CC57BF01F4EA8CCA87A792FF35F0000A56624DD0000"	"\Divisions\PD\Substation Portland\146087 6652 CHESTER"
"000000009598E9A20E04F041B38518182890A2D5010012225CC57BF01F4EA8CCA87A792FF35F0000C6905D1F0000"	"\Divisions\PD\Substation Portland\146579 PGE HARBORTON STONE COL ADMIN"
"000000009598E9A20E04F041B38518182890A2D5010012225CC57BF01F4EA8CCA87A792FF35F0000FD2CBF260000"	"\Divisions\PD\Substation Portland\147857 STEEL TAP FIBER ADDITION"
"000000009598E9A20E04F041B38518182890A2D5010012225CC57BF01F4EA8CCA87A792FF35F00011B650DE70000"	"\Divisions\PD\Substation Portland\148534 P ROYSE SWITCH 345KV POI"
"000000009598E9A20E04F041B38518182890A2D5010012225CC57BF01F4EA8CCA87A792FF35F000134A906FD0000"	"\Divisions\PD\Substation Portland\149109 P'CORP KLAMATH FALLS SUB-RPL"
"000000009598E9A20E04F041B38518182890A2D5010012225CC57BF01F4EA8CCA87A792FF35F000262142F810000"	"\Divisions\PD\Substation Portland\152596_Xcel_HTCO_T48"
"000000009598E9A20E04F041B38518182890A2D5010064CEE54672FD844491A13B5C6CAEE87D0000003652530000"	"\Divisions\PD\Substation Portland\PacifiCorp Cad Coordination\P&C\Drating comments from Hurley\RAVEN IFC"
"000000009598E9A20E04F041B38518182890A2D5010064CEE54672FD844491A13B5C6CAEE87D000000309DA30000"	"\Divisions\PD\Substation Portland\PacifiCorp Cad Coordination\Physical\procedures"
"000000009598E9A20E04F041B38518182890A2D5010064CEE54672FD844491A13B5C6CAEE87D000000309DB40000"	"\Divisions\PD\Substation Portland\PacifiCorp Cad Coordination\Physical\UPDATES&PALLETES\BAD"
"000000009598E9A20E04F041B38518182890A2D5010064CEE54672FD844491A13B5C6CAEE87D000000081A760000"	"\Divisions\PD\Substation Portland\Tomball Substation\Construction Scope"
"000000009598E9A20E04F041B38518182890A2D5010064CEE54672FD844491A13B5C6CAEE87D000000081A7D0000"	"\Divisions\PD\Substation Portland\Tomball Substation\R&S"
"000000009598E9A20E04F041B38518182890A2D50100572FF007A7D6B64CA96E5CFE8E1CC1A40000004914090000"	"\Divisions\PD\Substation San Diego\_DMS Upload\114394 2008 CAD Support\118146 Rancho Mission Viejo GND Study"
"000000009598E9A20E04F041B38518182890A2D50100572FF007A7D6B64CA96E5CFE8E1CC1A40000001935530000"	"\Divisions\PD\Substation San Diego\_DMS Upload\118063 SDG&E Oil Containment\Ash"
"000000009598E9A20E04F041B38518182890A2D50100A3DF33FCC9BD1644BD14FCA330AA978500001B7E98E00000"	"\Divisions\PD\Substation San Diego\_DRAFTER INFO"
"000000009598E9A20E04F041B38518182890A2D50100A3DF33FCC9BD1644BD14FCA330AA978500001E923ABF0000"	"\Divisions\PD\Substation San Diego\_HECO\132488 Waiawa Solar"
"000000009598E9A20E04F041B38518182890A2D50100CB7D9B6512D7374A860FE542D57703920000012D01820000"	"\Divisions\PD\Substation San Diego\119108 San Jacinto Check"
"000000009598E9A20E04F041B38518182890A2D50100572FF007A7D6B64CA96E5CFE8E1CC1A4000000643D0B0000"	"\Divisions\PD\Substation San Diego\121408 Blue Canyon 6 Prot & Int"
"000000009598E9A20E04F041B38518182890A2D50100A3DF33FCC9BD1644BD14FCA330AA9785000016B14BA10000"	"\Divisions\PD\Substation San Diego\122396 AEP Inez\IFC"
"000000009598E9A20E04F041B38518182890A2D50100A3DF33FCC9BD1644BD14FCA330AA9785000016C4E95C0000"	"\Divisions\PD\Substation San Diego\123055 SD KNWD Repl OCB Inst SCADA\FMP Question"
"000000009598E9A20E04F041B38518182890A2D501001953B16A689BCD4AA8FC82955DB27CB10000012FEA490000"	"\Divisions\PD\Substation San Diego\124039 Centinela - Drew CSE 230 Line"
"000000009598E9A20E04F041B38518182890A2D50100A3DF33FCC9BD1644BD14FCA330AA9785000015FF157C0000"	"\Divisions\PD\Substation San Diego\125183 IID RAMON"
"000000009598E9A20E04F041B38518182890A2D50100A3DF33FCC9BD1644BD14FCA330AA978500001776DD570000"	"\Divisions\PD\Substation San Diego\127733 APS Triliby Walsh EPC Project"
"000000009598E9A20E04F041B38518182890A2D50100A3DF33FCC9BD1644BD14FCA330AA9785000018E497CA0000"	"\Divisions\PD\Substation San Diego\129192 CBM Melrose"
"000000009598E9A20E04F041B38518182890A2D50100A3DF33FCC9BD1644BD14FCA330AA9785000019BB3FD40000"	"\Divisions\PD\Substation San Diego\130426 CAL Peak Dwgs For ISO App"
"000000009598E9A20E04F041B38518182890A2D50100A3DF33FCC9BD1644BD14FCA330AA978500001B3B073B0000"	"\Divisions\PD\Substation San Diego\131918 IID Hudson Ranch Substation"
"000000009598E9A20E04F041B38518182890A2D50100A3DF33FCC9BD1644BD14FCA330AA978500001BC6A8900000"	"\Divisions\PD\Substation San Diego\132544 CBM AS-BUILTS Pomerado"
"000000009598E9A20E04F041B38518182890A2D50100A3DF33FCC9BD1644BD14FCA330AA978500001DD9A3760000"	"\Divisions\PD\Substation San Diego\134476 Phoenix"
"000000009598E9A20E04F041B38518182890A2D50100A3DF33FCC9BD1644BD14FCA330AA978500001EF8E05B0000"	"\Divisions\PD\Substation San Diego\135640 SES CMS3 Marketplace Meter Updates"
"000000009598E9A20E04F041B38518182890A2D50100F3BCE3A574023B4482F2E427B5A3121800004D7BBE070000"	"\Divisions\PD\Substation San Diego\136703  SDG&E CBM-AB Rancho Carmel"
"000000009598E9A20E04F041B38518182890A2D50100A3DF33FCC9BD1644BD14FCA330AA97850000233013490000"	"\Divisions\PD\Substation San Diego\138486 Terra-Gen Cameron Ridge"
"000000009598E9A20E04F041B38518182890A2D50100A3DF33FCC9BD1644BD14FCA330AA97850000239CF90F0000"	"\Divisions\PD\Substation San Diego\139003 SDG&E CBM AB Paradise"
"000000009598E9A20E04F041B38518182890A2D50100A3DF33FCC9BD1644BD14FCA330AA978500002859D88D0000"	"\Divisions\PD\Substation San Diego\140815 NV Energy Alpine"
"000000009598E9A20E04F041B38518182890A2D50100A3DF33FCC9BD1644BD14FCA330AA978500002BF4F6230000"	"\Divisions\PD\Substation San Diego\142606 SDG&E PROJECT COORD-DRAWNG MGMT"
"000000009598E9A20E04F041B38518182890A2D5010012225CC57BF01F4EA8CCA87A792FF35F00015333EE870000"	"\Divisions\PD\Substation San Diego\149592 Heart of Texas"
"000000009598E9A20E04F041B38518182890A2D5010012225CC57BF01F4EA8CCA87A792FF35F00007E79BFC80000"	"\Divisions\PD\Substation St. Louis\Phys/Civil Scheduling Calendar"
"000000009598E9A20E04F041B38518182890A2D5010012225CC57BF01F4EA8CCA87A792FF35F00057CE536610000"	"\Divisions\PD\Veh. #375\truck\truck"
"000000009598E9A20E04F041B38518182890A2D50100A3DF33FCC9BD1644BD14FCA330AA978500001715A6900000"	"\Divisions\Telecom\CenturyLink\CO\QWEST OFF-PREM\tom"
"000000009598E9A20E04F041B38518182890A2D50100E34BFE500669CD49AC2E27C6C54DE39D0000003B826F0000"	"\International\Ubungo\Electrical"
"000000009598E9A20E04F041B38518182890A2D5010012225CC57BF01F4EA8CCA87A792FF35F0000B7D8B1E70000"	"\Test\Test\Test2"
"000000009598E9A20E04F041B38518182890A2D5010012225CC57BF01F4EA8CCA87A792FF35F000117D40FEB0000"	"\zApplications\BOI Advanced Technology Lab"
"000000009598E9A20E04F041B38518182890A2D5010012225CC57BF01F4EA8CCA87A792FF35F0006E1243D220000"	"\zApplications\CDEGS Users\Calendar"
"000000009598E9A20E04F041B38518182890A2D501001296C725372D7F4B86B758A22EA3141B0000003E32CB0000"	"\zApplications\ETAP Users"
"000000009598E9A20E04F041B38518182890A2D5010012225CC57BF01F4EA8CCA87A792FF35F0005CDC2D34F0000"	"\zApplications\Pathloss\Pathloss"
"000000009598E9A20E04F041B38518182890A2D5010012225CC57BF01F4EA8CCA87A792FF35F00067A9AF2120000"	"\zApplications\TM-OHL-0018-PTL"
