"EntryId"	"Identity"
"000000009598E9A20E04F041B38518182890A2D5010012225CC57BF01F4EA8CCA87A792FF35F00057E6652B30000"	"\Divisions\ENV\Bio Cul Resources\Central Cultural Resources"
"000000009598E9A20E04F041B38518182890A2D501006C95E27D1ACA634AA1AADC20796388DD0000008BD0760000"	"\Divisions\ENV\Environmental Anaheim\115245 BARREN RDG-EIR/EIS TA 01\EIS\DEIS"
"000000009598E9A20E04F041B38518182890A2D50100A3DF33FCC9BD1644BD14FCA330AA978500000E761E530000"	"\Divisions\ENV\Environmental Anaheim\115245 BARREN RDG-EIR/EIS TA 01\EIS\PFEIS\Response to Comments"
"000000009598E9A20E04F041B38518182890A2D50100A3DF33FCC9BD1644BD14FCA330AA978500001679A56A0000"	"\Divisions\ENV\Environmental Anaheim\115245 BARREN RDG-EIR/EIS TA 01\Public Involvement\Email Comments\BRRTP email comments"
"000000009598E9A20E04F041B38518182890A2D501006C95E27D1ACA634AA1AADC20796388DD000000C177970000"	"\Divisions\ENV\Environmental Anaheim\115245 BARREN RDG-EIR/EIS TA 01\Resources\Cultural\PA"
"000000009598E9A20E04F041B38518182890A2D50100572FF007A7D6B64CA96E5CFE8E1CC1A40000001BBDAE0000"	"\Divisions\ENV\Environmental Anaheim\117416-TA23 Aqueduct O&M Progr BO"
"000000009598E9A20E04F041B38518182890A2D501006C95E27D1ACA634AA1AADC20796388DD0000008296020000"	"\Divisions\ENV\Environmental Anaheim\118242 HAIWEE GEOTHERMAL LEASING EIS\Management\Contract"
"000000009598E9A20E04F041B38518182890A2D501006C95E27D1ACA634AA1AADC20796388DD000000C102010000"	"\Divisions\ENV\Environmental Anaheim\118242 HAIWEE GEOTHERMAL LEASING EIS\Resources\Native American"
"000000009598E9A20E04F041B38518182890A2D50100572FF007A7D6B64CA96E5CFE8E1CC1A40000002B9D430000"	"\Divisions\ENV\Environmental Anaheim\118937 TA45 DVSN CRK UNIT 1/WELL 106"
"000000009598E9A20E04F041B38518182890A2D50100572FF007A7D6B64CA96E5CFE8E1CC1A40000003BD0BA0000"	"\Divisions\ENV\Environmental Anaheim\119911 TA61 LYTLE CRK BIO & ARCH 2010\Lytle Creek 2008 T Herzog\Task 027 Lytle Creek"
"000000009598E9A20E04F041B38518182890A2D50100A3DF33FCC9BD1644BD14FCA330AA97850000175B5BF60000"	"\Divisions\ENV\Environmental Anaheim\122512 RRG MESA SOLAR CEQA CONSULTANT\EIR/EA\CEQA\NOP"
"000000009598E9A20E04F041B38518182890A2D50100A3DF33FCC9BD1644BD14FCA330AA9785000016D7843D0000"	"\Divisions\ENV\Environmental Anaheim\124278 RRG BLYTHE II SOLAR PROJ EIR RRG BLYTHE II SOLAR PROJ EIR\Cumulative"
"000000009598E9A20E04F041B38518182890A2D501001953B16A689BCD4AA8FC82955DB27CB1000001E567E10000"	"\Divisions\ENV\Environmental Anaheim\125024 TA26 BRRTP FEIS/EIR TASKS"
"000000009598E9A20E04F041B38518182890A2D50100A3DF33FCC9BD1644BD14FCA330AA978500000E99E71F0000"	"\Divisions\ENV\Environmental Anaheim\125689 TA10 OWENS VALLEY DRAFT EIR"
"000000009598E9A20E04F041B38518182890A2D50100A3DF33FCC9BD1644BD14FCA330AA97850000177A615A0000"	"\Divisions\ENV\Environmental Anaheim\127925 - TA21 SOVSR CLTRL RES SRVY"
"000000009598E9A20E04F041B38518182890A2D50100A3DF33FCC9BD1644BD14FCA330AA978500001C65B6700000"	"\Divisions\ENV\Environmental Anaheim\130609 TA32 BRRTP CLTRL PRECON SPPT"
"000000009598E9A20E04F041B38518182890A2D50100A3DF33FCC9BD1644BD14FCA330AA978500001F0362D40000"	"\Divisions\ENV\Environmental Anaheim\131359 TA37 BRRTP JURIS DEL/404 PERM \TA 37 404 Permit"
"000000009598E9A20E04F041B38518182890A2D50100A3DF33FCC9BD1644BD14FCA330AA978500001F038E340000"	"\Divisions\ENV\Environmental Anaheim\132186 TA42 SOVSR - FINAL EIR\TA 42 SOVR"
"000000009598E9A20E04F041B38518182890A2D50100A3DF33FCC9BD1644BD14FCA330AA978500001F040B780000"	"\Divisions\ENV\Environmental Anaheim\134907 TA47 OWENS LAKE - DUST MITI\TA 47"
"000000009598E9A20E04F041B38518182890A2D50100A3DF33FCC9BD1644BD14FCA330AA9785000021799BE00000"	"\Divisions\ENV\Environmental Anaheim\137286 TA08 SGRSRP MARINE FACILITY"
"000000009598E9A20E04F041B38518182890A2D50100A3DF33FCC9BD1644BD14FCA330AA978500002BE52DDE0000"	"\Divisions\ENV\Environmental Anaheim\141038 ORMAT ARCH/PALEO/BIO SRVYS"
"000000009598E9A20E04F041B38518182890A2D50100572FF007A7D6B64CA96E5CFE8E1CC1A400000016479A0000"	"\Divisions\ENV\Environmental Anaheim\BRRTP@powereng.com Email ONLY\Comments"
"000000009598E9A20E04F041B38518182890A2D501001953B16A689BCD4AA8FC82955DB27CB1000001B671670000"	"\Divisions\ENV\Environmental Austin\123869_TNMPC_Westminster"
"000000009598E9A20E04F041B38518182890A2D50100A3DF33FCC9BD1644BD14FCA330AA978500001A049A320000"	"\Divisions\ENV\Environmental Austin\129141 China to Amelia"
"000000009598E9A20E04F041B38518182890A2D5010012225CC57BF01F4EA8CCA87A792FF35F0004C198B3210000"	"\Divisions\ENV\Environmental Austin\Austin Fleet Trucks 611, 652, and 377"
"000000009598E9A20E04F041B38518182890A2D501001953B16A689BCD4AA8FC82955DB27CB1000001D2295A0000"	"\Divisions\ENV\Environmental Boise\114809 VANTAGE POMONA HTS SITING\DRAFT EIS"
"000000009598E9A20E04F041B38518182890A2D50100A3DF33FCC9BD1644BD14FCA330AA978500002777A1290000"	"\Divisions\ENV\Environmental Boise\114809 VANTAGE POMONA HTS SITING\Meetings\Nov 30 2015 Field Trip"
"000000009598E9A20E04F041B38518182890A2D501001953B16A689BCD4AA8FC82955DB27CB1000000F73FAF0000"	"\Divisions\ENV\Environmental Boise\114809 VANTAGE POMONA HTS SITING\Sarah_emails\Vantage Pomona\Cultural"
"000000009598E9A20E04F041B38518182890A2D501001953B16A689BCD4AA8FC82955DB27CB1000000F73FBB0000"	"\Divisions\ENV\Environmental Boise\114809 VANTAGE POMONA HTS SITING\Sarah_emails\Vantage Pomona\Water"
"000000009598E9A20E04F041B38518182890A2D501001953B16A689BCD4AA8FC82955DB27CB1000000F5AB910000"	"\Divisions\ENV\Environmental Boise\115841 TransWestEnergy\Sarah_emails\TransWest"
"000000009598E9A20E04F041B38518182890A2D501001953B16A689BCD4AA8FC82955DB27CB1000000F5AB9F0000"	"\Divisions\ENV\Environmental Boise\115841 TransWestEnergy\Sarah_emails\TransWest\Memos & Scheduling"
"000000009598E9A20E04F041B38518182890A2D50100A3DF33FCC9BD1644BD14FCA330AA97850000163C641C0000"	"\Divisions\ENV\Environmental Boise\124464 RTRP 69KV ENVRMNTL & DSGN"
"000000009598E9A20E04F041B38518182890A2D50100A3DF33FCC9BD1644BD14FCA330AA9785000027A4D7970000"	"\Divisions\ENV\Environmental Boise\137912 PREC-POLE ENCRCHMNT L-78"
"000000009598E9A20E04F041B38518182890A2D5010012225CC57BF01F4EA8CCA87A792FF35F00001ACFFDBF0000"	"\Divisions\ENV\Environmental Boise\143747 DUCK LAKE FENCING DELINEATION"
"000000009598E9A20E04F041B38518182890A2D501006C95E27D1ACA634AA1AADC20796388DD0000006B27760000"	"\Divisions\ENV\Environmental Boise\Biology_Dept\101973 Biology\BBainbridge"
"000000009598E9A20E04F041B38518182890A2D50100A3DF33FCC9BD1644BD14FCA330AA9785000021A200170000"	"\Divisions\ENV\Environmental Boise\Biology_Dept\101973 Biology\LeaDavenport"
"000000009598E9A20E04F041B38518182890A2D501006C95E27D1ACA634AA1AADC20796388DD0000007A4F380000"	"\Divisions\ENV\Environmental Boise\Biology_Dept\101973 Biology\Saadia"
"000000009598E9A20E04F041B38518182890A2D501006C95E27D1ACA634AA1AADC20796388DD000000F12B5E0000"	"\Divisions\ENV\Environmental Boise\Biology_Dept\Ken_Bradley"
"000000009598E9A20E04F041B38518182890A2D501006C95E27D1ACA634AA1AADC20796388DD0000007688270000"	"\Divisions\ENV\Environmental Boise\GSA Contracts\Element Power"
"000000009598E9A20E04F041B38518182890A2D50100A3DF33FCC9BD1644BD14FCA330AA978500001A371ACC0000"	"\Divisions\ENV\Environmental Boise\Laptop upgrade\Brent Waller"
"000000009598E9A20E04F041B38518182890A2D501006C95E27D1ACA634AA1AADC20796388DD00000060DF540000"	"\Divisions\ENV\Environmental Boise\Timoteo"
"000000009598E9A20E04F041B38518182890A2D50100A3DF33FCC9BD1644BD14FCA330AA978500001BD5D13B0000"	"\Divisions\ENV\Environmental Cincinnati\130783 DAYTON POWER & LIGHT - OPSB APPL ANALYSES-W MILTON"
"000000009598E9A20E04F041B38518182890A2D50100A3DF33FCC9BD1644BD14FCA330AA978500001BD660990000"	"\Divisions\ENV\Environmental Cincinnati\130823 TRC - ENBRIDGE BIO SURVEYS, IL-IN"
"000000009598E9A20E04F041B38518182890A2D50100A3DF33FCC9BD1644BD14FCA330AA978500001BCE31B90000"	"\Divisions\ENV\Environmental Cincinnati\130852 ALCOA INC - STORMWATER MGMT AREA INV"
"000000009598E9A20E04F041B38518182890A2D50100A3DF33FCC9BD1644BD14FCA330AA978500001BCF2CCD0000"	"\Divisions\ENV\Environmental Cincinnati\130910  MILLER VALENTINE GROUP INC - 3RD PARTY H&S OVRSGHT-BATAVIA"
"000000009598E9A20E04F041B38518182890A2D50100A3DF33FCC9BD1644BD14FCA330AA978500001BD26AC50000"	"\Divisions\ENV\Environmental Cincinnati\130991 SANOFI - SLLI AWP - PHASE 400"
"000000009598E9A20E04F041B38518182890A2D50100A3DF33FCC9BD1644BD14FCA330AA978500001BCF539F0000"	"\Divisions\ENV\Environmental Cincinnati\131094 SANOFI - SLLI 2012 ARRO LAKE DAM EVAL"
"000000009598E9A20E04F041B38518182890A2D50100A3DF33FCC9BD1644BD14FCA330AA978500001BD5D1BE0000"	"\Divisions\ENV\Environmental Cincinnati\131129 CESO INC - CESO MAHONING 2 PIPELINE"
"000000009598E9A20E04F041B38518182890A2D50100A3DF33FCC9BD1644BD14FCA330AA978500001BCDCBA20000"	"\Divisions\ENV\Environmental Cincinnati\131247 METROPOLITAN SEWER DISTRICT - I-71 MLK INTRCHNG ANALYSIS"
"000000009598E9A20E04F041B38518182890A2D50100A3DF33FCC9BD1644BD14FCA330AA978500001BD2720E0000"	"\Divisions\ENV\Environmental Cincinnati\131267 TENNESSEE VALLEY AUTHORITY - MIST NET SURVEYS - TN"
"000000009598E9A20E04F041B38518182890A2D50100A3DF33FCC9BD1644BD14FCA330AA978500001ACD49F30000"	"\Divisions\ENV\Environmental Cincinnati\131508 ALCOA - LOCATION 7 & 8 CONCEPTUAL GRADING PLANS"
"000000009598E9A20E04F041B38518182890A2D50100A3DF33FCC9BD1644BD14FCA330AA978500001BCF2F0F0000"	"\Divisions\ENV\Environmental Cincinnati\131720 WHITEMAN OSTERMAN & HANNA LLP - TIER 1 SOURCE - HOPKINS ST. CI"
"000000009598E9A20E04F041B38518182890A2D50100A3DF33FCC9BD1644BD14FCA330AA978500001BCDCC290000"	"\Divisions\ENV\Environmental Cincinnati\131920 DAYTON POWER & LIGHT - SOLAR RENEW ENERGY CREDITS"
"000000009598E9A20E04F041B38518182890A2D50100A3DF33FCC9BD1644BD14FCA330AA978500001BCF32F70000"	"\Divisions\ENV\Environmental Cincinnati\132285 PMC SPECIALTIES GROUP INC - 2013 WW BOD STUDY"
"000000009598E9A20E04F041B38518182890A2D50100A3DF33FCC9BD1644BD14FCA330AA978500001BCD57360000"	"\Divisions\ENV\Environmental Cincinnati\132636 UNITED DAIRY FARMERS - TIER 1 DELINEATION UDF 100"
"000000009598E9A20E04F041B38518182890A2D50100A3DF33FCC9BD1644BD14FCA330AA978500001C12D7660000"	"\Divisions\ENV\Environmental Cincinnati\132876 ROBERT F SMART & CAROL O SMART REVOCABLE TRUST AGREEMENT - WETLAND DELINEATION - WAUKESHA"
"000000009598E9A20E04F041B38518182890A2D50100A3DF33FCC9BD1644BD14FCA330AA978500001C9D5CE30000"	"\Divisions\ENV\Environmental Cincinnati\133158 UNITED DAIRY FARMERS-SUSP RELEASE UDF 631"
"000000009598E9A20E04F041B38518182890A2D50100A3DF33FCC9BD1644BD14FCA330AA978500001D2FFDCF0000"	"\Divisions\ENV\Environmental Cincinnati\133508 ALCOA INC-WATER SAMPLING & COLLECTION"
"000000009598E9A20E04F041B38518182890A2D50100A3DF33FCC9BD1644BD14FCA330AA978500001D773A4C0000"	"\Divisions\ENV\Environmental Cincinnati\133665 ALCOA INC-2014 SKIMMER SYSTEMS O&M"
"000000009598E9A20E04F041B38518182890A2D50100A3DF33FCC9BD1644BD14FCA330AA978500001D821D100000"	"\Divisions\ENV\Environmental Cincinnati\133854 MARATHON PETROLEUM COMPANY LP-MPL 2014 DCM SITES"
"000000009598E9A20E04F041B38518182890A2D50100A3DF33FCC9BD1644BD14FCA330AA978500001DD0B20A0000"	"\Divisions\ENV\Environmental Cincinnati\134312 ALCOA INC-WETLAND CONSTRUCTION OVERSIGHT"
"000000009598E9A20E04F041B38518182890A2D50100A3DF33FCC9BD1644BD14FCA330AA978500001DE195C10000"	"\Divisions\ENV\Environmental Cincinnati\134717 GENERAL ELECTRIC COMPANY-NOISE SURVEY-GE CINTI TOOL CTR"
"000000009598E9A20E04F041B38518182890A2D50100A3DF33FCC9BD1644BD14FCA330AA978500001E2D01DE0000"	"\Divisions\ENV\Environmental Cincinnati\134966 RYBOLT HILLS INC.-UST CLOSURE SUPPORT"
"000000009598E9A20E04F041B38518182890A2D50100A3DF33FCC9BD1644BD14FCA330AA978500001EAE54E10000"	"\Divisions\ENV\Environmental Cincinnati\135306 ALCOA INC-SENTINEL SYS MAINT"
"000000009598E9A20E04F041B38518182890A2D50100A3DF33FCC9BD1644BD14FCA330AA978500001EFA53560000"	"\Divisions\ENV\Environmental Cincinnati\135648 ALCOA INC-SWMU 30 OVERSIGHT"
"000000009598E9A20E04F041B38518182890A2D50100A3DF33FCC9BD1644BD14FCA330AA978500001F7066590000"	"\Divisions\ENV\Environmental Cincinnati\135982 MARATHON PETROLEUM COMPANY LP-ROBINSON CAVERN SWPP"
"000000009598E9A20E04F041B38518182890A2D50100A3DF33FCC9BD1644BD14FCA330AA978500001F9C18C30000"	"\Divisions\ENV\Environmental Cincinnati\136117 FLOWSERVE CORPORATION-DUE DILIGENCE-NEPTUNE PROJECT"
"000000009598E9A20E04F041B38518182890A2D50100A3DF33FCC9BD1644BD14FCA330AA97850000201A50B30000"	"\Divisions\ENV\Environmental Cincinnati\136394 UNITED DAIRY FARMERS-BULK STORAGE FAC SPCC"
"000000009598E9A20E04F041B38518182890A2D50100F3BCE3A574023B4482F2E427B5A3121800004D9308A90000"	"\Divisions\ENV\Environmental Cincinnati\136889 MILACRON INC-2015 MSD O&M - CIMCOOL"
"000000009598E9A20E04F041B38518182890A2D50100A3DF33FCC9BD1644BD14FCA330AA9785000021AE279F0000"	"\Divisions\ENV\Environmental Cincinnati\137464 ALCOA INC-LAKE CHARLES DREDGING"
"000000009598E9A20E04F041B38518182890A2D50100A3DF33FCC9BD1644BD14FCA330AA9785000021DA17A30000"	"\Divisions\ENV\Environmental Cincinnati\137679 GIVAUDAN FLAVORS CORP-2015 IH EXPOSURE-CARTHAGE"
"000000009598E9A20E04F041B38518182890A2D50100A3DF33FCC9BD1644BD14FCA330AA9785000022638C330000"	"\Divisions\ENV\Environmental Cincinnati\138092 UNITED DAIRY FARMERS-UDF 215 ENGLEWOOD-OBS WELL SAM"
"000000009598E9A20E04F041B38518182890A2D50100A3DF33FCC9BD1644BD14FCA330AA9785000022A954110000"	"\Divisions\ENV\Environmental Cincinnati\138484 UNITED DAIRY FARMERS-UDF 102 GOSHEN PIPE CLOSURE"
"000000009598E9A20E04F041B38518182890A2D50100A3DF33FCC9BD1644BD14FCA330AA978500002355D11E0000"	"\Divisions\ENV\Environmental Cincinnati\138808 UNISEA-UNISEA EFFLUENT IMPROVEMENTS"
"000000009598E9A20E04F041B38518182890A2D50100A3DF33FCC9BD1644BD14FCA330AA9785000023E9C0CB0000"	"\Divisions\ENV\Environmental Cincinnati\139147 YSI INCORPORATED-SEAL MONITOR WELLS"
"000000009598E9A20E04F041B38518182890A2D50100A3DF33FCC9BD1644BD14FCA330AA978500002535302A0000"	"\Divisions\ENV\Environmental Cincinnati\139606 MILACRON - REG REVIEW PCB WIRING"
"000000009598E9A20E04F041B38518182890A2D50100A3DF33FCC9BD1644BD14FCA330AA978500001BDA49030000"	"\Divisions\ENV\Environmental Cincinnati\NRM Training-bbauer"
"000000009598E9A20E04F041B38518182890A2D50100A3DF33FCC9BD1644BD14FCA330AA978500002BF83CBF0000"	"\Divisions\ENV\Environmental Denver\141794 ARRIBA-RUSH CRK-MISSILE SITE\Public Meetings"
"000000009598E9A20E04F041B38518182890A2D50100A3DF33FCC9BD1644BD14FCA330AA97850000170CDD230000"	"\Divisions\ENV\Environmental Freeport\126719 WORTHEN IND-COMPL & AIR PERMIT"
"000000009598E9A20E04F041B38518182890A2D50100A3DF33FCC9BD1644BD14FCA330AA978500001EDE5FE30000"	"\Divisions\ENV\Environmental Freeport\135172_UNH-TITLE_V-FY15"
"000000009598E9A20E04F041B38518182890A2D5010012225CC57BF01F4EA8CCA87A792FF35F0001217308DA0000"	"\Divisions\ENV\Environmental Freeport\148841 THC-STUART FL-ENVIRO"
"000000009598E9A20E04F041B38518182890A2D50100A3DF33FCC9BD1644BD14FCA330AA97850000170CDC6B0000"	"\Divisions\ENV\Environmental Freeport\CLOSED PROJECTS\126681 UNIV OF MAINE-FY 201 AIR EMSN RPT"
"000000009598E9A20E04F041B38518182890A2D50100A3DF33FCC9BD1644BD14FCA330AA978500001F218FDF0000"	"\Divisions\ENV\Environmental Freeport\CLOSED PROJECTS\131834 NMMC GENERATOR AIR LICENSING"
"000000009598E9A20E04F041B38518182890A2D50100A3DF33FCC9BD1644BD14FCA330AA97850000204E50A60000"	"\Divisions\ENV\Environmental Freeport\CLOSED PROJECTS\133759 KSC-UST/AST PROJECT"
"000000009598E9A20E04F041B38518182890A2D50100A3DF33FCC9BD1644BD14FCA330AA97850000284CFAF90000"	"\Divisions\ENV\Environmental Freeport\CLOSED PROJECTS\137090_EMMC_AIR_LIC_AMENDMENT"
"000000009598E9A20E04F041B38518182890A2D50100A3DF33FCC9BD1644BD14FCA330AA9785000023B442690000"	"\Divisions\ENV\Environmental Freeport\CLOSED PROJECTS\139069 NEWP-JAFFREY SWPPP & NOI"
"000000009598E9A20E04F041B38518182890A2D5010012225CC57BF01F4EA8CCA87A792FF35F000084D9B9ED0000"	"\Divisions\ENV\Environmental Freeport\CLOSED PROJECTS\140856 FNST-NORTHFIELD TIER 2 CY15"
"000000009598E9A20E04F041B38518182890A2D5010012225CC57BF01F4EA8CCA87A792FF35F0000BA2FA31A0000"	"\Divisions\ENV\Environmental Freeport\CLOSED PROJECTS\143422 FNST MANCHESTER AUDIT 2016"
"000000009598E9A20E04F041B38518182890A2D5010012225CC57BF01F4EA8CCA87A792FF35F00008C3235D20000"	"\Divisions\ENV\Environmental Freeport\CLOSED PROJECTS\145505 PRH-AIR PERMIT APPLICATION"
"000000009598E9A20E04F041B38518182890A2D5010012225CC57BF01F4EA8CCA87A792FF35F0000FFBD37F80000"	"\Divisions\ENV\Environmental Freeport\CLOSED PROJECTS\148010_FNST_NORTHFIELD_AUDIT_2017"
"000000009598E9A20E04F041B38518182890A2D5010012225CC57BF01F4EA8CCA87A792FF35F0001681505C80000"	"\Divisions\ENV\Environmental Freeport\CLOSED PROJECTS\150468 UNH-ENV-A 1400 UPDATE 2018"
"000000009598E9A20E04F041B38518182890A2D5010012225CC57BF01F4EA8CCA87A792FF35F0001B748E7530000"	"\Divisions\ENV\Environmental Freeport\CLOSED PROJECTS\152888 WALDO COUNTY-AIR LICENSING"
"000000009598E9A20E04F041B38518182890A2D501001296C725372D7F4B86B758A22EA3141B0000007F1CE80000"	"\Divisions\ENV\Environmental Hailey\106945 PRAIRIE STATE INTERCONNECT\BA"
"000000009598E9A20E04F041B38518182890A2D50100572FF007A7D6B64CA96E5CFE8E1CC1A40000004813220000"	"\Divisions\ENV\Environmental Hailey\115549 - Stockton\AFC"
"000000009598E9A20E04F041B38518182890A2D50100A3DF33FCC9BD1644BD14FCA330AA97850000165C9FB10000"	"\Divisions\ENV\Environmental Hailey\115841 - TWE\PDTR-EIS Comparison"
"000000009598E9A20E04F041B38518182890A2D50100A3DF33FCC9BD1644BD14FCA330AA978500001F0DF5F80000"	"\Divisions\ENV\Environmental Hailey\118092 - Jackrabbit\115549 - Stockton"
"000000009598E9A20E04F041B38518182890A2D50100572FF007A7D6B64CA96E5CFE8E1CC1A40000005957790000"	"\Divisions\ENV\Environmental Hailey\119825 - El Centro Unit 3\COE\Approved by CEC"
"000000009598E9A20E04F041B38518182890A2D50100A3DF33FCC9BD1644BD14FCA330AA978500001B59BADA0000"	"\Divisions\ENV\Environmental Hailey\124186_EGS\Coffey and Wilding"
"000000009598E9A20E04F041B38518182890A2D501001953B16A689BCD4AA8FC82955DB27CB1000001B75C630000"	"\Divisions\ENV\Environmental Hailey\124186_EGS\Kat or Josh\DXF Requests"
"000000009598E9A20E04F041B38518182890A2D50100A3DF33FCC9BD1644BD14FCA330AA978500001757B1600000"	"\Divisions\ENV\Environmental Hailey\124186_EGS\MeetingNotes/mins\Document Tracker"
"000000009598E9A20E04F041B38518182890A2D50100A3DF33FCC9BD1644BD14FCA330AA9785000019B82B1B0000"	"\Divisions\ENV\Environmental Hailey\124186_EGS\PPM\Reports/Data Entry Design/Dashboards"
"000000009598E9A20E04F041B38518182890A2D50100A3DF33FCC9BD1644BD14FCA330AA9785000019AB5F7B0000"	"\Divisions\ENV\Environmental Hailey\124186_EGS\Raptor Habitat Data"
"000000009598E9A20E04F041B38518182890A2D50100A3DF33FCC9BD1644BD14FCA330AA9785000016FEA7D60000"	"\Divisions\ENV\Environmental Hailey\126564 - Bagby-Reed"
"000000009598E9A20E04F041B38518182890A2D50100A3DF33FCC9BD1644BD14FCA330AA978500001F0D5EB50000"	"\Divisions\ENV\Environmental Hailey\128143 - R-Project (NPPD)\360 Notifications"
"000000009598E9A20E04F041B38518182890A2D50100A3DF33FCC9BD1644BD14FCA330AA978500001BCC40B20000"	"\Divisions\ENV\Environmental Hailey\128143 - R-Project (NPPD)\Subcontracts"
"000000009598E9A20E04F041B38518182890A2D50100A3DF33FCC9BD1644BD14FCA330AA978500001C69410E0000"	"\Divisions\ENV\Environmental Hailey\133038 - LUPA/DEIS REVIEW"
"000000009598E9A20E04F041B38518182890A2D50100E34BFE500669CD49AC2E27C6C54DE39D0000001E366D0000"	"\Divisions\ENV\Environmental Houston\00_PROPOSALS\Lone_Star_CREZ"
"000000009598E9A20E04F041B38518182890A2D501001953B16A689BCD4AA8FC82955DB27CB1000000FD39980000"	"\Divisions\ENV\Environmental Houston\123869_TNMPC_Princeton_Loop_TL"
"000000009598E9A20E04F041B38518182890A2D50100A3DF33FCC9BD1644BD14FCA330AA978500001BD1E1060000"	"\Divisions\ENV\Environmental Knoxville\130889 MARATHON PETROLEUM COMPANY LP - 2013 OWC 2-KY-CONSULTING SRVC"
"000000009598E9A20E04F041B38518182890A2D50100A3DF33FCC9BD1644BD14FCA330AA97850000296F116A0000"	"\Divisions\ENV\Environmental Knoxville\141486 MARATHON PETROLEUM CORPORATION-2016 HARPSTER-LIMA PIPELINE"
"000000009598E9A20E04F041B38518182890A2D50100CB7D9B6512D7374A860FE542D577039200000110A6A40000"	"\Divisions\ENV\Environmental Phoenix\122653 Qwest_8th St & 7th Ave Arch"
"000000009598E9A20E04F041B38518182890A2D501001953B16A689BCD4AA8FC82955DB27CB10000011793ED0000"	"\Divisions\ENV\Environmental Phoenix\123991 Duke DATC Due Diligence"
"000000009598E9A20E04F041B38518182890A2D50100A3DF33FCC9BD1644BD14FCA330AA978500001887D0050000"	"\Divisions\ENV\Environmental Phoenix\127458  TEP_970 W RLLR Cstr Rd Pl Rplcmnt"
"000000009598E9A20E04F041B38518182890A2D50100A3DF33FCC9BD1644BD14FCA330AA9785000019A187C60000"	"\Divisions\ENV\Environmental Phoenix\129988 CL_E.403753 E SKYLINE DR ARCH"
"000000009598E9A20E04F041B38518182890A2D50100A3DF33FCC9BD1644BD14FCA330AA978500001BF300180000"	"\Divisions\ENV\Environmental Phoenix\132795_TEP_Ft Huachuca 46kV Pole"
"000000009598E9A20E04F041B38518182890A2D501006C95E27D1ACA634AA1AADC20796388DD0000009DF6860000"	"\Divisions\ENV\GIS-AMS\TGIS Groups\Oncor Master List"
"000000009598E9A20E04F041B38518182890A2D501006C95E27D1ACA634AA1AADC20796388DD000000BB76530000"	"\Divisions\ENV\Public Outreach and Communication\113513 FrayThompson-SubSims"
"000000009598E9A20E04F041B38518182890A2D501006C95E27D1ACA634AA1AADC20796388DD000000B7BB620000"	"\Divisions\ENV\Public Outreach and Communication\117609 Bignham Substation"
"000000009598E9A20E04F041B38518182890A2D501006C95E27D1ACA634AA1AADC20796388DD000000AB68100000"	"\Divisions\ENV\Public Outreach and Communication\120091 Jackrabbit "
"000000009598E9A20E04F041B38518182890A2D501006C95E27D1ACA634AA1AADC20796388DD000000E4D5490000"	"\Divisions\ENV\Public Outreach and Communication\121963 PEPCO-IndianRivertoBishop"
"000000009598E9A20E04F041B38518182890A2D501001953B16A689BCD4AA8FC82955DB27CB1000000CE97AB0000"	"\Divisions\ENV\Public Outreach and Communication\123666 Tchmrk Meadow Lake Memory Care"
"000000009598E9A20E04F041B38518182890A2D50100A3DF33FCC9BD1644BD14FCA330AA97850000158F93B20000"	"\Divisions\ENV\Public Outreach and Communication\124905 SOTLP"
"000000009598E9A20E04F041B38518182890A2D50100A3DF33FCC9BD1644BD14FCA330AA978500001703F9900000"	"\Divisions\ENV\Public Outreach and Communication\126576 ATC_Milwaukee Cty"
"000000009598E9A20E04F041B38518182890A2D50100A3DF33FCC9BD1644BD14FCA330AA9785000018DD1E470000"	"\Divisions\ENV\Public Outreach and Communication\127601 CenturyLink - Orange Grove"
"000000009598E9A20E04F041B38518182890A2D50100A3DF33FCC9BD1644BD14FCA330AA9785000021CD502D0000"	"\Divisions\ENV\Public Outreach and Communication\128704 Falling Brach-Merrimac Church"
"000000009598E9A20E04F041B38518182890A2D50100A3DF33FCC9BD1644BD14FCA330AA978500001A38FFE60000"	"\Divisions\ENV\Public Outreach and Communication\130870 Kalaeloa Solar Analysis"
"000000009598E9A20E04F041B38518182890A2D50100A3DF33FCC9BD1644BD14FCA330AA978500002B9CEE110000"	"\Divisions\ENV\Public Outreach and Communication\132155  PSE_Energize_Eastside\OverviewVideo"
"000000009598E9A20E04F041B38518182890A2D50100A3DF33FCC9BD1644BD14FCA330AA978500001D59E2940000"	"\Divisions\ENV\Public Outreach and Communication\133662 Watertown Bridge Visual"
"000000009598E9A20E04F041B38518182890A2D50100A3DF33FCC9BD1644BD14FCA330AA978500001E4C2FDB0000"	"\Divisions\ENV\Public Outreach and Communication\135021 Pepco Underground Construction"
"000000009598E9A20E04F041B38518182890A2D50100A3DF33FCC9BD1644BD14FCA330AA978500002B993F4D0000"	"\Divisions\ENV\Public Outreach and Communication\136228 Xcel Energy Underground Construction"
"000000009598E9A20E04F041B38518182890A2D50100A3DF33FCC9BD1644BD14FCA330AA97850000225359CE0000"	"\Divisions\ENV\Public Outreach and Communication\138048 PEPCO Moss Mill -Motts Farm Photo"
"000000009598E9A20E04F041B38518182890A2D50100A3DF33FCC9BD1644BD14FCA330AA97850000255B31090000"	"\Divisions\ENV\Public Outreach and Communication\139690 AEP BOLD Simulation"
"000000009598E9A20E04F041B38518182890A2D50100A3DF33FCC9BD1644BD14FCA330AA9785000027AFCCD60000"	"\Divisions\ENV\Public Outreach and Communication\140759 TECO_BigBenToAspen"
"000000009598E9A20E04F041B38518182890A2D50100A3DF33FCC9BD1644BD14FCA330AA978500002ABBF96B0000"	"\Divisions\ENV\Public Outreach and Communication\142070 Crest Substation"
"000000009598E9A20E04F041B38518182890A2D5010012225CC57BF01F4EA8CCA87A792FF35F00001ACFFD9B0000"	"\Divisions\ENV\Public Outreach and Communication\143727 Exelon Hillsboro Sims"
"000000009598E9A20E04F041B38518182890A2D5010012225CC57BF01F4EA8CCA87A792FF35F00007AF1AC900000"	"\Divisions\ENV\Public Outreach and Communication\144781 Eversource Simulations"
"000000009598E9A20E04F041B38518182890A2D5010012225CC57BF01F4EA8CCA87A792FF35F0000BD510F440000"	"\Divisions\ENV\Public Outreach and Communication\146431 Monroe-Pine Hill"
"000000009598E9A20E04F041B38518182890A2D5010012225CC57BF01F4EA8CCA87A792FF35F0001BCABDC7B0000"	"\Divisions\ENV\Public Outreach and Communication\152980 Dominion Fudge Hollow Low Moor"
"000000009598E9A20E04F041B38518182890A2D50100A3DF33FCC9BD1644BD14FCA330AA978500001A3F93A10000"	"\Divisions\ENV\Public Outreach and Communication\East Kapolei Solar"
"000000009598E9A20E04F041B38518182890A2D50100F3BCE3A574023B4482F2E427B5A3121800004D8BDA3C0000"	"\Divisions\ENV\Public Outreach and Communication\NPPD Photo Sims"
"000000009598E9A20E04F041B38518182890A2D50100A3DF33FCC9BD1644BD14FCA330AA97850000262347730000"	"\Divisions\Facilities "
"000000009598E9A20E04F041B38518182890A2D50100A3DF33FCC9BD1644BD14FCA330AA978500001773CA280000"	"\Divisions\Federal\SEPSHELMAND"
"000000009598E9A20E04F041B38518182890A2D50100A3DF33FCC9BD1644BD14FCA330AA978500001D9BB89B0000"	"\Divisions\Industrial\132557 - HEINZ - TIGER - ONSITE SUPPORT"
"000000009598E9A20E04F041B38518182890A2D5010012225CC57BF01F4EA8CCA87A792FF35F00073D4CD1190000"	"\Divisions\Industrial\Facilities Process Group\Dept 133"
"000000009598E9A20E04F041B38518182890A2D501001296C725372D7F4B86B758A22EA3141B000000550BAE0000"	"\Divisions\Industrial\Generation"
"000000009598E9A20E04F041B38518182890A2D501006C95E27D1ACA634AA1AADC20796388DD0000008564BC0000"	"\Divisions\Industrial\ICE"
"000000009598E9A20E04F041B38518182890A2D501006C95E27D1ACA634AA1AADC20796388DD000000AF5BCB0000"	"\Divisions\Operations\Administration\BanBury Golf Passes"
"000000009598E9A20E04F041B38518182890A2D501001296C725372D7F4B86B758A22EA3141B0000003B4D770000"	"\Divisions\Operations\Finance\Taxes"
"000000009598E9A20E04F041B38518182890A2D50100572FF007A7D6B64CA96E5CFE8E1CC1A400000017FCAB0000"	"\Divisions\Operations\Finance\Taxes\AZ\Closed\110927-112375-closed"
"000000009598E9A20E04F041B38518182890A2D50100572FF007A7D6B64CA96E5CFE8E1CC1A4000000468CDA0000"	"\Divisions\Operations\Finance\Taxes\AZ\Qwest"
"000000009598E9A20E04F041B38518182890A2D50100572FF007A7D6B64CA96E5CFE8E1CC1A4000000180C7C0000"	"\Divisions\Operations\Finance\Taxes\CA\LOS ANGELES"
"000000009598E9A20E04F041B38518182890A2D50100572FF007A7D6B64CA96E5CFE8E1CC1A400000014C0960000"	"\Divisions\Operations\Finance\Taxes\CANADA\Hain"
"000000009598E9A20E04F041B38518182890A2D501001296C725372D7F4B86B758A22EA3141B00000044D0230000"	"\Divisions\Operations\Finance\Taxes\CO"
"000000009598E9A20E04F041B38518182890A2D501001296C725372D7F4B86B758A22EA3141B00000042D8000000"	"\Divisions\Operations\Finance\Taxes\GA"
"000000009598E9A20E04F041B38518182890A2D50100572FF007A7D6B64CA96E5CFE8E1CC1A400000049F2E00000"	"\Divisions\Operations\Finance\Taxes\ID\Raytheon"
"000000009598E9A20E04F041B38518182890A2D50100572FF007A7D6B64CA96E5CFE8E1CC1A40000001A6DC80000"	"\Divisions\Operations\Finance\Taxes\ND"
"000000009598E9A20E04F041B38518182890A2D501001296C725372D7F4B86B758A22EA3141B0000007661550000"	"\Divisions\Operations\Finance\Taxes\NM\High Lonesome"
"000000009598E9A20E04F041B38518182890A2D501001296C725372D7F4B86B758A22EA3141B00000040E76B0000"	"\Divisions\Operations\Finance\Taxes\OK"
"000000009598E9A20E04F041B38518182890A2D50100CB7D9B6512D7374A860FE542D5770392000001184FCF0000"	"\Divisions\Operations\Finance\Taxes\TAX ALERT - PROJECTS\AK"
"000000009598E9A20E04F041B38518182890A2D501001296C725372D7F4B86B758A22EA3141B000000833DF50000"	"\Divisions\Operations\Finance\Taxes\TN"
"000000009598E9A20E04F041B38518182890A2D501001296C725372D7F4B86B758A22EA3141B00000069BE7B0000"	"\Divisions\Operations\Finance\Taxes\WA\OLD"
"000000009598E9A20E04F041B38518182890A2D50100A3DF33FCC9BD1644BD14FCA330AA97850000215A3BAE0000"	"\Divisions\Operations\Governance\Corporate Administration"
"000000009598E9A20E04F041B38518182890A2D501006C95E27D1ACA634AA1AADC20796388DD0000005101F70000"	"\Divisions\Operations\Information Technology\Boise Office\Help Desk"
"000000009598E9A20E04F041B38518182890A2D50100A3DF33FCC9BD1644BD14FCA330AA978500000E77B1920000"	"\Divisions\Operations\Information Technology\Laptop Loaners"
"000000009598E9A20E04F041B38518182890A2D50100572FF007A7D6B64CA96E5CFE8E1CC1A40000001A6DAF0000"	"\Divisions\Operations\Information Technology\Training Computers Schedule"
"000000009598E9A20E04F041B38518182890A2D50100A3DF33FCC9BD1644BD14FCA330AA9785000016F5F86D0000"	"\Divisions\Operations\Office Build-Out Projects Folder\Projects\2012BOI_RECEPTION\Quotes"
"000000009598E9A20E04F041B38518182890A2D50100A3DF33FCC9BD1644BD14FCA330AA9785000016F5F7B80000"	"\Divisions\Operations\Office Build-Out Projects Folder\Projects\2012PTL01EXP\Drawings"
"000000009598E9A20E04F041B38518182890A2D50100A3DF33FCC9BD1644BD14FCA330AA9785000016F5F8810000"	"\Divisions\Operations\Office Build-Out Projects Folder\Projects\2012SAN01EXP\Quotes"
"000000009598E9A20E04F041B38518182890A2D50100A3DF33FCC9BD1644BD14FCA330AA9785000021CE98BC0000"	"\Divisions\Operations\Safety \Safety Calendar"
"000000009598E9A20E04F041B38518182890A2D5010012225CC57BF01F4EA8CCA87A792FF35F0002B936A5470000"	"\Divisions\PD\Boston\Boston Fleet Vehicles"
"000000009598E9A20E04F041B38518182890A2D5010012225CC57BF01F4EA8CCA87A792FF35F0001FB034B970000"	"\Divisions\PD\Distribution Services\Dept. 329"
"000000009598E9A20E04F041B38518182890A2D50100A3DF33FCC9BD1644BD14FCA330AA978500001933CEA10000"	"\Divisions\PD\Distribution Services\Distribution Design Services"
"000000009598E9A20E04F041B38518182890A2D50100A3DF33FCC9BD1644BD14FCA330AA978500001FA8086D0000"	"\Divisions\PD\Distribution Services\Distribution Design Services\136018 - SREC"
"000000009598E9A20E04F041B38518182890A2D50100A3DF33FCC9BD1644BD14FCA330AA9785000029D62E640000"	"\Divisions\PD\Distribution Services\Distribution Design Services\139033 - CPI"
"000000009598E9A20E04F041B38518182890A2D50100A3DF33FCC9BD1644BD14FCA330AA978500002B7974720000"	"\Divisions\PD\Distribution Services\Distribution Design Services\142332 - PGE Tektronix UG Feeder Design"
"000000009598E9A20E04F041B38518182890A2D5010012225CC57BF01F4EA8CCA87A792FF35F0000328878500000"	"\Divisions\PD\Distribution Services\Distribution Design Services\144041 - MDL: ENLINK MID-CHICK CDP"
"000000009598E9A20E04F041B38518182890A2D5010012225CC57BF01F4EA8CCA87A792FF35F0000957917F10000"	"\Divisions\PD\Distribution Services\Distribution Design Services\145626 - SCE MESA 66kV SYS UPGRADES"
"000000009598E9A20E04F041B38518182890A2D5010012225CC57BF01F4EA8CCA87A792FF35F0000BBEFC05A0000"	"\Divisions\PD\Distribution Services\Distribution Design Services\146438 - SCE ERIC SUBSTATION"
"000000009598E9A20E04F041B38518182890A2D5010012225CC57BF01F4EA8CCA87A792FF35F0000CDE323AA0000"	"\Divisions\PD\Distribution Services\Distribution Design Services\146728 - PGE JACK & BORE OE DESIGNS"
"000000009598E9A20E04F041B38518182890A2D5010012225CC57BF01F4EA8CCA87A792FF35F0000FC6D03DD0000"	"\Divisions\PD\Distribution Services\Distribution Design Services\147641 - MADRD 9862"
"000000009598E9A20E04F041B38518182890A2D5010012225CC57BF01F4EA8CCA87A792FF35F0000FD2CBF080000"	"\Divisions\PD\Distribution Services\Distribution Design Services\147949 - SCE BANDUCCI RELAY SETTINGS"
"000000009598E9A20E04F041B38518182890A2D5010012225CC57BF01F4EA8CCA87A792FF35F00025606AAF60000"	"\Divisions\PD\Distribution Services\Distribution Services - Dept. 257\Dept. 257"
"000000009598E9A20E04F041B38518182890A2D50100E34BFE500669CD49AC2E27C6C54DE39D0000002688050000"	"\Divisions\PD\Distribution Services\Substation Benbrook\117718_ETEC San Jacinto"
"000000009598E9A20E04F041B38518182890A2D50100A3DF33FCC9BD1644BD14FCA330AA97850000212F89200000"	"\Divisions\PD\Distribution Services\Substation Benbrook\117747a\SRM"
"000000009598E9A20E04F041B38518182890A2D50100E34BFE500669CD49AC2E27C6C54DE39D0000002687E40000"	"\Divisions\PD\Distribution Services\Substation Benbrook\117799_TVEC Gen Engr"
"000000009598E9A20E04F041B38518182890A2D50100E34BFE500669CD49AC2E27C6C54DE39D0000002687F90000"	"\Divisions\PD\Distribution Services\Substation Benbrook\117839_Tex-LA Gen Eng"
"000000009598E9A20E04F041B38518182890A2D50100E34BFE500669CD49AC2E27C6C54DE39D0000002687FF0000"	"\Divisions\PD\Distribution Services\Substation Benbrook\117874_ETEC Gen Engr"
"000000009598E9A20E04F041B38518182890A2D50100E34BFE500669CD49AC2E27C6C54DE39D0000002687E70000"	"\Divisions\PD\Distribution Services\Substation Benbrook\117903_Houston Gen Engr"
"000000009598E9A20E04F041B38518182890A2D50100E34BFE500669CD49AC2E27C6C54DE39D0000002688270000"	"\Divisions\PD\Distribution Services\Substation Benbrook\117946_FCEC Gen Engr"
"000000009598E9A20E04F041B38518182890A2D50100E34BFE500669CD49AC2E27C6C54DE39D00000026884B0000"	"\Divisions\PD\Distribution Services\Substation Benbrook\117966_Caney Ck Sub"
"000000009598E9A20E04F041B38518182890A2D50100E34BFE500669CD49AC2E27C6C54DE39D0000002A35180000"	"\Divisions\PD\Distribution Services\Substation Benbrook\119062_P-HEC_Transformer Spec"
"000000009598E9A20E04F041B38518182890A2D50100A3DF33FCC9BD1644BD14FCA330AA978500001715C9B80000"	"\Divisions\PD\Distribution Services\Substation Benbrook\121374_GVEC_Cheapside\GAK"
"000000009598E9A20E04F041B38518182890A2D50100A3DF33FCC9BD1644BD14FCA330AA9785000022518A850000"	"\Divisions\PD\Distribution Services\Substation Benbrook\122858_TVEC_I20 Sub\SRM"
"000000009598E9A20E04F041B38518182890A2D50100A3DF33FCC9BD1644BD14FCA330AA978500001B2A49460000"	"\Divisions\PD\Distribution Services\Substation Benbrook\123562\SRM"
"000000009598E9A20E04F041B38518182890A2D50100A3DF33FCC9BD1644BD14FCA330AA978500000E8A461A0000"	"\Divisions\PD\Distribution Services\Substation Benbrook\125558_TexLa_Integration"
"000000009598E9A20E04F041B38518182890A2D50100A3DF33FCC9BD1644BD14FCA330AA9785000018C11AC60000"	"\Divisions\PD\Distribution Services\Substation Benbrook\128977_BCEC_Chapel"
"000000009598E9A20E04F041B38518182890A2D50100A3DF33FCC9BD1644BD14FCA330AA978500002261FFD00000"	"\Divisions\PD\Distribution Services\Substation Benbrook\130218\SRM"
"000000009598E9A20E04F041B38518182890A2D50100A3DF33FCC9BD1644BD14FCA330AA978500001B4CA8D80000"	"\Divisions\PD\Distribution Services\Substation Benbrook\132096_SHECO_Compl_Test"
"000000009598E9A20E04F041B38518182890A2D50100A3DF33FCC9BD1644BD14FCA330AA978500001D27DD910000"	"\Divisions\PD\Distribution Services\Substation Benbrook\133488_BCEC_Lone Star Bkr"
"000000009598E9A20E04F041B38518182890A2D50100A3DF33FCC9BD1644BD14FCA330AA978500001E2A9DDC0000"	"\Divisions\PD\Distribution Services\Substation Benbrook\134964_BCEC_PTE Testing"
"000000009598E9A20E04F041B38518182890A2D50100A3DF33FCC9BD1644BD14FCA330AA978500002176A6CC0000"	"\Divisions\PD\Distribution Services\Substation Benbrook\137313_RCEC_Church Hill Upgd"
"000000009598E9A20E04F041B38518182890A2D50100A3DF33FCC9BD1644BD14FCA330AA978500002800B6200000"	"\Divisions\PD\Distribution Services\Substation Benbrook\139492"
"000000009598E9A20E04F041B38518182890A2D50100A3DF33FCC9BD1644BD14FCA330AA978500002B69BA610000"	"\Divisions\PD\Distribution Services\Substation Benbrook\141724"
"000000009598E9A20E04F041B38518182890A2D5010012225CC57BF01F4EA8CCA87A792FF35F00005A941E000000"	"\Divisions\PD\Distribution Services\Substation Benbrook\144610_ETEC_Hwy 175 TL"
"000000009598E9A20E04F041B38518182890A2D5010012225CC57BF01F4EA8CCA87A792FF35F0000A3FACC200000"	"\Divisions\PD\Distribution Services\Substation Benbrook\146016_ETEC_Latexo Substation Upgrade"
"000000009598E9A20E04F041B38518182890A2D5010012225CC57BF01F4EA8CCA87A792FF35F00018500D20B0000"	"\Divisions\PD\Distribution Services\Substation Benbrook\151170_SHEC_Long John Relay Upgrade"
"000000009598E9A20E04F041B38518182890A2D50100E34BFE500669CD49AC2E27C6C54DE39D0000004B9B440000"	"\Divisions\PD\Line Ann Arbor\119638"
"000000009598E9A20E04F041B38518182890A2D5010012225CC57BF01F4EA8CCA87A792FF35F0002BD7B693F0000"	"\Divisions\PD\Line Austin\130872 T19 115KV RELOCATION"
"000000009598E9A20E04F041B38518182890A2D5010012225CC57BF01F4EA8CCA87A792FF35F0000C5E55C990000"	"\Divisions\PD\Line Austin\136038 LST Galloping Analysis Supt 2014"
"000000009598E9A20E04F041B38518182890A2D5010012225CC57BF01F4EA8CCA87A792FF35F0000C5E55C9F0000"	"\Divisions\PD\Line Austin\139806 LST SSVT Study"
"000000009598E9A20E04F041B38518182890A2D5010012225CC57BF01F4EA8CCA87A792FF35F0000B7D8B1F30000"	"\Divisions\PD\Line Austin\144686 LCRA Maenius - Blumenthal"
"000000009598E9A20E04F041B38518182890A2D5010012225CC57BF01F4EA8CCA87A792FF35F0002BD7B69890000"	"\Divisions\PD\Line Austin\153593 LCRA T499 JIM BRILEY SS CUT IN"
"000000009598E9A20E04F041B38518182890A2D5010012225CC57BF01F4EA8CCA87A792FF35F0002BD7B696D0000"	"\Divisions\PD\Line Austin\158098 BRAZOS SALT CRK CONSTR INSP"
"000000009598E9A20E04F041B38518182890A2D501006C95E27D1ACA634AA1AADC20796388DD00000014C0F80000"	"\Divisions\PD\Line Boise\110042 MEC Booneville"
"000000009598E9A20E04F041B38518182890A2D501006C95E27D1ACA634AA1AADC20796388DD0000004B45810000"	"\Divisions\PD\Line Boise\114411 Gateway\RFI"
"000000009598E9A20E04F041B38518182890A2D501006C95E27D1ACA634AA1AADC20796388DD0000004A91220000"	"\Divisions\PD\Line Boise\114648 ON Line"
"000000009598E9A20E04F041B38518182890A2D501006C95E27D1ACA634AA1AADC20796388DD0000006041D20000"	"\Divisions\PD\Line Boise\114648 ON Line\Studies"
"000000009598E9A20E04F041B38518182890A2D50100A3DF33FCC9BD1644BD14FCA330AA9785000017D6660A0000"	"\Divisions\PD\Line Boise\115349 Devers Valley\DV-1"
"000000009598E9A20E04F041B38518182890A2D501006C95E27D1ACA634AA1AADC20796388DD000000BB07ED0000"	"\Divisions\PD\Line Boise\117207_SWIP South\Havard"
"000000009598E9A20E04F041B38518182890A2D501006C95E27D1ACA634AA1AADC20796388DD0000007240AF0000"	"\Divisions\PD\Line Boise\117910_Fargo_Alexandria"
"000000009598E9A20E04F041B38518182890A2D50100CB7D9B6512D7374A860FE542D57703920000012167660000"	"\Divisions\PD\Line Boise\117910_Fargo_Alexandria\Alex-Bison Design\Schedules"
"000000009598E9A20E04F041B38518182890A2D501006C95E27D1ACA634AA1AADC20796388DD000000ADA9940000"	"\Divisions\PD\Line Boise\117910_Fargo_Alexandria\Permit Support"
"000000009598E9A20E04F041B38518182890A2D50100CB7D9B6512D7374A860FE542D57703920000010F66830000"	"\Divisions\PD\Line Boise\117910_Fargo_Alexandria\Quarry-Alex Design\Constr"
"000000009598E9A20E04F041B38518182890A2D501006C95E27D1ACA634AA1AADC20796388DD000000DF50FC0000"	"\Divisions\PD\Line Boise\117910_Fargo_Alexandria\TnB\QC"
"000000009598E9A20E04F041B38518182890A2D50100CB7D9B6512D7374A860FE542D577039200000129C5E10000"	"\Divisions\PD\Line Boise\123332 CTF River Crossing\Estimates & WO"
"000000009598E9A20E04F041B38518182890A2D50100CB7D9B6512D7374A860FE542D577039200000129C5DE0000"	"\Divisions\PD\Line Boise\123332 CTF River Crossing\SWPPP"
"000000009598E9A20E04F041B38518182890A2D501001953B16A689BCD4AA8FC82955DB27CB1000001B570460000"	"\Divisions\PD\Line Boise\124464_RTRP\111728 - RTRP\CONST"
"000000009598E9A20E04F041B38518182890A2D501001953B16A689BCD4AA8FC82955DB27CB1000001D642F20000"	"\Divisions\PD\Line Boise\124464_RTRP\RFIs"
"000000009598E9A20E04F041B38518182890A2D50100A3DF33FCC9BD1644BD14FCA330AA978500001B72E9C10000"	"\Divisions\PD\Line Boise\124737 XCEL-GIST2-PSCO-LINE RATING ANY\PHASE 3\RFI\126498 XCEL-N ROCHESTER-MISSISSIPPI"
"000000009598E9A20E04F041B38518182890A2D50100A3DF33FCC9BD1644BD14FCA330AA97850000171CEC480000"	"\Divisions\PD\Line Boise\124737 XCEL-GIST2-PSCO-LINE RATING ANY\Priority_2"
"000000009598E9A20E04F041B38518182890A2D50100A3DF33FCC9BD1644BD14FCA330AA978500001894B3E80000"	"\Divisions\PD\Line Boise\124737 XCEL-GIST2-PSCO-LINE RATING ANY\Priority_3\Meetings"
"000000009598E9A20E04F041B38518182890A2D50100A3DF33FCC9BD1644BD14FCA330AA97850000173D37EF0000"	"\Divisions\PD\Line Boise\126822 XCEL-0844 BLACK DOG-SAVAGE\Construction"
"000000009598E9A20E04F041B38518182890A2D50100A3DF33FCC9BD1644BD14FCA330AA97850000177E9B980000"	"\Divisions\PD\Line Boise\126822 XCEL-0844 BLACK DOG-SAVAGE\Materials"
"000000009598E9A20E04F041B38518182890A2D50100A3DF33FCC9BD1644BD14FCA330AA978500001A3DD9A90000"	"\Divisions\PD\Line Boise\126822 XCEL-0844 BLACK DOG-SAVAGE\Vegetation Management"
"000000009598E9A20E04F041B38518182890A2D50100A3DF33FCC9BD1644BD14FCA330AA97850000177593DA0000"	"\Divisions\PD\Line Boise\126981 XCEL-GIST-III Phase 2 Priority 2\Data\0980-0984-0977"
"000000009598E9A20E04F041B38518182890A2D50100A3DF33FCC9BD1644BD14FCA330AA97850000185D035C0000"	"\Divisions\PD\Line Boise\126981 XCEL-GIST-III Phase 2 Priority 2\Design\5301"
"000000009598E9A20E04F041B38518182890A2D50100A3DF33FCC9BD1644BD14FCA330AA9785000018907F4F0000"	"\Divisions\PD\Line Boise\126981 XCEL-GIST-III Phase 2 Priority 2\Materials\0806"
"000000009598E9A20E04F041B38518182890A2D50100A3DF33FCC9BD1644BD14FCA330AA978500001944FF5D0000"	"\Divisions\PD\Line Boise\126981 XCEL-GIST-III Phase 2 Priority 2\Remediation\0918"
"000000009598E9A20E04F041B38518182890A2D50100A3DF33FCC9BD1644BD14FCA330AA97850000189B0CF40000"	"\Divisions\PD\Line Boise\126981 XCEL-GIST-III Phase 2 Priority 2\Schedule\5301"
"000000009598E9A20E04F041B38518182890A2D50100A3DF33FCC9BD1644BD14FCA330AA9785000018D91F2A0000"	"\Divisions\PD\Line Boise\128118_MP_AC Line Rating_2\018L"
"000000009598E9A20E04F041B38518182890A2D50100A3DF33FCC9BD1644BD14FCA330AA9785000019BC5AE20000"	"\Divisions\PD\Line Boise\128118_MP_AC Line Rating_2\045L"
"000000009598E9A20E04F041B38518182890A2D50100A3DF33FCC9BD1644BD14FCA330AA9785000018D91F240000"	"\Divisions\PD\Line Boise\128118_MP_AC Line Rating_2\062L"
"000000009598E9A20E04F041B38518182890A2D50100A3DF33FCC9BD1644BD14FCA330AA97850000180147420000"	"\Divisions\PD\Line Boise\128118_MP_AC Line Rating_2\091L"
"000000009598E9A20E04F041B38518182890A2D50100A3DF33FCC9BD1644BD14FCA330AA9785000019BC8EEB0000"	"\Divisions\PD\Line Boise\128118_MP_AC Line Rating_2\867L"
"000000009598E9A20E04F041B38518182890A2D50100A3DF33FCC9BD1644BD14FCA330AA978500001CCF669D0000"	"\Divisions\PD\Line Boise\128911 Xcel-GIST 3- PHASE 2- LRV PTY 3\Data\0861"
"000000009598E9A20E04F041B38518182890A2D50100A3DF33FCC9BD1644BD14FCA330AA978500001AB5BAE40000"	"\Divisions\PD\Line Boise\128911 Xcel-GIST 3- PHASE 2- LRV PTY 3\Design\5503"
"000000009598E9A20E04F041B38518182890A2D50100A3DF33FCC9BD1644BD14FCA330AA978500001A436C580000"	"\Divisions\PD\Line Boise\128911 Xcel-GIST 3- PHASE 2- LRV PTY 3\Estimates & WO\5508"
"000000009598E9A20E04F041B38518182890A2D50100A3DF33FCC9BD1644BD14FCA330AA97850000196727920000"	"\Divisions\PD\Line Boise\128911 Xcel-GIST 3- PHASE 2- LRV PTY 3\Materials\T&B- 0805"
"000000009598E9A20E04F041B38518182890A2D50100A3DF33FCC9BD1644BD14FCA330AA978500001A316BD90000"	"\Divisions\PD\Line Boise\128911 Xcel-GIST 3- PHASE 2- LRV PTY 3\Remediation\5508"
"000000009598E9A20E04F041B38518182890A2D50100A3DF33FCC9BD1644BD14FCA330AA9785000018B591C60000"	"\Divisions\PD\Line Boise\128911 Xcel-GIST 3- PHASE 2- LRV PTY 3\Survey"
"000000009598E9A20E04F041B38518182890A2D50100A3DF33FCC9BD1644BD14FCA330AA9785000019BA74220000"	"\Divisions\PD\Line Boise\128911 Xcel-GIST 3- PHASE 2- LRV PTY 3\Transmittals\0861"
"000000009598E9A20E04F041B38518182890A2D50100A3DF33FCC9BD1644BD14FCA330AA978500001A9BFDF60000"	"\Divisions\PD\Line Boise\128911 Xcel-GIST 3- PHASE 2- LRV PTY 3\Transmittals\5546"
"000000009598E9A20E04F041B38518182890A2D50100A3DF33FCC9BD1644BD14FCA330AA978500001D33D2AA0000"	"\Divisions\PD\Line Boise\130412 Xcel (MN) NSP GIST-3 Ph 3\Meetings"
"000000009598E9A20E04F041B38518182890A2D50100A3DF33FCC9BD1644BD14FCA330AA978500001AA6A6A20000"	"\Divisions\PD\Line Boise\131302 131500 131501 XCEL W3203 W3509 SEV-TRM"
"000000009598E9A20E04F041B38518182890A2D50100A3DF33FCC9BD1644BD14FCA330AA978500001AA76A760000"	"\Divisions\PD\Line Boise\131302 131500 131501 XCEL W3203 W3509 SEV-TRM\Schedule"
"000000009598E9A20E04F041B38518182890A2D50100A3DF33FCC9BD1644BD14FCA330AA978500001AFDE4300000"	"\Divisions\PD\Line Boise\131365 Xcel SW MN GALLOPING INVESTGTN RMD\schedule"
"000000009598E9A20E04F041B38518182890A2D50100A3DF33FCC9BD1644BD14FCA330AA97850000242D33240000"	"\Divisions\PD\Line Boise\132155 PSE Eastside\Admin"
"000000009598E9A20E04F041B38518182890A2D50100A3DF33FCC9BD1644BD14FCA330AA978500002C38FD5C0000"	"\Divisions\PD\Line Boise\133426 XCEL-0953 GALLOPING MONITORING\137323 - Gresham Rd.-Nacogdoches_ONCOR"
"000000009598E9A20E04F041B38518182890A2D50100A3DF33FCC9BD1644BD14FCA330AA978500001DD46F9D0000"	"\Divisions\PD\Line Boise\134091 PAC Croy-DV\01_Submittals-wDMS#\G_Record Drawings"
"000000009598E9A20E04F041B38518182890A2D50100A3DF33FCC9BD1644BD14FCA330AA978500001DD749880000"	"\Divisions\PD\Line Boise\134473 PCorp Coalville SLV CRK\01_Submittals-wDMS#\A_Scoping & Weekly Reports"
"000000009598E9A20E04F041B38518182890A2D50100A3DF33FCC9BD1644BD14FCA330AA978500001DD74CE70000"	"\Divisions\PD\Line Boise\134473 PCorp Coalville SLV CRK\02_Project Scoping"
"000000009598E9A20E04F041B38518182890A2D50100A3DF33FCC9BD1644BD14FCA330AA978500001DD6893D0000"	"\Divisions\PD\Line Boise\134474 PCorp Croydon-Coalville\01_Submittals-wDMS#\B_30-Review"
"000000009598E9A20E04F041B38518182890A2D50100A3DF33FCC9BD1644BD14FCA330AA978500001E56DD910000"	"\Divisions\PD\Line Boise\135095 Collin SW-Sub Strn Bus"
"000000009598E9A20E04F041B38518182890A2D501006C95E27D1ACA634AA1AADC20796388DD000000A9191B0000"	"\Divisions\PD\Line Boise\135116 SunZia\116500_Sunzia\Route analysis\Google Earth emails"
"000000009598E9A20E04F041B38518182890A2D50100A3DF33FCC9BD1644BD14FCA330AA9785000020636E330000"	"\Divisions\PD\Line Boise\136620 XCEL-0729 Rplce Pole (See also 133657)"
"000000009598E9A20E04F041B38518182890A2D50100F3BCE3A574023B4482F2E427B5A3121800004D8BCA840000"	"\Divisions\PD\Line Boise\136797 L0729 Meter Install Canton-XCEL"
"000000009598E9A20E04F041B38518182890A2D50100A3DF33FCC9BD1644BD14FCA330AA9785000021E972820000"	"\Divisions\PD\Line Boise\137816 Apple Valley IPCO\Design"
"000000009598E9A20E04F041B38518182890A2D5010012225CC57BF01F4EA8CCA87A792FF35F0000C5E55C910000"	"\Divisions\PD\Line Boise\137979 GNTL TLine\GNTL_Resourcing Shared Calendar"
"000000009598E9A20E04F041B38518182890A2D50100A3DF33FCC9BD1644BD14FCA330AA97850000286383FC0000"	"\Divisions\PD\Line Boise\141085-XCEL NSPM Landworks"
"000000009598E9A20E04F041B38518182890A2D50100A3DF33FCC9BD1644BD14FCA330AA978500002A32DBD30000"	"\Divisions\PD\Line Boise\141766 XCEL-Line 6964 Rebuld"
"000000009598E9A20E04F041B38518182890A2D5010012225CC57BF01F4EA8CCA87A792FF35F000052525A760000"	"\Divisions\PD\Line Boise\144461 SPG Grasmere"
"000000009598E9A20E04F041B38518182890A2D5010012225CC57BF01F4EA8CCA87A792FF35F00009B0B6D010000"	"\Divisions\PD\Line Boise\145701 Hutto-Taylor"
"000000009598E9A20E04F041B38518182890A2D5010012225CC57BF01F4EA8CCA87A792FF35F0001D41A9AFE0000"	"\Divisions\PD\Line Boise\146618 - Bob TLine\TLine Construction RFP - Q&A_Rev. 1"
"000000009598E9A20E04F041B38518182890A2D5010012225CC57BF01F4EA8CCA87A792FF35F0001153529CB0000"	"\Divisions\PD\Line Boise\148434 XCEL-6935 CDOT RELOCATION"
"000000009598E9A20E04F041B38518182890A2D5010012225CC57BF01F4EA8CCA87A792FF35F0002C1A0F0B10000"	"\Divisions\PD\Line Boise\153601 - GL Panhandle Transmission Cut-In"
"000000009598E9A20E04F041B38518182890A2D5010012225CC57BF01F4EA8CCA87A792FF35F00021D59BCE20000"	"\Divisions\PD\Line Boise\154320 Ten West\154320 10W Material"
"000000009598E9A20E04F041B38518182890A2D5010012225CC57BF01F4EA8CCA87A792FF35F0002847334FC0000"	"\Divisions\PD\Line Boise\156842 Xcel L0887 STR 14"
"000000009598E9A20E04F041B38518182890A2D5010012225CC57BF01F4EA8CCA87A792FF35F0002D6D8500F0000"	"\Divisions\PD\Line Boise\159491 WREC Goldrush"
"000000009598E9A20E04F041B38518182890A2D5010012225CC57BF01F4EA8CCA87A792FF35F00013250E01F0000"	"\Divisions\PD\Line Boise\Line Project Deliverables-Milestones"
"000000009598E9A20E04F041B38518182890A2D501001953B16A689BCD4AA8FC82955DB27CB10000011B9C1F0000"	"\Divisions\PD\Line Boise\Line-Rating-Projects\PacifiCorp\BB07"
"000000009598E9A20E04F041B38518182890A2D501001953B16A689BCD4AA8FC82955DB27CB10000011FEB150000"	"\Divisions\PD\Line Boise\Line-Rating-Projects\PacifiCorp\WI03"
"000000009598E9A20E04F041B38518182890A2D50100A3DF33FCC9BD1644BD14FCA330AA978500001676E7BC0000"	"\Divisions\PD\Line Boise\Line-Rating-Projects\PacifiCorp2\BB05"
"000000009598E9A20E04F041B38518182890A2D50100A3DF33FCC9BD1644BD14FCA330AA978500001DD8BA160000"	"\Divisions\PD\Line Boise\Tri State"
"000000009598E9A20E04F041B38518182890A2D5010012225CC57BF01F4EA8CCA87A792FF35F0005768CDC060000"	"\Divisions\PD\Line Boise\Xcel_Energy_Standards\On-Off-Badge-Training\2022 Annual Training\Safety Training"
"000000009598E9A20E04F041B38518182890A2D5010012225CC57BF01F4EA8CCA87A792FF35F0007B89834760000"	"\Divisions\PD\Line Boise\Xcel_Energy_Standards\On-Off-Badge-Training\Off-Boarding\Oct 2024 - Training Error"
"000000009598E9A20E04F041B38518182890A2D5010012225CC57BF01F4EA8CCA87A792FF35F00045301F3220000"	"\Divisions\PD\Line Boise\Xcel_Energy_Standards\On-Off-Badge-Training\On-Boarding_Prev 07-01-21\NEI"
"000000009598E9A20E04F041B38518182890A2D5010012225CC57BF01F4EA8CCA87A792FF35F0004ED4B2D7B0000"	"\Divisions\PD\Line Boise\Xcel_Energy_Standards\On-Off-Badge-Training\On-Boarding_Prev 12-09-22\SUB Keys"
"000000009598E9A20E04F041B38518182890A2D50100A3DF33FCC9BD1644BD14FCA330AA97850000255DBB710000"	"\Divisions\PD\Line Cincinnati\118687 BALTIMORE GAS & ELECTRIC - GRACETON-BAGLEY LINE REBLD"
"000000009598E9A20E04F041B38518182890A2D50100A3DF33FCC9BD1644BD14FCA330AA9785000024070BB40000"	"\Divisions\PD\Line Cincinnati\139218 AMERICAN TRANSMISSION COMPANY-NORTH APPLETON-MORGAN TLINE #2"
"000000009598E9A20E04F041B38518182890A2D501006C95E27D1ACA634AA1AADC20796388DD000000340EA70000"	"\Divisions\PD\Line Fort Mill\Fort Mills Calendar"
"000000009598E9A20E04F041B38518182890A2D50100A3DF33FCC9BD1644BD14FCA330AA9785000026F6A4FA0000"	"\Divisions\PD\Line Fort Worth\01 CLOSED PROJS - UPLOAD TO PROJECTWISE\131511 - XCEL_SPS T-LINE ESTIMATION SERVICES - CLOSED 2014"
"000000009598E9A20E04F041B38518182890A2D50100A3DF33FCC9BD1644BD14FCA330AA978500001F0494990000"	"\Divisions\PD\Line Fort Worth\135464 - Xcel Energy_SPS GIST3"
"000000009598E9A20E04F041B38518182890A2D5010012225CC57BF01F4EA8CCA87A792FF35F0000A185EBA00000"	"\Divisions\PD\Line Freeport\145932 - CARBONDALE-TOWER A16803036"
"000000009598E9A20E04F041B38518182890A2D501001296C725372D7F4B86B758A22EA3141B0000001D67D40000"	"\Divisions\PD\Line Hailey\107925-csur\jcsoto"
"000000009598E9A20E04F041B38518182890A2D501001296C725372D7F4B86B758A22EA3141B000000236AD90000"	"\Divisions\PD\Line Hailey\108628-Umbata Falls\Meeting Minutes"
"000000009598E9A20E04F041B38518182890A2D501001296C725372D7F4B86B758A22EA3141B00000033A5F40000"	"\Divisions\PD\Line Hailey\108760 AEP"
"000000009598E9A20E04F041B38518182890A2D501001296C725372D7F4B86B758A22EA3141B0000003CF6D30000"	"\Divisions\PD\Line Hailey\110906-LiDAR CR"
"000000009598E9A20E04F041B38518182890A2D50100A3DF33FCC9BD1644BD14FCA330AA9785000018E526A90000"	"\Divisions\PD\Line Hailey\121821_LES_Central_Lincoln_Reliability\2013_Inspection_Reports"
"000000009598E9A20E04F041B38518182890A2D50100A3DF33FCC9BD1644BD14FCA330AA978500000E8002260000"	"\Divisions\PD\Line Hailey\122443_Clear_Crossing-Willow_Crk_EAST\MRLJ04"
"000000009598E9A20E04F041B38518182890A2D50100A3DF33FCC9BD1644BD14FCA330AA97850000167857040000"	"\Divisions\PD\Line Hailey\122443_Clear_Crossing-Willow_Crk_EAST\MRRolf"
"000000009598E9A20E04F041B38518182890A2D50100A3DF33FCC9BD1644BD14FCA330AA9785000017217E280000"	"\Divisions\PD\Line Hailey\122444_Clear_Crossing_Willow_Crk_WEST\MRLJ08"
"000000009598E9A20E04F041B38518182890A2D50100CB7D9B6512D7374A860FE542D577039200000123585C0000"	"\Divisions\PD\Line Hailey\122997-Phase 2 Pilot"
"000000009598E9A20E04F041B38518182890A2D501001953B16A689BCD4AA8FC82955DB27CB10000011A5D390000"	"\Divisions\PD\Line Hailey\124018-GIS Phase 2"
"000000009598E9A20E04F041B38518182890A2D50100A3DF33FCC9BD1644BD14FCA330AA978500002BF3869F0000"	"\Divisions\PD\Line Hailey\126197-USG"
"000000009598E9A20E04F041B38518182890A2D50100A3DF33FCC9BD1644BD14FCA330AA97850000230D36840000"	"\Divisions\PD\Line Hailey\126873_Oncor_Goldsmith-Goldsmith_South\dups"
"000000009598E9A20E04F041B38518182890A2D50100A3DF33FCC9BD1644BD14FCA330AA978500002BA088AF0000"	"\Divisions\PD\Line Hailey\127007_AEP_Lon_Hill-Nelson_Sharpe\dups"
"000000009598E9A20E04F041B38518182890A2D50100A3DF33FCC9BD1644BD14FCA330AA9785000018BF35230000"	"\Divisions\PD\Line Hailey\127941_Riley-Krum_W-P2:_Sunset -Tap\MRLJ01"
"000000009598E9A20E04F041B38518182890A2D50100A3DF33FCC9BD1644BD14FCA330AA978500001B2053A60000"	"\Divisions\PD\Line Hailey\127943_Riley-Krum_P3_Eagle_Mt\MRLJ02"
"000000009598E9A20E04F041B38518182890A2D50100A3DF33FCC9BD1644BD14FCA330AA9785000018B1DF530000"	"\Divisions\PD\Line Hailey\128906_Oncor_Decordova_Bend_Str_Study"
"000000009598E9A20E04F041B38518182890A2D50100A3DF33FCC9BD1644BD14FCA330AA978500001A24C96C0000"	"\Divisions\PD\Line Hailey\129544_Eagle Mt-Calmont\MRLJ01"
"000000009598E9A20E04F041B38518182890A2D5010012225CC57BF01F4EA8CCA87A792FF35F00031E3004650000"	"\Divisions\PD\Line Hailey\129567_Temple_Sw-Bell_Cty_E\WA_13T64039\dups"
"000000009598E9A20E04F041B38518182890A2D5010012225CC57BF01F4EA8CCA87A792FF35F00031E30046B0000"	"\Divisions\PD\Line Hailey\129718_Midas_Gold-Golden_Meadows\dups"
"000000009598E9A20E04F041B38518182890A2D5010012225CC57BF01F4EA8CCA87A792FF35F0000B677F3510000"	"\Divisions\PD\Line Hailey\130224_E_Richardson-Apollo\MRLJ03"
"000000009598E9A20E04F041B38518182890A2D50100A3DF33FCC9BD1644BD14FCA330AA978500001F17B1C20000"	"\Divisions\PD\Line Hailey\130257_Stanton_E-Midland-E\MRLJ05"
"000000009598E9A20E04F041B38518182890A2D50100A3DF33FCC9BD1644BD14FCA330AA978500001B09CD390000"	"\Divisions\PD\Line Hailey\131172_Odessa_N-N_Cowden\MRLJ01"
"000000009598E9A20E04F041B38518182890A2D5010012225CC57BF01F4EA8CCA87A792FF35F00006E0172160000"	"\Divisions\PD\Line Hailey\131487_AEP_Lobo-Cenizo\dups"
"000000009598E9A20E04F041B38518182890A2D5010012225CC57BF01F4EA8CCA87A792FF35F00031E30047D0000"	"\Divisions\PD\Line Hailey\131745_Tex_Harvey\MRLJ02\dups"
"000000009598E9A20E04F041B38518182890A2D50100A3DF33FCC9BD1644BD14FCA330AA978500001B8D65C80000"	"\Divisions\PD\Line Hailey\131906_GM-Watson\MRLJ02"
"000000009598E9A20E04F041B38518182890A2D5010012225CC57BF01F4EA8CCA87A792FF35F00031E3004830000"	"\Divisions\PD\Line Hailey\132269_ICE_TAMIS_&_INSPECT-2013\dups"
"000000009598E9A20E04F041B38518182890A2D50100A3DF33FCC9BD1644BD14FCA330AA978500002BFF06C80000"	"\Divisions\PD\Line Hailey\132818_T137_WARDA_TO_GIDDINGS\dups"
"000000009598E9A20E04F041B38518182890A2D50100A3DF33FCC9BD1644BD14FCA330AA978500001F1F1BC70000"	"\Divisions\PD\Line Hailey\133835_RREC_Walker Ranch\dups"
"000000009598E9A20E04F041B38518182890A2D50100A3DF33FCC9BD1644BD14FCA330AA97850000252E28550000"	"\Divisions\PD\Line Hailey\134627_Eskota_Sw_Sta\MRLJ04"
"000000009598E9A20E04F041B38518182890A2D50100A3DF33FCC9BD1644BD14FCA330AA9785000028FB15980000"	"\Divisions\PD\Line Hailey\134633_Eagle_Mt-Wagley_Robertson\MRLJ07"
"000000009598E9A20E04F041B38518182890A2D50100A3DF33FCC9BD1644BD14FCA330AA9785000022FFD76F0000"	"\Divisions\PD\Line Hailey\134722_Permian_Basin_Sw_Sta\MRLJ06"
"000000009598E9A20E04F041B38518182890A2D50100A3DF33FCC9BD1644BD14FCA330AA978500001EC127E70000"	"\Divisions\PD\Line Hailey\135340_STD_Const_TS_Updates"
"000000009598E9A20E04F041B38518182890A2D50100A3DF33FCC9BD1644BD14FCA330AA97850000295D11810000"	"\Divisions\PD\Line Hailey\136602_Enterprise_Midland\MRLJ01-CAN-Proj-on-Hold"
"000000009598E9A20E04F041B38518182890A2D50100A3DF33FCC9BD1644BD14FCA330AA9785000021174B1D0000"	"\Divisions\PD\Line Hailey\137373-LoAg-CNavia"
"000000009598E9A20E04F041B38518182890A2D50100A3DF33FCC9BD1644BD14FCA330AA978500002A94195E0000"	"\Divisions\PD\Line Hailey\137396_Hicks-Elizabeth\MRLJ06"
"000000009598E9A20E04F041B38518182890A2D5010012225CC57BF01F4EA8CCA87A792FF35F0000BBEFC05C0000"	"\Divisions\PD\Line Hailey\137449_Mt_Creek-Norwood\Issue_Materials_Request"
"000000009598E9A20E04F041B38518182890A2D50100A3DF33FCC9BD1644BD14FCA330AA9785000021F36C000000"	"\Divisions\PD\Line Hailey\137896_WMEC-LINE1433_HPFF_REPL"
"000000009598E9A20E04F041B38518182890A2D50100A3DF33FCC9BD1644BD14FCA330AA97850000224961F20000"	"\Divisions\PD\Line Hailey\137985_ 46 kV_Ho'ohana_Solar"
"000000009598E9A20E04F041B38518182890A2D5010012225CC57BF01F4EA8CCA87A792FF35F000114281C4F0000"	"\Divisions\PD\Line Hailey\138156_Venus-Cedar_Hill\MRLJ07"
"000000009598E9A20E04F041B38518182890A2D50100A3DF33FCC9BD1644BD14FCA330AA9785000026CC38650000"	"\Divisions\PD\Line Hailey\138218_Means-Fullerton_69kV_RBLD\WA_15T63112\MRLJ07"
"000000009598E9A20E04F041B38518182890A2D50100A3DF33FCC9BD1644BD14FCA330AA9785000025A81D030000"	"\Divisions\PD\Line Hailey\138504_Holt_SW-N_Andrews\WA_15T63114\MRLJ02"
"000000009598E9A20E04F041B38518182890A2D50100A3DF33FCC9BD1644BD14FCA330AA978500002A9635660000"	"\Divisions\PD\Line Hailey\138504_Holt_SW-N_Andrews\WA_16T63057"
"000000009598E9A20E04F041B38518182890A2D50100A3DF33FCC9BD1644BD14FCA330AA9785000027161A0D0000"	"\Divisions\PD\Line Hailey\138956_Eagle_Mt-Roanoke\MRLJ03"
"000000009598E9A20E04F041B38518182890A2D50100A3DF33FCC9BD1644BD14FCA330AA978500002BE1F2E40000"	"\Divisions\PD\Line Hailey\139105_Camp_Wisdom-Watermill\MRLJ01"
"000000009598E9A20E04F041B38518182890A2D5010012225CC57BF01F4EA8CCA87A792FF35F000329D570C30000"	"\Divisions\PD\Line Hailey\139250_STRYKER CRK-LUFKIN\LJ03\dups"
"000000009598E9A20E04F041B38518182890A2D50100A3DF33FCC9BD1644BD14FCA330AA97850000242AC6900000"	"\Divisions\PD\Line Hailey\139347_138/46-kV_Hart_Support"
"000000009598E9A20E04F041B38518182890A2D50100A3DF33FCC9BD1644BD14FCA330AA978500002555ED1A0000"	"\Divisions\PD\Line Hailey\139689_LOCHALSH-MISSINABIE_LINE_DES"
"000000009598E9A20E04F041B38518182890A2D50100A3DF33FCC9BD1644BD14FCA330AA9785000028522E600000"	"\Divisions\PD\Line Hailey\140385_Hyundai_115-kV_Racking-Support"
"000000009598E9A20E04F041B38518182890A2D5010012225CC57BF01F4EA8CCA87A792FF35F000129AAA81B0000"	"\Divisions\PD\Line Hailey\141112_Venus Sw Sta - Midlothian\Issued Materials Request"
"000000009598E9A20E04F041B38518182890A2D5010012225CC57BF01F4EA8CCA87A792FF35F00018ED142230000"	"\Divisions\PD\Line Hailey\141183_CROWN RD - NORWOOD SW STA \MRLJ03"
"000000009598E9A20E04F041B38518182890A2D5010012225CC57BF01F4EA8CCA87A792FF35F0002032BB2290000"	"\Divisions\PD\Line Hailey\141185_Northaven-Preston Rd North\Issue Material Requests"
"000000009598E9A20E04F041B38518182890A2D5010012225CC57BF01F4EA8CCA87A792FF35F0000FFBD37F20000"	"\Divisions\PD\Line Hailey\141306_Lake_Wichita_Sw_Sta-Wichita_Falls\MRLJ05_Steel Poles_Dis-tran"
"000000009598E9A20E04F041B38518182890A2D5010012225CC57BF01F4EA8CCA87A792FF35F0000BA2FA3120000"	"\Divisions\PD\Line Hailey\141398_Trinidad-Richland\MRLJ06"
"000000009598E9A20E04F041B38518182890A2D5010012225CC57BF01F4EA8CCA87A792FF35F00008C3235A80000"	"\Divisions\PD\Line Hailey\141457_Pflugerville-Gilleland\Issued_Materials_Requests"
"000000009598E9A20E04F041B38518182890A2D5010012225CC57BF01F4EA8CCA87A792FF35F00007E79BFC20000"	"\Divisions\PD\Line Hailey\141658_Holt_N_Andrews-Midland_Farms\16T63099\MRCD01"
"000000009598E9A20E04F041B38518182890A2D5010012225CC57BF01F4EA8CCA87A792FF35F000105ED97B80000"	"\Divisions\PD\Line Hailey\141659_Holt - Andrews N-Andrews Cty S\WA 16T63098\MRLJ01 Steel Poles"
"000000009598E9A20E04F041B38518182890A2D5010012225CC57BF01F4EA8CCA87A792FF35F00001ACFFD490000"	"\Divisions\PD\Line Hailey\141728_TRINIDAD-LIGGETT \MRLJ02"
"000000009598E9A20E04F041B38518182890A2D5010012225CC57BF01F4EA8CCA87A792FF35F0001B748E75B0000"	"\Divisions\PD\Line Hailey\141803_Wedgewood Sw Sta-Forest Hill Sta\MRLJ08"
"000000009598E9A20E04F041B38518182890A2D5010012225CC57BF01F4EA8CCA87A792FF35F00020E8C7CE00000"	"\Divisions\PD\Line Hailey\142530_LN_Hill_Security_A14072001\dups"
"000000009598E9A20E04F041B38518182890A2D5010012225CC57BF01F4EA8CCA87A792FF35F00023125124D0000"	"\Divisions\PD\Line Hailey\142860_PERMIAN BASIN-HOLT: YUCCA\145086-South Padre Island"
"000000009598E9A20E04F041B38518182890A2D5010012225CC57BF01F4EA8CCA87A792FF35F00008A740CA50000"	"\Divisions\PD\Line Hailey\142863_PERMIAN BASIN - WINK (WEST): WOLF"
"000000009598E9A20E04F041B38518182890A2D5010012225CC57BF01F4EA8CCA87A792FF35F00006291C9B90000"	"\Divisions\PD\Line Hailey\143142_LUFKIN_SW_STA-DIBOLL\MRLJ02"
"000000009598E9A20E04F041B38518182890A2D5010012225CC57BF01F4EA8CCA87A792FF35F00013CB5CA150000"	"\Divisions\PD\Line Hailey\143469_Carrollton_NW-Crown Rd\MRLJ03_Steel Pole"
"000000009598E9A20E04F041B38518182890A2D5010012225CC57BF01F4EA8CCA87A792FF35F000178961A990000"	"\Divisions\PD\Line Hailey\143720_Everman Sw Sta-Forest Sw Sta\ISSUE MATERIAL REQUESTS"
"000000009598E9A20E04F041B38518182890A2D5010012225CC57BF01F4EA8CCA87A792FF35F0002032BB2590000"	"\Divisions\PD\Line Hailey\143834_Smart_Wires_Support\TX_CH Pilot E2E"
"000000009598E9A20E04F041B38518182890A2D5010012225CC57BF01F4EA8CCA87A792FF35F0000E3DE40CA0000"	"\Divisions\PD\Line Hailey\143957_Tricorner_WATERMILL–TRINIDAD\MRLJ05"
"000000009598E9A20E04F041B38518182890A2D5010012225CC57BF01F4EA8CCA87A792FF35F00010D90EA660000"	"\Divisions\PD\Line Hailey\144282_Shady Grove"
"000000009598E9A20E04F041B38518182890A2D5010012225CC57BF01F4EA8CCA87A792FF35F000129AAA7FB0000"	"\Divisions\PD\Line Hailey\144455_Trinidad-Winkler\Material Issued Requests"
"000000009598E9A20E04F041B38518182890A2D5010012225CC57BF01F4EA8CCA87A792FF35F0001A7C15AD90000"	"\Divisions\PD\Line Hailey\144455_Trinidad-Winkler\MRLJ12_Poles"
"000000009598E9A20E04F041B38518182890A2D5010012225CC57BF01F4EA8CCA87A792FF35F0000C304328B0000"	"\Divisions\PD\Line Hailey\144634_Hutto-Pflugerville\MRLJ04"
"000000009598E9A20E04F041B38518182890A2D5010012225CC57BF01F4EA8CCA87A792FF35F0002ECB605290000"	"\Divisions\PD\Line Hailey\145157_ETT-BAKERSFIELD-WAYMARK\dups"
"000000009598E9A20E04F041B38518182890A2D5010012225CC57BF01F4EA8CCA87A792FF35F0000FD2CBF0E0000"	"\Divisions\PD\Line Hailey\145469_Yucca Dr - AEP Barilla Jct\17T63048"
"000000009598E9A20E04F041B38518182890A2D5010012225CC57BF01F4EA8CCA87A792FF35F0001155FA6130000"	"\Divisions\PD\Line Hailey\145469_Yucca Dr - AEP Barilla Jct\17T63126\MRLJ04"
"000000009598E9A20E04F041B38518182890A2D5010012225CC57BF01F4EA8CCA87A792FF35F0001A5AB77F60000"	"\Divisions\PD\Line Hailey\145544_Cedar_Crest-Industrial_Wall_St\MRLJ08"
"000000009598E9A20E04F041B38518182890A2D5010012225CC57BF01F4EA8CCA87A792FF35F00010A95AC510000"	"\Divisions\PD\Line Hailey\145701_Hutto-Taylor\MRLJ01_Steel_Poles"
"000000009598E9A20E04F041B38518182890A2D5010012225CC57BF01F4EA8CCA87A792FF35F0002032BB2130000"	"\Divisions\PD\Line Hailey\145911_Northaven Lines\16T65186_Northaven-Preston\MRLJ04 Steel Poles"
"000000009598E9A20E04F041B38518182890A2D5010012225CC57BF01F4EA8CCA87A792FF35F0001CBD96D950000"	"\Divisions\PD\Line Hailey\145911_Northaven Lines\OPT37244_Northaven Sw-Renner\MRLJ05"
"000000009598E9A20E04F041B38518182890A2D5010012225CC57BF01F4EA8CCA87A792FF35F0000ED289A430000"	"\Divisions\PD\Line Hailey\146824-Sunzia"
"000000009598E9A20E04F041B38518182890A2D5010012225CC57BF01F4EA8CCA87A792FF35F000144DA54F70000"	"\Divisions\PD\Line Hailey\148081_Royse Sw-Sulphur Springs Sw Sta"
"000000009598E9A20E04F041B38518182890A2D5010012225CC57BF01F4EA8CCA87A792FF35F0001153529C70000"	"\Divisions\PD\Line Hailey\148326_Cedar Crest-Wall St\MRLJ01_Hardware"
"000000009598E9A20E04F041B38518182890A2D5010012225CC57BF01F4EA8CCA87A792FF35F00011D8C7A670000"	"\Divisions\PD\Line Hailey\148476_Clark"
"000000009598E9A20E04F041B38518182890A2D5010012225CC57BF01F4EA8CCA87A792FF35F0001C25BD4FD0000"	"\Divisions\PD\Line Hailey\149323_Substation Design Support\BD Effort\Distribution Services\dups"
"000000009598E9A20E04F041B38518182890A2D5010012225CC57BF01F4EA8CCA87A792FF35F0002032BB24F0000"	"\Divisions\PD\Line Hailey\151053_Sherry Sw Sta-Gen Motors\MRLJ03"
"000000009598E9A20E04F041B38518182890A2D5010012225CC57BF01F4EA8CCA87A792FF35F0002DE26A6CF0000"	"\Divisions\PD\Line Hailey\151644_TYLER-TYLER WEST 69kV\Issued Materials Requests"
"000000009598E9A20E04F041B38518182890A2D5010012225CC57BF01F4EA8CCA87A792FF35F0003154C961F0000"	"\Divisions\PD\Line Hailey\151713_SAGINAW 138KV SW STA REB\Material Tracking (LJ Folder)\MRLJ05"
"000000009598E9A20E04F041B38518182890A2D5010012225CC57BF01F4EA8CCA87A792FF35F0001F3B96ED00000"	"\Divisions\PD\Line Hailey\152843_Brookhollow"
"000000009598E9A20E04F041B38518182890A2D5010012225CC57BF01F4EA8CCA87A792FF35F000294C97D7A0000"	"\Divisions\PD\Line Hailey\153043_Venus Sw-Sardis Sw\MRLJ04"
"000000009598E9A20E04F041B38518182890A2D5010012225CC57BF01F4EA8CCA87A792FF35F00025CA6B5FB0000"	"\Divisions\PD\Line Hailey\153605_Village Creek Tap-Bowen\MRLJ05"
"000000009598E9A20E04F041B38518182890A2D5010012225CC57BF01F4EA8CCA87A792FF35F00022308A37B0000"	"\Divisions\PD\Line Hailey\153699_Venus Sw-Kemp Ranch Sw\MRLJ02"
"000000009598E9A20E04F041B38518182890A2D5010012225CC57BF01F4EA8CCA87A792FF35F000312A49F4B0000"	"\Divisions\PD\Line Hailey\153757_HANDLEY SW.-DEEN SW\Material Tracking_LJ\MRLJ05_DE Bodies"
"000000009598E9A20E04F041B38518182890A2D5010012225CC57BF01F4EA8CCA87A792FF35F0003154C96150000"	"\Divisions\PD\Line Hailey\153759_EAGLE MT SW.-DEEN SW\Material Tracking_LJ\MRLJ06_Splices"
"000000009598E9A20E04F041B38518182890A2D5010012225CC57BF01F4EA8CCA87A792FF35F0002EE36B0D40000"	"\Divisions\PD\Line Hailey\154677_Wolf Sw-Riverton-SEE PROWISE"
"000000009598E9A20E04F041B38518182890A2D5010012225CC57BF01F4EA8CCA87A792FF35F0002A9804DD60000"	"\Divisions\PD\Line Hailey\154678_Odessa EHV Sw-Wolf Sw\MRLJ02_Wire-Hardware"
"000000009598E9A20E04F041B38518182890A2D5010012225CC57BF01F4EA8CCA87A792FF35F0002F5D2D49E0000"	"\Divisions\PD\Line Hailey\154681_Moss Sw-Wolf Sw_N-Circuit\MRLJ04"
"000000009598E9A20E04F041B38518182890A2D5010012225CC57BF01F4EA8CCA87A792FF35F0002F5D2D49A0000"	"\Divisions\PD\Line Hailey\154683_Odessa EHV Sw-Moss\MRLJ07\MRTW_TOWER ORDER"
"000000009598E9A20E04F041B38518182890A2D5010012225CC57BF01F4EA8CCA87A792FF35F0002799D84F50000"	"\Divisions\PD\Line Hailey\155311_Owl Hills Sw-Tunstill POD Sta\MRLJ06_Wire"
"000000009598E9A20E04F041B38518182890A2D5010012225CC57BF01F4EA8CCA87A792FF35F000258A2B5330000"	"\Divisions\PD\Line Hailey\155961 - ENOCH KEVER PLLC"
"000000009598E9A20E04F041B38518182890A2D5010012225CC57BF01F4EA8CCA87A792FF35F0002ECB605350000"	"\Divisions\PD\Line Hailey\156389_Riverton Sw-Sand-Split WA\MRLJ07_Additional WIRE"
"000000009598E9A20E04F041B38518182890A2D5010012225CC57BF01F4EA8CCA87A792FF35F0002FE7C356C0000"	"\Divisions\PD\Line Hailey\157131-CARROLLTON E SUB-RENNER/N-HAVEN SUB\MRLJ03"
"000000009598E9A20E04F041B38518182890A2D5010012225CC57BF01F4EA8CCA87A792FF35F0002ECB6052F0000"	"\Divisions\PD\Line Hailey\158255_EAGLE MT-WAGLEY ROBERTSON"
"000000009598E9A20E04F041B38518182890A2D5010012225CC57BF01F4EA8CCA87A792FF35F0002C0C6A1CB0000"	"\Divisions\PD\Line Hailey\158941- QUANTA PERU TECH ADVISORY"
"000000009598E9A20E04F041B38518182890A2D5010012225CC57BF01F4EA8CCA87A792FF35F00036CC0C2CC0000"	"\Divisions\PD\Line Hailey\159436_ALPHA RD-KNOLL TRAIL\OPT 39714 Northaven-Preston RD\MRLJ05"
"000000009598E9A20E04F041B38518182890A2D50100E34BFE500669CD49AC2E27C6C54DE39D0000001240720000"	"\Divisions\PD\Line Hailey\Allegheny TrAIL\500kv steel poles PATH"
"000000009598E9A20E04F041B38518182890A2D50100A3DF33FCC9BD1644BD14FCA330AA9785000015DABC7B0000"	"\Divisions\PD\Line Hailey\asce_conference-2012"
"000000009598E9A20E04F041B38518182890A2D50100572FF007A7D6B64CA96E5CFE8E1CC1A40000005119960000"	"\Divisions\PD\Line Hailey\BD_Efforts\116196_ILM\Design_Fnd"
"000000009598E9A20E04F041B38518182890A2D50100572FF007A7D6B64CA96E5CFE8E1CC1A40000001935460000"	"\Divisions\PD\Line Hailey\BD_Efforts\116968-Lonestar"
"000000009598E9A20E04F041B38518182890A2D50100572FF007A7D6B64CA96E5CFE8E1CC1A40000005119A40000"	"\Divisions\PD\Line Hailey\BD_Efforts\120020-NTL\Env_Permit"
"000000009598E9A20E04F041B38518182890A2D50100572FF007A7D6B64CA96E5CFE8E1CC1A40000004913690000"	"\Divisions\PD\Line Hailey\BD_Efforts\120700-Red Chris Project"
"000000009598E9A20E04F041B38518182890A2D50100A3DF33FCC9BD1644BD14FCA330AA978500001DB8DFA50000"	"\Divisions\PD\Line Hailey\BD_Efforts\8minutenergy"
"000000009598E9A20E04F041B38518182890A2D50100A3DF33FCC9BD1644BD14FCA330AA978500001938373D0000"	"\Divisions\PD\Line Hailey\BD_Efforts\Acciona\Windfarm 66"
"000000009598E9A20E04F041B38518182890A2D50100A3DF33FCC9BD1644BD14FCA330AA9785000026C8C8A70000"	"\Divisions\PD\Line Hailey\BD_Efforts\AEP\2015\Pomelo Substation"
"000000009598E9A20E04F041B38518182890A2D50100A3DF33FCC9BD1644BD14FCA330AA97850000176CBED00000"	"\Divisions\PD\Line Hailey\BD_Efforts\Algoma"
"000000009598E9A20E04F041B38518182890A2D50100A3DF33FCC9BD1644BD14FCA330AA978500002B16CE5D0000"	"\Divisions\PD\Line Hailey\BD_Efforts\Allteck\2016\Line Outage Response Plan"
"000000009598E9A20E04F041B38518182890A2D50100A3DF33FCC9BD1644BD14FCA330AA9785000015EE4EE50000"	"\Divisions\PD\Line Hailey\BD_Efforts\Alterra"
"000000009598E9A20E04F041B38518182890A2D50100A3DF33FCC9BD1644BD14FCA330AA978500001AB3BB420000"	"\Divisions\PD\Line Hailey\BD_Efforts\APEX\APEX Wind"
"000000009598E9A20E04F041B38518182890A2D50100A3DF33FCC9BD1644BD14FCA330AA9785000019288D9C0000"	"\Divisions\PD\Line Hailey\BD_Efforts\Arkwright"
"000000009598E9A20E04F041B38518182890A2D5010012225CC57BF01F4EA8CCA87A792FF35F00013A0B91840000"	"\Divisions\PD\Line Hailey\BD_Efforts\AVAL\General"
"000000009598E9A20E04F041B38518182890A2D50100572FF007A7D6B64CA96E5CFE8E1CC1A40000006686E90000"	"\Divisions\PD\Line Hailey\BD_Efforts\BGE"
"000000009598E9A20E04F041B38518182890A2D5010012225CC57BF01F4EA8CCA87A792FF35F0000197795790000"	"\Divisions\PD\Line Hailey\BD_Efforts\Black Hills Power\2016\RC-Westhill-Lonewell Creek"
"000000009598E9A20E04F041B38518182890A2D50100CB7D9B6512D7374A860FE542D577039200000125FE550000"	"\Divisions\PD\Line Hailey\BD_Efforts\BP\Flat Ridge 2"
"000000009598E9A20E04F041B38518182890A2D50100A3DF33FCC9BD1644BD14FCA330AA978500002858B89A0000"	"\Divisions\PD\Line Hailey\BD_Efforts\Brookfield Renewable\2013"
"000000009598E9A20E04F041B38518182890A2D5010012225CC57BF01F4EA8CCA87A792FF35F00003452E6400000"	"\Divisions\PD\Line Hailey\BD_Efforts\Caruna"
"000000009598E9A20E04F041B38518182890A2D5010012225CC57BF01F4EA8CCA87A792FF35F00018500D1D30000"	"\Divisions\PD\Line Hailey\BD_Efforts\CEC-Clean Energy Consulting\2018"
"000000009598E9A20E04F041B38518182890A2D50100A3DF33FCC9BD1644BD14FCA330AA978500001DAB87C80000"	"\Divisions\PD\Line Hailey\BD_Efforts\Chugach\2014\Quartz Creek 115kV_Indian-Powerline Pass"
"000000009598E9A20E04F041B38518182890A2D50100A3DF33FCC9BD1644BD14FCA330AA97850000202ABCFF0000"	"\Divisions\PD\Line Hailey\BD_Efforts\City of Gillette\2014\Swanson Substation"
"000000009598E9A20E04F041B38518182890A2D50100A3DF33FCC9BD1644BD14FCA330AA97850000167346890000"	"\Divisions\PD\Line Hailey\BD_Efforts\CMP"
"000000009598E9A20E04F041B38518182890A2D50100A3DF33FCC9BD1644BD14FCA330AA978500002411CC930000"	"\Divisions\PD\Line Hailey\BD_Efforts\CTC\2015"
"000000009598E9A20E04F041B38518182890A2D50100A3DF33FCC9BD1644BD14FCA330AA978500002DF19B200000"	"\Divisions\PD\Line Hailey\BD_Efforts\Dresser-Rand\General"
"000000009598E9A20E04F041B38518182890A2D50100F3BCE3A574023B4482F2E427B5A3121800004D809D9F0000"	"\Divisions\PD\Line Hailey\BD_Efforts\EDPR\2014\Hidalgo Wind Farm"
"000000009598E9A20E04F041B38518182890A2D50100A3DF33FCC9BD1644BD14FCA330AA9785000018C237E00000"	"\Divisions\PD\Line Hailey\BD_Efforts\ENEL\Morroco"
"000000009598E9A20E04F041B38518182890A2D5010012225CC57BF01F4EA8CCA87A792FF35F0001A42619B30000"	"\Divisions\PD\Line Hailey\BD_Efforts\ENMAX\2018\Line_Sub-GSA"
"000000009598E9A20E04F041B38518182890A2D50100A3DF33FCC9BD1644BD14FCA330AA978500001F2695430000"	"\Divisions\PD\Line Hailey\BD_Efforts\EoN\2014"
"000000009598E9A20E04F041B38518182890A2D50100A3DF33FCC9BD1644BD14FCA330AA97850000269E405B0000"	"\Divisions\PD\Line Hailey\BD_Efforts\Eskom\2015"
"000000009598E9A20E04F041B38518182890A2D50100A3DF33FCC9BD1644BD14FCA330AA978500001EAB7B020000"	"\Divisions\PD\Line Hailey\BD_Efforts\Filsinger Energy Partners\2014\IRP_Peurto Rico"
"000000009598E9A20E04F041B38518182890A2D5010012225CC57BF01F4EA8CCA87A792FF35F0000FB3FE4950000"	"\Divisions\PD\Line Hailey\BD_Efforts\First Solar\2017\Cal Flats"
"000000009598E9A20E04F041B38518182890A2D5010012225CC57BF01F4EA8CCA87A792FF35F00009A3F30AB0000"	"\Divisions\PD\Line Hailey\BD_Efforts\Fortis\2017"
"000000009598E9A20E04F041B38518182890A2D50100A3DF33FCC9BD1644BD14FCA330AA9785000022685FA60000"	"\Divisions\PD\Line Hailey\BD_Efforts\GE"
"000000009598E9A20E04F041B38518182890A2D5010012225CC57BF01F4EA8CCA87A792FF35F000052525A580000"	"\Divisions\PD\Line Hailey\BD_Efforts\Geronimo Energy\2016"
"000000009598E9A20E04F041B38518182890A2D50100A3DF33FCC9BD1644BD14FCA330AA978500001F04BF210000"	"\Divisions\PD\Line Hailey\BD_Efforts\GLP\2014 Projects\Gartshore T-Line"
"000000009598E9A20E04F041B38518182890A2D50100A3DF33FCC9BD1644BD14FCA330AA9785000028DC83330000"	"\Divisions\PD\Line Hailey\BD_Efforts\GLP\2016\Steephill Structure Analysis"
"000000009598E9A20E04F041B38518182890A2D50100A3DF33FCC9BD1644BD14FCA330AA97850000284945570000"	"\Divisions\PD\Line Hailey\BD_Efforts\Great River Energy\2016"
"000000009598E9A20E04F041B38518182890A2D50100CB7D9B6512D7374A860FE542D57703920000012956220000"	"\Divisions\PD\Line Hailey\BD_Efforts\GVEA"
"000000009598E9A20E04F041B38518182890A2D50100A3DF33FCC9BD1644BD14FCA330AA978500001DC56AB20000"	"\Divisions\PD\Line Hailey\BD_Efforts\HEA\2014\RUS Compliance_AMR"
"000000009598E9A20E04F041B38518182890A2D50100A3DF33FCC9BD1644BD14FCA330AA97850000165E604F0000"	"\Divisions\PD\Line Hailey\BD_Efforts\Helco\Keamuku-Keahole 69 kV"
"000000009598E9A20E04F041B38518182890A2D50100A3DF33FCC9BD1644BD14FCA330AA978500002279533A0000"	"\Divisions\PD\Line Hailey\BD_Efforts\Iberdrola\2015"
"000000009598E9A20E04F041B38518182890A2D50100A3DF33FCC9BD1644BD14FCA330AA9785000025A6BEB10000"	"\Divisions\PD\Line Hailey\BD_Efforts\Idaho Power\General"
"000000009598E9A20E04F041B38518182890A2D50100A3DF33FCC9BD1644BD14FCA330AA9785000021AE23500000"	"\Divisions\PD\Line Hailey\BD_Efforts\IFP-Idaho Falls Power\General"
"000000009598E9A20E04F041B38518182890A2D50100A3DF33FCC9BD1644BD14FCA330AA97850000175836E30000"	"\Divisions\PD\Line Hailey\BD_Efforts\Jacobs\Jacobs & Assoc\Sound Transit_SCL"
"000000009598E9A20E04F041B38518182890A2D50100A3DF33FCC9BD1644BD14FCA330AA978500001E40F6450000"	"\Divisions\PD\Line Hailey\BD_Efforts\KenGen"
"000000009598E9A20E04F041B38518182890A2D50100A3DF33FCC9BD1644BD14FCA330AA9785000029CE29340000"	"\Divisions\PD\Line Hailey\BD_Efforts\KootenaiElectric\2016"
"000000009598E9A20E04F041B38518182890A2D5010012225CC57BF01F4EA8CCA87A792FF35F000207D44E8A0000"	"\Divisions\PD\Line Hailey\BD_Efforts\Lamifil\2018\General Services"
"000000009598E9A20E04F041B38518182890A2D501001953B16A689BCD4AA8FC82955DB27CB1000001DBF4130000"	"\Divisions\PD\Line Hailey\BD_Efforts\LATIN AMERICA\Central America\Costa Rica\CNFL"
"000000009598E9A20E04F041B38518182890A2D50100A3DF33FCC9BD1644BD14FCA330AA978500002BC796600000"	"\Divisions\PD\Line Hailey\BD_Efforts\LATIN AMERICA\Central America\Costa Rica\ICE\2008-2015\GSA"
"000000009598E9A20E04F041B38518182890A2D50100A3DF33FCC9BD1644BD14FCA330AA978500002BC7CAC40000"	"\Divisions\PD\Line Hailey\BD_Efforts\LATIN AMERICA\Central America\Costa Rica\ICE\2016\GSA_2016-2xxx"
"000000009598E9A20E04F041B38518182890A2D5010012225CC57BF01F4EA8CCA87A792FF35F00009835520D0000"	"\Divisions\PD\Line Hailey\BD_Efforts\LATIN AMERICA\Central America\Costa Rica\ICE\2017\Line Siting"
"000000009598E9A20E04F041B38518182890A2D50100A3DF33FCC9BD1644BD14FCA330AA978500002BC8099D0000"	"\Divisions\PD\Line Hailey\BD_Efforts\LATIN AMERICA\Central America\Costa Rica\ICE\Old Projects"
"000000009598E9A20E04F041B38518182890A2D50100A3DF33FCC9BD1644BD14FCA330AA978500002BC86F1D0000"	"\Divisions\PD\Line Hailey\BD_Efforts\LATIN AMERICA\Central America\Costa Rica\ICE\Old Projects\Air Quality"
"000000009598E9A20E04F041B38518182890A2D50100A3DF33FCC9BD1644BD14FCA330AA978500002BC8B8A70000"	"\Divisions\PD\Line Hailey\BD_Efforts\LATIN AMERICA\Central America\Costa Rica\ICE\Old Projects\GroundBasedLiDAR"
"000000009598E9A20E04F041B38518182890A2D50100A3DF33FCC9BD1644BD14FCA330AA978500002BC905390000"	"\Divisions\PD\Line Hailey\BD_Efforts\LATIN AMERICA\Central America\Costa Rica\ICE\Old Projects\Reliability"
"000000009598E9A20E04F041B38518182890A2D50100A3DF33FCC9BD1644BD14FCA330AA978500002BC72AB40000"	"\Divisions\PD\Line Hailey\BD_Efforts\LATIN AMERICA\Central America\Costa Rica\SIME\Coordination"
"000000009598E9A20E04F041B38518182890A2D50100A3DF33FCC9BD1644BD14FCA330AA978500002BC65DCC0000"	"\Divisions\PD\Line Hailey\BD_Efforts\LATIN AMERICA\Central America\EPR\2013"
"000000009598E9A20E04F041B38518182890A2D5010012225CC57BF01F4EA8CCA87A792FF35F00002F06B0DD0000"	"\Divisions\PD\Line Hailey\BD_Efforts\LATIN AMERICA\Central America\Guatemala\INDE\General"
"000000009598E9A20E04F041B38518182890A2D5010012225CC57BF01F4EA8CCA87A792FF35F0001155FA60D0000"	"\Divisions\PD\Line Hailey\BD_Efforts\LATIN AMERICA\Central America\Panama\ETESA\2017\Merrick_Lidar_Model_Veg"
"000000009598E9A20E04F041B38518182890A2D50100A3DF33FCC9BD1644BD14FCA330AA978500002C0596890000"	"\Divisions\PD\Line Hailey\BD_Efforts\LATIN AMERICA\Chile\bbosch\2016"
"000000009598E9A20E04F041B38518182890A2D50100A3DF33FCC9BD1644BD14FCA330AA97850000288E18DA0000"	"\Divisions\PD\Line Hailey\BD_Efforts\LATIN AMERICA\Chile\Transelec\2016"
"000000009598E9A20E04F041B38518182890A2D50100A3DF33FCC9BD1644BD14FCA330AA9785000017360E240000"	"\Divisions\PD\Line Hailey\BD_Efforts\LATIN AMERICA\Colombia"
"000000009598E9A20E04F041B38518182890A2D5010012225CC57BF01F4EA8CCA87A792FF35F000053E1DEFC0000"	"\Divisions\PD\Line Hailey\BD_Efforts\LATIN AMERICA\FlashCier"
"000000009598E9A20E04F041B38518182890A2D50100A3DF33FCC9BD1644BD14FCA330AA978500002BC5FA9C0000"	"\Divisions\PD\Line Hailey\BD_Efforts\LATIN AMERICA\Mexico\CFE\Standards_Manuals"
"000000009598E9A20E04F041B38518182890A2D50100A3DF33FCC9BD1644BD14FCA330AA978500002BC64F200000"	"\Divisions\PD\Line Hailey\BD_Efforts\LATIN AMERICA\Organizations\CEAC"
"000000009598E9A20E04F041B38518182890A2D5010012225CC57BF01F4EA8CCA87A792FF35F00005DC2F3450000"	"\Divisions\PD\Line Hailey\BD_Efforts\LATIN AMERICA\USTDA"
"000000009598E9A20E04F041B38518182890A2D50100A3DF33FCC9BD1644BD14FCA330AA978500001F70299D0000"	"\Divisions\PD\Line Hailey\BD_Efforts\Lonestar\2014"
"000000009598E9A20E04F041B38518182890A2D5010012225CC57BF01F4EA8CCA87A792FF35F0001217308DC0000"	"\Divisions\PD\Line Hailey\BD_Efforts\Merrick\2017"
"000000009598E9A20E04F041B38518182890A2D50100A3DF33FCC9BD1644BD14FCA330AA978500002125E4EC0000"	"\Divisions\PD\Line Hailey\BD_Efforts\MID_Merced Irrigation District\2015\DBL Ckt 115-21 kV"
"000000009598E9A20E04F041B38518182890A2D50100A3DF33FCC9BD1644BD14FCA330AA978500002DA2C4680000"	"\Divisions\PD\Line Hailey\BD_Efforts\Mitkor"
"000000009598E9A20E04F041B38518182890A2D50100572FF007A7D6B64CA96E5CFE8E1CC1A40000005363A50000"	"\Divisions\PD\Line Hailey\BD_Efforts\NERC Line Rating Strategy"
"000000009598E9A20E04F041B38518182890A2D50100A3DF33FCC9BD1644BD14FCA330AA97850000211941B10000"	"\Divisions\PD\Line Hailey\BD_Efforts\Ninyo_Moore\General"
"000000009598E9A20E04F041B38518182890A2D50100A3DF33FCC9BD1644BD14FCA330AA9785000022D154550000"	"\Divisions\PD\Line Hailey\BD_Efforts\NTPC_Northwest Territories Power Corp\2015"
"000000009598E9A20E04F041B38518182890A2D50100CB7D9B6512D7374A860FE542D57703920000011B08B80000"	"\Divisions\PD\Line Hailey\BD_Efforts\NWE"
"000000009598E9A20E04F041B38518182890A2D50100A3DF33FCC9BD1644BD14FCA330AA97850000225753310000"	"\Divisions\PD\Line Hailey\BD_Efforts\Oncor\General"
"000000009598E9A20E04F041B38518182890A2D50100CB7D9B6512D7374A860FE542D57703920000011F9FFF0000"	"\Divisions\PD\Line Hailey\BD_Efforts\PacifiCorp\GSA Problem"
"000000009598E9A20E04F041B38518182890A2D50100A3DF33FCC9BD1644BD14FCA330AA978500001F05B8DF0000"	"\Divisions\PD\Line Hailey\BD_Efforts\Pattern Energy\General"
"000000009598E9A20E04F041B38518182890A2D50100A3DF33FCC9BD1644BD14FCA330AA978500002532CAF70000"	"\Divisions\PD\Line Hailey\BD_Efforts\PNM\2015"
"000000009598E9A20E04F041B38518182890A2D50100A3DF33FCC9BD1644BD14FCA330AA978500000E8A47FB0000"	"\Divisions\PD\Line Hailey\BD_Efforts\Powertel\2012\Grand Renewable"
"000000009598E9A20E04F041B38518182890A2D50100A3DF33FCC9BD1644BD14FCA330AA978500002CA882760000"	"\Divisions\PD\Line Hailey\BD_Efforts\Powertel\2016\Wataynikaneyap Geotech Proposal"
"000000009598E9A20E04F041B38518182890A2D5010012225CC57BF01F4EA8CCA87A792FF35F00011D8C7A290000"	"\Divisions\PD\Line Hailey\BD_Efforts\Puerto Rico\2017\Hurricane Restoration"
"000000009598E9A20E04F041B38518182890A2D501001953B16A689BCD4AA8FC82955DB27CB10000012679FA0000"	"\Divisions\PD\Line Hailey\BD_Efforts\Recurrent\Barren Ridge"
"000000009598E9A20E04F041B38518182890A2D50100A3DF33FCC9BD1644BD14FCA330AA978500001743512C0000"	"\Divisions\PD\Line Hailey\BD_Efforts\RES\SaskPower_Island Falls-Key Lake"
"000000009598E9A20E04F041B38518182890A2D5010012225CC57BF01F4EA8CCA87A792FF35F0000F38658550000"	"\Divisions\PD\Line Hailey\BD_Efforts\Rokstad\2017"
"000000009598E9A20E04F041B38518182890A2D50100F3BCE3A574023B4482F2E427B5A3121800004E8680D60000"	"\Divisions\PD\Line Hailey\BD_Efforts\RS Technologies\2016"
"000000009598E9A20E04F041B38518182890A2D5010012225CC57BF01F4EA8CCA87A792FF35F0002B4A0BD680000"	"\Divisions\PD\Line Hailey\BD_Efforts\RTA-Rio Tinto Alcan\2019"
"000000009598E9A20E04F041B38518182890A2D50100A3DF33FCC9BD1644BD14FCA330AA978500002DF141A50000"	"\Divisions\PD\Line Hailey\BD_Efforts\SaskPower\2016\Renewable Integration Study"
"000000009598E9A20E04F041B38518182890A2D50100A3DF33FCC9BD1644BD14FCA330AA9785000026B082AB0000"	"\Divisions\PD\Line Hailey\BD_Efforts\SCE\2015"
"000000009598E9A20E04F041B38518182890A2D50100A3DF33FCC9BD1644BD14FCA330AA9785000022F90CDE0000"	"\Divisions\PD\Line Hailey\BD_Efforts\Schofield Barracks\2015"
"000000009598E9A20E04F041B38518182890A2D50100A3DF33FCC9BD1644BD14FCA330AA978500001A3F69930000"	"\Divisions\PD\Line Hailey\BD_Efforts\SES-Solar Electric Solutions\Mohave West Gen-tie"
"000000009598E9A20E04F041B38518182890A2D5010012225CC57BF01F4EA8CCA87A792FF35F0000B10731EC0000"	"\Divisions\PD\Line Hailey\BD_Efforts\Smartwires\2017\T8_Deep Dive Mobile Bank"
"000000009598E9A20E04F041B38518182890A2D50100A3DF33FCC9BD1644BD14FCA330AA978500001AEB44CB0000"	"\Divisions\PD\Line Hailey\BD_Efforts\Solairedirect\2013"
"000000009598E9A20E04F041B38518182890A2D5010012225CC57BF01F4EA8CCA87A792FF35F0000BA2FA3200000"	"\Divisions\PD\Line Hailey\BD_Efforts\Sunflower\2017\A-Frame"
"000000009598E9A20E04F041B38518182890A2D501001953B16A689BCD4AA8FC82955DB27CB10000018FF6BA0000"	"\Divisions\PD\Line Hailey\BD_Efforts\TAH Energy\On-Line Interconnect"
"000000009598E9A20E04F041B38518182890A2D50100A3DF33FCC9BD1644BD14FCA330AA978500001F18C0E90000"	"\Divisions\PD\Line Hailey\BD_Efforts\Terra_Gen\2014\LADWP Crossing License"
"000000009598E9A20E04F041B38518182890A2D50100A3DF33FCC9BD1644BD14FCA330AA978500001BF03DA20000"	"\Divisions\PD\Line Hailey\BD_Efforts\Terra_Gen\50MW BESS"
"000000009598E9A20E04F041B38518182890A2D50100A3DF33FCC9BD1644BD14FCA330AA978500002170FCC60000"	"\Divisions\PD\Line Hailey\BD_Efforts\TID - Turlock\2015\August Substation Reconfig 115kV"
"000000009598E9A20E04F041B38518182890A2D5010012225CC57BF01F4EA8CCA87A792FF35F0000E22DFFEE0000"	"\Divisions\PD\Line Hailey\BD_Efforts\Trinity PUD\General"
"000000009598E9A20E04F041B38518182890A2D5010012225CC57BF01F4EA8CCA87A792FF35F0001B96097AA0000"	"\Divisions\PD\Line Hailey\BD_Efforts\USTDA\2018"
"000000009598E9A20E04F041B38518182890A2D5010012225CC57BF01F4EA8CCA87A792FF35F00016AA4C3900000"	"\Divisions\PD\Line Hailey\BD_Efforts\Velco\2018\Granite State Power Link"
"000000009598E9A20E04F041B38518182890A2D50100A3DF33FCC9BD1644BD14FCA330AA97850000252398C10000"	"\Divisions\PD\Line Hailey\BD_Efforts\Wheatland REA\2015\Qualls-Goshen 69 kV Rebuild"
"000000009598E9A20E04F041B38518182890A2D501001296C725372D7F4B86B758A22EA3141B0000004D31DE0000"	"\Divisions\PD\Line Hailey\BD_Efforts\wilson-kauai"
"000000009598E9A20E04F041B38518182890A2D50100A3DF33FCC9BD1644BD14FCA330AA978500002BF312EB0000"	"\Divisions\PD\Line Hailey\BD_Efforts\Yukon Energy Corporation"
"000000009598E9A20E04F041B38518182890A2D501001296C725372D7F4B86B758A22EA3141B0000005F9D500000"	"\Divisions\PD\Line Hailey\CLIENT_STDS_GENERAL\atc_general\EastCampus"
"000000009598E9A20E04F041B38518182890A2D50100A3DF33FCC9BD1644BD14FCA330AA978500001B7FF5760000"	"\Divisions\PD\Line Hailey\CLIENT_STDS_GENERAL\brazos-general\Lake Kemp - Seymour"
"000000009598E9A20E04F041B38518182890A2D50100572FF007A7D6B64CA96E5CFE8E1CC1A40000005119800000"	"\Divisions\PD\Line Hailey\CLIENT_STDS_GENERAL\TERNA"
"000000009598E9A20E04F041B38518182890A2D50100A3DF33FCC9BD1644BD14FCA330AA978500001B1D269F0000"	"\Divisions\PD\Line Hailey\Line Kansas City\00-DMS Upload"
"000000009598E9A20E04F041B38518182890A2D50100A3DF33FCC9BD1644BD14FCA330AA978500001B1D26CC0000"	"\Divisions\PD\Line Hailey\Line Kansas City\122595 PEF-FORT WHITE DSCADA PREP"
"000000009598E9A20E04F041B38518182890A2D50100A3DF33FCC9BD1644BD14FCA330AA978500001B1D26F90000"	"\Divisions\PD\Line Hailey\Line Kansas City\128368 RUBART STA INTERCONNECT REQ "
"000000009598E9A20E04F041B38518182890A2D5010012225CC57BF01F4EA8CCA87A792FF35F0000BA2FA3160000"	"\Divisions\PD\Line Hailey\Sunflower"
"000000009598E9A20E04F041B38518182890A2D50100A3DF33FCC9BD1644BD14FCA330AA978500002134F4700000"	"\Divisions\PD\Line Hamilton\137132"
"000000009598E9A20E04F041B38518182890A2D5010012225CC57BF01F4EA8CCA87A792FF35F0000122E78320000"	"\Divisions\PD\Line Hamilton\143156"
"000000009598E9A20E04F041B38518182890A2D5010012225CC57BF01F4EA8CCA87A792FF35F000174EAD0E50000"	"\Divisions\PD\Line Hamilton\149400"
"000000009598E9A20E04F041B38518182890A2D50100E34BFE500669CD49AC2E27C6C54DE39D00000010D0BB0000"	"\Divisions\PD\Line Houston\00-Closed Projects (remove by 11/09)"
"000000009598E9A20E04F041B38518182890A2D50100E34BFE500669CD49AC2E27C6C54DE39D00000024936F0000"	"\Divisions\PD\Line Houston\00-Closed Projects (remove by 11/09)\117437_Horizon_Wind_ERP_Reporting"
"000000009598E9A20E04F041B38518182890A2D50100E34BFE500669CD49AC2E27C6C54DE39D0000000AFD530000"	"\Divisions\PD\Line Houston\107391 Alaskan Way Via Duct"
"000000009598E9A20E04F041B38518182890A2D50100E34BFE500669CD49AC2E27C6C54DE39D0000000AFD600000"	"\Divisions\PD\Line Houston\107391 Alaskan Way Via Duct\00 UPLOADED TO DMS or PWC\00 Meeting Minutes\AWV-053"
"000000009598E9A20E04F041B38518182890A2D50100E34BFE500669CD49AC2E27C6C54DE39D0000000D592C0000"	"\Divisions\PD\Line Houston\107391 Alaskan Way Via Duct\00 UPLOADED TO DMS or PWC\00 Request For Information\AWV-061"
"000000009598E9A20E04F041B38518182890A2D50100E34BFE500669CD49AC2E27C6C54DE39D0000000AFD7D0000"	"\Divisions\PD\Line Houston\107391 Alaskan Way Via Duct\00 UPLOADED TO DMS or PWC\AWV-003 thru AWV-050\AWV-019"
"000000009598E9A20E04F041B38518182890A2D50100E34BFE500669CD49AC2E27C6C54DE39D0000000AFD820000"	"\Divisions\PD\Line Houston\107391 Alaskan Way Via Duct\00 UPLOADED TO DMS or PWC\AWV-003 thru AWV-050\AWV-048"
"000000009598E9A20E04F041B38518182890A2D50100E34BFE500669CD49AC2E27C6C54DE39D0000000D591F0000"	"\Divisions\PD\Line Houston\107391 Alaskan Way Via Duct\00 UPLOADED TO DMS or PWC\AWV-050 thruy AWV-100\AWV-074"
"000000009598E9A20E04F041B38518182890A2D50100E34BFE500669CD49AC2E27C6C54DE39D0000000D59370000"	"\Divisions\PD\Line Houston\107391 Alaskan Way Via Duct\Completed Tasks"
"000000009598E9A20E04F041B38518182890A2D50100A3DF33FCC9BD1644BD14FCA330AA978500001DCF14050000"	"\Divisions\PD\Line Houston\134483_Brazos_Meridian Sub_WO#"
"000000009598E9A20E04F041B38518182890A2D50100F3BCE3A574023B4482F2E427B5A3121800004D8F11B30000"	"\Divisions\PD\Line Houston\136780_AEP_Cleveland_WO#"
"000000009598E9A20E04F041B38518182890A2D50100A3DF33FCC9BD1644BD14FCA330AA978500002A5E404A0000"	"\Divisions\PD\Line Kansas City\139730 Entergy LA LNG"
"000000009598E9A20E04F041B38518182890A2D50100A3DF33FCC9BD1644BD14FCA330AA9785000019CD1AF70000"	"\Divisions\PD\Line Orlando\128144 - OUC 5-0212 TRANSMISSION LINE"
"000000009598E9A20E04F041B38518182890A2D50100A3DF33FCC9BD1644BD14FCA330AA978500001C7A509B0000"	"\Divisions\PD\Line Orlando\133079-FPL-FDOT SPANISH RIVER LINE"
"000000009598E9A20E04F041B38518182890A2D50100A3DF33FCC9BD1644BD14FCA330AA978500001F814CF80000"	"\Divisions\PD\Line Orlando\136017-DUKE ENERGY-OPGW/ADSS ADD"
"000000009598E9A20E04F041B38518182890A2D50100A3DF33FCC9BD1644BD14FCA330AA9785000021AA91440000"	"\Divisions\PD\Line Orlando\137458-FPL LUMP SUM STRUCT'L ANALYSIS"
"000000009598E9A20E04F041B38518182890A2D50100A3DF33FCC9BD1644BD14FCA330AA97850000271385840000"	"\Divisions\PD\Line Orlando\140603-OUC-HOLDEN RD WIDENING"
"000000009598E9A20E04F041B38518182890A2D50100A3DF33FCC9BD1644BD14FCA330AA978500002DA0F1830000"	"\Divisions\PD\Line Orlando\143224-FPL-TUSCANY CELL TWR STR 137M9"
"000000009598E9A20E04F041B38518182890A2D50100CB7D9B6512D7374A860FE542D57703920000012357FA0000"	"\Divisions\PD\Line Portland\122424 - PacifiCorp Whitney Canyon"
"000000009598E9A20E04F041B38518182890A2D50100A3DF33FCC9BD1644BD14FCA330AA9785000021801DB70000"	"\Divisions\PD\Line Portland\131745 - Oncor Tex Harvey\Line San Diego"
"000000009598E9A20E04F041B38518182890A2D50100A3DF33FCC9BD1644BD14FCA330AA9785000021AA61250000"	"\Divisions\PD\Line Portland\137449 - Oncor Mountain Ck Norwood"
"000000009598E9A20E04F041B38518182890A2D5010012225CC57BF01F4EA8CCA87A792FF35F0000122E784E0000"	"\Divisions\PD\Line Portland\143469 - Carrollton NW-Crown"
"000000009598E9A20E04F041B38518182890A2D5010012225CC57BF01F4EA8CCA87A792FF35F0000E3DE40B80000"	"\Divisions\PD\Line Portland\146697 - ONCOR Trira-Norwood"
"000000009598E9A20E04F041B38518182890A2D5010012225CC57BF01F4EA8CCA87A792FF35F00023F215F860000"	"\Divisions\PD\Line Portland\154020 - AEP Bruton Station"
"000000009598E9A20E04F041B38518182890A2D5010012225CC57BF01F4EA8CCA87A792FF35F00039ACA17260000"	"\Divisions\PD\Line Portland\Gateway Field Engineering CALENDAR"
"000000009598E9A20E04F041B38518182890A2D50100A3DF33FCC9BD1644BD14FCA330AA978500002000FFD60000"	"\Divisions\PD\Line San Diego\136194 SSVEC Hawes-Che-Golf 69kV"
"000000009598E9A20E04F041B38518182890A2D50100A3DF33FCC9BD1644BD14FCA330AA97850000224D93E90000"	"\Divisions\PD\Line San Diego\HECO OE (46kV TD - CSS Support)"
"000000009598E9A20E04F041B38518182890A2D5010012225CC57BF01F4EA8CCA87A792FF35F00018500D1D10000"	"\Divisions\PD\Line Syracuse\_PPL HOLD\145223 PPL - B49923 SEG 12B SUB UPGR JENKINS"
"000000009598E9A20E04F041B38518182890A2D5010012225CC57BF01F4EA8CCA87A792FF35F0002D6D8500B0000"	"\Divisions\PD\MPD\Trade Shows"
"000000009598E9A20E04F041B38518182890A2D50100572FF007A7D6B64CA96E5CFE8E1CC1A400000016478A0000"	"\Divisions\PD\North Attleboro Project Site\AIR's\Closed AIR's\0015"
"000000009598E9A20E04F041B38518182890A2D50100572FF007A7D6B64CA96E5CFE8E1CC1A400000014C0AA0000"	"\Divisions\PD\North Attleboro Project Site\AIR's\Closed AIR's\0076"
"000000009598E9A20E04F041B38518182890A2D50100572FF007A7D6B64CA96E5CFE8E1CC1A40000001647690000"	"\Divisions\PD\North Attleboro Project Site\AIR's\Open AIR's\0081"
"000000009598E9A20E04F041B38518182890A2D50100572FF007A7D6B64CA96E5CFE8E1CC1A400000012926B0000"	"\Divisions\PD\North Attleboro Project Site\Projects\113505-New 345/115kV SS Plainville MA"
"000000009598E9A20E04F041B38518182890A2D50100E34BFE500669CD49AC2E27C6C54DE39D0000003DC1400000"	"\Divisions\PD\North Attleboro Project Site\Projects\113517-S171/T172 115KV Line WF-Dmrck\DD-CM-01\Lines"
"000000009598E9A20E04F041B38518182890A2D50100CB7D9B6512D7374A860FE542D57703920000012B26050000"	"\Divisions\PD\North Attleboro Project Site\Projects\122994 - Nstar Project Managment"
"000000009598E9A20E04F041B38518182890A2D50100A3DF33FCC9BD1644BD14FCA330AA978500001A22BBB10000"	"\Divisions\PD\North Attleboro Project Site\Projects\130517-PSEG OE SUPORT 2"
"000000009598E9A20E04F041B38518182890A2D501006C95E27D1ACA634AA1AADC20796388DD000000905FFA0000"	"\Divisions\PD\PCI Comm Project Control"
"000000009598E9A20E04F041B38518182890A2D50100A3DF33FCC9BD1644BD14FCA330AA97850000261822890000"	"\Divisions\PD\PCI Sacramento\00-DMS Upload\140171 - ITC GRT PLNS VENDOR SURV"
"000000009598E9A20E04F041B38518182890A2D50100A3DF33FCC9BD1644BD14FCA330AA9785000027A9B5FF0000"	"\Divisions\PD\PCI Sacramento\00-DMS Upload\RL FIBER OPTIC PROJECT"
"000000009598E9A20E04F041B38518182890A2D50100A3DF33FCC9BD1644BD14FCA330AA978500000E8615560000"	"\Divisions\PD\PCI Sacramento\117291 NPPD345KV AXTELL-KANSAS LINE\Axtell-Kansas\Brink"
"000000009598E9A20E04F041B38518182890A2D50100A3DF33FCC9BD1644BD14FCA330AA978500000E8627830000"	"\Divisions\PD\PCI Sacramento\117291 NPPD345KV AXTELL-KANSAS LINE\Axtell-Kansas\Weekly Project Meeting"
"000000009598E9A20E04F041B38518182890A2D501001953B16A689BCD4AA8FC82955DB27CB1000001D2296A0000"	"\Divisions\PD\PCI Sacramento\121690 ON Line Project\All Inspector Reports\Daily Reports (Line)"
"000000009598E9A20E04F041B38518182890A2D50100A3DF33FCC9BD1644BD14FCA330AA9785000019A0CA950000"	"\Divisions\PD\PCI Sacramento\121690 ON Line Project\All Inspector Reports\OPGW Stringing"
"000000009598E9A20E04F041B38518182890A2D501001953B16A689BCD4AA8FC82955DB27CB1000001CEC6280000"	"\Divisions\PD\PCI Sacramento\121690 ON Line Project\All Inspector Reports\Substation Equipment Reports"
"000000009598E9A20E04F041B38518182890A2D501001953B16A689BCD4AA8FC82955DB27CB1000001C87F710000"	"\Divisions\PD\PCI Sacramento\124687 TOPAZ FIRST SOLAR"
"000000009598E9A20E04F041B38518182890A2D50100A3DF33FCC9BD1644BD14FCA330AA978500001D81474B0000"	"\Divisions\PD\PCI Sacramento\129781 RIVER ROAD SUBSTATION2\Daily Reports"
"000000009598E9A20E04F041B38518182890A2D50100A3DF33FCC9BD1644BD14FCA330AA978500001C97725C0000"	"\Divisions\PD\PCI Sacramento\132259 MO Program Management\001\Meeting Items"
"000000009598E9A20E04F041B38518182890A2D50100A3DF33FCC9BD1644BD14FCA330AA978500001C9772A60000"	"\Divisions\PD\PCI Sacramento\132259 MO Program Management\002\Misc"
"000000009598E9A20E04F041B38518182890A2D50100A3DF33FCC9BD1644BD14FCA330AA978500001C97754D0000"	"\Divisions\PD\PCI Sacramento\132259 MO Program Management\007\Real Estate"
"000000009598E9A20E04F041B38518182890A2D50100A3DF33FCC9BD1644BD14FCA330AA978500001C9773BF0000"	"\Divisions\PD\PCI Sacramento\132259 MO Program Management\010\RFIs"
"000000009598E9A20E04F041B38518182890A2D50100A3DF33FCC9BD1644BD14FCA330AA978500001C97741A0000"	"\Divisions\PD\PCI Sacramento\132259 MO Program Management\011\Safety"
"000000009598E9A20E04F041B38518182890A2D50100A3DF33FCC9BD1644BD14FCA330AA978500001C9774620000"	"\Divisions\PD\PCI Sacramento\132259 MO Program Management\012\Schedule"
"000000009598E9A20E04F041B38518182890A2D50100A3DF33FCC9BD1644BD14FCA330AA978500001C9774B00000"	"\Divisions\PD\PCI Sacramento\132259 MO Program Management\030\Scope"
"000000009598E9A20E04F041B38518182890A2D50100A3DF33FCC9BD1644BD14FCA330AA978500001C9772FF0000"	"\Divisions\PD\PCI Sacramento\132259 MO Program Management\040\TRANSMITTALS"
"000000009598E9A20E04F041B38518182890A2D50100A3DF33FCC9BD1644BD14FCA330AA978500001C9773310000"	"\Divisions\PD\PCI Sacramento\132259 MO Program Management\080"
"000000009598E9A20E04F041B38518182890A2D50100A3DF33FCC9BD1644BD14FCA330AA978500001C9773600000"	"\Divisions\PD\PCI Sacramento\132259 MO Program Management\090\Engineering"
"000000009598E9A20E04F041B38518182890A2D50100A3DF33FCC9BD1644BD14FCA330AA978500001C976A190000"	"\Divisions\PD\PCI Sacramento\132260 IL Program Management Support\001\Engineering"
"000000009598E9A20E04F041B38518182890A2D50100A3DF33FCC9BD1644BD14FCA330AA978500001C976A660000"	"\Divisions\PD\PCI Sacramento\132260 IL Program Management Support\002\Engineering Inspection"
"000000009598E9A20E04F041B38518182890A2D50100A3DF33FCC9BD1644BD14FCA330AA978500001C9769DC0000"	"\Divisions\PD\PCI Sacramento\132260 IL Program Management Support\003\Environmental"
"000000009598E9A20E04F041B38518182890A2D50100A3DF33FCC9BD1644BD14FCA330AA978500001C976A990000"	"\Divisions\PD\PCI Sacramento\132260 IL Program Management Support\004\Financial"
"000000009598E9A20E04F041B38518182890A2D50100A3DF33FCC9BD1644BD14FCA330AA978500001C976AC90000"	"\Divisions\PD\PCI Sacramento\132260 IL Program Management Support\005\Materials"
"000000009598E9A20E04F041B38518182890A2D50100A3DF33FCC9BD1644BD14FCA330AA978500001C976AF80000"	"\Divisions\PD\PCI Sacramento\132260 IL Program Management Support\006\Meeting Items"
"000000009598E9A20E04F041B38518182890A2D50100A3DF33FCC9BD1644BD14FCA330AA978500001C976B280000"	"\Divisions\PD\PCI Sacramento\132260 IL Program Management Support\007\Misc"
"000000009598E9A20E04F041B38518182890A2D50100A3DF33FCC9BD1644BD14FCA330AA978500001C976B570000"	"\Divisions\PD\PCI Sacramento\132260 IL Program Management Support\008\Real Estate"
"000000009598E9A20E04F041B38518182890A2D50100A3DF33FCC9BD1644BD14FCA330AA978500001C976C000000"	"\Divisions\PD\PCI Sacramento\132260 IL Program Management Support\009\RFIs"
"000000009598E9A20E04F041B38518182890A2D50100A3DF33FCC9BD1644BD14FCA330AA978500001C976C300000"	"\Divisions\PD\PCI Sacramento\132260 IL Program Management Support\010\Safety"
"000000009598E9A20E04F041B38518182890A2D50100A3DF33FCC9BD1644BD14FCA330AA978500001C976C5F0000"	"\Divisions\PD\PCI Sacramento\132260 IL Program Management Support\011\Schedule"
"000000009598E9A20E04F041B38518182890A2D50100A3DF33FCC9BD1644BD14FCA330AA978500001C976C8E0000"	"\Divisions\PD\PCI Sacramento\132260 IL Program Management Support\012\Scope"
"000000009598E9A20E04F041B38518182890A2D50100A3DF33FCC9BD1644BD14FCA330AA978500001C976CBE0000"	"\Divisions\PD\PCI Sacramento\132260 IL Program Management Support\013\TRANSMITTALS"
"000000009598E9A20E04F041B38518182890A2D50100A3DF33FCC9BD1644BD14FCA330AA978500001C976CF00000"	"\Divisions\PD\PCI Sacramento\132260 IL Program Management Support\015"
"000000009598E9A20E04F041B38518182890A2D50100A3DF33FCC9BD1644BD14FCA330AA978500001C976D200000"	"\Divisions\PD\PCI Sacramento\132260 IL Program Management Support\016\Engineering"
"000000009598E9A20E04F041B38518182890A2D50100A3DF33FCC9BD1644BD14FCA330AA978500001C976D520000"	"\Divisions\PD\PCI Sacramento\132260 IL Program Management Support\017\Engineering Inspection"
"000000009598E9A20E04F041B38518182890A2D50100A3DF33FCC9BD1644BD14FCA330AA978500001C976D810000"	"\Divisions\PD\PCI Sacramento\132260 IL Program Management Support\019\Environmental"
"000000009598E9A20E04F041B38518182890A2D50100A3DF33FCC9BD1644BD14FCA330AA978500001C976DBD0000"	"\Divisions\PD\PCI Sacramento\132260 IL Program Management Support\020\Financial"
"000000009598E9A20E04F041B38518182890A2D50100A3DF33FCC9BD1644BD14FCA330AA978500001C976E8F0000"	"\Divisions\PD\PCI Sacramento\132260 IL Program Management Support\021\Materials"
"000000009598E9A20E04F041B38518182890A2D50100A3DF33FCC9BD1644BD14FCA330AA978500001C976EC60000"	"\Divisions\PD\PCI Sacramento\132260 IL Program Management Support\022\Meeting Items"
"000000009598E9A20E04F041B38518182890A2D50100A3DF33FCC9BD1644BD14FCA330AA978500001C976EF80000"	"\Divisions\PD\PCI Sacramento\132260 IL Program Management Support\023\Misc"
"000000009598E9A20E04F041B38518182890A2D50100A3DF33FCC9BD1644BD14FCA330AA978500001C976F270000"	"\Divisions\PD\PCI Sacramento\132260 IL Program Management Support\024\Real Estate"
"000000009598E9A20E04F041B38518182890A2D50100A3DF33FCC9BD1644BD14FCA330AA978500001C976F560000"	"\Divisions\PD\PCI Sacramento\132260 IL Program Management Support\025\RFIs"
"000000009598E9A20E04F041B38518182890A2D50100A3DF33FCC9BD1644BD14FCA330AA978500001C976F850000"	"\Divisions\PD\PCI Sacramento\132260 IL Program Management Support\026\Safety"
"000000009598E9A20E04F041B38518182890A2D50100A3DF33FCC9BD1644BD14FCA330AA978500001C976FB50000"	"\Divisions\PD\PCI Sacramento\132260 IL Program Management Support\027\Schedule"
"000000009598E9A20E04F041B38518182890A2D50100A3DF33FCC9BD1644BD14FCA330AA978500001C976FE40000"	"\Divisions\PD\PCI Sacramento\132260 IL Program Management Support\028\Scope"
"000000009598E9A20E04F041B38518182890A2D50100A3DF33FCC9BD1644BD14FCA330AA978500001C9770240000"	"\Divisions\PD\PCI Sacramento\132260 IL Program Management Support\030\TRANSMITTALS"
"000000009598E9A20E04F041B38518182890A2D50100A3DF33FCC9BD1644BD14FCA330AA978500001C9770560000"	"\Divisions\PD\PCI Sacramento\132260 IL Program Management Support\032"
"000000009598E9A20E04F041B38518182890A2D50100A3DF33FCC9BD1644BD14FCA330AA978500001C9770850000"	"\Divisions\PD\PCI Sacramento\132260 IL Program Management Support\033\Engineering"
"000000009598E9A20E04F041B38518182890A2D50100A3DF33FCC9BD1644BD14FCA330AA978500001C9770B40000"	"\Divisions\PD\PCI Sacramento\132260 IL Program Management Support\034\Engineering Inspection"
"000000009598E9A20E04F041B38518182890A2D50100A3DF33FCC9BD1644BD14FCA330AA978500001C9770E30000"	"\Divisions\PD\PCI Sacramento\132260 IL Program Management Support\035\Environmental"
"000000009598E9A20E04F041B38518182890A2D50100A3DF33FCC9BD1644BD14FCA330AA978500001C9771AC0000"	"\Divisions\PD\PCI Sacramento\132260 IL Program Management Support\036\Financial"
"000000009598E9A20E04F041B38518182890A2D50100A3DF33FCC9BD1644BD14FCA330AA978500001D5A61E70000"	"\Divisions\PD\PCI Sacramento\132260 IL Program Management Support\037\Materials"
"000000009598E9A20E04F041B38518182890A2D50100A3DF33FCC9BD1644BD14FCA330AA978500001D5A62370000"	"\Divisions\PD\PCI Sacramento\132260 IL Program Management Support\038\Meeting Items"
"000000009598E9A20E04F041B38518182890A2D50100A3DF33FCC9BD1644BD14FCA330AA978500001D5A626A0000"	"\Divisions\PD\PCI Sacramento\132260 IL Program Management Support\039\Misc"
"000000009598E9A20E04F041B38518182890A2D50100A3DF33FCC9BD1644BD14FCA330AA978500001D5A62BD0000"	"\Divisions\PD\PCI Sacramento\132260 IL Program Management Support\040\Real Estate"
"000000009598E9A20E04F041B38518182890A2D50100A3DF33FCC9BD1644BD14FCA330AA978500001D5A63C30000"	"\Divisions\PD\PCI Sacramento\132260 IL Program Management Support\041\RFIs"
"000000009598E9A20E04F041B38518182890A2D50100A3DF33FCC9BD1644BD14FCA330AA978500001FF23E290000"	"\Divisions\PD\PCI Sacramento\136293 NATCHEZ IMPROVEMENT PROJECT"
"000000009598E9A20E04F041B38518182890A2D50100A3DF33FCC9BD1644BD14FCA330AA978500002C16A3730000"	"\Divisions\PD\PCI Sacramento\141137 PNM 2016 P&C TESTING INSP"
"000000009598E9A20E04F041B38518182890A2D5010012225CC57BF01F4EA8CCA87A792FF35F000175366F460000"	"\Divisions\PD\PCI Sacramento\150887 - PLAYBOOK 2018 TASK 3 & 6"
"000000009598E9A20E04F041B38518182890A2D50100E34BFE500669CD49AC2E27C6C54DE39D00000018EF400000"	"\Divisions\PD\PCI Sacramento\Houston Projects\114672_CenterPoint_Energy\Plaza_Station"
"000000009598E9A20E04F041B38518182890A2D50100A3DF33FCC9BD1644BD14FCA330AA97850000162001120000"	"\Divisions\PD\PDS Group Phoenix\124932 Element Trans Intercon Support"
"000000009598E9A20E04F041B38518182890A2D50100A3DF33FCC9BD1644BD14FCA330AA97850000161FE5930000"	"\Divisions\PD\PDS Group Phoenix\124964 Pinal Pwr Maricopa Biomass Pro"
"000000009598E9A20E04F041B38518182890A2D50100A3DF33FCC9BD1644BD14FCA330AA97850000162006100000"	"\Divisions\PD\PDS Group Phoenix\124985 TEP Freeport-McMoran SIS"
"000000009598E9A20E04F041B38518182890A2D50100A3DF33FCC9BD1644BD14FCA330AA978500001B21ECC20000"	"\Divisions\PD\PDS Group Phoenix\124988 TEP UNS Kingman Wind II\WESTERN WIND - Steel Park[16w+4s]\FeS\GR & HT LTC's"
"000000009598E9A20E04F041B38518182890A2D50100A3DF33FCC9BD1644BD14FCA330AA978500001B21D5FE0000"	"\Divisions\PD\PDS Group Phoenix\124989 TEP Mod 29 Study\2012"
"000000009598E9A20E04F041B38518182890A2D50100A3DF33FCC9BD1644BD14FCA330AA9785000016742D670000"	"\Divisions\PD\PDS Group Phoenix\126328_SWAT Sil Non-Jurisdictional"
"000000009598E9A20E04F041B38518182890A2D50100A3DF33FCC9BD1644BD14FCA330AA978500001761AF960000"	"\Divisions\PD\PDS Group Phoenix\127519 DATC Zephyr Power XMSN SIS"
"000000009598E9A20E04F041B38518182890A2D50100A3DF33FCC9BD1644BD14FCA330AA97850000192A61320000"	"\Divisions\PD\PDS Group Phoenix\129285 RMT Bluestem 345 kV Strategic"
"000000009598E9A20E04F041B38518182890A2D50100A3DF33FCC9BD1644BD14FCA330AA978500001A8F385E0000"	"\Divisions\PD\PDS Group Phoenix\130839 GAS & PLANT FEASIBILITY ANALY"
"000000009598E9A20E04F041B38518182890A2D50100A3DF33FCC9BD1644BD14FCA330AA978500001B58374D0000"	"\Divisions\PD\PDS Group Phoenix\132199 APS SIL Sensitivity Analysis"
"000000009598E9A20E04F041B38518182890A2D50100A3DF33FCC9BD1644BD14FCA330AA978500001D3C33C00000"	"\Divisions\PD\PDS Group Phoenix\133271 IND REV OPS SECURITY MANUAL"
"000000009598E9A20E04F041B38518182890A2D50100A3DF33FCC9BD1644BD14FCA330AA97850000161FEF8E0000"	"\Divisions\PD\PDS Group Phoenix\CLOSED\124968 - Closed"
"000000009598E9A20E04F041B38518182890A2D5010012225CC57BF01F4EA8CCA87A792FF35F00053876816B0000"	"\Divisions\PD\PM Group\169043_T27394_Dade-Airport 138kV Reconductor\_PM"
"000000009598E9A20E04F041B38518182890A2D5010012225CC57BF01F4EA8CCA87A792FF35F000596E6EBCD0000"	"\Divisions\PD\Power Delivery Distribution Services Mgmt Dept"
"000000009598E9A20E04F041B38518182890A2D501006C95E27D1ACA634AA1AADC20796388DD000000ED7DD40000"	"\Divisions\PD\Project Control\100425 - PCI\DRMcNatty"
"000000009598E9A20E04F041B38518182890A2D501006C95E27D1ACA634AA1AADC20796388DD000000BBE0BF0000"	"\Divisions\PD\Project Control\100501 - Office PV Project - Hailey\Idaho Power"
"000000009598E9A20E04F041B38518182890A2D501006C95E27D1ACA634AA1AADC20796388DD0000004D96670000"	"\Divisions\PD\Project Control\112485- Catenary Installation\Acklands Grainger"
"000000009598E9A20E04F041B38518182890A2D501006C95E27D1ACA634AA1AADC20796388DD00000049C5870000"	"\Divisions\PD\Project Control\112892- SEH BF2P3 Bldg 63"
"000000009598E9A20E04F041B38518182890A2D501006C95E27D1ACA634AA1AADC20796388DD00000049C58F0000"	"\Divisions\PD\Project Control\113349- Spanish Ford Wind SCADA RTU Design"
"000000009598E9A20E04F041B38518182890A2D501006C95E27D1ACA634AA1AADC20796388DD00000091F8FF0000"	"\Divisions\PD\Project Control\113487 - Kent County 1 - National Grid\Pierce Aluminum"
"000000009598E9A20E04F041B38518182890A2D501006C95E27D1ACA634AA1AADC20796388DD000000D9F2DF0000"	"\Divisions\PD\Project Control\113487 - Kent County 2 - National Grid\Fastenal"
"000000009598E9A20E04F041B38518182890A2D501006C95E27D1ACA634AA1AADC20796388DD000000A5B3D90000"	"\Divisions\PD\Project Control\113487 - Kent County 2 - National Grid\Trench"
"000000009598E9A20E04F041B38518182890A2D501006C95E27D1ACA634AA1AADC20796388DD000000522F900000"	"\Divisions\PD\Project Control\114143 - Pioneer Prairie\114143 - Pioneer Prairie"
"000000009598E9A20E04F041B38518182890A2D501006C95E27D1ACA634AA1AADC20796388DD0000005101F40000"	"\Divisions\PD\Project Control\114572 - Prairie Star"
"000000009598E9A20E04F041B38518182890A2D501006C95E27D1ACA634AA1AADC20796388DD0000006598840000"	"\Divisions\PD\Project Control\115069 - High Lonesome\Newark"
"000000009598E9A20E04F041B38518182890A2D501006C95E27D1ACA634AA1AADC20796388DD00000064FE7F0000"	"\Divisions\PD\Project Control\115446 - Scolari Roaster Rebuild - Starbucks\Technical Controls"
"000000009598E9A20E04F041B38518182890A2D501006C95E27D1ACA634AA1AADC20796388DD0000007BA6590000"	"\Divisions\PD\Project Control\116821 - BARNOPS Sub. - Raytheon"
"000000009598E9A20E04F041B38518182890A2D501006C95E27D1ACA634AA1AADC20796388DD000000B16C510000"	"\Divisions\PD\Project Control\117587 - Midwest Ogallah Switchyard\ABB"
"000000009598E9A20E04F041B38518182890A2D501006C95E27D1ACA634AA1AADC20796388DD0000009E3F4D0000"	"\Divisions\PD\Project Control\118311 - CMP 115KV Breaker Rplc"
"000000009598E9A20E04F041B38518182890A2D501006C95E27D1ACA634AA1AADC20796388DD00000094AD670000"	"\Divisions\PD\Project Control\118982 - KMPUD\Deisel Gen-Sets"
"000000009598E9A20E04F041B38518182890A2D501006C95E27D1ACA634AA1AADC20796388DD000000C8DFF30000"	"\Divisions\PD\Project Control\119909 - CMP - 115kV Breaker Replacement\COOPER Power"
"000000009598E9A20E04F041B38518182890A2D501006C95E27D1ACA634AA1AADC20796388DD000000BC1B370000"	"\Divisions\PD\Project Control\120638 - TVA - Pioneer Prairie - Horizon Wind"
"000000009598E9A20E04F041B38518182890A2D501006C95E27D1ACA634AA1AADC20796388DD000000D16D9F0000"	"\Divisions\PD\Project Control\121322 - Blue Canyon 2"
"000000009598E9A20E04F041B38518182890A2D50100CB7D9B6512D7374A860FE542D57703920000012867DD0000"	"\Divisions\PD\Project Control\121659 - SEPC / SPP NTC Phase One & Planning\Steel Structures"
"000000009598E9A20E04F041B38518182890A2D50100CB7D9B6512D7374A860FE542D57703920000011E06520000"	"\Divisions\PD\Project Control\121660 - Clipper Shooting Star\EP2 - Panels"
"000000009598E9A20E04F041B38518182890A2D501006C95E27D1ACA634AA1AADC20796388DD000000F3E57C0000"	"\Divisions\PD\Project Control\121660 - Clipper Shooting Star\Trench - Line Trap"
"000000009598E9A20E04F041B38518182890A2D501001953B16A689BCD4AA8FC82955DB27CB10000013BF18B0000"	"\Divisions\PD\Project Control\123097 - DSCADA / Progress Energy\Alpha Power"
"000000009598E9A20E04F041B38518182890A2D501001953B16A689BCD4AA8FC82955DB27CB10000012FE9A70000"	"\Divisions\PD\Project Control\123097 - DSCADA / Progress Energy\Seasafe / ACR"
"000000009598E9A20E04F041B38518182890A2D501001953B16A689BCD4AA8FC82955DB27CB10000013624030000"	"\Divisions\PD\Project Control\123451 - St. John Substation / SEPC\Kriz Davis - Surge Arresters"
"000000009598E9A20E04F041B38518182890A2D501001953B16A689BCD4AA8FC82955DB27CB1000001E052130000"	"\Divisions\PD\Project Control\124138 - Duke Buckner Tap\Kriz Davis"
"000000009598E9A20E04F041B38518182890A2D50100A3DF33FCC9BD1644BD14FCA330AA97850000174B7EB10000"	"\Divisions\PD\Project Control\124256 - Barber Sub.\EP2 - Panels"
"000000009598E9A20E04F041B38518182890A2D50100A3DF33FCC9BD1644BD14FCA330AA97850000171AFA210000"	"\Divisions\PD\Project Control\124256 - Barber Sub.\Trachte"
"000000009598E9A20E04F041B38518182890A2D501001953B16A689BCD4AA8FC82955DB27CB1000001D0294A0000"	"\Divisions\PD\Project Control\124772 - Kellogg's"
"000000009598E9A20E04F041B38518182890A2D50100A3DF33FCC9BD1644BD14FCA330AA9785000019B5A06C0000"	"\Divisions\PD\Project Control\125583 - Cimarron Substation\Kemco - Panel Rails and Filler"
"000000009598E9A20E04F041B38518182890A2D50100A3DF33FCC9BD1644BD14FCA330AA97850000190057D20000"	"\Divisions\PD\Project Control\125583 - Cimarron Substation\RFQ - Current Limiting Reactors\Alstom Grid"
"000000009598E9A20E04F041B38518182890A2D50100A3DF33FCC9BD1644BD14FCA330AA9785000017FCE0590000"	"\Divisions\PD\Project Control\125583 - Cimarron Substation\RFQ - Surge Arresters"
"000000009598E9A20E04F041B38518182890A2D50100A3DF33FCC9BD1644BD14FCA330AA97850000192E323E0000"	"\Divisions\PD\Project Control\125843 - Barber Interchange"
"000000009598E9A20E04F041B38518182890A2D50100A3DF33FCC9BD1644BD14FCA330AA9785000017FEACCE0000"	"\Divisions\PD\Project Control\126373 - Harper Sub.\RFQ - Voltage Transformer"
"000000009598E9A20E04F041B38518182890A2D50100A3DF33FCC9BD1644BD14FCA330AA97850000187861730000"	"\Divisions\PD\Project Control\126376 - Harper to Flat Ridge\KDHE"
"000000009598E9A20E04F041B38518182890A2D50100A3DF33FCC9BD1644BD14FCA330AA97850000195478120000"	"\Divisions\PD\Project Control\127239 - TMK Nextera\MEPPI"
"000000009598E9A20E04F041B38518182890A2D50100A3DF33FCC9BD1644BD14FCA330AA9785000018DE54B60000"	"\Divisions\PD\Project Control\128070 - Macho Springs Solar\Circuit Breakers\S&C"
"000000009598E9A20E04F041B38518182890A2D50100A3DF33FCC9BD1644BD14FCA330AA9785000018DE76770000"	"\Divisions\PD\Project Control\128070 - Macho Springs Solar\Pole Mount Transformer\Central Maloney"
"000000009598E9A20E04F041B38518182890A2D50100A3DF33FCC9BD1644BD14FCA330AA978500001CC0D9440000"	"\Divisions\PD\Project Control\129781 - River Road\Con-Way"
"000000009598E9A20E04F041B38518182890A2D50100A3DF33FCC9BD1644BD14FCA330AA978500001B5E66A50000"	"\Divisions\PD\Project Control\129781 - River Road\RFP - Electrical\Great Southwestern Construction"
"000000009598E9A20E04F041B38518182890A2D50100A3DF33FCC9BD1644BD14FCA330AA978500001AAD7B7F0000"	"\Divisions\PD\Project Control\130338 - Shoofly's and Lines / SEPC\RFQ - Steel Poles"
"000000009598E9A20E04F041B38518182890A2D50100A3DF33FCC9BD1644BD14FCA330AA978500001CD600620000"	"\Divisions\PD\Project Control\130766 - CRS PH2\RFQ's\CLR, Indoor"
"000000009598E9A20E04F041B38518182890A2D50100A3DF33FCC9BD1644BD14FCA330AA978500001BC063720000"	"\Divisions\PD\Project Control\132085 - East Hall Sub.\Budgetary Pricing for Equipment\Control Center"
"000000009598E9A20E04F041B38518182890A2D50100A3DF33FCC9BD1644BD14FCA330AA978500001D4F97010000"	"\Divisions\PD\Project Control\132085 - East Hall Sub.\RFP's - Subcontractors"
"000000009598E9A20E04F041B38518182890A2D50100A3DF33FCC9BD1644BD14FCA330AA978500001C800ADB0000"	"\Divisions\PD\Project Control\132085 - East Hall Sub.\RFQ's\Control Building\Steel Builders Construction (Behlen)"
"000000009598E9A20E04F041B38518182890A2D50100A3DF33FCC9BD1644BD14FCA330AA978500001CEE609D0000"	"\Divisions\PD\Project Control\132085 - East Hall Sub.\RFQ's\Steel Structures\Powerfab"
"000000009598E9A20E04F041B38518182890A2D50100A3DF33FCC9BD1644BD14FCA330AA978500001D648A4B0000"	"\Divisions\PD\Project Control\132085 - East Hall Sub.\Trailer and Toilets"
"000000009598E9A20E04F041B38518182890A2D50100A3DF33FCC9BD1644BD14FCA330AA978500001E2F43960000"	"\Divisions\PD\Project Control\133317 - RS Shooflys & Lines\RFP's\Shoo-Fly's, 115kV\PAR"
"000000009598E9A20E04F041B38518182890A2D50100A3DF33FCC9BD1644BD14FCA330AA978500001D8B6BA70000"	"\Divisions\PD\Project Control\133430 - North Fort Dodge\ABB - SSVT, 115kV"
"000000009598E9A20E04F041B38518182890A2D50100A3DF33FCC9BD1644BD14FCA330AA978500001E4E86B70000"	"\Divisions\PD\Project Control\133430 - North Fort Dodge\RFP's\Substation Contractor\Energy Erectors"
"000000009598E9A20E04F041B38518182890A2D50100A3DF33FCC9BD1644BD14FCA330AA978500001DB73D580000"	"\Divisions\PD\Project Control\133430 - North Fort Dodge\RFQ's\Control Building\PTMW"
"000000009598E9A20E04F041B38518182890A2D50100A3DF33FCC9BD1644BD14FCA330AA978500001DA60D120000"	"\Divisions\PD\Project Control\133430 - North Fort Dodge\RFQ's\Line Trap, 115kV"
"000000009598E9A20E04F041B38518182890A2D50100A3DF33FCC9BD1644BD14FCA330AA978500001E0C635F0000"	"\Divisions\PD\Project Control\133430 - North Fort Dodge\SB Systems - Control Building"
"000000009598E9A20E04F041B38518182890A2D50100A3DF33FCC9BD1644BD14FCA330AA978500001EF48DA60000"	"\Divisions\PD\Project Control\133432 - Spearville Substation\Gexpro - Relay and Control Panels"
"000000009598E9A20E04F041B38518182890A2D50100A3DF33FCC9BD1644BD14FCA330AA97850000208C75910000"	"\Divisions\PD\Project Control\133432 - Spearville Substation\RFP's\Electrical Construction\Hooper Corp"
"000000009598E9A20E04F041B38518182890A2D50100A3DF33FCC9BD1644BD14FCA330AA978500001DF43EBC0000"	"\Divisions\PD\Project Control\133432 - Spearville Substation\RFQ's\345kV A-Frame Structure\Galvanizers"
"000000009598E9A20E04F041B38518182890A2D50100A3DF33FCC9BD1644BD14FCA330AA978500001E4DED670000"	"\Divisions\PD\Project Control\133432 - Spearville Substation\RFQ's\Small Steel Structures\Pinnacle Steel"
"000000009598E9A20E04F041B38518182890A2D50100A3DF33FCC9BD1644BD14FCA330AA9785000028D0DC810000"	"\Divisions\PD\Project Control\133548 - RS-NFD to Spearville 115kV\KDHE - SWPPP Permit"
"000000009598E9A20E04F041B38518182890A2D50100A3DF33FCC9BD1644BD14FCA330AA978500001DC2A5EA0000"	"\Divisions\PD\Project Control\133548 - RS-NFD to Spearville 115kV\RFQ's\1272 ACSR Conductor\General Cable"
"000000009598E9A20E04F041B38518182890A2D50100A3DF33FCC9BD1644BD14FCA330AA978500001EF2CF1B0000"	"\Divisions\PD\Project Control\134710 - Cimarron River Sub PH2\EP2 - Loose SEL Items"
"000000009598E9A20E04F041B38518182890A2D50100A3DF33FCC9BD1644BD14FCA330AA978500001EEB6AC90000"	"\Divisions\PD\Project Control\134710 - Cimarron River Sub PH2\Kriz Davis - Misc UG Materials"
"000000009598E9A20E04F041B38518182890A2D50100A3DF33FCC9BD1644BD14FCA330AA978500001E698A5E0000"	"\Divisions\PD\Project Control\134710 - Cimarron River Sub PH2\RFP's\Substation Construction\2014 Scope Only\Hooper"
"000000009598E9A20E04F041B38518182890A2D50100A3DF33FCC9BD1644BD14FCA330AA978500001DE4962D0000"	"\Divisions\PD\Project Control\134710 - Cimarron River Sub PH2\RFP's\Substation Construction\Interstate Electrical"
"000000009598E9A20E04F041B38518182890A2D50100A3DF33FCC9BD1644BD14FCA330AA978500001E2FBFB00000"	"\Divisions\PD\Project Control\134710 - Cimarron River Sub PH2\RFQ's\ADSS Fiber Optic Cable - Underground\Kriz Davis"
"000000009598E9A20E04F041B38518182890A2D50100A3DF33FCC9BD1644BD14FCA330AA978500001DE703650000"	"\Divisions\PD\Project Control\134710 - Cimarron River Sub PH2\RFQ's\Current Limiting Reactor, 13.8kV Indoor\ABB"
"000000009598E9A20E04F041B38518182890A2D50100A3DF33FCC9BD1644BD14FCA330AA978500001F0FDCFB0000"	"\Divisions\PD\Project Control\134710 - Cimarron River Sub PH2\RFQ's\Low Voltage Transformers\Wesco"
"000000009598E9A20E04F041B38518182890A2D50100A3DF33FCC9BD1644BD14FCA330AA978500001E6696580000"	"\Divisions\PD\Project Control\134710 - Cimarron River Sub PH2\RFQ's\Misc Underground Materials\Kriz Davis"
"000000009598E9A20E04F041B38518182890A2D50100A3DF33FCC9BD1644BD14FCA330AA9785000020A142F50000"	"\Divisions\PD\Project Control\134710 - Cimarron River Sub PH2\RFQ's\RFP's\RFQ's\500kcmil Cable"
"000000009598E9A20E04F041B38518182890A2D50100A3DF33FCC9BD1644BD14FCA330AA978500001E4851030000"	"\Divisions\PD\Project Control\134710 - Cimarron River Sub PH2\RFQ's\Substation Steel\Continental"
"000000009598E9A20E04F041B38518182890A2D50100A3DF33FCC9BD1644BD14FCA330AA978500001DF2B5140000"	"\Divisions\PD\Project Control\134710 - Cimarron River Sub PH2\RFQ's\UG Cable\WUE"
"000000009598E9A20E04F041B38518182890A2D50100A3DF33FCC9BD1644BD14FCA330AA9785000027C8BF100000"	"\Divisions\PD\Project Control\135673 - High Point Substation\EP2 - Control Panels"
"000000009598E9A20E04F041B38518182890A2D50100F3BCE3A574023B4482F2E427B5A3121800004E7EFAB30000"	"\Divisions\PD\Project Control\135673 - High Point Substation\RFP's\Construction\Hooper Corp"
"000000009598E9A20E04F041B38518182890A2D50100A3DF33FCC9BD1644BD14FCA330AA978500002598F7190000"	"\Divisions\PD\Project Control\135673 - High Point Substation\RFQ's\Control Building\Behlen"
"000000009598E9A20E04F041B38518182890A2D50100A3DF33FCC9BD1644BD14FCA330AA97850000274E966A0000"	"\Divisions\PD\Project Control\135673 - High Point Substation\RFQ's\Insulators\Anixter / HD Supply"
"000000009598E9A20E04F041B38518182890A2D50100A3DF33FCC9BD1644BD14FCA330AA978500002782DA510000"	"\Divisions\PD\Project Control\135673 - High Point Substation\RFQ's\Relay Panels\Specialty Electrics"
"000000009598E9A20E04F041B38518182890A2D5010012225CC57BF01F4EA8CCA87A792FF35F0000122E78380000"	"\Divisions\PD\Project Control\135673 - High Point Substation\Stoppel Dirt"
"000000009598E9A20E04F041B38518182890A2D50100A3DF33FCC9BD1644BD14FCA330AA9785000026A205AF0000"	"\Divisions\PD\Project Control\136778 - 2015 Oncor Project Controls Scheduling\2016 Project List"
"000000009598E9A20E04F041B38518182890A2D50100A3DF33FCC9BD1644BD14FCA330AA97850000293F8A1B0000"	"\Divisions\PD\Project Control\140943 - 2016 Oncor Transmission Scheduling\Process & Procedures"
"000000009598E9A20E04F041B38518182890A2D5010012225CC57BF01F4EA8CCA87A792FF35F00035C4FD2760000"	"\Divisions\PD\Project Control\162021"
"000000009598E9A20E04F041B38518182890A2D50100A3DF33FCC9BD1644BD14FCA330AA97850000285AD7AF0000"	"\Divisions\PD\Project Control\Elkhorn\Project Management Boise"
"000000009598E9A20E04F041B38518182890A2D5010012225CC57BF01F4EA8CCA87A792FF35F00000C4525DA0000"	"\Divisions\PD\Project Management Boise\141527_PECL Design\ENV"
"000000009598E9A20E04F041B38518182890A2D5010012225CC57BF01F4EA8CCA87A792FF35F00003452E67C0000"	"\Divisions\PD\Project Management Boise\142892_PECL Project Management\CRI"
"000000009598E9A20E04F041B38518182890A2D5010012225CC57BF01F4EA8CCA87A792FF35F00004480C3280000"	"\Divisions\PD\Project Management Boise\144130_PECL Stations\ADMN"
"000000009598E9A20E04F041B38518182890A2D5010012225CC57BF01F4EA8CCA87A792FF35F00004480C3460000"	"\Divisions\PD\Project Management Boise\144130_PECL Stations\TRAN"
"000000009598E9A20E04F041B38518182890A2D50100A3DF33FCC9BD1644BD14FCA330AA97850000238AC7790000"	"\Divisions\PD\Project Management Boise\Aaron Boston\132479 BPA Kalispell-Kerr"
"000000009598E9A20E04F041B38518182890A2D50100A3DF33FCC9BD1644BD14FCA330AA978500002B27B5C40000"	"\Divisions\PD\Project Management Boise\Aaron Boston\142245 T14 Reconductor"
"000000009598E9A20E04F041B38518182890A2D501006C95E27D1ACA634AA1AADC20796388DD00000097D9830000"	"\Divisions\PD\Project Management Boise\John Oglevie\000000    MTN Laurel"
"000000009598E9A20E04F041B38518182890A2D501006C95E27D1ACA634AA1AADC20796388DD0000006E29B10000"	"\Divisions\PD\Project Management Boise\John Oglevie\113362    SONORA TT RELAY 69"
"000000009598E9A20E04F041B38518182890A2D501006C95E27D1ACA634AA1AADC20796388DD0000006E29AC0000"	"\Divisions\PD\Project Management Boise\John Oglevie\113850    PAINT VLY SW INST 69 GOAB"
"000000009598E9A20E04F041B38518182890A2D501006C95E27D1ACA634AA1AADC20796388DD00000096F8B10000"	"\Divisions\PD\Project Management Boise\John Oglevie\114198    OKLAUNION AS BUILT"
"000000009598E9A20E04F041B38518182890A2D50100A3DF33FCC9BD1644BD14FCA330AA9785000019F39DFE0000"	"\Divisions\PD\Project Management Boise\John Oglevie\114411    ENERGY GATEWAY WEST\114411_c"
"000000009598E9A20E04F041B38518182890A2D501006C95E27D1ACA634AA1AADC20796388DD0000006E299A0000"	"\Divisions\PD\Project Management Boise\John Oglevie\114900    MULBERRY CRK RPCL RELAY"
"000000009598E9A20E04F041B38518182890A2D501006C95E27D1ACA634AA1AADC20796388DD00000094AD2E0000"	"\Divisions\PD\Project Management Boise\John Oglevie\115504    SAPS UPG 138KV SAN ANGELO"
"000000009598E9A20E04F041B38518182890A2D50100A3DF33FCC9BD1644BD14FCA330AA9785000019E35F2D0000"	"\Divisions\PD\Project Management Boise\John Oglevie\116122    HEMINGWAY CM\116122_c"
"000000009598E9A20E04F041B38518182890A2D50100A3DF33FCC9BD1644BD14FCA330AA978500001A03C3D00000"	"\Divisions\PD\Project Management Boise\John Oglevie\119108    SAN JACINTO Pre-2011\119108_c"
"000000009598E9A20E04F041B38518182890A2D50100A3DF33FCC9BD1644BD14FCA330AA978500001A9BD4430000"	"\Divisions\PD\Project Management Boise\John Oglevie\119108    SAN JACINTO Pre-2011\119108_r"
"000000009598E9A20E04F041B38518182890A2D501006C95E27D1ACA634AA1AADC20796388DD000000ECC57A0000"	"\Divisions\PD\Project Management Boise\John Oglevie\122219    STARKEY REPL 12KV CBS B,C"
"000000009598E9A20E04F041B38518182890A2D50100CB7D9B6512D7374A860FE542D57703920000011E85450000"	"\Divisions\PD\Project Management Boise\John Oglevie\123023   JOHN'S CREEK EXP: REPL REGS"
"000000009598E9A20E04F041B38518182890A2D50100A3DF33FCC9BD1644BD14FCA330AA9785000027A305EC0000"	"\Divisions\PD\Project Management Boise\Pat Hasenoehrl\Michels CVPC"
"000000009598E9A20E04F041B38518182890A2D50100572FF007A7D6B64CA96E5CFE8E1CC1A400000049F2740000"	"\Divisions\PD\Project Management Hailey\120741 Beaver Creek"
"000000009598E9A20E04F041B38518182890A2D50100572FF007A7D6B64CA96E5CFE8E1CC1A4000000643CFD0000"	"\Divisions\PD\Project Management Hailey\122163 H Power Covanta"
"000000009598E9A20E04F041B38518182890A2D50100A3DF33FCC9BD1644BD14FCA330AA9785000016D9E5410000"	"\Divisions\PD\Project Management Hailey\124186 OE Energy Gateway South\00 Project Management\01 Administration\ODIR_Duplicate_Items"
"000000009598E9A20E04F041B38518182890A2D50100A3DF33FCC9BD1644BD14FCA330AA978500000E7F4A870000"	"\Divisions\PD\Project Management Hailey\124186 OE Energy Gateway South\00 Project Management\05 Project Meetings\02 POWER"
"000000009598E9A20E04F041B38518182890A2D50100A3DF33FCC9BD1644BD14FCA330AA978500000E7F87FF0000"	"\Divisions\PD\Project Management Hailey\124186 OE Energy Gateway South\00 Project Management\07 Project Manager\Internal Coordination"
"000000009598E9A20E04F041B38518182890A2D50100A3DF33FCC9BD1644BD14FCA330AA978500000E7EBFB10000"	"\Divisions\PD\Project Management Hailey\124186 OE Energy Gateway South\01 Preliminary Tech Requirements\01 T-Line\08 Alignment"
"000000009598E9A20E04F041B38518182890A2D501001953B16A689BCD4AA8FC82955DB27CB1000001E1E38A0000"	"\Divisions\PD\Project Management Hailey\124186 OE Energy Gateway South\01 Preliminary Tech Requirements\03 Access Roads & Other Facilities"
"000000009598E9A20E04F041B38518182890A2D501001953B16A689BCD4AA8FC82955DB27CB1000001E1E3A20000"	"\Divisions\PD\Project Management Hailey\124186 OE Energy Gateway South\03 Permitting Process Support\05 Meetings & Public Involvement"
"000000009598E9A20E04F041B38518182890A2D501001953B16A689BCD4AA8FC82955DB27CB1000001F131C10000"	"\Divisions\PD\Project Management Hailey\124186 OE Energy Gateway South\05 ROW and ROE Support\05 ROW Field Reviews"
"000000009598E9A20E04F041B38518182890A2D50100A3DF33FCC9BD1644BD14FCA330AA97850000176D7AD50000"	"\Divisions\PD\Project Management Hailey\124521 Alta Infill Bid"
"000000009598E9A20E04F041B38518182890A2D50100A3DF33FCC9BD1644BD14FCA330AA978500001766B9210000"	"\Divisions\PD\Project Management Hailey\127600 Alta East Prelim Line Design"
"000000009598E9A20E04F041B38518182890A2D50100A3DF33FCC9BD1644BD14FCA330AA978500001DD9ADE50000"	"\Divisions\PD\Project Management Hailey\134622 Everpwr Trng O&M"
"000000009598E9A20E04F041B38518182890A2D50100A3DF33FCC9BD1644BD14FCA330AA97850000241E4B3F0000"	"\Divisions\PD\Project Management Hailey\139312 - Flowind Procurement"
"000000009598E9A20E04F041B38518182890A2D50100A3DF33FCC9BD1644BD14FCA330AA978500002BC65DC00000"	"\Divisions\PD\Project Management Hailey\142302 - ENGINEERING CERTIFICATIONS"
"000000009598E9A20E04F041B38518182890A2D5010012225CC57BF01F4EA8CCA87A792FF35F000187FDEF050000"	"\Divisions\PD\Project Management Hailey\151360_Stateline-Stegall"
"000000009598E9A20E04F041B38518182890A2D50100A3DF33FCC9BD1644BD14FCA330AA978500001DB11E5F0000"	"\Divisions\PD\Project Management Hailey\KMP_TLBU\Subject Matter Teams\Structures"
"000000009598E9A20E04F041B38518182890A2D50100A3DF33FCC9BD1644BD14FCA330AA97850000172093CE0000"	"\Divisions\PD\Project Management Hailey\VEA\000 VEA General Reference\Line"
"000000009598E9A20E04F041B38518182890A2D50100A3DF33FCC9BD1644BD14FCA330AA978500001F913D560000"	"\Divisions\PD\Project Management Hailey\VEA\002 Project Closed\127351_Transmission Relaying_Criterial Development"
"000000009598E9A20E04F041B38518182890A2D50100A3DF33FCC9BD1644BD14FCA330AA978500001DCD7D3E0000"	"\Divisions\PD\Project Management Hailey\VEA\002 Project Closed\129409-RTU Upgrade"
"000000009598E9A20E04F041B38518182890A2D50100A3DF33FCC9BD1644BD14FCA330AA978500001770DC9D0000"	"\Divisions\PD\Project Management Hailey\VEA\xxxxx_Pah-Mead 230kV Clearance Fixes"
"000000009598E9A20E04F041B38518182890A2D50100E34BFE500669CD49AC2E27C6C54DE39D00000025D3B30000"	"\Divisions\PD\Project Management St. Louis\112260 LS Power GSA\07-Arlington Valley"
"000000009598E9A20E04F041B38518182890A2D50100E34BFE500669CD49AC2E27C6C54DE39D0000000AFCDD0000"	"\Divisions\PD\Project Managment Houston\00-DMS UPLOAD"
"000000009598E9A20E04F041B38518182890A2D501006C95E27D1ACA634AA1AADC20796388DD000000449F560000"	"\Divisions\PD\PTE\Anaheim/SD Projects"
"000000009598E9A20E04F041B38518182890A2D501006C95E27D1ACA634AA1AADC20796388DD000000CE82640000"	"\Divisions\PD\PTE\Anaheim/SD Projects\121242 AES RES. AUX. XFMR HB"
"000000009598E9A20E04F041B38518182890A2D501001953B16A689BCD4AA8FC82955DB27CB10000013C99310000"	"\Divisions\PD\PTE\Anaheim/SD Projects\121426 SADLER ELECT PALOMAR COLLEGE"
"000000009598E9A20E04F041B38518182890A2D501006C95E27D1ACA634AA1AADC20796388DD000000E6571E0000"	"\Divisions\PD\PTE\Anaheim/SD Projects\122023 DYNA MV Cable Hipot Salk Inst."
"000000009598E9A20E04F041B38518182890A2D50100CB7D9B6512D7374A860FE542D577039200000112761D0000"	"\Divisions\PD\PTE\Anaheim/SD Projects\122688 Mass Elec OCSD XFMR Upgrade"
"000000009598E9A20E04F041B38518182890A2D50100CB7D9B6512D7374A860FE542D57703920000011F7CB40000"	"\Divisions\PD\PTE\Anaheim/SD Projects\123006 H&S Elec SWGR Canyon Collg."
"000000009598E9A20E04F041B38518182890A2D50100CB7D9B6512D7374A860FE542D57703920000012D019F0000"	"\Divisions\PD\PTE\Anaheim/SD Projects\123478 (PTE) Luiseno K-8 School Test"
"000000009598E9A20E04F041B38518182890A2D501001953B16A689BCD4AA8FC82955DB27CB1000000D5A86F0000"	"\Divisions\PD\PTE\Anaheim/SD Projects\123720 Dyna: Sysco-Circuit Breaker Test"
"000000009598E9A20E04F041B38518182890A2D501001953B16A689BCD4AA8FC82955DB27CB1000000FD39A70000"	"\Divisions\PD\PTE\Anaheim/SD Projects\123870 Gould: CE UTT Middle Sch"
"000000009598E9A20E04F041B38518182890A2D501001953B16A689BCD4AA8FC82955DB27CB10000014018710000"	"\Divisions\PD\PTE\Anaheim/SD Projects\124150 BAKER: NCC PARKING STRUCTUE "
"000000009598E9A20E04F041B38518182890A2D501001953B16A689BCD4AA8FC82955DB27CB10000016E0FAC0000"	"\Divisions\PD\PTE\Anaheim/SD Projects\124371 (ROSENDIN)NEWPORT CIVIC CENT "
"000000009598E9A20E04F041B38518182890A2D501001953B16A689BCD4AA8FC82955DB27CB1000001B446690000"	"\Divisions\PD\PTE\Anaheim/SD Projects\124572 (NEAL) UCSD RADY SCH-PHASE 2 "
"000000009598E9A20E04F041B38518182890A2D501001953B16A689BCD4AA8FC82955DB27CB1000001CCB9A30000"	"\Divisions\PD\PTE\Anaheim/SD Projects\124749 CUPERTINO-ADELANTO PROC CNT "
"000000009598E9A20E04F041B38518182890A2D501001953B16A689BCD4AA8FC82955DB27CB1000001EBE7FF0000"	"\Divisions\PD\PTE\Anaheim/SD Projects\125049 (SNOW) AMCOR - GFI TEST "
"000000009598E9A20E04F041B38518182890A2D50100A3DF33FCC9BD1644BD14FCA330AA97850000175D23E10000"	"\Divisions\PD\PTE\Anaheim/SD Projects\125346 CAL Vulcan Plant"
"000000009598E9A20E04F041B38518182890A2D50100A3DF33FCC9BD1644BD14FCA330AA97850000175DC02C0000"	"\Divisions\PD\PTE\Anaheim/SD Projects\126096 PDI Warner Bros"
"000000009598E9A20E04F041B38518182890A2D50100A3DF33FCC9BD1644BD14FCA330AA97850000175EB8530000"	"\Divisions\PD\PTE\Anaheim/SD Projects\126465 Dyna Thornton Cafe Exp"
"000000009598E9A20E04F041B38518182890A2D50100A3DF33FCC9BD1644BD14FCA330AA9785000017581C7E0000"	"\Divisions\PD\PTE\Anaheim/SD Projects\126948 Dyna Marine Corp Initiative"
"000000009598E9A20E04F041B38518182890A2D50100A3DF33FCC9BD1644BD14FCA330AA978500001790DFFC0000"	"\Divisions\PD\PTE\Anaheim/SD Projects\127134 UCSD Hillcrest Med V Relay"
"000000009598E9A20E04F041B38518182890A2D50100A3DF33FCC9BD1644BD14FCA330AA978500001755F0590000"	"\Divisions\PD\PTE\Anaheim/SD Projects\127379 Keitwit Dew Pt"
"000000009598E9A20E04F041B38518182890A2D50100A3DF33FCC9BD1644BD14FCA330AA9785000017676B0F0000"	"\Divisions\PD\PTE\Anaheim/SD Projects\127604 Mira Mesa HS"
"000000009598E9A20E04F041B38518182890A2D50100A3DF33FCC9BD1644BD14FCA330AA978500001774DFC90000"	"\Divisions\PD\PTE\Anaheim/SD Projects\127849 RA (Baker) NAB Coronado"
"000000009598E9A20E04F041B38518182890A2D50100A3DF33FCC9BD1644BD14FCA330AA9785000017BB61E30000"	"\Divisions\PD\PTE\Anaheim/SD Projects\128042 IRWD Wells Breaker Programming"
"000000009598E9A20E04F041B38518182890A2D50100A3DF33FCC9BD1644BD14FCA330AA9785000017EDE9930000"	"\Divisions\PD\PTE\Anaheim/SD Projects\128210 Granit Hills HS"
"000000009598E9A20E04F041B38518182890A2D50100A3DF33FCC9BD1644BD14FCA330AA978500001806D6B60000"	"\Divisions\PD\PTE\Anaheim/SD Projects\128361 (Solar Turbines) XFMR Oil Samples"
"000000009598E9A20E04F041B38518182890A2D50100A3DF33FCC9BD1644BD14FCA330AA97850000189B230D0000"	"\Divisions\PD\PTE\Anaheim/SD Projects\128701 XMFR TR3 Testing"
"000000009598E9A20E04F041B38518182890A2D50100A3DF33FCC9BD1644BD14FCA330AA9785000018B6BBF50000"	"\Divisions\PD\PTE\Anaheim/SD Projects\128914 Naval Hosp Elevator 5"
"000000009598E9A20E04F041B38518182890A2D50100A3DF33FCC9BD1644BD14FCA330AA9785000018E045AD0000"	"\Divisions\PD\PTE\Anaheim/SD Projects\129112 Paramount HS Accept Test"
"000000009598E9A20E04F041B38518182890A2D50100A3DF33FCC9BD1644BD14FCA330AA97850000194D34D40000"	"\Divisions\PD\PTE\Anaheim/SD Projects\129306 RIC Sprint El Paso"
"000000009598E9A20E04F041B38518182890A2D50100A3DF33FCC9BD1644BD14FCA330AA9785000019730E840000"	"\Divisions\PD\PTE\Anaheim/SD Projects\129580 East LA College"
"000000009598E9A20E04F041B38518182890A2D50100A3DF33FCC9BD1644BD14FCA330AA978500001994E37B0000"	"\Divisions\PD\PTE\Anaheim/SD Projects\129846 (TM) CBS Studios"
"000000009598E9A20E04F041B38518182890A2D50100A3DF33FCC9BD1644BD14FCA330AA9785000019B1ADEB0000"	"\Divisions\PD\PTE\Anaheim/SD Projects\130261 Columbia Center"
"000000009598E9A20E04F041B38518182890A2D50100A3DF33FCC9BD1644BD14FCA330AA978500001ADA99B00000"	"\Divisions\PD\PTE\Anaheim/SD Projects\130632 UCSD Hillcrest Relay Replace"
"000000009598E9A20E04F041B38518182890A2D50100A3DF33FCC9BD1644BD14FCA330AA978500001ADB7E250000"	"\Divisions\PD\PTE\Anaheim/SD Projects\131290 Berg Citadel Outlets IV Parking"
"000000009598E9A20E04F041B38518182890A2D50100A3DF33FCC9BD1644BD14FCA330AA978500001B2017BA0000"	"\Divisions\PD\PTE\Anaheim/SD Projects\131625 SD Airport Washington St Access"
"000000009598E9A20E04F041B38518182890A2D50100A3DF33FCC9BD1644BD14FCA330AA978500001B7BF8850000"	"\Divisions\PD\PTE\Anaheim/SD Projects\131840 29 Palms Bldg 1579 Relay"
"000000009598E9A20E04F041B38518182890A2D50100A3DF33FCC9BD1644BD14FCA330AA978500001B79B5AB0000"	"\Divisions\PD\PTE\Anaheim/SD Projects\132086 Corona Del Mar MS"
"000000009598E9A20E04F041B38518182890A2D50100A3DF33FCC9BD1644BD14FCA330AA978500001B6B30CF0000"	"\Divisions\PD\PTE\Anaheim/SD Projects\132301 Hines Oct Shutdown 2013"
"000000009598E9A20E04F041B38518182890A2D50100A3DF33FCC9BD1644BD14FCA330AA978500001B860A270000"	"\Divisions\PD\PTE\Anaheim/SD Projects\132574 LC3 to LC6 VLF"
"000000009598E9A20E04F041B38518182890A2D50100A3DF33FCC9BD1644BD14FCA330AA978500001C8174EC0000"	"\Divisions\PD\PTE\Anaheim/SD Projects\132954 UCSD W Srvr Room Swgr"
"000000009598E9A20E04F041B38518182890A2D501006C95E27D1ACA634AA1AADC20796388DD000000331AF80000"	"\Divisions\PD\PTE\Seattle Contacts"
"000000009598E9A20E04F041B38518182890A2D5010012225CC57BF01F4EA8CCA87A792FF35F00075A8FE2110000"	"\Divisions\PD\SAS\00 PSSE Calendar\PSSE\PSSE Calendar"
"000000009598E9A20E04F041B38518182890A2D5010012225CC57BF01F4EA8CCA87A792FF35F0006D3DB67380000"	"\Divisions\PD\SAS\00_PSCAD License Use Calendar\PSCAD Calendar"
"000000009598E9A20E04F041B38518182890A2D501006C95E27D1ACA634AA1AADC20796388DD00000066EA4D0000"	"\Divisions\PD\SAS\00_Software (Keys & Pricing)\PSSE"
"000000009598E9A20E04F041B38518182890A2D5010012225CC57BF01F4EA8CCA87A792FF35F0000122E77F90000"	"\Divisions\PD\SAS\000000 SAS Project Misc\XCEL"
"000000009598E9A20E04F041B38518182890A2D50100A3DF33FCC9BD1644BD14FCA330AA9785000018DCBBDC0000"	"\Divisions\PD\SAS\D200 Equipment"
"000000009598E9A20E04F041B38518182890A2D501006C95E27D1ACA634AA1AADC20796388DD0000002692180000"	"\Divisions\PD\SAS\LEWISTON PROJECTS\SPS-Active\Active Projects\ESC\MVEC System Study"
"000000009598E9A20E04F041B38518182890A2D501006C95E27D1ACA634AA1AADC20796388DD0000002692270000"	"\Divisions\PD\SAS\LEWISTON PROJECTS\SPS-Active\Active Projects\Grant County PUD\Wanapum Swyd"
"000000009598E9A20E04F041B38518182890A2D501006C95E27D1ACA634AA1AADC20796388DD0000002692380000"	"\Divisions\PD\SAS\LEWISTON PROJECTS\SPS-Active\Active Projects\NCPA\Arc Flash"
"000000009598E9A20E04F041B38518182890A2D501006C95E27D1ACA634AA1AADC20796388DD0000002692470000"	"\Divisions\PD\SAS\LEWISTON PROJECTS\SPS-Active\Active Projects\PowerTech Engineering\Magna"
"000000009598E9A20E04F041B38518182890A2D501001296C725372D7F4B86B758A22EA3141B000000204B610000"	"\Divisions\PD\SAS\MISC"
"000000009598E9A20E04F041B38518182890A2D50100A3DF33FCC9BD1644BD14FCA330AA9785000017FE0C6A0000"	"\Divisions\PD\SAS\Pacific Valley Solar\Colusa\Dinuba"
"000000009598E9A20E04F041B38518182890A2D5010012225CC57BF01F4EA8CCA87A792FF35F00060BF9648D0000"	"\Divisions\PD\SAS\SAS Management Business Cycle"
"000000009598E9A20E04F041B38518182890A2D5010012225CC57BF01F4EA8CCA87A792FF35F0006742DC86C0000"	"\Divisions\PD\Substation Airdrie\Dept. 0254"
"000000009598E9A20E04F041B38518182890A2D50100A3DF33FCC9BD1644BD14FCA330AA978500002A2CF35C0000"	"\Divisions\PD\Substation Anaheim\137913 Hawaiian Electric HECO Protection Serv"
"000000009598E9A20E04F041B38518182890A2D50100A3DF33FCC9BD1644BD14FCA330AA978500002A2EDF820000"	"\Divisions\PD\Substation Anaheim\139634 SCE Johanna"
"000000009598E9A20E04F041B38518182890A2D50100A3DF33FCC9BD1644BD14FCA330AA978500002A2F81AA0000"	"\Divisions\PD\Substation Anaheim\140814 PacifiCorp New Deschutes Sub"
"000000009598E9A20E04F041B38518182890A2D5010012225CC57BF01F4EA8CCA87A792FF35F0000A8917AC10000"	"\Divisions\PD\Substation Anaheim\146028 ONCOR Nacogdoches South DG"
"000000009598E9A20E04F041B38518182890A2D5010012225CC57BF01F4EA8CCA87A792FF35F0001E6DB39800000"	"\Divisions\PD\Substation Anaheim\Anaheim Substation"
"000000009598E9A20E04F041B38518182890A2D50100E34BFE500669CD49AC2E27C6C54DE39D0000003B832C0000"	"\Divisions\PD\Substation Ann Arbor\122134"
"000000009598E9A20E04F041B38518182890A2D50100A3DF33FCC9BD1644BD14FCA330AA97850000177194FB0000"	"\Divisions\PD\Substation Ann Arbor\127792"
"000000009598E9A20E04F041B38518182890A2D50100A3DF33FCC9BD1644BD14FCA330AA978500001FAB6B460000"	"\Divisions\PD\Substation Ann Arbor\136159 Kalida Replace"
"000000009598E9A20E04F041B38518182890A2D50100A3DF33FCC9BD1644BD14FCA330AA9785000022D15CFA0000"	"\Divisions\PD\Substation Ann Arbor\138413 - Advance Substation"
"000000009598E9A20E04F041B38518182890A2D50100A3DF33FCC9BD1644BD14FCA330AA97850000267665A10000"	"\Divisions\PD\Substation Ann Arbor\140304 - E Wheelersburg P12104014"
"000000009598E9A20E04F041B38518182890A2D5010012225CC57BF01F4EA8CCA87A792FF35F00000A50CB3A0000"	"\Divisions\PD\Substation Ann Arbor\143445 - Kingsport Loop P15163010"
"000000009598E9A20E04F041B38518182890A2D5010012225CC57BF01F4EA8CCA87A792FF35F000175366F3E0000"	"\Divisions\PD\Substation Ann Arbor\145524"
"000000009598E9A20E04F041B38518182890A2D5010012225CC57BF01F4EA8CCA87A792FF35F0000D7BBE2BB0000"	"\Divisions\PD\Substation Ann Arbor\146791"
"000000009598E9A20E04F041B38518182890A2D5010012225CC57BF01F4EA8CCA87A792FF35F000146B098720000"	"\Divisions\PD\Substation Ann Arbor\149418"
"000000009598E9A20E04F041B38518182890A2D50100F3BCE3A574023B4482F2E427B5A3121800004D7ECF130000"	"\Divisions\PD\Substation Ann Arbor\ComEd\Material Ordering"
"000000009598E9A20E04F041B38518182890A2D50100A3DF33FCC9BD1644BD14FCA330AA978500002C06B4710000"	"\Divisions\PD\Substation Ann Arbor\Proposals\121650 TSS 76 Blue Island"
"000000009598E9A20E04F041B38518182890A2D5010012225CC57BF01F4EA8CCA87A792FF35F00002BF9AC560000"	"\Divisions\PD\Substation Atlanta\00_DMS UPLOAD\143868_Harper Substation"
"000000009598E9A20E04F041B38518182890A2D5010012225CC57BF01F4EA8CCA87A792FF35F0005F2CE463F0000"	"\Divisions\PD\Substation Atlanta\0239207_Southern Company - Fieldale (Cornelia)"
"000000009598E9A20E04F041B38518182890A2D5010012225CC57BF01F4EA8CCA87A792FF35F0006316B11BC0000"	"\Divisions\PD\Substation Atlanta\0241736_0000_APC - Salco DS P&C"
"000000009598E9A20E04F041B38518182890A2D5010012225CC57BF01F4EA8CCA87A792FF35F0006593574EB0000"	"\Divisions\PD\Substation Atlanta\0243222_0000_ATL Big Country POI Sub 51571"
"000000009598E9A20E04F041B38518182890A2D5010012225CC57BF01F4EA8CCA87A792FF35F0006B39BD2ED0000"	"\Divisions\PD\Substation Atlanta\0246324_0000_GPC - LeGrange Primary Physical"
"000000009598E9A20E04F041B38518182890A2D5010012225CC57BF01F4EA8CCA87A792FF35F0006FD917C0E0000"	"\Divisions\PD\Substation Atlanta\0248089_0000_Roanoke Switch DG 53502"
"000000009598E9A20E04F041B38518182890A2D5010012225CC57BF01F4EA8CCA87A792FF35F000710DDE4840000"	"\Divisions\PD\Substation Atlanta\0249634_0000_ATL Whitehouse UF Sub 53921"
"000000009598E9A20E04F041B38518182890A2D5010012225CC57BF01F4EA8CCA87A792FF35F00072F1FD0E00000"	"\Divisions\PD\Substation Atlanta\0250955_0000_ATL Empire Central Sub 53564"
"000000009598E9A20E04F041B38518182890A2D5010012225CC57BF01F4EA8CCA87A792FF35F000754ADB8670000"	"\Divisions\PD\Substation Atlanta\0252003_0000_APC - Boyles TX - P&C"
"000000009598E9A20E04F041B38518182890A2D5010012225CC57BF01F4EA8CCA87A792FF35F00078D7EF7440000"	"\Divisions\PD\Substation Atlanta\0253814_0000_ATL Douglas Sub DA 55897"
"000000009598E9A20E04F041B38518182890A2D5010012225CC57BF01F4EA8CCA87A792FF35F0007AA8495F70000"	"\Divisions\PD\Substation Atlanta\0254816_0000_GPC - FC - Dean Forest TS P&C"
"000000009598E9A20E04F041B38518182890A2D5010012225CC57BF01F4EA8CCA87A792FF35F0007E1A1C7D90000"	"\Divisions\PD\Substation Atlanta\0256448_0000_GPC - Pitts Substation Physical"
"000000009598E9A20E04F041B38518182890A2D50100E34BFE500669CD49AC2E27C6C54DE39D00000010D1490000"	"\Divisions\PD\Substation Atlanta\113015_Elm Creek Substation\Construction Drawings"
"000000009598E9A20E04F041B38518182890A2D50100E34BFE500669CD49AC2E27C6C54DE39D0000001240900000"	"\Divisions\PD\Substation Atlanta\113015_Elm Creek Substation\Equipment\midwest"
"000000009598E9A20E04F041B38518182890A2D501001296C725372D7F4B86B758A22EA3141B0000006D50460000"	"\Divisions\PD\Substation Atlanta\113504_W. Farnum Sub 115kV Upgrades"
"000000009598E9A20E04F041B38518182890A2D50100A3DF33FCC9BD1644BD14FCA330AA978500002AB71F6A0000"	"\Divisions\PD\Substation Atlanta\113840_NEEWS Project Mgt\In ProjectWise"
"000000009598E9A20E04F041B38518182890A2D50100E34BFE500669CD49AC2E27C6C54DE39D0000001EF2130000"	"\Divisions\PD\Substation Atlanta\116139_Round Rock Dist Auto"
"000000009598E9A20E04F041B38518182890A2D50100E34BFE500669CD49AC2E27C6C54DE39D0000002261000000"	"\Divisions\PD\Substation Atlanta\116139_Round Rock Dist Auto\Visual Analysis\115472"
"000000009598E9A20E04F041B38518182890A2D50100A3DF33FCC9BD1644BD14FCA330AA978500002AB734720000"	"\Divisions\PD\Substation Atlanta\117728_CCEC Transcan Sub\In ProjectWise"
"000000009598E9A20E04F041B38518182890A2D50100E34BFE500669CD49AC2E27C6C54DE39D0000004B9BA60000"	"\Divisions\PD\Substation Atlanta\123097.28_PEF_East Orange"
"000000009598E9A20E04F041B38518182890A2D501001953B16A689BCD4AA8FC82955DB27CB1000001770F8B0000"	"\Divisions\PD\Substation Atlanta\123097_PEF EPC\Projects in Construction"
"000000009598E9A20E04F041B38518182890A2D50100A3DF33FCC9BD1644BD14FCA330AA978500001D6008FA0000"	"\Divisions\PD\Substation Atlanta\123979_Sunflower Barber Substation\Battery\123979_Sunflower Barber Substation"
"000000009598E9A20E04F041B38518182890A2D50100A3DF33FCC9BD1644BD14FCA330AA9785000015E8DE580000"	"\Divisions\PD\Substation Atlanta\123979_Sunflower Barber Substation\Foundations"
"000000009598E9A20E04F041B38518182890A2D50100A3DF33FCC9BD1644BD14FCA330AA9785000018C119600000"	"\Divisions\PD\Substation Atlanta\123979_Sunflower Barber Substation\Relay Panels\Relay Settings"
"000000009598E9A20E04F041B38518182890A2D50100A3DF33FCC9BD1644BD14FCA330AA9785000019B6CD360000"	"\Divisions\PD\Substation Atlanta\125159_STEC-Cross Substation-Q/A Check"
"000000009598E9A20E04F041B38518182890A2D50100A3DF33FCC9BD1644BD14FCA330AA9785000016CF6AF20000"	"\Divisions\PD\Substation Atlanta\125583_Sunflower Cimarron\Environmental Survey Grading"
"000000009598E9A20E04F041B38518182890A2D50100A3DF33FCC9BD1644BD14FCA330AA9785000016CAE6F40000"	"\Divisions\PD\Substation Atlanta\125583_Sunflower Cimarron\Equipment\Relay and Meter Panels"
"000000009598E9A20E04F041B38518182890A2D50100A3DF33FCC9BD1644BD14FCA330AA978500001746BC4E0000"	"\Divisions\PD\Substation Atlanta\125583_Sunflower Cimarron\Equipment\Transformer\Transformer"
"000000009598E9A20E04F041B38518182890A2D50100A3DF33FCC9BD1644BD14FCA330AA9785000015F44F0F0000"	"\Divisions\PD\Substation Atlanta\125583_Sunflower Cimarron\Project Management\Conference Call and Meeting Minutes Status"
"000000009598E9A20E04F041B38518182890A2D50100A3DF33FCC9BD1644BD14FCA330AA978500001746A9560000"	"\Divisions\PD\Substation Atlanta\125583_Sunflower Cimarron\SUBSTATION CONTROL AND SAS\Protection and Control\One Line Comments"
"000000009598E9A20E04F041B38518182890A2D50100A3DF33FCC9BD1644BD14FCA330AA978500001769D2AE0000"	"\Divisions\PD\Substation Atlanta\125583_Sunflower Cimarron\SUBSTATION PHYSICAL \Fire Wall"
"000000009598E9A20E04F041B38518182890A2D50100A3DF33FCC9BD1644BD14FCA330AA978500002AB7EED10000"	"\Divisions\PD\Substation Atlanta\126407_Atl Whitehouse 138kV Sub Line\In ProjectWise"
"000000009598E9A20E04F041B38518182890A2D50100A3DF33FCC9BD1644BD14FCA330AA978500001DA15EFB0000"	"\Divisions\PD\Substation Atlanta\133037_SEPC-345 INTERCONNECT DSN STD "
"000000009598E9A20E04F041B38518182890A2D50100A3DF33FCC9BD1644BD14FCA330AA978500002ABF931D0000"	"\Divisions\PD\Substation Atlanta\133432_Spearville 345kV\Breakers\In ProjectWise"
"000000009598E9A20E04F041B38518182890A2D50100A3DF33FCC9BD1644BD14FCA330AA978500002AC347DF0000"	"\Divisions\PD\Substation Atlanta\133432_Spearville 345kV\Grounding Study\In ProjectWise"
"000000009598E9A20E04F041B38518182890A2D50100A3DF33FCC9BD1644BD14FCA330AA978500002ABFC3130000"	"\Divisions\PD\Substation Atlanta\133432_Spearville 345kV\Transformer\In ProjectWise"
"000000009598E9A20E04F041B38518182890A2D50100A3DF33FCC9BD1644BD14FCA330AA978500002003F9ED0000"	"\Divisions\PD\Substation Atlanta\136152_ATL CITY VIEW 138 LN TERM UPG"
"000000009598E9A20E04F041B38518182890A2D50100A3DF33FCC9BD1644BD14FCA330AA978500002B63BFF30000"	"\Divisions\PD\Substation Atlanta\138757_Sherry Switching FID Install\In ProjectWise"
"000000009598E9A20E04F041B38518182890A2D50100A3DF33FCC9BD1644BD14FCA330AA978500002B7268D10000"	"\Divisions\PD\Substation Atlanta\139355_ATL NORTHLAKE SWTCH BRK RPLC\In ProjectWise"
"000000009598E9A20E04F041B38518182890A2D5010012225CC57BF01F4EA8CCA87A792FF35F000162F5FFA10000"	"\Divisions\PD\Substation Atlanta\139848_ATL BUCKHORN 345 SWTCH\In ProjectWise\Environmental"
"000000009598E9A20E04F041B38518182890A2D50100A3DF33FCC9BD1644BD14FCA330AA978500002589A3240000"	"\Divisions\PD\Substation Atlanta\139848_ATL BUCKHORN 345 SWTCH\Studies"
"000000009598E9A20E04F041B38518182890A2D50100A3DF33FCC9BD1644BD14FCA330AA9785000028CE47B30000"	"\Divisions\PD\Substation Atlanta\140572_SUNFLOWER SPEARVILLE RPLC CB SV188\Drawings\Annunciator"
"000000009598E9A20E04F041B38518182890A2D50100F3BCE3A574023B4482F2E427B5A3121800004EB7119E0000"	"\Divisions\PD\Substation Atlanta\140572_SUNFLOWER SPEARVILLE RPLC CB SV188\Proposal"
"000000009598E9A20E04F041B38518182890A2D50100A3DF33FCC9BD1644BD14FCA330AA97850000284252340000"	"\Divisions\PD\Substation Atlanta\140764_DEF_JASPER LINE TERM"
"000000009598E9A20E04F041B38518182890A2D50100A3DF33FCC9BD1644BD14FCA330AA978500002AFDC74B0000"	"\Divisions\PD\Substation Atlanta\142192_ATL BROWN SWTCH:TT RCVR PNL"
"000000009598E9A20E04F041B38518182890A2D5010012225CC57BF01F4EA8CCA87A792FF35F00007754B8A60000"	"\Divisions\PD\Substation Atlanta\145095_ATL WALLSTREET-DIST AUTO"
"000000009598E9A20E04F041B38518182890A2D5010012225CC57BF01F4EA8CCA87A792FF35F0001074EFEC90000"	"\Divisions\PD\Substation Atlanta\148040_ATL PLOWBOY SUBSTATION"
"000000009598E9A20E04F041B38518182890A2D5010012225CC57BF01F4EA8CCA87A792FF35F0001826BBE950000"	"\Divisions\PD\Substation Atlanta\151229_ATL HASKELL AVE DA"
"000000009598E9A20E04F041B38518182890A2D5010012225CC57BF01F4EA8CCA87A792FF35F00022DF437C90000"	"\Divisions\PD\Substation Atlanta\152891_Harper-Rago Line Term-Sunflower"
"000000009598E9A20E04F041B38518182890A2D5010012225CC57BF01F4EA8CCA87A792FF35F00021A1314E60000"	"\Divisions\PD\Substation Atlanta\154356_CHICO WEST"
"000000009598E9A20E04F041B38518182890A2D5010012225CC57BF01F4EA8CCA87A792FF35F00028774B25D0000"	"\Divisions\PD\Substation Atlanta\156579_THORNTONVILLE"
"000000009598E9A20E04F041B38518182890A2D5010012225CC57BF01F4EA8CCA87A792FF35F0002B34678370000"	"\Divisions\PD\Substation Atlanta\158545_DECATUR SBU PETE 39945"
"000000009598E9A20E04F041B38518182890A2D5010012225CC57BF01F4EA8CCA87A792FF35F00038854C5E80000"	"\Divisions\PD\Substation Atlanta\164621 MEAG-PITTS PRIMARY SS GROUNDING"
"000000009598E9A20E04F041B38518182890A2D5010012225CC57BF01F4EA8CCA87A792FF35F00055EB0727C0000"	"\Divisions\PD\Substation Atlanta\178313_GPC-SE TOYOTA P&C"
"000000009598E9A20E04F041B38518182890A2D5010012225CC57BF01F4EA8CCA87A792FF35F0005A784131E0000"	"\Divisions\PD\Substation Atlanta\180666_ATL LAKE CRK SWC MOD PETE 4812"
"000000009598E9A20E04F041B38518182890A2D50100A3DF33FCC9BD1644BD14FCA330AA97850000261EF6EA0000"	"\Divisions\PD\Substation Atlanta\AEP-Weekly Status Reports\For Bill Williamson - 123979"
"000000009598E9A20E04F041B38518182890A2D50100E34BFE500669CD49AC2E27C6C54DE39D0000003499270000"	"\Divisions\PD\Substation Atlanta\Lisa_Temp\Help Requests"
"000000009598E9A20E04F041B38518182890A2D50100E34BFE500669CD49AC2E27C6C54DE39D0000002841010000"	"\Divisions\PD\Substation Atlanta\NEEWS-Material Inspections\Trench"
"000000009598E9A20E04F041B38518182890A2D50100E34BFE500669CD49AC2E27C6C54DE39D0000002261380000"	"\Divisions\PD\Substation Atlanta\Oncor-2010-Scoping\Round Rock R406"
"000000009598E9A20E04F041B38518182890A2D50100E34BFE500669CD49AC2E27C6C54DE39D0000003B82B00000"	"\Divisions\PD\Substation Atlanta\ONCOR-Project Listings\2011 Project Lists"
"000000009598E9A20E04F041B38518182890A2D50100E34BFE500669CD49AC2E27C6C54DE39D00000042D19E0000"	"\Divisions\PD\Substation Atlanta\Progress Energy\CAD"
"000000009598E9A20E04F041B38518182890A2D50100A3DF33FCC9BD1644BD14FCA330AA9785000016DDCAE40000"	"\Divisions\PD\Substation Atlanta\Progress Energy\Reviews for other stations\Rio Pinar"
"000000009598E9A20E04F041B38518182890A2D50100E34BFE500669CD49AC2E27C6C54DE39D00000025D3A90000"	"\Divisions\PD\Substation Atlanta\Proposals\2009\117923_Dynegy-Sandy_Creek"
"000000009598E9A20E04F041B38518182890A2D50100E34BFE500669CD49AC2E27C6C54DE39D00000037A2610000"	"\Divisions\PD\Substation Atlanta\Proposals\2010\121145_USAID_Tetra_Tec_RFTOP_Haiti"
"000000009598E9A20E04F041B38518182890A2D50100E34BFE500669CD49AC2E27C6C54DE39D0000003B82F10000"	"\Divisions\PD\Substation Atlanta\Proposals\2011\121903 PEC CBM"
"000000009598E9A20E04F041B38518182890A2D50100E34BFE500669CD49AC2E27C6C54DE39D00000043102E0000"	"\Divisions\PD\Substation Atlanta\Proposals\2011\SACO_Bay_CMP"
"000000009598E9A20E04F041B38518182890A2D50100E34BFE500669CD49AC2E27C6C54DE39D0000002261A20000"	"\Divisions\PD\Substation Atlanta\Proposals\Clallam County PUD"
"000000009598E9A20E04F041B38518182890A2D50100E34BFE500669CD49AC2E27C6C54DE39D0000000929D70000"	"\Divisions\PD\Substation Atlanta\Proposals\UOC"
"000000009598E9A20E04F041B38518182890A2D50100A3DF33FCC9BD1644BD14FCA330AA978500001A5DF5460000"	"\Divisions\PD\Substation Atlanta\Substation Billings"
"000000009598E9A20E04F041B38518182890A2D501001296C725372D7F4B86B758A22EA3141B000000611C8F0000"	"\Divisions\PD\Substation Atlanta\WFEC-Anadarko"
"000000009598E9A20E04F041B38518182890A2D50100A3DF33FCC9BD1644BD14FCA330AA9785000025F5425E0000"	"\Divisions\PD\Substation Boise\140002  AEP NEWCOMERSTOWN P14095007 42589"
"000000009598E9A20E04F041B38518182890A2D50100A3DF33FCC9BD1644BD14FCA330AA978500002C0817570000"	"\Divisions\PD\Substation Boise\142744  AEP SOUTH TIFFIN P10142007"
"000000009598E9A20E04F041B38518182890A2D5010012225CC57BF01F4EA8CCA87A792FF35F0000B677F30D0000"	"\Divisions\PD\Substation Boise\146329  ONCOR BURNETT SWITCH ST"
"000000009598E9A20E04F041B38518182890A2D5010012225CC57BF01F4EA8CCA87A792FF35F00010D90EA5C0000"	"\Divisions\PD\Substation Boise\148160  ONCOR CORINTH SOUTH DA PIP3110"
"000000009598E9A20E04F041B38518182890A2D5010012225CC57BF01F4EA8CCA87A792FF35F00013250E04B0000"	"\Divisions\PD\Substation Boise\149124  AEP OAKWOOD RD STATION P15117023"
"000000009598E9A20E04F041B38518182890A2D5010012225CC57BF01F4EA8CCA87A792FF35F00016EA9929A0000"	"\Divisions\PD\Substation Boise\150537  ONCOR PFLUGERVILLE DA PIP3098"
"000000009598E9A20E04F041B38518182890A2D5010012225CC57BF01F4EA8CCA87A792FF35F00019C58915B0000"	"\Divisions\PD\Substation Boise\151759  ONCOR NACOGDOCHES SFA DA"
"000000009598E9A20E04F041B38518182890A2D5010012225CC57BF01F4EA8CCA87A792FF35F0001E6DB39460000"	"\Divisions\PD\Substation Boise\153670  ONCOR RANGER-CAP BANK"
"000000009598E9A20E04F041B38518182890A2D5010012225CC57BF01F4EA8CCA87A792FF35F00020E8C7CCA0000"	"\Divisions\PD\Substation Boise\154528  ONCOR HUTTO SW TERM UPG RR SE"
"000000009598E9A20E04F041B38518182890A2D5010012225CC57BF01F4EA8CCA87A792FF35F00022676EAFC0000"	"\Divisions\PD\Substation Boise\154968  NV ENERGY PAH RAH EXPANSION"
"000000009598E9A20E04F041B38518182890A2D501006C95E27D1ACA634AA1AADC20796388DD0000006714080000"	"\Divisions\PD\Substation Boise\Randol Mill"
"000000009598E9A20E04F041B38518182890A2D501006C95E27D1ACA634AA1AADC20796388DD000000695C800000"	"\Divisions\PD\Substation Denver\01-General Oncor Information"
"000000009598E9A20E04F041B38518182890A2D501006C95E27D1ACA634AA1AADC20796388DD000000A609700000"	"\Divisions\PD\Substation Denver\116945 St. George- Red Butte\FAA"
"000000009598E9A20E04F041B38518182890A2D501006C95E27D1ACA634AA1AADC20796388DD000000F320DD0000"	"\Divisions\PD\Substation Denver\117638 Hotchkiss Substation"
"000000009598E9A20E04F041B38518182890A2D501006C95E27D1ACA634AA1AADC20796388DD000000B9C8640000"	"\Divisions\PD\Substation Denver\120260 West River Road"
"000000009598E9A20E04F041B38518182890A2D501006C95E27D1ACA634AA1AADC20796388DD000000E349C00000"	"\Divisions\PD\Substation Denver\121857 Smoky Hill"
"000000009598E9A20E04F041B38518182890A2D50100CB7D9B6512D7374A860FE542D57703920000012167070000"	"\Divisions\PD\Substation Denver\123071 Sunnyslope"
"000000009598E9A20E04F041B38518182890A2D501001953B16A689BCD4AA8FC82955DB27CB1000001679D060000"	"\Divisions\PD\Substation Denver\124064 AEP Breaker Replacements\Proctorville"
"000000009598E9A20E04F041B38518182890A2D501001953B16A689BCD4AA8FC82955DB27CB1000001CB2A110000"	"\Divisions\PD\Substation Denver\124737 GIST3 Xcel PSCO Line Rating AnalysisING ANY"
"000000009598E9A20E04F041B38518182890A2D50100A3DF33FCC9BD1644BD14FCA330AA978500000E9B1CEE0000"	"\Divisions\PD\Substation Denver\125723 NO CALIF PUMP REPLACEMENT"
"000000009598E9A20E04F041B38518182890A2D50100A3DF33FCC9BD1644BD14FCA330AA9785000016F8D47A0000"	"\Divisions\PD\Substation Denver\126554 LEA COUNTY REMOVAL"
"000000009598E9A20E04F041B38518182890A2D50100A3DF33FCC9BD1644BD14FCA330AA97850000177826470000"	"\Divisions\PD\Substation Denver\127445 MIDLAND"
"000000009598E9A20E04F041B38518182890A2D50100A3DF33FCC9BD1644BD14FCA330AA9785000017EDB3140000"	"\Divisions\PD\Substation Denver\128199 Prairie LCU Replacement"
"000000009598E9A20E04F041B38518182890A2D50100A3DF33FCC9BD1644BD14FCA330AA9785000018BCC4080000"	"\Divisions\PD\Substation Denver\128954 LAWRENCE SUBSTN CONTROL DSN"
"000000009598E9A20E04F041B38518182890A2D50100A3DF33FCC9BD1644BD14FCA330AA97850000197ACBC90000"	"\Divisions\PD\Substation Denver\129646 SPEARMAN TRANSF UPGD PTE"
"000000009598E9A20E04F041B38518182890A2D50100A3DF33FCC9BD1644BD14FCA330AA978500001B365C960000"	"\Divisions\PD\Substation Denver\131919 SPS COCHRAN-HOCKLEY SCOPE EST"
"000000009598E9A20E04F041B38518182890A2D50100F3BCE3A574023B4482F2E427B5A3121800004EB471A70000"	"\Divisions\PD\Substation Denver\132855 Commissioning Tech"
"000000009598E9A20E04F041B38518182890A2D50100A3DF33FCC9BD1644BD14FCA330AA978500001D2993730000"	"\Divisions\PD\Substation Denver\133491 ROSEAU-RPLCE TLPRTCTN 500KV"
"000000009598E9A20E04F041B38518182890A2D50100A3DF33FCC9BD1644BD14FCA330AA978500001DD50ED10000"	"\Divisions\PD\Substation Denver\134556 SUB MICROWAVE TOWER UPGRADES"
"000000009598E9A20E04F041B38518182890A2D50100A3DF33FCC9BD1644BD14FCA330AA978500001F2C1A660000"	"\Divisions\PD\Substation Denver\135938 ADAMS 50MVAR REACTOR #10"
"000000009598E9A20E04F041B38518182890A2D50100A3DF33FCC9BD1644BD14FCA330AA9785000020247B4F0000"	"\Divisions\PD\Substation Denver\136481 LAMAR 345 - CIP NETWORK"
"000000009598E9A20E04F041B38518182890A2D50100A3DF33FCC9BD1644BD14FCA330AA978500002064E2050000"	"\Divisions\PD\Substation Denver\136624 FIELDON - CIP-5 UPGRADES"
"000000009598E9A20E04F041B38518182890A2D50100A3DF33FCC9BD1644BD14FCA330AA97850000228312150000"	"\Divisions\PD\Substation Denver\137172 SPS TX"
"000000009598E9A20E04F041B38518182890A2D50100A3DF33FCC9BD1644BD14FCA330AA97850000270C53200000"	"\Divisions\PD\Substation Denver\137486 Canyon West"
"000000009598E9A20E04F041B38518182890A2D50100F3BCE3A574023B4482F2E427B5A3121800004EB4718E0000"	"\Divisions\PD\Substation Denver\137903 Graham"
"000000009598E9A20E04F041B38518182890A2D50100A3DF33FCC9BD1644BD14FCA330AA97850000224E59870000"	"\Divisions\PD\Substation Denver\138063 ONALASKA - FRAME RLY RPLC NSP"
"000000009598E9A20E04F041B38518182890A2D50100A3DF33FCC9BD1644BD14FCA330AA978500002261FFA10000"	"\Divisions\PD\Substation Denver\138111 PIPESTONE- FRAME RLY RPLC NSP"
"000000009598E9A20E04F041B38518182890A2D50100A3DF33FCC9BD1644BD14FCA330AA97850000226875F60000"	"\Divisions\PD\Substation Denver\138145 COULEE - FRAME RLY RPLC NSP"
"000000009598E9A20E04F041B38518182890A2D50100A3DF33FCC9BD1644BD14FCA330AA978500002268FF8E0000"	"\Divisions\PD\Substation Denver\138169 KING PLNT- FRAME RLY RPLC NSP"
"000000009598E9A20E04F041B38518182890A2D50100A3DF33FCC9BD1644BD14FCA330AA97850000226920970000"	"\Divisions\PD\Substation Denver\138185 HIGH BRIDGE-FRAME RLY RPLC NSP"
"000000009598E9A20E04F041B38518182890A2D50100A3DF33FCC9BD1644BD14FCA330AA97850000226EF7EE0000"	"\Divisions\PD\Substation Denver\138203 PANTHER - FRAME RLY RPLC NSP"
"000000009598E9A20E04F041B38518182890A2D50100A3DF33FCC9BD1644BD14FCA330AA97850000226EF8320000"	"\Divisions\PD\Substation Denver\138221 AVON - FRAME RLY RPLC NSP"
"000000009598E9A20E04F041B38518182890A2D50100A3DF33FCC9BD1644BD14FCA330AA978500002274EE680000"	"\Divisions\PD\Substation Denver\138256 KELSO - FRAME RLY RPLC NSP"
"000000009598E9A20E04F041B38518182890A2D50100A3DF33FCC9BD1644BD14FCA330AA978500002274EF1F0000"	"\Divisions\PD\Substation Denver\138271 W. NEW ULM-FRAME RLY RPLC NSP"
"000000009598E9A20E04F041B38518182890A2D50100A3DF33FCC9BD1644BD14FCA330AA978500002274F37E0000"	"\Divisions\PD\Substation Denver\138286 MARSHLAND - FRAME RLY RPLC NSP"
"000000009598E9A20E04F041B38518182890A2D50100A3DF33FCC9BD1644BD14FCA330AA978500002274F6930000"	"\Divisions\PD\Substation Denver\138306 VIKING - FRAME RLY RPLC NSP"
"000000009598E9A20E04F041B38518182890A2D50100A3DF33FCC9BD1644BD14FCA330AA978500002274F6CB0000"	"\Divisions\PD\Substation Denver\138327 RED ROCK - FRAME RLY RPLC NSP"
"000000009598E9A20E04F041B38518182890A2D50100A3DF33FCC9BD1644BD14FCA330AA978500002274F7660000"	"\Divisions\PD\Substation Denver\138344 W.WACONIA - FRAME RLY RPLC NSP"
"000000009598E9A20E04F041B38518182890A2D50100A3DF33FCC9BD1644BD14FCA330AA978500002914FBDE0000"	"\Divisions\PD\Substation Denver\138384 Muleshoe"
"000000009598E9A20E04F041B38518182890A2D50100A3DF33FCC9BD1644BD14FCA330AA978500002285740C0000"	"\Divisions\PD\Substation Denver\138436 OSSEO - FRAME RLY RPLC NSP"
"000000009598E9A20E04F041B38518182890A2D50100A3DF33FCC9BD1644BD14FCA330AA978500002343B8950000"	"\Divisions\PD\Substation Denver\138644 SMOKY HILL-CIP V5 FIELD AUDIT"
"000000009598E9A20E04F041B38518182890A2D50100A3DF33FCC9BD1644BD14FCA330AA978500002561F2990000"	"\Divisions\PD\Substation Denver\139721 ADAMS-RPLCE FAILED 13.8KV RCTR"
"000000009598E9A20E04F041B38518182890A2D50100A3DF33FCC9BD1644BD14FCA330AA978500002723B7EB0000"	"\Divisions\PD\Substation Denver\140632 S FARIBAULT-FRAME RLY RPLC NSP"
"000000009598E9A20E04F041B38518182890A2D50100A3DF33FCC9BD1644BD14FCA330AA978500002AB0F09A0000"	"\Divisions\PD\Substation Denver\142001 COTTAGE GRVE -FRME RLY NSP"
"000000009598E9A20E04F041B38518182890A2D50100A3DF33FCC9BD1644BD14FCA330AA978500002B9EF4890000"	"\Divisions\PD\Substation Denver\142380 GI-2014-13 FACILITY STUDY"
"000000009598E9A20E04F041B38518182890A2D5010012225CC57BF01F4EA8CCA87A792FF35F00004331C9B30000"	"\Divisions\PD\Substation Denver\143035 Capitan"
"000000009598E9A20E04F041B38518182890A2D5010012225CC57BF01F4EA8CCA87A792FF35F000027EE5ACA0000"	"\Divisions\PD\Substation Denver\143790 LYNN SUB- FRAME RLY REPLAC NSP"
"000000009598E9A20E04F041B38518182890A2D5010012225CC57BF01F4EA8CCA87A792FF35F00003452E6520000"	"\Divisions\PD\Substation Denver\144058 MARTIN SUB- BATTERY RPLCEMNT"
"000000009598E9A20E04F041B38518182890A2D5010012225CC57BF01F4EA8CCA87A792FF35F00005BADA0040000"	"\Divisions\PD\Substation Denver\144619 BROADWAY- NSP FRAME RLY RPLC"
"000000009598E9A20E04F041B38518182890A2D5010012225CC57BF01F4EA8CCA87A792FF35F00008C3235E40000"	"\Divisions\PD\Substation Denver\145460 QUAHADA 115-PCA TAM PRECOMM"
"000000009598E9A20E04F041B38518182890A2D5010012225CC57BF01F4EA8CCA87A792FF35F0000FFBD37CA0000"	"\Divisions\PD\Substation Denver\147969 NSPM TRANSMISSION SUB EST"
"000000009598E9A20E04F041B38518182890A2D5010012225CC57BF01F4EA8CCA87A792FF35F00013250E0510000"	"\Divisions\PD\Substation Denver\149088 PHILPOT SW A15054007"
"000000009598E9A20E04F041B38518182890A2D5010012225CC57BF01F4EA8CCA87A792FF35F000178961AAD0000"	"\Divisions\PD\Substation Denver\150956 BLACK DOG- AUX SW CNTCT INSTLL"
"000000009598E9A20E04F041B38518182890A2D5010012225CC57BF01F4EA8CCA87A792FF35F0002155D68FD0000"	"\Divisions\PD\Substation Denver\154622 STEEP BANK LAKE - COMM"
"000000009598E9A20E04F041B38518182890A2D5010012225CC57BF01F4EA8CCA87A792FF35F0003D6AD7A990000"	"\Divisions\PD\Substation Denver\155988 PAWNEE DFR UPGRADE\DFR\Materials"
"000000009598E9A20E04F041B38518182890A2D5010012225CC57BF01F4EA8CCA87A792FF35F0002771382330000"	"\Divisions\PD\Substation Denver\156865 P-ST VRAIN DFR UPGRADE"
"000000009598E9A20E04F041B38518182890A2D5010012225CC57BF01F4EA8CCA87A792FF35F00027FE68E440000"	"\Divisions\PD\Substation Denver\157186 P- CRYSTAL FAN"
"000000009598E9A20E04F041B38518182890A2D5010012225CC57BF01F4EA8CCA87A792FF35F00028774B29D0000"	"\Divisions\PD\Substation Denver\157449 N-SOUTHTOWN FAN-HDR"
"000000009598E9A20E04F041B38518182890A2D5010012225CC57BF01F4EA8CCA87A792FF35F000297759EB90000"	"\Divisions\PD\Substation Denver\157778 N-WISSOTA-69KV RLY-HDR"
"000000009598E9A20E04F041B38518182890A2D5010012225CC57BF01F4EA8CCA87A792FF35F0002A9804DFA0000"	"\Divisions\PD\Substation Denver\158378 N-CUMBERLAND RPL BKR CUM81 HDR"
"000000009598E9A20E04F041B38518182890A2D5010012225CC57BF01F4EA8CCA87A792FF35F0002B34678430000"	"\Divisions\PD\Substation Denver\158579 N-GOOSE LAKE SECURITY COMM HDR"
"000000009598E9A20E04F041B38518182890A2D5010012225CC57BF01F4EA8CCA87A792FF35F0002D18D62710000"	"\Divisions\PD\Substation Denver\159271 P-ADMS DATA COLLECTION"
"000000009598E9A20E04F041B38518182890A2D5010012225CC57BF01F4EA8CCA87A792FF35F0002D18D62C50000"	"\Divisions\PD\Substation Denver\159495 N-RED CEDAR SUB-SEC COMM-HDR"
"000000009598E9A20E04F041B38518182890A2D5010012225CC57BF01F4EA8CCA87A792FF35F0002E086C8490000"	"\Divisions\PD\Substation Denver\159791 N-ST CLOUD CSG353 RELAY-HDR"
"000000009598E9A20E04F041B38518182890A2D5010012225CC57BF01F4EA8CCA87A792FF35F0002F0691D7E0000"	"\Divisions\PD\Substation Denver\160170 S-ROADRUNNER SPARE NO 2 REV"
"000000009598E9A20E04F041B38518182890A2D5010012225CC57BF01F4EA8CCA87A792FF35F0003061381DF0000"	"\Divisions\PD\Substation Denver\160757 N-BAY CITY BAY21 SPE HDR"
"000000009598E9A20E04F041B38518182890A2D5010012225CC57BF01F4EA8CCA87A792FF35F0003249DFC830000"	"\Divisions\PD\Substation Denver\161487 N-WOB CSG375-WOB021-SOLAR GRDN"
"000000009598E9A20E04F041B38518182890A2D501006C95E27D1ACA634AA1AADC20796388DD000000E56D330000"	"\Divisions\PD\Substation Denver\Lake Benton"
"000000009598E9A20E04F041B38518182890A2D50100A3DF33FCC9BD1644BD14FCA330AA9785000025F3EAEA0000"	"\Divisions\PD\Substation Fort Mill\139500 - Antares"
"000000009598E9A20E04F041B38518182890A2D501001296C725372D7F4B86B758A22EA3141B0000000C19320000"	"\Divisions\PD\Substation Freeport\Inactive File"
"000000009598E9A20E04F041B38518182890A2D501001296C725372D7F4B86B758A22EA3141B00000022D65D0000"	"\Divisions\PD\Substation Freeport\Inactive File\104895_PSNH_Scobie Review\Legal"
"000000009598E9A20E04F041B38518182890A2D501001296C725372D7F4B86B758A22EA3141B0000001FACA90000"	"\Divisions\PD\Substation Freeport\Inactive File\105654_GLHA_CrossPwr"
"000000009598E9A20E04F041B38518182890A2D501001296C725372D7F4B86B758A22EA3141B000000108A7C0000"	"\Divisions\PD\Substation Freeport\Inactive File\106097-Weldon"
"000000009598E9A20E04F041B38518182890A2D501001296C725372D7F4B86B758A22EA3141B0000001463AB0000"	"\Divisions\PD\Substation Freeport\Inactive File\106XXX_PSNH_Madbury\Enviro"
"000000009598E9A20E04F041B38518182890A2D501001296C725372D7F4B86B758A22EA3141B0000001634B00000"	"\Divisions\PD\Substation Freeport\Inactive File\106XXX_PSNH_Madbury\Spec\ConstructionAddendum"
"000000009598E9A20E04F041B38518182890A2D501001296C725372D7F4B86B758A22EA3141B00000022D5DD0000"	"\Divisions\PD\Substation Freeport\Inactive File\108042_TXU_South_Brownwood\Environmental"
"000000009598E9A20E04F041B38518182890A2D501001296C725372D7F4B86B758A22EA3141B0000001E25610000"	"\Divisions\PD\Substation Freeport\Inactive File\108055_PWR_Advocate"
"000000009598E9A20E04F041B38518182890A2D501001296C725372D7F4B86B758A22EA3141B00000022D6030000"	"\Divisions\PD\Substation Freeport\Inactive File\108166_TXU_Dublin\Public Information"
"000000009598E9A20E04F041B38518182890A2D501001296C725372D7F4B86B758A22EA3141B00000022D63C0000"	"\Divisions\PD\Substation Freeport\Inactive File\108556_Centerpoint_Webster\GIS"
"000000009598E9A20E04F041B38518182890A2D501001296C725372D7F4B86B758A22EA3141B00000022D61E0000"	"\Divisions\PD\Substation Freeport\Inactive File\108557_Centerpoint_Freeport\Accounting"
"000000009598E9A20E04F041B38518182890A2D501001296C725372D7F4B86B758A22EA3141B00000022D62D0000"	"\Divisions\PD\Substation Freeport\Inactive File\108557_Centerpoint_Freeport\Right-of-Way"
"000000009598E9A20E04F041B38518182890A2D501001296C725372D7F4B86B758A22EA3141B00000026BFB50000"	"\Divisions\PD\Substation Freeport\Inactive File\108954_TXU_Celina_Switch\Drawings"
"000000009598E9A20E04F041B38518182890A2D501001296C725372D7F4B86B758A22EA3141B00000026BFC40000"	"\Divisions\PD\Substation Freeport\Inactive File\108954_TXU_Celina_Switch\Survey"
"000000009598E9A20E04F041B38518182890A2D50100E34BFE500669CD49AC2E27C6C54DE39D0000004083D30000"	"\Divisions\PD\Substation Freeport\Inactive File\109947_CMP_ScarOOBLine\109947 Saco  Bay Prelim & MPUC\Data Requests\Completed Responses"
"000000009598E9A20E04F041B38518182890A2D50100E34BFE500669CD49AC2E27C6C54DE39D0000004083E20000"	"\Divisions\PD\Substation Freeport\Inactive File\109947_CMP_ScarOOBLine\109947 Saco  Bay Prelim & MPUC\MPUC Hearings\20070907_Cannata Requests"
"000000009598E9A20E04F041B38518182890A2D50100E34BFE500669CD49AC2E27C6C54DE39D0000004083F10000"	"\Divisions\PD\Substation Freeport\Inactive File\109947_CMP_ScarOOBLine\109947 Saco  Bay Prelim & MPUC\Schedule"
"000000009598E9A20E04F041B38518182890A2D501001296C725372D7F4B86B758A22EA3141B0000005D20600000"	"\Divisions\PD\Substation Freeport\Inactive File\109947_CMP_ScarOOBLine1\109947 Saco  Bay Prelim & MPUC\Data Requests\Completed Responses"
"000000009598E9A20E04F041B38518182890A2D501001296C725372D7F4B86B758A22EA3141B000000635F180000"	"\Divisions\PD\Substation Freeport\Inactive File\109947_CMP_ScarOOBLine1\109947 Saco  Bay Prelim & MPUC\MPUC Hearings\20070907_Cannata Requests"
"000000009598E9A20E04F041B38518182890A2D501001296C725372D7F4B86B758A22EA3141B0000005D20740000"	"\Divisions\PD\Substation Freeport\Inactive File\109947_CMP_ScarOOBLine1\109947 Saco  Bay Prelim & MPUC\Schedule"
"000000009598E9A20E04F041B38518182890A2D501001296C725372D7F4B86B758A22EA3141B0000003FFB870000"	"\Divisions\PD\Substation Freeport\Inactive File\111112_CMP_ForestAveSS"
"000000009598E9A20E04F041B38518182890A2D501001296C725372D7F4B86B758A22EA3141B0000006C992D0000"	"\Divisions\PD\Substation Freeport\Inactive File\113438_RumfordIP"
"000000009598E9A20E04F041B38518182890A2D501001296C725372D7F4B86B758A22EA3141B0000001C65AE0000"	"\Divisions\PD\Substation Freeport\Inactive File\90_011_TXU_General"
"000000009598E9A20E04F041B38518182890A2D501001953B16A689BCD4AA8FC82955DB27CB1000000A278820000"	"\Divisions\PD\Substation Freeport\Inactive File\CLOSED_109947_CMP_ScarOOBLine\109947 Saco  Bay Prelim & MPUC\Data Requests\City of Saco Stone Letter"
"000000009598E9A20E04F041B38518182890A2D501001953B16A689BCD4AA8FC82955DB27CB1000000A278910000"	"\Divisions\PD\Substation Freeport\Inactive File\CLOSED_109947_CMP_ScarOOBLine\109947 Saco  Bay Prelim & MPUC\EMF Calcs & Considerations"
"000000009598E9A20E04F041B38518182890A2D501001953B16A689BCD4AA8FC82955DB27CB1000000A278A00000"	"\Divisions\PD\Substation Freeport\Inactive File\CLOSED_109947_CMP_ScarOOBLine\109947 Saco  Bay Prelim & MPUC\MPUC Hearings\Rebuttal Testimony Saco SACO-03"
"000000009598E9A20E04F041B38518182890A2D501001953B16A689BCD4AA8FC82955DB27CB1000000A278AF0000"	"\Divisions\PD\Substation Freeport\Inactive File\CLOSED_109947_CMP_ScarOOBLine1\109947 Saco  Bay Prelim & MPUC\Data Requests\City of Saco Stone Letter"
"000000009598E9A20E04F041B38518182890A2D501001953B16A689BCD4AA8FC82955DB27CB1000000A278BE0000"	"\Divisions\PD\Substation Freeport\Inactive File\CLOSED_109947_CMP_ScarOOBLine1\109947 Saco  Bay Prelim & MPUC\EMF Calcs & Considerations"
"000000009598E9A20E04F041B38518182890A2D501001953B16A689BCD4AA8FC82955DB27CB1000000B63DA60000"	"\Divisions\PD\Substation Freeport\Inactive File\CLOSED_109947_CMP_ScarOOBLine1\109947 Saco  Bay Prelim & MPUC\MPUC Hearings\Rebuttal Testimony Saco SACO-03"
"000000009598E9A20E04F041B38518182890A2D501001953B16A689BCD4AA8FC82955DB27CB1000000B63DB50000"	"\Divisions\PD\Substation Freeport\Inactive File\CLOSED_112284_CMP_HeywoodRoad "
"000000009598E9A20E04F041B38518182890A2D50100E34BFE500669CD49AC2E27C6C54DE39D00000017FCDF0000"	"\Divisions\PD\Substation Freeport\Inactive File\CLOSED_115209_Molokai-Oahu"
"000000009598E9A20E04F041B38518182890A2D501001296C725372D7F4B86B758A22EA3141B0000000AB5F20000"	"\Divisions\PD\Substation Freeport\Inactive File\NStar Sta 980 Breaker Support"
"000000009598E9A20E04F041B38518182890A2D501001296C725372D7F4B86B758A22EA3141B0000000A4DB30000"	"\Divisions\PD\Substation Freeport\Projects"
"000000009598E9A20E04F041B38518182890A2D501001953B16A689BCD4AA8FC82955DB27CB10000017F50D60000"	"\Divisions\PD\Substation Freeport\Projects\113552_South_GorhamPART2"
"000000009598E9A20E04F041B38518182890A2D5010012225CC57BF01F4EA8CCA87A792FF35F000045BC484F0000"	"\Divisions\PD\Substation Freeport\Projects\116920_ONCOR_FRE_Tyler(CLOSED)\116310_Scobie Pond 4th Autotransformer"
"000000009598E9A20E04F041B38518182890A2D50100A3DF33FCC9BD1644BD14FCA330AA97850000201CFA830000"	"\Divisions\PD\Substation Freeport\Projects\122452_South_Meadow(CLOSED)\122477_Card_Street"
"000000009598E9A20E04F041B38518182890A2D50100A3DF33FCC9BD1644BD14FCA330AA9785000016FB26440000"	"\Divisions\PD\Substation Freeport\Projects\126499_Fitzwilliam"
"000000009598E9A20E04F041B38518182890A2D50100A3DF33FCC9BD1644BD14FCA330AA9785000019C012970000"	"\Divisions\PD\Substation Freeport\Projects\130240_CL&P_Devon_RR"
"000000009598E9A20E04F041B38518182890A2D50100A3DF33FCC9BD1644BD14FCA330AA978500001DEC73B20000"	"\Divisions\PD\Substation Freeport\Projects\1333329_Oncor_Calmont"
"000000009598E9A20E04F041B38518182890A2D50100A3DF33FCC9BD1644BD14FCA330AA978500001EE104750000"	"\Divisions\PD\Substation Freeport\Projects\134351_GVEC_CMC"
"000000009598E9A20E04F041B38518182890A2D50100A3DF33FCC9BD1644BD14FCA330AA97850000216E20CD0000"	"\Divisions\PD\Substation Freeport\Projects\135212_NGRID_Meadowbrook_No_2_Upgrades"
"000000009598E9A20E04F041B38518182890A2D50100A3DF33FCC9BD1644BD14FCA330AA97850000201377250000"	"\Divisions\PD\Substation Freeport\Projects\136371_CL&P_Mystic_13K_Final_Design"
"000000009598E9A20E04F041B38518182890A2D50100A3DF33FCC9BD1644BD14FCA330AA97850000223697030000"	"\Divisions\PD\Substation Freeport\Projects\137751_GVEC_DEER_CREEk"
"000000009598E9A20E04F041B38518182890A2D50100A3DF33FCC9BD1644BD14FCA330AA9785000023F984250000"	"\Divisions\PD\Substation Freeport\Projects\139187_MSA_Teall_Ave"
"000000009598E9A20E04F041B38518182890A2D50100A3DF33FCC9BD1644BD14FCA330AA9785000028637F950000"	"\Divisions\PD\Substation Freeport\Projects\140920_CLP_Triangle_Pumping_Plant"
"000000009598E9A20E04F041B38518182890A2D50100A3DF33FCC9BD1644BD14FCA330AA978500002BCF5C150000"	"\Divisions\PD\Substation Freeport\Projects\142476_CMP-S/S_RFP_Development_I"
"000000009598E9A20E04F041B38518182890A2D5010012225CC57BF01F4EA8CCA87A792FF35F00004480C31A0000"	"\Divisions\PD\Substation Freeport\Projects\144333_PSNH-Webster-REL 512 ENG"
"000000009598E9A20E04F041B38518182890A2D5010012225CC57BF01F4EA8CCA87A792FF35F0000983552090000"	"\Divisions\PD\Substation Freeport\Projects\145688_Oncor_FRE_Bear_Creek"
"000000009598E9A20E04F041B38518182890A2D5010012225CC57BF01F4EA8CCA87A792FF35F0001433E2E7B0000"	"\Divisions\PD\Substation Freeport\Projects\146788_AEP_Lon_Hill"
"000000009598E9A20E04F041B38518182890A2D5010012225CC57BF01F4EA8CCA87A792FF35F00016AA4C3A00000"	"\Divisions\PD\Substation Freeport\Projects\149122_AEP_West_New_Philadelphia"
"000000009598E9A20E04F041B38518182890A2D501001296C725372D7F4B86B758A22EA3141B000000131DE10000"	"\Divisions\PD\Substation Freeport\Proposals\000000-Natl_Grid_No_Bid"
"000000009598E9A20E04F041B38518182890A2D501001296C725372D7F4B86B758A22EA3141B0000001666DF0000"	"\Divisions\PD\Substation Freeport\Proposals\107153_NG_SVC"
"000000009598E9A20E04F041B38518182890A2D501001296C725372D7F4B86B758A22EA3141B0000002BBBE90000"	"\Divisions\PD\Substation Freeport\Proposals\109530_VELCO_Substations"
"000000009598E9A20E04F041B38518182890A2D501001296C725372D7F4B86B758A22EA3141B0000000AB67F0000"	"\Divisions\PD\Substation Freeport\Proposals\NUSCO - Noera 13H"
"000000009598E9A20E04F041B38518182890A2D501001296C725372D7F4B86B758A22EA3141B00000053BDAE0000"	"\Divisions\PD\Substation Hailey\00-DMS Upload"
"000000009598E9A20E04F041B38518182890A2D5010012225CC57BF01F4EA8CCA87A792FF35F00036265AA8F0000"	"\Divisions\PD\Substation Hailey\161747 - Sulphur Springs\01.10 Ramsey"
"000000009598E9A20E04F041B38518182890A2D5010012225CC57BF01F4EA8CCA87A792FF35F0003A80873AC0000"	"\Divisions\PD\Substation Hailey\165468 - Waco West 39685"
"000000009598E9A20E04F041B38518182890A2D5010012225CC57BF01F4EA8CCA87A792FF35F00044E0684560000"	"\Divisions\PD\Substation Hailey\170183 - Trinidad 43824"
"000000009598E9A20E04F041B38518182890A2D5010012225CC57BF01F4EA8CCA87A792FF35F0005CDC2D3510000"	"\Divisions\PD\Substation Hailey\177064 - Handley 44167"
"000000009598E9A20E04F041B38518182890A2D5010012225CC57BF01F4EA8CCA87A792FF35F00059D072BA00000"	"\Divisions\PD\Substation Hailey\180339 - Killeen Elms Road 48904"
"000000009598E9A20E04F041B38518182890A2D5010012225CC57BF01F4EA8CCA87A792FF35F000636B4DBB40000"	"\Divisions\PD\Substation Hailey\241961 - Temple Pecan Creek Switch 50194"
"000000009598E9A20E04F041B38518182890A2D5010012225CC57BF01F4EA8CCA87A792FF35F0006E1243D260000"	"\Divisions\PD\Substation Hailey\247898 - Red Hill Switch"
"000000009598E9A20E04F041B38518182890A2D5010012225CC57BF01F4EA8CCA87A792FF35F000178961A9B0000"	"\Divisions\PD\Substation Hailey\CJM - Toco Switch TT Update"
"000000009598E9A20E04F041B38518182890A2D5010012225CC57BF01F4EA8CCA87A792FF35F000137F3E98F0000"	"\Divisions\PD\Substation Hailey\TJT - DA"
"000000009598E9A20E04F041B38518182890A2D50100A3DF33FCC9BD1644BD14FCA330AA97850000254A0E570000"	"\Divisions\PD\Substation Hamilton\139006"
"000000009598E9A20E04F041B38518182890A2D5010012225CC57BF01F4EA8CCA87A792FF35F0000276BC47F0000"	"\Divisions\PD\Substation Hamilton\143730"
"000000009598E9A20E04F041B38518182890A2D50100E34BFE500669CD49AC2E27C6C54DE39D00000028F4C80000"	"\Divisions\PD\Substation Houston\00-BD_Proposals\118775_Horizon_Wind_Randolph"
"000000009598E9A20E04F041B38518182890A2D50100A3DF33FCC9BD1644BD14FCA330AA9785000021E2EB290000"	"\Divisions\PD\Substation Houston\00-Closed Projects\Outstanding Emails"
"000000009598E9A20E04F041B38518182890A2D50100E34BFE500669CD49AC2E27C6C54DE39D0000001E36A30000"	"\Divisions\PD\Substation Houston\01-General Oncor Information\00 CLOSED PROJECTS\ATL Pleasant Valley WA05T62014 (not mine)"
"000000009598E9A20E04F041B38518182890A2D50100E34BFE500669CD49AC2E27C6C54DE39D0000000AFCC40000"	"\Divisions\PD\Substation Houston\01-General Oncor Information\00 CLOSED PROJECTS\STL Centerville WA06T65040 (108727)"
"000000009598E9A20E04F041B38518182890A2D50100E34BFE500669CD49AC2E27C6C54DE39D0000000929E80000"	"\Divisions\PD\Substation Houston\01-General Oncor Information\00 CLOSED PROJECTS\White_Rock_112182_WA07T65099"
"000000009598E9A20E04F041B38518182890A2D50100E34BFE500669CD49AC2E27C6C54DE39D0000000D59E20000"	"\Divisions\PD\Substation Houston\01-General Oncor Information\00 LEAD TIMES and SCHEDULES\PREFERRED SALES"
"000000009598E9A20E04F041B38518182890A2D50100E34BFE500669CD49AC2E27C6C54DE39D00000020FD700000"	"\Divisions\PD\Substation Houston\01-General Oncor Information\00 REPORTS\Line Trap and CCVT Forecast"
"000000009598E9A20E04F041B38518182890A2D50100E34BFE500669CD49AC2E27C6C54DE39D0000002A34CA0000"	"\Divisions\PD\Substation Houston\01-General Oncor Information\FORT WORTH PROJECTS"
"000000009598E9A20E04F041B38518182890A2D50100E34BFE500669CD49AC2E27C6C54DE39D00000022616E0000"	"\Divisions\PD\Substation Houston\116139_Oncor_Round_Rock_WA09T64034"
"000000009598E9A20E04F041B38518182890A2D50100E34BFE500669CD49AC2E27C6C54DE39D0000004310360000"	"\Divisions\PD\Substation Houston\122877_Luminant_Comanche_Peak_8080_&_8075"
"000000009598E9A20E04F041B38518182890A2D501001953B16A689BCD4AA8FC82955DB27CB10000014018340000"	"\Divisions\PD\Substation Houston\124168_Oncor_Trinity_138kV_WA11T62368"
"000000009598E9A20E04F041B38518182890A2D50100A3DF33FCC9BD1644BD14FCA330AA9785000018B2544D0000"	"\Divisions\PD\Substation Houston\124786_AEP_Reedy_Creek_PVID#_33592"
"000000009598E9A20E04F041B38518182890A2D50100A3DF33FCC9BD1644BD14FCA330AA9785000018F05FEB0000"	"\Divisions\PD\Substation Houston\126552_Xcel_Cunningham"
"000000009598E9A20E04F041B38518182890A2D50100A3DF33FCC9BD1644BD14FCA330AA97850000177391130000"	"\Divisions\PD\Substation Houston\127748_Oncor_Stephenville_WA12T62329"
"000000009598E9A20E04F041B38518182890A2D50100A3DF33FCC9BD1644BD14FCA330AA978500001F9C17D80000"	"\Divisions\PD\Substation Houston\127857_AEP_Knotty Poplar_41859548"
"000000009598E9A20E04F041B38518182890A2D50100A3DF33FCC9BD1644BD14FCA330AA978500001EBB80930000"	"\Divisions\PD\Substation Houston\129298_Oncor_Moss_13T63061\129296_GVEC_CMC"
"000000009598E9A20E04F041B38518182890A2D50100A3DF33FCC9BD1644BD14FCA330AA9785000019A47CF50000"	"\Divisions\PD\Substation Houston\130145_Oncor_China_Grove_WA13T63049"
"000000009598E9A20E04F041B38518182890A2D50100A3DF33FCC9BD1644BD14FCA330AA978500001A99BD670000"	"\Divisions\PD\Substation Houston\130560_Oncor_Bakke_WA13T61043"
"000000009598E9A20E04F041B38518182890A2D50100A3DF33FCC9BD1644BD14FCA330AA978500001B74AA420000"	"\Divisions\PD\Substation Houston\132019_Stec_Cotulla"
"000000009598E9A20E04F041B38518182890A2D50100A3DF33FCC9BD1644BD14FCA330AA97850000260D0A130000"	"\Divisions\PD\Substation Houston\132134_AEP_Southridge_Station_38313\APS NOTIFICATIONS"
"000000009598E9A20E04F041B38518182890A2D50100A3DF33FCC9BD1644BD14FCA330AA978500001D6DAC7F0000"	"\Divisions\PD\Substation Houston\132612_AEP_Oak_Hill_37644"
"000000009598E9A20E04F041B38518182890A2D50100A3DF33FCC9BD1644BD14FCA330AA97850000253FB09F0000"	"\Divisions\PD\Substation Houston\133637_AEP_West Canton_34380\APS NOTIFICATIONS"
"000000009598E9A20E04F041B38518182890A2D50100A3DF33FCC9BD1644BD14FCA330AA97850000253FDA1F0000"	"\Divisions\PD\Substation Houston\134056_AEP_Logan_40795\MATERIAL STATUS REPORTS"
"000000009598E9A20E04F041B38518182890A2D50100A3DF33FCC9BD1644BD14FCA330AA978500001DCD56A20000"	"\Divisions\PD\Substation Houston\134465_Oncor_Allen Sw_WA#14T65080"
"000000009598E9A20E04F041B38518182890A2D50100A3DF33FCC9BD1644BD14FCA330AA97850000219E5DDA0000"	"\Divisions\PD\Substation Houston\135514_Oncor_Tyler NW SW:69 Term UPG_WA#"
"000000009598E9A20E04F041B38518182890A2D50100F3BCE3A574023B4482F2E427B5A3121800004D8BB0D90000"	"\Divisions\PD\Substation Houston\136757_Plainview City-Demolition TAM"
"000000009598E9A20E04F041B38518182890A2D50100A3DF33FCC9BD1644BD14FCA330AA9785000021E55CA40000"	"\Divisions\PD\Substation Houston\137830_XCEL_Gray RTU Replacement"
"000000009598E9A20E04F041B38518182890A2D50100A3DF33FCC9BD1644BD14FCA330AA978500002406F4230000"	"\Divisions\PD\Substation Houston\138786_Oncor_Morgan Crk:UPG 138 A Bus"
"000000009598E9A20E04F041B38518182890A2D50100A3DF33FCC9BD1644BD14FCA330AA97850000248AE0BE0000"	"\Divisions\PD\Substation Houston\139355_Oncor_Northlake Switch Brk Rplc_WA#"
"000000009598E9A20E04F041B38518182890A2D50100A3DF33FCC9BD1644BD14FCA330AA9785000025A6C6B00000"	"\Divisions\PD\Substation Houston\139988_Oncor_Tyler Swtch Rplc 138_WA#16T64031"
"000000009598E9A20E04F041B38518182890A2D50100A3DF33FCC9BD1644BD14FCA330AA9785000027B1212E0000"	"\Divisions\PD\Substation Houston\140683_AEP_Telecom Brk Arw 81st_PVID#14069"
"000000009598E9A20E04F041B38518182890A2D50100A3DF33FCC9BD1644BD14FCA330AA9785000027FA13830000"	"\Divisions\PD\Substation Houston\140940_Wheeler-W06 Rly Repl Precomm_Xcel Energy"
"000000009598E9A20E04F041B38518182890A2D50100F3BCE3A574023B4482F2E427B5A3121800004EC05A3E0000"	"\Divisions\PD\Substation Houston\141226_AEP_Telecom Kenosha_PVID# 14095"
"000000009598E9A20E04F041B38518182890A2D50100A3DF33FCC9BD1644BD14FCA330AA978500002A2C7E8F0000"	"\Divisions\PD\Substation Houston\141740_Oncor_Shady Grove Sub Ln Term_WA# TBD"
"000000009598E9A20E04F041B38518182890A2D50100A3DF33FCC9BD1644BD14FCA330AA978500002C62E1950000"	"\Divisions\PD\Substation Houston\142336_Oncor_Paris Sw: 138 Ln Term Add_WA#TBD"
"000000009598E9A20E04F041B38518182890A2D50100A3DF33FCC9BD1644BD14FCA330AA978500002C1718F70000"	"\Divisions\PD\Substation Houston\142853_Oncor_Horne St Sub: 138/12.5_WA#TBD"
"000000009598E9A20E04F041B38518182890A2D5010012225CC57BF01F4EA8CCA87A792FF35F000049C4B12C0000"	"\Divisions\PD\Substation Houston\143980_Xcel_Cannon AFB Comm Precomm"
"000000009598E9A20E04F041B38518182890A2D5010012225CC57BF01F4EA8CCA87A792FF35F00007754B8740000"	"\Divisions\PD\Substation Houston\145071_Xcel_Oasis K51 Precommissioning"
"000000009598E9A20E04F041B38518182890A2D5010012225CC57BF01F4EA8CCA87A792FF35F000117D40FD70000"	"\Divisions\PD\Substation Houston\145776_Ameren_Brokaw"
"000000009598E9A20E04F041B38518182890A2D5010012225CC57BF01F4EA8CCA87A792FF35F00011C66FF4B0000"	"\Divisions\PD\Substation Houston\146828_Oncor_Cedar Hill 345 St. Prot Rly_WA#TBD"
"000000009598E9A20E04F041B38518182890A2D5010012225CC57BF01F4EA8CCA87A792FF35F0000FD2CBF0A0000"	"\Divisions\PD\Substation Houston\147647_Xcel_Buffalo RTU Pre-Commissioning"
"000000009598E9A20E04F041B38518182890A2D5010012225CC57BF01F4EA8CCA87A792FF35F00012CA1A8330000"	"\Divisions\PD\Substation Houston\1489924_Oncor_Centerville_17T65190"
"000000009598E9A20E04F041B38518182890A2D50100E34BFE500669CD49AC2E27C6C54DE39D0000000929DE0000"	"\Divisions\PD\Substation Houston\CENTERPOINT"
"000000009598E9A20E04F041B38518182890A2D50100A3DF33FCC9BD1644BD14FCA330AA978500001737E0E00000"	"\Divisions\PD\Substation Houston\CLOSED_116741_Oncor_Hicks_12T62001\BOM"
"000000009598E9A20E04F041B38518182890A2D501001953B16A689BCD4AA8FC82955DB27CB1000001F768EC0000"	"\Divisions\PD\Substation Houston\CLOSED_116741_Oncor_Hicks_12T62001\Project Initiation"
"000000009598E9A20E04F041B38518182890A2D50100A3DF33FCC9BD1644BD14FCA330AA978500001BF166C50000"	"\Divisions\PD\Substation Houston\CLOSED_116769_Oncor_Central_Bluff_WA10T63008\10T63008 MATERIAL\STEEL"
"000000009598E9A20E04F041B38518182890A2D50100E34BFE500669CD49AC2E27C6C54DE39D0000002687A10000"	"\Divisions\PD\Substation Houston\CLOSED_116940_Oncor_Dermott_WA11T63004\Auto"
"000000009598E9A20E04F041B38518182890A2D50100E34BFE500669CD49AC2E27C6C54DE39D00000031495E0000"	"\Divisions\PD\Substation Houston\CLOSED_116940_Oncor_Dermott_WA11T63004\RTU"
"000000009598E9A20E04F041B38518182890A2D50100A3DF33FCC9BD1644BD14FCA330AA97850000172A87EF0000"	"\Divisions\PD\Substation Houston\CLOSED_117361_Oncor_Elm_Mott_09T64076\In-Servicing"
"000000009598E9A20E04F041B38518182890A2D50100E34BFE500669CD49AC2E27C6C54DE39D00000028F47F0000"	"\Divisions\PD\Substation Houston\CLOSED_118024_Oncor_Whitney_10T64077\LA"
"000000009598E9A20E04F041B38518182890A2D50100A3DF33FCC9BD1644BD14FCA330AA978500001D904CE20000"	"\Divisions\PD\Substation Houston\CLOSED_119866_Oncor_Venus_WA11T65208\Insulators"
"000000009598E9A20E04F041B38518182890A2D501001953B16A689BCD4AA8FC82955DB27CB10000017095D00000"	"\Divisions\PD\Substation Houston\CLOSED_120019_Oncor_Ackerly_WA11T63118\EMT Confirmations"
"000000009598E9A20E04F041B38518182890A2D50100A3DF33FCC9BD1644BD14FCA330AA978500001D919AB90000"	"\Divisions\PD\Substation Houston\CLOSED_120157_Oncor_Com Pk_10T62233_ADD TO PST\WA"
"000000009598E9A20E04F041B38518182890A2D50100E34BFE500669CD49AC2E27C6C54DE39D00000034993C0000"	"\Divisions\PD\Substation Houston\CLOSED_120774_Oncor_Centerville_10T65225"
"000000009598E9A20E04F041B38518182890A2D50100A3DF33FCC9BD1644BD14FCA330AA978500001D7BCBE00000"	"\Divisions\PD\Substation Houston\CLOSED_121312 Parker addl pst"
"000000009598E9A20E04F041B38518182890A2D50100A3DF33FCC9BD1644BD14FCA330AA978500001BE7886E0000"	"\Divisions\PD\Substation Houston\CLOSED_122953_Oncor_Temple_12T64109_Add to PST"
"000000009598E9A20E04F041B38518182890A2D50100A3DF33FCC9BD1644BD14FCA330AA978500001EE31D2D0000"	"\Divisions\PD\Substation Houston\CLOSED_124257_Xcel_Randall Co_ADDL"
"000000009598E9A20E04F041B38518182890A2D501001953B16A689BCD4AA8FC82955DB27CB1000001B75C600000"	"\Divisions\PD\Substation Houston\CLOSED_124610_Hutto_Sw_Stat_Add_XFMR#2_WA11T64186"
"000000009598E9A20E04F041B38518182890A2D50100A3DF33FCC9BD1644BD14FCA330AA9785000016EF94590000"	"\Divisions\PD\Substation Houston\CLOSED_126052_Norwood_Switch_Line_Term"
"000000009598E9A20E04F041B38518182890A2D50100A3DF33FCC9BD1644BD14FCA330AA97850000175BB4650000"	"\Divisions\PD\Substation Houston\CLOSED_126640_138kV_Southwest_Orla_Poi_WA12T63166\Material Orders\07-09-12"
"000000009598E9A20E04F041B38518182890A2D50100A3DF33FCC9BD1644BD14FCA330AA978500001DCC318A0000"	"\Divisions\PD\Substation Houston\CLOSED_134461_Xcel_Bailey-Amherst 115K"
"000000009598E9A20E04F041B38518182890A2D50100E34BFE500669CD49AC2E27C6C54DE39D0000003DC1080000"	"\Divisions\PD\Substation Houston\SEL"
"000000009598E9A20E04F041B38518182890A2D5010012225CC57BF01F4EA8CCA87A792FF35F0000BA2FA3140000"	"\Divisions\PD\Substation Kansas City\KC Substation Schedule"
"000000009598E9A20E04F041B38518182890A2D5010012225CC57BF01F4EA8CCA87A792FF35F0000884981B20000"	"\Divisions\PD\Substation Oradell\143746 - Smartwire 345kV Bypass Estimate"
"000000009598E9A20E04F041B38518182890A2D50100E34BFE500669CD49AC2E27C6C54DE39D00000045948A0000"	"\Divisions\PD\Substation Orlando\123279 OUC St Cloud South Xfrmr Add-Phase II"
"000000009598E9A20E04F041B38518182890A2D50100A3DF33FCC9BD1644BD14FCA330AA97850000238B07CB0000"	"\Divisions\PD\Substation Orlando\138906 OUC 3289 REPLACE SWITCHGEAR"
"000000009598E9A20E04F041B38518182890A2D50100A3DF33FCC9BD1644BD14FCA330AA9785000016F4689B0000"	"\Divisions\PD\Substation Phoenix\00 DMS Upload"
"000000009598E9A20E04F041B38518182890A2D50100A3DF33FCC9BD1644BD14FCA330AA978500001DA9C16E0000"	"\Divisions\PD\Substation Phoenix\134119 TEP PC Fleet SVC S&F Study T4"
"000000009598E9A20E04F041B38518182890A2D5010012225CC57BF01F4EA8CCA87A792FF35F000084967ABB0000"	"\Divisions\PD\Substation Phoenix\145215 TEP Distribution Sub Mtr Rpl Mt"
"000000009598E9A20E04F041B38518182890A2D5010012225CC57BF01F4EA8CCA87A792FF35F0002534804F70000"	"\Divisions\PD\Substation Phoenix\154334 WRR - PHY SEC UPGRD COM"
"000000009598E9A20E04F041B38518182890A2D5010012225CC57BF01F4EA8CCA87A792FF35F00024EA61BBA0000"	"\Divisions\PD\Substation Phoenix\155088 J970 INTERCONNECT GOLF SITE"
"000000009598E9A20E04F041B38518182890A2D5010012225CC57BF01F4EA8CCA87A792FF35F00037F0314B30000"	"\Divisions\PD\Substation Phoenix\164399 P-MISSILE SECURITY COMM"
"000000009598E9A20E04F041B38518182890A2D5010064CEE54672FD844491A13B5C6CAEE87D0000002BEE220000"	"\Divisions\PD\Substation Portland\118234_P'Corp_Design Rvw of Proj's"
"000000009598E9A20E04F041B38518182890A2D50100CB7D9B6512D7374A860FE542D57703920000011275C50000"	"\Divisions\PD\Substation Portland\119916"
"000000009598E9A20E04F041B38518182890A2D5010064CEE54672FD844491A13B5C6CAEE87D00000033F8E20000"	"\Divisions\PD\Substation Portland\120647_Oncor_Killeen_Swch_138S_Term_UPG"
"000000009598E9A20E04F041B38518182890A2D5010064CEE54672FD844491A13B5C6CAEE87D0000003730F20000"	"\Divisions\PD\Substation Portland\121229_MIRA_LOMA_RELAY_SETTINGS"
"000000009598E9A20E04F041B38518182890A2D5010064CEE54672FD844491A13B5C6CAEE87D00000039FFB70000"	"\Divisions\PD\Substation Portland\121869_WEST_LEVEE-RELAY_RPC"
"000000009598E9A20E04F041B38518182890A2D5010064CEE54672FD844491A13B5C6CAEE87D00000039FFE90000"	"\Divisions\PD\Substation Portland\121983_P_TAYLOR_69_RPLC_CB_1828"
"000000009598E9A20E04F041B38518182890A2D5010064CEE54672FD844491A13B5C6CAEE87D0000003BBD130000"	"\Divisions\PD\Substation Portland\122370_MALIN_BATTERY_BANK"
"000000009598E9A20E04F041B38518182890A2D50100CB7D9B6512D7374A860FE542D5770392000001184FF20000"	"\Divisions\PD\Substation Portland\122767_PSE_Lynden"
"000000009598E9A20E04F041B38518182890A2D50100CB7D9B6512D7374A860FE542D577039200000123584B0000"	"\Divisions\PD\Substation Portland\123013 BPA PEARL BAY 6 RLYS AND ALRMS"
"000000009598E9A20E04F041B38518182890A2D501001953B16A689BCD4AA8FC82955DB27CB1000000E6DFBF0000"	"\Divisions\PD\Substation Portland\123796 P'CORP STANDARD DIST XFMR OIL"
"000000009598E9A20E04F041B38518182890A2D501001953B16A689BCD4AA8FC82955DB27CB10000013344730000"	"\Divisions\PD\Substation Portland\124076 P'CORP NERC LN (BB08A) RATINGS"
"000000009598E9A20E04F041B38518182890A2D50100A3DF33FCC9BD1644BD14FCA330AA9785000021CDC5410000"	"\Divisions\PD\Substation Portland\124176 P TRINIDAD 138KV CB#3560 RPLC\Procurement"
"000000009598E9A20E04F041B38518182890A2D501001953B16A689BCD4AA8FC82955DB27CB1000001BB87BE0000"	"\Divisions\PD\Substation Portland\124554 P'CORP NERC LN A07 RATINGS"
"000000009598E9A20E04F041B38518182890A2D50100A3DF33FCC9BD1644BD14FCA330AA978500000E6F75060000"	"\Divisions\PD\Substation Portland\125236 - P'CORP PRINEVILLE SUBSTATION"
"000000009598E9A20E04F041B38518182890A2D50100A3DF33FCC9BD1644BD14FCA330AA97850000162341480000"	"\Divisions\PD\Substation Portland\126124 BARSTOW TAP SUBSTATION\Barstow Interconnection"
"000000009598E9A20E04F041B38518182890A2D50100A3DF33FCC9BD1644BD14FCA330AA978500001704855D0000"	"\Divisions\PD\Substation Portland\126594 P'CORP NERC LN BB02-1 RATING"
"000000009598E9A20E04F041B38518182890A2D50100A3DF33FCC9BD1644BD14FCA330AA97850000170F45080000"	"\Divisions\PD\Substation Portland\126718 P BOWEN SUBSTATION"
"000000009598E9A20E04F041B38518182890A2D50100A3DF33FCC9BD1644BD14FCA330AA978500001762A60A0000"	"\Divisions\PD\Substation Portland\127544 P ROYSE 345KV CB4640"
"000000009598E9A20E04F041B38518182890A2D50100A3DF33FCC9BD1644BD14FCA330AA978500001771EAFE0000"	"\Divisions\PD\Substation Portland\127825 P'CORP CAPT JACK RELY REPL"
"000000009598E9A20E04F041B38518182890A2D50100A3DF33FCC9BD1644BD14FCA330AA9785000017F676EE0000"	"\Divisions\PD\Substation Portland\128253 BPA PAUL SER/SCADA REPL"
"000000009598E9A20E04F041B38518182890A2D50100A3DF33FCC9BD1644BD14FCA330AA9785000018AE7D010000"	"\Divisions\PD\Substation Portland\128881 BPA ECHO LAKE SER/SCADA REPL"
"000000009598E9A20E04F041B38518182890A2D50100A3DF33FCC9BD1644BD14FCA330AA9785000018E7406E0000"	"\Divisions\PD\Substation Portland\129207 ROCKY MOUNTAIN SITING STUDY"
"000000009598E9A20E04F041B38518182890A2D50100A3DF33FCC9BD1644BD14FCA330AA97850000197DD9130000"	"\Divisions\PD\Substation Portland\129749 P CREZ-SCURRY S 345KV CAP BANK"
"000000009598E9A20E04F041B38518182890A2D50100A3DF33FCC9BD1644BD14FCA330AA9785000019BDC2E70000"	"\Divisions\PD\Substation Portland\130434 GREENLAWN EQUIP RETIRE 37935"
"000000009598E9A20E04F041B38518182890A2D50100A3DF33FCC9BD1644BD14FCA330AA978500001A2C1B3E0000"	"\Divisions\PD\Substation Portland\130787 PGE - ST. HELEN'S SUBSTATION"
"000000009598E9A20E04F041B38518182890A2D50100A3DF33FCC9BD1644BD14FCA330AA978500001AB934DD0000"	"\Divisions\PD\Substation Portland\131460 SEAMAN: NEW 138 BKR PVID 34111"
"000000009598E9A20E04F041B38518182890A2D50100A3DF33FCC9BD1644BD14FCA330AA978500001B850F430000"	"\Divisions\PD\Substation Portland\132087 P'CORP SUGARMILL SUB"
"000000009598E9A20E04F041B38518182890A2D50100A3DF33FCC9BD1644BD14FCA330AA978500001B7BDD820000"	"\Divisions\PD\Substation Portland\132478 MAP DEVELOPMENT, LLC"
"000000009598E9A20E04F041B38518182890A2D50100A3DF33FCC9BD1644BD14FCA330AA978500001C0C19CC0000"	"\Divisions\PD\Substation Portland\132859 PGE - SUNSET SUB WR1 REPL"
"000000009598E9A20E04F041B38518182890A2D50100A3DF33FCC9BD1644BD14FCA330AA978500001CA387590000"	"\Divisions\PD\Substation Portland\133207 BPA MUNRO CC RAS N60 RKS"
"000000009598E9A20E04F041B38518182890A2D50100A3DF33FCC9BD1644BD14FCA330AA978500001D8034BA0000"	"\Divisions\PD\Substation Portland\133822 P INTL AIRPORT-138KV TERM UPG"
"000000009598E9A20E04F041B38518182890A2D50100A3DF33FCC9BD1644BD14FCA330AA978500001DBF72FE0000"	"\Divisions\PD\Substation Portland\134326 BPA ABERDEEN 115KV RELAY REPL"
"000000009598E9A20E04F041B38518182890A2D50100A3DF33FCC9BD1644BD14FCA330AA978500001DE429300000"	"\Divisions\PD\Substation Portland\134740 P'CORP JIM BRIDGER BRKR REPL"
"000000009598E9A20E04F041B38518182890A2D50100A3DF33FCC9BD1644BD14FCA330AA978500001E7AFBD70000"	"\Divisions\PD\Substation Portland\135143 P'CORP UNION GAP PC D-R"
"000000009598E9A20E04F041B38518182890A2D50100A3DF33FCC9BD1644BD14FCA330AA97850000230CDBBD0000"	"\Divisions\PD\Substation Portland\135490 SCADA EDEN A13217060"
"000000009598E9A20E04F041B38518182890A2D50100A3DF33FCC9BD1644BD14FCA330AA978500001F1D3D790000"	"\Divisions\PD\Substation Portland\135820 PGE DISCOVERY - CONST SUPPORT"
"000000009598E9A20E04F041B38518182890A2D50100A3DF33FCC9BD1644BD14FCA330AA978500001FA169820000"	"\Divisions\PD\Substation Portland\136093 P'CORP POWELL BUTTE CONST SUP"
"000000009598E9A20E04F041B38518182890A2D50100F3BCE3A574023B4482F2E427B5A3121800004D8C68230000"	"\Divisions\PD\Substation Portland\136656 P'CORP HOLT SUBSTATION"
"000000009598E9A20E04F041B38518182890A2D50100A3DF33FCC9BD1644BD14FCA330AA9785000021CD4F1F0000"	"\Divisions\PD\Substation Portland\137641 BPA CEDARVILLE JCT 115KV"
"000000009598E9A20E04F041B38518182890A2D50100A3DF33FCC9BD1644BD14FCA330AA97850000224226640000"	"\Divisions\PD\Substation Portland\137946 P'CORP DJ UNIT 3 REDESIGN"
"000000009598E9A20E04F041B38518182890A2D50100A3DF33FCC9BD1644BD14FCA330AA978500002301E7610000"	"\Divisions\PD\Substation Portland\138697 P WALNUT SPRGS INSTALL 69 CAP"
"000000009598E9A20E04F041B38518182890A2D50100A3DF33FCC9BD1644BD14FCA330AA978500002401D7780000"	"\Divisions\PD\Substation Portland\139226 P POWELL SUB: RPLC 69 SWTCH"
"000000009598E9A20E04F041B38518182890A2D50100A3DF33FCC9BD1644BD14FCA330AA97850000255C70010000"	"\Divisions\PD\Substation Portland\139651 RIVERVIEW WAVE TRAP"
"000000009598E9A20E04F041B38518182890A2D50100A3DF33FCC9BD1644BD14FCA330AA9785000026217D690000"	"\Divisions\PD\Substation Portland\140150 P'CORP FISH HOLE-BLY SOLAR"
"000000009598E9A20E04F041B38518182890A2D50100A3DF33FCC9BD1644BD14FCA330AA97850000270CBFAF0000"	"\Divisions\PD\Substation Portland\140569 P'CORP PONDEROSA Q594 SUB"
"000000009598E9A20E04F041B38518182890A2D50100A3DF33FCC9BD1644BD14FCA330AA9785000027CCB9ED0000"	"\Divisions\PD\Substation Portland\140903 FALLS RTU REPLACEMENT"
"000000009598E9A20E04F041B38518182890A2D50100A3DF33FCC9BD1644BD14FCA330AA978500002A1A65CD0000"	"\Divisions\PD\Substation Portland\141342 P'CORP DRAZIL COLL STN-COMM"
"000000009598E9A20E04F041B38518182890A2D5010012225CC57BF01F4EA8CCA87A792FF35F0000174D73740000"	"\Divisions\PD\Substation Portland\141735 HYATT REPLACE GA A10101004"
"000000009598E9A20E04F041B38518182890A2D50100A3DF33FCC9BD1644BD14FCA330AA978500002B740B3D0000"	"\Divisions\PD\Substation Portland\142007 P'CORP THORN OAK COMM/SCADA"
"000000009598E9A20E04F041B38518182890A2D50100A3DF33FCC9BD1644BD14FCA330AA978500002BF37BD10000"	"\Divisions\PD\Substation Portland\142549 P EAGLE MTN SWTCH-UPG CALMONT"
"000000009598E9A20E04F041B38518182890A2D50100A3DF33FCC9BD1644BD14FCA330AA978500002CC0CF660000"	"\Divisions\PD\Substation Portland\143055 WALNUT AVE A15705095"
"000000009598E9A20E04F041B38518182890A2D50100A3DF33FCC9BD1644BD14FCA330AA978500002DF7695F0000"	"\Divisions\PD\Substation Portland\143286 P'CORP SWIFT 1 METER REPL"
"000000009598E9A20E04F041B38518182890A2D5010012225CC57BF01F4EA8CCA87A792FF35F0000122E77E10000"	"\Divisions\PD\Substation Portland\143579 P'CORP ADAMS-CHERRY CONST SUP"
"000000009598E9A20E04F041B38518182890A2D5010012225CC57BF01F4EA8CCA87A792FF35F0000328878680000"	"\Divisions\PD\Substation Portland\143971 WAYNE 1700 - WSV RLS 114"
"000000009598E9A20E04F041B38518182890A2D5010012225CC57BF01F4EA8CCA87A792FF35F000042799D120000"	"\Divisions\PD\Substation Portland\144299 ABB GERDAU-AMERISTEEL JCKSN"
"000000009598E9A20E04F041B38518182890A2D5010012225CC57BF01F4EA8CCA87A792FF35F0000818A7BD10000"	"\Divisions\PD\Substation Portland\145185 TOWER SUB-INSTALL RECLOSE 1241"
"000000009598E9A20E04F041B38518182890A2D5010012225CC57BF01F4EA8CCA87A792FF35F0000AC8758B10000"	"\Divisions\PD\Substation Portland\146176 P'CORP Q586 PENDLETON COLL STN"
"000000009598E9A20E04F041B38518182890A2D5010012225CC57BF01F4EA8CCA87A792FF35F0000EF4E799B0000"	"\Divisions\PD\Substation Portland\147578 HUTCHINSON - LTC REPLACEMENT"
"000000009598E9A20E04F041B38518182890A2D5010012225CC57BF01F4EA8CCA87A792FF35F0000FFBD37DE0000"	"\Divisions\PD\Substation Portland\147999 Oak Grove CB & Relay Replace"
"000000009598E9A20E04F041B38518182890A2D5010012225CC57BF01F4EA8CCA87A792FF35F0001474FC4710000"	"\Divisions\PD\Substation Portland\148930 GLEN WHITE P17097013"
"000000009598E9A20E04F041B38518182890A2D5010012225CC57BF01F4EA8CCA87A792FF35F0001474FC47D0000"	"\Divisions\PD\Substation Portland\149157 MULLENSVILLE TRANSCO P16057018"
"000000009598E9A20E04F041B38518182890A2D5010012225CC57BF01F4EA8CCA87A792FF35F00028774B2890000"	"\Divisions\PD\Substation Portland\157205_Xcel_Horizon_RTU_Upgrade"
"000000009598E9A20E04F041B38518182890A2D5010064CEE54672FD844491A13B5C6CAEE87D000000309DB90000"	"\Divisions\PD\Substation Portland\PacifiCorp Cad Coordination\Physical"
"000000009598E9A20E04F041B38518182890A2D5010064CEE54672FD844491A13B5C6CAEE87D000000309DAA0000"	"\Divisions\PD\Substation Portland\PacifiCorp Cad Coordination\Physical\standard drawings\500kv"
"000000009598E9A20E04F041B38518182890A2D5010012225CC57BF01F4EA8CCA87A792FF35F0007948045870000"	"\Divisions\PD\Substation Portland\Portland Vacation Schedules\vacation sch"
"000000009598E9A20E04F041B38518182890A2D5010064CEE54672FD844491A13B5C6CAEE87D000000081A700000"	"\Divisions\PD\Substation Portland\Tomball Substation\Grounding"
"000000009598E9A20E04F041B38518182890A2D5010064CEE54672FD844491A13B5C6CAEE87D000000081A650000"	"\Divisions\PD\Substation Portland\Tomball Substation\Travel and Expenses"
"000000009598E9A20E04F041B38518182890A2D50100572FF007A7D6B64CA96E5CFE8E1CC1A400000010C15E0000"	"\Divisions\PD\Substation San Diego\_DMS Upload\115495 East Levee CB Replacement"
"000000009598E9A20E04F041B38518182890A2D50100572FF007A7D6B64CA96E5CFE8E1CC1A40000001935800000"	"\Divisions\PD\Substation San Diego\_DMS Upload\118063 SDG&E Oil Containment\Imperial Beach"
"000000009598E9A20E04F041B38518182890A2D501001296C725372D7F4B86B758A22EA3141B0000007661170000"	"\Divisions\PD\Substation San Diego\_Generation Projects\111517 Margarita Energy Facility"
"000000009598E9A20E04F041B38518182890A2D50100572FF007A7D6B64CA96E5CFE8E1CC1A400000014C0DB0000"	"\Divisions\PD\Substation San Diego\116124 SD Tyler East- 2009 Dist Auto"
"000000009598E9A20E04F041B38518182890A2D50100572FF007A7D6B64CA96E5CFE8E1CC1A400000051C8730000"	"\Divisions\PD\Substation San Diego\120987 Cameron 66kV CB Replacement"
"000000009598E9A20E04F041B38518182890A2D50100572FF007A7D6B64CA96E5CFE8E1CC1A40000005FE74A0000"	"\Divisions\PD\Substation San Diego\121888 Magnolia Gen Relay Replace"
"000000009598E9A20E04F041B38518182890A2D50100A3DF33FCC9BD1644BD14FCA330AA9785000016B171E80000"	"\Divisions\PD\Substation San Diego\122396 AEP Inez\Panel"
"000000009598E9A20E04F041B38518182890A2D50100A3DF33FCC9BD1644BD14FCA330AA9785000016C4DB740000"	"\Divisions\PD\Substation San Diego\123055 SD KNWD Repl OCB Inst SCADA\P&C check"
"000000009598E9A20E04F041B38518182890A2D50100A3DF33FCC9BD1644BD14FCA330AA9785000019A2C7DA0000"	"\Divisions\PD\Substation San Diego\124464 RTRP 69kV\Freeman\Phase 2"
"000000009598E9A20E04F041B38518182890A2D50100A3DF33FCC9BD1644BD14FCA330AA97850000184168960000"	"\Divisions\PD\Substation San Diego\126169 TEP E.ON U of A TECH"
"000000009598E9A20E04F041B38518182890A2D50100A3DF33FCC9BD1644BD14FCA330AA9785000017EC5CE90000"	"\Divisions\PD\Substation San Diego\128190 Jamul Site A Grndng Study"
"000000009598E9A20E04F041B38518182890A2D50100A3DF33FCC9BD1644BD14FCA330AA97850000192C07700000"	"\Divisions\PD\Substation San Diego\129261 IID Midway"
"000000009598E9A20E04F041B38518182890A2D50100A3DF33FCC9BD1644BD14FCA330AA978500001A3D17C70000"	"\Divisions\PD\Substation San Diego\130875 CBM AS-BUILTS Telegraph"
"000000009598E9A20E04F041B38518182890A2D50100A3DF33FCC9BD1644BD14FCA330AA978500001B5AA1380000"	"\Divisions\PD\Substation San Diego\132205 SDG&E Dist Prot S&C Intelliruptors"
"000000009598E9A20E04F041B38518182890A2D50100A3DF33FCC9BD1644BD14FCA330AA978500001D507B850000"	"\Divisions\PD\Substation San Diego\133587 SDG&E CBM-AB Olivenhain"
"000000009598E9A20E04F041B38518182890A2D50100A3DF33FCC9BD1644BD14FCA330AA978500001ECEB3390000"	"\Divisions\PD\Substation San Diego\134920 Mililani I Interconn O-E SVCS"
"000000009598E9A20E04F041B38518182890A2D50100A3DF33FCC9BD1644BD14FCA330AA978500001F151A7C0000"	"\Divisions\PD\Substation San Diego\135748 AWE Auwahi Power Flow Study"
"000000009598E9A20E04F041B38518182890A2D50100A3DF33FCC9BD1644BD14FCA330AA9785000021C4E46A0000"	"\Divisions\PD\Substation San Diego\137398 RPU LRRP Project"
"000000009598E9A20E04F041B38518182890A2D50100A3DF33FCC9BD1644BD14FCA330AA97850000230171CE0000"	"\Divisions\PD\Substation San Diego\138692 BVES General SVC Agreemt"
"000000009598E9A20E04F041B38518182890A2D50100A3DF33FCC9BD1644BD14FCA330AA97850000239D7E780000"	"\Divisions\PD\Substation San Diego\139013 SDG&E CBM AB XXX"
"000000009598E9A20E04F041B38518182890A2D50100A3DF33FCC9BD1644BD14FCA330AA9785000029D1965A0000"	"\Divisions\PD\Substation San Diego\141571 Point Loma Drafting & QA"
"000000009598E9A20E04F041B38518182890A2D5010012225CC57BF01F4EA8CCA87A792FF35F0000122E78580000"	"\Divisions\PD\Substation San Diego\143620 Moundsville"
"000000009598E9A20E04F041B38518182890A2D50100A3DF33FCC9BD1644BD14FCA330AA9785000024AC934A0000"	"\Divisions\PD\Substation San Diego\2015 Outage"
"000000009598E9A20E04F041B38518182890A2D5010012225CC57BF01F4EA8CCA87A792FF35F0004329B096C0000"	"\Divisions\PD\Substation Syracuse\_PPL HOLD"
"000000009598E9A20E04F041B38518182890A2D501006C95E27D1ACA634AA1AADC20796388DD000000122D310000"	"\Divisions\Telecom\Calendar Holidays"
"000000009598E9A20E04F041B38518182890A2D50100A3DF33FCC9BD1644BD14FCA330AA978500001715405E0000"	"\Divisions\Telecom\CenturyLink\resumes\AT&T\Tiger Team"
"000000009598E9A20E04F041B38518182890A2D5010012225CC57BF01F4EA8CCA87A792FF35F00036145ECB50000"	"\SPAM\Public SPAM"
"000000009598E9A20E04F041B38518182890A2D501001296C725372D7F4B86B758A22EA3141B000000635F1E0000"	"\zApplications\Aspen Users\Aspen Calendar"
"000000009598E9A20E04F041B38518182890A2D5010012225CC57BF01F4EA8CCA87A792FF35F00042C1923E20000"	"\zApplications\CadnaA\CadnaA"
"000000009598E9A20E04F041B38518182890A2D5010012225CC57BF01F4EA8CCA87A792FF35F00028CB7957F0000"	"\zApplications\COMSOL"
"000000009598E9A20E04F041B38518182890A2D501006C95E27D1ACA634AA1AADC20796388DD000000375B730000"	"\zApplications\MathCAD Users\MathCAD Calendar"
"000000009598E9A20E04F041B38518182890A2D5010012225CC57BF01F4EA8CCA87A792FF35F0007193761F10000"	"\zApplications\PTW Users\PTW Calendar\PTW Calender"
"000000009598E9A20E04F041B38518182890A2D5010012225CC57BF01F4EA8CCA87A792FF35F0004C3BBD9E10000"	"\zApplications\Windmil\Windmill Software\Windmil Calendar"
