"EntryId"	"Identity"
"000000009598E9A20E04F041B38518182890A2D5010024ABE61ACC59A343BBF985790983DF230000000000020000"	"\"
"000000009598E9A20E04F041B38518182890A2D50100572FF007A7D6B64CA96E5CFE8E1CC1A40000000D5E0C0000"	"\Divisions\ENV\Environmental Anaheim\115244 BARREN RIDGE TECHNICAL REPORTS"
"000000009598E9A20E04F041B38518182890A2D501006C95E27D1ACA634AA1AADC20796388DD000000DA26DE0000"	"\Divisions\ENV\Environmental Anaheim\115245 BARREN RDG-EIR/EIS TA 01\EIS\PDEIS Chapters\CH 6"
"000000009598E9A20E04F041B38518182890A2D501006C95E27D1ACA634AA1AADC20796388DD000000C668250000"	"\Divisions\ENV\Environmental Anaheim\115245 BARREN RDG-EIR/EIS TA 01\Management\Scope of Work"
"000000009598E9A20E04F041B38518182890A2D50100CB7D9B6512D7374A860FE542D5770392000001219AED0000"	"\Divisions\ENV\Environmental Anaheim\115245 BARREN RDG-EIR/EIS TA 01\Resources\Biology\APP"
"000000009598E9A20E04F041B38518182890A2D50100572FF007A7D6B64CA96E5CFE8E1CC1A4000000180C4E0000"	"\Divisions\ENV\Environmental Anaheim\116619 BRRTP Project Website"
"000000009598E9A20E04F041B38518182890A2D50100A3DF33FCC9BD1644BD14FCA330AA9785000016D3433F0000"	"\Divisions\ENV\Environmental Anaheim\118242 HAIWEE GEOTHERMAL LEASING EIS\EIS\DEIS"
"000000009598E9A20E04F041B38518182890A2D501006C95E27D1ACA634AA1AADC20796388DD0000009942580000"	"\Divisions\ENV\Environmental Anaheim\118242 HAIWEE GEOTHERMAL LEASING EIS\Resources\1980 Coso Tech Rpt"
"000000009598E9A20E04F041B38518182890A2D50100572FF007A7D6B64CA96E5CFE8E1CC1A40000002766FD0000"	"\Divisions\ENV\Environmental Anaheim\118627 TA37 PWR PLNT 2 TLNGS RMVL\Revegetation Approvals"
"000000009598E9A20E04F041B38518182890A2D50100572FF007A7D6B64CA96E5CFE8E1CC1A400000052BDE00000"	"\Divisions\ENV\Environmental Anaheim\119675 HAY RANCH COSO SUBSTATION\Wkly Monitoring Rpts"
"000000009598E9A20E04F041B38518182890A2D50100572FF007A7D6B64CA96E5CFE8E1CC1A400000067F22D0000"	"\Divisions\ENV\Environmental Anaheim\122478 TA72 DIV CRK CULT RES SVY-WTR"
"000000009598E9A20E04F041B38518182890A2D501001953B16A689BCD4AA8FC82955DB27CB1000000EA7A350000"	"\Divisions\ENV\Environmental Anaheim\123800 TA 73 DIV CRK GEOTECH SURVEYS"
"000000009598E9A20E04F041B38518182890A2D501001953B16A689BCD4AA8FC82955DB27CB1000001E051890000"	"\Divisions\ENV\Environmental Anaheim\124905 TA01 SCTTRGD-OLYMP - VARIOUS"
"000000009598E9A20E04F041B38518182890A2D501001953B16A689BCD4AA8FC82955DB27CB1000001F5E5510000"	"\Divisions\ENV\Environmental Anaheim\125131 TA05 SCTTRGD - AIR EM PERMIT"
"000000009598E9A20E04F041B38518182890A2D50100A3DF33FCC9BD1644BD14FCA330AA978500001739821F0000"	"\Divisions\ENV\Environmental Anaheim\127097 - TA19 NOx 1-HR AVG - HAYNES GEN"
"000000009598E9A20E04F041B38518182890A2D50100A3DF33FCC9BD1644BD14FCA330AA978500001D7F08C30000"	"\Divisions\ENV\Environmental Anaheim\129327 RVRSD CNTY - REG AGENCY PERMIT"
"000000009598E9A20E04F041B38518182890A2D50100A3DF33FCC9BD1644BD14FCA330AA978500001C65B6520000"	"\Divisions\ENV\Environmental Anaheim\131310 TA36 BRRTP BIO PRECON PLANS"
"000000009598E9A20E04F041B38518182890A2D50100A3DF33FCC9BD1644BD14FCA330AA978500001C6595C30000"	"\Divisions\ENV\Environmental Anaheim\132104 TA41 BRRTP CLTRL RES SRVY/SPPT"
"000000009598E9A20E04F041B38518182890A2D50100A3DF33FCC9BD1644BD14FCA330AA978500001D9576830000"	"\Divisions\ENV\Environmental Anaheim\134026 NEW COLONY WIND PROJECT"
"000000009598E9A20E04F041B38518182890A2D50100A3DF33FCC9BD1644BD14FCA330AA97850000217AD3E80000"	"\Divisions\ENV\Environmental Anaheim\136732 TA03 ENV PLANNING SPPT"
"000000009598E9A20E04F041B38518182890A2D50100A3DF33FCC9BD1644BD14FCA330AA9785000022BB61B00000"	"\Divisions\ENV\Environmental Anaheim\138508 RVRSD CNTY PJD/MSHCP CONS RPT"
"000000009598E9A20E04F041B38518182890A2D50100A3DF33FCC9BD1644BD14FCA330AA97850000174B8BD10000"	"\Divisions\ENV\Environmental Anaheim\BRRTP Admin Record\BRRTP AdminRec_DKG"
"000000009598E9A20E04F041B38518182890A2D501001953B16A689BCD4AA8FC82955DB27CB1000001B56FDA0000"	"\Divisions\ENV\Environmental Austin\00-EMAILS TO BE UPLOADED\Eugene Foster"
"000000009598E9A20E04F041B38518182890A2D50100A3DF33FCC9BD1644BD14FCA330AA97850000199D7C3B0000"	"\Divisions\ENV\Environmental Austin\126628 Sharyland LS01 FAA"
"000000009598E9A20E04F041B38518182890A2D50100A3DF33FCC9BD1644BD14FCA330AA97850000217C9ABE0000"	"\Divisions\ENV\Environmental Austin\135362_Broad Run"
"000000009598E9A20E04F041B38518182890A2D50100A3DF33FCC9BD1644BD14FCA330AA978500002DEF64310000"	"\Divisions\ENV\Environmental Boise\114809 VANTAGE POMONA HTS SITING\Comments\PA Comments"
"000000009598E9A20E04F041B38518182890A2D50100A3DF33FCC9BD1644BD14FCA330AA9785000019C6C0770000"	"\Divisions\ENV\Environmental Boise\114809 VANTAGE POMONA HTS SITING\Meetings"
"000000009598E9A20E04F041B38518182890A2D501001953B16A689BCD4AA8FC82955DB27CB1000000F73FA40000"	"\Divisions\ENV\Environmental Boise\114809 VANTAGE POMONA HTS SITING\Sarah_emails\Vantage Pomona"
"000000009598E9A20E04F041B38518182890A2D501001953B16A689BCD4AA8FC82955DB27CB1000000F73FAE0000"	"\Divisions\ENV\Environmental Boise\114809 VANTAGE POMONA HTS SITING\Sarah_emails\Vantage Pomona\Routing"
"000000009598E9A20E04F041B38518182890A2D50100A3DF33FCC9BD1644BD14FCA330AA9785000021D99D820000"	"\Divisions\ENV\Environmental Boise\114809 VANTAGE POMONA HTS SITING\Tribal Correspondence"
"000000009598E9A20E04F041B38518182890A2D501001953B16A689BCD4AA8FC82955DB27CB1000000F5AB950000"	"\Divisions\ENV\Environmental Boise\115841 TransWestEnergy\Sarah_emails\TransWest\Info & Data Requests"
"000000009598E9A20E04F041B38518182890A2D501001953B16A689BCD4AA8FC82955DB27CB1000000F5AB9A0000"	"\Divisions\ENV\Environmental Boise\115841 TransWestEnergy\Sarah_emails\TransWest\Vegas"
"000000009598E9A20E04F041B38518182890A2D50100A3DF33FCC9BD1644BD14FCA330AA978500001DD6A7480000"	"\Divisions\ENV\Environmental Boise\134565 ID FISH GAME BAT CALL ANALYSIS"
"000000009598E9A20E04F041B38518182890A2D50100A3DF33FCC9BD1644BD14FCA330AA978500002C9DB2BF0000"	"\Divisions\ENV\Environmental Boise\142963 TSCHACHE LANE WETLAND DELIN"
"000000009598E9A20E04F041B38518182890A2D5010012225CC57BF01F4EA8CCA87A792FF35F0000EA381C2C0000"	"\Divisions\ENV\Environmental Boise\147218 - MK Weeden"
"000000009598E9A20E04F041B38518182890A2D501006C95E27D1ACA634AA1AADC20796388DD00000086B5CC0000"	"\Divisions\ENV\Environmental Boise\Biology_Dept\101973 Biology\JPfaff"
"000000009598E9A20E04F041B38518182890A2D501006C95E27D1ACA634AA1AADC20796388DD00000067EA6C0000"	"\Divisions\ENV\Environmental Boise\Biology_Dept\101973 Biology\proposals"
"000000009598E9A20E04F041B38518182890A2D501006C95E27D1ACA634AA1AADC20796388DD000000AAFD7A0000"	"\Divisions\ENV\Environmental Boise\Biology_Dept\Calendar"
"000000009598E9A20E04F041B38518182890A2D50100A3DF33FCC9BD1644BD14FCA330AA978500001C4EECF70000"	"\Divisions\ENV\Environmental Boise\Geoengineering & Geosciences\131728_GAdvisors ESAs"
"000000009598E9A20E04F041B38518182890A2D501006C95E27D1ACA634AA1AADC20796388DD00000024D1400000"	"\Divisions\ENV\Environmental Boise\GSA Contracts\PacifiCorp Contract Temp Folder"
"000000009598E9A20E04F041B38518182890A2D50100A3DF33FCC9BD1644BD14FCA330AA978500001A378F940000"	"\Divisions\ENV\Environmental Boise\Laptop upgrade\RRG\Blythe Mesa\Damage Control early 2012"
"000000009598E9A20E04F041B38518182890A2D50100A3DF33FCC9BD1644BD14FCA330AA978500001BCF31B30000"	"\Divisions\ENV\Environmental Cincinnati\130773 UNITED DAIRY FARMERS - ENV SUPPORT - UDF628 HIGH ST"
"000000009598E9A20E04F041B38518182890A2D50100A3DF33FCC9BD1644BD14FCA330AA978500001BD1E1650000"	"\Divisions\ENV\Environmental Cincinnati\130816 OHIO DEPT OF TRANSPORTATION - HAM-71-1.34, PID 87268, ENCUMB"
"000000009598E9A20E04F041B38518182890A2D50100A3DF33FCC9BD1644BD14FCA330AA978500001BCDF17B0000"	"\Divisions\ENV\Environmental Cincinnati\130847 ALCOA INC - 2013 SENTINEL SAMPLING SUPPORT"
"000000009598E9A20E04F041B38518182890A2D50100A3DF33FCC9BD1644BD14FCA330AA978500001BCF1C2B0000"	"\Divisions\ENV\Environmental Cincinnati\130895 MARATHON PETROLEUM COMPANY LP - 2013 OWC 3 PIPE SWPPP/EROSION"
"000000009598E9A20E04F041B38518182890A2D50100A3DF33FCC9BD1644BD14FCA330AA978500001BD221500000"	"\Divisions\ENV\Environmental Cincinnati\130985 SANOFI - SLLI PCB'S - PHASE 200"
"000000009598E9A20E04F041B38518182890A2D50100A3DF33FCC9BD1644BD14FCA330AA978500001BD26FF40000"	"\Divisions\ENV\Environmental Cincinnati\131001 SANOFI - SLLI 2012 GRNDWTR WRK PLAN RPT"
"000000009598E9A20E04F041B38518182890A2D50100A3DF33FCC9BD1644BD14FCA330AA978500001BD271ED0000"	"\Divisions\ENV\Environmental Cincinnati\131114 US MAINSTREAM RENEWABLE POWER INC - BAT ACOUSTICS-MONTRA HILLS"
"000000009598E9A20E04F041B38518182890A2D50100A3DF33FCC9BD1644BD14FCA330AA978500001BCF32D30000"	"\Divisions\ENV\Environmental Cincinnati\131242 UNITED DAIRY FARMERS - PIPE CLOSURE - UDF 015 CIN-DAY"
"000000009598E9A20E04F041B38518182890A2D50100A3DF33FCC9BD1644BD14FCA330AA978500001BD660FD0000"	"\Divisions\ENV\Environmental Cincinnati\131260 GEO-MARINE INC - BAT SURVEY - PAX RIVER 2013"
"000000009598E9A20E04F041B38518182890A2D50100A3DF33FCC9BD1644BD14FCA330AA978500001BD270580000"	"\Divisions\ENV\Environmental Cincinnati\131401 SANOFI - SLLI ARROW PHASE 1002-2013"
"000000009598E9A20E04F041B38518182890A2D50100A3DF33FCC9BD1644BD14FCA330AA978500001BCDCC200000"	"\Divisions\ENV\Environmental Cincinnati\131608 METROPOLITAN SEWER DISTRICT - MSD - URBAN WATER GRANT"
"000000009598E9A20E04F041B38518182890A2D50100A3DF33FCC9BD1644BD14FCA330AA978500001BD6608C0000"	"\Divisions\ENV\Environmental Cincinnati\131829 DEVELOPMENT & ENVIRONMENTAL PLANNING ASSOCIATES LLC - INDIANA BAT ACOUSTICS"
"000000009598E9A20E04F041B38518182890A2D50100A3DF33FCC9BD1644BD14FCA330AA978500001BD5D2E70000"	"\Divisions\ENV\Environmental Cincinnati\132201 AMERICAN WIND ENERGY ASSOCIATION - DRAFT GPWE HCP"
"000000009598E9A20E04F041B38518182890A2D50100A3DF33FCC9BD1644BD14FCA330AA978500001BCDC2DD0000"	"\Divisions\ENV\Environmental Cincinnati\132564 BARLEYCORN'S - BARLEYCORN'S ENV CONSULT"
"000000009598E9A20E04F041B38518182890A2D50100A3DF33FCC9BD1644BD14FCA330AA978500001BF1A0920000"	"\Divisions\ENV\Environmental Cincinnati\132794 Frutarom North America - WW Sampling"
"000000009598E9A20E04F041B38518182890A2D50100A3DF33FCC9BD1644BD14FCA330AA978500001C5E85450000"	"\Divisions\ENV\Environmental Cincinnati\132995 EDF RENEWABLE ENERGY-ESA & BGEPA COMP STRATEGY"
"000000009598E9A20E04F041B38518182890A2D50100A3DF33FCC9BD1644BD14FCA330AA978500001D2FFE380000"	"\Divisions\ENV\Environmental Cincinnati\133417 UNITED DAIRY FARMERS-UDF 015 TIER 1 DELINEATION"
"000000009598E9A20E04F041B38518182890A2D50100A3DF33FCC9BD1644BD14FCA330AA978500001D773ED60000"	"\Divisions\ENV\Environmental Cincinnati\133567 SCHUERMANN PROPERTIES-PH I ESA-713 MADISON"
"000000009598E9A20E04F041B38518182890A2D50100A3DF33FCC9BD1644BD14FCA330AA978500001DD0B2FF0000"	"\Divisions\ENV\Environmental Cincinnati\133825 SANOFI-SLLI PHASE 1602-SITE MGMT"
"000000009598E9A20E04F041B38518182890A2D50100A3DF33FCC9BD1644BD14FCA330AA978500001DD0B2190000"	"\Divisions\ENV\Environmental Cincinnati\134081 MARATHON PETROLEUM COMPANY LP-PROJ SUPPORT 2014 WINCH"
"000000009598E9A20E04F041B38518182890A2D50100A3DF33FCC9BD1644BD14FCA330AA978500001DDB10B20000"	"\Divisions\ENV\Environmental Cincinnati\134577 UNITED DAIRY FARMERS-UDF 134 WELL SEALING"
"000000009598E9A20E04F041B38518182890A2D50100A3DF33FCC9BD1644BD14FCA330AA978500001E23A0C90000"	"\Divisions\ENV\Environmental Cincinnati\134934 ALCOA INC-BLUE POND CONST OVERSIGHT"
"000000009598E9A20E04F041B38518182890A2D50100A3DF33FCC9BD1644BD14FCA330AA978500001E7C617F0000"	"\Divisions\ENV\Environmental Cincinnati\135243 PERFORMANCE PIPE-2014 KPDES SW SAMPLING"
"000000009598E9A20E04F041B38518182890A2D50100A3DF33FCC9BD1644BD14FCA330AA978500001EF469470000"	"\Divisions\ENV\Environmental Cincinnati\135616 THE PROCTER & GAMBLE COMPANY-MSD SAMPLING 2014-2015 - SWIC"
"000000009598E9A20E04F041B38518182890A2D50100A3DF33FCC9BD1644BD14FCA330AA978500001F1CEDC90000"	"\Divisions\ENV\Environmental Cincinnati\135814 ALCOA INC-UST SITE CLOSURE LETTER"
"000000009598E9A20E04F041B38518182890A2D50100A3DF33FCC9BD1644BD14FCA330AA978500001F98F3E10000"	"\Divisions\ENV\Environmental Cincinnati\136105 UNITED DAIRY FARMERS-UDF 142 FLORENCE DISCHARGE"
"000000009598E9A20E04F041B38518182890A2D50100A3DF33FCC9BD1644BD14FCA330AA978500001FFEF0B90000"	"\Divisions\ENV\Environmental Cincinnati\136309 UNITED DAIRY FARMERS-UDF 087 MT LOOKOUT CLOSURE"
"000000009598E9A20E04F041B38518182890A2D50100A3DF33FCC9BD1644BD14FCA330AA97850000206420C90000"	"\Divisions\ENV\Environmental Cincinnati\136618 UNITED DAIRY FARMERS-DUE DILIGENCE-PROJECT FLIGHT"
"000000009598E9A20E04F041B38518182890A2D50100A3DF33FCC9BD1644BD14FCA330AA978500002179CBB30000"	"\Divisions\ENV\Environmental Cincinnati\137337 MARATHON PETROLEUM CORPORATION-E. SPARTA-HARPSTER ECO DESKTOP"
"000000009598E9A20E04F041B38518182890A2D50100A3DF33FCC9BD1644BD14FCA330AA9785000021CD23410000"	"\Divisions\ENV\Environmental Cincinnati\137633 ALCOA INC-LAKE CHARLES PERMIT SUPPORT"
"000000009598E9A20E04F041B38518182890A2D50100A3DF33FCC9BD1644BD14FCA330AA97850000221433220000"	"\Divisions\ENV\Environmental Cincinnati\137856 OHIO DEPT OF TRANSPORTATION-WAR/GRE-42-CULVERTS"
"000000009598E9A20E04F041B38518182890A2D50100A3DF33FCC9BD1644BD14FCA330AA97850000228697BF0000"	"\Divisions\ENV\Environmental Cincinnati\138455 SANOFI-SLLI PH 701 ADD'L PHOS INVEST"
"000000009598E9A20E04F041B38518182890A2D50100A3DF33FCC9BD1644BD14FCA330AA9785000022EF39820000"	"\Divisions\ENV\Environmental Cincinnati\138603 ALCOA INC-HALETHORPE ANALYTICAL COSTS"
"000000009598E9A20E04F041B38518182890A2D50100A3DF33FCC9BD1644BD14FCA330AA97850000239F82E40000"	"\Divisions\ENV\Environmental Cincinnati\139040 UNITED DAIRY FARMERS-UDF 133 RND BOTTOM PIPE CLOS"
"000000009598E9A20E04F041B38518182890A2D50100A3DF33FCC9BD1644BD14FCA330AA97850000249EA60A0000"	"\Divisions\ENV\Environmental Cincinnati\139486 United Dairy Farmers Kemper 3rd Qtr - GW Samples"
"000000009598E9A20E04F041B38518182890A2D5010012225CC57BF01F4EA8CCA87A792FF35F00008C3235A40000"	"\Divisions\ENV\Environmental Cincinnati\145491 NISOURCE-NIPSCO STEEL INSPECT PRGRM 17"
"000000009598E9A20E04F041B38518182890A2D50100A3DF33FCC9BD1644BD14FCA330AA978500001D631F5F0000"	"\Divisions\ENV\Environmental Cincinnati\Truck #278 (18) - Knoxville"
"000000009598E9A20E04F041B38518182890A2D50100A3DF33FCC9BD1644BD14FCA330AA97850000170CDC5F0000"	"\Divisions\ENV\Environmental Freeport\126680 HINCKLEY CO-FY 2012 EMSN, DBASE, HAZ WASTE RPT"
"000000009598E9A20E04F041B38518182890A2D50100A3DF33FCC9BD1644BD14FCA330AA97850000172A81490000"	"\Divisions\ENV\Environmental Freeport\126921 PLI-AIR PERMIT & CMPLI"
"000000009598E9A20E04F041B38518182890A2D50100A3DF33FCC9BD1644BD14FCA330AA978500002956833F0000"	"\Divisions\ENV\Environmental Freeport\141443 ENV GRASSY FALLS-QUINWOOD"
"000000009598E9A20E04F041B38518182890A2D5010012225CC57BF01F4EA8CCA87A792FF35F0007217A24340000"	"\Divisions\ENV\Environmental Freeport\BU54 Milestones"
"000000009598E9A20E04F041B38518182890A2D50100A3DF33FCC9BD1644BD14FCA330AA978500001EA3078F0000"	"\Divisions\ENV\Environmental Freeport\CLOSED PROJECTS\131222 UMAINE FY14 AIR REPORTING"
"000000009598E9A20E04F041B38518182890A2D50100A3DF33FCC9BD1644BD14FCA330AA978500001E3BEE490000"	"\Divisions\ENV\Environmental Freeport\CLOSED PROJECTS\132739 FNST MANCHESTER OVEN OPACITY"
"000000009598E9A20E04F041B38518182890A2D50100A3DF33FCC9BD1644BD14FCA330AA9785000022D67C780000"	"\Divisions\ENV\Environmental Freeport\CLOSED PROJECTS\135873 PEN BAY MED CNTR AIR PERMIT"
"000000009598E9A20E04F041B38518182890A2D50100A3DF33FCC9BD1644BD14FCA330AA978500002A9E29310000"	"\Divisions\ENV\Environmental Freeport\CLOSED PROJECTS\138772 CALPINE-WEC SPCC UPDATE"
"000000009598E9A20E04F041B38518182890A2D50100A3DF33FCC9BD1644BD14FCA330AA97850000272A847E0000"	"\Divisions\ENV\Environmental Freeport\CLOSED PROJECTS\140369 FREUDENBERG-NOK-FNST-NORTHFIELD VOC RACT"
"000000009598E9A20E04F041B38518182890A2D50100A3DF33FCC9BD1644BD14FCA330AA978500002C94F2350000"	"\Divisions\ENV\Environmental Freeport\CLOSED PROJECTS\142903 SMHC-WASTE PROGRAM REVIEW"
"000000009598E9A20E04F041B38518182890A2D5010012225CC57BF01F4EA8CCA87A792FF35F000075E8E11D0000"	"\Divisions\ENV\Environmental Freeport\CLOSED PROJECTS\145012 FNST NORTHFIELD TIER II-2016"
"000000009598E9A20E04F041B38518182890A2D5010012225CC57BF01F4EA8CCA87A792FF35F0000ED289A3B0000"	"\Divisions\ENV\Environmental Freeport\CLOSED PROJECTS\147519_UMAINE-FY18 PART 70 LICENSE"
"000000009598E9A20E04F041B38518182890A2D5010012225CC57BF01F4EA8CCA87A792FF35F000162F5FFC30000"	"\Divisions\ENV\Environmental Freeport\CLOSED PROJECTS\149849 FNST-NORTHFIELD TIER 2 CY2017"
"000000009598E9A20E04F041B38518182890A2D5010012225CC57BF01F4EA8CCA87A792FF35F0003B3C332080000"	"\Divisions\ENV\Environmental Freeport\CLOSED PROJECTS\151763_SEBASTICOOK_VALLEY_APPLICATION"
"000000009598E9A20E04F041B38518182890A2D50100572FF007A7D6B64CA96E5CFE8E1CC1A4000000395FCA0000"	"\Divisions\ENV\Environmental Freeport\Section 243"
"000000009598E9A20E04F041B38518182890A2D50100A3DF33FCC9BD1644BD14FCA330AA978500000E6C33340000"	"\Divisions\ENV\Environmental Hailey\114406 - PATH\Site Work"
"000000009598E9A20E04F041B38518182890A2D50100A3DF33FCC9BD1644BD14FCA330AA978500001F0DE51A0000"	"\Divisions\ENV\Environmental Hailey\115841 - TWE\Draft_DEIS_POD"
"000000009598E9A20E04F041B38518182890A2D50100A3DF33FCC9BD1644BD14FCA330AA97850000165CDB910000"	"\Divisions\ENV\Environmental Hailey\117390 - BHP Teckla - Osage - Rapid City 230kV\Admin Record\Tech Report Outlines"
"000000009598E9A20E04F041B38518182890A2D50100A3DF33FCC9BD1644BD14FCA330AA978500001F1A1FCA0000"	"\Divisions\ENV\Environmental Hailey\118092 - Jackrabbit\DEIS\Sections"
"000000009598E9A20E04F041B38518182890A2D50100A3DF33FCC9BD1644BD14FCA330AA978500000E6C05250000"	"\Divisions\ENV\Environmental Hailey\123888 - Mtn Air Wind\WSBC"
"000000009598E9A20E04F041B38518182890A2D501001953B16A689BCD4AA8FC82955DB27CB1000001B4D15D0000"	"\Divisions\ENV\Environmental Hailey\124186_EGS\Imagery"
"000000009598E9A20E04F041B38518182890A2D50100A3DF33FCC9BD1644BD14FCA330AA978500000E98E78F0000"	"\Divisions\ENV\Environmental Hailey\124186_EGS\Line Dept\Outgoing"
"000000009598E9A20E04F041B38518182890A2D50100A3DF33FCC9BD1644BD14FCA330AA978500001F0020D20000"	"\Divisions\ENV\Environmental Hailey\124186_EGS\PPM\LAF_NewForm_2014"
"000000009598E9A20E04F041B38518182890A2D501001953B16A689BCD4AA8FC82955DB27CB1000001F769370000"	"\Divisions\ENV\Environmental Hailey\124186_EGS\PriorityAreas - CL Revisions due Jan 2010"
"000000009598E9A20E04F041B38518182890A2D50100A3DF33FCC9BD1644BD14FCA330AA978500000E9A8FFE0000"	"\Divisions\ENV\Environmental Hailey\124186_EGS\Wendy Markus or John Terry"
"000000009598E9A20E04F041B38518182890A2D50100A3DF33FCC9BD1644BD14FCA330AA978500001F1ABFBF0000"	"\Divisions\ENV\Environmental Hailey\126564 - Bagby-Reed\PWC Notifications"
"000000009598E9A20E04F041B38518182890A2D50100A3DF33FCC9BD1644BD14FCA330AA978500001B7F04970000"	"\Divisions\ENV\Environmental Hailey\128143 - R-Project (NPPD)\Open House Meetings"
"000000009598E9A20E04F041B38518182890A2D50100A3DF33FCC9BD1644BD14FCA330AA978500001F0D3FE50000"	"\Divisions\ENV\Environmental Hailey\131728 - BBIP"
"000000009598E9A20E04F041B38518182890A2D50100572FF007A7D6B64CA96E5CFE8E1CC1A40000001BBDE50000"	"\Divisions\ENV\Environmental Hailey\NPPD\117294 - Keystone Pipeline Projects"
"000000009598E9A20E04F041B38518182890A2D50100A3DF33FCC9BD1644BD14FCA330AA978500001932A06D0000"	"\Divisions\ENV\Environmental Houston\118523_LCRA_Pkwy_To_FM_482_138kV\mHumphreys\Morninweg to Parkway"
"000000009598E9A20E04F041B38518182890A2D50100A3DF33FCC9BD1644BD14FCA330AA978500001BFBA8CC0000"	"\Divisions\ENV\Environmental Houston\132284_Lobo Permitting"
"000000009598E9A20E04F041B38518182890A2D50100A3DF33FCC9BD1644BD14FCA330AA9785000025879A740000"	"\Divisions\ENV\Environmental Knoxville\139857 OHIO DEPT OF TRANSPORTATION-ECOLOGICAL SCREENING SR129/126"
"000000009598E9A20E04F041B38518182890A2D50100CB7D9B6512D7374A860FE542D57703920000010F65E00000"	"\Divisions\ENV\Environmental Phoenix\122613 Sumter Dr Arch Survey"
"000000009598E9A20E04F041B38518182890A2D50100CB7D9B6512D7374A860FE542D577039200000117E9F10000"	"\Divisions\ENV\Environmental Phoenix\122825 Ryan Airfield CR Survey"
"000000009598E9A20E04F041B38518182890A2D50100A3DF33FCC9BD1644BD14FCA330AA978500001B24B4460000"	"\Divisions\ENV\Environmental Phoenix\126996 CALPECO\HazMat"
"000000009598E9A20E04F041B38518182890A2D50100A3DF33FCC9BD1644BD14FCA330AA97850000192232F60000"	"\Divisions\ENV\Environmental Phoenix\129119 CL_E.321744_W Harelson Arch"
"000000009598E9A20E04F041B38518182890A2D50100A3DF33FCC9BD1644BD14FCA330AA978500001B2B4B640000"	"\Divisions\ENV\Environmental Phoenix\131826_CL_E.373127 W Irnwd Arch Srvy"
"000000009598E9A20E04F041B38518182890A2D501001296C725372D7F4B86B758A22EA3141B00000001509A0000"	"\Divisions\ENV\GIS-AMS"
"000000009598E9A20E04F041B38518182890A2D501006C95E27D1ACA634AA1AADC20796388DD00000085BD6A0000"	"\Divisions\ENV\Public Outreach and Communication\100055 Vernon Combined Cycle Power Plant"
"000000009598E9A20E04F041B38518182890A2D501006C95E27D1ACA634AA1AADC20796388DD00000074C2F30000"	"\Divisions\ENV\Public Outreach and Communication\117292 NE Nebraska 115KV Projects"
"000000009598E9A20E04F041B38518182890A2D501001953B16A689BCD4AA8FC82955DB27CB1000000FEBE440000"	"\Divisions\ENV\Public Outreach and Communication\119145 Northwest Energy Simulations"
"000000009598E9A20E04F041B38518182890A2D501001953B16A689BCD4AA8FC82955DB27CB1000000E23A2B0000"	"\Divisions\ENV\Public Outreach and Communication\121546 BRRTP Construction Video"
"000000009598E9A20E04F041B38518182890A2D50100CB7D9B6512D7374A860FE542D577039200000128EDC30000"	"\Divisions\ENV\Public Outreach and Communication\123307 Calico Glint/Glare Study"
"000000009598E9A20E04F041B38518182890A2D501001953B16A689BCD4AA8FC82955DB27CB1000001770FA00000"	"\Divisions\ENV\Public Outreach and Communication\124474 PEPCO_Benning Retirement"
"000000009598E9A20E04F041B38518182890A2D50100A3DF33FCC9BD1644BD14FCA330AA9785000015F25F5E0000"	"\Divisions\ENV\Public Outreach and Communication\126045 Pepco-NW Substation"
"000000009598E9A20E04F041B38518182890A2D50100A3DF33FCC9BD1644BD14FCA330AA978500001743E2700000"	"\Divisions\ENV\Public Outreach and Communication\127213 Latham & Watkins"
"000000009598E9A20E04F041B38518182890A2D50100A3DF33FCC9BD1644BD14FCA330AA97850000183E72940000"	"\Divisions\ENV\Public Outreach and Communication\128236 PEPCO_EEI Conference"
"000000009598E9A20E04F041B38518182890A2D50100A3DF33FCC9BD1644BD14FCA330AA9785000019A94A710000"	"\Divisions\ENV\Public Outreach and Communication\130268 BGE Level Road ROW Map"
"000000009598E9A20E04F041B38518182890A2D50100A3DF33FCC9BD1644BD14FCA330AA978500001DFEFAE90000"	"\Divisions\ENV\Public Outreach and Communication\131935 Peter Catchpole"
"000000009598E9A20E04F041B38518182890A2D50100A3DF33FCC9BD1644BD14FCA330AA97850000256B3AB90000"	"\Divisions\ENV\Public Outreach and Communication\133093 - PSE- Langley Tap1"
"000000009598E9A20E04F041B38518182890A2D50100A3DF33FCC9BD1644BD14FCA330AA9785000020070E390000"	"\Divisions\ENV\Public Outreach and Communication\134860 Chemical Turner"
"000000009598E9A20E04F041B38518182890A2D50100A3DF33FCC9BD1644BD14FCA330AA978500002D7A74CE0000"	"\Divisions\ENV\Public Outreach and Communication\136121 - NGrid Grand Army Interactive Map"
"000000009598E9A20E04F041B38518182890A2D5010012225CC57BF01F4EA8CCA87A792FF35F0001C25BD4E70000"	"\Divisions\ENV\Public Outreach and Communication\137553 State St Animation\136121 - NGrid Grand Army Interactive Map"
"000000009598E9A20E04F041B38518182890A2D50100A3DF33FCC9BD1644BD14FCA330AA97850000245835A00000"	"\Divisions\ENV\Public Outreach and Communication\139206 ACHD-36th_Dogbone_Roundabout"
"000000009598E9A20E04F041B38518182890A2D50100A3DF33FCC9BD1644BD14FCA330AA97850000266E28BA0000"	"\Divisions\ENV\Public Outreach and Communication\140294 BARR OCI Mine"
"000000009598E9A20E04F041B38518182890A2D50100A3DF33FCC9BD1644BD14FCA330AA97850000297024260000"	"\Divisions\ENV\Public Outreach and Communication\141471 Duke - HarloweNewportGeoVoice"
"000000009598E9A20E04F041B38518182890A2D50100A3DF33FCC9BD1644BD14FCA330AA978500002DE3B7C50000"	"\Divisions\ENV\Public Outreach and Communication\143242 Duke Geovoice - Kathleen to Osprey to Haines City East"
"000000009598E9A20E04F041B38518182890A2D5010012225CC57BF01F4EA8CCA87A792FF35F00005BEAA7EA0000"	"\Divisions\ENV\Public Outreach and Communication\144649 PHI-White Flint TLine Sim"
"000000009598E9A20E04F041B38518182890A2D5010012225CC57BF01F4EA8CCA87A792FF35F0000A56624B90000"	"\Divisions\ENV\Public Outreach and Communication\146076 - Transource Website"
"000000009598E9A20E04F041B38518182890A2D5010012225CC57BF01F4EA8CCA87A792FF35F00014E5CAF190000"	"\Divisions\ENV\Public Outreach and Communication\149460 ITC-Cardinal-HickoryCreek"
"000000009598E9A20E04F041B38518182890A2D50100A3DF33FCC9BD1644BD14FCA330AA97850000281D4F640000"	"\Divisions\ENV\Public Outreach and Communication\Carty Solar"
"000000009598E9A20E04F041B38518182890A2D50100A3DF33FCC9BD1644BD14FCA330AA978500002687C67D0000"	"\Divisions\ENV\Public Outreach and Communication\MarkEtherton"
"000000009598E9A20E04F041B38518182890A2D50100A3DF33FCC9BD1644BD14FCA330AA9785000019631FAC0000"	"\Divisions\ENV\Public Outreach and Communication\YumaMasterplan"
"000000009598E9A20E04F041B38518182890A2D5010012225CC57BF01F4EA8CCA87A792FF35F0000B7D8B1FF0000"	"\Divisions\Facilities \Projects\123456"
"000000009598E9A20E04F041B38518182890A2D50100A3DF33FCC9BD1644BD14FCA330AA978500001D7AEBF00000"	"\Divisions\GIS\GIS-AMS\111715 Trinity PUD_GIS Impl & Hosting"
"000000009598E9A20E04F041B38518182890A2D50100F3BCE3A574023B4482F2E427B5A3121800004D817BFD0000"	"\Divisions\Industrial\Facilities\Facilities Controls"
"000000009598E9A20E04F041B38518182890A2D50100A3DF33FCC9BD1644BD14FCA330AA978500000EB8CD990000"	"\Divisions\Industrial\Food Systems\Huron"
"000000009598E9A20E04F041B38518182890A2D5010012225CC57BF01F4EA8CCA87A792FF35F0006E66718BF0000"	"\Divisions\Industrial\Generation\CSA Out of Office\a"
"000000009598E9A20E04F041B38518182890A2D501006C95E27D1ACA634AA1AADC20796388DD000000C8E0430000"	"\Divisions\Industrial\Raytheon"
"000000009598E9A20E04F041B38518182890A2D50100A3DF33FCC9BD1644BD14FCA330AA97850000230797CF0000"	"\Divisions\Operations\Corporate Project Mgmt\Timecard Team\Timecard Team Calendar"
"000000009598E9A20E04F041B38518182890A2D50100572FF007A7D6B64CA96E5CFE8E1CC1A40000004466310000"	"\Divisions\Operations\Finance\Taxes\AZ\AT&T"
"000000009598E9A20E04F041B38518182890A2D501001296C725372D7F4B86B758A22EA3141B0000008224A70000"	"\Divisions\Operations\Finance\Taxes\AZ\Mercator"
"000000009598E9A20E04F041B38518182890A2D501001296C725372D7F4B86B758A22EA3141B000000611D020000"	"\Divisions\Operations\Finance\Taxes\CA\EBMUD"
"000000009598E9A20E04F041B38518182890A2D50100572FF007A7D6B64CA96E5CFE8E1CC1A400000036CDF90000"	"\Divisions\Operations\Finance\Taxes\CANADA\Alberta"
"000000009598E9A20E04F041B38518182890A2D50100572FF007A7D6B64CA96E5CFE8E1CC1A40000001F6F1A0000"	"\Divisions\Operations\Finance\Taxes\CANADA\Quebec"
"000000009598E9A20E04F041B38518182890A2D50100572FF007A7D6B64CA96E5CFE8E1CC1A400000012923D0000"	"\Divisions\Operations\Finance\Taxes\D.C."
"000000009598E9A20E04F041B38518182890A2D501001296C725372D7F4B86B758A22EA3141B00000062027B0000"	"\Divisions\Operations\Finance\Taxes\ID\111484-Moscow"
"000000009598E9A20E04F041B38518182890A2D501001296C725372D7F4B86B758A22EA3141B0000003FFBA20000"	"\Divisions\Operations\Finance\Taxes\MN"
"000000009598E9A20E04F041B38518182890A2D50100572FF007A7D6B64CA96E5CFE8E1CC1A40000002130D90000"	"\Divisions\Operations\Finance\Taxes\NM\115697 First Wind"
"000000009598E9A20E04F041B38518182890A2D50100572FF007A7D6B64CA96E5CFE8E1CC1A400000039604A0000"	"\Divisions\Operations\Finance\Taxes\NM\Tri-State\119476-Hernandez"
"000000009598E9A20E04F041B38518182890A2D50100CB7D9B6512D7374A860FE542D5770392000001131A530000"	"\Divisions\Operations\Finance\Taxes\SD\AUDIT\PWC"
"000000009598E9A20E04F041B38518182890A2D50100CB7D9B6512D7374A860FE542D5770392000001184FCA0000"	"\Divisions\Operations\Finance\Taxes\TAX ALERT - PROJECTS\NY"
"000000009598E9A20E04F041B38518182890A2D501001296C725372D7F4B86B758A22EA3141B00000042D8020000"	"\Divisions\Operations\Finance\Taxes\WA"
"000000009598E9A20E04F041B38518182890A2D501001296C725372D7F4B86B758A22EA3141B0000003D970E0000"	"\Divisions\Operations\Finance\Taxes\WI"
"000000009598E9A20E04F041B38518182890A2D50100A3DF33FCC9BD1644BD14FCA330AA97850000226249ED0000"	"\Divisions\Operations\HR\Information Technology\Boise Office\Boise Equipment Rental"
"000000009598E9A20E04F041B38518182890A2D501001296C725372D7F4B86B758A22EA3141B000000004A950000"	"\Divisions\Operations\Information Technology\IT Calendar"
"000000009598E9A20E04F041B38518182890A2D501001953B16A689BCD4AA8FC82955DB27CB10000017F51520000"	"\Divisions\Operations\Information Technology\Phone Support Calendar"
"000000009598E9A20E04F041B38518182890A2D50100A3DF33FCC9BD1644BD14FCA330AA9785000016F535BD0000"	"\Divisions\Operations\Office Build-Out Projects Folder\Projects"
"000000009598E9A20E04F041B38518182890A2D50100A3DF33FCC9BD1644BD14FCA330AA9785000016F5F7D10000"	"\Divisions\Operations\Office Build-Out Projects Folder\Projects\2012MAD01NEW\Photos"
"000000009598E9A20E04F041B38518182890A2D50100A3DF33FCC9BD1644BD14FCA330AA9785000016F57F360000"	"\Divisions\Operations\Office Build-Out Projects Folder\Projects\2012SAC01EXP\Travel"
"000000009598E9A20E04F041B38518182890A2D50100A3DF33FCC9BD1644BD14FCA330AA978500002A1122F50000"	"\Divisions\Operations\Procurement"
"000000009598E9A20E04F041B38518182890A2D501001296C725372D7F4B86B758A22EA3141B0000000B17D30000"	"\Divisions\PD\Atlanta"
"000000009598E9A20E04F041B38518182890A2D5010012225CC57BF01F4EA8CCA87A792FF35F0003BA58E9320000"	"\Divisions\PD\Distribution Services\Dept. 177\177 Equipment"
"000000009598E9A20E04F041B38518182890A2D5010012225CC57BF01F4EA8CCA87A792FF35F0004C0C1BAFD0000"	"\Divisions\PD\Distribution Services\Dept. 390\dept390 vacation\390"
"000000009598E9A20E04F041B38518182890A2D50100A3DF33FCC9BD1644BD14FCA330AA97850000239DD2F80000"	"\Divisions\PD\Distribution Services\Distribution Design Services\135266 BITS Island"
"000000009598E9A20E04F041B38518182890A2D50100A3DF33FCC9BD1644BD14FCA330AA9785000021E0E7F90000"	"\Divisions\PD\Distribution Services\Distribution Design Services\137754 - KING COUNTY WIND"
"000000009598E9A20E04F041B38518182890A2D50100A3DF33FCC9BD1644BD14FCA330AA978500002942B0580000"	"\Divisions\PD\Distribution Services\Distribution Design Services\141420 - ONCOR Open Wire Hurst"
"000000009598E9A20E04F041B38518182890A2D50100A3DF33FCC9BD1644BD14FCA330AA978500002D92DA0B0000"	"\Divisions\PD\Distribution Services\Distribution Design Services\143138 - BH ADDTL ARC FLASH ANALYSIS"
"000000009598E9A20E04F041B38518182890A2D5010012225CC57BF01F4EA8CCA87A792FF35F000092C323270000"	"\Divisions\PD\Distribution Services\Distribution Design Services\145383 - PSE AMI Distribution"
"000000009598E9A20E04F041B38518182890A2D5010012225CC57BF01F4EA8CCA87A792FF35F0000AACB73C70000"	"\Divisions\PD\Distribution Services\Distribution Design Services\146175 - SCE 12kV SUMMER CONTINGENC RAR"
"000000009598E9A20E04F041B38518182890A2D5010012225CC57BF01F4EA8CCA87A792FF35F0000C6905D170000"	"\Divisions\PD\Distribution Services\Distribution Design Services\146611 - 2018MMCK01 ANNA"
"000000009598E9A20E04F041B38518182890A2D5010012225CC57BF01F4EA8CCA87A792FF35F0000FC6D03E90000"	"\Divisions\PD\Distribution Services\Distribution Design Services\147633 - BISMK 8458"
"000000009598E9A20E04F041B38518182890A2D5010012225CC57BF01F4EA8CCA87A792FF35F0000F386585D0000"	"\Divisions\PD\Distribution Services\Distribution Design Services\147672 - WLNUT-9029"
"000000009598E9A20E04F041B38518182890A2D5010012225CC57BF01F4EA8CCA87A792FF35F0001123EBC750000"	"\Divisions\PD\Distribution Services\Distribution Design Services\148380 - AND-RELIANCE GATHERING"
"000000009598E9A20E04F041B38518182890A2D50100A3DF33FCC9BD1644BD14FCA330AA97850000193E91740000"	"\Divisions\PD\Distribution Services\Substation Benbrook"
"000000009598E9A20E04F041B38518182890A2D50100E34BFE500669CD49AC2E27C6C54DE39D0000002687F30000"	"\Divisions\PD\Distribution Services\Substation Benbrook\117744_JNEC Gen Engr"
"000000009598E9A20E04F041B38518182890A2D50100E34BFE500669CD49AC2E27C6C54DE39D0000002687820000"	"\Divisions\PD\Distribution Services\Substation Benbrook\117769_Tawkoni Sw Sta"
"000000009598E9A20E04F041B38518182890A2D50100E34BFE500669CD49AC2E27C6C54DE39D0000002688340000"	"\Divisions\PD\Distribution Services\Substation Benbrook\117817_ETEC Relay Test Compliance"
"000000009598E9A20E04F041B38518182890A2D50100E34BFE500669CD49AC2E27C6C54DE39D00000026883F0000"	"\Divisions\PD\Distribution Services\Substation Benbrook\117868_ETEC Lake Livingston"
"000000009598E9A20E04F041B38518182890A2D50100A3DF33FCC9BD1644BD14FCA330AA978500001989DE150000"	"\Divisions\PD\Distribution Services\Substation Benbrook\117893_NETEC SCADA\DP\NTEC"
"000000009598E9A20E04F041B38518182890A2D50100E34BFE500669CD49AC2E27C6C54DE39D00000026880E0000"	"\Divisions\PD\Distribution Services\Substation Benbrook\117932_CCEC WO Review"
"000000009598E9A20E04F041B38518182890A2D50100E34BFE500669CD49AC2E27C6C54DE39D0000002688410000"	"\Divisions\PD\Distribution Services\Substation Benbrook\117958_RCEC Staking"
"000000009598E9A20E04F041B38518182890A2D50100E34BFE500669CD49AC2E27C6C54DE39D00000037A2690000"	"\Divisions\PD\Distribution Services\Substation Benbrook\118944_"
"000000009598E9A20E04F041B38518182890A2D50100A3DF33FCC9BD1644BD14FCA330AA97850000212EC8110000"	"\Divisions\PD\Distribution Services\Substation Benbrook\121274_GVEC_Gen_Engr\SRM_Gonzales"
"000000009598E9A20E04F041B38518182890A2D50100E34BFE500669CD49AC2E27C6C54DE39D0000003DC0BD0000"	"\Divisions\PD\Distribution Services\Substation Benbrook\122209_Tex-La_Center Sw"
"000000009598E9A20E04F041B38518182890A2D50100E34BFE500669CD49AC2E27C6C54DE39D0000004310890000"	"\Divisions\PD\Distribution Services\Substation Benbrook\123423_GVEC_Mont"
"000000009598E9A20E04F041B38518182890A2D50100A3DF33FCC9BD1644BD14FCA330AA97850000175BC4930000"	"\Divisions\PD\Distribution Services\Substation Benbrook\124183_JNEC_Relay\SRM"
"000000009598E9A20E04F041B38518182890A2D50100A3DF33FCC9BD1644BD14FCA330AA97850000176C40070000"	"\Divisions\PD\Distribution Services\Substation Benbrook\127708_ETEC_Lk Liv"
"000000009598E9A20E04F041B38518182890A2D50100A3DF33FCC9BD1644BD14FCA330AA978500001992E0A60000"	"\Divisions\PD\Distribution Services\Substation Benbrook\129900_GVEC_Marion/Cibolo"
"000000009598E9A20E04F041B38518182890A2D50100A3DF33FCC9BD1644BD14FCA330AA978500001B3D89720000"	"\Divisions\PD\Distribution Services\Substation Benbrook\131845_DTEC_Batt_Test"
"000000009598E9A20E04F041B38518182890A2D50100A3DF33FCC9BD1644BD14FCA330AA978500001B8C2B5D0000"	"\Divisions\PD\Distribution Services\Substation Benbrook\132609_CCEC_PTE Test"
"000000009598E9A20E04F041B38518182890A2D50100A3DF33FCC9BD1644BD14FCA330AA978500001DE435790000"	"\Divisions\PD\Distribution Services\Substation Benbrook\134755_HoCEC_Weldon TL"
"000000009598E9A20E04F041B38518182890A2D50100A3DF33FCC9BD1644BD14FCA330AA9785000020A3F4290000"	"\Divisions\PD\Distribution Services\Substation Benbrook\136701_GVEC_Kokernot-Rep Mid Adds"
"000000009598E9A20E04F041B38518182890A2D50100A3DF33FCC9BD1644BD14FCA330AA97850000236C29730000"	"\Divisions\PD\Distribution Services\Substation Benbrook\138844_GVEC_Marion Add"
"000000009598E9A20E04F041B38518182890A2D50100A3DF33FCC9BD1644BD14FCA330AA97850000279AC2A80000"	"\Divisions\PD\Distribution Services\Substation Benbrook\140757_Berite_Browndean Sag"
"000000009598E9A20E04F041B38518182890A2D5010012225CC57BF01F4EA8CCA87A792FF35F00003646DD430000"	"\Divisions\PD\Distribution Services\Substation Benbrook\143994_Upshur Testing"
"000000009598E9A20E04F041B38518182890A2D5010012225CC57BF01F4EA8CCA87A792FF35F0000E19463F80000"	"\Divisions\PD\Distribution Services\Substation Benbrook\145548_OXY_Substation Standards\SRM"
"000000009598E9A20E04F041B38518182890A2D5010012225CC57BF01F4EA8CCA87A792FF35F000126D4D30B0000"	"\Divisions\PD\Distribution Services\Substation Benbrook\147995_WEC_FEMA Line Inspection"
"000000009598E9A20E04F041B38518182890A2D50100A3DF33FCC9BD1644BD14FCA330AA978500002A185C2E0000"	"\Divisions\PD\Haynes-Canine Project"
"000000009598E9A20E04F041B38518182890A2D5010012225CC57BF01F4EA8CCA87A792FF35F00001ACFFD2D0000"	"\Divisions\PD\Line Ann Arbor\143669 NStar W Roxbury - Needham"
"000000009598E9A20E04F041B38518182890A2D5010012225CC57BF01F4EA8CCA87A792FF35F0000B677F3270000"	"\Divisions\PD\Line Austin\134483 BEPC Meridian Sub Erosion Cntrl"
"000000009598E9A20E04F041B38518182890A2D5010012225CC57BF01F4EA8CCA87A792FF35F0000B677F3350000"	"\Divisions\PD\Line Austin\137531 Asherton to Carrizo Springs"
"000000009598E9A20E04F041B38518182890A2D5010012225CC57BF01F4EA8CCA87A792FF35F0000B677F3410000"	"\Divisions\PD\Line Austin\142682 Carrizo Springs Cut-Ins (Crystal City)"
"000000009598E9A20E04F041B38518182890A2D5010012225CC57BF01F4EA8CCA87A792FF35F00014E5CAF170000"	"\Divisions\PD\Line Austin\149514 LCRA T616 LEANDER-RND ROCK "
"000000009598E9A20E04F041B38518182890A2D5010012225CC57BF01F4EA8CCA87A792FF35F0002BD7B69770000"	"\Divisions\PD\Line Austin\156516 LCRA T109 GRAPHITE MINE CB"
"000000009598E9A20E04F041B38518182890A2D501006C95E27D1ACA634AA1AADC20796388DD000000DD7E4A0000"	"\Divisions\PD\Line Boise\00-DMS Upload\113659 Lk_Yankton\Survey"
"000000009598E9A20E04F041B38518182890A2D501006C95E27D1ACA634AA1AADC20796388DD00000048DA610000"	"\Divisions\PD\Line Boise\114411 Gateway\ID Substations"
"000000009598E9A20E04F041B38518182890A2D50100A3DF33FCC9BD1644BD14FCA330AA978500002036607F0000"	"\Divisions\PD\Line Boise\114411 Gateway\Tower Study"
"000000009598E9A20E04F041B38518182890A2D50100A3DF33FCC9BD1644BD14FCA330AA978500001BB707880000"	"\Divisions\PD\Line Boise\114648 ON Line\OPGW"
"000000009598E9A20E04F041B38518182890A2D50100A3DF33FCC9BD1644BD14FCA330AA9785000015E489380000"	"\Divisions\PD\Line Boise\115349 Devers Valley\Construction Support"
"000000009598E9A20E04F041B38518182890A2D50100CB7D9B6512D7374A860FE542D577039200000114E7490000"	"\Divisions\PD\Line Boise\117207_SWIP South\Assy Dwgs"
"000000009598E9A20E04F041B38518182890A2D50100E34BFE500669CD49AC2E27C6C54DE39D0000003DC1340000"	"\Divisions\PD\Line Boise\117207_SWIP South\Site B"
"000000009598E9A20E04F041B38518182890A2D50100A3DF33FCC9BD1644BD14FCA330AA97850000225D19AF0000"	"\Divisions\PD\Line Boise\117910_Fargo_Alexandria\Alex-Bison Design\Lightning Study"
"000000009598E9A20E04F041B38518182890A2D50100A3DF33FCC9BD1644BD14FCA330AA978500001C6BB7E70000"	"\Divisions\PD\Line Boise\117910_Fargo_Alexandria\Galloping\Maclean"
"000000009598E9A20E04F041B38518182890A2D50100CB7D9B6512D7374A860FE542D57703920000010EA5B10000"	"\Divisions\PD\Line Boise\117910_Fargo_Alexandria\QA-QC\Southwire"
"000000009598E9A20E04F041B38518182890A2D50100A3DF33FCC9BD1644BD14FCA330AA9785000015B8E4BA0000"	"\Divisions\PD\Line Boise\117910_Fargo_Alexandria\Quarry-Alex Design\Valmont\Vibration Study"
"000000009598E9A20E04F041B38518182890A2D50100CB7D9B6512D7374A860FE542D577039200000129C5DC0000"	"\Divisions\PD\Line Boise\123332 CTF River Crossing\Design"
"000000009598E9A20E04F041B38518182890A2D50100CB7D9B6512D7374A860FE542D577039200000129C5E80000"	"\Divisions\PD\Line Boise\123332 CTF River Crossing\ROW / easements"
"000000009598E9A20E04F041B38518182890A2D501001953B16A689BCD4AA8FC82955DB27CB1000001B570410000"	"\Divisions\PD\Line Boise\124464_RTRP\111728 - RTRP\AGENCY\RCFC"
"000000009598E9A20E04F041B38518182890A2D50100A3DF33FCC9BD1644BD14FCA330AA978500001ABA371B0000"	"\Divisions\PD\Line Boise\124464_RTRP\Construction"
"000000009598E9A20E04F041B38518182890A2D50100A3DF33FCC9BD1644BD14FCA330AA9785000028348E080000"	"\Divisions\PD\Line Boise\124737 XCEL-GIST2-PSCO-LINE RATING ANY\PHASE 3\Ph 2 Verifications"
"000000009598E9A20E04F041B38518182890A2D501001953B16A689BCD4AA8FC82955DB27CB1000001EE567E0000"	"\Divisions\PD\Line Boise\124737 XCEL-GIST2-PSCO-LINE RATING ANY\Priority_1\RFI"
"000000009598E9A20E04F041B38518182890A2D50100A3DF33FCC9BD1644BD14FCA330AA97850000171CED0F0000"	"\Divisions\PD\Line Boise\124737 XCEL-GIST2-PSCO-LINE RATING ANY\Priority_2\Transmittals"
"000000009598E9A20E04F041B38518182890A2D50100A3DF33FCC9BD1644BD14FCA330AA978500001EFAE7B40000"	"\Divisions\PD\Line Boise\126567 CapX Foundation"
"000000009598E9A20E04F041B38518182890A2D50100A3DF33FCC9BD1644BD14FCA330AA97850000173D3CE30000"	"\Divisions\PD\Line Boise\126822 XCEL-0844 BLACK DOG-SAVAGE\Estimates & WO"
"000000009598E9A20E04F041B38518182890A2D50100A3DF33FCC9BD1644BD14FCA330AA97850000173D3C500000"	"\Divisions\PD\Line Boise\126822 XCEL-0844 BLACK DOG-SAVAGE\Survey"
"000000009598E9A20E04F041B38518182890A2D50100A3DF33FCC9BD1644BD14FCA330AA978500001728A05C0000"	"\Divisions\PD\Line Boise\126981 XCEL-GIST-III Phase 2 Priority 2\Data"
"000000009598E9A20E04F041B38518182890A2D50100A3DF33FCC9BD1644BD14FCA330AA978500001776251C0000"	"\Divisions\PD\Line Boise\126981 XCEL-GIST-III Phase 2 Priority 2\Design\0976-0988"
"000000009598E9A20E04F041B38518182890A2D50100A3DF33FCC9BD1644BD14FCA330AA9785000019C8C52A0000"	"\Divisions\PD\Line Boise\126981 XCEL-GIST-III Phase 2 Priority 2\Geotech"
"000000009598E9A20E04F041B38518182890A2D50100A3DF33FCC9BD1644BD14FCA330AA978500001899FF0A0000"	"\Divisions\PD\Line Boise\126981 XCEL-GIST-III Phase 2 Priority 2\Phase 3"
"000000009598E9A20E04F041B38518182890A2D50100A3DF33FCC9BD1644BD14FCA330AA9785000018B0867B0000"	"\Divisions\PD\Line Boise\126981 XCEL-GIST-III Phase 2 Priority 2\Schedule\0883"
"000000009598E9A20E04F041B38518182890A2D50100A3DF33FCC9BD1644BD14FCA330AA97850000196ACDE70000"	"\Divisions\PD\Line Boise\128118_MP_AC Line Rating_2\009L"
"000000009598E9A20E04F041B38518182890A2D50100A3DF33FCC9BD1644BD14FCA330AA978500001935D7490000"	"\Divisions\PD\Line Boise\128118_MP_AC Line Rating_2\038L"
"000000009598E9A20E04F041B38518182890A2D50100A3DF33FCC9BD1644BD14FCA330AA97850000199D02CB0000"	"\Divisions\PD\Line Boise\128118_MP_AC Line Rating_2\056L"
"000000009598E9A20E04F041B38518182890A2D50100A3DF33FCC9BD1644BD14FCA330AA9785000018AEAF190000"	"\Divisions\PD\Line Boise\128118_MP_AC Line Rating_2\076L"
"000000009598E9A20E04F041B38518182890A2D50100A3DF33FCC9BD1644BD14FCA330AA9785000019BC86D90000"	"\Divisions\PD\Line Boise\128118_MP_AC Line Rating_2\138L"
"000000009598E9A20E04F041B38518182890A2D50100A3DF33FCC9BD1644BD14FCA330AA9785000018B591A70000"	"\Divisions\PD\Line Boise\128911 Xcel-GIST 3- PHASE 2- LRV PTY 3\contacts"
"000000009598E9A20E04F041B38518182890A2D50100A3DF33FCC9BD1644BD14FCA330AA978500001A0AF7CF0000"	"\Divisions\PD\Line Boise\128911 Xcel-GIST 3- PHASE 2- LRV PTY 3\Design\0861"
"000000009598E9A20E04F041B38518182890A2D50100A3DF33FCC9BD1644BD14FCA330AA978500001AFB92B80000"	"\Divisions\PD\Line Boise\128911 Xcel-GIST 3- PHASE 2- LRV PTY 3\Estimates & WO\0875 0848"
"000000009598E9A20E04F041B38518182890A2D50100A3DF33FCC9BD1644BD14FCA330AA978500001A3F99540000"	"\Divisions\PD\Line Boise\128911 Xcel-GIST 3- PHASE 2- LRV PTY 3\Materials\0877"
"000000009598E9A20E04F041B38518182890A2D50100A3DF33FCC9BD1644BD14FCA330AA9785000019EEB88A0000"	"\Divisions\PD\Line Boise\128911 Xcel-GIST 3- PHASE 2- LRV PTY 3\Remediation\0875"
"000000009598E9A20E04F041B38518182890A2D50100A3DF33FCC9BD1644BD14FCA330AA978500001AE6C37E0000"	"\Divisions\PD\Line Boise\128911 Xcel-GIST 3- PHASE 2- LRV PTY 3\Schedule\0877"
"000000009598E9A20E04F041B38518182890A2D50100A3DF33FCC9BD1644BD14FCA330AA9785000018ED4D490000"	"\Divisions\PD\Line Boise\128911 Xcel-GIST 3- PHASE 2- LRV PTY 3\Transmittals\0805"
"000000009598E9A20E04F041B38518182890A2D50100A3DF33FCC9BD1644BD14FCA330AA9785000019997AE70000"	"\Divisions\PD\Line Boise\128911 Xcel-GIST 3- PHASE 2- LRV PTY 3\Transmittals\5522"
"000000009598E9A20E04F041B38518182890A2D50100A3DF33FCC9BD1644BD14FCA330AA9785000021BB3AC40000"	"\Divisions\PD\Line Boise\130412 Xcel (MN) NSP GIST-3 Ph 3\FME TESTING"
"000000009598E9A20E04F041B38518182890A2D50100A3DF33FCC9BD1644BD14FCA330AA978500001DA5A6140000"	"\Divisions\PD\Line Boise\130412 Xcel (MN) NSP GIST-3 Ph 3\Survey"
"000000009598E9A20E04F041B38518182890A2D50100A3DF33FCC9BD1644BD14FCA330AA978500001B4DEFD70000"	"\Divisions\PD\Line Boise\131302 131500 131501 XCEL W3203 W3509 SEV-TRM\Geotechnical"
"000000009598E9A20E04F041B38518182890A2D50100A3DF33FCC9BD1644BD14FCA330AA978500001B0559840000"	"\Divisions\PD\Line Boise\131365 Xcel SW MN GALLOPING INVESTGTN RMD\Contacts"
"000000009598E9A20E04F041B38518182890A2D50100A3DF33FCC9BD1644BD14FCA330AA978500001B5094510000"	"\Divisions\PD\Line Boise\132072 XCEL-L0953 RECONDUCTOR\materials"
"000000009598E9A20E04F041B38518182890A2D50100A3DF33FCC9BD1644BD14FCA330AA978500001B6F245A0000"	"\Divisions\PD\Line Boise\132155 PSE Eastside\POWER360"
"000000009598E9A20E04F041B38518182890A2D50100A3DF33FCC9BD1644BD14FCA330AA978500001DD46F880000"	"\Divisions\PD\Line Boise\134091 PAC Croy-DV\01_Submittals-wDMS#\C_90-Review"
"000000009598E9A20E04F041B38518182890A2D50100A3DF33FCC9BD1644BD14FCA330AA978500001EFB41980000"	"\Divisions\PD\Line Boise\134091 PAC Croy-DV\08_Field Trips"
"000000009598E9A20E04F041B38518182890A2D50100A3DF33FCC9BD1644BD14FCA330AA978500001DD749F10000"	"\Divisions\PD\Line Boise\134473 PCorp Coalville SLV CRK\01_Submittals-wDMS#\H_Record Drawings"
"000000009598E9A20E04F041B38518182890A2D50100A3DF33FCC9BD1644BD14FCA330AA978500001DD627B50000"	"\Divisions\PD\Line Boise\134474 PCorp Croydon-Coalville"
"000000009598E9A20E04F041B38518182890A2D50100A3DF33FCC9BD1644BD14FCA330AA978500001DD689560000"	"\Divisions\PD\Line Boise\134474 PCorp Croydon-Coalville\03_Survey &  ROW"
"000000009598E9A20E04F041B38518182890A2D50100A3DF33FCC9BD1644BD14FCA330AA9785000019C0634C0000"	"\Divisions\PD\Line Boise\135116 SunZia\116500_Sunzia\Meetings & Notes\EIA -Economic Impact\Internal Communications"
"000000009598E9A20E04F041B38518182890A2D50100A3DF33FCC9BD1644BD14FCA330AA978500001F8D51BF0000"	"\Divisions\PD\Line Boise\135953 GNTL 500kV"
"000000009598E9A20E04F041B38518182890A2D50100A3DF33FCC9BD1644BD14FCA330AA978500002308FD780000"	"\Divisions\PD\Line Boise\136620 XCEL-0729 Rplce Pole (See also 133657)\QC"
"000000009598E9A20E04F041B38518182890A2D50100A3DF33FCC9BD1644BD14FCA330AA978500002832C01B0000"	"\Divisions\PD\Line Boise\137579 XCEL-GISTIII POI ANALYSIS\0844"
"000000009598E9A20E04F041B38518182890A2D5010012225CC57BF01F4EA8CCA87A792FF35F00000A50CAFE0000"	"\Divisions\PD\Line Boise\137979 GNTL TLine\04_PNC 2(Proc & Const)"
"000000009598E9A20E04F041B38518182890A2D50100A3DF33FCC9BD1644BD14FCA330AA9785000026232E7C0000"	"\Divisions\PD\Line Boise\140211 XCEL-9255 PH-2 LC UPGRADE"
"000000009598E9A20E04F041B38518182890A2D50100A3DF33FCC9BD1644BD14FCA330AA97850000287639AE0000"	"\Divisions\PD\Line Boise\141318 Harry Allen Eldorado"
"000000009598E9A20E04F041B38518182890A2D5010012225CC57BF01F4EA8CCA87A792FF35F00003F053F7A0000"	"\Divisions\PD\Line Boise\143375 - Merrill Solar-PAC"
"000000009598E9A20E04F041B38518182890A2D5010012225CC57BF01F4EA8CCA87A792FF35F00017CDD53460000"	"\Divisions\PD\Line Boise\144969 Xcel 6964 FT GARLAND TERM"
"000000009598E9A20E04F041B38518182890A2D5010012225CC57BF01F4EA8CCA87A792FF35F0001E6DB39640000"	"\Divisions\PD\Line Boise\146618 - Bob TLine\Hardware-Conductor"
"000000009598E9A20E04F041B38518182890A2D5010012225CC57BF01F4EA8CCA87A792FF35F0000E0E4BE3D0000"	"\Divisions\PD\Line Boise\146990 XCEL NSPW Eng & Super Elec T-Line"
"000000009598E9A20E04F041B38518182890A2D5010012225CC57BF01F4EA8CCA87A792FF35F00019C5891690000"	"\Divisions\PD\Line Boise\151787 GL PAHRUM-BOB"
"000000009598E9A20E04F041B38518182890A2D5010012225CC57BF01F4EA8CCA87A792FF35F00021D59BCD60000"	"\Divisions\PD\Line Boise\154320 Ten West\154320 10W Geotech"
"000000009598E9A20E04F041B38518182890A2D5010012225CC57BF01F4EA8CCA87A792FF35F0005848387540000"	"\Divisions\PD\Line Boise\154320 Ten West\154320 Cielo Azul"
"000000009598E9A20E04F041B38518182890A2D5010012225CC57BF01F4EA8CCA87A792FF35F0002B980EA830000"	"\Divisions\PD\Line Boise\158794 - NCPA Insulator Replace"
"000000009598E9A20E04F041B38518182890A2D50100A3DF33FCC9BD1644BD14FCA330AA978500001B3CFBD50000"	"\Divisions\PD\Line Boise\Collin_Cut-in"
"000000009598E9A20E04F041B38518182890A2D501001953B16A689BCD4AA8FC82955DB27CB10000011FEB090000"	"\Divisions\PD\Line Boise\Line-Rating-Projects\PacifiCorp\B38"
"000000009598E9A20E04F041B38518182890A2D50100A3DF33FCC9BD1644BD14FCA330AA9785000016FBD4EA0000"	"\Divisions\PD\Line Boise\Line-Rating-Projects\PacifiCorp\S01\Remediation"
"000000009598E9A20E04F041B38518182890A2D50100A3DF33FCC9BD1644BD14FCA330AA978500001676E7AD0000"	"\Divisions\PD\Line Boise\Line-Rating-Projects\PacifiCorp2\B41"
"000000009598E9A20E04F041B38518182890A2D50100A3DF33FCC9BD1644BD14FCA330AA978500001676E7FD0000"	"\Divisions\PD\Line Boise\Line-Rating-Projects\PacifiCorp2\WI01"
"000000009598E9A20E04F041B38518182890A2D5010012225CC57BF01F4EA8CCA87A792FF35F0002548EA6D20000"	"\Divisions\PD\Line Boise\Xcel_Energy_Standards\On-Off-Badge-Training\2019 Training"
"000000009598E9A20E04F041B38518182890A2D5010012225CC57BF01F4EA8CCA87A792FF35F000440ED22D40000"	"\Divisions\PD\Line Boise\Xcel_Energy_Standards\On-Off-Badge-Training\Off-Boarding\Agbara-EDS"
"000000009598E9A20E04F041B38518182890A2D5010012225CC57BF01F4EA8CCA87A792FF35F0006FD917C100000"	"\Divisions\PD\Line Boise\Xcel_Energy_Standards\On-Off-Badge-Training\On-Boarding\R-DQ"
"000000009598E9A20E04F041B38518182890A2D5010012225CC57BF01F4EA8CCA87A792FF35F0004A25D47170000"	"\Divisions\PD\Line Boise\Xcel_Energy_Standards\On-Off-Badge-Training\On-Boarding_Prev 12-09-22\Agbara"
"000000009598E9A20E04F041B38518182890A2D5010012225CC57BF01F4EA8CCA87A792FF35F000118DC9E780000"	"\Divisions\PD\Line Calgary\Out Of Office - Calgary Calendar"
"000000009598E9A20E04F041B38518182890A2D50100A3DF33FCC9BD1644BD14FCA330AA9785000021CD751C0000"	"\Divisions\PD\Line Cincinnati\137647 BALTIMORE GAS & ELECTRIC-BGE-SOUTH SHORE TRAIL"
"000000009598E9A20E04F041B38518182890A2D501006C95E27D1ACA634AA1AADC20796388DD000000340EA60000"	"\Divisions\PD\Line Fort Mill"
"000000009598E9A20E04F041B38518182890A2D50100A3DF33FCC9BD1644BD14FCA330AA9785000026F4F7BE0000"	"\Divisions\PD\Line Fort Worth\01 CLOSED PROJS - UPLOAD TO PROJECTWISE\127131 - Z18 - Kiser to Hale - CLOSED 2014"
"000000009598E9A20E04F041B38518182890A2D50100A3DF33FCC9BD1644BD14FCA330AA978500001BEE21410000"	"\Divisions\PD\Line Fort Worth\132044 - XCEL ENERGY_Z21.2/Z86 DMNDBCK-CDR LKS 69KV"
"000000009598E9A20E04F041B38518182890A2D501006C95E27D1ACA634AA1AADC20796388DD0000002330770000"	"\Divisions\PD\Line Freeport"
"000000009598E9A20E04F041B38518182890A2D501001296C725372D7F4B86B758A22EA3141B00000014F5130000"	"\Divisions\PD\Line Hailey\106647 Kukai~Ula"
"000000009598E9A20E04F041B38518182890A2D501001296C725372D7F4B86B758A22EA3141B000000236AD40000"	"\Divisions\PD\Line Hailey\108628-Umbata Falls\Drawings"
"000000009598E9A20E04F041B38518182890A2D501001296C725372D7F4B86B758A22EA3141B000000236ADF0000"	"\Divisions\PD\Line Hailey\108628-Umbata Falls\ROW"
"000000009598E9A20E04F041B38518182890A2D501001296C725372D7F4B86B758A22EA3141B00000031F5D50000"	"\Divisions\PD\Line Hailey\110042-MEC"
"000000009598E9A20E04F041B38518182890A2D50100572FF007A7D6B64CA96E5CFE8E1CC1A4000000180CA50000"	"\Divisions\PD\Line Hailey\116834"
"000000009598E9A20E04F041B38518182890A2D5010012225CC57BF01F4EA8CCA87A792FF35F00031E3004170000"	"\Divisions\PD\Line Hailey\122443_Clear_Crossing-Willow_Crk_EAST\dups"
"000000009598E9A20E04F041B38518182890A2D50100A3DF33FCC9BD1644BD14FCA330AA9785000017B5EE950000"	"\Divisions\PD\Line Hailey\122443_Clear_Crossing-Willow_Crk_EAST\MRLJ11"
"000000009598E9A20E04F041B38518182890A2D50100A3DF33FCC9BD1644BD14FCA330AA9785000015EEC5A90000"	"\Divisions\PD\Line Hailey\122444_Clear_Crossing_Willow_Crk_WEST\MRLJ04"
"000000009598E9A20E04F041B38518182890A2D5010012225CC57BF01F4EA8CCA87A792FF35F00031E30042D0000"	"\Divisions\PD\Line Hailey\122444_Clear_Crossing_Willow_Crk_WEST\Twr_Adj_Emails\dups"
"000000009598E9A20E04F041B38518182890A2D50100CB7D9B6512D7374A860FE542D57703920000012AC9590000"	"\Divisions\PD\Line Hailey\123375-Sagebrush 235A&236A"
"000000009598E9A20E04F041B38518182890A2D50100A3DF33FCC9BD1644BD14FCA330AA97850000199A55990000"	"\Divisions\PD\Line Hailey\125793_Powertel_Kap T-Line\dups"
"000000009598E9A20E04F041B38518182890A2D50100572FF007A7D6B64CA96E5CFE8E1CC1A400000036CDFB0000"	"\Divisions\PD\Line Hailey\126635_KMPUD_Phs-2_Out_Valley\124249_Old_Proj#_Out_Valley_T-Line_Ph_1-A\118778_OLD_PROJECT#"
"000000009598E9A20E04F041B38518182890A2D50100A3DF33FCC9BD1644BD14FCA330AA9785000017C073480000"	"\Divisions\PD\Line Hailey\126873_Oncor_Goldsmith-Goldsmith_South\Warehouse"
"000000009598E9A20E04F041B38518182890A2D50100A3DF33FCC9BD1644BD14FCA330AA978500001B53D15C0000"	"\Divisions\PD\Line Hailey\127844_LOBO-N_EDINBURG\dups"
"000000009598E9A20E04F041B38518182890A2D50100A3DF33FCC9BD1644BD14FCA330AA97850000193BF6BA0000"	"\Divisions\PD\Line Hailey\127943_Riley-Krum_P3_Eagle_Mt"
"000000009598E9A20E04F041B38518182890A2D50100A3DF33FCC9BD1644BD14FCA330AA978500002B79D4DD0000"	"\Divisions\PD\Line Hailey\128806_BR_224-226_ECOL-PTRD_1432"
"000000009598E9A20E04F041B38518182890A2D50100A3DF33FCC9BD1644BD14FCA330AA97850000195B26BF0000"	"\Divisions\PD\Line Hailey\129528-Miravalles Wellhead Rehab"
"000000009598E9A20E04F041B38518182890A2D50100A3DF33FCC9BD1644BD14FCA330AA978500001C63A8900000"	"\Divisions\PD\Line Hailey\129547_Parker-Eagle_Mt\MRLJ04"
"000000009598E9A20E04F041B38518182890A2D50100A3DF33FCC9BD1644BD14FCA330AA97850000202AEAD10000"	"\Divisions\PD\Line Hailey\129567_Temple_Sw-Bell_Cty_E\WA_15T64014"
"000000009598E9A20E04F041B38518182890A2D50100A3DF33FCC9BD1644BD14FCA330AA978500001DB7B0820000"	"\Divisions\PD\Line Hailey\130157_Newmont_Long_Canyon\dups"
"000000009598E9A20E04F041B38518182890A2D5010012225CC57BF01F4EA8CCA87A792FF35F00031E3004750000"	"\Divisions\PD\Line Hailey\130257_Stanton_E-Midland-E\MRLJ02\dups"
"000000009598E9A20E04F041B38518182890A2D50100A3DF33FCC9BD1644BD14FCA330AA978500001DB4CED20000"	"\Divisions\PD\Line Hailey\130807_Cherokee_Load_Control\Daily_Inspect_Rpts"
"000000009598E9A20E04F041B38518182890A2D50100A3DF33FCC9BD1644BD14FCA330AA978500002BA0D52C0000"	"\Divisions\PD\Line Hailey\131441_NERC_LOW_PRIO_FACIL_ASSES\dups"
"000000009598E9A20E04F041B38518182890A2D50100A3DF33FCC9BD1644BD14FCA330AA978500001B160B810000"	"\Divisions\PD\Line Hailey\131710_STR-9/3_Ice_Loading"
"000000009598E9A20E04F041B38518182890A2D50100A3DF33FCC9BD1644BD14FCA330AA978500001BB82B0D0000"	"\Divisions\PD\Line Hailey\131879_Odessa_N-Crane\LJ02"
"000000009598E9A20E04F041B38518182890A2D50100A3DF33FCC9BD1644BD14FCA330AA97850000201487410000"	"\Divisions\PD\Line Hailey\132091_Watson-International\MRLJ04"
"000000009598E9A20E04F041B38518182890A2D50100A3DF33FCC9BD1644BD14FCA330AA978500001B8526600000"	"\Divisions\PD\Line Hailey\132512_2013_Eng_Review"
"000000009598E9A20E04F041B38518182890A2D50100A3DF33FCC9BD1644BD14FCA330AA978500001D56B1260000"	"\Divisions\PD\Line Hailey\133648_GOULAIS_RIVER_XING"
"000000009598E9A20E04F041B38518182890A2D50100A3DF33FCC9BD1644BD14FCA330AA97850000226371720000"	"\Divisions\PD\Line Hailey\134627_Eskota_Sw_Sta"
"000000009598E9A20E04F041B38518182890A2D50100A3DF33FCC9BD1644BD14FCA330AA9785000025A3A41D0000"	"\Divisions\PD\Line Hailey\134633_Eagle_Mt-Wagley_Robertson\MRLJ02"
"000000009598E9A20E04F041B38518182890A2D50100F3BCE3A574023B4482F2E427B5A3121800004D7CE2680000"	"\Divisions\PD\Line Hailey\134722_Permian_Basin_Sw_Sta\MRLJ01"
"000000009598E9A20E04F041B38518182890A2D50100A3DF33FCC9BD1644BD14FCA330AA978500001E6012400000"	"\Divisions\PD\Line Hailey\135135_AEP_PJM_Reliability_Window\BD-Effort"
"000000009598E9A20E04F041B38518182890A2D50100A3DF33FCC9BD1644BD14FCA330AA978500001F2CE4000000"	"\Divisions\PD\Line Hailey\135901_WNT_FO_Pole_Analysis\FY-14 Wireless Test Bed FO Cable"
"000000009598E9A20E04F041B38518182890A2D50100A3DF33FCC9BD1644BD14FCA330AA97850000217692060000"	"\Divisions\PD\Line Hailey\137318_SNARE_L199"
"000000009598E9A20E04F041B38518182890A2D50100A3DF33FCC9BD1644BD14FCA330AA97850000260EBC750000"	"\Divisions\PD\Line Hailey\137396_Hicks-Elizabeth\MRLJ01"
"000000009598E9A20E04F041B38518182890A2D5010012225CC57BF01F4EA8CCA87A792FF35F00007E79C0560000"	"\Divisions\PD\Line Hailey\137449_Mt_Creek-Norwood\16T65156\Issued_Materials_Request"
"000000009598E9A20E04F041B38518182890A2D50100A3DF33FCC9BD1644BD14FCA330AA978500002BB633F90000"	"\Divisions\PD\Line Hailey\137449_Mt_Creek-Norwood\MRLJ09_Pole"
"000000009598E9A20E04F041B38518182890A2D50100A3DF33FCC9BD1644BD14FCA330AA9785000023EB1BDF0000"	"\Divisions\PD\Line Hailey\137959_Odessa_EHV-Odessa_Reconduct\MRLJ04"
"000000009598E9A20E04F041B38518182890A2D5010012225CC57BF01F4EA8CCA87A792FF35F0000264655140000"	"\Divisions\PD\Line Hailey\138156_Venus-Cedar_Hill\MRLJ03"
"000000009598E9A20E04F041B38518182890A2D50100A3DF33FCC9BD1644BD14FCA330AA978500002537F5E40000"	"\Divisions\PD\Line Hailey\138218_Means-Fullerton_69kV_RBLD\WA_15T63112\MRLJ02"
"000000009598E9A20E04F041B38518182890A2D50100A3DF33FCC9BD1644BD14FCA330AA978500002A96356F0000"	"\Divisions\PD\Line Hailey\138504_Holt_SW-N_Andrews\WA_15T63114"
"000000009598E9A20E04F041B38518182890A2D5010012225CC57BF01F4EA8CCA87A792FF35F000027EE5ADE0000"	"\Divisions\PD\Line Hailey\138504_Holt_SW-N_Andrews\WA_15T63114\MRLJ12"
"000000009598E9A20E04F041B38518182890A2D5010012225CC57BF01F4EA8CCA87A792FF35F000329D570BD0000"	"\Divisions\PD\Line Hailey\138797_August-Sub T-line_Project\dups"
"000000009598E9A20E04F041B38518182890A2D50100A3DF33FCC9BD1644BD14FCA330AA978500002A89EAC30000"	"\Divisions\PD\Line Hailey\139104_Cedar_Hill-So_Hampton\MRLJ01"
"000000009598E9A20E04F041B38518182890A2D50100A3DF33FCC9BD1644BD14FCA330AA97850000240657150000"	"\Divisions\PD\Line Hailey\139250_STRYKER CRK-LUFKIN"
"000000009598E9A20E04F041B38518182890A2D50100A3DF33FCC9BD1644BD14FCA330AA97850000255042C70000"	"\Divisions\PD\Line Hailey\139293_Buzzard_Draw-Lamesa\MRLJ03"
"000000009598E9A20E04F041B38518182890A2D50100A3DF33FCC9BD1644BD14FCA330AA978500002DA2AAC50000"	"\Divisions\PD\Line Hailey\139578_Sno_PUD_Turners_Corner-Woods_Crk\dups"
"000000009598E9A20E04F041B38518182890A2D5010012225CC57BF01F4EA8CCA87A792FF35F0000174D737A0000"	"\Divisions\PD\Line Hailey\140037_Hillsboro Sw_Sta_AutoTransformer\MRLJ01"
"000000009598E9A20E04F041B38518182890A2D50100A3DF33FCC9BD1644BD14FCA330AA978500002B518FFE0000"	"\Divisions\PD\Line Hailey\140906-Manor_Grayson-PPL"
"000000009598E9A20E04F041B38518182890A2D5010012225CC57BF01F4EA8CCA87A792FF35F00010A95AC5B0000"	"\Divisions\PD\Line Hailey\141183_CROWN RD - NORWOOD SW STA \00_WA Not Open - Order Requests"
"000000009598E9A20E04F041B38518182890A2D5010012225CC57BF01F4EA8CCA87A792FF35F00030EAF7FAA0000"	"\Divisions\PD\Line Hailey\141183_CROWN RD - NORWOOD SW STA \MRLJ13"
"000000009598E9A20E04F041B38518182890A2D5010012225CC57BF01F4EA8CCA87A792FF35F00009A3F309B0000"	"\Divisions\PD\Line Hailey\141306_Lake_Wichita_Sw_Sta-Wichita_Falls"
"000000009598E9A20E04F041B38518182890A2D50100A3DF33FCC9BD1644BD14FCA330AA978500002C81C59F0000"	"\Divisions\PD\Line Hailey\141398_Trinidad-Richland\MRLJ01"
"000000009598E9A20E04F041B38518182890A2D5010012225CC57BF01F4EA8CCA87A792FF35F0000826120670000"	"\Divisions\PD\Line Hailey\141436_Norwood-Amelia\MRLJ04"
"000000009598E9A20E04F041B38518182890A2D50100A3DF33FCC9BD1644BD14FCA330AA978500002C961DEF0000"	"\Divisions\PD\Line Hailey\141527-Cleanline-towers"
"000000009598E9A20E04F041B38518182890A2D5010012225CC57BF01F4EA8CCA87A792FF35F00002D5DDDCF0000"	"\Divisions\PD\Line Hailey\141658_Holt_N_Andrews-Midland_Farms\17T63023\MRLJ01"
"000000009598E9A20E04F041B38518182890A2D5010012225CC57BF01F4EA8CCA87A792FF35F000193D2251B0000"	"\Divisions\PD\Line Hailey\141659_Holt - Andrews N-Andrews Cty S\WA 17T63137\MRLJ01"
"000000009598E9A20E04F041B38518182890A2D5010012225CC57BF01F4EA8CCA87A792FF35F0000FD2CBF040000"	"\Divisions\PD\Line Hailey\141803_Wedgewood Sw Sta-Forest Hill Sta\MRLJ03_Steel Poles"
"000000009598E9A20E04F041B38518182890A2D50100A3DF33FCC9BD1644BD14FCA330AA978500002B233EB10000"	"\Divisions\PD\Line Hailey\142237_TG_Sagebrush_Line"
"000000009598E9A20E04F041B38518182890A2D5010012225CC57BF01F4EA8CCA87A792FF35F00008A740C9D0000"	"\Divisions\PD\Line Hailey\142859_PERMIAN BASIN-MOSS: YUCCA"
"000000009598E9A20E04F041B38518182890A2D5010012225CC57BF01F4EA8CCA87A792FF35F00008C3235C20000"	"\Divisions\PD\Line Hailey\142862_ODESSA N-PERMIAN BASIN: YUCCA\MRLJ01_Concrete_Pole"
"000000009598E9A20E04F041B38518182890A2D5010012225CC57BF01F4EA8CCA87A792FF35F00005595F1200000"	"\Divisions\PD\Line Hailey\143063-Manor_Graceton-FDN"
"000000009598E9A20E04F041B38518182890A2D50100A3DF33FCC9BD1644BD14FCA330AA978500002D99CC160000"	"\Divisions\PD\Line Hailey\143326_BR_740_R-STFR-2_NERC_REMED"
"000000009598E9A20E04F041B38518182890A2D5010012225CC57BF01F4EA8CCA87A792FF35F0000174D73760000"	"\Divisions\PD\Line Hailey\143548_HECO_City_Center"
"000000009598E9A20E04F041B38518182890A2D5010012225CC57BF01F4EA8CCA87A792FF35F0001E5319E570000"	"\Divisions\PD\Line Hailey\143834_Smart_Wires_Support\T2_PSEG"
"000000009598E9A20E04F041B38518182890A2D5010012225CC57BF01F4EA8CCA87A792FF35F0000B10731AC0000"	"\Divisions\PD\Line Hailey\143957_Tricorner_WATERMILL–TRINIDAD"
"000000009598E9A20E04F041B38518182890A2D5010012225CC57BF01F4EA8CCA87A792FF35F0000DC3DE7400000"	"\Divisions\PD\Line Hailey\143961_Tricorner_SEAGOVILLE-TRICORNER\MRLJ03"
"000000009598E9A20E04F041B38518182890A2D5010012225CC57BF01F4EA8CCA87A792FF35F00017A2D11D70000"	"\Divisions\PD\Line Hailey\144305_STN-4320H_STRCTR_COMPRTV_STDY\Nva Pozo Almonte-Condores\dups"
"000000009598E9A20E04F041B38518182890A2D5010012225CC57BF01F4EA8CCA87A792FF35F000049C4B1D60000"	"\Divisions\PD\Line Hailey\144455_Trinidad-Winkler\MRLJ07"
"000000009598E9A20E04F041B38518182890A2D5010012225CC57BF01F4EA8CCA87A792FF35F0000A0FDF5890000"	"\Divisions\PD\Line Hailey\144634_Hutto-Pflugerville"
"000000009598E9A20E04F041B38518182890A2D5010012225CC57BF01F4EA8CCA87A792FF35F000114281C450000"	"\Divisions\PD\Line Hailey\144887_Bob-Eldorado\dups"
"000000009598E9A20E04F041B38518182890A2D5010012225CC57BF01F4EA8CCA87A792FF35F0000EF4E79A90000"	"\Divisions\PD\Line Hailey\145251_Watermill Sw Sta-Camp Wisdom Rd\MRLJ04_Steel_Poles"
"000000009598E9A20E04F041B38518182890A2D5010012225CC57BF01F4EA8CCA87A792FF35F0001D336BC920000"	"\Divisions\PD\Line Hailey\145469_Yucca Dr - AEP Barilla Jct\17T63048\MRLJ09"
"000000009598E9A20E04F041B38518182890A2D5010012225CC57BF01F4EA8CCA87A792FF35F0001155FA60F0000"	"\Divisions\PD\Line Hailey\145544_Cedar_Crest-Industrial_Wall_St\MRLJ03"
"000000009598E9A20E04F041B38518182890A2D5010012225CC57BF01F4EA8CCA87A792FF35F00009620BFD50000"	"\Divisions\PD\Line Hailey\145628_Chapel_Hill-Wilkes"
"000000009598E9A20E04F041B38518182890A2D5010012225CC57BF01F4EA8CCA87A792FF35F00023D21823E0000"	"\Divisions\PD\Line Hailey\145911_Northaven Lines\16T65186_Northaven-Preston\2018-12-05_Kwame-Order 305695"
"000000009598E9A20E04F041B38518182890A2D5010012225CC57BF01F4EA8CCA87A792FF35F0002875A8C070000"	"\Divisions\PD\Line Hailey\145911_Northaven Lines\16T65186_Northaven-Preston\MRLJ14"
"000000009598E9A20E04F041B38518182890A2D5010012225CC57BF01F4EA8CCA87A792FF35F00011D8C7A870000"	"\Divisions\PD\Line Hailey\146556_LONG_SPAN_STUDY\dups"
"000000009598E9A20E04F041B38518182890A2D5010012225CC57BF01F4EA8CCA87A792FF35F000167BB69A80000"	"\Divisions\PD\Line Hailey\147934_Code Purple Design"
"000000009598E9A20E04F041B38518182890A2D5010012225CC57BF01F4EA8CCA87A792FF35F00010A95AC690000"	"\Divisions\PD\Line Hailey\148231_FJORD KRYDSNING"
"000000009598E9A20E04F041B38518182890A2D5010012225CC57BF01F4EA8CCA87A792FF35F000312A49F4F0000"	"\Divisions\PD\Line Hailey\148326_Cedar Crest-Wall St\OPT 38736\MRLJ03"
"000000009598E9A20E04F041B38518182890A2D5010012225CC57BF01F4EA8CCA87A792FF35F00013CB5CA210000"	"\Divisions\PD\Line Hailey\149288_SRP_PRC UG Line Design"
"000000009598E9A20E04F041B38518182890A2D5010012225CC57BF01F4EA8CCA87A792FF35F0001735EB96A0000"	"\Divisions\PD\Line Hailey\150786-ICE Grid Modernization"
"000000009598E9A20E04F041B38518182890A2D5010012225CC57BF01F4EA8CCA87A792FF35F000207D44EBE0000"	"\Divisions\PD\Line Hailey\151641_General Motors-International Airport\MRLJ07"
"000000009598E9A20E04F041B38518182890A2D5010012225CC57BF01F4EA8CCA87A792FF35F00026E5A22250000"	"\Divisions\PD\Line Hailey\151713_SAGINAW 138KV SW STA REB\Material Tracking (LJ Folder)\MRLJ01_Steel Pole Order"
"000000009598E9A20E04F041B38518182890A2D5010012225CC57BF01F4EA8CCA87A792FF35F0001F9373BFF0000"	"\Divisions\PD\Line Hailey\152562_Handley Sw-Liggett_Retermination At Airport\MRLJ02_Steel Poles"
"000000009598E9A20E04F041B38518182890A2D5010012225CC57BF01F4EA8CCA87A792FF35F00021D59BD360000"	"\Divisions\PD\Line Hailey\153043_Venus Sw-Sardis Sw"
"000000009598E9A20E04F041B38518182890A2D5010012225CC57BF01F4EA8CCA87A792FF35F0002423DB5290000"	"\Divisions\PD\Line Hailey\153605_Village Creek Tap-Bowen"
"000000009598E9A20E04F041B38518182890A2D5010012225CC57BF01F4EA8CCA87A792FF35F000227137F620000"	"\Divisions\PD\Line Hailey\153698_KEMP RANCH SW-GENUS #2\MRLJ02"
"000000009598E9A20E04F041B38518182890A2D5010012225CC57BF01F4EA8CCA87A792FF35F00026E5A222B0000"	"\Divisions\PD\Line Hailey\153757_HANDLEY SW.-DEEN SW\Material Tracking_LJ\MRLJ01_Steel Poles"
"000000009598E9A20E04F041B38518182890A2D5010012225CC57BF01F4EA8CCA87A792FF35F00025BE0B5C20000"	"\Divisions\PD\Line Hailey\153759_EAGLE MT SW.-DEEN SW\Material Tracking_LJ\MRLJ01_Steel Poles"
"000000009598E9A20E04F041B38518182890A2D5010012225CC57BF01F4EA8CCA87A792FF35F0001F67CE0A10000"	"\Divisions\PD\Line Hailey\154032_T355 CHF BRDY-GRGTWN OPGW"
"000000009598E9A20E04F041B38518182890A2D5010012225CC57BF01F4EA8CCA87A792FF35F00032F35F5B10000"	"\Divisions\PD\Line Hailey\154678_Odessa EHV Sw-Wolf Sw\0PT 40117\MRLJ01"
"000000009598E9A20E04F041B38518182890A2D5010012225CC57BF01F4EA8CCA87A792FF35F0002F3B8E5CF0000"	"\Divisions\PD\Line Hailey\154678_Odessa EHV Sw-Wolf Sw\MRTW03_Tower Order"
"000000009598E9A20E04F041B38518182890A2D5010012225CC57BF01F4EA8CCA87A792FF35F0002A9804DD80000"	"\Divisions\PD\Line Hailey\154683_Odessa EHV Sw-Moss\MRLJ04_Temp Bypass Mtrl"
"000000009598E9A20E04F041B38518182890A2D5010012225CC57BF01F4EA8CCA87A792FF35F0002669286120000"	"\Divisions\PD\Line Hailey\155311_Owl Hills Sw-Tunstill POD Sta\MRLJ01_Std Tangents"
"000000009598E9A20E04F041B38518182890A2D5010012225CC57BF01F4EA8CCA87A792FF35F0002541294450000"	"\Divisions\PD\Line Hailey\155484-LCRA Training"
"000000009598E9A20E04F041B38518182890A2D5010012225CC57BF01F4EA8CCA87A792FF35F000297759ECD0000"	"\Divisions\PD\Line Hailey\156389_Riverton Sw-Sand-Split WA\MRLJ02_Steel Twrs-LocWeld"
"000000009598E9A20E04F041B38518182890A2D5010012225CC57BF01F4EA8CCA87A792FF35F000366AF5C9E0000"	"\Divisions\PD\Line Hailey\156541_LAKE CRK SW-WACO EAST SW\MRLJ04"
"000000009598E9A20E04F041B38518182890A2D5010012225CC57BF01F4EA8CCA87A792FF35F0002ED0BDDA50000"	"\Divisions\PD\Line Hailey\158252_CHISHOLM-HICKS SW\MRLJ01 Steel Pole Order"
"000000009598E9A20E04F041B38518182890A2D5010012225CC57BF01F4EA8CCA87A792FF35F0002FE7C35760000"	"\Divisions\PD\Line Hailey\158888_SEE PROJWISE\MRLJ03"
"000000009598E9A20E04F041B38518182890A2D5010012225CC57BF01F4EA8CCA87A792FF35F0002E676F3B00000"	"\Divisions\PD\Line Hailey\159436_ALPHA RD-KNOLL TRAIL\OPT 39714 Northaven-Preston RD\159436-New # for Proj 145911_Per Kirby\MRLJ01_POLE ORDER"
"000000009598E9A20E04F041B38518182890A2D501001296C725372D7F4B86B758A22EA3141B000000513AFC0000"	"\Divisions\PD\Line Hailey\Allegheny TrAIL"
"000000009598E9A20E04F041B38518182890A2D50100E34BFE500669CD49AC2E27C6C54DE39D000000146E980000"	"\Divisions\PD\Line Hailey\Allegheny TrAIL\Phasing"
"000000009598E9A20E04F041B38518182890A2D501001296C725372D7F4B86B758A22EA3141B0000004F317E0000"	"\Divisions\PD\Line Hailey\BD_Efforts\111555-PaloAlto"
"000000009598E9A20E04F041B38518182890A2D50100572FF007A7D6B64CA96E5CFE8E1CC1A400000051199F0000"	"\Divisions\PD\Line Hailey\BD_Efforts\116196_ILM\Safety"
"000000009598E9A20E04F041B38518182890A2D50100572FF007A7D6B64CA96E5CFE8E1CC1A40000003B38190000"	"\Divisions\PD\Line Hailey\BD_Efforts\119980_Next-Lonestar CREZ"
"000000009598E9A20E04F041B38518182890A2D50100572FF007A7D6B64CA96E5CFE8E1CC1A40000005119BD0000"	"\Divisions\PD\Line Hailey\BD_Efforts\120020-NTL\Special_Investigations"
"000000009598E9A20E04F041B38518182890A2D50100CB7D9B6512D7374A860FE542D577039200000115E3450000"	"\Divisions\PD\Line Hailey\BD_Efforts\122656_ICG-Stones Edge Power"
"000000009598E9A20E04F041B38518182890A2D501001953B16A689BCD4AA8FC82955DB27CB10000018FF6F50000"	"\Divisions\PD\Line Hailey\BD_Efforts\Acciona"
"000000009598E9A20E04F041B38518182890A2D50100A3DF33FCC9BD1644BD14FCA330AA978500001D65B3F60000"	"\Divisions\PD\Line Hailey\BD_Efforts\AEP\2014"
"000000009598E9A20E04F041B38518182890A2D50100A3DF33FCC9BD1644BD14FCA330AA978500001736DF0D0000"	"\Divisions\PD\Line Hailey\BD_Efforts\Akuo Energy\Indiana Wind Project"
"000000009598E9A20E04F041B38518182890A2D50100A3DF33FCC9BD1644BD14FCA330AA97850000219773BF0000"	"\Divisions\PD\Line Hailey\BD_Efforts\Allteck"
"000000009598E9A20E04F041B38518182890A2D50100A3DF33FCC9BD1644BD14FCA330AA978500001FA906850000"	"\Divisions\PD\Line Hailey\BD_Efforts\Alta Gas\General"
"000000009598E9A20E04F041B38518182890A2D50100A3DF33FCC9BD1644BD14FCA330AA978500002DF149620000"	"\Divisions\PD\Line Hailey\BD_Efforts\Anderson and Wood\2016\Drone Flight"
"000000009598E9A20E04F041B38518182890A2D50100A3DF33FCC9BD1644BD14FCA330AA9785000028FC38450000"	"\Divisions\PD\Line Hailey\BD_Efforts\ARB\2016\SCE_BESS"
"000000009598E9A20E04F041B38518182890A2D50100A3DF33FCC9BD1644BD14FCA330AA978500001978C8870000"	"\Divisions\PD\Line Hailey\BD_Efforts\Atlantic Power_Ridgeline\Canadian Hills"
"000000009598E9A20E04F041B38518182890A2D50100A3DF33FCC9BD1644BD14FCA330AA978500001757858C0000"	"\Divisions\PD\Line Hailey\BD_Efforts\bc_hydro-steel-pole"
"000000009598E9A20E04F041B38518182890A2D50100A3DF33FCC9BD1644BD14FCA330AA978500001CEA87510000"	"\Divisions\PD\Line Hailey\BD_Efforts\Black Hills Power"
"000000009598E9A20E04F041B38518182890A2D50100572FF007A7D6B64CA96E5CFE8E1CC1A40000005723D40000"	"\Divisions\PD\Line Hailey\BD_Efforts\Bluarc"
"000000009598E9A20E04F041B38518182890A2D50100A3DF33FCC9BD1644BD14FCA330AA97850000171D92B60000"	"\Divisions\PD\Line Hailey\BD_Efforts\Brookfield Renewable"
"000000009598E9A20E04F041B38518182890A2D50100A3DF33FCC9BD1644BD14FCA330AA9785000028588C530000"	"\Divisions\PD\Line Hailey\BD_Efforts\Brookfield Renewable\General"
"000000009598E9A20E04F041B38518182890A2D5010012225CC57BF01F4EA8CCA87A792FF35F000019E269520000"	"\Divisions\PD\Line Hailey\BD_Efforts\CEC-Clean Energy Consulting"
"000000009598E9A20E04F041B38518182890A2D50100A3DF33FCC9BD1644BD14FCA330AA978500002AFDC11B0000"	"\Divisions\PD\Line Hailey\BD_Efforts\Cheveron"
"000000009598E9A20E04F041B38518182890A2D50100A3DF33FCC9BD1644BD14FCA330AA978500001F7C9D0C0000"	"\Divisions\PD\Line Hailey\BD_Efforts\City of Boulder City\2014\69 kV Line Alternatives Study"
"000000009598E9A20E04F041B38518182890A2D50100A3DF33FCC9BD1644BD14FCA330AA9785000028493D6C0000"	"\Divisions\PD\Line Hailey\BD_Efforts\Clean Line\2016\Plains and Eastern"
"000000009598E9A20E04F041B38518182890A2D50100A3DF33FCC9BD1644BD14FCA330AA9785000024AA837C0000"	"\Divisions\PD\Line Hailey\BD_Efforts\Coos Curry Electric Coop\2015\N_Brookings_Sub-Brookings"
"000000009598E9A20E04F041B38518182890A2D50100A3DF33FCC9BD1644BD14FCA330AA978500002BBCEDFD0000"	"\Divisions\PD\Line Hailey\BD_Efforts\Detente\2016\Solar Plant_Subs_Lines"
"000000009598E9A20E04F041B38518182890A2D5010012225CC57BF01F4EA8CCA87A792FF35F00029FCE02B00000"	"\Divisions\PD\Line Hailey\BD_Efforts\EDM\2019\CEATI_Failure Data Collection"
"000000009598E9A20E04F041B38518182890A2D5010012225CC57BF01F4EA8CCA87A792FF35F0001197225B20000"	"\Divisions\PD\Line Hailey\BD_Efforts\EKPC\2017\Fugro_LiDAR 3K"
"000000009598E9A20E04F041B38518182890A2D50100A3DF33FCC9BD1644BD14FCA330AA97850000213FF2910000"	"\Divisions\PD\Line Hailey\BD_Efforts\Enel Green Power\General"
"000000009598E9A20E04F041B38518182890A2D50100A3DF33FCC9BD1644BD14FCA330AA97850000248501FD0000"	"\Divisions\PD\Line Hailey\BD_Efforts\Entergy\General"
"000000009598E9A20E04F041B38518182890A2D50100A3DF33FCC9BD1644BD14FCA330AA978500001AAF81510000"	"\Divisions\PD\Line Hailey\BD_Efforts\EoN\Grandview"
"000000009598E9A20E04F041B38518182890A2D50100A3DF33FCC9BD1644BD14FCA330AA97850000217B20DF0000"	"\Divisions\PD\Line Hailey\BD_Efforts\Exelon\2015"
"000000009598E9A20E04F041B38518182890A2D50100A3DF33FCC9BD1644BD14FCA330AA9785000024865F2F0000"	"\Divisions\PD\Line Hailey\BD_Efforts\First Solar\2015"
"000000009598E9A20E04F041B38518182890A2D50100A3DF33FCC9BD1644BD14FCA330AA978500002AC2349A0000"	"\Divisions\PD\Line Hailey\BD_Efforts\Forbes\2016"
"000000009598E9A20E04F041B38518182890A2D5010012225CC57BF01F4EA8CCA87A792FF35F000072BD7BC60000"	"\Divisions\PD\Line Hailey\BD_Efforts\FUGRO\2017"
"000000009598E9A20E04F041B38518182890A2D50100A3DF33FCC9BD1644BD14FCA330AA97850000261544290000"	"\Divisions\PD\Line Hailey\BD_Efforts\General Cable\2015"
"000000009598E9A20E04F041B38518182890A2D50100A3DF33FCC9BD1644BD14FCA330AA978500001807B7860000"	"\Divisions\PD\Line Hailey\BD_Efforts\GLP\2012 Projects\Algoma Northern 115kV"
"000000009598E9A20E04F041B38518182890A2D50100A3DF33FCC9BD1644BD14FCA330AA978500002CAF22B90000"	"\Divisions\PD\Line Hailey\BD_Efforts\GLP\2016\Clergue Line - Insulators"
"000000009598E9A20E04F041B38518182890A2D50100572FF007A7D6B64CA96E5CFE8E1CC1A40000005C77730000"	"\Divisions\PD\Line Hailey\BD_Efforts\Granite Falls_Jeff Allred"
"000000009598E9A20E04F041B38518182890A2D5010012225CC57BF01F4EA8CCA87A792FF35F000124BAED900000"	"\Divisions\PD\Line Hailey\BD_Efforts\GrupoSaesa\2017"
"000000009598E9A20E04F041B38518182890A2D5010012225CC57BF01F4EA8CCA87A792FF35F00019ED8C1ED0000"	"\Divisions\PD\Line Hailey\BD_Efforts\Hatch_Canada\2018"
"000000009598E9A20E04F041B38518182890A2D50100A3DF33FCC9BD1644BD14FCA330AA97850000172510860000"	"\Divisions\PD\Line Hailey\BD_Efforts\Heco\Staff Augmentation"
"000000009598E9A20E04F041B38518182890A2D5010012225CC57BF01F4EA8CCA87A792FF35F0000D6CEA5EE0000"	"\Divisions\PD\Line Hailey\BD_Efforts\Hydro One\General"
"000000009598E9A20E04F041B38518182890A2D50100A3DF33FCC9BD1644BD14FCA330AA978500001CDC8EFE0000"	"\Divisions\PD\Line Hailey\BD_Efforts\Iberdrola\Penascal Switchgear"
"000000009598E9A20E04F041B38518182890A2D50100572FF007A7D6B64CA96E5CFE8E1CC1A40000005E36300000"	"\Divisions\PD\Line Hailey\BD_Efforts\IEC_LADWP_Lidar"
"000000009598E9A20E04F041B38518182890A2D5010012225CC57BF01F4EA8CCA87A792FF35F0000D26A59860000"	"\Divisions\PD\Line Hailey\BD_Efforts\ITC"
"000000009598E9A20E04F041B38518182890A2D50100A3DF33FCC9BD1644BD14FCA330AA978500001C86E0DB0000"	"\Divisions\PD\Line Hailey\BD_Efforts\Juwi Wind\BnH Wind I"
"000000009598E9A20E04F041B38518182890A2D5010012225CC57BF01F4EA8CCA87A792FF35F00008C32359C0000"	"\Divisions\PD\Line Hailey\BD_Efforts\KETRACO\2016\400_220 kV System"
"000000009598E9A20E04F041B38518182890A2D5010012225CC57BF01F4EA8CCA87A792FF35F0000F7DBADEE0000"	"\Divisions\PD\Line Hailey\BD_Efforts\Lamifil\2017"
"000000009598E9A20E04F041B38518182890A2D5010012225CC57BF01F4EA8CCA87A792FF35F0001DF3308CF0000"	"\Divisions\PD\Line Hailey\BD_Efforts\LATIN AMERICA\Brazil\2018\IDB Thor"
"000000009598E9A20E04F041B38518182890A2D50100A3DF33FCC9BD1644BD14FCA330AA978500002BC7EF350000"	"\Divisions\PD\Line Hailey\BD_Efforts\LATIN AMERICA\Central America\Costa Rica\ICE\01 General"
"000000009598E9A20E04F041B38518182890A2D50100A3DF33FCC9BD1644BD14FCA330AA978500002BC7BB0E0000"	"\Divisions\PD\Line Hailey\BD_Efforts\LATIN AMERICA\Central America\Costa Rica\ICE\2016"
"000000009598E9A20E04F041B38518182890A2D5010012225CC57BF01F4EA8CCA87A792FF35F0001504E7A1E0000"	"\Divisions\PD\Line Hailey\BD_Efforts\LATIN AMERICA\Central America\Costa Rica\ICE\2017\Construction Support"
"000000009598E9A20E04F041B38518182890A2D5010012225CC57BF01F4EA8CCA87A792FF35F00016AA4C3960000"	"\Divisions\PD\Line Hailey\BD_Efforts\LATIN AMERICA\Central America\Costa Rica\ICE\2018\Reactive Compensation"
"000000009598E9A20E04F041B38518182890A2D50100A3DF33FCC9BD1644BD14FCA330AA978500002BC85AC20000"	"\Divisions\PD\Line Hailey\BD_Efforts\LATIN AMERICA\Central America\Costa Rica\ICE\Old Projects\2015\Needs Assessment"
"000000009598E9A20E04F041B38518182890A2D50100A3DF33FCC9BD1644BD14FCA330AA978500002BC89D450000"	"\Divisions\PD\Line Hailey\BD_Efforts\LATIN AMERICA\Central America\Costa Rica\ICE\Old Projects\Garita"
"000000009598E9A20E04F041B38518182890A2D50100A3DF33FCC9BD1644BD14FCA330AA978500002BC8F0280000"	"\Divisions\PD\Line Hailey\BD_Efforts\LATIN AMERICA\Central America\Costa Rica\ICE\Old Projects\New Technologies"
"000000009598E9A20E04F041B38518182890A2D50100A3DF33FCC9BD1644BD14FCA330AA978500002BC8057E0000"	"\Divisions\PD\Line Hailey\BD_Efforts\LATIN AMERICA\Central America\Costa Rica\ICE\Opiniones"
"000000009598E9A20E04F041B38518182890A2D50100A3DF33FCC9BD1644BD14FCA330AA978500002BC752890000"	"\Divisions\PD\Line Hailey\BD_Efforts\LATIN AMERICA\Central America\Costa Rica\XPERTEC\Projects\Potential Projects"
"000000009598E9A20E04F041B38518182890A2D50100A3DF33FCC9BD1644BD14FCA330AA978500002BCAD2B80000"	"\Divisions\PD\Line Hailey\BD_Efforts\LATIN AMERICA\Central America\EPR\2016\Wind study"
"000000009598E9A20E04F041B38518182890A2D50100A3DF33FCC9BD1644BD14FCA330AA978500002D55CA240000"	"\Divisions\PD\Line Hailey\BD_Efforts\LATIN AMERICA\Central America\Panama\ETESA\2016\Chiriqui Grande III"
"000000009598E9A20E04F041B38518182890A2D50100A3DF33FCC9BD1644BD14FCA330AA978500002C0D95FA0000"	"\Divisions\PD\Line Hailey\BD_Efforts\LATIN AMERICA\Central America\REDCA\01 General"
"000000009598E9A20E04F041B38518182890A2D50100A3DF33FCC9BD1644BD14FCA330AA978500002B6292A60000"	"\Divisions\PD\Line Hailey\BD_Efforts\LATIN AMERICA\Chile\Transelec\01 General\GSA_Project Contract"
"000000009598E9A20E04F041B38518182890A2D5010012225CC57BF01F4EA8CCA87A792FF35F0000BEBBD47A0000"	"\Divisions\PD\Line Hailey\BD_Efforts\LATIN AMERICA\Chile\Transelec\2017\Substation Seismic Design"
"000000009598E9A20E04F041B38518182890A2D50100A3DF33FCC9BD1644BD14FCA330AA978500002BC698C80000"	"\Divisions\PD\Line Hailey\BD_Efforts\LATIN AMERICA\Colombia\ISA\2016"
"000000009598E9A20E04F041B38518182890A2D50100A3DF33FCC9BD1644BD14FCA330AA978500002BC5EDD20000"	"\Divisions\PD\Line Hailey\BD_Efforts\LATIN AMERICA\Mexico\CFE\2016"
"000000009598E9A20E04F041B38518182890A2D50100A3DF33FCC9BD1644BD14FCA330AA978500002CA3E1BF0000"	"\Divisions\PD\Line Hailey\BD_Efforts\LATIN AMERICA\Mexico\Think Forward Power"
"000000009598E9A20E04F041B38518182890A2D50100A3DF33FCC9BD1644BD14FCA330AA978500002BC6F2650000"	"\Divisions\PD\Line Hailey\BD_Efforts\LATIN AMERICA\Quanta International\01 General"
"000000009598E9A20E04F041B38518182890A2D50100A3DF33FCC9BD1644BD14FCA330AA9785000019C2F1970000"	"\Divisions\PD\Line Hailey\BD_Efforts\LCRA\June 2013 138 kV Upgrade"
"000000009598E9A20E04F041B38518182890A2D50100A3DF33FCC9BD1644BD14FCA330AA9785000025EE0A500000"	"\Divisions\PD\Line Hailey\BD_Efforts\Matrix NAC\2015\SunEdison"
"000000009598E9A20E04F041B38518182890A2D501001953B16A689BCD4AA8FC82955DB27CB100000118E2390000"	"\Divisions\PD\Line Hailey\BD_Efforts\Michels\Heartland"
"000000009598E9A20E04F041B38518182890A2D5010012225CC57BF01F4EA8CCA87A792FF35F00021D59BD320000"	"\Divisions\PD\Line Hailey\BD_Efforts\Minnesota Power\2018"
"000000009598E9A20E04F041B38518182890A2D50100A3DF33FCC9BD1644BD14FCA330AA978500001D8E3A560000"	"\Divisions\PD\Line Hailey\BD_Efforts\MWH"
"000000009598E9A20E04F041B38518182890A2D501001953B16A689BCD4AA8FC82955DB27CB10000013AAF8F0000"	"\Divisions\PD\Line Hailey\BD_Efforts\NextEra\NEXTera-Quad Cities Express"
"000000009598E9A20E04F041B38518182890A2D50100A3DF33FCC9BD1644BD14FCA330AA9785000021924FB50000"	"\Divisions\PD\Line Hailey\BD_Efforts\Norden_AVAL\GIS"
"000000009598E9A20E04F041B38518182890A2D50100A3DF33FCC9BD1644BD14FCA330AA97850000187DBE8F0000"	"\Divisions\PD\Line Hailey\BD_Efforts\NTPC_Northwest Territories Power Corp\Yellowknife River Crossing"
"000000009598E9A20E04F041B38518182890A2D50100A3DF33FCC9BD1644BD14FCA330AA97850000200E08F60000"	"\Divisions\PD\Line Hailey\BD_Efforts\Okanogan County Electric Co-Operative\General"
"000000009598E9A20E04F041B38518182890A2D5010012225CC57BF01F4EA8CCA87A792FF35F000200BFC83A0000"	"\Divisions\PD\Line Hailey\BD_Efforts\PacifiCorp\2018\Grass Creek P360 Portal"
"000000009598E9A20E04F041B38518182890A2D5010012225CC57BF01F4EA8CCA87A792FF35F0000D26A597E0000"	"\Divisions\PD\Line Hailey\BD_Efforts\Pattern Energy\2017"
"000000009598E9A20E04F041B38518182890A2D50100A3DF33FCC9BD1644BD14FCA330AA978500002B4F67C20000"	"\Divisions\PD\Line Hailey\BD_Efforts\PHI_PEPCO Holdings"
"000000009598E9A20E04F041B38518182890A2D501001953B16A689BCD4AA8FC82955DB27CB1000001E051FA0000"	"\Divisions\PD\Line Hailey\BD_Efforts\Powertel"
"000000009598E9A20E04F041B38518182890A2D50100A3DF33FCC9BD1644BD14FCA330AA97850000212608EC0000"	"\Divisions\PD\Line Hailey\BD_Efforts\Powertel\2015\Dryden to Pickle Lake"
"000000009598E9A20E04F041B38518182890A2D5010012225CC57BF01F4EA8CCA87A792FF35F00019443EB550000"	"\Divisions\PD\Line Hailey\BD_Efforts\Project Spokane\2018\Missoula Krypto Mining Substation"
"000000009598E9A20E04F041B38518182890A2D50100A3DF33FCC9BD1644BD14FCA330AA978500002B8331AB0000"	"\Divisions\PD\Line Hailey\BD_Efforts\Recurrent\2016\ROW Matrix"
"000000009598E9A20E04F041B38518182890A2D50100A3DF33FCC9BD1644BD14FCA330AA97850000174351230000"	"\Divisions\PD\Line Hailey\BD_Efforts\RES"
"000000009598E9A20E04F041B38518182890A2D50100A3DF33FCC9BD1644BD14FCA330AA97850000285521050000"	"\Divisions\PD\Line Hailey\BD_Efforts\Rock Creek Hydro\General"
"000000009598E9A20E04F041B38518182890A2D50100A3DF33FCC9BD1644BD14FCA330AA978500001DE0BDC80000"	"\Divisions\PD\Line Hailey\BD_Efforts\RS Technologies\2014\PE Stamp California"
"000000009598E9A20E04F041B38518182890A2D5010012225CC57BF01F4EA8CCA87A792FF35F0000AC8758BD0000"	"\Divisions\PD\Line Hailey\BD_Efforts\RTA-Rio Tinto Alcan\2017"
"000000009598E9A20E04F041B38518182890A2D5010012225CC57BF01F4EA8CCA87A792FF35F00018BFC69AF0000"	"\Divisions\PD\Line Hailey\BD_Efforts\SanMiguelPA\2018\Ouray-Silverton"
"000000009598E9A20E04F041B38518182890A2D5010012225CC57BF01F4EA8CCA87A792FF35F00010FCB09C70000"	"\Divisions\PD\Line Hailey\BD_Efforts\SaskPower\2017\QEPS Governor Controls Upgrade"
"000000009598E9A20E04F041B38518182890A2D50100A3DF33FCC9BD1644BD14FCA330AA9785000026B1CF980000"	"\Divisions\PD\Line Hailey\BD_Efforts\SCE\General"
"000000009598E9A20E04F041B38518182890A2D50100A3DF33FCC9BD1644BD14FCA330AA97850000171D2BA60000"	"\Divisions\PD\Line Hailey\BD_Efforts\Seattle City Light\Denny Sustation"
"000000009598E9A20E04F041B38518182890A2D5010012225CC57BF01F4EA8CCA87A792FF35F000049C4B1440000"	"\Divisions\PD\Line Hailey\BD_Efforts\Smartwires\2016\T5_Router Bypass"
"000000009598E9A20E04F041B38518182890A2D50100A3DF33FCC9BD1644BD14FCA330AA978500002ABC760F0000"	"\Divisions\PD\Line Hailey\BD_Efforts\SoCore Energy"
"000000009598E9A20E04F041B38518182890A2D50100A3DF33FCC9BD1644BD14FCA330AA97850000167C31480000"	"\Divisions\PD\Line Hailey\BD_Efforts\SSVEC_69 kV\Mortenson-Bonita"
"000000009598E9A20E04F041B38518182890A2D501001953B16A689BCD4AA8FC82955DB27CB10000011FEB690000"	"\Divisions\PD\Line Hailey\BD_Efforts\Surprise Valley\Cost Estimate 115 kV"
"000000009598E9A20E04F041B38518182890A2D5010012225CC57BF01F4EA8CCA87A792FF35F00006818D6BF0000"	"\Divisions\PD\Line Hailey\BD_Efforts\Terna"
"000000009598E9A20E04F041B38518182890A2D5010012225CC57BF01F4EA8CCA87A792FF35F000148E6122A0000"	"\Divisions\PD\Line Hailey\BD_Efforts\Terra_Gen\2017\High Prairie - Ameren Interconnect"
"000000009598E9A20E04F041B38518182890A2D50100A3DF33FCC9BD1644BD14FCA330AA978500002214F3BF0000"	"\Divisions\PD\Line Hailey\BD_Efforts\Tetra Tech\General"
"000000009598E9A20E04F041B38518182890A2D50100A3DF33FCC9BD1644BD14FCA330AA97850000201297350000"	"\Divisions\PD\Line Hailey\BD_Efforts\Transource\2014\PJM_03_1Q 2015"
"000000009598E9A20E04F041B38518182890A2D5010012225CC57BF01F4EA8CCA87A792FF35F0000C5E55C8B0000"	"\Divisions\PD\Line Hailey\BD_Efforts\USTDA"
"000000009598E9A20E04F041B38518182890A2D50100A3DF33FCC9BD1644BD14FCA330AA9785000027207C550000"	"\Divisions\PD\Line Hailey\BD_Efforts\Vattenfall\General"
"000000009598E9A20E04F041B38518182890A2D5010012225CC57BF01F4EA8CCA87A792FF35F000183C9C0950000"	"\Divisions\PD\Line Hailey\BD_Efforts\Wataynikaneyap\2018"
"000000009598E9A20E04F041B38518182890A2D5010012225CC57BF01F4EA8CCA87A792FF35F000262142F7B0000"	"\Divisions\PD\Line Hailey\BD_Efforts\Wheeler Electric\2019\Raghorn 138 kV_Subs"
"000000009598E9A20E04F041B38518182890A2D50100A3DF33FCC9BD1644BD14FCA330AA9785000015B11DAE0000"	"\Divisions\PD\Line Hailey\BD_Efforts\Xcel Energy"
"000000009598E9A20E04F041B38518182890A2D50100572FF007A7D6B64CA96E5CFE8E1CC1A4000000105F8C0000"	"\Divisions\PD\Line Hailey\CLIENT_STDS_GENERAL"
"000000009598E9A20E04F041B38518182890A2D50100572FF007A7D6B64CA96E5CFE8E1CC1A40000005AC4390000"	"\Divisions\PD\Line Hailey\CLIENT_STDS_GENERAL\brazos-general\Cottonwood_Sub"
"000000009598E9A20E04F041B38518182890A2D501001296C725372D7F4B86B758A22EA3141B00000000A2780000"	"\Divisions\PD\Line Hailey\CLIENT_STDS_GENERAL\Oncor General"
"000000009598E9A20E04F041B38518182890A2D50100572FF007A7D6B64CA96E5CFE8E1CC1A40000001CC7460000"	"\Divisions\PD\Line Hailey\HWE-Simpson Ridge"
"000000009598E9A20E04F041B38518182890A2D50100A3DF33FCC9BD1644BD14FCA330AA978500001B1D26BD0000"	"\Divisions\PD\Line Hailey\Line Kansas City\122589 PEF-ALTAMONTE DSCADA PREP"
"000000009598E9A20E04F041B38518182890A2D50100A3DF33FCC9BD1644BD14FCA330AA978500001B1D26EA0000"	"\Divisions\PD\Line Hailey\Line Kansas City\127133 SO11103 McPhee/MNR SCADA"
"000000009598E9A20E04F041B38518182890A2D50100A3DF33FCC9BD1644BD14FCA330AA9785000018C9B2200000"	"\Divisions\PD\Line Hailey\Restored_Emails (Recovered)\105931-HELCO"
"000000009598E9A20E04F041B38518182890A2D50100A3DF33FCC9BD1644BD14FCA330AA9785000023107EC70000"	"\Divisions\PD\Line Hamilton\134174"
"000000009598E9A20E04F041B38518182890A2D50100A3DF33FCC9BD1644BD14FCA330AA978500002BC55E320000"	"\Divisions\PD\Line Hamilton\141731"
"000000009598E9A20E04F041B38518182890A2D5010012225CC57BF01F4EA8CCA87A792FF35F0000E19463E60000"	"\Divisions\PD\Line Hamilton\146984"
"000000009598E9A20E04F041B38518182890A2D5010012225CC57BF01F4EA8CCA87A792FF35F000213840FF40000"	"\Divisions\PD\Line Hamilton\153706"
"000000009598E9A20E04F041B38518182890A2D50100E34BFE500669CD49AC2E27C6C54DE39D0000000FB92E0000"	"\Divisions\PD\Line Houston\00-Closed Projects (remove by 11/09)\113056 Brazos"
"000000009598E9A20E04F041B38518182890A2D50100E34BFE500669CD49AC2E27C6C54DE39D0000003B833D0000"	"\Divisions\PD\Line Houston\00-Proposals_BD\122147_Oceanic_Consultants"
"000000009598E9A20E04F041B38518182890A2D50100E34BFE500669CD49AC2E27C6C54DE39D0000000AFD5D0000"	"\Divisions\PD\Line Houston\107391 Alaskan Way Via Duct\00 UPLOADED TO DMS or PWC\00 Meeting Minutes\009-042"
"000000009598E9A20E04F041B38518182890A2D50100E34BFE500669CD49AC2E27C6C54DE39D0000000AFD6C0000"	"\Divisions\PD\Line Houston\107391 Alaskan Way Via Duct\00 UPLOADED TO DMS or PWC\00 Meeting Minutes\AWV-098"
"000000009598E9A20E04F041B38518182890A2D50100E34BFE500669CD49AC2E27C6C54DE39D0000000AFD710000"	"\Divisions\PD\Line Houston\107391 Alaskan Way Via Duct\00 UPLOADED TO DMS or PWC\AWV-003 thru AWV-050"
"000000009598E9A20E04F041B38518182890A2D50100E34BFE500669CD49AC2E27C6C54DE39D0000000AFD840000"	"\Divisions\PD\Line Houston\107391 Alaskan Way Via Duct\00 UPLOADED TO DMS or PWC\AWV-003 thru AWV-050\AWV-043 WSBC Task Order BU-1"
"000000009598E9A20E04F041B38518182890A2D50100E34BFE500669CD49AC2E27C6C54DE39D0000000D591B0000"	"\Divisions\PD\Line Houston\107391 Alaskan Way Via Duct\00 UPLOADED TO DMS or PWC\AWV-050 thruy AWV-100\AWV-066"
"000000009598E9A20E04F041B38518182890A2D50100E34BFE500669CD49AC2E27C6C54DE39D0000000D59340000"	"\Divisions\PD\Line Houston\107391 Alaskan Way Via Duct\00 UPLOADED TO DMS or PWC\J_Joy_POWER_05-21-07"
"000000009598E9A20E04F041B38518182890A2D50100E34BFE500669CD49AC2E27C6C54DE39D0000003149960000"	"\Divisions\PD\Line Houston\120543_Blythe_Backup Service"
"000000009598E9A20E04F041B38518182890A2D50100A3DF33FCC9BD1644BD14FCA330AA978500001FD1E35B0000"	"\Divisions\PD\Line Houston\136223_AEP_Sciotoville_WO#"
"000000009598E9A20E04F041B38518182890A2D50100E34BFE500669CD49AC2E27C6C54DE39D0000000D59950000"	"\Divisions\PD\Line Houston\SEATTLE GROUP PROJECTS"
"000000009598E9A20E04F041B38518182890A2D50100A3DF33FCC9BD1644BD14FCA330AA97850000177508700000"	"\Divisions\PD\Line Kansas City\KC OOF"
"000000009598E9A20E04F041B38518182890A2D50100A3DF33FCC9BD1644BD14FCA330AA978500001B0080950000"	"\Divisions\PD\Line Orlando\131657-FPL-PRT EVERGLADES A-FRAME"
"000000009598E9A20E04F041B38518182890A2D50100A3DF33FCC9BD1644BD14FCA330AA978500001EEC12990000"	"\Divisions\PD\Line Orlando\135520-FPL-FT MYERS SUB PULL OFF STRUCTURE ANALYSIS"
"000000009598E9A20E04F041B38518182890A2D50100A3DF33FCC9BD1644BD14FCA330AA97850000200055090000"	"\Divisions\PD\Line Orlando\136286-FPL-T12835 CEDAR HYPOLUXO"
"000000009598E9A20E04F041B38518182890A2D50100A3DF33FCC9BD1644BD14FCA330AA97850000254E9DFE0000"	"\Divisions\PD\Line Orlando\139620-FPL-FIBERNET C-RAN ANYS 4 STRU"
"000000009598E9A20E04F041B38518182890A2D50100A3DF33FCC9BD1644BD14FCA330AA978500002A3DE9410000"	"\Divisions\PD\Line Orlando\141751-FPL-STR 118C11 HYPOLUXO"
"000000009598E9A20E04F041B38518182890A2D5010012225CC57BF01F4EA8CCA87A792FF35F000049C4B1520000"	"\Divisions\PD\Line Orlando\144409-DEF-EUSTIS-DONA VISTA 69KV"
"000000009598E9A20E04F041B38518182890A2D50100A3DF33FCC9BD1644BD14FCA330AA978500001B3625380000"	"\Divisions\PD\Line Portland\129839 - Oncor Cedar Hill Mtn Creek"
"000000009598E9A20E04F041B38518182890A2D50100A3DF33FCC9BD1644BD14FCA330AA978500001F18BB1E0000"	"\Divisions\PD\Line Portland\134633 - Oncor Eagle Mt-Wagley Robertson"
"000000009598E9A20E04F041B38518182890A2D50100A3DF33FCC9BD1644BD14FCA330AA9785000027DFC73C0000"	"\Divisions\PD\Line Portland\140906 - PPL Tower Models"
"000000009598E9A20E04F041B38518182890A2D5010012225CC57BF01F4EA8CCA87A792FF35F00009F6B9FDA0000"	"\Divisions\PD\Line Portland\145911 - Oncor Northaven-Preston Road N 138kV"
"000000009598E9A20E04F041B38518182890A2D5010012225CC57BF01F4EA8CCA87A792FF35F0001826BBEA10000"	"\Divisions\PD\Line Portland\151258 - AEP Airline Bus Tie 1"
"000000009598E9A20E04F041B38518182890A2D5010012225CC57BF01F4EA8CCA87A792FF35F0002ECB605370000"	"\Divisions\PD\Line Portland\159951 - ONCOR Las Colina-Norwood"
"000000009598E9A20E04F041B38518182890A2D50100A3DF33FCC9BD1644BD14FCA330AA978500001CC041DD0000"	"\Divisions\PD\Line San Diego\133273 Coastal Comm"
"000000009598E9A20E04F041B38518182890A2D5010012225CC57BF01F4EA8CCA87A792FF35F000374DB913C0000"	"\Divisions\PD\Line San Diego\155330 - Aliso H-Frame"
"000000009598E9A20E04F041B38518182890A2D50100A3DF33FCC9BD1644BD14FCA330AA978500001729456D0000"	"\Divisions\PD\Line Syracuse"
"000000009598E9A20E04F041B38518182890A2D5010012225CC57BF01F4EA8CCA87A792FF35F000158408A8A0000"	"\Divisions\PD\Line Syracuse\_PPL HOLD\148234 PPL SEG 3B-SHICKSHINNY LINE RETERM"
"000000009598E9A20E04F041B38518182890A2D50100572FF007A7D6B64CA96E5CFE8E1CC1A40000001292270000"	"\Divisions\PD\North Attleboro Project Site\00_DMS Upload"
"000000009598E9A20E04F041B38518182890A2D50100572FF007A7D6B64CA96E5CFE8E1CC1A400000014C0B60000"	"\Divisions\PD\North Attleboro Project Site\AIR's\Closed AIR's\0065"
"000000009598E9A20E04F041B38518182890A2D50100572FF007A7D6B64CA96E5CFE8E1CC1A40000001397E00000"	"\Divisions\PD\North Attleboro Project Site\AIR's\Open AIR's\0070"
"000000009598E9A20E04F041B38518182890A2D50100A3DF33FCC9BD1644BD14FCA330AA978500001CD077DA0000"	"\Divisions\PD\North Attleboro Project Site\Line Syracuse\132404 AEP-George St So Lynch 40436"
"000000009598E9A20E04F041B38518182890A2D50100E34BFE500669CD49AC2E27C6C54DE39D0000003DC13D0000"	"\Divisions\PD\North Attleboro Project Site\Projects\113516-New 345KV Line W.Farnum-Kent\DD-CM-01\Foundation"
"000000009598E9A20E04F041B38518182890A2D50100572FF007A7D6B64CA96E5CFE8E1CC1A400000012924A0000"	"\Divisions\PD\North Attleboro Project Site\Projects\113840-NEEWS - Project Management"
"000000009598E9A20E04F041B38518182890A2D50100A3DF33FCC9BD1644BD14FCA330AA97850000177187C70000"	"\Divisions\PD\North Attleboro Project Site\Projects\127780-SHERMAN RD SCADA IMPLEMENTATION"
"000000009598E9A20E04F041B38518182890A2D5010012225CC57BF01F4EA8CCA87A792FF35F0000EEC9691D0000"	"\Divisions\PD\Out of Office – Kansas City Calendar"
"000000009598E9A20E04F041B38518182890A2D501001296C725372D7F4B86B758A22EA3141B0000007829E50000"	"\Divisions\PD\PCI Sacramento\00-DMS Upload"
"000000009598E9A20E04F041B38518182890A2D50100A3DF33FCC9BD1644BD14FCA330AA978500001C9775850000"	"\Divisions\PD\PCI Sacramento\00-DMS Upload\Ameren - NERC Program\RFIs"
"000000009598E9A20E04F041B38518182890A2D501006C95E27D1ACA634AA1AADC20796388DD000000D241FA0000"	"\Divisions\PD\PCI Sacramento\117132 TMPA-CREZ\Photos"
"000000009598E9A20E04F041B38518182890A2D50100A3DF33FCC9BD1644BD14FCA330AA978500000E8625AC0000"	"\Divisions\PD\PCI Sacramento\117291 NPPD345KV AXTELL-KANSAS LINE\Axtell-Kansas\Safety"
"000000009598E9A20E04F041B38518182890A2D501001953B16A689BCD4AA8FC82955DB27CB1000001CEC65A0000"	"\Divisions\PD\PCI Sacramento\121690 ON Line Project\All Inspector Reports\Clipping In Reports"
"000000009598E9A20E04F041B38518182890A2D501001953B16A689BCD4AA8FC82955DB27CB1000001CEC62D0000"	"\Divisions\PD\PCI Sacramento\121690 ON Line Project\All Inspector Reports\Lattice Shake Down"
"000000009598E9A20E04F041B38518182890A2D501001953B16A689BCD4AA8FC82955DB27CB1000001CEC6430000"	"\Divisions\PD\PCI Sacramento\121690 ON Line Project\All Inspector Reports\Stub Angle"
"000000009598E9A20E04F041B38518182890A2D50100A3DF33FCC9BD1644BD14FCA330AA978500001766F6350000"	"\Divisions\PD\PCI Sacramento\121821 CENT LINCOLN RELIABLTY PROJECT"
"000000009598E9A20E04F041B38518182890A2D50100A3DF33FCC9BD1644BD14FCA330AA978500001876DD550000"	"\Divisions\PD\PCI Sacramento\128158 HAY LAKE SERIES CAP RELOCATE"
"000000009598E9A20E04F041B38518182890A2D50100A3DF33FCC9BD1644BD14FCA330AA978500001C97724D0000"	"\Divisions\PD\PCI Sacramento\132259 MO Program Management\001\Engineering"
"000000009598E9A20E04F041B38518182890A2D50100A3DF33FCC9BD1644BD14FCA330AA978500001C9772970000"	"\Divisions\PD\PCI Sacramento\132259 MO Program Management\002\Engineering Inspection"
"000000009598E9A20E04F041B38518182890A2D50100A3DF33FCC9BD1644BD14FCA330AA978500001C97753E0000"	"\Divisions\PD\PCI Sacramento\132259 MO Program Management\007\Environmental"
"000000009598E9A20E04F041B38518182890A2D50100A3DF33FCC9BD1644BD14FCA330AA978500001C9773B00000"	"\Divisions\PD\PCI Sacramento\132259 MO Program Management\010\Financial"
"000000009598E9A20E04F041B38518182890A2D50100A3DF33FCC9BD1644BD14FCA330AA978500001C97740B0000"	"\Divisions\PD\PCI Sacramento\132259 MO Program Management\011\Materials"
"000000009598E9A20E04F041B38518182890A2D50100A3DF33FCC9BD1644BD14FCA330AA978500001C9774530000"	"\Divisions\PD\PCI Sacramento\132259 MO Program Management\012\Meeting Items"
"000000009598E9A20E04F041B38518182890A2D50100A3DF33FCC9BD1644BD14FCA330AA978500001C9774A10000"	"\Divisions\PD\PCI Sacramento\132259 MO Program Management\030\Misc"
"000000009598E9A20E04F041B38518182890A2D50100A3DF33FCC9BD1644BD14FCA330AA978500001C9772F00000"	"\Divisions\PD\PCI Sacramento\132259 MO Program Management\040\Real Estate"
"000000009598E9A20E04F041B38518182890A2D50100A3DF33FCC9BD1644BD14FCA330AA978500001C9773200000"	"\Divisions\PD\PCI Sacramento\132259 MO Program Management\060\RFIs"
"000000009598E9A20E04F041B38518182890A2D50100A3DF33FCC9BD1644BD14FCA330AA978500001C97734F0000"	"\Divisions\PD\PCI Sacramento\132259 MO Program Management\080\Safety"
"000000009598E9A20E04F041B38518182890A2D50100A3DF33FCC9BD1644BD14FCA330AA978500001C97737E0000"	"\Divisions\PD\PCI Sacramento\132259 MO Program Management\090\Schedule"
"000000009598E9A20E04F041B38518182890A2D50100A3DF33FCC9BD1644BD14FCA330AA978500001C976A370000"	"\Divisions\PD\PCI Sacramento\132260 IL Program Management Support\001\Schedule"
"000000009598E9A20E04F041B38518182890A2D50100A3DF33FCC9BD1644BD14FCA330AA978500001C976A840000"	"\Divisions\PD\PCI Sacramento\132260 IL Program Management Support\002\Scope"
"000000009598E9A20E04F041B38518182890A2D50100A3DF33FCC9BD1644BD14FCA330AA978500001C9769F10000"	"\Divisions\PD\PCI Sacramento\132260 IL Program Management Support\003\TRANSMITTALS"
"000000009598E9A20E04F041B38518182890A2D50100A3DF33FCC9BD1644BD14FCA330AA978500001C976ABA0000"	"\Divisions\PD\PCI Sacramento\132260 IL Program Management Support\005"
"000000009598E9A20E04F041B38518182890A2D50100A3DF33FCC9BD1644BD14FCA330AA978500001C976AE90000"	"\Divisions\PD\PCI Sacramento\132260 IL Program Management Support\006\Engineering"
"000000009598E9A20E04F041B38518182890A2D50100A3DF33FCC9BD1644BD14FCA330AA978500001C976B190000"	"\Divisions\PD\PCI Sacramento\132260 IL Program Management Support\007\Engineering Inspection"
"000000009598E9A20E04F041B38518182890A2D50100A3DF33FCC9BD1644BD14FCA330AA978500001C976B480000"	"\Divisions\PD\PCI Sacramento\132260 IL Program Management Support\008\Environmental"
"000000009598E9A20E04F041B38518182890A2D50100A3DF33FCC9BD1644BD14FCA330AA978500001C976BF10000"	"\Divisions\PD\PCI Sacramento\132260 IL Program Management Support\009\Financial"
"000000009598E9A20E04F041B38518182890A2D50100A3DF33FCC9BD1644BD14FCA330AA978500001C976C210000"	"\Divisions\PD\PCI Sacramento\132260 IL Program Management Support\010\Materials"
"000000009598E9A20E04F041B38518182890A2D50100A3DF33FCC9BD1644BD14FCA330AA978500001C976C500000"	"\Divisions\PD\PCI Sacramento\132260 IL Program Management Support\011\Meeting Items"
"000000009598E9A20E04F041B38518182890A2D50100A3DF33FCC9BD1644BD14FCA330AA978500001C976C7F0000"	"\Divisions\PD\PCI Sacramento\132260 IL Program Management Support\012\Misc"
"000000009598E9A20E04F041B38518182890A2D50100A3DF33FCC9BD1644BD14FCA330AA978500001C976CAF0000"	"\Divisions\PD\PCI Sacramento\132260 IL Program Management Support\013\Real Estate"
"000000009598E9A20E04F041B38518182890A2D50100A3DF33FCC9BD1644BD14FCA330AA978500001C976CDE0000"	"\Divisions\PD\PCI Sacramento\132260 IL Program Management Support\014\RFIs"
"000000009598E9A20E04F041B38518182890A2D50100A3DF33FCC9BD1644BD14FCA330AA978500001C976D0E0000"	"\Divisions\PD\PCI Sacramento\132260 IL Program Management Support\015\Safety"
"000000009598E9A20E04F041B38518182890A2D50100A3DF33FCC9BD1644BD14FCA330AA978500001C976D3E0000"	"\Divisions\PD\PCI Sacramento\132260 IL Program Management Support\016\Schedule"
"000000009598E9A20E04F041B38518182890A2D50100A3DF33FCC9BD1644BD14FCA330AA978500001C976D700000"	"\Divisions\PD\PCI Sacramento\132260 IL Program Management Support\017\Scope"
"000000009598E9A20E04F041B38518182890A2D50100A3DF33FCC9BD1644BD14FCA330AA978500001C976D9F0000"	"\Divisions\PD\PCI Sacramento\132260 IL Program Management Support\019\TRANSMITTALS"
"000000009598E9A20E04F041B38518182890A2D50100A3DF33FCC9BD1644BD14FCA330AA978500001C976E800000"	"\Divisions\PD\PCI Sacramento\132260 IL Program Management Support\021"
"000000009598E9A20E04F041B38518182890A2D50100A3DF33FCC9BD1644BD14FCA330AA978500001C976EB70000"	"\Divisions\PD\PCI Sacramento\132260 IL Program Management Support\022\Engineering"
"000000009598E9A20E04F041B38518182890A2D50100A3DF33FCC9BD1644BD14FCA330AA978500001C976EE90000"	"\Divisions\PD\PCI Sacramento\132260 IL Program Management Support\023\Engineering Inspection"
"000000009598E9A20E04F041B38518182890A2D50100A3DF33FCC9BD1644BD14FCA330AA978500001C976F180000"	"\Divisions\PD\PCI Sacramento\132260 IL Program Management Support\024\Environmental"
"000000009598E9A20E04F041B38518182890A2D50100A3DF33FCC9BD1644BD14FCA330AA978500001C976F470000"	"\Divisions\PD\PCI Sacramento\132260 IL Program Management Support\025\Financial"
"000000009598E9A20E04F041B38518182890A2D50100A3DF33FCC9BD1644BD14FCA330AA978500001C976F760000"	"\Divisions\PD\PCI Sacramento\132260 IL Program Management Support\026\Materials"
"000000009598E9A20E04F041B38518182890A2D50100A3DF33FCC9BD1644BD14FCA330AA978500001C976FA60000"	"\Divisions\PD\PCI Sacramento\132260 IL Program Management Support\027\Meeting Items"
"000000009598E9A20E04F041B38518182890A2D50100A3DF33FCC9BD1644BD14FCA330AA978500001C976FD50000"	"\Divisions\PD\PCI Sacramento\132260 IL Program Management Support\028\Misc"
"000000009598E9A20E04F041B38518182890A2D50100A3DF33FCC9BD1644BD14FCA330AA978500001C9770150000"	"\Divisions\PD\PCI Sacramento\132260 IL Program Management Support\030\Real Estate"
"000000009598E9A20E04F041B38518182890A2D50100A3DF33FCC9BD1644BD14FCA330AA978500001C9770440000"	"\Divisions\PD\PCI Sacramento\132260 IL Program Management Support\031\RFIs"
"000000009598E9A20E04F041B38518182890A2D50100A3DF33FCC9BD1644BD14FCA330AA978500001C9770740000"	"\Divisions\PD\PCI Sacramento\132260 IL Program Management Support\032\Safety"
"000000009598E9A20E04F041B38518182890A2D50100A3DF33FCC9BD1644BD14FCA330AA978500001C9770A30000"	"\Divisions\PD\PCI Sacramento\132260 IL Program Management Support\033\Schedule"
"000000009598E9A20E04F041B38518182890A2D50100A3DF33FCC9BD1644BD14FCA330AA978500001C9770D20000"	"\Divisions\PD\PCI Sacramento\132260 IL Program Management Support\034\Scope"
"000000009598E9A20E04F041B38518182890A2D50100A3DF33FCC9BD1644BD14FCA330AA978500001C9771010000"	"\Divisions\PD\PCI Sacramento\132260 IL Program Management Support\035\TRANSMITTALS"
"000000009598E9A20E04F041B38518182890A2D50100A3DF33FCC9BD1644BD14FCA330AA978500001D5A61BD0000"	"\Divisions\PD\PCI Sacramento\132260 IL Program Management Support\037"
"000000009598E9A20E04F041B38518182890A2D50100A3DF33FCC9BD1644BD14FCA330AA978500001D5A62280000"	"\Divisions\PD\PCI Sacramento\132260 IL Program Management Support\038\Engineering"
"000000009598E9A20E04F041B38518182890A2D50100A3DF33FCC9BD1644BD14FCA330AA978500001D5A625B0000"	"\Divisions\PD\PCI Sacramento\132260 IL Program Management Support\039\Engineering Inspection"
"000000009598E9A20E04F041B38518182890A2D50100A3DF33FCC9BD1644BD14FCA330AA978500001D5A62AE0000"	"\Divisions\PD\PCI Sacramento\132260 IL Program Management Support\040\Environmental"
"000000009598E9A20E04F041B38518182890A2D50100A3DF33FCC9BD1644BD14FCA330AA978500001D5A63B40000"	"\Divisions\PD\PCI Sacramento\132260 IL Program Management Support\041\Financial"
"000000009598E9A20E04F041B38518182890A2D50100A3DF33FCC9BD1644BD14FCA330AA978500001D0C40480000"	"\Divisions\PD\PCI Sacramento\133433 RS-SPEARVILLED 115kV SUBST"
"000000009598E9A20E04F041B38518182890A2D50100A3DF33FCC9BD1644BD14FCA330AA978500002482961D0000"	"\Divisions\PD\PCI Sacramento\139414 SW MS RELIAB ENGG SUPP D&C"
"000000009598E9A20E04F041B38518182890A2D5010012225CC57BF01F4EA8CCA87A792FF35F0000E56D538E0000"	"\Divisions\PD\PCI Sacramento\147085 - PGE BL LK GRSHM INSPECTION"
"000000009598E9A20E04F041B38518182890A2D50100E34BFE500669CD49AC2E27C6C54DE39D00000018EF2D0000"	"\Divisions\PD\PCI Sacramento\Houston Projects"
"000000009598E9A20E04F041B38518182890A2D50100A3DF33FCC9BD1644BD14FCA330AA9785000016F0BB190000"	"\Divisions\PD\PDS Group Phoenix\00 DMS Upload"
"000000009598E9A20E04F041B38518182890A2D50100A3DF33FCC9BD1644BD14FCA330AA9785000016200AB60000"	"\Divisions\PD\PDS Group Phoenix\124955 ECP Xmsn Prj Develop Support"
"000000009598E9A20E04F041B38518182890A2D50100A3DF33FCC9BD1644BD14FCA330AA97850000162001240000"	"\Divisions\PD\PDS Group Phoenix\124982 TEP RMR"
"000000009598E9A20E04F041B38518182890A2D50100A3DF33FCC9BD1644BD14FCA330AA978500001B17E4E70000"	"\Divisions\PD\PDS Group Phoenix\124987 TEP UNS Mohave Couty RMR\Mohave\2012\pf"
"000000009598E9A20E04F041B38518182890A2D50100A3DF33FCC9BD1644BD14FCA330AA978500001B22119E0000"	"\Divisions\PD\PDS Group Phoenix\124988 TEP UNS Kingman Wind II\WESTERN WIND - Steel Park[16w+4s]\SIS I\Study Plan"
"000000009598E9A20E04F041B38518182890A2D50100A3DF33FCC9BD1644BD14FCA330AA97850000161FF3A30000"	"\Divisions\PD\PDS Group Phoenix\125722 C&VL Xmsn Planning AZ Land"
"000000009598E9A20E04F041B38518182890A2D50100A3DF33FCC9BD1644BD14FCA330AA978500001754943F0000"	"\Divisions\PD\PDS Group Phoenix\127198 ED2 SIS"
"000000009598E9A20E04F041B38518182890A2D50100A3DF33FCC9BD1644BD14FCA330AA9785000017D93FCB0000"	"\Divisions\PD\PDS Group Phoenix\128111 APS SOL Interaction Study"
"000000009598E9A20E04F041B38518182890A2D50100A3DF33FCC9BD1644BD14FCA330AA9785000019CCC3820000"	"\Divisions\PD\PDS Group Phoenix\130578 MODL Supp Prop Yabucoa Solar"
"000000009598E9A20E04F041B38518182890A2D50100A3DF33FCC9BD1644BD14FCA330AA978500001B3B64DC0000"	"\Divisions\PD\PDS Group Phoenix\131971 TC Arizona Site Dev Feas Study"
"000000009598E9A20E04F041B38518182890A2D50100A3DF33FCC9BD1644BD14FCA330AA978500001C83C0280000"	"\Divisions\PD\PDS Group Phoenix\133092 McKinley 2nd XFMR SIS"
"000000009598E9A20E04F041B38518182890A2D50100A3DF33FCC9BD1644BD14FCA330AA978500001D88E32C0000"	"\Divisions\PD\PDS Group Phoenix\133887 Ocotillo Pre-Cec App Stdy Scpe"
"000000009598E9A20E04F041B38518182890A2D5010012225CC57BF01F4EA8CCA87A792FF35F0005A40E55EC0000"	"\Divisions\PD\PM Distribution-(174)"
"000000009598E9A20E04F041B38518182890A2D5010012225CC57BF01F4EA8CCA87A792FF35F00053876817B0000"	"\Divisions\PD\PM Group\169043_T27394_Dade-Airport 138kV Reconductor\Substation"
"000000009598E9A20E04F041B38518182890A2D501001296C725372D7F4B86B758A22EA3141B0000000150C30000"	"\Divisions\PD\Project Control"
"000000009598E9A20E04F041B38518182890A2D50100A3DF33FCC9BD1644BD14FCA330AA9785000026ABF8180000"	"\Divisions\PD\Project Control\100428\U-Haul"
"000000009598E9A20E04F041B38518182890A2D501006C95E27D1ACA634AA1AADC20796388DD00000049C57B0000"	"\Divisions\PD\Project Control\111890- SEH Bigfoot II Phase III"
"000000009598E9A20E04F041B38518182890A2D501006C95E27D1ACA634AA1AADC20796388DD0000004D96720000"	"\Divisions\PD\Project Control\112485- Catenary Installation\Westlund"
"000000009598E9A20E04F041B38518182890A2D501006C95E27D1ACA634AA1AADC20796388DD00000049C58A0000"	"\Divisions\PD\Project Control\113157- Mountain Wind I SCADA Int"
"000000009598E9A20E04F041B38518182890A2D501006C95E27D1ACA634AA1AADC20796388DD00000099CCEC0000"	"\Divisions\PD\Project Control\113487 - Kent County 1 - National Grid\HD Supply"
"000000009598E9A20E04F041B38518182890A2D501006C95E27D1ACA634AA1AADC20796388DD000000A7C3500000"	"\Divisions\PD\Project Control\113487 - Kent County 2 - National Grid\Birmingham Control Systems - Panels"
"000000009598E9A20E04F041B38518182890A2D50100CB7D9B6512D7374A860FE542D57703920000010EA5B20000"	"\Divisions\PD\Project Control\113487 - Kent County 2 - National Grid\SEL"
"000000009598E9A20E04F041B38518182890A2D501006C95E27D1ACA634AA1AADC20796388DD00000049C5960000"	"\Divisions\PD\Project Control\113898- SEH Well #7"
"000000009598E9A20E04F041B38518182890A2D501006C95E27D1ACA634AA1AADC20796388DD0000005FE5B20000"	"\Divisions\PD\Project Control\114277 - Copper Verde Substation"
"000000009598E9A20E04F041B38518182890A2D501006C95E27D1ACA634AA1AADC20796388DD0000006598870000"	"\Divisions\PD\Project Control\115069 - High Lonesome\GarrettCom"
"000000009598E9A20E04F041B38518182890A2D501006C95E27D1ACA634AA1AADC20796388DD00000064FE820000"	"\Divisions\PD\Project Control\115446 - Scolari Roaster Rebuild - Starbucks\CV Technology"
"000000009598E9A20E04F041B38518182890A2D501006C95E27D1ACA634AA1AADC20796388DD0000007027610000"	"\Divisions\PD\Project Control\116621 - KRP Scolari Roaster Eng Supp - Starbucks"
"000000009598E9A20E04F041B38518182890A2D501006C95E27D1ACA634AA1AADC20796388DD000000ACDFC60000"	"\Divisions\PD\Project Control\117573 - Nextera / Blythe Energy Center"
"000000009598E9A20E04F041B38518182890A2D501006C95E27D1ACA634AA1AADC20796388DD000000B10F330000"	"\Divisions\PD\Project Control\117587 - Midwest Ogallah Switchyard\Trench"
"000000009598E9A20E04F041B38518182890A2D501006C95E27D1ACA634AA1AADC20796388DD000000E21FB80000"	"\Divisions\PD\Project Control\118857"
"000000009598E9A20E04F041B38518182890A2D501006C95E27D1ACA634AA1AADC20796388DD000000A129D80000"	"\Divisions\PD\Project Control\119745 - GTI Algae"
"000000009598E9A20E04F041B38518182890A2D501006C95E27D1ACA634AA1AADC20796388DD000000AFD9070000"	"\Divisions\PD\Project Control\120139 - Dept. of the Navy"
"000000009598E9A20E04F041B38518182890A2D501001953B16A689BCD4AA8FC82955DB27CB100000106CC2F0000"	"\Divisions\PD\Project Control\121264 - Nikiski Substation\SEL"
"000000009598E9A20E04F041B38518182890A2D501001953B16A689BCD4AA8FC82955DB27CB10000013BF1900000"	"\Divisions\PD\Project Control\121659 - SEPC / SPP NTC Phase One & Planning\Hot Parts"
"000000009598E9A20E04F041B38518182890A2D501006C95E27D1ACA634AA1AADC20796388DD000000F321170000"	"\Divisions\PD\Project Control\121660 - Clipper Shooting Star\CCVT's"
"000000009598E9A20E04F041B38518182890A2D501006C95E27D1ACA634AA1AADC20796388DD000000F390D90000"	"\Divisions\PD\Project Control\121660 - Clipper Shooting Star\Southern States - Disconnect Switches"
"000000009598E9A20E04F041B38518182890A2D50100CB7D9B6512D7374A860FE542D57703920000011F31870000"	"\Divisions\PD\Project Control\122977 - Nutbush"
"000000009598E9A20E04F041B38518182890A2D501001953B16A689BCD4AA8FC82955DB27CB1000000D204810000"	"\Divisions\PD\Project Control\123097 - DSCADA / Progress Energy\Nut & Bolt, Inc."
"000000009598E9A20E04F041B38518182890A2D50100CB7D9B6512D7374A860FE542D57703920000012E09EE0000"	"\Divisions\PD\Project Control\123451 - St. John Substation / SEPC\Alstom Grid - PT's"
"000000009598E9A20E04F041B38518182890A2D501001953B16A689BCD4AA8FC82955DB27CB10000015026B40000"	"\Divisions\PD\Project Control\123708 - Prichard Sub"
"000000009598E9A20E04F041B38518182890A2D501001953B16A689BCD4AA8FC82955DB27CB1000001799B510000"	"\Divisions\PD\Project Control\124256 - Barber Sub.\Alstom Grid - PT's"
"000000009598E9A20E04F041B38518182890A2D50100A3DF33FCC9BD1644BD14FCA330AA9785000017206ECE0000"	"\Divisions\PD\Project Control\124256 - Barber Sub.\Pinnacle Steel"
"000000009598E9A20E04F041B38518182890A2D50100A3DF33FCC9BD1644BD14FCA330AA978500001DB74E990000"	"\Divisions\PD\Project Control\124354 - RR to Barber Eng\RFP's\PAR Electrical"
"000000009598E9A20E04F041B38518182890A2D50100A3DF33FCC9BD1644BD14FCA330AA97850000173AC1340000"	"\Divisions\PD\Project Control\125583 - Cimarron Substation\Geotech"
"000000009598E9A20E04F041B38518182890A2D50100A3DF33FCC9BD1644BD14FCA330AA978500001987018E0000"	"\Divisions\PD\Project Control\125583 - Cimarron Substation\ReLab - SCADA Software"
"000000009598E9A20E04F041B38518182890A2D50100A3DF33FCC9BD1644BD14FCA330AA978500001958E9DE0000"	"\Divisions\PD\Project Control\125583 - Cimarron Substation\RFQ - Shrouds"
"000000009598E9A20E04F041B38518182890A2D50100A3DF33FCC9BD1644BD14FCA330AA9785000017FE2B640000"	"\Divisions\PD\Project Control\125583 - Cimarron Substation\Subcontractor RFQ's\Grading"
"000000009598E9A20E04F041B38518182890A2D50100A3DF33FCC9BD1644BD14FCA330AA9785000017FE350C0000"	"\Divisions\PD\Project Control\126373 - Harper Sub.\RFQ - Disconnect Switches"
"000000009598E9A20E04F041B38518182890A2D50100A3DF33FCC9BD1644BD14FCA330AA978500001CC1ABE60000"	"\Divisions\PD\Project Control\126376 - Harper to Flat Ridge\Earth Contact Products"
"000000009598E9A20E04F041B38518182890A2D50100A3DF33FCC9BD1644BD14FCA330AA978500001993AFFE0000"	"\Divisions\PD\Project Control\127103 - SDG&E Metering Cabinet"
"000000009598E9A20E04F041B38518182890A2D50100A3DF33FCC9BD1644BD14FCA330AA9785000018E1A8910000"	"\Divisions\PD\Project Control\128070 - Macho Springs Solar\CCVT\Alstom Grid"
"000000009598E9A20E04F041B38518182890A2D50100A3DF33FCC9BD1644BD14FCA330AA9785000018DE71810000"	"\Divisions\PD\Project Control\128070 - Macho Springs Solar\Disconnect Switches\PASCOR"
"000000009598E9A20E04F041B38518182890A2D50100A3DF33FCC9BD1644BD14FCA330AA978500001A2022FB0000"	"\Divisions\PD\Project Control\129730 - Sweetwater 1 RTU Replacement"
"000000009598E9A20E04F041B38518182890A2D50100A3DF33FCC9BD1644BD14FCA330AA978500001B1844BC0000"	"\Divisions\PD\Project Control\129781 - River Road\Pinnacle Steel - Steel Structures"
"000000009598E9A20E04F041B38518182890A2D50100A3DF33FCC9BD1644BD14FCA330AA978500001CC0E7950000"	"\Divisions\PD\Project Control\129781 - River Road\Travis Pattern"
"000000009598E9A20E04F041B38518182890A2D50100A3DF33FCC9BD1644BD14FCA330AA978500001DD26C880000"	"\Divisions\PD\Project Control\130766 - CRS PH2\RFQ's\500 kcmil Cable\KC Utility"
"000000009598E9A20E04F041B38518182890A2D50100A3DF33FCC9BD1644BD14FCA330AA978500001AB86FDD0000"	"\Divisions\PD\Project Control\131197 - E. On Climate & Renewables"
"000000009598E9A20E04F041B38518182890A2D50100A3DF33FCC9BD1644BD14FCA330AA978500001CDCDD8E0000"	"\Divisions\PD\Project Control\132085 - East Hall Sub.\Kriz Davis - Surge Arresters"
"000000009598E9A20E04F041B38518182890A2D50100A3DF33FCC9BD1644BD14FCA330AA978500001C0E8FC90000"	"\Divisions\PD\Project Control\132085 - East Hall Sub.\RFQ's\Circuit Switcher"
"000000009598E9A20E04F041B38518182890A2D50100A3DF33FCC9BD1644BD14FCA330AA978500001CD82BAB0000"	"\Divisions\PD\Project Control\132085 - East Hall Sub.\RFQ's\Relays"
"000000009598E9A20E04F041B38518182890A2D50100A3DF33FCC9BD1644BD14FCA330AA978500001CC0AFFC0000"	"\Divisions\PD\Project Control\132085 - East Hall Sub.\Southern States - Disconnect Switch"
"000000009598E9A20E04F041B38518182890A2D50100A3DF33FCC9BD1644BD14FCA330AA978500001DC588B00000"	"\Divisions\PD\Project Control\133317 - RS Shooflys & Lines\Pruitt Electric - Power to Trailer"
"000000009598E9A20E04F041B38518182890A2D50100A3DF33FCC9BD1644BD14FCA330AA978500001DE3A6270000"	"\Divisions\PD\Project Control\133317 - RS Shooflys & Lines\Service Direct Group - Porta Potty"
"000000009598E9A20E04F041B38518182890A2D50100A3DF33FCC9BD1644BD14FCA330AA978500001DCEA1FB0000"	"\Divisions\PD\Project Control\133430 - North Fort Dodge\PASCOR - Disc Switches, 115kV"
"000000009598E9A20E04F041B38518182890A2D50100A3DF33FCC9BD1644BD14FCA330AA978500001DABCCE10000"	"\Divisions\PD\Project Control\133430 - North Fort Dodge\RFQ's\CCVT\Alstom Grid"
"000000009598E9A20E04F041B38518182890A2D50100A3DF33FCC9BD1644BD14FCA330AA978500001DBA33FA0000"	"\Divisions\PD\Project Control\133430 - North Fort Dodge\RFQ's\Disconnect Switches, 115kV\Line Trap, 115kV"
"000000009598E9A20E04F041B38518182890A2D50100A3DF33FCC9BD1644BD14FCA330AA978500001DB3C7600000"	"\Divisions\PD\Project Control\133430 - North Fort Dodge\RFQ's\Surge Arresters, 76kV\Kriz Davis"
"000000009598E9A20E04F041B38518182890A2D50100A3DF33FCC9BD1644BD14FCA330AA978500001D8B6C090000"	"\Divisions\PD\Project Control\133432 - Spearville Substation\ABB - SSVT, 115kV"
"000000009598E9A20E04F041B38518182890A2D50100A3DF33FCC9BD1644BD14FCA330AA9785000027B67CDA0000"	"\Divisions\PD\Project Control\133432 - Spearville Substation\Ray Omo - HVAC Re-Installation"
"000000009598E9A20E04F041B38518182890A2D50100A3DF33FCC9BD1644BD14FCA330AA978500001DCFCB980000"	"\Divisions\PD\Project Control\133432 - Spearville Substation\RFQ's"
"000000009598E9A20E04F041B38518182890A2D50100A3DF33FCC9BD1644BD14FCA330AA978500001EB60B3F0000"	"\Divisions\PD\Project Control\133432 - Spearville Substation\RFQ's\Relay and Control Panels"
"000000009598E9A20E04F041B38518182890A2D50100A3DF33FCC9BD1644BD14FCA330AA978500001EEB8B760000"	"\Divisions\PD\Project Control\133432 - Spearville Substation\Westwood Professional Services"
"000000009598E9A20E04F041B38518182890A2D50100A3DF33FCC9BD1644BD14FCA330AA978500001DB744340000"	"\Divisions\PD\Project Control\133548 - RS-NFD to Spearville 115kV\RFQ's\115kV T-Line\Quotes\HD Supply"
"000000009598E9A20E04F041B38518182890A2D50100A3DF33FCC9BD1644BD14FCA330AA978500001DE4DA210000"	"\Divisions\PD\Project Control\134710 - Cimarron River Sub PH2\Dis-Tran - Steel Pole Structures"
"000000009598E9A20E04F041B38518182890A2D50100A3DF33FCC9BD1644BD14FCA330AA978500001EEBCBA90000"	"\Divisions\PD\Project Control\134710 - Cimarron River Sub PH2\HD Supply - Multi-Conductor Control Cable"
"000000009598E9A20E04F041B38518182890A2D50100A3DF33FCC9BD1644BD14FCA330AA97850000206FB1DE0000"	"\Divisions\PD\Project Control\134710 - Cimarron River Sub PH2\RFP's\RFQ's"
"000000009598E9A20E04F041B38518182890A2D50100A3DF33FCC9BD1644BD14FCA330AA9785000020D829FC0000"	"\Divisions\PD\Project Control\134710 - Cimarron River Sub PH2\RFP's\Substation Construction\2015 Scope\Interstate Electrical"
"000000009598E9A20E04F041B38518182890A2D50100A3DF33FCC9BD1644BD14FCA330AA978500001E2FA9EF0000"	"\Divisions\PD\Project Control\134710 - Cimarron River Sub PH2\RFQ's\500kcmil Cable\WUE"
"000000009598E9A20E04F041B38518182890A2D50100A3DF33FCC9BD1644BD14FCA330AA978500001F2B16A80000"	"\Divisions\PD\Project Control\134710 - Cimarron River Sub PH2\RFQ's\CLR Terminations\Graybar"
"000000009598E9A20E04F041B38518182890A2D50100A3DF33FCC9BD1644BD14FCA330AA978500001DF2E4CB0000"	"\Divisions\PD\Project Control\134710 - Cimarron River Sub PH2\RFQ's\Insulators"
"000000009598E9A20E04F041B38518182890A2D50100A3DF33FCC9BD1644BD14FCA330AA978500001E66971C0000"	"\Divisions\PD\Project Control\134710 - Cimarron River Sub PH2\RFQ's\Misc Substation Materials\Wesco"
"000000009598E9A20E04F041B38518182890A2D50100A3DF33FCC9BD1644BD14FCA330AA978500001EC09D790000"	"\Divisions\PD\Project Control\134710 - Cimarron River Sub PH2\RFQ's\OH Line Hardware and Conductor\Kriz Davis"
"000000009598E9A20E04F041B38518182890A2D50100A3DF33FCC9BD1644BD14FCA330AA978500001F11F1910000"	"\Divisions\PD\Project Control\134710 - Cimarron River Sub PH2\RFQ's\SCADA & Control\Loose Parts - ALTERNATES\WUE"
"000000009598E9A20E04F041B38518182890A2D50100A3DF33FCC9BD1644BD14FCA330AA978500001DE8E9680000"	"\Divisions\PD\Project Control\134710 - Cimarron River Sub PH2\RFQ's\UG Cable"
"000000009598E9A20E04F041B38518182890A2D50100A3DF33FCC9BD1644BD14FCA330AA9785000025DD69860000"	"\Divisions\PD\Project Control\135673 - High Point Substation\ABB - SSVT"
"000000009598E9A20E04F041B38518182890A2D50100A3DF33FCC9BD1644BD14FCA330AA97850000253795990000"	"\Divisions\PD\Project Control\135673 - High Point Substation\RFP's"
"000000009598E9A20E04F041B38518182890A2D50100A3DF33FCC9BD1644BD14FCA330AA978500002537959F0000"	"\Divisions\PD\Project Control\135673 - High Point Substation\RFQ's\CCVT, 115kV"
"000000009598E9A20E04F041B38518182890A2D50100A3DF33FCC9BD1644BD14FCA330AA978500002598F7120000"	"\Divisions\PD\Project Control\135673 - High Point Substation\RFQ's\Control Building\Trachte"
"000000009598E9A20E04F041B38518182890A2D50100A3DF33FCC9BD1644BD14FCA330AA978500002857F3400000"	"\Divisions\PD\Project Control\135673 - High Point Substation\RFQ's\Miscellaneous Material\Misc Materials\Kriz Davis"
"000000009598E9A20E04F041B38518182890A2D50100A3DF33FCC9BD1644BD14FCA330AA9785000026A4EF090000"	"\Divisions\PD\Project Control\135673 - High Point Substation\RFQ's\Surge Arresters\WUE"
"000000009598E9A20E04F041B38518182890A2D50100F3BCE3A574023B4482F2E427B5A3121800004D8F90010000"	"\Divisions\PD\Project Control\136778 - 2015 Oncor Project Controls Scheduling"
"000000009598E9A20E04F041B38518182890A2D50100F3BCE3A574023B4482F2E427B5A3121800004EB984620000"	"\Divisions\PD\Project Control\140907\Kriz Davis - Relays"
"000000009598E9A20E04F041B38518182890A2D5010012225CC57BF01F4EA8CCA87A792FF35F00024EA61BA60000"	"\Divisions\PD\Project Control\155693 - Oncor 2019 PC Support"
"000000009598E9A20E04F041B38518182890A2D501006C95E27D1ACA634AA1AADC20796388DD00000023BCC20000"	"\Divisions\PD\Project Control\Contacts\Vendors -Tranmission"
"000000009598E9A20E04F041B38518182890A2D5010012225CC57BF01F4EA8CCA87A792FF35F00000C4525C40000"	"\Divisions\PD\Project Management Boise\141527_PECL Design"
"000000009598E9A20E04F041B38518182890A2D5010012225CC57BF01F4EA8CCA87A792FF35F00000C4525EC0000"	"\Divisions\PD\Project Management Boise\141527_PECL Design\SUR"
"000000009598E9A20E04F041B38518182890A2D5010012225CC57BF01F4EA8CCA87A792FF35F00003452E6900000"	"\Divisions\PD\Project Management Boise\142892_PECL Project Management\SFTY"
"000000009598E9A20E04F041B38518182890A2D5010012225CC57BF01F4EA8CCA87A792FF35F00004480C33C0000"	"\Divisions\PD\Project Management Boise\144130_PECL Stations\ROW"
"000000009598E9A20E04F041B38518182890A2D5010012225CC57BF01F4EA8CCA87A792FF35F00007E79BFE40000"	"\Divisions\PD\Project Management Boise\Aaron Boston\132155 PSE Eastside\Lightning"
"000000009598E9A20E04F041B38518182890A2D50100A3DF33FCC9BD1644BD14FCA330AA9785000027AF1F0E0000"	"\Divisions\PD\Project Management Boise\Aaron Boston\140252 Arapahoe PP"
"000000009598E9A20E04F041B38518182890A2D50100A3DF33FCC9BD1644BD14FCA330AA9785000023982FE20000"	"\Divisions\PD\Project Management Boise\Aaron Boston\Xcel Monthly Status Rpts"
"000000009598E9A20E04F041B38518182890A2D501006C95E27D1ACA634AA1AADC20796388DD0000006E29B40000"	"\Divisions\PD\Project Management Boise\John Oglevie\113203    SPUR ADD TERMNL PVID 27158"
"000000009598E9A20E04F041B38518182890A2D501006C95E27D1ACA634AA1AADC20796388DD00000096780D0000"	"\Divisions\PD\Project Management Boise\John Oglevie\113730    BEARTOWN INST 69MVARCAP"
"000000009598E9A20E04F041B38518182890A2D501006C95E27D1ACA634AA1AADC20796388DD0000006E29A50000"	"\Divisions\PD\Project Management Boise\John Oglevie\114017    HARLINGEN SW ST FERC T"
"000000009598E9A20E04F041B38518182890A2D501006C95E27D1ACA634AA1AADC20796388DD0000006E299F0000"	"\Divisions\PD\Project Management Boise\John Oglevie\114370    NORTH FREMONT RPLC MVAR"
"000000009598E9A20E04F041B38518182890A2D501006C95E27D1ACA634AA1AADC20796388DD0000009458E30000"	"\Divisions\PD\Project Management Boise\John Oglevie\114614    POINT LICK SS NEW 138 TAP"
"000000009598E9A20E04F041B38518182890A2D501006C95E27D1ACA634AA1AADC20796388DD0000006E29970000"	"\Divisions\PD\Project Management Boise\John Oglevie\115006    WELSH- TEXARKANA"
"000000009598E9A20E04F041B38518182890A2D501006C95E27D1ACA634AA1AADC20796388DD00000094AD320000"	"\Divisions\PD\Project Management Boise\John Oglevie\115841    TRANSWEST EXPRESS OWNERS ENG"
"000000009598E9A20E04F041B38518182890A2D501006C95E27D1ACA634AA1AADC20796388DD000000A7C3460000"	"\Divisions\PD\Project Management Boise\John Oglevie\119023    RAGLAND (AP) STATION PROJ"
"000000009598E9A20E04F041B38518182890A2D50100A3DF33FCC9BD1644BD14FCA330AA978500001A0725600000"	"\Divisions\PD\Project Management Boise\John Oglevie\119108    SAN JACINTO Pre-2011\119108_m"
"000000009598E9A20E04F041B38518182890A2D501006C95E27D1ACA634AA1AADC20796388DD000000E38DCB0000"	"\Divisions\PD\Project Management Boise\John Oglevie\121899    UVALDE UPGRADE"
"000000009598E9A20E04F041B38518182890A2D50100CB7D9B6512D7374A860FE542D57703920000011615BA0000"	"\Divisions\PD\Project Management Boise\John Oglevie\122781   CORRIDOR ADD 345KV"
"000000009598E9A20E04F041B38518182890A2D50100CB7D9B6512D7374A860FE542D577039200000111D36B0000"	"\Divisions\PD\Project Management Boise\John Oglevie\KYSER"
"000000009598E9A20E04F041B38518182890A2D50100572FF007A7D6B64CA96E5CFE8E1CC1A40000004813470000"	"\Divisions\PD\Project Management Hailey\001 DMS Upload"
"000000009598E9A20E04F041B38518182890A2D50100572FF007A7D6B64CA96E5CFE8E1CC1A400000060B0D00000"	"\Divisions\PD\Project Management Hailey\122049 LIDAR & CIRCUIT PLS CADD MODEL"
"000000009598E9A20E04F041B38518182890A2D50100A3DF33FCC9BD1644BD14FCA330AA978500000EC30EC60000"	"\Divisions\PD\Project Management Hailey\123841_ALTA_Infill_Project\CHM"
"000000009598E9A20E04F041B38518182890A2D50100A3DF33FCC9BD1644BD14FCA330AA978500000E7F60C30000"	"\Divisions\PD\Project Management Hailey\124186 OE Energy Gateway South\00 Project Management\04 Cost Control\Budget\Invoicing\Status Letters"
"000000009598E9A20E04F041B38518182890A2D50100A3DF33FCC9BD1644BD14FCA330AA978500000E7F7FD00000"	"\Divisions\PD\Project Management Hailey\124186 OE Energy Gateway South\00 Project Management\07 Project Manager\Contract\CIW"
"000000009598E9A20E04F041B38518182890A2D50100A3DF33FCC9BD1644BD14FCA330AA9785000016DA903B0000"	"\Divisions\PD\Project Management Hailey\124186 OE Energy Gateway South\01 Preliminary Tech Requirements\01 T-Line\02 Tower Development\ODIR_Duplicate_Items"
"000000009598E9A20E04F041B38518182890A2D50100A3DF33FCC9BD1644BD14FCA330AA978500000E7EE44F0000"	"\Divisions\PD\Project Management Hailey\124186 OE Energy Gateway South\01 Preliminary Tech Requirements\01 T-Line\15 Route Alts Cost Estimates"
"000000009598E9A20E04F041B38518182890A2D501001953B16A689BCD4AA8FC82955DB27CB1000001E1E3950000"	"\Divisions\PD\Project Management Hailey\124186 OE Energy Gateway South\03 Permitting Process Support"
"000000009598E9A20E04F041B38518182890A2D501001953B16A689BCD4AA8FC82955DB27CB1000001F131BC0000"	"\Divisions\PD\Project Management Hailey\124186 OE Energy Gateway South\05 ROW and ROE Support\01 Aerial Survey"
"000000009598E9A20E04F041B38518182890A2D501001953B16A689BCD4AA8FC82955DB27CB1000001F131B90000"	"\Divisions\PD\Project Management Hailey\124186 OE Energy Gateway South\06 EPC RFP Package Support\04 Develop EPC RFP Technical Spec, Exhibit A"
"000000009598E9A20E04F041B38518182890A2D50100A3DF33FCC9BD1644BD14FCA330AA978500001755A0320000"	"\Divisions\PD\Project Management Hailey\127374 GE Windstream Prelim"
"000000009598E9A20E04F041B38518182890A2D50100A3DF33FCC9BD1644BD14FCA330AA978500001CDC94CC0000"	"\Divisions\PD\Project Management Hailey\131935 Ft McMurray West"
"000000009598E9A20E04F041B38518182890A2D50100A3DF33FCC9BD1644BD14FCA330AA97850000239312F00000"	"\Divisions\PD\Project Management Hailey\138959 Alamosa PV"
"000000009598E9A20E04F041B38518182890A2D50100A3DF33FCC9BD1644BD14FCA330AA97850000271BD1D50000"	"\Divisions\PD\Project Management Hailey\140506 - VOYAGER OE"
"000000009598E9A20E04F041B38518182890A2D5010012225CC57BF01F4EA8CCA87A792FF35F00011D8C7A4F0000"	"\Divisions\PD\Project Management Hailey\148784 Pac Gateway_TWE Coord"
"000000009598E9A20E04F041B38518182890A2D50100A3DF33FCC9BD1644BD14FCA330AA978500001DB11E500000"	"\Divisions\PD\Project Management Hailey\KMP_TLBU\Subject Matter Teams"
"000000009598E9A20E04F041B38518182890A2D50100A3DF33FCC9BD1644BD14FCA330AA97850000239EC7BC0000"	"\Divisions\PD\Project Management Hailey\Spower"
"000000009598E9A20E04F041B38518182890A2D50100A3DF33FCC9BD1644BD14FCA330AA978500001877C6A90000"	"\Divisions\PD\Project Management Hailey\VEA\002 Project Closed\127035_Vista - Pahrump_230kV Line\dups"
"000000009598E9A20E04F041B38518182890A2D50100A3DF33FCC9BD1644BD14FCA330AA97850000177127910000"	"\Divisions\PD\Project Management Hailey\VEA\002 Project Closed\127786_Hidden Hills Support"
"000000009598E9A20E04F041B38518182890A2D50100A3DF33FCC9BD1644BD14FCA330AA97850000193F69A40000"	"\Divisions\PD\Project Management Hailey\VEA\129372_Vista Substation Projects"
"000000009598E9A20E04F041B38518182890A2D50100E34BFE500669CD49AC2E27C6C54DE39D0000001B9A7F0000"	"\Divisions\PD\Project Management St. Louis\112260 LS Power GSA\02-01 Imperial Vly TLINE Est"
"000000009598E9A20E04F041B38518182890A2D5010012225CC57BF01F4EA8CCA87A792FF35F00015333EE690000"	"\Divisions\PD\Project Management St. Louis\PTE Houston\114672_CenterPoint"
"000000009598E9A20E04F041B38518182890A2D5010012225CC57BF01F4EA8CCA87A792FF35F0006876CD51F0000"	"\Divisions\PD\Project Services\Xcel PMA Team Calendar"
"000000009598E9A20E04F041B38518182890A2D501006C95E27D1ACA634AA1AADC20796388DD000000CA40590000"	"\Divisions\PD\PTE\Anaheim/SD Projects\121101 REYES TEST CALA CAMP PENDLETON"
"000000009598E9A20E04F041B38518182890A2D501006C95E27D1ACA634AA1AADC20796388DD000000D2413C0000"	"\Divisions\PD\PTE\Anaheim/SD Projects\121345 SATURN ELEC UCSD REVELLE 11/09"
"000000009598E9A20E04F041B38518182890A2D501006C95E27D1ACA634AA1AADC20796388DD000000E285F70000"	"\Divisions\PD\PTE\Anaheim/SD Projects\121861 WILLIAMS T & Stdy Laughlin WRF"
"000000009598E9A20E04F041B38518182890A2D501006C95E27D1ACA634AA1AADC20796388DD000000F4638E0000"	"\Divisions\PD\PTE\Anaheim/SD Projects\122508 Converse Grnd Rod Jelick ES"
"000000009598E9A20E04F041B38518182890A2D50100CB7D9B6512D7374A860FE542D57703920000011B08290000"	"\Divisions\PD\PTE\Anaheim/SD Projects\122907 Rock Elec Stdy MCAS Miramar"
"000000009598E9A20E04F041B38518182890A2D50100CB7D9B6512D7374A860FE542D57703920000012955720000"	"\Divisions\PD\PTE\Anaheim/SD Projects\123370 H&S College Canyon Pwr Mon"
"000000009598E9A20E04F041B38518182890A2D50100CB7D9B6512D7374A860FE542D57703920000011996FC0000"	"\Divisions\PD\PTE\Anaheim/SD Projects\123665 UCSD Jacobs Med Cent Mak Ready"
"000000009598E9A20E04F041B38518182890A2D501001953B16A689BCD4AA8FC82955DB27CB1000000F3430B0000"	"\Divisions\PD\PTE\Anaheim/SD Projects\123831 Ace: Miramar College Area F"
"000000009598E9A20E04F041B38518182890A2D501001953B16A689BCD4AA8FC82955DB27CB100000135B9AB0000"	"\Divisions\PD\PTE\Anaheim/SD Projects\124110 (SOLAR) PARTIAL DISCHARGE "
"000000009598E9A20E04F041B38518182890A2D501001953B16A689BCD4AA8FC82955DB27CB100000165B4AE0000"	"\Divisions\PD\PTE\Anaheim/SD Projects\124332 (CHULA) EBC CHILLER REP "
"000000009598E9A20E04F041B38518182890A2D501001953B16A689BCD4AA8FC82955DB27CB1000001799BF40000"	"\Divisions\PD\PTE\Anaheim/SD Projects\124503 IMPERIAL IRRIGATION DIST UNIT "
"000000009598E9A20E04F041B38518182890A2D501001953B16A689BCD4AA8FC82955DB27CB1000001CCB99E0000"	"\Divisions\PD\PTE\Anaheim/SD Projects\124665 UCSD SIO VAUGHN HALL "
"000000009598E9A20E04F041B38518182890A2D501001953B16A689BCD4AA8FC82955DB27CB1000001D8199D0000"	"\Divisions\PD\PTE\Anaheim/SD Projects\124824 (COAST) CERRITOS COLLEGE "
"000000009598E9A20E04F041B38518182890A2D501001953B16A689BCD4AA8FC82955DB27CB1000001F3C69B0000"	"\Divisions\PD\PTE\Anaheim/SD Projects\125121 (NEAL) DEXCOM "
"000000009598E9A20E04F041B38518182890A2D50100A3DF33FCC9BD1644BD14FCA330AA9785000016C7E56E0000"	"\Divisions\PD\PTE\Anaheim/SD Projects\125892 CSI Olinda "
"000000009598E9A20E04F041B38518182890A2D50100A3DF33FCC9BD1644BD14FCA330AA97850000175E45A10000"	"\Divisions\PD\PTE\Anaheim/SD Projects\126375 Snowden CSUSB Fuel Cell (SAS)"
"000000009598E9A20E04F041B38518182890A2D50100A3DF33FCC9BD1644BD14FCA330AA97850000175F74FC0000"	"\Divisions\PD\PTE\Anaheim/SD Projects\126852 Clark/McCarthy Naval Hosp"
"000000009598E9A20E04F041B38518182890A2D50100A3DF33FCC9BD1644BD14FCA330AA97850000179099BB0000"	"\Divisions\PD\PTE\Anaheim/SD Projects\127083 (SAS) Halcyon Elec Lake Forest"
"000000009598E9A20E04F041B38518182890A2D50100A3DF33FCC9BD1644BD14FCA330AA9785000017919A230000"	"\Divisions\PD\PTE\Anaheim/SD Projects\127252 UCSD Hillcrest 3HSB"
"000000009598E9A20E04F041B38518182890A2D50100A3DF33FCC9BD1644BD14FCA330AA978500001768D5A70000"	"\Divisions\PD\PTE\Anaheim/SD Projects\127507 Internap Data Center"
"000000009598E9A20E04F041B38518182890A2D50100A3DF33FCC9BD1644BD14FCA330AA97850000176F75860000"	"\Divisions\PD\PTE\Anaheim/SD Projects\127759 HS Compressor Service"
"000000009598E9A20E04F041B38518182890A2D50100A3DF33FCC9BD1644BD14FCA330AA97850000177C7B970000"	"\Divisions\PD\PTE\Anaheim/SD Projects\127951 San Diego Int'l Airport Rec. Dist. Centr"
"000000009598E9A20E04F041B38518182890A2D50100A3DF33FCC9BD1644BD14FCA330AA9785000017FB60A10000"	"\Divisions\PD\PTE\Anaheim/SD Projects\128167 John Adams MS"
"000000009598E9A20E04F041B38518182890A2D50100A3DF33FCC9BD1644BD14FCA330AA978500001806B9F10000"	"\Divisions\PD\PTE\Anaheim/SD Projects\128349 Kearny Properties"
"000000009598E9A20E04F041B38518182890A2D50100A3DF33FCC9BD1644BD14FCA330AA9785000018979D4F0000"	"\Divisions\PD\PTE\Anaheim/SD Projects\128613 UCSD Bio Med XHHW"
"000000009598E9A20E04F041B38518182890A2D50100A3DF33FCC9BD1644BD14FCA330AA9785000018AD93B70000"	"\Divisions\PD\PTE\Anaheim/SD Projects\128875 Cushman Wakefield GFI Test"
"000000009598E9A20E04F041B38518182890A2D50100A3DF33FCC9BD1644BD14FCA330AA9785000018C7E7810000"	"\Divisions\PD\PTE\Anaheim/SD Projects\129000 Helix HS Modernization"
"000000009598E9A20E04F041B38518182890A2D50100A3DF33FCC9BD1644BD14FCA330AA97850000191FC2AB0000"	"\Divisions\PD\PTE\Anaheim/SD Projects\129226 Joseph Jensen WTP"
"000000009598E9A20E04F041B38518182890A2D50100A3DF33FCC9BD1644BD14FCA330AA978500001972F0A90000"	"\Divisions\PD\PTE\Anaheim/SD Projects\129467 Emerald Plaza IR Scan"
"000000009598E9A20E04F041B38518182890A2D50100A3DF33FCC9BD1644BD14FCA330AA9785000019890BBA0000"	"\Divisions\PD\PTE\Anaheim/SD Projects\129823 UCSD SEM 103 XFMR and CB"
"000000009598E9A20E04F041B38518182890A2D50100A3DF33FCC9BD1644BD14FCA330AA9785000019B1C2C20000"	"\Divisions\PD\PTE\Anaheim/SD Projects\129991 Big Bear Electric Services"
"000000009598E9A20E04F041B38518182890A2D50100A3DF33FCC9BD1644BD14FCA330AA978500001AA65F010000"	"\Divisions\PD\PTE\Anaheim/SD Projects\130582 Qualcomm QP Cogeneration"
"000000009598E9A20E04F041B38518182890A2D50100A3DF33FCC9BD1644BD14FCA330AA978500001ADAB74A0000"	"\Divisions\PD\PTE\Anaheim/SD Projects\130978 UCSD Hillcrest Med Volt Maint"
"000000009598E9A20E04F041B38518182890A2D50100A3DF33FCC9BD1644BD14FCA330AA978500001ADBDD400000"	"\Divisions\PD\PTE\Anaheim/SD Projects\131463 Southern Contract UCI Switch Athletics"
"000000009598E9A20E04F041B38518182890A2D50100A3DF33FCC9BD1644BD14FCA330AA978500001B7D032B0000"	"\Divisions\PD\PTE\Anaheim/SD Projects\131755 Edwards AFB XFMR Test"
"000000009598E9A20E04F041B38518182890A2D50100A3DF33FCC9BD1644BD14FCA330AA978500001B7AB8BF0000"	"\Divisions\PD\PTE\Anaheim/SD Projects\131992 Indian Wells Tennis Garden"
"000000009598E9A20E04F041B38518182890A2D50100A3DF33FCC9BD1644BD14FCA330AA978500001B6B1F7F0000"	"\Divisions\PD\PTE\Anaheim/SD Projects\132217 Topock Compressor B Ground Rod"
"000000009598E9A20E04F041B38518182890A2D50100A3DF33FCC9BD1644BD14FCA330AA978500001B822C750000"	"\Divisions\PD\PTE\Anaheim/SD Projects\132523 Onyx 500kVA XFMR"
"000000009598E9A20E04F041B38518182890A2D50100A3DF33FCC9BD1644BD14FCA330AA978500001C8160520000"	"\Divisions\PD\PTE\Anaheim/SD Projects\132893 P310 Small Arms Coor Study"
"000000009598E9A20E04F041B38518182890A2D501006C95E27D1ACA634AA1AADC20796388DD00000061AF3D0000"	"\Divisions\PD\PTE\Las Vegas Contacts"
"000000009598E9A20E04F041B38518182890A2D50100E34BFE500669CD49AC2E27C6C54DE39D00000018EF210000"	"\Divisions\PD\PTE Houston\114672_CenterPoint\OBrian Sub"
"000000009598E9A20E04F041B38518182890A2D50100CB7D9B6512D7374A860FE542D57703920000011F9FF20000"	"\Divisions\PD\SAS\00_OMICRON Test Set Calendar\00_HLY_Verizon Wireless Modem"
"000000009598E9A20E04F041B38518182890A2D501006C95E27D1ACA634AA1AADC20796388DD00000066EA4B0000"	"\Divisions\PD\SAS\00_Software (Keys & Pricing)\ASPEN"
"000000009598E9A20E04F041B38518182890A2D50100A3DF33FCC9BD1644BD14FCA330AA978500001A2742F80000"	"\Divisions\PD\SAS\000000 SAS Project Misc"
"000000009598E9A20E04F041B38518182890A2D50100A3DF33FCC9BD1644BD14FCA330AA978500001970CA750000"	"\Divisions\PD\SAS\994609 (TEMP#) Boeing_PhaseII"
"000000009598E9A20E04F041B38518182890A2D501006C95E27D1ACA634AA1AADC20796388DD0000002692130000"	"\Divisions\PD\SAS\LEWISTON PROJECTS\SPS-Active\Active Projects\Douglas Co. PUD"
"000000009598E9A20E04F041B38518182890A2D501006C95E27D1ACA634AA1AADC20796388DD0000002692220000"	"\Divisions\PD\SAS\LEWISTON PROJECTS\SPS-Active\Active Projects\Grant County PUD\Priest Rapids\Line #1"
"000000009598E9A20E04F041B38518182890A2D501006C95E27D1ACA634AA1AADC20796388DD0000002692330000"	"\Divisions\PD\SAS\LEWISTON PROJECTS\SPS-Active\Active Projects\Loudon Utilities Board"
"000000009598E9A20E04F041B38518182890A2D501006C95E27D1ACA634AA1AADC20796388DD0000002692420000"	"\Divisions\PD\SAS\LEWISTON PROJECTS\SPS-Active\Active Projects\PowerTech Engineering"
"000000009598E9A20E04F041B38518182890A2D501006C95E27D1ACA634AA1AADC20796388DD0000002692520000"	"\Divisions\PD\SAS\LEWISTON PROJECTS\SPS-Active\Active Projects\SPS/EasiLinc Newsletter"
"000000009598E9A20E04F041B38518182890A2D50100A3DF33FCC9BD1644BD14FCA330AA9785000017FE915F0000"	"\Divisions\PD\SAS\Pacific Valley Solar\Abandoned Projects\Washoe"
"000000009598E9A20E04F041B38518182890A2D50100A3DF33FCC9BD1644BD14FCA330AA9785000017FCD40B0000"	"\Divisions\PD\SAS\Pacific Valley Solar\Solel DavidSaul"
"000000009598E9A20E04F041B38518182890A2D501001296C725372D7F4B86B758A22EA3141B00000039E89E0000"	"\Divisions\PD\SAS\XXXXXX GVEA Ground Grid"
"000000009598E9A20E04F041B38518182890A2D50100A3DF33FCC9BD1644BD14FCA330AA978500002A2A8F480000"	"\Divisions\PD\Substation Anaheim\135664 SDG&E T3/E3 Eng Suppt-Trns/Dst"
"000000009598E9A20E04F041B38518182890A2D50100A3DF33FCC9BD1644BD14FCA330AA978500002A2EDF660000"	"\Divisions\PD\Substation Anaheim\139294 TEP Solon 1 SCADA Upgrade"
"000000009598E9A20E04F041B38518182890A2D50100A3DF33FCC9BD1644BD14FCA330AA978500002A2F812F0000"	"\Divisions\PD\Substation Anaheim\140489 Terra-Gen Cameron Ridge II IE"
"000000009598E9A20E04F041B38518182890A2D50100A3DF33FCC9BD1644BD14FCA330AA978500002C058FEB0000"	"\Divisions\PD\Substation Anaheim\142723 PPL Montour Remote Ends"
"000000009598E9A20E04F041B38518182890A2D5010012225CC57BF01F4EA8CCA87A792FF35F0001217308660000"	"\Divisions\PD\Substation Anaheim\148109 B WACO WEST RPLC 138 CB 3000"
"000000009598E9A20E04F041B38518182890A2D50100E34BFE500669CD49AC2E27C6C54DE39D0000003498E40000"	"\Divisions\PD\Substation Ann Arbor\120656 - Lake Winds Energy Park"
"000000009598E9A20E04F041B38518182890A2D50100A3DF33FCC9BD1644BD14FCA330AA9785000015F88D1F0000"	"\Divisions\PD\Substation Ann Arbor\126105"
"000000009598E9A20E04F041B38518182890A2D50100A3DF33FCC9BD1644BD14FCA330AA978500001D98EE180000"	"\Divisions\PD\Substation Ann Arbor\134033"
"000000009598E9A20E04F041B38518182890A2D50100A3DF33FCC9BD1644BD14FCA330AA9785000021C93EF60000"	"\Divisions\PD\Substation Ann Arbor\137652 - Advanced"
"000000009598E9A20E04F041B38518182890A2D50100A3DF33FCC9BD1644BD14FCA330AA978500002675BE6D0000"	"\Divisions\PD\Substation Ann Arbor\140018 Alpine Trans Con Mgmt Svsc"
"000000009598E9A20E04F041B38518182890A2D5010012225CC57BF01F4EA8CCA87A792FF35F000005747FCF0000"	"\Divisions\PD\Substation Ann Arbor\143359 - AEP Sandy Valley P15050008"
"000000009598E9A20E04F041B38518182890A2D5010012225CC57BF01F4EA8CCA87A792FF35F00006723914F0000"	"\Divisions\PD\Substation Ann Arbor\144818 - I&M POWER CO Scoping"
"000000009598E9A20E04F041B38518182890A2D5010012225CC57BF01F4EA8CCA87A792FF35F0000BEBBD4900000"	"\Divisions\PD\Substation Ann Arbor\146490"
"000000009598E9A20E04F041B38518182890A2D5010012225CC57BF01F4EA8CCA87A792FF35F0002501B64CE0000"	"\Divisions\PD\Substation Ann Arbor\148890\Prairie Ronde - 148890\Physical Design"
"000000009598E9A20E04F041B38518182890A2D501001296C725372D7F4B86B758A22EA3141B0000006D506F0000"	"\Divisions\PD\Substation Ann Arbor\9-Drafting questions Q & A\GENERAL Q & A"
"000000009598E9A20E04F041B38518182890A2D50100A3DF33FCC9BD1644BD14FCA330AA9785000021CBF0CA0000"	"\Divisions\PD\Substation Ann Arbor\Presentations"
"000000009598E9A20E04F041B38518182890A2D501006C95E27D1ACA634AA1AADC20796388DD0000001A431A0000"	"\Divisions\PD\Substation Atlanta"
"000000009598E9A20E04F041B38518182890A2D5010012225CC57BF01F4EA8CCA87A792FF35F0005D8F542CE0000"	"\Divisions\PD\Substation Atlanta\0238332_Anna Switch: Replace existing SSVTs"
"000000009598E9A20E04F041B38518182890A2D5010012225CC57BF01F4EA8CCA87A792FF35F000627F7D86B0000"	"\Divisions\PD\Substation Atlanta\0240904_0000_SEPC-Russell Substation Interconnection"
"000000009598E9A20E04F041B38518182890A2D5010012225CC57BF01F4EA8CCA87A792FF35F00064CD79D700000"	"\Divisions\PD\Substation Atlanta\0242878_0000_ATL Peppervine Sw: Inst Temple Term Sub 47140"
"000000009598E9A20E04F041B38518182890A2D5010012225CC57BF01F4EA8CCA87A792FF35F0006AC7B3F8C0000"	"\Divisions\PD\Substation Atlanta\0246070_0000_ATL SI Pemkiff Switch Demo & Retire 52062"
"000000009598E9A20E04F041B38518182890A2D5010012225CC57BF01F4EA8CCA87A792FF35F0006C6E789AD0000"	"\Divisions\PD\Substation Atlanta\0246999_0000_ATL Desert Wind Sub Cap Bank #2 49386"
"000000009598E9A20E04F041B38518182890A2D5010012225CC57BF01F4EA8CCA87A792FF35F00070F31B1920000"	"\Divisions\PD\Substation Atlanta\0249472_0000_ATL Plano West Sub 54025"
"000000009598E9A20E04F041B38518182890A2D5010012225CC57BF01F4EA8CCA87A792FF35F0007217A24300000"	"\Divisions\PD\Substation Atlanta\0250360_0000_Brown Switch: Install 34.5 kV WSL metering for IP Radian BESS, LLC"
"000000009598E9A20E04F041B38518182890A2D5010012225CC57BF01F4EA8CCA87A792FF35F0007422940F50000"	"\Divisions\PD\Substation Atlanta\0251535_0000_GPC - Dean Forest Physical"
"000000009598E9A20E04F041B38518182890A2D5010012225CC57BF01F4EA8CCA87A792FF35F00076765952B0000"	"\Divisions\PD\Substation Atlanta\0252565_0000_GPC - Unity Metering Physical"
"000000009598E9A20E04F041B38518182890A2D5010012225CC57BF01F4EA8CCA87A792FF35F0007A7ADE60E0000"	"\Divisions\PD\Substation Atlanta\0254675_0000_ATL Midland Airport Sub DA 55871"
"000000009598E9A20E04F041B38518182890A2D5010012225CC57BF01F4EA8CCA87A792FF35F0007B1C7A9C40000"	"\Divisions\PD\Substation Atlanta\0255043_0000_ATL Paris North Sub UF 56410"
"000000009598E9A20E04F041B38518182890A2D501001296C725372D7F4B86B758A22EA3141B000000456D880000"	"\Divisions\PD\Substation Atlanta\111064_Forest Sub-AEP-T2 Addition"
"000000009598E9A20E04F041B38518182890A2D50100E34BFE500669CD49AC2E27C6C54DE39D00000010D1590000"	"\Divisions\PD\Substation Atlanta\113015_Elm Creek Substation\Equipment\CTs PTs CCVTssvt line trap"
"000000009598E9A20E04F041B38518182890A2D501001296C725372D7F4B86B758A22EA3141B0000006C99110000"	"\Divisions\PD\Substation Atlanta\113015_Elm Creek Substation\Reference drawings"
"000000009598E9A20E04F041B38518182890A2D501001296C725372D7F4B86B758A22EA3141B0000006D504A0000"	"\Divisions\PD\Substation Atlanta\113512_Hartford Ave Sub 115kV Equip Upgrade"
"000000009598E9A20E04F041B38518182890A2D50100E34BFE500669CD49AC2E27C6C54DE39D0000001ABFE90000"	"\Divisions\PD\Substation Atlanta\114320_Anadarko Phase 2\Power Internal"
"000000009598E9A20E04F041B38518182890A2D50100E34BFE500669CD49AC2E27C6C54DE39D0000002260FB0000"	"\Divisions\PD\Substation Atlanta\116139_Round Rock Dist Auto\Visual Analysis\115312"
"000000009598E9A20E04F041B38518182890A2D50100E34BFE500669CD49AC2E27C6C54DE39D000000383EF90000"	"\Divisions\PD\Substation Atlanta\117138_TransCanada_Pipeline_Elect_Study\Madisonville-Arc FlashStudy"
"000000009598E9A20E04F041B38518182890A2D50100A3DF33FCC9BD1644BD14FCA330AA978500001E7B9D3C0000"	"\Divisions\PD\Substation Atlanta\121667"
"000000009598E9A20E04F041B38518182890A2D501001953B16A689BCD4AA8FC82955DB27CB100000159B9620000"	"\Divisions\PD\Substation Atlanta\123097.42_PEF_Westridge"
"000000009598E9A20E04F041B38518182890A2D501001953B16A689BCD4AA8FC82955DB27CB100000144BB390000"	"\Divisions\PD\Substation Atlanta\123979_Sunflower Barber Substation"
"000000009598E9A20E04F041B38518182890A2D50100A3DF33FCC9BD1644BD14FCA330AA978500001738AF800000"	"\Divisions\PD\Substation Atlanta\123979_Sunflower Barber Substation\Drawing Numbers"
"000000009598E9A20E04F041B38518182890A2D50100A3DF33FCC9BD1644BD14FCA330AA978500001738E6A40000"	"\Divisions\PD\Substation Atlanta\123979_Sunflower Barber Substation\Phasing"
"000000009598E9A20E04F041B38518182890A2D50100A3DF33FCC9BD1644BD14FCA330AA9785000016423E9D0000"	"\Divisions\PD\Substation Atlanta\123979_Sunflower Barber Substation\SWPPP"
"000000009598E9A20E04F041B38518182890A2D50100A3DF33FCC9BD1644BD14FCA330AA97850000167A94700000"	"\Divisions\PD\Substation Atlanta\125583_Sunflower Cimarron\DCP and API\DCP"
"000000009598E9A20E04F041B38518182890A2D50100A3DF33FCC9BD1644BD14FCA330AA9785000016FF49A20000"	"\Divisions\PD\Substation Atlanta\125583_Sunflower Cimarron\Equipment\Circuit Breaker\Breaker Bids Received"
"000000009598E9A20E04F041B38518182890A2D50100A3DF33FCC9BD1644BD14FCA330AA978500001703BD9D0000"	"\Divisions\PD\Substation Atlanta\125583_Sunflower Cimarron\Equipment\Switchgear\Switchgear"
"000000009598E9A20E04F041B38518182890A2D50100A3DF33FCC9BD1644BD14FCA330AA978500001757813A0000"	"\Divisions\PD\Substation Atlanta\125583_Sunflower Cimarron\Overhead Line and Underground\Gen 2 Routing"
"000000009598E9A20E04F041B38518182890A2D50100A3DF33FCC9BD1644BD14FCA330AA978500000EBD6D060000"	"\Divisions\PD\Substation Atlanta\125583_Sunflower Cimarron\Project Management\WSV"
"000000009598E9A20E04F041B38518182890A2D50100A3DF33FCC9BD1644BD14FCA330AA97850000176996450000"	"\Divisions\PD\Substation Atlanta\125583_Sunflower Cimarron\SUBSTATION CONTROL AND SAS\Studies\TRV/RRRV"
"000000009598E9A20E04F041B38518182890A2D50100A3DF33FCC9BD1644BD14FCA330AA9785000017469FB50000"	"\Divisions\PD\Substation Atlanta\125583_Sunflower Cimarron\Transformer Evaluation\CRS Transformer Evaluation"
"000000009598E9A20E04F041B38518182890A2D50100A3DF33FCC9BD1644BD14FCA330AA97850000284D252A0000"	"\Divisions\PD\Substation Atlanta\130766_CRS PH 2 ENGINEERING\Reactor Failure"
"000000009598E9A20E04F041B38518182890A2D50100A3DF33FCC9BD1644BD14FCA330AA978500001DE1FEED0000"	"\Divisions\PD\Substation Atlanta\133337_Monument Substation-AMEREN\Structural Steel"
"000000009598E9A20E04F041B38518182890A2D50100A3DF33FCC9BD1644BD14FCA330AA978500002563D4910000"	"\Divisions\PD\Substation Atlanta\133432_Spearville 345kV\Fiber"
"000000009598E9A20E04F041B38518182890A2D50100A3DF33FCC9BD1644BD14FCA330AA978500001D78DAEF0000"	"\Divisions\PD\Substation Atlanta\133432_Spearville 345kV\Steel"
"000000009598E9A20E04F041B38518182890A2D50100A3DF33FCC9BD1644BD14FCA330AA978500002B5277FA0000"	"\Divisions\PD\Substation Atlanta\135508_ATL ALVARADO SUB: RPLC 2153\In ProjectWise"
"000000009598E9A20E04F041B38518182890A2D50100A3DF33FCC9BD1644BD14FCA330AA978500002B60FBBD0000"	"\Divisions\PD\Substation Atlanta\137302_GTC DOUGLAS SUBSTATION\In ProjectWise"
"000000009598E9A20E04F041B38518182890A2D50100A3DF33FCC9BD1644BD14FCA330AA978500002B71D2510000"	"\Divisions\PD\Substation Atlanta\139316_ATL TYLER EAST TERM & FIBER\In ProjectWise"
"000000009598E9A20E04F041B38518182890A2D50100A3DF33FCC9BD1644BD14FCA330AA97850000261F0A160000"	"\Divisions\PD\Substation Atlanta\139848_ATL BUCKHORN 345 SWTCH\Equipment\Circuit Breakers"
"000000009598E9A20E04F041B38518182890A2D50100A3DF33FCC9BD1644BD14FCA330AA97850000258999730000"	"\Divisions\PD\Substation Atlanta\139848_ATL BUCKHORN 345 SWTCH\Project Management"
"000000009598E9A20E04F041B38518182890A2D50100A3DF33FCC9BD1644BD14FCA330AA9785000028D4639C0000"	"\Divisions\PD\Substation Atlanta\140572_SUNFLOWER SPEARVILLE RPLC CB SV188\Budget"
"000000009598E9A20E04F041B38518182890A2D5010012225CC57BF01F4EA8CCA87A792FF35F00007754B82E0000"	"\Divisions\PD\Substation Atlanta\140572_SUNFLOWER SPEARVILLE RPLC CB SV188\Equipment\Steel"
"000000009598E9A20E04F041B38518182890A2D50100F3BCE3A574023B4482F2E427B5A3121800004EE0D6740000"	"\Divisions\PD\Substation Atlanta\140572_SUNFLOWER SPEARVILLE RPLC CB SV188\SCADA"
"000000009598E9A20E04F041B38518182890A2D50100A3DF33FCC9BD1644BD14FCA330AA978500002A1669F40000"	"\Divisions\PD\Substation Atlanta\141743_L TYLER WEST-138 LN TERM UPG"
"000000009598E9A20E04F041B38518182890A2D5010012225CC57BF01F4EA8CCA87A792FF35F00002BF9ACA60000"	"\Divisions\PD\Substation Atlanta\143871_Milan Substation"
"000000009598E9A20E04F041B38518182890A2D5010012225CC57BF01F4EA8CCA87A792FF35F0000B2BA273E0000"	"\Divisions\PD\Substation Atlanta\146320_ATL IRVING UPG TERM SWITCH"
"000000009598E9A20E04F041B38518182890A2D5010012225CC57BF01F4EA8CCA87A792FF35F000175366F2A0000"	"\Divisions\PD\Substation Atlanta\150845_ATL POLK STREET DA"
"000000009598E9A20E04F041B38518182890A2D5010012225CC57BF01F4EA8CCA87A792FF35F0001A7C15AC90000"	"\Divisions\PD\Substation Atlanta\152481_MEAG MARIETTA 14 SS GND ANA"
"000000009598E9A20E04F041B38518182890A2D5010012225CC57BF01F4EA8CCA87A792FF35F0001FC153E2F0000"	"\Divisions\PD\Substation Atlanta\154143_ATL ELM GROVE DA"
"000000009598E9A20E04F041B38518182890A2D5010012225CC57BF01F4EA8CCA87A792FF35F00025AF8A3D80000"	"\Divisions\PD\Substation Atlanta\156011_Blackbeard 138KV"
"000000009598E9A20E04F041B38518182890A2D5010012225CC57BF01F4EA8CCA87A792FF35F0002ADAF34870000"	"\Divisions\PD\Substation Atlanta\158151_BARKETT POI INSTL SL M"
"000000009598E9A20E04F041B38518182890A2D5010012225CC57BF01F4EA8CCA87A792FF35F000322D078630000"	"\Divisions\PD\Substation Atlanta\161327_FAIRMONT SUB"
"000000009598E9A20E04F041B38518182890A2D5010012225CC57BF01F4EA8CCA87A792FF35F00053E51B1DB0000"	"\Divisions\PD\Substation Atlanta\177052_GPC-JACK MCDONUGH"
"000000009598E9A20E04F041B38518182890A2D5010012225CC57BF01F4EA8CCA87A792FF35F000596E6EBD10000"	"\Divisions\PD\Substation Atlanta\180270_ATL COLLEYVILLE DA 48891"
"000000009598E9A20E04F041B38518182890A2D5010012225CC57BF01F4EA8CCA87A792FF35F0005B5FEFD910000"	"\Divisions\PD\Substation Atlanta\181200_NEER-PAD MOUNT XFRMR FNDATN"
"000000009598E9A20E04F041B38518182890A2D50100E34BFE500669CD49AC2E27C6C54DE39D0000003499B10000"	"\Divisions\PD\Substation Atlanta\Karl TSN and Equipment Forms\Battery Order ONCOR"
"000000009598E9A20E04F041B38518182890A2D50100E34BFE500669CD49AC2E27C6C54DE39D0000002840FF0000"	"\Divisions\PD\Substation Atlanta\NEEWS-Material Inspections\E-Box Junction Boxes"
"000000009598E9A20E04F041B38518182890A2D50100E34BFE500669CD49AC2E27C6C54DE39D0000001E36980000"	"\Divisions\PD\Substation Atlanta\ONCOR-2009-Scoping\Round Rock Dist Auto"
"000000009598E9A20E04F041B38518182890A2D50100E34BFE500669CD49AC2E27C6C54DE39D000000383EA40000"	"\Divisions\PD\Substation Atlanta\ONCOR-Procedures & E-mails\2010-Procedures"
"000000009598E9A20E04F041B38518182890A2D501001953B16A689BCD4AA8FC82955DB27CB10000014018250000"	"\Divisions\PD\Substation Atlanta\PEF EPC\Renumbering 075"
"000000009598E9A20E04F041B38518182890A2D50100A3DF33FCC9BD1644BD14FCA330AA97850000170722EF0000"	"\Divisions\PD\Substation Atlanta\Progress Energy\Reviews for other stations\Haines City"
"000000009598E9A20E04F041B38518182890A2D501001296C725372D7F4B86B758A22EA3141B000000550B940000"	"\Divisions\PD\Substation Atlanta\Proposals\2007\PEPCO-Alabama St + Alloway Subs"
"000000009598E9A20E04F041B38518182890A2D50100E34BFE500669CD49AC2E27C6C54DE39D0000002A35550000"	"\Divisions\PD\Substation Atlanta\Proposals\2010\119221 Fagen-Golden Spread Gen + 230 kV Sub"
"000000009598E9A20E04F041B38518182890A2D50100E34BFE500669CD49AC2E27C6C54DE39D0000002E401C0000"	"\Divisions\PD\Substation Atlanta\Proposals\2010\Windland"
"000000009598E9A20E04F041B38518182890A2D50100E34BFE500669CD49AC2E27C6C54DE39D00000042D1840000"	"\Divisions\PD\Substation Atlanta\Proposals\2011\Larmanie Wind Farm"
"000000009598E9A20E04F041B38518182890A2D501001296C725372D7F4B86B758A22EA3141B0000006932130000"	"\Divisions\PD\Substation Atlanta\Proposals\AEP-Interstate Metering"
"000000009598E9A20E04F041B38518182890A2D50100E34BFE500669CD49AC2E27C6C54DE39D000000140D860000"	"\Divisions\PD\Substation Atlanta\Proposals\Ontelaunee Energy"
"000000009598E9A20E04F041B38518182890A2D50100A3DF33FCC9BD1644BD14FCA330AA97850000207DBC130000"	"\Divisions\PD\Substation Atlanta\Substation Ann Arbor"
"000000009598E9A20E04F041B38518182890A2D501001296C725372D7F4B86B758A22EA3141B0000004E09850000"	"\Divisions\PD\Substation Atlanta\TXU_Renner"
"000000009598E9A20E04F041B38518182890A2D501006C95E27D1ACA634AA1AADC20796388DD0000003DF7190000"	"\Divisions\PD\Substation Boise\00_DMS PJ Upload"
"000000009598E9A20E04F041B38518182890A2D50100A3DF33FCC9BD1644BD14FCA330AA978500002BF3DAA80000"	"\Divisions\PD\Substation Boise\142616  AEP E HUNTINGTON-LN RLYS A15705072"
"000000009598E9A20E04F041B38518182890A2D5010012225CC57BF01F4EA8CCA87A792FF35F0000B677F3030000"	"\Divisions\PD\Substation Boise\146253  XCEL ALAMOSA-REPLACE BANK #2 TAM"
"000000009598E9A20E04F041B38518182890A2D5010012225CC57BF01F4EA8CCA87A792FF35F000102FD91730000"	"\Divisions\PD\Substation Boise\147931  KLICKITAT COUNTY PUD LINDEN SWITCHYARD 230 UPGRADES"
"000000009598E9A20E04F041B38518182890A2D5010012225CC57BF01F4EA8CCA87A792FF35F00012CA1A85F0000"	"\Divisions\PD\Substation Boise\149008  AEP PACKARD P15117004"
"000000009598E9A20E04F041B38518182890A2D5010012225CC57BF01F4EA8CCA87A792FF35F000162F5FFCF0000"	"\Divisions\PD\Substation Boise\149859  XCEL NORTH-IVVO LTC REPLACEMENT"
"000000009598E9A20E04F041B38518182890A2D5010012225CC57BF01F4EA8CCA87A792FF35F00018ED141FB0000"	"\Divisions\PD\Substation Boise\151348  ONCOR BELLMEAD SUB DA"
"000000009598E9A20E04F041B38518182890A2D5010012225CC57BF01F4EA8CCA87A792FF35F0001CD5732DE0000"	"\Divisions\PD\Substation Boise\153236  AEP POUND P&C ENGNRNG DR18R18B1"
"000000009598E9A20E04F041B38518182890A2D5010012225CC57BF01F4EA8CCA87A792FF35F0001FDB461D10000"	"\Divisions\PD\Substation Boise\154165  ONCOR ARTHUR STREET DA 37821"
"000000009598E9A20E04F041B38518182890A2D5010012225CC57BF01F4EA8CCA87A792FF35F00021D59BCEC0000"	"\Divisions\PD\Substation Boise\154729  ONCOR EAST NETWORK UG SUB"
"000000009598E9A20E04F041B38518182890A2D5010012225CC57BF01F4EA8CCA87A792FF35F0002A4FB6BDE0000"	"\Divisions\PD\Substation Boise\158091  ONCOR FARMERS BRANCH GILLIS"
"000000009598E9A20E04F041B38518182890A2D50100A3DF33FCC9BD1644BD14FCA330AA978500001B8B52740000"	"\Divisions\PD\Substation Denver\00-DMS Upload\116945 St. George- Red Butte\As Built Drawings"
"000000009598E9A20E04F041B38518182890A2D501006C95E27D1ACA634AA1AADC20796388DD000000B407D90000"	"\Divisions\PD\Substation Denver\116945 St. George- Red Butte\As Built Drawings"
"000000009598E9A20E04F041B38518182890A2D501006C95E27D1ACA634AA1AADC20796388DD0000007D6F820000"	"\Divisions\PD\Substation Denver\116945 St. George- Red Butte\Signs"
"000000009598E9A20E04F041B38518182890A2D501006C95E27D1ACA634AA1AADC20796388DD000000AAAE0E0000"	"\Divisions\PD\Substation Denver\120038 Fenton"
"000000009598E9A20E04F041B38518182890A2D501006C95E27D1ACA634AA1AADC20796388DD000000BCC5CE0000"	"\Divisions\PD\Substation Denver\120954 Underwood"
"000000009598E9A20E04F041B38518182890A2D501001953B16A689BCD4AA8FC82955DB27CB1000000C8F1450000"	"\Divisions\PD\Substation Denver\122310 Cherokee"
"000000009598E9A20E04F041B38518182890A2D50100A3DF33FCC9BD1644BD14FCA330AA978500000E9630EE0000"	"\Divisions\PD\Substation Denver\123818 Coconino\123813 Tri State"
"000000009598E9A20E04F041B38518182890A2D50100A3DF33FCC9BD1644BD14FCA330AA9785000018A61B1D0000"	"\Divisions\PD\Substation Denver\124606 Amarillo South 230kV Line Terminal"
"000000009598E9A20E04F041B38518182890A2D50100A3DF33FCC9BD1644BD14FCA330AA978500000E6EEB410000"	"\Divisions\PD\Substation Denver\125203 Eagle River Support"
"000000009598E9A20E04F041B38518182890A2D50100A3DF33FCC9BD1644BD14FCA330AA97850000166797240000"	"\Divisions\PD\Substation Denver\126311 VERDE,CHOLLA,LEUPP-RLY UPGRADE"
"000000009598E9A20E04F041B38518182890A2D50100A3DF33FCC9BD1644BD14FCA330AA9785000017447EFC0000"	"\Divisions\PD\Substation Denver\127230 BAYFRONT RTU"
"000000009598E9A20E04F041B38518182890A2D50100A3DF33FCC9BD1644BD14FCA330AA9785000017CF03AE0000"	"\Divisions\PD\Substation Denver\128089 CONTROL HYBRID - SR BREAKER"
"000000009598E9A20E04F041B38518182890A2D50100A3DF33FCC9BD1644BD14FCA330AA9785000019412F6D0000"	"\Divisions\PD\Substation Denver\128623-Denver Terminal Pump Replacement"
"000000009598E9A20E04F041B38518182890A2D50100A3DF33FCC9BD1644BD14FCA330AA978500002A2EE87C0000"	"\Divisions\PD\Substation Denver\129506 Bailey"
"000000009598E9A20E04F041B38518182890A2D50100A3DF33FCC9BD1644BD14FCA330AA978500001AEEC1100000"	"\Divisions\PD\Substation Denver\131612 COLLBRAN SUB IMPROVEMENTS"
"000000009598E9A20E04F041B38518182890A2D50100A3DF33FCC9BD1644BD14FCA330AA978500001BC7F0BD0000"	"\Divisions\PD\Substation Denver\132702 CAP HILL ALTRNTVS BANK #3 GIS"
"000000009598E9A20E04F041B38518182890A2D50100A3DF33FCC9BD1644BD14FCA330AA978500001CD8EB220000"	"\Divisions\PD\Substation Denver\133356 FAIR PARK TR1 REPLACEMENT"
"000000009598E9A20E04F041B38518182890A2D50100A3DF33FCC9BD1644BD14FCA330AA978500001DC2BE2E0000"	"\Divisions\PD\Substation Denver\134350 SAVAGE TR2 REPLACEMENT"
"000000009598E9A20E04F041B38518182890A2D50100A3DF33FCC9BD1644BD14FCA330AA978500001F018A3F0000"	"\Divisions\PD\Substation Denver\135678 Green Valley"
"000000009598E9A20E04F041B38518182890A2D50100A3DF33FCC9BD1644BD14FCA330AA97850000278F98130000"	"\Divisions\PD\Substation Denver\136387 Riverview"
"000000009598E9A20E04F041B38518182890A2D50100A3DF33FCC9BD1644BD14FCA330AA978500002029EDC60000"	"\Divisions\PD\Substation Denver\136553 BLACK OAK 69KV WIND INTRCNNCT"
"000000009598E9A20E04F041B38518182890A2D50100A3DF33FCC9BD1644BD14FCA330AA97850000237FB2F10000"	"\Divisions\PD\Substation Denver\137055 Transformer"
"000000009598E9A20E04F041B38518182890A2D50100A3DF33FCC9BD1644BD14FCA330AA9785000027B9C9C60000"	"\Divisions\PD\Substation Denver\137324 Tascosa"
"000000009598E9A20E04F041B38518182890A2D50100A3DF33FCC9BD1644BD14FCA330AA9785000021E870260000"	"\Divisions\PD\Substation Denver\137853 JIM FALLS - FRAD REPLACEMENT"
"000000009598E9A20E04F041B38518182890A2D50100A3DF33FCC9BD1644BD14FCA330AA97850000224E482C0000"	"\Divisions\PD\Substation Denver\138058 WEST RIVER- FRAME RLY RPLC NSP"
"000000009598E9A20E04F041B38518182890A2D50100A3DF33FCC9BD1644BD14FCA330AA97850000224E67580000"	"\Divisions\PD\Substation Denver\138078 FENTON WIND-FRAME RLY RPLC NSP"
"000000009598E9A20E04F041B38518182890A2D50100A3DF33FCC9BD1644BD14FCA330AA978500002263E8880000"	"\Divisions\PD\Substation Denver\138139 CAMP MCCOY -FRAME RLY RPLC NSP"
"000000009598E9A20E04F041B38518182890A2D50100A3DF33FCC9BD1644BD14FCA330AA978500002268B6350000"	"\Divisions\PD\Substation Denver\138155 RED WING - FRAME RLY RPLC NSP"
"000000009598E9A20E04F041B38518182890A2D50100A3DF33FCC9BD1644BD14FCA330AA9785000022691FB80000"	"\Divisions\PD\Substation Denver\138179 FAIR PARK - FRAME RLY RPLC NSP"
"000000009598E9A20E04F041B38518182890A2D50100A3DF33FCC9BD1644BD14FCA330AA97850000226920DA0000"	"\Divisions\PD\Substation Denver\138195 LAKE MARION-FRAME RLY RPLC NSP"
"000000009598E9A20E04F041B38518182890A2D50100A3DF33FCC9BD1644BD14FCA330AA97850000226EF8120000"	"\Divisions\PD\Substation Denver\138213 BIG BLUE - FRAME RLY RPLC NSP"
"000000009598E9A20E04F041B38518182890A2D50100A3DF33FCC9BD1644BD14FCA330AA978500002274EE570000"	"\Divisions\PD\Substation Denver\138251 HERBERT - FRAME RLY RPLC NSP"
"000000009598E9A20E04F041B38518182890A2D50100A3DF33FCC9BD1644BD14FCA330AA978500002274EE900000"	"\Divisions\PD\Substation Denver\138266 OAKDALE - FRAME RLY RPLC NSP"
"000000009598E9A20E04F041B38518182890A2D50100A3DF33FCC9BD1644BD14FCA330AA978500002274F36A0000"	"\Divisions\PD\Substation Denver\138281 BROOKLYN PRK-FRME RLY RPLC NSP"
"000000009598E9A20E04F041B38518182890A2D50100A3DF33FCC9BD1644BD14FCA330AA978500002274F42B0000"	"\Divisions\PD\Substation Denver\138297 RIB LAKE - FRAME RLY RPLC NSP"
"000000009598E9A20E04F041B38518182890A2D50100A3DF33FCC9BD1644BD14FCA330AA978500002274F6B90000"	"\Divisions\PD\Substation Denver\138316 CASS CO - FRAME RLY RPLC NSP"
"000000009598E9A20E04F041B38518182890A2D50100A3DF33FCC9BD1644BD14FCA330AA978500002274F7560000"	"\Divisions\PD\Substation Denver\138338 SEVEN MILE- FRAME RLY RPLC NSP"
"000000009598E9A20E04F041B38518182890A2D50100A3DF33FCC9BD1644BD14FCA330AA978500002274F7830000"	"\Divisions\PD\Substation Denver\138357 SCOTT CO - FRAME RLY RPLC NSP"
"000000009598E9A20E04F041B38518182890A2D50100A3DF33FCC9BD1644BD14FCA330AA97850000228574000000"	"\Divisions\PD\Substation Denver\138431 BATTLE CREEK-FRME RLY RPLC NSP"
"000000009598E9A20E04F041B38518182890A2D50100A3DF33FCC9BD1644BD14FCA330AA9785000026C37A510000"	"\Divisions\PD\Substation Denver\138628 Hampton"
"000000009598E9A20E04F041B38518182890A2D50100A3DF33FCC9BD1644BD14FCA330AA9785000026C3A2E00000"	"\Divisions\PD\Substation Denver\139599 Hobbs"
"000000009598E9A20E04F041B38518182890A2D50100A3DF33FCC9BD1644BD14FCA330AA9785000026C381B80000"	"\Divisions\PD\Substation Denver\140340 Hutchinson V31"
"000000009598E9A20E04F041B38518182890A2D50100F3BCE3A574023B4482F2E427B5A3121800004EB471970000"	"\Divisions\PD\Substation Denver\141391 Andrews"
"000000009598E9A20E04F041B38518182890A2D5010012225CC57BF01F4EA8CCA87A792FF35F00001ACFFD9F0000"	"\Divisions\PD\Substation Denver\142261 NOWATA SUB A15044007"
"000000009598E9A20E04F041B38518182890A2D50100A3DF33FCC9BD1644BD14FCA330AA978500002C04AC8A0000"	"\Divisions\PD\Substation Denver\142708 RIFLE UTE 345KV UPGRD STA SRVC"
"000000009598E9A20E04F041B38518182890A2D5010012225CC57BF01F4EA8CCA87A792FF35F00004331C9A90000"	"\Divisions\PD\Substation Denver\143489 Alamosa"
"000000009598E9A20E04F041B38518182890A2D5010012225CC57BF01F4EA8CCA87A792FF35F00003452E65E0000"	"\Divisions\PD\Substation Denver\144053 GILCREST SUB- BATTERY RPLCMNT"
"000000009598E9A20E04F041B38518182890A2D5010012225CC57BF01F4EA8CCA87A792FF35F0000A56624B30000"	"\Divisions\PD\Substation Denver\144314 Brookings"
"000000009598E9A20E04F041B38518182890A2D5010012225CC57BF01F4EA8CCA87A792FF35F0000A56624C70000"	"\Divisions\PD\Substation Denver\145235 North"
"000000009598E9A20E04F041B38518182890A2D5010012225CC57BF01F4EA8CCA87A792FF35F00011CBC1F780000"	"\Divisions\PD\Substation Denver\146112 Pringle Oil"
"000000009598E9A20E04F041B38518182890A2D5010012225CC57BF01F4EA8CCA87A792FF35F00011D8C7A6D0000"	"\Divisions\PD\Substation Denver\148797 LAKE HAZELTINE 115KV SUB COMM"
"000000009598E9A20E04F041B38518182890A2D5010012225CC57BF01F4EA8CCA87A792FF35F000162F5FFE70000"	"\Divisions\PD\Substation Denver\149783 SEPC-SPEARVILLE SUB XFMR PROC"
"000000009598E9A20E04F041B38518182890A2D5010012225CC57BF01F4EA8CCA87A792FF35F0001D41A9B0C0000"	"\Divisions\PD\Substation Denver\153409 FEDRL HGHTS- IVVO LTC REP COMM"
"000000009598E9A20E04F041B38518182890A2D5010012225CC57BF01F4EA8CCA87A792FF35F0002582090C40000"	"\Divisions\PD\Substation Denver\155988 PAWNEE DFR UPGRADE"
"000000009598E9A20E04F041B38518182890A2D5010012225CC57BF01F4EA8CCA87A792FF35F00027713821B0000"	"\Divisions\PD\Substation Denver\156634 N-2019 NSPM E&S DSUB"
"000000009598E9A20E04F041B38518182890A2D5010012225CC57BF01F4EA8CCA87A792FF35F00027B6D7B340000"	"\Divisions\PD\Substation Denver\156988 P-FORT LUPTON DFR UPGRADE"
"000000009598E9A20E04F041B38518182890A2D5010012225CC57BF01F4EA8CCA87A792FF35F0002847335160000"	"\Divisions\PD\Substation Denver\157348 N- PRAIRIE ISLAND 1H5- HDR"
"000000009598E9A20E04F041B38518182890A2D5010012225CC57BF01F4EA8CCA87A792FF35F00028CB7958B0000"	"\Divisions\PD\Substation Denver\157619 N- PRAIRIE TR1 - HDR"
"000000009598E9A20E04F041B38518182890A2D5010012225CC57BF01F4EA8CCA87A792FF35F0002A9804DCC0000"	"\Divisions\PD\Substation Denver\158334 N- BELLE PLAINE HDR"
"000000009598E9A20E04F041B38518182890A2D5010012225CC57BF01F4EA8CCA87A792FF35F0002B34678310000"	"\Divisions\PD\Substation Denver\158571 N-LONG LAKE SECURITY COMM HDR"
"000000009598E9A20E04F041B38518182890A2D5010012225CC57BF01F4EA8CCA87A792FF35F0002C1A0F0B30000"	"\Divisions\PD\Substation Denver\159042 N-PENOKEE RANGE COMM SPONSOR"
"000000009598E9A20E04F041B38518182890A2D5010012225CC57BF01F4EA8CCA87A792FF35F0002D18D626F0000"	"\Divisions\PD\Substation Denver\159404 P-BOX ELDER TAM-HDR"
"000000009598E9A20E04F041B38518182890A2D5010012225CC57BF01F4EA8CCA87A792FF35F0002DA0C3B080000"	"\Divisions\PD\Substation Denver\159640 N-ATWATER RELAY SETTING-HDR"
"000000009598E9A20E04F041B38518182890A2D5010012225CC57BF01F4EA8CCA87A792FF35F0002E676F3B60000"	"\Divisions\PD\Substation Denver\159889 N-IRON RIVER MOD3R319-HDR"
"000000009598E9A20E04F041B38518182890A2D5010012225CC57BF01F4EA8CCA87A792FF35F0003061381DB0000"	"\Divisions\PD\Substation Denver\160708 N-BUFFALO RIDGE FENCE HDR"
"000000009598E9A20E04F041B38518182890A2D5010012225CC57BF01F4EA8CCA87A792FF35F00031AD4BDF50000"	"\Divisions\PD\Substation Denver\161271 N- WAB CSG248-WAB031 SLR- HDR"
"000000009598E9A20E04F041B38518182890A2D5010012225CC57BF01F4EA8CCA87A792FF35F0004111B947A0000"	"\Divisions\PD\Substation Denver\Drafting Remote Terminal"
"000000009598E9A20E04F041B38518182890A2D50100A3DF33FCC9BD1644BD14FCA330AA978500001D35482F0000"	"\Divisions\PD\Substation Fort Mill\133543 - Pepco Sligo"
"000000009598E9A20E04F041B38518182890A2D501001296C725372D7F4B86B758A22EA3141B0000000A4DAB0000"	"\Divisions\PD\Substation Freeport"
"000000009598E9A20E04F041B38518182890A2D501001296C725372D7F4B86B758A22EA3141B00000022D6580000"	"\Divisions\PD\Substation Freeport\Inactive File\104895_PSNH_Scobie Review\Design"
"000000009598E9A20E04F041B38518182890A2D501001296C725372D7F4B86B758A22EA3141B00000022D6670000"	"\Divisions\PD\Substation Freeport\Inactive File\104895_PSNH_Scobie Review\Specifications"
"000000009598E9A20E04F041B38518182890A2D501001296C725372D7F4B86B758A22EA3141B00000010302C0000"	"\Divisions\PD\Substation Freeport\Inactive File\106077_PSNH_Monadock"
"000000009598E9A20E04F041B38518182890A2D501001296C725372D7F4B86B758A22EA3141B0000001463A90000"	"\Divisions\PD\Substation Freeport\Inactive File\106XXX_PSNH_Madbury\Design"
"000000009598E9A20E04F041B38518182890A2D501001296C725372D7F4B86B758A22EA3141B00000018C3FC0000"	"\Divisions\PD\Substation Freeport\Inactive File\106XXX_PSNH_Madbury\PSNH - Madbury - JRC"
"000000009598E9A20E04F041B38518182890A2D501001296C725372D7F4B86B758A22EA3141B00000022D5D90000"	"\Divisions\PD\Substation Freeport\Inactive File\108042_TXU_South_Brownwood\Accounting"
"000000009598E9A20E04F041B38518182890A2D501001296C725372D7F4B86B758A22EA3141B00000022D5E70000"	"\Divisions\PD\Substation Freeport\Inactive File\108042_TXU_South_Brownwood\Right-of-Way"
"000000009598E9A20E04F041B38518182890A2D501001296C725372D7F4B86B758A22EA3141B00000022D5FE0000"	"\Divisions\PD\Substation Freeport\Inactive File\108166_TXU_Dublin\Manuals"
"000000009598E9A20E04F041B38518182890A2D501001296C725372D7F4B86B758A22EA3141B00000022D6370000"	"\Divisions\PD\Substation Freeport\Inactive File\108556_Centerpoint_Webster\Bid"
"000000009598E9A20E04F041B38518182890A2D501001296C725372D7F4B86B758A22EA3141B00000022D6460000"	"\Divisions\PD\Substation Freeport\Inactive File\108556_Centerpoint_Webster\Schedule"
"000000009598E9A20E04F041B38518182890A2D501001296C725372D7F4B86B758A22EA3141B00000022D6280000"	"\Divisions\PD\Substation Freeport\Inactive File\108557_Centerpoint_Freeport\Permits"
"000000009598E9A20E04F041B38518182890A2D501001296C725372D7F4B86B758A22EA3141B00000026BFB00000"	"\Divisions\PD\Substation Freeport\Inactive File\108954_TXU_Celina_Switch"
"000000009598E9A20E04F041B38518182890A2D501001296C725372D7F4B86B758A22EA3141B00000026BFBF0000"	"\Divisions\PD\Substation Freeport\Inactive File\108954_TXU_Celina_Switch\Reports"
"000000009598E9A20E04F041B38518182890A2D50100E34BFE500669CD49AC2E27C6C54DE39D0000004083CE0000"	"\Divisions\PD\Substation Freeport\Inactive File\109947_CMP_ScarOOBLine\109947 Saco  Bay Prelim & MPUC\Data Requests\Cannata"
"000000009598E9A20E04F041B38518182890A2D50100E34BFE500669CD49AC2E27C6C54DE39D0000004083DD0000"	"\Divisions\PD\Substation Freeport\Inactive File\109947_CMP_ScarOOBLine\109947 Saco  Bay Prelim & MPUC\Design Criteria"
"000000009598E9A20E04F041B38518182890A2D50100E34BFE500669CD49AC2E27C6C54DE39D0000004083EC0000"	"\Divisions\PD\Substation Freeport\Inactive File\109947_CMP_ScarOOBLine\109947 Saco  Bay Prelim & MPUC\MPUC Hearings\Rebuttal Testimony Bench Questions"
"000000009598E9A20E04F041B38518182890A2D501003F9E776DECCABA4B81A6729A0E4F2CBA00000013AF210000"	"\Divisions\PD\Substation Freeport\Inactive File\109947_CMP_ScarOOBLine1\109947 Saco  Bay Prelim & MPUC\Data Requests\Cannata"
"000000009598E9A20E04F041B38518182890A2D501001296C725372D7F4B86B758A22EA3141B0000005D20680000"	"\Divisions\PD\Substation Freeport\Inactive File\109947_CMP_ScarOOBLine1\109947 Saco  Bay Prelim & MPUC\Design Criteria"
"000000009598E9A20E04F041B38518182890A2D501001296C725372D7F4B86B758A22EA3141B0000005D20710000"	"\Divisions\PD\Substation Freeport\Inactive File\109947_CMP_ScarOOBLine1\109947 Saco  Bay Prelim & MPUC\MPUC Hearings\Rebuttal Testimony Bench Questions"
"000000009598E9A20E04F041B38518182890A2D501001296C725372D7F4B86B758A22EA3141B0000003F57950000"	"\Divisions\PD\Substation Freeport\Inactive File\110459_NU_BunkerHill\BH_Matl_Order"
"000000009598E9A20E04F041B38518182890A2D501001296C725372D7F4B86B758A22EA3141B0000005D209B0000"	"\Divisions\PD\Substation Freeport\Inactive File\112815 Jackman Capacitor Bank "
"000000009598E9A20E04F041B38518182890A2D50100E34BFE500669CD49AC2E27C6C54DE39D000000383EB40000"	"\Divisions\PD\Substation Freeport\Inactive File\119661_CMP_MDC_Site_Assessment"
"000000009598E9A20E04F041B38518182890A2D501001953B16A689BCD4AA8FC82955DB27CB1000000A2787D0000"	"\Divisions\PD\Substation Freeport\Inactive File\CLOSED_109947_CMP_ScarOOBLine\109947 Saco  Bay Prelim & MPUC\Conference Calls"
"000000009598E9A20E04F041B38518182890A2D501001953B16A689BCD4AA8FC82955DB27CB1000000A2788C0000"	"\Divisions\PD\Substation Freeport\Inactive File\CLOSED_109947_CMP_ScarOOBLine\109947 Saco  Bay Prelim & MPUC\Data Requests\Oral Data Request ODR-03"
"000000009598E9A20E04F041B38518182890A2D501001953B16A689BCD4AA8FC82955DB27CB1000000A2789B0000"	"\Divisions\PD\Substation Freeport\Inactive File\CLOSED_109947_CMP_ScarOOBLine\109947 Saco  Bay Prelim & MPUC\MPUC Hearings\Rebuttal Testimony"
"000000009598E9A20E04F041B38518182890A2D501001953B16A689BCD4AA8FC82955DB27CB1000000A278AA0000"	"\Divisions\PD\Substation Freeport\Inactive File\CLOSED_109947_CMP_ScarOOBLine1\109947 Saco  Bay Prelim & MPUC\Conference Calls"
"000000009598E9A20E04F041B38518182890A2D501001953B16A689BCD4AA8FC82955DB27CB1000000A278B90000"	"\Divisions\PD\Substation Freeport\Inactive File\CLOSED_109947_CMP_ScarOOBLine1\109947 Saco  Bay Prelim & MPUC\Data Requests\Oral Data Request ODR-03"
"000000009598E9A20E04F041B38518182890A2D501001953B16A689BCD4AA8FC82955DB27CB1000000B63DA10000"	"\Divisions\PD\Substation Freeport\Inactive File\CLOSED_109947_CMP_ScarOOBLine1\109947 Saco  Bay Prelim & MPUC\MPUC Hearings\Rebuttal Testimony"
"000000009598E9A20E04F041B38518182890A2D501001953B16A689BCD4AA8FC82955DB27CB1000000B63DB00000"	"\Divisions\PD\Substation Freeport\Inactive File\CLOSED_110459_NU_BunkerHill"
"000000009598E9A20E04F041B38518182890A2D501001953B16A689BCD4AA8FC82955DB27CB1000000B63DBF0000"	"\Divisions\PD\Substation Freeport\Inactive File\CLOSED_113438_RumfordIP "
"000000009598E9A20E04F041B38518182890A2D50100E34BFE500669CD49AC2E27C6C54DE39D0000003B82790000"	"\Divisions\PD\Substation Freeport\Inactive File\CLOSED_120596_Louden1"
"000000009598E9A20E04F041B38518182890A2D501001296C725372D7F4B86B758A22EA3141B0000000D4FD30000"	"\Divisions\PD\Substation Freeport\Inactive File\PSNM - San Juan S/S"
"000000009598E9A20E04F041B38518182890A2D50100E34BFE500669CD49AC2E27C6C54DE39D0000000929D60000"	"\Divisions\PD\Substation Freeport\Projects\113511_Millbury"
"000000009598E9A20E04F041B38518182890A2D501006C95E27D1ACA634AA1AADC20796388DD000000616F800000"	"\Divisions\PD\Substation Freeport\Projects\116048_Rumford115(CLOSED)"
"000000009598E9A20E04F041B38518182890A2D50100E34BFE500669CD49AC2E27C6C54DE39D0000003B82740000"	"\Divisions\PD\Substation Freeport\Projects\121849_Northfield_Mtn"
"000000009598E9A20E04F041B38518182890A2D50100A3DF33FCC9BD1644BD14FCA330AA978500000E8B14AE0000"	"\Divisions\PD\Substation Freeport\Projects\125563_Webster"
"000000009598E9A20E04F041B38518182890A2D50100A3DF33FCC9BD1644BD14FCA330AA9785000019C34FF30000"	"\Divisions\PD\Substation Freeport\Projects\129599_Reynolds_Hill"
"000000009598E9A20E04F041B38518182890A2D5010012225CC57BF01F4EA8CCA87A792FF35F0001153529B30000"	"\Divisions\PD\Substation Freeport\Projects\132927_AEP_Johns_Creek"
"000000009598E9A20E04F041B38518182890A2D50100A3DF33FCC9BD1644BD14FCA330AA978500001DACA9E50000"	"\Divisions\PD\Substation Freeport\Projects\134184   CL&P_N_Bloomfield_2A_NURR"
"000000009598E9A20E04F041B38518182890A2D50100F3BCE3A574023B4482F2E427B5A3121800004D870EDC0000"	"\Divisions\PD\Substation Freeport\Projects\135024_AEP_Nuttall_S/S"
"000000009598E9A20E04F041B38518182890A2D50100A3DF33FCC9BD1644BD14FCA330AA978500001F2AEB6E0000"	"\Divisions\PD\Substation Freeport\Projects\135918_CL&P_New_Britain_SS_Scoping"
"000000009598E9A20E04F041B38518182890A2D50100A3DF33FCC9BD1644BD14FCA330AA97850000217E416E0000"	"\Divisions\PD\Substation Freeport\Projects\137345_NGRID_MSA_Plainville"
"000000009598E9A20E04F041B38518182890A2D50100A3DF33FCC9BD1644BD14FCA330AA9785000022E4B01D0000"	"\Divisions\PD\Substation Freeport\Projects\138565_WMEC-PLEASANT_S/S_OCB_SCOPE"
"000000009598E9A20E04F041B38518182890A2D50100A3DF33FCC9BD1644BD14FCA330AA9785000026CA6A1E0000"	"\Divisions\PD\Substation Freeport\Projects\140548_ONCOR_Belton_Switch_Rplc"
"000000009598E9A20E04F041B38518182890A2D50100A3DF33FCC9BD1644BD14FCA330AA978500002AE933D50000"	"\Divisions\PD\Substation Freeport\Projects\142122_CLP_Redding_to_Norwalk"
"000000009598E9A20E04F041B38518182890A2D5010012225CC57BF01F4EA8CCA87A792FF35F0001181E1CB20000"	"\Divisions\PD\Substation Freeport\Projects\143409_AEP_E_Amsterdam"
"000000009598E9A20E04F041B38518182890A2D5010012225CC57BF01F4EA8CCA87A792FF35F0001420DD7E60000"	"\Divisions\PD\Substation Freeport\Projects\145220_PPL_Jenkins"
"000000009598E9A20E04F041B38518182890A2D5010012225CC57BF01F4EA8CCA87A792FF35F000124BAED840000"	"\Divisions\PD\Substation Freeport\Projects\146475_AEP_Schoenbrunn"
"000000009598E9A20E04F041B38518182890A2D5010012225CC57BF01F4EA8CCA87A792FF35F0001155FA60B0000"	"\Divisions\PD\Substation Freeport\Projects\148158_Oncor_Oak_Cliff_South"
"000000009598E9A20E04F041B38518182890A2D501001296C725372D7F4B86B758A22EA3141B0000000D4FE10000"	"\Divisions\PD\Substation Freeport\Proposals\000000_HughesRd"
"000000009598E9A20E04F041B38518182890A2D501001296C725372D7F4B86B758A22EA3141B00000014C00F0000"	"\Divisions\PD\Substation Freeport\Proposals\106471_VELCO\Email_Rec'd"
"000000009598E9A20E04F041B38518182890A2D501001296C725372D7F4B86B758A22EA3141B00000026E9B30000"	"\Divisions\PD\Substation Freeport\Proposals\108995_PSNH_Brentwood"
"000000009598E9A20E04F041B38518182890A2D501001296C725372D7F4B86B758A22EA3141B0000000BA4960000"	"\Divisions\PD\Substation Freeport\Proposals\Endless Energy - Cianbro"
"000000009598E9A20E04F041B38518182890A2D501001296C725372D7F4B86B758A22EA3141B00000018C4710000"	"\Divisions\PD\Substation Hailey"
"000000009598E9A20E04F041B38518182890A2D5010012225CC57BF01F4EA8CCA87A792FF35F0003ED40709C0000"	"\Divisions\PD\Substation Hailey\160814 - Tricorner"
"000000009598E9A20E04F041B38518182890A2D5010012225CC57BF01F4EA8CCA87A792FF35F0003ED4070BA0000"	"\Divisions\PD\Substation Hailey\164362 - Handley 41015"
"000000009598E9A20E04F041B38518182890A2D5010012225CC57BF01F4EA8CCA87A792FF35F00046438862C0000"	"\Divisions\PD\Substation Hailey\168664 - Marrs 41021"
"000000009598E9A20E04F041B38518182890A2D5010012225CC57BF01F4EA8CCA87A792FF35F0004D6B8556E0000"	"\Divisions\PD\Substation Hailey\173610 - Sulphur Springs 46280"
"000000009598E9A20E04F041B38518182890A2D5010012225CC57BF01F4EA8CCA87A792FF35F00059D072BA20000"	"\Divisions\PD\Substation Hailey\179798 - Sherry 47154"
"000000009598E9A20E04F041B38518182890A2D5010012225CC57BF01F4EA8CCA87A792FF35F0005FD4CFD700000"	"\Divisions\PD\Substation Hailey\238645 - Judd Court 49693"
"000000009598E9A20E04F041B38518182890A2D5010012225CC57BF01F4EA8CCA87A792FF35F0006944A8D2B0000"	"\Divisions\PD\Substation Hailey\245104 - Woodbury Switch 50163"
"000000009598E9A20E04F041B38518182890A2D5010012225CC57BF01F4EA8CCA87A792FF35F000459EB808B0000"	"\Divisions\PD\Substation Hailey\Airport Road"
"000000009598E9A20E04F041B38518182890A2D5010012225CC57BF01F4EA8CCA87A792FF35F0007CD7EDF1D0000"	"\Divisions\PD\Substation Hailey\RLM Oncor TRP 2024"
"000000009598E9A20E04F041B38518182890A2D50100A3DF33FCC9BD1644BD14FCA330AA978500002134F4760000"	"\Divisions\PD\Substation Hamilton\137145"
"000000009598E9A20E04F041B38518182890A2D5010012225CC57BF01F4EA8CCA87A792FF35F0001A42619C30000"	"\Divisions\PD\Substation Hamilton\141903\141903 NLRP Alburtis Phase 1\Phase I Proposal"
"000000009598E9A20E04F041B38518182890A2D50100A3DF33FCC9BD1644BD14FCA330AA978500002CE0C5960000"	"\Divisions\PD\Substation Houston\0 Vicki Johnson Projects"
"000000009598E9A20E04F041B38518182890A2D50100E34BFE500669CD49AC2E27C6C54DE39D0000003B831E0000"	"\Divisions\PD\Substation Houston\00-Closed Projects"
"000000009598E9A20E04F041B38518182890A2D50100E34BFE500669CD49AC2E27C6C54DE39D0000001E369D0000"	"\Divisions\PD\Substation Houston\01-General Oncor Information\00 CLOSED PROJECTS\ATL Burkburnett WA05T62013 (not mine)"
"000000009598E9A20E04F041B38518182890A2D50100E34BFE500669CD49AC2E27C6C54DE39D0000000929890000"	"\Divisions\PD\Substation Houston\01-General Oncor Information\00 CLOSED PROJECTS\Odessa_109971_WA06T63012\Line Tuners"
"000000009598E9A20E04F041B38518182890A2D50100E34BFE500669CD49AC2E27C6C54DE39D0000000AFCAB0000"	"\Divisions\PD\Substation Houston\01-General Oncor Information\00 CLOSED PROJECTS\Welch_Road_111561_WA07T65042"
"000000009598E9A20E04F041B38518182890A2D50100E34BFE500669CD49AC2E27C6C54DE39D0000001B9A8A0000"	"\Divisions\PD\Substation Houston\01-General Oncor Information\00 ISSUES - ANNOUNCEMENTS\Moving material from Muleshoe\PT"
"000000009598E9A20E04F041B38518182890A2D50100E34BFE500669CD49AC2E27C6C54DE39D0000002470320000"	"\Divisions\PD\Substation Houston\01-General Oncor Information\00 REPORTS\CWIP Reports"
"000000009598E9A20E04F041B38518182890A2D50100E34BFE500669CD49AC2E27C6C54DE39D0000002840CE0000"	"\Divisions\PD\Substation Houston\01-General Oncor Information\00 VENDOR INFO"
"000000009598E9A20E04F041B38518182890A2D50100E34BFE500669CD49AC2E27C6C54DE39D0000002A34DD0000"	"\Divisions\PD\Substation Houston\01-General Oncor Information\ST LOUIS PROJECTS\Completion Report"
"000000009598E9A20E04F041B38518182890A2D50100E34BFE500669CD49AC2E27C6C54DE39D0000003DC0B60000"	"\Divisions\PD\Substation Houston\122218_AEP_Princeton"
"000000009598E9A20E04F041B38518182890A2D50100A3DF33FCC9BD1644BD14FCA330AA9785000018B253370000"	"\Divisions\PD\Substation Houston\123360_AEP_Morgan_Fork_PVID#_123360"
"000000009598E9A20E04F041B38518182890A2D50100A3DF33FCC9BD1644BD14FCA330AA97850000253F288F0000"	"\Divisions\PD\Substation Houston\124672_AEP_East_Amsterdam_PVID#_34356\APS NOTIFICATIONS"
"000000009598E9A20E04F041B38518182890A2D50100A3DF33FCC9BD1644BD14FCA330AA978500001599F5720000"	"\Divisions\PD\Substation Houston\125706_Oncor_Fasken_Ranch_138kV_POI_WA12T63147\Battery-Rack-Charger"
"000000009598E9A20E04F041B38518182890A2D50100A3DF33FCC9BD1644BD14FCA330AA9785000017EC66240000"	"\Divisions\PD\Substation Houston\127497_Oncor_Venus_Sw_138kV_Bus_Diff_WA13T65008"
"000000009598E9A20E04F041B38518182890A2D50100A3DF33FCC9BD1644BD14FCA330AA97850000253F3F480000"	"\Divisions\PD\Substation Houston\127854_AEP_Breaks STN_33963\CAROLYN BLANKENSHIP"
"000000009598E9A20E04F041B38518182890A2D50100A3DF33FCC9BD1644BD14FCA330AA9785000018B235920000"	"\Divisions\PD\Substation Houston\128902_Amarillo_DFR"
"000000009598E9A20E04F041B38518182890A2D50100A3DF33FCC9BD1644BD14FCA330AA97850000198FB0040000"	"\Divisions\PD\Substation Houston\129861_Oncor_Moss_SW_Install_WA14T63003"
"000000009598E9A20E04F041B38518182890A2D50100A3DF33FCC9BD1644BD14FCA330AA978500001B7597CB0000"	"\Divisions\PD\Substation Houston\130443_AEP_Tiffin_Center_35804"
"000000009598E9A20E04F041B38518182890A2D50100A3DF33FCC9BD1644BD14FCA330AA978500001DC6F5850000"	"\Divisions\PD\Substation Houston\131415_Oncor_NW Carrollton"
"000000009598E9A20E04F041B38518182890A2D50100A3DF33FCC9BD1644BD14FCA330AA97850000260D0A1D0000"	"\Divisions\PD\Substation Houston\132133_AEP_Ruth_Station_PVID#_38295\APS NOTIFICATIONS"
"000000009598E9A20E04F041B38518182890A2D50100A3DF33FCC9BD1644BD14FCA330AA97850000219D15B00000"	"\Divisions\PD\Substation Houston\132538_Wyoming_Station_132538\APS NOTIFICATIONS"
"000000009598E9A20E04F041B38518182890A2D50100A3DF33FCC9BD1644BD14FCA330AA978500001CD515F20000"	"\Divisions\PD\Substation Houston\133329_Oncor_Camont_Sub"
"000000009598E9A20E04F041B38518182890A2D50100A3DF33FCC9BD1644BD14FCA330AA97850000241FFAB00000"	"\Divisions\PD\Substation Houston\133941_AEP_Jim Branch Instl_PVID#38922"
"000000009598E9A20E04F041B38518182890A2D50100A3DF33FCC9BD1644BD14FCA330AA978500001DC3C8310000"	"\Divisions\PD\Substation Houston\134356_Oncor_Midland_Cty_NW_WA#"
"000000009598E9A20E04F041B38518182890A2D50100A3DF33FCC9BD1644BD14FCA330AA9785000021924AF30000"	"\Divisions\PD\Substation Houston\135180_Oncor_Sweetwater Crk_WA#15T63015"
"000000009598E9A20E04F041B38518182890A2D50100A3DF33FCC9BD1644BD14FCA330AA978500002097B7950000"	"\Divisions\PD\Substation Houston\136377_Oncor_NW Carrollton_15T65041"
"000000009598E9A20E04F041B38518182890A2D50100A3DF33FCC9BD1644BD14FCA330AA978500002338C6B60000"	"\Divisions\PD\Substation Houston\137511_Oncor_Calmont_15T62021"
"000000009598E9A20E04F041B38518182890A2D50100A3DF33FCC9BD1644BD14FCA330AA9785000022D1F11F0000"	"\Divisions\PD\Substation Houston\138512_Oncor_Paul David_WA#15T63062"
"000000009598E9A20E04F041B38518182890A2D50100A3DF33FCC9BD1644BD14FCA330AA978500002424CA7B0000"	"\Divisions\PD\Substation Houston\139314_Oncor_Tyler GE Line Term_WA#"
"000000009598E9A20E04F041B38518182890A2D50100A3DF33FCC9BD1644BD14FCA330AA97850000258D42EF0000"	"\Divisions\PD\Substation Houston\139882_Oncor_Carrollton NW_WA# TBD"
"000000009598E9A20E04F041B38518182890A2D50100A3DF33FCC9BD1644BD14FCA330AA978500002680B59F0000"	"\Divisions\PD\Substation Houston\140341_Xcel_Hutchinson RTU Pre-Commissioning"
"000000009598E9A20E04F041B38518182890A2D50100A3DF33FCC9BD1644BD14FCA330AA9785000027B49CC10000"	"\Divisions\PD\Substation Houston\140693_AEP_Telecom Lakeside_PVID#11087"
"000000009598E9A20E04F041B38518182890A2D50100F3BCE3A574023B4482F2E427B5A3121800004EC0BCA50000"	"\Divisions\PD\Substation Houston\141048_AEP_Telecom Montpelier_PVID# 11105"
"000000009598E9A20E04F041B38518182890A2D50100A3DF33FCC9BD1644BD14FCA330AA9785000029DF3B170000"	"\Divisions\PD\Substation Houston\141405_Oncor_FW Southwest Sub_WA# TBD"
"000000009598E9A20E04F041B38518182890A2D50100A3DF33FCC9BD1644BD14FCA330AA978500002C3527930000"	"\Divisions\PD\Substation Houston\142119_STEC_Carnero in Reveille"
"000000009598E9A20E04F041B38518182890A2D50100A3DF33FCC9BD1644BD14FCA330AA978500002CA247850000"	"\Divisions\PD\Substation Houston\142637_AEP_Telecom So Millersburg_PVID#13172"
"000000009598E9A20E04F041B38518182890A2D5010012225CC57BF01F4EA8CCA87A792FF35F00001ACFFDC10000"	"\Divisions\PD\Substation Houston\143754_Xcel_Roosevelt - 230kV Tam Precomm"
"000000009598E9A20E04F041B38518182890A2D5010012225CC57BF01F4EA8CCA87A792FF35F00004331C99F0000"	"\Divisions\PD\Substation Houston\144304_Oncor_Sterrett Sw: Rplc 69 CB_WA#17T65061"
"000000009598E9A20E04F041B38518182890A2D5010012225CC57BF01F4EA8CCA87A792FF35F00009620BFC90000"	"\Divisions\PD\Substation Houston\145557_Oncor_Pegasus S Sub Install DG_WA#17T610047"
"000000009598E9A20E04F041B38518182890A2D5010012225CC57BF01F4EA8CCA87A792FF35F0000BBEFC05E0000"	"\Divisions\PD\Substation Houston\146112_Xcel_Pringle Oil - Precomm Tam"
"000000009598E9A20E04F041B38518182890A2D5010012225CC57BF01F4EA8CCA87A792FF35F0000E788788E0000"	"\Divisions\PD\Substation Houston\147083_Xcel_Portales South Pre-Comm"
"000000009598E9A20E04F041B38518182890A2D5010012225CC57BF01F4EA8CCA87A792FF35F000118DC9E6E0000"	"\Divisions\PD\Substation Houston\148483_Xcel_Hobbs Gen - New 345kV Auto"
"000000009598E9A20E04F041B38518182890A2D50100E34BFE500669CD49AC2E27C6C54DE39D0000003DC0F70000"	"\Divisions\PD\Substation Houston\AEP-Leipsic"
"000000009598E9A20E04F041B38518182890A2D50100A3DF33FCC9BD1644BD14FCA330AA978500001D7D06F10000"	"\Divisions\PD\Substation Houston\CLOSED_116005_Oncor_Bowman_10T62001_ADD AS ADDL PST\Material Issues"
"000000009598E9A20E04F041B38518182890A2D50100E34BFE500669CD49AC2E27C6C54DE39D0000005C2A0B0000"	"\Divisions\PD\Substation Houston\CLOSED_116741_Oncor_Hicks_12T62001\Oncor Order Forms\345kV Breakers"
"000000009598E9A20E04F041B38518182890A2D50100A3DF33FCC9BD1644BD14FCA330AA978500001BF151190000"	"\Divisions\PD\Substation Houston\CLOSED_116769_Oncor_Central_Bluff_WA10T63008\10T63008 MATERIAL\CCVT'S"
"000000009598E9A20E04F041B38518182890A2D50100E34BFE500669CD49AC2E27C6C54DE39D0000003149B80000"	"\Divisions\PD\Substation Houston\CLOSED_116856_Oncor_Killeen_WA10T64002\Steel"
"000000009598E9A20E04F041B38518182890A2D50100E34BFE500669CD49AC2E27C6C54DE39D000000383EE30000"	"\Divisions\PD\Substation Houston\CLOSED_116940_Oncor_Dermott_WA11T63004\Hilti Bolts"
"000000009598E9A20E04F041B38518182890A2D50100A3DF33FCC9BD1644BD14FCA330AA978500001D7D9F580000"	"\Divisions\PD\Substation Houston\CLOSED_117072_Oncor_Ector_City_10T63108\Material Orders1"
"000000009598E9A20E04F041B38518182890A2D50100E34BFE500669CD49AC2E27C6C54DE39D00000025D3CC0000"	"\Divisions\PD\Substation Houston\CLOSED_118024_Oncor_Whitney_10T64077"
"000000009598E9A20E04F041B38518182890A2D50100E34BFE500669CD49AC2E27C6C54DE39D0000003499350000"	"\Divisions\PD\Substation Houston\CLOSED_119866_Oncor_Venus_WA11T65208\Arresters"
"000000009598E9A20E04F041B38518182890A2D50100A3DF33FCC9BD1644BD14FCA330AA978500001D9106790000"	"\Divisions\PD\Substation Houston\CLOSED_119956_Oncor_Temple_11T64114_ADD TO PST\BOM"
"000000009598E9A20E04F041B38518182890A2D50100A3DF33FCC9BD1644BD14FCA330AA978500001D9186700000"	"\Divisions\PD\Substation Houston\CLOSED_120157_Oncor_Com Pk_10T62233_ADD TO PST\EMT"
"000000009598E9A20E04F041B38518182890A2D50100A3DF33FCC9BD1644BD14FCA330AA978500001D955DCB0000"	"\Divisions\PD\Substation Houston\CLOSED_120468_Oncor_Cedar Hill_11T65217_ADD TO PST\EMT Orders"
"000000009598E9A20E04F041B38518182890A2D50100A3DF33FCC9BD1644BD14FCA330AA978500001BD54B050000"	"\Divisions\PD\Substation Houston\CLOSED_121026_Oncor_Greenvile_07T65107_Add to PST"
"000000009598E9A20E04F041B38518182890A2D501001953B16A689BCD4AA8FC82955DB27CB10000017095B90000"	"\Divisions\PD\Substation Houston\CLOSED_122533_Oncor_Hutto_WA11T64146\EMT Confirmaitons"
"000000009598E9A20E04F041B38518182890A2D50100A3DF33FCC9BD1644BD14FCA330AA9785000017069F9C0000"	"\Divisions\PD\Substation Houston\CLOSED_123486_Oncor_Clarksville_Sub_WA11T64194\In-Service Reports"
"000000009598E9A20E04F041B38518182890A2D50100A3DF33FCC9BD1644BD14FCA330AA978500001706140E0000"	"\Divisions\PD\Substation Houston\CLOSED_124585_Oncor_Colorado_City_WA12T63116\FAR Reports"
"000000009598E9A20E04F041B38518182890A2D50100A3DF33FCC9BD1644BD14FCA330AA9785000016F07D3F0000"	"\Divisions\PD\Substation Houston\CLOSED_124856_Oncor_Crez_Bluff_Creek_WA12T63132\FAR Reports"
"000000009598E9A20E04F041B38518182890A2D50100A3DF33FCC9BD1644BD14FCA330AA978500001727E9350000"	"\Divisions\PD\Substation Houston\CLOSED_126497_Oncor_Venus_12T65291\FAR Reports"
"000000009598E9A20E04F041B38518182890A2D50100A3DF33FCC9BD1644BD14FCA330AA978500001967C49D0000"	"\Divisions\PD\Substation Houston\CLOSED_129396_Oncor_Mineral_Wells_13T61025"
"000000009598E9A20E04F041B38518182890A2D50100E34BFE500669CD49AC2E27C6C54DE39D0000001ABFBA0000"	"\Divisions\PD\Substation Houston\Oncor-Elgin"
"000000009598E9A20E04F041B38518182890A2D50100A3DF33FCC9BD1644BD14FCA330AA9785000017654F730000"	"\Divisions\PD\Substation Houston\XXXXXX_Brazos_Morris_Shepherd_Oran\Oncor-Elgin\Reactors\Areva"
"000000009598E9A20E04F041B38518182890A2D5010012225CC57BF01F4EA8CCA87A792FF35F0000BBEFC0560000"	"\Divisions\PD\Substation Oradell\00_Substation Oradell"
"000000009598E9A20E04F041B38518182890A2D5010012225CC57BF01F4EA8CCA87A792FF35F0000B10731B20000"	"\Divisions\PD\Substation Oradell\146299"
"000000009598E9A20E04F041B38518182890A2D50100A3DF33FCC9BD1644BD14FCA330AA97850000260B42120000"	"\Divisions\PD\Substation Orlando\135673 SUNFLOWER HIGH POINT SUBSTATION"
"000000009598E9A20E04F041B38518182890A2D50100A3DF33FCC9BD1644BD14FCA330AA978500002C0BC0300000"	"\Divisions\PD\Substation Orlando\142769 DEF-WILLISTON NORTH NEW SUB"
"000000009598E9A20E04F041B38518182890A2D50100A3DF33FCC9BD1644BD14FCA330AA978500001D3C11E40000"	"\Divisions\PD\Substation Phoenix\133537 TEP Avalon Design Type 3"
"000000009598E9A20E04F041B38518182890A2D50100A3DF33FCC9BD1644BD14FCA330AA9785000027C9C9F20000"	"\Divisions\PD\Substation Phoenix\140858 APS NERC CIP 5 STD Engr Support"
"000000009598E9A20E04F041B38518182890A2D5010012225CC57BF01F4EA8CCA87A792FF35F0001B36E3BA60000"	"\Divisions\PD\Substation Phoenix\152787 Coulter-Fiber Ring Build-Out"
"000000009598E9A20E04F041B38518182890A2D5010012225CC57BF01F4EA8CCA87A792FF35F00025CA6B6070000"	"\Divisions\PD\Substation Phoenix\155033 EAST RIAC - SUB RETIREMENT"
"000000009598E9A20E04F041B38518182890A2D5010012225CC57BF01F4EA8CCA87A792FF35F0002EC0058310000"	"\Divisions\PD\Substation Phoenix\160009 S-HILLSIDE FIBER"
"000000009598E9A20E04F041B38518182890A2D5010064CEE54672FD844491A13B5C6CAEE87D0000002AB1C20000"	"\Divisions\PD\Substation Portland\117542_P'Corp_Community Park Perm Sub"
"000000009598E9A20E04F041B38518182890A2D5010064CEE54672FD844491A13B5C6CAEE87D0000002F1E950000"	"\Divisions\PD\Substation Portland\119530_P'Corp_Emery Unit 1 Tie Line"
"000000009598E9A20E04F041B38518182890A2D5010064CEE54672FD844491A13B5C6CAEE87D000000309DEB0000"	"\Divisions\PD\Substation Portland\120390_P'Corp_Alderwood_Sub_Instl"
"000000009598E9A20E04F041B38518182890A2D5010064CEE54672FD844491A13B5C6CAEE87D00000036525D0000"	"\Divisions\PD\Substation Portland\121049_PCORP_ALDERWOOD_ADD_2ND_XFMR "
"000000009598E9A20E04F041B38518182890A2D5010064CEE54672FD844491A13B5C6CAEE87D0000003731A40000"	"\Divisions\PD\Substation Portland\121610_P_EAST_LEVEE-RELAY_REPLACE"
"000000009598E9A20E04F041B38518182890A2D5010064CEE54672FD844491A13B5C6CAEE87D00000039FFD90000"	"\Divisions\PD\Substation Portland\121972_P_TRINIDAD_345KV_CB5490"
"000000009598E9A20E04F041B38518182890A2D5010064CEE54672FD844491A13B5C6CAEE87D0000003A00130000"	"\Divisions\PD\Substation Portland\122095_NAUGHTON_UNIT_3_TIE_LINE"
"000000009598E9A20E04F041B38518182890A2D50100CB7D9B6512D7374A860FE542D577039200000112FF890000"	"\Divisions\PD\Substation Portland\122701_MALIN_REPL_BRKR"
"000000009598E9A20E04F041B38518182890A2D50100CB7D9B6512D7374A860FE542D57703920000011925040000"	"\Divisions\PD\Substation Portland\122847_NRG_ALPINE PV INTERCONNECT "
"000000009598E9A20E04F041B38518182890A2D501001953B16A689BCD4AA8FC82955DB27CB1000000D5A8AE0000"	"\Divisions\PD\Substation Portland\123595 P'CORP DAVEJOHNSTON REBUILD TM"
"000000009598E9A20E04F041B38518182890A2D501001953B16A689BCD4AA8FC82955DB27CB10000011A5D380000"	"\Divisions\PD\Substation Portland\124009 FSE STATELINE"
"000000009598E9A20E04F041B38518182890A2D501001953B16A689BCD4AA8FC82955DB27CB10000016CE20C0000"	"\Divisions\PD\Substation Portland\124157 P'CORP NERC LN (WI01A) RATINGS"
"000000009598E9A20E04F041B38518182890A2D501001953B16A689BCD4AA8FC82955DB27CB1000001BB87BC0000"	"\Divisions\PD\Substation Portland\124482 P'CORP NERC LINE B30 RATINGS"
"000000009598E9A20E04F041B38518182890A2D50100A3DF33FCC9BD1644BD14FCA330AA978500000E8F36950000"	"\Divisions\PD\Substation Portland\125151 PCORP - Beck Street to Jordan 46kV Line"
"000000009598E9A20E04F041B38518182890A2D50100A3DF33FCC9BD1644BD14FCA330AA978500001584D0180000"	"\Divisions\PD\Substation Portland\125867 P'CORP PRN2 SUBSTATION"
"000000009598E9A20E04F041B38518182890A2D50100A3DF33FCC9BD1644BD14FCA330AA9785000016F7512B0000"	"\Divisions\PD\Substation Portland\126549 P'CORP NERC LN A13 RATINGS"
"000000009598E9A20E04F041B38518182890A2D50100A3DF33FCC9BD1644BD14FCA330AA97850000170485360000"	"\Divisions\PD\Substation Portland\126604 P'CORP NERC LN BB05 RATING"
"000000009598E9A20E04F041B38518182890A2D50100A3DF33FCC9BD1644BD14FCA330AA978500001D4CED990000"	"\Divisions\PD\Substation Portland\127419 POR CREZ--BROWN 345KV CAP BANK\Procurement"
"000000009598E9A20E04F041B38518182890A2D50100A3DF33FCC9BD1644BD14FCA330AA97850000176B944B0000"	"\Divisions\PD\Substation Portland\127694 BPA SUMMER LAKE PACW MALIN"
"000000009598E9A20E04F041B38518182890A2D50100A3DF33FCC9BD1644BD14FCA330AA9785000017D3CA7C0000"	"\Divisions\PD\Substation Portland\128106 BPA SCHULTZ 500KV RAS LLL REPL"
"000000009598E9A20E04F041B38518182890A2D50100A3DF33FCC9BD1644BD14FCA330AA97850000188C47D80000"	"\Divisions\PD\Substation Portland\128642 COPPER MOUNTAIN SOLAR 3"
"000000009598E9A20E04F041B38518182890A2D50100A3DF33FCC9BD1644BD14FCA330AA9785000018E5DB740000"	"\Divisions\PD\Substation Portland\129109 P'CORP KNOTT SUB PE INC 11.7KV"
"000000009598E9A20E04F041B38518182890A2D50100A3DF33FCC9BD1644BD14FCA330AA9785000019703B560000"	"\Divisions\PD\Substation Portland\129626 BPA MUNRO RAS AC RACKS"
"000000009598E9A20E04F041B38518182890A2D50100A3DF33FCC9BD1644BD14FCA330AA9785000019A0FE420000"	"\Divisions\PD\Substation Portland\130163 GATES-GREGG MAP/PG&E"
"000000009598E9A20E04F041B38518182890A2D50100A3DF33FCC9BD1644BD14FCA330AA978500001A0A630D0000"	"\Divisions\PD\Substation Portland\130662 P'CORP BOEING NEW 138KV SUB"
"000000009598E9A20E04F041B38518182890A2D50100A3DF33FCC9BD1644BD14FCA330AA978500001AB784420000"	"\Divisions\PD\Substation Portland\131424 P'CORP 2013-01 RED BUTTE44682"
"000000009598E9A20E04F041B38518182890A2D50100A3DF33FCC9BD1644BD14FCA330AA978500001B2B5FA00000"	"\Divisions\PD\Substation Portland\131847 BPA IEC 61850 PROT DES"
"000000009598E9A20E04F041B38518182890A2D50100A3DF33FCC9BD1644BD14FCA330AA978500001B60FEF70000"	"\Divisions\PD\Substation Portland\132257 ADAMS OPCO DIST 40428"
"000000009598E9A20E04F041B38518182890A2D50100A3DF33FCC9BD1644BD14FCA330AA978500001BE85D090000"	"\Divisions\PD\Substation Portland\132776 P'CORP BLUFF SUB-INC CAPACITY"
"000000009598E9A20E04F041B38518182890A2D50100A3DF33FCC9BD1644BD14FCA330AA978500001C8901C40000"	"\Divisions\PD\Substation Portland\133123 P PARKDALE--REPLACE CB 260&550"
"000000009598E9A20E04F041B38518182890A2D50100A3DF33FCC9BD1644BD14FCA330AA978500001D69F2850000"	"\Divisions\PD\Substation Portland\133708 P'CORP PLATTE SUB REDESIGN"
"000000009598E9A20E04F041B38518182890A2D50100A3DF33FCC9BD1644BD14FCA330AA978500001DB189E50000"	"\Divisions\PD\Substation Portland\134232 BPA HOOD RIVER 115KV RELAY"
"000000009598E9A20E04F041B38518182890A2D50100A3DF33FCC9BD1644BD14FCA330AA978500001DDD9DE80000"	"\Divisions\PD\Substation Portland\134674 P RENNER SWTCH: RPLC BKRS&RLY"
"000000009598E9A20E04F041B38518182890A2D50100A3DF33FCC9BD1644BD14FCA330AA978500001E04C4720000"	"\Divisions\PD\Substation Portland\134896 P ELKTON-138KV ATHENS LN"
"000000009598E9A20E04F041B38518182890A2D50100A3DF33FCC9BD1644BD14FCA330AA978500001EC7B1970000"	"\Divisions\PD\Substation Portland\135347 P EASTLAND SUB: 69 EMGY CAP"
"000000009598E9A20E04F041B38518182890A2D50100A3DF33FCC9BD1644BD14FCA330AA978500001F11F73A0000"	"\Divisions\PD\Substation Portland\135743 P ELM MOTT 138 & 69 CB RPLC"
"000000009598E9A20E04F041B38518182890A2D50100A3DF33FCC9BD1644BD14FCA330AA978500001FA1690B0000"	"\Divisions\PD\Substation Portland\136026 P'CORP CROY-DEV SL CONST SUP"
"000000009598E9A20E04F041B38518182890A2D50100A3DF33FCC9BD1644BD14FCA330AA978500001FEDDF1C0000"	"\Divisions\PD\Substation Portland\136289 P'CORP FRY CONST SUPPORT"
"000000009598E9A20E04F041B38518182890A2D50100A3DF33FCC9BD1644BD14FCA330AA978500002192772F0000"	"\Divisions\PD\Substation Portland\137307 P'CORP DALREED PC RE SCN2"
"000000009598E9A20E04F041B38518182890A2D50100A3DF33FCC9BD1644BD14FCA330AA9785000022267F170000"	"\Divisions\PD\Substation Portland\137914 P'CORP PILOT BUTTE AS-BUILTS"
"000000009598E9A20E04F041B38518182890A2D50100A3DF33FCC9BD1644BD14FCA330AA97850000230D088C0000"	"\Divisions\PD\Substation Portland\138607 GREYHOUND-115-12.47KV XFMR-COM"
"000000009598E9A20E04F041B38518182890A2D50100A3DF33FCC9BD1644BD14FCA330AA9785000023B9B1710000"	"\Divisions\PD\Substation Portland\139090 SRP TPL STUDY 2015"
"000000009598E9A20E04F041B38518182890A2D50100A3DF33FCC9BD1644BD14FCA330AA9785000024AD17800000"	"\Divisions\PD\Substation Portland\139380 P'CORP ADAMS SOLAR"
"000000009598E9A20E04F041B38518182890A2D50100A3DF33FCC9BD1644BD14FCA330AA9785000025812F9C0000"	"\Divisions\PD\Substation Portland\139826 PGE - TEKTRONIX SUB DIST CAP"
"000000009598E9A20E04F041B38518182890A2D50100A3DF33FCC9BD1644BD14FCA330AA9785000026A66E480000"	"\Divisions\PD\Substation Portland\140333 SCADA REED 37362"
"000000009598E9A20E04F041B38518182890A2D50100A3DF33FCC9BD1644BD14FCA330AA9785000027CC040C0000"	"\Divisions\PD\Substation Portland\140811 P'CORP DAIRY SUB"
"000000009598E9A20E04F041B38518182890A2D50100A3DF33FCC9BD1644BD14FCA330AA9785000028D2ED460000"	"\Divisions\PD\Substation Portland\141217 P PERMIAN BASIN SW-DEMOLISH ST"
"000000009598E9A20E04F041B38518182890A2D50100A3DF33FCC9BD1644BD14FCA330AA978500002A1A74220000"	"\Divisions\PD\Substation Portland\141539 P'CORP SLC FACILITY TEST 46KV"
"000000009598E9A20E04F041B38518182890A2D50100A3DF33FCC9BD1644BD14FCA330AA978500002A8294760000"	"\Divisions\PD\Substation Portland\141966 PECO-UPPER MERION 1700"
"000000009598E9A20E04F041B38518182890A2D50100A3DF33FCC9BD1644BD14FCA330AA978500002BE193E10000"	"\Divisions\PD\Substation Portland\142401 P BLACKLAND POD-UPG LN TERM"
"000000009598E9A20E04F041B38518182890A2D50100A3DF33FCC9BD1644BD14FCA330AA978500002C16A37F0000"	"\Divisions\PD\Substation Portland\142873 SCE PEBBLY BEACH CONST SUPPORT"
"000000009598E9A20E04F041B38518182890A2D50100A3DF33FCC9BD1644BD14FCA330AA978500002D7512150000"	"\Divisions\PD\Substation Portland\143121 P LAS COLINAS 138 TERM UPG"
"000000009598E9A20E04F041B38518182890A2D5010012225CC57BF01F4EA8CCA87A792FF35F00000F57EAF70000"	"\Divisions\PD\Substation Portland\143517 UPPER DARBY 6657"
"000000009598E9A20E04F041B38518182890A2D5010012225CC57BF01F4EA8CCA87A792FF35F00002D5DDDA90000"	"\Divisions\PD\Substation Portland\143936 P'CORP PILOT BUTTE CONST SUPP"
"000000009598E9A20E04F041B38518182890A2D5010012225CC57BF01F4EA8CCA87A792FF35F00003945D1860000"	"\Divisions\PD\Substation Portland\144156 P YUCCA DR 2017 WORK"
"000000009598E9A20E04F041B38518182890A2D5010012225CC57BF01F4EA8CCA87A792FF35F00006E0172200000"	"\Divisions\PD\Substation Portland\144923 P KIRKLAND PARK:138 BUS RPLC"
"000000009598E9A20E04F041B38518182890A2D5010012225CC57BF01F4EA8CCA87A792FF35F0000A56624DD0000"	"\Divisions\PD\Substation Portland\146087 6652 CHESTER"
"000000009598E9A20E04F041B38518182890A2D5010012225CC57BF01F4EA8CCA87A792FF35F0000C6905D1F0000"	"\Divisions\PD\Substation Portland\146579 PGE HARBORTON STONE COL ADMIN"
"000000009598E9A20E04F041B38518182890A2D5010012225CC57BF01F4EA8CCA87A792FF35F0000FD2CBF260000"	"\Divisions\PD\Substation Portland\147857 STEEL TAP FIBER ADDITION"
"000000009598E9A20E04F041B38518182890A2D5010012225CC57BF01F4EA8CCA87A792FF35F00011B650DE70000"	"\Divisions\PD\Substation Portland\148534 P ROYSE SWITCH 345KV POI"
"000000009598E9A20E04F041B38518182890A2D5010012225CC57BF01F4EA8CCA87A792FF35F000134A906FD0000"	"\Divisions\PD\Substation Portland\149109 P'CORP KLAMATH FALLS SUB-RPL"
"000000009598E9A20E04F041B38518182890A2D5010012225CC57BF01F4EA8CCA87A792FF35F000262142F810000"	"\Divisions\PD\Substation Portland\152596_Xcel_HTCO_T48"
"000000009598E9A20E04F041B38518182890A2D5010064CEE54672FD844491A13B5C6CAEE87D00000034EB1D0000"	"\Divisions\PD\Substation Portland\PacifiCorp Cad Coordination\P&C\Drating comments from Hurley\Windstar (Black Hills interconnect P&C Review 2)"
"000000009598E9A20E04F041B38518182890A2D5010064CEE54672FD844491A13B5C6CAEE87D000000309DA40000"	"\Divisions\PD\Substation Portland\PacifiCorp Cad Coordination\Physical\PWC"
"000000009598E9A20E04F041B38518182890A2D501006C95E27D1ACA634AA1AADC20796388DD000000B408050000"	"\Divisions\PD\Substation Portland\PacifiCorp Thermal Energy"
"000000009598E9A20E04F041B38518182890A2D5010064CEE54672FD844491A13B5C6CAEE87D000000081A760000"	"\Divisions\PD\Substation Portland\Tomball Substation\Construction Scope"
"000000009598E9A20E04F041B38518182890A2D5010064CEE54672FD844491A13B5C6CAEE87D000000081A7D0000"	"\Divisions\PD\Substation Portland\Tomball Substation\R&S"
"000000009598E9A20E04F041B38518182890A2D50100572FF007A7D6B64CA96E5CFE8E1CC1A40000004914090000"	"\Divisions\PD\Substation San Diego\_DMS Upload\114394 2008 CAD Support\118146 Rancho Mission Viejo GND Study"
"000000009598E9A20E04F041B38518182890A2D50100572FF007A7D6B64CA96E5CFE8E1CC1A40000001935530000"	"\Divisions\PD\Substation San Diego\_DMS Upload\118063 SDG&E Oil Containment\Ash"
"000000009598E9A20E04F041B38518182890A2D50100A3DF33FCC9BD1644BD14FCA330AA978500001B7E98E00000"	"\Divisions\PD\Substation San Diego\_DRAFTER INFO"
"000000009598E9A20E04F041B38518182890A2D50100A3DF33FCC9BD1644BD14FCA330AA978500001E923ABF0000"	"\Divisions\PD\Substation San Diego\_HECO\132488 Waiawa Solar"
"000000009598E9A20E04F041B38518182890A2D50100CB7D9B6512D7374A860FE542D57703920000012D01820000"	"\Divisions\PD\Substation San Diego\119108 San Jacinto Check"
"000000009598E9A20E04F041B38518182890A2D50100572FF007A7D6B64CA96E5CFE8E1CC1A4000000643D0B0000"	"\Divisions\PD\Substation San Diego\121408 Blue Canyon 6 Prot & Int"
"000000009598E9A20E04F041B38518182890A2D50100A3DF33FCC9BD1644BD14FCA330AA9785000016B14BA10000"	"\Divisions\PD\Substation San Diego\122396 AEP Inez\IFC"
"000000009598E9A20E04F041B38518182890A2D50100A3DF33FCC9BD1644BD14FCA330AA9785000016C4E95C0000"	"\Divisions\PD\Substation San Diego\123055 SD KNWD Repl OCB Inst SCADA\FMP Question"
"000000009598E9A20E04F041B38518182890A2D501001953B16A689BCD4AA8FC82955DB27CB10000012FEA490000"	"\Divisions\PD\Substation San Diego\124039 Centinela - Drew CSE 230 Line"
"000000009598E9A20E04F041B38518182890A2D50100A3DF33FCC9BD1644BD14FCA330AA9785000015FF157C0000"	"\Divisions\PD\Substation San Diego\125183 IID RAMON"
"000000009598E9A20E04F041B38518182890A2D50100A3DF33FCC9BD1644BD14FCA330AA978500001776DD570000"	"\Divisions\PD\Substation San Diego\127733 APS Triliby Walsh EPC Project"
"000000009598E9A20E04F041B38518182890A2D50100A3DF33FCC9BD1644BD14FCA330AA9785000018E497CA0000"	"\Divisions\PD\Substation San Diego\129192 CBM Melrose"
"000000009598E9A20E04F041B38518182890A2D50100A3DF33FCC9BD1644BD14FCA330AA9785000019BB3FD40000"	"\Divisions\PD\Substation San Diego\130426 CAL Peak Dwgs For ISO App"
"000000009598E9A20E04F041B38518182890A2D50100A3DF33FCC9BD1644BD14FCA330AA978500001B3B073B0000"	"\Divisions\PD\Substation San Diego\131918 IID Hudson Ranch Substation"
"000000009598E9A20E04F041B38518182890A2D50100A3DF33FCC9BD1644BD14FCA330AA978500001BC6A8900000"	"\Divisions\PD\Substation San Diego\132544 CBM AS-BUILTS Pomerado"
"000000009598E9A20E04F041B38518182890A2D50100A3DF33FCC9BD1644BD14FCA330AA978500001DD9A3760000"	"\Divisions\PD\Substation San Diego\134476 Phoenix"
"000000009598E9A20E04F041B38518182890A2D50100A3DF33FCC9BD1644BD14FCA330AA978500001EF8E05B0000"	"\Divisions\PD\Substation San Diego\135640 SES CMS3 Marketplace Meter Updates"
"000000009598E9A20E04F041B38518182890A2D50100F3BCE3A574023B4482F2E427B5A3121800004D7BBE070000"	"\Divisions\PD\Substation San Diego\136703  SDG&E CBM-AB Rancho Carmel"
"000000009598E9A20E04F041B38518182890A2D50100A3DF33FCC9BD1644BD14FCA330AA97850000233013490000"	"\Divisions\PD\Substation San Diego\138486 Terra-Gen Cameron Ridge"
"000000009598E9A20E04F041B38518182890A2D50100A3DF33FCC9BD1644BD14FCA330AA97850000239CF90F0000"	"\Divisions\PD\Substation San Diego\139003 SDG&E CBM AB Paradise"
"000000009598E9A20E04F041B38518182890A2D50100A3DF33FCC9BD1644BD14FCA330AA978500002859D88D0000"	"\Divisions\PD\Substation San Diego\140815 NV Energy Alpine"
"000000009598E9A20E04F041B38518182890A2D50100A3DF33FCC9BD1644BD14FCA330AA978500002BF4F6230000"	"\Divisions\PD\Substation San Diego\142606 SDG&E PROJECT COORD-DRAWNG MGMT"
"000000009598E9A20E04F041B38518182890A2D5010012225CC57BF01F4EA8CCA87A792FF35F00015333EE870000"	"\Divisions\PD\Substation San Diego\149592 Heart of Texas"
"000000009598E9A20E04F041B38518182890A2D5010012225CC57BF01F4EA8CCA87A792FF35F00007E79BFC80000"	"\Divisions\PD\Substation St. Louis\Phys/Civil Scheduling Calendar"
"000000009598E9A20E04F041B38518182890A2D5010012225CC57BF01F4EA8CCA87A792FF35F00057CE536610000"	"\Divisions\PD\Veh. #375\truck\truck"
"000000009598E9A20E04F041B38518182890A2D50100A3DF33FCC9BD1644BD14FCA330AA978500001715A6900000"	"\Divisions\Telecom\CenturyLink\CO\QWEST OFF-PREM\tom"
"000000009598E9A20E04F041B38518182890A2D50100E34BFE500669CD49AC2E27C6C54DE39D0000003B826F0000"	"\International\Ubungo\Electrical"
"000000009598E9A20E04F041B38518182890A2D5010012225CC57BF01F4EA8CCA87A792FF35F00008C3235B60000"	"\Test\Test C"
"000000009598E9A20E04F041B38518182890A2D5010012225CC57BF01F4EA8CCA87A792FF35F000117D40FEB0000"	"\zApplications\BOI Advanced Technology Lab"
"000000009598E9A20E04F041B38518182890A2D5010012225CC57BF01F4EA8CCA87A792FF35F0006E1243D220000"	"\zApplications\CDEGS Users\Calendar"
"000000009598E9A20E04F041B38518182890A2D501001296C725372D7F4B86B758A22EA3141B0000003E32CB0000"	"\zApplications\ETAP Users"
"000000009598E9A20E04F041B38518182890A2D5010012225CC57BF01F4EA8CCA87A792FF35F0005CDC2D34F0000"	"\zApplications\Pathloss\Pathloss"
"000000009598E9A20E04F041B38518182890A2D5010012225CC57BF01F4EA8CCA87A792FF35F00067A9AF2120000"	"\zApplications\TM-OHL-0018-PTL"
