"EntryId"	"Identity"
"000000009598E9A20E04F041B38518182890A2D5010012225CC57BF01F4EA8CCA87A792FF35F0001F6347E6F0000"	"\Divisions\ENV\Air Quality BU"
"000000009598E9A20E04F041B38518182890A2D501006C95E27D1ACA634AA1AADC20796388DD0000006CA9140000"	"\Divisions\ENV\Environmental Anaheim\115245 BARREN RDG-EIR/EIS TA 01\EIS\Alternatives"
"000000009598E9A20E04F041B38518182890A2D501006C95E27D1ACA634AA1AADC20796388DD000000DA27480000"	"\Divisions\ENV\Environmental Anaheim\115245 BARREN RDG-EIR/EIS TA 01\EIS\PDEIS Chapters\Summary"
"000000009598E9A20E04F041B38518182890A2D501006C95E27D1ACA634AA1AADC20796388DD000000E51C3D0000"	"\Divisions\ENV\Environmental Anaheim\115245 BARREN RDG-EIR/EIS TA 01\Public Involvement\DEIS Hearings"
"000000009598E9A20E04F041B38518182890A2D501006C95E27D1ACA634AA1AADC20796388DD0000007027D40000"	"\Divisions\ENV\Environmental Anaheim\115245 BARREN RDG-EIR/EIS TA 01\Resources\Cultural"
"000000009598E9A20E04F041B38518182890A2D50100A3DF33FCC9BD1644BD14FCA330AA97850000170490210000"	"\Divisions\ENV\Environmental Anaheim\117189-TA13 ANF Archaeo Inventory\117189-TA13 ANF Archaeo Inventory1"
"000000009598E9A20E04F041B38518182890A2D50100F3BCE3A574023B4482F2E427B5A3121800004D7FE0EF0000"	"\Divisions\ENV\Environmental Anaheim\118242 HAIWEE GEOTHERMAL LEASING EIS\FEIS"
"000000009598E9A20E04F041B38518182890A2D501006C95E27D1ACA634AA1AADC20796388DD000000F5E7290000"	"\Divisions\ENV\Environmental Anaheim\118242 HAIWEE GEOTHERMAL LEASING EIS\Resources\Biology\MGS"
"000000009598E9A20E04F041B38518182890A2D50100572FF007A7D6B64CA96E5CFE8E1CC1A40000002B9D400000"	"\Divisions\ENV\Environmental Anaheim\118927 TA14 BRRTP DRAFT EIS/EIR"
"000000009598E9A20E04F041B38518182890A2D50100572FF007A7D6B64CA96E5CFE8E1CC1A40000003A7AFF0000"	"\Divisions\ENV\Environmental Anaheim\119911 TA61 LYTLE CRK BIO & ARCH 2010"
"000000009598E9A20E04F041B38518182890A2D50100A3DF33FCC9BD1644BD14FCA330AA97850000175B5BE50000"	"\Divisions\ENV\Environmental Anaheim\122512 RRG MESA SOLAR CEQA CONSULTANT\EIR/EA"
"000000009598E9A20E04F041B38518182890A2D501001953B16A689BCD4AA8FC82955DB27CB100000159B8EA0000"	"\Divisions\ENV\Environmental Anaheim\124278 RRG BLYTHE II SOLAR PROJ EIR RRG BLYTHE II SOLAR PROJ EIR"
"000000009598E9A20E04F041B38518182890A2D501001953B16A689BCD4AA8FC82955DB27CB1000001E567BA0000"	"\Divisions\ENV\Environmental Anaheim\125020 TA03 RSC4 - CULT RES MONIT"
"000000009598E9A20E04F041B38518182890A2D50100A3DF33FCC9BD1644BD14FCA330AA978500000E7731250000"	"\Divisions\ENV\Environmental Anaheim\125285 LOWR RR SUP CON UN1B"
"000000009598E9A20E04F041B38518182890A2D50100A3DF33FCC9BD1644BD14FCA330AA9785000017433D380000"	"\Divisions\ENV\Environmental Anaheim\127187 TA20 CA GNATCATCHER HAB ASESS"
"000000009598E9A20E04F041B38518182890A2D50100A3DF33FCC9BD1644BD14FCA330AA978500001C65B6730000"	"\Divisions\ENV\Environmental Anaheim\130568 KM - LINE 1901 PROJECT"
"000000009598E9A20E04F041B38518182890A2D50100A3DF33FCC9BD1644BD14FCA330AA978500001D9576AA0000"	"\Divisions\ENV\Environmental Anaheim\131359 TA37 BRRTP JURIS DEL/404 PERM"
"000000009598E9A20E04F041B38518182890A2D50100A3DF33FCC9BD1644BD14FCA330AA978500001F03BEDE0000"	"\Divisions\ENV\Environmental Anaheim\132104 TA41 BRRTP CLTRL RES SRVY/SPPT\TA 41 Cultural2"
"000000009598E9A20E04F041B38518182890A2D50100A3DF33FCC9BD1644BD14FCA330AA978500001DB8EC820000"	"\Divisions\ENV\Environmental Anaheim\134299 RIM ROCK - 2014 SPRING SURVEYS"
"000000009598E9A20E04F041B38518182890A2D50100A3DF33FCC9BD1644BD14FCA330AA978500002113A34B0000"	"\Divisions\ENV\Environmental Anaheim\137074 TA06 BRRTP HCSS HYDROSEED"
"000000009598E9A20E04F041B38518182890A2D50100A3DF33FCC9BD1644BD14FCA330AA978500002CC1F5500000"	"\Divisions\ENV\Environmental Anaheim\139850 BRRTP ANF SEED COLLECTION\139045 RVRSD CNTY DRAINAGE STUDY"
"000000009598E9A20E04F041B38518182890A2D50100A3DF33FCC9BD1644BD14FCA330AA9785000019695B290000"	"\Divisions\ENV\Environmental Anaheim\BRRTP@powereng.com Email ONLY\Addition and Change Requests"
"000000009598E9A20E04F041B38518182890A2D501001953B16A689BCD4AA8FC82955DB27CB1000001B56FD20000"	"\Divisions\ENV\Environmental Austin\00-PROPOSALS"
"000000009598E9A20E04F041B38518182890A2D50100A3DF33FCC9BD1644BD14FCA330AA9785000017E4F5DD0000"	"\Divisions\ENV\Environmental Austin\127929 Monticello East to Reed"
"000000009598E9A20E04F041B38518182890A2D5010012225CC57BF01F4EA8CCA87A792FF35F00005A4E3FBC0000"	"\Divisions\ENV\Environmental Austin\136328 Stiles-Coates"
"000000009598E9A20E04F041B38518182890A2D50100A3DF33FCC9BD1644BD14FCA330AA978500001EF193D70000"	"\Divisions\ENV\Environmental Boise\114809 VANTAGE POMONA HTS SITING\Comments\SDEIS Mailbox"
"000000009598E9A20E04F041B38518182890A2D50100A3DF33FCC9BD1644BD14FCA330AA9785000029DE5FD40000"	"\Divisions\ENV\Environmental Boise\114809 VANTAGE POMONA HTS SITING\Meetings\Cultural"
"000000009598E9A20E04F041B38518182890A2D501001953B16A689BCD4AA8FC82955DB27CB1000000F73FA60000"	"\Divisions\ENV\Environmental Boise\114809 VANTAGE POMONA HTS SITING\Sarah_emails\Vantage Pomona\Biology\Sage Grouse"
"000000009598E9A20E04F041B38518182890A2D501001953B16A689BCD4AA8FC82955DB27CB1000000F73FB90000"	"\Divisions\ENV\Environmental Boise\114809 VANTAGE POMONA HTS SITING\Sarah_emails\Vantage Pomona\Soils"
"000000009598E9A20E04F041B38518182890A2D50100A3DF33FCC9BD1644BD14FCA330AA978500001FE3BB3C0000"	"\Divisions\ENV\Environmental Boise\115841 TransWestEnergy\Rudolph Emails"
"000000009598E9A20E04F041B38518182890A2D501001953B16A689BCD4AA8FC82955DB27CB1000000F5ABAA0000"	"\Divisions\ENV\Environmental Boise\115841 TransWestEnergy\Sarah_emails\TransWest\LeapFile"
"000000009598E9A20E04F041B38518182890A2D50100A3DF33FCC9BD1644BD14FCA330AA9785000018C1B4240000"	"\Divisions\ENV\Environmental Boise\124278 PALO VERDE MESA SOLAR PROJ EIR"
"000000009598E9A20E04F041B38518182890A2D50100A3DF33FCC9BD1644BD14FCA330AA9785000021C72E070000"	"\Divisions\ENV\Environmental Boise\137626 MUD SPRINGS WIND RANCH"
"000000009598E9A20E04F041B38518182890A2D5010012225CC57BF01F4EA8CCA87A792FF35F00000C45261A0000"	"\Divisions\ENV\Environmental Boise\143484 FEIS SCHED-VANTAGE-POMONA HEIG"
"000000009598E9A20E04F041B38518182890A2D501006C95E27D1ACA634AA1AADC20796388DD0000006B27770000"	"\Divisions\ENV\Environmental Boise\Biology_Dept\101973 Biology\AAmes"
"000000009598E9A20E04F041B38518182890A2D501006C95E27D1ACA634AA1AADC20796388DD000000DE17770000"	"\Divisions\ENV\Environmental Boise\Biology_Dept\101973 Biology\KMcDonald"
"000000009598E9A20E04F041B38518182890A2D501006C95E27D1ACA634AA1AADC20796388DD00000093073C0000"	"\Divisions\ENV\Environmental Boise\Biology_Dept\101973 Biology\proposals\Mona-PCorps"
"000000009598E9A20E04F041B38518182890A2D501006C95E27D1ACA634AA1AADC20796388DD000000DE17750000"	"\Divisions\ENV\Environmental Boise\Biology_Dept\invoise_status_letters_pending"
"000000009598E9A20E04F041B38518182890A2D501006C95E27D1ACA634AA1AADC20796388DD00000040E2820000"	"\Divisions\ENV\Environmental Boise\GSA Contracts\AEP Contract"
"000000009598E9A20E04F041B38518182890A2D501006C95E27D1ACA634AA1AADC20796388DD00000062D16D0000"	"\Divisions\ENV\Environmental Boise\LADWP"
"000000009598E9A20E04F041B38518182890A2D501006C95E27D1ACA634AA1AADC20796388DD00000062A09A0000"	"\Divisions\ENV\Environmental Boise\SCE-prop"
"000000009598E9A20E04F041B38518182890A2D50100A3DF33FCC9BD1644BD14FCA330AA978500001BCF31C60000"	"\Divisions\ENV\Environmental Cincinnati\130776 UNITED DAIRY FARMERS - WELL SEALING-UDF147 HEBRON, KY"
"000000009598E9A20E04F041B38518182890A2D50100A3DF33FCC9BD1644BD14FCA330AA978500001BD1E1A30000"	"\Divisions\ENV\Environmental Cincinnati\130820 OHIO DEPT OF TRANSPORTATION - ODOT ENV SCRNNING-ST RTE 503"
"000000009598E9A20E04F041B38518182890A2D50100A3DF33FCC9BD1644BD14FCA330AA978500001BCE11AF0000"	"\Divisions\ENV\Environmental Cincinnati\130850 ALCOA INC - BADIN LAKE CAPPING CCR"
"000000009598E9A20E04F041B38518182890A2D50100A3DF33FCC9BD1644BD14FCA330AA978500001BD660F90000"	"\Divisions\ENV\Environmental Cincinnati\130900 MARATHON PETROLEUM COMPANY LP - ENV CONSTRAINTS DSKTP-WLLSVLL"
"000000009598E9A20E04F041B38518182890A2D50100A3DF33FCC9BD1644BD14FCA330AA978500001BD26ABB0000"	"\Divisions\ENV\Environmental Cincinnati\130988 SANOFI - SLLI AWP - PHASE 300"
"000000009598E9A20E04F041B38518182890A2D50100A3DF33FCC9BD1644BD14FCA330AA978500001BD270290000"	"\Divisions\ENV\Environmental Cincinnati\131004 SANOFI - SLLI AWP-CMTS - PHASE 1300"
"000000009598E9A20E04F041B38518182890A2D50100A3DF33FCC9BD1644BD14FCA330AA978500001BD5D2DE0000"	"\Divisions\ENV\Environmental Cincinnati\131123 WILLIAMS - PROGRAMMATIC MBTA COMPL"
"000000009598E9A20E04F041B38518182890A2D50100A3DF33FCC9BD1644BD14FCA330AA978500001BCF32E50000"	"\Divisions\ENV\Environmental Cincinnati\131245 UNITED DAIRY FARMERS - PHASE 1 ESA-ENGLEWOOD PLAZA"
"000000009598E9A20E04F041B38518182890A2D50100A3DF33FCC9BD1644BD14FCA330AA978500001BD661110000"	"\Divisions\ENV\Environmental Cincinnati\131263 WD PARTNERS - INDIANA BAT COMPL-NASHVILLE"
"000000009598E9A20E04F041B38518182890A2D50100A3DF33FCC9BD1644BD14FCA330AA978500001ACD49E70000"	"\Divisions\ENV\Environmental Cincinnati\131507 ALCOA - SOIL MANAGEMENT PLAN - NORTH PLANT"
"000000009598E9A20E04F041B38518182890A2D50100A3DF33FCC9BD1644BD14FCA330AA978500001BCF2E0B0000"	"\Divisions\ENV\Environmental Cincinnati\131647 METROPOLITAN SEWER DISTRICT - CSO/483 SC PHASE B"
"000000009598E9A20E04F041B38518182890A2D50100A3DF33FCC9BD1644BD14FCA330AA978500001BCDCAF40000"	"\Divisions\ENV\Environmental Cincinnati\131902 METROPOLITAN SEWER DISTRICT - MSD CSO 488/490 I-75 RECONST"
"000000009598E9A20E04F041B38518182890A2D50100A3DF33FCC9BD1644BD14FCA330AA978500001BCF2CB80000"	"\Divisions\ENV\Environmental Cincinnati\132264 NORTHERN KENTUCKY UNIVERSITY - NKU HAZMAT SURVEY"
"000000009598E9A20E04F041B38518182890A2D50100A3DF33FCC9BD1644BD14FCA330AA978500001BCDC1930000"	"\Divisions\ENV\Environmental Cincinnati\132632 UNITED DAIRY FARMERS - GW SAMPLING UDF 134"
"000000009598E9A20E04F041B38518182890A2D50100A3DF33FCC9BD1644BD14FCA330AA978500001BF2DFBD0000"	"\Divisions\ENV\Environmental Cincinnati\132809 UNITED DAIRY FARMERS-UDF631 PIPE CLOSURE"
"000000009598E9A20E04F041B38518182890A2D50100A3DF33FCC9BD1644BD14FCA330AA978500001C7741A30000"	"\Divisions\ENV\Environmental Cincinnati\133070 SYMMES TOWNSHIP-WETLAND PATH PERMITTING"
"000000009598E9A20E04F041B38518182890A2D50100A3DF33FCC9BD1644BD14FCA330AA978500001D2FFDD30000"	"\Divisions\ENV\Environmental Cincinnati\133451 ALCOA INC-WELL SAMPLING & MONITORING"
"000000009598E9A20E04F041B38518182890A2D50100A3DF33FCC9BD1644BD14FCA330AA978500001D773A550000"	"\Divisions\ENV\Environmental Cincinnati\133653 MATLOCK ELECTRIC COMPANY-MATLOCK PHASE I ESA"
"000000009598E9A20E04F041B38518182890A2D50100A3DF33FCC9BD1644BD14FCA330AA978500001DD0B2A60000"	"\Divisions\ENV\Environmental Cincinnati\133828 SANOFI-SLLI PH 201-OU1A ORG PLANT"
"000000009598E9A20E04F041B38518182890A2D50100A3DF33FCC9BD1644BD14FCA330AA978500001DD0B2130000"	"\Divisions\ENV\Environmental Cincinnati\134196 THE GOLDSMITH PROPERTIES COMPANY-SUPPLEMENTAL INVESTIGATION"
"000000009598E9A20E04F041B38518182890A2D50100A3DF33FCC9BD1644BD14FCA330AA978500001DDB1F570000"	"\Divisions\ENV\Environmental Cincinnati\134639 US MAINSTREAM RENEWABLE POWER INC-NORTH BOONE WIND FARM"
"000000009598E9A20E04F041B38518182890A2D50100A3DF33FCC9BD1644BD14FCA330AA978500001E2A660D0000"	"\Divisions\ENV\Environmental Cincinnati\134961 ALCOA INC-SITE SURVEY & STKPILE SAMPLING"
"000000009598E9A20E04F041B38518182890A2D50100A3DF33FCC9BD1644BD14FCA330AA978500001EA841830000"	"\Divisions\ENV\Environmental Cincinnati\135274 ALCOA INC-LAKE LOUISE PIPE CLOSURE"
"000000009598E9A20E04F041B38518182890A2D50100A3DF33FCC9BD1644BD14FCA330AA978500001EFA50DC0000"	"\Divisions\ENV\Environmental Cincinnati\135646 MARATHON PETROLEUM COMPANY LP-PERMIT EVAL MPL DCM SITES"
"000000009598E9A20E04F041B38518182890A2D50100A3DF33FCC9BD1644BD14FCA330AA978500001F241A3C0000"	"\Divisions\ENV\Environmental Cincinnati\135860 CH2M HILL-AIR QUALITY SAMPLING/BLDG DEMO"
"000000009598E9A20E04F041B38518182890A2D50100A3DF33FCC9BD1644BD14FCA330AA978500001F9B86EF0000"	"\Divisions\ENV\Environmental Cincinnati\136111 GIVAUDAN FLAVORS CORP-EDISON 2014 IH ASSESSMENT"
"000000009598E9A20E04F041B38518182890A2D50100A3DF33FCC9BD1644BD14FCA330AA97850000200C8D7C0000"	"\Divisions\ENV\Environmental Cincinnati\136356 UNITED DAIRY FARMERS-KEMPER 4TH Q GW & O&M RPT"
"000000009598E9A20E04F041B38518182890A2D50100F3BCE3A574023B4482F2E427B5A3121800004D8C8F5E0000"	"\Divisions\ENV\Environmental Cincinnati\136812 MARATHON PETROLEUM CORPORATION-HARPSTER-LIMA DESKTOP ECO ST"
"000000009598E9A20E04F041B38518182890A2D50100A3DF33FCC9BD1644BD14FCA330AA97850000218EBEDF0000"	"\Divisions\ENV\Environmental Cincinnati\137370 UNITED DAIRY FARMERS-KEMPER 1st Q 2015 SAMPLING"
"000000009598E9A20E04F041B38518182890A2D50100A3DF33FCC9BD1644BD14FCA330AA9785000021D3B8470000"	"\Divisions\ENV\Environmental Cincinnati\137676 SANOFI-SLLI PH 1603 - 2015 SITE MGMT"
"000000009598E9A20E04F041B38518182890A2D50100A3DF33FCC9BD1644BD14FCA330AA97850000223AA7170000"	"\Divisions\ENV\Environmental Cincinnati\137995 ALCOA INC-BADIN GWTR STORM SEWER EVAL"
"000000009598E9A20E04F041B38518182890A2D50100A3DF33FCC9BD1644BD14FCA330AA9785000022A8EF710000"	"\Divisions\ENV\Environmental Cincinnati\138480 UNITED DAIRY FARMERS-UDF 006 BATAVIA PIPE CLOSURE"
"000000009598E9A20E04F041B38518182890A2D50100A3DF33FCC9BD1644BD14FCA330AA978500002349BEA70000"	"\Divisions\ENV\Environmental Cincinnati\138788 MARATHON PETROLEUM CORPORATION-ROBINSON CAV PH 2 SWPPP-NPDES"
"000000009598E9A20E04F041B38518182890A2D50100A3DF33FCC9BD1644BD14FCA330AA9785000023CB9FEC0000"	"\Divisions\ENV\Environmental Cincinnati\139092 METROPOLITAN SEWER DISTRICT-CSO 217/483 SC PHASE B"
"000000009598E9A20E04F041B38518182890A2D50100A3DF33FCC9BD1644BD14FCA330AA9785000024EC52CE0000"	"\Divisions\ENV\Environmental Cincinnati\139511 Far Hills Sonoco Well Sealing"
"000000009598E9A20E04F041B38518182890A2D50100A3DF33FCC9BD1644BD14FCA330AA978500001BD9C5B50000"	"\Divisions\ENV\Environmental Cincinnati\NCRM Calendar"
"000000009598E9A20E04F041B38518182890A2D50100A3DF33FCC9BD1644BD14FCA330AA978500002A39372D0000"	"\Divisions\ENV\Environmental Denver"
"000000009598E9A20E04F041B38518182890A2D50100A3DF33FCC9BD1644BD14FCA330AA97850000170CDBC40000"	"\Divisions\ENV\Environmental Freeport\126695 NEW BAL-EMITRACK DBASE MAINT"
"000000009598E9A20E04F041B38518182890A2D50100A3DF33FCC9BD1644BD14FCA330AA9785000018DCB8350000"	"\Divisions\ENV\Environmental Freeport\129075 BGF-YADKINVILLE NC PLANT"
"000000009598E9A20E04F041B38518182890A2D5010012225CC57BF01F4EA8CCA87A792FF35F00009620BFCF0000"	"\Divisions\ENV\Environmental Freeport\145623 BGF-BROOKLYN NEW YORK"
"000000009598E9A20E04F041B38518182890A2D50100A3DF33FCC9BD1644BD14FCA330AA97850000170CDBF40000"	"\Divisions\ENV\Environmental Freeport\CLOSED PROJECTS\126675 SEA 3-PERMIT & RPT SVCS"
"000000009598E9A20E04F041B38518182890A2D50100A3DF33FCC9BD1644BD14FCA330AA978500001DC7A6990000"	"\Divisions\ENV\Environmental Freeport\CLOSED PROJECTS\131813 EMMC COGEN TEST 2013"
"000000009598E9A20E04F041B38518182890A2D50100A3DF33FCC9BD1644BD14FCA330AA978500002022BBCE0000"	"\Divisions\ENV\Environmental Freeport\CLOSED PROJECTS\133597_ZBP-EMISSIONS BASED FEE"
"000000009598E9A20E04F041B38518182890A2D50100A3DF33FCC9BD1644BD14FCA330AA978500002BA410B50000"	"\Divisions\ENV\Environmental Freeport\CLOSED PROJECTS\136967_HUGGINS_SPCC_UPDATE"
"000000009598E9A20E04F041B38518182890A2D5010012225CC57BF01F4EA8CCA87A792FF35F000084D9B9E90000"	"\Divisions\ENV\Environmental Freeport\CLOSED PROJECTS\139056 SEA 3 INC-STORMWATER PERMITTING 2015"
"000000009598E9A20E04F041B38518182890A2D5010012225CC57BF01F4EA8CCA87A792FF35F000049C4B14E0000"	"\Divisions\ENV\Environmental Freeport\CLOSED PROJECTS\140855 FNST-MANCHESTER TIER 2 CY15"
"000000009598E9A20E04F041B38518182890A2D5010012225CC57BF01F4EA8CCA87A792FF35F00000C4526080000"	"\Divisions\ENV\Environmental Freeport\CLOSED PROJECTS\143419 FNST-MANCHESTER AIR TOXICE '16"
"000000009598E9A20E04F041B38518182890A2D5010012225CC57BF01F4EA8CCA87A792FF35F000084967AAD0000"	"\Divisions\ENV\Environmental Freeport\CLOSED PROJECTS\145271_B&G_FOODS-CDP_CY2016"
"000000009598E9A20E04F041B38518182890A2D5010012225CC57BF01F4EA8CCA87A792FF35F0000FC6D03E10000"	"\Divisions\ENV\Environmental Freeport\CLOSED PROJECTS\147924 HAGAR RM9 EVALUATION"
"000000009598E9A20E04F041B38518182890A2D5010012225CC57BF01F4EA8CCA87A792FF35F0001681505C40000"	"\Divisions\ENV\Environmental Freeport\CLOSED PROJECTS\150438 BGF-CDP CY 2017"
"000000009598E9A20E04F041B38518182890A2D5010012225CC57BF01F4EA8CCA87A792FF35F0001AD49BE2F0000"	"\Divisions\ENV\Environmental Freeport\CLOSED PROJECTS\152723 LIGNETICS ALLEGHENY RENEWAL"
"000000009598E9A20E04F041B38518182890A2D501001296C725372D7F4B86B758A22EA3141B0000007F1CE70000"	"\Divisions\ENV\Environmental Hailey\106945 PRAIRIE STATE INTERCONNECT"
"000000009598E9A20E04F041B38518182890A2D50100572FF007A7D6B64CA96E5CFE8E1CC1A40000004813210000"	"\Divisions\ENV\Environmental Hailey\115549 - Stockton"
"000000009598E9A20E04F041B38518182890A2D50100A3DF33FCC9BD1644BD14FCA330AA978500001F0E076E0000"	"\Divisions\ENV\Environmental Hailey\115841 - TWE\PDTR"
"000000009598E9A20E04F041B38518182890A2D50100572FF007A7D6B64CA96E5CFE8E1CC1A40000005957770000"	"\Divisions\ENV\Environmental Hailey\118092 - Jackrabbit"
"000000009598E9A20E04F041B38518182890A2D50100572FF007A7D6B64CA96E5CFE8E1CC1A40000004813270000"	"\Divisions\ENV\Environmental Hailey\119825 - El Centro Unit 3\COE"
"000000009598E9A20E04F041B38518182890A2D50100A3DF33FCC9BD1644BD14FCA330AA97850000190A4ACC0000"	"\Divisions\ENV\Environmental Hailey\124186_EGS\Clipping Model"
"000000009598E9A20E04F041B38518182890A2D501001953B16A689BCD4AA8FC82955DB27CB1000001B5701D0000"	"\Divisions\ENV\Environmental Hailey\124186_EGS\Kat or Josh"
"000000009598E9A20E04F041B38518182890A2D501001953B16A689BCD4AA8FC82955DB27CB1000001B4D1600000"	"\Divisions\ENV\Environmental Hailey\124186_EGS\MeetingNotes/mins"
"000000009598E9A20E04F041B38518182890A2D50100A3DF33FCC9BD1644BD14FCA330AA978500001734B41A0000"	"\Divisions\ENV\Environmental Hailey\124186_EGS\PPM\Randy"
"000000009598E9A20E04F041B38518182890A2D50100A3DF33FCC9BD1644BD14FCA330AA9785000017584E610000"	"\Divisions\ENV\Environmental Hailey\124186_EGS\Randy"
"000000009598E9A20E04F041B38518182890A2D50100A3DF33FCC9BD1644BD14FCA330AA978500001737F18E0000"	"\Divisions\ENV\Environmental Hailey\126546 - Panoche"
"000000009598E9A20E04F041B38518182890A2D50100A3DF33FCC9BD1644BD14FCA330AA9785000017E40DED0000"	"\Divisions\ENV\Environmental Hailey\128143 - R-Project (NPPD)"
"000000009598E9A20E04F041B38518182890A2D50100A3DF33FCC9BD1644BD14FCA330AA978500001BE5F3040000"	"\Divisions\ENV\Environmental Hailey\128143 - R-Project (NPPD)\Study Area"
"000000009598E9A20E04F041B38518182890A2D50100A3DF33FCC9BD1644BD14FCA330AA978500001BE96CAC0000"	"\Divisions\ENV\Environmental Hailey\132118 - TransCanada PS22"
"000000009598E9A20E04F041B38518182890A2D50100E34BFE500669CD49AC2E27C6C54DE39D0000001D3C7B0000"	"\Divisions\ENV\Environmental Houston\00_PROPOSALS\LCRA"
"000000009598E9A20E04F041B38518182890A2D50100E34BFE500669CD49AC2E27C6C54DE39D0000004084290000"	"\Divisions\ENV\Environmental Houston\122832_Centerpoint_Springwoods"
"000000009598E9A20E04F041B38518182890A2D50100A3DF33FCC9BD1644BD14FCA330AA978500001BD6831B0000"	"\Divisions\ENV\Environmental Knoxville\130888 MARATHON PETROLEUM COMPANY LP - 2013 OWC 2-KY-FLOODPLAIN PERM"
"000000009598E9A20E04F041B38518182890A2D50100A3DF33FCC9BD1644BD14FCA330AA97850000296F11CB0000"	"\Divisions\ENV\Environmental Knoxville\141093 MARATHON PETROLEUM CORPORATION-2016 DCM SITES DESKTOP ANALY"
"000000009598E9A20E04F041B38518182890A2D50100CB7D9B6512D7374A860FE542D577039200000110A6A10000"	"\Divisions\ENV\Environmental Phoenix\122651 Qwest_AZ Ave Arch Monitoring"
"000000009598E9A20E04F041B38518182890A2D501001953B16A689BCD4AA8FC82955DB27CB1000000FA55B80000"	"\Divisions\ENV\Environmental Phoenix\123853 Qwest Old Sycmre Rd Cr Sur"
"000000009598E9A20E04F041B38518182890A2D50100A3DF33FCC9BD1644BD14FCA330AA97850000174C195D0000"	"\Divisions\ENV\Environmental Phoenix\127238 - SRP ON-CALL ENVIRO"
"000000009598E9A20E04F041B38518182890A2D50100A3DF33FCC9BD1644BD14FCA330AA9785000019A18FD80000"	"\Divisions\ENV\Environmental Phoenix\129963 CL_W_DURVAL MINE RD ARCH SUR"
"000000009598E9A20E04F041B38518182890A2D50100A3DF33FCC9BD1644BD14FCA330AA978500001BF304A10000"	"\Divisions\ENV\Environmental Phoenix\132680 TEP_N MGNIT LN CLTRL RES STDY"
"000000009598E9A20E04F041B38518182890A2D501006C95E27D1ACA634AA1AADC20796388DD00000061AE9B0000"	"\Divisions\ENV\GIS-AMS\TGIS Groups"
"000000009598E9A20E04F041B38518182890A2D501006C95E27D1ACA634AA1AADC20796388DD000000DCBDC30000"	"\Divisions\ENV\Public Outreach and Communication\112473 Steve Luther Wind Sim"
"000000009598E9A20E04F041B38518182890A2D50100A3DF33FCC9BD1644BD14FCA330AA97850000176270540000"	"\Divisions\ENV\Public Outreach and Communication\117390 BHB T-O-RC Simulations - Kevin Lincoln"
"000000009598E9A20E04F041B38518182890A2D50100CB7D9B6512D7374A860FE542D577039200000119972B0000"	"\Divisions\ENV\Public Outreach and Communication\120040 PCorp Coalville Sub"
"000000009598E9A20E04F041B38518182890A2D501006C95E27D1ACA634AA1AADC20796388DD000000DAC61C0000"	"\Divisions\ENV\Public Outreach and Communication\121768 Page Micron FAB 4 (OLD PJ-121612 )"
"000000009598E9A20E04F041B38518182890A2D501001953B16A689BCD4AA8FC82955DB27CB100000164EAFA0000"	"\Divisions\ENV\Public Outreach and Communication\123618 Pepco Veg Management Video"
"000000009598E9A20E04F041B38518182890A2D501001953B16A689BCD4AA8FC82955DB27CB1000001DBF4090000"	"\Divisions\ENV\Public Outreach and Communication\124654 Redding Plant"
"000000009598E9A20E04F041B38518182890A2D50100A3DF33FCC9BD1644BD14FCA330AA97850000170405C60000"	"\Divisions\ENV\Public Outreach and Communication\126569 ITD_Corr Guidebk"
"000000009598E9A20E04F041B38518182890A2D50100A3DF33FCC9BD1644BD14FCA330AA9785000018DC19050000"	"\Divisions\ENV\Public Outreach and Communication\127493 RRG Palo Verde Mesa"
"000000009598E9A20E04F041B38518182890A2D50100A3DF33FCC9BD1644BD14FCA330AA9785000018DC3B4D0000"	"\Divisions\ENV\Public Outreach and Communication\128355 CenturyLink E.309620 Hwy9"
"000000009598E9A20E04F041B38518182890A2D50100A3DF33FCC9BD1644BD14FCA330AA978500001A390D250000"	"\Divisions\ENV\Public Outreach and Communication\130834 PEPCO Burtonville to Takoma"
"000000009598E9A20E04F041B38518182890A2D50100A3DF33FCC9BD1644BD14FCA330AA978500001DABA9A00000"	"\Divisions\ENV\Public Outreach and Communication\132155  PSE_Energize_Eastside"
"000000009598E9A20E04F041B38518182890A2D50100A3DF33FCC9BD1644BD14FCA330AA978500001CDA4A740000"	"\Divisions\ENV\Public Outreach and Communication\133363 PEC_Westwood PS_MAXTON GLARE PROJECT "
"000000009598E9A20E04F041B38518182890A2D50100A3DF33FCC9BD1644BD14FCA330AA9785000022E9C4330000"	"\Divisions\ENV\Public Outreach and Communication\135010 MREI"
"000000009598E9A20E04F041B38518182890A2D50100A3DF33FCC9BD1644BD14FCA330AA9785000022A0EDFA0000"	"\Divisions\ENV\Public Outreach and Communication\136167 Suwanee Substation"
"000000009598E9A20E04F041B38518182890A2D5010012225CC57BF01F4EA8CCA87A792FF35F0000C8E017110000"	"\Divisions\ENV\Public Outreach and Communication\138022 AEP - Abingdon Simulations"
"000000009598E9A20E04F041B38518182890A2D50100A3DF33FCC9BD1644BD14FCA330AA9785000025B5CA530000"	"\Divisions\ENV\Public Outreach and Communication\139671 Green Mountain Coffee"
"000000009598E9A20E04F041B38518182890A2D50100A3DF33FCC9BD1644BD14FCA330AA97850000278CF91F0000"	"\Divisions\ENV\Public Outreach and Communication\140729 Raeford Comment Collection"
"000000009598E9A20E04F041B38518182890A2D50100A3DF33FCC9BD1644BD14FCA330AA978500002CC27C780000"	"\Divisions\ENV\Public Outreach and Communication\141794 Xcel Rush Creek Transmission Project"
"000000009598E9A20E04F041B38518182890A2D5010012225CC57BF01F4EA8CCA87A792FF35F00004FC9CFE30000"	"\Divisions\ENV\Public Outreach and Communication\143725 Hollister Solar"
"000000009598E9A20E04F041B38518182890A2D5010012225CC57BF01F4EA8CCA87A792FF35F00009B0B6D030000"	"\Divisions\ENV\Public Outreach and Communication\144772 AEP/Transource Website"
"000000009598E9A20E04F041B38518182890A2D5010012225CC57BF01F4EA8CCA87A792FF35F0000BD510F360000"	"\Divisions\ENV\Public Outreach and Communication\146429 AEP_Dearington-Reusens"
"000000009598E9A20E04F041B38518182890A2D5010012225CC57BF01F4EA8CCA87A792FF35F0001981E490D0000"	"\Divisions\ENV\Public Outreach and Communication\151766 Duke-Osprey GIS Sub Simulations"
"000000009598E9A20E04F041B38518182890A2D50100A3DF33FCC9BD1644BD14FCA330AA978500002AA8A1CA0000"	"\Divisions\ENV\Public Outreach and Communication\Duke - Osprey"
"000000009598E9A20E04F041B38518182890A2D50100A3DF33FCC9BD1644BD14FCA330AA97850000196312110000"	"\Divisions\ENV\Public Outreach and Communication\NonWork"
"000000009598E9A20E04F041B38518182890A2D5010012225CC57BF01F4EA8CCA87A792FF35F000503E9D1100000"	"\Divisions\ENV\Western Biology Field Calendar"
"000000009598E9A20E04F041B38518182890A2D50100A3DF33FCC9BD1644BD14FCA330AA97850000192BA0B70000"	"\Divisions\Federal\LT-59"
"000000009598E9A20E04F041B38518182890A2D501001296C725372D7F4B86B758A22EA3141B00000000A2840000"	"\Divisions\Industrial"
"000000009598E9A20E04F041B38518182890A2D50100F3BCE3A574023B4482F2E427B5A3121800004D817BFD0000"	"\Divisions\Industrial\Facilities\Facilities Controls"
"000000009598E9A20E04F041B38518182890A2D50100A3DF33FCC9BD1644BD14FCA330AA978500000EB965820000"	"\Divisions\Industrial\Food Systems\Superior"
"000000009598E9A20E04F041B38518182890A2D50100A3DF33FCC9BD1644BD14FCA330AA978500001733067E0000"	"\Divisions\Industrial\Generation\Vacation Calendar"
"000000009598E9A20E04F041B38518182890A2D501006C95E27D1ACA634AA1AADC20796388DD0000006DB24F0000"	"\Divisions\Operations\Administration\Arbor Island Way"
"000000009598E9A20E04F041B38518182890A2D50100A3DF33FCC9BD1644BD14FCA330AA978500001B297A8F0000"	"\Divisions\Operations\Finance\Fixed Assets Inventory"
"000000009598E9A20E04F041B38518182890A2D50100572FF007A7D6B64CA96E5CFE8E1CC1A40000005665D80000"	"\Divisions\Operations\Finance\Taxes\AZ\Closed\109839-no TPT"
"000000009598E9A20E04F041B38518182890A2D50100572FF007A7D6B64CA96E5CFE8E1CC1A40000001CC7730000"	"\Divisions\Operations\Finance\Taxes\AZ\PTE"
"000000009598E9A20E04F041B38518182890A2D501001296C725372D7F4B86B758A22EA3141B000000611D060000"	"\Divisions\Operations\Finance\Taxes\CA\LEAPS"
"000000009598E9A20E04F041B38518182890A2D50100572FF007A7D6B64CA96E5CFE8E1CC1A400000038F75E0000"	"\Divisions\Operations\Finance\Taxes\CANADA\General Mills"
"000000009598E9A20E04F041B38518182890A2D50100572FF007A7D6B64CA96E5CFE8E1CC1A40000002766FC0000"	"\Divisions\Operations\Finance\Taxes\China"
"000000009598E9A20E04F041B38518182890A2D50100572FF007A7D6B64CA96E5CFE8E1CC1A40000005053960000"	"\Divisions\Operations\Finance\Taxes\FL"
"000000009598E9A20E04F041B38518182890A2D501001296C725372D7F4B86B758A22EA3141B0000006C99B80000"	"\Divisions\Operations\Finance\Taxes\ID\Lewiston"
"000000009598E9A20E04F041B38518182890A2D501001296C725372D7F4B86B758A22EA3141B00000069E5D60000"	"\Divisions\Operations\Finance\Taxes\NC"
"000000009598E9A20E04F041B38518182890A2D50100572FF007A7D6B64CA96E5CFE8E1CC1A40000001BBDDC0000"	"\Divisions\Operations\Finance\Taxes\NM\CVEC"
"000000009598E9A20E04F041B38518182890A2D50100572FF007A7D6B64CA96E5CFE8E1CC1A400000045CC060000"	"\Divisions\Operations\Finance\Taxes\OH"
"000000009598E9A20E04F041B38518182890A2D50100CB7D9B6512D7374A860FE542D5770392000001184FC30000"	"\Divisions\Operations\Finance\Taxes\TAX ALERT - PROJECTS"
"000000009598E9A20E04F041B38518182890A2D501001296C725372D7F4B86B758A22EA3141B0000003B4D780000"	"\Divisions\Operations\Finance\Taxes\Tax eMail"
"000000009598E9A20E04F041B38518182890A2D50100572FF007A7D6B64CA96E5CFE8E1CC1A4000000180C6D0000"	"\Divisions\Operations\Finance\Taxes\WA\Mtn. Water"
"000000009598E9A20E04F041B38518182890A2D5010012225CC57BF01F4EA8CCA87A792FF35F000049C4B1420000"	"\Divisions\Operations\Governance\Boise Completed Room Requests"
"000000009598E9A20E04F041B38518182890A2D501001296C725372D7F4B86B758A22EA3141B000000004AA50000"	"\Divisions\Operations\Information Technology\Boise Office\Cleaning Schedule"
"000000009598E9A20E04F041B38518182890A2D501006C95E27D1ACA634AA1AADC20796388DD000000B5CC3D0000"	"\Divisions\Operations\Information Technology\Itil Training"
"000000009598E9A20E04F041B38518182890A2D5010012225CC57BF01F4EA8CCA87A792FF35F0003F88CE7710000"	"\Divisions\Operations\Information Technology\Test_Calendar"
"000000009598E9A20E04F041B38518182890A2D50100A3DF33FCC9BD1644BD14FCA330AA9785000016F5F8500000"	"\Divisions\Operations\Office Build-Out Projects Folder\Projects\2012BOI_RECEPTION\Proposals/Workplans"
"000000009598E9A20E04F041B38518182890A2D50100A3DF33FCC9BD1644BD14FCA330AA9785000016F5F69A0000"	"\Divisions\Operations\Office Build-Out Projects Folder\Projects\2012PTL01EXP"
"000000009598E9A20E04F041B38518182890A2D50100A3DF33FCC9BD1644BD14FCA330AA9785000016F5F8650000"	"\Divisions\Operations\Office Build-Out Projects Folder\Projects\2012SAN01EXP\Proposals/Workplans"
"000000009598E9A20E04F041B38518182890A2D50100A3DF33FCC9BD1644BD14FCA330AA9785000021CC68D20000"	"\Divisions\Operations\Safety "
"000000009598E9A20E04F041B38518182890A2D5010012225CC57BF01F4EA8CCA87A792FF35F0002B936A5450000"	"\Divisions\PD\Boston"
"000000009598E9A20E04F041B38518182890A2D5010012225CC57BF01F4EA8CCA87A792FF35F0001FB034B950000"	"\Divisions\PD\Distribution Services\Dept. 251"
"000000009598E9A20E04F041B38518182890A2D5010012225CC57BF01F4EA8CCA87A792FF35F000386C33F200000"	"\Divisions\PD\Distribution Services\Dept. 395"
"000000009598E9A20E04F041B38518182890A2D50100A3DF33FCC9BD1644BD14FCA330AA978500001F254E700000"	"\Divisions\PD\Distribution Services\Distribution Design Services\135870 Desert Stateline EPC"
"000000009598E9A20E04F041B38518182890A2D5010012225CC57BF01F4EA8CCA87A792FF35F00006C7B524B0000"	"\Divisions\PD\Distribution Services\Distribution Design Services\138771 - RANGELAND ENERGY RIO STATE"
"000000009598E9A20E04F041B38518182890A2D50100A3DF33FCC9BD1644BD14FCA330AA978500002A2EDF870000"	"\Divisions\PD\Distribution Services\Distribution Design Services\141795 - West TX Legacy Pole Replace 2"
"000000009598E9A20E04F041B38518182890A2D5010012225CC57BF01F4EA8CCA87A792FF35F00001ACFFD6B0000"	"\Divisions\PD\Distribution Services\Distribution Design Services\143705 - 16-336 & 16-350 JOINT USE APP"
"000000009598E9A20E04F041B38518182890A2D5010012225CC57BF01F4EA8CCA87A792FF35F00009108F9D50000"	"\Divisions\PD\Distribution Services\Distribution Design Services\145593 - SCE STADIUM SUB RELAY SETTINGS"
"000000009598E9A20E04F041B38518182890A2D5010012225CC57BF01F4EA8CCA87A792FF35F0000BBEFC04C0000"	"\Divisions\PD\Distribution Services\Distribution Design Services\146412 - PGE HOSTING CAP STUDY"
"000000009598E9A20E04F041B38518182890A2D5010012225CC57BF01F4EA8CCA87A792FF35F0000CDE323B20000"	"\Divisions\PD\Distribution Services\Distribution Design Services\146703 - SCE SUMMER CONTINGENCY RAR"
"000000009598E9A20E04F041B38518182890A2D5010012225CC57BF01F4EA8CCA87A792FF35F0000FC6D03DF0000"	"\Divisions\PD\Distribution Services\Distribution Design Services\147639 - LILAC 9814"
"000000009598E9A20E04F041B38518182890A2D5010012225CC57BF01F4EA8CCA87A792FF35F0000FB3FE4C90000"	"\Divisions\PD\Distribution Services\Distribution Design Services\147819 - SCE LOS CERRITOS RELAY SETTINGS"
"000000009598E9A20E04F041B38518182890A2D5010012225CC57BF01F4EA8CCA87A792FF35F00025606AAF40000"	"\Divisions\PD\Distribution Services\Distribution Services - Dept. 257"
"000000009598E9A20E04F041B38518182890A2D50100E34BFE500669CD49AC2E27C6C54DE39D0000002A35120000"	"\Divisions\PD\Distribution Services\Substation Benbrook\00 DMS Upload\119051_Walton Sw Sta"
"000000009598E9A20E04F041B38518182890A2D50100A3DF33FCC9BD1644BD14FCA330AA97850000212F891D0000"	"\Divisions\PD\Distribution Services\Substation Benbrook\117747a"
"000000009598E9A20E04F041B38518182890A2D50100E34BFE500669CD49AC2E27C6C54DE39D00000026883A0000"	"\Divisions\PD\Distribution Services\Substation Benbrook\117798_BCEC WO Review"
"000000009598E9A20E04F041B38518182890A2D50100E34BFE500669CD49AC2E27C6C54DE39D0000002687D20000"	"\Divisions\PD\Distribution Services\Substation Benbrook\117838_Tex-La Facility"
"000000009598E9A20E04F041B38518182890A2D50100E34BFE500669CD49AC2E27C6C54DE39D0000002688290000"	"\Divisions\PD\Distribution Services\Substation Benbrook\117873_ETEC Operating Com"
"000000009598E9A20E04F041B38518182890A2D50100E34BFE500669CD49AC2E27C6C54DE39D0000002687D30000"	"\Divisions\PD\Distribution Services\Substation Benbrook\117902_Houston Staking"
"000000009598E9A20E04F041B38518182890A2D50100A3DF33FCC9BD1644BD14FCA330AA97850000192A2B050000"	"\Divisions\PD\Distribution Services\Substation Benbrook\117944"
"000000009598E9A20E04F041B38518182890A2D50100E34BFE500669CD49AC2E27C6C54DE39D0000002687C30000"	"\Divisions\PD\Distribution Services\Substation Benbrook\117963_FEC Forney NW Terrell"
"000000009598E9A20E04F041B38518182890A2D50100A3DF33FCC9BD1644BD14FCA330AA978500002C7A4F920000"	"\Divisions\PD\Distribution Services\Substation Benbrook\118947_Lake Hawkins\SRM"
"000000009598E9A20E04F041B38518182890A2D50100E34BFE500669CD49AC2E27C6C54DE39D000000383EDB0000"	"\Divisions\PD\Distribution Services\Substation Benbrook\121374_GVEC_Cheapside"
"000000009598E9A20E04F041B38518182890A2D50100E34BFE500669CD49AC2E27C6C54DE39D0000004084200000"	"\Divisions\PD\Distribution Services\Substation Benbrook\122858_TVEC_I20 Sub"
"000000009598E9A20E04F041B38518182890A2D50100A3DF33FCC9BD1644BD14FCA330AA978500001B60A6310000"	"\Divisions\PD\Distribution Services\Substation Benbrook\123562\DP"
"000000009598E9A20E04F041B38518182890A2D50100A3DF33FCC9BD1644BD14FCA330AA978500001B1CE2E80000"	"\Divisions\PD\Distribution Services\Substation Benbrook\125199_GVEC_Lindenau\SRM"
"000000009598E9A20E04F041B38518182890A2D50100A3DF33FCC9BD1644BD14FCA330AA97850000183D346B0000"	"\Divisions\PD\Distribution Services\Substation Benbrook\128431_TX LA_ERCOT"
"000000009598E9A20E04F041B38518182890A2D50100A3DF33FCC9BD1644BD14FCA330AA978500002261FFCD0000"	"\Divisions\PD\Distribution Services\Substation Benbrook\130218"
"000000009598E9A20E04F041B38518182890A2D50100A3DF33FCC9BD1644BD14FCA330AA978500001B49815A0000"	"\Divisions\PD\Distribution Services\Substation Benbrook\132077_FCEC_PTE"
"000000009598E9A20E04F041B38518182890A2D50100A3DF33FCC9BD1644BD14FCA330AA978500001D27DC7E0000"	"\Divisions\PD\Distribution Services\Substation Benbrook\133487_BCEC_Adora Bkr"
"000000009598E9A20E04F041B38518182890A2D50100A3DF33FCC9BD1644BD14FCA330AA978500001E04C48E0000"	"\Divisions\PD\Distribution Services\Substation Benbrook\134905_ETEC_Coord Trans"
"000000009598E9A20E04F041B38518182890A2D50100A3DF33FCC9BD1644BD14FCA330AA978500002176A6F30000"	"\Divisions\PD\Distribution Services\Substation Benbrook\137312_RCEC_Fears Corner Upgd"
"000000009598E9A20E04F041B38518182890A2D5010012225CC57BF01F4EA8CCA87A792FF35F0000E19463EA0000"	"\Divisions\PD\Distribution Services\Substation Benbrook\138846_Oxy_Fbrgls Xarm\SRM"
"000000009598E9A20E04F041B38518182890A2D5010012225CC57BF01F4EA8CCA87A792FF35F00017F74DCB90000"	"\Divisions\PD\Distribution Services\Substation Benbrook\141168\SRM"
"000000009598E9A20E04F041B38518182890A2D5010012225CC57BF01F4EA8CCA87A792FF35F0000587F6EE40000"	"\Divisions\PD\Distribution Services\Substation Benbrook\144590_MVEC_Gen Eng"
"000000009598E9A20E04F041B38518182890A2D5010012225CC57BF01F4EA8CCA87A792FF35F0000A3FACC1E0000"	"\Divisions\PD\Distribution Services\Substation Benbrook\146014_ETEC_Berea Substation Upgrade"
"000000009598E9A20E04F041B38518182890A2D5010012225CC57BF01F4EA8CCA87A792FF35F00017D78252F0000"	"\Divisions\PD\Distribution Services\Substation Benbrook\150908_ HoCEC_Plsnt Sprngs SW Sta Upgs"
"000000009598E9A20E04F041B38518182890A2D50100E34BFE500669CD49AC2E27C6C54DE39D0000004B9B490000"	"\Divisions\PD\Line Ann Arbor\117131"
"000000009598E9A20E04F041B38518182890A2D5010012225CC57BF01F4EA8CCA87A792FF35F0002BD7B693D0000"	"\Divisions\PD\Line Austin\130871 W68 DMNDBCK TO SULPHUR 115KV"
"000000009598E9A20E04F041B38518182890A2D5010012225CC57BF01F4EA8CCA87A792FF35F0002BD7B69570000"	"\Divisions\PD\Line Austin\135944 W50-OCHILTREE LIPSCOMB QC RVW"
"000000009598E9A20E04F041B38518182890A2D5010012225CC57BF01F4EA8CCA87A792FF35F00012FF17D690000"	"\Divisions\PD\Line Austin\139617 PECL Pre-ROD OE"
"000000009598E9A20E04F041B38518182890A2D5010012225CC57BF01F4EA8CCA87A792FF35F0000B7D8B1F10000"	"\Divisions\PD\Line Austin\144293 AEP Alpine - Alpine REA"
"000000009598E9A20E04F041B38518182890A2D5010012225CC57BF01F4EA8CCA87A792FF35F0002C0C6A1BB0000"	"\Divisions\PD\Line Austin\152821 LCRA T270 TC-RR STRM HARDEN"
"000000009598E9A20E04F041B38518182890A2D5010012225CC57BF01F4EA8CCA87A792FF35F0002BD7B696F0000"	"\Divisions\PD\Line Austin\157657 LCRA T187 SHRWD SHORES-FERG"
"000000009598E9A20E04F041B38518182890A2D501006C95E27D1ACA634AA1AADC20796388DD0000009AF3990000"	"\Divisions\PD\Line Boise\107927 Xcel St.Cloud-Monticello_TEMP\XCEL ST CLOUD-MONTICELLO"
"000000009598E9A20E04F041B38518182890A2D50100A3DF33FCC9BD1644BD14FCA330AA978500001B81D55B0000"	"\Divisions\PD\Line Boise\114411 Gateway\PPM"
"000000009598E9A20E04F041B38518182890A2D501006C95E27D1ACA634AA1AADC20796388DD0000005A51CB0000"	"\Divisions\PD\Line Boise\114411 Gateway\Wind & Ice Studies"
"000000009598E9A20E04F041B38518182890A2D501006C95E27D1ACA634AA1AADC20796388DD0000004AF1550000"	"\Divisions\PD\Line Boise\114648 ON Line\rfp"
"000000009598E9A20E04F041B38518182890A2D501006C95E27D1ACA634AA1AADC20796388DD000000C2DD7A0000"	"\Divisions\PD\Line Boise\115349 Devers Valley\Drawings"
"000000009598E9A20E04F041B38518182890A2D501006C95E27D1ACA634AA1AADC20796388DD000000EAB83C0000"	"\Divisions\PD\Line Boise\117207_SWIP South\Design Criteria"
"000000009598E9A20E04F041B38518182890A2D501006C95E27D1ACA634AA1AADC20796388DD000000E51C070000"	"\Divisions\PD\Line Boise\117207_SWIP South\Tube Str Submittal"
"000000009598E9A20E04F041B38518182890A2D501001953B16A689BCD4AA8FC82955DB27CB100000117942E0000"	"\Divisions\PD\Line Boise\117910_Fargo_Alexandria\Alex-Bison Design\MJE Constr"
"000000009598E9A20E04F041B38518182890A2D501006C95E27D1ACA634AA1AADC20796388DD000000D16DC90000"	"\Divisions\PD\Line Boise\117910_Fargo_Alexandria\Heli Constr"
"000000009598E9A20E04F041B38518182890A2D50100A3DF33FCC9BD1644BD14FCA330AA978500001E4371B20000"	"\Divisions\PD\Line Boise\117910_Fargo_Alexandria\Quarry-Alex Design\AC Interference"
"000000009598E9A20E04F041B38518182890A2D501006C95E27D1ACA634AA1AADC20796388DD000000EBD06C0000"	"\Divisions\PD\Line Boise\117910_Fargo_Alexandria\T&B Vibration Study"
"000000009598E9A20E04F041B38518182890A2D501006C95E27D1ACA634AA1AADC20796388DD000000EF813D0000"	"\Divisions\PD\Line Boise\120092_Croydon RR\Distribution"
"000000009598E9A20E04F041B38518182890A2D501001953B16A689BCD4AA8FC82955DB27CB1000001E696F70000"	"\Divisions\PD\Line Boise\120911_EGS"
"000000009598E9A20E04F041B38518182890A2D50100A3DF33FCC9BD1644BD14FCA330AA97850000199B12770000"	"\Divisions\PD\Line Boise\123332 CTF River Crossing\Drafting"
"000000009598E9A20E04F041B38518182890A2D50100CB7D9B6512D7374A860FE542D577039200000129C61A0000"	"\Divisions\PD\Line Boise\123332 CTF River Crossing\Survey"
"000000009598E9A20E04F041B38518182890A2D50100A3DF33FCC9BD1644BD14FCA330AA978500001B5345260000"	"\Divisions\PD\Line Boise\124454 STPCalTrans\Bid Evals"
"000000009598E9A20E04F041B38518182890A2D501001953B16A689BCD4AA8FC82955DB27CB1000001B570480000"	"\Divisions\PD\Line Boise\124464_RTRP\111728 - RTRP\CONST\ENVIRO"
"000000009598E9A20E04F041B38518182890A2D50100A3DF33FCC9BD1644BD14FCA330AA9785000016E6C6EB0000"	"\Divisions\PD\Line Boise\124464_RTRP\ROW"
"000000009598E9A20E04F041B38518182890A2D50100A3DF33FCC9BD1644BD14FCA330AA978500001BEC0FEE0000"	"\Divisions\PD\Line Boise\124737 XCEL-GIST2-PSCO-LINE RATING ANY\PHASE 3\RFI\LATTICE TOWER MODELS"
"000000009598E9A20E04F041B38518182890A2D50100A3DF33FCC9BD1644BD14FCA330AA97850000171CEC760000"	"\Divisions\PD\Line Boise\124737 XCEL-GIST2-PSCO-LINE RATING ANY\Priority_2\Admin"
"000000009598E9A20E04F041B38518182890A2D50100A3DF33FCC9BD1644BD14FCA330AA978500001894B3EB0000"	"\Divisions\PD\Line Boise\124737 XCEL-GIST2-PSCO-LINE RATING ANY\Priority_3\RFI"
"000000009598E9A20E04F041B38518182890A2D50100A3DF33FCC9BD1644BD14FCA330AA978500001B48426B0000"	"\Divisions\PD\Line Boise\126783-XCEL L0976 PRAIRIE ISLAND-BLUE LAKE"
"000000009598E9A20E04F041B38518182890A2D50100A3DF33FCC9BD1644BD14FCA330AA97850000185B569C0000"	"\Divisions\PD\Line Boise\126822 XCEL-0844 BLACK DOG-SAVAGE\Estimates & WO\Forecasts"
"000000009598E9A20E04F041B38518182890A2D50100A3DF33FCC9BD1644BD14FCA330AA97850000173D37EC0000"	"\Divisions\PD\Line Boise\126822 XCEL-0844 BLACK DOG-SAVAGE\T&B"
"000000009598E9A20E04F041B38518182890A2D50100A3DF33FCC9BD1644BD14FCA330AA978500001979A0BE0000"	"\Divisions\PD\Line Boise\126981 XCEL-GIST-III Phase 2 Priority 2\Construction\W3205"
"000000009598E9A20E04F041B38518182890A2D50100A3DF33FCC9BD1644BD14FCA330AA978500001D5C8D930000"	"\Divisions\PD\Line Boise\126981 XCEL-GIST-III Phase 2 Priority 2\Design\0883"
"000000009598E9A20E04F041B38518182890A2D50100A3DF33FCC9BD1644BD14FCA330AA97850000188D51870000"	"\Divisions\PD\Line Boise\126981 XCEL-GIST-III Phase 2 Priority 2\Estimates & WO\5301"
"000000009598E9A20E04F041B38518182890A2D50100A3DF33FCC9BD1644BD14FCA330AA978500001728A0740000"	"\Divisions\PD\Line Boise\126981 XCEL-GIST-III Phase 2 Priority 2\Meetings"
"000000009598E9A20E04F041B38518182890A2D50100A3DF33FCC9BD1644BD14FCA330AA978500001728A0850000"	"\Divisions\PD\Line Boise\126981 XCEL-GIST-III Phase 2 Priority 2\Schedule"
"000000009598E9A20E04F041B38518182890A2D50100A3DF33FCC9BD1644BD14FCA330AA978500001AFA19240000"	"\Divisions\PD\Line Boise\127327 Helmand\Dist Design"
"000000009598E9A20E04F041B38518182890A2D50100A3DF33FCC9BD1644BD14FCA330AA97850000196ACDE70000"	"\Divisions\PD\Line Boise\128118_MP_AC Line Rating_2\009L"
"000000009598E9A20E04F041B38518182890A2D50100A3DF33FCC9BD1644BD14FCA330AA978500001935D7490000"	"\Divisions\PD\Line Boise\128118_MP_AC Line Rating_2\038L"
"000000009598E9A20E04F041B38518182890A2D50100A3DF33FCC9BD1644BD14FCA330AA97850000199D02CB0000"	"\Divisions\PD\Line Boise\128118_MP_AC Line Rating_2\056L"
"000000009598E9A20E04F041B38518182890A2D50100A3DF33FCC9BD1644BD14FCA330AA9785000018AEAF190000"	"\Divisions\PD\Line Boise\128118_MP_AC Line Rating_2\076L"
"000000009598E9A20E04F041B38518182890A2D50100A3DF33FCC9BD1644BD14FCA330AA9785000019BC86D90000"	"\Divisions\PD\Line Boise\128118_MP_AC Line Rating_2\138L"
"000000009598E9A20E04F041B38518182890A2D50100A3DF33FCC9BD1644BD14FCA330AA978500001993016F0000"	"\Divisions\PD\Line Boise\128642 Copper Mtn\CMS2"
"000000009598E9A20E04F041B38518182890A2D50100A3DF33FCC9BD1644BD14FCA330AA978500001CC98DE80000"	"\Divisions\PD\Line Boise\128911 Xcel-GIST 3- PHASE 2- LRV PTY 3\Data\0883"
"000000009598E9A20E04F041B38518182890A2D50100A3DF33FCC9BD1644BD14FCA330AA978500001B3BEC160000"	"\Divisions\PD\Line Boise\128911 Xcel-GIST 3- PHASE 2- LRV PTY 3\Design\5527"
"000000009598E9A20E04F041B38518182890A2D50100A3DF33FCC9BD1644BD14FCA330AA9785000018DD00710000"	"\Divisions\PD\Line Boise\128911 Xcel-GIST 3- PHASE 2- LRV PTY 3\Land Rights"
"000000009598E9A20E04F041B38518182890A2D50100A3DF33FCC9BD1644BD14FCA330AA9785000018B591B90000"	"\Divisions\PD\Line Boise\128911 Xcel-GIST 3- PHASE 2- LRV PTY 3\Permitting"
"000000009598E9A20E04F041B38518182890A2D50100A3DF33FCC9BD1644BD14FCA330AA978500001B3BB4AF0000"	"\Divisions\PD\Line Boise\128911 Xcel-GIST 3- PHASE 2- LRV PTY 3\Remediation\5527"
"000000009598E9A20E04F041B38518182890A2D50100A3DF33FCC9BD1644BD14FCA330AA9785000019C6DCEA0000"	"\Divisions\PD\Line Boise\128911 Xcel-GIST 3- PHASE 2- LRV PTY 3\Survey\0827"
"000000009598E9A20E04F041B38518182890A2D50100A3DF33FCC9BD1644BD14FCA330AA9785000019B224EC0000"	"\Divisions\PD\Line Boise\128911 Xcel-GIST 3- PHASE 2- LRV PTY 3\Transmittals\0877"
"000000009598E9A20E04F041B38518182890A2D50100A3DF33FCC9BD1644BD14FCA330AA9785000018BCA99F0000"	"\Divisions\PD\Line Boise\128947 Xcel-LAX-MAD 345kV Prelim Engrg"
"000000009598E9A20E04F041B38518182890A2D50100A3DF33FCC9BD1644BD14FCA330AA978500001E2B804F0000"	"\Divisions\PD\Line Boise\130412 Xcel (MN) NSP GIST-3 Ph 3\NSP_Loc_Plan_Req"
"000000009598E9A20E04F041B38518182890A2D50100A3DF33FCC9BD1644BD14FCA330AA978500001AA6A6A20000"	"\Divisions\PD\Line Boise\131302 131500 131501 XCEL W3203 W3509 SEV-TRM"
"000000009598E9A20E04F041B38518182890A2D50100A3DF33FCC9BD1644BD14FCA330AA978500001AA76A760000"	"\Divisions\PD\Line Boise\131302 131500 131501 XCEL W3203 W3509 SEV-TRM\Schedule"
"000000009598E9A20E04F041B38518182890A2D50100A3DF33FCC9BD1644BD14FCA330AA978500001AFDE4300000"	"\Divisions\PD\Line Boise\131365 Xcel SW MN GALLOPING INVESTGTN RMD\schedule"
"000000009598E9A20E04F041B38518182890A2D50100A3DF33FCC9BD1644BD14FCA330AA978500001B6F23EB0000"	"\Divisions\PD\Line Boise\132155 PSE Eastside"
"000000009598E9A20E04F041B38518182890A2D50100A3DF33FCC9BD1644BD14FCA330AA978500001D31C0670000"	"\Divisions\PD\Line Boise\133033_Ajo Mine"
"000000009598E9A20E04F041B38518182890A2D50100A3DF33FCC9BD1644BD14FCA330AA978500001DD4700B0000"	"\Divisions\PD\Line Boise\134091 PAC Croy-DV\01_Submittals-wDMS#\D_Material"
"000000009598E9A20E04F041B38518182890A2D50100A3DF33FCC9BD1644BD14FCA330AA978500001EFB45A70000"	"\Divisions\PD\Line Boise\134091 PAC Croy-DV\09_Distribution"
"000000009598E9A20E04F041B38518182890A2D50100A3DF33FCC9BD1644BD14FCA330AA978500001ECE0CA00000"	"\Divisions\PD\Line Boise\134473 PCorp Coalville SLV CRK\01_Submittals-wDMS#\I_Preliminary-Staking"
"000000009598E9A20E04F041B38518182890A2D50100A3DF33FCC9BD1644BD14FCA330AA978500001DD6892C0000"	"\Divisions\PD\Line Boise\134474 PCorp Croydon-Coalville\00_PEI-Internal"
"000000009598E9A20E04F041B38518182890A2D50100A3DF33FCC9BD1644BD14FCA330AA978500001DD689610000"	"\Divisions\PD\Line Boise\134474 PCorp Croydon-Coalville\04_Geotech"
"000000009598E9A20E04F041B38518182890A2D501006C95E27D1ACA634AA1AADC20796388DD000000A919230000"	"\Divisions\PD\Line Boise\135116 SunZia\116500_Sunzia\Meetings & Notes\Enviro topics"
"000000009598E9A20E04F041B38518182890A2D50100A3DF33FCC9BD1644BD14FCA330AA97850000206A89940000"	"\Divisions\PD\Line Boise\135953 GNTL 500kV\Mtg Notes"
"000000009598E9A20E04F041B38518182890A2D50100A3DF33FCC9BD1644BD14FCA330AA978500002308FD780000"	"\Divisions\PD\Line Boise\136620 XCEL-0729 Rplce Pole (See also 133657)\QC"
"000000009598E9A20E04F041B38518182890A2D50100A3DF33FCC9BD1644BD14FCA330AA978500002832C01B0000"	"\Divisions\PD\Line Boise\137579 XCEL-GISTIII POI ANALYSIS\0844"
"000000009598E9A20E04F041B38518182890A2D5010012225CC57BF01F4EA8CCA87A792FF35F00000A50CAFE0000"	"\Divisions\PD\Line Boise\137979 GNTL TLine\04_PNC 2(Proc & Const)"
"000000009598E9A20E04F041B38518182890A2D50100A3DF33FCC9BD1644BD14FCA330AA9785000026232E7C0000"	"\Divisions\PD\Line Boise\140211 XCEL-9255 PH-2 LC UPGRADE"
"000000009598E9A20E04F041B38518182890A2D50100A3DF33FCC9BD1644BD14FCA330AA97850000287639AE0000"	"\Divisions\PD\Line Boise\141318 Harry Allen Eldorado"
"000000009598E9A20E04F041B38518182890A2D5010012225CC57BF01F4EA8CCA87A792FF35F00003F053F7A0000"	"\Divisions\PD\Line Boise\143375 - Merrill Solar-PAC"
"000000009598E9A20E04F041B38518182890A2D5010012225CC57BF01F4EA8CCA87A792FF35F00017CDD53460000"	"\Divisions\PD\Line Boise\144969 Xcel 6964 FT GARLAND TERM"
"000000009598E9A20E04F041B38518182890A2D5010012225CC57BF01F4EA8CCA87A792FF35F0001E6DB39640000"	"\Divisions\PD\Line Boise\146618 - Bob TLine\Hardware-Conductor"
"000000009598E9A20E04F041B38518182890A2D5010012225CC57BF01F4EA8CCA87A792FF35F0000E0E4BE3D0000"	"\Divisions\PD\Line Boise\146990 XCEL NSPW Eng & Super Elec T-Line"
"000000009598E9A20E04F041B38518182890A2D5010012225CC57BF01F4EA8CCA87A792FF35F00019C5891690000"	"\Divisions\PD\Line Boise\151787 GL PAHRUM-BOB"
"000000009598E9A20E04F041B38518182890A2D5010012225CC57BF01F4EA8CCA87A792FF35F00021D59BCD60000"	"\Divisions\PD\Line Boise\154320 Ten West\154320 10W Geotech"
"000000009598E9A20E04F041B38518182890A2D5010012225CC57BF01F4EA8CCA87A792FF35F0005848387540000"	"\Divisions\PD\Line Boise\154320 Ten West\154320 Cielo Azul"
"000000009598E9A20E04F041B38518182890A2D5010012225CC57BF01F4EA8CCA87A792FF35F0002B980EA830000"	"\Divisions\PD\Line Boise\158794 - NCPA Insulator Replace"
"000000009598E9A20E04F041B38518182890A2D50100A3DF33FCC9BD1644BD14FCA330AA978500001B3CFBD50000"	"\Divisions\PD\Line Boise\Collin_Cut-in"
"000000009598E9A20E04F041B38518182890A2D501001953B16A689BCD4AA8FC82955DB27CB10000011FEB090000"	"\Divisions\PD\Line Boise\Line-Rating-Projects\PacifiCorp\B38"
"000000009598E9A20E04F041B38518182890A2D50100A3DF33FCC9BD1644BD14FCA330AA9785000016FBD4EA0000"	"\Divisions\PD\Line Boise\Line-Rating-Projects\PacifiCorp\S01\Remediation"
"000000009598E9A20E04F041B38518182890A2D50100A3DF33FCC9BD1644BD14FCA330AA978500001676E7AD0000"	"\Divisions\PD\Line Boise\Line-Rating-Projects\PacifiCorp2\B41"
"000000009598E9A20E04F041B38518182890A2D50100A3DF33FCC9BD1644BD14FCA330AA978500001676E7FD0000"	"\Divisions\PD\Line Boise\Line-Rating-Projects\PacifiCorp2\WI01"
"000000009598E9A20E04F041B38518182890A2D5010012225CC57BF01F4EA8CCA87A792FF35F0002548EA6D20000"	"\Divisions\PD\Line Boise\Xcel_Energy_Standards\On-Off-Badge-Training\2019 Training"
"000000009598E9A20E04F041B38518182890A2D5010012225CC57BF01F4EA8CCA87A792FF35F000440ED22D40000"	"\Divisions\PD\Line Boise\Xcel_Energy_Standards\On-Off-Badge-Training\Off-Boarding\Agbara-EDS"
"000000009598E9A20E04F041B38518182890A2D5010012225CC57BF01F4EA8CCA87A792FF35F0005F8D4B77E0000"	"\Divisions\PD\Line Boise\Xcel_Energy_Standards\On-Off-Badge-Training\On-Boarding_Prev 10-26-23\Agbara"
"000000009598E9A20E04F041B38518182890A2D5010012225CC57BF01F4EA8CCA87A792FF35F0006CB2141CE0000"	"\Divisions\PD\Line Boise\Xcel_Energy_Standards\On-Off-Badge-Training\On-Boarding\Agbara"
"000000009598E9A20E04F041B38518182890A2D5010012225CC57BF01F4EA8CCA87A792FF35F000118DC9E780000"	"\Divisions\PD\Line Calgary\Out Of Office - Calgary Calendar"
"000000009598E9A20E04F041B38518182890A2D50100A3DF33FCC9BD1644BD14FCA330AA9785000021CD751C0000"	"\Divisions\PD\Line Cincinnati\137647 BALTIMORE GAS & ELECTRIC-BGE-SOUTH SHORE TRAIL"
"000000009598E9A20E04F041B38518182890A2D501006C95E27D1ACA634AA1AADC20796388DD000000340EA60000"	"\Divisions\PD\Line Fort Mill"
"000000009598E9A20E04F041B38518182890A2D50100A3DF33FCC9BD1644BD14FCA330AA9785000026F4F7BE0000"	"\Divisions\PD\Line Fort Worth\01 CLOSED PROJS - UPLOAD TO PROJECTWISE\127131 - Z18 - Kiser to Hale - CLOSED 2014"
"000000009598E9A20E04F041B38518182890A2D50100A3DF33FCC9BD1644BD14FCA330AA978500001BEE21410000"	"\Divisions\PD\Line Fort Worth\132044 - XCEL ENERGY_Z21.2/Z86 DMNDBCK-CDR LKS 69KV"
"000000009598E9A20E04F041B38518182890A2D501006C95E27D1ACA634AA1AADC20796388DD0000002330770000"	"\Divisions\PD\Line Freeport"
"000000009598E9A20E04F041B38518182890A2D50100A3DF33FCC9BD1644BD14FCA330AA97850000194D07FB0000"	"\Divisions\PD\Line Hailey\00-Restored_Emails\105674"
"000000009598E9A20E04F041B38518182890A2D50100A3DF33FCC9BD1644BD14FCA330AA97850000221D1B6F0000"	"\Divisions\PD\Line Hailey\00-Restored_Emails\127035_Vista - Pahrump_230kV Line\127035_Vista - Pahrump_230kV Line - Tasks"
"000000009598E9A20E04F041B38518182890A2D50100A3DF33FCC9BD1644BD14FCA330AA97850000187E30260000"	"\Divisions\PD\Line Hailey\01_Oncor_General\00_Project_Milestone_Reports"
"000000009598E9A20E04F041B38518182890A2D50100A3DF33FCC9BD1644BD14FCA330AA97850000196752BF0000"	"\Divisions\PD\Line Hailey\01_Oncor_General\01_Project_Assignments"
"000000009598E9A20E04F041B38518182890A2D50100572FF007A7D6B64CA96E5CFE8E1CC1A400000054B6E70000"	"\Divisions\PD\Line Hailey\01_Oncor_General\Crez_Projects_Std_OPGW_Material"
"000000009598E9A20E04F041B38518182890A2D50100A3DF33FCC9BD1644BD14FCA330AA9785000015F020AB0000"	"\Divisions\PD\Line Hailey\01_Oncor_General\Material_Updates_Questions\Concrete_&_Steel_Pole_Rpt"
"000000009598E9A20E04F041B38518182890A2D50100A3DF33FCC9BD1644BD14FCA330AA978500000E9159B90000"	"\Divisions\PD\Line Hailey\01_Oncor_General\New_Material_Ordering_Process\Notes_To_Buyers"
"000000009598E9A20E04F041B38518182890A2D50100A3DF33FCC9BD1644BD14FCA330AA9785000018B758620000"	"\Divisions\PD\Line Hailey\01_Oncor_General\Oncor_IT_Help_Requests\IT_Contact_Information"
"000000009598E9A20E04F041B38518182890A2D50100A3DF33FCC9BD1644BD14FCA330AA9785000022E902670000"	"\Divisions\PD\Line Hailey\01_Oncor_General\Project_Wise_Process"
"000000009598E9A20E04F041B38518182890A2D501001953B16A689BCD4AA8FC82955DB27CB1000000E960880000"	"\Divisions\PD\Line Hailey\01_Oncor_General\Vendor_Pricing"
"000000009598E9A20E04F041B38518182890A2D501001296C725372D7F4B86B758A22EA3141B0000001D67D70000"	"\Divisions\PD\Line Hailey\107925-csur\mec"
"000000009598E9A20E04F041B38518182890A2D501001296C725372D7F4B86B758A22EA3141B000000236AD90000"	"\Divisions\PD\Line Hailey\108628-Umbata Falls\Meeting Minutes"
"000000009598E9A20E04F041B38518182890A2D501001296C725372D7F4B86B758A22EA3141B00000033A5F40000"	"\Divisions\PD\Line Hailey\108760 AEP"
"000000009598E9A20E04F041B38518182890A2D501001296C725372D7F4B86B758A22EA3141B00000037593B0000"	"\Divisions\PD\Line Hailey\110454 COR Stillwater"
"000000009598E9A20E04F041B38518182890A2D501001296C725372D7F4B86B758A22EA3141B00000044D0D00000"	"\Divisions\PD\Line Hailey\111441_NYPA-LiDAR"
"000000009598E9A20E04F041B38518182890A2D501001296C725372D7F4B86B758A22EA3141B0000007F1CE50000"	"\Divisions\PD\Line Hailey\112088 Collin-Custer"
"000000009598E9A20E04F041B38518182890A2D501001296C725372D7F4B86B758A22EA3141B0000005F9D550000"	"\Divisions\PD\Line Hailey\112485-Alcan2\1 - Cable"
"000000009598E9A20E04F041B38518182890A2D501001296C725372D7F4B86B758A22EA3141B0000005C25B10000"	"\Divisions\PD\Line Hailey\112631-Generation"
"000000009598E9A20E04F041B38518182890A2D50100572FF007A7D6B64CA96E5CFE8E1CC1A40000001935380000"	"\Divisions\PD\Line Hailey\113210_CPS-LiDAR\In-House_Checklists"
"000000009598E9A20E04F041B38518182890A2D50100572FF007A7D6B64CA96E5CFE8E1CC1A40000001397B10000"	"\Divisions\PD\Line Hailey\113723_E Rich-Apollo Jupiter"
"000000009598E9A20E04F041B38518182890A2D501001296C725372D7F4B86B758A22EA3141B0000007DA0650000"	"\Divisions\PD\Line Hailey\114620_Bangor_Rating"
"000000009598E9A20E04F041B38518182890A2D50100572FF007A7D6B64CA96E5CFE8E1CC1A400000019353B0000"	"\Divisions\PD\Line Hailey\116270_Almond-Grayson"
"000000009598E9A20E04F041B38518182890A2D50100572FF007A7D6B64CA96E5CFE8E1CC1A400000021C98D0000"	"\Divisions\PD\Line Hailey\117387 IID ECGS3 Repower"
"000000009598E9A20E04F041B38518182890A2D501001953B16A689BCD4AA8FC82955DB27CB1000001799B580000"	"\Divisions\PD\Line Hailey\118178_Arco_to_Krugerville\MRLJ04"
"000000009598E9A20E04F041B38518182890A2D50100572FF007A7D6B64CA96E5CFE8E1CC1A4000000383F120000"	"\Divisions\PD\Line Hailey\118279_WREC_Eng_Certification_Project"
"000000009598E9A20E04F041B38518182890A2D5010012225CC57BF01F4EA8CCA87A792FF35F00031E30040F0000"	"\Divisions\PD\Line Hailey\119424_Leon-Cisco_69kV\MR_LJ01\dups"
"000000009598E9A20E04F041B38518182890A2D5010064CEE54672FD844491A13B5C6CAEE87D00000034EB000000"	"\Divisions\PD\Line Hailey\120729_Skyriver_Uprating"
"000000009598E9A20E04F041B38518182890A2D50100A3DF33FCC9BD1644BD14FCA330AA9785000017010D5A0000"	"\Divisions\PD\Line Hailey\121180_Newton-Killeen\MRVJ01"
"000000009598E9A20E04F041B38518182890A2D50100572FF007A7D6B64CA96E5CFE8E1CC1A40000005F0C7A0000"	"\Divisions\PD\Line Hailey\121964-ICE GIS Vendor Selection"
"000000009598E9A20E04F041B38518182890A2D50100A3DF33FCC9BD1644BD14FCA330AA978500000EBA1D920000"	"\Divisions\PD\Line Hailey\122443_Clear_Crossing-Willow_Crk_EAST\MRLJ07"
"000000009598E9A20E04F041B38518182890A2D50100A3DF33FCC9BD1644BD14FCA330AA97850000170CEECC0000"	"\Divisions\PD\Line Hailey\122444_Clear_Crossing_Willow_Crk_WEST\MRCD01"
"000000009598E9A20E04F041B38518182890A2D50100A3DF33FCC9BD1644BD14FCA330AA9785000019A85D750000"	"\Divisions\PD\Line Hailey\122444_Clear_Crossing_Willow_Crk_WEST\MRLJ12"
"000000009598E9A20E04F041B38518182890A2D501001953B16A689BCD4AA8FC82955DB27CB1000000D45F560000"	"\Divisions\PD\Line Hailey\123262_ALISO_Canyon_Distributors"
"000000009598E9A20E04F041B38518182890A2D501001953B16A689BCD4AA8FC82955DB27CB1000001C68B260000"	"\Divisions\PD\Line Hailey\124634-Vortex Wind Farm Tap GLP"
"000000009598E9A20E04F041B38518182890A2D50100A3DF33FCC9BD1644BD14FCA330AA978500002BC2AED60000"	"\Divisions\PD\Line Hailey\126382_Paisley_Geo_T-Line\dups"
"000000009598E9A20E04F041B38518182890A2D50100A3DF33FCC9BD1644BD14FCA330AA97850000179315970000"	"\Divisions\PD\Line Hailey\126873_Oncor_Goldsmith-Goldsmith_South\MRLJ03"
"000000009598E9A20E04F041B38518182890A2D5010012225CC57BF01F4EA8CCA87A792FF35F00031E3004530000"	"\Divisions\PD\Line Hailey\127539_LOS_AZUFRES_III-GEOTHERMAL\dups"
"000000009598E9A20E04F041B38518182890A2D50100A3DF33FCC9BD1644BD14FCA330AA978500001B70051F0000"	"\Divisions\PD\Line Hailey\127941_Riley-Krum_W-P2:_Sunset -Tap\Orders_By_Others"
"000000009598E9A20E04F041B38518182890A2D50100A3DF33FCC9BD1644BD14FCA330AA9785000017F8CB620000"	"\Divisions\PD\Line Hailey\128267_Brazos_NERC_Rating_PT 2"
"000000009598E9A20E04F041B38518182890A2D50100A3DF33FCC9BD1644BD14FCA330AA9785000019C4F7290000"	"\Divisions\PD\Line Hailey\129045_COE_ALIAMANU_OH_LINE"
"000000009598E9A20E04F041B38518182890A2D50100A3DF33FCC9BD1644BD14FCA330AA978500001A24A2DF0000"	"\Divisions\PD\Line Hailey\129547_Parker-Eagle_Mt"
"000000009598E9A20E04F041B38518182890A2D50100A3DF33FCC9BD1644BD14FCA330AA9785000021DE1C3D0000"	"\Divisions\PD\Line Hailey\129567_Temple_Sw-Bell_Cty_E\WA_13T64039\MRLJ05"
"000000009598E9A20E04F041B38518182890A2D50100A3DF33FCC9BD1644BD14FCA330AA978500001998AF0D0000"	"\Divisions\PD\Line Hailey\129882_P21 & 22G Relocate_Strs"
"000000009598E9A20E04F041B38518182890A2D50100A3DF33FCC9BD1644BD14FCA330AA978500001D93A7D30000"	"\Divisions\PD\Line Hailey\130257_Stanton_E-Midland-E"
"000000009598E9A20E04F041B38518182890A2D50100A3DF33FCC9BD1644BD14FCA330AA97850000226EF8C70000"	"\Divisions\PD\Line Hailey\130527-Stokely_Creek_Xing_GLP\dups"
"000000009598E9A20E04F041B38518182890A2D50100A3DF33FCC9BD1644BD14FCA330AA978500001A9E15410000"	"\Divisions\PD\Line Hailey\131199_Pawnee_Daniels_Park_UG"
"000000009598E9A20E04F041B38518182890A2D50100A3DF33FCC9BD1644BD14FCA330AA978500001AEE365A0000"	"\Divisions\PD\Line Hailey\131593_WAWA_Transformer_Stand"
"000000009598E9A20E04F041B38518182890A2D5010012225CC57BF01F4EA8CCA87A792FF35F00031E30047F0000"	"\Divisions\PD\Line Hailey\131878_Odessa_N-Moss\dups"
"000000009598E9A20E04F041B38518182890A2D50100A3DF33FCC9BD1644BD14FCA330AA978500001B443D5D0000"	"\Divisions\PD\Line Hailey\132039_RIO_TINTO_KEMANO_25KV_SUB"
"000000009598E9A20E04F041B38518182890A2D50100A3DF33FCC9BD1644BD14FCA330AA978500001BAF82310000"	"\Divisions\PD\Line Hailey\132364_345kV_Str_Study_Update"
"000000009598E9A20E04F041B38518182890A2D50100A3DF33FCC9BD1644BD14FCA330AA978500001DB854940000"	"\Divisions\PD\Line Hailey\133384_Collin-Renner"
"000000009598E9A20E04F041B38518182890A2D50100A3DF33FCC9BD1644BD14FCA330AA978500001DB990F80000"	"\Divisions\PD\Line Hailey\134295_Fairground_Industrial"
"000000009598E9A20E04F041B38518182890A2D5010012225CC57BF01F4EA8CCA87A792FF35F00031E3004950000"	"\Divisions\PD\Line Hailey\134633_Eagle_Mt-Wagley_Robertson\dups"
"000000009598E9A20E04F041B38518182890A2D50100A3DF33FCC9BD1644BD14FCA330AA978500001DE1DF820000"	"\Divisions\PD\Line Hailey\134690_Lone_Star-LT_Mst_Str_Des"
"000000009598E9A20E04F041B38518182890A2D5010012225CC57BF01F4EA8CCA87A792FF35F000322D0787F0000"	"\Divisions\PD\Line Hailey\135116_SunZia_500kV_UG_T-Line\dups"
"000000009598E9A20E04F041B38518182890A2D50100A3DF33FCC9BD1644BD14FCA330AA97850000201F2F4E0000"	"\Divisions\PD\Line Hailey\135675_Jacksonville Electric Authority"
"000000009598E9A20E04F041B38518182890A2D50100A3DF33FCC9BD1644BD14FCA330AA9785000020A5C6D80000"	"\Divisions\PD\Line Hailey\136698_SOO_Green"
"000000009598E9A20E04F041B38518182890A2D50100A3DF33FCC9BD1644BD14FCA330AA9785000027216D290000"	"\Divisions\PD\Line Hailey\137384-Transelec Line Design Criteria\Iraja to Frank"
"000000009598E9A20E04F041B38518182890A2D5010012225CC57BF01F4EA8CCA87A792FF35F00003B473D5C0000"	"\Divisions\PD\Line Hailey\137396_Hicks-Elizabeth\MRLJ11"
"000000009598E9A20E04F041B38518182890A2D50100A3DF33FCC9BD1644BD14FCA330AA97850000262B06060000"	"\Divisions\PD\Line Hailey\137449_Mt_Creek-Norwood\MRLJ04"
"000000009598E9A20E04F041B38518182890A2D50100A3DF33FCC9BD1644BD14FCA330AA97850000226385F60000"	"\Divisions\PD\Line Hailey\137959_Odessa_EHV-Odessa_Reconduct"
"000000009598E9A20E04F041B38518182890A2D5010012225CC57BF01F4EA8CCA87A792FF35F00009C5C34580000"	"\Divisions\PD\Line Hailey\138156_Venus-Cedar_Hill\MRGWC1"
"000000009598E9A20E04F041B38518182890A2D50100A3DF33FCC9BD1644BD14FCA330AA97850000258AB74B0000"	"\Divisions\PD\Line Hailey\138218_Means-Fullerton_69kV_RBLD\WA_15T63086\MRLJ03"
"000000009598E9A20E04F041B38518182890A2D50100A3DF33FCC9BD1644BD14FCA330AA978500002CBF5CFF0000"	"\Divisions\PD\Line Hailey\138218_Means-Fullerton_69kV_RBLD\WA_15T63112\MRLJ12"
"000000009598E9A20E04F041B38518182890A2D50100A3DF33FCC9BD1644BD14FCA330AA978500002A9731A10000"	"\Divisions\PD\Line Hailey\138504_Holt_SW-N_Andrews\WA_15T63114\MRLJ07"
"000000009598E9A20E04F041B38518182890A2D50100A3DF33FCC9BD1644BD14FCA330AA97850000233C0BFC0000"	"\Divisions\PD\Line Hailey\138777_NW_Andrews_Generation"
"000000009598E9A20E04F041B38518182890A2D50100A3DF33FCC9BD1644BD14FCA330AA97850000239523480000"	"\Divisions\PD\Line Hailey\138983_TOV Suppression_Sw"
"000000009598E9A20E04F041B38518182890A2D5010012225CC57BF01F4EA8CCA87A792FF35F0000D8CDC2350000"	"\Divisions\PD\Line Hailey\139108_Cedar_Crest-Dealey\MRLJ01"
"000000009598E9A20E04F041B38518182890A2D50100A3DF33FCC9BD1644BD14FCA330AA9785000026B7D4DC0000"	"\Divisions\PD\Line Hailey\139292_Lamesa-Dawson-Denver\MRLJ02"
"000000009598E9A20E04F041B38518182890A2D50100A3DF33FCC9BD1644BD14FCA330AA97850000254AFCF10000"	"\Divisions\PD\Line Hailey\139550_HPFF_IMPROVE_LINE_1753"
"000000009598E9A20E04F041B38518182890A2D5010012225CC57BF01F4EA8CCA87A792FF35F0001217308E00000"	"\Divisions\PD\Line Hailey\139902_BETHEL-WAXAHACHIE_TAP\dups"
"000000009598E9A20E04F041B38518182890A2D50100A3DF33FCC9BD1644BD14FCA330AA9785000027246FAC0000"	"\Divisions\PD\Line Hailey\140635_CENIZO-NO EDIN TCC"
"000000009598E9A20E04F041B38518182890A2D5010012225CC57BF01F4EA8CCA87A792FF35F000019E269700000"	"\Divisions\PD\Line Hailey\141112_Venus Sw Sta - Midlothian\MRLJ03"
"000000009598E9A20E04F041B38518182890A2D5010012225CC57BF01F4EA8CCA87A792FF35F00028774B2690000"	"\Divisions\PD\Line Hailey\141183_CROWN RD - NORWOOD SW STA \MRLJ08"
"000000009598E9A20E04F041B38518182890A2D5010012225CC57BF01F4EA8CCA87A792FF35F00014B4788740000"	"\Divisions\PD\Line Hailey\141185_Northaven-Preston Rd North\MRLJ04"
"000000009598E9A20E04F041B38518182890A2D5010012225CC57BF01F4EA8CCA87A792FF35F000225419F930000"	"\Divisions\PD\Line Hailey\141306_Lake_Wichita_Sw_Sta-Wichita_Falls\MRLJ10"
"000000009598E9A20E04F041B38518182890A2D5010012225CC57BF01F4EA8CCA87A792FF35F00011CBC1F740000"	"\Divisions\PD\Line Hailey\141404_Cedar Hill-Liggett\MRLJ03_Steel Poles"
"000000009598E9A20E04F041B38518182890A2D5010012225CC57BF01F4EA8CCA87A792FF35F000084D9B9DD0000"	"\Divisions\PD\Line Hailey\141457_Pflugerville-Gilleland\MRLJ04"
"000000009598E9A20E04F041B38518182890A2D5010012225CC57BF01F4EA8CCA87A792FF35F0000C304328D0000"	"\Divisions\PD\Line Hailey\141658_Holt_N_Andrews-Midland_Farms\16T63099\MRLJ05"
"000000009598E9A20E04F041B38518182890A2D5010012225CC57BF01F4EA8CCA87A792FF35F00014BFB78FC0000"	"\Divisions\PD\Line Hailey\141659_Holt - Andrews N-Andrews Cty S\WA 16T63098\MRLJ06"
"000000009598E9A20E04F041B38518182890A2D5010012225CC57BF01F4EA8CCA87A792FF35F000178961A950000"	"\Divisions\PD\Line Hailey\141803_Wedgewood Sw Sta-Forest Hill Sta\ISSUE MATERIALS REQUESTS"
"000000009598E9A20E04F041B38518182890A2D50100A3DF33FCC9BD1644BD14FCA330AA978500002B0DAA9E0000"	"\Divisions\PD\Line Hailey\142200_P21G_Line_Str_Analysis"
"000000009598E9A20E04F041B38518182890A2D5010012225CC57BF01F4EA8CCA87A792FF35F000117D40FE90000"	"\Divisions\PD\Line Hailey\142857_MOSS-PERMIAN BASIN: WOLF\MRLJ04_Steel Poles"
"000000009598E9A20E04F041B38518182890A2D5010012225CC57BF01F4EA8CCA87A792FF35F00008C3235C00000"	"\Divisions\PD\Line Hailey\142861_PERMIAN BASIN-WINK: YUCCA\MRLJ01"
"000000009598E9A20E04F041B38518182890A2D5010012225CC57BF01F4EA8CCA87A792FF35F0000CB33FAF50000"	"\Divisions\PD\Line Hailey\142863_PERMIAN BASIN - WINK (WEST): WOLF\MRLJ03"
"000000009598E9A20E04F041B38518182890A2D5010012225CC57BF01F4EA8CCA87A792FF35F00007E79BFB80000"	"\Divisions\PD\Line Hailey\143203_John_Day_Tie-in\MRCD01"
"000000009598E9A20E04F041B38518182890A2D5010012225CC57BF01F4EA8CCA87A792FF35F0002032BB24D0000"	"\Divisions\PD\Line Hailey\143469_Carrollton_NW-Crown Rd\MRLJ08"
"000000009598E9A20E04F041B38518182890A2D5010012225CC57BF01F4EA8CCA87A792FF35F00002AD889000000"	"\Divisions\PD\Line Hailey\143815_WATAYNIKANEYAP_GEOTE\Wataynikaneyap Geotech Proposal"
"000000009598E9A20E04F041B38518182890A2D5010012225CC57BF01F4EA8CCA87A792FF35F0001EF30B0650000"	"\Divisions\PD\Line Hailey\143834_Smart_Wires_Support\TX_PGE VDL"
"000000009598E9A20E04F041B38518182890A2D5010012225CC57BF01F4EA8CCA87A792FF35F0000B10731B00000"	"\Divisions\PD\Line Hailey\143961_Tricorner_SEAGOVILLE-TRICORNER"
"000000009598E9A20E04F041B38518182890A2D5010012225CC57BF01F4EA8CCA87A792FF35F0000CDE323C00000"	"\Divisions\PD\Line Hailey\144304_Sterrett Sw. Sta"
"000000009598E9A20E04F041B38518182890A2D5010012225CC57BF01F4EA8CCA87A792FF35F000049C4B1CE0000"	"\Divisions\PD\Line Hailey\144455_Trinidad-Winkler\MRLJ03"
"000000009598E9A20E04F041B38518182890A2D5010012225CC57BF01F4EA8CCA87A792FF35F00006291C9B70000"	"\Divisions\PD\Line Hailey\144474_Payne-Collin_Westbridge-Sub\MRLJ01"
"000000009598E9A20E04F041B38518182890A2D5010012225CC57BF01F4EA8CCA87A792FF35F00015333EE7B0000"	"\Divisions\PD\Line Hailey\144634_Hutto-Pflugerville\MRLJ09"
"000000009598E9A20E04F041B38518182890A2D5010012225CC57BF01F4EA8CCA87A792FF35F00021D59BD000000"	"\Divisions\PD\Line Hailey\145251_Watermill Sw Sta-Camp Wisdom Rd\Liggett Material Requests"
"000000009598E9A20E04F041B38518182890A2D5010012225CC57BF01F4EA8CCA87A792FF35F00010A95AC570000"	"\Divisions\PD\Line Hailey\145469_Yucca Dr - AEP Barilla Jct\17T63048\MRLJ04_Steel_Poles"
"000000009598E9A20E04F041B38518182890A2D5010012225CC57BF01F4EA8CCA87A792FF35F00020E15DF670000"	"\Divisions\PD\Line Hailey\145469_Yucca Dr - AEP Barilla Jct\17T63126\MRLJ09"
"000000009598E9A20E04F041B38518182890A2D5010012225CC57BF01F4EA8CCA87A792FF35F00009108F9BB0000"	"\Divisions\PD\Line Hailey\145576_P21G_2017_RPL_STRCTR_DES\BD_Emails"
"000000009598E9A20E04F041B38518182890A2D5010012225CC57BF01F4EA8CCA87A792FF35F0001C0994DC80000"	"\Divisions\PD\Line Hailey\145701_Hutto-Taylor\MRLJ06"
"000000009598E9A20E04F041B38518182890A2D5010012225CC57BF01F4EA8CCA87A792FF35F00026BB9451E0000"	"\Divisions\PD\Line Hailey\145911_Northaven Lines\16T65186_Northaven-Preston\MRLJ09"
"000000009598E9A20E04F041B38518182890A2D5010012225CC57BF01F4EA8CCA87A792FF35F0000AD4FE7940000"	"\Divisions\PD\Line Hailey\146184_UNIVERSITY_OF_FLORIDA"
"000000009598E9A20E04F041B38518182890A2D5010012225CC57BF01F4EA8CCA87A792FF35F0000DC3DE7280000"	"\Divisions\PD\Line Hailey\146964_T120_KENDALL-HOLLMIG_OPGW"
"000000009598E9A20E04F041B38518182890A2D5010012225CC57BF01F4EA8CCA87A792FF35F0001074EFED50000"	"\Divisions\PD\Line Hailey\148181_Lamifil_Sag-Ten Analysis"
"000000009598E9A20E04F041B38518182890A2D5010012225CC57BF01F4EA8CCA87A792FF35F00017CDD534A0000"	"\Divisions\PD\Line Hailey\148326_Cedar Crest-Wall St\MRLJ05"
"000000009598E9A20E04F041B38518182890A2D5010012225CC57BF01F4EA8CCA87A792FF35F0001420DD7FC0000"	"\Divisions\PD\Line Hailey\149107 Difebal Trans Monitoring"
"000000009598E9A20E04F041B38518182890A2D5010012225CC57BF01F4EA8CCA87A792FF35F00014BFB78EC0000"	"\Divisions\PD\Line Hailey\149493_34.5KV SUBMARINE CABLES"
"000000009598E9A20E04F041B38518182890A2D5010012225CC57BF01F4EA8CCA87A792FF35F0001F67CE0990000"	"\Divisions\PD\Line Hailey\151641_General Motors-International Airport\MRLJ02"
"000000009598E9A20E04F041B38518182890A2D5010012225CC57BF01F4EA8CCA87A792FF35F000297759EE50000"	"\Divisions\PD\Line Hailey\151644_TYLER-TYLER WEST 69kV\MRLJ05_Wood Pole Laminated"
"000000009598E9A20E04F041B38518182890A2D5010012225CC57BF01F4EA8CCA87A792FF35F00019E7B5EFA0000"	"\Divisions\PD\Line Hailey\151824_LON HIL ORNG GRV A14072005"
"000000009598E9A20E04F041B38518182890A2D5010012225CC57BF01F4EA8CCA87A792FF35F00027FE68E320000"	"\Divisions\PD\Line Hailey\152843_Brookhollow\MRLJ05"
"000000009598E9A20E04F041B38518182890A2D5010012225CC57BF01F4EA8CCA87A792FF35F0001C4C9DB9A0000"	"\Divisions\PD\Line Hailey\153087_T582 ELRY-WLF LN OPGW ADD"
"000000009598E9A20E04F041B38518182890A2D5010012225CC57BF01F4EA8CCA87A792FF35F00022308A37F0000"	"\Divisions\PD\Line Hailey\153696_Kemp Ranch Sw-Genus #1\MRLJ02"
"000000009598E9A20E04F041B38518182890A2D5010012225CC57BF01F4EA8CCA87A792FF35F000312A49F530000"	"\Divisions\PD\Line Hailey\153700_ALVARADO-VENUS SW-KEMP RANCH\MRLJ03"
"000000009598E9A20E04F041B38518182890A2D5010012225CC57BF01F4EA8CCA87A792FF35F0002D18D62870000"	"\Divisions\PD\Line Hailey\153758_HICKS SW.-DEEN SW\Material Tracking_LJ\MRLJ03_Conductor"
"000000009598E9A20E04F041B38518182890A2D5010012225CC57BF01F4EA8CCA87A792FF35F0002D18D628B0000"	"\Divisions\PD\Line Hailey\153760_N. MAIN SW.-DEEN SW\Material Tracking_LJ\MRLJ03_Conductor"
"000000009598E9A20E04F041B38518182890A2D5010012225CC57BF01F4EA8CCA87A792FF35F0002EE36B0D80000"	"\Divisions\PD\Line Hailey\154677_Wolf Sw-Riverton-SEE PROWISE\MRTW_Arcosa _Tower Order"
"000000009598E9A20E04F041B38518182890A2D5010012225CC57BF01F4EA8CCA87A792FF35F0002F5D2D49C0000"	"\Divisions\PD\Line Hailey\154678_Odessa EHV Sw-Wolf Sw\MRLJ08"
"000000009598E9A20E04F041B38518182890A2D5010012225CC57BF01F4EA8CCA87A792FF35F00032F35F5A30000"	"\Divisions\PD\Line Hailey\154681_Moss Sw-Wolf Sw_N-Circuit\MRLJ08_TWR and HARDWARE"
"000000009598E9A20E04F041B38518182890A2D5010012225CC57BF01F4EA8CCA87A792FF35F0002F3B8E5C90000"	"\Divisions\PD\Line Hailey\154683_Odessa EHV Sw-Moss\MRTW-Tower Order"
"000000009598E9A20E04F041B38518182890A2D5010012225CC57BF01F4EA8CCA87A792FF35F0003208748A10000"	"\Divisions\PD\Line Hailey\155311_Owl Hills Sw-Tunstill POD Sta\MRLJ11"
"000000009598E9A20E04F041B38518182890A2D5010012225CC57BF01F4EA8CCA87A792FF35F000264BC6ED70000"	"\Divisions\PD\Line Hailey\156305_T451 SODA LAKE CUT-IN"
"000000009598E9A20E04F041B38518182890A2D5010012225CC57BF01F4EA8CCA87A792FF35F0002E9951CE20000"	"\Divisions\PD\Line Hailey\156541_LAKE CRK SW-WACO EAST SW"
"000000009598E9A20E04F041B38518182890A2D5010012225CC57BF01F4EA8CCA87A792FF35F000291F4A5660000"	"\Divisions\PD\Line Hailey\157552-BEA Obsidian 138 kV Sub Design"
"000000009598E9A20E04F041B38518182890A2D5010012225CC57BF01F4EA8CCA87A792FF35F0002C5AD51130000"	"\Divisions\PD\Line Hailey\158682 - QUANTA-CHILE 500KV T-LINE"
"000000009598E9A20E04F041B38518182890A2D5010012225CC57BF01F4EA8CCA87A792FF35F0002FCFF4E780000"	"\Divisions\PD\Line Hailey\159436_ALPHA RD-KNOLL TRAIL\MRLJ05_Pole Order"
"000000009598E9A20E04F041B38518182890A2D5010012225CC57BF01F4EA8CCA87A792FF35F000344F1EA800000"	"\Divisions\PD\Line Hailey\162187 Pauline - Moore"
"000000009598E9A20E04F041B38518182890A2D50100CB7D9B6512D7374A860FE542D577039200000031AF5C0000"	"\Divisions\PD\Line Hailey\Allegheny TrAIL\Hardware"
"000000009598E9A20E04F041B38518182890A2D50100572FF007A7D6B64CA96E5CFE8E1CC1A400000011FDA30000"	"\Divisions\PD\Line Hailey\BD_Efforts\102485-Echanis Wind"
"000000009598E9A20E04F041B38518182890A2D50100572FF007A7D6B64CA96E5CFE8E1CC1A400000051199B0000"	"\Divisions\PD\Line Hailey\BD_Efforts\116196_ILM\Material"
"000000009598E9A20E04F041B38518182890A2D50100572FF007A7D6B64CA96E5CFE8E1CC1A40000001E23570000"	"\Divisions\PD\Line Hailey\BD_Efforts\117896-virginia peak"
"000000009598E9A20E04F041B38518182890A2D50100572FF007A7D6B64CA96E5CFE8E1CC1A40000005119BF0000"	"\Divisions\PD\Line Hailey\BD_Efforts\120020-NTL\QA/QC"
"000000009598E9A20E04F041B38518182890A2D50100572FF007A7D6B64CA96E5CFE8E1CC1A400000051DDBA0000"	"\Divisions\PD\Line Hailey\BD_Efforts\121186-WWPP_Estancia_35MW Biomass"
"000000009598E9A20E04F041B38518182890A2D50100A3DF33FCC9BD1644BD14FCA330AA978500002ADF397F0000"	"\Divisions\PD\Line Hailey\BD_Efforts\AAE\2016\Ketraco"
"000000009598E9A20E04F041B38518182890A2D50100A3DF33FCC9BD1644BD14FCA330AA978500001F12A0AF0000"	"\Divisions\PD\Line Hailey\BD_Efforts\AECOM\2014\Wataynikaneyap"
"000000009598E9A20E04F041B38518182890A2D50100A3DF33FCC9BD1644BD14FCA330AA978500001D8A787D0000"	"\Divisions\PD\Line Hailey\BD_Efforts\AEP\General"
"000000009598E9A20E04F041B38518182890A2D50100A3DF33FCC9BD1644BD14FCA330AA978500001D204B7B0000"	"\Divisions\PD\Line Hailey\BD_Efforts\Algoma\Long Span Crossing"
"000000009598E9A20E04F041B38518182890A2D5010012225CC57BF01F4EA8CCA87A792FF35F0002B936A5410000"	"\Divisions\PD\Line Hailey\BD_Efforts\Allteck\2019"
"000000009598E9A20E04F041B38518182890A2D5010012225CC57BF01F4EA8CCA87A792FF35F00011D8C7A6F0000"	"\Divisions\PD\Line Hailey\BD_Efforts\Anbaric"
"000000009598E9A20E04F041B38518182890A2D50100A3DF33FCC9BD1644BD14FCA330AA9785000021277FDC0000"	"\Divisions\PD\Line Hailey\BD_Efforts\ARB"
"000000009598E9A20E04F041B38518182890A2D5010012225CC57BF01F4EA8CCA87A792FF35F0000A9E96D9C0000"	"\Divisions\PD\Line Hailey\BD_Efforts\ATCO\2017\Ft McMurray Certification"
"000000009598E9A20E04F041B38518182890A2D5010012225CC57BF01F4EA8CCA87A792FF35F0000F386584B0000"	"\Divisions\PD\Line Hailey\BD_Efforts\BC Hydro"
"000000009598E9A20E04F041B38518182890A2D5010012225CC57BF01F4EA8CCA87A792FF35F0000EEC969250000"	"\Divisions\PD\Line Hailey\BD_Efforts\BHER\2017"
"000000009598E9A20E04F041B38518182890A2D5010012225CC57BF01F4EA8CCA87A792FF35F00016EA992940000"	"\Divisions\PD\Line Hailey\BD_Efforts\Black Hills Power\2018\Border to Stegall_230 kV"
"000000009598E9A20E04F041B38518182890A2D50100A3DF33FCC9BD1644BD14FCA330AA978500001A5104C50000"	"\Divisions\PD\Line Hailey\BD_Efforts\brazos-hackberry"
"000000009598E9A20E04F041B38518182890A2D5010012225CC57BF01F4EA8CCA87A792FF35F0000B7D8B1E30000"	"\Divisions\PD\Line Hailey\BD_Efforts\Brookfield Renewable\2017"
"000000009598E9A20E04F041B38518182890A2D5010012225CC57BF01F4EA8CCA87A792FF35F0000DA5151760000"	"\Divisions\PD\Line Hailey\BD_Efforts\CEATI\2017\Failure Methodologies"
"000000009598E9A20E04F041B38518182890A2D50100572FF007A7D6B64CA96E5CFE8E1CC1A400000039601C0000"	"\Divisions\PD\Line Hailey\BD_Efforts\CEP_Columbia Energy Partners\119890_CEP_North Route Study"
"000000009598E9A20E04F041B38518182890A2D5010012225CC57BF01F4EA8CCA87A792FF35F0001A0F221D50000"	"\Divisions\PD\Line Hailey\BD_Efforts\Chugach\2018\Hope to Silver Tip Fiber"
"000000009598E9A20E04F041B38518182890A2D50100A3DF33FCC9BD1644BD14FCA330AA9785000017240D880000"	"\Divisions\PD\Line Hailey\BD_Efforts\City of Tacoma\Puyallup River Crossing"
"000000009598E9A20E04F041B38518182890A2D501001953B16A689BCD4AA8FC82955DB27CB1000000D5A8B50000"	"\Divisions\PD\Line Hailey\BD_Efforts\Community Renewable Solutions"
"000000009598E9A20E04F041B38518182890A2D5010012225CC57BF01F4EA8CCA87A792FF35F00028774B26F0000"	"\Divisions\PD\Line Hailey\BD_Efforts\CTC\2019\Vibration Analysis"
"000000009598E9A20E04F041B38518182890A2D5010012225CC57BF01F4EA8CCA87A792FF35F000124BAED980000"	"\Divisions\PD\Line Hailey\BD_Efforts\E3 Consulting\General"
"000000009598E9A20E04F041B38518182890A2D50100A3DF33FCC9BD1644BD14FCA330AA978500001A1A086A0000"	"\Divisions\PD\Line Hailey\BD_Efforts\EDPR\Multiple Projects 2013"
"000000009598E9A20E04F041B38518182890A2D5010012225CC57BF01F4EA8CCA87A792FF35F000075E8E12B0000"	"\Divisions\PD\Line Hailey\BD_Efforts\Enel Green Power\2017\Sundance"
"000000009598E9A20E04F041B38518182890A2D50100A3DF33FCC9BD1644BD14FCA330AA97850000156B3E8E0000"	"\Divisions\PD\Line Hailey\BD_Efforts\Entergy"
"000000009598E9A20E04F041B38518182890A2D5010012225CC57BF01F4EA8CCA87A792FF35F0000FB3FE4CF0000"	"\Divisions\PD\Line Hailey\BD_Efforts\EoN\2017\Grandview and Colbecks Design Review"
"000000009598E9A20E04F041B38518182890A2D50100A3DF33FCC9BD1644BD14FCA330AA978500001D59DD3C0000"	"\Divisions\PD\Line Hailey\BD_Efforts\Excel\2014"
"000000009598E9A20E04F041B38518182890A2D50100A3DF33FCC9BD1644BD14FCA330AA978500002DF708510000"	"\Divisions\PD\Line Hailey\BD_Efforts\Finland_KSBR\General"
"000000009598E9A20E04F041B38518182890A2D50100A3DF33FCC9BD1644BD14FCA330AA97850000230084580000"	"\Divisions\PD\Line Hailey\BD_Efforts\Flatiron\2015\Commissioning Plan"
"000000009598E9A20E04F041B38518182890A2D50100A3DF33FCC9BD1644BD14FCA330AA97850000271E4CB80000"	"\Divisions\PD\Line Hailey\BD_Efforts\Freeport McMoran_Morenci\2011\Morenci Mill"
"000000009598E9A20E04F041B38518182890A2D50100A3DF33FCC9BD1644BD14FCA330AA97850000227B37080000"	"\Divisions\PD\Line Hailey\BD_Efforts\Genalta"
"000000009598E9A20E04F041B38518182890A2D50100A3DF33FCC9BD1644BD14FCA330AA97850000164CEAA90000"	"\Divisions\PD\Line Hailey\BD_Efforts\GLP"
"000000009598E9A20E04F041B38518182890A2D50100A3DF33FCC9BD1644BD14FCA330AA9785000021991DE20000"	"\Divisions\PD\Line Hailey\BD_Efforts\GLP\2015"
"000000009598E9A20E04F041B38518182890A2D50100572FF007A7D6B64CA96E5CFE8E1CC1A40000001292330000"	"\Divisions\PD\Line Hailey\BD_Efforts\Golder_PSE"
"000000009598E9A20E04F041B38518182890A2D5010012225CC57BF01F4EA8CCA87A792FF35F000071646BEB0000"	"\Divisions\PD\Line Hailey\BD_Efforts\GridLiance\2017"
"000000009598E9A20E04F041B38518182890A2D5010012225CC57BF01F4EA8CCA87A792FF35F00010D90EA6C0000"	"\Divisions\PD\Line Hailey\BD_Efforts\Harvest Energy Services\2017"
"000000009598E9A20E04F041B38518182890A2D50100A3DF33FCC9BD1644BD14FCA330AA9785000019A891430000"	"\Divisions\PD\Line Hailey\BD_Efforts\HECLA"
"000000009598E9A20E04F041B38518182890A2D50100A3DF33FCC9BD1644BD14FCA330AA9785000025844B5F0000"	"\Divisions\PD\Line Hailey\BD_Efforts\Hundseth"
"000000009598E9A20E04F041B38518182890A2D50100A3DF33FCC9BD1644BD14FCA330AA97850000287DDE6F0000"	"\Divisions\PD\Line Hailey\BD_Efforts\Iberdrola\2016\El Cabo Wind Project"
"000000009598E9A20E04F041B38518182890A2D5010012225CC57BF01F4EA8CCA87A792FF35F0001C25BD4F90000"	"\Divisions\PD\Line Hailey\BD_Efforts\IDB\2018\Ecuador Interconection"
"000000009598E9A20E04F041B38518182890A2D5010012225CC57BF01F4EA8CCA87A792FF35F00013250E0570000"	"\Divisions\PD\Line Hailey\BD_Efforts\Infinity Wind\2017\Live Oak OE"
"000000009598E9A20E04F041B38518182890A2D50100F3BCE3A574023B4482F2E427B5A3121800004D87AAD60000"	"\Divisions\PD\Line Hailey\BD_Efforts\John Chance_Fli-Map"
"000000009598E9A20E04F041B38518182890A2D50100A3DF33FCC9BD1644BD14FCA330AA97850000219262DB0000"	"\Divisions\PD\Line Hailey\BD_Efforts\KenGen\2015\Olkaria V OE Rebid"
"000000009598E9A20E04F041B38518182890A2D50100A3DF33FCC9BD1644BD14FCA330AA9785000022DB38770000"	"\Divisions\PD\Line Hailey\BD_Efforts\Lamifil\2015"
"000000009598E9A20E04F041B38518182890A2D50100A3DF33FCC9BD1644BD14FCA330AA978500002250C25A0000"	"\Divisions\PD\Line Hailey\BD_Efforts\Lapointe\General"
"000000009598E9A20E04F041B38518182890A2D50100A3DF33FCC9BD1644BD14FCA330AA978500002BDFDFA50000"	"\Divisions\PD\Line Hailey\BD_Efforts\LATIN AMERICA\Central America\Costa Rica\ESPH"
"000000009598E9A20E04F041B38518182890A2D50100A3DF33FCC9BD1644BD14FCA330AA978500002BC7A6600000"	"\Divisions\PD\Line Hailey\BD_Efforts\LATIN AMERICA\Central America\Costa Rica\ICE\2015\360"
"000000009598E9A20E04F041B38518182890A2D50100A3DF33FCC9BD1644BD14FCA330AA978500002BC7DE7C0000"	"\Divisions\PD\Line Hailey\BD_Efforts\LATIN AMERICA\Central America\Costa Rica\ICE\2016\Wild Life Protection"
"000000009598E9A20E04F041B38518182890A2D5010012225CC57BF01F4EA8CCA87A792FF35F0000E6AD46F30000"	"\Divisions\PD\Line Hailey\BD_Efforts\LATIN AMERICA\Central America\Costa Rica\ICE\2017\Vibration Study"
"000000009598E9A20E04F041B38518182890A2D50100A3DF33FCC9BD1644BD14FCA330AA978500002BC8461E0000"	"\Divisions\PD\Line Hailey\BD_Efforts\LATIN AMERICA\Central America\Costa Rica\ICE\Old Projects\2014"
"000000009598E9A20E04F041B38518182890A2D50100A3DF33FCC9BD1644BD14FCA330AA978500002BC884400000"	"\Divisions\PD\Line Hailey\BD_Efforts\LATIN AMERICA\Central America\Costa Rica\ICE\Old Projects\El Diquis - OE"
"000000009598E9A20E04F041B38518182890A2D50100A3DF33FCC9BD1644BD14FCA330AA978500002BC8D8640000"	"\Divisions\PD\Line Hailey\BD_Efforts\LATIN AMERICA\Central America\Costa Rica\ICE\Old Projects\Lidar Flight 2011"
"000000009598E9A20E04F041B38518182890A2D50100A3DF33FCC9BD1644BD14FCA330AA978500002BC91A110000"	"\Divisions\PD\Line Hailey\BD_Efforts\LATIN AMERICA\Central America\Costa Rica\ICE\Old Projects\Subestaciones"
"000000009598E9A20E04F041B38518182890A2D50100A3DF33FCC9BD1644BD14FCA330AA978500002BC74A6C0000"	"\Divisions\PD\Line Hailey\BD_Efforts\LATIN AMERICA\Central America\Costa Rica\XPERTEC\General"
"000000009598E9A20E04F041B38518182890A2D50100A3DF33FCC9BD1644BD14FCA330AA978500002BC671BD0000"	"\Divisions\PD\Line Hailey\BD_Efforts\LATIN AMERICA\Central America\EPR\2016\HVDC"
"000000009598E9A20E04F041B38518182890A2D5010012225CC57BF01F4EA8CCA87A792FF35F000187FDEF090000"	"\Divisions\PD\Line Hailey\BD_Efforts\LATIN AMERICA\Central America\Nicaragua\ENATREL\2018"
"000000009598E9A20E04F041B38518182890A2D5010012225CC57BF01F4EA8CCA87A792FF35F0001E5319E470000"	"\Divisions\PD\Line Hailey\BD_Efforts\LATIN AMERICA\Central America\Panama\IEB"
"000000009598E9A20E04F041B38518182890A2D50100A3DF33FCC9BD1644BD14FCA330AA978500002BC646310000"	"\Divisions\PD\Line Hailey\BD_Efforts\LATIN AMERICA\Chile\Codelco\2015"
"000000009598E9A20E04F041B38518182890A2D5010012225CC57BF01F4EA8CCA87A792FF35F00001ACFFDC50000"	"\Divisions\PD\Line Hailey\BD_Efforts\LATIN AMERICA\Chile\Transelec\2016\Nva Pozo Almonte-Condores"
"000000009598E9A20E04F041B38518182890A2D5010012225CC57BF01F4EA8CCA87A792FF35F00014E5CAF110000"	"\Divisions\PD\Line Hailey\BD_Efforts\LATIN AMERICA\Colombia\ieb"
"000000009598E9A20E04F041B38518182890A2D5010012225CC57BF01F4EA8CCA87A792FF35F0001B36E3B900000"	"\Divisions\PD\Line Hailey\BD_Efforts\LATIN AMERICA\KfW\2018\Bolivia-Wind, Solar and Hydro feasibility studies"
"000000009598E9A20E04F041B38518182890A2D50100A3DF33FCC9BD1644BD14FCA330AA978500002C0A5F9A0000"	"\Divisions\PD\Line Hailey\BD_Efforts\LATIN AMERICA\Mexico\IEnova"
"000000009598E9A20E04F041B38518182890A2D50100A3DF33FCC9BD1644BD14FCA330AA978500002BBEA2C00000"	"\Divisions\PD\Line Hailey\BD_Efforts\LATIN AMERICA\Organizations\CIER\News letters"
"000000009598E9A20E04F041B38518182890A2D50100A3DF33FCC9BD1644BD14FCA330AA978500002398598A0000"	"\Divisions\PD\Line Hailey\BD_Efforts\LCE-Lincoln Clean Energy\General"
"000000009598E9A20E04F041B38518182890A2D5010012225CC57BF01F4EA8CCA87A792FF35F0001217308E20000"	"\Divisions\PD\Line Hailey\BD_Efforts\MasTec"
"000000009598E9A20E04F041B38518182890A2D5010012225CC57BF01F4EA8CCA87A792FF35F0001123EBC670000"	"\Divisions\PD\Line Hailey\BD_Efforts\Michels\2017"
"000000009598E9A20E04F041B38518182890A2D50100A3DF33FCC9BD1644BD14FCA330AA978500001B86DF7A0000"	"\Divisions\PD\Line Hailey\BD_Efforts\Midas Gold"
"000000009598E9A20E04F041B38518182890A2D50100A3DF33FCC9BD1644BD14FCA330AA978500000E82DBF10000"	"\Divisions\PD\Line Hailey\BD_Efforts\Mitubishi\Los Azufres_125088"
"000000009598E9A20E04F041B38518182890A2D50100A3DF33FCC9BD1644BD14FCA330AA978500001E6798360000"	"\Divisions\PD\Line Hailey\BD_Efforts\NextEra\2014\Cottonwood"
"000000009598E9A20E04F041B38518182890A2D50100A3DF33FCC9BD1644BD14FCA330AA97850000235DD7160000"	"\Divisions\PD\Line Hailey\BD_Efforts\Norden_AVAL\2015"
"000000009598E9A20E04F041B38518182890A2D5010012225CC57BF01F4EA8CCA87A792FF35F00013CB5CA410000"	"\Divisions\PD\Line Hailey\BD_Efforts\NTPC_Northwest Territories Power Corp\2017\BESS Feasibility"
"000000009598E9A20E04F041B38518182890A2D50100A3DF33FCC9BD1644BD14FCA330AA9785000017773B3C0000"	"\Divisions\PD\Line Hailey\BD_Efforts\NYPA\Lidar_PLS Engineering"
"000000009598E9A20E04F041B38518182890A2D50100A3DF33FCC9BD1644BD14FCA330AA978500002BE243760000"	"\Divisions\PD\Line Hailey\BD_Efforts\PacifiCorp\2016"
"000000009598E9A20E04F041B38518182890A2D50100A3DF33FCC9BD1644BD14FCA330AA978500001F05B8DC0000"	"\Divisions\PD\Line Hailey\BD_Efforts\Pattern Energy\2014"
"000000009598E9A20E04F041B38518182890A2D50100A3DF33FCC9BD1644BD14FCA330AA9785000027C677B40000"	"\Divisions\PD\Line Hailey\BD_Efforts\PGE_Portland General Electric\2015"
"000000009598E9A20E04F041B38518182890A2D50100A3DF33FCC9BD1644BD14FCA330AA978500001DE5DD8A0000"	"\Divisions\PD\Line Hailey\BD_Efforts\PNM\General"
"000000009598E9A20E04F041B38518182890A2D50100A3DF33FCC9BD1644BD14FCA330AA978500001BCAE4D40000"	"\Divisions\PD\Line Hailey\BD_Efforts\Powertel\2013\Watay Power Build Out"
"000000009598E9A20E04F041B38518182890A2D50100A3DF33FCC9BD1644BD14FCA330AA978500002B6874B10000"	"\Divisions\PD\Line Hailey\BD_Efforts\PPL"
"000000009598E9A20E04F041B38518182890A2D50100A3DF33FCC9BD1644BD14FCA330AA978500001D59E15C0000"	"\Divisions\PD\Line Hailey\BD_Efforts\Raft River"
"000000009598E9A20E04F041B38518182890A2D50100A3DF33FCC9BD1644BD14FCA330AA97850000285784B50000"	"\Divisions\PD\Line Hailey\BD_Efforts\Regional Power\2012\Regional Power White River 115 kV Transmission Line"
"000000009598E9A20E04F041B38518182890A2D50100572FF007A7D6B64CA96E5CFE8E1CC1A40000005FE77D0000"	"\Divisions\PD\Line Hailey\BD_Efforts\Riverside\Riverside_69kV Rebuild_Lidar"
"000000009598E9A20E04F041B38518182890A2D50100A3DF33FCC9BD1644BD14FCA330AA97850000259F041E0000"	"\Divisions\PD\Line Hailey\BD_Efforts\RRG-Renewable Resources Group\2015\Blyth Mesa l and ll"
"000000009598E9A20E04F041B38518182890A2D50100A3DF33FCC9BD1644BD14FCA330AA978500001DE0BDC00000"	"\Divisions\PD\Line Hailey\BD_Efforts\RS Technologies\General"
"000000009598E9A20E04F041B38518182890A2D5010012225CC57BF01F4EA8CCA87A792FF35F0001BFA13D2B0000"	"\Divisions\PD\Line Hailey\BD_Efforts\Salmon River Electric"
"000000009598E9A20E04F041B38518182890A2D5010012225CC57BF01F4EA8CCA87A792FF35F0000B10731BC0000"	"\Divisions\PD\Line Hailey\BD_Efforts\SaskPower\2017\Dist Field Consultant MSA"
"000000009598E9A20E04F041B38518182890A2D50100A3DF33FCC9BD1644BD14FCA330AA978500002AE98BF70000"	"\Divisions\PD\Line Hailey\BD_Efforts\SCE\2016\TLRR"
"000000009598E9A20E04F041B38518182890A2D50100A3DF33FCC9BD1644BD14FCA330AA9785000016EF9F030000"	"\Divisions\PD\Line Hailey\BD_Efforts\SDG&E\Micropile Designs"
"000000009598E9A20E04F041B38518182890A2D5010012225CC57BF01F4EA8CCA87A792FF35F0000122E78260000"	"\Divisions\PD\Line Hailey\BD_Efforts\Smartwires\2016\Central Hudson Router Bank"
"000000009598E9A20E04F041B38518182890A2D5010012225CC57BF01F4EA8CCA87A792FF35F0001DCB197AE0000"	"\Divisions\PD\Line Hailey\BD_Efforts\Smartwires\General\Contract"
"000000009598E9A20E04F041B38518182890A2D5010012225CC57BF01F4EA8CCA87A792FF35F0000309CC0F50000"	"\Divisions\PD\Line Hailey\BD_Efforts\Sonnedix\2016\Solar Acquisition Support"
"000000009598E9A20E04F041B38518182890A2D5010012225CC57BF01F4EA8CCA87A792FF35F00008E4292230000"	"\Divisions\PD\Line Hailey\BD_Efforts\Sunzia\2017"
"000000009598E9A20E04F041B38518182890A2D50100A3DF33FCC9BD1644BD14FCA330AA978500001D703A740000"	"\Divisions\PD\Line Hailey\BD_Efforts\TEP-Tucson Electric Power"
"000000009598E9A20E04F041B38518182890A2D50100A3DF33FCC9BD1644BD14FCA330AA978500002DF3BA100000"	"\Divisions\PD\Line Hailey\BD_Efforts\Terra_Gen\2016\Oakwind Conversion"
"000000009598E9A20E04F041B38518182890A2D50100A3DF33FCC9BD1644BD14FCA330AA978500002214F3C40000"	"\Divisions\PD\Line Hailey\BD_Efforts\Tetra Tech\2015"
"000000009598E9A20E04F041B38518182890A2D50100A3DF33FCC9BD1644BD14FCA330AA978500001E52EF120000"	"\Divisions\PD\Line Hailey\BD_Efforts\Transource"
"000000009598E9A20E04F041B38518182890A2D5010012225CC57BF01F4EA8CCA87A792FF35F0000E22DFFEE0000"	"\Divisions\PD\Line Hailey\BD_Efforts\Trinity PUD\General"
"000000009598E9A20E04F041B38518182890A2D50100A3DF33FCC9BD1644BD14FCA330AA9785000027207D050000"	"\Divisions\PD\Line Hailey\BD_Efforts\Vattenfall\2015\Vuokatti-Lahnaslampi 110 kV"
"000000009598E9A20E04F041B38518182890A2D50100CB7D9B6512D7374A860FE542D57703920000011B080E0000"	"\Divisions\PD\Line Hailey\BD_Efforts\Vestas\Dorper"
"000000009598E9A20E04F041B38518182890A2D5010012225CC57BF01F4EA8CCA87A792FF35F0000C4975AFD0000"	"\Divisions\PD\Line Hailey\BD_Efforts\Wheeler Electric\2017"
"000000009598E9A20E04F041B38518182890A2D50100A3DF33FCC9BD1644BD14FCA330AA9785000029E3E68D0000"	"\Divisions\PD\Line Hailey\BD_Efforts\WREC_Wells Rural Electric\2016\120 kV Estimate Review"
"000000009598E9A20E04F041B38518182890A2D5010012225CC57BF01F4EA8CCA87A792FF35F00026E5A223F0000"	"\Divisions\PD\Line Hailey\CEATI-2019_proposal"
"000000009598E9A20E04F041B38518182890A2D50100572FF007A7D6B64CA96E5CFE8E1CC1A40000005E36AF0000"	"\Divisions\PD\Line Hailey\CLIENT_STDS_GENERAL\brazos-general\2011 projects"
"000000009598E9A20E04F041B38518182890A2D501001296C725372D7F4B86B758A22EA3141B000000500FC30000"	"\Divisions\PD\Line Hailey\CLIENT_STDS_GENERAL\ICE management"
"000000009598E9A20E04F041B38518182890A2D50100A3DF33FCC9BD1644BD14FCA330AA9785000019122B690000"	"\Divisions\PD\Line Hailey\Distribution Services Project Engineering"
"000000009598E9A20E04F041B38518182890A2D50100A3DF33FCC9BD1644BD14FCA330AA978500001B1D26AE0000"	"\Divisions\PD\Line Hailey\Line Kansas City\122584 PEF-UCF NORTH DSCADA PREPARATION"
"000000009598E9A20E04F041B38518182890A2D50100A3DF33FCC9BD1644BD14FCA330AA978500001B1D26DB0000"	"\Divisions\PD\Line Hailey\Line Kansas City\125583 - PCI - Sunflower Elec.-Cimarron River SS Upgrade"
"000000009598E9A20E04F041B38518182890A2D50100A3DF33FCC9BD1644BD14FCA330AA978500001B1D27080000"	"\Divisions\PD\Line Hailey\Line Kansas City\KC OOF"
"000000009598E9A20E04F041B38518182890A2D50100A3DF33FCC9BD1644BD14FCA330AA978500001F95FBCC0000"	"\Divisions\PD\Line Hamilton\00-DMS Upload"
"000000009598E9A20E04F041B38518182890A2D50100A3DF33FCC9BD1644BD14FCA330AA978500002BE7B44D0000"	"\Divisions\PD\Line Hamilton\139398"
"000000009598E9A20E04F041B38518182890A2D5010012225CC57BF01F4EA8CCA87A792FF35F0000AED689BE0000"	"\Divisions\PD\Line Hamilton\145227"
"000000009598E9A20E04F041B38518182890A2D5010012225CC57BF01F4EA8CCA87A792FF35F0001B17040710000"	"\Divisions\PD\Line Hamilton\151474"
"000000009598E9A20E04F041B38518182890A2D50100E34BFE500669CD49AC2E27C6C54DE39D0000000D599B0000"	"\Divisions\PD\Line Houston\00-Closed Projects (remove by 11/09)\110629_Brazos_Granbury"
"000000009598E9A20E04F041B38518182890A2D50100E34BFE500669CD49AC2E27C6C54DE39D000000146F020000"	"\Divisions\PD\Line Houston\00-Proposals_BD\114605_WFEC_Anadarko-Fletcher\00 RUS SITE"
"000000009598E9A20E04F041B38518182890A2D50100E34BFE500669CD49AC2E27C6C54DE39D0000000AFD580000"	"\Divisions\PD\Line Houston\107391 Alaskan Way Via Duct\00 Job Postings"
"000000009598E9A20E04F041B38518182890A2D50100E34BFE500669CD49AC2E27C6C54DE39D0000000AFD660000"	"\Divisions\PD\Line Houston\107391 Alaskan Way Via Duct\00 UPLOADED TO DMS or PWC\00 Meeting Minutes\AWV-072"
"000000009598E9A20E04F041B38518182890A2D50100E34BFE500669CD49AC2E27C6C54DE39D0000000D59270000"	"\Divisions\PD\Line Houston\107391 Alaskan Way Via Duct\00 UPLOADED TO DMS or PWC\009-025 thru 009-100\009-031"
"000000009598E9A20E04F041B38518182890A2D50100E34BFE500669CD49AC2E27C6C54DE39D0000000AFD760000"	"\Divisions\PD\Line Houston\107391 Alaskan Way Via Duct\00 UPLOADED TO DMS or PWC\AWV-003 thru AWV-050\AWV-030"
"000000009598E9A20E04F041B38518182890A2D50100E34BFE500669CD49AC2E27C6C54DE39D0000000AFD8A0000"	"\Divisions\PD\Line Houston\107391 Alaskan Way Via Duct\00 UPLOADED TO DMS or PWC\AWV-050 thruy AWV-100\AWV-054 WSBC Task Order BD"
"000000009598E9A20E04F041B38518182890A2D50100E34BFE500669CD49AC2E27C6C54DE39D0000000AFD6F0000"	"\Divisions\PD\Line Houston\107391 Alaskan Way Via Duct\00 UPLOADED TO DMS or PWC\G_Cox_WSDOT_04-23-07"
"000000009598E9A20E04F041B38518182890A2D50100E34BFE500669CD49AC2E27C6C54DE39D0000000AFD570000"	"\Divisions\PD\Line Houston\107391 Alaskan Way Via Duct\Transmittals\009-049"
"000000009598E9A20E04F041B38518182890A2D50100A3DF33FCC9BD1644BD14FCA330AA978500001EE919EF0000"	"\Divisions\PD\Line Houston\135491_AEP_Hartford_WO#"
"000000009598E9A20E04F041B38518182890A2D50100A3DF33FCC9BD1644BD14FCA330AA9785000020F326820000"	"\Divisions\PD\Line Houston\136942_AEP_Whitaker_WO#42317198-02"
"000000009598E9A20E04F041B38518182890A2D50100A3DF33FCC9BD1644BD14FCA330AA978500002A5E7A1B0000"	"\Divisions\PD\Line Kansas City\139730 Entergy LA LNG\SELA III"
"000000009598E9A20E04F041B38518182890A2D50100A3DF33FCC9BD1644BD14FCA330AA978500001A38545A0000"	"\Divisions\PD\Line Orlando\130882-FPL-DUVLAC 138kV T8912"
"000000009598E9A20E04F041B38518182890A2D50100A3DF33FCC9BD1644BD14FCA330AA978500001D50F5960000"	"\Divisions\PD\Line Orlando\133622-FPL-CELL TOWER ENG SVC GRP 2"
"000000009598E9A20E04F041B38518182890A2D50100A3DF33FCC9BD1644BD14FCA330AA978500001F8C74570000"	"\Divisions\PD\Line Orlando\136072-FPL-T12604 BISCAYNE SUB"
"000000009598E9A20E04F041B38518182890A2D50100A3DF33FCC9BD1644BD14FCA330AA9785000022C0C3520000"	"\Divisions\PD\Line Orlando\138475-OUC INDIAN RIVER POLE REPLACE"
"000000009598E9A20E04F041B38518182890A2D50100A3DF33FCC9BD1644BD14FCA330AA978500002A09A6800000"	"\Divisions\PD\Line Orlando\141653-FPL-STR 78S11 CONSERVATN-NOB H"
"000000009598E9A20E04F041B38518182890A2D5010012225CC57BF01F4EA8CCA87A792FF35F00002BF9ACB60000"	"\Divisions\PD\Line Orlando\143905-FPL-STR 156U7-ATT HOS"
"000000009598E9A20E04F041B38518182890A2D50100A3DF33FCC9BD1644BD14FCA330AA97850000167991990000"	"\Divisions\PD\Line Portland\125579 - MN Power Rating"
"000000009598E9A20E04F041B38518182890A2D50100A3DF33FCC9BD1644BD14FCA330AA978500001E7D032B0000"	"\Divisions\PD\Line Portland\132599 SCL OH Dist"
"000000009598E9A20E04F041B38518182890A2D50100A3DF33FCC9BD1644BD14FCA330AA9785000023EA556A0000"	"\Divisions\PD\Line Portland\139155 - OKPUD TLine Support"
"000000009598E9A20E04F041B38518182890A2D5010012225CC57BF01F4EA8CCA87A792FF35F000045BC483D0000"	"\Divisions\PD\Line Portland\144065 - Sub Reliability_VANIR"
"000000009598E9A20E04F041B38518182890A2D5010012225CC57BF01F4EA8CCA87A792FF35F0001681505BE0000"	"\Divisions\PD\Line Portland\148213 - PGE BLUE LAKE GRESH CONST SUP1"
"000000009598E9A20E04F041B38518182890A2D5010012225CC57BF01F4EA8CCA87A792FF35F000291F4A55C0000"	"\Divisions\PD\Line Portland\157686 - PGE 115kV w/Distribution"
"000000009598E9A20E04F041B38518182890A2D50100A3DF33FCC9BD1644BD14FCA330AA97850000217370E60000"	"\Divisions\PD\Line San Diego\125802 SOCRE\Sharepoint"
"000000009598E9A20E04F041B38518182890A2D5010012225CC57BF01F4EA8CCA87A792FF35F0001C25BD4E90000"	"\Divisions\PD\Line San Diego\146095 - MRP High Desert Solar"
"000000009598E9A20E04F041B38518182890A2D501003F9E776DECCABA4B81A6729A0E4F2CBA0000000A028C0000"	"\Divisions\PD\Line St. Louis\00-DMS Upload"
"000000009598E9A20E04F041B38518182890A2D5010012225CC57BF01F4EA8CCA87A792FF35F000087570E680000"	"\Divisions\PD\Line Syracuse\_PPL HOLD\145228 PPL - B44923 SEG 8A HARW EHAZ 2 69KV"
"000000009598E9A20E04F041B38518182890A2D5010012225CC57BF01F4EA8CCA87A792FF35F0002DE82E6CC0000"	"\Divisions\PD\MPD\Trade Shows\2019 Trade Shows\NWPPA"
"000000009598E9A20E04F041B38518182890A2D50100572FF007A7D6B64CA96E5CFE8E1CC1A40000001647710000"	"\Divisions\PD\North Attleboro Project Site\AIR's\Closed AIR's\0031"
"000000009598E9A20E04F041B38518182890A2D50100572FF007A7D6B64CA96E5CFE8E1CC1A40000001647740000"	"\Divisions\PD\North Attleboro Project Site\AIR's\Open AIR's\0041"
"000000009598E9A20E04F041B38518182890A2D501006C95E27D1ACA634AA1AADC20796388DD0000007241240000"	"\Divisions\PD\North Attleboro Project Site\Lexington"
"000000009598E9A20E04F041B38518182890A2D50100572FF007A7D6B64CA96E5CFE8E1CC1A40000001292680000"	"\Divisions\PD\North Attleboro Project Site\Projects\113512-Hartford Ave SS 115KV EQ Upgr"
"000000009598E9A20E04F041B38518182890A2D50100E34BFE500669CD49AC2E27C6C54DE39D0000003DC1440000"	"\Divisions\PD\North Attleboro Project Site\Projects\113519-G185N Recon Drumrock-Kent\DD-CM-01\Lines"
"000000009598E9A20E04F041B38518182890A2D50100A3DF33FCC9BD1644BD14FCA330AA9785000019AC71910000"	"\Divisions\PD\North Attleboro Project Site\Projects\123587-WF 115KV CB & CNTRLS"
"000000009598E9A20E04F041B38518182890A2D5010012225CC57BF01F4EA8CCA87A792FF35F00008F844CA70000"	"\Divisions\PD\North Attleboro Project Site\Projects\144490-NGRID-Bunker Road-Nantucket"
"000000009598E9A20E04F041B38518182890A2D5010012225CC57BF01F4EA8CCA87A792FF35F0006AEBD345C0000"	"\Divisions\PD\PCI Hailey\Supply Chain Mgmt\SCM PTO Calendar"
"000000009598E9A20E04F041B38518182890A2D50100A3DF33FCC9BD1644BD14FCA330AA978500001C9775680000"	"\Divisions\PD\PCI Sacramento\00-DMS Upload\Ameren - NERC Program\Financial"
"000000009598E9A20E04F041B38518182890A2D501006C95E27D1ACA634AA1AADC20796388DD000000F1A7710000"	"\Divisions\PD\PCI Sacramento\113517 - Drumrock - S171/T172 115KV LINE WF\Pictures"
"000000009598E9A20E04F041B38518182890A2D50100A3DF33FCC9BD1644BD14FCA330AA978500000E8625620000"	"\Divisions\PD\PCI Sacramento\117291 NPPD345KV AXTELL-KANSAS LINE\Axtell-Kansas\Inspectors Daily Reports"
"000000009598E9A20E04F041B38518182890A2D501001953B16A689BCD4AA8FC82955DB27CB1000001C68B640000"	"\Divisions\PD\PCI Sacramento\121690 ON Line Project\All Inspector Reports"
"000000009598E9A20E04F041B38518182890A2D501001953B16A689BCD4AA8FC82955DB27CB1000001CEC6290000"	"\Divisions\PD\PCI Sacramento\121690 ON Line Project\All Inspector Reports\Grounding Report"
"000000009598E9A20E04F041B38518182890A2D501001953B16A689BCD4AA8FC82955DB27CB1000001CEC65C0000"	"\Divisions\PD\PCI Sacramento\121690 ON Line Project\All Inspector Reports\ROW_Clearing"
"000000009598E9A20E04F041B38518182890A2D50100A3DF33FCC9BD1644BD14FCA330AA978500000E7423370000"	"\Divisions\PD\PCI Sacramento\121690 ON Line Project\All Inspector Reports\Substation Structural Steel Erection"
"000000009598E9A20E04F041B38518182890A2D50100A3DF33FCC9BD1644BD14FCA330AA9785000017567EDA0000"	"\Divisions\PD\PCI Sacramento\126422 RELAY FIELD TESTING"
"000000009598E9A20E04F041B38518182890A2D50100A3DF33FCC9BD1644BD14FCA330AA978500001B26B72A0000"	"\Divisions\PD\PCI Sacramento\131832 MVP ITC PROJECT #2"
"000000009598E9A20E04F041B38518182890A2D50100A3DF33FCC9BD1644BD14FCA330AA978500001C97726B0000"	"\Divisions\PD\PCI Sacramento\132259 MO Program Management\001\Schedule"
"000000009598E9A20E04F041B38518182890A2D50100A3DF33FCC9BD1644BD14FCA330AA978500001C9772B50000"	"\Divisions\PD\PCI Sacramento\132259 MO Program Management\002\Scope"
"000000009598E9A20E04F041B38518182890A2D50100A3DF33FCC9BD1644BD14FCA330AA978500001C97755C0000"	"\Divisions\PD\PCI Sacramento\132259 MO Program Management\007\TRANSMITTALS"
"000000009598E9A20E04F041B38518182890A2D50100A3DF33FCC9BD1644BD14FCA330AA978500001C9773E00000"	"\Divisions\PD\PCI Sacramento\132259 MO Program Management\011"
"000000009598E9A20E04F041B38518182890A2D50100A3DF33FCC9BD1644BD14FCA330AA978500001C9774440000"	"\Divisions\PD\PCI Sacramento\132259 MO Program Management\012\Engineering"
"000000009598E9A20E04F041B38518182890A2D50100A3DF33FCC9BD1644BD14FCA330AA978500001C9774910000"	"\Divisions\PD\PCI Sacramento\132259 MO Program Management\030\Engineering Inspection"
"000000009598E9A20E04F041B38518182890A2D50100A3DF33FCC9BD1644BD14FCA330AA978500001C9772E10000"	"\Divisions\PD\PCI Sacramento\132259 MO Program Management\040\Environmental"
"000000009598E9A20E04F041B38518182890A2D50100A3DF33FCC9BD1644BD14FCA330AA978500001C9773110000"	"\Divisions\PD\PCI Sacramento\132259 MO Program Management\060\Financial"
"000000009598E9A20E04F041B38518182890A2D50100A3DF33FCC9BD1644BD14FCA330AA978500001C9773400000"	"\Divisions\PD\PCI Sacramento\132259 MO Program Management\080\Materials"
"000000009598E9A20E04F041B38518182890A2D50100A3DF33FCC9BD1644BD14FCA330AA978500001C97736F0000"	"\Divisions\PD\PCI Sacramento\132259 MO Program Management\090\Meeting Items"
"000000009598E9A20E04F041B38518182890A2D50100A3DF33FCC9BD1644BD14FCA330AA978500001C976A280000"	"\Divisions\PD\PCI Sacramento\132260 IL Program Management Support\001\Meeting Items"
"000000009598E9A20E04F041B38518182890A2D50100A3DF33FCC9BD1644BD14FCA330AA978500001C976A750000"	"\Divisions\PD\PCI Sacramento\132260 IL Program Management Support\002\Misc"
"000000009598E9A20E04F041B38518182890A2D50100A3DF33FCC9BD1644BD14FCA330AA978500001C9769DF0000"	"\Divisions\PD\PCI Sacramento\132260 IL Program Management Support\003\Real Estate"
"000000009598E9A20E04F041B38518182890A2D50100A3DF33FCC9BD1644BD14FCA330AA978500001C976AA80000"	"\Divisions\PD\PCI Sacramento\132260 IL Program Management Support\004\RFIs"
"000000009598E9A20E04F041B38518182890A2D50100A3DF33FCC9BD1644BD14FCA330AA978500001C976AD80000"	"\Divisions\PD\PCI Sacramento\132260 IL Program Management Support\005\Safety"
"000000009598E9A20E04F041B38518182890A2D50100A3DF33FCC9BD1644BD14FCA330AA978500001C976B070000"	"\Divisions\PD\PCI Sacramento\132260 IL Program Management Support\006\Schedule"
"000000009598E9A20E04F041B38518182890A2D50100A3DF33FCC9BD1644BD14FCA330AA978500001C976B370000"	"\Divisions\PD\PCI Sacramento\132260 IL Program Management Support\007\Scope"
"000000009598E9A20E04F041B38518182890A2D50100A3DF33FCC9BD1644BD14FCA330AA978500001C976B660000"	"\Divisions\PD\PCI Sacramento\132260 IL Program Management Support\008\TRANSMITTALS"
"000000009598E9A20E04F041B38518182890A2D50100A3DF33FCC9BD1644BD14FCA330AA978500001C976C120000"	"\Divisions\PD\PCI Sacramento\132260 IL Program Management Support\010"
"000000009598E9A20E04F041B38518182890A2D50100A3DF33FCC9BD1644BD14FCA330AA978500001C976C410000"	"\Divisions\PD\PCI Sacramento\132260 IL Program Management Support\011\Engineering"
"000000009598E9A20E04F041B38518182890A2D50100A3DF33FCC9BD1644BD14FCA330AA978500001C976C700000"	"\Divisions\PD\PCI Sacramento\132260 IL Program Management Support\012\Engineering Inspection"
"000000009598E9A20E04F041B38518182890A2D50100A3DF33FCC9BD1644BD14FCA330AA978500001C976CA00000"	"\Divisions\PD\PCI Sacramento\132260 IL Program Management Support\013\Environmental"
"000000009598E9A20E04F041B38518182890A2D50100A3DF33FCC9BD1644BD14FCA330AA978500001C976CCF0000"	"\Divisions\PD\PCI Sacramento\132260 IL Program Management Support\014\Financial"
"000000009598E9A20E04F041B38518182890A2D50100A3DF33FCC9BD1644BD14FCA330AA978500001C976CFF0000"	"\Divisions\PD\PCI Sacramento\132260 IL Program Management Support\015\Materials"
"000000009598E9A20E04F041B38518182890A2D50100A3DF33FCC9BD1644BD14FCA330AA978500001C976D2F0000"	"\Divisions\PD\PCI Sacramento\132260 IL Program Management Support\016\Meeting Items"
"000000009598E9A20E04F041B38518182890A2D50100A3DF33FCC9BD1644BD14FCA330AA978500001C976D610000"	"\Divisions\PD\PCI Sacramento\132260 IL Program Management Support\017\Misc"
"000000009598E9A20E04F041B38518182890A2D50100A3DF33FCC9BD1644BD14FCA330AA978500001C976D900000"	"\Divisions\PD\PCI Sacramento\132260 IL Program Management Support\019\Real Estate"
"000000009598E9A20E04F041B38518182890A2D50100A3DF33FCC9BD1644BD14FCA330AA978500001C976DCC0000"	"\Divisions\PD\PCI Sacramento\132260 IL Program Management Support\020\RFIs"
"000000009598E9A20E04F041B38518182890A2D50100A3DF33FCC9BD1644BD14FCA330AA978500001C976E9E0000"	"\Divisions\PD\PCI Sacramento\132260 IL Program Management Support\021\Safety"
"000000009598E9A20E04F041B38518182890A2D50100A3DF33FCC9BD1644BD14FCA330AA978500001C976ED50000"	"\Divisions\PD\PCI Sacramento\132260 IL Program Management Support\022\Schedule"
"000000009598E9A20E04F041B38518182890A2D50100A3DF33FCC9BD1644BD14FCA330AA978500001C976F070000"	"\Divisions\PD\PCI Sacramento\132260 IL Program Management Support\023\Scope"
"000000009598E9A20E04F041B38518182890A2D50100A3DF33FCC9BD1644BD14FCA330AA978500001C976F360000"	"\Divisions\PD\PCI Sacramento\132260 IL Program Management Support\024\TRANSMITTALS"
"000000009598E9A20E04F041B38518182890A2D50100A3DF33FCC9BD1644BD14FCA330AA978500001C976F670000"	"\Divisions\PD\PCI Sacramento\132260 IL Program Management Support\026"
"000000009598E9A20E04F041B38518182890A2D50100A3DF33FCC9BD1644BD14FCA330AA978500001C976F970000"	"\Divisions\PD\PCI Sacramento\132260 IL Program Management Support\027\Engineering"
"000000009598E9A20E04F041B38518182890A2D50100A3DF33FCC9BD1644BD14FCA330AA978500001C976FC60000"	"\Divisions\PD\PCI Sacramento\132260 IL Program Management Support\028\Engineering Inspection"
"000000009598E9A20E04F041B38518182890A2D50100A3DF33FCC9BD1644BD14FCA330AA978500001C9770060000"	"\Divisions\PD\PCI Sacramento\132260 IL Program Management Support\030\Environmental"
"000000009598E9A20E04F041B38518182890A2D50100A3DF33FCC9BD1644BD14FCA330AA978500001C9770350000"	"\Divisions\PD\PCI Sacramento\132260 IL Program Management Support\031\Financial"
"000000009598E9A20E04F041B38518182890A2D50100A3DF33FCC9BD1644BD14FCA330AA978500001C9770650000"	"\Divisions\PD\PCI Sacramento\132260 IL Program Management Support\032\Materials"
"000000009598E9A20E04F041B38518182890A2D50100A3DF33FCC9BD1644BD14FCA330AA978500001C9770940000"	"\Divisions\PD\PCI Sacramento\132260 IL Program Management Support\033\Meeting Items"
"000000009598E9A20E04F041B38518182890A2D50100A3DF33FCC9BD1644BD14FCA330AA978500001C9770C30000"	"\Divisions\PD\PCI Sacramento\132260 IL Program Management Support\034\Misc"
"000000009598E9A20E04F041B38518182890A2D50100A3DF33FCC9BD1644BD14FCA330AA978500001C9770F20000"	"\Divisions\PD\PCI Sacramento\132260 IL Program Management Support\035\Real Estate"
"000000009598E9A20E04F041B38518182890A2D50100A3DF33FCC9BD1644BD14FCA330AA978500001C9771BB0000"	"\Divisions\PD\PCI Sacramento\132260 IL Program Management Support\036\RFIs"
"000000009598E9A20E04F041B38518182890A2D50100A3DF33FCC9BD1644BD14FCA330AA978500001D5A61F60000"	"\Divisions\PD\PCI Sacramento\132260 IL Program Management Support\037\Safety"
"000000009598E9A20E04F041B38518182890A2D50100A3DF33FCC9BD1644BD14FCA330AA978500001D5A62460000"	"\Divisions\PD\PCI Sacramento\132260 IL Program Management Support\038\Schedule"
"000000009598E9A20E04F041B38518182890A2D50100A3DF33FCC9BD1644BD14FCA330AA978500001D5A627A0000"	"\Divisions\PD\PCI Sacramento\132260 IL Program Management Support\039\Scope"
"000000009598E9A20E04F041B38518182890A2D50100A3DF33FCC9BD1644BD14FCA330AA978500001D5A62CD0000"	"\Divisions\PD\PCI Sacramento\132260 IL Program Management Support\040\TRANSMITTALS"
"000000009598E9A20E04F041B38518182890A2D50100A3DF33FCC9BD1644BD14FCA330AA978500001CCFE0820000"	"\Divisions\PD\PCI Sacramento\133317 RS-SHOOFLYS & LINES FD/NFD/C"
"000000009598E9A20E04F041B38518182890A2D50100A3DF33FCC9BD1644BD14FCA330AA97850000239DC30B0000"	"\Divisions\PD\PCI Sacramento\138972 - LCTP TRANS PROJ MGT OE"
"000000009598E9A20E04F041B38518182890A2D5010012225CC57BF01F4EA8CCA87A792FF35F000072BD7BB60000"	"\Divisions\PD\PCI Sacramento\144976 SEPC PROJ MAN SUPP 2017"
"000000009598E9A20E04F041B38518182890A2D5010012225CC57BF01F4EA8CCA87A792FF35F0001D03A85B90000"	"\Divisions\PD\PCI Sacramento\153327 - GARDEN CITY 2018-2019"
"000000009598E9A20E04F041B38518182890A2D50100A3DF33FCC9BD1644BD14FCA330AA97850000209ECB110000"	"\Divisions\PD\PCI Sacramento\PCI Sacramento Calendar\PCI Sac Calendar"
"000000009598E9A20E04F041B38518182890A2D50100A3DF33FCC9BD1644BD14FCA330AA978500001620065F0000"	"\Divisions\PD\PDS Group Phoenix\124946 SRP PDS Support"
"000000009598E9A20E04F041B38518182890A2D50100A3DF33FCC9BD1644BD14FCA330AA9785000016200ACD0000"	"\Divisions\PD\PDS Group Phoenix\124973 SWPG Sunzia"
"000000009598E9A20E04F041B38518182890A2D50100A3DF33FCC9BD1644BD14FCA330AA978500001B17CA4E0000"	"\Divisions\PD\PDS Group Phoenix\124987 TEP UNS Mohave Couty RMR\Mohave"
"000000009598E9A20E04F041B38518182890A2D50100A3DF33FCC9BD1644BD14FCA330AA978500001B2204270000"	"\Divisions\PD\PDS Group Phoenix\124988 TEP UNS Kingman Wind II\WESTERN WIND - Steel Park[16w+4s]\SIS I\dyd"
"000000009598E9A20E04F041B38518182890A2D50100A3DF33FCC9BD1644BD14FCA330AA978500001620019F0000"	"\Divisions\PD\PDS Group Phoenix\125148 AVS III Short Circuit Analysis"
"000000009598E9A20E04F041B38518182890A2D50100A3DF33FCC9BD1644BD14FCA330AA97850000171E29810000"	"\Divisions\PD\PDS Group Phoenix\126844 Avalon-Pima Mine Rd"
"000000009598E9A20E04F041B38518182890A2D50100A3DF33FCC9BD1644BD14FCA330AA97850000176CC39C0000"	"\Divisions\PD\PDS Group Phoenix\127718 Invenergy XMSN Planning Serv"
"000000009598E9A20E04F041B38518182890A2D50100A3DF33FCC9BD1644BD14FCA330AA978500001994B3F20000"	"\Divisions\PD\PDS Group Phoenix\129941 MONSANTO-SODA SPRINGS GAS GEN"
"000000009598E9A20E04F041B38518182890A2D50100A3DF33FCC9BD1644BD14FCA330AA978500001B1A1BD50000"	"\Divisions\PD\PDS Group Phoenix\131650 10-20MW Whitewater Ranch"
"000000009598E9A20E04F041B38518182890A2D50100A3DF33FCC9BD1644BD14FCA330AA978500001C127CC60000"	"\Divisions\PD\PDS Group Phoenix\132896 Gila Bend Trans Initiative"
"000000009598E9A20E04F041B38518182890A2D50100A3DF33FCC9BD1644BD14FCA330AA978500001D688C220000"	"\Divisions\PD\PDS Group Phoenix\133691 Duplin Solar"
"000000009598E9A20E04F041B38518182890A2D50100A3DF33FCC9BD1644BD14FCA330AA978500001B219CFC0000"	"\Divisions\PD\PDS Group Phoenix\ED3\BioMass[50MW - ED3 Kelly 69kV]\meeting"
"000000009598E9A20E04F041B38518182890A2D5010012225CC57BF01F4EA8CCA87A792FF35F0005387681750000"	"\Divisions\PD\PM Group\169043_T27394_Dade-Airport 138kV Reconductor\Design\Support Info"
"000000009598E9A20E04F041B38518182890A2D5010012225CC57BF01F4EA8CCA87A792FF35F0000C9B9F9B40000"	"\Divisions\PD\Program Services"
"000000009598E9A20E04F041B38518182890A2D50100A3DF33FCC9BD1644BD14FCA330AA978500000E8B857A0000"	"\Divisions\PD\Project Control\100428\Cellular Solutions"
"000000009598E9A20E04F041B38518182890A2D501006C95E27D1ACA634AA1AADC20796388DD000000CBFE070000"	"\Divisions\PD\Project Control\100501 - Office PV Project - Hailey\Solyndra\Idaho Power"
"000000009598E9A20E04F041B38518182890A2D501006C95E27D1ACA634AA1AADC20796388DD0000004D966E0000"	"\Divisions\PD\Project Control\112485- Catenary Installation\Ross Steel"
"000000009598E9A20E04F041B38518182890A2D501006C95E27D1ACA634AA1AADC20796388DD0000004D967A0000"	"\Divisions\PD\Project Control\112976 - Stillwater Geothermal ENEL"
"000000009598E9A20E04F041B38518182890A2D501006C95E27D1ACA634AA1AADC20796388DD0000008A358D0000"	"\Divisions\PD\Project Control\113487 - Kent County 1 - National Grid\115kV Circuit Breakers - ABB"
"000000009598E9A20E04F041B38518182890A2D501006C95E27D1ACA634AA1AADC20796388DD000000AA62B80000"	"\Divisions\PD\Project Control\113487 - Kent County 1 - National Grid\Trenwa"
"000000009598E9A20E04F041B38518182890A2D50100CB7D9B6512D7374A860FE542D57703920000010EA5B90000"	"\Divisions\PD\Project Control\113487 - Kent County 2 - National Grid\MEPPI"
"000000009598E9A20E04F041B38518182890A2D501006C95E27D1ACA634AA1AADC20796388DD000000ACDFCA0000"	"\Divisions\PD\Project Control\113552 - South Gorham - Central Maine Power\Robinson Sales / SEL"
"000000009598E9A20E04F041B38518182890A2D501006C95E27D1ACA634AA1AADC20796388DD0000005D19760000"	"\Divisions\PD\Project Control\114206 - Scurry Sub"
"000000009598E9A20E04F041B38518182890A2D501006C95E27D1ACA634AA1AADC20796388DD0000005101F30000"	"\Divisions\PD\Project Control\114953 - Buffalo Bear"
"000000009598E9A20E04F041B38518182890A2D501006C95E27D1ACA634AA1AADC20796388DD00000053038B0000"	"\Divisions\PD\Project Control\115232 - Rattlesnake"
"000000009598E9A20E04F041B38518182890A2D501006C95E27D1ACA634AA1AADC20796388DD0000006D4F100000"	"\Divisions\PD\Project Control\116118 - Pineshed Protection & HMI"
"000000009598E9A20E04F041B38518182890A2D501006C95E27D1ACA634AA1AADC20796388DD0000007027620000"	"\Divisions\PD\Project Control\117184 - Prairie Star - Horizon Wind"
"000000009598E9A20E04F041B38518182890A2D501006C95E27D1ACA634AA1AADC20796388DD000000BB76210000"	"\Divisions\PD\Project Control\117587 - Midwest Ogallah Switchyard\H & H"
"000000009598E9A20E04F041B38518182890A2D501006C95E27D1ACA634AA1AADC20796388DD00000083505A0000"	"\Divisions\PD\Project Control\118703 - Post Oak 2032"
"000000009598E9A20E04F041B38518182890A2D501006C95E27D1ACA634AA1AADC20796388DD0000009C975B0000"	"\Divisions\PD\Project Control\119535 - Houston ROC Training"
"000000009598E9A20E04F041B38518182890A2D501006C95E27D1ACA634AA1AADC20796388DD000000C6C9A10000"	"\Divisions\PD\Project Control\119909 - CMP - 115kV Breaker Replacement\Victor Insulators"
"000000009598E9A20E04F041B38518182890A2D501006C95E27D1ACA634AA1AADC20796388DD000000E32A700000"	"\Divisions\PD\Project Control\121264 - Nikiski Substation\Distran"
"000000009598E9A20E04F041B38518182890A2D50100CB7D9B6512D7374A860FE542D57703920000011D0E850000"	"\Divisions\PD\Project Control\121659 - SEPC / SPP NTC Phase One & Planning"
"000000009598E9A20E04F041B38518182890A2D501006C95E27D1ACA634AA1AADC20796388DD000000F390D50000"	"\Divisions\PD\Project Control\121660 - Clipper Shooting Star\ABB - SSVT"
"000000009598E9A20E04F041B38518182890A2D501001953B16A689BCD4AA8FC82955DB27CB1000001E5674D0000"	"\Divisions\PD\Project Control\121660 - Clipper Shooting Star\Kriz Davis"
"000000009598E9A20E04F041B38518182890A2D501006C95E27D1ACA634AA1AADC20796388DD000000E21FF40000"	"\Divisions\PD\Project Control\121858 - Wheatfield"
"000000009598E9A20E04F041B38518182890A2D501001953B16A689BCD4AA8FC82955DB27CB10000012FE9AE0000"	"\Divisions\PD\Project Control\123097 - DSCADA / Progress Energy\Geotek"
"000000009598E9A20E04F041B38518182890A2D501001953B16A689BCD4AA8FC82955DB27CB10000010863B00000"	"\Divisions\PD\Project Control\123301 -"
"000000009598E9A20E04F041B38518182890A2D501001953B16A689BCD4AA8FC82955DB27CB1000001C230470000"	"\Divisions\PD\Project Control\123559 - St. John to River Road T-Line\Alpha Power"
"000000009598E9A20E04F041B38518182890A2D501001953B16A689BCD4AA8FC82955DB27CB1000001799B4E0000"	"\Divisions\PD\Project Control\124256 - Barber Sub.\ABB - SSVT"
"000000009598E9A20E04F041B38518182890A2D50100A3DF33FCC9BD1644BD14FCA330AA9785000018B4AB2E0000"	"\Divisions\PD\Project Control\124256 - Barber Sub.\Kriz Davis - Insulators and Bus Supports"
"000000009598E9A20E04F041B38518182890A2D50100A3DF33FCC9BD1644BD14FCA330AA978500001DB74E920000"	"\Divisions\PD\Project Control\124354 - RR to Barber Eng\JJ Drainage"
"000000009598E9A20E04F041B38518182890A2D50100A3DF33FCC9BD1644BD14FCA330AA9785000019F9AAD50000"	"\Divisions\PD\Project Control\125583 - Cimarron Substation\Eldridge Fencing"
"000000009598E9A20E04F041B38518182890A2D50100A3DF33FCC9BD1644BD14FCA330AA9785000017DED3690000"	"\Divisions\PD\Project Control\125583 - Cimarron Substation\Pacific Crest Transformer - Zig Zag Grounding Transformer"
"000000009598E9A20E04F041B38518182890A2D50100A3DF33FCC9BD1644BD14FCA330AA9785000017FE9D960000"	"\Divisions\PD\Project Control\125583 - Cimarron Substation\RFQ - Disconnect Switches"
"000000009598E9A20E04F041B38518182890A2D50100A3DF33FCC9BD1644BD14FCA330AA978500001727C3050000"	"\Divisions\PD\Project Control\125583 - Cimarron Substation\SPX - Transformer"
"000000009598E9A20E04F041B38518182890A2D50100A3DF33FCC9BD1644BD14FCA330AA9785000017A15A010000"	"\Divisions\PD\Project Control\126373 - Harper Sub.\Alstom Grid - Line Trap"
"000000009598E9A20E04F041B38518182890A2D50100A3DF33FCC9BD1644BD14FCA330AA9785000017C6A7CB0000"	"\Divisions\PD\Project Control\126374 - Medicine Lodge Sub.\EP2 - Relay Panel"
"000000009598E9A20E04F041B38518182890A2D50100A3DF33FCC9BD1644BD14FCA330AA9785000017FFD8FD0000"	"\Divisions\PD\Project Control\126376 - Harper to Flat Ridge\RFP - T-Line"
"000000009598E9A20E04F041B38518182890A2D50100A3DF33FCC9BD1644BD14FCA330AA97850000195478200000"	"\Divisions\PD\Project Control\127239 - TMK Nextera\Steel"
"000000009598E9A20E04F041B38518182890A2D50100A3DF33FCC9BD1644BD14FCA330AA9785000018DE49F80000"	"\Divisions\PD\Project Control\128070 - Macho Springs Solar\Control Building\Trachte"
"000000009598E9A20E04F041B38518182890A2D50100A3DF33FCC9BD1644BD14FCA330AA9785000018DE38D00000"	"\Divisions\PD\Project Control\128070 - Macho Springs Solar\Surge Arresters\Siemens"
"000000009598E9A20E04F041B38518182890A2D50100A3DF33FCC9BD1644BD14FCA330AA978500001B1FEE8D0000"	"\Divisions\PD\Project Control\129781 - River Road\EP2 - Relay and Control Panels"
"000000009598E9A20E04F041B38518182890A2D50100A3DF33FCC9BD1644BD14FCA330AA978500001A9041660000"	"\Divisions\PD\Project Control\129781 - River Road\RFQ - SSVT's, 115kV"
"000000009598E9A20E04F041B38518182890A2D50100A3DF33FCC9BD1644BD14FCA330AA978500001AAE60900000"	"\Divisions\PD\Project Control\130338 - Shoofly's and Lines / SEPC\RFQ - T-Line Materials"
"000000009598E9A20E04F041B38518182890A2D50100A3DF33FCC9BD1644BD14FCA330AA978500001CD601260000"	"\Divisions\PD\Project Control\130766 - CRS PH2\RFQ's\Steel Pole Structures"
"000000009598E9A20E04F041B38518182890A2D50100A3DF33FCC9BD1644BD14FCA330AA978500001D7A79AF0000"	"\Divisions\PD\Project Control\132085 - East Hall Sub.\Energy Erectors - Substation Construction"
"000000009598E9A20E04F041B38518182890A2D50100A3DF33FCC9BD1644BD14FCA330AA978500001D609A5B0000"	"\Divisions\PD\Project Control\132085 - East Hall Sub.\RFP's - Subcontractors\PAR"
"000000009598E9A20E04F041B38518182890A2D50100A3DF33FCC9BD1644BD14FCA330AA978500001CC03BEF0000"	"\Divisions\PD\Project Control\132085 - East Hall Sub.\RFQ's\Disconnect Switches\PASCOR"
"000000009598E9A20E04F041B38518182890A2D50100A3DF33FCC9BD1644BD14FCA330AA978500001CC0A5BB0000"	"\Divisions\PD\Project Control\132085 - East Hall Sub.\RFQ's\VT's"
"000000009598E9A20E04F041B38518182890A2D50100A3DF33FCC9BD1644BD14FCA330AA978500001D8388550000"	"\Divisions\PD\Project Control\133317 - RS Shooflys & Lines"
"000000009598E9A20E04F041B38518182890A2D50100A3DF33FCC9BD1644BD14FCA330AA978500002380FC0C0000"	"\Divisions\PD\Project Control\133317 - RS Shooflys & Lines\RFQ's\230kV T-Line Mod Materials\WUE"
"000000009598E9A20E04F041B38518182890A2D50100A3DF33FCC9BD1644BD14FCA330AA978500001EAFE7010000"	"\Divisions\PD\Project Control\133430 - North Fort Dodge\EP2 - Relay and Control Panels"
"000000009598E9A20E04F041B38518182890A2D50100A3DF33FCC9BD1644BD14FCA330AA978500001DB789960000"	"\Divisions\PD\Project Control\133430 - North Fort Dodge\RFQ's\Battery System\BAE - Action Battery"
"000000009598E9A20E04F041B38518182890A2D50100A3DF33FCC9BD1644BD14FCA330AA97850000202488D10000"	"\Divisions\PD\Project Control\133430 - North Fort Dodge\RFQ's\Control Panels\Electrical Technologies"
"000000009598E9A20E04F041B38518182890A2D50100A3DF33FCC9BD1644BD14FCA330AA978500001D6104250000"	"\Divisions\PD\Project Control\133430 - North Fort Dodge\RFQ's\SSVT\Alstom Grid"
"000000009598E9A20E04F041B38518182890A2D50100A3DF33FCC9BD1644BD14FCA330AA9785000022681D460000"	"\Divisions\PD\Project Control\133430 - North Fort Dodge\Victory Electric"
"000000009598E9A20E04F041B38518182890A2D50100A3DF33FCC9BD1644BD14FCA330AA978500001DCEA2120000"	"\Divisions\PD\Project Control\133432 - Spearville Substation\PASCOR - Disc Switches, 115kV"
"000000009598E9A20E04F041B38518182890A2D50100A3DF33FCC9BD1644BD14FCA330AA97850000206FB1400000"	"\Divisions\PD\Project Control\133432 - Spearville Substation\RFP's\RFQ's\345kV A-Frame Structure"
"000000009598E9A20E04F041B38518182890A2D50100A3DF33FCC9BD1644BD14FCA330AA978500001DD0DDCA0000"	"\Divisions\PD\Project Control\133432 - Spearville Substation\RFQ's\345kV Surge Arresters\Kriz Davis"
"000000009598E9A20E04F041B38518182890A2D50100A3DF33FCC9BD1644BD14FCA330AA978500001DD320270000"	"\Divisions\PD\Project Control\133432 - Spearville Substation\Trench - CCVT, 115kV"
"000000009598E9A20E04F041B38518182890A2D50100A3DF33FCC9BD1644BD14FCA330AA97850000226787420000"	"\Divisions\PD\Project Control\133548 - RS-NFD to Spearville 115kV\RFP's\Fence Grounding"
"000000009598E9A20E04F041B38518182890A2D50100A3DF33FCC9BD1644BD14FCA330AA978500001F2355D80000"	"\Divisions\PD\Project Control\133548 - RS-NFD to Spearville 115kV\WUE - Modification Materials"
"000000009598E9A20E04F041B38518182890A2D50100A3DF33FCC9BD1644BD14FCA330AA978500001F15024E0000"	"\Divisions\PD\Project Control\134710 - Cimarron River Sub PH2\Graybar - Misc Materials"
"000000009598E9A20E04F041B38518182890A2D50100A3DF33FCC9BD1644BD14FCA330AA9785000021DACBE40000"	"\Divisions\PD\Project Control\134710 - Cimarron River Sub PH2\Pruitt Electric"
"000000009598E9A20E04F041B38518182890A2D50100A3DF33FCC9BD1644BD14FCA330AA9785000020D829F60000"	"\Divisions\PD\Project Control\134710 - Cimarron River Sub PH2\RFP's\Substation Construction\2015 Scope\Barnard"
"000000009598E9A20E04F041B38518182890A2D50100A3DF33FCC9BD1644BD14FCA330AA978500001E2FA9F80000"	"\Divisions\PD\Project Control\134710 - Cimarron River Sub PH2\RFQ's\500kcmil Cable\HD Supply"
"000000009598E9A20E04F041B38518182890A2D50100A3DF33FCC9BD1644BD14FCA330AA978500001EDAAA500000"	"\Divisions\PD\Project Control\134710 - Cimarron River Sub PH2\RFQ's\Bonding Hardware"
"000000009598E9A20E04F041B38518182890A2D50100A3DF33FCC9BD1644BD14FCA330AA978500001DE703680000"	"\Divisions\PD\Project Control\134710 - Cimarron River Sub PH2\RFQ's\Current Limiting Reactor, 13.8kV Indoor\Southern Transformer"
"000000009598E9A20E04F041B38518182890A2D50100A3DF33FCC9BD1644BD14FCA330AA978500001F0A27260000"	"\Divisions\PD\Project Control\134710 - Cimarron River Sub PH2\RFQ's\Misc Materials\WUE"
"000000009598E9A20E04F041B38518182890A2D50100A3DF33FCC9BD1644BD14FCA330AA978500001F0D2A580000"	"\Divisions\PD\Project Control\134710 - Cimarron River Sub PH2\RFQ's\Multi Conductor Control Cable\WUE"
"000000009598E9A20E04F041B38518182890A2D50100A3DF33FCC9BD1644BD14FCA330AA978500001F10E0E60000"	"\Divisions\PD\Project Control\134710 - Cimarron River Sub PH2\RFQ's\SCADA & Control\Loose Parts - ALTERNATES\Kriz Davis"
"000000009598E9A20E04F041B38518182890A2D50100A3DF33FCC9BD1644BD14FCA330AA97850000212ECA390000"	"\Divisions\PD\Project Control\134710 - Cimarron River Sub PH2\RFQ's\Through-Wall Bushings"
"000000009598E9A20E04F041B38518182890A2D50100A3DF33FCC9BD1644BD14FCA330AA978500001EDAA63E0000"	"\Divisions\PD\Project Control\134710 - Cimarron River Sub PH2\WUE - ADSS Fiber Optic Cable"
"000000009598E9A20E04F041B38518182890A2D50100A3DF33FCC9BD1644BD14FCA330AA97850000281628660000"	"\Divisions\PD\Project Control\135673 - High Point Substation\Kriz Davis - Insulators"
"000000009598E9A20E04F041B38518182890A2D50100A3DF33FCC9BD1644BD14FCA330AA97850000253795960000"	"\Divisions\PD\Project Control\135673 - High Point Substation\RFQ's"
"000000009598E9A20E04F041B38518182890A2D50100A3DF33FCC9BD1644BD14FCA330AA978500002598F7050000"	"\Divisions\PD\Project Control\135673 - High Point Substation\RFQ's\Control Building\Koontz-Wagner"
"000000009598E9A20E04F041B38518182890A2D50100A3DF33FCC9BD1644BD14FCA330AA978500002857F3340000"	"\Divisions\PD\Project Control\135673 - High Point Substation\RFQ's\Miscellaneous Material\Cable\Anixter"
"000000009598E9A20E04F041B38518182890A2D50100A3DF33FCC9BD1644BD14FCA330AA97850000274E96E00000"	"\Divisions\PD\Project Control\135673 - High Point Substation\RFQ's\Substation Steel Structures\Galvanizers"
"000000009598E9A20E04F041B38518182890A2D50100A3DF33FCC9BD1644BD14FCA330AA978500002218A7930000"	"\Divisions\PD\Project Control\136179 - PNM Substation"
"000000009598E9A20E04F041B38518182890A2D50100A3DF33FCC9BD1644BD14FCA330AA97850000282986C40000"	"\Divisions\PD\Project Control\136778 - 2015 Oncor Project Controls Scheduling\PIP Emails and Notifications"
"000000009598E9A20E04F041B38518182890A2D5010012225CC57BF01F4EA8CCA87A792FF35F0001B748E7690000"	"\Divisions\PD\Project Control\149694 - Oncor 2018 Substation Coordination"
"000000009598E9A20E04F041B38518182890A2D501006C95E27D1ACA634AA1AADC20796388DD000000EA64510000"	"\Divisions\PD\Project Control\Barton Chapel"
"000000009598E9A20E04F041B38518182890A2D50100A3DF33FCC9BD1644BD14FCA330AA978500002B67E6C10000"	"\Divisions\PD\Project Control\Oncor Project Emails for Archive\PIP Updates sent to Jacqui"
"000000009598E9A20E04F041B38518182890A2D5010012225CC57BF01F4EA8CCA87A792FF35F00000C4525E40000"	"\Divisions\PD\Project Management Boise\141527_PECL Design\PER"
"000000009598E9A20E04F041B38518182890A2D5010012225CC57BF01F4EA8CCA87A792FF35F00003452E6860000"	"\Divisions\PD\Project Management Boise\142892_PECL Project Management\MAT"
"000000009598E9A20E04F041B38518182890A2D5010012225CC57BF01F4EA8CCA87A792FF35F00004480C3320000"	"\Divisions\PD\Project Management Boise\144130_PECL Stations\FND"
"000000009598E9A20E04F041B38518182890A2D5010012225CC57BF01F4EA8CCA87A792FF35F00030B75E4200000"	"\Divisions\PD\Project Management Boise\160869_SCE_Wilson Valley-Ivyglen (VIG)"
"000000009598E9A20E04F041B38518182890A2D50100A3DF33FCC9BD1644BD14FCA330AA9785000021CACB1D0000"	"\Divisions\PD\Project Management Boise\Aaron Boston\137629 FST 0870 Pump Plt"
"000000009598E9A20E04F041B38518182890A2D50100A3DF33FCC9BD1644BD14FCA330AA978500002B65A63C0000"	"\Divisions\PD\Project Management Boise\Aaron Boston\142293 T38 IMC1-Livingston Ridge"
"000000009598E9A20E04F041B38518182890A2D50100A3DF33FCC9BD1644BD14FCA330AA978500001DCCC9600000"	"\Divisions\PD\Project Management Boise\Bob Yender"
"000000009598E9A20E04F041B38518182890A2D501006C95E27D1ACA634AA1AADC20796388DD0000006E29B30000"	"\Divisions\PD\Project Management Boise\John Oglevie\113207    SWENSON ADD SWTCHS"
"000000009598E9A20E04F041B38518182890A2D501006C95E27D1ACA634AA1AADC20796388DD00000098419C0000"	"\Divisions\PD\Project Management Boise\John Oglevie\113732    RIPLEY SW"
"000000009598E9A20E04F041B38518182890A2D501006C95E27D1ACA634AA1AADC20796388DD0000006E29A40000"	"\Divisions\PD\Project Management Boise\John Oglevie\114056    MORELAND SW UPGR CAP"
"000000009598E9A20E04F041B38518182890A2D501006C95E27D1ACA634AA1AADC20796388DD00000096780E0000"	"\Divisions\PD\Project Management Boise\John Oglevie\114373    Never became a PJ    BECKVILLE UPG TRANS"
"000000009598E9A20E04F041B38518182890A2D501006C95E27D1ACA634AA1AADC20796388DD0000006E299D0000"	"\Divisions\PD\Project Management Boise\John Oglevie\114716    HEMINGWAY-BOWMONT 230KV"
"000000009598E9A20E04F041B38518182890A2D501006C95E27D1ACA634AA1AADC20796388DD0000009458E90000"	"\Divisions\PD\Project Management Boise\John Oglevie\115122    BEALL AVE RPLC XFMR"
"000000009598E9A20E04F041B38518182890A2D501006C95E27D1ACA634AA1AADC20796388DD0000006E298C0000"	"\Divisions\PD\Project Management Boise\John Oglevie\115876    REBUILD HUBBARD-COLUMBIA-AMITY"
"000000009598E9A20E04F041B38518182890A2D501006C95E27D1ACA634AA1AADC20796388DD000000AF5B1D0000"	"\Divisions\PD\Project Management Boise\John Oglevie\119024    ATKINS STATION PROJ"
"000000009598E9A20E04F041B38518182890A2D50100A3DF33FCC9BD1644BD14FCA330AA978500001A0725630000"	"\Divisions\PD\Project Management Boise\John Oglevie\119108    SAN JACINTO Pre-2011\119108_n"
"000000009598E9A20E04F041B38518182890A2D501006C95E27D1ACA634AA1AADC20796388DD000000E56D310000"	"\Divisions\PD\Project Management Boise\John Oglevie\121930    KNIPPA STATION UPGRADE"
"000000009598E9A20E04F041B38518182890A2D501006C95E27D1ACA634AA1AADC20796388DD000000F51C630000"	"\Divisions\PD\Project Management Boise\John Oglevie\122814   HILLSBORO"
"000000009598E9A20E04F041B38518182890A2D501006C95E27D1ACA634AA1AADC20796388DD000000F12C2B0000"	"\Divisions\PD\Project Management Boise\John Oglevie\Line Projects"
"000000009598E9A20E04F041B38518182890A2D50100572FF007A7D6B64CA96E5CFE8E1CC1A40000005665DA0000"	"\Divisions\PD\Project Management Hailey\002 Closed Projects"
"000000009598E9A20E04F041B38518182890A2D50100572FF007A7D6B64CA96E5CFE8E1CC1A400000060B0D10000"	"\Divisions\PD\Project Management Hailey\122074 - Unit #4 Turbine Perform Review"
"000000009598E9A20E04F041B38518182890A2D5010012225CC57BF01F4EA8CCA87A792FF35F0001AAE8AA7F0000"	"\Divisions\PD\Project Management Hailey\123841_ALTA_Infill_Project\dups"
"000000009598E9A20E04F041B38518182890A2D50100A3DF33FCC9BD1644BD14FCA330AA978500000E7F5C930000"	"\Divisions\PD\Project Management Hailey\124186 OE Energy Gateway South\00 Project Management\04 Cost Control\Budget\Invoicing\Subcontractor Invoices"
"000000009598E9A20E04F041B38518182890A2D50100A3DF33FCC9BD1644BD14FCA330AA9785000016DA2E470000"	"\Divisions\PD\Project Management Hailey\124186 OE Energy Gateway South\00 Project Management\07 Project Manager\Contract\CIW\ODIR_Duplicate_Items"
"000000009598E9A20E04F041B38518182890A2D50100A3DF33FCC9BD1644BD14FCA330AA978500000E7EAC470000"	"\Divisions\PD\Project Management Hailey\124186 OE Energy Gateway South\01 Preliminary Tech Requirements\01 T-Line\0304 Design Criteria"
"000000009598E9A20E04F041B38518182890A2D50100A3DF33FCC9BD1644BD14FCA330AA978500001D4653F90000"	"\Divisions\PD\Project Management Hailey\124186 OE Energy Gateway South\01 Preliminary Tech Requirements\01 T-Line\16 TWE Alignment Coordination"
"000000009598E9A20E04F041B38518182890A2D501001953B16A689BCD4AA8FC82955DB27CB1000001E1E3970000"	"\Divisions\PD\Project Management Hailey\124186 OE Energy Gateway South\03 Permitting Process Support\01 Data Collection & Analysis"
"000000009598E9A20E04F041B38518182890A2D501001953B16A689BCD4AA8FC82955DB27CB1000001F131BE0000"	"\Divisions\PD\Project Management Hailey\124186 OE Energy Gateway South\05 ROW and ROE Support\02 ROW/ROE Acquisition Support"
"000000009598E9A20E04F041B38518182890A2D50100A3DF33FCC9BD1644BD14FCA330AA978500000E69CB810000"	"\Divisions\PD\Project Management Hailey\124186 OE Energy Gateway South\06 EPC RFP Package Support\04 Develop EPC RFP Technical Spec, Exhibit A\EPC Specifications"
"000000009598E9A20E04F041B38518182890A2D50100A3DF33FCC9BD1644BD14FCA330AA978500001755A02F0000"	"\Divisions\PD\Project Management Hailey\127375 Ridgetop Prelim"
"000000009598E9A20E04F041B38518182890A2D50100A3DF33FCC9BD1644BD14FCA330AA9785000023A10EA30000"	"\Divisions\PD\Project Management Hailey\133478 Sunpower"
"000000009598E9A20E04F041B38518182890A2D50100A3DF33FCC9BD1644BD14FCA330AA9785000023F88D370000"	"\Divisions\PD\Project Management Hailey\139179 - Salt Creek One-Line"
"000000009598E9A20E04F041B38518182890A2D5010012225CC57BF01F4EA8CCA87A792FF35F0001954A99D50000"	"\Divisions\PD\Project Management Hailey\141372 - GROSOLAR INTERCONNECTION"
"000000009598E9A20E04F041B38518182890A2D5010012225CC57BF01F4EA8CCA87A792FF35F000126D4D3110000"	"\Divisions\PD\Project Management Hailey\148913_115KV BOONE-LA JUNTA REBLD"
"000000009598E9A20E04F041B38518182890A2D50100A3DF33FCC9BD1644BD14FCA330AA978500001DB11E560000"	"\Divisions\PD\Project Management Hailey\KMP_TLBU\Subject Matter Teams\Electrical"
"000000009598E9A20E04F041B38518182890A2D50100CB7D9B6512D7374A860FE542D57703920000012383980000"	"\Divisions\PD\Project Management Hailey\Testing John McGrew"
"000000009598E9A20E04F041B38518182890A2D50100A3DF33FCC9BD1644BD14FCA330AA978500001D18E1230000"	"\Divisions\PD\Project Management Hailey\VEA\002 Project Closed\127200_Protection Support"
"000000009598E9A20E04F041B38518182890A2D50100A3DF33FCC9BD1644BD14FCA330AA978500001E768AA80000"	"\Divisions\PD\Project Management Hailey\VEA\002 Project Closed\128233_Innovation-Mercury 138kV"
"000000009598E9A20E04F041B38518182890A2D50100A3DF33FCC9BD1644BD14FCA330AA978500001B4CAAB50000"	"\Divisions\PD\Project Management Hailey\VEA\132093_Bob Tap 230kV Line"
"000000009598E9A20E04F041B38518182890A2D50100E34BFE500669CD49AC2E27C6C54DE39D0000002493760000"	"\Divisions\PD\Project Management St. Louis\112260 LS Power GSA\02-02 Illinois_Tlines"
"000000009598E9A20E04F041B38518182890A2D50100A3DF33FCC9BD1644BD14FCA330AA978500000E73847C0000"	"\Divisions\PD\Project Management St. Louis\RAM"
"000000009598E9A20E04F041B38518182890A2D501006C95E27D1ACA634AA1AADC20796388DD000000880B120000"	"\Divisions\PD\Projects"
"000000009598E9A20E04F041B38518182890A2D501006C95E27D1ACA634AA1AADC20796388DD000000C399C70000"	"\Divisions\PD\PTE\Anaheim/SD Projects\120888 PDI PDU REPAIR EL SEGUNDO"
"000000009598E9A20E04F041B38518182890A2D501006C95E27D1ACA634AA1AADC20796388DD000000D01FCF0000"	"\Divisions\PD\PTE\Anaheim/SD Projects\121299 UCSD TEST 1200AMP CB"
"000000009598E9A20E04F041B38518182890A2D50100CB7D9B6512D7374A860FE542D577039200000124F6910000"	"\Divisions\PD\PTE\Anaheim/SD Projects\121783 Daniels Test Chaffey College"
"000000009598E9A20E04F041B38518182890A2D501006C95E27D1ACA634AA1AADC20796388DD000000EDD04D0000"	"\Divisions\PD\PTE\Anaheim/SD Projects\122319 AVCO AIS PTE Shop 03/01"
"000000009598E9A20E04F041B38518182890A2D50100CB7D9B6512D7374A860FE542D57703920000011616100000"	"\Divisions\PD\PTE\Anaheim/SD Projects\122794 Conti GFI Cent. Hills Hosp LV"
"000000009598E9A20E04F041B38518182890A2D50100CB7D9B6512D7374A860FE542D57703920000012119470000"	"\Divisions\PD\PTE\Anaheim/SD Projects\123210 CSUSM-Ground Test"
"000000009598E9A20E04F041B38518182890A2D501001953B16A689BCD4AA8FC82955DB27CB1000000C808AB0000"	"\Divisions\PD\PTE\Anaheim/SD Projects\123649 BERG-Chromalloy TI"
"000000009598E9A20E04F041B38518182890A2D501001953B16A689BCD4AA8FC82955DB27CB1000000D99E440000"	"\Divisions\PD\PTE\Anaheim/SD Projects\123760 Monte Vista Water District"
"000000009598E9A20E04F041B38518182890A2D501001953B16A689BCD4AA8FC82955DB27CB10000010DCD020000"	"\Divisions\PD\PTE\Anaheim/SD Projects\123965 Sadler: Carlsbad Joint 1st Rsp"
"000000009598E9A20E04F041B38518182890A2D501001953B16A689BCD4AA8FC82955DB27CB10000014E6BCC0000"	"\Divisions\PD\PTE\Anaheim/SD Projects\124220 (CONTI) CENTENNIAL HILLS HSP "
"000000009598E9A20E04F041B38518182890A2D501001953B16A689BCD4AA8FC82955DB27CB10000016CE26A0000"	"\Divisions\PD\PTE\Anaheim/SD Projects\124390 UCSD ECONOMICS SUBSTATION "
"000000009598E9A20E04F041B38518182890A2D501001953B16A689BCD4AA8FC82955DB27CB1000001B446CE0000"	"\Divisions\PD\PTE\Anaheim/SD Projects\124593 (DYNA) SCRIPPS ONCOLOGY "
"000000009598E9A20E04F041B38518182890A2D501001953B16A689BCD4AA8FC82955DB27CB1000001D8196E0000"	"\Divisions\PD\PTE\Anaheim/SD Projects\124810 (BERG) USC STUDENT HEALTH CNTR "
"000000009598E9A20E04F041B38518182890A2D501001953B16A689BCD4AA8FC82955DB27CB1000001F464240000"	"\Divisions\PD\PTE\Anaheim/SD Projects\125111 (BAKER) FIRE STATION BLDG 203 "
"000000009598E9A20E04F041B38518182890A2D50100A3DF33FCC9BD1644BD14FCA330AA97850000175D6CE40000"	"\Divisions\PD\PTE\Anaheim/SD Projects\125755 Sullivan UCSD Nimitz"
"000000009598E9A20E04F041B38518182890A2D50100A3DF33FCC9BD1644BD14FCA330AA97850000175E279C0000"	"\Divisions\PD\PTE\Anaheim/SD Projects\126193 Solar Sel 751 Relay"
"000000009598E9A20E04F041B38518182890A2D50100A3DF33FCC9BD1644BD14FCA330AA97850000176026AE0000"	"\Divisions\PD\PTE\Anaheim/SD Projects\126705 CVE Mead ES"
"000000009598E9A20E04F041B38518182890A2D50100A3DF33FCC9BD1644BD14FCA330AA97850000176B80700000"	"\Divisions\PD\PTE\Anaheim/SD Projects\127029 Baker Gen Atomics Bldg 21"
"000000009598E9A20E04F041B38518182890A2D50100A3DF33FCC9BD1644BD14FCA330AA97850000176B6A6A0000"	"\Divisions\PD\PTE\Anaheim/SD Projects\127246 HDR IEUA - RP1"
"000000009598E9A20E04F041B38518182890A2D50100A3DF33FCC9BD1644BD14FCA330AA978500001791D5A30000"	"\Divisions\PD\PTE\Anaheim/SD Projects\127421 Southland Elec Hoover HS"
"000000009598E9A20E04F041B38518182890A2D50100A3DF33FCC9BD1644BD14FCA330AA9785000017695CD70000"	"\Divisions\PD\PTE\Anaheim/SD Projects\127658 Zamorano ES"
"000000009598E9A20E04F041B38518182890A2D50100A3DF33FCC9BD1644BD14FCA330AA97850000177B63300000"	"\Divisions\PD\PTE\Anaheim/SD Projects\127901 (SAS) BEQ Delmar Camp. Pendl."
"000000009598E9A20E04F041B38518182890A2D50100A3DF33FCC9BD1644BD14FCA330AA9785000017DBF2DF0000"	"\Divisions\PD\PTE\Anaheim/SD Projects\128095 (Koo) P310 Small Arms Magazine"
"000000009598E9A20E04F041B38518182890A2D50100A3DF33FCC9BD1644BD14FCA330AA9785000017FF52430000"	"\Divisions\PD\PTE\Anaheim/SD Projects\128301 Zamorano ES"
"000000009598E9A20E04F041B38518182890A2D50100A3DF33FCC9BD1644BD14FCA330AA97850000184E62C00000"	"\Divisions\PD\PTE\Anaheim/SD Projects\128462 (SAS) Jacobs Central Plant"
"000000009598E9A20E04F041B38518182890A2D50100A3DF33FCC9BD1644BD14FCA330AA9785000018AD7F330000"	"\Divisions\PD\PTE\Anaheim/SD Projects\128739 (Berg) LACSD Norwalk Data Ctr"
"000000009598E9A20E04F041B38518182890A2D50100A3DF33FCC9BD1644BD14FCA330AA9785000018C7F7DF0000"	"\Divisions\PD\PTE\Anaheim/SD Projects\128962 Dr Kamali Bench Test"
"000000009598E9A20E04F041B38518182890A2D50100A3DF33FCC9BD1644BD14FCA330AA9785000018E64F010000"	"\Divisions\PD\PTE\Anaheim/SD Projects\129177 Julian Hinds Pumping Plant"
"000000009598E9A20E04F041B38518182890A2D50100A3DF33FCC9BD1644BD14FCA330AA978500001972DD8B0000"	"\Divisions\PD\PTE\Anaheim/SD Projects\129418 USC McKay IR Scan"
"000000009598E9A20E04F041B38518182890A2D50100A3DF33FCC9BD1644BD14FCA330AA978500001988F6470000"	"\Divisions\PD\PTE\Anaheim/SD Projects\129756 LACSD-Commerce Refuse"
"000000009598E9A20E04F041B38518182890A2D50100A3DF33FCC9BD1644BD14FCA330AA978500001994F9E60000"	"\Divisions\PD\PTE\Anaheim/SD Projects\129897 Moorpark College Parking Structure"
"000000009598E9A20E04F041B38518182890A2D50100A3DF33FCC9BD1644BD14FCA330AA9785000019B197D20000"	"\Divisions\PD\PTE\Anaheim/SD Projects\130364 Granite Hills HS Aquatics"
"000000009598E9A20E04F041B38518182890A2D50100A3DF33FCC9BD1644BD14FCA330AA978500001AAEEE360000"	"\Divisions\PD\PTE\Anaheim/SD Projects\130759 American Internet - Lightwave Ave"
"000000009598E9A20E04F041B38518182890A2D50100A3DF33FCC9BD1644BD14FCA330AA978500001B8191410000"	"\Divisions\PD\PTE\Anaheim/SD Projects\131377 (LS) Testing Inland Empire"
"000000009598E9A20E04F041B38518182890A2D50100A3DF33FCC9BD1644BD14FCA330AA978500001B1A1BE10000"	"\Divisions\PD\PTE\Anaheim/SD Projects\131677 Perris Filtration Plant"
"000000009598E9A20E04F041B38518182890A2D50100A3DF33FCC9BD1644BD14FCA330AA978500001B79ED290000"	"\Divisions\PD\PTE\Anaheim/SD Projects\131904 Lawndale HS"
"000000009598E9A20E04F041B38518182890A2D50100A3DF33FCC9BD1644BD14FCA330AA978500001B6B09F20000"	"\Divisions\PD\PTE\Anaheim/SD Projects\132174 Port Hueneme 5kV"
"000000009598E9A20E04F041B38518182890A2D50100A3DF33FCC9BD1644BD14FCA330AA978500001B7703AB0000"	"\Divisions\PD\PTE\Anaheim/SD Projects\132444 Boeing Relays and Meters"
"000000009598E9A20E04F041B38518182890A2D50100A3DF33FCC9BD1644BD14FCA330AA978500001BEBEB8D0000"	"\Divisions\PD\PTE\Anaheim/SD Projects\132738 LC3-LC6 VLF Test"
"000000009598E9A20E04F041B38518182890A2D501006C95E27D1ACA634AA1AADC20796388DD00000062A0960000"	"\Divisions\PD\PTE\Atlanta Contacts"
"000000009598E9A20E04F041B38518182890A2D501001296C725372D7F4B86B758A22EA3141B0000001D67FE0000"	"\Divisions\PD\SAS"
"000000009598E9A20E04F041B38518182890A2D5010012225CC57BF01F4EA8CCA87A792FF35F000178961A970000"	"\Divisions\PD\SAS\00_PowerWorld_Calendar"
"000000009598E9A20E04F041B38518182890A2D50100A3DF33FCC9BD1644BD14FCA330AA978500001AAEFFDD0000"	"\Divisions\PD\SAS\00_Software (Keys & Pricing)\ASPEN\ASPEN"
"000000009598E9A20E04F041B38518182890A2D50100572FF007A7D6B64CA96E5CFE8E1CC1A40000002F54D90000"	"\Divisions\PD\SAS\000000 SAS Project Misc\AEP"
"000000009598E9A20E04F041B38518182890A2D501001296C725372D7F4B86B758A22EA3141B00000031F5510000"	"\Divisions\PD\SAS\AEP Project List"
"000000009598E9A20E04F041B38518182890A2D501006C95E27D1ACA634AA1AADC20796388DD0000002692140000"	"\Divisions\PD\SAS\LEWISTON PROJECTS\SPS-Active\Active Projects\Douglas Co. PUD\Contract"
"000000009598E9A20E04F041B38518182890A2D501006C95E27D1ACA634AA1AADC20796388DD0000002692220000"	"\Divisions\PD\SAS\LEWISTON PROJECTS\SPS-Active\Active Projects\Grant County PUD\Priest Rapids\Line #1"
"000000009598E9A20E04F041B38518182890A2D501006C95E27D1ACA634AA1AADC20796388DD0000002692340000"	"\Divisions\PD\SAS\LEWISTON PROJECTS\SPS-Active\Active Projects\Magic Valley"
"000000009598E9A20E04F041B38518182890A2D501006C95E27D1ACA634AA1AADC20796388DD0000002692430000"	"\Divisions\PD\SAS\LEWISTON PROJECTS\SPS-Active\Active Projects\PowerTech Engineering\Blair Bend"
"000000009598E9A20E04F041B38518182890A2D501006C95E27D1ACA634AA1AADC20796388DD0000002669CD0000"	"\Divisions\PD\SAS\LEWISTON PROJECTS\SPS-Contacts"
"000000009598E9A20E04F041B38518182890A2D50100A3DF33FCC9BD1644BD14FCA330AA9785000017FE18080000"	"\Divisions\PD\SAS\Pacific Valley Solar\Adera"
"000000009598E9A20E04F041B38518182890A2D50100A3DF33FCC9BD1644BD14FCA330AA9785000017FD931A0000"	"\Divisions\PD\SAS\Pacific Valley Solar\Three Rocks"
"000000009598E9A20E04F041B38518182890A2D501001296C725372D7F4B86B758A22EA3141B000000392D7B0000"	"\Divisions\PD\SAS\XXXXXX IID Contact"
"000000009598E9A20E04F041B38518182890A2D50100A3DF33FCC9BD1644BD14FCA330AA978500002A2A8FD20000"	"\Divisions\PD\Substation Anaheim\136065 City of Riverside Sub Grounding Testing & Stdy"
"000000009598E9A20E04F041B38518182890A2D50100A3DF33FCC9BD1644BD14FCA330AA978500002A2EDF6B0000"	"\Divisions\PD\Substation Anaheim\139382 EC&R NA Solar Stockton PV"
"000000009598E9A20E04F041B38518182890A2D50100A3DF33FCC9BD1644BD14FCA330AA978500002A2F81320000"	"\Divisions\PD\Substation Anaheim\140490 Terra-Gen Windustries Independent Engr"
"000000009598E9A20E04F041B38518182890A2D50100A3DF33FCC9BD1644BD14FCA330AA978500002C0928350000"	"\Divisions\PD\Substation Anaheim\142730 SCE Eagle Mt. Substation"
"000000009598E9A20E04F041B38518182890A2D5010012225CC57BF01F4EA8CCA87A792FF35F00018A37DFC00000"	"\Divisions\PD\Substation Anaheim\149563 NACOGDOCHES FEEDER 1501 DA"
"000000009598E9A20E04F041B38518182890A2D50100E34BFE500669CD49AC2E27C6C54DE39D0000003498E90000"	"\Divisions\PD\Substation Ann Arbor\120695"
"000000009598E9A20E04F041B38518182890A2D50100A3DF33FCC9BD1644BD14FCA330AA9785000015F88D020000"	"\Divisions\PD\Substation Ann Arbor\126107"
"000000009598E9A20E04F041B38518182890A2D50100A3DF33FCC9BD1644BD14FCA330AA978500001D98EE150000"	"\Divisions\PD\Substation Ann Arbor\134034"
"000000009598E9A20E04F041B38518182890A2D50100A3DF33FCC9BD1644BD14FCA330AA9785000021C93EF90000"	"\Divisions\PD\Substation Ann Arbor\137652 - Gaylord"
"000000009598E9A20E04F041B38518182890A2D50100A3DF33FCC9BD1644BD14FCA330AA978500002675DE740000"	"\Divisions\PD\Substation Ann Arbor\140238 South Field Energy Facility"
"000000009598E9A20E04F041B38518182890A2D5010012225CC57BF01F4EA8CCA87A792FF35F000005747FD10000"	"\Divisions\PD\Substation Ann Arbor\143360 - AEP June Road P15050005"
"000000009598E9A20E04F041B38518182890A2D5010012225CC57BF01F4EA8CCA87A792FF35F00006723914D0000"	"\Divisions\PD\Substation Ann Arbor\144819 - I&M Transco Scoping"
"000000009598E9A20E04F041B38518182890A2D5010012225CC57BF01F4EA8CCA87A792FF35F0000BEBBD4920000"	"\Divisions\PD\Substation Ann Arbor\146491"
"000000009598E9A20E04F041B38518182890A2D5010012225CC57BF01F4EA8CCA87A792FF35F000130BEB70D0000"	"\Divisions\PD\Substation Ann Arbor\149093"
"000000009598E9A20E04F041B38518182890A2D50100E34BFE500669CD49AC2E27C6C54DE39D00000018EEFD0000"	"\Divisions\PD\Substation Ann Arbor\9-Drafting questions Q & A\GENERAL Q & A\memos"
"000000009598E9A20E04F041B38518182890A2D50100A3DF33FCC9BD1644BD14FCA330AA978500001D7BA04E0000"	"\Divisions\PD\Substation Ann Arbor\Proposals"
"000000009598E9A20E04F041B38518182890A2D50100A3DF33FCC9BD1644BD14FCA330AA97850000277D29E30000"	"\Divisions\PD\Substation Atlanta\00_DMS UPLOAD"
"000000009598E9A20E04F041B38518182890A2D5010012225CC57BF01F4EA8CCA87A792FF35F0005D8F542D40000"	"\Divisions\PD\Substation Atlanta\0238451_Thornton East Sub-DA"
"000000009598E9A20E04F041B38518182890A2D5010012225CC57BF01F4EA8CCA87A792FF35F0006226864C20000"	"\Divisions\PD\Substation Atlanta\0241214_0000_Wildhorse POD: Install LV EPS metering for HighPeak Solar, LLC"
"000000009598E9A20E04F041B38518182890A2D5010012225CC57BF01F4EA8CCA87A792FF35F00065340A24E0000"	"\Divisions\PD\Substation Atlanta\0243009_0000_ATL Exchange SW: Est 345/138kv 51097"
"000000009598E9A20E04F041B38518182890A2D5010012225CC57BF01F4EA8CCA87A792FF35F0006AC7B3F8E0000"	"\Divisions\PD\Substation Atlanta\0246071_0000_ATL Big Spring W Sub Demo & Retire 49748"
"000000009598E9A20E04F041B38518182890A2D5010012225CC57BF01F4EA8CCA87A792FF35F0006C24609B90000"	"\Divisions\PD\Substation Atlanta\0246d830_0000_Rexall Switch 138kV Line Terminal Modification"
"000000009598E9A20E04F041B38518182890A2D5010012225CC57BF01F4EA8CCA87A792FF35F000710DDE47C0000"	"\Divisions\PD\Substation Atlanta\0249620_0000_MPC Forest Transmission TS FC"
"000000009598E9A20E04F041B38518182890A2D5010012225CC57BF01F4EA8CCA87A792FF35F00072F1FD0D80000"	"\Divisions\PD\Substation Atlanta\0250849_0000_ATL Calumet UF Sub 54170"
"000000009598E9A20E04F041B38518182890A2D5010012225CC57BF01F4EA8CCA87A792FF35F000748EDBB620000"	"\Divisions\PD\Substation Atlanta\0251654_0000_ATL Comanche Switch 54843"
"000000009598E9A20E04F041B38518182890A2D5010012225CC57BF01F4EA8CCA87A792FF35F00076AAF0EFF0000"	"\Divisions\PD\Substation Atlanta\0252578_0000_APC - Boyles TS Conceptual - P&C"
"000000009598E9A20E04F041B38518182890A2D5010012225CC57BF01F4EA8CCA87A792FF35F0007A7ADE6140000"	"\Divisions\PD\Substation Atlanta\0254676_0000_ATL Pauline Sub DA 55868"
"000000009598E9A20E04F041B38518182890A2D5010012225CC57BF01F4EA8CCA87A792FF35F0007B1C7A9CC0000"	"\Divisions\PD\Substation Atlanta\0255046_0000_ATL Tyler Southwest Sub UF 56456"
"000000009598E9A20E04F041B38518182890A2D501001296C725372D7F4B86B758A22EA3141B000000561DF30000"	"\Divisions\PD\Substation Atlanta\112239_Holt"
"000000009598E9A20E04F041B38518182890A2D50100E34BFE500669CD49AC2E27C6C54DE39D00000010D1600000"	"\Divisions\PD\Substation Atlanta\113015_Elm Creek Substation\Equipment\Fiber"
"000000009598E9A20E04F041B38518182890A2D50100E34BFE500669CD49AC2E27C6C54DE39D0000000D59B20000"	"\Divisions\PD\Substation Atlanta\113015_Elm Creek Substation\RFI"
"000000009598E9A20E04F041B38518182890A2D50100A3DF33FCC9BD1644BD14FCA330AA978500002AB711CA0000"	"\Divisions\PD\Substation Atlanta\113512_Hartford Ave Sub 115kV Equip Upgrade\In ProjectWise"
"000000009598E9A20E04F041B38518182890A2D50100E34BFE500669CD49AC2E27C6C54DE39D0000001ABFEA0000"	"\Divisions\PD\Substation Atlanta\114320_Anadarko Phase 2\Robert Cotner"
"000000009598E9A20E04F041B38518182890A2D50100E34BFE500669CD49AC2E27C6C54DE39D0000002260FC0000"	"\Divisions\PD\Substation Atlanta\116139_Round Rock Dist Auto\Visual Analysis\115361"
"000000009598E9A20E04F041B38518182890A2D50100E34BFE500669CD49AC2E27C6C54DE39D000000383EF80000"	"\Divisions\PD\Substation Atlanta\117138_TransCanada_Pipeline_Elect_Study\Mooreland-Arc FlashStudy"
"000000009598E9A20E04F041B38518182890A2D50100A3DF33FCC9BD1644BD14FCA330AA9785000015F3608D0000"	"\Divisions\PD\Substation Atlanta\123044 SDGE Escondido"
"000000009598E9A20E04F041B38518182890A2D501001953B16A689BCD4AA8FC82955DB27CB1000001315CE80000"	"\Divisions\PD\Substation Atlanta\123097.36_PEF_ORANGEWOOD"
"000000009598E9A20E04F041B38518182890A2D50100A3DF33FCC9BD1644BD14FCA330AA9785000015E8E2870000"	"\Divisions\PD\Substation Atlanta\123979_Sunflower Barber Substation\30% Physical Review"
"000000009598E9A20E04F041B38518182890A2D50100A3DF33FCC9BD1644BD14FCA330AA97850000173974980000"	"\Divisions\PD\Substation Atlanta\123979_Sunflower Barber Substation\Electroswitch"
"000000009598E9A20E04F041B38518182890A2D50100F3BCE3A574023B4482F2E427B5A3121800004D8758F50000"	"\Divisions\PD\Substation Atlanta\123979_Sunflower Barber Substation\Photos"
"000000009598E9A20E04F041B38518182890A2D50100A3DF33FCC9BD1644BD14FCA330AA9785000015E694520000"	"\Divisions\PD\Substation Atlanta\123979_Sunflower Barber Substation\Transformer"
"000000009598E9A20E04F041B38518182890A2D50100A3DF33FCC9BD1644BD14FCA330AA97850000174B63D80000"	"\Divisions\PD\Substation Atlanta\125583_Sunflower Cimarron\DMS_Upload"
"000000009598E9A20E04F041B38518182890A2D50100A3DF33FCC9BD1644BD14FCA330AA978500001743390C0000"	"\Divisions\PD\Substation Atlanta\125583_Sunflower Cimarron\Equipment\Circuit Breaker\Circuit Breaker_Approval Drawings"
"000000009598E9A20E04F041B38518182890A2D50100A3DF33FCC9BD1644BD14FCA330AA9785000016F984520000"	"\Divisions\PD\Substation Atlanta\125583_Sunflower Cimarron\Equipment\Switchgear\Switchgear Addendums"
"000000009598E9A20E04F041B38518182890A2D50100A3DF33FCC9BD1644BD14FCA330AA978500001743297B0000"	"\Divisions\PD\Substation Atlanta\125583_Sunflower Cimarron\Overhead Line and Underground\Underground and overhead Submittals"
"000000009598E9A20E04F041B38518182890A2D50100A3DF33FCC9BD1644BD14FCA330AA9785000016F7140F0000"	"\Divisions\PD\Substation Atlanta\125583_Sunflower Cimarron\SUBSTATION CONTROL AND SAS"
"000000009598E9A20E04F041B38518182890A2D50100A3DF33FCC9BD1644BD14FCA330AA97850000175489900000"	"\Divisions\PD\Substation Atlanta\125583_Sunflower Cimarron\SUBSTATION PHYSICAL "
"000000009598E9A20E04F041B38518182890A2D50100A3DF33FCC9BD1644BD14FCA330AA97850000163C64260000"	"\Divisions\PD\Substation Atlanta\125657 Morenci 16k Optimization"
"000000009598E9A20E04F041B38518182890A2D50100A3DF33FCC9BD1644BD14FCA330AA978500001BD34BAB0000"	"\Divisions\PD\Substation Atlanta\132085_East Hall and Plainville"
"000000009598E9A20E04F041B38518182890A2D50100A3DF33FCC9BD1644BD14FCA330AA978500001D5FB0E00000"	"\Divisions\PD\Substation Atlanta\133432_Spearville 345kV"
"000000009598E9A20E04F041B38518182890A2D50100A3DF33FCC9BD1644BD14FCA330AA978500001EE3BABA0000"	"\Divisions\PD\Substation Atlanta\133432_Spearville 345kV\Foundations"
"000000009598E9A20E04F041B38518182890A2D50100F3BCE3A574023B4482F2E427B5A3121800004F1643130000"	"\Divisions\PD\Substation Atlanta\133432_Spearville 345kV\Steel\In ProjectWise"
"000000009598E9A20E04F041B38518182890A2D50100A3DF33FCC9BD1644BD14FCA330AA978500001EEDBEF40000"	"\Divisions\PD\Substation Atlanta\135513_ALT TYLER NW SW: RPLC 56 MVA"
"000000009598E9A20E04F041B38518182890A2D50100A3DF33FCC9BD1644BD14FCA330AA97850000281509E50000"	"\Divisions\PD\Substation Atlanta\137302_GTC DOUGLAS SUBSTATION\Strain Bus Clearance"
"000000009598E9A20E04F041B38518182890A2D50100A3DF33FCC9BD1644BD14FCA330AA97850000241E04A20000"	"\Divisions\PD\Substation Atlanta\139317_ATL SHAMBURGER LINE TERM"
"000000009598E9A20E04F041B38518182890A2D50100A3DF33FCC9BD1644BD14FCA330AA978500002671DBD60000"	"\Divisions\PD\Substation Atlanta\139848_ATL BUCKHORN 345 SWTCH\Equipment\CTs"
"000000009598E9A20E04F041B38518182890A2D5010012225CC57BF01F4EA8CCA87A792FF35F000162F5FFA50000"	"\Divisions\PD\Substation Atlanta\139848_ATL BUCKHORN 345 SWTCH\Project Management\Meeting Minutes"
"000000009598E9A20E04F041B38518182890A2D50100A3DF33FCC9BD1644BD14FCA330AA978500002C8F77360000"	"\Divisions\PD\Substation Atlanta\140572_SUNFLOWER SPEARVILLE RPLC CB SV188\Construction"
"000000009598E9A20E04F041B38518182890A2D50100A3DF33FCC9BD1644BD14FCA330AA9785000028CE4BBC0000"	"\Divisions\PD\Substation Atlanta\140572_SUNFLOWER SPEARVILLE RPLC CB SV188\Meeting Minutes"
"000000009598E9A20E04F041B38518182890A2D50100A3DF33FCC9BD1644BD14FCA330AA978500002C0592810000"	"\Divisions\PD\Substation Atlanta\140572_SUNFLOWER SPEARVILLE RPLC CB SV188\Schedule"
"000000009598E9A20E04F041B38518182890A2D50100A3DF33FCC9BD1644BD14FCA330AA978500002A16AB780000"	"\Divisions\PD\Substation Atlanta\141752_MEAG - CARTERSVILLE 22"
"000000009598E9A20E04F041B38518182890A2D5010012225CC57BF01F4EA8CCA87A792FF35F00003945D1820000"	"\Divisions\PD\Substation Atlanta\144140_MEAG-Cartersville 23"
"000000009598E9A20E04F041B38518182890A2D5010012225CC57BF01F4EA8CCA87A792FF35F0000B2BA27420000"	"\Divisions\PD\Substation Atlanta\146321_ATL IRVING GRANT UPG TERM"
"000000009598E9A20E04F041B38518182890A2D5010012225CC57BF01F4EA8CCA87A792FF35F000175366F280000"	"\Divisions\PD\Substation Atlanta\150846_ATL PLEASANT GROVE DA"
"000000009598E9A20E04F041B38518182890A2D5010012225CC57BF01F4EA8CCA87A792FF35F0001A7C15ACB0000"	"\Divisions\PD\Substation Atlanta\152483_MEAG MARIETTA 8 SS GND ANA"
"000000009598E9A20E04F041B38518182890A2D5010012225CC57BF01F4EA8CCA87A792FF35F0001FC153E310000"	"\Divisions\PD\Substation Atlanta\154150_ATL LINDALE DA"
"000000009598E9A20E04F041B38518182890A2D5010012225CC57BF01F4EA8CCA87A792FF35F00025AF8A3DA0000"	"\Divisions\PD\Substation Atlanta\156037_CANTON TAP SW MOD TYLER"
"000000009598E9A20E04F041B38518182890A2D5010012225CC57BF01F4EA8CCA87A792FF35F0002ADAF34890000"	"\Divisions\PD\Substation Atlanta\158152_MCHALAM POD INSTL SL M"
"000000009598E9A20E04F041B38518182890A2D5010012225CC57BF01F4EA8CCA87A792FF35F000322D078650000"	"\Divisions\PD\Substation Atlanta\161372_LAKE BROWNWOOD SUB"
"000000009598E9A20E04F041B38518182890A2D5010012225CC57BF01F4EA8CCA87A792FF35F000545A0E0A60000"	"\Divisions\PD\Substation Atlanta\177476_ATL ELM MOTT SW#1 SUB 46509"
"000000009598E9A20E04F041B38518182890A2D5010012225CC57BF01F4EA8CCA87A792FF35F000596E6EBD30000"	"\Divisions\PD\Substation Atlanta\180272_ATL ALLEN SW DA 48889"
"000000009598E9A20E04F041B38518182890A2D5010012225CC57BF01F4EA8CCA87A792FF35F0005B5FEFD930000"	"\Divisions\PD\Substation Atlanta\181209_C80709-HEARD SS-500KV TERM ADD"
"000000009598E9A20E04F041B38518182890A2D50100E34BFE500669CD49AC2E27C6C54DE39D0000003499150000"	"\Divisions\PD\Substation Atlanta\Lisa_Temp"
"000000009598E9A20E04F041B38518182890A2D50100E34BFE500669CD49AC2E27C6C54DE39D0000002841000000"	"\Divisions\PD\Substation Atlanta\NEEWS-Material Inspections\Homac Connectors"
"000000009598E9A20E04F041B38518182890A2D50100E34BFE500669CD49AC2E27C6C54DE39D000000146F540000"	"\Divisions\PD\Substation Atlanta\ONCOR-2009-Scoping\Windhurst"
"000000009598E9A20E04F041B38518182890A2D50100E34BFE500669CD49AC2E27C6C54DE39D0000003B82AF0000"	"\Divisions\PD\Substation Atlanta\ONCOR-Procedures & E-mails\2011-Procedures"
"000000009598E9A20E04F041B38518182890A2D501001953B16A689BCD4AA8FC82955DB27CB10000014BED810000"	"\Divisions\PD\Substation Atlanta\PEF EPC\Technical"
"000000009598E9A20E04F041B38518182890A2D50100E34BFE500669CD49AC2E27C6C54DE39D0000004310760000"	"\Divisions\PD\Substation Atlanta\Progress Energy\Reviews for other stations\Howey 314"
"000000009598E9A20E04F041B38518182890A2D501001296C725372D7F4B86B758A22EA3141B0000005EA6C80000"	"\Divisions\PD\Substation Atlanta\Proposals\2007\PEPCO-Aquasco-230kV"
"000000009598E9A20E04F041B38518182890A2D50100E34BFE500669CD49AC2E27C6C54DE39D00000037A2410000"	"\Divisions\PD\Substation Atlanta\Proposals\2010\119418_Sunflower_NTC_Scoping_E+PC"
"000000009598E9A20E04F041B38518182890A2D50100E34BFE500669CD49AC2E27C6C54DE39D0000003B82870000"	"\Divisions\PD\Substation Atlanta\Proposals\2011"
"000000009598E9A20E04F041B38518182890A2D50100E34BFE500669CD49AC2E27C6C54DE39D0000004084040000"	"\Divisions\PD\Substation Atlanta\Proposals\2011\MP&L-Civil"
"000000009598E9A20E04F041B38518182890A2D501001296C725372D7F4B86B758A22EA3141B000000550B970000"	"\Divisions\PD\Substation Atlanta\Proposals\APCO"
"000000009598E9A20E04F041B38518182890A2D50100E34BFE500669CD49AC2E27C6C54DE39D0000001ABFF80000"	"\Divisions\PD\Substation Atlanta\Proposals\Paducah Power"
"000000009598E9A20E04F041B38518182890A2D50100A3DF33FCC9BD1644BD14FCA330AA9785000016E846EF0000"	"\Divisions\PD\Substation Atlanta\Substation Benbrook"
"000000009598E9A20E04F041B38518182890A2D501001296C725372D7F4B86B758A22EA3141B000000550C160000"	"\Divisions\PD\Substation Atlanta\TXU-2006 Distribution Automation"
"000000009598E9A20E04F041B38518182890A2D50100572FF007A7D6B64CA96E5CFE8E1CC1A40000005119FE0000"	"\Divisions\PD\Substation Billings\_BD\121134_Highwood_Sub"
"000000009598E9A20E04F041B38518182890A2D50100A3DF33FCC9BD1644BD14FCA330AA978500000EAEE8FD0000"	"\Divisions\PD\Substation Billings\_BD\125763_Altalink"
"000000009598E9A20E04F041B38518182890A2D50100A3DF33FCC9BD1644BD14FCA330AA9785000025F5425E0000"	"\Divisions\PD\Substation Boise\140002  AEP NEWCOMERSTOWN P14095007 42589"
"000000009598E9A20E04F041B38518182890A2D50100A3DF33FCC9BD1644BD14FCA330AA978500002C0817570000"	"\Divisions\PD\Substation Boise\142744  AEP SOUTH TIFFIN P10142007"
"000000009598E9A20E04F041B38518182890A2D5010012225CC57BF01F4EA8CCA87A792FF35F0000B677F30D0000"	"\Divisions\PD\Substation Boise\146329  ONCOR BURNETT SWITCH ST"
"000000009598E9A20E04F041B38518182890A2D5010012225CC57BF01F4EA8CCA87A792FF35F00010D90EA5C0000"	"\Divisions\PD\Substation Boise\148160  ONCOR CORINTH SOUTH DA PIP3110"
"000000009598E9A20E04F041B38518182890A2D5010012225CC57BF01F4EA8CCA87A792FF35F00013250E04B0000"	"\Divisions\PD\Substation Boise\149124  AEP OAKWOOD RD STATION P15117023"
"000000009598E9A20E04F041B38518182890A2D5010012225CC57BF01F4EA8CCA87A792FF35F00016EA9929A0000"	"\Divisions\PD\Substation Boise\150537  ONCOR PFLUGERVILLE DA PIP3098"
"000000009598E9A20E04F041B38518182890A2D5010012225CC57BF01F4EA8CCA87A792FF35F00019C58915B0000"	"\Divisions\PD\Substation Boise\151759  ONCOR NACOGDOCHES SFA DA"
"000000009598E9A20E04F041B38518182890A2D5010012225CC57BF01F4EA8CCA87A792FF35F0001E6DB39460000"	"\Divisions\PD\Substation Boise\153670  ONCOR RANGER-CAP BANK"
"000000009598E9A20E04F041B38518182890A2D5010012225CC57BF01F4EA8CCA87A792FF35F00020E8C7CCA0000"	"\Divisions\PD\Substation Boise\154528  ONCOR HUTTO SW TERM UPG RR SE"
"000000009598E9A20E04F041B38518182890A2D5010012225CC57BF01F4EA8CCA87A792FF35F00022676EAFC0000"	"\Divisions\PD\Substation Boise\154968  NV ENERGY PAH RAH EXPANSION"
"000000009598E9A20E04F041B38518182890A2D501006C95E27D1ACA634AA1AADC20796388DD0000006714080000"	"\Divisions\PD\Substation Boise\Randol Mill"
"000000009598E9A20E04F041B38518182890A2D501006C95E27D1ACA634AA1AADC20796388DD000000695C800000"	"\Divisions\PD\Substation Denver\01-General Oncor Information"
"000000009598E9A20E04F041B38518182890A2D501006C95E27D1ACA634AA1AADC20796388DD000000A609700000"	"\Divisions\PD\Substation Denver\116945 St. George- Red Butte\FAA"
"000000009598E9A20E04F041B38518182890A2D501006C95E27D1ACA634AA1AADC20796388DD000000F320DD0000"	"\Divisions\PD\Substation Denver\117638 Hotchkiss Substation"
"000000009598E9A20E04F041B38518182890A2D501006C95E27D1ACA634AA1AADC20796388DD000000B9C8640000"	"\Divisions\PD\Substation Denver\120260 West River Road"
"000000009598E9A20E04F041B38518182890A2D501006C95E27D1ACA634AA1AADC20796388DD000000E349C00000"	"\Divisions\PD\Substation Denver\121857 Smoky Hill"
"000000009598E9A20E04F041B38518182890A2D50100CB7D9B6512D7374A860FE542D57703920000012167070000"	"\Divisions\PD\Substation Denver\123071 Sunnyslope"
"000000009598E9A20E04F041B38518182890A2D501001953B16A689BCD4AA8FC82955DB27CB1000001679D060000"	"\Divisions\PD\Substation Denver\124064 AEP Breaker Replacements\Proctorville"
"000000009598E9A20E04F041B38518182890A2D501001953B16A689BCD4AA8FC82955DB27CB1000001CB2A110000"	"\Divisions\PD\Substation Denver\124737 GIST3 Xcel PSCO Line Rating AnalysisING ANY"
"000000009598E9A20E04F041B38518182890A2D50100A3DF33FCC9BD1644BD14FCA330AA978500000E9B1CEE0000"	"\Divisions\PD\Substation Denver\125723 NO CALIF PUMP REPLACEMENT"
"000000009598E9A20E04F041B38518182890A2D50100A3DF33FCC9BD1644BD14FCA330AA9785000016F8D47A0000"	"\Divisions\PD\Substation Denver\126554 LEA COUNTY REMOVAL"
"000000009598E9A20E04F041B38518182890A2D50100A3DF33FCC9BD1644BD14FCA330AA97850000177826470000"	"\Divisions\PD\Substation Denver\127445 MIDLAND"
"000000009598E9A20E04F041B38518182890A2D50100A3DF33FCC9BD1644BD14FCA330AA9785000017EDB3140000"	"\Divisions\PD\Substation Denver\128199 Prairie LCU Replacement"
"000000009598E9A20E04F041B38518182890A2D50100A3DF33FCC9BD1644BD14FCA330AA9785000018BCC4080000"	"\Divisions\PD\Substation Denver\128954 LAWRENCE SUBSTN CONTROL DSN"
"000000009598E9A20E04F041B38518182890A2D50100A3DF33FCC9BD1644BD14FCA330AA97850000197ACBC90000"	"\Divisions\PD\Substation Denver\129646 SPEARMAN TRANSF UPGD PTE"
"000000009598E9A20E04F041B38518182890A2D50100A3DF33FCC9BD1644BD14FCA330AA978500001B365C960000"	"\Divisions\PD\Substation Denver\131919 SPS COCHRAN-HOCKLEY SCOPE EST"
"000000009598E9A20E04F041B38518182890A2D50100F3BCE3A574023B4482F2E427B5A3121800004EB471A70000"	"\Divisions\PD\Substation Denver\132855 Commissioning Tech"
"000000009598E9A20E04F041B38518182890A2D50100A3DF33FCC9BD1644BD14FCA330AA978500001D2993730000"	"\Divisions\PD\Substation Denver\133491 ROSEAU-RPLCE TLPRTCTN 500KV"
"000000009598E9A20E04F041B38518182890A2D50100A3DF33FCC9BD1644BD14FCA330AA978500001DD50ED10000"	"\Divisions\PD\Substation Denver\134556 SUB MICROWAVE TOWER UPGRADES"
"000000009598E9A20E04F041B38518182890A2D50100A3DF33FCC9BD1644BD14FCA330AA978500001F2C1A660000"	"\Divisions\PD\Substation Denver\135938 ADAMS 50MVAR REACTOR #10"
"000000009598E9A20E04F041B38518182890A2D50100A3DF33FCC9BD1644BD14FCA330AA9785000020247B4F0000"	"\Divisions\PD\Substation Denver\136481 LAMAR 345 - CIP NETWORK"
"000000009598E9A20E04F041B38518182890A2D50100A3DF33FCC9BD1644BD14FCA330AA978500002064E2050000"	"\Divisions\PD\Substation Denver\136624 FIELDON - CIP-5 UPGRADES"
"000000009598E9A20E04F041B38518182890A2D50100A3DF33FCC9BD1644BD14FCA330AA97850000228312150000"	"\Divisions\PD\Substation Denver\137172 SPS TX"
"000000009598E9A20E04F041B38518182890A2D50100A3DF33FCC9BD1644BD14FCA330AA97850000270C53200000"	"\Divisions\PD\Substation Denver\137486 Canyon West"
"000000009598E9A20E04F041B38518182890A2D50100F3BCE3A574023B4482F2E427B5A3121800004EB4718E0000"	"\Divisions\PD\Substation Denver\137903 Graham"
"000000009598E9A20E04F041B38518182890A2D50100A3DF33FCC9BD1644BD14FCA330AA97850000224E59870000"	"\Divisions\PD\Substation Denver\138063 ONALASKA - FRAME RLY RPLC NSP"
"000000009598E9A20E04F041B38518182890A2D50100A3DF33FCC9BD1644BD14FCA330AA978500002261FFA10000"	"\Divisions\PD\Substation Denver\138111 PIPESTONE- FRAME RLY RPLC NSP"
"000000009598E9A20E04F041B38518182890A2D50100A3DF33FCC9BD1644BD14FCA330AA97850000226875F60000"	"\Divisions\PD\Substation Denver\138145 COULEE - FRAME RLY RPLC NSP"
"000000009598E9A20E04F041B38518182890A2D50100A3DF33FCC9BD1644BD14FCA330AA978500002268FF8E0000"	"\Divisions\PD\Substation Denver\138169 KING PLNT- FRAME RLY RPLC NSP"
"000000009598E9A20E04F041B38518182890A2D50100A3DF33FCC9BD1644BD14FCA330AA97850000226920970000"	"\Divisions\PD\Substation Denver\138185 HIGH BRIDGE-FRAME RLY RPLC NSP"
"000000009598E9A20E04F041B38518182890A2D50100A3DF33FCC9BD1644BD14FCA330AA97850000226EF7EE0000"	"\Divisions\PD\Substation Denver\138203 PANTHER - FRAME RLY RPLC NSP"
"000000009598E9A20E04F041B38518182890A2D50100A3DF33FCC9BD1644BD14FCA330AA97850000226EF8320000"	"\Divisions\PD\Substation Denver\138221 AVON - FRAME RLY RPLC NSP"
"000000009598E9A20E04F041B38518182890A2D50100A3DF33FCC9BD1644BD14FCA330AA978500002274EE680000"	"\Divisions\PD\Substation Denver\138256 KELSO - FRAME RLY RPLC NSP"
"000000009598E9A20E04F041B38518182890A2D50100A3DF33FCC9BD1644BD14FCA330AA978500002274EF1F0000"	"\Divisions\PD\Substation Denver\138271 W. NEW ULM-FRAME RLY RPLC NSP"
"000000009598E9A20E04F041B38518182890A2D50100A3DF33FCC9BD1644BD14FCA330AA978500002274F37E0000"	"\Divisions\PD\Substation Denver\138286 MARSHLAND - FRAME RLY RPLC NSP"
"000000009598E9A20E04F041B38518182890A2D50100A3DF33FCC9BD1644BD14FCA330AA978500002274F6930000"	"\Divisions\PD\Substation Denver\138306 VIKING - FRAME RLY RPLC NSP"
"000000009598E9A20E04F041B38518182890A2D50100A3DF33FCC9BD1644BD14FCA330AA978500002274F6CB0000"	"\Divisions\PD\Substation Denver\138327 RED ROCK - FRAME RLY RPLC NSP"
"000000009598E9A20E04F041B38518182890A2D50100A3DF33FCC9BD1644BD14FCA330AA978500002274F7660000"	"\Divisions\PD\Substation Denver\138344 W.WACONIA - FRAME RLY RPLC NSP"
"000000009598E9A20E04F041B38518182890A2D50100A3DF33FCC9BD1644BD14FCA330AA978500002914FBDE0000"	"\Divisions\PD\Substation Denver\138384 Muleshoe"
"000000009598E9A20E04F041B38518182890A2D50100A3DF33FCC9BD1644BD14FCA330AA978500002285740C0000"	"\Divisions\PD\Substation Denver\138436 OSSEO - FRAME RLY RPLC NSP"
"000000009598E9A20E04F041B38518182890A2D50100A3DF33FCC9BD1644BD14FCA330AA978500002343B8950000"	"\Divisions\PD\Substation Denver\138644 SMOKY HILL-CIP V5 FIELD AUDIT"
"000000009598E9A20E04F041B38518182890A2D50100A3DF33FCC9BD1644BD14FCA330AA978500002561F2990000"	"\Divisions\PD\Substation Denver\139721 ADAMS-RPLCE FAILED 13.8KV RCTR"
"000000009598E9A20E04F041B38518182890A2D50100A3DF33FCC9BD1644BD14FCA330AA978500002723B7EB0000"	"\Divisions\PD\Substation Denver\140632 S FARIBAULT-FRAME RLY RPLC NSP"
"000000009598E9A20E04F041B38518182890A2D50100A3DF33FCC9BD1644BD14FCA330AA978500002AB0F09A0000"	"\Divisions\PD\Substation Denver\142001 COTTAGE GRVE -FRME RLY NSP"
"000000009598E9A20E04F041B38518182890A2D50100A3DF33FCC9BD1644BD14FCA330AA978500002B9EF4890000"	"\Divisions\PD\Substation Denver\142380 GI-2014-13 FACILITY STUDY"
"000000009598E9A20E04F041B38518182890A2D5010012225CC57BF01F4EA8CCA87A792FF35F00004331C9B30000"	"\Divisions\PD\Substation Denver\143035 Capitan"
"000000009598E9A20E04F041B38518182890A2D5010012225CC57BF01F4EA8CCA87A792FF35F000027EE5ACA0000"	"\Divisions\PD\Substation Denver\143790 LYNN SUB- FRAME RLY REPLAC NSP"
"000000009598E9A20E04F041B38518182890A2D5010012225CC57BF01F4EA8CCA87A792FF35F00003452E6520000"	"\Divisions\PD\Substation Denver\144058 MARTIN SUB- BATTERY RPLCEMNT"
"000000009598E9A20E04F041B38518182890A2D5010012225CC57BF01F4EA8CCA87A792FF35F00005BADA0040000"	"\Divisions\PD\Substation Denver\144619 BROADWAY- NSP FRAME RLY RPLC"
"000000009598E9A20E04F041B38518182890A2D5010012225CC57BF01F4EA8CCA87A792FF35F00008C3235E40000"	"\Divisions\PD\Substation Denver\145460 QUAHADA 115-PCA TAM PRECOMM"
"000000009598E9A20E04F041B38518182890A2D5010012225CC57BF01F4EA8CCA87A792FF35F0000FFBD37CA0000"	"\Divisions\PD\Substation Denver\147969 NSPM TRANSMISSION SUB EST"
"000000009598E9A20E04F041B38518182890A2D5010012225CC57BF01F4EA8CCA87A792FF35F00013250E0510000"	"\Divisions\PD\Substation Denver\149088 PHILPOT SW A15054007"
"000000009598E9A20E04F041B38518182890A2D5010012225CC57BF01F4EA8CCA87A792FF35F000178961AAD0000"	"\Divisions\PD\Substation Denver\150956 BLACK DOG- AUX SW CNTCT INSTLL"
"000000009598E9A20E04F041B38518182890A2D5010012225CC57BF01F4EA8CCA87A792FF35F0002155D68FD0000"	"\Divisions\PD\Substation Denver\154622 STEEP BANK LAKE - COMM"
"000000009598E9A20E04F041B38518182890A2D5010012225CC57BF01F4EA8CCA87A792FF35F0003D6AD7A990000"	"\Divisions\PD\Substation Denver\155988 PAWNEE DFR UPGRADE\DFR\Materials"
"000000009598E9A20E04F041B38518182890A2D5010012225CC57BF01F4EA8CCA87A792FF35F0002771382330000"	"\Divisions\PD\Substation Denver\156865 P-ST VRAIN DFR UPGRADE"
"000000009598E9A20E04F041B38518182890A2D5010012225CC57BF01F4EA8CCA87A792FF35F00027FE68E440000"	"\Divisions\PD\Substation Denver\157186 P- CRYSTAL FAN"
"000000009598E9A20E04F041B38518182890A2D5010012225CC57BF01F4EA8CCA87A792FF35F00028774B29D0000"	"\Divisions\PD\Substation Denver\157449 N-SOUTHTOWN FAN-HDR"
"000000009598E9A20E04F041B38518182890A2D5010012225CC57BF01F4EA8CCA87A792FF35F000297759EB90000"	"\Divisions\PD\Substation Denver\157778 N-WISSOTA-69KV RLY-HDR"
"000000009598E9A20E04F041B38518182890A2D5010012225CC57BF01F4EA8CCA87A792FF35F0002A9804DFA0000"	"\Divisions\PD\Substation Denver\158378 N-CUMBERLAND RPL BKR CUM81 HDR"
"000000009598E9A20E04F041B38518182890A2D5010012225CC57BF01F4EA8CCA87A792FF35F0002B34678430000"	"\Divisions\PD\Substation Denver\158579 N-GOOSE LAKE SECURITY COMM HDR"
"000000009598E9A20E04F041B38518182890A2D5010012225CC57BF01F4EA8CCA87A792FF35F0002D18D62710000"	"\Divisions\PD\Substation Denver\159271 P-ADMS DATA COLLECTION"
"000000009598E9A20E04F041B38518182890A2D5010012225CC57BF01F4EA8CCA87A792FF35F0002D18D62C50000"	"\Divisions\PD\Substation Denver\159495 N-RED CEDAR SUB-SEC COMM-HDR"
"000000009598E9A20E04F041B38518182890A2D5010012225CC57BF01F4EA8CCA87A792FF35F0002E086C8490000"	"\Divisions\PD\Substation Denver\159791 N-ST CLOUD CSG353 RELAY-HDR"
"000000009598E9A20E04F041B38518182890A2D5010012225CC57BF01F4EA8CCA87A792FF35F0002F0691D7E0000"	"\Divisions\PD\Substation Denver\160170 S-ROADRUNNER SPARE NO 2 REV"
"000000009598E9A20E04F041B38518182890A2D5010012225CC57BF01F4EA8CCA87A792FF35F0003061381DF0000"	"\Divisions\PD\Substation Denver\160757 N-BAY CITY BAY21 SPE HDR"
"000000009598E9A20E04F041B38518182890A2D5010012225CC57BF01F4EA8CCA87A792FF35F0003249DFC830000"	"\Divisions\PD\Substation Denver\161487 N-WOB CSG375-WOB021-SOLAR GRDN"
"000000009598E9A20E04F041B38518182890A2D501006C95E27D1ACA634AA1AADC20796388DD000000E56D330000"	"\Divisions\PD\Substation Denver\Lake Benton"
"000000009598E9A20E04F041B38518182890A2D50100A3DF33FCC9BD1644BD14FCA330AA9785000025F3EAEA0000"	"\Divisions\PD\Substation Fort Mill\139500 - Antares"
"000000009598E9A20E04F041B38518182890A2D501001296C725372D7F4B86B758A22EA3141B0000000C19320000"	"\Divisions\PD\Substation Freeport\Inactive File"
"000000009598E9A20E04F041B38518182890A2D501001296C725372D7F4B86B758A22EA3141B00000022D65D0000"	"\Divisions\PD\Substation Freeport\Inactive File\104895_PSNH_Scobie Review\Legal"
"000000009598E9A20E04F041B38518182890A2D501001296C725372D7F4B86B758A22EA3141B0000001FACA90000"	"\Divisions\PD\Substation Freeport\Inactive File\105654_GLHA_CrossPwr"
"000000009598E9A20E04F041B38518182890A2D501001296C725372D7F4B86B758A22EA3141B000000108A7C0000"	"\Divisions\PD\Substation Freeport\Inactive File\106097-Weldon"
"000000009598E9A20E04F041B38518182890A2D501001296C725372D7F4B86B758A22EA3141B0000001463AB0000"	"\Divisions\PD\Substation Freeport\Inactive File\106XXX_PSNH_Madbury\Enviro"
"000000009598E9A20E04F041B38518182890A2D501001296C725372D7F4B86B758A22EA3141B0000001634B00000"	"\Divisions\PD\Substation Freeport\Inactive File\106XXX_PSNH_Madbury\Spec\ConstructionAddendum"
"000000009598E9A20E04F041B38518182890A2D501001296C725372D7F4B86B758A22EA3141B00000022D5DD0000"	"\Divisions\PD\Substation Freeport\Inactive File\108042_TXU_South_Brownwood\Environmental"
"000000009598E9A20E04F041B38518182890A2D501001296C725372D7F4B86B758A22EA3141B0000001E25610000"	"\Divisions\PD\Substation Freeport\Inactive File\108055_PWR_Advocate"
"000000009598E9A20E04F041B38518182890A2D501001296C725372D7F4B86B758A22EA3141B00000022D6030000"	"\Divisions\PD\Substation Freeport\Inactive File\108166_TXU_Dublin\Public Information"
"000000009598E9A20E04F041B38518182890A2D501001296C725372D7F4B86B758A22EA3141B00000022D63C0000"	"\Divisions\PD\Substation Freeport\Inactive File\108556_Centerpoint_Webster\GIS"
"000000009598E9A20E04F041B38518182890A2D501001296C725372D7F4B86B758A22EA3141B00000022D61E0000"	"\Divisions\PD\Substation Freeport\Inactive File\108557_Centerpoint_Freeport\Accounting"
"000000009598E9A20E04F041B38518182890A2D501001296C725372D7F4B86B758A22EA3141B00000022D62D0000"	"\Divisions\PD\Substation Freeport\Inactive File\108557_Centerpoint_Freeport\Right-of-Way"
"000000009598E9A20E04F041B38518182890A2D501001296C725372D7F4B86B758A22EA3141B00000026BFB50000"	"\Divisions\PD\Substation Freeport\Inactive File\108954_TXU_Celina_Switch\Drawings"
"000000009598E9A20E04F041B38518182890A2D501001296C725372D7F4B86B758A22EA3141B00000026BFC40000"	"\Divisions\PD\Substation Freeport\Inactive File\108954_TXU_Celina_Switch\Survey"
"000000009598E9A20E04F041B38518182890A2D50100E34BFE500669CD49AC2E27C6C54DE39D0000004083D30000"	"\Divisions\PD\Substation Freeport\Inactive File\109947_CMP_ScarOOBLine\109947 Saco  Bay Prelim & MPUC\Data Requests\Completed Responses"
"000000009598E9A20E04F041B38518182890A2D50100E34BFE500669CD49AC2E27C6C54DE39D0000004083E20000"	"\Divisions\PD\Substation Freeport\Inactive File\109947_CMP_ScarOOBLine\109947 Saco  Bay Prelim & MPUC\MPUC Hearings\20070907_Cannata Requests"
"000000009598E9A20E04F041B38518182890A2D50100E34BFE500669CD49AC2E27C6C54DE39D0000004083F10000"	"\Divisions\PD\Substation Freeport\Inactive File\109947_CMP_ScarOOBLine\109947 Saco  Bay Prelim & MPUC\Schedule"
"000000009598E9A20E04F041B38518182890A2D501001296C725372D7F4B86B758A22EA3141B0000005D20600000"	"\Divisions\PD\Substation Freeport\Inactive File\109947_CMP_ScarOOBLine1\109947 Saco  Bay Prelim & MPUC\Data Requests\Completed Responses"
"000000009598E9A20E04F041B38518182890A2D501001296C725372D7F4B86B758A22EA3141B000000635F180000"	"\Divisions\PD\Substation Freeport\Inactive File\109947_CMP_ScarOOBLine1\109947 Saco  Bay Prelim & MPUC\MPUC Hearings\20070907_Cannata Requests"
"000000009598E9A20E04F041B38518182890A2D501001296C725372D7F4B86B758A22EA3141B0000005D20740000"	"\Divisions\PD\Substation Freeport\Inactive File\109947_CMP_ScarOOBLine1\109947 Saco  Bay Prelim & MPUC\Schedule"
"000000009598E9A20E04F041B38518182890A2D501001296C725372D7F4B86B758A22EA3141B0000003FFB870000"	"\Divisions\PD\Substation Freeport\Inactive File\111112_CMP_ForestAveSS"
"000000009598E9A20E04F041B38518182890A2D501001296C725372D7F4B86B758A22EA3141B0000006C992D0000"	"\Divisions\PD\Substation Freeport\Inactive File\113438_RumfordIP"
"000000009598E9A20E04F041B38518182890A2D501001296C725372D7F4B86B758A22EA3141B0000001C65AE0000"	"\Divisions\PD\Substation Freeport\Inactive File\90_011_TXU_General"
"000000009598E9A20E04F041B38518182890A2D501001953B16A689BCD4AA8FC82955DB27CB1000000A278830000"	"\Divisions\PD\Substation Freeport\Inactive File\CLOSED_109947_CMP_ScarOOBLine\109947 Saco  Bay Prelim & MPUC\Data Requests\Collins ODR-01"
"000000009598E9A20E04F041B38518182890A2D501001953B16A689BCD4AA8FC82955DB27CB1000000A278920000"	"\Divisions\PD\Substation Freeport\Inactive File\CLOSED_109947_CMP_ScarOOBLine\109947 Saco  Bay Prelim & MPUC\MPUC Hearings"
"000000009598E9A20E04F041B38518182890A2D501001953B16A689BCD4AA8FC82955DB27CB1000000A278A10000"	"\Divisions\PD\Substation Freeport\Inactive File\CLOSED_109947_CMP_ScarOOBLine\109947 Saco  Bay Prelim & MPUC\OEST Invoice"
"000000009598E9A20E04F041B38518182890A2D501001953B16A689BCD4AA8FC82955DB27CB1000000A278B00000"	"\Divisions\PD\Substation Freeport\Inactive File\CLOSED_109947_CMP_ScarOOBLine1\109947 Saco  Bay Prelim & MPUC\Data Requests\Collins ODR-01"
"000000009598E9A20E04F041B38518182890A2D501001953B16A689BCD4AA8FC82955DB27CB1000000A278BF0000"	"\Divisions\PD\Substation Freeport\Inactive File\CLOSED_109947_CMP_ScarOOBLine1\109947 Saco  Bay Prelim & MPUC\MPUC Hearings"
"000000009598E9A20E04F041B38518182890A2D501001953B16A689BCD4AA8FC82955DB27CB1000000B63DA70000"	"\Divisions\PD\Substation Freeport\Inactive File\CLOSED_109947_CMP_ScarOOBLine1\109947 Saco  Bay Prelim & MPUC\OEST Invoice"
"000000009598E9A20E04F041B38518182890A2D501001953B16A689BCD4AA8FC82955DB27CB1000000B63DB70000"	"\Divisions\PD\Substation Freeport\Inactive File\CLOSED_112284_CMP_HeywoodRoad \Heywood"
"000000009598E9A20E04F041B38518182890A2D501001953B16A689BCD4AA8FC82955DB27CB1000000B63DC20000"	"\Divisions\PD\Substation Freeport\Inactive File\CLOSED_115571_Scobie Pond 631 Breaker Changeout"
"000000009598E9A20E04F041B38518182890A2D501001296C725372D7F4B86B758A22EA3141B0000000AB5F20000"	"\Divisions\PD\Substation Freeport\Inactive File\NStar Sta 980 Breaker Support"
"000000009598E9A20E04F041B38518182890A2D501001296C725372D7F4B86B758A22EA3141B0000000A4DB30000"	"\Divisions\PD\Substation Freeport\Projects"
"000000009598E9A20E04F041B38518182890A2D501001953B16A689BCD4AA8FC82955DB27CB10000017F50D60000"	"\Divisions\PD\Substation Freeport\Projects\113552_South_GorhamPART2"
"000000009598E9A20E04F041B38518182890A2D5010012225CC57BF01F4EA8CCA87A792FF35F000045BC484F0000"	"\Divisions\PD\Substation Freeport\Projects\116920_ONCOR_FRE_Tyler(CLOSED)\116310_Scobie Pond 4th Autotransformer"
"000000009598E9A20E04F041B38518182890A2D50100A3DF33FCC9BD1644BD14FCA330AA97850000201CFA830000"	"\Divisions\PD\Substation Freeport\Projects\122452_South_Meadow(CLOSED)\122477_Card_Street"
"000000009598E9A20E04F041B38518182890A2D50100A3DF33FCC9BD1644BD14FCA330AA9785000016FB26440000"	"\Divisions\PD\Substation Freeport\Projects\126499_Fitzwilliam"
"000000009598E9A20E04F041B38518182890A2D50100A3DF33FCC9BD1644BD14FCA330AA9785000019C012970000"	"\Divisions\PD\Substation Freeport\Projects\130240_CL&P_Devon_RR"
"000000009598E9A20E04F041B38518182890A2D50100A3DF33FCC9BD1644BD14FCA330AA978500001DEC73B20000"	"\Divisions\PD\Substation Freeport\Projects\1333329_Oncor_Calmont"
"000000009598E9A20E04F041B38518182890A2D50100A3DF33FCC9BD1644BD14FCA330AA978500001EE104750000"	"\Divisions\PD\Substation Freeport\Projects\134351_GVEC_CMC"
"000000009598E9A20E04F041B38518182890A2D50100A3DF33FCC9BD1644BD14FCA330AA97850000216E20CD0000"	"\Divisions\PD\Substation Freeport\Projects\135212_NGRID_Meadowbrook_No_2_Upgrades"
"000000009598E9A20E04F041B38518182890A2D50100A3DF33FCC9BD1644BD14FCA330AA97850000201377250000"	"\Divisions\PD\Substation Freeport\Projects\136371_CL&P_Mystic_13K_Final_Design"
"000000009598E9A20E04F041B38518182890A2D50100A3DF33FCC9BD1644BD14FCA330AA97850000223697030000"	"\Divisions\PD\Substation Freeport\Projects\137751_GVEC_DEER_CREEk"
"000000009598E9A20E04F041B38518182890A2D50100A3DF33FCC9BD1644BD14FCA330AA9785000023F984250000"	"\Divisions\PD\Substation Freeport\Projects\139187_MSA_Teall_Ave"
"000000009598E9A20E04F041B38518182890A2D50100A3DF33FCC9BD1644BD14FCA330AA9785000028637F950000"	"\Divisions\PD\Substation Freeport\Projects\140920_CLP_Triangle_Pumping_Plant"
"000000009598E9A20E04F041B38518182890A2D50100A3DF33FCC9BD1644BD14FCA330AA978500002BCF5C150000"	"\Divisions\PD\Substation Freeport\Projects\142476_CMP-S/S_RFP_Development_I"
"000000009598E9A20E04F041B38518182890A2D5010012225CC57BF01F4EA8CCA87A792FF35F00004480C31A0000"	"\Divisions\PD\Substation Freeport\Projects\144333_PSNH-Webster-REL 512 ENG"
"000000009598E9A20E04F041B38518182890A2D5010012225CC57BF01F4EA8CCA87A792FF35F0000983552090000"	"\Divisions\PD\Substation Freeport\Projects\145688_Oncor_FRE_Bear_Creek"
"000000009598E9A20E04F041B38518182890A2D5010012225CC57BF01F4EA8CCA87A792FF35F0001433E2E7B0000"	"\Divisions\PD\Substation Freeport\Projects\146788_AEP_Lon_Hill"
"000000009598E9A20E04F041B38518182890A2D5010012225CC57BF01F4EA8CCA87A792FF35F00016AA4C3A00000"	"\Divisions\PD\Substation Freeport\Projects\149122_AEP_West_New_Philadelphia"
"000000009598E9A20E04F041B38518182890A2D501001296C725372D7F4B86B758A22EA3141B000000131DE10000"	"\Divisions\PD\Substation Freeport\Proposals\000000-Natl_Grid_No_Bid"
"000000009598E9A20E04F041B38518182890A2D501001296C725372D7F4B86B758A22EA3141B0000001666DF0000"	"\Divisions\PD\Substation Freeport\Proposals\107153_NG_SVC"
"000000009598E9A20E04F041B38518182890A2D501001296C725372D7F4B86B758A22EA3141B0000002BBBE90000"	"\Divisions\PD\Substation Freeport\Proposals\109530_VELCO_Substations"
"000000009598E9A20E04F041B38518182890A2D501001296C725372D7F4B86B758A22EA3141B0000000AB67F0000"	"\Divisions\PD\Substation Freeport\Proposals\NUSCO - Noera 13H"
"000000009598E9A20E04F041B38518182890A2D501001296C725372D7F4B86B758A22EA3141B00000053BDAE0000"	"\Divisions\PD\Substation Hailey\00-DMS Upload"
"000000009598E9A20E04F041B38518182890A2D5010012225CC57BF01F4EA8CCA87A792FF35F00036265AA8F0000"	"\Divisions\PD\Substation Hailey\161747 - Sulphur Springs\01.10 Ramsey"
"000000009598E9A20E04F041B38518182890A2D5010012225CC57BF01F4EA8CCA87A792FF35F0003A80873AC0000"	"\Divisions\PD\Substation Hailey\165468 - Waco West 39685"
"000000009598E9A20E04F041B38518182890A2D5010012225CC57BF01F4EA8CCA87A792FF35F00044E0684560000"	"\Divisions\PD\Substation Hailey\170183 - Trinidad 43824"
"000000009598E9A20E04F041B38518182890A2D5010012225CC57BF01F4EA8CCA87A792FF35F0005CDC2D3510000"	"\Divisions\PD\Substation Hailey\177064 - Handley 44167"
"000000009598E9A20E04F041B38518182890A2D5010012225CC57BF01F4EA8CCA87A792FF35F00059D072BA00000"	"\Divisions\PD\Substation Hailey\180339 - Killeen Elms Road 48904"
"000000009598E9A20E04F041B38518182890A2D5010012225CC57BF01F4EA8CCA87A792FF35F000636B4DBB40000"	"\Divisions\PD\Substation Hailey\241961 - Temple Pecan Creek Switch 50194"
"000000009598E9A20E04F041B38518182890A2D5010012225CC57BF01F4EA8CCA87A792FF35F0006E1243D260000"	"\Divisions\PD\Substation Hailey\247898 - Red Hill Switch"
"000000009598E9A20E04F041B38518182890A2D5010012225CC57BF01F4EA8CCA87A792FF35F000503E9D1180000"	"\Divisions\PD\Substation Hailey\NUD Oncor TRP 2022"
"000000009598E9A20E04F041B38518182890A2D5010012225CC57BF01F4EA8CCA87A792FF35F0003ED4070C20000"	"\Divisions\PD\Substation Hailey\Waco West"
"000000009598E9A20E04F041B38518182890A2D5010012225CC57BF01F4EA8CCA87A792FF35F000170BE73A20000"	"\Divisions\PD\Substation Hamilton\139006\PROCORE"
"000000009598E9A20E04F041B38518182890A2D5010012225CC57BF01F4EA8CCA87A792FF35F00005BEAA7FC0000"	"\Divisions\PD\Substation Hamilton\144643"
"000000009598E9A20E04F041B38518182890A2D50100E34BFE500669CD49AC2E27C6C54DE39D000000383EBB0000"	"\Divisions\PD\Substation Houston\00-BD_Proposals\121218_LCRA_ Big Hill"
"000000009598E9A20E04F041B38518182890A2D501001296C725372D7F4B86B758A22EA3141B0000003CF71C0000"	"\Divisions\PD\Substation Houston\00-DMS and R: Drive Upload"
"000000009598E9A20E04F041B38518182890A2D50100E34BFE500669CD49AC2E27C6C54DE39D0000001E36A40000"	"\Divisions\PD\Substation Houston\01-General Oncor Information\00 CLOSED PROJECTS\Bowie_110117_WA06T62154"
"000000009598E9A20E04F041B38518182890A2D50100E34BFE500669CD49AC2E27C6C54DE39D0000000AFCC30000"	"\Divisions\PD\Substation Houston\01-General Oncor Information\00 CLOSED PROJECTS\STL Comanche Peak WA06T62026 (109442)"
"000000009598E9A20E04F041B38518182890A2D50100E34BFE500669CD49AC2E27C6C54DE39D0000002A35480000"	"\Divisions\PD\Substation Houston\01-General Oncor Information\00 CONTACTS"
"000000009598E9A20E04F041B38518182890A2D50100E34BFE500669CD49AC2E27C6C54DE39D0000000D59E10000"	"\Divisions\PD\Substation Houston\01-General Oncor Information\00 LEAD TIMES and SCHEDULES\USCO"
"000000009598E9A20E04F041B38518182890A2D50100E34BFE500669CD49AC2E27C6C54DE39D000000171D260000"	"\Divisions\PD\Substation Houston\01-General Oncor Information\00 REPORTS\Monthly Reports"
"000000009598E9A20E04F041B38518182890A2D50100E34BFE500669CD49AC2E27C6C54DE39D0000002A34D50000"	"\Divisions\PD\Substation Houston\01-General Oncor Information\FORT WORTH PROJECTS\As-Built Report"
"000000009598E9A20E04F041B38518182890A2D50100E34BFE500669CD49AC2E27C6C54DE39D00000025D3CA0000"	"\Divisions\PD\Substation Houston\118132_Oncor_Allen_Sw_10T65051"
"000000009598E9A20E04F041B38518182890A2D50100E34BFE500669CD49AC2E27C6C54DE39D00000043103B0000"	"\Divisions\PD\Substation Houston\122897_GVEC_Wilson"
"000000009598E9A20E04F041B38518182890A2D501001953B16A689BCD4AA8FC82955DB27CB10000015F7B550000"	"\Divisions\PD\Substation Houston\124309_Oncor_Kirkland_Park_WA11T65305"
"000000009598E9A20E04F041B38518182890A2D50100A3DF33FCC9BD1644BD14FCA330AA978500001D7C6E000000"	"\Divisions\PD\Substation Houston\124854 Navarro Addl pst"
"000000009598E9A20E04F041B38518182890A2D50100A3DF33FCC9BD1644BD14FCA330AA97850000184A4BAB0000"	"\Divisions\PD\Substation Houston\126648_GVEC_Smiley"
"000000009598E9A20E04F041B38518182890A2D50100A3DF33FCC9BD1644BD14FCA330AA97850000177396660000"	"\Divisions\PD\Substation Houston\127749_Forest_Hill_WA12T62320"
"000000009598E9A20E04F041B38518182890A2D50100A3DF33FCC9BD1644BD14FCA330AA978500001F4629230000"	"\Divisions\PD\Substation Houston\127860_AEP_Grundy_33962"
"000000009598E9A20E04F041B38518182890A2D50100A3DF33FCC9BD1644BD14FCA330AA978500001B27AA8F0000"	"\Divisions\PD\Substation Houston\129460_Gvec_McQueeney"
"000000009598E9A20E04F041B38518182890A2D50100A3DF33FCC9BD1644BD14FCA330AA9785000019ABE1310000"	"\Divisions\PD\Substation Houston\130229_Oncor_Andrews_Mod_WA13T63107"
"000000009598E9A20E04F041B38518182890A2D50100A3DF33FCC9BD1644BD14FCA330AA9785000019CF49B70000"	"\Divisions\PD\Substation Houston\130613_Xcel_Plainview_N_RTU_11836736"
"000000009598E9A20E04F041B38518182890A2D50100A3DF33FCC9BD1644BD14FCA330AA978500001B75CC2A0000"	"\Divisions\PD\Substation Houston\132052_Oncor_Hillsboro_14T64006"
"000000009598E9A20E04F041B38518182890A2D50100A3DF33FCC9BD1644BD14FCA330AA97850000260D0A2D0000"	"\Divisions\PD\Substation Houston\132134_AEP_Southridge_Station_38313\MATERIAL"
"000000009598E9A20E04F041B38518182890A2D50100A3DF33FCC9BD1644BD14FCA330AA978500001CC49EA50000"	"\Divisions\PD\Substation Houston\132613_AEP_Hewett_Station_37669"
"000000009598E9A20E04F041B38518182890A2D50100A3DF33FCC9BD1644BD14FCA330AA97850000253FB51D0000"	"\Divisions\PD\Substation Houston\133637_AEP_West Canton_34380\MATERIAL"
"000000009598E9A20E04F041B38518182890A2D50100A3DF33FCC9BD1644BD14FCA330AA97850000253FD0B70000"	"\Divisions\PD\Substation Houston\134058_AEP_LON HILL-PH3_42164840_PVID 35756"
"000000009598E9A20E04F041B38518182890A2D50100A3DF33FCC9BD1644BD14FCA330AA978500001DDF55DF0000"	"\Divisions\PD\Substation Houston\134627_Oncor_Eskota SW_WA#15T63010"
"000000009598E9A20E04F041B38518182890A2D50100A3DF33FCC9BD1644BD14FCA330AA978500001F14679A0000"	"\Divisions\PD\Substation Houston\135754_Transelec Substation"
"000000009598E9A20E04F041B38518182890A2D50100F3BCE3A574023B4482F2E427B5A3121800004D8BAC5A0000"	"\Divisions\PD\Substation Houston\136758_ Plainview City Demolition DCP"
"000000009598E9A20E04F041B38518182890A2D50100A3DF33FCC9BD1644BD14FCA330AA9785000021E7593A0000"	"\Divisions\PD\Substation Houston\137831_Xcel_East Plant - Pre-Commissioning"
"000000009598E9A20E04F041B38518182890A2D50100A3DF33FCC9BD1644BD14FCA330AA978500002357EA450000"	"\Divisions\PD\Substation Houston\138811_Xcel_Plant X-Pre-Commissioning"
"000000009598E9A20E04F041B38518182890A2D50100A3DF33FCC9BD1644BD14FCA330AA9785000024A19C550000"	"\Divisions\PD\Substation Houston\139468_Oncor_Lake Hubbard_WA#"
"000000009598E9A20E04F041B38518182890A2D50100A3DF33FCC9BD1644BD14FCA330AA9785000025A761C60000"	"\Divisions\PD\Substation Houston\139989_Oncor_Southeast Sub Rebld_WA# TBD"
"000000009598E9A20E04F041B38518182890A2D50100A3DF33FCC9BD1644BD14FCA330AA9785000027B463490000"	"\Divisions\PD\Substation Houston\140684_AEP_Telecom Ireland Rd_PVID#"
"000000009598E9A20E04F041B38518182890A2D50100A3DF33FCC9BD1644BD14FCA330AA9785000028290D0A0000"	"\Divisions\PD\Substation Houston\140944_Oncor_Morgan Crk Ln Term UPG_WA#16T63048"
"000000009598E9A20E04F041B38518182890A2D50100F3BCE3A574023B4482F2E427B5A3121800004EC0DDE60000"	"\Divisions\PD\Substation Houston\141227_AEP_Telecom Zunis_PVID# 14094"
"000000009598E9A20E04F041B38518182890A2D50100A3DF33FCC9BD1644BD14FCA330AA978500002A1CCBC50000"	"\Divisions\PD\Substation Houston\141743_Tyler West_WA# 16T64073"
"000000009598E9A20E04F041B38518182890A2D50100A3DF33FCC9BD1644BD14FCA330AA978500002BF02A130000"	"\Divisions\PD\Substation Houston\142338_Oncor_Lake Hubb Sw: 6 Fiber Conv"
"000000009598E9A20E04F041B38518182890A2D50100A3DF33FCC9BD1644BD14FCA330AA978500002C9873C70000"	"\Divisions\PD\Substation Houston\142913_AEP_Telecom Dueber Ave_PVID#13166"
"000000009598E9A20E04F041B38518182890A2D5010012225CC57BF01F4EA8CCA87A792FF35F00003452E6C60000"	"\Divisions\PD\Substation Houston\144061_Xcel_Coburn Crk 115-13.8kV Precomm"
"000000009598E9A20E04F041B38518182890A2D5010012225CC57BF01F4EA8CCA87A792FF35F000084D9B9F10000"	"\Divisions\PD\Substation Houston\145210_Oncor_Min Wells E. Sub: Rpl Dpu_WA#TBD"
"000000009598E9A20E04F041B38518182890A2D5010012225CC57BF01F4EA8CCA87A792FF35F000117D40FE30000"	"\Divisions\PD\Substation Houston\145805_Ameren_Forsyth Co. Hwy 20"
"000000009598E9A20E04F041B38518182890A2D5010012225CC57BF01F4EA8CCA87A792FF35F0000E78878980000"	"\Divisions\PD\Substation Houston\146842_Xcel_Randall County V04 Cmmssnng"
"000000009598E9A20E04F041B38518182890A2D5010012225CC57BF01F4EA8CCA87A792FF35F000101F10BB60000"	"\Divisions\PD\Substation Houston\147652_Oncor_Alkali Lake Sub - Xfmr #3"
"000000009598E9A20E04F041B38518182890A2D5010012225CC57BF01F4EA8CCA87A792FF35F0001433E2E890000"	"\Divisions\PD\Substation Houston\149240_Xcel_Yoakum 345/230kV Transformer"
"000000009598E9A20E04F041B38518182890A2D50100E34BFE500669CD49AC2E27C6C54DE39D00000018EF270000"	"\Divisions\PD\Substation Houston\CENTERPOINT\00 REPORTS"
"000000009598E9A20E04F041B38518182890A2D501001953B16A689BCD4AA8FC82955DB27CB10000010B9E6F0000"	"\Divisions\PD\Substation Houston\CLOSED_116741_Oncor_Hicks_12T62001\Breaker Go-By Drawings"
"000000009598E9A20E04F041B38518182890A2D501001953B16A689BCD4AA8FC82955DB27CB1000001F768EB0000"	"\Divisions\PD\Substation Houston\CLOSED_116741_Oncor_Hicks_12T62001\Project Story"
"000000009598E9A20E04F041B38518182890A2D50100A3DF33FCC9BD1644BD14FCA330AA978500001BF14D0F0000"	"\Divisions\PD\Substation Houston\CLOSED_116769_Oncor_Central_Bluff_WA10T63008\10T63008 MATERIAL\SWITCHES AND MOTOR OPS"
"000000009598E9A20E04F041B38518182890A2D50100E34BFE500669CD49AC2E27C6C54DE39D0000003149C70000"	"\Divisions\PD\Substation Houston\CLOSED_116940_Oncor_Dermott_WA11T63004\Budget"
"000000009598E9A20E04F041B38518182890A2D50100E34BFE500669CD49AC2E27C6C54DE39D0000002840EB0000"	"\Divisions\PD\Substation Houston\CLOSED_116940_Oncor_Dermott_WA11T63004\Schedules"
"000000009598E9A20E04F041B38518182890A2D50100A3DF33FCC9BD1644BD14FCA330AA97850000172A87F20000"	"\Divisions\PD\Substation Houston\CLOSED_117361_Oncor_Elm_Mott_09T64076\Material Orders"
"000000009598E9A20E04F041B38518182890A2D50100E34BFE500669CD49AC2E27C6C54DE39D00000028F4870000"	"\Divisions\PD\Substation Houston\CLOSED_118024_Oncor_Whitney_10T64077\moveup"
"000000009598E9A20E04F041B38518182890A2D50100E34BFE500669CD49AC2E27C6C54DE39D0000003499380000"	"\Divisions\PD\Substation Houston\CLOSED_119866_Oncor_Venus_WA11T65208\Material Order Forms"
"000000009598E9A20E04F041B38518182890A2D50100A3DF33FCC9BD1644BD14FCA330AA978500002537FECC0000"	"\Divisions\PD\Substation Houston\CLOSED_120034_Oncor_Ackerly"
"000000009598E9A20E04F041B38518182890A2D50100E34BFE500669CD49AC2E27C6C54DE39D0000003499A90000"	"\Divisions\PD\Substation Houston\CLOSED_120219 - Oncor_Cedar_Hill_WA10T65273"
"000000009598E9A20E04F041B38518182890A2D50100E34BFE500669CD49AC2E27C6C54DE39D0000003499390000"	"\Divisions\PD\Substation Houston\CLOSED_120775_Oncor_Mountain_Creek_10T65321"
"000000009598E9A20E04F041B38518182890A2D50100A3DF33FCC9BD1644BD14FCA330AA978500001BE7923D0000"	"\Divisions\PD\Substation Houston\CLOSED_121512_Oncor_Com Pk_Wolf Hollow_10T62307_Add to PST"
"000000009598E9A20E04F041B38518182890A2D50100A3DF33FCC9BD1644BD14FCA330AA978500001B8775FE0000"	"\Divisions\PD\Substation Houston\CLOSED_122955_Oncor_Killeen_12T64108"
"000000009598E9A20E04F041B38518182890A2D50100A3DF33FCC9BD1644BD14FCA330AA97850000257554780000"	"\Divisions\PD\Substation Houston\CLOSED_124257_Xcel_Randall Co_ADDL\230kV USCO Switches"
"000000009598E9A20E04F041B38518182890A2D50100A3DF33FCC9BD1644BD14FCA330AA978500000E6E555C0000"	"\Divisions\PD\Substation Houston\CLOSED_124610_Hutto_Sw_Stat_Add_XFMR#2_WA11T64186\Commodity Items"
"000000009598E9A20E04F041B38518182890A2D50100A3DF33FCC9BD1644BD14FCA330AA978500001726CB040000"	"\Divisions\PD\Substation Houston\CLOSED_126052_Norwood_Switch_Line_Term\FAR Reports"
"000000009598E9A20E04F041B38518182890A2D50100A3DF33FCC9BD1644BD14FCA330AA97850000175BAE9B0000"	"\Divisions\PD\Substation Houston\CLOSED_126640_138kV_Southwest_Orla_Poi_WA12T63166\Material Orders\07-25-12"
"000000009598E9A20E04F041B38518182890A2D50100A3DF33FCC9BD1644BD14FCA330AA978500001F29B2570000"	"\Divisions\PD\Substation Houston\CLOSED_135910_Xcel_Roosevelt"
"000000009598E9A20E04F041B38518182890A2D50100A3DF33FCC9BD1644BD14FCA330AA9785000015FE25CE0000"	"\Divisions\PD\Substation Houston\STEC"
"000000009598E9A20E04F041B38518182890A2D5010012225CC57BF01F4EA8CCA87A792FF35F0000D7BBE2A50000"	"\Divisions\PD\Substation Mt Laurel"
"000000009598E9A20E04F041B38518182890A2D5010012225CC57BF01F4EA8CCA87A792FF35F000027EE5AEE0000"	"\Divisions\PD\Substation Oradell\143841 - PPL Copperstone SS"
"000000009598E9A20E04F041B38518182890A2D50100E34BFE500669CD49AC2E27C6C54DE39D0000005C29FE0000"	"\Divisions\PD\Substation Orlando\123726 OUC Sub 2 & 25 Breaker Replacements"
"000000009598E9A20E04F041B38518182890A2D50100A3DF33FCC9BD1644BD14FCA330AA97850000254A8E2D0000"	"\Divisions\PD\Substation Orlando\139641 DEF-HAVANA BRKR REPLACEMENT"
"000000009598E9A20E04F041B38518182890A2D50100A3DF33FCC9BD1644BD14FCA330AA97850000177688530000"	"\Divisions\PD\Substation Phoenix\127855 Palm Valley 69-12kV Transf"
"000000009598E9A20E04F041B38518182890A2D50100A3DF33FCC9BD1644BD14FCA330AA978500001DAC33390000"	"\Divisions\PD\Substation Phoenix\134193 TEP FAA Tower S&F Study Type 4"
"000000009598E9A20E04F041B38518182890A2D5010012225CC57BF01F4EA8CCA87A792FF35F000084967ABF0000"	"\Divisions\PD\Substation Phoenix\145233 Harrison 115kV 9542 Rly Rplce"
"000000009598E9A20E04F041B38518182890A2D5010012225CC57BF01F4EA8CCA87A792FF35F00024EA61BB00000"	"\Divisions\PD\Substation Phoenix\154335 Granite City Security Upgrade"
"000000009598E9A20E04F041B38518182890A2D5010012225CC57BF01F4EA8CCA87A792FF35F00024EA61BB80000"	"\Divisions\PD\Substation Phoenix\155177 J790 INTERCONNECT - ECHO SITE"
"000000009598E9A20E04F041B38518182890A2D5010012225CC57BF01F4EA8CCA87A792FF35F00037F0314B50000"	"\Divisions\PD\Substation Phoenix\164400 P-WATERTON SECURITY TAM"
"000000009598E9A20E04F041B38518182890A2D5010064CEE54672FD844491A13B5C6CAEE87D0000002C72F30000"	"\Divisions\PD\Substation Portland\118433_P'Corp_TOTW_Wind Energy Interconnect"
"000000009598E9A20E04F041B38518182890A2D5010064CEE54672FD844491A13B5C6CAEE87D000000309D700000"	"\Divisions\PD\Substation Portland\119924_SCE_Whirlwind Relay Settings"
"000000009598E9A20E04F041B38518182890A2D5010064CEE54672FD844491A13B5C6CAEE87D00000034EAFE0000"	"\Divisions\PD\Substation Portland\120777_P'CORP_RAILROAD_SUB"
"000000009598E9A20E04F041B38518182890A2D5010064CEE54672FD844491A13B5C6CAEE87D0000003730FD0000"	"\Divisions\PD\Substation Portland\121267_BPA_LOWER_GRANITE_RAS_LLL"
"000000009598E9A20E04F041B38518182890A2D50100A3DF33FCC9BD1644BD14FCA330AA9785000021CD9FC30000"	"\Divisions\PD\Substation Portland\121869_WEST_LEVEE-RELAY_RPC\Procurement"
"000000009598E9A20E04F041B38518182890A2D5010064CEE54672FD844491A13B5C6CAEE87D00000039FFF80000"	"\Divisions\PD\Substation Portland\122001_BPA_DITTMER_CONT_CNTER_RAS_ALS"
"000000009598E9A20E04F041B38518182890A2D5010064CEE54672FD844491A13B5C6CAEE87D0000003BBD170000"	"\Divisions\PD\Substation Portland\122377_ONCOR_P_LIGGETT-RELAY_RPLC_138KV"
"000000009598E9A20E04F041B38518182890A2D50100CB7D9B6512D7374A860FE542D5770392000001184FF30000"	"\Divisions\PD\Substation Portland\122768_PSE_Hemlock"
"000000009598E9A20E04F041B38518182890A2D50100CB7D9B6512D7374A860FE542D577039200000123584A0000"	"\Divisions\PD\Substation Portland\123014 BPA ST JOHNS DFR REP"
"000000009598E9A20E04F041B38518182890A2D501001953B16A689BCD4AA8FC82955DB27CB1000000FA56160000"	"\Divisions\PD\Substation Portland\123863 BPA White Creek Wind RTU Repl"
"000000009598E9A20E04F041B38518182890A2D501001953B16A689BCD4AA8FC82955DB27CB100000133D1D00000"	"\Divisions\PD\Substation Portland\124079 P'CORP TESORO SLC SUB"
"000000009598E9A20E04F041B38518182890A2D501001953B16A689BCD4AA8FC82955DB27CB10000014302E50000"	"\Divisions\PD\Substation Portland\124178 P W LEVEE 138KV RLY RPLC"
"000000009598E9A20E04F041B38518182890A2D501001953B16A689BCD4AA8FC82955DB27CB1000001B570090000"	"\Divisions\PD\Substation Portland\124615 BPA SANTIAM BUS TIE RLY REPL"
"000000009598E9A20E04F041B38518182890A2D50100A3DF33FCC9BD1644BD14FCA330AA978500000E6F9A5F0000"	"\Divisions\PD\Substation Portland\125238 - P'CORP PILOT BUTTE SUBSTATION"
"000000009598E9A20E04F041B38518182890A2D50100A3DF33FCC9BD1644BD14FCA330AA9785000015FBD6BA0000"	"\Divisions\PD\Substation Portland\126130-BPA SLATT 500KV RELAY REPL"
"000000009598E9A20E04F041B38518182890A2D50100A3DF33FCC9BD1644BD14FCA330AA978500001704855A0000"	"\Divisions\PD\Substation Portland\126595 P'CORP NERC LN BB02-02 RATING"
"000000009598E9A20E04F041B38518182890A2D50100A3DF33FCC9BD1644BD14FCA330AA97850000170F450B0000"	"\Divisions\PD\Substation Portland\126746 P LAKE HUBBARD PLANT SEPARAT"
"000000009598E9A20E04F041B38518182890A2D50100A3DF33FCC9BD1644BD14FCA330AA97850000230310990000"	"\Divisions\PD\Substation Portland\127544 P ROYSE 345KV CB4640\Procurement"
"000000009598E9A20E04F041B38518182890A2D50100A3DF33FCC9BD1644BD14FCA330AA978500001771EB010000"	"\Divisions\PD\Substation Portland\127826 P'CORP TUSHAR SUBST-Q0313"
"000000009598E9A20E04F041B38518182890A2D50100A3DF33FCC9BD1644BD14FCA330AA9785000017F9B04C0000"	"\Divisions\PD\Substation Portland\128268 POST MCHENRY SOLAR FARM"
"000000009598E9A20E04F041B38518182890A2D50100A3DF33FCC9BD1644BD14FCA330AA9785000018AF310F0000"	"\Divisions\PD\Substation Portland\128887 P CALMONT SUB ADD 2 XFMRS"
"000000009598E9A20E04F041B38518182890A2D50100A3DF33FCC9BD1644BD14FCA330AA97850000190A407D0000"	"\Divisions\PD\Substation Portland\129233 P NAVARRO SUB-RPLC CAP BNKS"
"000000009598E9A20E04F041B38518182890A2D50100A3DF33FCC9BD1644BD14FCA330AA9785000021CDC7310000"	"\Divisions\PD\Substation Portland\129749 P CREZ-SCURRY S 345KV CAP BANK\Procurement"
"000000009598E9A20E04F041B38518182890A2D50100A3DF33FCC9BD1644BD14FCA330AA9785000019BDC2E30000"	"\Divisions\PD\Substation Portland\130435 HOWARD RMT END RLY 35805"
"000000009598E9A20E04F041B38518182890A2D50100A3DF33FCC9BD1644BD14FCA330AA978500001A2F89F10000"	"\Divisions\PD\Substation Portland\130803 BPA HOT SPRINGS RAS LLL REPL"
"000000009598E9A20E04F041B38518182890A2D50100A3DF33FCC9BD1644BD14FCA330AA978500001AB927820000"	"\Divisions\PD\Substation Portland\131461 SEAMAN: BKR/RMVL PVID 36080"
"000000009598E9A20E04F041B38518182890A2D50100A3DF33FCC9BD1644BD14FCA330AA978500001B51BFB10000"	"\Divisions\PD\Substation Portland\132155 PSE EASTSIDE 230 PROJECT"
"000000009598E9A20E04F041B38518182890A2D50100A3DF33FCC9BD1644BD14FCA330AA978500001B8549820000"	"\Divisions\PD\Substation Portland\132533 P'CORP EMERY BKR CNTRLS"
"000000009598E9A20E04F041B38518182890A2D50100A3DF33FCC9BD1644BD14FCA330AA978500001C12A2330000"	"\Divisions\PD\Substation Portland\132861 P'CORP SW WY XMSN SCOPES"
"000000009598E9A20E04F041B38518182890A2D50100A3DF33FCC9BD1644BD14FCA330AA978500001CA834C50000"	"\Divisions\PD\Substation Portland\133231 PGE DISCOVERY SUB"
"000000009598E9A20E04F041B38518182890A2D50100A3DF33FCC9BD1644BD14FCA330AA97850000230442100000"	"\Divisions\PD\Substation Portland\133822 P INTL AIRPORT-138KV TERM UPG\Procurement"
"000000009598E9A20E04F041B38518182890A2D50100A3DF33FCC9BD1644BD14FCA330AA978500001DD9C3930000"	"\Divisions\PD\Substation Portland\134406 P'CORP CROYDON SUB-SW WYXMSN"
"000000009598E9A20E04F041B38518182890A2D50100A3DF33FCC9BD1644BD14FCA330AA978500001E476A870000"	"\Divisions\PD\Substation Portland\134782 P'CORP LATHAM SUB D-R 2014"
"000000009598E9A20E04F041B38518182890A2D50100A3DF33FCC9BD1644BD14FCA330AA978500001E7AFDB10000"	"\Divisions\PD\Substation Portland\135145 P'CORP POMONA HEIGHTS PC DR"
"000000009598E9A20E04F041B38518182890A2D50100A3DF33FCC9BD1644BD14FCA330AA978500001EF218430000"	"\Divisions\PD\Substation Portland\135601 TOSHIBA CETP ALT 1 (2-TRMNL)"
"000000009598E9A20E04F041B38518182890A2D50100A3DF33FCC9BD1644BD14FCA330AA978500001F1D3F740000"	"\Divisions\PD\Substation Portland\135821 STARWOOD-SF-TIERS"
"000000009598E9A20E04F041B38518182890A2D50100A3DF33FCC9BD1644BD14FCA330AA978500002276244F0000"	"\Divisions\PD\Substation Portland\136179 PNM Rio Puerco CM"
"000000009598E9A20E04F041B38518182890A2D50100F3BCE3A574023B4482F2E427B5A3121800004D8C68200000"	"\Divisions\PD\Substation Portland\136739 P'CORP ENTERPRISE REMOTE ENDS"
"000000009598E9A20E04F041B38518182890A2D50100A3DF33FCC9BD1644BD14FCA330AA9785000021DA18B70000"	"\Divisions\PD\Substation Portland\137657 P'CORP RMP DIST-ESTIMATING"
"000000009598E9A20E04F041B38518182890A2D50100A3DF33FCC9BD1644BD14FCA330AA97850000224D1AA60000"	"\Divisions\PD\Substation Portland\138017 P'CORP FIDDLER'S CANYON C-S"
"000000009598E9A20E04F041B38518182890A2D50100A3DF33FCC9BD1644BD14FCA330AA97850000234AB59F0000"	"\Divisions\PD\Substation Portland\138724 P'CORP CEDAR VLY-ENOCH"
"000000009598E9A20E04F041B38518182890A2D50100A3DF33FCC9BD1644BD14FCA330AA97850000242C92CC0000"	"\Divisions\PD\Substation Portland\139235 P'CORP PROSPERITY RD C-S"
"000000009598E9A20E04F041B38518182890A2D50100A3DF33FCC9BD1644BD14FCA330AA9785000025506D130000"	"\Divisions\PD\Substation Portland\139653 P MTN CREEK 138 CB RPLC UGR"
"000000009598E9A20E04F041B38518182890A2D50100A3DF33FCC9BD1644BD14FCA330AA9785000026217D650000"	"\Divisions\PD\Substation Portland\140156 P'CORP HORSEFLY Q0566 COLL STN "
"000000009598E9A20E04F041B38518182890A2D50100A3DF33FCC9BD1644BD14FCA330AA9785000027121B250000"	"\Divisions\PD\Substation Portland\140570 P'CORP DJ PIONEER WIND Q306"
"000000009598E9A20E04F041B38518182890A2D50100A3DF33FCC9BD1644BD14FCA330AA97850000284AAD400000"	"\Divisions\PD\Substation Portland\141015 BPA KEELER SUB REACTOR RLY"
"000000009598E9A20E04F041B38518182890A2D50100A3DF33FCC9BD1644BD14FCA330AA978500002A1A6F080000"	"\Divisions\PD\Substation Portland\141418 P'CORP TURKEY HILL SCADA-COMM"
"000000009598E9A20E04F041B38518182890A2D50100A3DF33FCC9BD1644BD14FCA330AA978500002A136E6B0000"	"\Divisions\PD\Substation Portland\141742 P SAGINAW SWTCH: TT PNL HICKS"
"000000009598E9A20E04F041B38518182890A2D50100A3DF33FCC9BD1644BD14FCA330AA978500002B69C42D0000"	"\Divisions\PD\Substation Portland\142008 P'CORP LOST RIVER COMM/SCADA"
"000000009598E9A20E04F041B38518182890A2D5010012225CC57BF01F4EA8CCA87A792FF35F00000C4526340000"	"\Divisions\PD\Substation Portland\142607 TELECOM W RUTHERFORD A13213023"
"000000009598E9A20E04F041B38518182890A2D50100A3DF33FCC9BD1644BD14FCA330AA978500002CC0CF690000"	"\Divisions\PD\Substation Portland\143056 MASON CRK A15705011"
"000000009598E9A20E04F041B38518182890A2D50100A3DF33FCC9BD1644BD14FCA330AA978500002DF769620000"	"\Divisions\PD\Substation Portland\143315 RENNER SWTCH: 138 TERM UPG"
"000000009598E9A20E04F041B38518182890A2D5010012225CC57BF01F4EA8CCA87A792FF35F00001ACFFD3D0000"	"\Divisions\PD\Substation Portland\143691 UPPER MERION 134"
"000000009598E9A20E04F041B38518182890A2D5010012225CC57BF01F4EA8CCA87A792FF35F0000328878660000"	"\Divisions\PD\Substation Portland\143973 UPPER MERION 1700 - WSV R113"
"000000009598E9A20E04F041B38518182890A2D5010012225CC57BF01F4EA8CCA87A792FF35F00004FC9CFEB0000"	"\Divisions\PD\Substation Portland\144478 P'CORP Q580 BEAR CREEK SOLAR"
"000000009598E9A20E04F041B38518182890A2D5010012225CC57BF01F4EA8CCA87A792FF35F00007E79C0440000"	"\Divisions\PD\Substation Portland\145189 P CARROLLTON SUB: UPG 138 TERM"
"000000009598E9A20E04F041B38518182890A2D5010012225CC57BF01F4EA8CCA87A792FF35F0000ADF1F5E80000"	"\Divisions\PD\Substation Portland\146187 P'CORP Q577 CASEBEER SUB"
"000000009598E9A20E04F041B38518182890A2D5010012225CC57BF01F4EA8CCA87A792FF35F0000EF4E79AB0000"	"\Divisions\PD\Substation Portland\147595 P'CORP CHEHALIS TRSFMR FND DES"
"000000009598E9A20E04F041B38518182890A2D5010012225CC57BF01F4EA8CCA87A792FF35F000105ED97AA0000"	"\Divisions\PD\Substation Portland\148055 P Sycamore Creek Add TR#3 ELE"
"000000009598E9A20E04F041B38518182890A2D5010012225CC57BF01F4EA8CCA87A792FF35F0001474FC4750000"	"\Divisions\PD\Substation Portland\148951 BRADLEY STN P17097009"
"000000009598E9A20E04F041B38518182890A2D5010012225CC57BF01F4EA8CCA87A792FF35F0001474FC47F0000"	"\Divisions\PD\Substation Portland\149161 PINNACLE CREEK STN P16057007"
"000000009598E9A20E04F041B38518182890A2D5010012225CC57BF01F4EA8CCA87A792FF35F000118DC9E5C0000"	"\Divisions\PD\Substation Portland\P'CORP PILOT BUTTE NERC PRC"
"000000009598E9A20E04F041B38518182890A2D5010064CEE54672FD844491A13B5C6CAEE87D000000309DB90000"	"\Divisions\PD\Substation Portland\PacifiCorp Cad Coordination\Physical"
"000000009598E9A20E04F041B38518182890A2D5010064CEE54672FD844491A13B5C6CAEE87D000000309DAA0000"	"\Divisions\PD\Substation Portland\PacifiCorp Cad Coordination\Physical\standard drawings\500kv"
"000000009598E9A20E04F041B38518182890A2D50100A3DF33FCC9BD1644BD14FCA330AA97850000258394900000"	"\Divisions\PD\Substation Portland\PTL Substation Deliverables Calendar"
"000000009598E9A20E04F041B38518182890A2D5010064CEE54672FD844491A13B5C6CAEE87D000000081A710000"	"\Divisions\PD\Substation Portland\Tomball Substation\Major Electrical Equipment"
"000000009598E9A20E04F041B38518182890A2D5010012225CC57BF01F4EA8CCA87A792FF35F000476984FF80000"	"\Divisions\PD\Substation Portland\z2020 Portland Vacation Schedule"
"000000009598E9A20E04F041B38518182890A2D50100572FF007A7D6B64CA96E5CFE8E1CC1A40000001647790000"	"\Divisions\PD\Substation San Diego\_DMS Upload\116483 LTC Replacement"
"000000009598E9A20E04F041B38518182890A2D50100572FF007A7D6B64CA96E5CFE8E1CC1A4000000180C950000"	"\Divisions\PD\Substation San Diego\_DMS Upload\118063 SDG&E Oil Containment\Kearny"
"000000009598E9A20E04F041B38518182890A2D501001296C725372D7F4B86B758A22EA3141B0000007661180000"	"\Divisions\PD\Substation San Diego\_Generation Projects\111518 Borrego Springs Energy Facility"
"000000009598E9A20E04F041B38518182890A2D50100572FF007A7D6B64CA96E5CFE8E1CC1A40000001647950000"	"\Divisions\PD\Substation San Diego\116541 SD Teaselville 2009 Dist Auto"
"000000009598E9A20E04F041B38518182890A2D50100572FF007A7D6B64CA96E5CFE8E1CC1A40000005053930000"	"\Divisions\PD\Substation San Diego\121005 Kiowa SUB Voltage Control"
"000000009598E9A20E04F041B38518182890A2D50100572FF007A7D6B64CA96E5CFE8E1CC1A40000005E370E0000"	"\Divisions\PD\Substation San Diego\121925/MOC 11-01 Palomar As-Builts"
"000000009598E9A20E04F041B38518182890A2D50100A3DF33FCC9BD1644BD14FCA330AA9785000016B178DC0000"	"\Divisions\PD\Substation San Diego\122396 AEP Inez\Relay Settings"
"000000009598E9A20E04F041B38518182890A2D50100A3DF33FCC9BD1644BD14FCA330AA9785000016C4D7340000"	"\Divisions\PD\Substation San Diego\123055 SD KNWD Repl OCB Inst SCADA\Phy-Check"
"000000009598E9A20E04F041B38518182890A2D50100A3DF33FCC9BD1644BD14FCA330AA9785000016F529F20000"	"\Divisions\PD\Substation San Diego\124464 RTRP 69kV\Harvey_Lynn"
"000000009598E9A20E04F041B38518182890A2D50100A3DF33FCC9BD1644BD14FCA330AA978500001951122E0000"	"\Divisions\PD\Substation San Diego\126169 TEP E.ON U of A TECH\126166 TEP- E.On Valencia"
"000000009598E9A20E04F041B38518182890A2D50100A3DF33FCC9BD1644BD14FCA330AA9785000017EC6B7B0000"	"\Divisions\PD\Substation San Diego\128191 Jamul Site B Grndng Study"
"000000009598E9A20E04F041B38518182890A2D50100A3DF33FCC9BD1644BD14FCA330AA97850000192C25AB0000"	"\Divisions\PD\Substation San Diego\129262 IID Ramon"
"000000009598E9A20E04F041B38518182890A2D50100A3DF33FCC9BD1644BD14FCA330AA97850000225EE1C30000"	"\Divisions\PD\Substation San Diego\130922 Terra Gen San Jacinto"
"000000009598E9A20E04F041B38518182890A2D50100A3DF33FCC9BD1644BD14FCA330AA978500001B62D46D0000"	"\Divisions\PD\Substation San Diego\132250 CBM AS-BUILTS Rincon"
"000000009598E9A20E04F041B38518182890A2D50100A3DF33FCC9BD1644BD14FCA330AA978500001D5080B30000"	"\Divisions\PD\Substation San Diego\133588 SDG&E CBM-AB Rancho Santa Fe"
"000000009598E9A20E04F041B38518182890A2D50100A3DF33FCC9BD1644BD14FCA330AA978500001E5902410000"	"\Divisions\PD\Substation San Diego\135143 P'Corp Union Gap P&C D-R"
"000000009598E9A20E04F041B38518182890A2D50100A3DF33FCC9BD1644BD14FCA330AA978500001F2364850000"	"\Divisions\PD\Substation San Diego\135821 SEG Starwood-SF-Tiers"
"000000009598E9A20E04F041B38518182890A2D50100A3DF33FCC9BD1644BD14FCA330AA978500002233F2580000"	"\Divisions\PD\Substation San Diego\137398 RPU LRRP Project\LA COLINA"
"000000009598E9A20E04F041B38518182890A2D50100A3DF33FCC9BD1644BD14FCA330AA97850000235380530000"	"\Divisions\PD\Substation San Diego\138770 Terra-Gen Altwind"
"000000009598E9A20E04F041B38518182890A2D50100A3DF33FCC9BD1644BD14FCA330AA9785000023FF360C0000"	"\Divisions\PD\Substation San Diego\139168 COR RPU ARC Flash Hazard"
"000000009598E9A20E04F041B38518182890A2D50100A3DF33FCC9BD1644BD14FCA330AA9785000029D196570000"	"\Divisions\PD\Substation San Diego\141589 SDG&E Communications Support"
"000000009598E9A20E04F041B38518182890A2D5010012225CC57BF01F4EA8CCA87A792FF35F0000122E78560000"	"\Divisions\PD\Substation San Diego\143622 Ireland"
"000000009598E9A20E04F041B38518182890A2D50100A3DF33FCC9BD1644BD14FCA330AA9785000024AC9D250000"	"\Divisions\PD\Substation San Diego\2015 Outage\Attendance"
"000000009598E9A20E04F041B38518182890A2D5010012225CC57BF01F4EA8CCA87A792FF35F0000309CC0D30000"	"\Divisions\PD\Substation Syracuse\_PPL HOLD\143912 PPL - EOC Alpha Catawissa"
"000000009598E9A20E04F041B38518182890A2D50100A3DF33FCC9BD1644BD14FCA330AA97850000170FA4C40000"	"\Divisions\Telecom\CenturyLink"
"000000009598E9A20E04F041B38518182890A2D50100A3DF33FCC9BD1644BD14FCA330AA978500001715612B0000"	"\Divisions\Telecom\CenturyLink\resumes1"
"000000009598E9A20E04F041B38518182890A2D501001953B16A689BCD4AA8FC82955DB27CB10000018B32910000"	"\Test"
"000000009598E9A20E04F041B38518182890A2D5010012225CC57BF01F4EA8CCA87A792FF35F0006C0C3854A0000"	"\zApplications\Aspen Users\Aspen Calendar"
"000000009598E9A20E04F041B38518182890A2D5010012225CC57BF01F4EA8CCA87A792FF35F0006DBAB057C0000"	"\zApplications\CadnaA\software"
"000000009598E9A20E04F041B38518182890A2D5010012225CC57BF01F4EA8CCA87A792FF35F00028CB795850000"	"\zApplications\COMSOL\COMSOL"
"000000009598E9A20E04F041B38518182890A2D5010012225CC57BF01F4EA8CCA87A792FF35F00023C229F650000"	"\zApplications\Ministing"
"000000009598E9A20E04F041B38518182890A2D5010012225CC57BF01F4EA8CCA87A792FF35F0007193761F10000"	"\zApplications\PTW Users\PTW Calendar\PTW Calender"
"000000009598E9A20E04F041B38518182890A2D50100CB7D9B6512D7374A860FE542D577039200000110A69A0000"	"\zApplications\WINIGS Users"
