"EntryId"	"Identity"
"000000009598E9A20E04F041B38518182890A2D50100572FF007A7D6B64CA96E5CFE8E1CC1A40000000EE87F0000"	"\Divisions\ENV\Environmental Anaheim\115061-SDG&E MISSION"
"000000009598E9A20E04F041B38518182890A2D501006C95E27D1ACA634AA1AADC20796388DD000000D7FCB40000"	"\Divisions\ENV\Environmental Anaheim\115245 BARREN RDG-EIR/EIS TA 01\EIS\PDEIS Chapters\CH 4"
"000000009598E9A20E04F041B38518182890A2D50100CB7D9B6512D7374A860FE542D57703920000011276300000"	"\Divisions\ENV\Environmental Anaheim\115245 BARREN RDG-EIR/EIS TA 01\Management\Contract\Subs"
"000000009598E9A20E04F041B38518182890A2D501006C95E27D1ACA634AA1AADC20796388DD000000D5E8D90000"	"\Divisions\ENV\Environmental Anaheim\115245 BARREN RDG-EIR/EIS TA 01\Resources\Air"
"000000009598E9A20E04F041B38518182890A2D501006C95E27D1ACA634AA1AADC20796388DD00000073795C0000"	"\Divisions\ENV\Environmental Anaheim\115245 BARREN RDG-EIR/EIS TA 01\Resources\Water"
"000000009598E9A20E04F041B38518182890A2D501006C95E27D1ACA634AA1AADC20796388DD000000D16D690000"	"\Divisions\ENV\Environmental Anaheim\118242 HAIWEE GEOTHERMAL LEASING EIS\EIS\Admin DEIS"
"000000009598E9A20E04F041B38518182890A2D501006C95E27D1ACA634AA1AADC20796388DD0000007C1DA10000"	"\Divisions\ENV\Environmental Anaheim\118242 HAIWEE GEOTHERMAL LEASING EIS\Meetings"
"000000009598E9A20E04F041B38518182890A2D50100572FF007A7D6B64CA96E5CFE8E1CC1A400000023E04D0000"	"\Divisions\ENV\Environmental Anaheim\118420 TA33 UPPER GORGE BYPASS"
"000000009598E9A20E04F041B38518182890A2D50100572FF007A7D6B64CA96E5CFE8E1CC1A400000052BDE60000"	"\Divisions\ENV\Environmental Anaheim\119675 HAY RANCH COSO SUBSTATION\Mtg Minutes"
"000000009598E9A20E04F041B38518182890A2D50100572FF007A7D6B64CA96E5CFE8E1CC1A40000005AC4450000"	"\Divisions\ENV\Environmental Anaheim\121689 TA69 LWR RCH RVR CULT MON"
"000000009598E9A20E04F041B38518182890A2D50100A3DF33FCC9BD1644BD14FCA330AA9785000018BE5B1F0000"	"\Divisions\ENV\Environmental Anaheim\123456-AEP-TRAINING DELETE"
"000000009598E9A20E04F041B38518182890A2D50100572FF007A7D6B64CA96E5CFE8E1CC1A40000002697A10000"	"\Divisions\ENV\Environmental Anaheim\124462 RTRP\Open House/Riverside"
"000000009598E9A20E04F041B38518182890A2D50100A3DF33FCC9BD1644BD14FCA330AA9785000016DB8F870000"	"\Divisions\ENV\Environmental Anaheim\125024 TA26 BRRTP FEIS/EIR TASKS\Resources"
"000000009598E9A20E04F041B38518182890A2D50100A3DF33FCC9BD1644BD14FCA330AA9785000017318E090000"	"\Divisions\ENV\Environmental Anaheim\127041 KM-SWARTHOUT CANYON PIPELINE"
"000000009598E9A20E04F041B38518182890A2D50100A3DF33FCC9BD1644BD14FCA330AA978500001C65B6790000"	"\Divisions\ENV\Environmental Anaheim\129011 TA27 BRRTP 1602 AGRMT/404 PERM"
"000000009598E9A20E04F041B38518182890A2D50100A3DF33FCC9BD1644BD14FCA330AA978500001C65B65B0000"	"\Divisions\ENV\Environmental Anaheim\130802 RRG 2013 SOLAR FEASIBILITY"
"000000009598E9A20E04F041B38518182890A2D50100A3DF33FCC9BD1644BD14FCA330AA978500001C6595CE0000"	"\Divisions\ENV\Environmental Anaheim\131848 EDF-BEACON SOLAR RECORD SEARCH"
"000000009598E9A20E04F041B38518182890A2D50100A3DF33FCC9BD1644BD14FCA330AA978500001D83940D0000"	"\Divisions\ENV\Environmental Anaheim\133866 CITY OF SANTA ANA BRISTOL PH 3"
"000000009598E9A20E04F041B38518182890A2D50100A3DF33FCC9BD1644BD14FCA330AA97850000203B773C0000"	"\Divisions\ENV\Environmental Anaheim\136595 VAN BUREN BLVD WIDENING IS"
"000000009598E9A20E04F041B38518182890A2D50100A3DF33FCC9BD1644BD14FCA330AA978500002288A5510000"	"\Divisions\ENV\Environmental Anaheim\138468 RVRSD CNTY PH I BRIGGS ROAD"
"000000009598E9A20E04F041B38518182890A2D50100A3DF33FCC9BD1644BD14FCA330AA97850000174DDA830000"	"\Divisions\ENV\Environmental Anaheim\BRRTP Admin Record\BRRTP Admin Record_JR"
"000000009598E9A20E04F041B38518182890A2D501001953B16A689BCD4AA8FC82955DB27CB1000001B56FDC0000"	"\Divisions\ENV\Environmental Austin\00-EMAILS TO BE UPLOADED\Brian Macik"
"000000009598E9A20E04F041B38518182890A2D50100A3DF33FCC9BD1644BD14FCA330AA9785000016014EEE0000"	"\Divisions\ENV\Environmental Austin\126120 NED - Cross Valley Tie"
"000000009598E9A20E04F041B38518182890A2D50100A3DF33FCC9BD1644BD14FCA330AA978500001C7FEF970000"	"\Divisions\ENV\Environmental Austin\132840_Leucadia"
"000000009598E9A20E04F041B38518182890A2D50100A3DF33FCC9BD1644BD14FCA330AA9785000018C291770000"	"\Divisions\ENV\Environmental Boise\114809 VANTAGE POMONA HTS SITING\Cindy - Vantage"
"000000009598E9A20E04F041B38518182890A2D5010012225CC57BF01F4EA8CCA87A792FF35F00008148A7580000"	"\Divisions\ENV\Environmental Boise\114809 VANTAGE POMONA HTS SITING\Johns emails 2\Vantage-Pomona\Vantage-Pomona"
"000000009598E9A20E04F041B38518182890A2D50100A3DF33FCC9BD1644BD14FCA330AA978500001C93AE8D0000"	"\Divisions\ENV\Environmental Boise\114809 VANTAGE POMONA HTS SITING\Sage Grouse"
"000000009598E9A20E04F041B38518182890A2D501001953B16A689BCD4AA8FC82955DB27CB1000000F73FB50000"	"\Divisions\ENV\Environmental Boise\114809 VANTAGE POMONA HTS SITING\Sarah_emails\Vantage Pomona\Land Use"
"000000009598E9A20E04F041B38518182890A2D50100A3DF33FCC9BD1644BD14FCA330AA978500001DD0CDC10000"	"\Divisions\ENV\Environmental Boise\114809 VANTAGE POMONA HTS SITING\SEPA ORIA Letter"
"000000009598E9A20E04F041B38518182890A2D501001953B16A689BCD4AA8FC82955DB27CB1000000F5ABA40000"	"\Divisions\ENV\Environmental Boise\115841 TransWestEnergy\Sarah_emails\TransWest\Impacts\Access Roads"
"000000009598E9A20E04F041B38518182890A2D501001953B16A689BCD4AA8FC82955DB27CB1000000F5ABA10000"	"\Divisions\ENV\Environmental Boise\115841 TransWestEnergy\Sarah_emails\TransWest\Terminal Siting"
"000000009598E9A20E04F041B38518182890A2D50100A3DF33FCC9BD1644BD14FCA330AA978500001CDB5E8C0000"	"\Divisions\ENV\Environmental Boise\133377 SUMMIT WIND REPOWERING IS SOW"
"000000009598E9A20E04F041B38518182890A2D50100A3DF33FCC9BD1644BD14FCA330AA978500002B7F27E30000"	"\Divisions\ENV\Environmental Boise\142342 PLAYA SOLAR CIC"
"000000009598E9A20E04F041B38518182890A2D5010012225CC57BF01F4EA8CCA87A792FF35F0000BD510F220000"	"\Divisions\ENV\Environmental Boise\146446 CAPE PROPERTY WETLAND DELIN"
"000000009598E9A20E04F041B38518182890A2D501006C95E27D1ACA634AA1AADC20796388DD0000006B27780000"	"\Divisions\ENV\Environmental Boise\Biology_Dept\101973 Biology\JJensen"
"000000009598E9A20E04F041B38518182890A2D501001953B16A689BCD4AA8FC82955DB27CB100000150268E0000"	"\Divisions\ENV\Environmental Boise\Biology_Dept\101973 Biology\MollyH"
"000000009598E9A20E04F041B38518182890A2D501006C95E27D1ACA634AA1AADC20796388DD0000006C1C180000"	"\Divisions\ENV\Environmental Boise\Biology_Dept\101973 Biology\THerzog"
"000000009598E9A20E04F041B38518182890A2D501001296C725372D7F4B86B758A22EA3141B00000001503A0000"	"\Divisions\ENV\Environmental Boise\Environmental Boise Calendar"
"000000009598E9A20E04F041B38518182890A2D501006C95E27D1ACA634AA1AADC20796388DD000000481FE10000"	"\Divisions\ENV\Environmental Boise\GSA Contracts\LADWP Contract Temp Folder\Contract Problems May 2008"
"000000009598E9A20E04F041B38518182890A2D50100A3DF33FCC9BD1644BD14FCA330AA978500001A378B830000"	"\Divisions\ENV\Environmental Boise\Laptop upgrade\RRG\Blythe Mesa"
"000000009598E9A20E04F041B38518182890A2D50100A3DF33FCC9BD1644BD14FCA330AA978500001BCF31A60000"	"\Divisions\ENV\Environmental Cincinnati\130770 UNITED DAIRY FARMERS - PROD RCVRY-UDF 100-VIC PKY"
"000000009598E9A20E04F041B38518182890A2D50100A3DF33FCC9BD1644BD14FCA330AA978500001BCF1BD30000"	"\Divisions\ENV\Environmental Cincinnati\130812 FROST BROWN TODD LLC - FACILITY RESP PLAN APP EVA"
"000000009598E9A20E04F041B38518182890A2D50100A3DF33FCC9BD1644BD14FCA330AA978500001BCDCD3A0000"	"\Divisions\ENV\Environmental Cincinnati\130845 ALCOA INC - 2013 SKIMMER SYSTEMS O&M"
"000000009598E9A20E04F041B38518182890A2D50100A3DF33FCC9BD1644BD14FCA330AA978500001BD660F60000"	"\Divisions\ENV\Environmental Cincinnati\130893 MARATHON PETROLEUM COMPANY LP - 2013 OWC 3 PIPE INDIANA BAT"
"000000009598E9A20E04F041B38518182890A2D50100A3DF33FCC9BD1644BD14FCA330AA978500001BD220050000"	"\Divisions\ENV\Environmental Cincinnati\130983 SANOFI - SLLI - PHASE 100 AWP"
"000000009598E9A20E04F041B38518182890A2D50100A3DF33FCC9BD1644BD14FCA330AA978500001BD26FC80000"	"\Divisions\ENV\Environmental Cincinnati\130999 SANOFI - SLLI PHOENIX POND PRELIM DSGN"
"000000009598E9A20E04F041B38518182890A2D50100A3DF33FCC9BD1644BD14FCA330AA978500001BD5D2DA0000"	"\Divisions\ENV\Environmental Cincinnati\131110 AMERICAN WIND ENERGY ASSOCIATION - AWEA FWS REGIONS 2 & 6"
"000000009598E9A20E04F041B38518182890A2D50100A3DF33FCC9BD1644BD14FCA330AA978500001BCF32570000"	"\Divisions\ENV\Environmental Cincinnati\131231 UNITED DAIRY FARMERS - TIER 1 DELINEATION-UDF 075"
"000000009598E9A20E04F041B38518182890A2D50100A3DF33FCC9BD1644BD14FCA330AA978500001BD1E1360000"	"\Divisions\ENV\Environmental Cincinnati\131258 MARATHON PETROLEUM COMPANY LP - SITE RVW - WEST POINT STATION"
"000000009598E9A20E04F041B38518182890A2D50100A3DF33FCC9BD1644BD14FCA330AA978500001BD5D1350000"	"\Divisions\ENV\Environmental Cincinnati\131379 DAYTON POWER & LIGHT - ENV STUDY GREENE APLHA T-LINE"
"000000009598E9A20E04F041B38518182890A2D50100A3DF33FCC9BD1644BD14FCA330AA978500001BD273AE0000"	"\Divisions\ENV\Environmental Cincinnati\131602 TRI COUNTY ENGINEERING LLC - TRI CTY ENG MIST NET SURVEY"
"000000009598E9A20E04F041B38518182890A2D50100A3DF33FCC9BD1644BD14FCA330AA978500001BCF1BC40000"	"\Divisions\ENV\Environmental Cincinnati\131814 FLOWSERVE CORPORATION - FLOWSERVE PHASE II MCP"
"000000009598E9A20E04F041B38518182890A2D50100A3DF33FCC9BD1644BD14FCA330AA978500001BCDCC9A0000"	"\Divisions\ENV\Environmental Cincinnati\132112 ALCOA INC - 2013 SENTINAL O&M SUPPORT"
"000000009598E9A20E04F041B38518182890A2D50100A3DF33FCC9BD1644BD14FCA330AA978500001BD1E1610000"	"\Divisions\ENV\Environmental Cincinnati\132458 CDS ASSOCIATES INC - ODOT ENV SCREENING-OH RIVER TR"
"000000009598E9A20E04F041B38518182890A2D50100A3DF33FCC9BD1644BD14FCA330AA978500001BD466940000"	"\Divisions\ENV\Environmental Cincinnati\132726 MILACRON INC - S-24 INTEGRITY TESTING-CIMCOOL"
"000000009598E9A20E04F041B38518182890A2D50100A3DF33FCC9BD1644BD14FCA330AA978500001C3C79640000"	"\Divisions\ENV\Environmental Cincinnati\132953 THE LOTIS ENGINEERING GROUP-LOTIS GROUP-ESSEX COUNTY"
"000000009598E9A20E04F041B38518182890A2D50100A3DF33FCC9BD1644BD14FCA330AA978500001CD0B8AE0000"	"\Divisions\ENV\Environmental Cincinnati\133323 UNITED DAIRY FARMERS-UDF VAP KEMPER ROAD"
"000000009598E9A20E04F041B38518182890A2D50100A3DF33FCC9BD1644BD14FCA330AA978500001D3B515D0000"	"\Divisions\ENV\Environmental Cincinnati\133561 MARATHON PETROLEUM COMPANY LP-USACE SITE VISIT PATOKA TANK"
"000000009598E9A20E04F041B38518182890A2D50100A3DF33FCC9BD1644BD14FCA330AA978500001D7738BE0000"	"\Divisions\ENV\Environmental Cincinnati\133772 MILACRON INC-MILACRON 2014 MSD O&M-CIMCOOL"
"000000009598E9A20E04F041B38518182890A2D50100A3DF33FCC9BD1644BD14FCA330AA978500001D925C730000"	"\Divisions\ENV\Environmental Cincinnati\134004 EDF RENEWABLE ENERGY-ROOSEVELT WIND FARM"
"000000009598E9A20E04F041B38518182890A2D50100A3DF33FCC9BD1644BD14FCA330AA978500001DD0B1960000"	"\Divisions\ENV\Environmental Cincinnati\134485 L WARD PROPERTIES-MOLD INVESTIGATION"
"000000009598E9A20E04F041B38518182890A2D50100A3DF33FCC9BD1644BD14FCA330AA978500001E1BD0840000"	"\Divisions\ENV\Environmental Cincinnati\134908 UNITED DAIRY FARMERS-Ph I ESA-UDF 35 PIPE CLOSURE"
"000000009598E9A20E04F041B38518182890A2D50100A3DF33FCC9BD1644BD14FCA330AA978500001E78047B0000"	"\Divisions\ENV\Environmental Cincinnati\135216 UNITED DAIRY FARMERS-LIMITED ENV REVIEWS - 9 SITES"
"000000009598E9A20E04F041B38518182890A2D50100A3DF33FCC9BD1644BD14FCA330AA978500001EE40B870000"	"\Divisions\ENV\Environmental Cincinnati\135468 ALCOA INC-WSTE SMPLNG&WELL ABANDOMENT"
"000000009598E9A20E04F041B38518182890A2D50100A3DF33FCC9BD1644BD14FCA330AA978500001F0FDCEF0000"	"\Divisions\ENV\Environmental Cincinnati\135721 CITY OF ALCOA-PHASE IV GREENWAY"
"000000009598E9A20E04F041B38518182890A2D50100A3DF33FCC9BD1644BD14FCA330AA978500001F98C0C30000"	"\Divisions\ENV\Environmental Cincinnati\136103 UNITED DAIRY FARMERS-UDF 625 POWELL DISCHARGE"
"000000009598E9A20E04F041B38518182890A2D50100A3DF33FCC9BD1644BD14FCA330AA978500001FFEC3210000"	"\Divisions\ENV\Environmental Cincinnati\136295 ASTRAZENECA-IH EXPOSURE ASSESSMENT"
"000000009598E9A20E04F041B38518182890A2D50100A3DF33FCC9BD1644BD14FCA330AA978500002036BE460000"	"\Divisions\ENV\Environmental Cincinnati\136593 METROPOLITAN SEWER DISTRICT-N FAIRMOUNT BIOSWALE"
"000000009598E9A20E04F041B38518182890A2D50100A3DF33FCC9BD1644BD14FCA330AA978500002176A5290000"	"\Divisions\ENV\Environmental Cincinnati\137298 CH2M HILL-SHROUD GRINDER AREA AND REPORT"
"000000009598E9A20E04F041B38518182890A2D50100A3DF33FCC9BD1644BD14FCA330AA9785000021C6869B0000"	"\Divisions\ENV\Environmental Cincinnati\137603 GSA MGMT SERVICES CENTER-PECK BLDG MOLD TESTING"
"000000009598E9A20E04F041B38518182890A2D50100A3DF33FCC9BD1644BD14FCA330AA9785000021E47D1E0000"	"\Divisions\ENV\Environmental Cincinnati\137825 SANOFI-SLLI PH 1004 OU1J 2015 SWGW"
"000000009598E9A20E04F041B38518182890A2D50100A3DF33FCC9BD1644BD14FCA330AA97850000227A34AD0000"	"\Divisions\ENV\Environmental Cincinnati\138380 JEA-SOUTHSIDE GIS DBC REPLACEMENT"
"000000009598E9A20E04F041B38518182890A2D50100A3DF33FCC9BD1644BD14FCA330AA9785000022EAC6100000"	"\Divisions\ENV\Environmental Cincinnati\138567 MARATHON PETROLEUM CORPORATION-SADT 140B DCM PERMITTING"
"000000009598E9A20E04F041B38518182890A2D50100A3DF33FCC9BD1644BD14FCA330AA97850000239A9E290000"	"\Divisions\ENV\Environmental Cincinnati\139023 ALCOA INC-2015 DUCK SPRING O&M"
"000000009598E9A20E04F041B38518182890A2D50100A3DF33FCC9BD1644BD14FCA330AA97850000244002DE0000"	"\Divisions\ENV\Environmental Cincinnati\139379 THE PROCTER & GAMBLE COMPANY-P&G F&HCIC 2015-2016"
"000000009598E9A20E04F041B38518182890A2D5010012225CC57BF01F4EA8CCA87A792FF35F0000276BC47B0000"	"\Divisions\ENV\Environmental Cincinnati\143839 NISOURCE-NIPSCO BABCOCK"
"000000009598E9A20E04F041B38518182890A2D50100A3DF33FCC9BD1644BD14FCA330AA978500001BA172D00000"	"\Divisions\ENV\Environmental Cincinnati\Truck #276 (F350) - Cincinnati"
"000000009598E9A20E04F041B38518182890A2D50100A3DF33FCC9BD1644BD14FCA330AA97850000170CDC5B0000"	"\Divisions\ENV\Environmental Freeport\126678 TEXTILE TAPES-FY 2012 AIR EMSN RPT"
"000000009598E9A20E04F041B38518182890A2D50100A3DF33FCC9BD1644BD14FCA330AA97850000171BC0490000"	"\Divisions\ENV\Environmental Freeport\126830 Sabre-Air Qual & Env Svcs"
"000000009598E9A20E04F041B38518182890A2D50100A3DF33FCC9BD1644BD14FCA330AA978500002608EF370000"	"\Divisions\ENV\Environmental Freeport\140101 EMMC-MISC AIR PERMIT"
"000000009598E9A20E04F041B38518182890A2D5010012225CC57BF01F4EA8CCA87A792FF35F0001E5319E450000"	"\Divisions\ENV\Environmental Freeport\153610 BRONSON-WILLISTON N GEOVOI APP"
"000000009598E9A20E04F041B38518182890A2D50100A3DF33FCC9BD1644BD14FCA330AA97850000197111C30000"	"\Divisions\ENV\Environmental Freeport\CLOSED PROJECTS\129642 HUNT YACHTS VOC EMISSIONS RPT"
"000000009598E9A20E04F041B38518182890A2D50100A3DF33FCC9BD1644BD14FCA330AA978500001F21A2F80000"	"\Divisions\ENV\Environmental Freeport\CLOSED PROJECTS\132376 NEWP JAFFREY AIR PRMT AND TOX"
"000000009598E9A20E04F041B38518182890A2D50100A3DF33FCC9BD1644BD14FCA330AA978500002AADBF740000"	"\Divisions\ENV\Environmental Freeport\CLOSED PROJECTS\135634 UNH-EOP-KINGSBURY HALL"
"000000009598E9A20E04F041B38518182890A2D50100A3DF33FCC9BD1644BD14FCA330AA9785000022F98CBB0000"	"\Divisions\ENV\Environmental Freeport\CLOSED PROJECTS\138641_FREUDENBERG-NOK_SEALING_TECH"
"000000009598E9A20E04F041B38518182890A2D50100A3DF33FCC9BD1644BD14FCA330AA9785000025E36DA20000"	"\Divisions\ENV\Environmental Freeport\CLOSED PROJECTS\140083 FREUDENBERG-NOK MTC AUDIT TOXICS 2015"
"000000009598E9A20E04F041B38518182890A2D50100A3DF33FCC9BD1644BD14FCA330AA978500002A4220340000"	"\Divisions\ENV\Environmental Freeport\CLOSED PROJECTS\141936 BGF-CDP-CY2015"
"000000009598E9A20E04F041B38518182890A2D5010012225CC57BF01F4EA8CCA87A792FF35F000045BC48350000"	"\Divisions\ENV\Environmental Freeport\CLOSED PROJECTS\144357_CMP-WESTERN_MAINE_2017"
"000000009598E9A20E04F041B38518182890A2D5010012225CC57BF01F4EA8CCA87A792FF35F00017E102D540000"	"\Divisions\ENV\Environmental Freeport\CLOSED PROJECTS\147484_SOUTH_BEND"
"000000009598E9A20E04F041B38518182890A2D5010012225CC57BF01F4EA8CCA87A792FF35F00015333EE850000"	"\Divisions\ENV\Environmental Freeport\CLOSED PROJECTS\149594 NEWP-PERMIT TRANSFERS"
"000000009598E9A20E04F041B38518182890A2D5010012225CC57BF01F4EA8CCA87A792FF35F00018ED142170000"	"\Divisions\ENV\Environmental Freeport\CLOSED PROJECTS\151578_FNST-NORTHFIELD_EPOXY&RTAP"
"000000009598E9A20E04F041B38518182890A2D50100A3DF33FCC9BD1644BD14FCA330AA978500002BC9B6AF0000"	"\Divisions\ENV\Environmental Freeport\Roanoke Region Project Schedule\Roanoke Region Project Schedule"
"000000009598E9A20E04F041B38518182890A2D50100A3DF33FCC9BD1644BD14FCA330AA978500000E6C2EC80000"	"\Divisions\ENV\Environmental Hailey\114406 - PATH\Proj Coordination"
"000000009598E9A20E04F041B38518182890A2D50100A3DF33FCC9BD1644BD14FCA330AA978500001F0DDD420000"	"\Divisions\ENV\Environmental Hailey\115841 - TWE\DEIS Comments"
"000000009598E9A20E04F041B38518182890A2D50100572FF007A7D6B64CA96E5CFE8E1CC1A40000004813190000"	"\Divisions\ENV\Environmental Hailey\117390 - BHP Teckla - Osage - Rapid City 230kV\Admin Record\Public Open House June 28-30 2010"
"000000009598E9A20E04F041B38518182890A2D50100A3DF33FCC9BD1644BD14FCA330AA978500001F1A2FA20000"	"\Divisions\ENV\Environmental Hailey\118092 - Jackrabbit\DEIS\Admin"
"000000009598E9A20E04F041B38518182890A2D50100A3DF33FCC9BD1644BD14FCA330AA978500000E6C09580000"	"\Divisions\ENV\Environmental Hailey\123888 - Mtn Air Wind\PER"
"000000009598E9A20E04F041B38518182890A2D50100A3DF33FCC9BD1644BD14FCA330AA97850000235F9D110000"	"\Divisions\ENV\Environmental Hailey\124186_EGS\GeoTech Dept\Task Completions"
"000000009598E9A20E04F041B38518182890A2D50100A3DF33FCC9BD1644BD14FCA330AA978500000E76D5EE0000"	"\Divisions\ENV\Environmental Hailey\124186_EGS\Line Dept"
"000000009598E9A20E04F041B38518182890A2D50100A3DF33FCC9BD1644BD14FCA330AA978500001BE506260000"	"\Divisions\ENV\Environmental Hailey\124186_EGS\PPM\Engineering App"
"000000009598E9A20E04F041B38518182890A2D501001953B16A689BCD4AA8FC82955DB27CB1000001B4D1770000"	"\Divisions\ENV\Environmental Hailey\124186_EGS\PPM\Tasks Done"
"000000009598E9A20E04F041B38518182890A2D50100A3DF33FCC9BD1644BD14FCA330AA9785000018E4E2650000"	"\Divisions\ENV\Environmental Hailey\124186_EGS\Survey"
"000000009598E9A20E04F041B38518182890A2D50100A3DF33FCC9BD1644BD14FCA330AA978500001F1AB6AB0000"	"\Divisions\ENV\Environmental Hailey\126564 - Bagby-Reed\Meetings\Internal"
"000000009598E9A20E04F041B38518182890A2D50100A3DF33FCC9BD1644BD14FCA330AA978500001B7EFB970000"	"\Divisions\ENV\Environmental Hailey\128143 - R-Project (NPPD)\HCP/NEPA"
"000000009598E9A20E04F041B38518182890A2D50100A3DF33FCC9BD1644BD14FCA330AA978500001F0D65D30000"	"\Divisions\ENV\Environmental Hailey\131360 - Stegal-Scottsbluff\360 Notifications"
"000000009598E9A20E04F041B38518182890A2D50100572FF007A7D6B64CA96E5CFE8E1CC1A40000001BBDE30000"	"\Divisions\ENV\Environmental Hailey\NPPD\117292 - South Sioux City"
"000000009598E9A20E04F041B38518182890A2D50100A3DF33FCC9BD1644BD14FCA330AA97850000192E2BBF0000"	"\Divisions\ENV\Environmental Houston\118523_LCRA_Pkwy_To_FM_482_138kV\kAlbano"
"000000009598E9A20E04F041B38518182890A2D50100A3DF33FCC9BD1644BD14FCA330AA978500001A940B250000"	"\Divisions\ENV\Environmental Houston\130940_Elk City-Gracemont"
"000000009598E9A20E04F041B38518182890A2D50100A3DF33FCC9BD1644BD14FCA330AA978500001C88CB110000"	"\Divisions\ENV\Environmental Knoxville\133106 WILLIAMS-PERMIT REVIEW-BLUEGRASS P/L"
"000000009598E9A20E04F041B38518182890A2D50100CB7D9B6512D7374A860FE542D577039200000117E9B20000"	"\Divisions\ENV\Environmental Phoenix\122356 Arch Clear E Drexel Rd"
"000000009598E9A20E04F041B38518182890A2D50100CB7D9B6512D7374A860FE542D57703920000011748070000"	"\Divisions\ENV\Environmental Phoenix\122809 Qwest_12th Ave Arch Monitoring"
"000000009598E9A20E04F041B38518182890A2D50100A3DF33FCC9BD1644BD14FCA330AA978500001B3752390000"	"\Divisions\ENV\Environmental Phoenix\126996 CALPECO\Biology"
"000000009598E9A20E04F041B38518182890A2D50100A3DF33FCC9BD1644BD14FCA330AA978500001801648D0000"	"\Divisions\ENV\Environmental Phoenix\128280 Bank of Tucson_S-AZ Kart Club Skid Pad"
"000000009598E9A20E04F041B38518182890A2D50100A3DF33FCC9BD1644BD14FCA330AA978500001A3A490B0000"	"\Divisions\ENV\Environmental Phoenix\130904 NW Substation Env Monitor"
"000000009598E9A20E04F041B38518182890A2D50100A3DF33FCC9BD1644BD14FCA330AA978500001DE6F23E0000"	"\Divisions\ENV\Environmental Phoenix\134777 PNM SIL Study"
"000000009598E9A20E04F041B38518182890A2D50100A3DF33FCC9BD1644BD14FCA330AA978500001EF2C0F70000"	"\Divisions\ENV\Public Outreach and Communication\_Public Outreach and Communication\Public Outreach and Communication"
"000000009598E9A20E04F041B38518182890A2D501006C95E27D1ACA634AA1AADC20796388DD000000758F2A0000"	"\Divisions\ENV\Public Outreach and Communication\116828 M5"
"000000009598E9A20E04F041B38518182890A2D501006C95E27D1ACA634AA1AADC20796388DD000000C851520000"	"\Divisions\ENV\Public Outreach and Communication\118687 Graceton/Bagley"
"000000009598E9A20E04F041B38518182890A2D501006C95E27D1ACA634AA1AADC20796388DD000000D702700000"	"\Divisions\ENV\Public Outreach and Communication\121475 Osburn & Star Tailings Impnd"
"000000009598E9A20E04F041B38518182890A2D50100A3DF33FCC9BD1644BD14FCA330AA9785000018DC3CB80000"	"\Divisions\ENV\Public Outreach and Communication\122847 Alpine Fiber Trench1"
"000000009598E9A20E04F041B38518182890A2D501001953B16A689BCD4AA8FC82955DB27CB100000172E0330000"	"\Divisions\ENV\Public Outreach and Communication\124321 Franklin Substation (Pepco)"
"000000009598E9A20E04F041B38518182890A2D50100A3DF33FCC9BD1644BD14FCA330AA9785000023A205C50000"	"\Divisions\ENV\Public Outreach and Communication\125802  SDGE ED DR#9"
"000000009598E9A20E04F041B38518182890A2D50100A3DF33FCC9BD1644BD14FCA330AA9785000017449C7E0000"	"\Divisions\ENV\Public Outreach and Communication\127119 PEPCO_Moss Mill Substation"
"000000009598E9A20E04F041B38518182890A2D50100A3DF33FCC9BD1644BD14FCA330AA9785000017AE3A9D0000"	"\Divisions\ENV\Public Outreach and Communication\128028 City of Crouch"
"000000009598E9A20E04F041B38518182890A2D50100A3DF33FCC9BD1644BD14FCA330AA97850000199658D50000"	"\Divisions\ENV\Public Outreach and Communication\129949 SDGE CNF Video"
"000000009598E9A20E04F041B38518182890A2D50100A3DF33FCC9BD1644BD14FCA330AA978500001B2B50FB0000"	"\Divisions\ENV\Public Outreach and Communication\131702­AEP_Kenmore Sub Artistic Rend"
"000000009598E9A20E04F041B38518182890A2D50100A3DF33FCC9BD1644BD14FCA330AA978500001DCC79A40000"	"\Divisions\ENV\Public Outreach and Communication\133093 - PSE- Langley Tap"
"000000009598E9A20E04F041B38518182890A2D50100A3DF33FCC9BD1644BD14FCA330AA978500001E6A1CF00000"	"\Divisions\ENV\Public Outreach and Communication\134779-ATC-Badger-Coulee"
"000000009598E9A20E04F041B38518182890A2D50100A3DF33FCC9BD1644BD14FCA330AA978500001F25FFF40000"	"\Divisions\ENV\Public Outreach and Communication\135887 Parkrose Substation"
"000000009598E9A20E04F041B38518182890A2D50100A3DF33FCC9BD1644BD14FCA330AA97850000227B00C10000"	"\Divisions\ENV\Public Outreach and Communication\137403 Emera Sub and TLine Sims"
"000000009598E9A20E04F041B38518182890A2D50100A3DF33FCC9BD1644BD14FCA330AA9785000023E989180000"	"\Divisions\ENV\Public Outreach and Communication\139158 Snyderville Sims"
"000000009598E9A20E04F041B38518182890A2D50100A3DF33FCC9BD1644BD14FCA330AA9785000026274E4B0000"	"\Divisions\ENV\Public Outreach and Communication\140218 AEP Malita Substation"
"000000009598E9A20E04F041B38518182890A2D50100A3DF33FCC9BD1644BD14FCA330AA978500002A19D7F50000"	"\Divisions\ENV\Public Outreach and Communication\141400 – Recruiting Tool"
"000000009598E9A20E04F041B38518182890A2D50100A3DF33FCC9BD1644BD14FCA330AA978500002CB014E80000"	"\Divisions\ENV\Public Outreach and Communication\143005 EXELON Corson-MDL-Lake 69kV Rebuild"
"000000009598E9A20E04F041B38518182890A2D5010012225CC57BF01F4EA8CCA87A792FF35F00006291C9B50000"	"\Divisions\ENV\Public Outreach and Communication\144357 - CMP Western Maine Presentation"
"000000009598E9A20E04F041B38518182890A2D5010012225CC57BF01F4EA8CCA87A792FF35F00009B0B6D170000"	"\Divisions\ENV\Public Outreach and Communication\145717  Tradewinds Solar"
"000000009598E9A20E04F041B38518182890A2D5010012225CC57BF01F4EA8CCA87A792FF35F000124BAED940000"	"\Divisions\ENV\Public Outreach and Communication\148488 - ITC: Big Chino Valley Pumped Storage"
"000000009598E9A20E04F041B38518182890A2D501006C95E27D1ACA634AA1AADC20796388DD0000006EF71D0000"	"\Divisions\ENV\Public Outreach and Communication\BD"
"000000009598E9A20E04F041B38518182890A2D50100A3DF33FCC9BD1644BD14FCA330AA9785000023EB727B0000"	"\Divisions\ENV\Public Outreach and Communication\KevinLincolnBoard_2015"
"000000009598E9A20E04F041B38518182890A2D50100A3DF33FCC9BD1644BD14FCA330AA97850000225353E90000"	"\Divisions\ENV\Public Outreach and Communication\Websites"
"000000009598E9A20E04F041B38518182890A2D5010012225CC57BF01F4EA8CCA87A792FF35F0000B7D8B1E90000"	"\Divisions\Facilities \Projects"
"000000009598E9A20E04F041B38518182890A2D50100A3DF33FCC9BD1644BD14FCA330AA978500001D7AEBB50000"	"\Divisions\GIS"
"000000009598E9A20E04F041B38518182890A2D50100A3DF33FCC9BD1644BD14FCA330AA978500001DF360B40000"	"\Divisions\Industrial\Facilities\Architecture Department 180\Facilities Architectural Department"
"000000009598E9A20E04F041B38518182890A2D50100A3DF33FCC9BD1644BD14FCA330AA978500000EB8699E0000"	"\Divisions\Industrial\Food Systems\Company Contacts"
"000000009598E9A20E04F041B38518182890A2D501001296C725372D7F4B86B758A22EA3141B000000550BC40000"	"\Divisions\Industrial\Generation\ATL Mechanical\Mechanical Calendar"
"000000009598E9A20E04F041B38518182890A2D501006C95E27D1ACA634AA1AADC20796388DD00000048DA270000"	"\Divisions\Industrial\Project Control\PC/SS Out of Office"
"000000009598E9A20E04F041B38518182890A2D50100A3DF33FCC9BD1644BD14FCA330AA978500002307260C0000"	"\Divisions\Operations\Corporate Project Mgmt"
"000000009598E9A20E04F041B38518182890A2D50100572FF007A7D6B64CA96E5CFE8E1CC1A40000001292370000"	"\Divisions\Operations\Finance\Taxes\Angola\ANGOLA-OLD"
"000000009598E9A20E04F041B38518182890A2D501001296C725372D7F4B86B758A22EA3141B00000072358C0000"	"\Divisions\Operations\Finance\Taxes\AZ\Copper Verde"
"000000009598E9A20E04F041B38518182890A2D50100572FF007A7D6B64CA96E5CFE8E1CC1A40000003D81510000"	"\Divisions\Operations\Finance\Taxes\CA\Blythe"
"000000009598E9A20E04F041B38518182890A2D50100572FF007A7D6B64CA96E5CFE8E1CC1A40000003D81460000"	"\Divisions\Operations\Finance\Taxes\CA\Visual Genesis"
"000000009598E9A20E04F041B38518182890A2D50100572FF007A7D6B64CA96E5CFE8E1CC1A400000036CDF80000"	"\Divisions\Operations\Finance\Taxes\CANADA\Ontario\York-Difazio"
"000000009598E9A20E04F041B38518182890A2D50100572FF007A7D6B64CA96E5CFE8E1CC1A40000000D5E4B0000"	"\Divisions\Operations\Finance\Taxes\Costa Rica"
"000000009598E9A20E04F041B38518182890A2D501001296C725372D7F4B86B758A22EA3141B000000635ECD0000"	"\Divisions\Operations\Finance\Taxes\IA"
"000000009598E9A20E04F041B38518182890A2D501001296C725372D7F4B86B758A22EA3141B0000003D970F0000"	"\Divisions\Operations\Finance\Taxes\ME"
"000000009598E9A20E04F041B38518182890A2D50100572FF007A7D6B64CA96E5CFE8E1CC1A4000000105F9F0000"	"\Divisions\Operations\Finance\Taxes\NM\115142 San Juan Mesa"
"000000009598E9A20E04F041B38518182890A2D50100572FF007A7D6B64CA96E5CFE8E1CC1A40000001647A10000"	"\Divisions\Operations\Finance\Taxes\NM\Tri-State\106646-Clapham"
"000000009598E9A20E04F041B38518182890A2D501001296C725372D7F4B86B758A22EA3141B0000006C99B50000"	"\Divisions\Operations\Finance\Taxes\SD"
"000000009598E9A20E04F041B38518182890A2D50100CB7D9B6512D7374A860FE542D5770392000001184FCE0000"	"\Divisions\Operations\Finance\Taxes\TAX ALERT - PROJECTS\NC"
"000000009598E9A20E04F041B38518182890A2D501001296C725372D7F4B86B758A22EA3141B00000074E2920000"	"\Divisions\Operations\Finance\Taxes\UT"
"000000009598E9A20E04F041B38518182890A2D50100572FF007A7D6B64CA96E5CFE8E1CC1A40000001A6DBF0000"	"\Divisions\Operations\Finance\Taxes\WA\Simplot"
"000000009598E9A20E04F041B38518182890A2D50100A3DF33FCC9BD1644BD14FCA330AA97850000226249E70000"	"\Divisions\Operations\HR\Information Technology"
"000000009598E9A20E04F041B38518182890A2D50100572FF007A7D6B64CA96E5CFE8E1CC1A400000020846A0000"	"\Divisions\Operations\Information Technology\Help Desk\Help Desk Discussion"
"000000009598E9A20E04F041B38518182890A2D5010012225CC57BF01F4EA8CCA87A792FF35F00001ACFFD4D0000"	"\Divisions\Operations\Information Technology\Networking\Test network folder 2"
"000000009598E9A20E04F041B38518182890A2D50100A3DF33FCC9BD1644BD14FCA330AA9785000016726C330000"	"\Divisions\Operations\Office Build-Out Projects Folder"
"000000009598E9A20E04F041B38518182890A2D50100A3DF33FCC9BD1644BD14FCA330AA9785000016F5F6920000"	"\Divisions\Operations\Office Build-Out Projects Folder\Projects\2012MAD01NEW"
"000000009598E9A20E04F041B38518182890A2D50100A3DF33FCC9BD1644BD14FCA330AA9785000016F57F390000"	"\Divisions\Operations\Office Build-Out Projects Folder\Projects\2012SAC01EXP\Proposals/Workplans"
"000000009598E9A20E04F041B38518182890A2D5010012225CC57BF01F4EA8CCA87A792FF35F0001400D771E0000"	"\Divisions\Operations\Ops Facilities"
"000000009598E9A20E04F041B38518182890A2D50100A3DF33FCC9BD1644BD14FCA330AA978500002D701E5A0000"	"\Divisions\PD\AEP – TCL/SCADA"
"000000009598E9A20E04F041B38518182890A2D5010012225CC57BF01F4EA8CCA87A792FF35F00060BF964810000"	"\Divisions\PD\Distribution Services\Dept. 1018"
"000000009598E9A20E04F041B38518182890A2D5010012225CC57BF01F4EA8CCA87A792FF35F000366AF5CA20000"	"\Divisions\PD\Distribution Services\Dept. 390\Dept 390_Vehicle"
"000000009598E9A20E04F041B38518182890A2D50100A3DF33FCC9BD1644BD14FCA330AA978500001E233C1C0000"	"\Divisions\PD\Distribution Services\Distribution Design Services\134941 Still Water"
"000000009598E9A20E04F041B38518182890A2D50100A3DF33FCC9BD1644BD14FCA330AA9785000021DA0BA30000"	"\Divisions\PD\Distribution Services\Distribution Design Services\137733"
"000000009598E9A20E04F041B38518182890A2D50100A3DF33FCC9BD1644BD14FCA330AA9785000028BEE6290000"	"\Divisions\PD\Distribution Services\Distribution Design Services\141187 - PGE West Union OH-UG CONV"
"000000009598E9A20E04F041B38518182890A2D50100A3DF33FCC9BD1644BD14FCA330AA978500002C9E5CCB0000"	"\Divisions\PD\Distribution Services\Distribution Design Services\142899 - TXDOT IH820 SH 121"
"000000009598E9A20E04F041B38518182890A2D5010012225CC57BF01F4EA8CCA87A792FF35F0001954A99E30000"	"\Divisions\PD\Distribution Services\Distribution Design Services\145132 - DISTRIBUTION CONST STANDARDS\PW Upload"
"000000009598E9A20E04F041B38518182890A2D5010012225CC57BF01F4EA8CCA87A792FF35F0000AACB73C50000"	"\Divisions\PD\Distribution Services\Distribution Design Services\146156 - WEST TX DISTR INSPECT 2017-1"
"000000009598E9A20E04F041B38518182890A2D5010012225CC57BF01F4EA8CCA87A792FF35F0000C6905D1B0000"	"\Divisions\PD\Distribution Services\Distribution Design Services\146608 - 2018BEN01 ALEDO SUB-INSTALL"
"000000009598E9A20E04F041B38518182890A2D5010012225CC57BF01F4EA8CCA87A792FF35F0000F27BC6A70000"	"\Divisions\PD\Distribution Services\Distribution Design Services\147620 - DENTON AVE- MAPLE DR TUB"
"000000009598E9A20E04F041B38518182890A2D5010012225CC57BF01F4EA8CCA87A792FF35F0000F38658610000"	"\Divisions\PD\Distribution Services\Distribution Design Services\147669 - WLNUT-9007"
"000000009598E9A20E04F041B38518182890A2D5010012225CC57BF01F4EA8CCA87A792FF35F00010FCB09C30000"	"\Divisions\PD\Distribution Services\Distribution Design Services\148319 - HELIJET RELAY SETTINGS"
"000000009598E9A20E04F041B38518182890A2D5010012225CC57BF01F4EA8CCA87A792FF35F0005C183DE930000"	"\Divisions\PD\Distribution Services\Out of Office - AEP Distribution\Out of Office - AEP Distribution\Calendar"
"000000009598E9A20E04F041B38518182890A2D50100E34BFE500669CD49AC2E27C6C54DE39D0000002688320000"	"\Divisions\PD\Distribution Services\Substation Benbrook\117736_Houston Oneok Sta 5"
"000000009598E9A20E04F041B38518182890A2D50100A3DF33FCC9BD1644BD14FCA330AA978500000EA6BB140000"	"\Divisions\PD\Distribution Services\Substation Benbrook\117766_FEC NTMWD Able Springs\SRM"
"000000009598E9A20E04F041B38518182890A2D50100A3DF33FCC9BD1644BD14FCA330AA97850000172DCD5D0000"	"\Divisions\PD\Distribution Services\Substation Benbrook\117815_Peach Ck Sub 230kV Conv\DP"
"000000009598E9A20E04F041B38518182890A2D50100E34BFE500669CD49AC2E27C6C54DE39D00000027C7130000"	"\Divisions\PD\Distribution Services\Substation Benbrook\117866_ETEC Sub Inspect"
"000000009598E9A20E04F041B38518182890A2D50100E34BFE500669CD49AC2E27C6C54DE39D0000002688390000"	"\Divisions\PD\Distribution Services\Substation Benbrook\117893_NETEC SCADA"
"000000009598E9A20E04F041B38518182890A2D50100A3DF33FCC9BD1644BD14FCA330AA97850000173BBE660000"	"\Divisions\PD\Distribution Services\Substation Benbrook\117928_Peach Ck Sub 230kV Conv\BMP"
"000000009598E9A20E04F041B38518182890A2D50100E34BFE500669CD49AC2E27C6C54DE39D0000002687C10000"	"\Divisions\PD\Distribution Services\Substation Benbrook\117956_DETEC Fitze Timpson"
"000000009598E9A20E04F041B38518182890A2D50100A3DF33FCC9BD1644BD14FCA330AA97850000256C0C450000"	"\Divisions\PD\Distribution Services\Substation Benbrook\118605 _Center South Auto Station\SRM"
"000000009598E9A20E04F041B38518182890A2D501001953B16A689BCD4AA8FC82955DB27CB1000001315C8F0000"	"\Divisions\PD\Distribution Services\Substation Benbrook\121185_UCS_Gen Eng"
"000000009598E9A20E04F041B38518182890A2D50100A3DF33FCC9BD1644BD14FCA330AA978500001B46A1D90000"	"\Divisions\PD\Distribution Services\Substation Benbrook\122050_TVEC_Canton Upgrade\DP"
"000000009598E9A20E04F041B38518182890A2D50100A3DF33FCC9BD1644BD14FCA330AA978500001903C1F80000"	"\Divisions\PD\Distribution Services\Substation Benbrook\123384_GVEC_Lost Ck\SRM"
"000000009598E9A20E04F041B38518182890A2D501001953B16A689BCD4AA8FC82955DB27CB10000012D01450000"	"\Divisions\PD\Distribution Services\Substation Benbrook\124102_BCEC_Doug-Red"
"000000009598E9A20E04F041B38518182890A2D50100A3DF33FCC9BD1644BD14FCA330AA978500001760B2770000"	"\Divisions\PD\Distribution Services\Substation Benbrook\127518_WCEC_Morris Chapel"
"000000009598E9A20E04F041B38518182890A2D50100A3DF33FCC9BD1644BD14FCA330AA97850000230FB8910000"	"\Divisions\PD\Distribution Services\Substation Benbrook\129557\SRM"
"000000009598E9A20E04F041B38518182890A2D50100A3DF33FCC9BD1644BD14FCA330AA978500001AFDB28B0000"	"\Divisions\PD\Distribution Services\Substation Benbrook\131641_TVEC_Talty Xfrmr"
"000000009598E9A20E04F041B38518182890A2D50100A3DF33FCC9BD1644BD14FCA330AA978500001B8AB25F0000"	"\Divisions\PD\Distribution Services\Substation Benbrook\132595_SHECO_Moss Hill Sub"
"000000009598E9A20E04F041B38518182890A2D5010012225CC57BF01F4EA8CCA87A792FF35F0000E19463E80000"	"\Divisions\PD\Distribution Services\Substation Benbrook\134510\SRM"
"000000009598E9A20E04F041B38518182890A2D50100A3DF33FCC9BD1644BD14FCA330AA97850000230FB9260000"	"\Divisions\PD\Distribution Services\Substation Benbrook\136663\SRM"
"000000009598E9A20E04F041B38518182890A2D50100A3DF33FCC9BD1644BD14FCA330AA978500002356EFD20000"	"\Divisions\PD\Distribution Services\Substation Benbrook\138809_SHECO_Hightower Bkr"
"000000009598E9A20E04F041B38518182890A2D50100A3DF33FCC9BD1644BD14FCA330AA9785000027280A7B0000"	"\Divisions\PD\Distribution Services\Substation Benbrook\140501_Wheatland_Bluff City"
"000000009598E9A20E04F041B38518182890A2D5010012225CC57BF01F4EA8CCA87A792FF35F0000B677F3570000"	"\Divisions\PD\Distribution Services\Substation Benbrook\143762_WhEC_Rago Substation"
"000000009598E9A20E04F041B38518182890A2D5010012225CC57BF01F4EA8CCA87A792FF35F00008E42922B0000"	"\Divisions\PD\Distribution Services\Substation Benbrook\145089_HoCEC_System Coord Studies"
"000000009598E9A20E04F041B38518182890A2D5010012225CC57BF01F4EA8CCA87A792FF35F0000E22DFFF60000"	"\Divisions\PD\Distribution Services\Substation Benbrook\147037_ETEC_Grplnd-Crcktt T-Line Mods"
"000000009598E9A20E04F041B38518182890A2D5010012225CC57BF01F4EA8CCA87A792FF35F000155CA54550000"	"\Divisions\PD\FCS - Overland Park\FCS - Overland Park"
"000000009598E9A20E04F041B38518182890A2D50100A3DF33FCC9BD1644BD14FCA330AA978500001F25A0AC0000"	"\Divisions\PD\Line Ann Arbor\135291.003 Pete"
"000000009598E9A20E04F041B38518182890A2D5010012225CC57BF01F4EA8CCA87A792FF35F0002BD7B694F0000"	"\Divisions\PD\Line Austin\132044 Z21.2/Z86 DMNDBCK-CDR LKS 69KV"
"000000009598E9A20E04F041B38518182890A2D5010012225CC57BF01F4EA8CCA87A792FF35F0002BD7B69650000"	"\Divisions\PD\Line Austin\137282 T616 LEANDER-ROUND ROCK UG EST"
"000000009598E9A20E04F041B38518182890A2D5010012225CC57BF01F4EA8CCA87A792FF35F000105ED97A20000"	"\Divisions\PD\Line Austin\142362 LST Storm Hardening HWY 84"
"000000009598E9A20E04F041B38518182890A2D5010012225CC57BF01F4EA8CCA87A792FF35F0000E22DFFF40000"	"\Divisions\PD\Line Austin\147039 T448 HRSHOE BAY-GILLESPIE OPGW"
"000000009598E9A20E04F041B38518182890A2D5010012225CC57BF01F4EA8CCA87A792FF35F0002BD7B697B0000"	"\Divisions\PD\Line Austin\155887 LST 2019 WHITEHORSE WIND LINE"
"000000009598E9A20E04F041B38518182890A2D501006C95E27D1ACA634AA1AADC20796388DD000000DD7E480000"	"\Divisions\PD\Line Boise\00-DMS Upload\113659 Lk_Yankton\Geo-Tech"
"000000009598E9A20E04F041B38518182890A2D501006C95E27D1ACA634AA1AADC20796388DD0000005D19790000"	"\Divisions\PD\Line Boise\114411 Gateway\Estimates"
"000000009598E9A20E04F041B38518182890A2D501006C95E27D1ACA634AA1AADC20796388DD0000005428800000"	"\Divisions\PD\Line Boise\114411 Gateway\Survey"
"000000009598E9A20E04F041B38518182890A2D50100A3DF33FCC9BD1644BD14FCA330AA978500001C117C8D0000"	"\Divisions\PD\Line Boise\114648 ON Line\NPC ENTI"
"000000009598E9A20E04F041B38518182890A2D50100A3DF33FCC9BD1644BD14FCA330AA97850000197DC5320000"	"\Divisions\PD\Line Boise\115349 Devers Valley\Access Roads1"
"000000009598E9A20E04F041B38518182890A2D501006C95E27D1ACA634AA1AADC20796388DD0000009FAD100000"	"\Divisions\PD\Line Boise\115349 Devers Valley\Survey"
"000000009598E9A20E04F041B38518182890A2D50100CB7D9B6512D7374A860FE542D577039200000123586D0000"	"\Divisions\PD\Line Boise\117207_SWIP South\Project-Revisions"
"000000009598E9A20E04F041B38518182890A2D50100A3DF33FCC9BD1644BD14FCA330AA97850000175DE7A10000"	"\Divisions\PD\Line Boise\117910_Fargo_Alexandria\Alex-Bison Design\Foundation VE"
"000000009598E9A20E04F041B38518182890A2D50100A3DF33FCC9BD1644BD14FCA330AA978500001C6BB7E40000"	"\Divisions\PD\Line Boise\117910_Fargo_Alexandria\Galloping\K-Line"
"000000009598E9A20E04F041B38518182890A2D501006C95E27D1ACA634AA1AADC20796388DD000000F2B5DE0000"	"\Divisions\PD\Line Boise\117910_Fargo_Alexandria\QA-QC\Quarry Fdn NCR"
"000000009598E9A20E04F041B38518182890A2D50100CB7D9B6512D7374A860FE542D577039200000125FED30000"	"\Divisions\PD\Line Boise\117910_Fargo_Alexandria\Quarry-Alex Design\Valmont"
"000000009598E9A20E04F041B38518182890A2D501001953B16A689BCD4AA8FC82955DB27CB1000000EA7A290000"	"\Divisions\PD\Line Boise\123332 CTF River Crossing\Contacts"
"000000009598E9A20E04F041B38518182890A2D50100A3DF33FCC9BD1644BD14FCA330AA9785000017706A4B0000"	"\Divisions\PD\Line Boise\123332 CTF River Crossing\Ped. Bridge"
"000000009598E9A20E04F041B38518182890A2D501001953B16A689BCD4AA8FC82955DB27CB1000001B5703E0000"	"\Divisions\PD\Line Boise\124464_RTRP\111728 - RTRP\AGENCY\FAA"
"000000009598E9A20E04F041B38518182890A2D501001953B16A689BCD4AA8FC82955DB27CB1000001B570550000"	"\Divisions\PD\Line Boise\124464_RTRP\111728 - RTRP\zMISC"
"000000009598E9A20E04F041B38518182890A2D50100A3DF33FCC9BD1644BD14FCA330AA978500001B1BDF4F0000"	"\Divisions\PD\Line Boise\124737 XCEL-GIST2-PSCO-LINE RATING ANY\PHASE 3\Meetings"
"000000009598E9A20E04F041B38518182890A2D50100A3DF33FCC9BD1644BD14FCA330AA97850000174271EB0000"	"\Divisions\PD\Line Boise\124737 XCEL-GIST2-PSCO-LINE RATING ANY\Priority_1\Estimates"
"000000009598E9A20E04F041B38518182890A2D50100A3DF33FCC9BD1644BD14FCA330AA97850000171CED060000"	"\Divisions\PD\Line Boise\124737 XCEL-GIST2-PSCO-LINE RATING ANY\Priority_2\Scope"
"000000009598E9A20E04F041B38518182890A2D50100A3DF33FCC9BD1644BD14FCA330AA9785000017D92A5E0000"	"\Divisions\PD\Line Boise\126427 - XCEL CAPX N ROCHESTER-NORTHERN HILLS"
"000000009598E9A20E04F041B38518182890A2D50100A3DF33FCC9BD1644BD14FCA330AA978500001954BE3A0000"	"\Divisions\PD\Line Boise\126822 XCEL-0844 BLACK DOG-SAVAGE\Drafting"
"000000009598E9A20E04F041B38518182890A2D50100A3DF33FCC9BD1644BD14FCA330AA97850000173D37D20000"	"\Divisions\PD\Line Boise\126822 XCEL-0844 BLACK DOG-SAVAGE\Schedule"
"000000009598E9A20E04F041B38518182890A2D50100A3DF33FCC9BD1644BD14FCA330AA978500001979A0BE0000"	"\Divisions\PD\Line Boise\126981 XCEL-GIST-III Phase 2 Priority 2\Construction\W3205"
"000000009598E9A20E04F041B38518182890A2D50100A3DF33FCC9BD1644BD14FCA330AA978500001D5C8D930000"	"\Divisions\PD\Line Boise\126981 XCEL-GIST-III Phase 2 Priority 2\Design\0883"
"000000009598E9A20E04F041B38518182890A2D50100A3DF33FCC9BD1644BD14FCA330AA97850000188D51870000"	"\Divisions\PD\Line Boise\126981 XCEL-GIST-III Phase 2 Priority 2\Estimates & WO\5301"
"000000009598E9A20E04F041B38518182890A2D50100A3DF33FCC9BD1644BD14FCA330AA978500001728A0740000"	"\Divisions\PD\Line Boise\126981 XCEL-GIST-III Phase 2 Priority 2\Meetings"
"000000009598E9A20E04F041B38518182890A2D50100A3DF33FCC9BD1644BD14FCA330AA978500001728A0850000"	"\Divisions\PD\Line Boise\126981 XCEL-GIST-III Phase 2 Priority 2\Schedule"
"000000009598E9A20E04F041B38518182890A2D50100A3DF33FCC9BD1644BD14FCA330AA9785000019BC525E0000"	"\Divisions\PD\Line Boise\128118_MP_AC Line Rating_2\001L_002L"
"000000009598E9A20E04F041B38518182890A2D50100A3DF33FCC9BD1644BD14FCA330AA9785000018D91F870000"	"\Divisions\PD\Line Boise\128118_MP_AC Line Rating_2\036L"
"000000009598E9A20E04F041B38518182890A2D50100A3DF33FCC9BD1644BD14FCA330AA9785000018D91F930000"	"\Divisions\PD\Line Boise\128118_MP_AC Line Rating_2\054L"
"000000009598E9A20E04F041B38518182890A2D50100A3DF33FCC9BD1644BD14FCA330AA9785000018D91F990000"	"\Divisions\PD\Line Boise\128118_MP_AC Line Rating_2\074L"
"000000009598E9A20E04F041B38518182890A2D50100A3DF33FCC9BD1644BD14FCA330AA978500001956D8910000"	"\Divisions\PD\Line Boise\128118_MP_AC Line Rating_2\137L"
"000000009598E9A20E04F041B38518182890A2D50100A3DF33FCC9BD1644BD14FCA330AA9785000018B591330000"	"\Divisions\PD\Line Boise\128911 Xcel-GIST 3- PHASE 2- LRV PTY 3\Admin"
"000000009598E9A20E04F041B38518182890A2D50100A3DF33FCC9BD1644BD14FCA330AA9785000019C526490000"	"\Divisions\PD\Line Boise\128911 Xcel-GIST 3- PHASE 2- LRV PTY 3\Design\0844"
"000000009598E9A20E04F041B38518182890A2D50100A3DF33FCC9BD1644BD14FCA330AA978500001A3D7FA80000"	"\Divisions\PD\Line Boise\128911 Xcel-GIST 3- PHASE 2- LRV PTY 3\Estimates & WO\0844"
"000000009598E9A20E04F041B38518182890A2D50100A3DF33FCC9BD1644BD14FCA330AA978500001B373E7A0000"	"\Divisions\PD\Line Boise\128911 Xcel-GIST 3- PHASE 2- LRV PTY 3\Materials\0848"
"000000009598E9A20E04F041B38518182890A2D50100A3DF33FCC9BD1644BD14FCA330AA9785000019B7F1750000"	"\Divisions\PD\Line Boise\128911 Xcel-GIST 3- PHASE 2- LRV PTY 3\Remediation\0844"
"000000009598E9A20E04F041B38518182890A2D50100A3DF33FCC9BD1644BD14FCA330AA9785000019ED55A20000"	"\Divisions\PD\Line Boise\128911 Xcel-GIST 3- PHASE 2- LRV PTY 3\Schedule\0844"
"000000009598E9A20E04F041B38518182890A2D50100A3DF33FCC9BD1644BD14FCA330AA978500001CD749760000"	"\Divisions\PD\Line Boise\128911 Xcel-GIST 3- PHASE 2- LRV PTY 3\Survey\5550"
"000000009598E9A20E04F041B38518182890A2D50100A3DF33FCC9BD1644BD14FCA330AA978500001A313A960000"	"\Divisions\PD\Line Boise\128911 Xcel-GIST 3- PHASE 2- LRV PTY 3\Transmittals\5508"
"000000009598E9A20E04F041B38518182890A2D50100A3DF33FCC9BD1644BD14FCA330AA978500001DC70DE00000"	"\Divisions\PD\Line Boise\130412 Xcel (MN) NSP GIST-3 Ph 3\Drafting"
"000000009598E9A20E04F041B38518182890A2D50100A3DF33FCC9BD1644BD14FCA330AA978500001A97D1920000"	"\Divisions\PD\Line Boise\130412 Xcel (MN) NSP GIST-3 Ph 3\RFI"
"000000009598E9A20E04F041B38518182890A2D50100A3DF33FCC9BD1644BD14FCA330AA978500001AAC6FAD0000"	"\Divisions\PD\Line Boise\131302 131500 131501 XCEL W3203 W3509 SEV-TRM\Estimates"
"000000009598E9A20E04F041B38518182890A2D50100A3DF33FCC9BD1644BD14FCA330AA978500001AAEE3EC0000"	"\Divisions\PD\Line Boise\131365 Xcel SW MN GALLOPING INVESTGTN RMD\Admin"
"000000009598E9A20E04F041B38518182890A2D50100A3DF33FCC9BD1644BD14FCA330AA978500001CB7A2690000"	"\Divisions\PD\Line Boise\132072 XCEL-L0953 RECONDUCTOR\Design\Weather Study"
"000000009598E9A20E04F041B38518182890A2D50100A3DF33FCC9BD1644BD14FCA330AA978500002494FE2B0000"	"\Divisions\PD\Line Boise\132155 PSE Eastside\OPGW Size Ground Faults"
"000000009598E9A20E04F041B38518182890A2D50100A3DF33FCC9BD1644BD14FCA330AA978500001DA54B180000"	"\Divisions\PD\Line Boise\134091 PAC Croy-DV\01_Submittals-wDMS#\A_Scoping & Weekly Reports"
"000000009598E9A20E04F041B38518182890A2D50100A3DF33FCC9BD1644BD14FCA330AA978500001DD49E400000"	"\Divisions\PD\Line Boise\134091 PAC Croy-DV\06_Gas-Pipe-Lines"
"000000009598E9A20E04F041B38518182890A2D50100A3DF33FCC9BD1644BD14FCA330AA978500001DD749E80000"	"\Divisions\PD\Line Boise\134473 PCorp Coalville SLV CRK\01_Submittals-wDMS#\F_IFC"
"000000009598E9A20E04F041B38518182890A2D50100A3DF33FCC9BD1644BD14FCA330AA978500001F90E45F0000"	"\Divisions\PD\Line Boise\134473 PCorp Coalville SLV CRK\10_Reroutes"
"000000009598E9A20E04F041B38518182890A2D50100A3DF33FCC9BD1644BD14FCA330AA978500001DD748790000"	"\Divisions\PD\Line Boise\134474 PCorp Croydon-Coalville\01A_Pre-Construction-RFI"
"000000009598E9A20E04F041B38518182890A2D501006C95E27D1ACA634AA1AADC20796388DD000000A919200000"	"\Divisions\PD\Line Boise\135116 SunZia\116500_Sunzia\Meetings & Notes"
"000000009598E9A20E04F041B38518182890A2D50100A3DF33FCC9BD1644BD14FCA330AA9785000019C07BC90000"	"\Divisions\PD\Line Boise\135116 SunZia\116500_Sunzia\Toward Design & Construction\Geotech"
"000000009598E9A20E04F041B38518182890A2D50100A3DF33FCC9BD1644BD14FCA330AA978500002308FE0B0000"	"\Divisions\PD\Line Boise\136620 XCEL-0729 Rplce Pole (See also 133657)\Mat-Trinity Meyer"
"000000009598E9A20E04F041B38518182890A2D50100A3DF33FCC9BD1644BD14FCA330AA9785000021C352D50000"	"\Divisions\PD\Line Boise\137579 XCEL-GISTIII POI ANALYSIS"
"000000009598E9A20E04F041B38518182890A2D5010012225CC57BF01F4EA8CCA87A792FF35F00000A50CB000000"	"\Divisions\PD\Line Boise\137979 GNTL TLine\03_OFC (Outside/Field Coord)"
"000000009598E9A20E04F041B38518182890A2D50100A3DF33FCC9BD1644BD14FCA330AA97850000255DBDCF0000"	"\Divisions\PD\Line Boise\139643 Grand Prairie Wind"
"000000009598E9A20E04F041B38518182890A2D50100A3DF33FCC9BD1644BD14FCA330AA9785000028BF18810000"	"\Divisions\PD\Line Boise\141189-XCEL PSCO Landworks\Admin"
"000000009598E9A20E04F041B38518182890A2D50100A3DF33FCC9BD1644BD14FCA330AA978500002D970F200000"	"\Divisions\PD\Line Boise\143198 XCEL 5570 TAP TO CHASKA NORTH SUB"
"000000009598E9A20E04F041B38518182890A2D5010012225CC57BF01F4EA8CCA87A792FF35F000130BEB7110000"	"\Divisions\PD\Line Boise\144822 ARSENAL HILL-RAINES RD\MATL"
"000000009598E9A20E04F041B38518182890A2D5010012225CC57BF01F4EA8CCA87A792FF35F0001D41A9B000000"	"\Divisions\PD\Line Boise\146618 - Bob TLine\Bid Package Update Notices"
"000000009598E9A20E04F041B38518182890A2D5010012225CC57BF01F4EA8CCA87A792FF35F0000E0E4BE450000"	"\Divisions\PD\Line Boise\146987 XCEL PSCO Misc OH Trans Eng Sppt"
"000000009598E9A20E04F041B38518182890A2D5010012225CC57BF01F4EA8CCA87A792FF35F0001981E48E50000"	"\Divisions\PD\Line Boise\151642 TAL-BER"
"000000009598E9A20E04F041B38518182890A2D5010012225CC57BF01F4EA8CCA87A792FF35F00021D59BCDA0000"	"\Divisions\PD\Line Boise\154320 Ten West\154320 10W Environ"
"000000009598E9A20E04F041B38518182890A2D5010012225CC57BF01F4EA8CCA87A792FF35F00021D59BCE00000"	"\Divisions\PD\Line Boise\154320 Ten West\154320 10W Strs"
"000000009598E9A20E04F041B38518182890A2D5010012225CC57BF01F4EA8CCA87A792FF35F00029BE5327D0000"	"\Divisions\PD\Line Boise\157913 AEP Grape Crk"
"000000009598E9A20E04F041B38518182890A2D501006C95E27D1ACA634AA1AADC20796388DD000000331B2F0000"	"\Divisions\PD\Line Boise\Client-Dept Contacts"
"000000009598E9A20E04F041B38518182890A2D501001953B16A689BCD4AA8FC82955DB27CB10000011FEB040000"	"\Divisions\PD\Line Boise\Line-Rating-Projects\PacifiCorp\B30"
"000000009598E9A20E04F041B38518182890A2D501001953B16A689BCD4AA8FC82955DB27CB10000011B9C260000"	"\Divisions\PD\Line Boise\Line-Rating-Projects\PacifiCorp\S01"
"000000009598E9A20E04F041B38518182890A2D50100A3DF33FCC9BD1644BD14FCA330AA978500001676E7A40000"	"\Divisions\PD\Line Boise\Line-Rating-Projects\PacifiCorp2\B31"
"000000009598E9A20E04F041B38518182890A2D50100A3DF33FCC9BD1644BD14FCA330AA978500001676E7FA0000"	"\Divisions\PD\Line Boise\Line-Rating-Projects\PacifiCorp2\P10"
"000000009598E9A20E04F041B38518182890A2D5010012225CC57BF01F4EA8CCA87A792FF35F00007754B8640000"	"\Divisions\PD\Line Boise\Xcel_Energy_Standards\On-Off-Badge-Training\2017 Training Refresh"
"000000009598E9A20E04F041B38518182890A2D50100A3DF33FCC9BD1644BD14FCA330AA9785000021C4DD570000"	"\Divisions\PD\Line Boise\Xcel_Energy_Standards\On-Off-Badge-Training\Laptop_Assignments\Win7_Refresh"
"000000009598E9A20E04F041B38518182890A2D5010012225CC57BF01F4EA8CCA87A792FF35F0006CB2141D40000"	"\Divisions\PD\Line Boise\Xcel_Energy_Standards\On-Off-Badge-Training\On-Boarding\KP Power"
"000000009598E9A20E04F041B38518182890A2D5010012225CC57BF01F4EA8CCA87A792FF35F00068FDE954A0000"	"\Divisions\PD\Line Boise\Xcel_Energy_Standards\On-Off-Badge-Training\On-Boarding_Prev 10-26-23\RDQ On-Board"
"000000009598E9A20E04F041B38518182890A2D5010012225CC57BF01F4EA8CCA87A792FF35F0001981E490B0000"	"\Divisions\PD\Line Boston\151580 - Dewar Square"
"000000009598E9A20E04F041B38518182890A2D50100A3DF33FCC9BD1644BD14FCA330AA97850000213BF0860000"	"\Divisions\PD\Line Cincinnati\137235 BALTIMORE GAS & ELECTRIC-BGE-500KV TRANSIENT OVER-VOLT"
"000000009598E9A20E04F041B38518182890A2D5010012225CC57BF01F4EA8CCA87A792FF35F0002534804F90000"	"\Divisions\PD\Line Edmonton"
"000000009598E9A20E04F041B38518182890A2D50100A3DF33FCC9BD1644BD14FCA330AA9785000026F4C7860000"	"\Divisions\PD\Line Fort Worth\01 CLOSED PROJS - UPLOAD TO PROJECTWISE\127129 Z83 - Kiser to Cox 69kV - CLOSED 2014"
"000000009598E9A20E04F041B38518182890A2D50100A3DF33FCC9BD1644BD14FCA330AA978500001BEE21A60000"	"\Divisions\PD\Line Fort Worth\131577 - XCEL ENERGY_T51-BOWERS TO GRAPEVW RCNDCTR"
"000000009598E9A20E04F041B38518182890A2D50100A3DF33FCC9BD1644BD14FCA330AA9785000020F643A70000"	"\Divisions\PD\Line Fort Worth\137009 - XCEL ENERGY_V12 115kV to Muleshoe Valley"
"000000009598E9A20E04F041B38518182890A2D50100572FF007A7D6B64CA96E5CFE8E1CC1A4000000105F930000"	"\Divisions\PD\Line Hailey\002_Line Dept Contacts\Vendors"
"000000009598E9A20E04F041B38518182890A2D501001296C725372D7F4B86B758A22EA3141B0000003635DE0000"	"\Divisions\PD\Line Hailey\108628-Umbata Falls\Design\Electric"
"000000009598E9A20E04F041B38518182890A2D501001296C725372D7F4B86B758A22EA3141B000000345DD20000"	"\Divisions\PD\Line Hailey\108628-Umbata Falls\PWC"
"000000009598E9A20E04F041B38518182890A2D501001296C725372D7F4B86B758A22EA3141B00000040E7680000"	"\Divisions\PD\Line Hailey\109585 kec india"
"000000009598E9A20E04F041B38518182890A2D501001296C725372D7F4B86B758A22EA3141B00000058D6A40000"	"\Divisions\PD\Line Hailey\111679_Devers"
"000000009598E9A20E04F041B38518182890A2D50100572FF007A7D6B64CA96E5CFE8E1CC1A4000000643D100000"	"\Divisions\PD\Line Hailey\122230-ICE LiDAR"
"000000009598E9A20E04F041B38518182890A2D5010012225CC57BF01F4EA8CCA87A792FF35F00031E30041D0000"	"\Divisions\PD\Line Hailey\122443_Clear_Crossing-Willow_Crk_EAST\MRLJ09\dups"
"000000009598E9A20E04F041B38518182890A2D501001953B16A689BCD4AA8FC82955DB27CB1000001799C2B0000"	"\Divisions\PD\Line Hailey\122444_Clear_Crossing_Willow_Crk_WEST\MRLJ02"
"000000009598E9A20E04F041B38518182890A2D5010012225CC57BF01F4EA8CCA87A792FF35F00031E30042B0000"	"\Divisions\PD\Line Hailey\122444_Clear_Crossing_Willow_Crk_WEST\Oncor_Warehouse_Orders\dups"
"000000009598E9A20E04F041B38518182890A2D501001953B16A689BCD4AA8FC82955DB27CB100000014FC950000"	"\Divisions\PD\Line Hailey\123272_Rio_Mesa_Solar\122031"
"000000009598E9A20E04F041B38518182890A2D50100A3DF33FCC9BD1644BD14FCA330AA978500002B79D4E00000"	"\Divisions\PD\Line Hailey\125623_BR_734_737_Huty-Robm-1_Nerc"
"000000009598E9A20E04F041B38518182890A2D50100A3DF33FCC9BD1644BD14FCA330AA978500001723FFAA0000"	"\Divisions\PD\Line Hailey\126635_KMPUD_Phs-2_Out_Valley"
"000000009598E9A20E04F041B38518182890A2D50100A3DF33FCC9BD1644BD14FCA330AA97850000230D6F620000"	"\Divisions\PD\Line Hailey\126873_Oncor_Goldsmith-Goldsmith_South\MRLJ04\dups"
"000000009598E9A20E04F041B38518182890A2D50100A3DF33FCC9BD1644BD14FCA330AA978500001773DE780000"	"\Divisions\PD\Line Hailey\127842_RMS_500KV_GEN-TIE"
"000000009598E9A20E04F041B38518182890A2D5010012225CC57BF01F4EA8CCA87A792FF35F00031E3004570000"	"\Divisions\PD\Line Hailey\127942_Riley-Krum_W-P3_Alvord-Chico\MRLJ01\dups"
"000000009598E9A20E04F041B38518182890A2D50100A3DF33FCC9BD1644BD14FCA330AA9785000018332E370000"	"\Divisions\PD\Line Hailey\128417 Algoma Lines North Rebuild"
"000000009598E9A20E04F041B38518182890A2D50100A3DF33FCC9BD1644BD14FCA330AA97850000192EE4600000"	"\Divisions\PD\Line Hailey\129297_Oncor_Franklin-EPDC"
"000000009598E9A20E04F041B38518182890A2D50100A3DF33FCC9BD1644BD14FCA330AA978500001A2E59D70000"	"\Divisions\PD\Line Hailey\129547_Parker-Eagle_Mt\MRLJ02"
"000000009598E9A20E04F041B38518182890A2D50100A3DF33FCC9BD1644BD14FCA330AA9785000021CE4FC30000"	"\Divisions\PD\Line Hailey\129567_Temple_Sw-Bell_Cty_E\WA_13T64039\Warehouse"
"000000009598E9A20E04F041B38518182890A2D50100A3DF33FCC9BD1644BD14FCA330AA978500001DE3064C0000"	"\Divisions\PD\Line Hailey\130149_Canadian_Hills_Gen_Tie\dups"
"000000009598E9A20E04F041B38518182890A2D5010012225CC57BF01F4EA8CCA87A792FF35F00031E3004730000"	"\Divisions\PD\Line Hailey\130257_Stanton_E-Midland-E\MRLJ01\dups"
"000000009598E9A20E04F041B38518182890A2D50100A3DF33FCC9BD1644BD14FCA330AA978500002C0C214A0000"	"\Divisions\PD\Line Hailey\130698_C-TKHL_1492_345-kV_Upgrade"
"000000009598E9A20E04F041B38518182890A2D50100A3DF33FCC9BD1644BD14FCA330AA97850000230B47D90000"	"\Divisions\PD\Line Hailey\131394_WAWA-WATSON\dups"
"000000009598E9A20E04F041B38518182890A2D50100A3DF33FCC9BD1644BD14FCA330AA978500001B09529E0000"	"\Divisions\PD\Line Hailey\131691_Catenary-2_Five_Yr_Inspec"
"000000009598E9A20E04F041B38518182890A2D50100A3DF33FCC9BD1644BD14FCA330AA978500001B779E620000"	"\Divisions\PD\Line Hailey\131879_Odessa_N-Crane"
"000000009598E9A20E04F041B38518182890A2D50100A3DF33FCC9BD1644BD14FCA330AA978500001EECBF980000"	"\Divisions\PD\Line Hailey\132091_Watson-International\MRLJ02"
"000000009598E9A20E04F041B38518182890A2D50100A3DF33FCC9BD1644BD14FCA330AA978500001DB6284C0000"	"\Divisions\PD\Line Hailey\132483_Kawailoa_Solar"
"000000009598E9A20E04F041B38518182890A2D50100A3DF33FCC9BD1644BD14FCA330AA978500001DBD3B870000"	"\Divisions\PD\Line Hailey\133384_Collin-Renner\MRLJ02"
"000000009598E9A20E04F041B38518182890A2D50100A3DF33FCC9BD1644BD14FCA330AA978500001DD8A3F30000"	"\Divisions\PD\Line Hailey\134583_Oran-Advance"
"000000009598E9A20E04F041B38518182890A2D5010012225CC57BF01F4EA8CCA87A792FF35F00031E3004970000"	"\Divisions\PD\Line Hailey\134633_Eagle_Mt-Wagley_Robertson\MRCD01\dups"
"000000009598E9A20E04F041B38518182890A2D50100A3DF33FCC9BD1644BD14FCA330AA978500002256027F0000"	"\Divisions\PD\Line Hailey\134722_Permian_Basin_Sw_Sta\MRGWC1"
"000000009598E9A20E04F041B38518182890A2D50100A3DF33FCC9BD1644BD14FCA330AA978500001E5F8E1B0000"	"\Divisions\PD\Line Hailey\135135_AEP_PJM_Reliability_Window"
"000000009598E9A20E04F041B38518182890A2D50100A3DF33FCC9BD1644BD14FCA330AA978500001F2814240000"	"\Divisions\PD\Line Hailey\135901_WNT_FO_Pole_Analysis"
"000000009598E9A20E04F041B38518182890A2D50100A3DF33FCC9BD1644BD14FCA330AA97850000212F88AC0000"	"\Divisions\PD\Line Hailey\136949-ASCE_paper"
"000000009598E9A20E04F041B38518182890A2D50100A3DF33FCC9BD1644BD14FCA330AA97850000238B572F0000"	"\Divisions\PD\Line Hailey\137396_Hicks-Elizabeth"
"000000009598E9A20E04F041B38518182890A2D50100A3DF33FCC9BD1644BD14FCA330AA9785000023BDFCA00000"	"\Divisions\PD\Line Hailey\137449_Mt_Creek-Norwood"
"000000009598E9A20E04F041B38518182890A2D50100A3DF33FCC9BD1644BD14FCA330AA9785000028623B810000"	"\Divisions\PD\Line Hailey\137449_Mt_Creek-Norwood\MRLJ07"
"000000009598E9A20E04F041B38518182890A2D50100A3DF33FCC9BD1644BD14FCA330AA9785000022BE633B0000"	"\Divisions\PD\Line Hailey\137959_Odessa_EHV-Odessa_Reconduct\MRLJ02"
"000000009598E9A20E04F041B38518182890A2D5010012225CC57BF01F4EA8CCA87A792FF35F000019E269620000"	"\Divisions\PD\Line Hailey\138156_Venus-Cedar_Hill\MRLJ02"
"000000009598E9A20E04F041B38518182890A2D50100A3DF33FCC9BD1644BD14FCA330AA9785000024A88E230000"	"\Divisions\PD\Line Hailey\138218_Means-Fullerton_69kV_RBLD\WA_15T63112"
"000000009598E9A20E04F041B38518182890A2D50100A3DF33FCC9BD1644BD14FCA330AA97850000255B08600000"	"\Divisions\PD\Line Hailey\138504_Holt_SW-N_Andrews"
"000000009598E9A20E04F041B38518182890A2D5010012225CC57BF01F4EA8CCA87A792FF35F000329D570B70000"	"\Divisions\PD\Line Hailey\138504_Holt_SW-N_Andrews\WA_15T63114\MRLJ10\dups"
"000000009598E9A20E04F041B38518182890A2D50100A3DF33FCC9BD1644BD14FCA330AA978500002BA05AAC0000"	"\Divisions\PD\Line Hailey\138796_Hunter_Crk-Brookings\dups"
"000000009598E9A20E04F041B38518182890A2D5010012225CC57BF01F4EA8CCA87A792FF35F00007E79BFE20000"	"\Divisions\PD\Line Hailey\139104_Cedar_Hill-So_Hampton\Issue_Materials_Request"
"000000009598E9A20E04F041B38518182890A2D5010012225CC57BF01F4EA8CCA87A792FF35F000329D570BF0000"	"\Divisions\PD\Line Hailey\139120_Hollingsworth\dups"
"000000009598E9A20E04F041B38518182890A2D50100A3DF33FCC9BD1644BD14FCA330AA97850000248E02A80000"	"\Divisions\PD\Line Hailey\139293_Buzzard_Draw-Lamesa\MRLJ01"
"000000009598E9A20E04F041B38518182890A2D50100A3DF33FCC9BD1644BD14FCA330AA97850000254B883A0000"	"\Divisions\PD\Line Hailey\139554_HPFF_IMPROVE_LINE_1722"
"000000009598E9A20E04F041B38518182890A2D50100A3DF33FCC9BD1644BD14FCA330AA978500002DF040300000"	"\Divisions\PD\Line Hailey\140037_Hillsboro Sw_Sta_AutoTransformer"
"000000009598E9A20E04F041B38518182890A2D5010012225CC57BF01F4EA8CCA87A792FF35F0003032B60270000"	"\Divisions\PD\Line Hailey\140780_PNM_RL Fiber Optic\dups"
"000000009598E9A20E04F041B38518182890A2D5010012225CC57BF01F4EA8CCA87A792FF35F00003B473D4A0000"	"\Divisions\PD\Line Hailey\141112_Venus Sw Sta - Midlothian\MRLJ06"
"000000009598E9A20E04F041B38518182890A2D5010012225CC57BF01F4EA8CCA87A792FF35F0002C0C6A1C90000"	"\Divisions\PD\Line Hailey\141183_CROWN RD - NORWOOD SW STA \MRLJ11"
"000000009598E9A20E04F041B38518182890A2D5010012225CC57BF01F4EA8CCA87A792FF35F0001A7C15ADD0000"	"\Divisions\PD\Line Hailey\141185_Northaven-Preston Rd North\MRLJ07"
"000000009598E9A20E04F041B38518182890A2D50100A3DF33FCC9BD1644BD14FCA330AA978500002C36941B0000"	"\Divisions\PD\Line Hailey\141398_Trinidad-Richland"
"000000009598E9A20E04F041B38518182890A2D5010012225CC57BF01F4EA8CCA87A792FF35F0000309CC0D50000"	"\Divisions\PD\Line Hailey\141436_Norwood-Amelia\MRLJ02"
"000000009598E9A20E04F041B38518182890A2D50100A3DF33FCC9BD1644BD14FCA330AA9785000029719A410000"	"\Divisions\PD\Line Hailey\141489_AEP_Lon_Hill-Rio_Hondo"
"000000009598E9A20E04F041B38518182890A2D5010012225CC57BF01F4EA8CCA87A792FF35F0000672391490000"	"\Divisions\PD\Line Hailey\141658_Holt_N_Andrews-Midland_Farms\17T63023\MRAC_17T63023"
"000000009598E9A20E04F041B38518182890A2D5010012225CC57BF01F4EA8CCA87A792FF35F0001CBD96D770000"	"\Divisions\PD\Line Hailey\141659_Holt - Andrews N-Andrews Cty S\WA 16T63098\MRLJ09"
"000000009598E9A20E04F041B38518182890A2D5010012225CC57BF01F4EA8CCA87A792FF35F0000F88D86320000"	"\Divisions\PD\Line Hailey\141803_Wedgewood Sw Sta-Forest Hill Sta\MRLJ01_Concrete Poles"
"000000009598E9A20E04F041B38518182890A2D5010012225CC57BF01F4EA8CCA87A792FF35F00022F1D09410000"	"\Divisions\PD\Line Hailey\142200_P21G_Line_Str_Analysis\BD_Effort_ Emails_P21G\dups"
"000000009598E9A20E04F041B38518182890A2D5010012225CC57BF01F4EA8CCA87A792FF35F0000B2BA27240000"	"\Divisions\PD\Line Hailey\142858_PERMIAN BASIN-WICKETT: YUCCA\MRLJ02"
"000000009598E9A20E04F041B38518182890A2D5010012225CC57BF01F4EA8CCA87A792FF35F00008A740CA30000"	"\Divisions\PD\Line Hailey\142862_ODESSA N-PERMIAN BASIN: YUCCA"
"000000009598E9A20E04F041B38518182890A2D5010012225CC57BF01F4EA8CCA87A792FF35F0001A7C15ABB0000"	"\Divisions\PD\Line Hailey\142863_PERMIAN BASIN - WINK (WEST): WOLF\MRLJ06_H-Frame Sw Hardware Kit"
"000000009598E9A20E04F041B38518182890A2D5010012225CC57BF01F4EA8CCA87A792FF35F000023CCCEEE0000"	"\Divisions\PD\Line Hailey\143211_CRUX_CLEVELAND_NF-EPC"
"000000009598E9A20E04F041B38518182890A2D5010012225CC57BF01F4EA8CCA87A792FF35F00010A95AC590000"	"\Divisions\PD\Line Hailey\143469_Carrollton_NW-Crown Rd\WA Not Open - Order Requests"
"000000009598E9A20E04F041B38518182890A2D5010012225CC57BF01F4EA8CCA87A792FF35F0001CE2849560000"	"\Divisions\PD\Line Hailey\143834_Smart_Wires_Support\T11_CH SmartValve"
"000000009598E9A20E04F041B38518182890A2D5010012225CC57BF01F4EA8CCA87A792FF35F0002391214FE0000"	"\Divisions\PD\Line Hailey\143834_Smart_Wires_Support\TX_SmartPOD"
"000000009598E9A20E04F041B38518182890A2D5010012225CC57BF01F4EA8CCA87A792FF35F0000C4975B170000"	"\Divisions\PD\Line Hailey\143961_Tricorner_SEAGOVILLE-TRICORNER\MRLJ01"
"000000009598E9A20E04F041B38518182890A2D5010012225CC57BF01F4EA8CCA87A792FF35F000178961AB90000"	"\Divisions\PD\Line Hailey\144305_STN-4320H_STRCTR_COMPRTV_STDY\dups"
"000000009598E9A20E04F041B38518182890A2D5010012225CC57BF01F4EA8CCA87A792FF35F000049C4B1D20000"	"\Divisions\PD\Line Hailey\144455_Trinidad-Winkler\MRLJ05"
"000000009598E9A20E04F041B38518182890A2D5010012225CC57BF01F4EA8CCA87A792FF35F0002D18D62AD0000"	"\Divisions\PD\Line Hailey\144542_ETT-BKRSFLD-RED BARN ET1600803\dups"
"000000009598E9A20E04F041B38518182890A2D5010012225CC57BF01F4EA8CCA87A792FF35F00007E79BFCC0000"	"\Divisions\PD\Line Hailey\144841_RECURRENT_MUSTANG_2"
"000000009598E9A20E04F041B38518182890A2D5010012225CC57BF01F4EA8CCA87A792FF35F00013250E02F0000"	"\Divisions\PD\Line Hailey\145251_Watermill Sw Sta-Camp Wisdom Rd\MRLJ02"
"000000009598E9A20E04F041B38518182890A2D5010012225CC57BF01F4EA8CCA87A792FF35F00016AA4C3980000"	"\Divisions\PD\Line Hailey\145469_Yucca Dr - AEP Barilla Jct\17T63048\MRLJ07"
"000000009598E9A20E04F041B38518182890A2D5010012225CC57BF01F4EA8CCA87A792FF35F0000ED289A4B0000"	"\Divisions\PD\Line Hailey\145544_Cedar_Crest-Industrial_Wall_St\MRLJ01_Steel_Poles"
"000000009598E9A20E04F041B38518182890A2D5010012225CC57BF01F4EA8CCA87A792FF35F0000C5E55CA50000"	"\Divisions\PD\Line Hailey\145622_PAHRUMP-MEAD-BLM_SUPPORT\BD_Effort"
"000000009598E9A20E04F041B38518182890A2D5010012225CC57BF01F4EA8CCA87A792FF35F00010A95AC730000"	"\Divisions\PD\Line Hailey\145911_Northaven Lines\00_WA Not Open - Submitted Material Requests"
"000000009598E9A20E04F041B38518182890A2D5010012225CC57BF01F4EA8CCA87A792FF35F00027B6D7B0C0000"	"\Divisions\PD\Line Hailey\145911_Northaven Lines\16T65186_Northaven-Preston\MRLJ12_Steel Pole"
"000000009598E9A20E04F041B38518182890A2D5010012225CC57BF01F4EA8CCA87A792FF35F0000C5E55C870000"	"\Divisions\PD\Line Hailey\146556_LONG_SPAN_STUDY\BD_Effort"
"000000009598E9A20E04F041B38518182890A2D5010012225CC57BF01F4EA8CCA87A792FF35F0000EA381C2A0000"	"\Divisions\PD\Line Hailey\147139_SVK_400KV_XLPE_UG_TUNNEL"
"000000009598E9A20E04F041B38518182890A2D5010012225CC57BF01F4EA8CCA87A792FF35F00017F74DCA50000"	"\Divisions\PD\Line Hailey\148181_Lamifil_Sag-Ten Analysis\dups"
"000000009598E9A20E04F041B38518182890A2D5010012225CC57BF01F4EA8CCA87A792FF35F00028774B2A70000"	"\Divisions\PD\Line Hailey\148326_Cedar Crest-Wall St\OPT 38736\MRLJ01"
"000000009598E9A20E04F041B38518182890A2D5010012225CC57BF01F4EA8CCA87A792FF35F00016F8EA1DB0000"	"\Divisions\PD\Line Hailey\149162_Arco-Krugerville Ph-1\MRLJ02"
"000000009598E9A20E04F041B38518182890A2D5010012225CC57BF01F4EA8CCA87A792FF35F00018C4EBFAF0000"	"\Divisions\PD\Line Hailey\149602 TG High Prairie"
"000000009598E9A20E04F041B38518182890A2D5010012225CC57BF01F4EA8CCA87A792FF35F0001FDB461C90000"	"\Divisions\PD\Line Hailey\151641_General Motors-International Airport\MRLJ05"
"000000009598E9A20E04F041B38518182890A2D5010012225CC57BF01F4EA8CCA87A792FF35F0001B17040650000"	"\Divisions\PD\Line Hailey\151713_SAGINAW 138KV SW STA REB"
"000000009598E9A20E04F041B38518182890A2D5010012225CC57BF01F4EA8CCA87A792FF35F0001F67CE09B0000"	"\Divisions\PD\Line Hailey\152562_Handley Sw-Liggett_Retermination At Airport"
"000000009598E9A20E04F041B38518182890A2D5010012225CC57BF01F4EA8CCA87A792FF35F0001B748E7470000"	"\Divisions\PD\Line Hailey\152876_RETERM WICHITA FALLS-LK WICH\MRLJ02_AB Cage"
"000000009598E9A20E04F041B38518182890A2D5010012225CC57BF01F4EA8CCA87A792FF35F00027B6D7B3E0000"	"\Divisions\PD\Line Hailey\153312-Nepal Construction"
"000000009598E9A20E04F041B38518182890A2D5010012225CC57BF01F4EA8CCA87A792FF35F00022308A3810000"	"\Divisions\PD\Line Hailey\153698_KEMP RANCH SW-GENUS #2"
"000000009598E9A20E04F041B38518182890A2D5010012225CC57BF01F4EA8CCA87A792FF35F0001EC547E180000"	"\Divisions\PD\Line Hailey\153757_HANDLEY SW.-DEEN SW"
"000000009598E9A20E04F041B38518182890A2D5010012225CC57BF01F4EA8CCA87A792FF35F0001EC547E1C0000"	"\Divisions\PD\Line Hailey\153759_EAGLE MT SW.-DEEN SW"
"000000009598E9A20E04F041B38518182890A2D5010012225CC57BF01F4EA8CCA87A792FF35F0001EC547E560000"	"\Divisions\PD\Line Hailey\153872_HUMBOLDT CNTY T-LINE PRE DSGN"
"000000009598E9A20E04F041B38518182890A2D5010012225CC57BF01F4EA8CCA87A792FF35F0002A9804DD20000"	"\Divisions\PD\Line Hailey\154678_Odessa EHV Sw-Wolf Sw"
"000000009598E9A20E04F041B38518182890A2D5010012225CC57BF01F4EA8CCA87A792FF35F0002ADAF34930000"	"\Divisions\PD\Line Hailey\154678_Odessa EHV Sw-Wolf Sw\MRTW01_Tower Order"
"000000009598E9A20E04F041B38518182890A2D5010012225CC57BF01F4EA8CCA87A792FF35F0002A9804DB80000"	"\Divisions\PD\Line Hailey\154683_Odessa EHV Sw-Moss\MRLJ02_Locweld Steel Twrs"
"000000009598E9A20E04F041B38518182890A2D5010012225CC57BF01F4EA8CCA87A792FF35F000225419FAF0000"	"\Divisions\PD\Line Hailey\155013_TXDOT 2818 138KV PROJECT"
"000000009598E9A20E04F041B38518182890A2D5010012225CC57BF01F4EA8CCA87A792FF35F00036983EE170000"	"\Divisions\PD\Line Hailey\155311_Owl Hills Sw-Tunstill POD Sta\MRLJ14"
"000000009598E9A20E04F041B38518182890A2D5010012225CC57BF01F4EA8CCA87A792FF35F00026A6399090000"	"\Divisions\PD\Line Hailey\156389_Riverton Sw-Sand-Split WA"
"000000009598E9A20E04F041B38518182890A2D5010012225CC57BF01F4EA8CCA87A792FF35F0002FE7C356E0000"	"\Divisions\PD\Line Hailey\156541_LAKE CRK SW-WACO EAST SW\MRLJ02"
"000000009598E9A20E04F041B38518182890A2D5010012225CC57BF01F4EA8CCA87A792FF35F00029FCE02A00000"	"\Divisions\PD\Line Hailey\158032_SCE POLE FIRE ANALYSIS"
"000000009598E9A20E04F041B38518182890A2D5010012225CC57BF01F4EA8CCA87A792FF35F0002E9951CE00000"	"\Divisions\PD\Line Hailey\158888_SEE PROJWISE\MRLJ01_WIRE"
"000000009598E9A20E04F041B38518182890A2D5010012225CC57BF01F4EA8CCA87A792FF35F0002ABF385C60000"	"\Divisions\PD\Line Hailey\159436_ALPHA RD-KNOLL TRAIL\OPT 39714 Northaven-Preston RD"
"000000009598E9A20E04F041B38518182890A2D5010012225CC57BF01F4EA8CCA87A792FF35F0003BA58E9380000"	"\Divisions\PD\Line Hailey\165144-Sagebrush"
"000000009598E9A20E04F041B38518182890A2D501001296C725372D7F4B86B758A22EA3141B000000550BDB0000"	"\Divisions\PD\Line Hailey\Allegheny TrAIL\Material"
"000000009598E9A20E04F041B38518182890A2D501001296C725372D7F4B86B758A22EA3141B00000026E9760000"	"\Divisions\PD\Line Hailey\BD_Efforts\108934-ATC"
"000000009598E9A20E04F041B38518182890A2D50100572FF007A7D6B64CA96E5CFE8E1CC1A400000051199D0000"	"\Divisions\PD\Line Hailey\BD_Efforts\116196_ILM\RFI"
"000000009598E9A20E04F041B38518182890A2D50100572FF007A7D6B64CA96E5CFE8E1CC1A400000028F4E50000"	"\Divisions\PD\Line Hailey\BD_Efforts\118770-Mortenson CSP Plant"
"000000009598E9A20E04F041B38518182890A2D50100572FF007A7D6B64CA96E5CFE8E1CC1A40000005119AB0000"	"\Divisions\PD\Line Hailey\BD_Efforts\120020-NTL\Safety"
"000000009598E9A20E04F041B38518182890A2D50100572FF007A7D6B64CA96E5CFE8E1CC1A40000005F0C7D0000"	"\Divisions\PD\Line Hailey\BD_Efforts\121988-Kenny_PacifiCorp_Clover_1-28-11"
"000000009598E9A20E04F041B38518182890A2D5010012225CC57BF01F4EA8CCA87A792FF35F0000B2BA271C0000"	"\Divisions\PD\Line Hailey\BD_Efforts\Abengoa"
"000000009598E9A20E04F041B38518182890A2D501001953B16A689BCD4AA8FC82955DB27CB100000160F7400000"	"\Divisions\PD\Line Hailey\BD_Efforts\AEP\120342-Lobo-Valley 345kV"
"000000009598E9A20E04F041B38518182890A2D50100A3DF33FCC9BD1644BD14FCA330AA9785000025A47F540000"	"\Divisions\PD\Line Hailey\BD_Efforts\AEP\staticmast-study"
"000000009598E9A20E04F041B38518182890A2D50100A3DF33FCC9BD1644BD14FCA330AA9785000019C31B6D0000"	"\Divisions\PD\Line Hailey\BD_Efforts\Algoma\Wawa Rebuild and Lidar"
"000000009598E9A20E04F041B38518182890A2D50100A3DF33FCC9BD1644BD14FCA330AA978500001FA906880000"	"\Divisions\PD\Line Hailey\BD_Efforts\Alta Gas\2014"
"000000009598E9A20E04F041B38518182890A2D50100A3DF33FCC9BD1644BD14FCA330AA978500002DF148F90000"	"\Divisions\PD\Line Hailey\BD_Efforts\Anderson and Wood"
"000000009598E9A20E04F041B38518182890A2D50100A3DF33FCC9BD1644BD14FCA330AA9785000021277FEF0000"	"\Divisions\PD\Line Hailey\BD_Efforts\ARB\2015\San Juan_PNM"
"000000009598E9A20E04F041B38518182890A2D50100A3DF33FCC9BD1644BD14FCA330AA978500001FF0ECA80000"	"\Divisions\PD\Line Hailey\BD_Efforts\Atlantic Power_Ridgeline\2014"
"000000009598E9A20E04F041B38518182890A2D5010012225CC57BF01F4EA8CCA87A792FF35F0000F38658510000"	"\Divisions\PD\Line Hailey\BD_Efforts\BC Hydro\2017"
"000000009598E9A20E04F041B38518182890A2D5010012225CC57BF01F4EA8CCA87A792FF35F0000A3FACBEB0000"	"\Divisions\PD\Line Hailey\BD_Efforts\Birdseye\2017"
"000000009598E9A20E04F041B38518182890A2D50100A3DF33FCC9BD1644BD14FCA330AA978500001CEAA83E0000"	"\Divisions\PD\Line Hailey\BD_Efforts\Black Hills Power\Line Patrol"
"000000009598E9A20E04F041B38518182890A2D501001953B16A689BCD4AA8FC82955DB27CB1000001DE8B0E0000"	"\Divisions\PD\Line Hailey\BD_Efforts\Bright Source\Johnson Valley"
"000000009598E9A20E04F041B38518182890A2D5010012225CC57BF01F4EA8CCA87A792FF35F00016EA992960000"	"\Divisions\PD\Line Hailey\BD_Efforts\Brookfield Renewable\2018"
"000000009598E9A20E04F041B38518182890A2D5010012225CC57BF01F4EA8CCA87A792FF35F00011D8C7A530000"	"\Divisions\PD\Line Hailey\BD_Efforts\CEATI\2017\Vegetation Management"
"000000009598E9A20E04F041B38518182890A2D501001953B16A689BCD4AA8FC82955DB27CB1000000002E770000"	"\Divisions\PD\Line Hailey\BD_Efforts\Champlin Wind\Wilson Creek_123567"
"000000009598E9A20E04F041B38518182890A2D50100A3DF33FCC9BD1644BD14FCA330AA978500001F7C9CC40000"	"\Divisions\PD\Line Hailey\BD_Efforts\City of Boulder City"
"000000009598E9A20E04F041B38518182890A2D50100A3DF33FCC9BD1644BD14FCA330AA978500002ABFBA520000"	"\Divisions\PD\Line Hailey\BD_Efforts\Clean Line\2015\Failure Containment"
"000000009598E9A20E04F041B38518182890A2D50100A3DF33FCC9BD1644BD14FCA330AA9785000022FB84BF0000"	"\Divisions\PD\Line Hailey\BD_Efforts\Coos Curry Electric Coop\2015\Arrester Analysis"
"000000009598E9A20E04F041B38518182890A2D50100A3DF33FCC9BD1644BD14FCA330AA978500002BBCC9AF0000"	"\Divisions\PD\Line Hailey\BD_Efforts\Detente"
"000000009598E9A20E04F041B38518182890A2D5010012225CC57BF01F4EA8CCA87A792FF35F00019ED8C1F10000"	"\Divisions\PD\Line Hailey\BD_Efforts\EDM"
"000000009598E9A20E04F041B38518182890A2D50100A3DF33FCC9BD1644BD14FCA330AA978500002ABD21B40000"	"\Divisions\PD\Line Hailey\BD_Efforts\EKPC\2016\Hodgenville-Stephensburg 69 kV"
"000000009598E9A20E04F041B38518182890A2D5010012225CC57BF01F4EA8CCA87A792FF35F000075E8E1290000"	"\Divisions\PD\Line Hailey\BD_Efforts\Enel Green Power\2017"
"000000009598E9A20E04F041B38518182890A2D5010012225CC57BF01F4EA8CCA87A792FF35F00008C3235B80000"	"\Divisions\PD\Line Hailey\BD_Efforts\Entergy\2017"
"000000009598E9A20E04F041B38518182890A2D50100572FF007A7D6B64CA96E5CFE8E1CC1A400000064F1640000"	"\Divisions\PD\Line Hailey\BD_Efforts\EoN\Eon_Pioneer Trail"
"000000009598E9A20E04F041B38518182890A2D50100A3DF33FCC9BD1644BD14FCA330AA978500001B3D74C50000"	"\Divisions\PD\Line Hailey\BD_Efforts\Excel\Tower Modeling"
"000000009598E9A20E04F041B38518182890A2D50100A3DF33FCC9BD1644BD14FCA330AA978500001D679DC80000"	"\Divisions\PD\Line Hailey\BD_Efforts\First Solar\2014\California Flats"
"000000009598E9A20E04F041B38518182890A2D50100A3DF33FCC9BD1644BD14FCA330AA978500002300844F0000"	"\Divisions\PD\Line Hailey\BD_Efforts\Flatiron\General"
"000000009598E9A20E04F041B38518182890A2D50100A3DF33FCC9BD1644BD14FCA330AA97850000271E4C340000"	"\Divisions\PD\Line Hailey\BD_Efforts\Freeport McMoran_Morenci\General"
"000000009598E9A20E04F041B38518182890A2D50100A3DF33FCC9BD1644BD14FCA330AA97850000227B382B0000"	"\Divisions\PD\Line Hailey\BD_Efforts\Genalta\General"
"000000009598E9A20E04F041B38518182890A2D50100F3BCE3A574023B4482F2E427B5A3121800004D8E99730000"	"\Divisions\PD\Line Hailey\BD_Efforts\GLP\2009 Projects\Great Lakes Power 2009\GLP - K24G"
"000000009598E9A20E04F041B38518182890A2D50100A3DF33FCC9BD1644BD14FCA330AA97850000230726D50000"	"\Divisions\PD\Line Hailey\BD_Efforts\GLP\2015\Hollingsworth"
"000000009598E9A20E04F041B38518182890A2D50100A3DF33FCC9BD1644BD14FCA330AA978500002CAC3BCC0000"	"\Divisions\PD\Line Hailey\BD_Efforts\Goldwind\2016\Rattlesnake OE"
"000000009598E9A20E04F041B38518182890A2D5010012225CC57BF01F4EA8CCA87A792FF35F00007754B8980000"	"\Divisions\PD\Line Hailey\BD_Efforts\GridLiance\General"
"000000009598E9A20E04F041B38518182890A2D50100A3DF33FCC9BD1644BD14FCA330AA97850000240EE1460000"	"\Divisions\PD\Line Hailey\BD_Efforts\Harvest Energy Services\General"
"000000009598E9A20E04F041B38518182890A2D50100A3DF33FCC9BD1644BD14FCA330AA97850000172510890000"	"\Divisions\PD\Line Hailey\BD_Efforts\Heco\6800 Line"
"000000009598E9A20E04F041B38518182890A2D50100A3DF33FCC9BD1644BD14FCA330AA9785000025844B650000"	"\Divisions\PD\Line Hailey\BD_Efforts\Hundseth\General"
"000000009598E9A20E04F041B38518182890A2D50100A3DF33FCC9BD1644BD14FCA330AA978500001CEEE5C40000"	"\Divisions\PD\Line Hailey\BD_Efforts\Iberdrola\Manzana Wind Farm"
"000000009598E9A20E04F041B38518182890A2D5010012225CC57BF01F4EA8CCA87A792FF35F000347D451920000"	"\Divisions\PD\Line Hailey\BD_Efforts\IDB\General"
"000000009598E9A20E04F041B38518182890A2D50100A3DF33FCC9BD1644BD14FCA330AA97850000241253AE0000"	"\Divisions\PD\Line Hailey\BD_Efforts\International"
"000000009598E9A20E04F041B38518182890A2D50100A3DF33FCC9BD1644BD14FCA330AA97850000217B3A830000"	"\Divisions\PD\Line Hailey\BD_Efforts\Juwi Wind\2015"
"000000009598E9A20E04F041B38518182890A2D50100A3DF33FCC9BD1644BD14FCA330AA9785000017773FC40000"	"\Divisions\PD\Line Hailey\BD_Efforts\KETRACO"
"000000009598E9A20E04F041B38518182890A2D5010012225CC57BF01F4EA8CCA87A792FF35F00003452E6740000"	"\Divisions\PD\Line Hailey\BD_Efforts\Lamifil\2016"
"000000009598E9A20E04F041B38518182890A2D5010012225CC57BF01F4EA8CCA87A792FF35F0001DF3308CB0000"	"\Divisions\PD\Line Hailey\BD_Efforts\LATIN AMERICA\Brazil"
"000000009598E9A20E04F041B38518182890A2D50100A3DF33FCC9BD1644BD14FCA330AA978500002BDFE09A0000"	"\Divisions\PD\Line Hailey\BD_Efforts\LATIN AMERICA\Central America\Costa Rica\ESPH\2016\EOLICO El Quijote"
"000000009598E9A20E04F041B38518182890A2D50100A3DF33FCC9BD1644BD14FCA330AA978500002BC7B2F70000"	"\Divisions\PD\Line Hailey\BD_Efforts\LATIN AMERICA\Central America\Costa Rica\ICE\2015\New str family"
"000000009598E9A20E04F041B38518182890A2D5010012225CC57BF01F4EA8CCA87A792FF35F000117D40FE50000"	"\Divisions\PD\Line Hailey\BD_Efforts\LATIN AMERICA\Central America\Costa Rica\ICE\2017\BIM"
"000000009598E9A20E04F041B38518182890A2D5010012225CC57BF01F4EA8CCA87A792FF35F000227137F5C0000"	"\Divisions\PD\Line Hailey\BD_Efforts\LATIN AMERICA\Central America\Costa Rica\ICE\2018\KFW BESS Bolivia"
"000000009598E9A20E04F041B38518182890A2D50100A3DF33FCC9BD1644BD14FCA330AA978500002BC84ABC0000"	"\Divisions\PD\Line Hailey\BD_Efforts\LATIN AMERICA\Central America\Costa Rica\ICE\Old Projects\2015\EPR Capacity Increase"
"000000009598E9A20E04F041B38518182890A2D50100A3DF33FCC9BD1644BD14FCA330AA978500002BC8912D0000"	"\Divisions\PD\Line Hailey\BD_Efforts\LATIN AMERICA\Central America\Costa Rica\ICE\Old Projects\Foundations feasibility study"
"000000009598E9A20E04F041B38518182890A2D50100A3DF33FCC9BD1644BD14FCA330AA978500002BC8EB530000"	"\Divisions\PD\Line Hailey\BD_Efforts\LATIN AMERICA\Central America\Costa Rica\ICE\Old Projects\Mines"
"000000009598E9A20E04F041B38518182890A2D50100A3DF33FCC9BD1644BD14FCA330AA978500002BC928E60000"	"\Divisions\PD\Line Hailey\BD_Efforts\LATIN AMERICA\Central America\Costa Rica\ICE\Old Projects\Wind Projects"
"000000009598E9A20E04F041B38518182890A2D50100A3DF33FCC9BD1644BD14FCA330AA978500002BC74E7B0000"	"\Divisions\PD\Line Hailey\BD_Efforts\LATIN AMERICA\Central America\Costa Rica\XPERTEC\Projects\2011\Acciona Chiripa wind project CR_Dec2011"
"000000009598E9A20E04F041B38518182890A2D50100A3DF33FCC9BD1644BD14FCA330AA978500002C84FDD00000"	"\Divisions\PD\Line Hailey\BD_Efforts\LATIN AMERICA\Central America\EPR\2016\System study"
"000000009598E9A20E04F041B38518182890A2D50100A3DF33FCC9BD1644BD14FCA330AA978500002BC64AE80000"	"\Divisions\PD\Line Hailey\BD_Efforts\LATIN AMERICA\Central America\Panama\ETESA"
"000000009598E9A20E04F041B38518182890A2D5010012225CC57BF01F4EA8CCA87A792FF35F00011CBC1F760000"	"\Divisions\PD\Line Hailey\BD_Efforts\LATIN AMERICA\Central America\Panama\SEC - Martano"
"000000009598E9A20E04F041B38518182890A2D50100A3DF33FCC9BD1644BD14FCA330AA978500001D69A9EE0000"	"\Divisions\PD\Line Hailey\BD_Efforts\LATIN AMERICA\Chile\Transelec"
"000000009598E9A20E04F041B38518182890A2D5010012225CC57BF01F4EA8CCA87A792FF35F00008261204F0000"	"\Divisions\PD\Line Hailey\BD_Efforts\LATIN AMERICA\Chile\Transelec\2017\Chacao Channel X-ing"
"000000009598E9A20E04F041B38518182890A2D5010012225CC57BF01F4EA8CCA87A792FF35F00016EA992900000"	"\Divisions\PD\Line Hailey\BD_Efforts\LATIN AMERICA\Colombia\ieb\General"
"000000009598E9A20E04F041B38518182890A2D50100A3DF33FCC9BD1644BD14FCA330AA978500002BC5C2040000"	"\Divisions\PD\Line Hailey\BD_Efforts\LATIN AMERICA\Mexico\CFE\132898-CFE Training"
"000000009598E9A20E04F041B38518182890A2D50100A3DF33FCC9BD1644BD14FCA330AA978500002C0A63A60000"	"\Divisions\PD\Line Hailey\BD_Efforts\LATIN AMERICA\Mexico\IEnova\General"
"000000009598E9A20E04F041B38518182890A2D5010012225CC57BF01F4EA8CCA87A792FF35F00012B5C43BB0000"	"\Divisions\PD\Line Hailey\BD_Efforts\LATIN AMERICA\Puerto Rico"
"000000009598E9A20E04F041B38518182890A2D5010012225CC57BF01F4EA8CCA87A792FF35F0000AED689CC0000"	"\Divisions\PD\Line Hailey\BD_Efforts\LCRA\2017\Zorn to Marion"
"000000009598E9A20E04F041B38518182890A2D50100A3DF33FCC9BD1644BD14FCA330AA9785000025EE0A410000"	"\Divisions\PD\Line Hailey\BD_Efforts\Matrix NAC"
"000000009598E9A20E04F041B38518182890A2D50100A3DF33FCC9BD1644BD14FCA330AA978500001DACD3500000"	"\Divisions\PD\Line Hailey\BD_Efforts\Michels\First Solar_Recurrent-Astoria"
"000000009598E9A20E04F041B38518182890A2D50100A3DF33FCC9BD1644BD14FCA330AA978500002613C4210000"	"\Divisions\PD\Line Hailey\BD_Efforts\Minnesota Power\2015"
"000000009598E9A20E04F041B38518182890A2D5010012225CC57BF01F4EA8CCA87A792FF35F0001B17040870000"	"\Divisions\PD\Line Hailey\BD_Efforts\Montana-Dakota Utilities\2018"
"000000009598E9A20E04F041B38518182890A2D50100A3DF33FCC9BD1644BD14FCA330AA978500001E5038AF0000"	"\Divisions\PD\Line Hailey\BD_Efforts\NextEra\General"
"000000009598E9A20E04F041B38518182890A2D50100A3DF33FCC9BD1644BD14FCA330AA97850000235DD71C0000"	"\Divisions\PD\Line Hailey\BD_Efforts\Norden_AVAL\2015\Steel Pole Review"
"000000009598E9A20E04F041B38518182890A2D5010012225CC57BF01F4EA8CCA87A792FF35F00013E8F56A80000"	"\Divisions\PD\Line Hailey\BD_Efforts\NTPC_Northwest Territories Power Corp\General\Generic Contract"
"000000009598E9A20E04F041B38518182890A2D50100A3DF33FCC9BD1644BD14FCA330AA97850000200E08F90000"	"\Divisions\PD\Line Hailey\BD_Efforts\Okanogan County Electric Co-Operative\2014"
"000000009598E9A20E04F041B38518182890A2D5010012225CC57BF01F4EA8CCA87A792FF35F00009B0B6D290000"	"\Divisions\PD\Line Hailey\BD_Efforts\PacifiCorp\2017\EGW"
"000000009598E9A20E04F041B38518182890A2D50100A3DF33FCC9BD1644BD14FCA330AA97850000239F6A2E0000"	"\Divisions\PD\Line Hailey\BD_Efforts\Pattern Energy\2015"
"000000009598E9A20E04F041B38518182890A2D50100F3BCE3A574023B4482F2E427B5A3121800004EC073B70000"	"\Divisions\PD\Line Hailey\BD_Efforts\PGE_Portland General Electric\2016\Harborton"
"000000009598E9A20E04F041B38518182890A2D50100A3DF33FCC9BD1644BD14FCA330AA97850000211D2A670000"	"\Divisions\PD\Line Hailey\BD_Efforts\POWER\AVAL"
"000000009598E9A20E04F041B38518182890A2D50100A3DF33FCC9BD1644BD14FCA330AA978500001F6CAC6D0000"	"\Divisions\PD\Line Hailey\BD_Efforts\Powertel\2014\Preliminary Spotting 230 kV-90km"
"000000009598E9A20E04F041B38518182890A2D5010012225CC57BF01F4EA8CCA87A792FF35F00019443EB510000"	"\Divisions\PD\Line Hailey\BD_Efforts\Project Spokane"
"000000009598E9A20E04F041B38518182890A2D501001953B16A689BCD4AA8FC82955DB27CB10000012679F50000"	"\Divisions\PD\Line Hailey\BD_Efforts\Recurrent"
"000000009598E9A20E04F041B38518182890A2D50100A3DF33FCC9BD1644BD14FCA330AA978500000E78F7040000"	"\Divisions\PD\Line Hailey\BD_Efforts\Regional Power White River 115 kV Transmission Line"
"000000009598E9A20E04F041B38518182890A2D50100A3DF33FCC9BD1644BD14FCA330AA978500001B4999EB0000"	"\Divisions\PD\Line Hailey\BD_Efforts\Robins and Morton\LEPA T-Line"
"000000009598E9A20E04F041B38518182890A2D50100A3DF33FCC9BD1644BD14FCA330AA978500001DE0BDB20000"	"\Divisions\PD\Line Hailey\BD_Efforts\RS Technologies"
"000000009598E9A20E04F041B38518182890A2D5010012225CC57BF01F4EA8CCA87A792FF35F0000FFBD37E40000"	"\Divisions\PD\Line Hailey\BD_Efforts\RTA-Rio Tinto Alcan\2015\Kitimat River Crossing"
"000000009598E9A20E04F041B38518182890A2D5010012225CC57BF01F4EA8CCA87A792FF35F00018BFC69AB0000"	"\Divisions\PD\Line Hailey\BD_Efforts\SanMiguelPA"
"000000009598E9A20E04F041B38518182890A2D5010012225CC57BF01F4EA8CCA87A792FF35F0000A8917AB50000"	"\Divisions\PD\Line Hailey\BD_Efforts\SaskPower\2017\Generation MSA"
"000000009598E9A20E04F041B38518182890A2D50100A3DF33FCC9BD1644BD14FCA330AA97850000174810550000"	"\Divisions\PD\Line Hailey\BD_Efforts\SCE\Blanket Tower Modeling"
"000000009598E9A20E04F041B38518182890A2D50100A3DF33FCC9BD1644BD14FCA330AA978500002BFE17BB0000"	"\Divisions\PD\Line Hailey\BD_Efforts\Seattle City Light\2016\128284.011.001-SCL BROAD ST "
"000000009598E9A20E04F041B38518182890A2D5010012225CC57BF01F4EA8CCA87A792FF35F000023CCCEEC0000"	"\Divisions\PD\Line Hailey\BD_Efforts\Smartwires\2016\PSEG-LI"
"000000009598E9A20E04F041B38518182890A2D50100A3DF33FCC9BD1644BD14FCA330AA9785000022FDF3FB0000"	"\Divisions\PD\Line Hailey\BD_Efforts\Snohomish PUD\2015\115kV Route Study"
"000000009598E9A20E04F041B38518182890A2D501001296C725372D7F4B86B758A22EA3141B00000029C6970000"	"\Divisions\PD\Line Hailey\BD_Efforts\SRP-PaloVerde"
"000000009598E9A20E04F041B38518182890A2D50100A3DF33FCC9BD1644BD14FCA330AA9785000022CC2D940000"	"\Divisions\PD\Line Hailey\BD_Efforts\Surprise Valley\2015\69 kV-Distribution Line"
"000000009598E9A20E04F041B38518182890A2D5010012225CC57BF01F4EA8CCA87A792FF35F00007754B8900000"	"\Divisions\PD\Line Hailey\BD_Efforts\TEP-Tucson Electric Power\2016"
"000000009598E9A20E04F041B38518182890A2D5010012225CC57BF01F4EA8CCA87A792FF35F0000B2BA27440000"	"\Divisions\PD\Line Hailey\BD_Efforts\Terra_Gen\2017"
"000000009598E9A20E04F041B38518182890A2D5010012225CC57BF01F4EA8CCA87A792FF35F00005DC2F3490000"	"\Divisions\PD\Line Hailey\BD_Efforts\Tetra Tech\2016\East Timor"
"000000009598E9A20E04F041B38518182890A2D50100A3DF33FCC9BD1644BD14FCA330AA978500001E52EF350000"	"\Divisions\PD\Line Hailey\BD_Efforts\Transource\2014\PJM"
"000000009598E9A20E04F041B38518182890A2D50100A3DF33FCC9BD1644BD14FCA330AA978500002A3788590000"	"\Divisions\PD\Line Hailey\BD_Efforts\US Government\2016\Australia 60kV"
"000000009598E9A20E04F041B38518182890A2D50100A3DF33FCC9BD1644BD14FCA330AA9785000029F2D8E00000"	"\Divisions\PD\Line Hailey\BD_Efforts\Vattenfall\2016\Shield Wire Project"
"000000009598E9A20E04F041B38518182890A2D50100572FF007A7D6B64CA96E5CFE8E1CC1A4000000630C470000"	"\Divisions\PD\Line Hailey\BD_Efforts\Vestas\Vestas-Tenure"
"000000009598E9A20E04F041B38518182890A2D5010012225CC57BF01F4EA8CCA87A792FF35F0001E6DB39600000"	"\Divisions\PD\Line Hailey\BD_Efforts\Wheeler Electric\2018\INL_Add Twr Cond"
"000000009598E9A20E04F041B38518182890A2D50100A3DF33FCC9BD1644BD14FCA330AA978500001F1C411E0000"	"\Divisions\PD\Line Hailey\BD_Efforts\WREC_Wells Rural Electric\General"
"000000009598E9A20E04F041B38518182890A2D50100A3DF33FCC9BD1644BD14FCA330AA978500001A4039210000"	"\Divisions\PD\Line Hailey\cigre_correspondence\cigre-Bamberg2013"
"000000009598E9A20E04F041B38518182890A2D501001296C725372D7F4B86B758A22EA3141B000000433F710000"	"\Divisions\PD\Line Hailey\CLIENT_STDS_GENERAL\brazos-general\BRAZOS Stds & Dwgs"
"000000009598E9A20E04F041B38518182890A2D50100572FF007A7D6B64CA96E5CFE8E1CC1A400000021C9A30000"	"\Divisions\PD\Line Hailey\CLIENT_STDS_GENERAL\MHI-AlkariaII"
"000000009598E9A20E04F041B38518182890A2D5010012225CC57BF01F4EA8CCA87A792FF35F00026E5A22290000"	"\Divisions\PD\Line Hailey\EEI_conf_3-2019\EEI_conf_3-2019"
"000000009598E9A20E04F041B38518182890A2D50100A3DF33FCC9BD1644BD14FCA330AA978500001B1D26B70000"	"\Divisions\PD\Line Hailey\Line Kansas City\122587 PEF-LAKE ALOMA DSCADA PREP"
"000000009598E9A20E04F041B38518182890A2D50100A3DF33FCC9BD1644BD14FCA330AA978500001B1D26E40000"	"\Divisions\PD\Line Hailey\Line Kansas City\126310 PEF-CROSS CITY RTU UPGRADE"
"000000009598E9A20E04F041B38518182890A2D5010012225CC57BF01F4EA8CCA87A792FF35F000126D4D3090000"	"\Divisions\PD\Line Hailey\Out of Office – Kansas City Calendar"
"000000009598E9A20E04F041B38518182890A2D50100A3DF33FCC9BD1644BD14FCA330AA9785000026C78E5C0000"	"\Divisions\PD\Line Hamilton\133516"
"000000009598E9A20E04F041B38518182890A2D50100A3DF33FCC9BD1644BD14FCA330AA978500002A3995930000"	"\Divisions\PD\Line Hamilton\141179"
"000000009598E9A20E04F041B38518182890A2D5010012225CC57BF01F4EA8CCA87A792FF35F0000C4975B090000"	"\Divisions\PD\Line Hamilton\146569"
"000000009598E9A20E04F041B38518182890A2D5010012225CC57BF01F4EA8CCA87A792FF35F0001E6DB396E0000"	"\Divisions\PD\Line Hamilton\152810"
"000000009598E9A20E04F041B38518182890A2D50100E34BFE500669CD49AC2E27C6C54DE39D00000010D0BE0000"	"\Divisions\PD\Line Houston\00-Closed Projects (remove by 11/09)\112095"
"000000009598E9A20E04F041B38518182890A2D50100E34BFE500669CD49AC2E27C6C54DE39D00000020FD950000"	"\Divisions\PD\Line Houston\00-Proposals_BD\116186_Golder_Associates"
"000000009598E9A20E04F041B38518182890A2D50100E34BFE500669CD49AC2E27C6C54DE39D0000000AFD5B0000"	"\Divisions\PD\Line Houston\107391 Alaskan Way Via Duct\00 UPLOADED TO DMS or PWC"
"000000009598E9A20E04F041B38518182890A2D50100E34BFE500669CD49AC2E27C6C54DE39D0000000AFD6A0000"	"\Divisions\PD\Line Houston\107391 Alaskan Way Via Duct\00 UPLOADED TO DMS or PWC\00 Meeting Minutes\AWV-082"
"000000009598E9A20E04F041B38518182890A2D50100E34BFE500669CD49AC2E27C6C54DE39D0000000D59250000"	"\Divisions\PD\Line Houston\107391 Alaskan Way Via Duct\00 UPLOADED TO DMS or PWC\009-025 thru 009-100\009-097"
"000000009598E9A20E04F041B38518182890A2D50100E34BFE500669CD49AC2E27C6C54DE39D0000000AFD7A0000"	"\Divisions\PD\Line Houston\107391 Alaskan Way Via Duct\00 UPLOADED TO DMS or PWC\AWV-003 thru AWV-050\AWV-033"
"000000009598E9A20E04F041B38518182890A2D50100E34BFE500669CD49AC2E27C6C54DE39D0000000D59180000"	"\Divisions\PD\Line Houston\107391 Alaskan Way Via Duct\00 UPLOADED TO DMS or PWC\AWV-050 thruy AWV-100\AWV-057"
"000000009598E9A20E04F041B38518182890A2D50100E34BFE500669CD49AC2E27C6C54DE39D0000000D59320000"	"\Divisions\PD\Line Houston\107391 Alaskan Way Via Duct\00 UPLOADED TO DMS or PWC\J_Joy_POWER_05-18-07"
"000000009598E9A20E04F041B38518182890A2D50100E34BFE500669CD49AC2E27C6C54DE39D0000003005220000"	"\Divisions\PD\Line Houston\118718_SCL_Mercer"
"000000009598E9A20E04F041B38518182890A2D50100A3DF33FCC9BD1644BD14FCA330AA978500001FB258A30000"	"\Divisions\PD\Line Houston\136221_AEP_Gravel Pit_WO#"
"000000009598E9A20E04F041B38518182890A2D50100E34BFE500669CD49AC2E27C6C54DE39D0000003DC0F40000"	"\Divisions\PD\Line Houston\LCRA"
"000000009598E9A20E04F041B38518182890A2D50100A3DF33FCC9BD1644BD14FCA330AA978500001D5B81180000"	"\Divisions\PD\Line Kansas City\BUS DEV"
"000000009598E9A20E04F041B38518182890A2D50100A3DF33FCC9BD1644BD14FCA330AA978500001AA9126E0000"	"\Divisions\PD\Line Orlando\131328-FPL-PINEWOOD TEMP/PERM LINE"
"000000009598E9A20E04F041B38518182890A2D50100A3DF33FCC9BD1644BD14FCA330AA978500001E7C5B8E0000"	"\Divisions\PD\Line Orlando\135258-FPL-SISTRUNK TAP-ROCK ISLAND"
"000000009598E9A20E04F041B38518182890A2D50100A3DF33FCC9BD1644BD14FCA330AA978500001FA2C37B0000"	"\Divisions\PD\Line Orlando\136145-FPL-T12720 SIMPSON SUB"
"000000009598E9A20E04F041B38518182890A2D50100A3DF33FCC9BD1644BD14FCA330AA9785000024234F9C0000"	"\Divisions\PD\Line Orlando\139327-FPL-PEETZ PAWNEE 239kV N163-66"
"000000009598E9A20E04F041B38518182890A2D50100A3DF33FCC9BD1644BD14FCA330AA978500002A09F94D0000"	"\Divisions\PD\Line Orlando\141656-FPL-STR 38B12 PLAYLAND SUB"
"000000009598E9A20E04F041B38518182890A2D5010012225CC57BF01F4EA8CCA87A792FF35F000045BC48710000"	"\Divisions\PD\Line Orlando\144352-DUKE-TLINE ENGINEERING SERVICES"
"000000009598E9A20E04F041B38518182890A2D50100A3DF33FCC9BD1644BD14FCA330AA9785000015F8AA350000"	"\Divisions\PD\Line Portland\126101 - Skyriver Uprating\126101 - Skyriver Uprating - Tasks"
"000000009598E9A20E04F041B38518182890A2D50100A3DF33FCC9BD1644BD14FCA330AA978500001D81BFC50000"	"\Divisions\PD\Line Portland\133868 - PacifiCorp NERC Support"
"000000009598E9A20E04F041B38518182890A2D50100F3BCE3A574023B4482F2E427B5A3121800004EC0E92A0000"	"\Divisions\PD\Line Portland\140037 - Hillsboro ONCOR"
"000000009598E9A20E04F041B38518182890A2D5010012225CC57BF01F4EA8CCA87A792FF35F000071646BE30000"	"\Divisions\PD\Line Portland\144978 - AEP Hughes"
"000000009598E9A20E04F041B38518182890A2D5010012225CC57BF01F4EA8CCA87A792FF35F000174EAD0DF0000"	"\Divisions\PD\Line Portland\150819 - MNP LiDAR & PLS Modelling"
"000000009598E9A20E04F041B38518182890A2D5010012225CC57BF01F4EA8CCA87A792FF35F0002ABF385CC0000"	"\Divisions\PD\Line Portland\158365 - PSE Talbot Paccar Reconductor"
"000000009598E9A20E04F041B38518182890A2D50100A3DF33FCC9BD1644BD14FCA330AA978500001996F0A00000"	"\Divisions\PD\Line San Diego\130226_137925 DCR 500kV"
"000000009598E9A20E04F041B38518182890A2D5010012225CC57BF01F4EA8CCA87A792FF35F000235B0E03C0000"	"\Divisions\PD\Line San Diego\155064 - TL13831 W2S"
"000000009598E9A20E04F041B38518182890A2D50100A3DF33FCC9BD1644BD14FCA330AA9785000017C3190A0000"	"\Divisions\PD\Line St. Louis\St. Louis Line"
"000000009598E9A20E04F041B38518182890A2D5010012225CC57BF01F4EA8CCA87A792FF35F0000AACB73C10000"	"\Divisions\PD\Line Syracuse\_PPL HOLD\146160 PPL - B59937 EOC NLRP BREI-ALBU"
"000000009598E9A20E04F041B38518182890A2D5010012225CC57BF01F4EA8CCA87A792FF35F0002C819899F0000"	"\Divisions\PD\MPD\White Paper Requests"
"000000009598E9A20E04F041B38518182890A2D50100572FF007A7D6B64CA96E5CFE8E1CC1A400000012925C0000"	"\Divisions\PD\North Attleboro Project Site\AIR's\Closed AIR's\0062"
"000000009598E9A20E04F041B38518182890A2D50100572FF007A7D6B64CA96E5CFE8E1CC1A40000001397AE0000"	"\Divisions\PD\North Attleboro Project Site\AIR's\Open AIR's\0067"
"000000009598E9A20E04F041B38518182890A2D50100A3DF33FCC9BD1644BD14FCA330AA978500001CD077D40000"	"\Divisions\PD\North Attleboro Project Site\Line Syracuse\132402 AEP-Brush Tvrn-Lynbrk 40068"
"000000009598E9A20E04F041B38518182890A2D50100572FF007A7D6B64CA96E5CFE8E1CC1A40000001291FF0000"	"\Divisions\PD\North Attleboro Project Site\Projects\113516-New 345KV Line W.Farnum-Kent"
"000000009598E9A20E04F041B38518182890A2D50100572FF007A7D6B64CA96E5CFE8E1CC1A40000001291FB0000"	"\Divisions\PD\North Attleboro Project Site\Projects\113522-347 345kV Line Rec Shrmn-RI/CT"
"000000009598E9A20E04F041B38518182890A2D50100A3DF33FCC9BD1644BD14FCA330AA9785000015EC7C5A0000"	"\Divisions\PD\North Attleboro Project Site\Projects\123591 LINE 328 RECOND/RBLD"
"000000009598E9A20E04F041B38518182890A2D50100A3DF33FCC9BD1644BD14FCA330AA978500001A21FAEA0000"	"\Divisions\PD\Operations"
"000000009598E9A20E04F041B38518182890A2D5010012225CC57BF01F4EA8CCA87A792FF35F000235B0E0480000"	"\Divisions\PD\PCI Portland\155299 - TWIN SPRINGS SUBST - LSEC"
"000000009598E9A20E04F041B38518182890A2D50100A3DF33FCC9BD1644BD14FCA330AA978500001C97757B0000"	"\Divisions\PD\PCI Sacramento\00-DMS Upload\Ameren - NERC Program\Misc"
"000000009598E9A20E04F041B38518182890A2D501006C95E27D1ACA634AA1AADC20796388DD000000BC578C0000"	"\Divisions\PD\PCI Sacramento\117132 TMPA-CREZ\Daily Reports"
"000000009598E9A20E04F041B38518182890A2D50100A3DF33FCC9BD1644BD14FCA330AA978500000E8625700000"	"\Divisions\PD\PCI Sacramento\117291 NPPD345KV AXTELL-KANSAS LINE\Axtell-Kansas\ROW"
"000000009598E9A20E04F041B38518182890A2D501001953B16A689BCD4AA8FC82955DB27CB1000001C68B750000"	"\Divisions\PD\PCI Sacramento\121690 ON Line Project\All Inspector Reports\Anchor Testing & Installation"
"000000009598E9A20E04F041B38518182890A2D501001953B16A689BCD4AA8FC82955DB27CB1000001CEC62B0000"	"\Divisions\PD\PCI Sacramento\121690 ON Line Project\All Inspector Reports\Lattice Assembly"
"000000009598E9A20E04F041B38518182890A2D501001953B16A689BCD4AA8FC82955DB27CB1000001CEC6450000"	"\Divisions\PD\PCI Sacramento\121690 ON Line Project\All Inspector Reports\Steel Pole Inspection Checklist (Assembly)"
"000000009598E9A20E04F041B38518182890A2D50100A3DF33FCC9BD1644BD14FCA330AA97850000190615FB0000"	"\Divisions\PD\PCI Sacramento\121690 ON Line Project\All Inspector Reports\Weekly Reports"
"000000009598E9A20E04F041B38518182890A2D50100A3DF33FCC9BD1644BD14FCA330AA978500001744A00A0000"	"\Divisions\PD\PCI Sacramento\127239 TMK NextEra Network Upgrades Conceptual Project "
"000000009598E9A20E04F041B38518182890A2D50100A3DF33FCC9BD1644BD14FCA330AA978500001C9771F90000"	"\Divisions\PD\PCI Sacramento\132259 MO Program Management"
"000000009598E9A20E04F041B38518182890A2D50100A3DF33FCC9BD1644BD14FCA330AA978500001C9772760000"	"\Divisions\PD\PCI Sacramento\132259 MO Program Management\002"
"000000009598E9A20E04F041B38518182890A2D50100A3DF33FCC9BD1644BD14FCA330AA978500001C9775380000"	"\Divisions\PD\PCI Sacramento\132259 MO Program Management\007\Engineering"
"000000009598E9A20E04F041B38518182890A2D50100A3DF33FCC9BD1644BD14FCA330AA978500001C9773AA0000"	"\Divisions\PD\PCI Sacramento\132259 MO Program Management\010\Engineering Inspection"
"000000009598E9A20E04F041B38518182890A2D50100A3DF33FCC9BD1644BD14FCA330AA978500001C9774050000"	"\Divisions\PD\PCI Sacramento\132259 MO Program Management\011\Environmental"
"000000009598E9A20E04F041B38518182890A2D50100A3DF33FCC9BD1644BD14FCA330AA978500001C97744D0000"	"\Divisions\PD\PCI Sacramento\132259 MO Program Management\012\Financial"
"000000009598E9A20E04F041B38518182890A2D50100A3DF33FCC9BD1644BD14FCA330AA978500001C97749B0000"	"\Divisions\PD\PCI Sacramento\132259 MO Program Management\030\Materials"
"000000009598E9A20E04F041B38518182890A2D50100A3DF33FCC9BD1644BD14FCA330AA978500001C9772EA0000"	"\Divisions\PD\PCI Sacramento\132259 MO Program Management\040\Meeting Items"
"000000009598E9A20E04F041B38518182890A2D50100A3DF33FCC9BD1644BD14FCA330AA978500001C97731A0000"	"\Divisions\PD\PCI Sacramento\132259 MO Program Management\060\Misc"
"000000009598E9A20E04F041B38518182890A2D50100A3DF33FCC9BD1644BD14FCA330AA978500001C9773490000"	"\Divisions\PD\PCI Sacramento\132259 MO Program Management\080\Real Estate"
"000000009598E9A20E04F041B38518182890A2D50100A3DF33FCC9BD1644BD14FCA330AA978500001C9773780000"	"\Divisions\PD\PCI Sacramento\132259 MO Program Management\090\RFIs"
"000000009598E9A20E04F041B38518182890A2D50100A3DF33FCC9BD1644BD14FCA330AA978500001C976A310000"	"\Divisions\PD\PCI Sacramento\132260 IL Program Management Support\001\RFIs"
"000000009598E9A20E04F041B38518182890A2D50100A3DF33FCC9BD1644BD14FCA330AA978500001C976A7E0000"	"\Divisions\PD\PCI Sacramento\132260 IL Program Management Support\002\Safety"
"000000009598E9A20E04F041B38518182890A2D50100A3DF33FCC9BD1644BD14FCA330AA978500001C9769D30000"	"\Divisions\PD\PCI Sacramento\132260 IL Program Management Support\003\Schedule"
"000000009598E9A20E04F041B38518182890A2D50100A3DF33FCC9BD1644BD14FCA330AA978500001C976AB10000"	"\Divisions\PD\PCI Sacramento\132260 IL Program Management Support\004\Scope"
"000000009598E9A20E04F041B38518182890A2D50100A3DF33FCC9BD1644BD14FCA330AA978500001C976AE10000"	"\Divisions\PD\PCI Sacramento\132260 IL Program Management Support\005\TRANSMITTALS"
"000000009598E9A20E04F041B38518182890A2D50100A3DF33FCC9BD1644BD14FCA330AA978500001C976B130000"	"\Divisions\PD\PCI Sacramento\132260 IL Program Management Support\007"
"000000009598E9A20E04F041B38518182890A2D50100A3DF33FCC9BD1644BD14FCA330AA978500001C976B420000"	"\Divisions\PD\PCI Sacramento\132260 IL Program Management Support\008\Engineering"
"000000009598E9A20E04F041B38518182890A2D50100A3DF33FCC9BD1644BD14FCA330AA978500001C976BEB0000"	"\Divisions\PD\PCI Sacramento\132260 IL Program Management Support\009\Engineering Inspection"
"000000009598E9A20E04F041B38518182890A2D50100A3DF33FCC9BD1644BD14FCA330AA978500001C976C1B0000"	"\Divisions\PD\PCI Sacramento\132260 IL Program Management Support\010\Environmental"
"000000009598E9A20E04F041B38518182890A2D50100A3DF33FCC9BD1644BD14FCA330AA978500001C976C4A0000"	"\Divisions\PD\PCI Sacramento\132260 IL Program Management Support\011\Financial"
"000000009598E9A20E04F041B38518182890A2D50100A3DF33FCC9BD1644BD14FCA330AA978500001C976C790000"	"\Divisions\PD\PCI Sacramento\132260 IL Program Management Support\012\Materials"
"000000009598E9A20E04F041B38518182890A2D50100A3DF33FCC9BD1644BD14FCA330AA978500001C976CA90000"	"\Divisions\PD\PCI Sacramento\132260 IL Program Management Support\013\Meeting Items"
"000000009598E9A20E04F041B38518182890A2D50100A3DF33FCC9BD1644BD14FCA330AA978500001C976CD80000"	"\Divisions\PD\PCI Sacramento\132260 IL Program Management Support\014\Misc"
"000000009598E9A20E04F041B38518182890A2D50100A3DF33FCC9BD1644BD14FCA330AA978500001C976D080000"	"\Divisions\PD\PCI Sacramento\132260 IL Program Management Support\015\Real Estate"
"000000009598E9A20E04F041B38518182890A2D50100A3DF33FCC9BD1644BD14FCA330AA978500001C976D380000"	"\Divisions\PD\PCI Sacramento\132260 IL Program Management Support\016\RFIs"
"000000009598E9A20E04F041B38518182890A2D50100A3DF33FCC9BD1644BD14FCA330AA978500001C976D6A0000"	"\Divisions\PD\PCI Sacramento\132260 IL Program Management Support\017\Safety"
"000000009598E9A20E04F041B38518182890A2D50100A3DF33FCC9BD1644BD14FCA330AA978500001C976D990000"	"\Divisions\PD\PCI Sacramento\132260 IL Program Management Support\019\Schedule"
"000000009598E9A20E04F041B38518182890A2D50100A3DF33FCC9BD1644BD14FCA330AA978500001C976DD50000"	"\Divisions\PD\PCI Sacramento\132260 IL Program Management Support\020\Scope"
"000000009598E9A20E04F041B38518182890A2D50100A3DF33FCC9BD1644BD14FCA330AA978500001C976EA70000"	"\Divisions\PD\PCI Sacramento\132260 IL Program Management Support\021\TRANSMITTALS"
"000000009598E9A20E04F041B38518182890A2D50100A3DF33FCC9BD1644BD14FCA330AA978500001C976EE30000"	"\Divisions\PD\PCI Sacramento\132260 IL Program Management Support\023"
"000000009598E9A20E04F041B38518182890A2D50100A3DF33FCC9BD1644BD14FCA330AA978500001C976F120000"	"\Divisions\PD\PCI Sacramento\132260 IL Program Management Support\024\Engineering"
"000000009598E9A20E04F041B38518182890A2D50100A3DF33FCC9BD1644BD14FCA330AA978500001C976F410000"	"\Divisions\PD\PCI Sacramento\132260 IL Program Management Support\025\Engineering Inspection"
"000000009598E9A20E04F041B38518182890A2D50100A3DF33FCC9BD1644BD14FCA330AA978500001C976F700000"	"\Divisions\PD\PCI Sacramento\132260 IL Program Management Support\026\Environmental"
"000000009598E9A20E04F041B38518182890A2D50100A3DF33FCC9BD1644BD14FCA330AA978500001C976FA00000"	"\Divisions\PD\PCI Sacramento\132260 IL Program Management Support\027\Financial"
"000000009598E9A20E04F041B38518182890A2D50100A3DF33FCC9BD1644BD14FCA330AA978500001C976FCF0000"	"\Divisions\PD\PCI Sacramento\132260 IL Program Management Support\028\Materials"
"000000009598E9A20E04F041B38518182890A2D50100A3DF33FCC9BD1644BD14FCA330AA978500001C97700F0000"	"\Divisions\PD\PCI Sacramento\132260 IL Program Management Support\030\Meeting Items"
"000000009598E9A20E04F041B38518182890A2D50100A3DF33FCC9BD1644BD14FCA330AA978500001C97703E0000"	"\Divisions\PD\PCI Sacramento\132260 IL Program Management Support\031\Misc"
"000000009598E9A20E04F041B38518182890A2D50100A3DF33FCC9BD1644BD14FCA330AA978500001C97706E0000"	"\Divisions\PD\PCI Sacramento\132260 IL Program Management Support\032\Real Estate"
"000000009598E9A20E04F041B38518182890A2D50100A3DF33FCC9BD1644BD14FCA330AA978500001C97709D0000"	"\Divisions\PD\PCI Sacramento\132260 IL Program Management Support\033\RFIs"
"000000009598E9A20E04F041B38518182890A2D50100A3DF33FCC9BD1644BD14FCA330AA978500001C9770CC0000"	"\Divisions\PD\PCI Sacramento\132260 IL Program Management Support\034\Safety"
"000000009598E9A20E04F041B38518182890A2D50100A3DF33FCC9BD1644BD14FCA330AA978500001C9770FB0000"	"\Divisions\PD\PCI Sacramento\132260 IL Program Management Support\035\Schedule"
"000000009598E9A20E04F041B38518182890A2D50100A3DF33FCC9BD1644BD14FCA330AA978500001C9771C40000"	"\Divisions\PD\PCI Sacramento\132260 IL Program Management Support\036\Scope"
"000000009598E9A20E04F041B38518182890A2D50100A3DF33FCC9BD1644BD14FCA330AA978500001D5A61FF0000"	"\Divisions\PD\PCI Sacramento\132260 IL Program Management Support\037\TRANSMITTALS"
"000000009598E9A20E04F041B38518182890A2D50100A3DF33FCC9BD1644BD14FCA330AA978500001D5A62550000"	"\Divisions\PD\PCI Sacramento\132260 IL Program Management Support\039"
"000000009598E9A20E04F041B38518182890A2D50100A3DF33FCC9BD1644BD14FCA330AA978500001D5A62A80000"	"\Divisions\PD\PCI Sacramento\132260 IL Program Management Support\040\Engineering"
"000000009598E9A20E04F041B38518182890A2D50100A3DF33FCC9BD1644BD14FCA330AA978500001D5A63AE0000"	"\Divisions\PD\PCI Sacramento\132260 IL Program Management Support\041\Engineering Inspection"
"000000009598E9A20E04F041B38518182890A2D50100A3DF33FCC9BD1644BD14FCA330AA978500001D0FE2DD0000"	"\Divisions\PD\PCI Sacramento\133431 RS-FORT DODGE SUBST"
"000000009598E9A20E04F041B38518182890A2D50100A3DF33FCC9BD1644BD14FCA330AA9785000024818FD90000"	"\Divisions\PD\PCI Sacramento\139412 LCTP ENGG SUPP DURING D&C"
"000000009598E9A20E04F041B38518182890A2D5010012225CC57BF01F4EA8CCA87A792FF35F0000BA2FA32C0000"	"\Divisions\PD\PCI Sacramento\146408 - EOC PLAYBOOK STAGE 3"
"000000009598E9A20E04F041B38518182890A2D5010012225CC57BF01F4EA8CCA87A792FF35F0002716A9EB40000"	"\Divisions\PD\PCI Sacramento\156511 SEPC MISC ENG & PM SUPP 2019"
"000000009598E9A20E04F041B38518182890A2D50100A3DF33FCC9BD1644BD14FCA330AA978500001DEBAE890000"	"\Divisions\PD\PD Renewables PM Calendar"
"000000009598E9A20E04F041B38518182890A2D50100A3DF33FCC9BD1644BD14FCA330AA9785000016200AA50000"	"\Divisions\PD\PDS Group Phoenix\124951 CAP PWR Sun Valley Solar/Gas"
"000000009598E9A20E04F041B38518182890A2D50100A3DF33FCC9BD1644BD14FCA330AA97850000161FF4E30000"	"\Divisions\PD\PDS Group Phoenix\124978 Torch Transmission Planning"
"000000009598E9A20E04F041B38518182890A2D50100A3DF33FCC9BD1644BD14FCA330AA978500001B17DCB00000"	"\Divisions\PD\PDS Group Phoenix\124987 TEP UNS Mohave Couty RMR\Mohave\2012\100411 meeting"
"000000009598E9A20E04F041B38518182890A2D50100A3DF33FCC9BD1644BD14FCA330AA978500001B221A160000"	"\Divisions\PD\PDS Group Phoenix\124988 TEP UNS Kingman Wind II\WESTERN WIND - Steel Park[16w+4s]\SIS I\dyd\PV Inverter1"
"000000009598E9A20E04F041B38518182890A2D50100A3DF33FCC9BD1644BD14FCA330AA9785000015F229A60000"	"\Divisions\PD\PDS Group Phoenix\125670 BOWIE POWER STATION"
"000000009598E9A20E04F041B38518182890A2D50100A3DF33FCC9BD1644BD14FCA330AA97850000175494340000"	"\Divisions\PD\PDS Group Phoenix\127177 IID Work Order #2"
"000000009598E9A20E04F041B38518182890A2D50100A3DF33FCC9BD1644BD14FCA330AA9785000017B574030000"	"\Divisions\PD\PDS Group Phoenix\128058 EWP Renewable Corp"
"000000009598E9A20E04F041B38518182890A2D50100A3DF33FCC9BD1644BD14FCA330AA9785000019C119570000"	"\Divisions\PD\PDS Group Phoenix\130497 Affected SYS Stdy Cluster A"
"000000009598E9A20E04F041B38518182890A2D50100A3DF33FCC9BD1644BD14FCA330AA978500001B228AA40000"	"\Divisions\PD\PDS Group Phoenix\131719 WAPA XMSN Plan Aug13-July14\UNSE NITS\JS"
"000000009598E9A20E04F041B38518182890A2D50100A3DF33FCC9BD1644BD14FCA330AA978500001C779EA30000"	"\Divisions\PD\PDS Group Phoenix\133072 Octocillo Studies"
"000000009598E9A20E04F041B38518182890A2D50100A3DF33FCC9BD1644BD14FCA330AA978500001D88E3310000"	"\Divisions\PD\PDS Group Phoenix\133845 Q41 SIS"
"000000009598E9A20E04F041B38518182890A2D5010012225CC57BF01F4EA8CCA87A792FF35F0001FDB461CD0000"	"\Divisions\PD\Phoenix\Phoenix"
"000000009598E9A20E04F041B38518182890A2D5010012225CC57BF01F4EA8CCA87A792FF35F00053876817F0000"	"\Divisions\PD\PM Group\169043_T27394_Dade-Airport 138kV Reconductor\Permits_EA"
"000000009598E9A20E04F041B38518182890A2D5010012225CC57BF01F4EA8CCA87A792FF35F00022C81BF400000"	"\Divisions\PD\Program Services\Program Services\Dept."
"000000009598E9A20E04F041B38518182890A2D50100A3DF33FCC9BD1644BD14FCA330AA978500001776081B0000"	"\Divisions\PD\Project Control\100428\Super Anchor"
"000000009598E9A20E04F041B38518182890A2D501006C95E27D1ACA634AA1AADC20796388DD00000049C57A0000"	"\Divisions\PD\Project Control\110645 MPM- ELectric Power Supply"
"000000009598E9A20E04F041B38518182890A2D501006C95E27D1ACA634AA1AADC20796388DD0000004D96710000"	"\Divisions\PD\Project Control\112485- Catenary Installation\West Point Rentals"
"000000009598E9A20E04F041B38518182890A2D501006C95E27D1ACA634AA1AADC20796388DD0000007731720000"	"\Divisions\PD\Project Control\113004 - Olkaria"
"000000009598E9A20E04F041B38518182890A2D501006C95E27D1ACA634AA1AADC20796388DD000000A8230F0000"	"\Divisions\PD\Project Control\113487 - Kent County 1 - National Grid\Distran"
"000000009598E9A20E04F041B38518182890A2D501006C95E27D1ACA634AA1AADC20796388DD000000C015760000"	"\Divisions\PD\Project Control\113487 - Kent County 2 - National Grid\AJ Hurley Co"
"000000009598E9A20E04F041B38518182890A2D501006C95E27D1ACA634AA1AADC20796388DD000000BC57CD0000"	"\Divisions\PD\Project Control\113487 - Kent County 2 - National Grid\Pierce Aluminum"
"000000009598E9A20E04F041B38518182890A2D501006C95E27D1ACA634AA1AADC20796388DD0000006A285A0000"	"\Divisions\PD\Project Control\113885 - Seven Mile Hill"
"000000009598E9A20E04F041B38518182890A2D501006C95E27D1ACA634AA1AADC20796388DD00000049C5990000"	"\Divisions\PD\Project Control\114237- SCADA P-998 Upgrades"
"000000009598E9A20E04F041B38518182890A2D501006C95E27D1ACA634AA1AADC20796388DD0000006598880000"	"\Divisions\PD\Project Control\115069 - High Lonesome\Cables Plus"
"000000009598E9A20E04F041B38518182890A2D501006C95E27D1ACA634AA1AADC20796388DD00000065981D0000"	"\Divisions\PD\Project Control\115446 - Scolari Roaster Rebuild - Starbucks\Clearwater Technologies"
"000000009598E9A20E04F041B38518182890A2D501006C95E27D1ACA634AA1AADC20796388DD000000B16C530000"	"\Divisions\PD\Project Control\116293 - ONCOR"
"000000009598E9A20E04F041B38518182890A2D501006C95E27D1ACA634AA1AADC20796388DD0000006E29430000"	"\Divisions\PD\Project Control\117395 - Blue Canyon - Horizon Wind"
"000000009598E9A20E04F041B38518182890A2D501006C95E27D1ACA634AA1AADC20796388DD000000B1A4F30000"	"\Divisions\PD\Project Control\117587 - Midwest Ogallah Switchyard\Siemens"
"000000009598E9A20E04F041B38518182890A2D501006C95E27D1ACA634AA1AADC20796388DD000000EA64500000"	"\Divisions\PD\Project Control\118841 - Marias Sub."
"000000009598E9A20E04F041B38518182890A2D501006C95E27D1ACA634AA1AADC20796388DD0000009E3EE70000"	"\Divisions\PD\Project Control\119592 - Upper Cumberland"
"000000009598E9A20E04F041B38518182890A2D501006C95E27D1ACA634AA1AADC20796388DD000000B05D9B0000"	"\Divisions\PD\Project Control\120056 - Meadow Lake 4 - Horizon Wind"
"000000009598E9A20E04F041B38518182890A2D501006C95E27D1ACA634AA1AADC20796388DD000000E86EE30000"	"\Divisions\PD\Project Control\121264 - Nikiski Substation\Hubble"
"000000009598E9A20E04F041B38518182890A2D50100CB7D9B6512D7374A860FE542D5770392000001219AA10000"	"\Divisions\PD\Project Control\121659 - SEPC / SPP NTC Phase One & Planning\CCVT's"
"000000009598E9A20E04F041B38518182890A2D50100CB7D9B6512D7374A860FE542D577039200000125FE960000"	"\Divisions\PD\Project Control\121660 - Clipper Shooting Star\BAE Batteries"
"000000009598E9A20E04F041B38518182890A2D501006C95E27D1ACA634AA1AADC20796388DD000000F390D80000"	"\Divisions\PD\Project Control\121660 - Clipper Shooting Star\PT's"
"000000009598E9A20E04F041B38518182890A2D501001953B16A689BCD4AA8FC82955DB27CB10000006C52110000"	"\Divisions\PD\Project Control\122650 - Twin Groves / HWE"
"000000009598E9A20E04F041B38518182890A2D50100CB7D9B6512D7374A860FE542D57703920000012693AC0000"	"\Divisions\PD\Project Control\123097 - DSCADA / Progress Energy\HD Supply"
"000000009598E9A20E04F041B38518182890A2D501001953B16A689BCD4AA8FC82955DB27CB1000000FEBE4B0000"	"\Divisions\PD\Project Control\123451 - St. John Substation / SEPC\Alstom Grid - CCVT"
"000000009598E9A20E04F041B38518182890A2D501001953B16A689BCD4AA8FC82955DB27CB1000001E696F10000"	"\Divisions\PD\Project Control\123559 - St. John to River Road T-Line\Western United Electric"
"000000009598E9A20E04F041B38518182890A2D50100A3DF33FCC9BD1644BD14FCA330AA9785000017091A830000"	"\Divisions\PD\Project Control\124256 - Barber Sub.\Alstom Grid - CCVT"
"000000009598E9A20E04F041B38518182890A2D50100A3DF33FCC9BD1644BD14FCA330AA978500001722E14C0000"	"\Divisions\PD\Project Control\124256 - Barber Sub.\Ninemire Fence"
"000000009598E9A20E04F041B38518182890A2D50100A3DF33FCC9BD1644BD14FCA330AA978500001DB74E8F0000"	"\Divisions\PD\Project Control\124354 - RR to Barber Eng\PAR Electrical"
"000000009598E9A20E04F041B38518182890A2D50100A3DF33FCC9BD1644BD14FCA330AA9785000018002FA80000"	"\Divisions\PD\Project Control\125583 - Cimarron Substation\FWT - Vangs"
"000000009598E9A20E04F041B38518182890A2D50100A3DF33FCC9BD1644BD14FCA330AA978500001B5FB9C30000"	"\Divisions\PD\Project Control\125583 - Cimarron Substation\Phase 2"
"000000009598E9A20E04F041B38518182890A2D50100A3DF33FCC9BD1644BD14FCA330AA9785000017FE39240000"	"\Divisions\PD\Project Control\125583 - Cimarron Substation\RFQ - Phase 1 Hardware"
"000000009598E9A20E04F041B38518182890A2D50100A3DF33FCC9BD1644BD14FCA330AA9785000017FCEB180000"	"\Divisions\PD\Project Control\125583 - Cimarron Substation\Subcontractor RFQ's\3-Pole Replacement"
"000000009598E9A20E04F041B38518182890A2D50100A3DF33FCC9BD1644BD14FCA330AA97850000192C20A30000"	"\Divisions\PD\Project Control\126373 - Harper Sub.\Pinnacle Steel - Sub. Structures"
"000000009598E9A20E04F041B38518182890A2D50100A3DF33FCC9BD1644BD14FCA330AA97850000188E57B60000"	"\Divisions\PD\Project Control\126374 - Medicine Lodge Sub.\Trench - Replacement VT"
"000000009598E9A20E04F041B38518182890A2D50100A3DF33FCC9BD1644BD14FCA330AA978500001E51F0440000"	"\Divisions\PD\Project Control\126376 - Harper to Flat Ridge\RFQ - Barber to Flatridge T-Line Materials\Kriz Davis"
"000000009598E9A20E04F041B38518182890A2D50100A3DF33FCC9BD1644BD14FCA330AA9785000018DE341F0000"	"\Divisions\PD\Project Control\128070 - Macho Springs Solar"
"000000009598E9A20E04F041B38518182890A2D50100A3DF33FCC9BD1644BD14FCA330AA9785000018DE4B120000"	"\Divisions\PD\Project Control\128070 - Macho Springs Solar\Disconnect Switches"
"000000009598E9A20E04F041B38518182890A2D50100A3DF33FCC9BD1644BD14FCA330AA9785000018DE7C210000"	"\Divisions\PD\Project Control\128070 - Macho Springs Solar\Transformer, 345kV\MEPPI"
"000000009598E9A20E04F041B38518182890A2D50100A3DF33FCC9BD1644BD14FCA330AA978500001B7E9C060000"	"\Divisions\PD\Project Control\129781 - River Road\Kriz Davis - Surge Arresters"
"000000009598E9A20E04F041B38518182890A2D50100A3DF33FCC9BD1644BD14FCA330AA978500001B0BC5CB0000"	"\Divisions\PD\Project Control\129781 - River Road\Stoppel Dirt - Site Prep and Grading"
"000000009598E9A20E04F041B38518182890A2D50100A3DF33FCC9BD1644BD14FCA330AA978500001CD6004C0000"	"\Divisions\PD\Project Control\130766 - CRS PH2\RFQ's"
"000000009598E9A20E04F041B38518182890A2D50100A3DF33FCC9BD1644BD14FCA330AA978500001CD601290000"	"\Divisions\PD\Project Control\130766 - CRS PH2\RFQ's\UG Cable"
"000000009598E9A20E04F041B38518182890A2D50100A3DF33FCC9BD1644BD14FCA330AA978500001D93B4A20000"	"\Divisions\PD\Project Control\132085 - East Hall Sub.\HD Supply - Insulators, 115kV"
"000000009598E9A20E04F041B38518182890A2D50100A3DF33FCC9BD1644BD14FCA330AA978500001CC0373F0000"	"\Divisions\PD\Project Control\132085 - East Hall Sub.\RFQ's\Battery System"
"000000009598E9A20E04F041B38518182890A2D50100A3DF33FCC9BD1644BD14FCA330AA978500001D60AFC10000"	"\Divisions\PD\Project Control\132085 - East Hall Sub.\RFQ's\Pull Box"
"000000009598E9A20E04F041B38518182890A2D50100A3DF33FCC9BD1644BD14FCA330AA978500001D00E3060000"	"\Divisions\PD\Project Control\132085 - East Hall Sub.\Siemens - Disconnect Switch"
"000000009598E9A20E04F041B38518182890A2D50100A3DF33FCC9BD1644BD14FCA330AA978500002081C3C10000"	"\Divisions\PD\Project Control\133317 - RS Shooflys & Lines\GSI"
"000000009598E9A20E04F041B38518182890A2D50100A3DF33FCC9BD1644BD14FCA330AA978500001E46F6290000"	"\Divisions\PD\Project Control\133317 - RS Shooflys & Lines\RFQ's\NFD Interchange Materials\Kriz Davis"
"000000009598E9A20E04F041B38518182890A2D50100A3DF33FCC9BD1644BD14FCA330AA978500001E4E77A80000"	"\Divisions\PD\Project Control\133430 - North Fort Dodge\Kriz Davis - Insulators"
"000000009598E9A20E04F041B38518182890A2D50100A3DF33FCC9BD1644BD14FCA330AA978500001DA60C750000"	"\Divisions\PD\Project Control\133430 - North Fort Dodge\RFQ's\CCVT"
"000000009598E9A20E04F041B38518182890A2D50100A3DF33FCC9BD1644BD14FCA330AA978500001E4EF00A0000"	"\Divisions\PD\Project Control\133430 - North Fort Dodge\RFQ's\Control Panels\Kemco"
"000000009598E9A20E04F041B38518182890A2D50100A3DF33FCC9BD1644BD14FCA330AA978500001DB3C7650000"	"\Divisions\PD\Project Control\133430 - North Fort Dodge\RFQ's\Surge Arresters, 76kV\ABB"
"000000009598E9A20E04F041B38518182890A2D50100A3DF33FCC9BD1644BD14FCA330AA978500001F00A6DD0000"	"\Divisions\PD\Project Control\133431 - Fort Dodge Substation\ABB - Surge Arresters"
"000000009598E9A20E04F041B38518182890A2D50100A3DF33FCC9BD1644BD14FCA330AA978500001F2351350000"	"\Divisions\PD\Project Control\133432 - Spearville Substation\Pruitt Electric"
"000000009598E9A20E04F041B38518182890A2D50100A3DF33FCC9BD1644BD14FCA330AA978500001EC015230000"	"\Divisions\PD\Project Control\133432 - Spearville Substation\RFP's\Site Preparation Subcontractor\RJA Dozer"
"000000009598E9A20E04F041B38518182890A2D50100A3DF33FCC9BD1644BD14FCA330AA978500001DCFCBB90000"	"\Divisions\PD\Project Control\133432 - Spearville Substation\RFQ's\345kV Surge Arresters\WUE\Siemens"
"000000009598E9A20E04F041B38518182890A2D50100A3DF33FCC9BD1644BD14FCA330AA978500001DD3202E0000"	"\Divisions\PD\Project Control\133432 - Spearville Substation\Trench - Line Tuner, 115kV"
"000000009598E9A20E04F041B38518182890A2D50100A3DF33FCC9BD1644BD14FCA330AA978500001DB2C4980000"	"\Divisions\PD\Project Control\133548 - RS-NFD to Spearville 115kV\RFQ's\115kV T-Line"
"000000009598E9A20E04F041B38518182890A2D50100A3DF33FCC9BD1644BD14FCA330AA9785000021B373470000"	"\Divisions\PD\Project Control\134710 - Cimarron River Sub PH2\Calvert - Wall Bushing Assemblies"
"000000009598E9A20E04F041B38518182890A2D50100A3DF33FCC9BD1644BD14FCA330AA978500002286241C0000"	"\Divisions\PD\Project Control\134710 - Cimarron River Sub PH2\HD Supply - 500kcmil Cable (Cable Tray)\HD Supply - 500kcmil Cable (Cable Tray)"
"000000009598E9A20E04F041B38518182890A2D50100A3DF33FCC9BD1644BD14FCA330AA9785000021C08F6D0000"	"\Divisions\PD\Project Control\134710 - Cimarron River Sub PH2\RFP's\Concrete Testing\Earles Engineering"
"000000009598E9A20E04F041B38518182890A2D50100A3DF33FCC9BD1644BD14FCA330AA9785000020D821D40000"	"\Divisions\PD\Project Control\134710 - Cimarron River Sub PH2\RFP's\Substation Construction\2015 Scope\Energy Erectors"
"000000009598E9A20E04F041B38518182890A2D50100A3DF33FCC9BD1644BD14FCA330AA978500001E25ACCD0000"	"\Divisions\PD\Project Control\134710 - Cimarron River Sub PH2\RFQ's\500kcmil Cable\Rauckman - General Cable"
"000000009598E9A20E04F041B38518182890A2D50100A3DF33FCC9BD1644BD14FCA330AA978500001EDC25310000"	"\Divisions\PD\Project Control\134710 - Cimarron River Sub PH2\RFQ's\CLiP Device\G&W"
"000000009598E9A20E04F041B38518182890A2D50100A3DF33FCC9BD1644BD14FCA330AA978500001EC056480000"	"\Divisions\PD\Project Control\134710 - Cimarron River Sub PH2\RFQ's\Current Limiting Reactor, Outdoor\Alstom Grid"
"000000009598E9A20E04F041B38518182890A2D50100A3DF33FCC9BD1644BD14FCA330AA978500001E6697130000"	"\Divisions\PD\Project Control\134710 - Cimarron River Sub PH2\RFQ's\Misc Substation Materials\HD Supply"
"000000009598E9A20E04F041B38518182890A2D50100A3DF33FCC9BD1644BD14FCA330AA978500001ED7E1630000"	"\Divisions\PD\Project Control\134710 - Cimarron River Sub PH2\RFQ's\OH Line Hardware and Conductor\HD Supply"
"000000009598E9A20E04F041B38518182890A2D50100A3DF33FCC9BD1644BD14FCA330AA978500001F10E0E00000"	"\Divisions\PD\Project Control\134710 - Cimarron River Sub PH2\RFQ's\SCADA & Control\Loose Parts - ALTERNATES"
"000000009598E9A20E04F041B38518182890A2D50100A3DF33FCC9BD1644BD14FCA330AA9785000021720FE00000"	"\Divisions\PD\Project Control\134710 - Cimarron River Sub PH2\RFQ's\Through-Wall Bushings\Kriz Davis"
"000000009598E9A20E04F041B38518182890A2D50100A3DF33FCC9BD1644BD14FCA330AA978500002537857E0000"	"\Divisions\PD\Project Control\135673 - High Point Substation"
"000000009598E9A20E04F041B38518182890A2D50100A3DF33FCC9BD1644BD14FCA330AA97850000267277BE0000"	"\Divisions\PD\Project Control\135673 - High Point Substation\PASCOR - Disconnect Switches"
"000000009598E9A20E04F041B38518182890A2D50100A3DF33FCC9BD1644BD14FCA330AA9785000026B56D910000"	"\Divisions\PD\Project Control\135673 - High Point Substation\RFQ's\Battery System\C&D (Ash Battery)"
"000000009598E9A20E04F041B38518182890A2D50100A3DF33FCC9BD1644BD14FCA330AA978500002598F70B0000"	"\Divisions\PD\Project Control\135673 - High Point Substation\RFQ's\Control Building\Systems Control"
"000000009598E9A20E04F041B38518182890A2D50100A3DF33FCC9BD1644BD14FCA330AA978500002857F32B0000"	"\Divisions\PD\Project Control\135673 - High Point Substation\RFQ's\Miscellaneous Material\Misc Materials"
"000000009598E9A20E04F041B38518182890A2D50100A3DF33FCC9BD1644BD14FCA330AA9785000026A4EE3C0000"	"\Divisions\PD\Project Control\135673 - High Point Substation\RFQ's\Surge Arresters\ABB"
"000000009598E9A20E04F041B38518182890A2D50100A3DF33FCC9BD1644BD14FCA330AA97850000202CA9580000"	"\Divisions\PD\Project Control\136342 - St John to Harper SWPPP Closeout"
"000000009598E9A20E04F041B38518182890A2D50100A3DF33FCC9BD1644BD14FCA330AA9785000028C763110000"	"\Divisions\PD\Project Control\140907"
"000000009598E9A20E04F041B38518182890A2D5010012225CC57BF01F4EA8CCA87A792FF35F000239A1700E0000"	"\Divisions\PD\Project Control\154082 - King Mountain (GP&L)"
"000000009598E9A20E04F041B38518182890A2D501006C95E27D1ACA634AA1AADC20796388DD00000005F0900000"	"\Divisions\PD\Project Control\Contacts"
"000000009598E9A20E04F041B38518182890A2D50100A3DF33FCC9BD1644BD14FCA330AA97850000291AC7A00000"	"\Divisions\PD\Project Management Boise\137627_Harry Allen Eldorado Proposal"
"000000009598E9A20E04F041B38518182890A2D5010012225CC57BF01F4EA8CCA87A792FF35F00000C4525E80000"	"\Divisions\PD\Project Management Boise\141527_PECL Design\SFTY"
"000000009598E9A20E04F041B38518182890A2D5010012225CC57BF01F4EA8CCA87A792FF35F00003452E68C0000"	"\Divisions\PD\Project Management Boise\142892_PECL Project Management\ROW"
"000000009598E9A20E04F041B38518182890A2D5010012225CC57BF01F4EA8CCA87A792FF35F00004480C3380000"	"\Divisions\PD\Project Management Boise\144130_PECL Stations\MM"
"000000009598E9A20E04F041B38518182890A2D50100A3DF33FCC9BD1644BD14FCA330AA978500002A1C56B50000"	"\Divisions\PD\Project Management Boise\Aaron Boston\132155 PSE Eastside"
"000000009598E9A20E04F041B38518182890A2D50100A3DF33FCC9BD1644BD14FCA330AA9785000027B338090000"	"\Divisions\PD\Project Management Boise\Aaron Boston\140073 Palmdale Energy 230kV\Switchyard"
"000000009598E9A20E04F041B38518182890A2D5010012225CC57BF01F4EA8CCA87A792FF35F00005BEAA7E80000"	"\Divisions\PD\Project Management Boise\Aaron Boston\SOQ Douglas CO 115kV"
"000000009598E9A20E04F041B38518182890A2D501006C95E27D1ACA634AA1AADC20796388DD0000009841940000"	"\Divisions\PD\Project Management Boise\John Oglevie\113199    PADUCAH CLARE"
"000000009598E9A20E04F041B38518182890A2D501006C95E27D1ACA634AA1AADC20796388DD00000098419F0000"	"\Divisions\PD\Project Management Boise\John Oglevie\113634    SO SANTA ROSA"
"000000009598E9A20E04F041B38518182890A2D501006C95E27D1ACA634AA1AADC20796388DD0000006E29A70000"	"\Divisions\PD\Project Management Boise\John Oglevie\113985    PEACOCK REMOVE SWITCH"
"000000009598E9A20E04F041B38518182890A2D501006C95E27D1ACA634AA1AADC20796388DD0000006E29A00000"	"\Divisions\PD\Project Management Boise\John Oglevie\114225    REEVES RD NEW STA"
"000000009598E9A20E04F041B38518182890A2D50100A3DF33FCC9BD1644BD14FCA330AA9785000019E847400000"	"\Divisions\PD\Project Management Boise\John Oglevie\114531    HEMINGWAY SUBSTATION\114531_e"
"000000009598E9A20E04F041B38518182890A2D501006C95E27D1ACA634AA1AADC20796388DD0000009458E80000"	"\Divisions\PD\Project Management Boise\John Oglevie\115004    BOONE ST UPG RELAY"
"000000009598E9A20E04F041B38518182890A2D501006C95E27D1ACA634AA1AADC20796388DD0000006E298E0000"	"\Divisions\PD\Project Management Boise\John Oglevie\115704    BOWMONT-HUBBARD"
"000000009598E9A20E04F041B38518182890A2D501006C95E27D1ACA634AA1AADC20796388DD000000A7C3480000"	"\Divisions\PD\Project Management Boise\John Oglevie\119020    DRESDEN (OP) STATION PROJ"
"000000009598E9A20E04F041B38518182890A2D50100A3DF33FCC9BD1644BD14FCA330AA978500001A03C3F20000"	"\Divisions\PD\Project Management Boise\John Oglevie\119108    SAN JACINTO Pre-2011\119108_k"
"000000009598E9A20E04F041B38518182890A2D501006C95E27D1ACA634AA1AADC20796388DD000000CEF1970000"	"\Divisions\PD\Project Management Boise\John Oglevie\121248    WILDCAT 138/12KV"
"000000009598E9A20E04F041B38518182890A2D50100CB7D9B6512D7374A860FE542D57703920000010EA57B0000"	"\Divisions\PD\Project Management Boise\John Oglevie\122716   GALLOWAY"
"000000009598E9A20E04F041B38518182890A2D501006C95E27D1ACA634AA1AADC20796388DD000000F51C650000"	"\Divisions\PD\Project Management Boise\John Oglevie\KENTON"
"000000009598E9A20E04F041B38518182890A2D5010012225CC57BF01F4EA8CCA87A792FF35F0000FD2CBF3C0000"	"\Divisions\PD\Project Management Freeport\Project Management Boise\137627_Harry Allen Eldorado Proposal"
"000000009598E9A20E04F041B38518182890A2D50100572FF007A7D6B64CA96E5CFE8E1CC1A40000005FE7E10000"	"\Divisions\PD\Project Management Hailey\122026 Rockland SCADA"
"000000009598E9A20E04F041B38518182890A2D501001953B16A689BCD4AA8FC82955DB27CB1000000CE97960000"	"\Divisions\PD\Project Management Hailey\123604 WREC Scada Upgrade"
"000000009598E9A20E04F041B38518182890A2D50100A3DF33FCC9BD1644BD14FCA330AA978500000E7F584C0000"	"\Divisions\PD\Project Management Hailey\124186 OE Energy Gateway South\00 Project Management\04 Cost Control\Budget\Invoicing"
"000000009598E9A20E04F041B38518182890A2D50100A3DF33FCC9BD1644BD14FCA330AA978500000E7F83F90000"	"\Divisions\PD\Project Management Hailey\124186 OE Energy Gateway South\00 Project Management\07 Project Manager\03 Deliverables Tracking\QAQC"
"000000009598E9A20E04F041B38518182890A2D50100A3DF33FCC9BD1644BD14FCA330AA978500000E7ECA780000"	"\Divisions\PD\Project Management Hailey\124186 OE Energy Gateway South\01 Preliminary Tech Requirements\01 T-Line\02 Tower Development"
"000000009598E9A20E04F041B38518182890A2D50100A3DF33FCC9BD1644BD14FCA330AA978500000E7EE3CB0000"	"\Divisions\PD\Project Management Hailey\124186 OE Energy Gateway South\01 Preliminary Tech Requirements\01 T-Line\13 Str Matl Lists"
"000000009598E9A20E04F041B38518182890A2D50100A3DF33FCC9BD1644BD14FCA330AA9785000016DAD7780000"	"\Divisions\PD\Project Management Hailey\124186 OE Energy Gateway South\02 Engineering Support to Geotech\02 Environment Permitting for Geotech Studies\ODIR_Duplicate_Items"
"000000009598E9A20E04F041B38518182890A2D50100A3DF33FCC9BD1644BD14FCA330AA978500000E69D2AB0000"	"\Divisions\PD\Project Management Hailey\124186 OE Energy Gateway South\04 Field Staking & Ground Truthing\08 Staking Maintenance"
"000000009598E9A20E04F041B38518182890A2D501001953B16A689BCD4AA8FC82955DB27CB1000001F131B70000"	"\Divisions\PD\Project Management Hailey\124186 OE Energy Gateway South\06 EPC RFP Package Support\02 Structure Bid Options"
"000000009598E9A20E04F041B38518182890A2D50100A3DF33FCC9BD1644BD14FCA330AA97850000174610480000"	"\Divisions\PD\Project Management Hailey\127118 Campo Verde"
"000000009598E9A20E04F041B38518182890A2D50100A3DF33FCC9BD1644BD14FCA330AA97850000199180D30000"	"\Divisions\PD\Project Management Hailey\129695 GE Windstream"
"000000009598E9A20E04F041B38518182890A2D50100A3DF33FCC9BD1644BD14FCA330AA97850000239361590000"	"\Divisions\PD\Project Management Hailey\138910 Simmental Solar Farm"
"000000009598E9A20E04F041B38518182890A2D5010012225CC57BF01F4EA8CCA87A792FF35F0000122E783E0000"	"\Divisions\PD\Project Management Hailey\139643 - Grand Prairie"
"000000009598E9A20E04F041B38518182890A2D5010012225CC57BF01F4EA8CCA87A792FF35F0000E3DE40B40000"	"\Divisions\PD\Project Management Hailey\147060_Timor-Leste_T-Line"
"000000009598E9A20E04F041B38518182890A2D50100A3DF33FCC9BD1644BD14FCA330AA978500001DB11AFC0000"	"\Divisions\PD\Project Management Hailey\KMP_TLBU\KM Committee"
"000000009598E9A20E04F041B38518182890A2D50100A3DF33FCC9BD1644BD14FCA330AA9785000017F054BD0000"	"\Divisions\PD\Project Management Hailey\Project Management Boise\115118 NorthWestern Energy \_NorthWestern Energy Event Calendar"
"000000009598E9A20E04F041B38518182890A2D50100A3DF33FCC9BD1644BD14FCA330AA9785000018E3D5140000"	"\Divisions\PD\Project Management Hailey\VEA\002 Project Closed\127035_Vista - Pahrump_230kV Line\127035.04.02 CAMPUS-VISTA #102"
"000000009598E9A20E04F041B38518182890A2D50100A3DF33FCC9BD1644BD14FCA330AA9785000019B0E3800000"	"\Divisions\PD\Project Management Hailey\VEA\002 Project Closed\127595_CM-PM Vista-Pahrump 230 kV Line"
"000000009598E9A20E04F041B38518182890A2D50100A3DF33FCC9BD1644BD14FCA330AA978500001E21B13B0000"	"\Divisions\PD\Project Management Hailey\VEA\128233_Innovation-Mercury 138kV\Environmental Emails\Innovation to Mercury"
"000000009598E9A20E04F041B38518182890A2D50100E34BFE500669CD49AC2E27C6C54DE39D0000001B9A750000"	"\Divisions\PD\Project Management St. Louis\112260 LS Power GSA\01-01 General Support"
"000000009598E9A20E04F041B38518182890A2D5010012225CC57BF01F4EA8CCA87A792FF35F00015333EE650000"	"\Divisions\PD\Project Management St. Louis\PTE Houston"
"000000009598E9A20E04F041B38518182890A2D5010012225CC57BF01F4EA8CCA87A792FF35F0006AEBD34540000"	"\Divisions\PD\Project Services\PD Project Services-Southwest\Calendar\Birthdays"
"000000009598E9A20E04F041B38518182890A2D501006C95E27D1ACA634AA1AADC20796388DD000000C7790B0000"	"\Divisions\PD\PTE\Anaheim/SD Projects\121046 MOJAVE TEST PAVILLON POOL LV"
"000000009598E9A20E04F041B38518182890A2D501006C95E27D1ACA634AA1AADC20796388DD000000D0E6830000"	"\Divisions\PD\PTE\Anaheim/SD Projects\121316 PDI PDU EQUINIX 11/04"
"000000009598E9A20E04F041B38518182890A2D501006C95E27D1ACA634AA1AADC20796388DD000000E199EB0000"	"\Divisions\PD\PTE\Anaheim/SD Projects\121823 GOULD NEMKO JOB#2361 Carlsbad"
"000000009598E9A20E04F041B38518182890A2D501006C95E27D1ACA634AA1AADC20796388DD000000F320D40000"	"\Divisions\PD\PTE\Anaheim/SD Projects\122474 Daniels Grnd Rod VanBuren ES"
"000000009598E9A20E04F041B38518182890A2D50100CB7D9B6512D7374A860FE542D57703920000011615A20000"	"\Divisions\PD\PTE\Anaheim/SD Projects\122818 Shanks Crafton Hills College"
"000000009598E9A20E04F041B38518182890A2D50100CB7D9B6512D7374A860FE542D577039200000128683F0000"	"\Divisions\PD\PTE\Anaheim/SD Projects\123292 UCSD CVC Relay Setting"
"000000009598E9A20E04F041B38518182890A2D501001953B16A689BCD4AA8FC82955DB27CB1000000CC2DA80000"	"\Divisions\PD\PTE\Anaheim/SD Projects\123659 (PTE) UCSD Lower Marshall Apt"
"000000009598E9A20E04F041B38518182890A2D501001953B16A689BCD4AA8FC82955DB27CB1000000ED29530000"	"\Divisions\PD\PTE\Anaheim/SD Projects\123829 (SAS) Berg: American Hond Mo"
"000000009598E9A20E04F041B38518182890A2D501001953B16A689BCD4AA8FC82955DB27CB10000012EFD970000"	"\Divisions\PD\PTE\Anaheim/SD Projects\124101 PRECISION ELEC. LA JOLLA SHORES"
"000000009598E9A20E04F041B38518182890A2D501001953B16A689BCD4AA8FC82955DB27CB100000165B4B70000"	"\Divisions\PD\PTE\Anaheim/SD Projects\124282 (CORN) BEAR VALLEY ELECTRIC "
"000000009598E9A20E04F041B38518182890A2D501001953B16A689BCD4AA8FC82955DB27CB1000001799BF00000"	"\Divisions\PD\PTE\Anaheim/SD Projects\124428 CITRUS COLLEGE-SWGR RELAY REPL "
"000000009598E9A20E04F041B38518182890A2D501001953B16A689BCD4AA8FC82955DB27CB1000001CCB9A00000"	"\Divisions\PD\PTE\Anaheim/SD Projects\124661 (SOLAR) TC16-3,TC16-1 & TC16.4 "
"000000009598E9A20E04F041B38518182890A2D501001953B16A689BCD4AA8FC82955DB27CB1000001D819790000"	"\Divisions\PD\PTE\Anaheim/SD Projects\124813 (DYNA) AREA 41 SWGR REPLACE "
"000000009598E9A20E04F041B38518182890A2D501001953B16A689BCD4AA8FC82955DB27CB1000001F3FD770000"	"\Divisions\PD\PTE\Anaheim/SD Projects\125115 (CIRCLE) RIO VISTA ELEM "
"000000009598E9A20E04F041B38518182890A2D50100A3DF33FCC9BD1644BD14FCA330AA97850000175D7B000000"	"\Divisions\PD\PTE\Anaheim/SD Projects\125832 Onyx Test 5 Brkrs In Shop"
"000000009598E9A20E04F041B38518182890A2D50100A3DF33FCC9BD1644BD14FCA330AA97850000175E409F0000"	"\Divisions\PD\PTE\Anaheim/SD Projects\126336 Snowden CSUSB Fuel Cell"
"000000009598E9A20E04F041B38518182890A2D50100A3DF33FCC9BD1644BD14FCA330AA978500001760479C0000"	"\Divisions\PD\PTE\Anaheim/SD Projects\126756 Dyna Rose Bowl"
"000000009598E9A20E04F041B38518182890A2D50100A3DF33FCC9BD1644BD14FCA330AA97850000177E4D050000"	"\Divisions\PD\PTE\Anaheim/SD Projects\127071 H&S Kaiser Inglewood"
"000000009598E9A20E04F041B38518182890A2D50100A3DF33FCC9BD1644BD14FCA330AA9785000017918D0A0000"	"\Divisions\PD\PTE\Anaheim/SD Projects\127250 Metropolitan Stevedore LB212 Maint"
"000000009598E9A20E04F041B38518182890A2D50100A3DF33FCC9BD1644BD14FCA330AA97850000176B84BB0000"	"\Divisions\PD\PTE\Anaheim/SD Projects\127485 Zamorano ES Ground Rods"
"000000009598E9A20E04F041B38518182890A2D50100A3DF33FCC9BD1644BD14FCA330AA978500001773BEC60000"	"\Divisions\PD\PTE\Anaheim/SD Projects\127757 (SAS) TB Penick 29 Palms"
"000000009598E9A20E04F041B38518182890A2D50100A3DF33FCC9BD1644BD14FCA330AA97850000177B54E50000"	"\Divisions\PD\PTE\Anaheim/SD Projects\127933 Little Mountain ES"
"000000009598E9A20E04F041B38518182890A2D50100A3DF33FCC9BD1644BD14FCA330AA9785000017E068B80000"	"\Divisions\PD\PTE\Anaheim/SD Projects\128147 Duarte HS FB Stadium"
"000000009598E9A20E04F041B38518182890A2D50100A3DF33FCC9BD1644BD14FCA330AA978500001803801F0000"	"\Divisions\PD\PTE\Anaheim/SD Projects\128315 CSUSM GFI Systems"
"000000009598E9A20E04F041B38518182890A2D50100A3DF33FCC9BD1644BD14FCA330AA978500001853D21E0000"	"\Divisions\PD\PTE\Anaheim/SD Projects\128475 CVE NASSCO Sub"
"000000009598E9A20E04F041B38518182890A2D50100A3DF33FCC9BD1644BD14FCA330AA9785000018AD8B890000"	"\Divisions\PD\PTE\Anaheim/SD Projects\128776 Antiquarius"
"000000009598E9A20E04F041B38518182890A2D50100A3DF33FCC9BD1644BD14FCA330AA9785000018C343060000"	"\Divisions\PD\PTE\Anaheim/SD Projects\128995 Olinda Emerg Call Out"
"000000009598E9A20E04F041B38518182890A2D50100A3DF33FCC9BD1644BD14FCA330AA97850000191FB65A0000"	"\Divisions\PD\PTE\Anaheim/SD Projects\129208 Cenveo Outside SWGR"
"000000009598E9A20E04F041B38518182890A2D50100A3DF33FCC9BD1644BD14FCA330AA97850000194D426E0000"	"\Divisions\PD\PTE\Anaheim/SD Projects\129421 Temp Lodging Facility at MCAS Miramar"
"000000009598E9A20E04F041B38518182890A2D50100A3DF33FCC9BD1644BD14FCA330AA978500001988DADD0000"	"\Divisions\PD\PTE\Anaheim/SD Projects\129802 March Air Reserve Base"
"000000009598E9A20E04F041B38518182890A2D50100A3DF33FCC9BD1644BD14FCA330AA9785000019992E920000"	"\Divisions\PD\PTE\Anaheim/SD Projects\129950 SPLASH! Ground Test"
"000000009598E9A20E04F041B38518182890A2D50100A3DF33FCC9BD1644BD14FCA330AA9785000019E30A020000"	"\Divisions\PD\PTE\Anaheim/SD Projects\130533 Mission ES"
"000000009598E9A20E04F041B38518182890A2D50100A3DF33FCC9BD1644BD14FCA330AA978500001AAEF44F0000"	"\Divisions\PD\PTE\Anaheim/SD Projects\130929 Sierra Vista RV Park"
"000000009598E9A20E04F041B38518182890A2D50100A3DF33FCC9BD1644BD14FCA330AA978500001ADBA7BB0000"	"\Divisions\PD\PTE\Anaheim/SD Projects\131402 Triple C Sequoyah School Exp"
"000000009598E9A20E04F041B38518182890A2D50100A3DF33FCC9BD1644BD14FCA330AA978500001B6B39590000"	"\Divisions\PD\PTE\Anaheim/SD Projects\131724 UCSD 5kV Loop"
"000000009598E9A20E04F041B38518182890A2D50100A3DF33FCC9BD1644BD14FCA330AA978500001B7AFDB30000"	"\Divisions\PD\PTE\Anaheim/SD Projects\131968 McBride High School"
"000000009598E9A20E04F041B38518182890A2D50100A3DF33FCC9BD1644BD14FCA330AA978500001B6B12A10000"	"\Divisions\PD\PTE\Anaheim/SD Projects\132193 Port Hueneme Maint Shutdown"
"000000009598E9A20E04F041B38518182890A2D50100A3DF33FCC9BD1644BD14FCA330AA978500001B8228640000"	"\Divisions\PD\PTE\Anaheim/SD Projects\132493 Solar - LB Xfmr"
"000000009598E9A20E04F041B38518182890A2D50100A3DF33FCC9BD1644BD14FCA330AA978500001BFB06E70000"	"\Divisions\PD\PTE\Anaheim/SD Projects\132826 Coresite Commissioning"
"000000009598E9A20E04F041B38518182890A2D501006C95E27D1ACA634AA1AADC20796388DD00000083C5C20000"	"\Divisions\PD\PTE\Atlanta Projects\118730 SMITH GRY WRF CBFT3/RELAY GA"
"000000009598E9A20E04F041B38518182890A2D50100E34BFE500669CD49AC2E27C6C54DE39D00000018EF150000"	"\Divisions\PD\PTE Houston\114672_CenterPoint\00-PROCEDURES"
"000000009598E9A20E04F041B38518182890A2D5010012225CC57BF01F4EA8CCA87A792FF35F00067A9AF2100000"	"\Divisions\PD\SAS\00_HOMER"
"000000009598E9A20E04F041B38518182890A2D5010012225CC57BF01F4EA8CCA87A792FF35F00034CCC62250000"	"\Divisions\PD\SAS\00_SAS VII Dept Calendar"
"000000009598E9A20E04F041B38518182890A2D5010012225CC57BF01F4EA8CCA87A792FF35F0000C8E017190000"	"\Divisions\PD\SAS\000000 SAS General\Purchase Orders"
"000000009598E9A20E04F041B38518182890A2D5010012225CC57BF01F4EA8CCA87A792FF35F0002C1A0F0CF0000"	"\Divisions\PD\SAS\100371 POWER DELIVERY SAS GROUP IX"
"000000009598E9A20E04F041B38518182890A2D501006C95E27D1ACA634AA1AADC20796388DD0000002692110000"	"\Divisions\PD\SAS\LEWISTON PROJECTS\SPS-Active\Active Projects\City of Tallahassee"
"000000009598E9A20E04F041B38518182890A2D501006C95E27D1ACA634AA1AADC20796388DD0000002692200000"	"\Divisions\PD\SAS\LEWISTON PROJECTS\SPS-Active\Active Projects\Grant County PUD\Priest Rapids"
"000000009598E9A20E04F041B38518182890A2D501006C95E27D1ACA634AA1AADC20796388DD0000002692310000"	"\Divisions\PD\SAS\LEWISTON PROJECTS\SPS-Active\Active Projects\IES"
"000000009598E9A20E04F041B38518182890A2D501006C95E27D1ACA634AA1AADC20796388DD0000002692400000"	"\Divisions\PD\SAS\LEWISTON PROJECTS\SPS-Active\Active Projects\NCPA\Hydro\NSM Relay Upgrade"
"000000009598E9A20E04F041B38518182890A2D501006C95E27D1ACA634AA1AADC20796388DD00000026924F0000"	"\Divisions\PD\SAS\LEWISTON PROJECTS\SPS-Active\Active Projects\PowerTech Engineering\Woodmont"
"000000009598E9A20E04F041B38518182890A2D50100A3DF33FCC9BD1644BD14FCA330AA9785000017FE89220000"	"\Divisions\PD\SAS\Pacific Valley Solar\Abandoned Projects\Manning"
"000000009598E9A20E04F041B38518182890A2D50100A3DF33FCC9BD1644BD14FCA330AA9785000017FE138A0000"	"\Divisions\PD\SAS\Pacific Valley Solar\Rose_Colorado"
"000000009598E9A20E04F041B38518182890A2D501001296C725372D7F4B86B758A22EA3141B0000003B4E190000"	"\Divisions\PD\SAS\XXXXXX Cathodic Protection"
"000000009598E9A20E04F041B38518182890A2D50100A3DF33FCC9BD1644BD14FCA330AA978500002A2A8ED20000"	"\Divisions\PD\Substation Anaheim\134708 IID BESS"
"000000009598E9A20E04F041B38518182890A2D50100A3DF33FCC9BD1644BD14FCA330AA978500002A2EDEA40000"	"\Divisions\PD\Substation Anaheim\139263 Harvest Energy Mariah 2 Wind OE and SCADA"
"000000009598E9A20E04F041B38518182890A2D50100A3DF33FCC9BD1644BD14FCA330AA978500002A2F5B110000"	"\Divisions\PD\Substation Anaheim\140443 Taylor Rymar Corp Roserock Solar Project"
"000000009598E9A20E04F041B38518182890A2D5010012225CC57BF01F4EA8CCA87A792FF35F000019E269720000"	"\Divisions\PD\Substation Anaheim\142633 Oncor Scyene Rd - Info"
"000000009598E9A20E04F041B38518182890A2D5010012225CC57BF01F4EA8CCA87A792FF35F0001217308620000"	"\Divisions\PD\Substation Anaheim\148106 B GRAHAM PLANT SW RPL 345 BKRS"
"000000009598E9A20E04F041B38518182890A2D50100E34BFE500669CD49AC2E27C6C54DE39D000000339C1A0000"	"\Divisions\PD\Substation Ann Arbor\120255"
"000000009598E9A20E04F041B38518182890A2D50100A3DF33FCC9BD1644BD14FCA330AA9785000015F88CA60000"	"\Divisions\PD\Substation Ann Arbor\125568"
"000000009598E9A20E04F041B38518182890A2D50100A3DF33FCC9BD1644BD14FCA330AA978500001ABA17160000"	"\Divisions\PD\Substation Ann Arbor\131476"
"000000009598E9A20E04F041B38518182890A2D50100A3DF33FCC9BD1644BD14FCA330AA97850000216E97A60000"	"\Divisions\PD\Substation Ann Arbor\137309 - Freebyrd"
"000000009598E9A20E04F041B38518182890A2D50100A3DF33FCC9BD1644BD14FCA330AA97850000242AE5490000"	"\Divisions\PD\Substation Ann Arbor\139351 - AEP W Cambridge P15087001"
"000000009598E9A20E04F041B38518182890A2D50100A3DF33FCC9BD1644BD14FCA330AA978500002C095D060000"	"\Divisions\PD\Substation Ann Arbor\142764 - AEP N Findlay N Baltimore"
"000000009598E9A20E04F041B38518182890A2D5010012225CC57BF01F4EA8CCA87A792FF35F000045BC48750000"	"\Divisions\PD\Substation Ann Arbor\144348 - AEP Bluefield Ave P12028137"
"000000009598E9A20E04F041B38518182890A2D5010012225CC57BF01F4EA8CCA87A792FF35F0000BEBBD47E0000"	"\Divisions\PD\Substation Ann Arbor\146477"
"000000009598E9A20E04F041B38518182890A2D5010012225CC57BF01F4EA8CCA87A792FF35F0002501B64CA0000"	"\Divisions\PD\Substation Ann Arbor\148890\Prairie Ronde - 148890\Material/Vendor"
"000000009598E9A20E04F041B38518182890A2D501001296C725372D7F4B86B758A22EA3141B0000006D506C0000"	"\Divisions\PD\Substation Ann Arbor\9-Drafting questions Q & A\AEP Q & A"
"000000009598E9A20E04F041B38518182890A2D50100A3DF33FCC9BD1644BD14FCA330AA97850000198689630000"	"\Divisions\PD\Substation Ann Arbor\NGrig\Substation Jackson Calendar"
"000000009598E9A20E04F041B38518182890A2D501006C95E27D1ACA634AA1AADC20796388DD0000005F2C8E0000"	"\Divisions\PD\Substation Ann Arbor\Substation Ann Arbor Calendar"
"000000009598E9A20E04F041B38518182890A2D5010012225CC57BF01F4EA8CCA87A792FF35F0005E942F31F0000"	"\Divisions\PD\Substation Atlanta\0236066_Cyclone Switch: Install low side metering for Bright Arrow Storage"
"000000009598E9A20E04F041B38518182890A2D5010012225CC57BF01F4EA8CCA87A792FF35F00062A618B690000"	"\Divisions\PD\Substation Atlanta\0240529_0000_MEAG-Buford #1 Grnd Mitigation"
"000000009598E9A20E04F041B38518182890A2D5010012225CC57BF01F4EA8CCA87A792FF35F00068E874D6C0000"	"\Divisions\PD\Substation Atlanta\0242448_0000_Pitts Primary Gnd Re-Study"
"000000009598E9A20E04F041B38518182890A2D5010012225CC57BF01F4EA8CCA87A792FF35F0006A537CB2C0000"	"\Divisions\PD\Substation Atlanta\0245790_0000_GPC - Welcome All Road DS - P&C"
"000000009598E9A20E04F041B38518182890A2D5010012225CC57BF01F4EA8CCA87A792FF35F0006C24609B50000"	"\Divisions\PD\Substation Atlanta\0246830_0000_Rexall Switch 138kV Line Terminal Modifications"
"000000009598E9A20E04F041B38518182890A2D5010012225CC57BF01F4EA8CCA87A792FF35F00070A82186A0000"	"\Divisions\PD\Substation Atlanta\0249351_0000_ATL Hutto Switch 53945"
"000000009598E9A20E04F041B38518182890A2D5010012225CC57BF01F4EA8CCA87A792FF35F00071CE244BA0000"	"\Divisions\PD\Substation Atlanta\0250025_0000_ATL Sherman NW Sub UF 54184"
"000000009598E9A20E04F041B38518182890A2D5010012225CC57BF01F4EA8CCA87A792FF35F0007422940F10000"	"\Divisions\PD\Substation Atlanta\0251530_0000_GPC - Waverly Primary P&C"
"000000009598E9A20E04F041B38518182890A2D5010012225CC57BF01F4EA8CCA87A792FF35F0007676595270000"	"\Divisions\PD\Substation Atlanta\0252496_J.M. Huber (Reids) P&C"
"000000009598E9A20E04F041B38518182890A2D5010012225CC57BF01F4EA8CCA87A792FF35F0007A7ADE6100000"	"\Divisions\PD\Substation Atlanta\0254673_0000_ATL Killeen Sub DA 55880"
"000000009598E9A20E04F041B38518182890A2D5010012225CC57BF01F4EA8CCA87A792FF35F0007B1C7A9CA0000"	"\Divisions\PD\Substation Atlanta\0255040_0000_ATL Carrollton Sub UF 56359"
"000000009598E9A20E04F041B38518182890A2D501001296C725372D7F4B86B758A22EA3141B0000004E09740000"	"\Divisions\PD\Substation Atlanta\110117_TXU_Bowie"
"000000009598E9A20E04F041B38518182890A2D50100E34BFE500669CD49AC2E27C6C54DE39D00000010D16D0000"	"\Divisions\PD\Substation Atlanta\113015_Elm Creek Substation\Equipment\Commodity"
"000000009598E9A20E04F041B38518182890A2D50100E34BFE500669CD49AC2E27C6C54DE39D00000010D1610000"	"\Divisions\PD\Substation Atlanta\113015_Elm Creek Substation\Physical Comments from karl\to Karl"
"000000009598E9A20E04F041B38518182890A2D501001296C725372D7F4B86B758A22EA3141B0000006D50480000"	"\Divisions\PD\Substation Atlanta\113509_W. Farnum Sub 345kV Upgrades/Additions (RIR)"
"000000009598E9A20E04F041B38518182890A2D50100E34BFE500669CD49AC2E27C6C54DE39D0000001ABFEF0000"	"\Divisions\PD\Substation Atlanta\114320_Anadarko Phase 2\Galvanizers"
"000000009598E9A20E04F041B38518182890A2D50100E34BFE500669CD49AC2E27C6C54DE39D0000002260F90000"	"\Divisions\PD\Substation Atlanta\116139_Round Rock Dist Auto\Visual Analysis\115012"
"000000009598E9A20E04F041B38518182890A2D50100E34BFE500669CD49AC2E27C6C54DE39D000000383EF70000"	"\Divisions\PD\Substation Atlanta\117138_TransCanada_Pipeline_Elect_Study\Custer-Arc Flash Study"
"000000009598E9A20E04F041B38518182890A2D50100E34BFE500669CD49AC2E27C6C54DE39D00000037A23B0000"	"\Divisions\PD\Substation Atlanta\120842_Community Wind"
"000000009598E9A20E04F041B38518182890A2D5010012225CC57BF01F4EA8CCA87A792FF35F00002BF9ACBE0000"	"\Divisions\PD\Substation Atlanta\123097.37_PEF_International_Drive\143"
"000000009598E9A20E04F041B38518182890A2D50100A3DF33FCC9BD1644BD14FCA330AA97850000157502660000"	"\Divisions\PD\Substation Atlanta\123791 JRR Santa Isabel Wind Farm\WSV"
"000000009598E9A20E04F041B38518182890A2D50100A3DF33FCC9BD1644BD14FCA330AA9785000016E8584D0000"	"\Divisions\PD\Substation Atlanta\123979_Sunflower Barber Substation\Control House"
"000000009598E9A20E04F041B38518182890A2D50100A3DF33FCC9BD1644BD14FCA330AA9785000017391D1F0000"	"\Divisions\PD\Substation Atlanta\123979_Sunflower Barber Substation\Meeting Notes"
"000000009598E9A20E04F041B38518182890A2D50100A3DF33FCC9BD1644BD14FCA330AA978500001739094C0000"	"\Divisions\PD\Substation Atlanta\123979_Sunflower Barber Substation\Sunflower Approved Vendors"
"000000009598E9A20E04F041B38518182890A2D50100A3DF33FCC9BD1644BD14FCA330AA978500001754B1850000"	"\Divisions\PD\Substation Atlanta\125583_Sunflower Cimarron\DCP and API"
"000000009598E9A20E04F041B38518182890A2D50100A3DF33FCC9BD1644BD14FCA330AA9785000016CF351F0000"	"\Divisions\PD\Substation Atlanta\125583_Sunflower Cimarron\Equipment\Circuit Breaker"
"000000009598E9A20E04F041B38518182890A2D50100A3DF33FCC9BD1644BD14FCA330AA978500001769C9DE0000"	"\Divisions\PD\Substation Atlanta\125583_Sunflower Cimarron\Equipment\Switchgear\POWELL Switchgear\Approval Drawings"
"000000009598E9A20E04F041B38518182890A2D50100A3DF33FCC9BD1644BD14FCA330AA97850000198103CD0000"	"\Divisions\PD\Substation Atlanta\125583_Sunflower Cimarron\GENERATION"
"000000009598E9A20E04F041B38518182890A2D50100A3DF33FCC9BD1644BD14FCA330AA9785000017EF48DD0000"	"\Divisions\PD\Substation Atlanta\125583_Sunflower Cimarron\Project Management\Transmittals"
"000000009598E9A20E04F041B38518182890A2D50100A3DF33FCC9BD1644BD14FCA330AA978500001727042C0000"	"\Divisions\PD\Substation Atlanta\125583_Sunflower Cimarron\SUBSTATION CONTROL AND SAS\Studies\Grounding "
"000000009598E9A20E04F041B38518182890A2D50100A3DF33FCC9BD1644BD14FCA330AA97850000159C95050000"	"\Divisions\PD\Substation Atlanta\125583_Sunflower Cimarron\Transformer Addendums"
"000000009598E9A20E04F041B38518182890A2D50100A3DF33FCC9BD1644BD14FCA330AA978500001EDEC7D70000"	"\Divisions\PD\Substation Atlanta\127857"
"000000009598E9A20E04F041B38518182890A2D50100A3DF33FCC9BD1644BD14FCA330AA978500001DE1FEE40000"	"\Divisions\PD\Substation Atlanta\133337_Monument Substation-AMEREN\Motor Operated Switches"
"000000009598E9A20E04F041B38518182890A2D50100A3DF33FCC9BD1644BD14FCA330AA9785000028C59E9E0000"	"\Divisions\PD\Substation Atlanta\133432_Spearville 345kV\DFR"
"000000009598E9A20E04F041B38518182890A2D50100A3DF33FCC9BD1644BD14FCA330AA978500001E100F370000"	"\Divisions\PD\Substation Atlanta\133432_Spearville 345kV\Schedule"
"000000009598E9A20E04F041B38518182890A2D50100A3DF33FCC9BD1644BD14FCA330AA978500002B48CD0B0000"	"\Divisions\PD\Substation Atlanta\135140_ATL JEWETT SUB\In ProjectWise"
"000000009598E9A20E04F041B38518182890A2D50100A3DF33FCC9BD1644BD14FCA330AA9785000027BF262B0000"	"\Divisions\PD\Substation Atlanta\137302_GTC DOUGLAS SUBSTATION"
"000000009598E9A20E04F041B38518182890A2D50100A3DF33FCC9BD1644BD14FCA330AA978500002B71BA550000"	"\Divisions\PD\Substation Atlanta\139315_ATL TYLER GRANDE TERM & FIBER\In ProjectWise"
"000000009598E9A20E04F041B38518182890A2D50100A3DF33FCC9BD1644BD14FCA330AA97850000261F0A130000"	"\Divisions\PD\Substation Atlanta\139848_ATL BUCKHORN 345 SWTCH\Equipment"
"000000009598E9A20E04F041B38518182890A2D5010012225CC57BF01F4EA8CCA87A792FF35F000162F5FFB30000"	"\Divisions\PD\Substation Atlanta\139848_ATL BUCKHORN 345 SWTCH\In ProjectWise\T-Line Engineering"
"000000009598E9A20E04F041B38518182890A2D50100A3DF33FCC9BD1644BD14FCA330AA9785000027BF4A200000"	"\Divisions\PD\Substation Atlanta\140368_SUNFLOWER GARDEN CITY"
"000000009598E9A20E04F041B38518182890A2D5010012225CC57BF01F4EA8CCA87A792FF35F0000122E77C70000"	"\Divisions\PD\Substation Atlanta\140572_SUNFLOWER SPEARVILLE RPLC CB SV188\Equipment\Panels\RFQ"
"000000009598E9A20E04F041B38518182890A2D50100A3DF33FCC9BD1644BD14FCA330AA978500002C81A0F70000"	"\Divisions\PD\Substation Atlanta\140572_SUNFLOWER SPEARVILLE RPLC CB SV188\Relaying\RTU"
"000000009598E9A20E04F041B38518182890A2D50100A3DF33FCC9BD1644BD14FCA330AA978500002A1596D00000"	"\Divisions\PD\Substation Atlanta\141727_PLANO-JUPITER SUB INST DG 3211"
"000000009598E9A20E04F041B38518182890A2D5010012225CC57BF01F4EA8CCA87A792FF35F00002BF9AC5A0000"	"\Divisions\PD\Substation Atlanta\143868_Harper Substation-Sunflower"
"000000009598E9A20E04F041B38518182890A2D5010012225CC57BF01F4EA8CCA87A792FF35F0000AC8758A30000"	"\Divisions\PD\Substation Atlanta\146136_MEAG-COLLEGE POINT GND"
"000000009598E9A20E04F041B38518182890A2D5010012225CC57BF01F4EA8CCA87A792FF35F00016C138AB50000"	"\Divisions\PD\Substation Atlanta\150566_MEAG-N CAMILLA/CRISP 1 GR Study"
"000000009598E9A20E04F041B38518182890A2D5010012225CC57BF01F4EA8CCA87A792FF35F0001A7C15AC70000"	"\Divisions\PD\Substation Atlanta\152479_MEAG NORCROSS 3 SS GND ANA"
"000000009598E9A20E04F041B38518182890A2D5010012225CC57BF01F4EA8CCA87A792FF35F0001FC153E250000"	"\Divisions\PD\Substation Atlanta\154134_ATL-BELTON DA"
"000000009598E9A20E04F041B38518182890A2D5010012225CC57BF01F4EA8CCA87A792FF35F0002423DB5150000"	"\Divisions\PD\Substation Atlanta\155628_CANTON TAP SWITCH"
"000000009598E9A20E04F041B38518182890A2D5010012225CC57BF01F4EA8CCA87A792FF35F00028774B2C10000"	"\Divisions\PD\Substation Atlanta\157522_ATHENS SWITCH"
"000000009598E9A20E04F041B38518182890A2D5010012225CC57BF01F4EA8CCA87A792FF35F000308497DDB0000"	"\Divisions\PD\Substation Atlanta\160812_ADEL BLOCKSTREAM SUB DSN 1"
"000000009598E9A20E04F041B38518182890A2D5010012225CC57BF01F4EA8CCA87A792FF35F00057E6652AF0000"	"\Divisions\PD\Substation Atlanta\177000_MARIETTA #10 GROUNDING"
"000000009598E9A20E04F041B38518182890A2D5010012225CC57BF01F4EA8CCA87A792FF35F000593DC4DA20000"	"\Divisions\PD\Substation Atlanta\180002_ATL BELLEVUE SUB DEMO 47858"
"000000009598E9A20E04F041B38518182890A2D5010012225CC57BF01F4EA8CCA87A792FF35F0005B5FEFD8D0000"	"\Divisions\PD\Substation Atlanta\181098_ATL STEPHENVILLE SW DA 49316"
"000000009598E9A20E04F041B38518182890A2D50100A3DF33FCC9BD1644BD14FCA330AA9785000029DEC3C30000"	"\Divisions\PD\Substation Atlanta\Hutto\Karl TSN and Equipment Forms"
"000000009598E9A20E04F041B38518182890A2D50100E34BFE500669CD49AC2E27C6C54DE39D00000037A2480000"	"\Divisions\PD\Substation Atlanta\NEEWS-Material Inspections\ABB CT's"
"000000009598E9A20E04F041B38518182890A2D50100E34BFE500669CD49AC2E27C6C54DE39D0000001D3C6A0000"	"\Divisions\PD\Substation Atlanta\ONCOR-2009-Scoping\Decatur Sub"
"000000009598E9A20E04F041B38518182890A2D501001296C725372D7F4B86B758A22EA3141B00000057B8080000"	"\Divisions\PD\Substation Atlanta\ONCOR-Procedures & E-mails"
"000000009598E9A20E04F041B38518182890A2D50100A3DF33FCC9BD1644BD14FCA330AA978500001ED9CA1E0000"	"\Divisions\PD\Substation Atlanta\ONCOR-TYLER NW LTU\Tyler NW Term. Upgrade"
"000000009598E9A20E04F041B38518182890A2D50100A3DF33FCC9BD1644BD14FCA330AA9785000016323C0A0000"	"\Divisions\PD\Substation Atlanta\Progress Energy\Reviews for other stations\Eustis"
"000000009598E9A20E04F041B38518182890A2D501001296C725372D7F4B86B758A22EA3141B000000635ECC0000"	"\Divisions\PD\Substation Atlanta\Proposals\2007\ESKOM"
"000000009598E9A20E04F041B38518182890A2D50100E34BFE500669CD49AC2E27C6C54DE39D000000202E520000"	"\Divisions\PD\Substation Atlanta\Proposals\2009\York Energy Center-Pristine Pwr"
"000000009598E9A20E04F041B38518182890A2D50100E34BFE500669CD49AC2E27C6C54DE39D0000002A34F80000"	"\Divisions\PD\Substation Atlanta\Proposals\2010\PEPCO-2010-Line Term Upgrade"
"000000009598E9A20E04F041B38518182890A2D50100E34BFE500669CD49AC2E27C6C54DE39D0000004310030000"	"\Divisions\PD\Substation Atlanta\Proposals\2011\123009 JRR Santa Isabel"
"000000009598E9A20E04F041B38518182890A2D50100A3DF33FCC9BD1644BD14FCA330AA9785000019B580FA0000"	"\Divisions\PD\Substation Atlanta\Proposals\2013"
"000000009598E9A20E04F041B38518182890A2D50100E34BFE500669CD49AC2E27C6C54DE39D0000000659290000"	"\Divisions\PD\Substation Atlanta\Proposals\Marietta-City of P&L"
"000000009598E9A20E04F041B38518182890A2D50100E34BFE500669CD49AC2E27C6C54DE39D0000002A35310000"	"\Divisions\PD\Substation Atlanta\SAS projects\116666 SPIP Astoria"
"000000009598E9A20E04F041B38518182890A2D50100A3DF33FCC9BD1644BD14FCA330AA9785000019B3A5A60000"	"\Divisions\PD\Substation Atlanta\Sunflower-Scoping 2012"
"000000009598E9A20E04F041B38518182890A2D5010012225CC57BF01F4EA8CCA87A792FF35F0002423DB4FB0000"	"\Divisions\PD\Substation BIM\BIM Calendar"
"000000009598E9A20E04F041B38518182890A2D50100A3DF33FCC9BD1644BD14FCA330AA978500002BEA2D4A0000"	"\Divisions\PD\Substation Boise\142576  AEP DARRAH INST LNE EXIT P14053001"
"000000009598E9A20E04F041B38518182890A2D5010012225CC57BF01F4EA8CCA87A792FF35F000200BFC82E0000"	"\Divisions\PD\Substation Boise\145952  AEP BAILEY TO BOLT"
"000000009598E9A20E04F041B38518182890A2D5010012225CC57BF01F4EA8CCA87A792FF35F0000E56D536A0000"	"\Divisions\PD\Substation Boise\147088  TAYLOR SUB TERM UPG"
"000000009598E9A20E04F041B38518182890A2D5010012225CC57BF01F4EA8CCA87A792FF35F00011C66FF4D0000"	"\Divisions\PD\Substation Boise\148572  AEP N CANTON A15703500"
"000000009598E9A20E04F041B38518182890A2D5010012225CC57BF01F4EA8CCA87A792FF35F000161B50D240000"	"\Divisions\PD\Substation Boise\149825  XCEL ENERGY FEDERAL HEIGHTS-IVVO LTC RPLC"
"000000009598E9A20E04F041B38518182890A2D5010012225CC57BF01F4EA8CCA87A792FF35F000183C9C0A30000"	"\Divisions\PD\Substation Boise\151316  ONCOR BRITTON ROAD SUB DA"
"000000009598E9A20E04F041B38518182890A2D5010012225CC57BF01F4EA8CCA87A792FF35F0001CD5732E20000"	"\Divisions\PD\Substation Boise\153115  ONCOR MANSFIELD SUB:INSTALL DIST"
"000000009598E9A20E04F041B38518182890A2D5010012225CC57BF01F4EA8CCA87A792FF35F00024EA61BCA0000"	"\Divisions\PD\Substation Boise\154134 ONCOR BELTON DA 37829"
"000000009598E9A20E04F041B38518182890A2D5010012225CC57BF01F4EA8CCA87A792FF35F00021A13150A0000"	"\Divisions\PD\Substation Boise\154670  ONCOR MULBERRY CREEK RPC 345CB7000"
"000000009598E9A20E04F041B38518182890A2D5010012225CC57BF01F4EA8CCA87A792FF35F0002A4FB6BD80000"	"\Divisions\PD\Substation Boise\158088  ONCOR WACO LASALLE TERMINAL UPGRADE 20664"
"000000009598E9A20E04F041B38518182890A2D50100A3DF33FCC9BD1644BD14FCA330AA978500001B8B4A600000"	"\Divisions\PD\Substation Denver\00-DMS Upload\116945 St. George- Red Butte"
"000000009598E9A20E04F041B38518182890A2D501006C95E27D1ACA634AA1AADC20796388DD0000007A4FF70000"	"\Divisions\PD\Substation Denver\116945 St. George- Red Butte"
"000000009598E9A20E04F041B38518182890A2D501006C95E27D1ACA634AA1AADC20796388DD0000007A50030000"	"\Divisions\PD\Substation Denver\116945 St. George- Red Butte\meeting-call notes"
"000000009598E9A20E04F041B38518182890A2D501006C95E27D1ACA634AA1AADC20796388DD0000008D32690000"	"\Divisions\PD\Substation Denver\119009 Terminal Replc 345kV Breaker"
"000000009598E9A20E04F041B38518182890A2D501006C95E27D1ACA634AA1AADC20796388DD000000BA5B0F0000"	"\Divisions\PD\Substation Denver\120826 Split Rock- Emergency"
"000000009598E9A20E04F041B38518182890A2D501006C95E27D1ACA634AA1AADC20796388DD000000EF23470000"	"\Divisions\PD\Substation Denver\122300 Split Rock Relay"
"000000009598E9A20E04F041B38518182890A2D501001953B16A689BCD4AA8FC82955DB27CB1000000EBAB700000"	"\Divisions\PD\Substation Denver\123813 Tri State"
"000000009598E9A20E04F041B38518182890A2D501001953B16A689BCD4AA8FC82955DB27CB100000186820F0000"	"\Divisions\PD\Substation Denver\124551 SPK – Replace 4 APT-550"
"000000009598E9A20E04F041B38518182890A2D50100A3DF33FCC9BD1644BD14FCA330AA978500000E6BE4090000"	"\Divisions\PD\Substation Denver\125168 TSO SLC 10% DEFINED PHASE"
"000000009598E9A20E04F041B38518182890A2D50100A3DF33FCC9BD1644BD14FCA330AA97850000164F79770000"	"\Divisions\PD\Substation Denver\126257 NSP RTU REPLACEMENT LEXINGTON"
"000000009598E9A20E04F041B38518182890A2D50100A3DF33FCC9BD1644BD14FCA330AA978500001735200C0000"	"\Divisions\PD\Substation Denver\127078 MISSILE SUBTN - SCADA SUPPORT"
"000000009598E9A20E04F041B38518182890A2D50100A3DF33FCC9BD1644BD14FCA330AA978500001778971A0000"	"\Divisions\PD\Substation Denver\127899 General Xcel Engineering Services"
"000000009598E9A20E04F041B38518182890A2D50100A3DF33FCC9BD1644BD14FCA330AA97850000188B5DD10000"	"\Divisions\PD\Substation Denver\128620 RTU GREENSHEETS-LAMAR RLY"
"000000009598E9A20E04F041B38518182890A2D50100A3DF33FCC9BD1644BD14FCA330AA97850000196158BC0000"	"\Divisions\PD\Substation Denver\129489 N CALIFORNIA PUMP -SUB"
"000000009598E9A20E04F041B38518182890A2D50100A3DF33FCC9BD1644BD14FCA330AA978500001AE6A0F80000"	"\Divisions\PD\Substation Denver\131585 WOBEGON TRAIL - COMM RTU"
"000000009598E9A20E04F041B38518182890A2D50100A3DF33FCC9BD1644BD14FCA330AA978500001B73718B0000"	"\Divisions\PD\Substation Denver\132384 LINE 9255 GIST3 PHASE 3"
"000000009598E9A20E04F041B38518182890A2D50100A3DF33FCC9BD1644BD14FCA330AA978500001CA2E70F0000"	"\Divisions\PD\Substation Denver\133185 LEA COUNTY WAVE TRAP"
"000000009598E9A20E04F041B38518182890A2D50100A3DF33FCC9BD1644BD14FCA330AA97850000284E284C0000"	"\Divisions\PD\Substation Denver\134240 CANNON FALLS TR6\134240 CANNON FALLS TR6 REPLACEMENT1"
"000000009598E9A20E04F041B38518182890A2D50100A3DF33FCC9BD1644BD14FCA330AA978500002B40937D0000"	"\Divisions\PD\Substation Denver\135583 Shepard"
"000000009598E9A20E04F041B38518182890A2D50100A3DF33FCC9BD1644BD14FCA330AA9785000020046C210000"	"\Divisions\PD\Substation Denver\136323 CENTERVILLE RTU"
"000000009598E9A20E04F041B38518182890A2D50100A3DF33FCC9BD1644BD14FCA330AA97850000202476000000"	"\Divisions\PD\Substation Denver\136496 WATERTON - CIP NETWORK"
"000000009598E9A20E04F041B38518182890A2D50100A3DF33FCC9BD1644BD14FCA330AA9785000020B7CB2F0000"	"\Divisions\PD\Substation Denver\136897 HARRINGTON 230 - CIP NETWORK"
"000000009598E9A20E04F041B38518182890A2D50100A3DF33FCC9BD1644BD14FCA330AA978500002131A4730000"	"\Divisions\PD\Substation Denver\137225 WEST SIOUX FALLS-FRAME RLY RPL"
"000000009598E9A20E04F041B38518182890A2D50100A3DF33FCC9BD1644BD14FCA330AA9785000021E870230000"	"\Divisions\PD\Substation Denver\137850 MARSHALL MUNI - FRAD RPLCMNT"
"000000009598E9A20E04F041B38518182890A2D50100A3DF33FCC9BD1644BD14FCA330AA97850000224E0CFE0000"	"\Divisions\PD\Substation Denver\138055 BLACK DOG- FRAME RLY RPLC NSP"
"000000009598E9A20E04F041B38518182890A2D50100A3DF33FCC9BD1644BD14FCA330AA97850000224E656A0000"	"\Divisions\PD\Substation Denver\138074 WESTERN - FRAME RLY RPLC NSP"
"000000009598E9A20E04F041B38518182890A2D50100A3DF33FCC9BD1644BD14FCA330AA978500002263E87F0000"	"\Divisions\PD\Substation Denver\138137 GRANT - FRAME RLY RPLC NSP"
"000000009598E9A20E04F041B38518182890A2D50100A3DF33FCC9BD1644BD14FCA330AA978500002268B6280000"	"\Divisions\PD\Substation Denver\138153 RIDGELAND - FRAME RLY RPLC NSP"
"000000009598E9A20E04F041B38518182890A2D50100A3DF33FCC9BD1644BD14FCA330AA9785000022691FAF0000"	"\Divisions\PD\Substation Denver\138177 CITY FOREST-FRAME RLY RPLC NSP"
"000000009598E9A20E04F041B38518182890A2D50100A3DF33FCC9BD1644BD14FCA330AA97850000226920D40000"	"\Divisions\PD\Substation Denver\138193 LAKEFIELD J-FRAME RLY RPLC NSP"
"000000009598E9A20E04F041B38518182890A2D50100A3DF33FCC9BD1644BD14FCA330AA97850000226EF80C0000"	"\Divisions\PD\Substation Denver\138211 SPRING CRK-FRAME RLY RPLC NSP"
"000000009598E9A20E04F041B38518182890A2D50100A3DF33FCC9BD1644BD14FCA330AA978500002274EDDE0000"	"\Divisions\PD\Substation Denver\138248 FORBES2-FRME RLY RPLC NSP"
"000000009598E9A20E04F041B38518182890A2D50100A3DF33FCC9BD1644BD14FCA330AA978500002274EE8D0000"	"\Divisions\PD\Substation Denver\138264 MIDTOWN - FRAME RLY RPLC NSP"
"000000009598E9A20E04F041B38518182890A2D50100A3DF33FCC9BD1644BD14FCA330AA978500002274F3440000"	"\Divisions\PD\Substation Denver\138279 ALEXANDRIA -FRAME RLY RPLC NSP"
"000000009598E9A20E04F041B38518182890A2D50100A3DF33FCC9BD1644BD14FCA330AA978500002274F41D0000"	"\Divisions\PD\Substation Denver\138294 PLATO - FRAME RLY RPLC NSP"
"000000009598E9A20E04F041B38518182890A2D50100A3DF33FCC9BD1644BD14FCA330AA978500002274F6AD0000"	"\Divisions\PD\Substation Denver\138314 BASSETT CRK-FRAME RLY RPLC NSP"
"000000009598E9A20E04F041B38518182890A2D50100A3DF33FCC9BD1644BD14FCA330AA978500002274F74D0000"	"\Divisions\PD\Substation Denver\138336 HELENA - FRAME RLY RPLC NSP"
"000000009598E9A20E04F041B38518182890A2D50100A3DF33FCC9BD1644BD14FCA330AA978500002274F77B0000"	"\Divisions\PD\Substation Denver\138355 HAMPTON - FRAME RLY RPLC NSP"
"000000009598E9A20E04F041B38518182890A2D50100A3DF33FCC9BD1644BD14FCA330AA97850000228573EE0000"	"\Divisions\PD\Substation Denver\138429 MOORE LAKE-FRAME RLY RPLC NSP"
"000000009598E9A20E04F041B38518182890A2D50100A3DF33FCC9BD1644BD14FCA330AA97850000259DC2CE0000"	"\Divisions\PD\Substation Denver\138607 Greyhound"
"000000009598E9A20E04F041B38518182890A2D50100A3DF33FCC9BD1644BD14FCA330AA97850000254C763B0000"	"\Divisions\PD\Substation Denver\139567 MOBILE SUBSTATION SPECS DVLPMT"
"000000009598E9A20E04F041B38518182890A2D50100A3DF33FCC9BD1644BD14FCA330AA9785000028265EAA0000"	"\Divisions\PD\Substation Denver\140253 HARRISON 115KV REPL PUMP PLT"
"000000009598E9A20E04F041B38518182890A2D50100A3DF33FCC9BD1644BD14FCA330AA978500002A2EE8960000"	"\Divisions\PD\Substation Denver\141311 Riverview"
"000000009598E9A20E04F041B38518182890A2D50100A3DF33FCC9BD1644BD14FCA330AA978500002C0607F50000"	"\Divisions\PD\Substation Denver\142251 Install-Wade"
"000000009598E9A20E04F041B38518182890A2D50100A3DF33FCC9BD1644BD14FCA330AA978500002DE28FC50000"	"\Divisions\PD\Substation Denver\142653 Install GRVI Bowers"
"000000009598E9A20E04F041B38518182890A2D50100A3DF33FCC9BD1644BD14FCA330AA978500002DA877250000"	"\Divisions\PD\Substation Denver\143238  IREA BERGEN PARK 115-12KV SUB"
"000000009598E9A20E04F041B38518182890A2D5010012225CC57BF01F4EA8CCA87A792FF35F00003452E6640000"	"\Divisions\PD\Substation Denver\144051 DILLON SUB - BATTERY RPLCEMENT"
"000000009598E9A20E04F041B38518182890A2D5010012225CC57BF01F4EA8CCA87A792FF35F00003B473D5A0000"	"\Divisions\PD\Substation Denver\144209 WEST FARIBAULT GROUND GRID REV"
"000000009598E9A20E04F041B38518182890A2D5010012225CC57BF01F4EA8CCA87A792FF35F0001504E7A200000"	"\Divisions\PD\Substation Denver\145233 Harrison"
"000000009598E9A20E04F041B38518182890A2D5010012225CC57BF01F4EA8CCA87A792FF35F0000A3FACC070000"	"\Divisions\PD\Substation Denver\146033 BLACK DOG-SECURITY CAMERA UPGR"
"000000009598E9A20E04F041B38518182890A2D5010012225CC57BF01F4EA8CCA87A792FF35F00011D8C7A490000"	"\Divisions\PD\Substation Denver\148781 ROANOKE LINE RELAY A15705249"
"000000009598E9A20E04F041B38518182890A2D5010012225CC57BF01F4EA8CCA87A792FF35F00015333EE950000"	"\Divisions\PD\Substation Denver\149609 MCHENRY-FRAD REMOVE AND REPLC"
"000000009598E9A20E04F041B38518182890A2D5010012225CC57BF01F4EA8CCA87A792FF35F0001CBD96D7F0000"	"\Divisions\PD\Substation Denver\153159 OE-BERRIEN SPRINGS SCOPING"
"000000009598E9A20E04F041B38518182890A2D5010012225CC57BF01F4EA8CCA87A792FF35F000246A4986A0000"	"\Divisions\PD\Substation Denver\155665 SOURIS RPLC ELR RLY TO MALLARD"
"000000009598E9A20E04F041B38518182890A2D5010012225CC57BF01F4EA8CCA87A792FF35F0002754052350000"	"\Divisions\PD\Substation Denver\156632 N-2019 NSPW E&S TSUB"
"000000009598E9A20E04F041B38518182890A2D5010012225CC57BF01F4EA8CCA87A792FF35F0002799D84F90000"	"\Divisions\PD\Substation Denver\156887 P-CABIN CREEK DFR UPGRADE"
"000000009598E9A20E04F041B38518182890A2D5010012225CC57BF01F4EA8CCA87A792FF35F0002847335120000"	"\Divisions\PD\Substation Denver\157343 N-RICE LAKE 4A16 4A17 BK HDR"
"000000009598E9A20E04F041B38518182890A2D5010012225CC57BF01F4EA8CCA87A792FF35F00028CB7957D0000"	"\Divisions\PD\Substation Denver\157596 N-CEDAR FALLS RLY STTNGS- HDR"
"000000009598E9A20E04F041B38518182890A2D5010012225CC57BF01F4EA8CCA87A792FF35F00029EC21F800000"	"\Divisions\PD\Substation Denver\158015 N-GOODVIEW FLM HDR"
"000000009598E9A20E04F041B38518182890A2D5010012225CC57BF01F4EA8CCA87A792FF35F0002B346782D0000"	"\Divisions\PD\Substation Denver\158568 N-ELLIOT PARK SECURITY TAM HDR"
"000000009598E9A20E04F041B38518182890A2D5010012225CC57BF01F4EA8CCA87A792FF35F0002BD7B69210000"	"\Divisions\PD\Substation Denver\158922 P-WELD 9365 BKR REPLC- SALIENT"
"000000009598E9A20E04F041B38518182890A2D5010012225CC57BF01F4EA8CCA87A792FF35F0002D18D626D0000"	"\Divisions\PD\Substation Denver\159402 S-HILLSIDE-2ND DCP 28MVA"
"000000009598E9A20E04F041B38518182890A2D5010012225CC57BF01F4EA8CCA87A792FF35F0002DA0C3B060000"	"\Divisions\PD\Substation Denver\159637 N-ST. CLOUD CSG380RLYSETT-HDR"
"000000009598E9A20E04F041B38518182890A2D5010012225CC57BF01F4EA8CCA87A792FF35F0002E086C8650000"	"\Divisions\PD\Substation Denver\159859 P-GLENN IVVO-SALIENT"
"000000009598E9A20E04F041B38518182890A2D5010012225CC57BF01F4EA8CCA87A792FF35F0002FFE660BE0000"	"\Divisions\PD\Substation Denver\160528 P-SMOKY HILL DTT-SALIENT"
"000000009598E9A20E04F041B38518182890A2D5010012225CC57BF01F4EA8CCA87A792FF35F00031AD4BDEF0000"	"\Divisions\PD\Substation Denver\161251 N-WAB CSG247-WAB031 SOLAR-HDR"
"000000009598E9A20E04F041B38518182890A2D50100A3DF33FCC9BD1644BD14FCA330AA978500001AACC9610000"	"\Divisions\PD\Substation Denver\Bell County1"
"000000009598E9A20E04F041B38518182890A2D50100A3DF33FCC9BD1644BD14FCA330AA97850000187A36A00000"	"\Divisions\PD\Substation Fort Mill\126158 - Tillotson (Kenmore) New Construction"
"000000009598E9A20E04F041B38518182890A2D50100A3DF33FCC9BD1644BD14FCA330AA978500001D92B5D60000"	"\Divisions\PD\Substation Fort Worth\FT Worth Substation"
"000000009598E9A20E04F041B38518182890A2D501001296C725372D7F4B86B758A22EA3141B00000022D6560000"	"\Divisions\PD\Substation Freeport\Inactive File\104895_PSNH_Scobie Review\Accounting"
"000000009598E9A20E04F041B38518182890A2D501001296C725372D7F4B86B758A22EA3141B00000022D6650000"	"\Divisions\PD\Substation Freeport\Inactive File\104895_PSNH_Scobie Review\Right-of-Way"
"000000009598E9A20E04F041B38518182890A2D501001296C725372D7F4B86B758A22EA3141B0000000F62620000"	"\Divisions\PD\Substation Freeport\Inactive File\105XXX_PSNH_BPO\TO_2"
"000000009598E9A20E04F041B38518182890A2D501001296C725372D7F4B86B758A22EA3141B0000001463A50000"	"\Divisions\PD\Substation Freeport\Inactive File\106XXX_PSNH_Madbury\Accounting"
"000000009598E9A20E04F041B38518182890A2D501001296C725372D7F4B86B758A22EA3141B0000001634AA0000"	"\Divisions\PD\Substation Freeport\Inactive File\106XXX_PSNH_Madbury\Procure\BusFittings_Trench_Etc"
"000000009598E9A20E04F041B38518182890A2D501001296C725372D7F4B86B758A22EA3141B0000001A105F0000"	"\Divisions\PD\Substation Freeport\Inactive File\107931_MPS_Inspection"
"000000009598E9A20E04F041B38518182890A2D501001296C725372D7F4B86B758A22EA3141B00000022D5E50000"	"\Divisions\PD\Substation Freeport\Inactive File\108042_TXU_South_Brownwood\Public Information"
"000000009598E9A20E04F041B38518182890A2D501001296C725372D7F4B86B758A22EA3141B00000022D5FC0000"	"\Divisions\PD\Substation Freeport\Inactive File\108166_TXU_Dublin\GIS"
"000000009598E9A20E04F041B38518182890A2D501001296C725372D7F4B86B758A22EA3141B00000022D6350000"	"\Divisions\PD\Substation Freeport\Inactive File\108556_Centerpoint_Webster"
"000000009598E9A20E04F041B38518182890A2D501001296C725372D7F4B86B758A22EA3141B00000022D6440000"	"\Divisions\PD\Substation Freeport\Inactive File\108556_Centerpoint_Webster\Reports"
"000000009598E9A20E04F041B38518182890A2D501001296C725372D7F4B86B758A22EA3141B00000022D6260000"	"\Divisions\PD\Substation Freeport\Inactive File\108557_Centerpoint_Freeport\Manuals"
"000000009598E9A20E04F041B38518182890A2D501001296C725372D7F4B86B758A22EA3141B000000262BFF0000"	"\Divisions\PD\Substation Freeport\Inactive File\108909_VELCO_Granite_PART_1.PST"
"000000009598E9A20E04F041B38518182890A2D501001296C725372D7F4B86B758A22EA3141B00000026BFBD0000"	"\Divisions\PD\Substation Freeport\Inactive File\108954_TXU_Celina_Switch\Procurement and POs"
"000000009598E9A20E04F041B38518182890A2D50100E34BFE500669CD49AC2E27C6C54DE39D0000004083CC0000"	"\Divisions\PD\Substation Freeport\Inactive File\109947_CMP_ScarOOBLine\109947 Saco  Bay Prelim & MPUC\Conference Calls"
"000000009598E9A20E04F041B38518182890A2D50100E34BFE500669CD49AC2E27C6C54DE39D0000004083DB0000"	"\Divisions\PD\Substation Freeport\Inactive File\109947_CMP_ScarOOBLine\109947 Saco  Bay Prelim & MPUC\Data Requests\Oral Data Request ODR-03"
"000000009598E9A20E04F041B38518182890A2D50100E34BFE500669CD49AC2E27C6C54DE39D0000004083EA0000"	"\Divisions\PD\Substation Freeport\Inactive File\109947_CMP_ScarOOBLine\109947 Saco  Bay Prelim & MPUC\MPUC Hearings\Rebuttal Testimony"
"000000009598E9A20E04F041B38518182890A2D501001296C725372D7F4B86B758A22EA3141B0000005D20750000"	"\Divisions\PD\Substation Freeport\Inactive File\109947_CMP_ScarOOBLine1\109947 Saco  Bay Prelim & MPUC\Conference Calls"
"000000009598E9A20E04F041B38518182890A2D501001296C725372D7F4B86B758A22EA3141B0000005D20670000"	"\Divisions\PD\Substation Freeport\Inactive File\109947_CMP_ScarOOBLine1\109947 Saco  Bay Prelim & MPUC\Data Requests\Oral Data Request ODR-03"
"000000009598E9A20E04F041B38518182890A2D501001296C725372D7F4B86B758A22EA3141B0000005D20700000"	"\Divisions\PD\Substation Freeport\Inactive File\109947_CMP_ScarOOBLine1\109947 Saco  Bay Prelim & MPUC\MPUC Hearings\Rebuttal Testimony"
"000000009598E9A20E04F041B38518182890A2D501001296C725372D7F4B86B758A22EA3141B000000355C540000"	"\Divisions\PD\Substation Freeport\Inactive File\110290_NU_Middletown"
"000000009598E9A20E04F041B38518182890A2D501001296C725372D7F4B86B758A22EA3141B0000005C25C70000"	"\Divisions\PD\Substation Freeport\Inactive File\112635_CityofDanvers"
"000000009598E9A20E04F041B38518182890A2D50100E34BFE500669CD49AC2E27C6C54DE39D000000202E810000"	"\Divisions\PD\Substation Freeport\Inactive File\116480_Scobie_Pond_4th_Transformer"
"000000009598E9A20E04F041B38518182890A2D501001953B16A689BCD4AA8FC82955DB27CB1000000A2787B0000"	"\Divisions\PD\Substation Freeport\Inactive File\CLOSED_109947_CMP_ScarOOBLine\109947 Saco  Bay Prelim & MPUC"
"000000009598E9A20E04F041B38518182890A2D501001953B16A689BCD4AA8FC82955DB27CB1000000A2788A0000"	"\Divisions\PD\Substation Freeport\Inactive File\CLOSED_109947_CMP_ScarOOBLine\109947 Saco  Bay Prelim & MPUC\Data Requests\Oral Data Request ODR-01"
"000000009598E9A20E04F041B38518182890A2D501001953B16A689BCD4AA8FC82955DB27CB1000000A278990000"	"\Divisions\PD\Substation Freeport\Inactive File\CLOSED_109947_CMP_ScarOOBLine\109947 Saco  Bay Prelim & MPUC\MPUC Hearings\OH Self Support Structure"
"000000009598E9A20E04F041B38518182890A2D501001953B16A689BCD4AA8FC82955DB27CB1000000A278A80000"	"\Divisions\PD\Substation Freeport\Inactive File\CLOSED_109947_CMP_ScarOOBLine1\109947 Saco  Bay Prelim & MPUC"
"000000009598E9A20E04F041B38518182890A2D501001953B16A689BCD4AA8FC82955DB27CB1000000A278B70000"	"\Divisions\PD\Substation Freeport\Inactive File\CLOSED_109947_CMP_ScarOOBLine1\109947 Saco  Bay Prelim & MPUC\Data Requests\Oral Data Request ODR-01"
"000000009598E9A20E04F041B38518182890A2D501001953B16A689BCD4AA8FC82955DB27CB1000000A278C60000"	"\Divisions\PD\Substation Freeport\Inactive File\CLOSED_109947_CMP_ScarOOBLine1\109947 Saco  Bay Prelim & MPUC\MPUC Hearings\OH Self Support Structure"
"000000009598E9A20E04F041B38518182890A2D501001953B16A689BCD4AA8FC82955DB27CB1000000B63DAE0000"	"\Divisions\PD\Substation Freeport\Inactive File\CLOSED_110279_VELCO_Middlesex"
"000000009598E9A20E04F041B38518182890A2D50100E34BFE500669CD49AC2E27C6C54DE39D00000010D1540000"	"\Divisions\PD\Substation Freeport\Inactive File\CLOSED_113114_ONCOR_Big Spring"
"000000009598E9A20E04F041B38518182890A2D50100E34BFE500669CD49AC2E27C6C54DE39D0000004084160000"	"\Divisions\PD\Substation Freeport\Inactive File\CLOSED_120596_Louden"
"000000009598E9A20E04F041B38518182890A2D501001296C725372D7F4B86B758A22EA3141B0000000A4DEB0000"	"\Divisions\PD\Substation Freeport\Inactive File\PEPCO - Bennington"
"000000009598E9A20E04F041B38518182890A2D50100E34BFE500669CD49AC2E27C6C54DE39D0000000929D40000"	"\Divisions\PD\Substation Freeport\Projects\113510_West_Farnum_(345kV_upgrades&additions_IR)"
"000000009598E9A20E04F041B38518182890A2D501001296C725372D7F4B86B758A22EA3141B0000006D501F0000"	"\Divisions\PD\Substation Freeport\Projects\113805_ONCOR_Everman"
"000000009598E9A20E04F041B38518182890A2D50100E34BFE500669CD49AC2E27C6C54DE39D000000383F120000"	"\Divisions\PD\Substation Freeport\Projects\121576_Montville(CLOSED)"
"000000009598E9A20E04F041B38518182890A2D50100A3DF33FCC9BD1644BD14FCA330AA978500001743DAD60000"	"\Divisions\PD\Substation Freeport\Projects\123890_WMEC_East_Springfield"
"000000009598E9A20E04F041B38518182890A2D50100A3DF33FCC9BD1644BD14FCA330AA978500001B50508D0000"	"\Divisions\PD\Substation Freeport\Projects\129221_Riverside"
"000000009598E9A20E04F041B38518182890A2D50100A3DF33FCC9BD1644BD14FCA330AA978500001C2FE4F90000"	"\Divisions\PD\Substation Freeport\Projects\132856_CL&P-NORWALK HRBR CCVT REPL "
"000000009598E9A20E04F041B38518182890A2D50100A3DF33FCC9BD1644BD14FCA330AA978500001D8B2ECA0000"	"\Divisions\PD\Substation Freeport\Projects\133851_PSNH_Webster_AC_Station_Upgrade"
"000000009598E9A20E04F041B38518182890A2D50100A3DF33FCC9BD1644BD14FCA330AA978500001DE945450000"	"\Divisions\PD\Substation Freeport\Projects\134794_CL&P_Devon_RR_Final_Design"
"000000009598E9A20E04F041B38518182890A2D50100A3DF33FCC9BD1644BD14FCA330AA978500001F2AEAEC0000"	"\Divisions\PD\Substation Freeport\Projects\135916_CL&P_Rockville_SS_Scoping"
"000000009598E9A20E04F041B38518182890A2D5010012225CC57BF01F4EA8CCA87A792FF35F0000EE30AF680000"	"\Divisions\PD\Substation Freeport\Projects\137126_AEP_S_Cadiz"
"000000009598E9A20E04F041B38518182890A2D50100A3DF33FCC9BD1644BD14FCA330AA9785000022176AEE0000"	"\Divisions\PD\Substation Freeport\Projects\137918_NGRID_MSA_STATION_93"
"000000009598E9A20E04F041B38518182890A2D50100A3DF33FCC9BD1644BD14FCA330AA97850000262F8D310000"	"\Divisions\PD\Substation Freeport\Projects\140265_CL&P_Middle_River_S/S_HC"
"000000009598E9A20E04F041B38518182890A2D50100A3DF33FCC9BD1644BD14FCA330AA978500002A9F84690000"	"\Divisions\PD\Substation Freeport\Projects\142009_MCPHEE_Towantic_EPC_Switchyard"
"000000009598E9A20E04F041B38518182890A2D5010012225CC57BF01F4EA8CCA87A792FF35F00012CA1A82F0000"	"\Divisions\PD\Substation Freeport\Projects\143308_AEP_Somerton"
"000000009598E9A20E04F041B38518182890A2D5010012225CC57BF01F4EA8CCA87A792FF35F00010B3047760000"	"\Divisions\PD\Substation Freeport\Projects\145091_AEP_Milan"
"000000009598E9A20E04F041B38518182890A2D5010012225CC57BF01F4EA8CCA87A792FF35F0000BA2FA3100000"	"\Divisions\PD\Substation Freeport\Projects\146375_FRE_Greenville_Ave_SUB_DA"
"000000009598E9A20E04F041B38518182890A2D5010012225CC57BF01F4EA8CCA87A792FF35F000108855F1F0000"	"\Divisions\PD\Substation Freeport\Projects\148152_FRE_Eagle_Mountain"
"000000009598E9A20E04F041B38518182890A2D501001296C725372D7F4B86B758A22EA3141B00000027FEBD0000"	"\Divisions\PD\Substation Freeport\Proposals\000000_Cianbro_LPnP"
"000000009598E9A20E04F041B38518182890A2D501001296C725372D7F4B86B758A22EA3141B00000012460D0000"	"\Divisions\PD\Substation Freeport\Proposals\106394_NUSCO_CB_Repl"
"000000009598E9A20E04F041B38518182890A2D501001296C725372D7F4B86B758A22EA3141B0000002390EB0000"	"\Divisions\PD\Substation Freeport\Proposals\108614_VELCO_Granite"
"000000009598E9A20E04F041B38518182890A2D501001296C725372D7F4B86B758A22EA3141B0000002E07930000"	"\Divisions\PD\Substation Freeport\Proposals\999990_PSNH_White_Lake"
"000000009598E9A20E04F041B38518182890A2D501001296C725372D7F4B86B758A22EA3141B0000000BA4F90000"	"\Divisions\PD\Substation Freeport\Proposals\Thailand 69 Aerial Line"
"000000009598E9A20E04F041B38518182890A2D5010012225CC57BF01F4EA8CCA87A792FF35F0003032B603F0000"	"\Divisions\PD\Substation Hailey\160618 - Sunnyvale 40757 - 2020 DA"
"000000009598E9A20E04F041B38518182890A2D5010012225CC57BF01F4EA8CCA87A792FF35F0003ED4070B60000"	"\Divisions\PD\Substation Hailey\164340 - Marrs"
"000000009598E9A20E04F041B38518182890A2D5010012225CC57BF01F4EA8CCA87A792FF35F0004062455230000"	"\Divisions\PD\Substation Hailey\167678 - Mesquite West 43764"
"000000009598E9A20E04F041B38518182890A2D5010012225CC57BF01F4EA8CCA87A792FF35F0004AE6514D50000"	"\Divisions\PD\Substation Hailey\172394 - Walnut Substation"
"000000009598E9A20E04F041B38518182890A2D5010012225CC57BF01F4EA8CCA87A792FF35F0005CDC2D3610000"	"\Divisions\PD\Substation Hailey\179596 - Brushy Creek 47717"
"000000009598E9A20E04F041B38518182890A2D5010012225CC57BF01F4EA8CCA87A792FF35F0005DD0CA6E10000"	"\Divisions\PD\Substation Hailey\238189 - DeSoto Hampton Road Sub PETE 49720"
"000000009598E9A20E04F041B38518182890A2D5010012225CC57BF01F4EA8CCA87A792FF35F00068132BCC40000"	"\Divisions\PD\Substation Hailey\244887 - Bronze Age 50107"
"000000009598E9A20E04F041B38518182890A2D5010012225CC57BF01F4EA8CCA87A792FF35F0007796271490000"	"\Divisions\PD\Substation Hailey\253101 - Watermill Sw 53678"
"000000009598E9A20E04F041B38518182890A2D5010012225CC57BF01F4EA8CCA87A792FF35F0005CDC2D3690000"	"\Divisions\PD\Substation Hailey\RLM Oncor TRP 2022"
"000000009598E9A20E04F041B38518182890A2D5010012225CC57BF01F4EA8CCA87A792FF35F00014F2036F20000"	"\Divisions\PD\Substation Hamilton\137136"
"000000009598E9A20E04F041B38518182890A2D5010012225CC57BF01F4EA8CCA87A792FF35F0001A42619BF0000"	"\Divisions\PD\Substation Hamilton\141903\141903 NLRP Alburtis Phase 1\Geotech\HAI"
"000000009598E9A20E04F041B38518182890A2D5010012225CC57BF01F4EA8CCA87A792FF35F00002D5DDD970000"	"\Divisions\PD\Substation Hamilton\TEST"
"000000009598E9A20E04F041B38518182890A2D50100E34BFE500669CD49AC2E27C6C54DE39D00000022612E0000"	"\Divisions\PD\Substation Houston\00-BD_Proposals\Oncor_Trinidad"
"000000009598E9A20E04F041B38518182890A2D50100E34BFE500669CD49AC2E27C6C54DE39D0000001E36AD0000"	"\Divisions\PD\Substation Houston\01-General Oncor Information\00 CLOSED PROJECTS\00-EMT Notices"
"000000009598E9A20E04F041B38518182890A2D50100E34BFE500669CD49AC2E27C6C54DE39D0000000929880000"	"\Divisions\PD\Substation Houston\01-General Oncor Information\00 CLOSED PROJECTS\Odessa_109971_WA06T63012"
"000000009598E9A20E04F041B38518182890A2D50100E34BFE500669CD49AC2E27C6C54DE39D0000000AFCC80000"	"\Divisions\PD\Substation Houston\01-General Oncor Information\00 CLOSED PROJECTS\STL Odessa EHV_110800_WA07T63003\Line Tuner"
"000000009598E9A20E04F041B38518182890A2D50100E34BFE500669CD49AC2E27C6C54DE39D00000018EEE40000"	"\Divisions\PD\Substation Houston\01-General Oncor Information\00 ISSUES - ANNOUNCEMENTS\Connectors"
"000000009598E9A20E04F041B38518182890A2D50100E34BFE500669CD49AC2E27C6C54DE39D0000001628DE0000"	"\Divisions\PD\Substation Houston\01-General Oncor Information\00 REPORTS\As_Built Reports"
"000000009598E9A20E04F041B38518182890A2D50100E34BFE500669CD49AC2E27C6C54DE39D00000012407F0000"	"\Divisions\PD\Substation Houston\01-General Oncor Information\00 STANDARDS_DWGS_N_TSN SHTS"
"000000009598E9A20E04F041B38518182890A2D50100E34BFE500669CD49AC2E27C6C54DE39D0000000AFCA70000"	"\Divisions\PD\Substation Houston\01-General Oncor Information\ST LOUIS PROJECTS"
"000000009598E9A20E04F041B38518182890A2D501001953B16A689BCD4AA8FC82955DB27CB100000106CC970000"	"\Divisions\PD\Substation Houston\121439_ Ubungo"
"000000009598E9A20E04F041B38518182890A2D501001953B16A689BCD4AA8FC82955DB27CB1000001F769140000"	"\Divisions\PD\Substation Houston\123287_AEP_Sabinal_Rebuild_Station\Switch-Turner Electric"
"000000009598E9A20E04F041B38518182890A2D50100A3DF33FCC9BD1644BD14FCA330AA97850000253F24670000"	"\Divisions\PD\Substation Houston\124671_AEP_Dillonvale_PVID#_34994\APS NOTIFICATIONS"
"000000009598E9A20E04F041B38518182890A2D50100A3DF33FCC9BD1644BD14FCA330AA978500000E90B9250000"	"\Divisions\PD\Substation Houston\125406_Oncor_Odessa_Sw_WA12T63118"
"000000009598E9A20E04F041B38518182890A2D50100A3DF33FCC9BD1644BD14FCA330AA978500001758B44A0000"	"\Divisions\PD\Substation Houston\127446_Oncor_Jacksonville_Sub_WA13T64018"
"000000009598E9A20E04F041B38518182890A2D50100A3DF33FCC9BD1644BD14FCA330AA9785000020332CC70000"	"\Divisions\PD\Substation Houston\127854_AEP_Breaks STN_33963"
"000000009598E9A20E04F041B38518182890A2D50100A3DF33FCC9BD1644BD14FCA330AA97850000253FDE300000"	"\Divisions\PD\Substation Houston\128561_AEP_West_Cambridge_Removal_PVID#_26451\APS NOTIFICATIONS"
"000000009598E9A20E04F041B38518182890A2D50100A3DF33FCC9BD1644BD14FCA330AA978500001CD601370000"	"\Divisions\PD\Substation Houston\129737_AEP_Mifflin_PVID#_38427"
"000000009598E9A20E04F041B38518182890A2D50100A3DF33FCC9BD1644BD14FCA330AA978500001CD52A570000"	"\Divisions\PD\Substation Houston\130439_AEP_Howard_PVID#_37936"
"000000009598E9A20E04F041B38518182890A2D50100A3DF33FCC9BD1644BD14FCA330AA978500001B87E0A20000"	"\Divisions\PD\Substation Houston\131280_Oncor_Paris_14T65001"
"000000009598E9A20E04F041B38518182890A2D50100A3DF33FCC9BD1644BD14FCA330AA978500001CA2C78B0000"	"\Divisions\PD\Substation Houston\132132_AEP_Ortin_Station_38310"
"000000009598E9A20E04F041B38518182890A2D50100A3DF33FCC9BD1644BD14FCA330AA978500001F28F33F0000"	"\Divisions\PD\Substation Houston\132528_Seco"
"000000009598E9A20E04F041B38518182890A2D50100A3DF33FCC9BD1644BD14FCA330AA97850000253FB9310000"	"\Divisions\PD\Substation Houston\133191_AEP_WYOMING_42145549_PVID 39227"
"000000009598E9A20E04F041B38518182890A2D50100A3DF33FCC9BD1644BD14FCA330AA978500001D92DDA90000"	"\Divisions\PD\Substation Houston\133875_Oncor__Bowman_SW_UPG_Auto_1&2_13T62061"
"000000009598E9A20E04F041B38518182890A2D50100A3DF33FCC9BD1644BD14FCA330AA97850000253FC4760000"	"\Divisions\PD\Substation Houston\134225_AEP_Gary_PVID# 38919\APS NOTIFICATIONS"
"000000009598E9A20E04F041B38518182890A2D50100A3DF33FCC9BD1644BD14FCA330AA978500001EEA34750000"	"\Divisions\PD\Substation Houston\135085_Oncor_Plano Tennyson Sw Sta_WA#15T65009"
"000000009598E9A20E04F041B38518182890A2D50100A3DF33FCC9BD1644BD14FCA330AA9785000021CE32E30000"	"\Divisions\PD\Substation Houston\136273_GVEC_Shiner"
"000000009598E9A20E04F041B38518182890A2D50100A3DF33FCC9BD1644BD14FCA330AA97850000218BC3310000"	"\Divisions\PD\Substation Houston\137332_GVEC_Nixon Substation"
"000000009598E9A20E04F041B38518182890A2D50100A3DF33FCC9BD1644BD14FCA330AA97850000256D378B0000"	"\Divisions\PD\Substation Houston\137936_Oncor_Cedar Crest_15T65081"
"000000009598E9A20E04F041B38518182890A2D50100A3DF33FCC9BD1644BD14FCA330AA97850000248AEA7C0000"	"\Divisions\PD\Substation Houston\139129_Oncor_Fullerton Switch_WA#"
"000000009598E9A20E04F041B38518182890A2D50100A3DF33FCC9BD1644BD14FCA330AA9785000026B0B81C0000"	"\Divisions\PD\Substation Houston\139849_Oncor_Benbrook Rplc_WA#TBD"
"000000009598E9A20E04F041B38518182890A2D50100A3DF33FCC9BD1644BD14FCA330AA978500002675DEE30000"	"\Divisions\PD\Substation Houston\140279_Oncor_Orla Sw Install_16T61010"
"000000009598E9A20E04F041B38518182890A2D50100A3DF33FCC9BD1644BD14FCA330AA9785000027B4864A0000"	"\Divisions\PD\Substation Houston\140691_AEP_Telecom Jonesboro_PVID#11114"
"000000009598E9A20E04F041B38518182890A2D50100F3BCE3A574023B4482F2E427B5A3121800004EC0B6EA0000"	"\Divisions\PD\Substation Houston\141046_AEP_Telecom Kimberly Clark_PVID#"
"000000009598E9A20E04F041B38518182890A2D50100F3BCE3A574023B4482F2E427B5A3121800004EC013320000"	"\Divisions\PD\Substation Houston\141359_AEP_Telecom 96th & Yale_PVID#"
"000000009598E9A20E04F041B38518182890A2D50100A3DF33FCC9BD1644BD14FCA330AA978500002B14F3D70000"	"\Divisions\PD\Substation Houston\142102_Xcel_PTE General Project Support_"
"000000009598E9A20E04F041B38518182890A2D50100A3DF33FCC9BD1644BD14FCA330AA978500002BFEBD650000"	"\Divisions\PD\Substation Houston\142633_Oncor_Seyene Rd_WA#17T65019"
"000000009598E9A20E04F041B38518182890A2D5010012225CC57BF01F4EA8CCA87A792FF35F00001ACFFD930000"	"\Divisions\PD\Substation Houston\143701_Oncor_Hicks Swtch St Add Auto #2_WA#17T62018"
"000000009598E9A20E04F041B38518182890A2D5010012225CC57BF01F4EA8CCA87A792FF35F00004331C9B90000"	"\Divisions\PD\Substation Houston\144281_Oncor_Orla Sw Poi Fiber Upg_WA# TBD"
"000000009598E9A20E04F041B38518182890A2D5010012225CC57BF01F4EA8CCA87A792FF35F00008995C8260000"	"\Divisions\PD\Substation Houston\145461_Xcel_Quahada 115-PCA Comm Precomm"
"000000009598E9A20E04F041B38518182890A2D5010012225CC57BF01F4EA8CCA87A792FF35F0000B10731BA0000"	"\Divisions\PD\Substation Houston\146106_Oncor_Ennis West Sw: Add CB_WA# TBD"
"000000009598E9A20E04F041B38518182890A2D5010012225CC57BF01F4EA8CCA87A792FF35F0000E78878920000"	"\Divisions\PD\Substation Houston\147081_Xcel_Portales Inter Pre-Comm (Comm)"
"000000009598E9A20E04F041B38518182890A2D5010012225CC57BF01F4EA8CCA87A792FF35F000118DC9E700000"	"\Divisions\PD\Substation Houston\148242_Xcel_Carlsbad V18 Ln Trm Upg Potash"
"000000009598E9A20E04F041B38518182890A2D5010012225CC57BF01F4EA8CCA87A792FF35F0002ADAF346D0000"	"\Divisions\PD\Substation Houston\158164_PCA_Cap Bank"
"000000009598E9A20E04F041B38518182890A2D50100A3DF33FCC9BD1644BD14FCA330AA978500001D7C9B3C0000"	"\Divisions\PD\Substation Houston\CLOSED_116005_Oncor_Bowman_10T62001_ADD AS ADDL PST\FAR Reports"
"000000009598E9A20E04F041B38518182890A2D50100A3DF33FCC9BD1644BD14FCA330AA978500000E94616F0000"	"\Divisions\PD\Substation Houston\CLOSED_116741_Oncor_Hicks_12T62001\Nodal Requirements"
"000000009598E9A20E04F041B38518182890A2D50100A3DF33FCC9BD1644BD14FCA330AA978500001BF144F00000"	"\Divisions\PD\Substation Houston\CLOSED_116769_Oncor_Central_Bluff_WA10T63008\10T63008 MATERIAL"
"000000009598E9A20E04F041B38518182890A2D50100E34BFE500669CD49AC2E27C6C54DE39D0000002840EE0000"	"\Divisions\PD\Substation Houston\CLOSED_116855_Oncor_Brown_WA11T62016"
"000000009598E9A20E04F041B38518182890A2D50100A3DF33FCC9BD1644BD14FCA330AA9785000017162E200000"	"\Divisions\PD\Substation Houston\CLOSED_116940_Oncor_Dermott_WA11T63004\Fuses"
"000000009598E9A20E04F041B38518182890A2D50100A3DF33FCC9BD1644BD14FCA330AA97850000174580650000"	"\Divisions\PD\Substation Houston\CLOSED_117072_Oncor_Ector_City_10T63108\In-Servicing"
"000000009598E9A20E04F041B38518182890A2D50100E34BFE500669CD49AC2E27C6C54DE39D0000002A35270000"	"\Divisions\PD\Substation Houston\CLOSED_117608_Oncor_Comanche_Peak_WA09T62112\Issued Drawings"
"000000009598E9A20E04F041B38518182890A2D50100A3DF33FCC9BD1644BD14FCA330AA978500001D9124570000"	"\Divisions\PD\Substation Houston\CLOSED_119214_Oncor_Dermott_11T63102_ADD TO PST\FCC Reports"
"000000009598E9A20E04F041B38518182890A2D50100A3DF33FCC9BD1644BD14FCA330AA978500001BF16EEC0000"	"\Divisions\PD\Substation Houston\CLOSED_119938_Oncor_Central Bluff_11T63009_ADD TO PST\11T63009 MATERIAL\SWITCHES AND MOTOR OPS"
"000000009598E9A20E04F041B38518182890A2D50100A3DF33FCC9BD1644BD14FCA330AA978500001D917E440000"	"\Divisions\PD\Substation Houston\CLOSED_120157_Oncor_Com Pk_10T62233_ADD TO PST\Control House"
"000000009598E9A20E04F041B38518182890A2D50100A3DF33FCC9BD1644BD14FCA330AA978500001D9555B10000"	"\Divisions\PD\Substation Houston\CLOSED_120468_Oncor_Cedar Hill_11T65217_ADD TO PST\CT"
"000000009598E9A20E04F041B38518182890A2D50100A3DF33FCC9BD1644BD14FCA330AA978500001D94060B0000"	"\Divisions\PD\Substation Houston\CLOSED_121015_Oncor_Cottonwood_11T62241_add to PST\Material Issues"
"000000009598E9A20E04F041B38518182890A2D50100E34BFE500669CD49AC2E27C6C54DE39D0000003DC0AD0000"	"\Divisions\PD\Substation Houston\CLOSED_122219_AEP_Starkey"
"000000009598E9A20E04F041B38518182890A2D50100E34BFE500669CD49AC2E27C6C54DE39D00000045428B0000"	"\Divisions\PD\Substation Houston\CLOSED_123486_Oncor_Clarksville_Sub_WA11T64194"
"000000009598E9A20E04F041B38518182890A2D50100A3DF33FCC9BD1644BD14FCA330AA978500001BE74CF00000"	"\Divisions\PD\Substation Houston\CLOSED_124533_Oncor_Intl_Airport_11T61164_Add to PST"
"000000009598E9A20E04F041B38518182890A2D50100A3DF33FCC9BD1644BD14FCA330AA9785000017F535B10000"	"\Divisions\PD\Substation Houston\CLOSED_124854_Oncor_Crez_Navarro_12T64141\FAR Reports"
"000000009598E9A20E04F041B38518182890A2D50100A3DF33FCC9BD1644BD14FCA330AA9785000016DFC7360000"	"\Divisions\PD\Substation Houston\Closed_126471_Xcel_Swisher_County_Relays"
"000000009598E9A20E04F041B38518182890A2D50100A3DF33FCC9BD1644BD14FCA330AA97850000184DAEDB0000"	"\Divisions\PD\Substation Houston\CLOSED_128338_Oncor_Paris_WA13T65031"
"000000009598E9A20E04F041B38518182890A2D50100A3DF33FCC9BD1644BD14FCA330AA97850000173230FD0000"	"\Divisions\PD\Substation Houston\Oncor_Venus_12T65292_No PEI #"
"000000009598E9A20E04F041B38518182890A2D50100A3DF33FCC9BD1644BD14FCA330AA9785000017654F680000"	"\Divisions\PD\Substation Houston\XXXXXX_Brazos_Morris_Shepherd_Oran\Oncor-Elgin"
"000000009598E9A20E04F041B38518182890A2D5010012225CC57BF01F4EA8CCA87A792FF35F0002E086C8350000"	"\Divisions\PD\Substation Mt Laurel\Substation Mt Laurel Calendar\Shared Calendar"
"000000009598E9A20E04F041B38518182890A2D5010012225CC57BF01F4EA8CCA87A792FF35F000137F3E9970000"	"\Divisions\PD\Substation Oradell\145222"
"000000009598E9A20E04F041B38518182890A2D50100A3DF33FCC9BD1644BD14FCA330AA978500001F276D020000"	"\Divisions\PD\Substation Orlando\134545 DEF-RELAY SETTINGS STAFF AUG"
"000000009598E9A20E04F041B38518182890A2D50100A3DF33FCC9BD1644BD14FCA330AA978500002995AB260000"	"\Divisions\PD\Substation Orlando\141409 DUKE-SUWANNEE PLANT REMOTE PROTECTION"
"000000009598E9A20E04F041B38518182890A2D50100A3DF33FCC9BD1644BD14FCA330AA978500001CA9E59F0000"	"\Divisions\PD\Substation Phoenix\133249 TEP E. On Valencia EXP SFS"
"000000009598E9A20E04F041B38518182890A2D50100A3DF33FCC9BD1644BD14FCA330AA97850000280AB9350000"	"\Divisions\PD\Substation Phoenix\139747 McCormick-Taylor MTI AZDOT PA Tech Edit Support"
"000000009598E9A20E04F041B38518182890A2D5010012225CC57BF01F4EA8CCA87A792FF35F0001735EB9660000"	"\Divisions\PD\Substation Phoenix\150775 SHELL UPLC UPGRADE AT YOAKUM"
"000000009598E9A20E04F041B38518182890A2D5010012225CC57BF01F4EA8CCA87A792FF35F00025CA6B6030000"	"\Divisions\PD\Substation Phoenix\154990 WHERRY HOUSING - SUB"
"000000009598E9A20E04F041B38518182890A2D5010012225CC57BF01F4EA8CCA87A792FF35F0002E086C8330000"	"\Divisions\PD\Substation Phoenix\159757 N-Sherburne Co-SHC To MNN Wave Trap"
"000000009598E9A20E04F041B38518182890A2D5010012225CC57BF01F4EA8CCA87A792FF35F0001681505A40000"	"\Divisions\PD\Substation Portland\00_Portland Civil-Structural Group"
"000000009598E9A20E04F041B38518182890A2D5010064CEE54672FD844491A13B5C6CAEE87D0000002F1E900000"	"\Divisions\PD\Substation Portland\119459_P'Corp_Black Hills Windstar"
"000000009598E9A20E04F041B38518182890A2D5010064CEE54672FD844491A13B5C6CAEE87D000000309D870000"	"\Divisions\PD\Substation Portland\120245_P'Corp_Sigurd-W Cedar Ln Clear"
"000000009598E9A20E04F041B38518182890A2D5010064CEE54672FD844491A13B5C6CAEE87D0000003652560000"	"\Divisions\PD\Substation Portland\121034_NRG_TELECOM_OPTIONS"
"000000009598E9A20E04F041B38518182890A2D5010064CEE54672FD844491A13B5C6CAEE87D00000037318F0000"	"\Divisions\PD\Substation Portland\121478_PCORP_BEN_LOMOND_ADD_2ND_XFMR"
"000000009598E9A20E04F041B38518182890A2D5010064CEE54672FD844491A13B5C6CAEE87D00000039FFCC0000"	"\Divisions\PD\Substation Portland\121924_ONCOR_P_DUVAL_69KV_CB_110"
"000000009598E9A20E04F041B38518182890A2D5010064CEE54672FD844491A13B5C6CAEE87D0000003A000C0000"	"\Divisions\PD\Substation Portland\122086_DAVE_JOHNSTON_CT_REPL"
"000000009598E9A20E04F041B38518182890A2D50100CB7D9B6512D7374A860FE542D57703920000010EA5EC0000"	"\Divisions\PD\Substation Portland\122570_MUNRO_CC_RAS_ALARMS"
"000000009598E9A20E04F041B38518182890A2D50100CB7D9B6512D7374A860FE542D5770392000001184FFA0000"	"\Divisions\PD\Substation Portland\122775_PSE_Pleasant_Glade"
"000000009598E9A20E04F041B38518182890A2D50100CB7D9B6512D7374A860FE542D57703920000012D3CEA0000"	"\Divisions\PD\Substation Portland\123482 BPA WESTSIDE UFLS RELAY ADDN"
"000000009598E9A20E04F041B38518182890A2D501001953B16A689BCD4AA8FC82955DB27CB10000011794230000"	"\Divisions\PD\Substation Portland\123993 P ELKTON: 138KV TYLER GRANDE"
"000000009598E9A20E04F041B38518182890A2D501001953B16A689BCD4AA8FC82955DB27CB10000016CE2080000"	"\Divisions\PD\Substation Portland\124132 P'CORP TESORO SLC SUB TM"
"000000009598E9A20E04F041B38518182890A2D501001953B16A689BCD4AA8FC82955DB27CB100000192C73D0000"	"\Divisions\PD\Substation Portland\124479 P'CORP NERC LN BB06 ORa RATING"
"000000009598E9A20E04F041B38518182890A2D501001953B16A689BCD4AA8FC82955DB27CB1000001E696A20000"	"\Divisions\PD\Substation Portland\125030 - BPA MUNRO CC RAS RACKS"
"000000009598E9A20E04F041B38518182890A2D50100A3DF33FCC9BD1644BD14FCA330AA978500000E9A091E0000"	"\Divisions\PD\Substation Portland\125697 - BPA ASHE CONTROL REPL"
"000000009598E9A20E04F041B38518182890A2D50100A3DF33FCC9BD1644BD14FCA330AA9785000016E735F60000"	"\Divisions\PD\Substation Portland\126431 P'CORP GOSHEN SUB BUS"
"000000009598E9A20E04F041B38518182890A2D50100A3DF33FCC9BD1644BD14FCA330AA97850000170485420000"	"\Divisions\PD\Substation Portland\126602 P'CORP NERC LN BB08 RATING"
"000000009598E9A20E04F041B38518182890A2D50100A3DF33FCC9BD1644BD14FCA330AA97850000174A5B4B0000"	"\Divisions\PD\Substation Portland\127248 P'CORP NERC WA LN P10 RATINGS"
"000000009598E9A20E04F041B38518182890A2D50100A3DF33FCC9BD1644BD14FCA330AA97850000176716720000"	"\Divisions\PD\Substation Portland\127610 P'CORP ENG SUPPORT RELEASE"
"000000009598E9A20E04F041B38518182890A2D50100A3DF33FCC9BD1644BD14FCA330AA97850000177D30760000"	"\Divisions\PD\Substation Portland\127968 SERA OHSU TRENCH AMP STUDY"
"000000009598E9A20E04F041B38518182890A2D50100A3DF33FCC9BD1644BD14FCA330AA97850000187C88370000"	"\Divisions\PD\Substation Portland\128558 BIG CREEK-VENTURA PATH"
"000000009598E9A20E04F041B38518182890A2D50100A3DF33FCC9BD1644BD14FCA330AA9785000018D6D6210000"	"\Divisions\PD\Substation Portland\129055 BPA HANFORD 500KV GCFI RLY REP"
"000000009598E9A20E04F041B38518182890A2D50100A3DF33FCC9BD1644BD14FCA330AA97850000195B954C0000"	"\Divisions\PD\Substation Portland\129534 BPA GRIZZLY 500KV RELAY REPL"
"000000009598E9A20E04F041B38518182890A2D50100A3DF33FCC9BD1644BD14FCA330AA9785000019A0F1C20000"	"\Divisions\PD\Substation Portland\130158 PGE- ROUND BUTTE STUDY"
"000000009598E9A20E04F041B38518182890A2D50100A3DF33FCC9BD1644BD14FCA330AA978500001A01A7150000"	"\Divisions\PD\Substation Portland\130638 PSE TUKWILA 115KV UG CABLE"
"000000009598E9A20E04F041B38518182890A2D50100A3DF33FCC9BD1644BD14FCA330AA978500001AAEDD180000"	"\Divisions\PD\Substation Portland\131371 SEATTLE CITY LIGHT POLE INSP"
"000000009598E9A20E04F041B38518182890A2D50100A3DF33FCC9BD1644BD14FCA330AA978500001B1CD5160000"	"\Divisions\PD\Substation Portland\131745 P TEX HARVEY-INSTALL 69KV CB"
"000000009598E9A20E04F041B38518182890A2D50100A3DF33FCC9BD1644BD14FCA330AA978500001B5B3A860000"	"\Divisions\PD\Substation Portland\132223 SEPV PALMDALE EAST, LLC"
"000000009598E9A20E04F041B38518182890A2D50100A3DF33FCC9BD1644BD14FCA330AA978500001BC271A90000"	"\Divisions\PD\Substation Portland\132678 P'CORP EMERY SUB UNIT 1"
"000000009598E9A20E04F041B38518182890A2D50100A3DF33FCC9BD1644BD14FCA330AA978500001C8644610000"	"\Divisions\PD\Substation Portland\133114 BPA MARION 5OOKV MWTT REPL"
"000000009598E9A20E04F041B38518182890A2D50100A3DF33FCC9BD1644BD14FCA330AA978500001D610C550000"	"\Divisions\PD\Substation Portland\133695 P DUVAL--HANDLEY LN TRM UPG"
"000000009598E9A20E04F041B38518182890A2D50100A3DF33FCC9BD1644BD14FCA330AA978500001DA8351F0000"	"\Divisions\PD\Substation Portland\134155 P'CORP WEST POINT D-R"
"000000009598E9A20E04F041B38518182890A2D50100A3DF33FCC9BD1644BD14FCA330AA978500001DD9C3A30000"	"\Divisions\PD\Substation Portland\134636 P'CORP SCIO GRND ANALYSIS"
"000000009598E9A20E04F041B38518182890A2D50100A3DF33FCC9BD1644BD14FCA330AA978500001DF48ED60000"	"\Divisions\PD\Substation Portland\134877 BPA SLATT 500KV GRASSLANDS"
"000000009598E9A20E04F041B38518182890A2D50100A3DF33FCC9BD1644BD14FCA330AA978500001E7B03370000"	"\Divisions\PD\Substation Portland\135246 P'CORP SUBST CONST SUPPORT"
"000000009598E9A20E04F041B38518182890A2D50100A3DF33FCC9BD1644BD14FCA330AA978500001F0D83F20000"	"\Divisions\PD\Substation Portland\135724 P ROYSE RPLC CB4610,DIFF,AUTO"
"000000009598E9A20E04F041B38518182890A2D50100A3DF33FCC9BD1644BD14FCA330AA978500001FA169790000"	"\Divisions\PD\Substation Portland\136015 P'CORP CASPER PHYS D-R"
"000000009598E9A20E04F041B38518182890A2D50100A3DF33FCC9BD1644BD14FCA330AA978500001FB2C1010000"	"\Divisions\PD\Substation Portland\136225 P'CORP CEDAR VLY SOLAR Q0489"
"000000009598E9A20E04F041B38518182890A2D50100A3DF33FCC9BD1644BD14FCA330AA978500002192AABA0000"	"\Divisions\PD\Substation Portland\137276 MOLLY'S CREEK STATION"
"000000009598E9A20E04F041B38518182890A2D50100A3DF33FCC9BD1644BD14FCA330AA9785000022267F110000"	"\Divisions\PD\Substation Portland\137892 P'CORP PARKROSE VIZ C/O"
"000000009598E9A20E04F041B38518182890A2D50100A3DF33FCC9BD1644BD14FCA330AA978500002302AA2C0000"	"\Divisions\PD\Substation Portland\138583 GREYHOUND-115-12.47KV XFMR-TAM"
"000000009598E9A20E04F041B38518182890A2D50100A3DF33FCC9BD1644BD14FCA330AA97850000262776610000"	"\Divisions\PD\Substation Portland\139087 SCADA REED A13211067"
"000000009598E9A20E04F041B38518182890A2D50100A3DF33FCC9BD1644BD14FCA330AA9785000024AD16B30000"	"\Divisions\PD\Substation Portland\139368 P'CORP SIGURD RTDS TESTING"
"000000009598E9A20E04F041B38518182890A2D50100A3DF33FCC9BD1644BD14FCA330AA97850000256B3A070000"	"\Divisions\PD\Substation Portland\139763 P SANDOW SWTCH: RPLC CB3755"
"000000009598E9A20E04F041B38518182890A2D50100A3DF33FCC9BD1644BD14FCA330AA978500002670E3430000"	"\Divisions\PD\Substation Portland\140246 STINNETT LOOP 161KV P14030002"
"000000009598E9A20E04F041B38518182890A2D50100A3DF33FCC9BD1644BD14FCA330AA9785000027965A760000"	"\Divisions\PD\Substation Portland\140737 P RENNER SWTCH-RELAY TO FIBER"
"000000009598E9A20E04F041B38518182890A2D50100F3BCE3A574023B4482F2E427B5A3121800004E834BFC0000"	"\Divisions\PD\Substation Portland\141092 P'CORP DODGE BRIDGE SUBSTATION"
"000000009598E9A20E04F041B38518182890A2D50100F3BCE3A574023B4482F2E427B5A3121800004EBDD6620000"	"\Divisions\PD\Substation Portland\141528 PGE BLUE LAKE FOUNDATION DSGN"
"000000009598E9A20E04F041B38518182890A2D50100A3DF33FCC9BD1644BD14FCA330AA978500002B0EAEC10000"	"\Divisions\PD\Substation Portland\141942 P'CORP JACKSONVILLE SOLAR DIST"
"000000009598E9A20E04F041B38518182890A2D50100A3DF33FCC9BD1644BD14FCA330AA978500002B74CD570000"	"\Divisions\PD\Substation Portland\142276 P TERRELL N SUB-UPG LN TERM"
"000000009598E9A20E04F041B38518182890A2D50100A3DF33FCC9BD1644BD14FCA330AA978500002C09C9B70000"	"\Divisions\PD\Substation Portland\142758 P'CORP AMASA P-WIND RAS"
"000000009598E9A20E04F041B38518182890A2D50100A3DF33FCC9BD1644BD14FCA330AA978500002D7511EC0000"	"\Divisions\PD\Substation Portland\143119 P COLLVILLE RPLC FEEDER RLY"
"000000009598E9A20E04F041B38518182890A2D5010012225CC57BF01F4EA8CCA87A792FF35F00000C45262A0000"	"\Divisions\PD\Substation Portland\143472 BYBERRY CB70 RPLMT"
"000000009598E9A20E04F041B38518182890A2D5010012225CC57BF01F4EA8CCA87A792FF35F00002BF9ACC80000"	"\Divisions\PD\Substation Portland\143906 CONOWINGO 220-03"
"000000009598E9A20E04F041B38518182890A2D5010012225CC57BF01F4EA8CCA87A792FF35F00003646DD3D0000"	"\Divisions\PD\Substation Portland\144117 P'CORP WOODLINE CONST SUPPQ609"
"000000009598E9A20E04F041B38518182890A2D5010012225CC57BF01F4EA8CCA87A792FF35F00006818D6EF0000"	"\Divisions\PD\Substation Portland\144854 P CEDAR HILL SUB: 138 VENUS LN"
"000000009598E9A20E04F041B38518182890A2D5010012225CC57BF01F4EA8CCA87A792FF35F0000A3FACBF10000"	"\Divisions\PD\Substation Portland\146011 P'CORP COALVILLE GROUND MIT"
"000000009598E9A20E04F041B38518182890A2D5010012225CC57BF01F4EA8CCA87A792FF35F0000BEBBD49A0000"	"\Divisions\PD\Substation Portland\146518 P MILDRED SUB 138KV CONVERT"
"000000009598E9A20E04F041B38518182890A2D5010012225CC57BF01F4EA8CCA87A792FF35F0000FD2CBF320000"	"\Divisions\PD\Substation Portland\147855 PARRISH FIBER ADDITION"
"000000009598E9A20E04F041B38518182890A2D5010012225CC57BF01F4EA8CCA87A792FF35F000118DC9E600000"	"\Divisions\PD\Substation Portland\148532 P'CORP KLAMATH FALLS NERC PRC"
"000000009598E9A20E04F041B38518182890A2D5010012225CC57BF01F4EA8CCA87A792FF35F000134A907010000"	"\Divisions\PD\Substation Portland\149035 NRG BERRIANS ASTORIA NY"
"000000009598E9A20E04F041B38518182890A2D5010012225CC57BF01F4EA8CCA87A792FF35F00014E5CAF250000"	"\Divisions\PD\Substation Portland\149426 PGE WILLBRIDGE SUB"
"000000009598E9A20E04F041B38518182890A2D5010064CEE54672FD844491A13B5C6CAEE87D00000034EB1A0000"	"\Divisions\PD\Substation Portland\PacifiCorp Cad Coordination\P&C\Drating comments from Hurley\MALIN"
"000000009598E9A20E04F041B38518182890A2D5010064CEE54672FD844491A13B5C6CAEE87D000000309DB80000"	"\Divisions\PD\Substation Portland\PacifiCorp Cad Coordination\Physical\powerpoint presentation future additions\powerpoint"
"000000009598E9A20E04F041B38518182890A2D5010064CEE54672FD844491A13B5C6CAEE87D000000309DB30000"	"\Divisions\PD\Substation Portland\PacifiCorp Cad Coordination\Physical\UPDATES&PALLETES"
"000000009598E9A20E04F041B38518182890A2D5010064CEE54672FD844491A13B5C6CAEE87D000000081A6F0000"	"\Divisions\PD\Substation Portland\Tomball Substation\Bills of Material"
"000000009598E9A20E04F041B38518182890A2D5010064CEE54672FD844491A13B5C6CAEE87D000000081A680000"	"\Divisions\PD\Substation Portland\Tomball Substation\PWC"
"000000009598E9A20E04F041B38518182890A2D50100572FF007A7D6B64CA96E5CFE8E1CC1A4000000450B460000"	"\Divisions\PD\Substation San Diego\_DMS Upload\114281 Camp Williams SVC"
"000000009598E9A20E04F041B38518182890A2D50100572FF007A7D6B64CA96E5CFE8E1CC1A400000014C0F40000"	"\Divisions\PD\Substation San Diego\_DMS Upload\118063 SDG&E Oil Containment\_Common"
"000000009598E9A20E04F041B38518182890A2D50100572FF007A7D6B64CA96E5CFE8E1CC1A400000019355A0000"	"\Divisions\PD\Substation San Diego\_DMS Upload\118063 SDG&E Oil Containment\Station F"
"000000009598E9A20E04F041B38518182890A2D50100A3DF33FCC9BD1644BD14FCA330AA978500001E92059E0000"	"\Divisions\PD\Substation San Diego\_HECO\132486 Waianae Solar"
"000000009598E9A20E04F041B38518182890A2D50100572FF007A7D6B64CA96E5CFE8E1CC1A400000034E35A0000"	"\Divisions\PD\Substation San Diego\119013 2010 CBM Substation Rollout"
"000000009598E9A20E04F041B38518182890A2D50100572FF007A7D6B64CA96E5CFE8E1CC1A400000054B6F50000"	"\Divisions\PD\Substation San Diego\121349 Lake Generator Relay Replace"
"000000009598E9A20E04F041B38518182890A2D50100A3DF33FCC9BD1644BD14FCA330AA9785000016B142410000"	"\Divisions\PD\Substation San Diego\122396 AEP Inez\check"
"000000009598E9A20E04F041B38518182890A2D50100A3DF33FCC9BD1644BD14FCA330AA9785000016C4CEF00000"	"\Divisions\PD\Substation San Diego\123055 SD KNWD Repl OCB Inst SCADA\Breaker"
"000000009598E9A20E04F041B38518182890A2D501001953B16A689BCD4AA8FC82955DB27CB1000000CC2E470000"	"\Divisions\PD\Substation San Diego\123564 Urban CBM"
"000000009598E9A20E04F041B38518182890A2D501001953B16A689BCD4AA8FC82955DB27CB1000001D643460000"	"\Divisions\PD\Substation San Diego\125140 S. Orange County 230kV"
"000000009598E9A20E04F041B38518182890A2D50100A3DF33FCC9BD1644BD14FCA330AA978500001988C4020000"	"\Divisions\PD\Substation San Diego\127363 VEA Beatty Sub"
"000000009598E9A20E04F041B38518182890A2D50100A3DF33FCC9BD1644BD14FCA330AA9785000018BB5FA40000"	"\Divisions\PD\Substation San Diego\128936 CBM Santee"
"000000009598E9A20E04F041B38518182890A2D50100A3DF33FCC9BD1644BD14FCA330AA9785000019AB5B200000"	"\Divisions\PD\Substation San Diego\130291 CBM San Luis Rey TD"
"000000009598E9A20E04F041B38518182890A2D50100A3DF33FCC9BD1644BD14FCA330AA978500001B298EDC0000"	"\Divisions\PD\Substation San Diego\131861 IID Alhambra Substation"
"000000009598E9A20E04F041B38518182890A2D50100A3DF33FCC9BD1644BD14FCA330AA978500001B862C150000"	"\Divisions\PD\Substation San Diego\132488 HECO Waiawa Solar"
"000000009598E9A20E04F041B38518182890A2D50100A3DF33FCC9BD1644BD14FCA330AA978500001DD9A34C0000"	"\Divisions\PD\Substation San Diego\134472 Terra-Gen Canwind"
"000000009598E9A20E04F041B38518182890A2D50100A3DF33FCC9BD1644BD14FCA330AA978500001EED1A8E0000"	"\Divisions\PD\Substation San Diego\135479 SDG&E CBM-AB Old Town (2 BNK)"
"000000009598E9A20E04F041B38518182890A2D50100A3DF33FCC9BD1644BD14FCA330AA978500001F8DD7DE0000"	"\Divisions\PD\Substation San Diego\136088 BPA Paul Substation"
"000000009598E9A20E04F041B38518182890A2D50100A3DF33FCC9BD1644BD14FCA330AA9785000021EC59340000"	"\Divisions\PD\Substation San Diego\137879 SDG&E Engg Supp CBM Telega Svc"
"000000009598E9A20E04F041B38518182890A2D50100A3DF33FCC9BD1644BD14FCA330AA978500002377C6CE0000"	"\Divisions\PD\Substation San Diego\138891 SDG&E Imperial Vly 500kV Brkrs"
"000000009598E9A20E04F041B38518182890A2D50100A3DF33FCC9BD1644BD14FCA330AA9785000026C1D1BF0000"	"\Divisions\PD\Substation San Diego\140515 SDGE PLS-CADD Model Revisions"
"000000009598E9A20E04F041B38518182890A2D50100A3DF33FCC9BD1644BD14FCA330AA978500002B7C5D4D0000"	"\Divisions\PD\Substation San Diego\142087 PGE Round Butte"
"000000009598E9A20E04F041B38518182890A2D5010012225CC57BF01F4EA8CCA87A792FF35F00003945D1BA0000"	"\Divisions\PD\Substation San Diego\144163 SDG&E Suncrest CBM"
"000000009598E9A20E04F041B38518182890A2D50100A3DF33FCC9BD1644BD14FCA330AA978500002C061DF10000"	"\Divisions\PD\Substation St. Louis\Ameren Security Project"
"000000009598E9A20E04F041B38518182890A2D5010012225CC57BF01F4EA8CCA87A792FF35F00017E102D520000"	"\Divisions\PD\Veh. #375"
"000000009598E9A20E04F041B38518182890A2D50100A3DF33FCC9BD1644BD14FCA330AA978500001715921B0000"	"\Divisions\Telecom\CenturyLink\CO\QWEST OFF-PREM"
"000000009598E9A20E04F041B38518182890A2D50100A3DF33FCC9BD1644BD14FCA330AA978500001994DE1C0000"	"\International\Manchester Office"
"000000009598E9A20E04F041B38518182890A2D5010012225CC57BF01F4EA8CCA87A792FF35F00008C3235B20000"	"\Test\Test A"
"000000009598E9A20E04F041B38518182890A2D5010012225CC57BF01F4EA8CCA87A792FF35F0006C0C3854A0000"	"\zApplications\Aspen Users\Aspen Calendar"
"000000009598E9A20E04F041B38518182890A2D5010012225CC57BF01F4EA8CCA87A792FF35F0005CDC2D36F0000"	"\zApplications\CDEGS Hardware Key\HIFREQ\HIFREQ"
"000000009598E9A20E04F041B38518182890A2D5010012225CC57BF01F4EA8CCA87A792FF35F00066DACD36E0000"	"\zApplications\Easy Power\Easy Power\EasyPower"
"000000009598E9A20E04F041B38518182890A2D5010012225CC57BF01F4EA8CCA87A792FF35F000291F4A5620000"	"\zApplications\OMICRON Test Set\OMICRON Test Set"
"000000009598E9A20E04F041B38518182890A2D5010012225CC57BF01F4EA8CCA87A792FF35F0004461F58780000"	"\zApplications\TARA Users"
