"EntryId"	"Identity"
"000000009598E9A20E04F041B38518182890A2D501001296C725372D7F4B86B758A22EA3141B0000007F1C9D0000"	"\Divisions\ENV\Environmental Anaheim"
"000000009598E9A20E04F041B38518182890A2D501006C95E27D1ACA634AA1AADC20796388DD000000D58F3E0000"	"\Divisions\ENV\Environmental Anaheim\115245 BARREN RDG-EIR/EIS TA 01\EIS\PDEIS Chapters\CH 2"
"000000009598E9A20E04F041B38518182890A2D501006C95E27D1ACA634AA1AADC20796388DD00000055E9840000"	"\Divisions\ENV\Environmental Anaheim\115245 BARREN RDG-EIR/EIS TA 01\Management"
"000000009598E9A20E04F041B38518182890A2D501006C95E27D1ACA634AA1AADC20796388DD0000007731480000"	"\Divisions\ENV\Environmental Anaheim\115245 BARREN RDG-EIR/EIS TA 01\Public Involvement\Secy of Interior"
"000000009598E9A20E04F041B38518182890A2D501006C95E27D1ACA634AA1AADC20796388DD000000ED43ED0000"	"\Divisions\ENV\Environmental Anaheim\115245 BARREN RDG-EIR/EIS TA 01\Resources\Socio"
"000000009598E9A20E04F041B38518182890A2D50100572FF007A7D6B64CA96E5CFE8E1CC1A40000002253240000"	"\Divisions\ENV\Environmental Anaheim\118242 HAIWEE GEOTHERMAL LEASING EIS"
"000000009598E9A20E04F041B38518182890A2D501006C95E27D1ACA634AA1AADC20796388DD000000B699E70000"	"\Divisions\ENV\Environmental Anaheim\118242 HAIWEE GEOTHERMAL LEASING EIS\Management\Schedule"
"000000009598E9A20E04F041B38518182890A2D50100572FF007A7D6B64CA96E5CFE8E1CC1A400000023E03D0000"	"\Divisions\ENV\Environmental Anaheim\118418 TA12 BRRTP ALT DVLPMNT REPORT"
"000000009598E9A20E04F041B38518182890A2D50100572FF007A7D6B64CA96E5CFE8E1CC1A400000034E40F0000"	"\Divisions\ENV\Environmental Anaheim\119617 TA55 CASTAIC REVEG DSGN & INST"
"000000009598E9A20E04F041B38518182890A2D50100572FF007A7D6B64CA96E5CFE8E1CC1A40000005665CB0000"	"\Divisions\ENV\Environmental Anaheim\121432 I10/JEFFERSON INTERCHANGE"
"000000009598E9A20E04F041B38518182890A2D50100CB7D9B6512D7374A860FE542D5770392000001131AC00000"	"\Divisions\ENV\Environmental Anaheim\122708 TA22 BRRTP WTRSHD MOD/ASSESS"
"000000009598E9A20E04F041B38518182890A2D50100A3DF33FCC9BD1644BD14FCA330AA9785000019BEA1AE0000"	"\Divisions\ENV\Environmental Anaheim\124278 RRG BLYTHE II SOLAR PROJ EIR RRG BLYTHE II SOLAR PROJ EIR\Technical Reports"
"000000009598E9A20E04F041B38518182890A2D50100A3DF33FCC9BD1644BD14FCA330AA9785000016DB8B2E0000"	"\Divisions\ENV\Environmental Anaheim\125024 TA26 BRRTP FEIS/EIR TASKS\Prelim Final EIS/EIR\Comments"
"000000009598E9A20E04F041B38518182890A2D50100A3DF33FCC9BD1644BD14FCA330AA9785000016FE80CF0000"	"\Divisions\ENV\Environmental Anaheim\126609 TA16 RISK MGMT PLAN & MANUALS"
"000000009598E9A20E04F041B38518182890A2D50100A3DF33FCC9BD1644BD14FCA330AA978500001C65B6960000"	"\Divisions\ENV\Environmental Anaheim\128980 RANCHO MIRAGE-FRANK SINATRA BR"
"000000009598E9A20E04F041B38518182890A2D50100A3DF33FCC9BD1644BD14FCA330AA978500001F0367A40000"	"\Divisions\ENV\Environmental Anaheim\130727 TA35 BRRTP BIO PRE-CONST COMPL\TA 35 Bio Surveys"
"000000009598E9A20E04F041B38518182890A2D50100A3DF33FCC9BD1644BD14FCA330AA978500001C65B5E80000"	"\Divisions\ENV\Environmental Anaheim\131749 SDG&E OFFSHORE SUB TRANS LINE"
"000000009598E9A20E04F041B38518182890A2D50100A3DF33FCC9BD1644BD14FCA330AA978500001D7F03DE0000"	"\Divisions\ENV\Environmental Anaheim\133383 VICTORVILLE AMETHYST/HOOK"
"000000009598E9A20E04F041B38518182890A2D50100A3DF33FCC9BD1644BD14FCA330AA97850000201CD8C40000"	"\Divisions\ENV\Environmental Anaheim\136412  LASSEN SUB CONSTRUCT NEW BUS"
"000000009598E9A20E04F041B38518182890A2D50100A3DF33FCC9BD1644BD14FCA330AA97850000236CD52B0000"	"\Divisions\ENV\Environmental Anaheim\137858 TA14 BRRTP CONST COMPL MGMT"
"000000009598E9A20E04F041B38518182890A2D50100A3DF33FCC9BD1644BD14FCA330AA97850000174C50910000"	"\Divisions\ENV\Environmental Anaheim\BRRTP Admin Record\BRRTP Admin Record_GF"
"000000009598E9A20E04F041B38518182890A2D501001953B16A689BCD4AA8FC82955DB27CB1000000EBAB890000"	"\Divisions\ENV\Environmental Austin"
"000000009598E9A20E04F041B38518182890A2D501001953B16A689BCD4AA8FC82955DB27CB1000001C230C40000"	"\Divisions\ENV\Environmental Austin\124536 ETT Laredo - Valley 345 kV"
"000000009598E9A20E04F041B38518182890A2D50100A3DF33FCC9BD1644BD14FCA330AA978500001AB56B200000"	"\Divisions\ENV\Environmental Austin\131405_Nelson-Graywood"
"000000009598E9A20E04F041B38518182890A2D50100A3DF33FCC9BD1644BD14FCA330AA978500001D2CFC850000"	"\Divisions\ENV\Environmental Boise\114809 VANTAGE POMONA HTS SITING\Administrative Record"
"000000009598E9A20E04F041B38518182890A2D5010012225CC57BF01F4EA8CCA87A792FF35F00007E79C0380000"	"\Divisions\ENV\Environmental Boise\114809 VANTAGE POMONA HTS SITING\Johns emails 2"
"000000009598E9A20E04F041B38518182890A2D50100A3DF33FCC9BD1644BD14FCA330AA9785000021D6A95C0000"	"\Divisions\ENV\Environmental Boise\114809 VANTAGE POMONA HTS SITING\MOU"
"000000009598E9A20E04F041B38518182890A2D501001953B16A689BCD4AA8FC82955DB27CB1000000F73FAB0000"	"\Divisions\ENV\Environmental Boise\114809 VANTAGE POMONA HTS SITING\Sarah_emails\Vantage Pomona\June 2010 Meeting"
"000000009598E9A20E04F041B38518182890A2D50100A3DF33FCC9BD1644BD14FCA330AA978500001FA6CDA50000"	"\Divisions\ENV\Environmental Boise\114809 VANTAGE POMONA HTS SITING\SDEIS FINAL"
"000000009598E9A20E04F041B38518182890A2D501001953B16A689BCD4AA8FC82955DB27CB1000000F5AB960000"	"\Divisions\ENV\Environmental Boise\115841 TransWestEnergy\Sarah_emails\TransWest\Ground Electrode"
"000000009598E9A20E04F041B38518182890A2D501001953B16A689BCD4AA8FC82955DB27CB1000000F5ABA80000"	"\Divisions\ENV\Environmental Boise\115841 TransWestEnergy\Sarah_emails\TransWest\Sage Grouse"
"000000009598E9A20E04F041B38518182890A2D50100A3DF33FCC9BD1644BD14FCA330AA9785000026845CD70000"	"\Divisions\ENV\Environmental Boise\133211 NWE COLUMBUS CHROME JUNCTION\DDean"
"000000009598E9A20E04F041B38518182890A2D50100A3DF33FCC9BD1644BD14FCA330AA978500002A32D6D30000"	"\Divisions\ENV\Environmental Boise\141819 MULTIVALUE PROJECT 7 OE SVS"
"000000009598E9A20E04F041B38518182890A2D5010012225CC57BF01F4EA8CCA87A792FF35F00009B0B6D210000"	"\Divisions\ENV\Environmental Boise\145724 HAYSTACK MOONLIGHT ODP"
"000000009598E9A20E04F041B38518182890A2D501006C95E27D1ACA634AA1AADC20796388DD0000006D097D0000"	"\Divisions\ENV\Environmental Boise\Biology_Dept\101973 Biology\HHorner"
"000000009598E9A20E04F041B38518182890A2D501006C95E27D1ACA634AA1AADC20796388DD00000067EA6A0000"	"\Divisions\ENV\Environmental Boise\Biology_Dept\101973 Biology\Mike Strand"
"000000009598E9A20E04F041B38518182890A2D501006C95E27D1ACA634AA1AADC20796388DD000000BF8A990000"	"\Divisions\ENV\Environmental Boise\Biology_Dept\101973 Biology\SHicks"
"000000009598E9A20E04F041B38518182890A2D501006C95E27D1ACA634AA1AADC20796388DD0000005F2C940000"	"\Divisions\ENV\Environmental Boise\Contacts\115728 NWE Collector BD"
"000000009598E9A20E04F041B38518182890A2D501006C95E27D1ACA634AA1AADC20796388DD000000F0531D0000"	"\Divisions\ENV\Environmental Boise\GSA Contracts\LADWP 2011 Contract"
"000000009598E9A20E04F041B38518182890A2D50100A3DF33FCC9BD1644BD14FCA330AA978500001A3776DA0000"	"\Divisions\ENV\Environmental Boise\Laptop upgrade\LADWP\Sylmar"
"000000009598E9A20E04F041B38518182890A2D50100A3DF33FCC9BD1644BD14FCA330AA978500001BCF31A30000"	"\Divisions\ENV\Environmental Cincinnati\130767 UNITED DAIRY FARMERS - PRODUCT RCVRY-UDF 015 CIN-DAY"
"000000009598E9A20E04F041B38518182890A2D50100A3DF33FCC9BD1644BD14FCA330AA978500001BCF31CE0000"	"\Divisions\ENV\Environmental Cincinnati\130798 FROST BROWN TODD LLC - ACC LANDFILL DSCHRG LITIGATION"
"000000009598E9A20E04F041B38518182890A2D50100A3DF33FCC9BD1644BD14FCA330AA978500001BD29D4D0000"	"\Divisions\ENV\Environmental Cincinnati\130841 ALCOA INC - ALCOA-BAUXITE GIS DEVELOPMENT"
"000000009598E9A20E04F041B38518182890A2D50100A3DF33FCC9BD1644BD14FCA330AA978500001BD1E1B20000"	"\Divisions\ENV\Environmental Cincinnati\130887 MARATHON PETROLEUM COMPANY LP - 2013 OWC 2-KY-WETLAND DELIN"
"000000009598E9A20E04F041B38518182890A2D50100A3DF33FCC9BD1644BD14FCA330AA978500001BCF1C330000"	"\Divisions\ENV\Environmental Cincinnati\130918 CDS ASSOCIATES INC - ODOT ESA SCREENING"
"000000009598E9A20E04F041B38518182890A2D50100A3DF33FCC9BD1644BD14FCA330AA978500001BD26FA70000"	"\Divisions\ENV\Environmental Cincinnati\130997 SANOFI - SLLI CAP MNT - PHASE 800"
"000000009598E9A20E04F041B38518182890A2D50100A3DF33FCC9BD1644BD14FCA330AA978500001BD1E1BB0000"	"\Divisions\ENV\Environmental Cincinnati\131104 JMA CONSULTANTS - JMA ODOT ENV SCREENING-SR 264"
"000000009598E9A20E04F041B38518182890A2D50100A3DF33FCC9BD1644BD14FCA330AA978500001BD29C0B0000"	"\Divisions\ENV\Environmental Cincinnati\131142 GSG 6 LLC - PC MORTALITY STUDY-SHADY OAKS"
"000000009598E9A20E04F041B38518182890A2D50100A3DF33FCC9BD1644BD14FCA330AA978500001BCE32B90000"	"\Divisions\ENV\Environmental Cincinnati\131256 ALCOA INC - FORMER CHT GW SAMPLING"
"000000009598E9A20E04F041B38518182890A2D50100A3DF33FCC9BD1644BD14FCA330AA978500001BD1E1F70000"	"\Divisions\ENV\Environmental Cincinnati\131312 HDR ENGINEERING INC - BEL-70-MALL ROAD; PID 89314"
"000000009598E9A20E04F041B38518182890A2D50100A3DF33FCC9BD1644BD14FCA330AA978500001BD273760000"	"\Divisions\ENV\Environmental Cincinnati\131594 AMERICAN ELECTRIC POWER - IBAT HABITAT ASESS"
"000000009598E9A20E04F041B38518182890A2D50100A3DF33FCC9BD1644BD14FCA330AA978500001BCF2CB30000"	"\Divisions\ENV\Environmental Cincinnati\131788 TICONA ENGINEERING POLYMERS - TICONA-IH INDEPENDENT ASSESS"
"000000009598E9A20E04F041B38518182890A2D50100A3DF33FCC9BD1644BD14FCA330AA978500001BD271750000"	"\Divisions\ENV\Environmental Cincinnati\132094 SANOFI - SLLI PHASE 502 SLAG PILE PROC"
"000000009598E9A20E04F041B38518182890A2D50100A3DF33FCC9BD1644BD14FCA330AA978500001BD5D1380000"	"\Divisions\ENV\Environmental Cincinnati\132442 DAYTON POWER & LIGHT - GEO STUDY TODD FORK 34522"
"000000009598E9A20E04F041B38518182890A2D50100A3DF33FCC9BD1644BD14FCA330AA978500001BCBEB350000"	"\Divisions\ENV\Environmental Cincinnati\132715 GIVAUDAN - GHS COMPLIANCE - EDISON"
"000000009598E9A20E04F041B38518182890A2D50100A3DF33FCC9BD1644BD14FCA330AA978500001C3C79600000"	"\Divisions\ENV\Environmental Cincinnati\132949 THE KLEINGER GROUP-PHASE II ESA OH RIVER TRAIL"
"000000009598E9A20E04F041B38518182890A2D50100A3DF33FCC9BD1644BD14FCA330AA978500001CD14AE80000"	"\Divisions\ENV\Environmental Cincinnati\133319 THE PROCTER & GAMBLE COMPANY-P&G 2013-2014 WW SMPLNG-CETL"
"000000009598E9A20E04F041B38518182890A2D50100A3DF33FCC9BD1644BD14FCA330AA978500001D39A7DD0000"	"\Divisions\ENV\Environmental Cincinnati\133559 THE PROCTER & GAMBLE COMPANY-2013-2014 WW SAMPLING-BRTC"
"000000009598E9A20E04F041B38518182890A2D50100A3DF33FCC9BD1644BD14FCA330AA978500001D7738C80000"	"\Divisions\ENV\Environmental Cincinnati\133747 ALCOA INC-2014 BLUE POND OVERSIGHT"
"000000009598E9A20E04F041B38518182890A2D50100A3DF33FCC9BD1644BD14FCA330AA978500001DD0B2690000"	"\Divisions\ENV\Environmental Cincinnati\133951 UNITED DAIRY FARMERS-UDF 213 GW SAMPLES"
"000000009598E9A20E04F041B38518182890A2D50100A3DF33FCC9BD1644BD14FCA330AA978500001DD0B1A80000"	"\Divisions\ENV\Environmental Cincinnati\134455 ALCOA INC-LAFAYETTE SWMU & SWPPP PERMITS"
"000000009598E9A20E04F041B38518182890A2D50100A3DF33FCC9BD1644BD14FCA330AA978500001E1B86E20000"	"\Divisions\ENV\Environmental Cincinnati\134903 SYMMES TOWNSHIP-MITIGATION SITE VISIT"
"000000009598E9A20E04F041B38518182890A2D50100A3DF33FCC9BD1644BD14FCA330AA978500001E4F7FF60000"	"\Divisions\ENV\Environmental Cincinnati\135080 ALCOA INC-PISTOL CREEK SAMPLING"
"000000009598E9A20E04F041B38518182890A2D50100A3DF33FCC9BD1644BD14FCA330AA978500001EDEAC9A0000"	"\Divisions\ENV\Environmental Cincinnati\135456 UNITED DAIRY FARMERS-KEMPER RD 3RD Q SAMPLES"
"000000009598E9A20E04F041B38518182890A2D50100A3DF33FCC9BD1644BD14FCA330AA978500001F07F7980000"	"\Divisions\ENV\Environmental Cincinnati\135700 CITY OF MONTGOMERY-PH I ESA-2.5 ACRE VAC PROP"
"000000009598E9A20E04F041B38518182890A2D50100A3DF33FCC9BD1644BD14FCA330AA978500001F8D47D70000"	"\Divisions\ENV\Environmental Cincinnati\136079 UNITED DAIRY FARMERS-UDF 625 POWELL PIPE CLOSURE"
"000000009598E9A20E04F041B38518182890A2D50100A3DF33FCC9BD1644BD14FCA330AA978500001FDF8CD50000"	"\Divisions\ENV\Environmental Cincinnati\136249 URS CORPORATION INC-CORNERSTONE PERMITTING 01"
"000000009598E9A20E04F041B38518182890A2D50100A3DF33FCC9BD1644BD14FCA330AA978500002028CFC10000"	"\Divisions\ENV\Environmental Cincinnati\136514 SANOFI-SLLI PH 1407 UNIT 3B INVEST"
"000000009598E9A20E04F041B38518182890A2D50100A3DF33FCC9BD1644BD14FCA330AA9785000021253C3D0000"	"\Divisions\ENV\Environmental Cincinnati\137160 FROST BROWN TODD LLC-2015 ACC TECH SUPPORT"
"000000009598E9A20E04F041B38518182890A2D50100A3DF33FCC9BD1644BD14FCA330AA9785000021B5D5720000"	"\Divisions\ENV\Environmental Cincinnati\137499 MARATHON PETROLEUM CORPORATION-2015 MTD (HST) DCM SITES"
"000000009598E9A20E04F041B38518182890A2D50100A3DF33FCC9BD1644BD14FCA330AA9785000021E20E9E0000"	"\Divisions\ENV\Environmental Cincinnati\137794 MARATHON PETROLEUM CORPORATION-E. SPARTA-HARPSTER PIPELINE"
"000000009598E9A20E04F041B38518182890A2D50100A3DF33FCC9BD1644BD14FCA330AA978500002270941B0000"	"\Divisions\ENV\Environmental Cincinnati\138228 GIVAUDAN FLAVORS CORP-2015 IH MONITORING-DEVON"
"000000009598E9A20E04F041B38518182890A2D50100A3DF33FCC9BD1644BD14FCA330AA9785000022E909590000"	"\Divisions\ENV\Environmental Cincinnati\138562 UNITED DAIRY FARMERS-UDF 213 TIER 2 TASKS"
"000000009598E9A20E04F041B38518182890A2D50100A3DF33FCC9BD1644BD14FCA330AA978500002392D5210000"	"\Divisions\ENV\Environmental Cincinnati\138987 THE PROCTER & GAMBLE COMPANY-P&G CETL Q SAMP 2015-2016"
"000000009598E9A20E04F041B38518182890A2D50100A3DF33FCC9BD1644BD14FCA330AA9785000024104DF30000"	"\Divisions\ENV\Environmental Cincinnati\139265 THE PROCTER & GAMBLE COMPANY-MSD SAMPLING 2015-2016 - SWIC"
"000000009598E9A20E04F041B38518182890A2D50100A3DF33FCC9BD1644BD14FCA330AA978500002B780D610000"	"\Divisions\ENV\Environmental Cincinnati\142331 NISOURCE-NIPSCO FREYER TRAIL CREEK"
"000000009598E9A20E04F041B38518182890A2D50100A3DF33FCC9BD1644BD14FCA330AA978500001EDEB0A50000"	"\Divisions\ENV\Environmental Cincinnati\Test\Test"
"000000009598E9A20E04F041B38518182890A2D50100A3DF33FCC9BD1644BD14FCA330AA97850000170CDC550000"	"\Divisions\ENV\Environmental Freeport\126676 STRATTON LUMBER-PERMIT & RPT SVS"
"000000009598E9A20E04F041B38518182890A2D50100A3DF33FCC9BD1644BD14FCA330AA97850000170CDDA80000"	"\Divisions\ENV\Environmental Freeport\126731 BACKYARD FARMS-COMPL & PERMIT SVCS"
"000000009598E9A20E04F041B38518182890A2D50100A3DF33FCC9BD1644BD14FCA330AA97850000252D50B60000"	"\Divisions\ENV\Environmental Freeport\139584 CLP-GREENWICH SS DETAILED ENG & DESIGN"
"000000009598E9A20E04F041B38518182890A2D5010012225CC57BF01F4EA8CCA87A792FF35F0001B748E7550000"	"\Divisions\ENV\Environmental Freeport\152883 SPRAGUE AIR COMPLIANCE CONSULT"
"000000009598E9A20E04F041B38518182890A2D50100A3DF33FCC9BD1644BD14FCA330AA978500001E77F67E0000"	"\Divisions\ENV\Environmental Freeport\CLOSED PROJECTS\128961 LRM-AIR TOXICS ANALYSIS"
"000000009598E9A20E04F041B38518182890A2D50100A3DF33FCC9BD1644BD14FCA330AA97850000255FDBA90000"	"\Divisions\ENV\Environmental Freeport\CLOSED PROJECTS\132258 FIRST WIND 1ST CAMPAIGN"
"000000009598E9A20E04F041B38518182890A2D50100A3DF33FCC9BD1644BD14FCA330AA978500002AB477100000"	"\Divisions\ENV\Environmental Freeport\CLOSED PROJECTS\135028 UMAINE FY15 AIR REPORTING"
"000000009598E9A20E04F041B38518182890A2D50100A3DF33FCC9BD1644BD14FCA330AA978500002C136DE10000"	"\Divisions\ENV\Environmental Freeport\CLOSED PROJECTS\138588_THAYER-FT_KENT_RD_CROSS_PERMIT"
"000000009598E9A20E04F041B38518182890A2D50100A3DF33FCC9BD1644BD14FCA330AA978500002A9E57390000"	"\Divisions\ENV\Environmental Freeport\CLOSED PROJECTS\139712 FNST-NORTHFIELD AUDIT/TOXICS 2015"
"000000009598E9A20E04F041B38518182890A2D5010012225CC57BF01F4EA8CCA87A792FF35F00003F053F840000"	"\Divisions\ENV\Environmental Freeport\CLOSED PROJECTS\141511 FNST-ASHLAND TIER 2 SPCC"
"000000009598E9A20E04F041B38518182890A2D5010012225CC57BF01F4EA8CCA87A792FF35F00003F053F8A0000"	"\Divisions\ENV\Environmental Freeport\CLOSED PROJECTS\144290 FREUDENBERG-NOK SEALING FNST ASHLAND AUDIT TOXICS 2016"
"000000009598E9A20E04F041B38518182890A2D5010012225CC57BF01F4EA8CCA87A792FF35F0000B2BA27300000"	"\Divisions\ENV\Environmental Freeport\CLOSED PROJECTS\146293_FNST_BRISTOL_COATING_PERMIT"
"000000009598E9A20E04F041B38518182890A2D5010012225CC57BF01F4EA8CCA87A792FF35F00013CB5CA170000"	"\Divisions\ENV\Environmental Freeport\CLOSED PROJECTS\149283 SEA-3-2017 ENV SERVICES"
"000000009598E9A20E04F041B38518182890A2D5010012225CC57BF01F4EA8CCA87A792FF35F00018A37DFD40000"	"\Divisions\ENV\Environmental Freeport\CLOSED PROJECTS\151407_MAIBEC-FORM_R_CY2017"
"000000009598E9A20E04F041B38518182890A2D50100572FF007A7D6B64CA96E5CFE8E1CC1A4000000395FC80000"	"\Divisions\ENV\Environmental Freeport\Prof Orgs"
"000000009598E9A20E04F041B38518182890A2D50100A3DF33FCC9BD1644BD14FCA330AA978500000E6C1CA50000"	"\Divisions\ENV\Environmental Hailey\114406 - PATH\Cultural"
"000000009598E9A20E04F041B38518182890A2D50100A3DF33FCC9BD1644BD14FCA330AA97850000165C97890000"	"\Divisions\ENV\Environmental Hailey\115841 - TWE\Admin"
"000000009598E9A20E04F041B38518182890A2D50100A3DF33FCC9BD1644BD14FCA330AA978500001F09F9E70000"	"\Divisions\ENV\Environmental Hailey\117390 - BHP Teckla - Osage - Rapid City 230kV\Admin Record\LSI/MERRICK\Auto Notifications from LSI"
"000000009598E9A20E04F041B38518182890A2D50100A3DF33FCC9BD1644BD14FCA330AA978500001F1A12E60000"	"\Divisions\ENV\Environmental Hailey\118092 - Jackrabbit\Camera_Ready_DEIS\Sections"
"000000009598E9A20E04F041B38518182890A2D50100572FF007A7D6B64CA96E5CFE8E1CC1A40000005B439F0000"	"\Divisions\ENV\Environmental Hailey\121717 - Mountain Air Wind"
"000000009598E9A20E04F041B38518182890A2D50100A3DF33FCC9BD1644BD14FCA330AA9785000018DBECE60000"	"\Divisions\ENV\Environmental Hailey\124186_EGS\Gas Line Data"
"000000009598E9A20E04F041B38518182890A2D50100A3DF33FCC9BD1644BD14FCA330AA97850000172B4F630000"	"\Divisions\ENV\Environmental Hailey\124186_EGS\Kirsten\PPM Maps"
"000000009598E9A20E04F041B38518182890A2D501001953B16A689BCD4AA8FC82955DB27CB1000001D642F00000"	"\Divisions\ENV\Environmental Hailey\124186_EGS\PPM\dxf Map"
"000000009598E9A20E04F041B38518182890A2D50100A3DF33FCC9BD1644BD14FCA330AA97850000171B3A7D0000"	"\Divisions\ENV\Environmental Hailey\124186_EGS\PPM\Steps"
"000000009598E9A20E04F041B38518182890A2D501001953B16A689BCD4AA8FC82955DB27CB1000001BB87B60000"	"\Divisions\ENV\Environmental Hailey\124186_EGS\Sent"
"000000009598E9A20E04F041B38518182890A2D50100A3DF33FCC9BD1644BD14FCA330AA978500001F1AB2A10000"	"\Divisions\ENV\Environmental Hailey\126564 - Bagby-Reed\Meetings"
"000000009598E9A20E04F041B38518182890A2D50100A3DF33FCC9BD1644BD14FCA330AA978500001F0D3BCC0000"	"\Divisions\ENV\Environmental Hailey\128143 - R-Project (NPPD)\Env Report"
"000000009598E9A20E04F041B38518182890A2D50100A3DF33FCC9BD1644BD14FCA330AA978500001B73394E0000"	"\Divisions\ENV\Environmental Hailey\130615 - NPPD PS24"
"000000009598E9A20E04F041B38518182890A2D50100572FF007A7D6B64CA96E5CFE8E1CC1A40000001BBDDD0000"	"\Divisions\ENV\Environmental Hailey\NPPD"
"000000009598E9A20E04F041B38518182890A2D50100E34BFE500669CD49AC2E27C6C54DE39D00000026875C0000"	"\Divisions\ENV\Environmental Houston\117291_NPPD"
"000000009598E9A20E04F041B38518182890A2D50100A3DF33FCC9BD1644BD14FCA330AA97850000199599FF0000"	"\Divisions\ENV\Environmental Houston\128503_DoletHills"
"000000009598E9A20E04F041B38518182890A2D50100A3DF33FCC9BD1644BD14FCA330AA978500001BD682C80000"	"\Divisions\ENV\Environmental Knoxville\131865 MARATHON PETROLEUM COMPANY LP - DSKTP ANALYSIS"
"000000009598E9A20E04F041B38518182890A2D501006C95E27D1ACA634AA1AADC20796388DD000000C0B72F0000"	"\Divisions\ENV\Environmental Phoenix\120789 Centinela Gen Tie POD Support"
"000000009598E9A20E04F041B38518182890A2D50100CB7D9B6512D7374A860FE542D57703920000011615B50000"	"\Divisions\ENV\Environmental Phoenix\122749 Loma Segunda Arch Survey"
"000000009598E9A20E04F041B38518182890A2D50100A3DF33FCC9BD1644BD14FCA330AA97850000170416450000"	"\Divisions\ENV\Environmental Phoenix\125890 CL_SntaCruz WashCk E28679"
"000000009598E9A20E04F041B38518182890A2D50100A3DF33FCC9BD1644BD14FCA330AA9785000017B5B5330000"	"\Divisions\ENV\Environmental Phoenix\128031 CL E.366477 W Orng Grv Rd Arch"
"000000009598E9A20E04F041B38518182890A2D50100A3DF33FCC9BD1644BD14FCA330AA978500001A4266560000"	"\Divisions\ENV\Environmental Phoenix\130755 TEP GATES PASS RD ARCH SURVEY"
"000000009598E9A20E04F041B38518182890A2D50100A3DF33FCC9BD1644BD14FCA330AA978500001D7AA2F50000"	"\Divisions\ENV\Environmental Phoenix\133781 TEP_TUMAMOC HILL ENV PJ 2"
"000000009598E9A20E04F041B38518182890A2D501006C95E27D1ACA634AA1AADC20796388DD00000085BCF20000"	"\Divisions\ENV\Public Outreach and Communication\_Public Outreach and Communication"
"000000009598E9A20E04F041B38518182890A2D50100A3DF33FCC9BD1644BD14FCA330AA97850000261995AE0000"	"\Divisions\ENV\Public Outreach and Communication\116078  TOR Eng-Elec Utility Circuit Conv1"
"000000009598E9A20E04F041B38518182890A2D501006C95E27D1ACA634AA1AADC20796388DD000000C048FD0000"	"\Divisions\ENV\Public Outreach and Communication\118523  EC Mornhinweg to Parkway 138KV"
"000000009598E9A20E04F041B38518182890A2D501006C95E27D1ACA634AA1AADC20796388DD000000D01FF10000"	"\Divisions\ENV\Public Outreach and Communication\121260 Raytheon Master Plan"
"000000009598E9A20E04F041B38518182890A2D50100CB7D9B6512D7374A860FE542D57703920000010EA5D20000"	"\Divisions\ENV\Public Outreach and Communication\122579 BGE Gas Pipeline"
"000000009598E9A20E04F041B38518182890A2D50100A3DF33FCC9BD1644BD14FCA330AA9785000017622C640000"	"\Divisions\ENV\Public Outreach and Communication\124278 Palo Verde Mesa Glare Study"
"000000009598E9A20E04F041B38518182890A2D50100A3DF33FCC9BD1644BD14FCA330AA978500000E9522330000"	"\Divisions\ENV\Public Outreach and Communication\125659 ITC_7th Street Visualization"
"000000009598E9A20E04F041B38518182890A2D50100A3DF33FCC9BD1644BD14FCA330AA9785000017684AA20000"	"\Divisions\ENV\Public Outreach and Communication\127103 SDG&E DVC"
"000000009598E9A20E04F041B38518182890A2D50100A3DF33FCC9BD1644BD14FCA330AA9785000017AE3F950000"	"\Divisions\ENV\Public Outreach and Communication\128005 P'CORP PARK CITY&IRON HORSE"
"000000009598E9A20E04F041B38518182890A2D50100A3DF33FCC9BD1644BD14FCA330AA978500001A38CDEC0000"	"\Divisions\ENV\Public Outreach and Communication\129697 DME"
"000000009598E9A20E04F041B38518182890A2D50100A3DF33FCC9BD1644BD14FCA330AA978500001AB18BEF0000"	"\Divisions\ENV\Public Outreach and Communication\131407 Tri-State - Montrose"
"000000009598E9A20E04F041B38518182890A2D50100A3DF33FCC9BD1644BD14FCA330AA978500001BB6BDEC0000"	"\Divisions\ENV\Public Outreach and Communication\132667 Teco - Fish Hawk Outreach"
"000000009598E9A20E04F041B38518182890A2D50100A3DF33FCC9BD1644BD14FCA330AA978500001DE3F4CF0000"	"\Divisions\ENV\Public Outreach and Communication\134365 Pepco Security"
"000000009598E9A20E04F041B38518182890A2D50100A3DF33FCC9BD1644BD14FCA330AA978500001EF827870000"	"\Divisions\ENV\Public Outreach and Communication\135614 PEPCO - Peermont Sub"
"000000009598E9A20E04F041B38518182890A2D50100A3DF33FCC9BD1644BD14FCA330AA978500002156E34F0000"	"\Divisions\ENV\Public Outreach and Communication\137276 AEP-Molly's Creek Substation"
"000000009598E9A20E04F041B38518182890A2D50100A3DF33FCC9BD1644BD14FCA330AA97850000241127A40000"	"\Divisions\ENV\Public Outreach and Communication\138864 TECO Davis Chapman"
"000000009598E9A20E04F041B38518182890A2D50100A3DF33FCC9BD1644BD14FCA330AA9785000025B5DBDF0000"	"\Divisions\ENV\Public Outreach and Communication\140003 Panduit - Phase I"
"000000009598E9A20E04F041B38518182890A2D50100A3DF33FCC9BD1644BD14FCA330AA978500002BFB0DD40000"	"\Divisions\ENV\Public Outreach and Communication\141069 AEP Kenzie Creek Photo Simulation"
"000000009598E9A20E04F041B38518182890A2D50100A3DF33FCC9BD1644BD14FCA330AA978500002C1440D10000"	"\Divisions\ENV\Public Outreach and Communication\142945 Greensboro-Randolph Megasite GeoVoice"
"000000009598E9A20E04F041B38518182890A2D5010012225CC57BF01F4EA8CCA87A792FF35F00003646DD350000"	"\Divisions\ENV\Public Outreach and Communication\144002 Hecla Rock Creek Drone Sims"
"000000009598E9A20E04F041B38518182890A2D5010012225CC57BF01F4EA8CCA87A792FF35F00009620BFC70000"	"\Divisions\ENV\Public Outreach and Communication\145345 - AEPTransmission.com 2017"
"000000009598E9A20E04F041B38518182890A2D5010012225CC57BF01F4EA8CCA87A792FF35F0000F38658430000"	"\Divisions\ENV\Public Outreach and Communication\147622 - Ameren 345kV Rebuild Project"
"000000009598E9A20E04F041B38518182890A2D50100A3DF33FCC9BD1644BD14FCA330AA978500001B2E28BC0000"	"\Divisions\ENV\Public Outreach and Communication\Amlin"
"000000009598E9A20E04F041B38518182890A2D50100A3DF33FCC9BD1644BD14FCA330AA97850000186DB4000000"	"\Divisions\ENV\Public Outreach and Communication\InteractiveHire"
"000000009598E9A20E04F041B38518182890A2D50100A3DF33FCC9BD1644BD14FCA330AA9785000019631B8B0000"	"\Divisions\ENV\Public Outreach and Communication\UsefullStuff"
"000000009598E9A20E04F041B38518182890A2D5010012225CC57BF01F4EA8CCA87A792FF35F0004DF652CB70000"	"\Divisions\Facilities \Federal Controls QAQC"
"000000009598E9A20E04F041B38518182890A2D5010012225CC57BF01F4EA8CCA87A792FF35F0006AC7B3F920000"	"\Divisions\Generation\CAE PTO\CAE PTO\CAE PTO\CAE"
"000000009598E9A20E04F041B38518182890A2D50100A3DF33FCC9BD1644BD14FCA330AA978500001AA5AF4F0000"	"\Divisions\Industrial\Facilities\131175_Hill's - Project Diablo"
"000000009598E9A20E04F041B38518182890A2D50100A3DF33FCC9BD1644BD14FCA330AA978500000EB81C5C0000"	"\Divisions\Industrial\Food Systems"
"000000009598E9A20E04F041B38518182890A2D501001296C725372D7F4B86B758A22EA3141B000000550BB70000"	"\Divisions\Industrial\Generation\ATL Materials Handling\Materials Calendar"
"000000009598E9A20E04F041B38518182890A2D501001296C725372D7F4B86B758A22EA3141B0000003CF6990000"	"\Divisions\Industrial\Project Control"
"000000009598E9A20E04F041B38518182890A2D501006C95E27D1ACA634AA1AADC20796388DD00000059CCCE0000"	"\Divisions\Operations\Administration\Ski Passes"
"000000009598E9A20E04F041B38518182890A2D50100572FF007A7D6B64CA96E5CFE8E1CC1A4000000180C570000"	"\Divisions\Operations\Finance\Taxes\AL\Angola\ANGOLA-OLD"
"000000009598E9A20E04F041B38518182890A2D50100572FF007A7D6B64CA96E5CFE8E1CC1A400000010C13F0000"	"\Divisions\Operations\Finance\Taxes\AZ\Closed\115248 Sunshine-no tpt"
"000000009598E9A20E04F041B38518182890A2D50100572FF007A7D6B64CA96E5CFE8E1CC1A4000000395FAE0000"	"\Divisions\Operations\Finance\Taxes\CA\115032"
"000000009598E9A20E04F041B38518182890A2D50100572FF007A7D6B64CA96E5CFE8E1CC1A40000004466E50000"	"\Divisions\Operations\Finance\Taxes\CA\Sagebrush"
"000000009598E9A20E04F041B38518182890A2D50100572FF007A7D6B64CA96E5CFE8E1CC1A40000005A554B0000"	"\Divisions\Operations\Finance\Taxes\CANADA\NOVA SCOTIA"
"000000009598E9A20E04F041B38518182890A2D50100572FF007A7D6B64CA96E5CFE8E1CC1A400000014C0920000"	"\Divisions\Operations\Finance\Taxes\CO\Fort Collins"
"000000009598E9A20E04F041B38518182890A2D50100572FF007A7D6B64CA96E5CFE8E1CC1A400000027661B0000"	"\Divisions\Operations\Finance\Taxes\HI\Interisland Wind"
"000000009598E9A20E04F041B38518182890A2D501001296C725372D7F4B86B758A22EA3141B00000042D8010000"	"\Divisions\Operations\Finance\Taxes\MA"
"000000009598E9A20E04F041B38518182890A2D501001296C725372D7F4B86B758A22EA3141B0000007661500000"	"\Divisions\Operations\Finance\Taxes\NM\111842-Valencia"
"000000009598E9A20E04F041B38518182890A2D501001296C725372D7F4B86B758A22EA3141B0000007A6C0D0000"	"\Divisions\Operations\Finance\Taxes\NM\SCADA"
"000000009598E9A20E04F041B38518182890A2D50100572FF007A7D6B64CA96E5CFE8E1CC1A40000001F6F780000"	"\Divisions\Operations\Finance\Taxes\RI"
"000000009598E9A20E04F041B38518182890A2D50100CB7D9B6512D7374A860FE542D5770392000001184FC90000"	"\Divisions\Operations\Finance\Taxes\TAX ALERT - PROJECTS\MI"
"000000009598E9A20E04F041B38518182890A2D501001296C725372D7F4B86B758A22EA3141B0000007829EE0000"	"\Divisions\Operations\Finance\Taxes\TX\SCADA"
"000000009598E9A20E04F041B38518182890A2D501001296C725372D7F4B86B758A22EA3141B0000005D20450000"	"\Divisions\Operations\Finance\Taxes\WA\SD DEACON-BIGFOOT PROJECTS"
"000000009598E9A20E04F041B38518182890A2D501006C95E27D1ACA634AA1AADC20796388DD000000350E240000"	"\Divisions\Operations\HR\College Recruiting"
"000000009598E9A20E04F041B38518182890A2D501001296C725372D7F4B86B758A22EA3141B00000013A64C0000"	"\Divisions\Operations\Information Technology\Help Desk"
"000000009598E9A20E04F041B38518182890A2D501001296C725372D7F4B86B758A22EA3141B000000004A9A0000"	"\Divisions\Operations\Information Technology\Networking\security bulletins"
"000000009598E9A20E04F041B38518182890A2D5010012225CC57BF01F4EA8CCA87A792FF35F0000D7BBE2B50000"	"\Divisions\Operations\MarComm"
"000000009598E9A20E04F041B38518182890A2D50100A3DF33FCC9BD1644BD14FCA330AA9785000016F5F8740000"	"\Divisions\Operations\Office Build-Out Projects Folder\Projects\2012LAX01EXP\Quotes"
"000000009598E9A20E04F041B38518182890A2D50100A3DF33FCC9BD1644BD14FCA330AA9785000016F57F2A0000"	"\Divisions\Operations\Office Build-Out Projects Folder\Projects\2012SAC01EXP\Drawings"
"000000009598E9A20E04F041B38518182890A2D50100A3DF33FCC9BD1644BD14FCA330AA9785000016F5F8840000"	"\Divisions\Operations\Office Build-Out Projects Folder\Projects\2012TMP01NEW\Quotes"
"000000009598E9A20E04F041B38518182890A2D5010012225CC57BF01F4EA8CCA87A792FF35F0002B34678330000"	"\Divisions\PD\158588 WREC SCADA SUPPORT WORK"
"000000009598E9A20E04F041B38518182890A2D50100A3DF33FCC9BD1644BD14FCA330AA978500001933CE9A0000"	"\Divisions\PD\Distribution Services"
"000000009598E9A20E04F041B38518182890A2D5010012225CC57BF01F4EA8CCA87A792FF35F000258A2B5290000"	"\Divisions\PD\Distribution Services\Dept. 368"
"000000009598E9A20E04F041B38518182890A2D50100A3DF33FCC9BD1644BD14FCA330AA978500001CDCCC540000"	"\Divisions\PD\Distribution Services\Distribution Design Services\133209 - HITT 34.5kV (Cape CLK-VIAD)"
"000000009598E9A20E04F041B38518182890A2D50100A3DF33FCC9BD1644BD14FCA330AA9785000022A60D840000"	"\Divisions\PD\Distribution Services\Distribution Design Services\137665 - BULL CREEK"
"000000009598E9A20E04F041B38518182890A2D50100A3DF33FCC9BD1644BD14FCA330AA97850000278D7FAC0000"	"\Divisions\PD\Distribution Services\Distribution Design Services\140679 - ONCOR Westover"
"000000009598E9A20E04F041B38518182890A2D50100A3DF33FCC9BD1644BD14FCA330AA978500002C098F9D0000"	"\Divisions\PD\Distribution Services\Distribution Design Services\142778_AEP_N Bltimr-New Lib"
"000000009598E9A20E04F041B38518182890A2D5010012225CC57BF01F4EA8CCA87A792FF35F00007AF1AC820000"	"\Divisions\PD\Distribution Services\Distribution Design Services\144637 - GC-CC REG TROUBLESHOOTING"
"000000009598E9A20E04F041B38518182890A2D5010012225CC57BF01F4EA8CCA87A792FF35F0000A8917A890000"	"\Divisions\PD\Distribution Services\Distribution Design Services\146114 - SCE Santiago Sub Relays"
"000000009598E9A20E04F041B38518182890A2D5010012225CC57BF01F4EA8CCA87A792FF35F0000C512A5560000"	"\Divisions\PD\Distribution Services\Distribution Design Services\146533 - SRP T2188005-CAB UW PCR MRYLND"
"000000009598E9A20E04F041B38518182890A2D5010012225CC57BF01F4EA8CCA87A792FF35F0000EF4E79A10000"	"\Divisions\PD\Distribution Services\Distribution Design Services\147593 - IFP POWER FACTOR VER & IMPROV"
"000000009598E9A20E04F041B38518182890A2D5010012225CC57BF01F4EA8CCA87A792FF35F0000FC6D03D00000"	"\Divisions\PD\Distribution Services\Distribution Design Services\147651 - LNGLK 9004"
"000000009598E9A20E04F041B38518182890A2D5010012225CC57BF01F4EA8CCA87A792FF35F00010FCB09B90000"	"\Divisions\PD\Distribution Services\Distribution Design Services\148256 - 2018NBGS01 BIG SPRING AIRPARK"
"000000009598E9A20E04F041B38518182890A2D5010012225CC57BF01F4EA8CCA87A792FF35F0004627EE04E0000"	"\Divisions\PD\Distribution Services\Out of Office - AEP Distribution"
"000000009598E9A20E04F041B38518182890A2D50100E34BFE500669CD49AC2E27C6C54DE39D0000002687C90000"	"\Divisions\PD\Distribution Services\Substation Benbrook\117729_DETEC Gen Engr"
"000000009598E9A20E04F041B38518182890A2D50100E34BFE500669CD49AC2E27C6C54DE39D0000002687ED0000"	"\Divisions\PD\Distribution Services\Substation Benbrook\117765_FEC WP"
"000000009598E9A20E04F041B38518182890A2D50100E34BFE500669CD49AC2E27C6C54DE39D00000026878C0000"	"\Divisions\PD\Distribution Services\Substation Benbrook\117815_Peach Ck Sub 230kV Conv"
"000000009598E9A20E04F041B38518182890A2D50100E34BFE500669CD49AC2E27C6C54DE39D00000026883D0000"	"\Divisions\PD\Distribution Services\Substation Benbrook\117851_Hamilton WO Review"
"000000009598E9A20E04F041B38518182890A2D50100E34BFE500669CD49AC2E27C6C54DE39D0000002687850000"	"\Divisions\PD\Distribution Services\Substation Benbrook\117885_Deweyville Sub Expansion"
"000000009598E9A20E04F041B38518182890A2D50100E34BFE500669CD49AC2E27C6C54DE39D0000004084300000"	"\Divisions\PD\Distribution Services\Substation Benbrook\117918_Cherokee_Transf Repair"
"000000009598E9A20E04F041B38518182890A2D50100A3DF33FCC9BD1644BD14FCA330AA97850000212F89260000"	"\Divisions\PD\Distribution Services\Substation Benbrook\117950a"
"000000009598E9A20E04F041B38518182890A2D50100E34BFE500669CD49AC2E27C6C54DE39D0000002D26F70000"	"\Divisions\PD\Distribution Services\Substation Benbrook\118493_Tex-La"
"000000009598E9A20E04F041B38518182890A2D50100E34BFE500669CD49AC2E27C6C54DE39D00000037A26B0000"	"\Divisions\PD\Distribution Services\Substation Benbrook\120300_Oneok"
"000000009598E9A20E04F041B38518182890A2D50100A3DF33FCC9BD1644BD14FCA330AA978500000E994D220000"	"\Divisions\PD\Distribution Services\Substation Benbrook\121910_SHECO_Caney Demo\SRM"
"000000009598E9A20E04F041B38518182890A2D50100E34BFE500669CD49AC2E27C6C54DE39D00000043107B0000"	"\Divisions\PD\Distribution Services\Substation Benbrook\123384_GVEC_Lost Ck"
"000000009598E9A20E04F041B38518182890A2D50100A3DF33FCC9BD1644BD14FCA330AA97850000173BBE630000"	"\Divisions\PD\Distribution Services\Substation Benbrook\123765_DETEC_Joaquin Trans\BMP"
"000000009598E9A20E04F041B38518182890A2D50100A3DF33FCC9BD1644BD14FCA330AA97850000174005B10000"	"\Divisions\PD\Distribution Services\Substation Benbrook\127135_DETEC_UG"
"000000009598E9A20E04F041B38518182890A2D50100A3DF33FCC9BD1644BD14FCA330AA97850000212F3FD80000"	"\Divisions\PD\Distribution Services\Substation Benbrook\129424_Closed\SRM"
"000000009598E9A20E04F041B38518182890A2D50100A3DF33FCC9BD1644BD14FCA330AA978500001B0123690000"	"\Divisions\PD\Distribution Services\Substation Benbrook\131565_ETEC_Lk Livingston-ENT"
"000000009598E9A20E04F041B38518182890A2D50100A3DF33FCC9BD1644BD14FCA330AA978500001B8548400000"	"\Divisions\PD\Distribution Services\Substation Benbrook\132530_DETEC_MOB Test"
"000000009598E9A20E04F041B38518182890A2D50100A3DF33FCC9BD1644BD14FCA330AA978500001D9475510000"	"\Divisions\PD\Distribution Services\Substation Benbrook\134023_DETEC_Leach Clsd LP"
"000000009598E9A20E04F041B38518182890A2D50100A3DF33FCC9BD1644BD14FCA330AA978500001FDFD09E0000"	"\Divisions\PD\Distribution Services\Substation Benbrook\136273_GVEC_Shiner Sub"
"000000009598E9A20E04F041B38518182890A2D50100A3DF33FCC9BD1644BD14FCA330AA9785000027D4347D0000"	"\Divisions\PD\Distribution Services\Substation Benbrook\137752"
"000000009598E9A20E04F041B38518182890A2D50100A3DF33FCC9BD1644BD14FCA330AA9785000029495CCD0000"	"\Divisions\PD\Distribution Services\Substation Benbrook\140347\SRM"
"000000009598E9A20E04F041B38518182890A2D50100A3DF33FCC9BD1644BD14FCA330AA978500002C4F5DFB0000"	"\Divisions\PD\Distribution Services\Substation Benbrook\142910_HaCEC_CWP"
"000000009598E9A20E04F041B38518182890A2D5010012225CC57BF01F4EA8CCA87A792FF35F00007754B84E0000"	"\Divisions\PD\Distribution Services\Substation Benbrook\145051_Upshur_Trans Plan Study"
"000000009598E9A20E04F041B38518182890A2D5010012225CC57BF01F4EA8CCA87A792FF35F0000D41ABFC90000"	"\Divisions\PD\Distribution Services\Substation Benbrook\146818_UREC_Hllsvll-Gum Sprngs Trans"
"000000009598E9A20E04F041B38518182890A2D5010012225CC57BF01F4EA8CCA87A792FF35F0001460BE08D0000"	"\Divisions\PD\Distribution Services\Substation Benbrook\SUS Contacts"
"000000009598E9A20E04F041B38518182890A2D50100A3DF33FCC9BD1644BD14FCA330AA978500001D86DC850000"	"\Divisions\PD\Line Ann Arbor\133445"
"000000009598E9A20E04F041B38518182890A2D5010012225CC57BF01F4EA8CCA87A792FF35F0002BD7B694B0000"	"\Divisions\PD\Line Austin\131878 ODESSA N-MOSS 138KV LINE"
"000000009598E9A20E04F041B38518182890A2D5010012225CC57BF01F4EA8CCA87A792FF35F0002BD7B69630000"	"\Divisions\PD\Line Austin\136908 BRAZOS SYSTEM OPS STUDY"
"000000009598E9A20E04F041B38518182890A2D5010012225CC57BF01F4EA8CCA87A792FF35F0000B677F32F0000"	"\Divisions\PD\Line Austin\142289 Lufkin - Lufkin SW Station 138kV"
"000000009598E9A20E04F041B38518182890A2D5010012225CC57BF01F4EA8CCA87A792FF35F0000E3DE40B60000"	"\Divisions\PD\Line Austin\146709 LST Capital Spare Structures"
"000000009598E9A20E04F041B38518182890A2D5010012225CC57BF01F4EA8CCA87A792FF35F0002BD7B697F0000"	"\Divisions\PD\Line Austin\154751 LCRA TL POLE WELD REP OB 2018"
"000000009598E9A20E04F041B38518182890A2D501006C95E27D1ACA634AA1AADC20796388DD000000DD7E460000"	"\Divisions\PD\Line Boise\00-DMS Upload\113659 Lk_Yankton\Drafting"
"000000009598E9A20E04F041B38518182890A2D501006C95E27D1ACA634AA1AADC20796388DD0000004B457F0000"	"\Divisions\PD\Line Boise\114411 Gateway\Design Criteria"
"000000009598E9A20E04F041B38518182890A2D501006C95E27D1ACA634AA1AADC20796388DD0000005ACA7A0000"	"\Divisions\PD\Line Boise\114411 Gateway\Socio-Econ"
"000000009598E9A20E04F041B38518182890A2D501006C95E27D1ACA634AA1AADC20796388DD000000F0527A0000"	"\Divisions\PD\Line Boise\114648 ON Line\Mtg Minutes"
"000000009598E9A20E04F041B38518182890A2D501006C95E27D1ACA634AA1AADC20796388DD000000556E810000"	"\Divisions\PD\Line Boise\115349 Devers Valley"
"000000009598E9A20E04F041B38518182890A2D50100A3DF33FCC9BD1644BD14FCA330AA978500001778B3EE0000"	"\Divisions\PD\Line Boise\115349 Devers Valley\RFIs"
"000000009598E9A20E04F041B38518182890A2D501006C95E27D1ACA634AA1AADC20796388DD0000007195FD0000"	"\Divisions\PD\Line Boise\117207_SWIP South\Mtg_Notes"
"000000009598E9A20E04F041B38518182890A2D50100A3DF33FCC9BD1644BD14FCA330AA97850000171AC3FD0000"	"\Divisions\PD\Line Boise\117910_Fargo_Alexandria\Alex-Bison Design\Coord Mtgs"
"000000009598E9A20E04F041B38518182890A2D50100A3DF33FCC9BD1644BD14FCA330AA978500001A3F17F90000"	"\Divisions\PD\Line Boise\117910_Fargo_Alexandria\Galloping"
"000000009598E9A20E04F041B38518182890A2D50100A3DF33FCC9BD1644BD14FCA330AA978500001B03EB330000"	"\Divisions\PD\Line Boise\117910_Fargo_Alexandria\QA-QC\Insul Testing"
"000000009598E9A20E04F041B38518182890A2D50100A3DF33FCC9BD1644BD14FCA330AA9785000015EC487D0000"	"\Divisions\PD\Line Boise\117910_Fargo_Alexandria\Quarry-Alex Design\Materials"
"000000009598E9A20E04F041B38518182890A2D50100CB7D9B6512D7374A860FE542D577039200000129C5DB0000"	"\Divisions\PD\Line Boise\123332 CTF River Crossing\Construction"
"000000009598E9A20E04F041B38518182890A2D501001953B16A689BCD4AA8FC82955DB27CB1000000E3622E0000"	"\Divisions\PD\Line Boise\123332 CTF River Crossing\Meetings"
"000000009598E9A20E04F041B38518182890A2D501001953B16A689BCD4AA8FC82955DB27CB1000001B5703D0000"	"\Divisions\PD\Line Boise\124464_RTRP\111728 - RTRP\AGENCY"
"000000009598E9A20E04F041B38518182890A2D501001953B16A689BCD4AA8FC82955DB27CB1000001B570530000"	"\Divisions\PD\Line Boise\124464_RTRP\111728 - RTRP\STRs"
"000000009598E9A20E04F041B38518182890A2D50100A3DF33FCC9BD1644BD14FCA330AA978500001952241C0000"	"\Divisions\PD\Line Boise\124737 XCEL-GIST2-PSCO-LINE RATING ANY\PHASE 3"
"000000009598E9A20E04F041B38518182890A2D501001953B16A689BCD4AA8FC82955DB27CB1000001CCB98D0000"	"\Divisions\PD\Line Boise\124737 XCEL-GIST2-PSCO-LINE RATING ANY\Priority_1\Design"
"000000009598E9A20E04F041B38518182890A2D50100A3DF33FCC9BD1644BD14FCA330AA97850000171CECFF0000"	"\Divisions\PD\Line Boise\124737 XCEL-GIST2-PSCO-LINE RATING ANY\Priority_2\RFI"
"000000009598E9A20E04F041B38518182890A2D50100A3DF33FCC9BD1644BD14FCA330AA978500002613AB860000"	"\Divisions\PD\Line Boise\124737 XCEL-GIST2-PSCO-LINE RATING ANY\PSC_PW_Complete"
"000000009598E9A20E04F041B38518182890A2D50100A3DF33FCC9BD1644BD14FCA330AA9785000019C48B250000"	"\Divisions\PD\Line Boise\126822 XCEL-0844 BLACK DOG-SAVAGE\Design\Towers"
"000000009598E9A20E04F041B38518182890A2D50100A3DF33FCC9BD1644BD14FCA330AA9785000017E6DCCB0000"	"\Divisions\PD\Line Boise\126822 XCEL-0844 BLACK DOG-SAVAGE\RFI"
"000000009598E9A20E04F041B38518182890A2D50100A3DF33FCC9BD1644BD14FCA330AA978500001B5D8C900000"	"\Divisions\PD\Line Boise\126981 XCEL-GIST-III Phase 2 Priority 2\Construction\0980"
"000000009598E9A20E04F041B38518182890A2D50100A3DF33FCC9BD1644BD14FCA330AA978500001728A0630000"	"\Divisions\PD\Line Boise\126981 XCEL-GIST-III Phase 2 Priority 2\Design"
"000000009598E9A20E04F041B38518182890A2D50100A3DF33FCC9BD1644BD14FCA330AA9785000019C326100000"	"\Divisions\PD\Line Boise\126981 XCEL-GIST-III Phase 2 Priority 2\Estimates & WO\0977"
"000000009598E9A20E04F041B38518182890A2D50100A3DF33FCC9BD1644BD14FCA330AA9785000018BDCA320000"	"\Divisions\PD\Line Boise\126981 XCEL-GIST-III Phase 2 Priority 2\Materials\5301"
"000000009598E9A20E04F041B38518182890A2D50100A3DF33FCC9BD1644BD14FCA330AA9785000019ABC1040000"	"\Divisions\PD\Line Boise\126981 XCEL-GIST-III Phase 2 Priority 2\Remediation\W3205"
"000000009598E9A20E04F041B38518182890A2D50100A3DF33FCC9BD1644BD14FCA330AA9785000019A8BA0B0000"	"\Divisions\PD\Line Boise\127750 ketraco"
"000000009598E9A20E04F041B38518182890A2D50100A3DF33FCC9BD1644BD14FCA330AA978500001AAB5B260000"	"\Divisions\PD\Line Boise\128118_MP_AC Line Rating_2\034L"
"000000009598E9A20E04F041B38518182890A2D50100A3DF33FCC9BD1644BD14FCA330AA9785000018B3C7B40000"	"\Divisions\PD\Line Boise\128118_MP_AC Line Rating_2\051L"
"000000009598E9A20E04F041B38518182890A2D50100A3DF33FCC9BD1644BD14FCA330AA97850000199CC1590000"	"\Divisions\PD\Line Boise\128118_MP_AC Line Rating_2\072L"
"000000009598E9A20E04F041B38518182890A2D50100A3DF33FCC9BD1644BD14FCA330AA9785000019BC82D30000"	"\Divisions\PD\Line Boise\128118_MP_AC Line Rating_2\133L"
"000000009598E9A20E04F041B38518182890A2D50100A3DF33FCC9BD1644BD14FCA330AA9785000018954C9F0000"	"\Divisions\PD\Line Boise\128642 Copper Mtn"
"000000009598E9A20E04F041B38518182890A2D50100A3DF33FCC9BD1644BD14FCA330AA97850000196108A00000"	"\Divisions\PD\Line Boise\128911 Xcel-GIST 3- PHASE 2- LRV PTY 3\Design\0805"
"000000009598E9A20E04F041B38518182890A2D50100A3DF33FCC9BD1644BD14FCA330AA9785000019970B030000"	"\Divisions\PD\Line Boise\128911 Xcel-GIST 3- PHASE 2- LRV PTY 3\Estimates & WO\0827"
"000000009598E9A20E04F041B38518182890A2D50100A3DF33FCC9BD1644BD14FCA330AA97850000199817C10000"	"\Divisions\PD\Line Boise\128911 Xcel-GIST 3- PHASE 2- LRV PTY 3\Materials\0827"
"000000009598E9A20E04F041B38518182890A2D50100A3DF33FCC9BD1644BD14FCA330AA97850000196114EF0000"	"\Divisions\PD\Line Boise\128911 Xcel-GIST 3- PHASE 2- LRV PTY 3\Remediation\0805"
"000000009598E9A20E04F041B38518182890A2D50100A3DF33FCC9BD1644BD14FCA330AA9785000018D800AC0000"	"\Divisions\PD\Line Boise\128911 Xcel-GIST 3- PHASE 2- LRV PTY 3\Schedule\0805"
"000000009598E9A20E04F041B38518182890A2D50100A3DF33FCC9BD1644BD14FCA330AA978500001B8610FA0000"	"\Divisions\PD\Line Boise\128911 Xcel-GIST 3- PHASE 2- LRV PTY 3\Survey\0883"
"000000009598E9A20E04F041B38518182890A2D50100A3DF33FCC9BD1644BD14FCA330AA978500001A8BE9880000"	"\Divisions\PD\Line Boise\128911 Xcel-GIST 3- PHASE 2- LRV PTY 3\Transmittals\5503"
"000000009598E9A20E04F041B38518182890A2D50100A3DF33FCC9BD1644BD14FCA330AA9785000019BC62F90000"	"\Divisions\PD\Line Boise\130412 Xcel (MN) NSP GIST-3 Ph 3"
"000000009598E9A20E04F041B38518182890A2D50100A3DF33FCC9BD1644BD14FCA330AA97850000277CCB010000"	"\Divisions\PD\Line Boise\130412 Xcel (MN) NSP GIST-3 Ph 3\Ph 3 Submittal"
"000000009598E9A20E04F041B38518182890A2D50100A3DF33FCC9BD1644BD14FCA330AA978500001AB84D580000"	"\Divisions\PD\Line Boise\131302 131500 131501 XCEL W3203 W3509 SEV-TRM\Distribution"
"000000009598E9A20E04F041B38518182890A2D50100A3DF33FCC9BD1644BD14FCA330AA978500001E5BCDC30000"	"\Divisions\PD\Line Boise\131302 131500 131501 XCEL W3203 W3509 SEV-TRM\Transmittals\T&B"
"000000009598E9A20E04F041B38518182890A2D50100A3DF33FCC9BD1644BD14FCA330AA978500001B4F4B790000"	"\Divisions\PD\Line Boise\132072 XCEL-L0953 RECONDUCTOR\Design\Cond Elec Analysis"
"000000009598E9A20E04F041B38518182890A2D50100A3DF33FCC9BD1644BD14FCA330AA9785000024A664670000"	"\Divisions\PD\Line Boise\132155 PSE Eastside\Geotech Review"
"000000009598E9A20E04F041B38518182890A2D50100A3DF33FCC9BD1644BD14FCA330AA978500001DD49A2F0000"	"\Divisions\PD\Line Boise\134091 PAC Croy-DV\00_PEI-Internal\A_Review Comments"
"000000009598E9A20E04F041B38518182890A2D50100A3DF33FCC9BD1644BD14FCA330AA978500001DD470230000"	"\Divisions\PD\Line Boise\134091 PAC Croy-DV\04_Substation-Interface"
"000000009598E9A20E04F041B38518182890A2D50100A3DF33FCC9BD1644BD14FCA330AA978500001DE04BDB0000"	"\Divisions\PD\Line Boise\134473 PCorp Coalville SLV CRK\01_Submittals-wDMS#\E_Material\E1_Steel Poles"
"000000009598E9A20E04F041B38518182890A2D50100A3DF33FCC9BD1644BD14FCA330AA978500001DE0469E0000"	"\Divisions\PD\Line Boise\134473 PCorp Coalville SLV CRK\08_Permits"
"000000009598E9A20E04F041B38518182890A2D50100A3DF33FCC9BD1644BD14FCA330AA978500001DD689500000"	"\Divisions\PD\Line Boise\134474 PCorp Croydon-Coalville\01_Submittals-wDMS#\H_Material"
"000000009598E9A20E04F041B38518182890A2D501006C95E27D1ACA634AA1AADC20796388DD000000E3E1FE0000"	"\Divisions\PD\Line Boise\135116 SunZia\116500_Sunzia\EIS"
"000000009598E9A20E04F041B38518182890A2D501006C95E27D1ACA634AA1AADC20796388DD000000AE25360000"	"\Divisions\PD\Line Boise\135116 SunZia\116500_Sunzia\Toward Design & Construction\Aerial Survey"
"000000009598E9A20E04F041B38518182890A2D50100A3DF33FCC9BD1644BD14FCA330AA978500002308FD720000"	"\Divisions\PD\Line Boise\136620 XCEL-0729 Rplce Pole (See also 133657)\Materials"
"000000009598E9A20E04F041B38518182890A2D50100A3DF33FCC9BD1644BD14FCA330AA9785000021DED1400000"	"\Divisions\PD\Line Boise\137494 Xcel PSCo 9255 RAY LEWIS-PNCHA REBLD \EMAT"
"000000009598E9A20E04F041B38518182890A2D5010012225CC57BF01F4EA8CCA87A792FF35F00000A50CB3E0000"	"\Divisions\PD\Line Boise\137979 GNTL TLine\01_Admin\RFIs"
"000000009598E9A20E04F041B38518182890A2D50100A3DF33FCC9BD1644BD14FCA330AA978500002682809E0000"	"\Divisions\PD\Line Boise\139026 LS Artificial Island"
"000000009598E9A20E04F041B38518182890A2D50100A3DF33FCC9BD1644BD14FCA330AA9785000028D745460000"	"\Divisions\PD\Line Boise\141086-XCEL NSPW Landworks\RFI/COORDINATION"
"000000009598E9A20E04F041B38518182890A2D50100A3DF33FCC9BD1644BD14FCA330AA978500002C10BA420000"	"\Divisions\PD\Line Boise\142812 XCEL W3202 PR STR 39 LC"
"000000009598E9A20E04F041B38518182890A2D5010012225CC57BF01F4EA8CCA87A792FF35F000094E26A3A0000"	"\Divisions\PD\Line Boise\144822 ARSENAL HILL-RAINES RD\DESIGN-STR/FND"
"000000009598E9A20E04F041B38518182890A2D5010012225CC57BF01F4EA8CCA87A792FF35F0001D41A9B020000"	"\Divisions\PD\Line Boise\146618 - Bob TLine\Addendum 1"
"000000009598E9A20E04F041B38518182890A2D5010012225CC57BF01F4EA8CCA87A792FF35F000207D44E9C0000"	"\Divisions\PD\Line Boise\146854 TWE PRE-CON_OE\PGM"
"000000009598E9A20E04F041B38518182890A2D5010012225CC57BF01F4EA8CCA87A792FF35F00018C4EBFB10000"	"\Divisions\PD\Line Boise\151472 Southline"
"000000009598E9A20E04F041B38518182890A2D5010012225CC57BF01F4EA8CCA87A792FF35F0002E9951CD60000"	"\Divisions\PD\Line Boise\154320 Ten West\154320 10W Civil Design"
"000000009598E9A20E04F041B38518182890A2D5010012225CC57BF01F4EA8CCA87A792FF35F0002B65E487A0000"	"\Divisions\PD\Line Boise\154320 Ten West\154320 10W SCE"
"000000009598E9A20E04F041B38518182890A2D5010012225CC57BF01F4EA8CCA87A792FF35F00028CB795570000"	"\Divisions\PD\Line Boise\157526 PGE GR-WILL-SHER"
"000000009598E9A20E04F041B38518182890A2D5010012225CC57BF01F4EA8CCA87A792FF35F00038437CCF70000"	"\Divisions\PD\Line Boise\164543 MEC Derrick Lakes"
"000000009598E9A20E04F041B38518182890A2D501001953B16A689BCD4AA8FC82955DB27CB10000011FEB030000"	"\Divisions\PD\Line Boise\Line-Rating-Projects\PacifiCorp\B23"
"000000009598E9A20E04F041B38518182890A2D501001953B16A689BCD4AA8FC82955DB27CB10000011FEAEB0000"	"\Divisions\PD\Line Boise\Line-Rating-Projects\PacifiCorp\P04"
"000000009598E9A20E04F041B38518182890A2D50100A3DF33FCC9BD1644BD14FCA330AA978500001676E79B0000"	"\Divisions\PD\Line Boise\Line-Rating-Projects\PacifiCorp2\B12"
"000000009598E9A20E04F041B38518182890A2D50100A3DF33FCC9BD1644BD14FCA330AA978500001676E7F40000"	"\Divisions\PD\Line Boise\Line-Rating-Projects\PacifiCorp2\BB13"
"000000009598E9A20E04F041B38518182890A2D5010012225CC57BF01F4EA8CCA87A792FF35F000052525A6A0000"	"\Divisions\PD\Line Boise\Xcel_Energy_Standards\On-Off-Badge-Training\2016_Laptop_Returns"
"000000009598E9A20E04F041B38518182890A2D50100A3DF33FCC9BD1644BD14FCA330AA978500001C788EB40000"	"\Divisions\PD\Line Boise\Xcel_Energy_Standards\On-Off-Badge-Training\Laptop_Assignments"
"000000009598E9A20E04F041B38518182890A2D5010012225CC57BF01F4EA8CCA87A792FF35F0006CB2141D00000"	"\Divisions\PD\Line Boise\Xcel_Energy_Standards\On-Off-Badge-Training\On-Boarding\Amped I"
"000000009598E9A20E04F041B38518182890A2D5010012225CC57BF01F4EA8CCA87A792FF35F0005F8D4B7840000"	"\Divisions\PD\Line Boise\Xcel_Energy_Standards\On-Off-Badge-Training\On-Boarding_Prev 10-26-23\K-P Power"
"000000009598E9A20E04F041B38518182890A2D5010012225CC57BF01F4EA8CCA87A792FF35F0003FBAA9DE20000"	"\Divisions\PD\Line Boise\Xcel_Energy_Standards\On-Off-Badge-Training\VM Connection Issues\Oct 2020 Survey"
"000000009598E9A20E04F041B38518182890A2D50100A3DF33FCC9BD1644BD14FCA330AA97850000255DBDCC0000"	"\Divisions\PD\Line Cincinnati\136263 BALTIMORE GAS & ELECTRIC - REISTERSTOWN RD HPFF"
"000000009598E9A20E04F041B38518182890A2D5010012225CC57BF01F4EA8CCA87A792FF35F00002296EB360000"	"\Divisions\PD\Line Cincinnati\ATC Project Emails"
"000000009598E9A20E04F041B38518182890A2D50100A3DF33FCC9BD1644BD14FCA330AA9785000026F465630000"	"\Divisions\PD\Line Fort Worth\01 CLOSED PROJS - UPLOAD TO PROJECTWISE\124326 - Plainview-Kiser to Cox - CLOSED 2012"
"000000009598E9A20E04F041B38518182890A2D50100A3DF33FCC9BD1644BD14FCA330AA978500001CCFCF100000"	"\Divisions\PD\Line Fort Worth\130872 - XCEL ENERGY - T19 115KV RELOCATION"
"000000009598E9A20E04F041B38518182890A2D50100A3DF33FCC9BD1644BD14FCA330AA97850000220E0B320000"	"\Divisions\PD\Line Fort Worth\136888-Ellerbe-S Shreveport"
"000000009598E9A20E04F041B38518182890A2D50100572FF007A7D6B64CA96E5CFE8E1CC1A4000000105F910000"	"\Divisions\PD\Line Hailey\002_Line Dept Contacts\Oncor"
"000000009598E9A20E04F041B38518182890A2D501001296C725372D7F4B86B758A22EA3141B0000003F57010000"	"\Divisions\PD\Line Hailey\108628-Umbata Falls\Design\ConstructionPowerAndSwitchyard"
"000000009598E9A20E04F041B38518182890A2D501001296C725372D7F4B86B758A22EA3141B000000236ADD0000"	"\Divisions\PD\Line Hailey\108628-Umbata Falls\Public Info"
"000000009598E9A20E04F041B38518182890A2D501001296C725372D7F4B86B758A22EA3141B0000003FFBE60000"	"\Divisions\PD\Line Hailey\109568 - Turlock\South Shore"
"000000009598E9A20E04F041B38518182890A2D501001296C725372D7F4B86B758A22EA3141B0000007BC4830000"	"\Divisions\PD\Line Hailey\111441_NYPA-LiDAR\2008_Emails"
"000000009598E9A20E04F041B38518182890A2D50100572FF007A7D6B64CA96E5CFE8E1CC1A400000060B1320000"	"\Divisions\PD\Line Hailey\122035_Jamul_Line_Feasibility_Study"
"000000009598E9A20E04F041B38518182890A2D50100A3DF33FCC9BD1644BD14FCA330AA97850000172713540000"	"\Divisions\PD\Line Hailey\122443_Clear_Crossing-Willow_Crk_EAST\MRLJ08"
"000000009598E9A20E04F041B38518182890A2D5010012225CC57BF01F4EA8CCA87A792FF35F00031E3004230000"	"\Divisions\PD\Line Hailey\122444_Clear_Crossing_Willow_Crk_WEST\MRCD01\dups"
"000000009598E9A20E04F041B38518182890A2D5010012225CC57BF01F4EA8CCA87A792FF35F00031E3004290000"	"\Divisions\PD\Line Hailey\122444_Clear_Crossing_Willow_Crk_WEST\MRLJ12\dups"
"000000009598E9A20E04F041B38518182890A2D5010012225CC57BF01F4EA8CCA87A792FF35F00031E30042F0000"	"\Divisions\PD\Line Hailey\123262_ALISO_Canyon_Distributors\dups"
"000000009598E9A20E04F041B38518182890A2D5010012225CC57BF01F4EA8CCA87A792FF35F00031E3004350000"	"\Divisions\PD\Line Hailey\124634-Vortex Wind Farm Tap GLP\dups"
"000000009598E9A20E04F041B38518182890A2D50100A3DF33FCC9BD1644BD14FCA330AA9785000017066F4A0000"	"\Divisions\PD\Line Hailey\126521-Eng. Management"
"000000009598E9A20E04F041B38518182890A2D50100A3DF33FCC9BD1644BD14FCA330AA97850000230D635C0000"	"\Divisions\PD\Line Hailey\126873_Oncor_Goldsmith-Goldsmith_South\MRLJ03\dups"
"000000009598E9A20E04F041B38518182890A2D50100A3DF33FCC9BD1644BD14FCA330AA978500001805FF8F0000"	"\Divisions\PD\Line Hailey\127724_CL&P_Stamford_Reliability"
"000000009598E9A20E04F041B38518182890A2D50100A3DF33FCC9BD1644BD14FCA330AA978500001AAF028D0000"	"\Divisions\PD\Line Hailey\127942_Riley-Krum_W-P3_Alvord-Chico"
"000000009598E9A20E04F041B38518182890A2D50100A3DF33FCC9BD1644BD14FCA330AA978500002BA127F60000"	"\Divisions\PD\Line Hailey\128267_Brazos_NERC_Rating_PT 2\dups"
"000000009598E9A20E04F041B38518182890A2D5010012225CC57BF01F4EA8CCA87A792FF35F00031E30045F0000"	"\Divisions\PD\Line Hailey\129045_COE_ALIAMANU_OH_LINE\dups"
"000000009598E9A20E04F041B38518182890A2D50100A3DF33FCC9BD1644BD14FCA330AA978500001A24A2E30000"	"\Divisions\PD\Line Hailey\129547_Parker-Eagle_Mt\MRLJ01"
"000000009598E9A20E04F041B38518182890A2D5010012225CC57BF01F4EA8CCA87A792FF35F00031E3004670000"	"\Divisions\PD\Line Hailey\129567_Temple_Sw-Bell_Cty_E\WA_13T64039\MRLJ05\dups"
"000000009598E9A20E04F041B38518182890A2D50100A3DF33FCC9BD1644BD14FCA330AA978500001D69D5160000"	"\Divisions\PD\Line Hailey\129882_P21 & 22G Relocate_Strs\dups"
"000000009598E9A20E04F041B38518182890A2D5010012225CC57BF01F4EA8CCA87A792FF35F00031E3004710000"	"\Divisions\PD\Line Hailey\130257_Stanton_E-Midland-E\dups"
"000000009598E9A20E04F041B38518182890A2D50100A3DF33FCC9BD1644BD14FCA330AA9785000019F090930000"	"\Divisions\PD\Line Hailey\130636_Barren Ridge"
"000000009598E9A20E04F041B38518182890A2D50100A3DF33FCC9BD1644BD14FCA330AA978500001AA5EAE30000"	"\Divisions\PD\Line Hailey\131296_Fairbanks_Ave"
"000000009598E9A20E04F041B38518182890A2D50100A3DF33FCC9BD1644BD14FCA330AA978500001D69E9230000"	"\Divisions\PD\Line Hailey\131593_WAWA_Transformer_Stand\dups"
"000000009598E9A20E04F041B38518182890A2D50100A3DF33FCC9BD1644BD14FCA330AA978500001B779A470000"	"\Divisions\PD\Line Hailey\131878_Odessa_N-Moss\LJ01"
"000000009598E9A20E04F041B38518182890A2D50100A3DF33FCC9BD1644BD14FCA330AA978500001EC8D5550000"	"\Divisions\PD\Line Hailey\132091_Watson-International"
"000000009598E9A20E04F041B38518182890A2D50100A3DF33FCC9BD1644BD14FCA330AA978500001B8B7F640000"	"\Divisions\PD\Line Hailey\132364-Decordova-study"
"000000009598E9A20E04F041B38518182890A2D50100A3DF33FCC9BD1644BD14FCA330AA978500001DB854970000"	"\Divisions\PD\Line Hailey\133384_Collin-Renner\MRLJ01"
"000000009598E9A20E04F041B38518182890A2D5010012225CC57BF01F4EA8CCA87A792FF35F00031E30048D0000"	"\Divisions\PD\Line Hailey\134295_Fairground_Industrial\dups"
"000000009598E9A20E04F041B38518182890A2D5010012225CC57BF01F4EA8CCA87A792FF35F00008995C8160000"	"\Divisions\PD\Line Hailey\134633_Eagle_Mt-Wagley_Robertson\Issued_Materials_Request"
"000000009598E9A20E04F041B38518182890A2D50100A3DF33FCC9BD1644BD14FCA330AA978500001DE1D4000000"	"\Divisions\PD\Line Hailey\134720_Navo_138 kV_Ckt"
"000000009598E9A20E04F041B38518182890A2D50100A3DF33FCC9BD1644BD14FCA330AA978500001E5A96160000"	"\Divisions\PD\Line Hailey\135127_Hogg_Line_Rebuild"
"000000009598E9A20E04F041B38518182890A2D50100A3DF33FCC9BD1644BD14FCA330AA978500001F17B6F20000"	"\Divisions\PD\Line Hailey\135781_Copper_Mt_35-kV"
"000000009598E9A20E04F041B38518182890A2D50100A3DF33FCC9BD1644BD14FCA330AA97850000258F7D700000"	"\Divisions\PD\Line Hailey\136890_PSLF_MODELING_FOR_NV_PROJECTS"
"000000009598E9A20E04F041B38518182890A2D50100A3DF33FCC9BD1644BD14FCA330AA978500001FD1C1C30000"	"\Divisions\PD\Line Hailey\137384-Transelec Line Design Criteria\Nepal Project Layout 6-26-2019"
"000000009598E9A20E04F041B38518182890A2D5010012225CC57BF01F4EA8CCA87A792FF35F00003F053F640000"	"\Divisions\PD\Line Hailey\137396_Hicks-Elizabeth\MRLJ12"
"000000009598E9A20E04F041B38518182890A2D50100A3DF33FCC9BD1644BD14FCA330AA978500002794C3450000"	"\Divisions\PD\Line Hailey\137449_Mt_Creek-Norwood\MRLJ05"
"000000009598E9A20E04F041B38518182890A2D5010012225CC57BF01F4EA8CCA87A792FF35F00005A4E3FBA0000"	"\Divisions\PD\Line Hailey\137959_Odessa_EHV-Odessa_Reconduct\dups"
"000000009598E9A20E04F041B38518182890A2D5010012225CC57BF01F4EA8CCA87A792FF35F00009C5C345A0000"	"\Divisions\PD\Line Hailey\138156_Venus-Cedar_Hill\MRGWC1\Transfer_Item_500385"
"000000009598E9A20E04F041B38518182890A2D50100A3DF33FCC9BD1644BD14FCA330AA97850000265D910A0000"	"\Divisions\PD\Line Hailey\138218_Means-Fullerton_69kV_RBLD\WA_15T63086\MRLJ04"
"000000009598E9A20E04F041B38518182890A2D50100A3DF33FCC9BD1644BD14FCA330AA978500002278CB970000"	"\Divisions\PD\Line Hailey\138376_SMU_138_kV_UG"
"000000009598E9A20E04F041B38518182890A2D50100A3DF33FCC9BD1644BD14FCA330AA978500002BC04A130000"	"\Divisions\PD\Line Hailey\138504_Holt_SW-N_Andrews\WA_15T63114\MRLJ08"
"000000009598E9A20E04F041B38518182890A2D50100A3DF33FCC9BD1644BD14FCA330AA97850000233C0C4B0000"	"\Divisions\PD\Line Hailey\138778_Priddy_Wind_Generation"
"000000009598E9A20E04F041B38518182890A2D50100A3DF33FCC9BD1644BD14FCA330AA9785000023D2172C0000"	"\Divisions\PD\Line Hailey\139094_2015_GIR_Process_Support"
"000000009598E9A20E04F041B38518182890A2D5010012225CC57BF01F4EA8CCA87A792FF35F0000E19463FC0000"	"\Divisions\PD\Line Hailey\139108_Cedar_Crest-Dealey\MRLJ02"
"000000009598E9A20E04F041B38518182890A2D50100A3DF33FCC9BD1644BD14FCA330AA9785000025CECDF50000"	"\Divisions\PD\Line Hailey\139292_Lamesa-Dawson-Denver\Warehouse"
"000000009598E9A20E04F041B38518182890A2D50100A3DF33FCC9BD1644BD14FCA330AA97850000254B882D0000"	"\Divisions\PD\Line Hailey\139552_HPFF_IMPROVE_LINE_1792"
"000000009598E9A20E04F041B38518182890A2D50100A3DF33FCC9BD1644BD14FCA330AA9785000025AA15990000"	"\Divisions\PD\Line Hailey\140026_500_kV_Compact_Str"
"000000009598E9A20E04F041B38518182890A2D5010012225CC57BF01F4EA8CCA87A792FF35F000159C2D9AE0000"	"\Divisions\PD\Line Hailey\140635_CENIZO-NO EDIN TCC\dups"
"000000009598E9A20E04F041B38518182890A2D5010012225CC57BF01F4EA8CCA87A792FF35F0000264655120000"	"\Divisions\PD\Line Hailey\141112_Venus Sw Sta - Midlothian\MRLJ04"
"000000009598E9A20E04F041B38518182890A2D5010012225CC57BF01F4EA8CCA87A792FF35F000291F4A5640000"	"\Divisions\PD\Line Hailey\141183_CROWN RD - NORWOOD SW STA \MRLJ09"
"000000009598E9A20E04F041B38518182890A2D5010012225CC57BF01F4EA8CCA87A792FF35F000195EDECB80000"	"\Divisions\PD\Line Hailey\141185_Northaven-Preston Rd North\MRLJ05"
"000000009598E9A20E04F041B38518182890A2D5010012225CC57BF01F4EA8CCA87A792FF35F00021326B4590000"	"\Divisions\PD\Line Hailey\141306_Lake_Wichita_Sw_Sta-Wichita_Falls\SPLITTING PROJECT EMAILS"
"000000009598E9A20E04F041B38518182890A2D5010012225CC57BF01F4EA8CCA87A792FF35F00001ACFFD390000"	"\Divisions\PD\Line Hailey\141436_Norwood-Amelia"
"000000009598E9A20E04F041B38518182890A2D5010012225CC57BF01F4EA8CCA87A792FF35F00008C3235DA0000"	"\Divisions\PD\Line Hailey\141457_Pflugerville-Gilleland\MRLJ05"
"000000009598E9A20E04F041B38518182890A2D5010012225CC57BF01F4EA8CCA87A792FF35F00002D5DDDCD0000"	"\Divisions\PD\Line Hailey\141658_Holt_N_Andrews-Midland_Farms\17T63023"
"000000009598E9A20E04F041B38518182890A2D5010012225CC57BF01F4EA8CCA87A792FF35F000162F5FFDB0000"	"\Divisions\PD\Line Hailey\141659_Holt - Andrews N-Andrews Cty S\WA 16T63098\MRLJ07"
"000000009598E9A20E04F041B38518182890A2D5010012225CC57BF01F4EA8CCA87A792FF35F00017739378B0000"	"\Divisions\PD\Line Hailey\141803_Wedgewood Sw Sta-Forest Hill Sta\MLRLJ06"
"000000009598E9A20E04F041B38518182890A2D5010012225CC57BF01F4EA8CCA87A792FF35F00003B473D2E0000"	"\Divisions\PD\Line Hailey\142200_P21G_Line_Str_Analysis\141992_P21G_Line_Str_Analysis"
"000000009598E9A20E04F041B38518182890A2D5010012225CC57BF01F4EA8CCA87A792FF35F00008A740C9B0000"	"\Divisions\PD\Line Hailey\142858_PERMIAN BASIN-WICKETT: YUCCA"
"000000009598E9A20E04F041B38518182890A2D5010012225CC57BF01F4EA8CCA87A792FF35F0000AED689B80000"	"\Divisions\PD\Line Hailey\142861_PERMIAN BASIN-WINK: YUCCA\MRLJ02_Steel Poles"
"000000009598E9A20E04F041B38518182890A2D5010012225CC57BF01F4EA8CCA87A792FF35F0001681505A80000"	"\Divisions\PD\Line Hailey\142863_PERMIAN BASIN - WINK (WEST): WOLF\MRLJ04"
"000000009598E9A20E04F041B38518182890A2D5010012225CC57BF01F4EA8CCA87A792FF35F00005A941E1A0000"	"\Divisions\PD\Line Hailey\143203_John_Day_Tie-in\MRLJ01"
"000000009598E9A20E04F041B38518182890A2D5010012225CC57BF01F4EA8CCA87A792FF35F00021D59BD460000"	"\Divisions\PD\Line Hailey\143469_Carrollton_NW-Crown Rd\MRLJ09"
"000000009598E9A20E04F041B38518182890A2D5010012225CC57BF01F4EA8CCA87A792FF35F000024B362AE0000"	"\Divisions\PD\Line Hailey\143834_Smart_Wires_Support"
"000000009598E9A20E04F041B38518182890A2D5010012225CC57BF01F4EA8CCA87A792FF35F00028CB795A50000"	"\Divisions\PD\Line Hailey\143834_Smart_Wires_Support\TX_RF"
"000000009598E9A20E04F041B38518182890A2D5010012225CC57BF01F4EA8CCA87A792FF35F0002155D68FB0000"	"\Divisions\PD\Line Hailey\143961_Tricorner_SEAGOVILLE-TRICORNER\MRBB07"
"000000009598E9A20E04F041B38518182890A2D5010012225CC57BF01F4EA8CCA87A792FF35F0000CDE323C20000"	"\Divisions\PD\Line Hailey\144304_Sterrett Sw. Sta\MRLJ01"
"000000009598E9A20E04F041B38518182890A2D5010012225CC57BF01F4EA8CCA87A792FF35F00006291C9830000"	"\Divisions\PD\Line Hailey\144455_Trinidad-Winkler\MRLJ03_Steel_Pole_Order-NEW"
"000000009598E9A20E04F041B38518182890A2D5010012225CC57BF01F4EA8CCA87A792FF35F00006D5E2C990000"	"\Divisions\PD\Line Hailey\144474_Payne-Collin_Westbridge-Sub\MRLJ02_Poles"
"000000009598E9A20E04F041B38518182890A2D5010012225CC57BF01F4EA8CCA87A792FF35F00007E79C05A0000"	"\Divisions\PD\Line Hailey\144796_Oncor_2017_T-Line_Eng_Supp"
"000000009598E9A20E04F041B38518182890A2D5010012225CC57BF01F4EA8CCA87A792FF35F0001981E49090000"	"\Divisions\PD\Line Hailey\145251_Watermill Sw Sta-Camp Wisdom Rd\MRJM_Jackie McGhee"
"000000009598E9A20E04F041B38518182890A2D5010012225CC57BF01F4EA8CCA87A792FF35F0001155FA6110000"	"\Divisions\PD\Line Hailey\145469_Yucca Dr - AEP Barilla Jct\17T63048\MRLJ05"
"000000009598E9A20E04F041B38518182890A2D5010012225CC57BF01F4EA8CCA87A792FF35F0000ED289A490000"	"\Divisions\PD\Line Hailey\145544_Cedar_Crest-Industrial_Wall_St"
"000000009598E9A20E04F041B38518182890A2D5010012225CC57BF01F4EA8CCA87A792FF35F00017F74DCA90000"	"\Divisions\PD\Line Hailey\145576_P21G_2017_RPL_STRCTR_DES\dups"
"000000009598E9A20E04F041B38518182890A2D5010012225CC57BF01F4EA8CCA87A792FF35F00009C5C34560000"	"\Divisions\PD\Line Hailey\145750_CTT_Gray-Tesla_Storm"
"000000009598E9A20E04F041B38518182890A2D5010012225CC57BF01F4EA8CCA87A792FF35F000275869E2B0000"	"\Divisions\PD\Line Hailey\145911_Northaven Lines\16T65186_Northaven-Preston\MRLJ10"
"000000009598E9A20E04F041B38518182890A2D5010012225CC57BF01F4EA8CCA87A792FF35F0000BEBBD4960000"	"\Divisions\PD\Line Hailey\146495_ZORN-MARION 345-kV_T-LN"
"000000009598E9A20E04F041B38518182890A2D5010012225CC57BF01F4EA8CCA87A792FF35F0002ABF385C40000"	"\Divisions\PD\Line Hailey\146964_T120_KENDALL-HOLLMIG_OPGW\dups"
"000000009598E9A20E04F041B38518182890A2D5010012225CC57BF01F4EA8CCA87A792FF35F000108855F110000"	"\Divisions\PD\Line Hailey\148181_Lamifil_Sag-Ten Analysis\Analysis and Training"
"000000009598E9A20E04F041B38518182890A2D5010012225CC57BF01F4EA8CCA87A792FF35F0002793A45EF0000"	"\Divisions\PD\Line Hailey\148326_Cedar Crest-Wall St\OPT 3269"
"000000009598E9A20E04F041B38518182890A2D5010012225CC57BF01F4EA8CCA87A792FF35F00013CB5CA1D0000"	"\Divisions\PD\Line Hailey\149162_Arco-Krugerville Ph-1"
"000000009598E9A20E04F041B38518182890A2D5010012225CC57BF01F4EA8CCA87A792FF35F00022D980B650000"	"\Divisions\PD\Line Hailey\149493_34.5KV SUBMARINE CABLES\dups"
"000000009598E9A20E04F041B38518182890A2D5010012225CC57BF01F4EA8CCA87A792FF35F0001F9373BFB0000"	"\Divisions\PD\Line Hailey\151641_General Motors-International Airport\MRLJ03"
"000000009598E9A20E04F041B38518182890A2D5010012225CC57BF01F4EA8CCA87A792FF35F00029BE532830000"	"\Divisions\PD\Line Hailey\151644_TYLER-TYLER WEST 69kV\MRLJ06"
"000000009598E9A20E04F041B38518182890A2D5010012225CC57BF01F4EA8CCA87A792FF35F00036265AAA10000"	"\Divisions\PD\Line Hailey\151824_LON HIL ORNG GRV A14072005\Dups"
"000000009598E9A20E04F041B38518182890A2D5010012225CC57BF01F4EA8CCA87A792FF35F0001B748E73F0000"	"\Divisions\PD\Line Hailey\152876_RETERM WICHITA FALLS-LK WICH"
"000000009598E9A20E04F041B38518182890A2D5010012225CC57BF01F4EA8CCA87A792FF35F000322D078670000"	"\Divisions\PD\Line Hailey\153087_T582 ELRY-WLF LN OPGW ADD\dups"
"000000009598E9A20E04F041B38518182890A2D5010012225CC57BF01F4EA8CCA87A792FF35F00022A5F1C5D0000"	"\Divisions\PD\Line Hailey\153696_Kemp Ranch Sw-Genus #1\MRLJ03_Steel Pole"
"000000009598E9A20E04F041B38518182890A2D5010012225CC57BF01F4EA8CCA87A792FF35F0001E5D586BC0000"	"\Divisions\PD\Line Hailey\153701_CAUSEWAY-SUNCHSE A16002193"
"000000009598E9A20E04F041B38518182890A2D5010012225CC57BF01F4EA8CCA87A792FF35F0002DA9E39EE0000"	"\Divisions\PD\Line Hailey\153758_HICKS SW.-DEEN SW\Material Tracking_LJ\MRLJ04_Hardware"
"000000009598E9A20E04F041B38518182890A2D5010012225CC57BF01F4EA8CCA87A792FF35F0002DA9E3A0A0000"	"\Divisions\PD\Line Hailey\153760_N. MAIN SW.-DEEN SW\Material Tracking_LJ\MRLJ04_Hardware"
"000000009598E9A20E04F041B38518182890A2D5010012225CC57BF01F4EA8CCA87A792FF35F00037F0314A70000"	"\Divisions\PD\Line Hailey\154677_Wolf Sw-Riverton-SEE PROWISE\MRTW-Arcosa_TWR Order 04-09-20"
"000000009598E9A20E04F041B38518182890A2D5010012225CC57BF01F4EA8CCA87A792FF35F00032C7165F50000"	"\Divisions\PD\Line Hailey\154678_Odessa EHV Sw-Wolf Sw\MRLJ09_Steel Pole Order"
"000000009598E9A20E04F041B38518182890A2D5010012225CC57BF01F4EA8CCA87A792FF35F000297759EAF0000"	"\Divisions\PD\Line Hailey\154683_Odessa EHV Sw-Moss"
"000000009598E9A20E04F041B38518182890A2D5010012225CC57BF01F4EA8CCA87A792FF35F000225419F890000"	"\Divisions\PD\Line Hailey\154974_HIGHPOINT-HAPPY HILLS SW"
"000000009598E9A20E04F041B38518182890A2D5010012225CC57BF01F4EA8CCA87A792FF35F000344F1EA820000"	"\Divisions\PD\Line Hailey\155311_Owl Hills Sw-Tunstill POD Sta\MRLJ12"
"000000009598E9A20E04F041B38518182890A2D5010012225CC57BF01F4EA8CCA87A792FF35F000264BC6ED90000"	"\Divisions\PD\Line Hailey\156306_TL CL & LIDAR VER 2019"
"000000009598E9A20E04F041B38518182890A2D5010012225CC57BF01F4EA8CCA87A792FF35F0002FDF7BA010000"	"\Divisions\PD\Line Hailey\156541_LAKE CRK SW-WACO EAST SW\MRLJ01_Sabre-FWT Pole Order"
"000000009598E9A20E04F041B38518182890A2D5010012225CC57BF01F4EA8CCA87A792FF35F000297759EFB0000"	"\Divisions\PD\Line Hailey\157906_TI-SCHROEDER XLPE WEST CIRCUIT"
"000000009598E9A20E04F041B38518182890A2D5010012225CC57BF01F4EA8CCA87A792FF35F0002B4A0BD780000"	"\Divisions\PD\Line Hailey\158704_MIAMI SUB PUMPING PLANT"
"000000009598E9A20E04F041B38518182890A2D5010012225CC57BF01F4EA8CCA87A792FF35F0002FDF7B9FF0000"	"\Divisions\PD\Line Hailey\159436_ALPHA RD-KNOLL TRAIL\MRLJ06_SABRE REVISED POLE ORDER"
"000000009598E9A20E04F041B38518182890A2D5010012225CC57BF01F4EA8CCA87A792FF35F0003556CAB4A0000"	"\Divisions\PD\Line Hailey\162738"
"000000009598E9A20E04F041B38518182890A2D50100E34BFE500669CD49AC2E27C6C54DE39D00000017FCB00000"	"\Divisions\PD\Line Hailey\Allegheny TrAIL\Hardware 500kv Bundle 2032 MCM ACSR"
"000000009598E9A20E04F041B38518182890A2D501001296C725372D7F4B86B758A22EA3141B0000003877B60000"	"\Divisions\PD\Line Hailey\BD_Efforts\107935-ESB-NG"
"000000009598E9A20E04F041B38518182890A2D50100572FF007A7D6B64CA96E5CFE8E1CC1A400000051199C0000"	"\Divisions\PD\Line Hailey\BD_Efforts\116196_ILM\Meeting_Min"
"000000009598E9A20E04F041B38518182890A2D50100572FF007A7D6B64CA96E5CFE8E1CC1A4000000284FE50000"	"\Divisions\PD\Line Hailey\BD_Efforts\118715-Iberdrola_Juniper Ridge"
"000000009598E9A20E04F041B38518182890A2D50100572FF007A7D6B64CA96E5CFE8E1CC1A40000005119A90000"	"\Divisions\PD\Line Hailey\BD_Efforts\120020-NTL\RFI"
"000000009598E9A20E04F041B38518182890A2D50100572FF007A7D6B64CA96E5CFE8E1CC1A40000005723E10000"	"\Divisions\PD\Line Hailey\BD_Efforts\121481_SolarReserve"
"000000009598E9A20E04F041B38518182890A2D50100A3DF33FCC9BD1644BD14FCA330AA978500002B98ABAA0000"	"\Divisions\PD\Line Hailey\BD_Efforts\AAE\General"
"000000009598E9A20E04F041B38518182890A2D50100A3DF33FCC9BD1644BD14FCA330AA978500001F12A0A60000"	"\Divisions\PD\Line Hailey\BD_Efforts\AECOM\General"
"000000009598E9A20E04F041B38518182890A2D50100A3DF33FCC9BD1644BD14FCA330AA978500001AAA93140000"	"\Divisions\PD\Line Hailey\BD_Efforts\AEP\Highland Substation"
"000000009598E9A20E04F041B38518182890A2D50100A3DF33FCC9BD1644BD14FCA330AA97850000176CBEDA0000"	"\Divisions\PD\Line Hailey\BD_Efforts\Algoma\McKay Trestle"
"000000009598E9A20E04F041B38518182890A2D50100A3DF33FCC9BD1644BD14FCA330AA97850000219773C50000"	"\Divisions\PD\Line Hailey\BD_Efforts\Allteck\General"
"000000009598E9A20E04F041B38518182890A2D5010012225CC57BF01F4EA8CCA87A792FF35F00011D8C7A710000"	"\Divisions\PD\Line Hailey\BD_Efforts\Anbaric\2017"
"000000009598E9A20E04F041B38518182890A2D50100A3DF33FCC9BD1644BD14FCA330AA9785000021277FE80000"	"\Divisions\PD\Line Hailey\BD_Efforts\ARB\2015"
"000000009598E9A20E04F041B38518182890A2D5010012225CC57BF01F4EA8CCA87A792FF35F0000A9E96D980000"	"\Divisions\PD\Line Hailey\BD_Efforts\ATCO\General"
"000000009598E9A20E04F041B38518182890A2D5010012225CC57BF01F4EA8CCA87A792FF35F0000F386584D0000"	"\Divisions\PD\Line Hailey\BD_Efforts\BC Hydro\2012"
"000000009598E9A20E04F041B38518182890A2D5010012225CC57BF01F4EA8CCA87A792FF35F0000EEC969270000"	"\Divisions\PD\Line Hailey\BD_Efforts\BHER\2017\Walnut Ridge"
"000000009598E9A20E04F041B38518182890A2D5010012225CC57BF01F4EA8CCA87A792FF35F0001C58B8BF00000"	"\Divisions\PD\Line Hailey\BD_Efforts\Black Hills Power\2018\Holly Frontier 115 kV"
"000000009598E9A20E04F041B38518182890A2D50100A3DF33FCC9BD1644BD14FCA330AA978500001A5104C50000"	"\Divisions\PD\Line Hailey\BD_Efforts\brazos-hackberry"
"000000009598E9A20E04F041B38518182890A2D5010012225CC57BF01F4EA8CCA87A792FF35F0000B7D8B1E50000"	"\Divisions\PD\Line Hailey\BD_Efforts\Brookfield Renewable\2017\Long Span ACCC"
"000000009598E9A20E04F041B38518182890A2D5010012225CC57BF01F4EA8CCA87A792FF35F000114281C4D0000"	"\Divisions\PD\Line Hailey\BD_Efforts\CEATI\2017\Power System Planning_Operations"
"000000009598E9A20E04F041B38518182890A2D501001953B16A689BCD4AA8FC82955DB27CB1000000002E6D0000"	"\Divisions\PD\Line Hailey\BD_Efforts\Champlin Wind"
"000000009598E9A20E04F041B38518182890A2D5010012225CC57BF01F4EA8CCA87A792FF35F0001681505B40000"	"\Divisions\PD\Line Hailey\BD_Efforts\Chugach\2018\Quartz Creek 115kV"
"000000009598E9A20E04F041B38518182890A2D50100A3DF33FCC9BD1644BD14FCA330AA9785000028493D580000"	"\Divisions\PD\Line Hailey\BD_Efforts\Clean Line"
"000000009598E9A20E04F041B38518182890A2D50100A3DF33FCC9BD1644BD14FCA330AA978500000EC11ED10000"	"\Divisions\PD\Line Hailey\BD_Efforts\Coos Curry Electric Coop"
"000000009598E9A20E04F041B38518182890A2D5010012225CC57BF01F4EA8CCA87A792FF35F00000574801F0000"	"\Divisions\PD\Line Hailey\BD_Efforts\CTC\General"
"000000009598E9A20E04F041B38518182890A2D501001953B16A689BCD4AA8FC82955DB27CB1000000EA7ACA0000"	"\Divisions\PD\Line Hailey\BD_Efforts\Edison Mission Energy"
"000000009598E9A20E04F041B38518182890A2D50100A3DF33FCC9BD1644BD14FCA330AA978500002ABD21AE0000"	"\Divisions\PD\Line Hailey\BD_Efforts\EKPC"
"000000009598E9A20E04F041B38518182890A2D50100A3DF33FCC9BD1644BD14FCA330AA978500002139C8F00000"	"\Divisions\PD\Line Hailey\BD_Efforts\Enel Green Power\2015"
"000000009598E9A20E04F041B38518182890A2D50100A3DF33FCC9BD1644BD14FCA330AA97850000248501FA0000"	"\Divisions\PD\Line Hailey\BD_Efforts\Entergy\2015"
"000000009598E9A20E04F041B38518182890A2D5010012225CC57BF01F4EA8CCA87A792FF35F000094E26A380000"	"\Divisions\PD\Line Hailey\BD_Efforts\EoN\2017\Stella_WIT Ranch"
"000000009598E9A20E04F041B38518182890A2D50100A3DF33FCC9BD1644BD14FCA330AA978500001D59DD420000"	"\Divisions\PD\Line Hailey\BD_Efforts\Excel\2014\Lightning Design"
"000000009598E9A20E04F041B38518182890A2D50100A3DF33FCC9BD1644BD14FCA330AA978500001CD9CD080000"	"\Divisions\PD\Line Hailey\BD_Efforts\First Solar"
"000000009598E9A20E04F041B38518182890A2D5010012225CC57BF01F4EA8CCA87A792FF35F00009315F52C0000"	"\Divisions\PD\Line Hailey\BD_Efforts\Flatiron\2017"
"000000009598E9A20E04F041B38518182890A2D50100A3DF33FCC9BD1644BD14FCA330AA97850000271E4C310000"	"\Divisions\PD\Line Hailey\BD_Efforts\Freeport McMoran_Morenci\2015"
"000000009598E9A20E04F041B38518182890A2D50100A3DF33FCC9BD1644BD14FCA330AA97850000227B38270000"	"\Divisions\PD\Line Hailey\BD_Efforts\Genalta\2015"
"000000009598E9A20E04F041B38518182890A2D50100A3DF33FCC9BD1644BD14FCA330AA9785000028DC94400000"	"\Divisions\PD\Line Hailey\BD_Efforts\GLP\2009 Projects"
"000000009598E9A20E04F041B38518182890A2D50100A3DF33FCC9BD1644BD14FCA330AA9785000024A65E970000"	"\Divisions\PD\Line Hailey\BD_Efforts\GLP\2015\Algoma_Leaning Poles"
"000000009598E9A20E04F041B38518182890A2D50100A3DF33FCC9BD1644BD14FCA330AA978500002CAC3B860000"	"\Divisions\PD\Line Hailey\BD_Efforts\Goldwind"
"000000009598E9A20E04F041B38518182890A2D5010012225CC57BF01F4EA8CCA87A792FF35F0000B2BA27160000"	"\Divisions\PD\Line Hailey\BD_Efforts\GridLiance\2017\138700_Bob Switchyard and Tline"
"000000009598E9A20E04F041B38518182890A2D5010012225CC57BF01F4EA8CCA87A792FF35F00010D90EA700000"	"\Divisions\PD\Line Hailey\BD_Efforts\Harvest Energy Services\2017\Live Oak Wind_OE"
"000000009598E9A20E04F041B38518182890A2D50100A3DF33FCC9BD1644BD14FCA330AA9785000019A891490000"	"\Divisions\PD\Line Hailey\BD_Efforts\HECLA\Mexico_CFE Interconnect"
"000000009598E9A20E04F041B38518182890A2D50100A3DF33FCC9BD1644BD14FCA330AA9785000025844B680000"	"\Divisions\PD\Line Hailey\BD_Efforts\Hundseth\2015"
"000000009598E9A20E04F041B38518182890A2D50100A3DF33FCC9BD1644BD14FCA330AA978500002AF1D8430000"	"\Divisions\PD\Line Hailey\BD_Efforts\Iberdrola\2016\Twin Buttes ll"
"000000009598E9A20E04F041B38518182890A2D5010012225CC57BF01F4EA8CCA87A792FF35F000347D4518E0000"	"\Divisions\PD\Line Hailey\BD_Efforts\IDB\2020\Uruguay-Argentina"
"000000009598E9A20E04F041B38518182890A2D50100A3DF33FCC9BD1644BD14FCA330AA9785000023D26E530000"	"\Divisions\PD\Line Hailey\BD_Efforts\Infinity Wind\General"
"000000009598E9A20E04F041B38518182890A2D50100F3BCE3A574023B4482F2E427B5A3121800004D87AB1B0000"	"\Divisions\PD\Line Hailey\BD_Efforts\John Chance_Fli-Map\General"
"000000009598E9A20E04F041B38518182890A2D50100A3DF33FCC9BD1644BD14FCA330AA978500002006DD950000"	"\Divisions\PD\Line Hailey\BD_Efforts\Kenny Construction"
"000000009598E9A20E04F041B38518182890A2D50100A3DF33FCC9BD1644BD14FCA330AA9785000022DB388E0000"	"\Divisions\PD\Line Hailey\BD_Efforts\Lamifil\2015\Neyveli 400 kV - Tables"
"000000009598E9A20E04F041B38518182890A2D50100A3DF33FCC9BD1644BD14FCA330AA9785000019BA4F640000"	"\Divisions\PD\Line Hailey\BD_Efforts\LATIN AMERICA"
"000000009598E9A20E04F041B38518182890A2D50100A3DF33FCC9BD1644BD14FCA330AA978500002BDFDFB00000"	"\Divisions\PD\Line Hailey\BD_Efforts\LATIN AMERICA\Central America\Costa Rica\ESPH\01 General"
"000000009598E9A20E04F041B38518182890A2D50100A3DF33FCC9BD1644BD14FCA330AA978500002BC7AA8B0000"	"\Divisions\PD\Line Hailey\BD_Efforts\LATIN AMERICA\Central America\Costa Rica\ICE\2015\Energy storage"
"000000009598E9A20E04F041B38518182890A2D50100A3DF33FCC9BD1644BD14FCA330AA978500002BC7E2930000"	"\Divisions\PD\Line Hailey\BD_Efforts\LATIN AMERICA\Central America\Costa Rica\ICE\2016\Wind study"
"000000009598E9A20E04F041B38518182890A2D5010012225CC57BF01F4EA8CCA87A792FF35F0000AED689BA0000"	"\Divisions\PD\Line Hailey\BD_Efforts\LATIN AMERICA\Central America\Costa Rica\ICE\2017\Wind Study"
"000000009598E9A20E04F041B38518182890A2D50100A3DF33FCC9BD1644BD14FCA330AA978500002BC846210000"	"\Divisions\PD\Line Hailey\BD_Efforts\LATIN AMERICA\Central America\Costa Rica\ICE\Old Projects\2014\New Tower Family"
"000000009598E9A20E04F041B38518182890A2D50100A3DF33FCC9BD1644BD14FCA330AA978500002BC888DD0000"	"\Divisions\PD\Line Hailey\BD_Efforts\LATIN AMERICA\Central America\Costa Rica\ICE\Old Projects\EMF"
"000000009598E9A20E04F041B38518182890A2D50100A3DF33FCC9BD1644BD14FCA330AA978500002BC8DCC40000"	"\Divisions\PD\Line Hailey\BD_Efforts\LATIN AMERICA\Central America\Costa Rica\ICE\Old Projects\Line coordinates"
"000000009598E9A20E04F041B38518182890A2D50100A3DF33FCC9BD1644BD14FCA330AA978500002BC91EE70000"	"\Divisions\PD\Line Hailey\BD_Efforts\LATIN AMERICA\Central America\Costa Rica\ICE\Old Projects\UG"
"000000009598E9A20E04F041B38518182890A2D50100A3DF33FCC9BD1644BD14FCA330AA978500002BC74E780000"	"\Divisions\PD\Line Hailey\BD_Efforts\LATIN AMERICA\Central America\Costa Rica\XPERTEC\Projects"
"000000009598E9A20E04F041B38518182890A2D50100A3DF33FCC9BD1644BD14FCA330AA978500002BC663CE0000"	"\Divisions\PD\Line Hailey\BD_Efforts\LATIN AMERICA\Central America\EPR\2016\LiDAR survey"
"000000009598E9A20E04F041B38518182890A2D5010012225CC57BF01F4EA8CCA87A792FF35F000187FDEF0B0000"	"\Divisions\PD\Line Hailey\BD_Efforts\LATIN AMERICA\Central America\Nicaragua\ENATREL\2018\ACI_Line Rating"
"000000009598E9A20E04F041B38518182890A2D5010012225CC57BF01F4EA8CCA87A792FF35F0001E5319E490000"	"\Divisions\PD\Line Hailey\BD_Efforts\LATIN AMERICA\Central America\Panama\IEB\General"
"000000009598E9A20E04F041B38518182890A2D50100A3DF33FCC9BD1644BD14FCA330AA978500002BC646340000"	"\Divisions\PD\Line Hailey\BD_Efforts\LATIN AMERICA\Chile\Codelco\General"
"000000009598E9A20E04F041B38518182890A2D50100A3DF33FCC9BD1644BD14FCA330AA978500002B7C591E0000"	"\Divisions\PD\Line Hailey\BD_Efforts\LATIN AMERICA\Chile\Transelec\2016\Technical Foundation Review"
"000000009598E9A20E04F041B38518182890A2D5010012225CC57BF01F4EA8CCA87A792FF35F00014E5CAF130000"	"\Divisions\PD\Line Hailey\BD_Efforts\LATIN AMERICA\Colombia\ieb\2017"
"000000009598E9A20E04F041B38518182890A2D50100A3DF33FCC9BD1644BD14FCA330AA978500002BC689C60000"	"\Divisions\PD\Line Hailey\BD_Efforts\LATIN AMERICA\Mexico"
"000000009598E9A20E04F041B38518182890A2D50100A3DF33FCC9BD1644BD14FCA330AA978500002C0A63AD0000"	"\Divisions\PD\Line Hailey\BD_Efforts\LATIN AMERICA\Mexico\IEnova\2016"
"000000009598E9A20E04F041B38518182890A2D501001953B16A689BCD4AA8FC82955DB27CB1000001DBF42A0000"	"\Divisions\PD\Line Hailey\BD_Efforts\LATIN AMERICA\Organizations\CONCAPAN"
"000000009598E9A20E04F041B38518182890A2D50100A3DF33FCC9BD1644BD14FCA330AA9785000019C2F18E0000"	"\Divisions\PD\Line Hailey\BD_Efforts\LCRA"
"000000009598E9A20E04F041B38518182890A2D5010012225CC57BF01F4EA8CCA87A792FF35F0001217308E40000"	"\Divisions\PD\Line Hailey\BD_Efforts\MasTec\2017"
"000000009598E9A20E04F041B38518182890A2D5010012225CC57BF01F4EA8CCA87A792FF35F0001123EBC690000"	"\Divisions\PD\Line Hailey\BD_Efforts\Michels\2017\Stillwater"
"000000009598E9A20E04F041B38518182890A2D50100A3DF33FCC9BD1644BD14FCA330AA978500001B86E07D0000"	"\Divisions\PD\Line Hailey\BD_Efforts\Midas Gold\Stibnite"
"000000009598E9A20E04F041B38518182890A2D50100A3DF33FCC9BD1644BD14FCA330AA978500001B3D78DC0000"	"\Divisions\PD\Line Hailey\BD_Efforts\Mitubishi\SDGE SOCRE"
"000000009598E9A20E04F041B38518182890A2D50100A3DF33FCC9BD1644BD14FCA330AA978500001743A6E20000"	"\Divisions\PD\Line Hailey\BD_Efforts\NextEra\Blythe-Julian Rating"
"000000009598E9A20E04F041B38518182890A2D50100A3DF33FCC9BD1644BD14FCA330AA97850000239CEDCA0000"	"\Divisions\PD\Line Hailey\BD_Efforts\Norden_AVAL\2015\Manitoba Hydro_Material"
"000000009598E9A20E04F041B38518182890A2D50100A3DF33FCC9BD1644BD14FCA330AA978500002BF569350000"	"\Divisions\PD\Line Hailey\BD_Efforts\NTPC_Northwest Territories Power Corp\General"
"000000009598E9A20E04F041B38518182890A2D50100A3DF33FCC9BD1644BD14FCA330AA97850000177735090000"	"\Divisions\PD\Line Hailey\BD_Efforts\NYPA\NYPA-Marcy South OHGW Study"
"000000009598E9A20E04F041B38518182890A2D50100A3DF33FCC9BD1644BD14FCA330AA978500002BE243800000"	"\Divisions\PD\Line Hailey\BD_Efforts\PacifiCorp\2016\Portland Eng for Network"
"000000009598E9A20E04F041B38518182890A2D50100A3DF33FCC9BD1644BD14FCA330AA978500001F05B9AF0000"	"\Divisions\PD\Line Hailey\BD_Efforts\Pattern Energy\2014\Meikle Wind Project"
"000000009598E9A20E04F041B38518182890A2D50100A3DF33FCC9BD1644BD14FCA330AA9785000027C679B00000"	"\Divisions\PD\Line Hailey\BD_Efforts\PGE_Portland General Electric\2015\Carty Solar"
"000000009598E9A20E04F041B38518182890A2D50100572FF007A7D6B64CA96E5CFE8E1CC1A4000000630BBD0000"	"\Divisions\PD\Line Hailey\BD_Efforts\PNMR_Line Rating"
"000000009598E9A20E04F041B38518182890A2D50100A3DF33FCC9BD1644BD14FCA330AA978500001F6CAC670000"	"\Divisions\PD\Line Hailey\BD_Efforts\Powertel\2014"
"000000009598E9A20E04F041B38518182890A2D50100A3DF33FCC9BD1644BD14FCA330AA978500002B6874BB0000"	"\Divisions\PD\Line Hailey\BD_Efforts\PPL\2016"
"000000009598E9A20E04F041B38518182890A2D50100A3DF33FCC9BD1644BD14FCA330AA978500001D5D9BA10000"	"\Divisions\PD\Line Hailey\BD_Efforts\Raft River\2014"
"000000009598E9A20E04F041B38518182890A2D50100A3DF33FCC9BD1644BD14FCA330AA978500002857AA1F0000"	"\Divisions\PD\Line Hailey\BD_Efforts\Regional Power\2016\Long Lake Hydro 138 kV"
"000000009598E9A20E04F041B38518182890A2D50100A3DF33FCC9BD1644BD14FCA330AA97850000198288290000"	"\Divisions\PD\Line Hailey\BD_Efforts\Riverside\Steel Poles"
"000000009598E9A20E04F041B38518182890A2D50100A3DF33FCC9BD1644BD14FCA330AA978500000EBE37FF0000"	"\Divisions\PD\Line Hailey\BD_Efforts\RRG-Renewable Resources Group\Blythe Mesa II Solar Project"
"000000009598E9A20E04F041B38518182890A2D50100A3DF33FCC9BD1644BD14FCA330AA97850000238ADE3C0000"	"\Divisions\PD\Line Hailey\BD_Efforts\RTA-Rio Tinto Alcan"
"000000009598E9A20E04F041B38518182890A2D5010012225CC57BF01F4EA8CCA87A792FF35F0001BFA13D2D0000"	"\Divisions\PD\Line Hailey\BD_Efforts\Salmon River Electric\2018"
"000000009598E9A20E04F041B38518182890A2D5010012225CC57BF01F4EA8CCA87A792FF35F00007754B8960000"	"\Divisions\PD\Line Hailey\BD_Efforts\SaskPower\2017\Distribution Design MSA"
"000000009598E9A20E04F041B38518182890A2D5010012225CC57BF01F4EA8CCA87A792FF35F00007AF1AC8C0000"	"\Divisions\PD\Line Hailey\BD_Efforts\SCE\2017"
"000000009598E9A20E04F041B38518182890A2D501001953B16A689BCD4AA8FC82955DB27CB10000017C59EE0000"	"\Divisions\PD\Line Hailey\BD_Efforts\Seattle City Light"
"000000009598E9A20E04F041B38518182890A2D5010012225CC57BF01F4EA8CCA87A792FF35F000023CCCEE00000"	"\Divisions\PD\Line Hailey\BD_Efforts\Smartwires\2016\Deep Dive Workshop"
"000000009598E9A20E04F041B38518182890A2D50100A3DF33FCC9BD1644BD14FCA330AA9785000022FDF3EC0000"	"\Divisions\PD\Line Hailey\BD_Efforts\Snohomish PUD"
"000000009598E9A20E04F041B38518182890A2D50100A3DF33FCC9BD1644BD14FCA330AA978500002D5EB8F40000"	"\Divisions\PD\Line Hailey\BD_Efforts\Sonnedix\General"
"000000009598E9A20E04F041B38518182890A2D501001953B16A689BCD4AA8FC82955DB27CB10000011FEB660000"	"\Divisions\PD\Line Hailey\BD_Efforts\Surprise Valley"
"000000009598E9A20E04F041B38518182890A2D50100A3DF33FCC9BD1644BD14FCA330AA978500001D709A9D0000"	"\Divisions\PD\Line Hailey\BD_Efforts\TEP-Tucson Electric Power\2014"
"000000009598E9A20E04F041B38518182890A2D50100A3DF33FCC9BD1644BD14FCA330AA978500002ADF34120000"	"\Divisions\PD\Line Hailey\BD_Efforts\Terra_Gen\2016\Sagebrush Reconductor Study"
"000000009598E9A20E04F041B38518182890A2D50100A3DF33FCC9BD1644BD14FCA330AA978500002214F3CC0000"	"\Divisions\PD\Line Hailey\BD_Efforts\Tetra Tech\2015\ICE-Pailas"
"000000009598E9A20E04F041B38518182890A2D5010012225CC57BF01F4EA8CCA87A792FF35F0000EF4E798F0000"	"\Divisions\PD\Line Hailey\BD_Efforts\Transource\146075-SABINE"
"000000009598E9A20E04F041B38518182890A2D50100A3DF33FCC9BD1644BD14FCA330AA978500002A3787C50000"	"\Divisions\PD\Line Hailey\BD_Efforts\US Government"
"000000009598E9A20E04F041B38518182890A2D50100A3DF33FCC9BD1644BD14FCA330AA9785000029E415410000"	"\Divisions\PD\Line Hailey\BD_Efforts\Vattenfall\2016"
"000000009598E9A20E04F041B38518182890A2D50100CB7D9B6512D7374A860FE542D57703920000011B080F0000"	"\Divisions\PD\Line Hailey\BD_Efforts\Vestas\Kouga"
"000000009598E9A20E04F041B38518182890A2D5010012225CC57BF01F4EA8CCA87A792FF35F0000C4975AFF0000"	"\Divisions\PD\Line Hailey\BD_Efforts\Wheeler Electric\2017\Ft Carson"
"000000009598E9A20E04F041B38518182890A2D5010012225CC57BF01F4EA8CCA87A792FF35F0000ADF1F5EE0000"	"\Divisions\PD\Line Hailey\BD_Efforts\WREC_Wells Rural Electric\2017"
"000000009598E9A20E04F041B38518182890A2D50100572FF007A7D6B64CA96E5CFE8E1CC1A4000000105F970000"	"\Divisions\PD\Line Hailey\cigre_correspondence"
"000000009598E9A20E04F041B38518182890A2D50100A3DF33FCC9BD1644BD14FCA330AA978500001DC1DCF80000"	"\Divisions\PD\Line Hailey\CLIENT_STDS_GENERAL\brazos-general\2014-projects"
"000000009598E9A20E04F041B38518182890A2D501001296C725372D7F4B86B758A22EA3141B00000027D2440000"	"\Divisions\PD\Line Hailey\CLIENT_STDS_GENERAL\IPCo-Willis"
"000000009598E9A20E04F041B38518182890A2D50100A3DF33FCC9BD1644BD14FCA330AA9785000019122B8B0000"	"\Divisions\PD\Line Hailey\Distribution Services Project Engineering\Distribution Services Project Engineering"
"000000009598E9A20E04F041B38518182890A2D50100A3DF33FCC9BD1644BD14FCA330AA978500001B1D26B10000"	"\Divisions\PD\Line Hailey\Line Kansas City\122585 PEF-UFC DSCADA PREPARATION"
"000000009598E9A20E04F041B38518182890A2D50100A3DF33FCC9BD1644BD14FCA330AA978500001B1D26DE0000"	"\Divisions\PD\Line Hailey\Line Kansas City\126094 TMPA Denton Loop Phase 1"
"000000009598E9A20E04F041B38518182890A2D50100572FF007A7D6B64CA96E5CFE8E1CC1A400000010C1460000"	"\Divisions\PD\Line Hailey\NRECA_correspondence"
"000000009598E9A20E04F041B38518182890A2D50100A3DF33FCC9BD1644BD14FCA330AA978500001EF65D990000"	"\Divisions\PD\Line Hamilton\133264"
"000000009598E9A20E04F041B38518182890A2D50100A3DF33FCC9BD1644BD14FCA330AA9785000028041DCC0000"	"\Divisions\PD\Line Hamilton\140946"
"000000009598E9A20E04F041B38518182890A2D5010012225CC57BF01F4EA8CCA87A792FF35F0000A8917A9B0000"	"\Divisions\PD\Line Hamilton\145601"
"000000009598E9A20E04F041B38518182890A2D5010012225CC57BF01F4EA8CCA87A792FF35F0001B17040930000"	"\Divisions\PD\Line Hamilton\151814"
"000000009598E9A20E04F041B38518182890A2D50100E34BFE500669CD49AC2E27C6C54DE39D0000000D598E0000"	"\Divisions\PD\Line Houston\00-Closed Projects (remove by 11/09)\111731"
"000000009598E9A20E04F041B38518182890A2D50100E34BFE500669CD49AC2E27C6C54DE39D0000001E368C0000"	"\Divisions\PD\Line Houston\00-Proposals_BD\116119_GE_BGE"
"000000009598E9A20E04F041B38518182890A2D50100E34BFE500669CD49AC2E27C6C54DE39D0000000D59380000"	"\Divisions\PD\Line Houston\107391 Alaskan Way Via Duct\00 NOT UPLOADED TO DMS"
"000000009598E9A20E04F041B38518182890A2D50100E34BFE500669CD49AC2E27C6C54DE39D0000000AFD670000"	"\Divisions\PD\Line Houston\107391 Alaskan Way Via Duct\00 UPLOADED TO DMS or PWC\00 Meeting Minutes\AWV-073"
"000000009598E9A20E04F041B38518182890A2D50100E34BFE500669CD49AC2E27C6C54DE39D0000000D59280000"	"\Divisions\PD\Line Houston\107391 Alaskan Way Via Duct\00 UPLOADED TO DMS or PWC\009-025 thru 009-100\009-036"
"000000009598E9A20E04F041B38518182890A2D50100E34BFE500669CD49AC2E27C6C54DE39D0000000AFD770000"	"\Divisions\PD\Line Houston\107391 Alaskan Way Via Duct\00 UPLOADED TO DMS or PWC\AWV-003 thru AWV-050\AWV-031"
"000000009598E9A20E04F041B38518182890A2D50100E34BFE500669CD49AC2E27C6C54DE39D0000000D59160000"	"\Divisions\PD\Line Houston\107391 Alaskan Way Via Duct\00 UPLOADED TO DMS or PWC\AWV-050 thruy AWV-100\AWV-055"
"000000009598E9A20E04F041B38518182890A2D50100E34BFE500669CD49AC2E27C6C54DE39D0000000AFD6E0000"	"\Divisions\PD\Line Houston\107391 Alaskan Way Via Duct\00 UPLOADED TO DMS or PWC\J_Janspach_So-Deep_04-24-07"
"000000009598E9A20E04F041B38518182890A2D501001953B16A689BCD4AA8FC82955DB27CB1000001699CC90000"	"\Divisions\PD\Line Houston\107391 Alaskan Way Via Duct\Weekly Meeting Notes"
"000000009598E9A20E04F041B38518182890A2D50100A3DF33FCC9BD1644BD14FCA330AA978500001EEA07B60000"	"\Divisions\PD\Line Houston\135492_AEP_Hamlin_WO#"
"000000009598E9A20E04F041B38518182890A2D5010012225CC57BF01F4EA8CCA87A792FF35F00003838BD0B0000"	"\Divisions\PD\Line Houston\143211_Crux_Crux Cleveland"
"000000009598E9A20E04F041B38518182890A2D50100A3DF33FCC9BD1644BD14FCA330AA978500002A5E6CB10000"	"\Divisions\PD\Line Kansas City\139730 Entergy LA LNG\UG"
"000000009598E9A20E04F041B38518182890A2D50100A3DF33FCC9BD1644BD14FCA330AA978500001A38545E0000"	"\Divisions\PD\Line Orlando\130883-FPL-DUVLUC 138kV T8914"
"000000009598E9A20E04F041B38518182890A2D50100A3DF33FCC9BD1644BD14FCA330AA978500001D50F5B10000"	"\Divisions\PD\Line Orlando\133623-FPL-CELL TOWER ENG SVC GRP 3"
"000000009598E9A20E04F041B38518182890A2D50100A3DF33FCC9BD1644BD14FCA330AA978500001F8C6FA10000"	"\Divisions\PD\Line Orlando\136074-FPL-T12603 RED ROAD"
"000000009598E9A20E04F041B38518182890A2D50100A3DF33FCC9BD1644BD14FCA330AA978500002417073A0000"	"\Divisions\PD\Line Orlando\139289-OUC TRANSMISSION LINE RATING"
"000000009598E9A20E04F041B38518182890A2D50100A3DF33FCC9BD1644BD14FCA330AA978500002A09CF200000"	"\Divisions\PD\Line Orlando\141654-FPL-STR 127A15 FL CITY-PRINCET"
"000000009598E9A20E04F041B38518182890A2D5010012225CC57BF01F4EA8CCA87A792FF35F000031F2B1710000"	"\Divisions\PD\Line Orlando\144015-FPL-STR 140A11 GARDEN POLE"
"000000009598E9A20E04F041B38518182890A2D50100A3DF33FCC9BD1644BD14FCA330AA97850000174F43B00000"	"\Divisions\PD\Line Portland\126036 - W Levee-800/900 OPTGW "
"000000009598E9A20E04F041B38518182890A2D50100A3DF33FCC9BD1644BD14FCA330AA978500001D14A8950000"	"\Divisions\PD\Line Portland\133454 - OLNG Driscoll Clatsop"
"000000009598E9A20E04F041B38518182890A2D5010012225CC57BF01F4EA8CCA87A792FF35F000137132EB90000"	"\Divisions\PD\Line Portland\139155 - OKPUD TLine Support\dups"
"000000009598E9A20E04F041B38518182890A2D5010012225CC57BF01F4EA8CCA87A792FF35F0000374340530000"	"\Divisions\PD\Line Portland\144092 - MP Dog Lake Found"
"000000009598E9A20E04F041B38518182890A2D5010012225CC57BF01F4EA8CCA87A792FF35F0001393A84830000"	"\Divisions\PD\Line Portland\149217 - MP Nemadji TLine"
"000000009598E9A20E04F041B38518182890A2D5010012225CC57BF01F4EA8CCA87A792FF35F000291F4A55A0000"	"\Divisions\PD\Line Portland\157687 - PGE Hillsboro"
"000000009598E9A20E04F041B38518182890A2D50100A3DF33FCC9BD1644BD14FCA330AA97850000185EC6530000"	"\Divisions\PD\Line San Diego\128484 SDGE Comp Files"
"000000009598E9A20E04F041B38518182890A2D5010012225CC57BF01F4EA8CCA87A792FF35F0000D7BBE2AF0000"	"\Divisions\PD\Line San Diego\146858 - HECO Na Pua Makani"
"000000009598E9A20E04F041B38518182890A2D501006C95E27D1ACA634AA1AADC20796388DD0000007BA5B60000"	"\Divisions\PD\Line St. Louis\Dept17_TR_Team"
"000000009598E9A20E04F041B38518182890A2D5010012225CC57BF01F4EA8CCA87A792FF35F000087570E640000"	"\Divisions\PD\Line Syracuse\_PPL HOLD\145229 PPL - B44923 SEG 12A JENKINS CTG"
"000000009598E9A20E04F041B38518182890A2D5010012225CC57BF01F4EA8CCA87A792FF35F0002DE82E6D00000"	"\Divisions\PD\MPD\Trade Shows\2019 Trade Shows\SPI"
"000000009598E9A20E04F041B38518182890A2D50100572FF007A7D6B64CA96E5CFE8E1CC1A40000001647750000"	"\Divisions\PD\North Attleboro Project Site\AIR's\Closed AIR's\0040"
"000000009598E9A20E04F041B38518182890A2D50100572FF007A7D6B64CA96E5CFE8E1CC1A400000012925E0000"	"\Divisions\PD\North Attleboro Project Site\AIR's\Open AIR's\0064"
"000000009598E9A20E04F041B38518182890A2D50100A3DF33FCC9BD1644BD14FCA330AA978500001CD077C60000"	"\Divisions\PD\North Attleboro Project Site\Line Syracuse"
"000000009598E9A20E04F041B38518182890A2D50100572FF007A7D6B64CA96E5CFE8E1CC1A40000001292670000"	"\Divisions\PD\North Attleboro Project Site\Projects\113513-Sherman Rd SS 345kV EQ Upgr"
"000000009598E9A20E04F041B38518182890A2D50100572FF007A7D6B64CA96E5CFE8E1CC1A40000001292640000"	"\Divisions\PD\North Attleboro Project Site\Projects\113520-New 345kV Line Milbury-WFarnum"
"000000009598E9A20E04F041B38518182890A2D501001953B16A689BCD4AA8FC82955DB27CB1000000CE973E0000"	"\Divisions\PD\North Attleboro Project Site\Projects\123589 - Riverside Relay Upgrades"
"000000009598E9A20E04F041B38518182890A2D5010012225CC57BF01F4EA8CCA87A792FF35F0001735EB9760000"	"\Divisions\PD\North Attleboro Project Site\SEMA RI"
"000000009598E9A20E04F041B38518182890A2D5010012225CC57BF01F4EA8CCA87A792FF35F000187FDEF110000"	"\Divisions\PD\PCI Portland"
"000000009598E9A20E04F041B38518182890A2D50100A3DF33FCC9BD1644BD14FCA330AA978500001C9775610000"	"\Divisions\PD\PCI Sacramento\00-DMS Upload\Ameren - NERC Program\Materials"
"000000009598E9A20E04F041B38518182890A2D50100E34BFE500669CD49AC2E27C6C54DE39D0000003499310000"	"\Divisions\PD\PCI Sacramento\113521-New 345kV Line W.Farnum-RI/CT"
"000000009598E9A20E04F041B38518182890A2D50100A3DF33FCC9BD1644BD14FCA330AA978500000E8625870000"	"\Divisions\PD\PCI Sacramento\117291 NPPD345KV AXTELL-KANSAS LINE\Axtell-Kansas\Material"
"000000009598E9A20E04F041B38518182890A2D501001953B16A689BCD4AA8FC82955DB27CB1000001C68B710000"	"\Divisions\PD\PCI Sacramento\121690 ON Line Project\All Inspector Reports\3-Pole & H Frame"
"000000009598E9A20E04F041B38518182890A2D501001953B16A689BCD4AA8FC82955DB27CB1000001EA0D000000"	"\Divisions\PD\PCI Sacramento\121690 ON Line Project\All Inspector Reports\Guy V Structure Wind Damage Report"
"000000009598E9A20E04F041B38518182890A2D501001953B16A689BCD4AA8FC82955DB27CB1000001CEC6590000"	"\Divisions\PD\PCI Sacramento\121690 ON Line Project\All Inspector Reports\Safety/Incident Reports"
"000000009598E9A20E04F041B38518182890A2D501001953B16A689BCD4AA8FC82955DB27CB1000001CEC63E0000"	"\Divisions\PD\PCI Sacramento\121690 ON Line Project\All Inspector Reports\Substation Weekly"
"000000009598E9A20E04F041B38518182890A2D50100A3DF33FCC9BD1644BD14FCA330AA9785000016D8DEA90000"	"\Divisions\PD\PCI Sacramento\126452 SAGEBRUSH H-FRAME INSET"
"000000009598E9A20E04F041B38518182890A2D50100A3DF33FCC9BD1644BD14FCA330AA978500001B4AB7160000"	"\Divisions\PD\PCI Sacramento\132085 E.HALL PLAINVILLE SUBST UPGR"
"000000009598E9A20E04F041B38518182890A2D50100A3DF33FCC9BD1644BD14FCA330AA978500001C97726E0000"	"\Divisions\PD\PCI Sacramento\132259 MO Program Management\001\Scope"
"000000009598E9A20E04F041B38518182890A2D50100A3DF33FCC9BD1644BD14FCA330AA978500001C9772B80000"	"\Divisions\PD\PCI Sacramento\132259 MO Program Management\002\TRANSMITTALS"
"000000009598E9A20E04F041B38518182890A2D50100A3DF33FCC9BD1644BD14FCA330AA978500001C9773880000"	"\Divisions\PD\PCI Sacramento\132259 MO Program Management\010"
"000000009598E9A20E04F041B38518182890A2D50100A3DF33FCC9BD1644BD14FCA330AA978500001C9773FF0000"	"\Divisions\PD\PCI Sacramento\132259 MO Program Management\011\Engineering"
"000000009598E9A20E04F041B38518182890A2D50100A3DF33FCC9BD1644BD14FCA330AA978500001C9774470000"	"\Divisions\PD\PCI Sacramento\132259 MO Program Management\012\Engineering Inspection"
"000000009598E9A20E04F041B38518182890A2D50100A3DF33FCC9BD1644BD14FCA330AA978500001C9774940000"	"\Divisions\PD\PCI Sacramento\132259 MO Program Management\030\Environmental"
"000000009598E9A20E04F041B38518182890A2D50100A3DF33FCC9BD1644BD14FCA330AA978500001C9772E40000"	"\Divisions\PD\PCI Sacramento\132259 MO Program Management\040\Financial"
"000000009598E9A20E04F041B38518182890A2D50100A3DF33FCC9BD1644BD14FCA330AA978500001C9773140000"	"\Divisions\PD\PCI Sacramento\132259 MO Program Management\060\Materials"
"000000009598E9A20E04F041B38518182890A2D50100A3DF33FCC9BD1644BD14FCA330AA978500001C9773430000"	"\Divisions\PD\PCI Sacramento\132259 MO Program Management\080\Meeting Items"
"000000009598E9A20E04F041B38518182890A2D50100A3DF33FCC9BD1644BD14FCA330AA978500001C9773720000"	"\Divisions\PD\PCI Sacramento\132259 MO Program Management\090\Misc"
"000000009598E9A20E04F041B38518182890A2D50100A3DF33FCC9BD1644BD14FCA330AA978500001C976A2B0000"	"\Divisions\PD\PCI Sacramento\132260 IL Program Management Support\001\Misc"
"000000009598E9A20E04F041B38518182890A2D50100A3DF33FCC9BD1644BD14FCA330AA978500001C976A780000"	"\Divisions\PD\PCI Sacramento\132260 IL Program Management Support\002\Real Estate"
"000000009598E9A20E04F041B38518182890A2D50100A3DF33FCC9BD1644BD14FCA330AA978500001C9769E50000"	"\Divisions\PD\PCI Sacramento\132260 IL Program Management Support\003\RFIs"
"000000009598E9A20E04F041B38518182890A2D50100A3DF33FCC9BD1644BD14FCA330AA978500001C976AAB0000"	"\Divisions\PD\PCI Sacramento\132260 IL Program Management Support\004\Safety"
"000000009598E9A20E04F041B38518182890A2D50100A3DF33FCC9BD1644BD14FCA330AA978500001C976ADB0000"	"\Divisions\PD\PCI Sacramento\132260 IL Program Management Support\005\Schedule"
"000000009598E9A20E04F041B38518182890A2D50100A3DF33FCC9BD1644BD14FCA330AA978500001C976B0A0000"	"\Divisions\PD\PCI Sacramento\132260 IL Program Management Support\006\Scope"
"000000009598E9A20E04F041B38518182890A2D50100A3DF33FCC9BD1644BD14FCA330AA978500001C976B3A0000"	"\Divisions\PD\PCI Sacramento\132260 IL Program Management Support\007\TRANSMITTALS"
"000000009598E9A20E04F041B38518182890A2D50100A3DF33FCC9BD1644BD14FCA330AA978500001C976BE50000"	"\Divisions\PD\PCI Sacramento\132260 IL Program Management Support\009"
"000000009598E9A20E04F041B38518182890A2D50100A3DF33FCC9BD1644BD14FCA330AA978500001C976C150000"	"\Divisions\PD\PCI Sacramento\132260 IL Program Management Support\010\Engineering"
"000000009598E9A20E04F041B38518182890A2D50100A3DF33FCC9BD1644BD14FCA330AA978500001C976C440000"	"\Divisions\PD\PCI Sacramento\132260 IL Program Management Support\011\Engineering Inspection"
"000000009598E9A20E04F041B38518182890A2D50100A3DF33FCC9BD1644BD14FCA330AA978500001C976C730000"	"\Divisions\PD\PCI Sacramento\132260 IL Program Management Support\012\Environmental"
"000000009598E9A20E04F041B38518182890A2D50100A3DF33FCC9BD1644BD14FCA330AA978500001C976CA30000"	"\Divisions\PD\PCI Sacramento\132260 IL Program Management Support\013\Financial"
"000000009598E9A20E04F041B38518182890A2D50100A3DF33FCC9BD1644BD14FCA330AA978500001C976CD20000"	"\Divisions\PD\PCI Sacramento\132260 IL Program Management Support\014\Materials"
"000000009598E9A20E04F041B38518182890A2D50100A3DF33FCC9BD1644BD14FCA330AA978500001C976D020000"	"\Divisions\PD\PCI Sacramento\132260 IL Program Management Support\015\Meeting Items"
"000000009598E9A20E04F041B38518182890A2D50100A3DF33FCC9BD1644BD14FCA330AA978500001C976D320000"	"\Divisions\PD\PCI Sacramento\132260 IL Program Management Support\016\Misc"
"000000009598E9A20E04F041B38518182890A2D50100A3DF33FCC9BD1644BD14FCA330AA978500001C976D640000"	"\Divisions\PD\PCI Sacramento\132260 IL Program Management Support\017\Real Estate"
"000000009598E9A20E04F041B38518182890A2D50100A3DF33FCC9BD1644BD14FCA330AA978500001C976D930000"	"\Divisions\PD\PCI Sacramento\132260 IL Program Management Support\019\RFIs"
"000000009598E9A20E04F041B38518182890A2D50100A3DF33FCC9BD1644BD14FCA330AA978500001C976DCF0000"	"\Divisions\PD\PCI Sacramento\132260 IL Program Management Support\020\Safety"
"000000009598E9A20E04F041B38518182890A2D50100A3DF33FCC9BD1644BD14FCA330AA978500001C976EA10000"	"\Divisions\PD\PCI Sacramento\132260 IL Program Management Support\021\Schedule"
"000000009598E9A20E04F041B38518182890A2D50100A3DF33FCC9BD1644BD14FCA330AA978500001C976ED80000"	"\Divisions\PD\PCI Sacramento\132260 IL Program Management Support\022\Scope"
"000000009598E9A20E04F041B38518182890A2D50100A3DF33FCC9BD1644BD14FCA330AA978500001C976F0A0000"	"\Divisions\PD\PCI Sacramento\132260 IL Program Management Support\023\TRANSMITTALS"
"000000009598E9A20E04F041B38518182890A2D50100A3DF33FCC9BD1644BD14FCA330AA978500001C976F3B0000"	"\Divisions\PD\PCI Sacramento\132260 IL Program Management Support\025"
"000000009598E9A20E04F041B38518182890A2D50100A3DF33FCC9BD1644BD14FCA330AA978500001C976F6A0000"	"\Divisions\PD\PCI Sacramento\132260 IL Program Management Support\026\Engineering"
"000000009598E9A20E04F041B38518182890A2D50100A3DF33FCC9BD1644BD14FCA330AA978500001C976F9A0000"	"\Divisions\PD\PCI Sacramento\132260 IL Program Management Support\027\Engineering Inspection"
"000000009598E9A20E04F041B38518182890A2D50100A3DF33FCC9BD1644BD14FCA330AA978500001C976FC90000"	"\Divisions\PD\PCI Sacramento\132260 IL Program Management Support\028\Environmental"
"000000009598E9A20E04F041B38518182890A2D50100A3DF33FCC9BD1644BD14FCA330AA978500001C9770090000"	"\Divisions\PD\PCI Sacramento\132260 IL Program Management Support\030\Financial"
"000000009598E9A20E04F041B38518182890A2D50100A3DF33FCC9BD1644BD14FCA330AA978500001C9770380000"	"\Divisions\PD\PCI Sacramento\132260 IL Program Management Support\031\Materials"
"000000009598E9A20E04F041B38518182890A2D50100A3DF33FCC9BD1644BD14FCA330AA978500001C9770680000"	"\Divisions\PD\PCI Sacramento\132260 IL Program Management Support\032\Meeting Items"
"000000009598E9A20E04F041B38518182890A2D50100A3DF33FCC9BD1644BD14FCA330AA978500001C9770970000"	"\Divisions\PD\PCI Sacramento\132260 IL Program Management Support\033\Misc"
"000000009598E9A20E04F041B38518182890A2D50100A3DF33FCC9BD1644BD14FCA330AA978500001C9770C60000"	"\Divisions\PD\PCI Sacramento\132260 IL Program Management Support\034\Real Estate"
"000000009598E9A20E04F041B38518182890A2D50100A3DF33FCC9BD1644BD14FCA330AA978500001C9770F50000"	"\Divisions\PD\PCI Sacramento\132260 IL Program Management Support\035\RFIs"
"000000009598E9A20E04F041B38518182890A2D50100A3DF33FCC9BD1644BD14FCA330AA978500001C9771BE0000"	"\Divisions\PD\PCI Sacramento\132260 IL Program Management Support\036\Safety"
"000000009598E9A20E04F041B38518182890A2D50100A3DF33FCC9BD1644BD14FCA330AA978500001D5A61F90000"	"\Divisions\PD\PCI Sacramento\132260 IL Program Management Support\037\Schedule"
"000000009598E9A20E04F041B38518182890A2D50100A3DF33FCC9BD1644BD14FCA330AA978500001D5A62490000"	"\Divisions\PD\PCI Sacramento\132260 IL Program Management Support\038\Scope"
"000000009598E9A20E04F041B38518182890A2D50100A3DF33FCC9BD1644BD14FCA330AA978500001D5A627D0000"	"\Divisions\PD\PCI Sacramento\132260 IL Program Management Support\039\TRANSMITTALS"
"000000009598E9A20E04F041B38518182890A2D50100A3DF33FCC9BD1644BD14FCA330AA978500001D5A638C0000"	"\Divisions\PD\PCI Sacramento\132260 IL Program Management Support\041"
"000000009598E9A20E04F041B38518182890A2D50100A3DF33FCC9BD1644BD14FCA330AA978500001CDBEF090000"	"\Divisions\PD\PCI Sacramento\133370 SEPC PROJ MAN SUPPORT EXT 3"
"000000009598E9A20E04F041B38518182890A2D50100A3DF33FCC9BD1644BD14FCA330AA97850000248296230000"	"\Divisions\PD\PCI Sacramento\139340 HOLLAND BOTTOM TO BEEBE"
"000000009598E9A20E04F041B38518182890A2D5010012225CC57BF01F4EA8CCA87A792FF35F00007AA415370000"	"\Divisions\PD\PCI Sacramento\145084  PPL- EOC MOBILIZATION STG 2"
"000000009598E9A20E04F041B38518182890A2D5010012225CC57BF01F4EA8CCA87A792FF35F0001F2DB5FE60000"	"\Divisions\PD\PCI Sacramento\153590 - LL CRASH GATE CONSTRCT INSPCT"
"000000009598E9A20E04F041B38518182890A2D5010012225CC57BF01F4EA8CCA87A792FF35F0006CE36F5420000"	"\Divisions\PD\PD PROJECT SERVICES"
"000000009598E9A20E04F041B38518182890A2D50100A3DF33FCC9BD1644BD14FCA330AA978500001620010B0000"	"\Divisions\PD\PDS Group Phoenix\124947 SCE PDS Support"
"000000009598E9A20E04F041B38518182890A2D50100A3DF33FCC9BD1644BD14FCA330AA97850000162006060000"	"\Divisions\PD\PDS Group Phoenix\124975 SWTC Chochise County Study Area"
"000000009598E9A20E04F041B38518182890A2D50100A3DF33FCC9BD1644BD14FCA330AA978500001B17CE530000"	"\Divisions\PD\PDS Group Phoenix\124987 TEP UNS Mohave Couty RMR\Mohave\2010"
"000000009598E9A20E04F041B38518182890A2D50100A3DF33FCC9BD1644BD14FCA330AA978500001B22082F0000"	"\Divisions\PD\PDS Group Phoenix\124988 TEP UNS Kingman Wind II\WESTERN WIND - Steel Park[16w+4s]\SIS I\dyd\GAMESA (wind)"
"000000009598E9A20E04F041B38518182890A2D50100A3DF33FCC9BD1644BD14FCA330AA97850000162013BE0000"	"\Divisions\PD\PDS Group Phoenix\125530 SWTC UNSE Interconn Req XMSN"
"000000009598E9A20E04F041B38518182890A2D50100A3DF33FCC9BD1644BD14FCA330AA97850000173A109F0000"	"\Divisions\PD\PDS Group Phoenix\127047 DSW Area Coordinator-BCCS"
"000000009598E9A20E04F041B38518182890A2D50100A3DF33FCC9BD1644BD14FCA330AA97850000176CB6710000"	"\Divisions\PD\PDS Group Phoenix\127723 IID System Study Cluster ""A"""
"000000009598E9A20E04F041B38518182890A2D50100A3DF33FCC9BD1644BD14FCA330AA9785000019B0FE610000"	"\Divisions\PD\PDS Group Phoenix\130325 Mack Solar Project"
"000000009598E9A20E04F041B38518182890A2D50100A3DF33FCC9BD1644BD14FCA330AA978500001B1A1BCF0000"	"\Divisions\PD\PDS Group Phoenix\131719 WAPA XMSN Plan Aug13-July14"
"000000009598E9A20E04F041B38518182890A2D50100A3DF33FCC9BD1644BD14FCA330AA978500001C13C46F0000"	"\Divisions\PD\PDS Group Phoenix\132907 SNIP-Short Circuit Study"
"000000009598E9A20E04F041B38518182890A2D50100A3DF33FCC9BD1644BD14FCA330AA978500001D73B1410000"	"\Divisions\PD\PDS Group Phoenix\13373 IID WO#2"
"000000009598E9A20E04F041B38518182890A2D50100A3DF33FCC9BD1644BD14FCA330AA9785000019807D860000"	"\Divisions\PD\PDS Group Phoenix\TISHAM"
"000000009598E9A20E04F041B38518182890A2D5010012225CC57BF01F4EA8CCA87A792FF35F0005387681770000"	"\Divisions\PD\PM Group\169043_T27394_Dade-Airport 138kV Reconductor\Design\WR_Distribution"
"000000009598E9A20E04F041B38518182890A2D5010012225CC57BF01F4EA8CCA87A792FF35F0000C9B9F9B80000"	"\Divisions\PD\Program Services\Program Services"
"000000009598E9A20E04F041B38518182890A2D50100A3DF33FCC9BD1644BD14FCA330AA978500002218A79F0000"	"\Divisions\PD\Project Control\100428\Diversified Products"
"000000009598E9A20E04F041B38518182890A2D501006C95E27D1ACA634AA1AADC20796388DD000000CBFDD90000"	"\Divisions\PD\Project Control\100501 - Office PV Project - Hailey\Solyndra\Roberts Electric"
"000000009598E9A20E04F041B38518182890A2D501006C95E27D1ACA634AA1AADC20796388DD0000004D966F0000"	"\Divisions\PD\Project Control\112485- Catenary Installation\Trydor"
"000000009598E9A20E04F041B38518182890A2D501006C95E27D1ACA634AA1AADC20796388DD0000004D967B0000"	"\Divisions\PD\Project Control\112977 - Salt Wells Geothermal ENEL"
"000000009598E9A20E04F041B38518182890A2D501006C95E27D1ACA634AA1AADC20796388DD000000D7FC130000"	"\Divisions\PD\Project Control\113487 - Kent County 1 - National Grid\ABB"
"000000009598E9A20E04F041B38518182890A2D501006C95E27D1ACA634AA1AADC20796388DD0000007196A80000"	"\Divisions\PD\Project Control\113487 - Kent County 2 - National Grid"
"000000009598E9A20E04F041B38518182890A2D501006C95E27D1ACA634AA1AADC20796388DD000000C6C9A00000"	"\Divisions\PD\Project Control\113487 - Kent County 2 - National Grid\MSR's"
"000000009598E9A20E04F041B38518182890A2D501006C95E27D1ACA634AA1AADC20796388DD00000049C5940000"	"\Divisions\PD\Project Control\113616- SEH Boiler Controls"
"000000009598E9A20E04F041B38518182890A2D501006C95E27D1ACA634AA1AADC20796388DD0000005AC9A20000"	"\Divisions\PD\Project Control\114236 - Milford Wind"
"000000009598E9A20E04F041B38518182890A2D501006C95E27D1ACA634AA1AADC20796388DD00000053038C0000"	"\Divisions\PD\Project Control\115069 - High Lonesome"
"000000009598E9A20E04F041B38518182890A2D501006C95E27D1ACA634AA1AADC20796388DD000000616FDE0000"	"\Divisions\PD\Project Control\115446 - Scolari Roaster Rebuild - Starbucks"
"000000009598E9A20E04F041B38518182890A2D501006C95E27D1ACA634AA1AADC20796388DD00000061E9A30000"	"\Divisions\PD\Project Control\116253 - ELKHORN 3010/EMS/BKMON UPG"
"000000009598E9A20E04F041B38518182890A2D501006C95E27D1ACA634AA1AADC20796388DD0000006BB8CD0000"	"\Divisions\PD\Project Control\117234 - Storm Lake Power - Edison Mission"
"000000009598E9A20E04F041B38518182890A2D501006C95E27D1ACA634AA1AADC20796388DD000000B4F9F90000"	"\Divisions\PD\Project Control\117587 - Midwest Ogallah Switchyard\NGK LOCKE - 115kV Station Post Insulators"
"000000009598E9A20E04F041B38518182890A2D501006C95E27D1ACA634AA1AADC20796388DD0000008FAE060000"	"\Divisions\PD\Project Control\118726 - AEP"
"000000009598E9A20E04F041B38518182890A2D501006C95E27D1ACA634AA1AADC20796388DD0000009C97760000"	"\Divisions\PD\Project Control\119565 - AtlasPower"
"000000009598E9A20E04F041B38518182890A2D501006C95E27D1ACA634AA1AADC20796388DD000000ADEC0A0000"	"\Divisions\PD\Project Control\119954 - MPRP"
"000000009598E9A20E04F041B38518182890A2D501001953B16A689BCD4AA8FC82955DB27CB1000000D88A4E0000"	"\Divisions\PD\Project Control\121264 - Nikiski Substation\Enterprise Fabricators"
"000000009598E9A20E04F041B38518182890A2D50100CB7D9B6512D7374A860FE542D577039200000127DE530000"	"\Divisions\PD\Project Control\121659 - SEPC / SPP NTC Phase One & Planning\ABB - SSVT"
"000000009598E9A20E04F041B38518182890A2D501006C95E27D1ACA634AA1AADC20796388DD000000F3E57D0000"	"\Divisions\PD\Project Control\121660 - Clipper Shooting Star\ABB - Surge Arresters"
"000000009598E9A20E04F041B38518182890A2D50100CB7D9B6512D7374A860FE542D577039200000123BE280000"	"\Divisions\PD\Project Control\121660 - Clipper Shooting Star\LAPP - Insulators"
"000000009598E9A20E04F041B38518182890A2D501006C95E27D1ACA634AA1AADC20796388DD000000E21FF50000"	"\Divisions\PD\Project Control\121860 - Rattlesnake"
"000000009598E9A20E04F041B38518182890A2D501001953B16A689BCD4AA8FC82955DB27CB1000000D0986C0000"	"\Divisions\PD\Project Control\123097 - DSCADA / Progress Energy\GMF Industries"
"000000009598E9A20E04F041B38518182890A2D50100CB7D9B6512D7374A860FE542D57703920000012E09EA0000"	"\Divisions\PD\Project Control\123451 - St. John Substation / SEPC"
"000000009598E9A20E04F041B38518182890A2D501001953B16A689BCD4AA8FC82955DB27CB10000012488180000"	"\Divisions\PD\Project Control\123559 - St. John to River Road T-Line\Kriz Davis"
"000000009598E9A20E04F041B38518182890A2D50100A3DF33FCC9BD1644BD14FCA330AA978500001750A2520000"	"\Divisions\PD\Project Control\124256 - Barber Sub.\Alstom Grid - 138kV Line Trap"
"000000009598E9A20E04F041B38518182890A2D50100A3DF33FCC9BD1644BD14FCA330AA9785000017FC5A040000"	"\Divisions\PD\Project Control\124256 - Barber Sub.\Maloney Painting"
"000000009598E9A20E04F041B38518182890A2D50100A3DF33FCC9BD1644BD14FCA330AA978500001E3FEDAE0000"	"\Divisions\PD\Project Control\124354 - RR to Barber Eng\Kansas Gas Service"
"000000009598E9A20E04F041B38518182890A2D50100A3DF33FCC9BD1644BD14FCA330AA978500001A3939F50000"	"\Divisions\PD\Project Control\125583 - Cimarron Substation\ENOSERV"
"000000009598E9A20E04F041B38518182890A2D50100A3DF33FCC9BD1644BD14FCA330AA97850000179947520000"	"\Divisions\PD\Project Control\125583 - Cimarron Substation\Pascor - Disconnect Switches"
"000000009598E9A20E04F041B38518182890A2D50100A3DF33FCC9BD1644BD14FCA330AA9785000017FF0B080000"	"\Divisions\PD\Project Control\125583 - Cimarron Substation\RFQ - Gen 2 UG"
"000000009598E9A20E04F041B38518182890A2D50100A3DF33FCC9BD1644BD14FCA330AA9785000017FCE4B60000"	"\Divisions\PD\Project Control\125583 - Cimarron Substation\Stoppel Dirt"
"000000009598E9A20E04F041B38518182890A2D50100A3DF33FCC9BD1644BD14FCA330AA9785000017A15A040000"	"\Divisions\PD\Project Control\126373 - Harper Sub.\Alstom Grid - Line Tuner"
"000000009598E9A20E04F041B38518182890A2D50100A3DF33FCC9BD1644BD14FCA330AA97850000180047B90000"	"\Divisions\PD\Project Control\126374 - Medicine Lodge Sub.\Pinnacle Steel - Sub Steel"
"000000009598E9A20E04F041B38518182890A2D50100A3DF33FCC9BD1644BD14FCA330AA978500001AAD80180000"	"\Divisions\PD\Project Control\126376 - Harper to Flat Ridge\RFQ - Barber to Flatridge T-Line Materials"
"000000009598E9A20E04F041B38518182890A2D50100A3DF33FCC9BD1644BD14FCA330AA97850000195478060000"	"\Divisions\PD\Project Control\127239 - TMK Nextera\Trench"
"000000009598E9A20E04F041B38518182890A2D50100A3DF33FCC9BD1644BD14FCA330AA9785000018E1BE180000"	"\Divisions\PD\Project Control\128070 - Macho Springs Solar\CT"
"000000009598E9A20E04F041B38518182890A2D50100A3DF33FCC9BD1644BD14FCA330AA9785000018DE62550000"	"\Divisions\PD\Project Control\128070 - Macho Springs Solar\Transformer, 345kV"
"000000009598E9A20E04F041B38518182890A2D50100A3DF33FCC9BD1644BD14FCA330AA978500001B4A69E00000"	"\Divisions\PD\Project Control\129781 - River Road\GSI"
"000000009598E9A20E04F041B38518182890A2D50100A3DF33FCC9BD1644BD14FCA330AA978500001B4A548B0000"	"\Divisions\PD\Project Control\129781 - River Road\RFQ - Substation Steel"
"000000009598E9A20E04F041B38518182890A2D50100A3DF33FCC9BD1644BD14FCA330AA978500001CD5FC3F0000"	"\Divisions\PD\Project Control\130766 - CRS PH2"
"000000009598E9A20E04F041B38518182890A2D50100A3DF33FCC9BD1644BD14FCA330AA978500001DBF52B40000"	"\Divisions\PD\Project Control\130766 - CRS PH2\RFQ's\Substation Materials"
"000000009598E9A20E04F041B38518182890A2D50100A3DF33FCC9BD1644BD14FCA330AA978500001CC0B5140000"	"\Divisions\PD\Project Control\132085 - East Hall Sub.\FWT - H-Frame Structure"
"000000009598E9A20E04F041B38518182890A2D50100A3DF33FCC9BD1644BD14FCA330AA978500001D4F9B200000"	"\Divisions\PD\Project Control\132085 - East Hall Sub.\RFP's - Subcontractors\Systems 3"
"000000009598E9A20E04F041B38518182890A2D50100A3DF33FCC9BD1644BD14FCA330AA978500001D6095700000"	"\Divisions\PD\Project Control\132085 - East Hall Sub.\RFQ's\Insulators"
"000000009598E9A20E04F041B38518182890A2D50100A3DF33FCC9BD1644BD14FCA330AA978500001D7102C10000"	"\Divisions\PD\Project Control\132085 - East Hall Sub.\Ritz - PT"
"000000009598E9A20E04F041B38518182890A2D50100A3DF33FCC9BD1644BD14FCA330AA978500001DD1DA830000"	"\Divisions\PD\Project Control\133317 - RS Shooflys & Lines\Best Water - Water Cooler"
"000000009598E9A20E04F041B38518182890A2D50100A3DF33FCC9BD1644BD14FCA330AA978500001E3EF7AE0000"	"\Divisions\PD\Project Control\133317 - RS Shooflys & Lines\RFQ's\NFD Interchange Materials"
"000000009598E9A20E04F041B38518182890A2D50100A3DF33FCC9BD1644BD14FCA330AA978500001F0048A60000"	"\Divisions\PD\Project Control\133430 - North Fort Dodge\FWT - SEPC Purchase"
"000000009598E9A20E04F041B38518182890A2D50100A3DF33FCC9BD1644BD14FCA330AA978500001DB789990000"	"\Divisions\PD\Project Control\133430 - North Fort Dodge\RFQ's\Battery System\C&D - Ash Battery"
"000000009598E9A20E04F041B38518182890A2D50100A3DF33FCC9BD1644BD14FCA330AA978500001E698ED30000"	"\Divisions\PD\Project Control\133430 - North Fort Dodge\RFQ's\Control Panels\EP2"
"000000009598E9A20E04F041B38518182890A2D50100A3DF33FCC9BD1644BD14FCA330AA978500001D8E86AD0000"	"\Divisions\PD\Project Control\133430 - North Fort Dodge\RFQ's\Substation Steel Structures"
"000000009598E9A20E04F041B38518182890A2D50100A3DF33FCC9BD1644BD14FCA330AA978500001F00ACF80000"	"\Divisions\PD\Project Control\133430 - North Fort Dodge\Westwood - Staking"
"000000009598E9A20E04F041B38518182890A2D50100A3DF33FCC9BD1644BD14FCA330AA978500001E6689980000"	"\Divisions\PD\Project Control\133432 - Spearville Substation\Pelco - A-Frame and Static Masts"
"000000009598E9A20E04F041B38518182890A2D50100A3DF33FCC9BD1644BD14FCA330AA978500001E7978EB0000"	"\Divisions\PD\Project Control\133432 - Spearville Substation\RFP's\Site Preparation Subcontractor"
"000000009598E9A20E04F041B38518182890A2D50100A3DF33FCC9BD1644BD14FCA330AA978500001DCFCBAA0000"	"\Divisions\PD\Project Control\133432 - Spearville Substation\RFQ's\345kV Surge Arresters\WUE"
"000000009598E9A20E04F041B38518182890A2D50100A3DF33FCC9BD1644BD14FCA330AA978500001E1CD20E0000"	"\Divisions\PD\Project Control\133432 - Spearville Substation\Trench - CCVT, 345kV"
"000000009598E9A20E04F041B38518182890A2D50100A3DF33FCC9BD1644BD14FCA330AA978500001E6A286E0000"	"\Divisions\PD\Project Control\133548 - RS-NFD to Spearville 115kV\RFP's\T-Line Material Offload"
"000000009598E9A20E04F041B38518182890A2D50100A3DF33FCC9BD1644BD14FCA330AA97850000262F03A10000"	"\Divisions\PD\Project Control\134176 - Oncor PC Support"
"000000009598E9A20E04F041B38518182890A2D50100A3DF33FCC9BD1644BD14FCA330AA9785000022861FF00000"	"\Divisions\PD\Project Control\134710 - Cimarron River Sub PH2\Graybar - Misc Materials\HD Supply - 500kcmil Cable (Cable Tray)"
"000000009598E9A20E04F041B38518182890A2D50100A3DF33FCC9BD1644BD14FCA330AA978500001DE491310000"	"\Divisions\PD\Project Control\134710 - Cimarron River Sub PH2\RFP's"
"000000009598E9A20E04F041B38518182890A2D50100A3DF33FCC9BD1644BD14FCA330AA9785000020D829DA0000"	"\Divisions\PD\Project Control\134710 - Cimarron River Sub PH2\RFP's\Substation Construction\2015 Scope\Cache Valley"
"000000009598E9A20E04F041B38518182890A2D50100A3DF33FCC9BD1644BD14FCA330AA978500001E47E7450000"	"\Divisions\PD\Project Control\134710 - Cimarron River Sub PH2\RFQ's\500kcmil Cable\KC Utility"
"000000009598E9A20E04F041B38518182890A2D50100A3DF33FCC9BD1644BD14FCA330AA978500001EC052350000"	"\Divisions\PD\Project Control\134710 - Cimarron River Sub PH2\RFQ's\CLiP Device"
"000000009598E9A20E04F041B38518182890A2D50100A3DF33FCC9BD1644BD14FCA330AA978500001DE7035C0000"	"\Divisions\PD\Project Control\134710 - Cimarron River Sub PH2\RFQ's\Current Limiting Reactor, 13.8kV Indoor\Trench"
"000000009598E9A20E04F041B38518182890A2D50100A3DF33FCC9BD1644BD14FCA330AA978500001E668E2A0000"	"\Divisions\PD\Project Control\134710 - Cimarron River Sub PH2\RFQ's\Misc Substation Materials"
"000000009598E9A20E04F041B38518182890A2D50100A3DF33FCC9BD1644BD14FCA330AA978500001EC09D730000"	"\Divisions\PD\Project Control\134710 - Cimarron River Sub PH2\RFQ's\OH Line Hardware and Conductor"
"000000009598E9A20E04F041B38518182890A2D50100A3DF33FCC9BD1644BD14FCA330AA978500001E47C5FA0000"	"\Divisions\PD\Project Control\134710 - Cimarron River Sub PH2\RFQ's\SCADA & Control\Loose Parts\Wesco"
"000000009598E9A20E04F041B38518182890A2D50100A3DF33FCC9BD1644BD14FCA330AA9785000021720FDD0000"	"\Divisions\PD\Project Control\134710 - Cimarron River Sub PH2\RFQ's\Through-Wall Bushings\AZZ Calvert"
"000000009598E9A20E04F041B38518182890A2D50100A3DF33FCC9BD1644BD14FCA330AA978500001EC000200000"	"\Divisions\PD\Project Control\134710 - Cimarron River Sub PH2\WUE - Misc Substation Materials"
"000000009598E9A20E04F041B38518182890A2D50100A3DF33FCC9BD1644BD14FCA330AA97850000277D32970000"	"\Divisions\PD\Project Control\135673 - High Point Substation\Kriz Davis - Surge Arresters"
"000000009598E9A20E04F041B38518182890A2D50100A3DF33FCC9BD1644BD14FCA330AA9785000026A001190000"	"\Divisions\PD\Project Control\135673 - High Point Substation\RFQ's\Battery System"
"000000009598E9A20E04F041B38518182890A2D50100A3DF33FCC9BD1644BD14FCA330AA97850000259DED540000"	"\Divisions\PD\Project Control\135673 - High Point Substation\RFQ's\Control Building\PTMW"
"000000009598E9A20E04F041B38518182890A2D50100A3DF33FCC9BD1644BD14FCA330AA978500002857F3310000"	"\Divisions\PD\Project Control\135673 - High Point Substation\RFQ's\Miscellaneous Material\Cable\Kriz Davis"
"000000009598E9A20E04F041B38518182890A2D50100A3DF33FCC9BD1644BD14FCA330AA978500002750B5410000"	"\Divisions\PD\Project Control\135673 - High Point Substation\RFQ's\Substation Steel Structures\Pinnacle Steel"
"000000009598E9A20E04F041B38518182890A2D50100A3DF33FCC9BD1644BD14FCA330AA97850000282D0F090000"	"\Divisions\PD\Project Control\136179 - PNM Substation\136342 - St John to Harper SWPPP Closeout"
"000000009598E9A20E04F041B38518182890A2D50100A3DF33FCC9BD1644BD14FCA330AA9785000026A21B370000"	"\Divisions\PD\Project Control\136778 - 2015 Oncor Project Controls Scheduling\XER Files for Oncor"
"000000009598E9A20E04F041B38518182890A2D5010012225CC57BF01F4EA8CCA87A792FF35F000159C2D9B00000"	"\Divisions\PD\Project Control\149698 - Oncor 2018 PC Support"
"000000009598E9A20E04F041B38518182890A2D501006C95E27D1ACA634AA1AADC20796388DD0000008FAE460000"	"\Divisions\PD\Project Control\Berry Street"
"000000009598E9A20E04F041B38518182890A2D50100A3DF33FCC9BD1644BD14FCA330AA978500002D8CFD3B0000"	"\Divisions\PD\Project Control\TEAM: LaRena Krug"
"000000009598E9A20E04F041B38518182890A2D5010012225CC57BF01F4EA8CCA87A792FF35F00000C4525E60000"	"\Divisions\PD\Project Management Boise\141527_PECL Design\ROW"
"000000009598E9A20E04F041B38518182890A2D5010012225CC57BF01F4EA8CCA87A792FF35F00003452E6880000"	"\Divisions\PD\Project Management Boise\142892_PECL Project Management\MM"
"000000009598E9A20E04F041B38518182890A2D5010012225CC57BF01F4EA8CCA87A792FF35F00004480C3340000"	"\Divisions\PD\Project Management Boise\144130_PECL Stations\GIS"
"000000009598E9A20E04F041B38518182890A2D50100A3DF33FCC9BD1644BD14FCA330AA978500001B7511420000"	"\Divisions\PD\Project Management Boise\Aaron Boston"
"000000009598E9A20E04F041B38518182890A2D50100A3DF33FCC9BD1644BD14FCA330AA9785000026154BD60000"	"\Divisions\PD\Project Management Boise\Aaron Boston\140073 Palmdale Energy 230kV"
"000000009598E9A20E04F041B38518182890A2D50100A3DF33FCC9BD1644BD14FCA330AA97850000240F1F4E0000"	"\Divisions\PD\Project Management Boise\Aaron Boston\PSE BD Valley Jct 115kV"
"000000009598E9A20E04F041B38518182890A2D501006C95E27D1ACA634AA1AADC20796388DD0000006E29B80000"	"\Divisions\PD\Project Management Boise\John Oglevie\113197    MCADOO ADD DFR & METERING"
"000000009598E9A20E04F041B38518182890A2D501006C95E27D1ACA634AA1AADC20796388DD0000009841920000"	"\Divisions\PD\Project Management Boise\John Oglevie\113381    ONETA RPLC OBS, ACB, & XFM"
"000000009598E9A20E04F041B38518182890A2D501006C95E27D1ACA634AA1AADC20796388DD0000006E29A90000"	"\Divisions\PD\Project Management Boise\John Oglevie\113873    CHILDRESS WEST SUB LN TERM"
"000000009598E9A20E04F041B38518182890A2D501006C95E27D1ACA634AA1AADC20796388DD0000006E29A20000"	"\Divisions\PD\Project Management Boise\John Oglevie\114223    EXCELSIOR REMOVE ASSET"
"000000009598E9A20E04F041B38518182890A2D50100A3DF33FCC9BD1644BD14FCA330AA9785000019E847390000"	"\Divisions\PD\Project Management Boise\John Oglevie\114531    HEMINGWAY SUBSTATION\114531_c"
"000000009598E9A20E04F041B38518182890A2D501006C95E27D1ACA634AA1AADC20796388DD0000009841C10000"	"\Divisions\PD\Project Management Boise\John Oglevie\114992    WELSH PVID 21648"
"000000009598E9A20E04F041B38518182890A2D501006C95E27D1ACA634AA1AADC20796388DD00000094AD310000"	"\Divisions\PD\Project Management Boise\John Oglevie\115632    ROUNDBOTTOM PVID 28506"
"000000009598E9A20E04F041B38518182890A2D501006C95E27D1ACA634AA1AADC20796388DD0000006E29830000"	"\Divisions\PD\Project Management Boise\John Oglevie\116301    CHILDRESS WEST: NERC DIST"
"000000009598E9A20E04F041B38518182890A2D50100A3DF33FCC9BD1644BD14FCA330AA978500001A03C3E80000"	"\Divisions\PD\Project Management Boise\John Oglevie\119108    SAN JACINTO Pre-2011\119108_i"
"000000009598E9A20E04F041B38518182890A2D501006C95E27D1ACA634AA1AADC20796388DD000000B7BC170000"	"\Divisions\PD\Project Management Boise\John Oglevie\120525    W MILLERSBURG"
"000000009598E9A20E04F041B38518182890A2D50100CB7D9B6512D7374A860FE542D577039200000111D36C0000"	"\Divisions\PD\Project Management Boise\John Oglevie\122690    W. BELLAIRE"
"000000009598E9A20E04F041B38518182890A2D50100CB7D9B6512D7374A860FE542D577039200000114E7870000"	"\Divisions\PD\Project Management Boise\John Oglevie\ASHLAND SCADA"
"000000009598E9A20E04F041B38518182890A2D5010012225CC57BF01F4EA8CCA87A792FF35F00005A941E0E0000"	"\Divisions\PD\Project Management Freeport\PPL Meetings"
"000000009598E9A20E04F041B38518182890A2D50100572FF007A7D6B64CA96E5CFE8E1CC1A40000005C77E30000"	"\Divisions\PD\Project Management Hailey\121821 CENT LINCOLN RELIABLTY PROJECT"
"000000009598E9A20E04F041B38518182890A2D50100CB7D9B6512D7374A860FE542D577039200000128ECE10000"	"\Divisions\PD\Project Management Hailey\123293 Alaska Electric Light & Power"
"000000009598E9A20E04F041B38518182890A2D50100A3DF33FCC9BD1644BD14FCA330AA978500000E7F53DE0000"	"\Divisions\PD\Project Management Hailey\124186 OE Energy Gateway South\00 Project Management\04 Cost Control\Budget"
"000000009598E9A20E04F041B38518182890A2D50100A3DF33FCC9BD1644BD14FCA330AA978500000E7F713C0000"	"\Divisions\PD\Project Management Hailey\124186 OE Energy Gateway South\00 Project Management\07 Project Manager\01 PM Activities"
"000000009598E9A20E04F041B38518182890A2D501001953B16A689BCD4AA8FC82955DB27CB1000001E1E3880000"	"\Divisions\PD\Project Management Hailey\124186 OE Energy Gateway South\01 Preliminary Tech Requirements\01 T-Line"
"000000009598E9A20E04F041B38518182890A2D50100A3DF33FCC9BD1644BD14FCA330AA978500000E805D100000"	"\Divisions\PD\Project Management Hailey\124186 OE Energy Gateway South\01 Preliminary Tech Requirements\01 T-Line\11 Indicative Tower Spotting"
"000000009598E9A20E04F041B38518182890A2D501001953B16A689BCD4AA8FC82955DB27CB1000001E1E3910000"	"\Divisions\PD\Project Management Hailey\124186 OE Energy Gateway South\02 Engineering Support to Geotech\02 Environment Permitting for Geotech Studies"
"000000009598E9A20E04F041B38518182890A2D50100A3DF33FCC9BD1644BD14FCA330AA978500000E69D2A50000"	"\Divisions\PD\Project Management Hailey\124186 OE Energy Gateway South\04 Field Staking & Ground Truthing\04 Access Road Staking"
"000000009598E9A20E04F041B38518182890A2D501001953B16A689BCD4AA8FC82955DB27CB1000001E1E3A50000"	"\Divisions\PD\Project Management Hailey\124186 OE Energy Gateway South\06 EPC RFP Package Support"
"000000009598E9A20E04F041B38518182890A2D50100A3DF33FCC9BD1644BD14FCA330AA978500001734AE1E0000"	"\Divisions\PD\Project Management Hailey\127068 AW X-XV Crossing Sec 31"
"000000009598E9A20E04F041B38518182890A2D50100A3DF33FCC9BD1644BD14FCA330AA9785000018DD8E970000"	"\Divisions\PD\Project Management Hailey\129118 GE Windstream"
"000000009598E9A20E04F041B38518182890A2D50100A3DF33FCC9BD1644BD14FCA330AA9785000026230FE70000"	"\Divisions\PD\Project Management Hailey\138230 - VOYAGER ELECTRICAL DRAWINGS"
"000000009598E9A20E04F041B38518182890A2D5010012225CC57BF01F4EA8CCA87A792FF35F0001954A99D70000"	"\Divisions\PD\Project Management Hailey\139402 - CURTAILMENT SETPT CONFIG\139493 - GRANT OE AND SCADA"
"000000009598E9A20E04F041B38518182890A2D5010012225CC57BF01F4EA8CCA87A792FF35F0000884981960000"	"\Divisions\PD\Project Management Hailey\145361_Voyager_2_Utility_Crossings"
"000000009598E9A20E04F041B38518182890A2D501001953B16A689BCD4AA8FC82955DB27CB10000016C2A930000"	"\Divisions\PD\Project Management Hailey\GLP - K24G"
"000000009598E9A20E04F041B38518182890A2D50100A3DF33FCC9BD1644BD14FCA330AA9785000017F054B70000"	"\Divisions\PD\Project Management Hailey\Project Management Boise\00_DMS Pending Upload\JAO_check to see if in DMS_07-17-09"
"000000009598E9A20E04F041B38518182890A2D50100A3DF33FCC9BD1644BD14FCA330AA97850000199659BD0000"	"\Divisions\PD\Project Management Hailey\VEA\002 Project Closed\126845_Transitions"
"000000009598E9A20E04F041B38518182890A2D50100A3DF33FCC9BD1644BD14FCA330AA978500001753FFC80000"	"\Divisions\PD\Project Management Hailey\VEA\002 Project Closed\127369_Segment 4, 230 kV Environmental Support"
"000000009598E9A20E04F041B38518182890A2D50100A3DF33FCC9BD1644BD14FCA330AA9785000017F267A30000"	"\Divisions\PD\Project Management Hailey\VEA\128233_Innovation-Mercury 138kV"
"000000009598E9A20E04F041B38518182890A2D50100CB7D9B6512D7374A860FE542D5770392000000633EE90000"	"\Divisions\PD\Project Management St. Louis\112260 LS Power GSA"
"000000009598E9A20E04F041B38518182890A2D50100E34BFE500669CD49AC2E27C6C54DE39D0000002D26FD0000"	"\Divisions\PD\Project Management St. Louis\Project Managment Houston"
"000000009598E9A20E04F041B38518182890A2D5010012225CC57BF01F4EA8CCA87A792FF35F00060BF964850000"	"\Divisions\PD\Project Services\PD Project Services-Southwest"
"000000009598E9A20E04F041B38518182890A2D501006C95E27D1ACA634AA1AADC20796388DD000000C47FB10000"	"\Divisions\PD\PTE\Anaheim/SD Projects\120929 Seal XFMR Test Reed Reservoir"
"000000009598E9A20E04F041B38518182890A2D501006C95E27D1ACA634AA1AADC20796388DD000000D16DE80000"	"\Divisions\PD\PTE\Anaheim/SD Projects\121303 GOTTE SAFETY CNTR EL CAJON"
"000000009598E9A20E04F041B38518182890A2D50100CB7D9B6512D7374A860FE542D57703920000011F7CAF0000"	"\Divisions\PD\PTE\Anaheim/SD Projects\121789 RL Elec Fire ADmin/OP Lakeside"
"000000009598E9A20E04F041B38518182890A2D501006C95E27D1ACA634AA1AADC20796388DD000000F12C2A0000"	"\Divisions\PD\PTE\Anaheim/SD Projects\122402 HAR Const SWMS Ground Rod Test"
"000000009598E9A20E04F041B38518182890A2D50100CB7D9B6512D7374A860FE542D57703920000011747D60000"	"\Divisions\PD\PTE\Anaheim/SD Projects\122808 BOEING B80/B82 Trip Units"
"000000009598E9A20E04F041B38518182890A2D50100CB7D9B6512D7374A860FE542D577039200000125FED50000"	"\Divisions\PD\PTE\Anaheim/SD Projects\123242 (CPR) Sadler Palmar CLG Tech Build"
"000000009598E9A20E04F041B38518182890A2D501006C95E27D1ACA634AA1AADC20796388DD000000F390C40000"	"\Divisions\PD\PTE\Anaheim/SD Projects\123655 OCSD Sludge Digester Rehab"
"000000009598E9A20E04F041B38518182890A2D501001953B16A689BCD4AA8FC82955DB27CB1000000E0F2FD0000"	"\Divisions\PD\PTE\Anaheim/SD Projects\123775 Sadler-Montgomer High Sch"
"000000009598E9A20E04F041B38518182890A2D501001953B16A689BCD4AA8FC82955DB27CB10000015165930000"	"\Divisions\PD\PTE\Anaheim/SD Projects\123999 (TRI) CORONITA ELEMENTARY "
"000000009598E9A20E04F041B38518182890A2D501001953B16A689BCD4AA8FC82955DB27CB10000014E6BCA0000"	"\Divisions\PD\PTE\Anaheim/SD Projects\124221 (HINES) GEN MAIN BRKR TESTING "
"000000009598E9A20E04F041B38518182890A2D501001953B16A689BCD4AA8FC82955DB27CB100000172E02D0000"	"\Divisions\PD\PTE\Anaheim/SD Projects\124391 (CSI) FIRST SOLAR ANTELOPE VAL "
"000000009598E9A20E04F041B38518182890A2D501001953B16A689BCD4AA8FC82955DB27CB1000001B446D70000"	"\Divisions\PD\PTE\Anaheim/SD Projects\124598 (SAS) DYNA-SCRIPPS ONCOLOGY "
"000000009598E9A20E04F041B38518182890A2D501001953B16A689BCD4AA8FC82955DB27CB1000001D819920000"	"\Divisions\PD\PTE\Anaheim/SD Projects\124811 (CENTURY) NEON MUSEUM "
"000000009598E9A20E04F041B38518182890A2D501001953B16A689BCD4AA8FC82955DB27CB1000001F443890000"	"\Divisions\PD\PTE\Anaheim/SD Projects\125112 (BERG) LACSD NORWALK DATA CEN "
"000000009598E9A20E04F041B38518182890A2D50100A3DF33FCC9BD1644BD14FCA330AA97850000175D719C0000"	"\Divisions\PD\PTE\Anaheim/SD Projects\125786 Dyna UCSD Circ 9"
"000000009598E9A20E04F041B38518182890A2D50100A3DF33FCC9BD1644BD14FCA330AA97850000175E381E0000"	"\Divisions\PD\PTE\Anaheim/SD Projects\126289 Gould College & Cannon"
"000000009598E9A20E04F041B38518182890A2D50100A3DF33FCC9BD1644BD14FCA330AA978500001760335C0000"	"\Divisions\PD\PTE\Anaheim/SD Projects\126722 Dyna CSU San Marcos"
"000000009598E9A20E04F041B38518182890A2D50100A3DF33FCC9BD1644BD14FCA330AA97850000177E42890000"	"\Divisions\PD\PTE\Anaheim/SD Projects\127037 Rock Elec Grossmont College CB"
"000000009598E9A20E04F041B38518182890A2D50100A3DF33FCC9BD1644BD14FCA330AA97850000179163FF0000"	"\Divisions\PD\PTE\Anaheim/SD Projects\127247 Helix LADWP Bus Duct"
"000000009598E9A20E04F041B38518182890A2D50100A3DF33FCC9BD1644BD14FCA330AA97850000176A58A60000"	"\Divisions\PD\PTE\Anaheim/SD Projects\127430 Hillcrest Accb GFR"
"000000009598E9A20E04F041B38518182890A2D50100A3DF33FCC9BD1644BD14FCA330AA97850000176A3A930000"	"\Divisions\PD\PTE\Anaheim/SD Projects\127663 Naval Hospital XFMER Retest"
"000000009598E9A20E04F041B38518182890A2D50100A3DF33FCC9BD1644BD14FCA330AA97850000177A5C0B0000"	"\Divisions\PD\PTE\Anaheim/SD Projects\127917 Baker Elec P-578 Van Pad"
"000000009598E9A20E04F041B38518182890A2D50100A3DF33FCC9BD1644BD14FCA330AA9785000017DBEE7D0000"	"\Divisions\PD\PTE\Anaheim/SD Projects\128096 Simi Valley Testing"
"000000009598E9A20E04F041B38518182890A2D50100A3DF33FCC9BD1644BD14FCA330AA978500001803503C0000"	"\Divisions\PD\PTE\Anaheim/SD Projects\128303 AVSR-1 Block 3 35kV Cable Tst"
"000000009598E9A20E04F041B38518182890A2D50100A3DF33FCC9BD1644BD14FCA330AA97850000184E66D40000"	"\Divisions\PD\PTE\Anaheim/SD Projects\128465 (Solar Turbines) LC1 Switchgear Oil Sample"
"000000009598E9A20E04F041B38518182890A2D50100A3DF33FCC9BD1644BD14FCA330AA9785000018AD87600000"	"\Divisions\PD\PTE\Anaheim/SD Projects\128762 Bell HS Load Recording"
"000000009598E9A20E04F041B38518182890A2D50100A3DF33FCC9BD1644BD14FCA330AA9785000018C7F3D10000"	"\Divisions\PD\PTE\Anaheim/SD Projects\128964 PDI PO 60707 FAA"
"000000009598E9A20E04F041B38518182890A2D50100A3DF33FCC9BD1644BD14FCA330AA9785000018E6533B0000"	"\Divisions\PD\PTE\Anaheim/SD Projects\129178 Scripps Memorial Hosp Relay"
"000000009598E9A20E04F041B38518182890A2D50100A3DF33FCC9BD1644BD14FCA330AA978500001972EBCA0000"	"\Divisions\PD\PTE\Anaheim/SD Projects\129419 (PTE) Jacobs Med Ctr Cup"
"000000009598E9A20E04F041B38518182890A2D50100A3DF33FCC9BD1644BD14FCA330AA978500001988FB240000"	"\Divisions\PD\PTE\Anaheim/SD Projects\129766 PDI Sempra MPK Data Center"
"000000009598E9A20E04F041B38518182890A2D50100A3DF33FCC9BD1644BD14FCA330AA978500001994FF6C0000"	"\Divisions\PD\PTE\Anaheim/SD Projects\129909 Adelanto WWTP MOD"
"000000009598E9A20E04F041B38518182890A2D50100A3DF33FCC9BD1644BD14FCA330AA9785000019E2C48F0000"	"\Divisions\PD\PTE\Anaheim/SD Projects\130480 UCSD Stewart Commons"
"000000009598E9A20E04F041B38518182890A2D50100A3DF33FCC9BD1644BD14FCA330AA978500001AA6F05C0000"	"\Divisions\PD\PTE\Anaheim/SD Projects\130810 Disney Jungle Cruise"
"000000009598E9A20E04F041B38518182890A2D50100A3DF33FCC9BD1644BD14FCA330AA978500001ADB82810000"	"\Divisions\PD\PTE\Anaheim/SD Projects\131386 Mike Cox Elec Site 21 Elementary"
"000000009598E9A20E04F041B38518182890A2D50100A3DF33FCC9BD1644BD14FCA330AA978500001B7D4B000000"	"\Divisions\PD\PTE\Anaheim/SD Projects\131688 CAHFS SB Dairy Testing Facility"
"000000009598E9A20E04F041B38518182890A2D50100A3DF33FCC9BD1644BD14FCA330AA978500001B7B4D850000"	"\Divisions\PD\PTE\Anaheim/SD Projects\131934 Centinela Hospital"
"000000009598E9A20E04F041B38518182890A2D50100A3DF33FCC9BD1644BD14FCA330AA978500001B6502330000"	"\Divisions\PD\PTE\Anaheim/SD Projects\132176 Mt High MV Cable Testing"
"000000009598E9A20E04F041B38518182890A2D50100A3DF33FCC9BD1644BD14FCA330AA978500001B772BD50000"	"\Divisions\PD\PTE\Anaheim/SD Projects\132445 Pasadena Humane GFI"
"000000009598E9A20E04F041B38518182890A2D50100A3DF33FCC9BD1644BD14FCA330AA978500001BF9F9710000"	"\Divisions\PD\PTE\Anaheim/SD Projects\132751 (TM) Oswald Powr Plnt Xfmr"
"000000009598E9A20E04F041B38518182890A2D501006C95E27D1ACA634AA1AADC20796388DD000000834FB90000"	"\Divisions\PD\PTE\Atlanta Projects"
"000000009598E9A20E04F041B38518182890A2D50100E34BFE500669CD49AC2E27C6C54DE39D0000000AFCDE0000"	"\Divisions\PD\PTE Houston\00-DMS UPLOAD"
"000000009598E9A20E04F041B38518182890A2D50100572FF007A7D6B64CA96E5CFE8E1CC1A400000035990D0000"	"\Divisions\PD\SAS\00_HLY_Verizon Wireless Modem"
"000000009598E9A20E04F041B38518182890A2D5010012225CC57BF01F4EA8CCA87A792FF35F00068CEE6DEA0000"	"\Divisions\PD\SAS\00_PSCAD License Use Calendar\PSCAD Calendar\PSCAD\PSCAD"
"000000009598E9A20E04F041B38518182890A2D50100A3DF33FCC9BD1644BD14FCA330AA978500001DC3F0990000"	"\Divisions\PD\SAS\000000 SAS General\OMICRON"
"000000009598E9A20E04F041B38518182890A2D5010012225CC57BF01F4EA8CCA87A792FF35F0002DC3A0D6E0000"	"\Divisions\PD\SAS\1"
"000000009598E9A20E04F041B38518182890A2D501006C95E27D1ACA634AA1AADC20796388DD00000026920F0000"	"\Divisions\PD\SAS\LEWISTON PROJECTS\SPS-Active\Active Projects\AES Cayuga"
"000000009598E9A20E04F041B38518182890A2D501006C95E27D1ACA634AA1AADC20796388DD00000026921E0000"	"\Divisions\PD\SAS\LEWISTON PROJECTS\SPS-Active\Active Projects\Grant County PUD\Gore Breaker Dwgs"
"000000009598E9A20E04F041B38518182890A2D501006C95E27D1ACA634AA1AADC20796388DD00000026922D0000"	"\Divisions\PD\SAS\LEWISTON PROJECTS\SPS-Active\Active Projects\Horizon Wind\Lone Star 2 - Post Oak"
"000000009598E9A20E04F041B38518182890A2D501006C95E27D1ACA634AA1AADC20796388DD00000026923E0000"	"\Divisions\PD\SAS\LEWISTON PROJECTS\SPS-Active\Active Projects\NCPA\Hydro"
"000000009598E9A20E04F041B38518182890A2D501006C95E27D1ACA634AA1AADC20796388DD00000026924D0000"	"\Divisions\PD\SAS\LEWISTON PROJECTS\SPS-Active\Active Projects\PowerTech Engineering\SVEC"
"000000009598E9A20E04F041B38518182890A2D50100A3DF33FCC9BD1644BD14FCA330AA9785000017FE7CC00000"	"\Divisions\PD\SAS\Pacific Valley Solar\Abandoned Projects\Jensen"
"000000009598E9A20E04F041B38518182890A2D50100A3DF33FCC9BD1644BD14FCA330AA9785000017FD8C5D0000"	"\Divisions\PD\SAS\Pacific Valley Solar\Placer"
"000000009598E9A20E04F041B38518182890A2D5010012225CC57BF01F4EA8CCA87A792FF35F00021D59BD300000"	"\Divisions\PD\SAS\TEST_FOLDER"
"000000009598E9A20E04F041B38518182890A2D50100A3DF33FCC9BD1644BD14FCA330AA978500001C6B848E0000"	"\Divisions\PD\Substation Anaheim\133042 Tesoro TSO Lar Substation Replacement"
"000000009598E9A20E04F041B38518182890A2D50100A3DF33FCC9BD1644BD14FCA330AA978500002A2ED8CA0000"	"\Divisions\PD\Substation Anaheim\138770 Terra-Gen Altech III/AW Sub QFID 6087"
"000000009598E9A20E04F041B38518182890A2D50100A3DF33FCC9BD1644BD14FCA330AA9785000026C7138D0000"	"\Divisions\PD\Substation Anaheim\140360 SCE El Nido 66kV"
"000000009598E9A20E04F041B38518182890A2D50100A3DF33FCC9BD1644BD14FCA330AA978500002A304BBC0000"	"\Divisions\PD\Substation Anaheim\141723 SCE Kramer"
"000000009598E9A20E04F041B38518182890A2D5010012225CC57BF01F4EA8CCA87A792FF35F0000E56D538C0000"	"\Divisions\PD\Substation Anaheim\147481 Oncor_Whitesboro SE DG"
"000000009598E9A20E04F041B38518182890A2D50100E34BFE500669CD49AC2E27C6C54DE39D00000031495A0000"	"\Divisions\PD\Substation Ann Arbor\119822"
"000000009598E9A20E04F041B38518182890A2D50100A3DF33FCC9BD1644BD14FCA330AA9785000017BCF5AD0000"	"\Divisions\PD\Substation Ann Arbor\124729_Osburn_Substation"
"000000009598E9A20E04F041B38518182890A2D50100A3DF33FCC9BD1644BD14FCA330AA978500001981C55D0000"	"\Divisions\PD\Substation Ann Arbor\129751"
"000000009598E9A20E04F041B38518182890A2D50100A3DF33FCC9BD1644BD14FCA330AA9785000021232E3A0000"	"\Divisions\PD\Substation Ann Arbor\137129 Tidd"
"000000009598E9A20E04F041B38518182890A2D50100A3DF33FCC9BD1644BD14FCA330AA978500002675B1460000"	"\Divisions\PD\Substation Ann Arbor\139167 ComEd TSS 104 Ford City"
"000000009598E9A20E04F041B38518182890A2D5010012225CC57BF01F4EA8CCA87A792FF35F00007754B8700000"	"\Divisions\PD\Substation Ann Arbor\141372 - groSolar"
"000000009598E9A20E04F041B38518182890A2D5010012225CC57BF01F4EA8CCA87A792FF35F00003452E6D40000"	"\Divisions\PD\Substation Ann Arbor\144098 - Scada Torrey Stn P16078003"
"000000009598E9A20E04F041B38518182890A2D5010012225CC57BF01F4EA8CCA87A792FF35F0000BEBBD4800000"	"\Divisions\PD\Substation Ann Arbor\146475"
"000000009598E9A20E04F041B38518182890A2D5010012225CC57BF01F4EA8CCA87A792FF35F0002501B64C60000"	"\Divisions\PD\Substation Ann Arbor\148890\Prairie Ronde - 148890"
"000000009598E9A20E04F041B38518182890A2D5010012225CC57BF01F4EA8CCA87A792FF35F00018ED1420B0000"	"\Divisions\PD\Substation Ann Arbor\151538"
"000000009598E9A20E04F041B38518182890A2D50100E34BFE500669CD49AC2E27C6C54DE39D00000037A2650000"	"\Divisions\PD\Substation Ann Arbor\NGrig\Sherman Farm Road"
"000000009598E9A20E04F041B38518182890A2D50100F3BCE3A574023B4482F2E427B5A3121800004D9092380000"	"\Divisions\PD\Substation Ann Arbor\Proposals\MEPPI-PEPCO GIS"
"000000009598E9A20E04F041B38518182890A2D5010012225CC57BF01F4EA8CCA87A792FF35F00076C6FD20A0000"	"\Divisions\PD\Substation Atlanta\00252136_0000_GTC - Westover P79434 - 3D Quote"
"000000009598E9A20E04F041B38518182890A2D5010012225CC57BF01F4EA8CCA87A792FF35F0006151CCE0F0000"	"\Divisions\PD\Substation Atlanta\0240464_0000_GPC - Pine Grove Physical"
"000000009598E9A20E04F041B38518182890A2D5010012225CC57BF01F4EA8CCA87A792FF35F0006408DEF640000"	"\Divisions\PD\Substation Atlanta\0242358_0000_ATL Chandler West Switch: Replace Xfmr #1 48063"
"000000009598E9A20E04F041B38518182890A2D5010012225CC57BF01F4EA8CCA87A792FF35F00068FDE954C0000"	"\Divisions\PD\Substation Atlanta\0245111_0000_Collyer Substation and T-Line"
"000000009598E9A20E04F041B38518182890A2D5010012225CC57BF01F4EA8CCA87A792FF35F0006C0C385480000"	"\Divisions\PD\Substation Atlanta\0246730_0000_APC - Manna Beverages CU P&C"
"000000009598E9A20E04F041B38518182890A2D5010012225CC57BF01F4EA8CCA87A792FF35F0006EF1346060000"	"\Divisions\PD\Substation Atlanta\0248349_0000_ATL Liggett Switch 345 kV Line Terminal & 138 kV relay mod"
"000000009598E9A20E04F041B38518182890A2D5010012225CC57BF01F4EA8CCA87A792FF35F0007193761EF0000"	"\Divisions\PD\Substation Atlanta\0250020_0000_Murchison Sub Demo & Retire Station"
"000000009598E9A20E04F041B38518182890A2D5010012225CC57BF01F4EA8CCA87A792FF35F0007377AE8F50000"	"\Divisions\PD\Substation Atlanta\0251263_0000_GPC - J.M. Huber (Reids)"
"000000009598E9A20E04F041B38518182890A2D5010012225CC57BF01F4EA8CCA87A792FF35F00075F7C30460000"	"\Divisions\PD\Substation Atlanta\0252323_0000_GPC - Reids Primary P&C"
"000000009598E9A20E04F041B38518182890A2D5010012225CC57BF01F4EA8CCA87A792FF35F0007A7ADE60C0000"	"\Divisions\PD\Substation Atlanta\0254669_0000_ATL Corinth South Sub DA 55902"
"000000009598E9A20E04F041B38518182890A2D5010012225CC57BF01F4EA8CCA87A792FF35F0007B1C7A9C00000"	"\Divisions\PD\Substation Atlanta\0255038_0000_ATL Simpson Stuart Sub UF 56435"
"000000009598E9A20E04F041B38518182890A2D5010012225CC57BF01F4EA8CCA87A792FF35F00040830698C0000"	"\Divisions\PD\Substation Atlanta\071_Working In Office Calendar"
"000000009598E9A20E04F041B38518182890A2D50100E34BFE500669CD49AC2E27C6C54DE39D00000010D1580000"	"\Divisions\PD\Substation Atlanta\113015_Elm Creek Substation\Equipment"
"000000009598E9A20E04F041B38518182890A2D50100E34BFE500669CD49AC2E27C6C54DE39D00000010D1570000"	"\Divisions\PD\Substation Atlanta\113015_Elm Creek Substation\foundation, grounding and conduit\Grounding Drawing Final from Rob"
"000000009598E9A20E04F041B38518182890A2D501001296C725372D7F4B86B758A22EA3141B0000006D50470000"	"\Divisions\PD\Substation Atlanta\113507_Drumrock Sub 115kV Equip Upgrades"
"000000009598E9A20E04F041B38518182890A2D50100E34BFE500669CD49AC2E27C6C54DE39D0000001ABFE80000"	"\Divisions\PD\Substation Atlanta\114320_Anadarko Phase 2\Correspondence with USCO-Switches"
"000000009598E9A20E04F041B38518182890A2D50100E34BFE500669CD49AC2E27C6C54DE39D0000002260F70000"	"\Divisions\PD\Substation Atlanta\116139_Round Rock Dist Auto\Visual Analysis\114663"
"000000009598E9A20E04F041B38518182890A2D50100E34BFE500669CD49AC2E27C6C54DE39D000000383F0C0000"	"\Divisions\PD\Substation Atlanta\117138_TransCanada_Pipeline_Elect_Study\Brownsville"
"000000009598E9A20E04F041B38518182890A2D50100A3DF33FCC9BD1644BD14FCA330AA978500001F7F76A30000"	"\Divisions\PD\Substation Atlanta\120247_ATL_Park Row-Line Term Upgrade"
"000000009598E9A20E04F041B38518182890A2D501001953B16A689BCD4AA8FC82955DB27CB10000012FEA3E0000"	"\Divisions\PD\Substation Atlanta\123097.37_PEF_International_Drive"
"000000009598E9A20E04F041B38518182890A2D50100A3DF33FCC9BD1644BD14FCA330AA97850000156BFD1F0000"	"\Divisions\PD\Substation Atlanta\123791 JRR Santa Isabel Wind Farm\Santa Isabel new"
"000000009598E9A20E04F041B38518182890A2D50100A3DF33FCC9BD1644BD14FCA330AA9785000015E8F7580000"	"\Divisions\PD\Substation Atlanta\123979_Sunflower Barber Substation\Construction Sequence"
"000000009598E9A20E04F041B38518182890A2D50100A3DF33FCC9BD1644BD14FCA330AA978500001738D1EE0000"	"\Divisions\PD\Substation Atlanta\123979_Sunflower Barber Substation\Line Trap"
"000000009598E9A20E04F041B38518182890A2D50100A3DF33FCC9BD1644BD14FCA330AA978500001738CDDA0000"	"\Divisions\PD\Substation Atlanta\123979_Sunflower Barber Substation\Station Service"
"000000009598E9A20E04F041B38518182890A2D50100A3DF33FCC9BD1644BD14FCA330AA9785000019B3ACB40000"	"\Divisions\PD\Substation Atlanta\125583_Sunflower Cimarron\Construction Support\Concrete Test Reports"
"000000009598E9A20E04F041B38518182890A2D50100A3DF33FCC9BD1644BD14FCA330AA9785000016E88D050000"	"\Divisions\PD\Substation Atlanta\125583_Sunflower Cimarron\Equipment\BIL Ratings of Equipment"
"000000009598E9A20E04F041B38518182890A2D50100A3DF33FCC9BD1644BD14FCA330AA97850000171A0FC20000"	"\Divisions\PD\Substation Atlanta\125583_Sunflower Cimarron\Equipment\Switchgear\Existing Switchgear Inspection"
"000000009598E9A20E04F041B38518182890A2D50100A3DF33FCC9BD1644BD14FCA330AA9785000018B1C7A40000"	"\Divisions\PD\Substation Atlanta\125583_Sunflower Cimarron\Equipment\Zig Zag Transformer\Approval Drawings"
"000000009598E9A20E04F041B38518182890A2D50100A3DF33FCC9BD1644BD14FCA330AA97850000175555180000"	"\Divisions\PD\Substation Atlanta\125583_Sunflower Cimarron\Project Management\Scope Document"
"000000009598E9A20E04F041B38518182890A2D50100A3DF33FCC9BD1644BD14FCA330AA9785000017469B7E0000"	"\Divisions\PD\Substation Atlanta\125583_Sunflower Cimarron\SUBSTATION CONTROL AND SAS\Studies\Conference Call"
"000000009598E9A20E04F041B38518182890A2D50100A3DF33FCC9BD1644BD14FCA330AA978500000EAF81F20000"	"\Divisions\PD\Substation Atlanta\125583_Sunflower Cimarron\Switchgear"
"000000009598E9A20E04F041B38518182890A2D50100A3DF33FCC9BD1644BD14FCA330AA97850000176E895A0000"	"\Divisions\PD\Substation Atlanta\127748_ATL Stephenville SW STA 138kV"
"000000009598E9A20E04F041B38518182890A2D50100A3DF33FCC9BD1644BD14FCA330AA978500001DE1FEEA0000"	"\Divisions\PD\Substation Atlanta\133337_Monument Substation-AMEREN\Line Trap & Tuner"
"000000009598E9A20E04F041B38518182890A2D50100A3DF33FCC9BD1644BD14FCA330AA978500001D7885650000"	"\Divisions\PD\Substation Atlanta\133432_Spearville 345kV\Controls Reviews"
"000000009598E9A20E04F041B38518182890A2D50100A3DF33FCC9BD1644BD14FCA330AA9785000029D7233C0000"	"\Divisions\PD\Substation Atlanta\133432_Spearville 345kV\Relay Setting"
"000000009598E9A20E04F041B38518182890A2D50100A3DF33FCC9BD1644BD14FCA330AA9785000022C0F9AD0000"	"\Divisions\PD\Substation Atlanta\134098_SUNFLOWER_Proposal_for_345kV_Spearville_Breaker Replacement"
"000000009598E9A20E04F041B38518182890A2D50100A3DF33FCC9BD1644BD14FCA330AA9785000027BF25990000"	"\Divisions\PD\Substation Atlanta\137299_GTC BONAIRE SUBSTATION"
"000000009598E9A20E04F041B38518182890A2D50100A3DF33FCC9BD1644BD14FCA330AA978500002B7190130000"	"\Divisions\PD\Substation Atlanta\139314_ATL TYLER GE LINE TERM\In Project Wise"
"000000009598E9A20E04F041B38518182890A2D50100A3DF33FCC9BD1644BD14FCA330AA97850000268025220000"	"\Divisions\PD\Substation Atlanta\139848_ATL BUCKHORN 345 SWTCH\Construction"
"000000009598E9A20E04F041B38518182890A2D5010012225CC57BF01F4EA8CCA87A792FF35F000162F5FFB10000"	"\Divisions\PD\Substation Atlanta\139848_ATL BUCKHORN 345 SWTCH\In ProjectWise\Studies\Short Circuit"
"000000009598E9A20E04F041B38518182890A2D50100A3DF33FCC9BD1644BD14FCA330AA9785000027BF26280000"	"\Divisions\PD\Substation Atlanta\140284_GTC-GALLERIA WALL DESIGN"
"000000009598E9A20E04F041B38518182890A2D5010012225CC57BF01F4EA8CCA87A792FF35F000027EE5AC80000"	"\Divisions\PD\Substation Atlanta\140572_SUNFLOWER SPEARVILLE RPLC CB SV188\Equipment\Disconnect Switches"
"000000009598E9A20E04F041B38518182890A2D5010012225CC57BF01F4EA8CCA87A792FF35F0000197795710000"	"\Divisions\PD\Substation Atlanta\140572_SUNFLOWER SPEARVILLE RPLC CB SV188\Relaying\Logic Diagrams"
"000000009598E9A20E04F041B38518182890A2D5010012225CC57BF01F4EA8CCA87A792FF35F00007E79BFB60000"	"\Divisions\PD\Substation Atlanta\141367_Tyler NorthWest"
"000000009598E9A20E04F041B38518182890A2D5010012225CC57BF01F4EA8CCA87A792FF35F000027EE5AEA0000"	"\Divisions\PD\Substation Atlanta\143794_Georgia_PV"
"000000009598E9A20E04F041B38518182890A2D5010012225CC57BF01F4EA8CCA87A792FF35F00009B0B6CF50000"	"\Divisions\PD\Substation Atlanta\145720_PDI-TECO TIA UG"
"000000009598E9A20E04F041B38518182890A2D5010012225CC57BF01F4EA8CCA87A792FF35F00015661AC550000"	"\Divisions\PD\Substation Atlanta\149529_ATL Round Rock NE DA"
"000000009598E9A20E04F041B38518182890A2D5010012225CC57BF01F4EA8CCA87A792FF35F000191AD53D40000"	"\Divisions\PD\Substation Atlanta\151707_Weimar-LCRA"
"000000009598E9A20E04F041B38518182890A2D5010012225CC57BF01F4EA8CCA87A792FF35F0001F67CE0C90000"	"\Divisions\PD\Substation Atlanta\154089_ATL TYLER NORTHWEST"
"000000009598E9A20E04F041B38518182890A2D5010012225CC57BF01F4EA8CCA87A792FF35F0002423DB51D0000"	"\Divisions\PD\Substation Atlanta\155625_PALESTINE SOUTH SW"
"000000009598E9A20E04F041B38518182890A2D5010012225CC57BF01F4EA8CCA87A792FF35F00028774B2630000"	"\Divisions\PD\Substation Atlanta\157235_SALT CREEK SOUTH"
"000000009598E9A20E04F041B38518182890A2D5010012225CC57BF01F4EA8CCA87A792FF35F0002F89AB9660000"	"\Divisions\PD\Substation Atlanta\160315_LAKEWOOD SUB"
"000000009598E9A20E04F041B38518182890A2D5010012225CC57BF01F4EA8CCA87A792FF35F000545A0E0AE0000"	"\Divisions\PD\Substation Atlanta\176227_ATL SL SALT MINE DA 46551"
"000000009598E9A20E04F041B38518182890A2D5010012225CC57BF01F4EA8CCA87A792FF35F0005AE8F43320000"	"\Divisions\PD\Substation Atlanta\179840_Griffin #8 Grounding"
"000000009598E9A20E04F041B38518182890A2D5010012225CC57BF01F4EA8CCA87A792FF35F0005AE8F43380000"	"\Divisions\PD\Substation Atlanta\180965_ATL PANTEGO SUB PETE 47359"
"000000009598E9A20E04F041B38518182890A2D5010012225CC57BF01F4EA8CCA87A792FF35F00002BF9ACC40000"	"\Divisions\PD\Substation Atlanta\GTC - Douglas\AEP-Weekly Status Reports"
"000000009598E9A20E04F041B38518182890A2D50100E34BFE500669CD49AC2E27C6C54DE39D0000004310050000"	"\Divisions\PD\Substation Atlanta\NEEWS-Material Inspections\122593_Port St. Joe Industrial"
"000000009598E9A20E04F041B38518182890A2D50100E34BFE500669CD49AC2E27C6C54DE39D000000383E940000"	"\Divisions\PD\Substation Atlanta\Oncor Design Information\Transmittal List"
"000000009598E9A20E04F041B38518182890A2D50100E34BFE500669CD49AC2E27C6C54DE39D00000040840C0000"	"\Divisions\PD\Substation Atlanta\ONCOR-2012 Scoping\Trinity"
"000000009598E9A20E04F041B38518182890A2D50100A3DF33FCC9BD1644BD14FCA330AA978500001ED9C57D0000"	"\Divisions\PD\Substation Atlanta\ONCOR-TYLER NW AUTO\Tyler NW Auto Replacement"
"000000009598E9A20E04F041B38518182890A2D50100A3DF33FCC9BD1644BD14FCA330AA97850000172060970000"	"\Divisions\PD\Substation Atlanta\Progress Energy\Reviews for other stations\Denham"
"000000009598E9A20E04F041B38518182890A2D50100E34BFE500669CD49AC2E27C6C54DE39D0000003DC0E20000"	"\Divisions\PD\Substation Atlanta\Proposals\121624 LEPA"
"000000009598E9A20E04F041B38518182890A2D50100E34BFE500669CD49AC2E27C6C54DE39D0000002493990000"	"\Divisions\PD\Substation Atlanta\Proposals\2009\NES-Peabody Sub"
"000000009598E9A20E04F041B38518182890A2D50100E34BFE500669CD49AC2E27C6C54DE39D0000002E40040000"	"\Divisions\PD\Substation Atlanta\Proposals\2010\NASA-Langley_No-Go"
"000000009598E9A20E04F041B38518182890A2D50100E34BFE500669CD49AC2E27C6C54DE39D0000004083B30000"	"\Divisions\PD\Substation Atlanta\Proposals\2011\122728_PEPCO_Bay_Area_Substations"
"000000009598E9A20E04F041B38518182890A2D501001953B16A689BCD4AA8FC82955DB27CB1000001F529160000"	"\Divisions\PD\Substation Atlanta\Proposals\2012\STEC"
"000000009598E9A20E04F041B38518182890A2D50100E34BFE500669CD49AC2E27C6C54DE39D00000006590B0000"	"\Divisions\PD\Substation Atlanta\Proposals\FPLE-Blythe GIS"
"000000009598E9A20E04F041B38518182890A2D50100E34BFE500669CD49AC2E27C6C54DE39D0000002A352F0000"	"\Divisions\PD\Substation Atlanta\SAS projects\112608 Duke Allen Dry Ash"
"000000009598E9A20E04F041B38518182890A2D50100A3DF33FCC9BD1644BD14FCA330AA9785000019B3A5800000"	"\Divisions\PD\Substation Atlanta\Sunflower Scoping-2013"
"000000009598E9A20E04F041B38518182890A2D50100CB7D9B6512D7374A860FE542D577039200000117E9AB0000"	"\Divisions\PD\Substation Billings\Billings Out of Office Calendar"
"000000009598E9A20E04F041B38518182890A2D50100A3DF33FCC9BD1644BD14FCA330AA978500002BEA2D500000"	"\Divisions\PD\Substation Boise\142545  AEP DARRAH REP CB & XFMR P14053002"
"000000009598E9A20E04F041B38518182890A2D5010012225CC57BF01F4EA8CCA87A792FF35F0002EE36B0DA0000"	"\Divisions\PD\Substation Boise\145105  ONCOR POWELLDALE MT POI (See Emails are on PW)"
"000000009598E9A20E04F041B38518182890A2D5010012225CC57BF01F4EA8CCA87A792FF35F0000E56D53780000"	"\Divisions\PD\Substation Boise\147050  ONCOR WELCH ROAD SUB"
"000000009598E9A20E04F041B38518182890A2D5010012225CC57BF01F4EA8CCA87A792FF35F00011C66FF530000"	"\Divisions\PD\Substation Boise\148544  AEP DIAMOND ST P15117013"
"000000009598E9A20E04F041B38518182890A2D5010012225CC57BF01F4EA8CCA87A792FF35F000158408A860000"	"\Divisions\PD\Substation Boise\149588  ONCOR MORRIS DIDO SUB DA PIP 3111"
"000000009598E9A20E04F041B38518182890A2D5010012225CC57BF01F4EA8CCA87A792FF35F000183C9C0A70000"	"\Divisions\PD\Substation Boise\151314  ONCOR OAKLAND AVE SUB:138 TERM UPG"
"000000009598E9A20E04F041B38518182890A2D5010012225CC57BF01F4EA8CCA87A792FF35F0001AAE8AA770000"	"\Divisions\PD\Substation Boise\152598  ONCOR HARKER HEIGHTS S.-DA PIP3104"
"000000009598E9A20E04F041B38518182890A2D5010012225CC57BF01F4EA8CCA87A792FF35F000225419F870000"	"\Divisions\PD\Substation Boise\153976 ONCOR MURPHY ROAD DA"
"000000009598E9A20E04F041B38518182890A2D5010012225CC57BF01F4EA8CCA87A792FF35F00021A1315020000"	"\Divisions\PD\Substation Boise\154664  ONCOR ARLINGTON SUB PETE3976"
"000000009598E9A20E04F041B38518182890A2D5010012225CC57BF01F4EA8CCA87A792FF35F0002754052250000"	"\Divisions\PD\Substation Boise\156456 ONCOR MCKINNEY SW DA 37909"
"000000009598E9A20E04F041B38518182890A2D5010012225CC57BF01F4EA8CCA87A792FF35F0000A8917ABB0000"	"\Divisions\PD\Substation Denver\00- 1 Shared PD Calendar"
"000000009598E9A20E04F041B38518182890A2D501006C95E27D1ACA634AA1AADC20796388DD00000068E0FB0000"	"\Divisions\PD\Substation Denver\116121 Jim Bridger"
"000000009598E9A20E04F041B38518182890A2D501006C95E27D1ACA634AA1AADC20796388DD000000905FB80000"	"\Divisions\PD\Substation Denver\116945 St. George- Red Butte\Line Designations"
"000000009598E9A20E04F041B38518182890A2D50100A3DF33FCC9BD1644BD14FCA330AA97850000226920C90000"	"\Divisions\PD\Substation Denver\119007 Paynesville Replace 115-69kV TF\118693 California Y-Splice"
"000000009598E9A20E04F041B38518182890A2D501006C95E27D1ACA634AA1AADC20796388DD000000BF27980000"	"\Divisions\PD\Substation Denver\120720 PacifiCorp Standards Review"
"000000009598E9A20E04F041B38518182890A2D50100CB7D9B6512D7374A860FE542D577039200000111D3680000"	"\Divisions\PD\Substation Denver\122232 Arapahoe Gray Street Remote End"
"000000009598E9A20E04F041B38518182890A2D50100CB7D9B6512D7374A860FE542D5770392000001131A050000"	"\Divisions\PD\Substation Denver\123578 Inver Hills"
"000000009598E9A20E04F041B38518182890A2D50100A3DF33FCC9BD1644BD14FCA330AA978500000EB3932A0000"	"\Divisions\PD\Substation Denver\124326 Plainview\125723 NO CALIF PUMP REPLACEMENT"
"000000009598E9A20E04F041B38518182890A2D50100A3DF33FCC9BD1644BD14FCA330AA978500000E6BE43F0000"	"\Divisions\PD\Substation Denver\125142 DEA VEGETATION MANAGEMENT"
"000000009598E9A20E04F041B38518182890A2D50100A3DF33FCC9BD1644BD14FCA330AA97850000162195920000"	"\Divisions\PD\Substation Denver\126237 Collector System Info Packets"
"000000009598E9A20E04F041B38518182890A2D50100A3DF33FCC9BD1644BD14FCA330AA9785000017781A1E0000"	"\Divisions\PD\Substation Denver\126798 N.PLAINVIEW"
"000000009598E9A20E04F041B38518182890A2D50100A3DF33FCC9BD1644BD14FCA330AA97850000177809470000"	"\Divisions\PD\Substation Denver\127666 RANDALL CNTY"
"000000009598E9A20E04F041B38518182890A2D50100A3DF33FCC9BD1644BD14FCA330AA9785000018E61CD30000"	"\Divisions\PD\Substation Denver\128601 Kirby"
"000000009598E9A20E04F041B38518182890A2D50100A3DF33FCC9BD1644BD14FCA330AA9785000019AB4E010000"	"\Divisions\PD\Substation Denver\129354 LIMON 1 BA METERING SERVICE\129036 TVWD GO SYNC PROTOTYPE"
"000000009598E9A20E04F041B38518182890A2D50100A3DF33FCC9BD1644BD14FCA330AA978500001A3053500000"	"\Divisions\PD\Substation Denver\130807 CHEROKEE LOAD CONTROL"
"000000009598E9A20E04F041B38518182890A2D50100A3DF33FCC9BD1644BD14FCA330AA978500001B5386DC0000"	"\Divisions\PD\Substation Denver\132171 MPUB-NFAT\emails in"
"000000009598E9A20E04F041B38518182890A2D50100A3DF33FCC9BD1644BD14FCA330AA978500001C889B7A0000"	"\Divisions\PD\Substation Denver\133121 TSO SLC STABILITY STUDY"
"000000009598E9A20E04F041B38518182890A2D50100A3DF33FCC9BD1644BD14FCA330AA978500002845B05A0000"	"\Divisions\PD\Substation Denver\134240 CANNON FALLS TR6"
"000000009598E9A20E04F041B38518182890A2D50100A3DF33FCC9BD1644BD14FCA330AA978500001EE5BD110000"	"\Divisions\PD\Substation Denver\135483 Rosedale"
"000000009598E9A20E04F041B38518182890A2D50100A3DF33FCC9BD1644BD14FCA330AA978500001FA6403F0000"	"\Divisions\PD\Substation Denver\136174 DEN PARIS SUB TWO 69 CAP BANKS"
"000000009598E9A20E04F041B38518182890A2D50100A3DF33FCC9BD1644BD14FCA330AA97850000202476130000"	"\Divisions\PD\Substation Denver\136494 RIFLE (230) - CIP NETWORK"
"000000009598E9A20E04F041B38518182890A2D50100F3BCE3A574023B4482F2E427B5A3121800004D86AC8C0000"	"\Divisions\PD\Substation Denver\136751 DEN BLACK RIVER SUB RPLC XFMR"
"000000009598E9A20E04F041B38518182890A2D50100A3DF33FCC9BD1644BD14FCA330AA97850000212A14AD0000"	"\Divisions\PD\Substation Denver\137195 RIFLE - PSC FRAME RLY RPLCMNT"
"000000009598E9A20E04F041B38518182890A2D50100A3DF33FCC9BD1644BD14FCA330AA9785000021ECA1870000"	"\Divisions\PD\Substation Denver\137715 Wolverine"
"000000009598E9A20E04F041B38518182890A2D50100A3DF33FCC9BD1644BD14FCA330AA978500002283120D0000"	"\Divisions\PD\Substation Denver\137968 SPS TX"
"000000009598E9A20E04F041B38518182890A2D50100A3DF33FCC9BD1644BD14FCA330AA97850000224E63010000"	"\Divisions\PD\Substation Denver\138072 US RUBBER- FRAME RLY RPLC NSP"
"000000009598E9A20E04F041B38518182890A2D50100A3DF33FCC9BD1644BD14FCA330AA978500002263E87C0000"	"\Divisions\PD\Substation Denver\138135 ADAMS - FRAME RLY RPLC NSP"
"000000009598E9A20E04F041B38518182890A2D50100A3DF33FCC9BD1644BD14FCA330AA978500002268B61B0000"	"\Divisions\PD\Substation Denver\138151 EDEN PRRIE-FRAME RLY RPLC NSP"
"000000009598E9A20E04F041B38518182890A2D50100A3DF33FCC9BD1644BD14FCA330AA9785000022691FA90000"	"\Divisions\PD\Substation Denver\138175 BENSON - FRAME RLY RPLC NSP"
"000000009598E9A20E04F041B38518182890A2D50100A3DF33FCC9BD1644BD14FCA330AA97850000226920C30000"	"\Divisions\PD\Substation Denver\138191 ALDRICH - FRAME RLY RPLC NSP"
"000000009598E9A20E04F041B38518182890A2D50100A3DF33FCC9BD1644BD14FCA330AA97850000226EF7F10000"	"\Divisions\PD\Substation Denver\138209 SHC3-SHRBRN-FRAME RLY RPLC NSP"
"000000009598E9A20E04F041B38518182890A2D50100A3DF33FCC9BD1644BD14FCA330AA97850000226EF8C10000"	"\Divisions\PD\Substation Denver\138227 DANUBE - FRAME RLY RPLC NSP"
"000000009598E9A20E04F041B38518182890A2D50100A3DF33FCC9BD1644BD14FCA330AA978500002274EE7A0000"	"\Divisions\PD\Substation Denver\138262 LONG PRAIRIE-FRME RLY RPLC NSP"
"000000009598E9A20E04F041B38518182890A2D50100A3DF33FCC9BD1644BD14FCA330AA978500002274F33E0000"	"\Divisions\PD\Substation Denver\138277 KOHLMAN LK-FRAME RLY RPLC NSP"
"000000009598E9A20E04F041B38518182890A2D50100A3DF33FCC9BD1644BD14FCA330AA978500002274F4170000"	"\Divisions\PD\Substation Denver\138292 DAHLGREN - FRAME RLY RPLC NSP"
"000000009598E9A20E04F041B38518182890A2D50100A3DF33FCC9BD1644BD14FCA330AA978500002274F6A30000"	"\Divisions\PD\Substation Denver\138312 MN PWR OFFC-FRAME RLY RPLC NSP"
"000000009598E9A20E04F041B38518182890A2D50100A3DF33FCC9BD1644BD14FCA330AA978500002274F6DE0000"	"\Divisions\PD\Substation Denver\138334 TERMINAL - FRAME RLY RPLC NSP"
"000000009598E9A20E04F041B38518182890A2D50100A3DF33FCC9BD1644BD14FCA330AA978500002274F7720000"	"\Divisions\PD\Substation Denver\138353 FARMINGTON- FRAME RLY RPLC NSP"
"000000009598E9A20E04F041B38518182890A2D50100A3DF33FCC9BD1644BD14FCA330AA97850000228573EB0000"	"\Divisions\PD\Substation Denver\138427 KENYON - FRAME RLY RPLC NSP"
"000000009598E9A20E04F041B38518182890A2D50100A3DF33FCC9BD1644BD14FCA330AA9785000022E50BFE0000"	"\Divisions\PD\Substation Denver\138547 COLLBRAN 138KV LN 3015 RLY RPL"
"000000009598E9A20E04F041B38518182890A2D50100A3DF33FCC9BD1644BD14FCA330AA9785000024054F7D0000"	"\Divisions\PD\Substation Denver\139224 VELVA WIND -FRAME RLY RPLC NSP"
"000000009598E9A20E04F041B38518182890A2D50100A3DF33FCC9BD1644BD14FCA330AA9785000026124B030000"	"\Divisions\PD\Substation Denver\140163 CPEC 2ND MOBILE SUB SPEC"
"000000009598E9A20E04F041B38518182890A2D50100A3DF33FCC9BD1644BD14FCA330AA9785000028C4056E0000"	"\Divisions\PD\Substation Denver\141202 PORTALES COMMUNICATIONS"
"000000009598E9A20E04F041B38518182890A2D5010012225CC57BF01F4EA8CCA87A792FF35F000031F2B1810000"	"\Divisions\PD\Substation Denver\142182 Layland"
"000000009598E9A20E04F041B38518182890A2D50100A3DF33FCC9BD1644BD14FCA330AA978500002C05FA3F0000"	"\Divisions\PD\Substation Denver\142608 Newhart"
"000000009598E9A20E04F041B38518182890A2D5010012225CC57BF01F4EA8CCA87A792FF35F000045BC48790000"	"\Divisions\PD\Substation Denver\143185 GI-2016-9 FEASIBILITY STUDY\143035 Capitan"
"000000009598E9A20E04F041B38518182890A2D5010012225CC57BF01F4EA8CCA87A792FF35F00003452E63C0000"	"\Divisions\PD\Substation Denver\144049 NORTH MINGO A15704055"
"000000009598E9A20E04F041B38518182890A2D5010012225CC57BF01F4EA8CCA87A792FF35F00003452E6E00000"	"\Divisions\PD\Substation Denver\144110 NEW PRAGUE- FRAME RLY RPLC NSP"
"000000009598E9A20E04F041B38518182890A2D5010012225CC57BF01F4EA8CCA87A792FF35F0000A8917A930000"	"\Divisions\PD\Substation Denver\145026 Kiser"
"000000009598E9A20E04F041B38518182890A2D5010012225CC57BF01F4EA8CCA87A792FF35F00009A3F30A50000"	"\Divisions\PD\Substation Denver\145693 W BELLAIRE STN P17007003"
"000000009598E9A20E04F041B38518182890A2D5010012225CC57BF01F4EA8CCA87A792FF35F00011D8C7A5F0000"	"\Divisions\PD\Substation Denver\148779 RIDGEWAY LINE RLY A15705251"
"000000009598E9A20E04F041B38518182890A2D5010012225CC57BF01F4EA8CCA87A792FF35F00015333EE990000"	"\Divisions\PD\Substation Denver\149607 LAKE MARION-FRAD REMOVE REPLC"
"000000009598E9A20E04F041B38518182890A2D5010012225CC57BF01F4EA8CCA87A792FF35F0001AAE8AA7D0000"	"\Divisions\PD\Substation Denver\152599 BLACKHAWK"
"000000009598E9A20E04F041B38518182890A2D5010012225CC57BF01F4EA8CCA87A792FF35F00022F1D092D0000"	"\Divisions\PD\Substation Denver\155184 J587 INTERCONNECT FACILITY ST"
"000000009598E9A20E04F041B38518182890A2D5010012225CC57BF01F4EA8CCA87A792FF35F0002716A9EE60000"	"\Divisions\PD\Substation Denver\156626 S-2019 SPS E&S DSUB"
"000000009598E9A20E04F041B38518182890A2D5010012225CC57BF01F4EA8CCA87A792FF35F0002793A45EB0000"	"\Divisions\PD\Substation Denver\156884 RIFLE UTER DFR UPGRADE"
"000000009598E9A20E04F041B38518182890A2D5010012225CC57BF01F4EA8CCA87A792FF35F00028473350E0000"	"\Divisions\PD\Substation Denver\157341 N-STONE LAKE RLY REPLC - HDR"
"000000009598E9A20E04F041B38518182890A2D5010012225CC57BF01F4EA8CCA87A792FF35F00028774B2A90000"	"\Divisions\PD\Substation Denver\157473 N-PRIOR FAN-HDR"
"000000009598E9A20E04F041B38518182890A2D5010012225CC57BF01F4EA8CCA87A792FF35F00029EC21F7E0000"	"\Divisions\PD\Substation Denver\158013 N-SCANDIA FLM HDR"
"000000009598E9A20E04F041B38518182890A2D5010012225CC57BF01F4EA8CCA87A792FF35F0002B34678270000"	"\Divisions\PD\Substation Denver\158566 N-SHERBURNE SECURITY TAM HDR"
"000000009598E9A20E04F041B38518182890A2D5010012225CC57BF01F4EA8CCA87A792FF35F0002B65E48960000"	"\Divisions\PD\Substation Denver\158722 N-ELMWOOD SUBSTATION CIVIL HDR"
"000000009598E9A20E04F041B38518182890A2D5010012225CC57BF01F4EA8CCA87A792FF35F0002CE133CE20000"	"\Divisions\PD\Substation Denver\159349 N-RED ROCK RLY RPLCMNT-HDR"
"000000009598E9A20E04F041B38518182890A2D5010012225CC57BF01F4EA8CCA87A792FF35F0002D6D8501F0000"	"\Divisions\PD\Substation Denver\159587 P-SUNSHINE COB - HDR"
"000000009598E9A20E04F041B38518182890A2D5010012225CC57BF01F4EA8CCA87A792FF35F0002E086C85D0000"	"\Divisions\PD\Substation Denver\159803 N-LEBANON HILLS GRE-HDR"
"000000009598E9A20E04F041B38518182890A2D5010012225CC57BF01F4EA8CCA87A792FF35F0002FDF7B9F70000"	"\Divisions\PD\Substation Denver\160419 STERLING 1324 BKR REPL-SALIENT"
"000000009598E9A20E04F041B38518182890A2D5010012225CC57BF01F4EA8CCA87A792FF35F000312A49F4D0000"	"\Divisions\PD\Substation Denver\161068 P- CALIFORNIA PHASE 4"
"000000009598E9A20E04F041B38518182890A2D501006C95E27D1ACA634AA1AADC20796388DD000000F51C500000"	"\Divisions\PD\Substation Denver\AGC Windfarms"
"000000009598E9A20E04F041B38518182890A2D50100A3DF33FCC9BD1644BD14FCA330AA97850000187906670000"	"\Divisions\PD\Substation Fort Mill"
"000000009598E9A20E04F041B38518182890A2D50100E34BFE500669CD49AC2E27C6C54DE39D00000020FD800000"	"\Divisions\PD\Substation Fort Worth\00 DMS Upload"
"000000009598E9A20E04F041B38518182890A2D501001296C725372D7F4B86B758A22EA3141B00000015EE460000"	"\Divisions\PD\Substation Freeport\Inactive File\104553_Boston_345kV_Project\Stoughton Conservation Commission"
"000000009598E9A20E04F041B38518182890A2D501001296C725372D7F4B86B758A22EA3141B00000022D6630000"	"\Divisions\PD\Substation Freeport\Inactive File\104895_PSNH_Scobie Review\Public Information"
"000000009598E9A20E04F041B38518182890A2D501001296C725372D7F4B86B758A22EA3141B0000000F1F360000"	"\Divisions\PD\Substation Freeport\Inactive File\105XXX_PSNH_BPO"
"000000009598E9A20E04F041B38518182890A2D501001296C725372D7F4B86B758A22EA3141B00000018A9D70000"	"\Divisions\PD\Substation Freeport\Inactive File\106XXX_PSNH_Emerald_ST\PSNH - Emerald St"
"000000009598E9A20E04F041B38518182890A2D501001296C725372D7F4B86B758A22EA3141B0000001463B00000"	"\Divisions\PD\Substation Freeport\Inactive File\106XXX_PSNH_Madbury\Procure"
"000000009598E9A20E04F041B38518182890A2D501001296C725372D7F4B86B758A22EA3141B0000001BB2C40000"	"\Divisions\PD\Substation Freeport\Inactive File\1075XX_PSNH_Whitefield"
"000000009598E9A20E04F041B38518182890A2D501001296C725372D7F4B86B758A22EA3141B00000022D5E30000"	"\Divisions\PD\Substation Freeport\Inactive File\108042_TXU_South_Brownwood\Photos"
"000000009598E9A20E04F041B38518182890A2D501001296C725372D7F4B86B758A22EA3141B00000022D5FA0000"	"\Divisions\PD\Substation Freeport\Inactive File\108166_TXU_Dublin\Drawings"
"000000009598E9A20E04F041B38518182890A2D501001296C725372D7F4B86B758A22EA3141B00000022D6090000"	"\Divisions\PD\Substation Freeport\Inactive File\108166_TXU_Dublin\Survey"
"000000009598E9A20E04F041B38518182890A2D501001296C725372D7F4B86B758A22EA3141B00000022D6420000"	"\Divisions\PD\Substation Freeport\Inactive File\108556_Centerpoint_Webster\Procurement and POs"
"000000009598E9A20E04F041B38518182890A2D501001296C725372D7F4B86B758A22EA3141B00000022D6240000"	"\Divisions\PD\Substation Freeport\Inactive File\108557_Centerpoint_Freeport\GIS"
"000000009598E9A20E04F041B38518182890A2D501001296C725372D7F4B86B758A22EA3141B0000002A0DE70000"	"\Divisions\PD\Substation Freeport\Inactive File\108774_GLHA_Weldon"
"000000009598E9A20E04F041B38518182890A2D501001296C725372D7F4B86B758A22EA3141B00000026BFBB0000"	"\Divisions\PD\Substation Freeport\Inactive File\108954_TXU_Celina_Switch\Permits"
"000000009598E9A20E04F041B38518182890A2D50100E34BFE500669CD49AC2E27C6C54DE39D0000004083CA0000"	"\Divisions\PD\Substation Freeport\Inactive File\109947_CMP_ScarOOBLine\109947 Saco  Bay Prelim & MPUC"
"000000009598E9A20E04F041B38518182890A2D50100E34BFE500669CD49AC2E27C6C54DE39D0000004083D90000"	"\Divisions\PD\Substation Freeport\Inactive File\109947_CMP_ScarOOBLine\109947 Saco  Bay Prelim & MPUC\Data Requests\Oral Data Request ODR-01"
"000000009598E9A20E04F041B38518182890A2D50100E34BFE500669CD49AC2E27C6C54DE39D0000004083E80000"	"\Divisions\PD\Substation Freeport\Inactive File\109947_CMP_ScarOOBLine\109947 Saco  Bay Prelim & MPUC\MPUC Hearings\OH Self Support Structure"
"000000009598E9A20E04F041B38518182890A2D501001296C725372D7F4B86B758A22EA3141B0000005D20590000"	"\Divisions\PD\Substation Freeport\Inactive File\109947_CMP_ScarOOBLine1\109947 Saco  Bay Prelim & MPUC"
"000000009598E9A20E04F041B38518182890A2D501001296C725372D7F4B86B758A22EA3141B0000005D205D0000"	"\Divisions\PD\Substation Freeport\Inactive File\109947_CMP_ScarOOBLine1\109947 Saco  Bay Prelim & MPUC\Data Requests\Oral Data Request ODR-01"
"000000009598E9A20E04F041B38518182890A2D501001296C725372D7F4B86B758A22EA3141B0000005D20730000"	"\Divisions\PD\Substation Freeport\Inactive File\109947_CMP_ScarOOBLine1\109947 Saco  Bay Prelim & MPUC\MPUC Hearings\OH Self Support Structure"
"000000009598E9A20E04F041B38518182890A2D501001296C725372D7F4B86B758A22EA3141B0000003E32270000"	"\Divisions\PD\Substation Freeport\Inactive File\110278_VELCO_Stowe"
"000000009598E9A20E04F041B38518182890A2D501001296C725372D7F4B86B758A22EA3141B0000008025910000"	"\Divisions\PD\Substation Freeport\Inactive File\112284_CMP_HeywoodRoad \Heywood"
"000000009598E9A20E04F041B38518182890A2D50100A3DF33FCC9BD1644BD14FCA330AA9785000019C44B660000"	"\Divisions\PD\Substation Freeport\Inactive File\116048_Rumford115(CLOSED)"
"000000009598E9A20E04F041B38518182890A2D501001953B16A689BCD4AA8FC82955DB27CB1000000A278790000"	"\Divisions\PD\Substation Freeport\Inactive File\CLOSED_108909_VELCO_Granite_PART_2.PST"
"000000009598E9A20E04F041B38518182890A2D501001953B16A689BCD4AA8FC82955DB27CB1000000A278880000"	"\Divisions\PD\Substation Freeport\Inactive File\CLOSED_109947_CMP_ScarOOBLine\109947 Saco  Bay Prelim & MPUC\Data Requests\Hearing Examiner Data Request EX-01"
"000000009598E9A20E04F041B38518182890A2D501001953B16A689BCD4AA8FC82955DB27CB1000000A278970000"	"\Divisions\PD\Substation Freeport\Inactive File\CLOSED_109947_CMP_ScarOOBLine\109947 Saco  Bay Prelim & MPUC\MPUC Hearings\Motion to Dismiss"
"000000009598E9A20E04F041B38518182890A2D501001953B16A689BCD4AA8FC82955DB27CB1000000A278A60000"	"\Divisions\PD\Substation Freeport\Inactive File\CLOSED_109947_CMP_ScarOOBLine\DD\Estimates\EX-03-41_20MW_Gen"
"000000009598E9A20E04F041B38518182890A2D501001953B16A689BCD4AA8FC82955DB27CB1000000A278B50000"	"\Divisions\PD\Substation Freeport\Inactive File\CLOSED_109947_CMP_ScarOOBLine1\109947 Saco  Bay Prelim & MPUC\Data Requests\Hearing Examiner Data Request EX-01"
"000000009598E9A20E04F041B38518182890A2D501001953B16A689BCD4AA8FC82955DB27CB1000000A278C40000"	"\Divisions\PD\Substation Freeport\Inactive File\CLOSED_109947_CMP_ScarOOBLine1\109947 Saco  Bay Prelim & MPUC\MPUC Hearings\Motion to Dismiss"
"000000009598E9A20E04F041B38518182890A2D501001953B16A689BCD4AA8FC82955DB27CB1000000B63DAC0000"	"\Divisions\PD\Substation Freeport\Inactive File\CLOSED_109947_CMP_ScarOOBLine1\DD\Estimates\EX-03-41_20MW_Gen"
"000000009598E9A20E04F041B38518182890A2D501001953B16A689BCD4AA8FC82955DB27CB1000000B63DBC0000"	"\Divisions\PD\Substation Freeport\Inactive File\CLOSED_112815 Jackman Capacitor Bank \Proposal"
"000000009598E9A20E04F041B38518182890A2D50100E34BFE500669CD49AC2E27C6C54DE39D0000002261B00000"	"\Divisions\PD\Substation Freeport\Inactive File\CLOSED_117297_Scobie_802_and_262_Replacements"
"000000009598E9A20E04F041B38518182890A2D501001296C725372D7F4B86B758A22EA3141B0000000B171B0000"	"\Divisions\PD\Substation Freeport\Inactive File\NUSCO - Shaw Hills"
"000000009598E9A20E04F041B38518182890A2D50100E34BFE500669CD49AC2E27C6C54DE39D0000000929D10000"	"\Divisions\PD\Substation Freeport\Projects\113506_Kent_County_Phase_2"
"000000009598E9A20E04F041B38518182890A2D501001953B16A689BCD4AA8FC82955DB27CB100000182A7E00000"	"\Divisions\PD\Substation Freeport\Projects\113552_South_GorhamPART8"
"000000009598E9A20E04F041B38518182890A2D50100E34BFE500669CD49AC2E27C6C54DE39D0000003499A30000"	"\Divisions\PD\Substation Freeport\Projects\121064_CMP_Wyman_Hydro(CLOSED)"
"000000009598E9A20E04F041B38518182890A2D50100A3DF33FCC9BD1644BD14FCA330AA978500000E7938ED0000"	"\Divisions\PD\Substation Freeport\Projects\123590_Woonsocket"
"000000009598E9A20E04F041B38518182890A2D50100A3DF33FCC9BD1644BD14FCA330AA978500001743EF9A0000"	"\Divisions\PD\Substation Freeport\Projects\128114_WMEC_Doreen"
"000000009598E9A20E04F041B38518182890A2D50100F3BCE3A574023B4482F2E427B5A3121800004D870EC80000"	"\Divisions\PD\Substation Freeport\Projects\132538_AEP_Wyoming_S/S"
"000000009598E9A20E04F041B38518182890A2D50100A3DF33FCC9BD1644BD14FCA330AA978500001D91C4500000"	"\Divisions\PD\Substation Freeport\Projects\133788_PEPCO_SLIGO"
"000000009598E9A20E04F041B38518182890A2D50100F3BCE3A574023B4482F2E427B5A3121800004D870ED90000"	"\Divisions\PD\Substation Freeport\Projects\134751_AEP_Molly's_Creek_S/S"
"000000009598E9A20E04F041B38518182890A2D50100A3DF33FCC9BD1644BD14FCA330AA978500001EEAD58A0000"	"\Divisions\PD\Substation Freeport\Projects\135503_CL&P_Montville_69kV"
"000000009598E9A20E04F041B38518182890A2D50100F3BCE3A574023B4482F2E427B5A3121800004D860B3F0000"	"\Divisions\PD\Substation Freeport\Projects\136736_CL&P_Devon_7R_S/S_Rebuild_Scoping"
"000000009598E9A20E04F041B38518182890A2D50100A3DF33FCC9BD1644BD14FCA330AA9785000021F36C960000"	"\Divisions\PD\Substation Freeport\Projects\137899_WMEC_EAST_SPRINGFIELD_SS_HPFF"
"000000009598E9A20E04F041B38518182890A2D50100A3DF33FCC9BD1644BD14FCA330AA978500002608EEBD0000"	"\Divisions\PD\Substation Freeport\Projects\140120_Oncor_Roanoke_SW_Sta_Brks_Rplc"
"000000009598E9A20E04F041B38518182890A2D5010012225CC57BF01F4EA8CCA87A792FF35F0000D59C8FC00000"	"\Divisions\PD\Substation Freeport\Projects\141734_AEP_Conesville_A10101025"
"000000009598E9A20E04F041B38518182890A2D50100A3DF33FCC9BD1644BD14FCA330AA978500002D90143D0000"	"\Divisions\PD\Substation Freeport\Projects\143184_CMP_MCPC_Engineering"
"000000009598E9A20E04F041B38518182890A2D5010012225CC57BF01F4EA8CCA87A792FF35F000071646BD30000"	"\Divisions\PD\Substation Freeport\Projects\144919_ONCOR_FRE_E_Richardson_CB_RPLC3420"
"000000009598E9A20E04F041B38518182890A2D5010012225CC57BF01F4EA8CCA87A792FF35F0000B2BA27560000"	"\Divisions\PD\Substation Freeport\Projects\146324_FRE_Parkdale_138_SW_STA_PROTE"
"000000009598E9A20E04F041B38518182890A2D5010012225CC57BF01F4EA8CCA87A792FF35F000108855F1B0000"	"\Divisions\PD\Substation Freeport\Projects\148150_FRE_Van_Alstyne"
"000000009598E9A20E04F041B38518182890A2D5010012225CC57BF01F4EA8CCA87A792FF35F0000D6CEA5F40000"	"\Divisions\PD\Substation Freeport\Projects\NGRID_SEMA_Brayton_Pt"
"000000009598E9A20E04F041B38518182890A2D501001296C725372D7F4B86B758A22EA3141B0000000F62450000"	"\Divisions\PD\Substation Freeport\Proposals\105841_DEC_Kent_County"
"000000009598E9A20E04F041B38518182890A2D501001296C725372D7F4B86B758A22EA3141B0000001D06E70000"	"\Divisions\PD\Substation Freeport\Proposals\108055_NU_Killingly"
"000000009598E9A20E04F041B38518182890A2D501001296C725372D7F4B86B758A22EA3141B0000003CF6F40000"	"\Divisions\PD\Substation Freeport\Proposals\110xxx_NSTAR Carver St"
"000000009598E9A20E04F041B38518182890A2D501001296C725372D7F4B86B758A22EA3141B0000000C19240000"	"\Divisions\PD\Substation Freeport\Proposals\PSNM - San Juan S/S"
"000000009598E9A20E04F041B38518182890A2D5010012225CC57BF01F4EA8CCA87A792FF35F00023C229F750000"	"\Divisions\PD\Substation Hailey\157602 - Odessa EHV 38518"
"000000009598E9A20E04F041B38518182890A2D5010012225CC57BF01F4EA8CCA87A792FF35F000388ABEE120000"	"\Divisions\PD\Substation Hailey\163458 - Sloan Canyon"
"000000009598E9A20E04F041B38518182890A2D5010012225CC57BF01F4EA8CCA87A792FF35F00043D08D5A40000"	"\Divisions\PD\Substation Hailey\167164 - Grennbrier"
"000000009598E9A20E04F041B38518182890A2D5010012225CC57BF01F4EA8CCA87A792FF35F0004922432FA0000"	"\Divisions\PD\Substation Hailey\172152 - Grand Prairie 45131"
"000000009598E9A20E04F041B38518182890A2D5010012225CC57BF01F4EA8CCA87A792FF35F0005CDC2D3630000"	"\Divisions\PD\Substation Hailey\178219 - East Network 47249"
"000000009598E9A20E04F041B38518182890A2D5010012225CC57BF01F4EA8CCA87A792FF35F0005CDC2D3650000"	"\Divisions\PD\Substation Hailey\181348 - North Network 49364"
"000000009598E9A20E04F041B38518182890A2D5010012225CC57BF01F4EA8CCA87A792FF35F0006408DEF700000"	"\Divisions\PD\Substation Hailey\242473 - Cedar Crest 47544"
"000000009598E9A20E04F041B38518182890A2D5010012225CC57BF01F4EA8CCA87A792FF35F0007796271470000"	"\Divisions\PD\Substation Hailey\253065 - Southerland 54447"
"000000009598E9A20E04F041B38518182890A2D5010012225CC57BF01F4EA8CCA87A792FF35F0002F0691D7C0000"	"\Divisions\PD\Substation Hailey\RLM Oncor TRP 2020"
"000000009598E9A20E04F041B38518182890A2D5010012225CC57BF01F4EA8CCA87A792FF35F0000309CC10F0000"	"\Divisions\PD\Substation Hamilton\135632\Construction RFI\Responses"
"000000009598E9A20E04F041B38518182890A2D5010012225CC57BF01F4EA8CCA87A792FF35F0001A42619BB0000"	"\Divisions\PD\Substation Hamilton\141903\141903 NLRP Alburtis Phase 1\Geotech"
"000000009598E9A20E04F041B38518182890A2D5010012225CC57BF01F4EA8CCA87A792FF35F000097721E250000"	"\Divisions\PD\Substation Hamilton\145673"
"000000009598E9A20E04F041B38518182890A2D50100E34BFE500669CD49AC2E27C6C54DE39D00000022612D0000"	"\Divisions\PD\Substation Houston\00-BD_Proposals\Oncor_Big Brown_MI"
"000000009598E9A20E04F041B38518182890A2D50100E34BFE500669CD49AC2E27C6C54DE39D0000000929860000"	"\Divisions\PD\Substation Houston\01-General Oncor Information"
"000000009598E9A20E04F041B38518182890A2D50100E34BFE500669CD49AC2E27C6C54DE39D0000000AFCAE0000"	"\Divisions\PD\Substation Houston\01-General Oncor Information\00 CLOSED PROJECTS\Lake_Creek_110735_WA07T64006"
"000000009598E9A20E04F041B38518182890A2D50100E34BFE500669CD49AC2E27C6C54DE39D0000000AFCCB0000"	"\Divisions\PD\Substation Houston\01-General Oncor Information\00 CLOSED PROJECTS\STL Mayfield SII WA06T65249 (110548)"
"000000009598E9A20E04F041B38518182890A2D50100E34BFE500669CD49AC2E27C6C54DE39D00000018EEF00000"	"\Divisions\PD\Substation Houston\01-General Oncor Information\00 ISSUES - ANNOUNCEMENTS\Arresters for 2009"
"000000009598E9A20E04F041B38518182890A2D50100E34BFE500669CD49AC2E27C6C54DE39D000000146F5C0000"	"\Divisions\PD\Substation Houston\01-General Oncor Information\00 PROCEDURES"
"000000009598E9A20E04F041B38518182890A2D50100E34BFE500669CD49AC2E27C6C54DE39D0000002260D80000"	"\Divisions\PD\Substation Houston\01-General Oncor Information\00 REPORTS\Weekly Project Reports"
"000000009598E9A20E04F041B38518182890A2D50100E34BFE500669CD49AC2E27C6C54DE39D0000002A34DA0000"	"\Divisions\PD\Substation Houston\01-General Oncor Information\HOUSTON PROJECTS\Completion Report"
"000000009598E9A20E04F041B38518182890A2D50100A3DF33FCC9BD1644BD14FCA330AA978500001B26C9880000"	"\Divisions\PD\Substation Houston\121274_Gvec_Gonzales"
"000000009598E9A20E04F041B38518182890A2D50100A3DF33FCC9BD1644BD14FCA330AA978500000E6CCBCF0000"	"\Divisions\PD\Substation Houston\123287_AEP_Sabinal_Rebuild_Station\Meetings"
"000000009598E9A20E04F041B38518182890A2D50100A3DF33FCC9BD1644BD14FCA330AA97850000253F0FF70000"	"\Divisions\PD\Substation Houston\124670_AEP_Dennison_PVID#_34358\APS NOTIFICATIONS"
"000000009598E9A20E04F041B38518182890A2D50100A3DF33FCC9BD1644BD14FCA330AA978500000E70D7A40000"	"\Divisions\PD\Substation Houston\125217_STEC_Ricebird_Substation"
"000000009598E9A20E04F041B38518182890A2D50100A3DF33FCC9BD1644BD14FCA330AA97850000174E5E640000"	"\Divisions\PD\Substation Houston\127334_Oncor_Tate_Spring_Tap_WA12T62310"
"000000009598E9A20E04F041B38518182890A2D50100A3DF33FCC9BD1644BD14FCA330AA9785000018B253790000"	"\Divisions\PD\Substation Houston\127792_AEP_Osburn_PVID#_34774"
"000000009598E9A20E04F041B38518182890A2D50100A3DF33FCC9BD1644BD14FCA330AA978500001CD74F020000"	"\Divisions\PD\Substation Houston\128498_AEP_West Cambridge_(Transco)_Inst2_138kV_CB's_PVID#_36103"
"000000009598E9A20E04F041B38518182890A2D50100A3DF33FCC9BD1644BD14FCA330AA978500001CD5D2FE0000"	"\Divisions\PD\Substation Houston\129685_AEP_Medford_PVID#_36490"
"000000009598E9A20E04F041B38518182890A2D50100A3DF33FCC9BD1644BD14FCA330AA978500001B7560AB0000"	"\Divisions\PD\Substation Houston\130431_AEP_Fremont_Center_37934"
"000000009598E9A20E04F041B38518182890A2D50100A3DF33FCC9BD1644BD14FCA330AA978500001A3DD4870000"	"\Divisions\PD\Substation Houston\130881_Oncor_Venus_SW_WA#14T65019"
"000000009598E9A20E04F041B38518182890A2D50100A3DF33FCC9BD1644BD14FCA330AA978500001CC1D0E20000"	"\Divisions\PD\Substation Houston\132130_AEP_Chesterfield_Ave_38828"
"000000009598E9A20E04F041B38518182890A2D50100A3DF33FCC9BD1644BD14FCA330AA978500001FEC8DCB0000"	"\Divisions\PD\Substation Houston\132180_Oncor_Paris_14T65001"
"000000009598E9A20E04F041B38518182890A2D50100A3DF33FCC9BD1644BD14FCA330AA978500001C9CC64A0000"	"\Divisions\PD\Substation Houston\133172_Oncor_Mineral Wells_13T61063"
"000000009598E9A20E04F041B38518182890A2D50100A3DF33FCC9BD1644BD14FCA330AA978500001D6D7AD00000"	"\Divisions\PD\Substation Houston\133730­_Oncor_Morgan_Ck_WA#"
"000000009598E9A20E04F041B38518182890A2D50100A3DF33FCC9BD1644BD14FCA330AA97850000253FC88A0000"	"\Divisions\PD\Substation Houston\134224_AEP_Gary_PVID#37821\APS NOTIFICATIONS"
"000000009598E9A20E04F041B38518182890A2D50100A3DF33FCC9BD1644BD14FCA330AA978500001EEA588D0000"	"\Divisions\PD\Substation Houston\135023_Oncor_Anna Sw Sta_WA#15T65010"
"000000009598E9A20E04F041B38518182890A2D50100A3DF33FCC9BD1644BD14FCA330AA978500001F9F0C0F0000"	"\Divisions\PD\Substation Houston\136115_Oncor_Athens Sub_14T64059"
"000000009598E9A20E04F041B38518182890A2D50100A3DF33FCC9BD1644BD14FCA330AA97850000230A6C4C0000"	"\Divisions\PD\Substation Houston\137310_GVEC_LCRA Nixon"
"000000009598E9A20E04F041B38518182890A2D50100A3DF33FCC9BD1644BD14FCA330AA9785000022D320920000"	"\Divisions\PD\Substation Houston\137934_Oncor_Permian Basin_WA#15T63099"
"000000009598E9A20E04F041B38518182890A2D50100A3DF33FCC9BD1644BD14FCA330AA9785000025F963A80000"	"\Divisions\PD\Substation Houston\139015_Oncor_Paris Sw_WA#16T65022"
"000000009598E9A20E04F041B38518182890A2D50100A3DF33FCC9BD1644BD14FCA330AA9785000025805AF10000"	"\Divisions\PD\Substation Houston\139789_Oncor_Whitehouse Ph II Ctrl Ctr_WA#16T64029"
"000000009598E9A20E04F041B38518182890A2D50100A3DF33FCC9BD1644BD14FCA330AA978500002681D8C20000"	"\Divisions\PD\Substation Houston\140214_Oncor_Lufkin SW-Rpl Failed Auto_15T64087"
"000000009598E9A20E04F041B38518182890A2D50100A3DF33FCC9BD1644BD14FCA330AA9785000027B460B60000"	"\Divisions\PD\Substation Houston\140689_AEP_Telecom Darwin_PVID#11080"
"000000009598E9A20E04F041B38518182890A2D50100F3BCE3A574023B4482F2E427B5A3121800004EC0222E0000"	"\Divisions\PD\Substation Houston\141044_AEP_Telecom Cyril_PVID#"
"000000009598E9A20E04F041B38518182890A2D50100A3DF33FCC9BD1644BD14FCA330AA978500002968C24C0000"	"\Divisions\PD\Substation Houston\141312_Xcel_Cargil Pre-Commissioning"
"000000009598E9A20E04F041B38518182890A2D50100A3DF33FCC9BD1644BD14FCA330AA978500002A9FA29D0000"	"\Divisions\PD\Substation Houston\141888_Oncor_Littman Sub-Est 138-12.5_WA#16T63049"
"000000009598E9A20E04F041B38518182890A2D50100A3DF33FCC9BD1644BD14FCA330AA978500002CA26ACA0000"	"\Divisions\PD\Substation Houston\142607_AEP_Telecom W Rutherford_PVID#13023"
"000000009598E9A20E04F041B38518182890A2D5010012225CC57BF01F4EA8CCA87A792FF35F0000122E786C0000"	"\Divisions\PD\Substation Houston\143573_Oncor_Midland Cnty NW Rly Mod_WA#TBD"
"000000009598E9A20E04F041B38518182890A2D5010012225CC57BF01F4EA8CCA87A792FF35F0000672391530000"	"\Divisions\PD\Substation Houston\144236_Oncor_Falcon Sea: Rplc 2 345 CB_WA#TBD"
"000000009598E9A20E04F041B38518182890A2D5010012225CC57BF01F4EA8CCA87A792FF35F00008995C8220000"	"\Divisions\PD\Substation Houston\145459_Xcel_PCA 115-Quahada Comm Precomm"
"000000009598E9A20E04F041B38518182890A2D5010012225CC57BF01F4EA8CCA87A792FF35F0000A56624BB0000"	"\Divisions\PD\Substation Houston\146061_Oncor_Threemile Draw Swt-4 Brk_WA#18T61001"
"000000009598E9A20E04F041B38518182890A2D5010012225CC57BF01F4EA8CCA87A792FF35F0000E78878940000"	"\Divisions\PD\Substation Houston\146973_Xcel_Greyhound TAM Commissioning"
"000000009598E9A20E04F041B38518182890A2D5010012225CC57BF01F4EA8CCA87A792FF35F0000FD2CBF020000"	"\Divisions\PD\Substation Houston\147928_Xcel_Greyhound Sub Line 50565 TAM"
"000000009598E9A20E04F041B38518182890A2D5010012225CC57BF01F4EA8CCA87A792FF35F00016C138AA90000"	"\Divisions\PD\Substation Houston\149679_Xcel_Yoakum - 230-115kv Xfmr #2"
"000000009598E9A20E04F041B38518182890A2D50100A3DF33FCC9BD1644BD14FCA330AA978500001D7C923F0000"	"\Divisions\PD\Substation Houston\CLOSED_116005_Oncor_Bowman_10T62001_ADD AS ADDL PST\ccvt"
"000000009598E9A20E04F041B38518182890A2D50100A3DF33FCC9BD1644BD14FCA330AA9785000017BF636B0000"	"\Divisions\PD\Substation Houston\CLOSED_116741_Oncor_Hicks_12T62001\Material - Delayed until 2013"
"000000009598E9A20E04F041B38518182890A2D501001953B16A689BCD4AA8FC82955DB27CB1000001F768E50000"	"\Divisions\PD\Substation Houston\CLOSED_116741_Oncor_Hicks_12T62001\WA Routing"
"000000009598E9A20E04F041B38518182890A2D50100A3DF33FCC9BD1644BD14FCA330AA978500000E745E090000"	"\Divisions\PD\Substation Houston\CLOSED_116769_Oncor_Central_Bluff_WA10T63008\Regrade Quote"
"000000009598E9A20E04F041B38518182890A2D50100E34BFE500669CD49AC2E27C6C54DE39D0000003149700000"	"\Divisions\PD\Substation Houston\CLOSED_116940_Oncor_Dermott_WA11T63004\Deadend Tower"
"000000009598E9A20E04F041B38518182890A2D50100A3DF33FCC9BD1644BD14FCA330AA9785000017457C540000"	"\Divisions\PD\Substation Houston\CLOSED_117072_Oncor_Ector_City_10T63108"
"000000009598E9A20E04F041B38518182890A2D50100E34BFE500669CD49AC2E27C6C54DE39D0000002840D40000"	"\Divisions\PD\Substation Houston\CLOSED_117608_Oncor_Comanche_Peak_WA09T62112\EMT Orders"
"000000009598E9A20E04F041B38518182890A2D50100A3DF33FCC9BD1644BD14FCA330AA978500001D91204C0000"	"\Divisions\PD\Substation Houston\CLOSED_119214_Oncor_Dermott_11T63102_ADD TO PST\EMT Orders\Completed Requests"
"000000009598E9A20E04F041B38518182890A2D50100A3DF33FCC9BD1644BD14FCA330AA978500001BF17B1B0000"	"\Divisions\PD\Substation Houston\CLOSED_119938_Oncor_Central Bluff_11T63009_ADD TO PST\11T63009 MATERIAL\REACTORS"
"000000009598E9A20E04F041B38518182890A2D50100A3DF33FCC9BD1644BD14FCA330AA978500001D9174A00000"	"\Divisions\PD\Substation Houston\CLOSED_120157_Oncor_Com Pk_10T62233_ADD TO PST\Cable Trench"
"000000009598E9A20E04F041B38518182890A2D50100A3DF33FCC9BD1644BD14FCA330AA978500001D954D900000"	"\Divisions\PD\Substation Houston\CLOSED_120468_Oncor_Cedar Hill_11T65217_ADD TO PST\Bus Supports"
"000000009598E9A20E04F041B38518182890A2D50100A3DF33FCC9BD1644BD14FCA330AA978500001D93FDFD0000"	"\Divisions\PD\Substation Houston\CLOSED_121015_Oncor_Cottonwood_11T62241_add to PST\CCVT"
"000000009598E9A20E04F041B38518182890A2D50100A3DF33FCC9BD1644BD14FCA330AA9785000016FC6C110000"	"\Divisions\PD\Substation Houston\CLOSED_121895_Oncor_Bowman_SW_Replc3Bkrs\FAR Reports"
"000000009598E9A20E04F041B38518182890A2D50100A3DF33FCC9BD1644BD14FCA330AA978500001C8EDCDA0000"	"\Divisions\PD\Substation Houston\CLOSED_123384_GVEC_Lost_Creek"
"000000009598E9A20E04F041B38518182890A2D501001953B16A689BCD4AA8FC82955DB27CB10000015165900000"	"\Divisions\PD\Substation Houston\CLOSED_124262_Oncor_Comanche_Pk_Synch_WA11T62378"
"000000009598E9A20E04F041B38518182890A2D501001953B16A689BCD4AA8FC82955DB27CB1000001DDD2450000"	"\Divisions\PD\Substation Houston\CLOSED_124854_Oncor_Crez_Navarro_12T64141"
"000000009598E9A20E04F041B38518182890A2D50100A3DF33FCC9BD1644BD14FCA330AA97850000173239A30000"	"\Divisions\PD\Substation Houston\CLOSED_126406_Oncor_Maple_Ave_WA12T61111\In-Servicing"
"000000009598E9A20E04F041B38518182890A2D50100A3DF33FCC9BD1644BD14FCA330AA978500001801E8CD0000"	"\Divisions\PD\Substation Houston\CLOSED_128053_Oncor_Odessa_North_WA12T63212\Material Requests"
"000000009598E9A20E04F041B38518182890A2D5010012225CC57BF01F4EA8CCA87A792FF35F0005CDC2D36B0000"	"\Divisions\PD\Substation Houston\Lavender"
"000000009598E9A20E04F041B38518182890A2D5010012225CC57BF01F4EA8CCA87A792FF35F0002ADAF346B0000"	"\Divisions\PD\Substation Houston\XCEL_PCA"
"000000009598E9A20E04F041B38518182890A2D5010012225CC57BF01F4EA8CCA87A792FF35F0000D8CDC2310000"	"\Divisions\PD\Substation Mt Laurel\Substation Mt Laurel Calendar\POWER Delivery"
"000000009598E9A20E04F041B38518182890A2D5010012225CC57BF01F4EA8CCA87A792FF35F000137F3E9930000"	"\Divisions\PD\Substation Oradell\145220 - Harwood Cutover Pkgs"
"000000009598E9A20E04F041B38518182890A2D50100A3DF33FCC9BD1644BD14FCA330AA978500001C9E95520000"	"\Divisions\PD\Substation Orlando\132849 DUKE-ULMERTON REDUNDANCY"
"000000009598E9A20E04F041B38518182890A2D50100A3DF33FCC9BD1644BD14FCA330AA978500002995A2940000"	"\Divisions\PD\Substation Orlando\141052 DEF-ANDERSEN-LAKE PANASOFFKEE"
"000000009598E9A20E04F041B38518182890A2D50100A3DF33FCC9BD1644BD14FCA330AA978500001CA63E3B0000"	"\Divisions\PD\Substation Phoenix\133115 TEP Springerville SFS"
"000000009598E9A20E04F041B38518182890A2D50100A3DF33FCC9BD1644BD14FCA330AA978500001FAA22D70000"	"\Divisions\PD\Substation Phoenix\136182 TEP NEC Trans Intercon FSA"
"000000009598E9A20E04F041B38518182890A2D5010012225CC57BF01F4EA8CCA87A792FF35F00013A0B91760000"	"\Divisions\PD\Substation Phoenix\148764 Xcel Quahada Satellite Install"
"000000009598E9A20E04F041B38518182890A2D5010012225CC57BF01F4EA8CCA87A792FF35F00025CA6B5FF0000"	"\Divisions\PD\Substation Phoenix\154531 WHITE DEER-115-13.2KV SUB COMM"
"000000009598E9A20E04F041B38518182890A2D5010012225CC57BF01F4EA8CCA87A792FF35F0002ABDCBE6D0000"	"\Divisions\PD\Substation Phoenix\158364 N-ALDRICH SECURITY COMM"
"000000009598E9A20E04F041B38518182890A2D50100A3DF33FCC9BD1644BD14FCA330AA97850000173B2D660000"	"\Divisions\PD\Substation Phoenix\VEA"
"000000009598E9A20E04F041B38518182890A2D5010064CEE54672FD844491A13B5C6CAEE87D0000002DBB150000"	"\Divisions\PD\Substation Portland\119263_P'Corp_Casper Substation"
"000000009598E9A20E04F041B38518182890A2D5010064CEE54672FD844491A13B5C6CAEE87D000000309D820000"	"\Divisions\PD\Substation Portland\120110_Oncor_Waco Atco Sub"
"000000009598E9A20E04F041B38518182890A2D5010064CEE54672FD844491A13B5C6CAEE87D00000034EB200000"	"\Divisions\PD\Substation Portland\120979_P_Seymour_Sub-9_MVAR_Cap"
"000000009598E9A20E04F041B38518182890A2D5010064CEE54672FD844491A13B5C6CAEE87D0000003731940000"	"\Divisions\PD\Substation Portland\121471_FSE_NEVADA_SOUTH_RIDGE_PROJECT"
"000000009598E9A20E04F041B38518182890A2D5010064CEE54672FD844491A13B5C6CAEE87D00000039FFCB0000"	"\Divisions\PD\Substation Portland\121921_BPA_ROGUE_UF_UV_RLYS_ALS"
"000000009598E9A20E04F041B38518182890A2D5010064CEE54672FD844491A13B5C6CAEE87D0000003A00020000"	"\Divisions\PD\Substation Portland\122058_JIMBRIDGER_UNIT_2_TI_LN"
"000000009598E9A20E04F041B38518182890A2D5010064CEE54672FD844491A13B5C6CAEE87D0000003BBD300000"	"\Divisions\PD\Substation Portland\122530_VALHALLA_REC_REV_8316"
"000000009598E9A20E04F041B38518182890A2D50100CB7D9B6512D7374A860FE542D5770392000001184FF80000"	"\Divisions\PD\Substation Portland\122773_PSE_Johnson_Hill"
"000000009598E9A20E04F041B38518182890A2D50100CB7D9B6512D7374A860FE542D57703920000012C33BD0000"	"\Divisions\PD\Substation Portland\123434 P'CORP HOUSTON LAKE SUB"
"000000009598E9A20E04F041B38518182890A2D501001953B16A689BCD4AA8FC82955DB27CB100000106CC700000"	"\Divisions\PD\Substation Portland\123935 P ANNA RPLC AUTO #1"
"000000009598E9A20E04F041B38518182890A2D501001953B16A689BCD4AA8FC82955DB27CB10000015DCCD70000"	"\Divisions\PD\Substation Portland\124113 P'CORP NERC LN (B48) RATINGS"
"000000009598E9A20E04F041B38518182890A2D501001953B16A689BCD4AA8FC82955DB27CB10000018FF75C0000"	"\Divisions\PD\Substation Portland\124477 P'CORP NERC LINE BB01-CA RTNGS"
"000000009598E9A20E04F041B38518182890A2D501001953B16A689BCD4AA8FC82955DB27CB1000001E0517F0000"	"\Divisions\PD\Substation Portland\124884 NEENACH SUBSTATION"
"000000009598E9A20E04F041B38518182890A2D50100A3DF33FCC9BD1644BD14FCA330AA978500000E92D30F0000"	"\Divisions\PD\Substation Portland\125605 - BPA FORT ROCK RAS DC REPL"
"000000009598E9A20E04F041B38518182890A2D50100A3DF33FCC9BD1644BD14FCA330AA97850000165D95E60000"	"\Divisions\PD\Substation Portland\126280 RECLOSER INITIATIVES - 12.4KV"
"000000009598E9A20E04F041B38518182890A2D50100A3DF33FCC9BD1644BD14FCA330AA97850000170485320000"	"\Divisions\PD\Substation Portland\126600 P'CORP NERC LN B41 RATINGS"
"000000009598E9A20E04F041B38518182890A2D50100A3DF33FCC9BD1644BD14FCA330AA9785000017320B400000"	"\Divisions\PD\Substation Portland\127046 BPA HANFORD 500KV"
"000000009598E9A20E04F041B38518182890A2D50100A3DF33FCC9BD1644BD14FCA330AA97850000230281120000"	"\Divisions\PD\Substation Portland\127573 P PARKER 345KV CB6870\Procurement"
"000000009598E9A20E04F041B38518182890A2D50100A3DF33FCC9BD1644BD14FCA330AA97850000177D2F750000"	"\Divisions\PD\Substation Portland\127964 P WEST LEVEE CB 055"
"000000009598E9A20E04F041B38518182890A2D50100A3DF33FCC9BD1644BD14FCA330AA9785000018234C440000"	"\Divisions\PD\Substation Portland\128391 DICKENSON GRND ELECT MOD"
"000000009598E9A20E04F041B38518182890A2D50100A3DF33FCC9BD1644BD14FCA330AA9785000018BE7CDB0000"	"\Divisions\PD\Substation Portland\128937 P'CORP PLATTE - PE - TOT4A-4B"
"000000009598E9A20E04F041B38518182890A2D50100A3DF33FCC9BD1644BD14FCA330AA97850000195AE6D70000"	"\Divisions\PD\Substation Portland\129501 PGE - HARBORTON SUBSTATION"
"000000009598E9A20E04F041B38518182890A2D50100A3DF33FCC9BD1644BD14FCA330AA97850000198C1C920000"	"\Divisions\PD\Substation Portland\129867 CRS DEVERS RAS"
"000000009598E9A20E04F041B38518182890A2D50100A3DF33FCC9BD1644BD14FCA330AA9785000019C867FA0000"	"\Divisions\PD\Substation Portland\130579 BPA BUCKLEY 500KV RELAY REPL"
"000000009598E9A20E04F041B38518182890A2D50100A3DF33FCC9BD1644BD14FCA330AA978500001AA0EF270000"	"\Divisions\PD\Substation Portland\131229 FSE - STATELINE - VENDOR AWARD"
"000000009598E9A20E04F041B38518182890A2D50100A3DF33FCC9BD1644BD14FCA330AA978500001B1611F90000"	"\Divisions\PD\Substation Portland\131713 P SAGINAW-REPLACE CB 70"
"000000009598E9A20E04F041B38518182890A2D50100A3DF33FCC9BD1644BD14FCA330AA978500001B5B365C0000"	"\Divisions\PD\Substation Portland\132220 P COMMERCE SW 69KV CB345 RPLC"
"000000009598E9A20E04F041B38518182890A2D50100A3DF33FCC9BD1644BD14FCA330AA978500001B8C71950000"	"\Divisions\PD\Substation Portland\132637 PNM RIO PUERCO 345KV EXPANSION"
"000000009598E9A20E04F041B38518182890A2D50100A3DF33FCC9BD1644BD14FCA330AA978500001C82D8220000"	"\Divisions\PD\Substation Portland\133093 PSE LANGLEY TAP PHOTO SIM"
"000000009598E9A20E04F041B38518182890A2D50100A3DF33FCC9BD1644BD14FCA330AA978500001CDBBA950000"	"\Divisions\PD\Substation Portland\133381 PGE - RUBY SUBSTATION"
"000000009598E9A20E04F041B38518182890A2D50100A3DF33FCC9BD1644BD14FCA330AA978500001DA024710000"	"\Divisions\PD\Substation Portland\134091 P'CORP SW WYOMING CROYDON"
"000000009598E9A20E04F041B38518182890A2D50100A3DF33FCC9BD1644BD14FCA330AA978500001DD9C39C0000"	"\Divisions\PD\Substation Portland\134473 P'CORP COALVILLE SLV CRK TLINE"
"000000009598E9A20E04F041B38518182890A2D50100A3DF33FCC9BD1644BD14FCA330AA978500001DF4393D0000"	"\Divisions\PD\Substation Portland\134871 PGE SUNSET SUB STUDIES"
"000000009598E9A20E04F041B38518182890A2D50100A3DF33FCC9BD1644BD14FCA330AA978500001E7A300A0000"	"\Divisions\PD\Substation Portland\135228 PGE - WEST UNION SUBSTATION"
"000000009598E9A20E04F041B38518182890A2D50100A3DF33FCC9BD1644BD14FCA330AA978500001F0D83EB0000"	"\Divisions\PD\Substation Portland\135722 P MESQUITE WEST: UPG 138 LN"
"000000009598E9A20E04F041B38518182890A2D50100A3DF33FCC9BD1644BD14FCA330AA978500001F613AA80000"	"\Divisions\PD\Substation Portland\135978 P RENNER SWTCHING 345 RING BUS"
"000000009598E9A20E04F041B38518182890A2D50100A3DF33FCC9BD1644BD14FCA330AA978500001FADB9F90000"	"\Divisions\PD\Substation Portland\136205 PGE - O & M AS BUILTS"
"000000009598E9A20E04F041B38518182890A2D50100A3DF33FCC9BD1644BD14FCA330AA9785000021303CC90000"	"\Divisions\PD\Substation Portland\137203 HUTCHINSON - RTU REPLACEMENT"
"000000009598E9A20E04F041B38518182890A2D50100A3DF33FCC9BD1644BD14FCA330AA9785000021DA19190000"	"\Divisions\PD\Substation Portland\137729 P'CORP CLVL PERMIT SUPPORT"
"000000009598E9A20E04F041B38518182890A2D50100A3DF33FCC9BD1644BD14FCA330AA9785000022E8CF890000"	"\Divisions\PD\Substation Portland\138576 P'CORP COALVILLE-CLVL TAP"
"000000009598E9A20E04F041B38518182890A2D50100A3DF33FCC9BD1644BD14FCA330AA978500002750EAE00000"	"\Divisions\PD\Substation Portland\138826 NO BLACKSBURG P13067006 42765"
"000000009598E9A20E04F041B38518182890A2D50100A3DF33FCC9BD1644BD14FCA330AA97850000242D1D880000"	"\Divisions\PD\Substation Portland\139366 PGE SUNSET VIAWEST"
"000000009598E9A20E04F041B38518182890A2D50100A3DF33FCC9BD1644BD14FCA330AA97850000256466460000"	"\Divisions\PD\Substation Portland\139726 P ALLEN SWTCH RPLC 345 CB6070"
"000000009598E9A20E04F041B38518182890A2D50100A3DF33FCC9BD1644BD14FCA330AA97850000267BACB70000"	"\Divisions\PD\Substation Portland\140244 LESLIE STN P14030008"
"000000009598E9A20E04F041B38518182890A2D50100A3DF33FCC9BD1644BD14FCA330AA9785000027922CEC0000"	"\Divisions\PD\Substation Portland\140627 P'CORP SWANSON COLL STN"
"000000009598E9A20E04F041B38518182890A2D50100F3BCE3A574023B4482F2E427B5A3121800004E834BF50000"	"\Divisions\PD\Substation Portland\141090 P'CORP DRAZIL SOLAR COLL STN"
"000000009598E9A20E04F041B38518182890A2D50100A3DF33FCC9BD1644BD14FCA330AA978500002A1A73CB0000"	"\Divisions\PD\Substation Portland\141478 P'CORP AGATE BAY SOLAR-FIBER"
"000000009598E9A20E04F041B38518182890A2D50100A3DF33FCC9BD1644BD14FCA330AA978500002A41FF380000"	"\Divisions\PD\Substation Portland\141935 ABB BENSON LAKE SVC"
"000000009598E9A20E04F041B38518182890A2D50100A3DF33FCC9BD1644BD14FCA330AA978500002AD8C2900000"	"\Divisions\PD\Substation Portland\142112 P HERITAGE SUB: RECON TNS 1&2"
"000000009598E9A20E04F041B38518182890A2D50100A3DF33FCC9BD1644BD14FCA330AA978500002C09C9560000"	"\Divisions\PD\Substation Portland\142756 P'CORP NEW DESCHUTES GRND MIT"
"000000009598E9A20E04F041B38518182890A2D50100A3DF33FCC9BD1644BD14FCA330AA978500002D7843DB0000"	"\Divisions\PD\Substation Portland\143091 HANCOCK A15705094"
"000000009598E9A20E04F041B38518182890A2D5010012225CC57BF01F4EA8CCA87A792FF35F0000057480430000"	"\Divisions\PD\Substation Portland\143398 P'CORP PILOT ROCK SUB"
"000000009598E9A20E04F041B38518182890A2D5010012225CC57BF01F4EA8CCA87A792FF35F0000264655060000"	"\Divisions\PD\Substation Portland\143830 ELMWOOD CB785"
"000000009598E9A20E04F041B38518182890A2D5010012225CC57BF01F4EA8CCA87A792FF35F00003646DD390000"	"\Divisions\PD\Substation Portland\144111 P'CORP DAIRY SOLAR SUB Q671"
"000000009598E9A20E04F041B38518182890A2D5010012225CC57BF01F4EA8CCA87A792FF35F0000672391510000"	"\Divisions\PD\Substation Portland\144812 BPA CHENOWETH RELAY REPLACE"
"000000009598E9A20E04F041B38518182890A2D5010012225CC57BF01F4EA8CCA87A792FF35F0000A32D97180000"	"\Divisions\PD\Substation Portland\146003 P'CORP PILOT BUTTE PH2-AB"
"000000009598E9A20E04F041B38518182890A2D5010012225CC57BF01F4EA8CCA87A792FF35F0000BEBBD4780000"	"\Divisions\PD\Substation Portland\146449 P ROANOKE - SYS PROT UPG"
"000000009598E9A20E04F041B38518182890A2D5010012225CC57BF01F4EA8CCA87A792FF35F0000FD2CBF2A0000"	"\Divisions\PD\Substation Portland\147853 FALLS FIBER ADDITION"
"000000009598E9A20E04F041B38518182890A2D5010012225CC57BF01F4EA8CCA87A792FF35F000118DC9E640000"	"\Divisions\PD\Substation Portland\148524 P'CORP PILOT BUTTE NERC PRC"
"000000009598E9A20E04F041B38518182890A2D5010012225CC57BF01F4EA8CCA87A792FF35F00012B5C43C70000"	"\Divisions\PD\Substation Portland\148978 CENTERPOINT FIBER"
"000000009598E9A20E04F041B38518182890A2D5010012225CC57BF01F4EA8CCA87A792FF35F0001420DD8100000"	"\Divisions\PD\Substation Portland\149269 P RENNER SWITCH-RPLC FAILED"
"000000009598E9A20E04F041B38518182890A2D5010064CEE54672FD844491A13B5C6CAEE87D00000034EB140000"	"\Divisions\PD\Substation Portland\PacifiCorp Cad Coordination\P&C\Design comments from PacifiCorp\WINDSTAR (Black Hills interconnect P&C Review 3))"
"000000009598E9A20E04F041B38518182890A2D5010064CEE54672FD844491A13B5C6CAEE87D000000309DA20000"	"\Divisions\PD\Substation Portland\PacifiCorp Cad Coordination\Physical\p&c"
"000000009598E9A20E04F041B38518182890A2D5010064CEE54672FD844491A13B5C6CAEE87D000000309DB10000"	"\Divisions\PD\Substation Portland\PacifiCorp Cad Coordination\Physical\submittal process"
"000000009598E9A20E04F041B38518182890A2D5010064CEE54672FD844491A13B5C6CAEE87D000000081A7C0000"	"\Divisions\PD\Substation Portland\Tomball Substation\90 Percent Review"
"000000009598E9A20E04F041B38518182890A2D5010064CEE54672FD844491A13B5C6CAEE87D000000081A670000"	"\Divisions\PD\Substation Portland\Tomball Substation\Meetings and Discussions"
"000000009598E9A20E04F041B38518182890A2D501001296C725372D7F4B86B758A22EA3141B0000006FCB130000"	"\Divisions\PD\Substation San Diego\_DMS Upload\111692 NASS Drafting Support"
"000000009598E9A20E04F041B38518182890A2D50100572FF007A7D6B64CA96E5CFE8E1CC1A40000003C07AD0000"	"\Divisions\PD\Substation San Diego\_DMS Upload\118002 Otay Ranch Photo Sim1"
"000000009598E9A20E04F041B38518182890A2D50100572FF007A7D6B64CA96E5CFE8E1CC1A400000016478F0000"	"\Divisions\PD\Substation San Diego\_DMS Upload\118063 SDG&E Oil Containment\Paradise"
"000000009598E9A20E04F041B38518182890A2D50100A3DF33FCC9BD1644BD14FCA330AA978500001E9205980000"	"\Divisions\PD\Substation San Diego\_HECO\132483 Kawailoa Solar"
"000000009598E9A20E04F041B38518182890A2D50100CB7D9B6512D7374A860FE542D5770392000001266FFE0000"	"\Divisions\PD\Substation San Diego\118618 Oakly Arc Flash"
"000000009598E9A20E04F041B38518182890A2D50100572FF007A7D6B64CA96E5CFE8E1CC1A4000000643D0A0000"	"\Divisions\PD\Substation San Diego\121197 2011 Substation Relay Upgrades"
"000000009598E9A20E04F041B38518182890A2D501001953B16A689BCD4AA8FC82955DB27CB10000006C52960000"	"\Divisions\PD\Substation San Diego\122377 Liggett Design Check"
"000000009598E9A20E04F041B38518182890A2D501001953B16A689BCD4AA8FC82955DB27CB10000012FEA3A0000"	"\Divisions\PD\Substation San Diego\122939 LTC AS-BUILT ELLIOT"
"000000009598E9A20E04F041B38518182890A2D50100CB7D9B6512D7374A860FE542D57703920000012C73260000"	"\Divisions\PD\Substation San Diego\123441 SCE Vincent Wiring QA/QC"
"000000009598E9A20E04F041B38518182890A2D501001953B16A689BCD4AA8FC82955DB27CB1000001E051350000"	"\Divisions\PD\Substation San Diego\124903 IID- Niland SUB Relay Prot. Upgr."
"000000009598E9A20E04F041B38518182890A2D50100A3DF33FCC9BD1644BD14FCA330AA978500001A25A5FF0000"	"\Divisions\PD\Substation San Diego\127262 VEA Pahrump"
"000000009598E9A20E04F041B38518182890A2D50100A3DF33FCC9BD1644BD14FCA330AA978500001B016B730000"	"\Divisions\PD\Substation San Diego\128642 SDG&E Copper Mtn Solar II\Copper Mtn Solar III"
"000000009598E9A20E04F041B38518182890A2D50100A3DF33FCC9BD1644BD14FCA330AA97850000199F738E0000"	"\Divisions\PD\Substation San Diego\129870 SUB AS-BUILT JAMACHA"
"000000009598E9A20E04F041B38518182890A2D50100A3DF33FCC9BD1644BD14FCA330AA978500001B20EB3D0000"	"\Divisions\PD\Substation San Diego\131700 CBM Sycamore Canyon Bank 72"
"000000009598E9A20E04F041B38518182890A2D50100A3DF33FCC9BD1644BD14FCA330AA978500001B862C0F0000"	"\Divisions\PD\Substation San Diego\132486 HECO Waianae Solar"
"000000009598E9A20E04F041B38518182890A2D50100A3DF33FCC9BD1644BD14FCA330AA978500001F22DAD30000"	"\Divisions\PD\Substation San Diego\134366 Hyatt Regency Maui"
"000000009598E9A20E04F041B38518182890A2D50100A3DF33FCC9BD1644BD14FCA330AA978500001EA1A3E00000"	"\Divisions\PD\Substation San Diego\135270 SDG&E Sub-AB Cabrillo"
"000000009598E9A20E04F041B38518182890A2D50100A3DF33FCC9BD1644BD14FCA330AA978500001F8492A70000"	"\Divisions\PD\Substation San Diego\136033 SDG&E Melrose Sub Brkr Replacement"
"000000009598E9A20E04F041B38518182890A2D50100A3DF33FCC9BD1644BD14FCA330AA9785000021D6A2330000"	"\Divisions\PD\Substation San Diego\137708 SDG&E Targeted Dsgn Engg Songs"
"000000009598E9A20E04F041B38518182890A2D50100A3DF33FCC9BD1644BD14FCA330AA97850000235E93420000"	"\Divisions\PD\Substation San Diego\138816 SDG&E Dist Protection Settings 2015"
"000000009598E9A20E04F041B38518182890A2D50100A3DF33FCC9BD1644BD14FCA330AA9785000025FE405C0000"	"\Divisions\PD\Substation San Diego\140104 SDGE SUB As-Building 2015/2016"
"000000009598E9A20E04F041B38518182890A2D50100A3DF33FCC9BD1644BD14FCA330AA978500002DF47C8A0000"	"\Divisions\PD\Substation San Diego\141994 SDG&E Borrego 2.0 Service"
"000000009598E9A20E04F041B38518182890A2D5010012225CC57BF01F4EA8CCA87A792FF35F000027EE5AE20000"	"\Divisions\PD\Substation San Diego\143856 SGD&E ENGR SRFTNG SUPPRT"
"000000009598E9A20E04F041B38518182890A2D501006C95E27D1ACA634AA1AADC20796388DD000000350EBC0000"	"\Divisions\PD\Substation St. Louis"
"000000009598E9A20E04F041B38518182890A2D50100A3DF33FCC9BD1644BD14FCA330AA97850000172EFBA10000"	"\Divisions\PD\Substation Syracuse\00 Syracuse Substation Calendar"
"000000009598E9A20E04F041B38518182890A2D50100A3DF33FCC9BD1644BD14FCA330AA97850000171584CE0000"	"\Divisions\Telecom\CenturyLink\CO"
"000000009598E9A20E04F041B38518182890A2D5010012225CC57BF01F4EA8CCA87A792FF35F00061787040E0000"	"\International\Canada"
"000000009598E9A20E04F041B38518182890A2D5010012225CC57BF01F4EA8CCA87A792FF35F00008C3235B00000"	"\Test\Test\Test1"
"000000009598E9A20E04F041B38518182890A2D5010012225CC57BF01F4EA8CCA87A792FF35F000670FBD04D0000"	"\zApplications\Aspen Users\Aspen Calendar\Aspen Calendar\Apen Calendar\Calendar\United States holidays"
"000000009598E9A20E04F041B38518182890A2D501006C95E27D1ACA634AA1AADC20796388DD000000758F620000"	"\zApplications\CDEGS Hardware Key\HIFREQ"
"000000009598E9A20E04F041B38518182890A2D5010012225CC57BF01F4EA8CCA87A792FF35F0003F9B2A4D70000"	"\zApplications\Easy Power"
"000000009598E9A20E04F041B38518182890A2D5010012225CC57BF01F4EA8CCA87A792FF35F000291F4A5600000"	"\zApplications\OMICRON Test Set"
"000000009598E9A20E04F041B38518182890A2D5010012225CC57BF01F4EA8CCA87A792FF35F000639EE8CC70000"	"\zApplications\SynerGEE Users\SynerGEE"
