"EntryId"	"Identity"
"000000009598E9A20E04F041B38518182890A2D5010012225CC57BF01F4EA8CCA87A792FF35F00057E6652BD0000"	"\Divisions\ENV\Bio Cul Resources\Central Cultural Resources\CCR Coordination"
"000000009598E9A20E04F041B38518182890A2D501001953B16A689BCD4AA8FC82955DB27CB10000017F514C0000"	"\Divisions\ENV\Environmental Anaheim\115245 BARREN RDG-EIR/EIS TA 01\EIS\DEIS\Comments on DEIS"
"000000009598E9A20E04F041B38518182890A2D501001953B16A689BCD4AA8FC82955DB27CB100000116413C0000"	"\Divisions\ENV\Environmental Anaheim\115245 BARREN RDG-EIR/EIS TA 01\EIS\Project Description"
"000000009598E9A20E04F041B38518182890A2D501006C95E27D1ACA634AA1AADC20796388DD00000081BF870000"	"\Divisions\ENV\Environmental Anaheim\115245 BARREN RDG-EIR/EIS TA 01\Public Involvement\Green Valley"
"000000009598E9A20E04F041B38518182890A2D501006C95E27D1ACA634AA1AADC20796388DD000000E51BF90000"	"\Divisions\ENV\Environmental Anaheim\115245 BARREN RDG-EIR/EIS TA 01\Resources\Cultural\Tribal Consultation"
"000000009598E9A20E04F041B38518182890A2D50100572FF007A7D6B64CA96E5CFE8E1CC1A40000001CC73A0000"	"\Divisions\ENV\Environmental Anaheim\117508-TA24 Castaic PP Sediment Removal"
"000000009598E9A20E04F041B38518182890A2D501006C95E27D1ACA634AA1AADC20796388DD000000D986F70000"	"\Divisions\ENV\Environmental Anaheim\118242 HAIWEE GEOTHERMAL LEASING EIS\Management\Contract\Corrective Action"
"000000009598E9A20E04F041B38518182890A2D501006C95E27D1ACA634AA1AADC20796388DD000000E3E1C80000"	"\Divisions\ENV\Environmental Anaheim\118242 HAIWEE GEOTHERMAL LEASING EIS\Resources\Soils"
"000000009598E9A20E04F041B38518182890A2D50100572FF007A7D6B64CA96E5CFE8E1CC1A40000002B9D810000"	"\Divisions\ENV\Environmental Anaheim\118957 TA15 BRRTP NEWSLETTERS 4 & 5"
"000000009598E9A20E04F041B38518182890A2D50100572FF007A7D6B64CA96E5CFE8E1CC1A40000003EA6730000"	"\Divisions\ENV\Environmental Anaheim\120205 TA18 BRRTP JOB OPS & TRNG PROG"
"000000009598E9A20E04F041B38518182890A2D50100A3DF33FCC9BD1644BD14FCA330AA97850000175B57BA0000"	"\Divisions\ENV\Environmental Anaheim\122512 RRG MESA SOLAR CEQA CONSULTANT\EIR/EA\NEPA"
"000000009598E9A20E04F041B38518182890A2D50100A3DF33FCC9BD1644BD14FCA330AA978500001F0421260000"	"\Divisions\ENV\Environmental Anaheim\124278 RRG BLYTHE II SOLAR PROJ EIR RRG BLYTHE II SOLAR PROJ EIR\Jensen emails"
"000000009598E9A20E04F041B38518182890A2D50100A3DF33FCC9BD1644BD14FCA330AA9785000016DB7A660000"	"\Divisions\ENV\Environmental Anaheim\125024 TA26 BRRTP FEIS/EIR TASKS\Admin Record"
"000000009598E9A20E04F041B38518182890A2D50100A3DF33FCC9BD1644BD14FCA330AA978500001F039B870000"	"\Divisions\ENV\Environmental Anaheim\125689 TA10 OWENS VALLEY DRAFT EIR\TA 10"
"000000009598E9A20E04F041B38518182890A2D50100A3DF33FCC9BD1644BD14FCA330AA9785000017DDEC850000"	"\Divisions\ENV\Environmental Anaheim\128016 - TA22 OWENS LAKE VIS SVCS"
"000000009598E9A20E04F041B38518182890A2D50100A3DF33FCC9BD1644BD14FCA330AA978500001C65B66D0000"	"\Divisions\ENV\Environmental Anaheim\130636 TA33 BRRTP PRE-CON PLNNG SPPT"
"000000009598E9A20E04F041B38518182890A2D50100A3DF33FCC9BD1644BD14FCA330AA978500001C65B64F0000"	"\Divisions\ENV\Environmental Anaheim\131367 TA37 SGS PALEO CONST MONITOR"
"000000009598E9A20E04F041B38518182890A2D50100A3DF33FCC9BD1644BD14FCA330AA978500001C6595AE0000"	"\Divisions\ENV\Environmental Anaheim\1322231 TA43 CASTAIC CRK BIO SERVICES"
"000000009598E9A20E04F041B38518182890A2D50100A3DF33FCC9BD1644BD14FCA330AA978500001F20B5720000"	"\Divisions\ENV\Environmental Anaheim\134971 GEOSYNTEC KAST SITE REM EIR"
"000000009598E9A20E04F041B38518182890A2D50100A3DF33FCC9BD1644BD14FCA330AA9785000021953EE60000"	"\Divisions\ENV\Environmental Anaheim\137399 CITY OF SANTA ANA CROSSWALK UG"
"000000009598E9A20E04F041B38518182890A2D5010012225CC57BF01F4EA8CCA87A792FF35F0000276BC4830000"	"\Divisions\ENV\Environmental Anaheim\141408 SANTIAGO HILLS II ARCH/PALEO "
"000000009598E9A20E04F041B38518182890A2D501006C95E27D1ACA634AA1AADC20796388DD00000064FEBA0000"	"\Divisions\ENV\Environmental Anaheim\BRRTP@powereng.com Email ONLY\E-Newsletter #1"
"000000009598E9A20E04F041B38518182890A2D501001953B16A689BCD4AA8FC82955DB27CB1000001B671640000"	"\Divisions\ENV\Environmental Austin\123872_TNMPC_Princeton Loop"
"000000009598E9A20E04F041B38518182890A2D50100A3DF33FCC9BD1644BD14FCA330AA9785000019AC537B0000"	"\Divisions\ENV\Environmental Austin\129296 GVEC CMC Tap to CMC Sub"
"000000009598E9A20E04F041B38518182890A2D50100A3DF33FCC9BD1644BD14FCA330AA9785000019309FCE0000"	"\Divisions\ENV\Environmental Austin\PARKWAY"
"000000009598E9A20E04F041B38518182890A2D50100A3DF33FCC9BD1644BD14FCA330AA97850000248C48F30000"	"\Divisions\ENV\Environmental Boise\114809 VANTAGE POMONA HTS SITING\FEIS"
"000000009598E9A20E04F041B38518182890A2D50100A3DF33FCC9BD1644BD14FCA330AA97850000239BF7360000"	"\Divisions\ENV\Environmental Boise\114809 VANTAGE POMONA HTS SITING\Meetings\Sage Trail Rd Mtg"
"000000009598E9A20E04F041B38518182890A2D501001953B16A689BCD4AA8FC82955DB27CB1000000F73FAA0000"	"\Divisions\ENV\Environmental Boise\114809 VANTAGE POMONA HTS SITING\Sarah_emails\Vantage Pomona\Data & Map Requests"
"000000009598E9A20E04F041B38518182890A2D50100A3DF33FCC9BD1644BD14FCA330AA9785000019BF58390000"	"\Divisions\ENV\Environmental Boise\114809 VANTAGE POMONA HTS SITING\SDEIS"
"000000009598E9A20E04F041B38518182890A2D501001953B16A689BCD4AA8FC82955DB27CB1000000F5ABA90000"	"\Divisions\ENV\Environmental Boise\115841 TransWestEnergy\Sarah_emails\TransWest\Data Received"
"000000009598E9A20E04F041B38518182890A2D501001953B16A689BCD4AA8FC82955DB27CB1000000F5AB970000"	"\Divisions\ENV\Environmental Boise\115841 TransWestEnergy\Sarah_emails\TransWest\Parcels"
"000000009598E9A20E04F041B38518182890A2D50100A3DF33FCC9BD1644BD14FCA330AA97850000176E66D40000"	"\Divisions\ENV\Environmental Boise\124464 RTRP 69KV ENVRMNTL & DSGN\Biology"
"000000009598E9A20E04F041B38518182890A2D50100A3DF33FCC9BD1644BD14FCA330AA978500002595A79F0000"	"\Divisions\ENV\Environmental Boise\139699 BCS BIO MONITOR PH. 1"
"000000009598E9A20E04F041B38518182890A2D5010012225CC57BF01F4EA8CCA87A792FF35F00004376CD7F0000"	"\Divisions\ENV\Environmental Boise\144330 WOOD AQUATIC RSRC MITIGATION"
"000000009598E9A20E04F041B38518182890A2D501006C95E27D1ACA634AA1AADC20796388DD000000AAFD6C0000"	"\Divisions\ENV\Environmental Boise\Biology_Dept\101973 Biology\BColket"
"000000009598E9A20E04F041B38518182890A2D501006C95E27D1ACA634AA1AADC20796388DD000000695C230000"	"\Divisions\ENV\Environmental Boise\Biology_Dept\101973 Biology\Linda E"
"000000009598E9A20E04F041B38518182890A2D501006C95E27D1ACA634AA1AADC20796388DD000000E56DDE0000"	"\Divisions\ENV\Environmental Boise\Biology_Dept\101973 Biology\SCopeland"
"000000009598E9A20E04F041B38518182890A2D501001953B16A689BCD4AA8FC82955DB27CB100000127C0F10000"	"\Divisions\ENV\Environmental Boise\Biology_Dept\knapp"
"000000009598E9A20E04F041B38518182890A2D501006C95E27D1ACA634AA1AADC20796388DD0000005101200000"	"\Divisions\ENV\Environmental Boise\GSA Contracts\Federal GSA"
"000000009598E9A20E04F041B38518182890A2D50100A3DF33FCC9BD1644BD14FCA330AA978500001A372F2A0000"	"\Divisions\ENV\Environmental Boise\Laptop upgrade\Chafin Beaver Creek"
"000000009598E9A20E04F041B38518182890A2D50100A3DF33FCC9BD1644BD14FCA330AA978500001AAF89520000"	"\Divisions\ENV\Environmental Cincinnati"
"000000009598E9A20E04F041B38518182890A2D50100A3DF33FCC9BD1644BD14FCA330AA978500001BCF536E0000"	"\Divisions\ENV\Environmental Cincinnati\130785 AK STEEL CORPORATION - 2013 NPDES MONIT-MIDDLETON"
"000000009598E9A20E04F041B38518182890A2D50100A3DF33FCC9BD1644BD14FCA330AA978500001BD1E1FD0000"	"\Divisions\ENV\Environmental Cincinnati\130824 TRC - ENBRIDGE FLD SRVY SPPRT, IL-IN"
"000000009598E9A20E04F041B38518182890A2D50100A3DF33FCC9BD1644BD14FCA330AA978500001BCE32A90000"	"\Divisions\ENV\Environmental Cincinnati\130856 ALCOA INC - LAKE LOUISE INVEST - ALCOA TN"
"000000009598E9A20E04F041B38518182890A2D50100A3DF33FCC9BD1644BD14FCA330AA978500001BCF2D4D0000"	"\Divisions\ENV\Environmental Cincinnati\130912 YSI INCORPORATED - YSI 1700/1725 BRANNUM LANE"
"000000009598E9A20E04F041B38518182890A2D50100A3DF33FCC9BD1644BD14FCA330AA978500001BD26AD20000"	"\Divisions\ENV\Environmental Cincinnati\130992 SANOFI - SLLI AWP - PHASE 500"
"000000009598E9A20E04F041B38518182890A2D50100A3DF33FCC9BD1644BD14FCA330AA978500001BCF53A30000"	"\Divisions\ENV\Environmental Cincinnati\131095 SANOFI - SLLI ARROW LAKE DAM DRAWDOWN"
"000000009598E9A20E04F041B38518182890A2D50100A3DF33FCC9BD1644BD14FCA330AA978500001BD5D2390000"	"\Divisions\ENV\Environmental Cincinnati\131131 CESO INC - CESO MAHONING 7 PIPELINE"
"000000009598E9A20E04F041B38518182890A2D50100A3DF33FCC9BD1644BD14FCA330AA978500001BCF1C440000"	"\Divisions\ENV\Environmental Cincinnati\131249 CATHOLIC HEATLHCARE PARTNERS - PH I ESA-CHP-KAISER PERM ACQ"
"000000009598E9A20E04F041B38518182890A2D50100A3DF33FCC9BD1644BD14FCA330AA978500001BD273530000"	"\Divisions\ENV\Environmental Cincinnati\131268 TENNESSEE VALLEY AUTHORITY - MIST NET SURVEYS - TN (2)"
"000000009598E9A20E04F041B38518182890A2D50100A3DF33FCC9BD1644BD14FCA330AA978500001BCDCC340000"	"\Divisions\ENV\Environmental Cincinnati\131508 ALCOA INC - ALCOA-LOC 7&8 CNCTP GRD PLNS"
"000000009598E9A20E04F041B38518182890A2D50100A3DF33FCC9BD1644BD14FCA330AA978500001BD6612A0000"	"\Divisions\ENV\Environmental Cincinnati\131737 PARSONS ENGINEERING SCIENCE - PETERS CARTRIDGE BAT SRVY"
"000000009598E9A20E04F041B38518182890A2D50100A3DF33FCC9BD1644BD14FCA330AA978500001BD660900000"	"\Divisions\ENV\Environmental Cincinnati\131938 PARSONS ENGINEERING SCIENCE - INDIANA BAT SURVEY PETERS CART"
"000000009598E9A20E04F041B38518182890A2D50100A3DF33FCC9BD1644BD14FCA330AA978500001BCF1BD00000"	"\Divisions\ENV\Environmental Cincinnati\132290 CLEAN WATER LIMITED - FACILITY RESPONSE PLAN PREP"
"000000009598E9A20E04F041B38518182890A2D50100A3DF33FCC9BD1644BD14FCA330AA978500001BCC3FF60000"	"\Divisions\ENV\Environmental Cincinnati\132665 JMA CONSULTANTS - JMA PHASE II ESA"
"000000009598E9A20E04F041B38518182890A2D50100A3DF33FCC9BD1644BD14FCA330AA978500001C12DD9B0000"	"\Divisions\ENV\Environmental Cincinnati\132877 CESO INC - RPT ADD UNIT 4B-8-ZEROVICH"
"000000009598E9A20E04F041B38518182890A2D50100A3DF33FCC9BD1644BD14FCA330AA978500001C9CD56A0000"	"\Divisions\ENV\Environmental Cincinnati\133166 CLEMENT & COMPANY LLC-BAT ASSESS -  LENOIR CITY"
"000000009598E9A20E04F041B38518182890A2D50100A3DF33FCC9BD1644BD14FCA330AA978500001D2FFDC90000"	"\Divisions\ENV\Environmental Cincinnati\133520 UNIVERSAL CONTRACTING CORP-SILICA EXP ASSESSMENT-GEA"
"000000009598E9A20E04F041B38518182890A2D50100A3DF33FCC9BD1644BD14FCA330AA978500001D773A480000"	"\Divisions\ENV\Environmental Cincinnati\133689 LOUDON HALL APARTMENTS, LP-PRT CLEARING MONITORING"
"000000009598E9A20E04F041B38518182890A2D50100A3DF33FCC9BD1644BD14FCA330AA978500001D8486E60000"	"\Divisions\ENV\Environmental Cincinnati\133871 MARATHON PETROLEUM COMPANY LP-MTD 2014 DCM PROJECTS"
"000000009598E9A20E04F041B38518182890A2D50100A3DF33FCC9BD1644BD14FCA330AA978500001DD0B1BB0000"	"\Divisions\ENV\Environmental Cincinnati\134372 MIAMI UNIVERSITY-PH I ESA-GREEN PROPERTY PURCH"
"000000009598E9A20E04F041B38518182890A2D50100A3DF33FCC9BD1644BD14FCA330AA978500001DE3C3BA0000"	"\Divisions\ENV\Environmental Cincinnati\134756 UNITED DAIRY FARMERS-FAR HILLS SUNOCO-SITE ASSESS"
"000000009598E9A20E04F041B38518182890A2D50100A3DF33FCC9BD1644BD14FCA330AA978500001E2DC9220000"	"\Divisions\ENV\Environmental Cincinnati\134977 ALCOA INC-Ph I ESA-8 VACANT PARCELS"
"000000009598E9A20E04F041B38518182890A2D50100A3DF33FCC9BD1644BD14FCA330AA978500001EB64EF10000"	"\Divisions\ENV\Environmental Cincinnati\135325 MILACRON INC-S28/S40 INTEGRITY TESTING"
"000000009598E9A20E04F041B38518182890A2D50100A3DF33FCC9BD1644BD14FCA330AA978500001F0401ED0000"	"\Divisions\ENV\Environmental Cincinnati\135652 KAIVAC, INC-ARSENIC IN SOIL - GEN CONSULT"
"000000009598E9A20E04F041B38518182890A2D50100A3DF33FCC9BD1644BD14FCA330AA978500001F709EE80000"	"\Divisions\ENV\Environmental Cincinnati\135986 MECHANICAL DYNAMICS & ANALYSIS LTD-ASBESTOS AIR MONITORING-LG&E"
"000000009598E9A20E04F041B38518182890A2D50100A3DF33FCC9BD1644BD14FCA330AA978500001FA246500000"	"\Divisions\ENV\Environmental Cincinnati\136149 OHIO DEPT OF TRANSPORTATION-ODOT ECO SCREENING-SR 32&SR125"
"000000009598E9A20E04F041B38518182890A2D50100A3DF33FCC9BD1644BD14FCA330AA97850000201C230B0000"	"\Divisions\ENV\Environmental Cincinnati\136417 MARATHON PETROLEUM CORPORATION-MPC - LEBANON JUNCTION, KY"
"000000009598E9A20E04F041B38518182890A2D50100A3DF33FCC9BD1644BD14FCA330AA9785000020D3F3770000"	"\Divisions\ENV\Environmental Cincinnati\136902 WHITEMAN OSTERMAN & HANNA LLP-BRINK'S-MW DECOMMISSIONING"
"000000009598E9A20E04F041B38518182890A2D50100A3DF33FCC9BD1644BD14FCA330AA9785000021AE6A500000"	"\Divisions\ENV\Environmental Cincinnati\137465 ALCOA INC-SOIL STOCKPILE"
"000000009598E9A20E04F041B38518182890A2D50100A3DF33FCC9BD1644BD14FCA330AA9785000021DA18A40000"	"\Divisions\ENV\Environmental Cincinnati\137693 ALCOA INC-LAKE CHARLES CONST"
"000000009598E9A20E04F041B38518182890A2D50100A3DF33FCC9BD1644BD14FCA330AA97850000226385AB0000"	"\Divisions\ENV\Environmental Cincinnati\138095 FLOWSERVE CORPORATION-PH 1&2 ESA CORPUS CHRISTI"
"000000009598E9A20E04F041B38518182890A2D50100A3DF33FCC9BD1644BD14FCA330AA9785000022A974D10000"	"\Divisions\ENV\Environmental Cincinnati\138487 UNITED DAIRY FARMERS-UDF 060 FLORENCE DISCHARGE"
"000000009598E9A20E04F041B38518182890A2D50100A3DF33FCC9BD1644BD14FCA330AA97850000236BE8F20000"	"\Divisions\ENV\Environmental Cincinnati\138834 APPALACHIAN ELECTRIC COOPERATIVE-BEAN STATION SUBSTATION"
"000000009598E9A20E04F041B38518182890A2D50100A3DF33FCC9BD1644BD14FCA330AA9785000023FED6300000"	"\Divisions\ENV\Environmental Cincinnati\139193 POWER ENGINEERS CONSULTING, A PSC-WELL CLOSURE - LAWRENCE, MA"
"000000009598E9A20E04F041B38518182890A2D50100A3DF33FCC9BD1644BD14FCA330AA97850000255D983A0000"	"\Divisions\ENV\Environmental Cincinnati\139675THE PROCTER & GAMBLE COMPANY -  PETROL CONTAM SOIL CONSULT"
"000000009598E9A20E04F041B38518182890A2D50100A3DF33FCC9BD1644BD14FCA330AA97850000201DE7B60000"	"\Divisions\ENV\Environmental Cincinnati\Telecom"
"000000009598E9A20E04F041B38518182890A2D5010012225CC57BF01F4EA8CCA87A792FF35F00039FFF356F0000"	"\Divisions\ENV\Environmental Division"
"000000009598E9A20E04F041B38518182890A2D50100A3DF33FCC9BD1644BD14FCA330AA97850000170CDDBC0000"	"\Divisions\ENV\Environmental Freeport\126724 B&G FOODS NA-COMPL & PERMIT SVCS"
"000000009598E9A20E04F041B38518182890A2D50100A3DF33FCC9BD1644BD14FCA330AA978500001F2295080000"	"\Divisions\ENV\Environmental Freeport\135803 ENV POUND 40561"
"000000009598E9A20E04F041B38518182890A2D5010012225CC57BF01F4EA8CCA87A792FF35F0001400D77220000"	"\Divisions\ENV\Environmental Freeport\149313_IDEXX-PARKING_EXPANSION"
"000000009598E9A20E04F041B38518182890A2D50100A3DF33FCC9BD1644BD14FCA330AA978500001DCAD7C00000"	"\Divisions\ENV\Environmental Freeport\CLOSED PROJECTS\126917 RSA-BIOREFINERY AIR QUAL"
"000000009598E9A20E04F041B38518182890A2D50100A3DF33FCC9BD1644BD14FCA330AA978500001B290EBD0000"	"\Divisions\ENV\Environmental Freeport\CLOSED PROJECTS\131841 PJ MARINA - SPCC & SWMP"
"000000009598E9A20E04F041B38518182890A2D50100A3DF33FCC9BD1644BD14FCA330AA97850000204D93490000"	"\Divisions\ENV\Environmental Freeport\CLOSED PROJECTS\134283 UNH-WHITTEMORE EMERG ACTION"
"000000009598E9A20E04F041B38518182890A2D5010012225CC57BF01F4EA8CCA87A792FF35F000005747FC30000"	"\Divisions\ENV\Environmental Freeport\CLOSED PROJECTS\137965 PRH-EMISSIONS BASED FEE"
"000000009598E9A20E04F041B38518182890A2D50100A3DF33FCC9BD1644BD14FCA330AA978500002C140FED0000"	"\Divisions\ENV\Environmental Freeport\CLOSED PROJECTS\139189 EMMC-COGEN TESTING 2015"
"000000009598E9A20E04F041B38518182890A2D5010012225CC57BF01F4EA8CCA87A792FF35F000084D9B9EF0000"	"\Divisions\ENV\Environmental Freeport\CLOSED PROJECTS\141073 FNST-MTC TIER 2 CY2015"
"000000009598E9A20E04F041B38518182890A2D5010012225CC57BF01F4EA8CCA87A792FF35F00000C45260C0000"	"\Divisions\ENV\Environmental Freeport\CLOSED PROJECTS\143425 FNST-NORTHFIELD AUDIT 2016"
"000000009598E9A20E04F041B38518182890A2D5010012225CC57BF01F4EA8CCA87A792FF35F00008C3235CE0000"	"\Divisions\ENV\Environmental Freeport\CLOSED PROJECTS\145508 FNST ASHLAND TIER 2 CY2016"
"000000009598E9A20E04F041B38518182890A2D5010012225CC57BF01F4EA8CCA87A792FF35F00010B30476A0000"	"\Divisions\ENV\Environmental Freeport\CLOSED PROJECTS\148253_FNST_BRISTOL_AUDIT_TOXICS_2017"
"000000009598E9A20E04F041B38518182890A2D5010012225CC57BF01F4EA8CCA87A792FF35F0001681505CA0000"	"\Divisions\ENV\Environmental Freeport\CLOSED PROJECTS\150501 FNST MANCHESTER TIER 2 CY2017"
"000000009598E9A20E04F041B38518182890A2D5010012225CC57BF01F4EA8CCA87A792FF35F0001CBD96D710000"	"\Divisions\ENV\Environmental Freeport\CLOSED PROJECTS\153206 UMAINE FY19 AIR REPORTING"
"000000009598E9A20E04F041B38518182890A2D50100572FF007A7D6B64CA96E5CFE8E1CC1A400000012923A0000"	"\Divisions\ENV\Environmental Hailey\113560 - RERC 3&4"
"000000009598E9A20E04F041B38518182890A2D50100A3DF33FCC9BD1644BD14FCA330AA978500001F19EAA40000"	"\Divisions\ENV\Environmental Hailey\115549 - Stockton1"
"000000009598E9A20E04F041B38518182890A2D50100572FF007A7D6B64CA96E5CFE8E1CC1A40000001BBDA70000"	"\Divisions\ENV\Environmental Hailey\117381 - Fairfield"
"000000009598E9A20E04F041B38518182890A2D50100A3DF33FCC9BD1644BD14FCA330AA978500001F19FEE20000"	"\Divisions\ENV\Environmental Hailey\118092 - Jackrabbit\ADEIS\Admin"
"000000009598E9A20E04F041B38518182890A2D50100572FF007A7D6B64CA96E5CFE8E1CC1A400000059577C0000"	"\Divisions\ENV\Environmental Hailey\119864 - BPA"
"000000009598E9A20E04F041B38518182890A2D50100A3DF33FCC9BD1644BD14FCA330AA978500001E2DDC810000"	"\Divisions\ENV\Environmental Hailey\124186_EGS\Disturbance Calcs"
"000000009598E9A20E04F041B38518182890A2D501001953B16A689BCD4AA8FC82955DB27CB1000001E052110000"	"\Divisions\ENV\Environmental Hailey\124186_EGS\Kirsten\AccessRoads"
"000000009598E9A20E04F041B38518182890A2D50100A3DF33FCC9BD1644BD14FCA330AA9785000017C913980000"	"\Divisions\ENV\Environmental Hailey\124186_EGS\Paragon Data Acquisition"
"000000009598E9A20E04F041B38518182890A2D50100A3DF33FCC9BD1644BD14FCA330AA9785000017732B690000"	"\Divisions\ENV\Environmental Hailey\124186_EGS\PPM\Sharepoint, DORY, Doc Uploads"
"000000009598E9A20E04F041B38518182890A2D50100A3DF33FCC9BD1644BD14FCA330AA97850000199127050000"	"\Divisions\ENV\Environmental Hailey\124186_EGS\RMP Data Acquisition"
"000000009598E9A20E04F041B38518182890A2D50100A3DF33FCC9BD1644BD14FCA330AA978500001F1AA2950000"	"\Divisions\ENV\Environmental Hailey\126564 - Bagby-Reed\Agency Contacts and Response"
"000000009598E9A20E04F041B38518182890A2D50100A3DF33FCC9BD1644BD14FCA330AA978500001B7EF3130000"	"\Divisions\ENV\Environmental Hailey\128143 - R-Project (NPPD)\Biology"
"000000009598E9A20E04F041B38518182890A2D50100A3DF33FCC9BD1644BD14FCA330AA978500001B2021320000"	"\Divisions\ENV\Environmental Hailey\128151 HELCO"
"000000009598E9A20E04F041B38518182890A2D50100A3DF33FCC9BD1644BD14FCA330AA978500001F2399840000"	"\Divisions\ENV\Environmental Hailey\135865 - US Silver Wetland Monit."
"000000009598E9A20E04F041B38518182890A2D50100E34BFE500669CD49AC2E27C6C54DE39D0000001D3C860000"	"\Divisions\ENV\Environmental Houston\00_PROPOSALS\OH_Invoices"
"000000009598E9A20E04F041B38518182890A2D50100A3DF33FCC9BD1644BD14FCA330AA978500001926964D0000"	"\Divisions\ENV\Environmental Houston\124536_ETT Laredo - Valley 345 kV"
"000000009598E9A20E04F041B38518182890A2D50100A3DF33FCC9BD1644BD14FCA330AA978500001BD1E10C0000"	"\Divisions\ENV\Environmental Knoxville\130896 MARATHON PETROLEUM COMPANY LP - 2013 OWC 3 PIPE FLOODPLAIN"
"000000009598E9A20E04F041B38518182890A2D5010012225CC57BF01F4EA8CCA87A792FF35F000075E8E1190000"	"\Divisions\ENV\Environmental Knoxville\145003 MARATHON PETROLEUM CORPORATION-2017 HARPSTER-LIMA PIPELINE"
"000000009598E9A20E04F041B38518182890A2D50100CB7D9B6512D7374A860FE542D57703920000011748090000"	"\Divisions\ENV\Environmental Phoenix\122735_Qwest_N Como Rd Arch Survey"
"000000009598E9A20E04F041B38518182890A2D501001953B16A689BCD4AA8FC82955DB27CB100000159B9100000"	"\Divisions\ENV\Environmental Phoenix\124251 CL Fttn 1213Q3L Catalina Hwy"
"000000009598E9A20E04F041B38518182890A2D50100A3DF33FCC9BD1644BD14FCA330AA9785000017730E490000"	"\Divisions\ENV\Environmental Phoenix\127821 CL_E.327818 Hwy92, Palominos SWPPP"
"000000009598E9A20E04F041B38518182890A2D50100A3DF33FCC9BD1644BD14FCA330AA9785000019AF4E4F0000"	"\Divisions\ENV\Environmental Phoenix\130269 CL_E.291385 W Old Ina Road"
"000000009598E9A20E04F041B38518182890A2D50100A3DF33FCC9BD1644BD14FCA330AA978500001C85AB3A0000"	"\Divisions\ENV\Environmental Phoenix\133036 Himes_Commonwealth BRRW Pit"
"000000009598E9A20E04F041B38518182890A2D501001953B16A689BCD4AA8FC82955DB27CB10000018B327D0000"	"\Divisions\ENV\Public Outreach and Communication\_13 Old Ranch Road"
"000000009598E9A20E04F041B38518182890A2D501001953B16A689BCD4AA8FC82955DB27CB100000149736D0000"	"\Divisions\ENV\Public Outreach and Communication\114809  Vantage to Pomona Sims"
"000000009598E9A20E04F041B38518182890A2D501001953B16A689BCD4AA8FC82955DB27CB1000001F7692B0000"	"\Divisions\ENV\Public Outreach and Communication\118002 OTAY"
"000000009598E9A20E04F041B38518182890A2D501006C95E27D1ACA634AA1AADC20796388DD000000C413A40000"	"\Divisions\ENV\Public Outreach and Communication\120920 Steiner Dev_Canyon Crest PUD-Prelim Plat"
"000000009598E9A20E04F041B38518182890A2D501006C95E27D1ACA634AA1AADC20796388DD000000EBD0640000"	"\Divisions\ENV\Public Outreach and Communication\122126 Boise Vlly Church of Brethren"
"000000009598E9A20E04F041B38518182890A2D50100A3DF33FCC9BD1644BD14FCA330AA9785000018DC6EF60000"	"\Divisions\ENV\Public Outreach and Communication\123824 McHenry Solar Farm Permit1"
"000000009598E9A20E04F041B38518182890A2D50100A3DF33FCC9BD1644BD14FCA330AA978500000E6FF0EC0000"	"\Divisions\ENV\Public Outreach and Communication\125193 PEPCO_Ocean City"
"000000009598E9A20E04F041B38518182890A2D50100A3DF33FCC9BD1644BD14FCA330AA9785000018DC95680000"	"\Divisions\ENV\Public Outreach and Communication\126956 CenturyLink - White Spar"
"000000009598E9A20E04F041B38518182890A2D50100A3DF33FCC9BD1644BD14FCA330AA978500001845522B0000"	"\Divisions\ENV\Public Outreach and Communication\127725  Denton-McKinneyAudraSubstations"
"000000009598E9A20E04F041B38518182890A2D50100A3DF33FCC9BD1644BD14FCA330AA9785000018DB8A830000"	"\Divisions\ENV\Public Outreach and Communication\129100 Westwood Sky Fuel G/G"
"000000009598E9A20E04F041B38518182890A2D50100A3DF33FCC9BD1644BD14FCA330AA978500001AA44E170000"	"\Divisions\ENV\Public Outreach and Communication\131239 Exelon_Netsi Trn Video Sim Mod"
"000000009598E9A20E04F041B38518182890A2D50100A3DF33FCC9BD1644BD14FCA330AA978500001B7DFB210000"	"\Divisions\ENV\Public Outreach and Communication\132436 VLA Lucky Ranch 13"
"000000009598E9A20E04F041B38518182890A2D50100A3DF33FCC9BD1644BD14FCA330AA978500001DF13B8B0000"	"\Divisions\ENV\Public Outreach and Communication\133818 JuanitaSammamish"
"000000009598E9A20E04F041B38518182890A2D5010012225CC57BF01F4EA8CCA87A792FF35F000052525A720000"	"\Divisions\ENV\Public Outreach and Communication\135362 - Broad Run Expansion Project Graphic Support"
"000000009598E9A20E04F041B38518182890A2D50100A3DF33FCC9BD1644BD14FCA330AA978500001FF172550000"	"\Divisions\ENV\Public Outreach and Communication\136271 Bat Animation"
"000000009598E9A20E04F041B38518182890A2D50100A3DF33FCC9BD1644BD14FCA330AA9785000024F164C70000"	"\Divisions\ENV\Public Outreach and Communication\138595 RUPS Visualization"
"000000009598E9A20E04F041B38518182890A2D50100A3DF33FCC9BD1644BD14FCA330AA978500002A19D3AE0000"	"\Divisions\ENV\Public Outreach and Communication\139722 (MMT) Modular Marketing Toolkit"
"000000009598E9A20E04F041B38518182890A2D5010012225CC57BF01F4EA8CCA87A792FF35F000016F563CD0000"	"\Divisions\ENV\Public Outreach and Communication\140773 CMP Kennebec River Crossing"
"000000009598E9A20E04F041B38518182890A2D50100A3DF33FCC9BD1644BD14FCA330AA978500002BB9F4070000"	"\Divisions\ENV\Public Outreach and Communication\142409 Hecla Lucky Friday"
"000000009598E9A20E04F041B38518182890A2D5010012225CC57BF01F4EA8CCA87A792FF35F000027EE5AD40000"	"\Divisions\ENV\Public Outreach and Communication\143856 SDGE Ocotillo Sims"
"000000009598E9A20E04F041B38518182890A2D5010012225CC57BF01F4EA8CCA87A792FF35F00006723915B0000"	"\Divisions\ENV\Public Outreach and Communication\144820 AEP Evenside-Henderson TLine"
"000000009598E9A20E04F041B38518182890A2D5010012225CC57BF01F4EA8CCA87A792FF35F0000BD510F3E0000"	"\Divisions\ENV\Public Outreach and Communication\146437 Delmarva (Harmony)"
"000000009598E9A20E04F041B38518182890A2D5010012225CC57BF01F4EA8CCA87A792FF35F0001EC547E2E0000"	"\Divisions\ENV\Public Outreach and Communication\153842 Aerographics Bonneville Flood"
"000000009598E9A20E04F041B38518182890A2D50100A3DF33FCC9BD1644BD14FCA330AA97850000281D4F570000"	"\Divisions\ENV\Public Outreach and Communication\Eustis to Eustis South"
"000000009598E9A20E04F041B38518182890A2D501006C95E27D1ACA634AA1AADC20796388DD000000CEF1990000"	"\Divisions\ENV\Public Outreach and Communication\RTRP"
"000000009598E9A20E04F041B38518182890A2D5010012225CC57BF01F4EA8CCA87A792FF35F0005E942F31D0000"	"\Divisions\Facilities \Chemical Technology Solutions\CTS Calendar"
"000000009598E9A20E04F041B38518182890A2D5010012225CC57BF01F4EA8CCA87A792FF35F000605415B300000"	"\Divisions\Generation\CAE PTO"
"000000009598E9A20E04F041B38518182890A2D501006C95E27D1ACA634AA1AADC20796388DD000000AD6E750000"	"\Divisions\Industrial\CAD"
"000000009598E9A20E04F041B38518182890A2D501006C95E27D1ACA634AA1AADC20796388DD00000005383B0000"	"\Divisions\Industrial\Food Processing\Food Processing Contacts"
"000000009598E9A20E04F041B38518182890A2D501001296C725372D7F4B86B758A22EA3141B000000550BC00000"	"\Divisions\Industrial\Generation\ATL Civil Structural\Civil Calendar"
"000000009598E9A20E04F041B38518182890A2D501006C95E27D1ACA634AA1AADC20796388DD00000016CE900000"	"\Divisions\Industrial\Mechanical"
"000000009598E9A20E04F041B38518182890A2D5010012225CC57BF01F4EA8CCA87A792FF35F0000EB72E2380000"	"\Divisions\Operations\Administration\Big Wood Golf Passes"
"000000009598E9A20E04F041B38518182890A2D50100572FF007A7D6B64CA96E5CFE8E1CC1A40000005053B50000"	"\Divisions\Operations\Finance\Taxes\AK\Anchorage - NO tax"
"000000009598E9A20E04F041B38518182890A2D501001296C725372D7F4B86B758A22EA3141B000000530DEB0000"	"\Divisions\Operations\Finance\Taxes\AZ\Closed\111786"
"000000009598E9A20E04F041B38518182890A2D50100572FF007A7D6B64CA96E5CFE8E1CC1A4000000395FAF0000"	"\Divisions\Operations\Finance\Taxes\AZ\Sulphur Springs\115032"
"000000009598E9A20E04F041B38518182890A2D50100572FF007A7D6B64CA96E5CFE8E1CC1A40000001A6E180000"	"\Divisions\Operations\Finance\Taxes\CA\Pittsburg\LOS ANGELES"
"000000009598E9A20E04F041B38518182890A2D50100572FF007A7D6B64CA96E5CFE8E1CC1A400000036CDF50000"	"\Divisions\Operations\Finance\Taxes\CANADA\Manitoba \Manitoba Hydro"
"000000009598E9A20E04F041B38518182890A2D50100572FF007A7D6B64CA96E5CFE8E1CC1A40000002084C80000"	"\Divisions\Operations\Finance\Taxes\CO\CDOT"
"000000009598E9A20E04F041B38518182890A2D50100CB7D9B6512D7374A860FE542D577039200000116D9AB0000"	"\Divisions\Operations\Finance\Taxes\General Tax Forms"
"000000009598E9A20E04F041B38518182890A2D501001296C725372D7F4B86B758A22EA3141B0000005A742C0000"	"\Divisions\Operations\Finance\Taxes\IL"
"000000009598E9A20E04F041B38518182890A2D50100572FF007A7D6B64CA96E5CFE8E1CC1A400000049F2790000"	"\Divisions\Operations\Finance\Taxes\Nicaragua"
"000000009598E9A20E04F041B38518182890A2D501001296C725372D7F4B86B758A22EA3141B0000007661530000"	"\Divisions\Operations\Finance\Taxes\NM\Old"
"000000009598E9A20E04F041B38518182890A2D501001296C725372D7F4B86B758A22EA3141B0000007829B40000"	"\Divisions\Operations\Finance\Taxes\Panama"
"000000009598E9A20E04F041B38518182890A2D50100CB7D9B6512D7374A860FE542D5770392000001184FC40000"	"\Divisions\Operations\Finance\Taxes\TAX ALERT - PROJECTS\CA"
"000000009598E9A20E04F041B38518182890A2D501001296C725372D7F4B86B758A22EA3141B000000433FA60000"	"\Divisions\Operations\Finance\Taxes\TX"
"000000009598E9A20E04F041B38518182890A2D501001296C725372D7F4B86B758A22EA3141B000000674FBC0000"	"\Divisions\Operations\Finance\Taxes\WA\PTE"
"000000009598E9A20E04F041B38518182890A2D50100A3DF33FCC9BD1644BD14FCA330AA97850000217FFEDA0000"	"\Divisions\Operations\Governance\Corporate Administration\Corporate Admin"
"000000009598E9A20E04F041B38518182890A2D5010012225CC57BF01F4EA8CCA87A792FF35F0001A0F221DB0000"	"\Divisions\Operations\Information Technology\Change Freeze Calendar"
"000000009598E9A20E04F041B38518182890A2D50100E34BFE500669CD49AC2E27C6C54DE39D0000003005020000"	"\Divisions\Operations\Information Technology\Networking\Active Projects and Charge Numbers"
"000000009598E9A20E04F041B38518182890A2D50100CB7D9B6512D7374A860FE542D57703920000012534140000"	"\Divisions\Operations\Legal\Legal"
"000000009598E9A20E04F041B38518182890A2D50100A3DF33FCC9BD1644BD14FCA330AA9785000016F5F6840000"	"\Divisions\Operations\Office Build-Out Projects Folder\Projects\2012LAX01EXP"
"000000009598E9A20E04F041B38518182890A2D50100A3DF33FCC9BD1644BD14FCA330AA9785000016F5F8600000"	"\Divisions\Operations\Office Build-Out Projects Folder\Projects\2012PTL01EXP\Proposals/Workplans"
"000000009598E9A20E04F041B38518182890A2D50100A3DF33FCC9BD1644BD14FCA330AA9785000016F5F6A50000"	"\Divisions\Operations\Office Build-Out Projects Folder\Projects\2012TMP01NEW"
"000000009598E9A20E04F041B38518182890A2D50100A3DF33FCC9BD1644BD14FCA330AA97850000190A3B920000"	"\Divisions\PD\121802 E.ON MUNNSVILLE ARC FLASH"
"000000009598E9A20E04F041B38518182890A2D5010012225CC57BF01F4EA8CCA87A792FF35F000519F25F610000"	"\Divisions\PD\Boston\Vehicle443"
"000000009598E9A20E04F041B38518182890A2D5010012225CC57BF01F4EA8CCA87A792FF35F000200BFC82A0000"	"\Divisions\PD\Distribution Services\Dept. 330\Dept 330"
"000000009598E9A20E04F041B38518182890A2D50100A3DF33FCC9BD1644BD14FCA330AA9785000020988C5F0000"	"\Divisions\PD\Distribution Services\Distribution Design Services\00_DMS Upload\136663_Oncor_W TX Distr Inspect"
"000000009598E9A20E04F041B38518182890A2D50100A3DF33FCC9BD1644BD14FCA330AA97850000213589F00000"	"\Divisions\PD\Distribution Services\Distribution Design Services\136658 - MSA W. NEWBURY"
"000000009598E9A20E04F041B38518182890A2D50100A3DF33FCC9BD1644BD14FCA330AA9785000025FAE1AF0000"	"\Divisions\PD\Distribution Services\Distribution Design Services\140091 - PGE West Union"
"000000009598E9A20E04F041B38518182890A2D50100A3DF33FCC9BD1644BD14FCA330AA978500002BF9C1210000"	"\Divisions\PD\Distribution Services\Distribution Design Services\142671 - ONCOR Mid Town Express (Euless)"
"000000009598E9A20E04F041B38518182890A2D5010012225CC57BF01F4EA8CCA87A792FF35F00003F053F900000"	"\Divisions\PD\Distribution Services\Distribution Design Services\144296 - FW CPN 02272 RIVERSIDE DR"
"000000009598E9A20E04F041B38518182890A2D5010012225CC57BF01F4EA8CCA87A792FF35F00009DE2D8150000"	"\Divisions\PD\Distribution Services\Distribution Design Services\145913 - PCORP LASSEN SUB CALTRANS"
"000000009598E9A20E04F041B38518182890A2D5010012225CC57BF01F4EA8CCA87A792FF35F0000C512A5540000"	"\Divisions\PD\Distribution Services\Distribution Design Services\146526 - SRP T2147751-CAB UW PCR RSVLT"
"000000009598E9A20E04F041B38518182890A2D5010012225CC57BF01F4EA8CCA87A792FF35F0001074EFEC30000"	"\Divisions\PD\Distribution Services\Distribution Design Services\147221 - E-RUSTY SPIKE 221/SUTRO 241"
"000000009598E9A20E04F041B38518182890A2D5010012225CC57BF01F4EA8CCA87A792FF35F0000FC6D03D90000"	"\Divisions\PD\Distribution Services\Distribution Design Services\147646 - APACE 8996"
"000000009598E9A20E04F041B38518182890A2D5010012225CC57BF01F4EA8CCA87A792FF35F0000FFBD37FC0000"	"\Divisions\PD\Distribution Services\Distribution Design Services\148011 - SCE MARIPOSA RELAY SETTINGS"
"000000009598E9A20E04F041B38518182890A2D50100A3DF33FCC9BD1644BD14FCA330AA978500001933CEA40000"	"\Divisions\PD\Distribution Services\Distribution Services Management Group"
"000000009598E9A20E04F041B38518182890A2D50100A3DF33FCC9BD1644BD14FCA330AA978500000EA6BB0E0000"	"\Divisions\PD\Distribution Services\Substation Benbrook\117723_SULP_Taylor Sub\SRM"
"000000009598E9A20E04F041B38518182890A2D50100E34BFE500669CD49AC2E27C6C54DE39D0000002687870000"	"\Divisions\PD\Distribution Services\Substation Benbrook\117749_Ben Wheeler Sw Sta"
"000000009598E9A20E04F041B38518182890A2D50100E34BFE500669CD49AC2E27C6C54DE39D0000002688090000"	"\Divisions\PD\Distribution Services\Substation Benbrook\117801_SRG&T NERC"
"000000009598E9A20E04F041B38518182890A2D50100E34BFE500669CD49AC2E27C6C54DE39D0000002688230000"	"\Divisions\PD\Distribution Services\Substation Benbrook\117842_Tex-La OP Com AEP"
"000000009598E9A20E04F041B38518182890A2D50100E34BFE500669CD49AC2E27C6C54DE39D00000026882A0000"	"\Divisions\PD\Distribution Services\Substation Benbrook\117878_PHEC Motor Start"
"000000009598E9A20E04F041B38518182890A2D50100E34BFE500669CD49AC2E27C6C54DE39D0000002688000000"	"\Divisions\PD\Distribution Services\Substation Benbrook\117909_BCEC Anderson Ck"
"000000009598E9A20E04F041B38518182890A2D50100E34BFE500669CD49AC2E27C6C54DE39D0000002688100000"	"\Divisions\PD\Distribution Services\Substation Benbrook\117948_FCEC WO Review"
"000000009598E9A20E04F041B38518182890A2D50100E34BFE500669CD49AC2E27C6C54DE39D0000002688070000"	"\Divisions\PD\Distribution Services\Substation Benbrook\118052_SRG&T SCADA"
"000000009598E9A20E04F041B38518182890A2D50100E34BFE500669CD49AC2E27C6C54DE39D0000002D27000000"	"\Divisions\PD\Distribution Services\Substation Benbrook\119581_Tex-La_Trans Study"
"000000009598E9A20E04F041B38518182890A2D50100E34BFE500669CD49AC2E27C6C54DE39D0000003A88B10000"	"\Divisions\PD\Distribution Services\Substation Benbrook\121723_DETEC_San Augustine Sub"
"000000009598E9A20E04F041B38518182890A2D50100A3DF33FCC9BD1644BD14FCA330AA978500001FB0534F0000"	"\Divisions\PD\Distribution Services\Substation Benbrook\122897_GVEC_Wilson T2\SRM"
"000000009598E9A20E04F041B38518182890A2D50100A3DF33FCC9BD1644BD14FCA330AA97850000212EC76E0000"	"\Divisions\PD\Distribution Services\Substation Benbrook\123704_DETEC_Timpson-Fitze\SRM"
"000000009598E9A20E04F041B38518182890A2D50100A3DF33FCC9BD1644BD14FCA330AA978500001606C39C0000"	"\Divisions\PD\Distribution Services\Substation Benbrook\126147_FEC WP"
"000000009598E9A20E04F041B38518182890A2D50100A3DF33FCC9BD1644BD14FCA330AA9785000019417EE20000"	"\Divisions\PD\Distribution Services\Substation Benbrook\129008_HCEC_Pleasant Spr"
"000000009598E9A20E04F041B38518182890A2D50100A3DF33FCC9BD1644BD14FCA330AA978500001A35756C0000"	"\Divisions\PD\Distribution Services\Substation Benbrook\130768_TVEC_UF Relay"
"000000009598E9A20E04F041B38518182890A2D50100A3DF33FCC9BD1644BD14FCA330AA978500001B4DA0B10000"	"\Divisions\PD\Distribution Services\Substation Benbrook\132108_CoServ_Policy 301"
"000000009598E9A20E04F041B38518182890A2D50100A3DF33FCC9BD1644BD14FCA330AA978500001D65C1970000"	"\Divisions\PD\Distribution Services\Substation Benbrook\133722_ReCon_PS Brk"
"000000009598E9A20E04F041B38518182890A2D50100A3DF33FCC9BD1644BD14FCA330AA97850000230FB89A0000"	"\Divisions\PD\Distribution Services\Substation Benbrook\135717"
"000000009598E9A20E04F041B38518182890A2D50100A3DF33FCC9BD1644BD14FCA330AA978500002176A62B0000"	"\Divisions\PD\Distribution Services\Substation Benbrook\137315_RCEC_Carthage Upgd"
"000000009598E9A20E04F041B38518182890A2D5010012225CC57BF01F4EA8CCA87A792FF35F0000E19463EC0000"	"\Divisions\PD\Distribution Services\Substation Benbrook\139707\SRM"
"000000009598E9A20E04F041B38518182890A2D5010012225CC57BF01F4EA8CCA87A792FF35F0000E19463F20000"	"\Divisions\PD\Distribution Services\Substation Benbrook\142012_OXY_Distr Standard PH 5\SRM"
"000000009598E9A20E04F041B38518182890A2D5010012225CC57BF01F4EA8CCA87A792FF35F000075E8E18F0000"	"\Divisions\PD\Distribution Services\Substation Benbrook\144931_ETEC_NERC_Complnce"
"000000009598E9A20E04F041B38518182890A2D5010012225CC57BF01F4EA8CCA87A792FF35F0000AD4FE78E0000"	"\Divisions\PD\Distribution Services\Substation Benbrook\146171_BCEC_Munz City Switching Station"
"000000009598E9A20E04F041B38518182890A2D5010012225CC57BF01F4EA8CCA87A792FF35F00019F01D16D0000"	"\Divisions\PD\Distribution Services\Substation Benbrook\151638_WEC_Charleston Substation"
"000000009598E9A20E04F041B38518182890A2D50100A3DF33FCC9BD1644BD14FCA330AA978500001EE5B6E60000"	"\Divisions\PD\Line Ann Arbor\124635"
"000000009598E9A20E04F041B38518182890A2D5010012225CC57BF01F4EA8CCA87A792FF35F0002BD7B69430000"	"\Divisions\PD\Line Austin\131178 BRAZOS ELECTRIC POWER COOPERATIVE INC"
"000000009598E9A20E04F041B38518182890A2D5010012225CC57BF01F4EA8CCA87A792FF35F0002BD7B695B0000"	"\Divisions\PD\Line Austin\136144 STRUCTURE ANALYSIS 138 139"
"000000009598E9A20E04F041B38518182890A2D5010012225CC57BF01F4EA8CCA87A792FF35F0000B677F3430000"	"\Divisions\PD\Line Austin\141434 Cassava to Mertzon"
"000000009598E9A20E04F041B38518182890A2D5010012225CC57BF01F4EA8CCA87A792FF35F0000B677F34D0000"	"\Divisions\PD\Line Austin\145937 AEP Yellow Jacket - Junction"
"000000009598E9A20E04F041B38518182890A2D5010012225CC57BF01F4EA8CCA87A792FF35F0002BD7B69850000"	"\Divisions\PD\Line Austin\154374 3RD PARTY REV & TECH SUP"
"000000009598E9A20E04F041B38518182890A2D501001296C725372D7F4B86B758A22EA3141B000000176A3E0000"	"\Divisions\PD\Line Boise"
"000000009598E9A20E04F041B38518182890A2D501006C95E27D1ACA634AA1AADC20796388DD00000017F2000000"	"\Divisions\PD\Line Boise\110252 Chevron Quarry\104939 Chevron Quarry"
"000000009598E9A20E04F041B38518182890A2D501006C95E27D1ACA634AA1AADC20796388DD0000005E91180000"	"\Divisions\PD\Line Boise\114411 Gateway\RMP Substations"
"000000009598E9A20E04F041B38518182890A2D50100A3DF33FCC9BD1644BD14FCA330AA97850000189EE4CE0000"	"\Divisions\PD\Line Boise\114648 ON Line\Anchoring System Review"
"000000009598E9A20E04F041B38518182890A2D50100CB7D9B6512D7374A860FE542D57703920000011616000000"	"\Divisions\PD\Line Boise\114648 ON Line\SWIP"
"000000009598E9A20E04F041B38518182890A2D50100CB7D9B6512D7374A860FE542D5770392000001131A410000"	"\Divisions\PD\Line Boise\115349 Devers Valley\Foundations"
"000000009598E9A20E04F041B38518182890A2D501006C95E27D1ACA634AA1AADC20796388DD000000EB17E90000"	"\Divisions\PD\Line Boise\117207_SWIP South\IFC Docs"
"000000009598E9A20E04F041B38518182890A2D501006C95E27D1ACA634AA1AADC20796388DD000000E86EB10000"	"\Divisions\PD\Line Boise\117910_Fargo_Alexandria\ACCC conductor"
"000000009598E9A20E04F041B38518182890A2D50100A3DF33FCC9BD1644BD14FCA330AA978500000E9940500000"	"\Divisions\PD\Line Boise\117910_Fargo_Alexandria\Alex-Bison Design\Survey"
"000000009598E9A20E04F041B38518182890A2D501006C95E27D1ACA634AA1AADC20796388DD000000B4083D0000"	"\Divisions\PD\Line Boise\117910_Fargo_Alexandria\QA-QC"
"000000009598E9A20E04F041B38518182890A2D501001953B16A689BCD4AA8FC82955DB27CB1000001DE8BDD0000"	"\Divisions\PD\Line Boise\117910_Fargo_Alexandria\Quarry-Alex Design\Dsn Review"
"000000009598E9A20E04F041B38518182890A2D50100A3DF33FCC9BD1644BD14FCA330AA978500001897DE880000"	"\Divisions\PD\Line Boise\117910_Fargo_Alexandria\TnB\QC\Daily_Reports"
"000000009598E9A20E04F041B38518182890A2D501006C95E27D1ACA634AA1AADC20796388DD000000EED8CF0000"	"\Divisions\PD\Line Boise\120092_Croydon RR\Material"
"000000009598E9A20E04F041B38518182890A2D501006C95E27D1ACA634AA1AADC20796388DD000000CD25FA0000"	"\Divisions\PD\Line Boise\121121_NEEWS"
"000000009598E9A20E04F041B38518182890A2D50100A3DF33FCC9BD1644BD14FCA330AA9785000019C11B3C0000"	"\Divisions\PD\Line Boise\123332 CTF River Crossing\Estimates & WO\VAE"
"000000009598E9A20E04F041B38518182890A2D501001953B16A689BCD4AA8FC82955DB27CB10000011B9C120000"	"\Divisions\PD\Line Boise\123710_Celilo-Uprate"
"000000009598E9A20E04F041B38518182890A2D501001953B16A689BCD4AA8FC82955DB27CB1000001B570380000"	"\Divisions\PD\Line Boise\124464_RTRP\111728 - RTRP\69UG"
"000000009598E9A20E04F041B38518182890A2D501001953B16A689BCD4AA8FC82955DB27CB1000001B5704A0000"	"\Divisions\PD\Line Boise\124464_RTRP\111728 - RTRP\ROUTE"
"000000009598E9A20E04F041B38518182890A2D501001953B16A689BCD4AA8FC82955DB27CB1000001CCB9830000"	"\Divisions\PD\Line Boise\124737 XCEL-GIST2-PSCO-LINE RATING ANY"
"000000009598E9A20E04F041B38518182890A2D501001953B16A689BCD4AA8FC82955DB27CB1000001CCB98A0000"	"\Divisions\PD\Line Boise\124737 XCEL-GIST2-PSCO-LINE RATING ANY\Priority_1\Admin"
"000000009598E9A20E04F041B38518182890A2D50100A3DF33FCC9BD1644BD14FCA330AA97850000171CED150000"	"\Divisions\PD\Line Boise\124737 XCEL-GIST2-PSCO-LINE RATING ANY\Priority_2\Design\QC"
"000000009598E9A20E04F041B38518182890A2D50100A3DF33FCC9BD1644BD14FCA330AA978500001894B3F60000"	"\Divisions\PD\Line Boise\124737 XCEL-GIST2-PSCO-LINE RATING ANY\Priority_3\Survey"
"000000009598E9A20E04F041B38518182890A2D50100A3DF33FCC9BD1644BD14FCA330AA97850000173D37EF0000"	"\Divisions\PD\Line Boise\126822 XCEL-0844 BLACK DOG-SAVAGE\Construction"
"000000009598E9A20E04F041B38518182890A2D50100A3DF33FCC9BD1644BD14FCA330AA97850000177E9B980000"	"\Divisions\PD\Line Boise\126822 XCEL-0844 BLACK DOG-SAVAGE\Materials"
"000000009598E9A20E04F041B38518182890A2D50100A3DF33FCC9BD1644BD14FCA330AA978500001A3DD9A90000"	"\Divisions\PD\Line Boise\126822 XCEL-0844 BLACK DOG-SAVAGE\Vegetation Management"
"000000009598E9A20E04F041B38518182890A2D50100A3DF33FCC9BD1644BD14FCA330AA97850000198FAA480000"	"\Divisions\PD\Line Boise\126981 XCEL-GIST-III Phase 2 Priority 2\Data\0806"
"000000009598E9A20E04F041B38518182890A2D50100A3DF33FCC9BD1644BD14FCA330AA978500001E3A62D30000"	"\Divisions\PD\Line Boise\126981 XCEL-GIST-III Phase 2 Priority 2\Design\0977"
"000000009598E9A20E04F041B38518182890A2D50100A3DF33FCC9BD1644BD14FCA330AA9785000018DCFC660000"	"\Divisions\PD\Line Boise\126981 XCEL-GIST-III Phase 2 Priority 2\Land rights"
"000000009598E9A20E04F041B38518182890A2D50100A3DF33FCC9BD1644BD14FCA330AA97850000189984E60000"	"\Divisions\PD\Line Boise\126981 XCEL-GIST-III Phase 2 Priority 2\Priority 3"
"000000009598E9A20E04F041B38518182890A2D50100A3DF33FCC9BD1644BD14FCA330AA9785000019C2EC530000"	"\Divisions\PD\Line Boise\126981 XCEL-GIST-III Phase 2 Priority 2\Schedule\0918"
"000000009598E9A20E04F041B38518182890A2D50100A3DF33FCC9BD1644BD14FCA330AA978500001C906DFE0000"	"\Divisions\PD\Line Boise\127327 Helmand\Dist Materials"
"000000009598E9A20E04F041B38518182890A2D50100A3DF33FCC9BD1644BD14FCA330AA9785000019BCF04E0000"	"\Divisions\PD\Line Boise\128118_MP_AC Line Rating_2\013L"
"000000009598E9A20E04F041B38518182890A2D50100A3DF33FCC9BD1644BD14FCA330AA97850000193C89BA0000"	"\Divisions\PD\Line Boise\128118_MP_AC Line Rating_2\043L"
"000000009598E9A20E04F041B38518182890A2D50100A3DF33FCC9BD1644BD14FCA330AA9785000019BC6E870000"	"\Divisions\PD\Line Boise\128118_MP_AC Line Rating_2\060L"
"000000009598E9A20E04F041B38518182890A2D50100A3DF33FCC9BD1644BD14FCA330AA9785000018034B620000"	"\Divisions\PD\Line Boise\128118_MP_AC Line Rating_2\083L"
"000000009598E9A20E04F041B38518182890A2D50100A3DF33FCC9BD1644BD14FCA330AA9785000018B3BEC40000"	"\Divisions\PD\Line Boise\128118_MP_AC Line Rating_2\761L"
"000000009598E9A20E04F041B38518182890A2D50100A3DF33FCC9BD1644BD14FCA330AA9785000019BA8F6E0000"	"\Divisions\PD\Line Boise\128642 Copper Mtn\Surveying"
"000000009598E9A20E04F041B38518182890A2D50100A3DF33FCC9BD1644BD14FCA330AA9785000018B591AD0000"	"\Divisions\PD\Line Boise\128911 Xcel-GIST 3- PHASE 2- LRV PTY 3\Design"
"000000009598E9A20E04F041B38518182890A2D50100A3DF33FCC9BD1644BD14FCA330AA97850000195A97840000"	"\Divisions\PD\Line Boise\128911 Xcel-GIST 3- PHASE 2- LRV PTY 3\Estimates & WO\0805"
"000000009598E9A20E04F041B38518182890A2D50100A3DF33FCC9BD1644BD14FCA330AA9785000018B591B30000"	"\Divisions\PD\Line Boise\128911 Xcel-GIST 3- PHASE 2- LRV PTY 3\Materials"
"000000009598E9A20E04F041B38518182890A2D50100A3DF33FCC9BD1644BD14FCA330AA9785000019442B960000"	"\Divisions\PD\Line Boise\128911 Xcel-GIST 3- PHASE 2- LRV PTY 3\Remediation"
"000000009598E9A20E04F041B38518182890A2D50100A3DF33FCC9BD1644BD14FCA330AA9785000018B591C30000"	"\Divisions\PD\Line Boise\128911 Xcel-GIST 3- PHASE 2- LRV PTY 3\Schedule"
"000000009598E9A20E04F041B38518182890A2D50100A3DF33FCC9BD1644BD14FCA330AA978500001B0E023B0000"	"\Divisions\PD\Line Boise\128911 Xcel-GIST 3- PHASE 2- LRV PTY 3\Survey\0861"
"000000009598E9A20E04F041B38518182890A2D50100A3DF33FCC9BD1644BD14FCA330AA978500001A4145080000"	"\Divisions\PD\Line Boise\128911 Xcel-GIST 3- PHASE 2- LRV PTY 3\Transmittals\5301"
"000000009598E9A20E04F041B38518182890A2D50100A3DF33FCC9BD1644BD14FCA330AA97850000196D85670000"	"\Divisions\PD\Line Boise\129606 Xcel - 0861 BDS-SAV\Admin"
"000000009598E9A20E04F041B38518182890A2D50100A3DF33FCC9BD1644BD14FCA330AA978500002832530B0000"	"\Divisions\PD\Line Boise\130412 Xcel (MN) NSP GIST-3 Ph 3\PH 3 Review Comments (XCEL)"
"000000009598E9A20E04F041B38518182890A2D50100A3DF33FCC9BD1644BD14FCA330AA978500001AA76A590000"	"\Divisions\PD\Line Boise\131302 131500 131501 XCEL W3203 W3509 SEV-TRM\Data"
"000000009598E9A20E04F041B38518182890A2D50100A3DF33FCC9BD1644BD14FCA330AA978500001B43D6D70000"	"\Divisions\PD\Line Boise\131302 131500 131501 XCEL W3203 W3509 SEV-TRM\SWPPP"
"000000009598E9A20E04F041B38518182890A2D50100A3DF33FCC9BD1644BD14FCA330AA978500001E4DC0CA0000"	"\Divisions\PD\Line Boise\131809 Terna Mtn."
"000000009598E9A20E04F041B38518182890A2D50100A3DF33FCC9BD1644BD14FCA330AA978500001DC4DE040000"	"\Divisions\PD\Line Boise\132155 PSE Eastside\Const Approaches"
"000000009598E9A20E04F041B38518182890A2D50100A3DF33FCC9BD1644BD14FCA330AA978500001CFFA5BB0000"	"\Divisions\PD\Line Boise\133426 XCEL-0953 GALLOPING MONITORING"
"000000009598E9A20E04F041B38518182890A2D50100A3DF33FCC9BD1644BD14FCA330AA978500001DD46F920000"	"\Divisions\PD\Line Boise\134091 PAC Croy-DV\01_Submittals-wDMS#\F_Construction-Revisions & RFIs"
"000000009598E9A20E04F041B38518182890A2D50100A3DF33FCC9BD1644BD14FCA330AA978500001DD748A90000"	"\Divisions\PD\Line Boise\134473 PCorp Coalville SLV CRK\01_Submittals-wDMS#"
"000000009598E9A20E04F041B38518182890A2D50100A3DF33FCC9BD1644BD14FCA330AA978500001DD749F50000"	"\Divisions\PD\Line Boise\134473 PCorp Coalville SLV CRK\01A_Pre-Construction-RFI"
"000000009598E9A20E04F041B38518182890A2D50100A3DF33FCC9BD1644BD14FCA330AA978500001DD6893A0000"	"\Divisions\PD\Line Boise\134474 PCorp Croydon-Coalville\01_Submittals-wDMS#\A_Scoping & Weekly Reports"
"000000009598E9A20E04F041B38518182890A2D50100A3DF33FCC9BD1644BD14FCA330AA978500001DDD2FCA0000"	"\Divisions\PD\Line Boise\134474 PCorp Croydon-Coalville\07_Permitting"
"000000009598E9A20E04F041B38518182890A2D501006C95E27D1ACA634AA1AADC20796388DD000000A9191D0000"	"\Divisions\PD\Line Boise\135116 SunZia\116500_Sunzia\Route analysis\Cascabel routing"
"000000009598E9A20E04F041B38518182890A2D50100A3DF33FCC9BD1644BD14FCA330AA9785000021D927230000"	"\Divisions\PD\Line Boise\136138 Morenci Mill Exp"
"000000009598E9A20E04F041B38518182890A2D50100A3DF33FCC9BD1644BD14FCA330AA978500002308FE050000"	"\Divisions\PD\Line Boise\136620 XCEL-0729 Rplce Pole (See also 133657)\Survey"
"000000009598E9A20E04F041B38518182890A2D50100A3DF33FCC9BD1644BD14FCA330AA97850000282AE4C70000"	"\Divisions\PD\Line Boise\137579 XCEL-GISTIII POI ANALYSIS\Meetings"
"000000009598E9A20E04F041B38518182890A2D5010012225CC57BF01F4EA8CCA87A792FF35F00001ACFFD7B0000"	"\Divisions\PD\Line Boise\137979 GNTL TLine\04_PNC 2(Proc & Const)\POWER360 Bidders Map"
"000000009598E9A20E04F041B38518182890A2D50100A3DF33FCC9BD1644BD14FCA330AA97850000285526D40000"	"\Divisions\PD\Line Boise\140908 CNF EPC"
"000000009598E9A20E04F041B38518182890A2D5010012225CC57BF01F4EA8CCA87A792FF35F0001954A99DB0000"	"\Divisions\PD\Line Boise\141372 LBWL Solar\Distribution"
"000000009598E9A20E04F041B38518182890A2D5010012225CC57BF01F4EA8CCA87A792FF35F000053E1DEF20000"	"\Divisions\PD\Line Boise\144066 Line 44"
"000000009598E9A20E04F041B38518182890A2D5010012225CC57BF01F4EA8CCA87A792FF35F0000AC87589F0000"	"\Divisions\PD\Line Boise\145667 Sun Stream 500kv"
"000000009598E9A20E04F041B38518182890A2D5010012225CC57BF01F4EA8CCA87A792FF35F000200BFC8360000"	"\Divisions\PD\Line Boise\146618 - Bob TLine\Sabre-FWT"
"000000009598E9A20E04F041B38518182890A2D5010012225CC57BF01F4EA8CCA87A792FF35F000108855F350000"	"\Divisions\PD\Line Boise\148083 Goodwell Wind-Red Devil"
"000000009598E9A20E04F041B38518182890A2D5010012225CC57BF01F4EA8CCA87A792FF35F00025606AAE60000"	"\Divisions\PD\Line Boise\152508 PSE Energize Eastside"
"000000009598E9A20E04F041B38518182890A2D5010012225CC57BF01F4EA8CCA87A792FF35F00038A785FCD0000"	"\Divisions\PD\Line Boise\154320 Ten West\154320 10W Interconnect"
"000000009598E9A20E04F041B38518182890A2D5010012225CC57BF01F4EA8CCA87A792FF35F00026E5A221F0000"	"\Divisions\PD\Line Boise\156070 Sloan Canyon-Mead"
"000000009598E9A20E04F041B38518182890A2D5010012225CC57BF01F4EA8CCA87A792FF35F0002C1A0F0E90000"	"\Divisions\PD\Line Boise\159072 - Wildfire Risk Mitigation"
"000000009598E9A20E04F041B38518182890A2D5010012225CC57BF01F4EA8CCA87A792FF35F00023C229F730000"	"\Divisions\PD\Line Boise\Line Dept. Calendar\Line Dept Calendar"
"000000009598E9A20E04F041B38518182890A2D501001953B16A689BCD4AA8FC82955DB27CB10000011FEAF00000"	"\Divisions\PD\Line Boise\Line-Rating-Projects\PacifiCorp\BB01"
"000000009598E9A20E04F041B38518182890A2D501001953B16A689BCD4AA8FC82955DB27CB10000011FEB130000"	"\Divisions\PD\Line Boise\Line-Rating-Projects\PacifiCorp\WI01"
"000000009598E9A20E04F041B38518182890A2D50100A3DF33FCC9BD1644BD14FCA330AA978500001676E7B60000"	"\Divisions\PD\Line Boise\Line-Rating-Projects\PacifiCorp2\BB04"
"000000009598E9A20E04F041B38518182890A2D501006C95E27D1ACA634AA1AADC20796388DD000000AEF3BA0000"	"\Divisions\PD\Line Boise\PCorp Sigurd to WC"
"000000009598E9A20E04F041B38518182890A2D5010012225CC57BF01F4EA8CCA87A792FF35F00043AFB7D400000"	"\Divisions\PD\Line Boise\Xcel_Energy_Standards\On-Off-Badge-Training\2021 Training"
"000000009598E9A20E04F041B38518182890A2D5010012225CC57BF01F4EA8CCA87A792FF35F000570AAA49A0000"	"\Divisions\PD\Line Boise\Xcel_Energy_Standards\On-Off-Badge-Training\Off-Boarding\HDR Off-board"
"000000009598E9A20E04F041B38518182890A2D5010012225CC57BF01F4EA8CCA87A792FF35F0005F8D4B7840000"	"\Divisions\PD\Line Boise\Xcel_Energy_Standards\On-Off-Badge-Training\On-Boarding_Prev 10-26-23\K-P Power"
"000000009598E9A20E04F041B38518182890A2D5010012225CC57BF01F4EA8CCA87A792FF35F0006CB2141D40000"	"\Divisions\PD\Line Boise\Xcel_Energy_Standards\On-Off-Badge-Training\On-Boarding\KP Power"
"000000009598E9A20E04F041B38518182890A2D50100A3DF33FCC9BD1644BD14FCA330AA978500001EED34EC0000"	"\Divisions\PD\Line Cincinnati\00-Proposals_BD"
"000000009598E9A20E04F041B38518182890A2D50100A3DF33FCC9BD1644BD14FCA330AA97850000255DBF440000"	"\Divisions\PD\Line Cincinnati\138861 JEA - JAX PORT"
"000000009598E9A20E04F041B38518182890A2D5010012225CC57BF01F4EA8CCA87A792FF35F0000FFBD37E80000"	"\Divisions\PD\Line Fort Mill\147960 - BREMC - Beaver Creek SS Upgrades"
"000000009598E9A20E04F041B38518182890A2D50100A3DF33FCC9BD1644BD14FCA330AA9785000026F62A3A0000"	"\Divisions\PD\Line Fort Worth\01 CLOSED PROJS - UPLOAD TO PROJECTWISE\128710 - AEP ETT Sw Vernon - CLOSED 2015"
"000000009598E9A20E04F041B38518182890A2D50100A3DF33FCC9BD1644BD14FCA330AA978500001D9E8CA20000"	"\Divisions\PD\Line Fort Worth\134094 - XCEL ENERGY - J15 CROSSROADS-STATE LN 345KV"
"000000009598E9A20E04F041B38518182890A2D5010012225CC57BF01F4EA8CCA87A792FF35F00009108F9C50000"	"\Divisions\PD\Line Freeport\145584 - AEP NPLES-NPLES TAP A16806527"
"000000009598E9A20E04F041B38518182890A2D50100CB7D9B6512D7374A860FE542D577039200000114E7440000"	"\Divisions\PD\Line Hailey\00-Restored_Emails\110344 Whitney-Grandview"
"000000009598E9A20E04F041B38518182890A2D5010012225CC57BF01F4EA8CCA87A792FF35F0000EE30AF6C0000"	"\Divisions\PD\Line Hailey\00-Restored_Emails\139439_T120_Kendall-Fredricksburg"
"000000009598E9A20E04F041B38518182890A2D50100A3DF33FCC9BD1644BD14FCA330AA9785000017E6C5AA0000"	"\Divisions\PD\Line Hailey\01_Oncor_General\01_Dave_ONCOR_General\ONCOR Designs"
"000000009598E9A20E04F041B38518182890A2D50100A3DF33FCC9BD1644BD14FCA330AA978500001EB44E770000"	"\Divisions\PD\Line Hailey\01_Oncor_General\AFL-Preferrred_Sales_Vendor"
"000000009598E9A20E04F041B38518182890A2D50100A3DF33FCC9BD1644BD14FCA330AA978500001770F9E30000"	"\Divisions\PD\Line Hailey\01_Oncor_General\FIM_Changes-TFE_Unistall/Reinstall_Required"
"000000009598E9A20E04F041B38518182890A2D50100A3DF33FCC9BD1644BD14FCA330AA97850000195336A10000"	"\Divisions\PD\Line Hailey\01_Oncor_General\Material_Updates_Questions\Lead-times"
"000000009598E9A20E04F041B38518182890A2D50100572FF007A7D6B64CA96E5CFE8E1CC1A40000005119E90000"	"\Divisions\PD\Line Hailey\01_Oncor_General\New_TSN_# _&_Class-codes\Class Code Materials-No TSN Assigned"
"000000009598E9A20E04F041B38518182890A2D50100CB7D9B6512D7374A860FE542D57703920000011615D70000"	"\Divisions\PD\Line Hailey\01_Oncor_General\Oncor_Material_Ordering_&_Tracking_Process"
"000000009598E9A20E04F041B38518182890A2D501001953B16A689BCD4AA8FC82955DB27CB10000013AB00E0000"	"\Divisions\PD\Line Hailey\01_Oncor_General\Sabre_FTP_Site_Info"
"000000009598E9A20E04F041B38518182890A2D50100A3DF33FCC9BD1644BD14FCA330AA9785000018937B0C0000"	"\Divisions\PD\Line Hailey\01_Oncor_General\Wood Pole Orders"
"000000009598E9A20E04F041B38518182890A2D501001296C725372D7F4B86B758A22EA3141B000000236AD00000"	"\Divisions\PD\Line Hailey\108628-Umbata Falls\Accounting"
"000000009598E9A20E04F041B38518182890A2D501001296C725372D7F4B86B758A22EA3141B000000236ADC0000"	"\Divisions\PD\Line Hailey\108628-Umbata Falls\Procurement"
"000000009598E9A20E04F041B38518182890A2D501001296C725372D7F4B86B758A22EA3141B0000005A743D0000"	"\Divisions\PD\Line Hailey\109202"
"000000009598E9A20E04F041B38518182890A2D501001296C725372D7F4B86B758A22EA3141B00000039B52B0000"	"\Divisions\PD\Line Hailey\110531-ice standards"
"000000009598E9A20E04F041B38518182890A2D501001296C725372D7F4B86B758A22EA3141B0000007BC4830000"	"\Divisions\PD\Line Hailey\111441_NYPA-LiDAR\2008_Emails"
"000000009598E9A20E04F041B38518182890A2D50100572FF007A7D6B64CA96E5CFE8E1CC1A400000014C0DC0000"	"\Divisions\PD\Line Hailey\112090_Lufkin E_Lufkin_S\08T64131"
"000000009598E9A20E04F041B38518182890A2D501001296C725372D7F4B86B758A22EA3141B0000005F9D580000"	"\Divisions\PD\Line Hailey\112485-Alcan2\4 - Helipad"
"000000009598E9A20E04F041B38518182890A2D501001296C725372D7F4B86B758A22EA3141B0000007F1CBE0000"	"\Divisions\PD\Line Hailey\112740 Big Spring-McDonald"
"000000009598E9A20E04F041B38518182890A2D501001296C725372D7F4B86B758A22EA3141B000000665F6F0000"	"\Divisions\PD\Line Hailey\113266"
"000000009598E9A20E04F041B38518182890A2D501001296C725372D7F4B86B758A22EA3141B0000006D4FCF0000"	"\Divisions\PD\Line Hailey\113737"
"000000009598E9A20E04F041B38518182890A2D501001296C725372D7F4B86B758A22EA3141B00000084EF7A0000"	"\Divisions\PD\Line Hailey\114884"
"000000009598E9A20E04F041B38518182890A2D50100572FF007A7D6B64CA96E5CFE8E1CC1A40000001647A60000"	"\Divisions\PD\Line Hailey\116668 Aubrey Hills Wind"
"000000009598E9A20E04F041B38518182890A2D50100572FF007A7D6B64CA96E5CFE8E1CC1A40000001CC7720000"	"\Divisions\PD\Line Hailey\117647 Algoma strs"
"000000009598E9A20E04F041B38518182890A2D5010012225CC57BF01F4EA8CCA87A792FF35F00031E3004090000"	"\Divisions\PD\Line Hailey\118178_Arco_to_Krugerville\MRLJ05\dups"
"000000009598E9A20E04F041B38518182890A2D50100572FF007A7D6B64CA96E5CFE8E1CC1A40000002766A90000"	"\Divisions\PD\Line Hailey\118692 Xcel HPOF 9542"
"000000009598E9A20E04F041B38518182890A2D50100CB7D9B6512D7374A860FE542D57703920000010EA6000000"	"\Divisions\PD\Line Hailey\119424_Leon-Cisco_69kV\MR_LJ04"
"000000009598E9A20E04F041B38518182890A2D50100A3DF33FCC9BD1644BD14FCA330AA978500000E6603230000"	"\Divisions\PD\Line Hailey\121180_Newton-Killeen\10T64041DN"
"000000009598E9A20E04F041B38518182890A2D50100A3DF33FCC9BD1644BD14FCA330AA978500000E9476690000"	"\Divisions\PD\Line Hailey\121180_Newton-Killeen\Warehouse"
"000000009598E9A20E04F041B38518182890A2D50100572FF007A7D6B64CA96E5CFE8E1CC1A4000000643D100000"	"\Divisions\PD\Line Hailey\122230-ICE LiDAR"
"000000009598E9A20E04F041B38518182890A2D5010012225CC57BF01F4EA8CCA87A792FF35F00031E30041D0000"	"\Divisions\PD\Line Hailey\122443_Clear_Crossing-Willow_Crk_EAST\MRLJ09\dups"
"000000009598E9A20E04F041B38518182890A2D501001953B16A689BCD4AA8FC82955DB27CB1000001799C2B0000"	"\Divisions\PD\Line Hailey\122444_Clear_Crossing_Willow_Crk_WEST\MRLJ02"
"000000009598E9A20E04F041B38518182890A2D5010012225CC57BF01F4EA8CCA87A792FF35F00031E30042B0000"	"\Divisions\PD\Line Hailey\122444_Clear_Crossing_Willow_Crk_WEST\Oncor_Warehouse_Orders\dups"
"000000009598E9A20E04F041B38518182890A2D501001953B16A689BCD4AA8FC82955DB27CB100000014FC950000"	"\Divisions\PD\Line Hailey\123272_Rio_Mesa_Solar\122031"
"000000009598E9A20E04F041B38518182890A2D50100A3DF33FCC9BD1644BD14FCA330AA978500002B79D4E00000"	"\Divisions\PD\Line Hailey\125623_BR_734_737_Huty-Robm-1_Nerc"
"000000009598E9A20E04F041B38518182890A2D50100A3DF33FCC9BD1644BD14FCA330AA978500001723FFAA0000"	"\Divisions\PD\Line Hailey\126635_KMPUD_Phs-2_Out_Valley"
"000000009598E9A20E04F041B38518182890A2D50100A3DF33FCC9BD1644BD14FCA330AA97850000230D6F620000"	"\Divisions\PD\Line Hailey\126873_Oncor_Goldsmith-Goldsmith_South\MRLJ04\dups"
"000000009598E9A20E04F041B38518182890A2D50100A3DF33FCC9BD1644BD14FCA330AA978500001773DE780000"	"\Divisions\PD\Line Hailey\127842_RMS_500KV_GEN-TIE"
"000000009598E9A20E04F041B38518182890A2D5010012225CC57BF01F4EA8CCA87A792FF35F00031E3004570000"	"\Divisions\PD\Line Hailey\127942_Riley-Krum_W-P3_Alvord-Chico\MRLJ01\dups"
"000000009598E9A20E04F041B38518182890A2D50100A3DF33FCC9BD1644BD14FCA330AA9785000018332E370000"	"\Divisions\PD\Line Hailey\128417 Algoma Lines North Rebuild"
"000000009598E9A20E04F041B38518182890A2D50100A3DF33FCC9BD1644BD14FCA330AA97850000192EE4600000"	"\Divisions\PD\Line Hailey\129297_Oncor_Franklin-EPDC"
"000000009598E9A20E04F041B38518182890A2D50100A3DF33FCC9BD1644BD14FCA330AA978500001A2E59D70000"	"\Divisions\PD\Line Hailey\129547_Parker-Eagle_Mt\MRLJ02"
"000000009598E9A20E04F041B38518182890A2D50100A3DF33FCC9BD1644BD14FCA330AA9785000021CE4FC30000"	"\Divisions\PD\Line Hailey\129567_Temple_Sw-Bell_Cty_E\WA_13T64039\Warehouse"
"000000009598E9A20E04F041B38518182890A2D50100A3DF33FCC9BD1644BD14FCA330AA978500001DE3064C0000"	"\Divisions\PD\Line Hailey\130149_Canadian_Hills_Gen_Tie\dups"
"000000009598E9A20E04F041B38518182890A2D5010012225CC57BF01F4EA8CCA87A792FF35F00031E3004730000"	"\Divisions\PD\Line Hailey\130257_Stanton_E-Midland-E\MRLJ01\dups"
"000000009598E9A20E04F041B38518182890A2D50100A3DF33FCC9BD1644BD14FCA330AA978500002C0C214A0000"	"\Divisions\PD\Line Hailey\130698_C-TKHL_1492_345-kV_Upgrade"
"000000009598E9A20E04F041B38518182890A2D50100A3DF33FCC9BD1644BD14FCA330AA97850000230B47D90000"	"\Divisions\PD\Line Hailey\131394_WAWA-WATSON\dups"
"000000009598E9A20E04F041B38518182890A2D50100A3DF33FCC9BD1644BD14FCA330AA978500001B09529E0000"	"\Divisions\PD\Line Hailey\131691_Catenary-2_Five_Yr_Inspec"
"000000009598E9A20E04F041B38518182890A2D50100A3DF33FCC9BD1644BD14FCA330AA978500001B779E620000"	"\Divisions\PD\Line Hailey\131879_Odessa_N-Crane"
"000000009598E9A20E04F041B38518182890A2D50100A3DF33FCC9BD1644BD14FCA330AA978500001EECBF980000"	"\Divisions\PD\Line Hailey\132091_Watson-International\MRLJ02"
"000000009598E9A20E04F041B38518182890A2D50100A3DF33FCC9BD1644BD14FCA330AA978500001DB6284C0000"	"\Divisions\PD\Line Hailey\132483_Kawailoa_Solar"
"000000009598E9A20E04F041B38518182890A2D50100A3DF33FCC9BD1644BD14FCA330AA978500001DBD3B870000"	"\Divisions\PD\Line Hailey\133384_Collin-Renner\MRLJ02"
"000000009598E9A20E04F041B38518182890A2D50100A3DF33FCC9BD1644BD14FCA330AA978500001DD8A3F30000"	"\Divisions\PD\Line Hailey\134583_Oran-Advance"
"000000009598E9A20E04F041B38518182890A2D5010012225CC57BF01F4EA8CCA87A792FF35F00031E3004970000"	"\Divisions\PD\Line Hailey\134633_Eagle_Mt-Wagley_Robertson\MRCD01\dups"
"000000009598E9A20E04F041B38518182890A2D50100A3DF33FCC9BD1644BD14FCA330AA978500002256027F0000"	"\Divisions\PD\Line Hailey\134722_Permian_Basin_Sw_Sta\MRGWC1"
"000000009598E9A20E04F041B38518182890A2D50100A3DF33FCC9BD1644BD14FCA330AA978500001E5F8E1B0000"	"\Divisions\PD\Line Hailey\135135_AEP_PJM_Reliability_Window"
"000000009598E9A20E04F041B38518182890A2D50100A3DF33FCC9BD1644BD14FCA330AA978500001F2814240000"	"\Divisions\PD\Line Hailey\135901_WNT_FO_Pole_Analysis"
"000000009598E9A20E04F041B38518182890A2D50100A3DF33FCC9BD1644BD14FCA330AA97850000212F88AC0000"	"\Divisions\PD\Line Hailey\136949-ASCE_paper"
"000000009598E9A20E04F041B38518182890A2D50100A3DF33FCC9BD1644BD14FCA330AA97850000238B572F0000"	"\Divisions\PD\Line Hailey\137396_Hicks-Elizabeth"
"000000009598E9A20E04F041B38518182890A2D50100A3DF33FCC9BD1644BD14FCA330AA9785000023BDFCA00000"	"\Divisions\PD\Line Hailey\137449_Mt_Creek-Norwood"
"000000009598E9A20E04F041B38518182890A2D50100A3DF33FCC9BD1644BD14FCA330AA9785000028623B810000"	"\Divisions\PD\Line Hailey\137449_Mt_Creek-Norwood\MRLJ07"
"000000009598E9A20E04F041B38518182890A2D50100A3DF33FCC9BD1644BD14FCA330AA9785000022BE633B0000"	"\Divisions\PD\Line Hailey\137959_Odessa_EHV-Odessa_Reconduct\MRLJ02"
"000000009598E9A20E04F041B38518182890A2D5010012225CC57BF01F4EA8CCA87A792FF35F000019E269620000"	"\Divisions\PD\Line Hailey\138156_Venus-Cedar_Hill\MRLJ02"
"000000009598E9A20E04F041B38518182890A2D50100A3DF33FCC9BD1644BD14FCA330AA9785000024A88E230000"	"\Divisions\PD\Line Hailey\138218_Means-Fullerton_69kV_RBLD\WA_15T63112"
"000000009598E9A20E04F041B38518182890A2D50100A3DF33FCC9BD1644BD14FCA330AA97850000255B08600000"	"\Divisions\PD\Line Hailey\138504_Holt_SW-N_Andrews"
"000000009598E9A20E04F041B38518182890A2D5010012225CC57BF01F4EA8CCA87A792FF35F000329D570B70000"	"\Divisions\PD\Line Hailey\138504_Holt_SW-N_Andrews\WA_15T63114\MRLJ10\dups"
"000000009598E9A20E04F041B38518182890A2D50100A3DF33FCC9BD1644BD14FCA330AA978500002BA05AAC0000"	"\Divisions\PD\Line Hailey\138796_Hunter_Crk-Brookings\dups"
"000000009598E9A20E04F041B38518182890A2D5010012225CC57BF01F4EA8CCA87A792FF35F00007E79BFE20000"	"\Divisions\PD\Line Hailey\139104_Cedar_Hill-So_Hampton\Issue_Materials_Request"
"000000009598E9A20E04F041B38518182890A2D5010012225CC57BF01F4EA8CCA87A792FF35F000329D570BF0000"	"\Divisions\PD\Line Hailey\139120_Hollingsworth\dups"
"000000009598E9A20E04F041B38518182890A2D50100A3DF33FCC9BD1644BD14FCA330AA97850000248E02A80000"	"\Divisions\PD\Line Hailey\139293_Buzzard_Draw-Lamesa\MRLJ01"
"000000009598E9A20E04F041B38518182890A2D50100A3DF33FCC9BD1644BD14FCA330AA97850000254B883A0000"	"\Divisions\PD\Line Hailey\139554_HPFF_IMPROVE_LINE_1722"
"000000009598E9A20E04F041B38518182890A2D50100A3DF33FCC9BD1644BD14FCA330AA978500002DF040300000"	"\Divisions\PD\Line Hailey\140037_Hillsboro Sw_Sta_AutoTransformer"
"000000009598E9A20E04F041B38518182890A2D5010012225CC57BF01F4EA8CCA87A792FF35F0003032B60270000"	"\Divisions\PD\Line Hailey\140780_PNM_RL Fiber Optic\dups"
"000000009598E9A20E04F041B38518182890A2D5010012225CC57BF01F4EA8CCA87A792FF35F00003B473D4A0000"	"\Divisions\PD\Line Hailey\141112_Venus Sw Sta - Midlothian\MRLJ06"
"000000009598E9A20E04F041B38518182890A2D5010012225CC57BF01F4EA8CCA87A792FF35F0002C0C6A1C90000"	"\Divisions\PD\Line Hailey\141183_CROWN RD - NORWOOD SW STA \MRLJ11"
"000000009598E9A20E04F041B38518182890A2D5010012225CC57BF01F4EA8CCA87A792FF35F0001A7C15ADD0000"	"\Divisions\PD\Line Hailey\141185_Northaven-Preston Rd North\MRLJ07"
"000000009598E9A20E04F041B38518182890A2D50100A3DF33FCC9BD1644BD14FCA330AA978500002C36941B0000"	"\Divisions\PD\Line Hailey\141398_Trinidad-Richland"
"000000009598E9A20E04F041B38518182890A2D5010012225CC57BF01F4EA8CCA87A792FF35F0000309CC0D50000"	"\Divisions\PD\Line Hailey\141436_Norwood-Amelia\MRLJ02"
"000000009598E9A20E04F041B38518182890A2D50100A3DF33FCC9BD1644BD14FCA330AA9785000029719A410000"	"\Divisions\PD\Line Hailey\141489_AEP_Lon_Hill-Rio_Hondo"
"000000009598E9A20E04F041B38518182890A2D5010012225CC57BF01F4EA8CCA87A792FF35F0000672391490000"	"\Divisions\PD\Line Hailey\141658_Holt_N_Andrews-Midland_Farms\17T63023\MRAC_17T63023"
"000000009598E9A20E04F041B38518182890A2D5010012225CC57BF01F4EA8CCA87A792FF35F0001CBD96D770000"	"\Divisions\PD\Line Hailey\141659_Holt - Andrews N-Andrews Cty S\WA 16T63098\MRLJ09"
"000000009598E9A20E04F041B38518182890A2D5010012225CC57BF01F4EA8CCA87A792FF35F0000F88D86320000"	"\Divisions\PD\Line Hailey\141803_Wedgewood Sw Sta-Forest Hill Sta\MRLJ01_Concrete Poles"
"000000009598E9A20E04F041B38518182890A2D5010012225CC57BF01F4EA8CCA87A792FF35F00022F1D09410000"	"\Divisions\PD\Line Hailey\142200_P21G_Line_Str_Analysis\BD_Effort_ Emails_P21G\dups"
"000000009598E9A20E04F041B38518182890A2D5010012225CC57BF01F4EA8CCA87A792FF35F0000B2BA27240000"	"\Divisions\PD\Line Hailey\142858_PERMIAN BASIN-WICKETT: YUCCA\MRLJ02"
"000000009598E9A20E04F041B38518182890A2D5010012225CC57BF01F4EA8CCA87A792FF35F00008A740CA30000"	"\Divisions\PD\Line Hailey\142862_ODESSA N-PERMIAN BASIN: YUCCA"
"000000009598E9A20E04F041B38518182890A2D5010012225CC57BF01F4EA8CCA87A792FF35F0001A7C15ABB0000"	"\Divisions\PD\Line Hailey\142863_PERMIAN BASIN - WINK (WEST): WOLF\MRLJ06_H-Frame Sw Hardware Kit"
"000000009598E9A20E04F041B38518182890A2D5010012225CC57BF01F4EA8CCA87A792FF35F000023CCCEEE0000"	"\Divisions\PD\Line Hailey\143211_CRUX_CLEVELAND_NF-EPC"
"000000009598E9A20E04F041B38518182890A2D5010012225CC57BF01F4EA8CCA87A792FF35F00010A95AC590000"	"\Divisions\PD\Line Hailey\143469_Carrollton_NW-Crown Rd\WA Not Open - Order Requests"
"000000009598E9A20E04F041B38518182890A2D5010012225CC57BF01F4EA8CCA87A792FF35F0001CE2849560000"	"\Divisions\PD\Line Hailey\143834_Smart_Wires_Support\T11_CH SmartValve"
"000000009598E9A20E04F041B38518182890A2D5010012225CC57BF01F4EA8CCA87A792FF35F0002391214FE0000"	"\Divisions\PD\Line Hailey\143834_Smart_Wires_Support\TX_SmartPOD"
"000000009598E9A20E04F041B38518182890A2D5010012225CC57BF01F4EA8CCA87A792FF35F0000C4975B170000"	"\Divisions\PD\Line Hailey\143961_Tricorner_SEAGOVILLE-TRICORNER\MRLJ01"
"000000009598E9A20E04F041B38518182890A2D5010012225CC57BF01F4EA8CCA87A792FF35F000178961AB90000"	"\Divisions\PD\Line Hailey\144305_STN-4320H_STRCTR_COMPRTV_STDY\dups"
"000000009598E9A20E04F041B38518182890A2D5010012225CC57BF01F4EA8CCA87A792FF35F000049C4B1D20000"	"\Divisions\PD\Line Hailey\144455_Trinidad-Winkler\MRLJ05"
"000000009598E9A20E04F041B38518182890A2D5010012225CC57BF01F4EA8CCA87A792FF35F0002D18D62AD0000"	"\Divisions\PD\Line Hailey\144542_ETT-BKRSFLD-RED BARN ET1600803\dups"
"000000009598E9A20E04F041B38518182890A2D5010012225CC57BF01F4EA8CCA87A792FF35F00007E79BFCC0000"	"\Divisions\PD\Line Hailey\144841_RECURRENT_MUSTANG_2"
"000000009598E9A20E04F041B38518182890A2D5010012225CC57BF01F4EA8CCA87A792FF35F00013250E02F0000"	"\Divisions\PD\Line Hailey\145251_Watermill Sw Sta-Camp Wisdom Rd\MRLJ02"
"000000009598E9A20E04F041B38518182890A2D5010012225CC57BF01F4EA8CCA87A792FF35F00016AA4C3980000"	"\Divisions\PD\Line Hailey\145469_Yucca Dr - AEP Barilla Jct\17T63048\MRLJ07"
"000000009598E9A20E04F041B38518182890A2D5010012225CC57BF01F4EA8CCA87A792FF35F0000ED289A4B0000"	"\Divisions\PD\Line Hailey\145544_Cedar_Crest-Industrial_Wall_St\MRLJ01_Steel_Poles"
"000000009598E9A20E04F041B38518182890A2D5010012225CC57BF01F4EA8CCA87A792FF35F0000C5E55CA50000"	"\Divisions\PD\Line Hailey\145622_PAHRUMP-MEAD-BLM_SUPPORT\BD_Effort"
"000000009598E9A20E04F041B38518182890A2D5010012225CC57BF01F4EA8CCA87A792FF35F00010A95AC730000"	"\Divisions\PD\Line Hailey\145911_Northaven Lines\00_WA Not Open - Submitted Material Requests"
"000000009598E9A20E04F041B38518182890A2D5010012225CC57BF01F4EA8CCA87A792FF35F00027B6D7B0C0000"	"\Divisions\PD\Line Hailey\145911_Northaven Lines\16T65186_Northaven-Preston\MRLJ12_Steel Pole"
"000000009598E9A20E04F041B38518182890A2D5010012225CC57BF01F4EA8CCA87A792FF35F0000C5E55C870000"	"\Divisions\PD\Line Hailey\146556_LONG_SPAN_STUDY\BD_Effort"
"000000009598E9A20E04F041B38518182890A2D5010012225CC57BF01F4EA8CCA87A792FF35F0000EA381C2A0000"	"\Divisions\PD\Line Hailey\147139_SVK_400KV_XLPE_UG_TUNNEL"
"000000009598E9A20E04F041B38518182890A2D5010012225CC57BF01F4EA8CCA87A792FF35F00017F74DCA50000"	"\Divisions\PD\Line Hailey\148181_Lamifil_Sag-Ten Analysis\dups"
"000000009598E9A20E04F041B38518182890A2D5010012225CC57BF01F4EA8CCA87A792FF35F00028774B2A70000"	"\Divisions\PD\Line Hailey\148326_Cedar Crest-Wall St\OPT 38736\MRLJ01"
"000000009598E9A20E04F041B38518182890A2D5010012225CC57BF01F4EA8CCA87A792FF35F00016F8EA1DB0000"	"\Divisions\PD\Line Hailey\149162_Arco-Krugerville Ph-1\MRLJ02"
"000000009598E9A20E04F041B38518182890A2D5010012225CC57BF01F4EA8CCA87A792FF35F00018C4EBFAF0000"	"\Divisions\PD\Line Hailey\149602 TG High Prairie"
"000000009598E9A20E04F041B38518182890A2D5010012225CC57BF01F4EA8CCA87A792FF35F0001FDB461C90000"	"\Divisions\PD\Line Hailey\151641_General Motors-International Airport\MRLJ05"
"000000009598E9A20E04F041B38518182890A2D5010012225CC57BF01F4EA8CCA87A792FF35F0001B17040650000"	"\Divisions\PD\Line Hailey\151713_SAGINAW 138KV SW STA REB"
"000000009598E9A20E04F041B38518182890A2D5010012225CC57BF01F4EA8CCA87A792FF35F0001F67CE09B0000"	"\Divisions\PD\Line Hailey\152562_Handley Sw-Liggett_Retermination At Airport"
"000000009598E9A20E04F041B38518182890A2D5010012225CC57BF01F4EA8CCA87A792FF35F0001B748E7470000"	"\Divisions\PD\Line Hailey\152876_RETERM WICHITA FALLS-LK WICH\MRLJ02_AB Cage"
"000000009598E9A20E04F041B38518182890A2D5010012225CC57BF01F4EA8CCA87A792FF35F00027B6D7B3E0000"	"\Divisions\PD\Line Hailey\153312-Nepal Construction"
"000000009598E9A20E04F041B38518182890A2D5010012225CC57BF01F4EA8CCA87A792FF35F00022308A3810000"	"\Divisions\PD\Line Hailey\153698_KEMP RANCH SW-GENUS #2"
"000000009598E9A20E04F041B38518182890A2D5010012225CC57BF01F4EA8CCA87A792FF35F0001EC547E180000"	"\Divisions\PD\Line Hailey\153757_HANDLEY SW.-DEEN SW"
"000000009598E9A20E04F041B38518182890A2D5010012225CC57BF01F4EA8CCA87A792FF35F0001EC547E1C0000"	"\Divisions\PD\Line Hailey\153759_EAGLE MT SW.-DEEN SW"
"000000009598E9A20E04F041B38518182890A2D5010012225CC57BF01F4EA8CCA87A792FF35F0001EC547E560000"	"\Divisions\PD\Line Hailey\153872_HUMBOLDT CNTY T-LINE PRE DSGN"
"000000009598E9A20E04F041B38518182890A2D5010012225CC57BF01F4EA8CCA87A792FF35F0002A9804DD20000"	"\Divisions\PD\Line Hailey\154678_Odessa EHV Sw-Wolf Sw"
"000000009598E9A20E04F041B38518182890A2D5010012225CC57BF01F4EA8CCA87A792FF35F0002ADAF34930000"	"\Divisions\PD\Line Hailey\154678_Odessa EHV Sw-Wolf Sw\MRTW01_Tower Order"
"000000009598E9A20E04F041B38518182890A2D5010012225CC57BF01F4EA8CCA87A792FF35F0002A9804DB80000"	"\Divisions\PD\Line Hailey\154683_Odessa EHV Sw-Moss\MRLJ02_Locweld Steel Twrs"
"000000009598E9A20E04F041B38518182890A2D5010012225CC57BF01F4EA8CCA87A792FF35F000225419FAF0000"	"\Divisions\PD\Line Hailey\155013_TXDOT 2818 138KV PROJECT"
"000000009598E9A20E04F041B38518182890A2D5010012225CC57BF01F4EA8CCA87A792FF35F00036983EE170000"	"\Divisions\PD\Line Hailey\155311_Owl Hills Sw-Tunstill POD Sta\MRLJ14"
"000000009598E9A20E04F041B38518182890A2D5010012225CC57BF01F4EA8CCA87A792FF35F00026A6399090000"	"\Divisions\PD\Line Hailey\156389_Riverton Sw-Sand-Split WA"
"000000009598E9A20E04F041B38518182890A2D5010012225CC57BF01F4EA8CCA87A792FF35F0002FE7C356E0000"	"\Divisions\PD\Line Hailey\156541_LAKE CRK SW-WACO EAST SW\MRLJ02"
"000000009598E9A20E04F041B38518182890A2D5010012225CC57BF01F4EA8CCA87A792FF35F00029FCE02A00000"	"\Divisions\PD\Line Hailey\158032_SCE POLE FIRE ANALYSIS"
"000000009598E9A20E04F041B38518182890A2D5010012225CC57BF01F4EA8CCA87A792FF35F0002E9951CE00000"	"\Divisions\PD\Line Hailey\158888_SEE PROJWISE\MRLJ01_WIRE"
"000000009598E9A20E04F041B38518182890A2D5010012225CC57BF01F4EA8CCA87A792FF35F0002ABF385C60000"	"\Divisions\PD\Line Hailey\159436_ALPHA RD-KNOLL TRAIL\OPT 39714 Northaven-Preston RD"
"000000009598E9A20E04F041B38518182890A2D5010012225CC57BF01F4EA8CCA87A792FF35F0003BA58E9380000"	"\Divisions\PD\Line Hailey\165144-Sagebrush"
"000000009598E9A20E04F041B38518182890A2D501001296C725372D7F4B86B758A22EA3141B000000550BDB0000"	"\Divisions\PD\Line Hailey\Allegheny TrAIL\Material"
"000000009598E9A20E04F041B38518182890A2D501001296C725372D7F4B86B758A22EA3141B00000026E9760000"	"\Divisions\PD\Line Hailey\BD_Efforts\108934-ATC"
"000000009598E9A20E04F041B38518182890A2D50100572FF007A7D6B64CA96E5CFE8E1CC1A400000051199D0000"	"\Divisions\PD\Line Hailey\BD_Efforts\116196_ILM\RFI"
"000000009598E9A20E04F041B38518182890A2D50100572FF007A7D6B64CA96E5CFE8E1CC1A400000028F4E50000"	"\Divisions\PD\Line Hailey\BD_Efforts\118770-Mortenson CSP Plant"
"000000009598E9A20E04F041B38518182890A2D50100572FF007A7D6B64CA96E5CFE8E1CC1A40000005119AB0000"	"\Divisions\PD\Line Hailey\BD_Efforts\120020-NTL\Safety"
"000000009598E9A20E04F041B38518182890A2D50100572FF007A7D6B64CA96E5CFE8E1CC1A40000005F0C7D0000"	"\Divisions\PD\Line Hailey\BD_Efforts\121988-Kenny_PacifiCorp_Clover_1-28-11"
"000000009598E9A20E04F041B38518182890A2D5010012225CC57BF01F4EA8CCA87A792FF35F0000B2BA271C0000"	"\Divisions\PD\Line Hailey\BD_Efforts\Abengoa"
"000000009598E9A20E04F041B38518182890A2D501001953B16A689BCD4AA8FC82955DB27CB100000160F7400000"	"\Divisions\PD\Line Hailey\BD_Efforts\AEP\120342-Lobo-Valley 345kV"
"000000009598E9A20E04F041B38518182890A2D50100A3DF33FCC9BD1644BD14FCA330AA9785000025A47F540000"	"\Divisions\PD\Line Hailey\BD_Efforts\AEP\staticmast-study"
"000000009598E9A20E04F041B38518182890A2D50100A3DF33FCC9BD1644BD14FCA330AA9785000019C31B6D0000"	"\Divisions\PD\Line Hailey\BD_Efforts\Algoma\Wawa Rebuild and Lidar"
"000000009598E9A20E04F041B38518182890A2D50100A3DF33FCC9BD1644BD14FCA330AA978500001FA906880000"	"\Divisions\PD\Line Hailey\BD_Efforts\Alta Gas\2014"
"000000009598E9A20E04F041B38518182890A2D50100A3DF33FCC9BD1644BD14FCA330AA978500002DF148F90000"	"\Divisions\PD\Line Hailey\BD_Efforts\Anderson and Wood"
"000000009598E9A20E04F041B38518182890A2D50100A3DF33FCC9BD1644BD14FCA330AA9785000021277FEF0000"	"\Divisions\PD\Line Hailey\BD_Efforts\ARB\2015\San Juan_PNM"
"000000009598E9A20E04F041B38518182890A2D50100A3DF33FCC9BD1644BD14FCA330AA978500001FF0ECA80000"	"\Divisions\PD\Line Hailey\BD_Efforts\Atlantic Power_Ridgeline\2014"
"000000009598E9A20E04F041B38518182890A2D5010012225CC57BF01F4EA8CCA87A792FF35F0000F38658510000"	"\Divisions\PD\Line Hailey\BD_Efforts\BC Hydro\2017"
"000000009598E9A20E04F041B38518182890A2D5010012225CC57BF01F4EA8CCA87A792FF35F0000A3FACBEB0000"	"\Divisions\PD\Line Hailey\BD_Efforts\Birdseye\2017"
"000000009598E9A20E04F041B38518182890A2D50100A3DF33FCC9BD1644BD14FCA330AA978500001CEAA83E0000"	"\Divisions\PD\Line Hailey\BD_Efforts\Black Hills Power\Line Patrol"
"000000009598E9A20E04F041B38518182890A2D501001953B16A689BCD4AA8FC82955DB27CB1000001DE8B0E0000"	"\Divisions\PD\Line Hailey\BD_Efforts\Bright Source\Johnson Valley"
"000000009598E9A20E04F041B38518182890A2D5010012225CC57BF01F4EA8CCA87A792FF35F00016EA992960000"	"\Divisions\PD\Line Hailey\BD_Efforts\Brookfield Renewable\2018"
"000000009598E9A20E04F041B38518182890A2D5010012225CC57BF01F4EA8CCA87A792FF35F00011D8C7A530000"	"\Divisions\PD\Line Hailey\BD_Efforts\CEATI\2017\Vegetation Management"
"000000009598E9A20E04F041B38518182890A2D501001953B16A689BCD4AA8FC82955DB27CB1000000002E770000"	"\Divisions\PD\Line Hailey\BD_Efforts\Champlin Wind\Wilson Creek_123567"
"000000009598E9A20E04F041B38518182890A2D50100A3DF33FCC9BD1644BD14FCA330AA978500001F7C9CC40000"	"\Divisions\PD\Line Hailey\BD_Efforts\City of Boulder City"
"000000009598E9A20E04F041B38518182890A2D50100A3DF33FCC9BD1644BD14FCA330AA978500002ABFBA520000"	"\Divisions\PD\Line Hailey\BD_Efforts\Clean Line\2015\Failure Containment"
"000000009598E9A20E04F041B38518182890A2D50100A3DF33FCC9BD1644BD14FCA330AA9785000022FB84BF0000"	"\Divisions\PD\Line Hailey\BD_Efforts\Coos Curry Electric Coop\2015\Arrester Analysis"
"000000009598E9A20E04F041B38518182890A2D50100A3DF33FCC9BD1644BD14FCA330AA978500002BBCC9AF0000"	"\Divisions\PD\Line Hailey\BD_Efforts\Detente"
"000000009598E9A20E04F041B38518182890A2D5010012225CC57BF01F4EA8CCA87A792FF35F00019ED8C1F10000"	"\Divisions\PD\Line Hailey\BD_Efforts\EDM"
"000000009598E9A20E04F041B38518182890A2D50100A3DF33FCC9BD1644BD14FCA330AA978500002ABD21B40000"	"\Divisions\PD\Line Hailey\BD_Efforts\EKPC\2016\Hodgenville-Stephensburg 69 kV"
"000000009598E9A20E04F041B38518182890A2D501001953B16A689BCD4AA8FC82955DB27CB1000000D098100000"	"\Divisions\PD\Line Hailey\BD_Efforts\ENEL\Green Power Chile"
"000000009598E9A20E04F041B38518182890A2D5010012225CC57BF01F4EA8CCA87A792FF35F00008C3235B80000"	"\Divisions\PD\Line Hailey\BD_Efforts\Entergy\2017"
"000000009598E9A20E04F041B38518182890A2D50100572FF007A7D6B64CA96E5CFE8E1CC1A400000064F1640000"	"\Divisions\PD\Line Hailey\BD_Efforts\EoN\Eon_Pioneer Trail"
"000000009598E9A20E04F041B38518182890A2D50100A3DF33FCC9BD1644BD14FCA330AA978500001B3D74C50000"	"\Divisions\PD\Line Hailey\BD_Efforts\Excel\Tower Modeling"
"000000009598E9A20E04F041B38518182890A2D50100A3DF33FCC9BD1644BD14FCA330AA978500001D679DC80000"	"\Divisions\PD\Line Hailey\BD_Efforts\First Solar\2014\California Flats"
"000000009598E9A20E04F041B38518182890A2D50100A3DF33FCC9BD1644BD14FCA330AA978500002300844F0000"	"\Divisions\PD\Line Hailey\BD_Efforts\Flatiron\General"
"000000009598E9A20E04F041B38518182890A2D50100A3DF33FCC9BD1644BD14FCA330AA97850000271E4C340000"	"\Divisions\PD\Line Hailey\BD_Efforts\Freeport McMoran_Morenci\General"
"000000009598E9A20E04F041B38518182890A2D50100A3DF33FCC9BD1644BD14FCA330AA97850000227B382B0000"	"\Divisions\PD\Line Hailey\BD_Efforts\Genalta\General"
"000000009598E9A20E04F041B38518182890A2D50100F3BCE3A574023B4482F2E427B5A3121800004D8E99730000"	"\Divisions\PD\Line Hailey\BD_Efforts\GLP\2009 Projects\Great Lakes Power 2009\GLP - K24G"
"000000009598E9A20E04F041B38518182890A2D50100A3DF33FCC9BD1644BD14FCA330AA97850000230726D50000"	"\Divisions\PD\Line Hailey\BD_Efforts\GLP\2015\Hollingsworth"
"000000009598E9A20E04F041B38518182890A2D50100A3DF33FCC9BD1644BD14FCA330AA978500002CAC3BCC0000"	"\Divisions\PD\Line Hailey\BD_Efforts\Goldwind\2016\Rattlesnake OE"
"000000009598E9A20E04F041B38518182890A2D5010012225CC57BF01F4EA8CCA87A792FF35F00007754B8980000"	"\Divisions\PD\Line Hailey\BD_Efforts\GridLiance\General"
"000000009598E9A20E04F041B38518182890A2D50100A3DF33FCC9BD1644BD14FCA330AA97850000240EE1460000"	"\Divisions\PD\Line Hailey\BD_Efforts\Harvest Energy Services\General"
"000000009598E9A20E04F041B38518182890A2D50100A3DF33FCC9BD1644BD14FCA330AA97850000172510890000"	"\Divisions\PD\Line Hailey\BD_Efforts\Heco\6800 Line"
"000000009598E9A20E04F041B38518182890A2D50100A3DF33FCC9BD1644BD14FCA330AA9785000025844B650000"	"\Divisions\PD\Line Hailey\BD_Efforts\Hundseth\General"
"000000009598E9A20E04F041B38518182890A2D50100A3DF33FCC9BD1644BD14FCA330AA978500001CEEE5C40000"	"\Divisions\PD\Line Hailey\BD_Efforts\Iberdrola\Manzana Wind Farm"
"000000009598E9A20E04F041B38518182890A2D5010012225CC57BF01F4EA8CCA87A792FF35F000347D451900000"	"\Divisions\PD\Line Hailey\BD_Efforts\IDB\2020\Uruguay-Argentina\IDB - Uruguay-Argentina Substations"
"000000009598E9A20E04F041B38518182890A2D50100A3DF33FCC9BD1644BD14FCA330AA97850000241253AE0000"	"\Divisions\PD\Line Hailey\BD_Efforts\International"
"000000009598E9A20E04F041B38518182890A2D50100A3DF33FCC9BD1644BD14FCA330AA97850000217B3A830000"	"\Divisions\PD\Line Hailey\BD_Efforts\Juwi Wind\2015"
"000000009598E9A20E04F041B38518182890A2D50100A3DF33FCC9BD1644BD14FCA330AA9785000017773FC40000"	"\Divisions\PD\Line Hailey\BD_Efforts\KETRACO"
"000000009598E9A20E04F041B38518182890A2D5010012225CC57BF01F4EA8CCA87A792FF35F00003452E6740000"	"\Divisions\PD\Line Hailey\BD_Efforts\Lamifil\2016"
"000000009598E9A20E04F041B38518182890A2D5010012225CC57BF01F4EA8CCA87A792FF35F0001DF3308CB0000"	"\Divisions\PD\Line Hailey\BD_Efforts\LATIN AMERICA\Brazil"
"000000009598E9A20E04F041B38518182890A2D50100A3DF33FCC9BD1644BD14FCA330AA978500002BDFE09A0000"	"\Divisions\PD\Line Hailey\BD_Efforts\LATIN AMERICA\Central America\Costa Rica\ESPH\2016\EOLICO El Quijote"
"000000009598E9A20E04F041B38518182890A2D50100A3DF33FCC9BD1644BD14FCA330AA978500002BC7B2F70000"	"\Divisions\PD\Line Hailey\BD_Efforts\LATIN AMERICA\Central America\Costa Rica\ICE\2015\New str family"
"000000009598E9A20E04F041B38518182890A2D5010012225CC57BF01F4EA8CCA87A792FF35F000117D40FE50000"	"\Divisions\PD\Line Hailey\BD_Efforts\LATIN AMERICA\Central America\Costa Rica\ICE\2017\BIM"
"000000009598E9A20E04F041B38518182890A2D5010012225CC57BF01F4EA8CCA87A792FF35F000227137F5C0000"	"\Divisions\PD\Line Hailey\BD_Efforts\LATIN AMERICA\Central America\Costa Rica\ICE\2018\KFW BESS Bolivia"
"000000009598E9A20E04F041B38518182890A2D50100A3DF33FCC9BD1644BD14FCA330AA978500002BC84ABC0000"	"\Divisions\PD\Line Hailey\BD_Efforts\LATIN AMERICA\Central America\Costa Rica\ICE\Old Projects\2015\EPR Capacity Increase"
"000000009598E9A20E04F041B38518182890A2D50100A3DF33FCC9BD1644BD14FCA330AA978500002BC8912D0000"	"\Divisions\PD\Line Hailey\BD_Efforts\LATIN AMERICA\Central America\Costa Rica\ICE\Old Projects\Foundations feasibility study"
"000000009598E9A20E04F041B38518182890A2D50100A3DF33FCC9BD1644BD14FCA330AA978500002BC8EB530000"	"\Divisions\PD\Line Hailey\BD_Efforts\LATIN AMERICA\Central America\Costa Rica\ICE\Old Projects\Mines"
"000000009598E9A20E04F041B38518182890A2D50100A3DF33FCC9BD1644BD14FCA330AA978500002BC928E60000"	"\Divisions\PD\Line Hailey\BD_Efforts\LATIN AMERICA\Central America\Costa Rica\ICE\Old Projects\Wind Projects"
"000000009598E9A20E04F041B38518182890A2D50100A3DF33FCC9BD1644BD14FCA330AA978500002BC74E7B0000"	"\Divisions\PD\Line Hailey\BD_Efforts\LATIN AMERICA\Central America\Costa Rica\XPERTEC\Projects\2011\Acciona Chiripa wind project CR_Dec2011"
"000000009598E9A20E04F041B38518182890A2D50100A3DF33FCC9BD1644BD14FCA330AA978500002C84FDD00000"	"\Divisions\PD\Line Hailey\BD_Efforts\LATIN AMERICA\Central America\EPR\2016\System study"
"000000009598E9A20E04F041B38518182890A2D50100A3DF33FCC9BD1644BD14FCA330AA978500002BC64AE80000"	"\Divisions\PD\Line Hailey\BD_Efforts\LATIN AMERICA\Central America\Panama\ETESA"
"000000009598E9A20E04F041B38518182890A2D5010012225CC57BF01F4EA8CCA87A792FF35F00011CBC1F760000"	"\Divisions\PD\Line Hailey\BD_Efforts\LATIN AMERICA\Central America\Panama\SEC - Martano"
"000000009598E9A20E04F041B38518182890A2D50100A3DF33FCC9BD1644BD14FCA330AA978500001D69A9EE0000"	"\Divisions\PD\Line Hailey\BD_Efforts\LATIN AMERICA\Chile\Transelec"
"000000009598E9A20E04F041B38518182890A2D5010012225CC57BF01F4EA8CCA87A792FF35F00008261204F0000"	"\Divisions\PD\Line Hailey\BD_Efforts\LATIN AMERICA\Chile\Transelec\2017\Chacao Channel X-ing"
"000000009598E9A20E04F041B38518182890A2D5010012225CC57BF01F4EA8CCA87A792FF35F00016EA992900000"	"\Divisions\PD\Line Hailey\BD_Efforts\LATIN AMERICA\Colombia\ieb\General"
"000000009598E9A20E04F041B38518182890A2D50100A3DF33FCC9BD1644BD14FCA330AA978500002BC5C2040000"	"\Divisions\PD\Line Hailey\BD_Efforts\LATIN AMERICA\Mexico\CFE\132898-CFE Training"
"000000009598E9A20E04F041B38518182890A2D50100A3DF33FCC9BD1644BD14FCA330AA978500002C0A63A60000"	"\Divisions\PD\Line Hailey\BD_Efforts\LATIN AMERICA\Mexico\IEnova\General"
"000000009598E9A20E04F041B38518182890A2D5010012225CC57BF01F4EA8CCA87A792FF35F00012B5C43BB0000"	"\Divisions\PD\Line Hailey\BD_Efforts\LATIN AMERICA\Puerto Rico"
"000000009598E9A20E04F041B38518182890A2D5010012225CC57BF01F4EA8CCA87A792FF35F0000AED689CC0000"	"\Divisions\PD\Line Hailey\BD_Efforts\LCRA\2017\Zorn to Marion"
"000000009598E9A20E04F041B38518182890A2D50100A3DF33FCC9BD1644BD14FCA330AA9785000025EE0A410000"	"\Divisions\PD\Line Hailey\BD_Efforts\Matrix NAC"
"000000009598E9A20E04F041B38518182890A2D50100A3DF33FCC9BD1644BD14FCA330AA978500001DACD3500000"	"\Divisions\PD\Line Hailey\BD_Efforts\Michels\First Solar_Recurrent-Astoria"
"000000009598E9A20E04F041B38518182890A2D50100A3DF33FCC9BD1644BD14FCA330AA978500002613C4210000"	"\Divisions\PD\Line Hailey\BD_Efforts\Minnesota Power\2015"
"000000009598E9A20E04F041B38518182890A2D5010012225CC57BF01F4EA8CCA87A792FF35F0001B17040870000"	"\Divisions\PD\Line Hailey\BD_Efforts\Montana-Dakota Utilities\2018"
"000000009598E9A20E04F041B38518182890A2D50100A3DF33FCC9BD1644BD14FCA330AA978500001E5038AF0000"	"\Divisions\PD\Line Hailey\BD_Efforts\NextEra\General"
"000000009598E9A20E04F041B38518182890A2D50100A3DF33FCC9BD1644BD14FCA330AA97850000235DD71C0000"	"\Divisions\PD\Line Hailey\BD_Efforts\Norden_AVAL\2015\Steel Pole Review"
"000000009598E9A20E04F041B38518182890A2D5010012225CC57BF01F4EA8CCA87A792FF35F00013E8F56A80000"	"\Divisions\PD\Line Hailey\BD_Efforts\NTPC_Northwest Territories Power Corp\General\Generic Contract"
"000000009598E9A20E04F041B38518182890A2D50100A3DF33FCC9BD1644BD14FCA330AA97850000200E08F90000"	"\Divisions\PD\Line Hailey\BD_Efforts\Okanogan County Electric Co-Operative\2014"
"000000009598E9A20E04F041B38518182890A2D5010012225CC57BF01F4EA8CCA87A792FF35F00009B0B6D290000"	"\Divisions\PD\Line Hailey\BD_Efforts\PacifiCorp\2017\EGW"
"000000009598E9A20E04F041B38518182890A2D50100A3DF33FCC9BD1644BD14FCA330AA97850000239F6A2E0000"	"\Divisions\PD\Line Hailey\BD_Efforts\Pattern Energy\2015"
"000000009598E9A20E04F041B38518182890A2D50100F3BCE3A574023B4482F2E427B5A3121800004EC073B70000"	"\Divisions\PD\Line Hailey\BD_Efforts\PGE_Portland General Electric\2016\Harborton"
"000000009598E9A20E04F041B38518182890A2D50100A3DF33FCC9BD1644BD14FCA330AA97850000211D2A670000"	"\Divisions\PD\Line Hailey\BD_Efforts\POWER\AVAL"
"000000009598E9A20E04F041B38518182890A2D50100A3DF33FCC9BD1644BD14FCA330AA978500001F6CAC6D0000"	"\Divisions\PD\Line Hailey\BD_Efforts\Powertel\2014\Preliminary Spotting 230 kV-90km"
"000000009598E9A20E04F041B38518182890A2D5010012225CC57BF01F4EA8CCA87A792FF35F00019443EB510000"	"\Divisions\PD\Line Hailey\BD_Efforts\Project Spokane"
"000000009598E9A20E04F041B38518182890A2D501001953B16A689BCD4AA8FC82955DB27CB10000012679F50000"	"\Divisions\PD\Line Hailey\BD_Efforts\Recurrent"
"000000009598E9A20E04F041B38518182890A2D50100A3DF33FCC9BD1644BD14FCA330AA97850000285783AC0000"	"\Divisions\PD\Line Hailey\BD_Efforts\Regional Power\General"
"000000009598E9A20E04F041B38518182890A2D50100A3DF33FCC9BD1644BD14FCA330AA978500001B4999EB0000"	"\Divisions\PD\Line Hailey\BD_Efforts\Robins and Morton\LEPA T-Line"
"000000009598E9A20E04F041B38518182890A2D50100A3DF33FCC9BD1644BD14FCA330AA978500001DE0BDB20000"	"\Divisions\PD\Line Hailey\BD_Efforts\RS Technologies"
"000000009598E9A20E04F041B38518182890A2D5010012225CC57BF01F4EA8CCA87A792FF35F0000FFBD37E40000"	"\Divisions\PD\Line Hailey\BD_Efforts\RTA-Rio Tinto Alcan\2015\Kitimat River Crossing"
"000000009598E9A20E04F041B38518182890A2D5010012225CC57BF01F4EA8CCA87A792FF35F00018BFC69AB0000"	"\Divisions\PD\Line Hailey\BD_Efforts\SanMiguelPA"
"000000009598E9A20E04F041B38518182890A2D5010012225CC57BF01F4EA8CCA87A792FF35F0000A8917AB50000"	"\Divisions\PD\Line Hailey\BD_Efforts\SaskPower\2017\Generation MSA"
"000000009598E9A20E04F041B38518182890A2D50100A3DF33FCC9BD1644BD14FCA330AA97850000174810550000"	"\Divisions\PD\Line Hailey\BD_Efforts\SCE\Blanket Tower Modeling"
"000000009598E9A20E04F041B38518182890A2D50100A3DF33FCC9BD1644BD14FCA330AA978500002BFE17BB0000"	"\Divisions\PD\Line Hailey\BD_Efforts\Seattle City Light\2016\128284.011.001-SCL BROAD ST "
"000000009598E9A20E04F041B38518182890A2D5010012225CC57BF01F4EA8CCA87A792FF35F000023CCCEEC0000"	"\Divisions\PD\Line Hailey\BD_Efforts\Smartwires\2016\PSEG-LI"
"000000009598E9A20E04F041B38518182890A2D50100A3DF33FCC9BD1644BD14FCA330AA9785000022FDF3FB0000"	"\Divisions\PD\Line Hailey\BD_Efforts\Snohomish PUD\2015\115kV Route Study"
"000000009598E9A20E04F041B38518182890A2D501001296C725372D7F4B86B758A22EA3141B00000029C6970000"	"\Divisions\PD\Line Hailey\BD_Efforts\SRP-PaloVerde"
"000000009598E9A20E04F041B38518182890A2D50100A3DF33FCC9BD1644BD14FCA330AA9785000022CC2D940000"	"\Divisions\PD\Line Hailey\BD_Efforts\Surprise Valley\2015\69 kV-Distribution Line"
"000000009598E9A20E04F041B38518182890A2D5010012225CC57BF01F4EA8CCA87A792FF35F00007754B8900000"	"\Divisions\PD\Line Hailey\BD_Efforts\TEP-Tucson Electric Power\2016"
"000000009598E9A20E04F041B38518182890A2D5010012225CC57BF01F4EA8CCA87A792FF35F0000B2BA27440000"	"\Divisions\PD\Line Hailey\BD_Efforts\Terra_Gen\2017"
"000000009598E9A20E04F041B38518182890A2D5010012225CC57BF01F4EA8CCA87A792FF35F00005DC2F3490000"	"\Divisions\PD\Line Hailey\BD_Efforts\Tetra Tech\2016\East Timor"
"000000009598E9A20E04F041B38518182890A2D50100A3DF33FCC9BD1644BD14FCA330AA978500001E52EF350000"	"\Divisions\PD\Line Hailey\BD_Efforts\Transource\2014\PJM"
"000000009598E9A20E04F041B38518182890A2D50100A3DF33FCC9BD1644BD14FCA330AA978500002A3788590000"	"\Divisions\PD\Line Hailey\BD_Efforts\US Government\2016\Australia 60kV"
"000000009598E9A20E04F041B38518182890A2D50100A3DF33FCC9BD1644BD14FCA330AA9785000029F2D8E00000"	"\Divisions\PD\Line Hailey\BD_Efforts\Vattenfall\2016\Shield Wire Project"
"000000009598E9A20E04F041B38518182890A2D50100572FF007A7D6B64CA96E5CFE8E1CC1A4000000630C470000"	"\Divisions\PD\Line Hailey\BD_Efforts\Vestas\Vestas-Tenure"
"000000009598E9A20E04F041B38518182890A2D5010012225CC57BF01F4EA8CCA87A792FF35F0001E6DB39600000"	"\Divisions\PD\Line Hailey\BD_Efforts\Wheeler Electric\2018\INL_Add Twr Cond"
"000000009598E9A20E04F041B38518182890A2D50100A3DF33FCC9BD1644BD14FCA330AA978500001F1C411E0000"	"\Divisions\PD\Line Hailey\BD_Efforts\WREC_Wells Rural Electric\General"
"000000009598E9A20E04F041B38518182890A2D50100A3DF33FCC9BD1644BD14FCA330AA978500001A4039210000"	"\Divisions\PD\Line Hailey\cigre_correspondence\cigre-Bamberg2013"
"000000009598E9A20E04F041B38518182890A2D501001296C725372D7F4B86B758A22EA3141B000000433F710000"	"\Divisions\PD\Line Hailey\CLIENT_STDS_GENERAL\brazos-general\BRAZOS Stds & Dwgs"
"000000009598E9A20E04F041B38518182890A2D50100572FF007A7D6B64CA96E5CFE8E1CC1A400000021C9A30000"	"\Divisions\PD\Line Hailey\CLIENT_STDS_GENERAL\MHI-AlkariaII"
"000000009598E9A20E04F041B38518182890A2D5010012225CC57BF01F4EA8CCA87A792FF35F00026E5A22290000"	"\Divisions\PD\Line Hailey\EEI_conf_3-2019\EEI_conf_3-2019"
"000000009598E9A20E04F041B38518182890A2D50100A3DF33FCC9BD1644BD14FCA330AA978500001B1D26B70000"	"\Divisions\PD\Line Hailey\Line Kansas City\122587 PEF-LAKE ALOMA DSCADA PREP"
"000000009598E9A20E04F041B38518182890A2D50100A3DF33FCC9BD1644BD14FCA330AA978500001B1D26E40000"	"\Divisions\PD\Line Hailey\Line Kansas City\126310 PEF-CROSS CITY RTU UPGRADE"
"000000009598E9A20E04F041B38518182890A2D5010012225CC57BF01F4EA8CCA87A792FF35F000126D4D3090000"	"\Divisions\PD\Line Hailey\Out of Office – Kansas City Calendar"
"000000009598E9A20E04F041B38518182890A2D50100A3DF33FCC9BD1644BD14FCA330AA9785000026C78E5C0000"	"\Divisions\PD\Line Hamilton\133516"
"000000009598E9A20E04F041B38518182890A2D50100A3DF33FCC9BD1644BD14FCA330AA978500002A3995930000"	"\Divisions\PD\Line Hamilton\141179"
"000000009598E9A20E04F041B38518182890A2D5010012225CC57BF01F4EA8CCA87A792FF35F0000C4975B090000"	"\Divisions\PD\Line Hamilton\146569"
"000000009598E9A20E04F041B38518182890A2D5010012225CC57BF01F4EA8CCA87A792FF35F0001E6DB396E0000"	"\Divisions\PD\Line Hamilton\152810"
"000000009598E9A20E04F041B38518182890A2D50100E34BFE500669CD49AC2E27C6C54DE39D00000010D0BE0000"	"\Divisions\PD\Line Houston\00-Closed Projects (remove by 11/09)\112095"
"000000009598E9A20E04F041B38518182890A2D50100E34BFE500669CD49AC2E27C6C54DE39D00000020FD950000"	"\Divisions\PD\Line Houston\00-Proposals_BD\116186_Golder_Associates"
"000000009598E9A20E04F041B38518182890A2D50100E34BFE500669CD49AC2E27C6C54DE39D0000000AFD5B0000"	"\Divisions\PD\Line Houston\107391 Alaskan Way Via Duct\00 UPLOADED TO DMS or PWC"
"000000009598E9A20E04F041B38518182890A2D50100E34BFE500669CD49AC2E27C6C54DE39D0000000AFD6A0000"	"\Divisions\PD\Line Houston\107391 Alaskan Way Via Duct\00 UPLOADED TO DMS or PWC\00 Meeting Minutes\AWV-082"
"000000009598E9A20E04F041B38518182890A2D50100E34BFE500669CD49AC2E27C6C54DE39D0000000D59250000"	"\Divisions\PD\Line Houston\107391 Alaskan Way Via Duct\00 UPLOADED TO DMS or PWC\009-025 thru 009-100\009-097"
"000000009598E9A20E04F041B38518182890A2D50100E34BFE500669CD49AC2E27C6C54DE39D0000000AFD7A0000"	"\Divisions\PD\Line Houston\107391 Alaskan Way Via Duct\00 UPLOADED TO DMS or PWC\AWV-003 thru AWV-050\AWV-033"
"000000009598E9A20E04F041B38518182890A2D50100E34BFE500669CD49AC2E27C6C54DE39D0000000D59180000"	"\Divisions\PD\Line Houston\107391 Alaskan Way Via Duct\00 UPLOADED TO DMS or PWC\AWV-050 thruy AWV-100\AWV-057"
"000000009598E9A20E04F041B38518182890A2D50100E34BFE500669CD49AC2E27C6C54DE39D0000000D59320000"	"\Divisions\PD\Line Houston\107391 Alaskan Way Via Duct\00 UPLOADED TO DMS or PWC\J_Joy_POWER_05-18-07"
"000000009598E9A20E04F041B38518182890A2D50100E34BFE500669CD49AC2E27C6C54DE39D0000003005220000"	"\Divisions\PD\Line Houston\118718_SCL_Mercer"
"000000009598E9A20E04F041B38518182890A2D50100A3DF33FCC9BD1644BD14FCA330AA978500001FB258A30000"	"\Divisions\PD\Line Houston\136221_AEP_Gravel Pit_WO#"
"000000009598E9A20E04F041B38518182890A2D50100E34BFE500669CD49AC2E27C6C54DE39D0000003DC0F40000"	"\Divisions\PD\Line Houston\LCRA"
"000000009598E9A20E04F041B38518182890A2D50100A3DF33FCC9BD1644BD14FCA330AA978500001D5B81180000"	"\Divisions\PD\Line Kansas City\BUS DEV"
"000000009598E9A20E04F041B38518182890A2D50100A3DF33FCC9BD1644BD14FCA330AA978500001AA9126E0000"	"\Divisions\PD\Line Orlando\131328-FPL-PINEWOOD TEMP/PERM LINE"
"000000009598E9A20E04F041B38518182890A2D50100A3DF33FCC9BD1644BD14FCA330AA978500001E7C5B8E0000"	"\Divisions\PD\Line Orlando\135258-FPL-SISTRUNK TAP-ROCK ISLAND"
"000000009598E9A20E04F041B38518182890A2D50100A3DF33FCC9BD1644BD14FCA330AA978500001FA2C37B0000"	"\Divisions\PD\Line Orlando\136145-FPL-T12720 SIMPSON SUB"
"000000009598E9A20E04F041B38518182890A2D50100A3DF33FCC9BD1644BD14FCA330AA9785000024234F9C0000"	"\Divisions\PD\Line Orlando\139327-FPL-PEETZ PAWNEE 239kV N163-66"
"000000009598E9A20E04F041B38518182890A2D50100A3DF33FCC9BD1644BD14FCA330AA978500002A09F94D0000"	"\Divisions\PD\Line Orlando\141656-FPL-STR 38B12 PLAYLAND SUB"
"000000009598E9A20E04F041B38518182890A2D5010012225CC57BF01F4EA8CCA87A792FF35F000045BC48710000"	"\Divisions\PD\Line Orlando\144352-DUKE-TLINE ENGINEERING SERVICES"
"000000009598E9A20E04F041B38518182890A2D50100A3DF33FCC9BD1644BD14FCA330AA9785000015F8AA350000"	"\Divisions\PD\Line Portland\126101 - Skyriver Uprating\126101 - Skyriver Uprating - Tasks"
"000000009598E9A20E04F041B38518182890A2D50100A3DF33FCC9BD1644BD14FCA330AA978500001D81BFC50000"	"\Divisions\PD\Line Portland\133868 - PacifiCorp NERC Support"
"000000009598E9A20E04F041B38518182890A2D50100F3BCE3A574023B4482F2E427B5A3121800004EC0E92A0000"	"\Divisions\PD\Line Portland\140037 - Hillsboro ONCOR"
"000000009598E9A20E04F041B38518182890A2D5010012225CC57BF01F4EA8CCA87A792FF35F000071646BE30000"	"\Divisions\PD\Line Portland\144978 - AEP Hughes"
"000000009598E9A20E04F041B38518182890A2D5010012225CC57BF01F4EA8CCA87A792FF35F000174EAD0DF0000"	"\Divisions\PD\Line Portland\150819 - MNP LiDAR & PLS Modelling"
"000000009598E9A20E04F041B38518182890A2D5010012225CC57BF01F4EA8CCA87A792FF35F0002ABF385CC0000"	"\Divisions\PD\Line Portland\158365 - PSE Talbot Paccar Reconductor"
"000000009598E9A20E04F041B38518182890A2D50100A3DF33FCC9BD1644BD14FCA330AA978500001996F0A00000"	"\Divisions\PD\Line San Diego\130226_137925 DCR 500kV"
"000000009598E9A20E04F041B38518182890A2D5010012225CC57BF01F4EA8CCA87A792FF35F000235B0E03C0000"	"\Divisions\PD\Line San Diego\155064 - TL13831 W2S"
"000000009598E9A20E04F041B38518182890A2D50100A3DF33FCC9BD1644BD14FCA330AA9785000017C3190A0000"	"\Divisions\PD\Line St. Louis\St. Louis Line"
"000000009598E9A20E04F041B38518182890A2D5010012225CC57BF01F4EA8CCA87A792FF35F0000AACB73C10000"	"\Divisions\PD\Line Syracuse\_PPL HOLD\146160 PPL - B59937 EOC NLRP BREI-ALBU"
"000000009598E9A20E04F041B38518182890A2D5010012225CC57BF01F4EA8CCA87A792FF35F0002C819899F0000"	"\Divisions\PD\MPD\White Paper Requests"
"000000009598E9A20E04F041B38518182890A2D50100572FF007A7D6B64CA96E5CFE8E1CC1A400000012925C0000"	"\Divisions\PD\North Attleboro Project Site\AIR's\Closed AIR's\0062"
"000000009598E9A20E04F041B38518182890A2D50100572FF007A7D6B64CA96E5CFE8E1CC1A40000001397AE0000"	"\Divisions\PD\North Attleboro Project Site\AIR's\Open AIR's\0067"
"000000009598E9A20E04F041B38518182890A2D50100A3DF33FCC9BD1644BD14FCA330AA978500001CD077D40000"	"\Divisions\PD\North Attleboro Project Site\Line Syracuse\132402 AEP-Brush Tvrn-Lynbrk 40068"
"000000009598E9A20E04F041B38518182890A2D50100572FF007A7D6B64CA96E5CFE8E1CC1A40000001291FF0000"	"\Divisions\PD\North Attleboro Project Site\Projects\113516-New 345KV Line W.Farnum-Kent"
"000000009598E9A20E04F041B38518182890A2D50100572FF007A7D6B64CA96E5CFE8E1CC1A40000001291FB0000"	"\Divisions\PD\North Attleboro Project Site\Projects\113522-347 345kV Line Rec Shrmn-RI/CT"
"000000009598E9A20E04F041B38518182890A2D50100A3DF33FCC9BD1644BD14FCA330AA9785000015EC7C5A0000"	"\Divisions\PD\North Attleboro Project Site\Projects\123591 LINE 328 RECOND/RBLD"
"000000009598E9A20E04F041B38518182890A2D50100A3DF33FCC9BD1644BD14FCA330AA978500001A21FAEA0000"	"\Divisions\PD\Operations"
"000000009598E9A20E04F041B38518182890A2D5010012225CC57BF01F4EA8CCA87A792FF35F000235B0E0480000"	"\Divisions\PD\PCI Portland\155299 - TWIN SPRINGS SUBST - LSEC"
"000000009598E9A20E04F041B38518182890A2D50100A3DF33FCC9BD1644BD14FCA330AA978500001C97757B0000"	"\Divisions\PD\PCI Sacramento\00-DMS Upload\Ameren - NERC Program\Misc"
"000000009598E9A20E04F041B38518182890A2D501006C95E27D1ACA634AA1AADC20796388DD000000BC578C0000"	"\Divisions\PD\PCI Sacramento\117132 TMPA-CREZ\Daily Reports"
"000000009598E9A20E04F041B38518182890A2D50100A3DF33FCC9BD1644BD14FCA330AA978500000E8625700000"	"\Divisions\PD\PCI Sacramento\117291 NPPD345KV AXTELL-KANSAS LINE\Axtell-Kansas\ROW"
"000000009598E9A20E04F041B38518182890A2D501001953B16A689BCD4AA8FC82955DB27CB1000001C68B750000"	"\Divisions\PD\PCI Sacramento\121690 ON Line Project\All Inspector Reports\Anchor Testing & Installation"
"000000009598E9A20E04F041B38518182890A2D501001953B16A689BCD4AA8FC82955DB27CB1000001CEC62B0000"	"\Divisions\PD\PCI Sacramento\121690 ON Line Project\All Inspector Reports\Lattice Assembly"
"000000009598E9A20E04F041B38518182890A2D501001953B16A689BCD4AA8FC82955DB27CB1000001CEC6450000"	"\Divisions\PD\PCI Sacramento\121690 ON Line Project\All Inspector Reports\Steel Pole Inspection Checklist (Assembly)"
"000000009598E9A20E04F041B38518182890A2D50100A3DF33FCC9BD1644BD14FCA330AA97850000190615FB0000"	"\Divisions\PD\PCI Sacramento\121690 ON Line Project\All Inspector Reports\Weekly Reports"
"000000009598E9A20E04F041B38518182890A2D50100A3DF33FCC9BD1644BD14FCA330AA978500001744A00A0000"	"\Divisions\PD\PCI Sacramento\127239 TMK NextEra Network Upgrades Conceptual Project "
"000000009598E9A20E04F041B38518182890A2D50100A3DF33FCC9BD1644BD14FCA330AA978500001C9771F90000"	"\Divisions\PD\PCI Sacramento\132259 MO Program Management"
"000000009598E9A20E04F041B38518182890A2D50100A3DF33FCC9BD1644BD14FCA330AA978500001C9772760000"	"\Divisions\PD\PCI Sacramento\132259 MO Program Management\002"
"000000009598E9A20E04F041B38518182890A2D50100A3DF33FCC9BD1644BD14FCA330AA978500001C9775380000"	"\Divisions\PD\PCI Sacramento\132259 MO Program Management\007\Engineering"
"000000009598E9A20E04F041B38518182890A2D50100A3DF33FCC9BD1644BD14FCA330AA978500001C9773AA0000"	"\Divisions\PD\PCI Sacramento\132259 MO Program Management\010\Engineering Inspection"
"000000009598E9A20E04F041B38518182890A2D50100A3DF33FCC9BD1644BD14FCA330AA978500001C9774050000"	"\Divisions\PD\PCI Sacramento\132259 MO Program Management\011\Environmental"
"000000009598E9A20E04F041B38518182890A2D50100A3DF33FCC9BD1644BD14FCA330AA978500001C97744D0000"	"\Divisions\PD\PCI Sacramento\132259 MO Program Management\012\Financial"
"000000009598E9A20E04F041B38518182890A2D50100A3DF33FCC9BD1644BD14FCA330AA978500001C97749B0000"	"\Divisions\PD\PCI Sacramento\132259 MO Program Management\030\Materials"
"000000009598E9A20E04F041B38518182890A2D50100A3DF33FCC9BD1644BD14FCA330AA978500001C9772EA0000"	"\Divisions\PD\PCI Sacramento\132259 MO Program Management\040\Meeting Items"
"000000009598E9A20E04F041B38518182890A2D50100A3DF33FCC9BD1644BD14FCA330AA978500001C97731A0000"	"\Divisions\PD\PCI Sacramento\132259 MO Program Management\060\Misc"
"000000009598E9A20E04F041B38518182890A2D50100A3DF33FCC9BD1644BD14FCA330AA978500001C9773490000"	"\Divisions\PD\PCI Sacramento\132259 MO Program Management\080\Real Estate"
"000000009598E9A20E04F041B38518182890A2D50100A3DF33FCC9BD1644BD14FCA330AA978500001C9773780000"	"\Divisions\PD\PCI Sacramento\132259 MO Program Management\090\RFIs"
"000000009598E9A20E04F041B38518182890A2D50100A3DF33FCC9BD1644BD14FCA330AA978500001C976A310000"	"\Divisions\PD\PCI Sacramento\132260 IL Program Management Support\001\RFIs"
"000000009598E9A20E04F041B38518182890A2D50100A3DF33FCC9BD1644BD14FCA330AA978500001C976A7E0000"	"\Divisions\PD\PCI Sacramento\132260 IL Program Management Support\002\Safety"
"000000009598E9A20E04F041B38518182890A2D50100A3DF33FCC9BD1644BD14FCA330AA978500001C9769D30000"	"\Divisions\PD\PCI Sacramento\132260 IL Program Management Support\003\Schedule"
"000000009598E9A20E04F041B38518182890A2D50100A3DF33FCC9BD1644BD14FCA330AA978500001C976AB10000"	"\Divisions\PD\PCI Sacramento\132260 IL Program Management Support\004\Scope"
"000000009598E9A20E04F041B38518182890A2D50100A3DF33FCC9BD1644BD14FCA330AA978500001C976AE10000"	"\Divisions\PD\PCI Sacramento\132260 IL Program Management Support\005\TRANSMITTALS"
"000000009598E9A20E04F041B38518182890A2D50100A3DF33FCC9BD1644BD14FCA330AA978500001C976B130000"	"\Divisions\PD\PCI Sacramento\132260 IL Program Management Support\007"
"000000009598E9A20E04F041B38518182890A2D50100A3DF33FCC9BD1644BD14FCA330AA978500001C976B420000"	"\Divisions\PD\PCI Sacramento\132260 IL Program Management Support\008\Engineering"
"000000009598E9A20E04F041B38518182890A2D50100A3DF33FCC9BD1644BD14FCA330AA978500001C976BEB0000"	"\Divisions\PD\PCI Sacramento\132260 IL Program Management Support\009\Engineering Inspection"
"000000009598E9A20E04F041B38518182890A2D50100A3DF33FCC9BD1644BD14FCA330AA978500001C976C1B0000"	"\Divisions\PD\PCI Sacramento\132260 IL Program Management Support\010\Environmental"
"000000009598E9A20E04F041B38518182890A2D50100A3DF33FCC9BD1644BD14FCA330AA978500001C976C4A0000"	"\Divisions\PD\PCI Sacramento\132260 IL Program Management Support\011\Financial"
"000000009598E9A20E04F041B38518182890A2D50100A3DF33FCC9BD1644BD14FCA330AA978500001C976C790000"	"\Divisions\PD\PCI Sacramento\132260 IL Program Management Support\012\Materials"
"000000009598E9A20E04F041B38518182890A2D50100A3DF33FCC9BD1644BD14FCA330AA978500001C976CA90000"	"\Divisions\PD\PCI Sacramento\132260 IL Program Management Support\013\Meeting Items"
"000000009598E9A20E04F041B38518182890A2D50100A3DF33FCC9BD1644BD14FCA330AA978500001C976CD80000"	"\Divisions\PD\PCI Sacramento\132260 IL Program Management Support\014\Misc"
"000000009598E9A20E04F041B38518182890A2D50100A3DF33FCC9BD1644BD14FCA330AA978500001C976D080000"	"\Divisions\PD\PCI Sacramento\132260 IL Program Management Support\015\Real Estate"
"000000009598E9A20E04F041B38518182890A2D50100A3DF33FCC9BD1644BD14FCA330AA978500001C976D380000"	"\Divisions\PD\PCI Sacramento\132260 IL Program Management Support\016\RFIs"
"000000009598E9A20E04F041B38518182890A2D50100A3DF33FCC9BD1644BD14FCA330AA978500001C976D6A0000"	"\Divisions\PD\PCI Sacramento\132260 IL Program Management Support\017\Safety"
"000000009598E9A20E04F041B38518182890A2D50100A3DF33FCC9BD1644BD14FCA330AA978500001C976D990000"	"\Divisions\PD\PCI Sacramento\132260 IL Program Management Support\019\Schedule"
"000000009598E9A20E04F041B38518182890A2D50100A3DF33FCC9BD1644BD14FCA330AA978500001C976DD50000"	"\Divisions\PD\PCI Sacramento\132260 IL Program Management Support\020\Scope"
"000000009598E9A20E04F041B38518182890A2D50100A3DF33FCC9BD1644BD14FCA330AA978500001C976EA70000"	"\Divisions\PD\PCI Sacramento\132260 IL Program Management Support\021\TRANSMITTALS"
"000000009598E9A20E04F041B38518182890A2D50100A3DF33FCC9BD1644BD14FCA330AA978500001C976EE30000"	"\Divisions\PD\PCI Sacramento\132260 IL Program Management Support\023"
"000000009598E9A20E04F041B38518182890A2D50100A3DF33FCC9BD1644BD14FCA330AA978500001C976F120000"	"\Divisions\PD\PCI Sacramento\132260 IL Program Management Support\024\Engineering"
"000000009598E9A20E04F041B38518182890A2D50100A3DF33FCC9BD1644BD14FCA330AA978500001C976F410000"	"\Divisions\PD\PCI Sacramento\132260 IL Program Management Support\025\Engineering Inspection"
"000000009598E9A20E04F041B38518182890A2D50100A3DF33FCC9BD1644BD14FCA330AA978500001C976F700000"	"\Divisions\PD\PCI Sacramento\132260 IL Program Management Support\026\Environmental"
"000000009598E9A20E04F041B38518182890A2D50100A3DF33FCC9BD1644BD14FCA330AA978500001C976FA00000"	"\Divisions\PD\PCI Sacramento\132260 IL Program Management Support\027\Financial"
"000000009598E9A20E04F041B38518182890A2D50100A3DF33FCC9BD1644BD14FCA330AA978500001C976FCF0000"	"\Divisions\PD\PCI Sacramento\132260 IL Program Management Support\028\Materials"
"000000009598E9A20E04F041B38518182890A2D50100A3DF33FCC9BD1644BD14FCA330AA978500001C97700F0000"	"\Divisions\PD\PCI Sacramento\132260 IL Program Management Support\030\Meeting Items"
"000000009598E9A20E04F041B38518182890A2D50100A3DF33FCC9BD1644BD14FCA330AA978500001C97703E0000"	"\Divisions\PD\PCI Sacramento\132260 IL Program Management Support\031\Misc"
"000000009598E9A20E04F041B38518182890A2D50100A3DF33FCC9BD1644BD14FCA330AA978500001C97706E0000"	"\Divisions\PD\PCI Sacramento\132260 IL Program Management Support\032\Real Estate"
"000000009598E9A20E04F041B38518182890A2D50100A3DF33FCC9BD1644BD14FCA330AA978500001C97709D0000"	"\Divisions\PD\PCI Sacramento\132260 IL Program Management Support\033\RFIs"
"000000009598E9A20E04F041B38518182890A2D50100A3DF33FCC9BD1644BD14FCA330AA978500001C9770CC0000"	"\Divisions\PD\PCI Sacramento\132260 IL Program Management Support\034\Safety"
"000000009598E9A20E04F041B38518182890A2D50100A3DF33FCC9BD1644BD14FCA330AA978500001C9770FB0000"	"\Divisions\PD\PCI Sacramento\132260 IL Program Management Support\035\Schedule"
"000000009598E9A20E04F041B38518182890A2D50100A3DF33FCC9BD1644BD14FCA330AA978500001C9771C40000"	"\Divisions\PD\PCI Sacramento\132260 IL Program Management Support\036\Scope"
"000000009598E9A20E04F041B38518182890A2D50100A3DF33FCC9BD1644BD14FCA330AA978500001D5A61FF0000"	"\Divisions\PD\PCI Sacramento\132260 IL Program Management Support\037\TRANSMITTALS"
"000000009598E9A20E04F041B38518182890A2D50100A3DF33FCC9BD1644BD14FCA330AA978500001D5A62550000"	"\Divisions\PD\PCI Sacramento\132260 IL Program Management Support\039"
"000000009598E9A20E04F041B38518182890A2D50100A3DF33FCC9BD1644BD14FCA330AA978500001D5A62A80000"	"\Divisions\PD\PCI Sacramento\132260 IL Program Management Support\040\Engineering"
"000000009598E9A20E04F041B38518182890A2D50100A3DF33FCC9BD1644BD14FCA330AA978500001D5A63AE0000"	"\Divisions\PD\PCI Sacramento\132260 IL Program Management Support\041\Engineering Inspection"
"000000009598E9A20E04F041B38518182890A2D50100A3DF33FCC9BD1644BD14FCA330AA978500001D0FE2DD0000"	"\Divisions\PD\PCI Sacramento\133431 RS-FORT DODGE SUBST"
"000000009598E9A20E04F041B38518182890A2D50100A3DF33FCC9BD1644BD14FCA330AA9785000024818FD90000"	"\Divisions\PD\PCI Sacramento\139412 LCTP ENGG SUPP DURING D&C"
"000000009598E9A20E04F041B38518182890A2D5010012225CC57BF01F4EA8CCA87A792FF35F0000BA2FA32C0000"	"\Divisions\PD\PCI Sacramento\146408 - EOC PLAYBOOK STAGE 3"
"000000009598E9A20E04F041B38518182890A2D5010012225CC57BF01F4EA8CCA87A792FF35F0002716A9EB40000"	"\Divisions\PD\PCI Sacramento\156511 SEPC MISC ENG & PM SUPP 2019"
"000000009598E9A20E04F041B38518182890A2D50100A3DF33FCC9BD1644BD14FCA330AA978500001DEBAE890000"	"\Divisions\PD\PD Renewables PM Calendar"
"000000009598E9A20E04F041B38518182890A2D50100A3DF33FCC9BD1644BD14FCA330AA9785000016200AA50000"	"\Divisions\PD\PDS Group Phoenix\124951 CAP PWR Sun Valley Solar/Gas"
"000000009598E9A20E04F041B38518182890A2D50100A3DF33FCC9BD1644BD14FCA330AA97850000161FF4E30000"	"\Divisions\PD\PDS Group Phoenix\124978 Torch Transmission Planning"
"000000009598E9A20E04F041B38518182890A2D50100A3DF33FCC9BD1644BD14FCA330AA978500001B17DCB00000"	"\Divisions\PD\PDS Group Phoenix\124987 TEP UNS Mohave Couty RMR\Mohave\2012\100411 meeting"
"000000009598E9A20E04F041B38518182890A2D50100A3DF33FCC9BD1644BD14FCA330AA978500001B221A160000"	"\Divisions\PD\PDS Group Phoenix\124988 TEP UNS Kingman Wind II\WESTERN WIND - Steel Park[16w+4s]\SIS I\dyd\PV Inverter1"
"000000009598E9A20E04F041B38518182890A2D50100A3DF33FCC9BD1644BD14FCA330AA9785000015F229A60000"	"\Divisions\PD\PDS Group Phoenix\125670 BOWIE POWER STATION"
"000000009598E9A20E04F041B38518182890A2D50100A3DF33FCC9BD1644BD14FCA330AA97850000175494340000"	"\Divisions\PD\PDS Group Phoenix\127177 IID Work Order #2"
"000000009598E9A20E04F041B38518182890A2D50100A3DF33FCC9BD1644BD14FCA330AA9785000017B574030000"	"\Divisions\PD\PDS Group Phoenix\128058 EWP Renewable Corp"
"000000009598E9A20E04F041B38518182890A2D50100A3DF33FCC9BD1644BD14FCA330AA9785000019C119570000"	"\Divisions\PD\PDS Group Phoenix\130497 Affected SYS Stdy Cluster A"
"000000009598E9A20E04F041B38518182890A2D50100A3DF33FCC9BD1644BD14FCA330AA978500001B228AA40000"	"\Divisions\PD\PDS Group Phoenix\131719 WAPA XMSN Plan Aug13-July14\UNSE NITS\JS"
"000000009598E9A20E04F041B38518182890A2D50100A3DF33FCC9BD1644BD14FCA330AA978500001C779EA30000"	"\Divisions\PD\PDS Group Phoenix\133072 Octocillo Studies"
"000000009598E9A20E04F041B38518182890A2D50100A3DF33FCC9BD1644BD14FCA330AA978500001D88E3310000"	"\Divisions\PD\PDS Group Phoenix\133845 Q41 SIS"
"000000009598E9A20E04F041B38518182890A2D5010012225CC57BF01F4EA8CCA87A792FF35F0001FDB461CD0000"	"\Divisions\PD\Phoenix\Phoenix"
"000000009598E9A20E04F041B38518182890A2D5010012225CC57BF01F4EA8CCA87A792FF35F00053876817F0000"	"\Divisions\PD\PM Group\169043_T27394_Dade-Airport 138kV Reconductor\Permits_EA"
"000000009598E9A20E04F041B38518182890A2D5010012225CC57BF01F4EA8CCA87A792FF35F00022C81BF400000"	"\Divisions\PD\Program Services\Program Services\Dept."
"000000009598E9A20E04F041B38518182890A2D50100A3DF33FCC9BD1644BD14FCA330AA978500001776081B0000"	"\Divisions\PD\Project Control\100428\Super Anchor"
"000000009598E9A20E04F041B38518182890A2D501006C95E27D1ACA634AA1AADC20796388DD00000049C57A0000"	"\Divisions\PD\Project Control\110645 MPM- ELectric Power Supply"
"000000009598E9A20E04F041B38518182890A2D501006C95E27D1ACA634AA1AADC20796388DD0000004D96710000"	"\Divisions\PD\Project Control\112485- Catenary Installation\West Point Rentals"
"000000009598E9A20E04F041B38518182890A2D501006C95E27D1ACA634AA1AADC20796388DD0000007731720000"	"\Divisions\PD\Project Control\113004 - Olkaria"
"000000009598E9A20E04F041B38518182890A2D501006C95E27D1ACA634AA1AADC20796388DD000000A8230F0000"	"\Divisions\PD\Project Control\113487 - Kent County 1 - National Grid\Distran"
"000000009598E9A20E04F041B38518182890A2D501006C95E27D1ACA634AA1AADC20796388DD000000C015760000"	"\Divisions\PD\Project Control\113487 - Kent County 2 - National Grid\AJ Hurley Co"
"000000009598E9A20E04F041B38518182890A2D501006C95E27D1ACA634AA1AADC20796388DD000000BC57CD0000"	"\Divisions\PD\Project Control\113487 - Kent County 2 - National Grid\Pierce Aluminum"
"000000009598E9A20E04F041B38518182890A2D501006C95E27D1ACA634AA1AADC20796388DD0000006A285A0000"	"\Divisions\PD\Project Control\113885 - Seven Mile Hill"
"000000009598E9A20E04F041B38518182890A2D501006C95E27D1ACA634AA1AADC20796388DD00000049C5990000"	"\Divisions\PD\Project Control\114237- SCADA P-998 Upgrades"
"000000009598E9A20E04F041B38518182890A2D501006C95E27D1ACA634AA1AADC20796388DD0000006598880000"	"\Divisions\PD\Project Control\115069 - High Lonesome\Cables Plus"
"000000009598E9A20E04F041B38518182890A2D501006C95E27D1ACA634AA1AADC20796388DD00000065981D0000"	"\Divisions\PD\Project Control\115446 - Scolari Roaster Rebuild - Starbucks\Clearwater Technologies"
"000000009598E9A20E04F041B38518182890A2D501006C95E27D1ACA634AA1AADC20796388DD000000B16C530000"	"\Divisions\PD\Project Control\116293 - ONCOR"
"000000009598E9A20E04F041B38518182890A2D501006C95E27D1ACA634AA1AADC20796388DD0000006E29430000"	"\Divisions\PD\Project Control\117395 - Blue Canyon - Horizon Wind"
"000000009598E9A20E04F041B38518182890A2D501006C95E27D1ACA634AA1AADC20796388DD000000B1A4F30000"	"\Divisions\PD\Project Control\117587 - Midwest Ogallah Switchyard\Siemens"
"000000009598E9A20E04F041B38518182890A2D501006C95E27D1ACA634AA1AADC20796388DD000000EA64500000"	"\Divisions\PD\Project Control\118841 - Marias Sub."
"000000009598E9A20E04F041B38518182890A2D501006C95E27D1ACA634AA1AADC20796388DD0000009E3EE70000"	"\Divisions\PD\Project Control\119592 - Upper Cumberland"
"000000009598E9A20E04F041B38518182890A2D501006C95E27D1ACA634AA1AADC20796388DD000000B05D9B0000"	"\Divisions\PD\Project Control\120056 - Meadow Lake 4 - Horizon Wind"
"000000009598E9A20E04F041B38518182890A2D501006C95E27D1ACA634AA1AADC20796388DD000000E86EE30000"	"\Divisions\PD\Project Control\121264 - Nikiski Substation\Hubble"
"000000009598E9A20E04F041B38518182890A2D50100CB7D9B6512D7374A860FE542D5770392000001219AA10000"	"\Divisions\PD\Project Control\121659 - SEPC / SPP NTC Phase One & Planning\CCVT's"
"000000009598E9A20E04F041B38518182890A2D50100CB7D9B6512D7374A860FE542D577039200000125FE960000"	"\Divisions\PD\Project Control\121660 - Clipper Shooting Star\BAE Batteries"
"000000009598E9A20E04F041B38518182890A2D501006C95E27D1ACA634AA1AADC20796388DD000000F390D80000"	"\Divisions\PD\Project Control\121660 - Clipper Shooting Star\PT's"
"000000009598E9A20E04F041B38518182890A2D501001953B16A689BCD4AA8FC82955DB27CB10000006C52110000"	"\Divisions\PD\Project Control\122650 - Twin Groves / HWE"
"000000009598E9A20E04F041B38518182890A2D50100CB7D9B6512D7374A860FE542D57703920000012693AC0000"	"\Divisions\PD\Project Control\123097 - DSCADA / Progress Energy\HD Supply"
"000000009598E9A20E04F041B38518182890A2D501001953B16A689BCD4AA8FC82955DB27CB1000000FEBE4B0000"	"\Divisions\PD\Project Control\123451 - St. John Substation / SEPC\Alstom Grid - CCVT"
"000000009598E9A20E04F041B38518182890A2D501001953B16A689BCD4AA8FC82955DB27CB1000001E696F10000"	"\Divisions\PD\Project Control\123559 - St. John to River Road T-Line\Western United Electric"
"000000009598E9A20E04F041B38518182890A2D50100A3DF33FCC9BD1644BD14FCA330AA9785000017091A830000"	"\Divisions\PD\Project Control\124256 - Barber Sub.\Alstom Grid - CCVT"
"000000009598E9A20E04F041B38518182890A2D50100A3DF33FCC9BD1644BD14FCA330AA978500001722E14C0000"	"\Divisions\PD\Project Control\124256 - Barber Sub.\Ninemire Fence"
"000000009598E9A20E04F041B38518182890A2D50100A3DF33FCC9BD1644BD14FCA330AA978500001DB74E8F0000"	"\Divisions\PD\Project Control\124354 - RR to Barber Eng\PAR Electrical"
"000000009598E9A20E04F041B38518182890A2D50100A3DF33FCC9BD1644BD14FCA330AA9785000018002FA80000"	"\Divisions\PD\Project Control\125583 - Cimarron Substation\FWT - Vangs"
"000000009598E9A20E04F041B38518182890A2D50100A3DF33FCC9BD1644BD14FCA330AA978500001B5FB9C30000"	"\Divisions\PD\Project Control\125583 - Cimarron Substation\Phase 2"
"000000009598E9A20E04F041B38518182890A2D50100A3DF33FCC9BD1644BD14FCA330AA9785000017FE39240000"	"\Divisions\PD\Project Control\125583 - Cimarron Substation\RFQ - Phase 1 Hardware"
"000000009598E9A20E04F041B38518182890A2D50100A3DF33FCC9BD1644BD14FCA330AA9785000017FCEB180000"	"\Divisions\PD\Project Control\125583 - Cimarron Substation\Subcontractor RFQ's\3-Pole Replacement"
"000000009598E9A20E04F041B38518182890A2D50100A3DF33FCC9BD1644BD14FCA330AA97850000192C20A30000"	"\Divisions\PD\Project Control\126373 - Harper Sub.\Pinnacle Steel - Sub. Structures"
"000000009598E9A20E04F041B38518182890A2D50100A3DF33FCC9BD1644BD14FCA330AA97850000188E57B60000"	"\Divisions\PD\Project Control\126374 - Medicine Lodge Sub.\Trench - Replacement VT"
"000000009598E9A20E04F041B38518182890A2D50100A3DF33FCC9BD1644BD14FCA330AA978500001E51F0440000"	"\Divisions\PD\Project Control\126376 - Harper to Flat Ridge\RFQ - Barber to Flatridge T-Line Materials\Kriz Davis"
"000000009598E9A20E04F041B38518182890A2D50100A3DF33FCC9BD1644BD14FCA330AA9785000018DE341F0000"	"\Divisions\PD\Project Control\128070 - Macho Springs Solar"
"000000009598E9A20E04F041B38518182890A2D50100A3DF33FCC9BD1644BD14FCA330AA9785000018DE4B120000"	"\Divisions\PD\Project Control\128070 - Macho Springs Solar\Disconnect Switches"
"000000009598E9A20E04F041B38518182890A2D50100A3DF33FCC9BD1644BD14FCA330AA9785000018DE7C210000"	"\Divisions\PD\Project Control\128070 - Macho Springs Solar\Transformer, 345kV\MEPPI"
"000000009598E9A20E04F041B38518182890A2D50100A3DF33FCC9BD1644BD14FCA330AA978500001B7E9C060000"	"\Divisions\PD\Project Control\129781 - River Road\Kriz Davis - Surge Arresters"
"000000009598E9A20E04F041B38518182890A2D50100A3DF33FCC9BD1644BD14FCA330AA978500001B0BC5CB0000"	"\Divisions\PD\Project Control\129781 - River Road\Stoppel Dirt - Site Prep and Grading"
"000000009598E9A20E04F041B38518182890A2D50100A3DF33FCC9BD1644BD14FCA330AA978500001CD6004C0000"	"\Divisions\PD\Project Control\130766 - CRS PH2\RFQ's"
"000000009598E9A20E04F041B38518182890A2D50100A3DF33FCC9BD1644BD14FCA330AA978500001CD601290000"	"\Divisions\PD\Project Control\130766 - CRS PH2\RFQ's\UG Cable"
"000000009598E9A20E04F041B38518182890A2D50100A3DF33FCC9BD1644BD14FCA330AA978500001D93B4A20000"	"\Divisions\PD\Project Control\132085 - East Hall Sub.\HD Supply - Insulators, 115kV"
"000000009598E9A20E04F041B38518182890A2D50100A3DF33FCC9BD1644BD14FCA330AA978500001CC0373F0000"	"\Divisions\PD\Project Control\132085 - East Hall Sub.\RFQ's\Battery System"
"000000009598E9A20E04F041B38518182890A2D50100A3DF33FCC9BD1644BD14FCA330AA978500001D60AFC10000"	"\Divisions\PD\Project Control\132085 - East Hall Sub.\RFQ's\Pull Box"
"000000009598E9A20E04F041B38518182890A2D50100A3DF33FCC9BD1644BD14FCA330AA978500001D00E3060000"	"\Divisions\PD\Project Control\132085 - East Hall Sub.\Siemens - Disconnect Switch"
"000000009598E9A20E04F041B38518182890A2D50100A3DF33FCC9BD1644BD14FCA330AA978500002081C3C10000"	"\Divisions\PD\Project Control\133317 - RS Shooflys & Lines\GSI"
"000000009598E9A20E04F041B38518182890A2D50100A3DF33FCC9BD1644BD14FCA330AA978500001E46F6290000"	"\Divisions\PD\Project Control\133317 - RS Shooflys & Lines\RFQ's\NFD Interchange Materials\Kriz Davis"
"000000009598E9A20E04F041B38518182890A2D50100A3DF33FCC9BD1644BD14FCA330AA978500001E4E77A80000"	"\Divisions\PD\Project Control\133430 - North Fort Dodge\Kriz Davis - Insulators"
"000000009598E9A20E04F041B38518182890A2D50100A3DF33FCC9BD1644BD14FCA330AA978500001DA60C750000"	"\Divisions\PD\Project Control\133430 - North Fort Dodge\RFQ's\CCVT"
"000000009598E9A20E04F041B38518182890A2D50100A3DF33FCC9BD1644BD14FCA330AA978500001E4EF00A0000"	"\Divisions\PD\Project Control\133430 - North Fort Dodge\RFQ's\Control Panels\Kemco"
"000000009598E9A20E04F041B38518182890A2D50100A3DF33FCC9BD1644BD14FCA330AA978500001DB3C7650000"	"\Divisions\PD\Project Control\133430 - North Fort Dodge\RFQ's\Surge Arresters, 76kV\ABB"
"000000009598E9A20E04F041B38518182890A2D50100A3DF33FCC9BD1644BD14FCA330AA978500001F00A6DD0000"	"\Divisions\PD\Project Control\133431 - Fort Dodge Substation\ABB - Surge Arresters"
"000000009598E9A20E04F041B38518182890A2D50100A3DF33FCC9BD1644BD14FCA330AA978500001F2351350000"	"\Divisions\PD\Project Control\133432 - Spearville Substation\Pruitt Electric"
"000000009598E9A20E04F041B38518182890A2D50100A3DF33FCC9BD1644BD14FCA330AA978500001EC015230000"	"\Divisions\PD\Project Control\133432 - Spearville Substation\RFP's\Site Preparation Subcontractor\RJA Dozer"
"000000009598E9A20E04F041B38518182890A2D50100A3DF33FCC9BD1644BD14FCA330AA978500001DCFCBB90000"	"\Divisions\PD\Project Control\133432 - Spearville Substation\RFQ's\345kV Surge Arresters\WUE\Siemens"
"000000009598E9A20E04F041B38518182890A2D50100A3DF33FCC9BD1644BD14FCA330AA978500001DD3202E0000"	"\Divisions\PD\Project Control\133432 - Spearville Substation\Trench - Line Tuner, 115kV"
"000000009598E9A20E04F041B38518182890A2D50100A3DF33FCC9BD1644BD14FCA330AA978500001DB2C4980000"	"\Divisions\PD\Project Control\133548 - RS-NFD to Spearville 115kV\RFQ's\115kV T-Line"
"000000009598E9A20E04F041B38518182890A2D50100A3DF33FCC9BD1644BD14FCA330AA9785000021B373470000"	"\Divisions\PD\Project Control\134710 - Cimarron River Sub PH2\Calvert - Wall Bushing Assemblies"
"000000009598E9A20E04F041B38518182890A2D50100A3DF33FCC9BD1644BD14FCA330AA978500002286241C0000"	"\Divisions\PD\Project Control\134710 - Cimarron River Sub PH2\HD Supply - 500kcmil Cable (Cable Tray)\HD Supply - 500kcmil Cable (Cable Tray)"
"000000009598E9A20E04F041B38518182890A2D50100A3DF33FCC9BD1644BD14FCA330AA9785000021C08F6D0000"	"\Divisions\PD\Project Control\134710 - Cimarron River Sub PH2\RFP's\Concrete Testing\Earles Engineering"
"000000009598E9A20E04F041B38518182890A2D50100A3DF33FCC9BD1644BD14FCA330AA9785000020D821D40000"	"\Divisions\PD\Project Control\134710 - Cimarron River Sub PH2\RFP's\Substation Construction\2015 Scope\Energy Erectors"
"000000009598E9A20E04F041B38518182890A2D50100A3DF33FCC9BD1644BD14FCA330AA978500001E25ACCD0000"	"\Divisions\PD\Project Control\134710 - Cimarron River Sub PH2\RFQ's\500kcmil Cable\Rauckman - General Cable"
"000000009598E9A20E04F041B38518182890A2D50100A3DF33FCC9BD1644BD14FCA330AA978500001EDC25310000"	"\Divisions\PD\Project Control\134710 - Cimarron River Sub PH2\RFQ's\CLiP Device\G&W"
"000000009598E9A20E04F041B38518182890A2D50100A3DF33FCC9BD1644BD14FCA330AA978500001EC056480000"	"\Divisions\PD\Project Control\134710 - Cimarron River Sub PH2\RFQ's\Current Limiting Reactor, Outdoor\Alstom Grid"
"000000009598E9A20E04F041B38518182890A2D50100A3DF33FCC9BD1644BD14FCA330AA978500001E6697130000"	"\Divisions\PD\Project Control\134710 - Cimarron River Sub PH2\RFQ's\Misc Substation Materials\HD Supply"
"000000009598E9A20E04F041B38518182890A2D50100A3DF33FCC9BD1644BD14FCA330AA978500001ED7E1630000"	"\Divisions\PD\Project Control\134710 - Cimarron River Sub PH2\RFQ's\OH Line Hardware and Conductor\HD Supply"
"000000009598E9A20E04F041B38518182890A2D50100A3DF33FCC9BD1644BD14FCA330AA978500001E47DA960000"	"\Divisions\PD\Project Control\134710 - Cimarron River Sub PH2\RFQ's\SCADA & Control\Loose Parts\Kriz Davis"
"000000009598E9A20E04F041B38518182890A2D50100A3DF33FCC9BD1644BD14FCA330AA9785000021720FE00000"	"\Divisions\PD\Project Control\134710 - Cimarron River Sub PH2\RFQ's\Through-Wall Bushings\Kriz Davis"
"000000009598E9A20E04F041B38518182890A2D50100A3DF33FCC9BD1644BD14FCA330AA978500002537857E0000"	"\Divisions\PD\Project Control\135673 - High Point Substation"
"000000009598E9A20E04F041B38518182890A2D50100A3DF33FCC9BD1644BD14FCA330AA97850000267277BE0000"	"\Divisions\PD\Project Control\135673 - High Point Substation\PASCOR - Disconnect Switches"
"000000009598E9A20E04F041B38518182890A2D50100A3DF33FCC9BD1644BD14FCA330AA9785000026B56D910000"	"\Divisions\PD\Project Control\135673 - High Point Substation\RFQ's\Battery System\C&D (Ash Battery)"
"000000009598E9A20E04F041B38518182890A2D50100A3DF33FCC9BD1644BD14FCA330AA978500002598F70B0000"	"\Divisions\PD\Project Control\135673 - High Point Substation\RFQ's\Control Building\Systems Control"
"000000009598E9A20E04F041B38518182890A2D50100A3DF33FCC9BD1644BD14FCA330AA978500002857F32B0000"	"\Divisions\PD\Project Control\135673 - High Point Substation\RFQ's\Miscellaneous Material\Misc Materials"
"000000009598E9A20E04F041B38518182890A2D50100A3DF33FCC9BD1644BD14FCA330AA9785000026A4EE3C0000"	"\Divisions\PD\Project Control\135673 - High Point Substation\RFQ's\Surge Arresters\ABB"
"000000009598E9A20E04F041B38518182890A2D50100A3DF33FCC9BD1644BD14FCA330AA97850000202CA9580000"	"\Divisions\PD\Project Control\136342 - St John to Harper SWPPP Closeout"
"000000009598E9A20E04F041B38518182890A2D50100A3DF33FCC9BD1644BD14FCA330AA9785000028C763110000"	"\Divisions\PD\Project Control\140907"
"000000009598E9A20E04F041B38518182890A2D5010012225CC57BF01F4EA8CCA87A792FF35F000239A1700E0000"	"\Divisions\PD\Project Control\154082 - King Mountain (GP&L)"
"000000009598E9A20E04F041B38518182890A2D501006C95E27D1ACA634AA1AADC20796388DD00000005F0900000"	"\Divisions\PD\Project Control\Contacts"
"000000009598E9A20E04F041B38518182890A2D50100A3DF33FCC9BD1644BD14FCA330AA97850000291AC7A00000"	"\Divisions\PD\Project Management Boise\137627_Harry Allen Eldorado Proposal"
"000000009598E9A20E04F041B38518182890A2D5010012225CC57BF01F4EA8CCA87A792FF35F00000C4525E80000"	"\Divisions\PD\Project Management Boise\141527_PECL Design\SFTY"
"000000009598E9A20E04F041B38518182890A2D5010012225CC57BF01F4EA8CCA87A792FF35F00003452E68C0000"	"\Divisions\PD\Project Management Boise\142892_PECL Project Management\ROW"
"000000009598E9A20E04F041B38518182890A2D5010012225CC57BF01F4EA8CCA87A792FF35F00004480C3380000"	"\Divisions\PD\Project Management Boise\144130_PECL Stations\MM"
"000000009598E9A20E04F041B38518182890A2D50100A3DF33FCC9BD1644BD14FCA330AA978500002A1C56B50000"	"\Divisions\PD\Project Management Boise\Aaron Boston\132155 PSE Eastside"
"000000009598E9A20E04F041B38518182890A2D50100A3DF33FCC9BD1644BD14FCA330AA97850000262337BA0000"	"\Divisions\PD\Project Management Boise\Aaron Boston\139914 NWCPUD Line Rating"
"000000009598E9A20E04F041B38518182890A2D5010012225CC57BF01F4EA8CCA87A792FF35F0000AED689CE0000"	"\Divisions\PD\Project Management Boise\Aaron Boston\143198 5570 Tap to Chaska"
"000000009598E9A20E04F041B38518182890A2D501006C95E27D1ACA634AA1AADC20796388DD00000044E9F30000"	"\Divisions\PD\Project Management Boise\John Oglevie"
"000000009598E9A20E04F041B38518182890A2D501006C95E27D1ACA634AA1AADC20796388DD00000096F8730000"	"\Divisions\PD\Project Management Boise\John Oglevie\113361    FRIEND RANCH 138CAP BANK"
"000000009598E9A20E04F041B38518182890A2D501006C95E27D1ACA634AA1AADC20796388DD0000006E29AD0000"	"\Divisions\PD\Project Management Boise\John Oglevie\113849    ORRVILLE RD RMV MOTOR MECH"
"000000009598E9A20E04F041B38518182890A2D501006C95E27D1ACA634AA1AADC20796388DD0000009841BE0000"	"\Divisions\PD\Project Management Boise\John Oglevie\114123    W MORELAND SW RPLC EXST 9"
"000000009598E9A20E04F041B38518182890A2D50100A3DF33FCC9BD1644BD14FCA330AA9785000019F39DFA0000"	"\Divisions\PD\Project Management Boise\John Oglevie\114411    ENERGY GATEWAY WEST\114411_b"
"000000009598E9A20E04F041B38518182890A2D501006C95E27D1ACA634AA1AADC20796388DD0000006E299B0000"	"\Divisions\PD\Project Management Boise\John Oglevie\114899    DIANA RPLC WAVE TRAP"
"000000009598E9A20E04F041B38518182890A2D501006C95E27D1ACA634AA1AADC20796388DD0000006E29950000"	"\Divisions\PD\Project Management Boise\John Oglevie\115442    AZTECA NEW SUB"
"000000009598E9A20E04F041B38518182890A2D50100A3DF33FCC9BD1644BD14FCA330AA9785000019E35F270000"	"\Divisions\PD\Project Management Boise\John Oglevie\116122    HEMINGWAY CM\116122_b"
"000000009598E9A20E04F041B38518182890A2D50100A3DF33FCC9BD1644BD14FCA330AA978500001A03C3CC0000"	"\Divisions\PD\Project Management Boise\John Oglevie\119108    SAN JACINTO Pre-2011\119108_b"
"000000009598E9A20E04F041B38518182890A2D50100A3DF33FCC9BD1644BD14FCA330AA978500001A9BBB440000"	"\Divisions\PD\Project Management Boise\John Oglevie\119108    SAN JACINTO Pre-2011\119108_q"
"000000009598E9A20E04F041B38518182890A2D501006C95E27D1ACA634AA1AADC20796388DD000000ECC5760000"	"\Divisions\PD\Project Management Boise\John Oglevie\122218    PRINCETON STATION REBUILD"
"000000009598E9A20E04F041B38518182890A2D50100CB7D9B6512D7374A860FE542D57703920000011CA6B50000"	"\Divisions\PD\Project Management Boise\John Oglevie\122963   BECKHAM ST INST CAP BANK"
"000000009598E9A20E04F041B38518182890A2D50100A3DF33FCC9BD1644BD14FCA330AA9785000027A6383F0000"	"\Divisions\PD\Project Management Boise\Pat Hasenoehrl\CVPC General"
"000000009598E9A20E04F041B38518182890A2D50100572FF007A7D6B64CA96E5CFE8E1CC1A40000004813480000"	"\Divisions\PD\Project Management Hailey\120575 Merri Prelim"
"000000009598E9A20E04F041B38518182890A2D50100572FF007A7D6B64CA96E5CFE8E1CC1A4000000630C180000"	"\Divisions\PD\Project Management Hailey\122121 Detour Gold"
"000000009598E9A20E04F041B38518182890A2D501001953B16A689BCD4AA8FC82955DB27CB1000001E697260000"	"\Divisions\PD\Project Management Hailey\124186 OE Energy Gateway South\00 Project Management\01 Administration"
"000000009598E9A20E04F041B38518182890A2D50100A3DF33FCC9BD1644BD14FCA330AA978500000E7F4A840000"	"\Divisions\PD\Project Management Hailey\124186 OE Energy Gateway South\00 Project Management\05 Project Meetings\01 RMP"
"000000009598E9A20E04F041B38518182890A2D50100A3DF33FCC9BD1644BD14FCA330AA9785000016DA426C0000"	"\Divisions\PD\Project Management Hailey\124186 OE Energy Gateway South\00 Project Management\07 Project Manager\GIS_PPM_VIS\ODIR_Duplicate_Items"
"000000009598E9A20E04F041B38518182890A2D50100A3DF33FCC9BD1644BD14FCA330AA9785000016DAA56F0000"	"\Divisions\PD\Project Management Hailey\124186 OE Energy Gateway South\01 Preliminary Tech Requirements\01 T-Line\050607 Aerial Surveys\ODIR_Duplicate_Items"
"000000009598E9A20E04F041B38518182890A2D50100A3DF33FCC9BD1644BD14FCA330AA978500000E7EC46F0000"	"\Divisions\PD\Project Management Hailey\124186 OE Energy Gateway South\01 Preliminary Tech Requirements\03 Access Roads"
"000000009598E9A20E04F041B38518182890A2D501001953B16A689BCD4AA8FC82955DB27CB1000001E1E3A10000"	"\Divisions\PD\Project Management Hailey\124186 OE Energy Gateway South\03 Permitting Process Support\04 Review Permitting Documents"
"000000009598E9A20E04F041B38518182890A2D501001953B16A689BCD4AA8FC82955DB27CB1000001F131C00000"	"\Divisions\PD\Project Management Hailey\124186 OE Energy Gateway South\05 ROW and ROE Support\04 Easement Parcel Information"
"000000009598E9A20E04F041B38518182890A2D501001953B16A689BCD4AA8FC82955DB27CB10000015F7B5B0000"	"\Divisions\PD\Project Management Hailey\124314 Windstream"
"000000009598E9A20E04F041B38518182890A2D50100A3DF33FCC9BD1644BD14FCA330AA9785000017F9FF620000"	"\Divisions\PD\Project Management Hailey\127598 OT Underground Crossings\127600 Alta East Prelim Line Design"
"000000009598E9A20E04F041B38518182890A2D50100A3DF33FCC9BD1644BD14FCA330AA978500001DD9AF4C0000"	"\Divisions\PD\Project Management Hailey\134540 sPower Sierra Solar gen-tie"
"000000009598E9A20E04F041B38518182890A2D50100A3DF33FCC9BD1644BD14FCA330AA978500002417389D0000"	"\Divisions\PD\Project Management Hailey\139285 - Flat Ridge 2 Modification"
"000000009598E9A20E04F041B38518182890A2D50100A3DF33FCC9BD1644BD14FCA330AA978500002B4999EB0000"	"\Divisions\PD\Project Management Hailey\141902 - TURTLE CREEK"
"000000009598E9A20E04F041B38518182890A2D5010012225CC57BF01F4EA8CCA87A792FF35F0002CAF427840000"	"\Divisions\PD\Project Management Hailey\148913_115KV BOONE-LA JUNTA REBLD\dups"
"000000009598E9A20E04F041B38518182890A2D50100A3DF33FCC9BD1644BD14FCA330AA978500001DB11E5C0000"	"\Divisions\PD\Project Management Hailey\KMP_TLBU\Subject Matter Teams\Line Design"
"000000009598E9A20E04F041B38518182890A2D50100A3DF33FCC9BD1644BD14FCA330AA97850000172097E40000"	"\Divisions\PD\Project Management Hailey\VEA\000 VEA General Reference\Environmental"
"000000009598E9A20E04F041B38518182890A2D50100A3DF33FCC9BD1644BD14FCA330AA978500001996BFED0000"	"\Divisions\PD\Project Management Hailey\VEA\002 Project Closed\127280_Pahrump - Mead Re-Conductor\127280_Pahrump - Mead Re-Conductor - TASKS"
"000000009598E9A20E04F041B38518182890A2D50100A3DF33FCC9BD1644BD14FCA330AA978500001CC5D92A0000"	"\Divisions\PD\Project Management Hailey\VEA\002 Project Closed\129372_Vista Substation Projects"
"000000009598E9A20E04F041B38518182890A2D50100A3DF33FCC9BD1644BD14FCA330AA97850000174FAD7E0000"	"\Divisions\PD\Project Management Hailey\VEA\xxxxx_Desert View-Northwest 230kV"
"000000009598E9A20E04F041B38518182890A2D50100E34BFE500669CD49AC2E27C6C54DE39D0000001B9A7D0000"	"\Divisions\PD\Project Management St. Louis\112260 LS Power GSA\06 Thirty Mile SS Ests"
"000000009598E9A20E04F041B38518182890A2D501006C95E27D1ACA634AA1AADC20796388DD000000414C7C0000"	"\Divisions\PD\Project Managment Houston"
"000000009598E9A20E04F041B38518182890A2D50100E34BFE500669CD49AC2E27C6C54DE39D0000000AFCDE0000"	"\Divisions\PD\PTE Houston\00-DMS UPLOAD"
"000000009598E9A20E04F041B38518182890A2D501006C95E27D1ACA634AA1AADC20796388DD000000C7790B0000"	"\Divisions\PD\PTE\Anaheim/SD Projects\121046 MOJAVE TEST PAVILLON POOL LV"
"000000009598E9A20E04F041B38518182890A2D501006C95E27D1ACA634AA1AADC20796388DD000000D0E6830000"	"\Divisions\PD\PTE\Anaheim/SD Projects\121316 PDI PDU EQUINIX 11/04"
"000000009598E9A20E04F041B38518182890A2D501006C95E27D1ACA634AA1AADC20796388DD000000E199EB0000"	"\Divisions\PD\PTE\Anaheim/SD Projects\121823 GOULD NEMKO JOB#2361 Carlsbad"
"000000009598E9A20E04F041B38518182890A2D501006C95E27D1ACA634AA1AADC20796388DD000000F320D40000"	"\Divisions\PD\PTE\Anaheim/SD Projects\122474 Daniels Grnd Rod VanBuren ES"
"000000009598E9A20E04F041B38518182890A2D50100CB7D9B6512D7374A860FE542D57703920000011615A20000"	"\Divisions\PD\PTE\Anaheim/SD Projects\122818 Shanks Crafton Hills College"
"000000009598E9A20E04F041B38518182890A2D50100CB7D9B6512D7374A860FE542D577039200000128683F0000"	"\Divisions\PD\PTE\Anaheim/SD Projects\123292 UCSD CVC Relay Setting"
"000000009598E9A20E04F041B38518182890A2D501001953B16A689BCD4AA8FC82955DB27CB1000000CC2DA80000"	"\Divisions\PD\PTE\Anaheim/SD Projects\123659 (PTE) UCSD Lower Marshall Apt"
"000000009598E9A20E04F041B38518182890A2D501001953B16A689BCD4AA8FC82955DB27CB1000000ED29530000"	"\Divisions\PD\PTE\Anaheim/SD Projects\123829 (SAS) Berg: American Hond Mo"
"000000009598E9A20E04F041B38518182890A2D501001953B16A689BCD4AA8FC82955DB27CB10000012EFD970000"	"\Divisions\PD\PTE\Anaheim/SD Projects\124101 PRECISION ELEC. LA JOLLA SHORES"
"000000009598E9A20E04F041B38518182890A2D501001953B16A689BCD4AA8FC82955DB27CB100000165B4B70000"	"\Divisions\PD\PTE\Anaheim/SD Projects\124282 (CORN) BEAR VALLEY ELECTRIC "
"000000009598E9A20E04F041B38518182890A2D501001953B16A689BCD4AA8FC82955DB27CB1000001799BF00000"	"\Divisions\PD\PTE\Anaheim/SD Projects\124428 CITRUS COLLEGE-SWGR RELAY REPL "
"000000009598E9A20E04F041B38518182890A2D501001953B16A689BCD4AA8FC82955DB27CB1000001CCB9A00000"	"\Divisions\PD\PTE\Anaheim/SD Projects\124661 (SOLAR) TC16-3,TC16-1 & TC16.4 "
"000000009598E9A20E04F041B38518182890A2D501001953B16A689BCD4AA8FC82955DB27CB1000001D819790000"	"\Divisions\PD\PTE\Anaheim/SD Projects\124813 (DYNA) AREA 41 SWGR REPLACE "
"000000009598E9A20E04F041B38518182890A2D501001953B16A689BCD4AA8FC82955DB27CB1000001F3FD770000"	"\Divisions\PD\PTE\Anaheim/SD Projects\125115 (CIRCLE) RIO VISTA ELEM "
"000000009598E9A20E04F041B38518182890A2D50100A3DF33FCC9BD1644BD14FCA330AA97850000175D7B000000"	"\Divisions\PD\PTE\Anaheim/SD Projects\125832 Onyx Test 5 Brkrs In Shop"
"000000009598E9A20E04F041B38518182890A2D50100A3DF33FCC9BD1644BD14FCA330AA97850000175E409F0000"	"\Divisions\PD\PTE\Anaheim/SD Projects\126336 Snowden CSUSB Fuel Cell"
"000000009598E9A20E04F041B38518182890A2D50100A3DF33FCC9BD1644BD14FCA330AA978500001760479C0000"	"\Divisions\PD\PTE\Anaheim/SD Projects\126756 Dyna Rose Bowl"
"000000009598E9A20E04F041B38518182890A2D50100A3DF33FCC9BD1644BD14FCA330AA97850000177E4D050000"	"\Divisions\PD\PTE\Anaheim/SD Projects\127071 H&S Kaiser Inglewood"
"000000009598E9A20E04F041B38518182890A2D50100A3DF33FCC9BD1644BD14FCA330AA9785000017918D0A0000"	"\Divisions\PD\PTE\Anaheim/SD Projects\127250 Metropolitan Stevedore LB212 Maint"
"000000009598E9A20E04F041B38518182890A2D50100A3DF33FCC9BD1644BD14FCA330AA97850000176B84BB0000"	"\Divisions\PD\PTE\Anaheim/SD Projects\127485 Zamorano ES Ground Rods"
"000000009598E9A20E04F041B38518182890A2D50100A3DF33FCC9BD1644BD14FCA330AA978500001773BEC60000"	"\Divisions\PD\PTE\Anaheim/SD Projects\127757 (SAS) TB Penick 29 Palms"
"000000009598E9A20E04F041B38518182890A2D50100A3DF33FCC9BD1644BD14FCA330AA97850000177B54E50000"	"\Divisions\PD\PTE\Anaheim/SD Projects\127933 Little Mountain ES"
"000000009598E9A20E04F041B38518182890A2D50100A3DF33FCC9BD1644BD14FCA330AA9785000017E068B80000"	"\Divisions\PD\PTE\Anaheim/SD Projects\128147 Duarte HS FB Stadium"
"000000009598E9A20E04F041B38518182890A2D50100A3DF33FCC9BD1644BD14FCA330AA978500001803801F0000"	"\Divisions\PD\PTE\Anaheim/SD Projects\128315 CSUSM GFI Systems"
"000000009598E9A20E04F041B38518182890A2D50100A3DF33FCC9BD1644BD14FCA330AA978500001853D21E0000"	"\Divisions\PD\PTE\Anaheim/SD Projects\128475 CVE NASSCO Sub"
"000000009598E9A20E04F041B38518182890A2D50100A3DF33FCC9BD1644BD14FCA330AA9785000018AD8B890000"	"\Divisions\PD\PTE\Anaheim/SD Projects\128776 Antiquarius"
"000000009598E9A20E04F041B38518182890A2D50100A3DF33FCC9BD1644BD14FCA330AA9785000018C343060000"	"\Divisions\PD\PTE\Anaheim/SD Projects\128995 Olinda Emerg Call Out"
"000000009598E9A20E04F041B38518182890A2D50100A3DF33FCC9BD1644BD14FCA330AA97850000191FB65A0000"	"\Divisions\PD\PTE\Anaheim/SD Projects\129208 Cenveo Outside SWGR"
"000000009598E9A20E04F041B38518182890A2D50100A3DF33FCC9BD1644BD14FCA330AA97850000194D426E0000"	"\Divisions\PD\PTE\Anaheim/SD Projects\129421 Temp Lodging Facility at MCAS Miramar"
"000000009598E9A20E04F041B38518182890A2D50100A3DF33FCC9BD1644BD14FCA330AA978500001988DADD0000"	"\Divisions\PD\PTE\Anaheim/SD Projects\129802 March Air Reserve Base"
"000000009598E9A20E04F041B38518182890A2D50100A3DF33FCC9BD1644BD14FCA330AA9785000019992E920000"	"\Divisions\PD\PTE\Anaheim/SD Projects\129950 SPLASH! Ground Test"
"000000009598E9A20E04F041B38518182890A2D50100A3DF33FCC9BD1644BD14FCA330AA9785000019E30A020000"	"\Divisions\PD\PTE\Anaheim/SD Projects\130533 Mission ES"
"000000009598E9A20E04F041B38518182890A2D50100A3DF33FCC9BD1644BD14FCA330AA978500001AAEF44F0000"	"\Divisions\PD\PTE\Anaheim/SD Projects\130929 Sierra Vista RV Park"
"000000009598E9A20E04F041B38518182890A2D50100A3DF33FCC9BD1644BD14FCA330AA978500001ADBA7BB0000"	"\Divisions\PD\PTE\Anaheim/SD Projects\131402 Triple C Sequoyah School Exp"
"000000009598E9A20E04F041B38518182890A2D50100A3DF33FCC9BD1644BD14FCA330AA978500001B6B39590000"	"\Divisions\PD\PTE\Anaheim/SD Projects\131724 UCSD 5kV Loop"
"000000009598E9A20E04F041B38518182890A2D50100A3DF33FCC9BD1644BD14FCA330AA978500001B7AFDB30000"	"\Divisions\PD\PTE\Anaheim/SD Projects\131968 McBride High School"
"000000009598E9A20E04F041B38518182890A2D50100A3DF33FCC9BD1644BD14FCA330AA978500001B6B12A10000"	"\Divisions\PD\PTE\Anaheim/SD Projects\132193 Port Hueneme Maint Shutdown"
"000000009598E9A20E04F041B38518182890A2D50100A3DF33FCC9BD1644BD14FCA330AA978500001B8228640000"	"\Divisions\PD\PTE\Anaheim/SD Projects\132493 Solar - LB Xfmr"
"000000009598E9A20E04F041B38518182890A2D50100A3DF33FCC9BD1644BD14FCA330AA978500001BFB06E70000"	"\Divisions\PD\PTE\Anaheim/SD Projects\132826 Coresite Commissioning"
"000000009598E9A20E04F041B38518182890A2D501006C95E27D1ACA634AA1AADC20796388DD00000083C5C20000"	"\Divisions\PD\PTE\Atlanta Projects\118730 SMITH GRY WRF CBFT3/RELAY GA"
"000000009598E9A20E04F041B38518182890A2D5010012225CC57BF01F4EA8CCA87A792FF35F000322D0786F0000"	"\Divisions\PD\SAS\00 PSSE Calendar\PSSE"
"000000009598E9A20E04F041B38518182890A2D5010012225CC57BF01F4EA8CCA87A792FF35F0006D3DB67360000"	"\Divisions\PD\SAS\00_PSCAD License Use Calendar\PSCAD Calendar"
"000000009598E9A20E04F041B38518182890A2D501006C95E27D1ACA634AA1AADC20796388DD00000066EA4C0000"	"\Divisions\PD\SAS\00_Software (Keys & Pricing)\PSLF"
"000000009598E9A20E04F041B38518182890A2D5010012225CC57BF01F4EA8CCA87A792FF35F0000C8E017170000"	"\Divisions\PD\SAS\000000 SAS Project Misc\Purchase Orders"
"000000009598E9A20E04F041B38518182890A2D5010012225CC57BF01F4EA8CCA87A792FF35F00023125122D0000"	"\Divisions\PD\SAS\BG&E NORTHWEST EXELON CORP"
"000000009598E9A20E04F041B38518182890A2D501006C95E27D1ACA634AA1AADC20796388DD0000002692170000"	"\Divisions\PD\SAS\LEWISTON PROJECTS\SPS-Active\Active Projects\ESC\Anadarko Salt Creek"
"000000009598E9A20E04F041B38518182890A2D501006C95E27D1ACA634AA1AADC20796388DD0000002692260000"	"\Divisions\PD\SAS\LEWISTON PROJECTS\SPS-Active\Active Projects\Grant County PUD\Wanapum"
"000000009598E9A20E04F041B38518182890A2D501006C95E27D1ACA634AA1AADC20796388DD0000002692370000"	"\Divisions\PD\SAS\LEWISTON PROJECTS\SPS-Active\Active Projects\NCPA"
"000000009598E9A20E04F041B38518182890A2D501006C95E27D1ACA634AA1AADC20796388DD0000002692460000"	"\Divisions\PD\SAS\LEWISTON PROJECTS\SPS-Active\Active Projects\PowerTech Engineering\Dyersburg"
"000000009598E9A20E04F041B38518182890A2D501006C95E27D1ACA634AA1AADC20796388DD000000BEB1590000"	"\Divisions\PD\SAS\LPE"
"000000009598E9A20E04F041B38518182890A2D50100A3DF33FCC9BD1644BD14FCA330AA9785000017FE04310000"	"\Divisions\PD\SAS\Pacific Valley Solar\Colusa"
"000000009598E9A20E04F041B38518182890A2D5010012225CC57BF01F4EA8CCA87A792FF35F00029BE532990000"	"\Divisions\PD\SAS\PH2 ONCOR ODESSA EHV-RIVERTON 345KV"
"000000009598E9A20E04F041B38518182890A2D5010012225CC57BF01F4EA8CCA87A792FF35F00068CEE6DDE0000"	"\Divisions\PD\Substation Airdrie"
"000000009598E9A20E04F041B38518182890A2D50100A3DF33FCC9BD1644BD14FCA330AA978500002A2CD33A0000"	"\Divisions\PD\Substation Anaheim\137883 Everest Consulting (SCE) Pebbly BCH Gen Sta"
"000000009598E9A20E04F041B38518182890A2D50100A3DF33FCC9BD1644BD14FCA330AA978500002A2EDF780000"	"\Divisions\PD\Substation Anaheim\139610 SDG&E CBM Bank Commissnng Servc"
"000000009598E9A20E04F041B38518182890A2D50100A3DF33FCC9BD1644BD14FCA330AA978500002A2F81A10000"	"\Divisions\PD\Substation Anaheim\140811 PacifiCorp Dairy Sub"
"000000009598E9A20E04F041B38518182890A2D5010012225CC57BF01F4EA8CCA87A792FF35F0000A8917ABF0000"	"\Divisions\PD\Substation Anaheim\145908 ONCOR Waco East 138kV Bkr Rplc"
"000000009598E9A20E04F041B38518182890A2D5010012225CC57BF01F4EA8CCA87A792FF35F0002032BB2470000"	"\Divisions\PD\Substation Anaheim\153854 Nacogdoches FID & Switch Install"
"000000009598E9A20E04F041B38518182890A2D501001953B16A689BCD4AA8FC82955DB27CB1000001E8238E0000"	"\Divisions\PD\Substation Ann Arbor\121850"
"000000009598E9A20E04F041B38518182890A2D50100A3DF33FCC9BD1644BD14FCA330AA97850000177186F40000"	"\Divisions\PD\Substation Ann Arbor\127790"
"000000009598E9A20E04F041B38518182890A2D50100A3DF33FCC9BD1644BD14FCA330AA978500001F2A81180000"	"\Divisions\PD\Substation Ann Arbor\135915 Valley PVID 40798"
"000000009598E9A20E04F041B38518182890A2D50100A3DF33FCC9BD1644BD14FCA330AA9785000022D15CF70000"	"\Divisions\PD\Substation Ann Arbor\138406 - Gaylord Substation"
"000000009598E9A20E04F041B38518182890A2D50100A3DF33FCC9BD1644BD14FCA330AA978500002675DE830000"	"\Divisions\PD\Substation Ann Arbor\140303 - AEP Hanging Rock P12104002"
"000000009598E9A20E04F041B38518182890A2D5010012225CC57BF01F4EA8CCA87A792FF35F00000574803B0000"	"\Divisions\PD\Substation Ann Arbor\143409 - E Amsterdamn P15050023"
"000000009598E9A20E04F041B38518182890A2D5010012225CC57BF01F4EA8CCA87A792FF35F00008995C81A0000"	"\Divisions\PD\Substation Ann Arbor\145394"
"000000009598E9A20E04F041B38518182890A2D5010012225CC57BF01F4EA8CCA87A792FF35F0000CDE323B40000"	"\Divisions\PD\Substation Ann Arbor\146741"
"000000009598E9A20E04F041B38518182890A2D5010012225CC57BF01F4EA8CCA87A792FF35F00013250E0390000"	"\Divisions\PD\Substation Ann Arbor\149122"
"000000009598E9A20E04F041B38518182890A2D50100A3DF33FCC9BD1644BD14FCA330AA97850000200943580000"	"\Divisions\PD\Substation Ann Arbor\ComEd"
"000000009598E9A20E04F041B38518182890A2D50100A3DF33FCC9BD1644BD14FCA330AA978500001D7BA0540000"	"\Divisions\PD\Substation Ann Arbor\Proposals\121650 TSS 150 Calumet"
"000000009598E9A20E04F041B38518182890A2D5010012225CC57BF01F4EA8CCA87A792FF35F00002BF9AC640000"	"\Divisions\PD\Substation Atlanta\00_DMS UPLOAD\143868"
"000000009598E9A20E04F041B38518182890A2D5010012225CC57BF01F4EA8CCA87A792FF35F0005F2CE463D0000"	"\Divisions\PD\Substation Atlanta\0239205_Southern Company_West Demorest"
"000000009598E9A20E04F041B38518182890A2D5010012225CC57BF01F4EA8CCA87A792FF35F00062A618B670000"	"\Divisions\PD\Substation Atlanta\0241498_0000_ATL Waco W SW: Rem 69kV 46678"
"000000009598E9A20E04F041B38518182890A2D5010012225CC57BF01F4EA8CCA87A792FF35F000657EE53130000"	"\Divisions\PD\Substation Atlanta\0243188_0000_ATL Big Spring Switch: Modify Tributary Switch 50198"
"000000009598E9A20E04F041B38518182890A2D5010012225CC57BF01F4EA8CCA87A792FF35F0006B39BD2EB0000"	"\Divisions\PD\Substation Atlanta\0246323_0000_GPC - LeGrange Primary P&C"
"000000009598E9A20E04F041B38518182890A2D5010012225CC57BF01F4EA8CCA87A792FF35F0006E1243D200000"	"\Divisions\PD\Substation Atlanta\0247890_0000_ATL Teal Switch 52905"
"000000009598E9A20E04F041B38518182890A2D5010012225CC57BF01F4EA8CCA87A792FF35F000710DDE4820000"	"\Divisions\PD\Substation Atlanta\0249628_0000_ATL Tyler Northwest UF Sub 53919"
"000000009598E9A20E04F041B38518182890A2D5010012225CC57BF01F4EA8CCA87A792FF35F00072F1FD0DE0000"	"\Divisions\PD\Substation Atlanta\0250884_0000_ATL White Rock UF Sub 54186"
"000000009598E9A20E04F041B38518182890A2D5010012225CC57BF01F4EA8CCA87A792FF35F000754ADB8710000"	"\Divisions\PD\Substation Atlanta\0251995_0000_GPC - Philema Road - P&C"
"000000009598E9A20E04F041B38518182890A2D5010012225CC57BF01F4EA8CCA87A792FF35F00077B808AA60000"	"\Divisions\PD\Substation Atlanta\0253232_0000_GPC - Unity Metering P&C"
"000000009598E9A20E04F041B38518182890A2D5010012225CC57BF01F4EA8CCA87A792FF35F0007AA8495F50000"	"\Divisions\PD\Substation Atlanta\0254813_0000_GPC - FC - South Norcross DS P&C"
"000000009598E9A20E04F041B38518182890A2D5010012225CC57BF01F4EA8CCA87A792FF35F0007E1A1C7DB0000"	"\Divisions\PD\Substation Atlanta\0256447_0000_GPC - Pitts Substation P&C"
"000000009598E9A20E04F041B38518182890A2D50100E34BFE500669CD49AC2E27C6C54DE39D0000000929CB0000"	"\Divisions\PD\Substation Atlanta\113015_Elm Creek Substation\Construction Bid"
"000000009598E9A20E04F041B38518182890A2D50100E34BFE500669CD49AC2E27C6C54DE39D00000010D15E0000"	"\Divisions\PD\Substation Atlanta\113015_Elm Creek Substation\Equipment\Line Tuner"
"000000009598E9A20E04F041B38518182890A2D501001296C725372D7F4B86B758A22EA3141B000000642ABD0000"	"\Divisions\PD\Substation Atlanta\113150_Allen CB 6785"
"000000009598E9A20E04F041B38518182890A2D50100E34BFE500669CD49AC2E27C6C54DE39D0000000659120000"	"\Divisions\PD\Substation Atlanta\113840_NEEWS Project Mgt"
"000000009598E9A20E04F041B38518182890A2D50100E34BFE500669CD49AC2E27C6C54DE39D000000146EAF0000"	"\Divisions\PD\Substation Atlanta\114356_Atl Irving Dist Auto"
"000000009598E9A20E04F041B38518182890A2D50100E34BFE500669CD49AC2E27C6C54DE39D0000002260FF0000"	"\Divisions\PD\Substation Atlanta\116139_Round Rock Dist Auto\Visual Analysis\115470"
"000000009598E9A20E04F041B38518182890A2D50100E34BFE500669CD49AC2E27C6C54DE39D0000003499610000"	"\Divisions\PD\Substation Atlanta\117728_CCEC Transcan Sub"
"000000009598E9A20E04F041B38518182890A2D501001953B16A689BCD4AA8FC82955DB27CB1000001E051DB0000"	"\Divisions\PD\Substation Atlanta\123097_PEF EPC\As Builts"
"000000009598E9A20E04F041B38518182890A2D5010012225CC57BF01F4EA8CCA87A792FF35F00002BF9ACBE0000"	"\Divisions\PD\Substation Atlanta\123097.37_PEF_International_Drive\143"
"000000009598E9A20E04F041B38518182890A2D50100A3DF33FCC9BD1644BD14FCA330AA978500001738EEC40000"	"\Divisions\PD\Substation Atlanta\123979_Sunflower Barber Substation\Battery"
"000000009598E9A20E04F041B38518182890A2D50100A3DF33FCC9BD1644BD14FCA330AA9785000015E8DA4C0000"	"\Divisions\PD\Substation Atlanta\123979_Sunflower Barber Substation\Fiber"
"000000009598E9A20E04F041B38518182890A2D50100A3DF33FCC9BD1644BD14FCA330AA978500001738C3BA0000"	"\Divisions\PD\Substation Atlanta\123979_Sunflower Barber Substation\Relay Panels"
"000000009598E9A20E04F041B38518182890A2D50100A3DF33FCC9BD1644BD14FCA330AA97850000194F361E0000"	"\Divisions\PD\Substation Atlanta\124373_Sunflower River Road SPP-NTC"
"000000009598E9A20E04F041B38518182890A2D50100A3DF33FCC9BD1644BD14FCA330AA97850000171A06CA0000"	"\Divisions\PD\Substation Atlanta\125583_Sunflower Cimarron\Drawings Standards and Requests\Drawing Standards"
"000000009598E9A20E04F041B38518182890A2D50100A3DF33FCC9BD1644BD14FCA330AA97850000171F4EB00000"	"\Divisions\PD\Substation Atlanta\125583_Sunflower Cimarron\Equipment\Fittings"
"000000009598E9A20E04F041B38518182890A2D50100A3DF33FCC9BD1644BD14FCA330AA9785000016CAEB080000"	"\Divisions\PD\Substation Atlanta\125583_Sunflower Cimarron\Equipment\Transformer"
"000000009598E9A20E04F041B38518182890A2D50100A3DF33FCC9BD1644BD14FCA330AA978500000EC144030000"	"\Divisions\PD\Substation Atlanta\125583_Sunflower Cimarron\Project Management\Budget and Rates"
"000000009598E9A20E04F041B38518182890A2D50100A3DF33FCC9BD1644BD14FCA330AA978500001746A5200000"	"\Divisions\PD\Substation Atlanta\125583_Sunflower Cimarron\SUBSTATION CONTROL AND SAS\Protection and Control"
"000000009598E9A20E04F041B38518182890A2D50100A3DF33FCC9BD1644BD14FCA330AA978500001643783D0000"	"\Divisions\PD\Substation Atlanta\125583_Sunflower Cimarron\SUBSTATION PHYSICAL \CRS Working GA"
"000000009598E9A20E04F041B38518182890A2D50100A3DF33FCC9BD1644BD14FCA330AA9785000016E050680000"	"\Divisions\PD\Substation Atlanta\126407_Atl Whitehouse 138kV Sub Line\General Arrangement"
"000000009598E9A20E04F041B38518182890A2D50100A3DF33FCC9BD1644BD14FCA330AA978500001C636A1B0000"	"\Divisions\PD\Substation Atlanta\132431_Strathcona_CoGen"
"000000009598E9A20E04F041B38518182890A2D50100A3DF33FCC9BD1644BD14FCA330AA978500001D6501080000"	"\Divisions\PD\Substation Atlanta\133432_Spearville 345kV\Breakers"
"000000009598E9A20E04F041B38518182890A2D50100A3DF33FCC9BD1644BD14FCA330AA978500001E1439300000"	"\Divisions\PD\Substation Atlanta\133432_Spearville 345kV\Grounding Study"
"000000009598E9A20E04F041B38518182890A2D50100A3DF33FCC9BD1644BD14FCA330AA978500001D64FCC20000"	"\Divisions\PD\Substation Atlanta\133432_Spearville 345kV\Transformer"
"000000009598E9A20E04F041B38518182890A2D50100A3DF33FCC9BD1644BD14FCA330AA978500002B57ACBE0000"	"\Divisions\PD\Substation Atlanta\135515_ATL TYLER STATION:69 TERM UPG\In ProjectWise"
"000000009598E9A20E04F041B38518182890A2D50100A3DF33FCC9BD1644BD14FCA330AA9785000023661E930000"	"\Divisions\PD\Substation Atlanta\138757_Sherry Switching FID Install"
"000000009598E9A20E04F041B38518182890A2D50100A3DF33FCC9BD1644BD14FCA330AA97850000242AEF360000"	"\Divisions\PD\Substation Atlanta\139355_ATL NORTHLAKE SWTCH BRK RPLC"
"000000009598E9A20E04F041B38518182890A2D5010012225CC57BF01F4EA8CCA87A792FF35F000162F5FF9F0000"	"\Divisions\PD\Substation Atlanta\139848_ATL BUCKHORN 345 SWTCH\In ProjectWise\Construction"
"000000009598E9A20E04F041B38518182890A2D50100A3DF33FCC9BD1644BD14FCA330AA9785000025899DA00000"	"\Divisions\PD\Substation Atlanta\139848_ATL BUCKHORN 345 SWTCH\Scoping"
"000000009598E9A20E04F041B38518182890A2D50100A3DF33FCC9BD1644BD14FCA330AA9785000028CE43A80000"	"\Divisions\PD\Substation Atlanta\140572_SUNFLOWER SPEARVILLE RPLC CB SV188\Drawings"
"000000009598E9A20E04F041B38518182890A2D50100A3DF33FCC9BD1644BD14FCA330AA9785000028CE4FCF0000"	"\Divisions\PD\Substation Atlanta\140572_SUNFLOWER SPEARVILLE RPLC CB SV188\Project Management\Proposal"
"000000009598E9A20E04F041B38518182890A2D50100A3DF33FCC9BD1644BD14FCA330AA97850000285A96FC0000"	"\Divisions\PD\Substation Atlanta\140763"
"000000009598E9A20E04F041B38518182890A2D50100A3DF33FCC9BD1644BD14FCA330AA978500002AB3EE6E0000"	"\Divisions\PD\Substation Atlanta\142049_TRI-COUNTY 115KV TRANS FCLTY"
"000000009598E9A20E04F041B38518182890A2D5010012225CC57BF01F4EA8CCA87A792FF35F000072BD7BD00000"	"\Divisions\PD\Substation Atlanta\145009_GOVGROVE_MINT"
"000000009598E9A20E04F041B38518182890A2D5010012225CC57BF01F4EA8CCA87A792FF35F00017A797F540000"	"\Divisions\PD\Substation Atlanta\147502_Denton Drive Substation"
"000000009598E9A20E04F041B38518182890A2D5010012225CC57BF01F4EA8CCA87A792FF35F0001826BBE930000"	"\Divisions\PD\Substation Atlanta\151228_ATL ENNIS SUB DA"
"000000009598E9A20E04F041B38518182890A2D5010012225CC57BF01F4EA8CCA87A792FF35F0001B17040730000"	"\Divisions\PD\Substation Atlanta\152659_Sylvania #3 Harmonics Mitgtion"
"000000009598E9A20E04F041B38518182890A2D5010012225CC57BF01F4EA8CCA87A792FF35F0002032BB2450000"	"\Divisions\PD\Substation Atlanta\154292_BENNETT RD SW"
"000000009598E9A20E04F041B38518182890A2D5010012225CC57BF01F4EA8CCA87A792FF35F00028774B25B0000"	"\Divisions\PD\Substation Atlanta\156448_LONESTAR W SHACK"
"000000009598E9A20E04F041B38518182890A2D5010012225CC57BF01F4EA8CCA87A792FF35F0002ADAF348F0000"	"\Divisions\PD\Substation Atlanta\158155_LINDLY RNCH PODINSTL SL M"
"000000009598E9A20E04F041B38518182890A2D5010012225CC57BF01F4EA8CCA87A792FF35F00037F0314B90000"	"\Divisions\PD\Substation Atlanta\164442_ATL SPV SS XFMR-REACTR SWGR"
"000000009598E9A20E04F041B38518182890A2D5010012225CC57BF01F4EA8CCA87A792FF35F0007326DF50F0000"	"\Divisions\PD\Substation Atlanta\177892_ALBANY#20 GND STUDY"
"000000009598E9A20E04F041B38518182890A2D5010012225CC57BF01F4EA8CCA87A792FF35F00059D072BA80000"	"\Divisions\PD\Substation Atlanta\180516_GPC-Shenandoah Industrial"
"000000009598E9A20E04F041B38518182890A2D501001296C725372D7F4B86B758A22EA3141B0000004CB5310000"	"\Divisions\PD\Substation Atlanta\AEP-Weekly Status Reports"
"000000009598E9A20E04F041B38518182890A2D50100E34BFE500669CD49AC2E27C6C54DE39D0000003499260000"	"\Divisions\PD\Substation Atlanta\Lisa_Temp\Completed"
"000000009598E9A20E04F041B38518182890A2D50100E34BFE500669CD49AC2E27C6C54DE39D0000002840FA0000"	"\Divisions\PD\Substation Atlanta\NEEWS-Material Inspections\Southern States Switch"
"000000009598E9A20E04F041B38518182890A2D50100E34BFE500669CD49AC2E27C6C54DE39D00000021D83A0000"	"\Divisions\PD\Substation Atlanta\Oncor-2010-Scoping\Celina_SE_M3066"
"000000009598E9A20E04F041B38518182890A2D50100E34BFE500669CD49AC2E27C6C54DE39D00000022617C0000"	"\Divisions\PD\Substation Atlanta\ONCOR-Project Listings\2010 Project Lists"
"000000009598E9A20E04F041B38518182890A2D50100E34BFE500669CD49AC2E27C6C54DE39D00000040840F0000"	"\Divisions\PD\Substation Atlanta\Progress Energy"
"000000009598E9A20E04F041B38518182890A2D501001953B16A689BCD4AA8FC82955DB27CB1000001BB87E60000"	"\Divisions\PD\Substation Atlanta\Progress Energy\Reviews for other stations\Perry North"
"000000009598E9A20E04F041B38518182890A2D50100E34BFE500669CD49AC2E27C6C54DE39D0000002261A30000"	"\Divisions\PD\Substation Atlanta\Proposals\2009\117262 CTG Peace River 10 MW"
"000000009598E9A20E04F041B38518182890A2D50100E34BFE500669CD49AC2E27C6C54DE39D00000037A25F0000"	"\Divisions\PD\Substation Atlanta\Proposals\2010\120913_ESB_NU_Panels"
"000000009598E9A20E04F041B38518182890A2D50100E34BFE500669CD49AC2E27C6C54DE39D0000004542820000"	"\Divisions\PD\Substation Atlanta\Proposals\2011\121629_Iberdrola-NYSEG-Rochester_Scoping\NYSEG"
"000000009598E9A20E04F041B38518182890A2D50100E34BFE500669CD49AC2E27C6C54DE39D0000004310290000"	"\Divisions\PD\Substation Atlanta\Proposals\2011\Republic of Georgia-HV Mine Sub Scoping"
"000000009598E9A20E04F041B38518182890A2D50100E34BFE500669CD49AC2E27C6C54DE39D0000001E36730000"	"\Divisions\PD\Substation Atlanta\Proposals\BREMC-Beaver Creek Sub1"
"000000009598E9A20E04F041B38518182890A2D501001296C725372D7F4B86B758A22EA3141B0000006238F90000"	"\Divisions\PD\Substation Atlanta\Proposals\Sunflower-Rhoades"
"000000009598E9A20E04F041B38518182890A2D50100A3DF33FCC9BD1644BD14FCA330AA9785000016E84B030000"	"\Divisions\PD\Substation Atlanta\Substation Benbrook\00 Closed Projects\117689_Hardin Co Trans Facilities"
"000000009598E9A20E04F041B38518182890A2D50100A3DF33FCC9BD1644BD14FCA330AA978500002360168E0000"	"\Divisions\PD\Substation Atlanta\Tyler NW - 138kV"
"000000009598E9A20E04F041B38518182890A2D50100A3DF33FCC9BD1644BD14FCA330AA978500001666996B0000"	"\Divisions\PD\Substation Billings\_BD\121639.007_NVE_Falcon/Gonder"
"000000009598E9A20E04F041B38518182890A2D50100572FF007A7D6B64CA96E5CFE8E1CC1A40000006921290000"	"\Divisions\PD\Substation Billings\_NWE General Information"
"000000009598E9A20E04F041B38518182890A2D50100A3DF33FCC9BD1644BD14FCA330AA97850000267895520000"	"\Divisions\PD\Substation Boise\140232  AEP RAY STATION"
"000000009598E9A20E04F041B38518182890A2D5010012225CC57BF01F4EA8CCA87A792FF35F00000F57EB570000"	"\Divisions\PD\Substation Boise\143562  USE PROJECT WISE_AEP Carrothers P10142013"
"000000009598E9A20E04F041B38518182890A2D5010012225CC57BF01F4EA8CCA87A792FF35F0000DFB9CE0F0000"	"\Divisions\PD\Substation Boise\146939  ONCOR WICHITA FALLS LN TERM UPG"
"000000009598E9A20E04F041B38518182890A2D5010012225CC57BF01F4EA8CCA87A792FF35F0001153529BD0000"	"\Divisions\PD\Substation Boise\148416  AEP CANTON T WORK P15117001"
"000000009598E9A20E04F041B38518182890A2D5010012225CC57BF01F4EA8CCA87A792FF35F00014E5CAF270000"	"\Divisions\PD\Substation Boise\149512  ONCOR MORRISON LANE SW TRNFR TRIP"
"000000009598E9A20E04F041B38518182890A2D5010012225CC57BF01F4EA8CCA87A792FF35F00017A797F520000"	"\Divisions\PD\Substation Boise\150971  ONCOR PARIS SUB DA"
"000000009598E9A20E04F041B38518182890A2D5010012225CC57BF01F4EA8CCA87A792FF35F0001A7C15AD30000"	"\Divisions\PD\Substation Boise\152438  ONCOR PLANO CUSTER RD SUB"
"000000009598E9A20E04F041B38518182890A2D5010012225CC57BF01F4EA8CCA87A792FF35F0001E6DB39720000"	"\Divisions\PD\Substation Boise\153797  ONCOR LAKE BROWNWOOD DA"
"000000009598E9A20E04F041B38518182890A2D5010012225CC57BF01F4EA8CCA87A792FF35F00021A1314FC0000"	"\Divisions\PD\Substation Boise\154661  ONCOR HOLLIDAY SUBSTATION PETE4106"
"000000009598E9A20E04F041B38518182890A2D5010012225CC57BF01F4EA8CCA87A792FF35F00025CA6B60D0000"	"\Divisions\PD\Substation Boise\156013  VANDALAY NBY DETAIL DESIGN, INC"
"000000009598E9A20E04F041B38518182890A2D50100A3DF33FCC9BD1644BD14FCA330AA9785000021041CA10000"	"\Divisions\PD\Substation Business Unit"
"000000009598E9A20E04F041B38518182890A2D501006C95E27D1ACA634AA1AADC20796388DD0000005871450000"	"\Divisions\PD\Substation Denver\115632 Roundbottom"
"000000009598E9A20E04F041B38518182890A2D501006C95E27D1ACA634AA1AADC20796388DD0000007AE2340000"	"\Divisions\PD\Substation Denver\116945 St. George- Red Butte\Foundations"
"000000009598E9A20E04F041B38518182890A2D501001953B16A689BCD4AA8FC82955DB27CB10000015C5AA60000"	"\Divisions\PD\Substation Denver\118692 North Sub HPOF"
"000000009598E9A20E04F041B38518182890A2D50100A3DF33FCC9BD1644BD14FCA330AA978500001E83AA360000"	"\Divisions\PD\Substation Denver\120345 CIP Project Capsules"
"000000009598E9A20E04F041B38518182890A2D501006C95E27D1ACA634AA1AADC20796388DD000000F51C4C0000"	"\Divisions\PD\Substation Denver\122132 Danube"
"000000009598E9A20E04F041B38518182890A2D50100CB7D9B6512D7374A860FE542D57703920000012167050000"	"\Divisions\PD\Substation Denver\123079 Ocotillo"
"000000009598E9A20E04F041B38518182890A2D501001953B16A689BCD4AA8FC82955DB27CB10000015D12A50000"	"\Divisions\PD\Substation Denver\124292 Weld Breaker"
"000000009598E9A20E04F041B38518182890A2D50100A3DF33FCC9BD1644BD14FCA330AA978500000E973A860000"	"\Divisions\PD\Substation Denver\124934 Split Rock DFR Replacement"
"000000009598E9A20E04F041B38518182890A2D50100A3DF33FCC9BD1644BD14FCA330AA978500000EBD6D970000"	"\Divisions\PD\Substation Denver\125796 Ault Switch Repl"
"000000009598E9A20E04F041B38518182890A2D50100A3DF33FCC9BD1644BD14FCA330AA9785000017073FFF0000"	"\Divisions\PD\Substation Denver\126664 DEN TYLER NW CB 825"
"000000009598E9A20E04F041B38518182890A2D50100A3DF33FCC9BD1644BD14FCA330AA97850000175C94A00000"	"\Divisions\PD\Substation Denver\127484 DCP-MONROE CTY/NEW TRANSFORMER"
"000000009598E9A20E04F041B38518182890A2D50100A3DF33FCC9BD1644BD14FCA330AA9785000017EDBB380000"	"\Divisions\PD\Substation Denver\128202 Clark LCU & RTU Replacement"
"000000009598E9A20E04F041B38518182890A2D50100A3DF33FCC9BD1644BD14FCA330AA9785000018CB41BA0000"	"\Divisions\PD\Substation Denver\129036 TVWD GO SYNC PROTOTYPE"
"000000009598E9A20E04F041B38518182890A2D50100A3DF33FCC9BD1644BD14FCA330AA978500001C5A580C0000"	"\Divisions\PD\Substation Denver\130216 WOBEGON TRAIL NEW SUBSTATION\130220 KEENSBURG RTU CONFIG"
"000000009598E9A20E04F041B38518182890A2D50100A3DF33FCC9BD1644BD14FCA330AA978500001DAB21260000"	"\Divisions\PD\Substation Denver\132085 Plainville Transformer"
"000000009598E9A20E04F041B38518182890A2D50100A3DF33FCC9BD1644BD14FCA330AA978500001C3DF9670000"	"\Divisions\PD\Substation Denver\132925 TSO SLC BECK ST METERING"
"000000009598E9A20E04F041B38518182890A2D50100A3DF33FCC9BD1644BD14FCA330AA978500001D5844860000"	"\Divisions\PD\Substation Denver\133657 CENTERVILLE - CNVRT TO 13.8KV"
"000000009598E9A20E04F041B38518182890A2D50100A3DF33FCC9BD1644BD14FCA330AA978500001EB751400000"	"\Divisions\PD\Substation Denver\135307 GREENWOOD - REPLACE RTU"
"000000009598E9A20E04F041B38518182890A2D50100A3DF33FCC9BD1644BD14FCA330AA978500001F904CC50000"	"\Divisions\PD\Substation Denver\136099 SALEM SUBSTATION - METERING"
"000000009598E9A20E04F041B38518182890A2D50100A3DF33FCC9BD1644BD14FCA330AA97850000202477230000"	"\Divisions\PD\Substation Denver\136490 MALTA - CIP NETWORK"
"000000009598E9A20E04F041B38518182890A2D50100A3DF33FCC9BD1644BD14FCA330AA978500002A2EE8910000"	"\Divisions\PD\Substation Denver\136634 Kiowa"
"000000009598E9A20E04F041B38518182890A2D50100A3DF33FCC9BD1644BD14FCA330AA97850000228312040000"	"\Divisions\PD\Substation Denver\137179 SPS TX"
"000000009598E9A20E04F041B38518182890A2D50100A3DF33FCC9BD1644BD14FCA330AA9785000021D98F2A0000"	"\Divisions\PD\Substation Denver\137661 X67092 POWER ENGINEERS INC"
"000000009598E9A20E04F041B38518182890A2D50100A3DF33FCC9BD1644BD14FCA330AA978500002A2EE84C0000"	"\Divisions\PD\Substation Denver\137956 Pre Comm Lea National"
"000000009598E9A20E04F041B38518182890A2D50100A3DF33FCC9BD1644BD14FCA330AA97850000224E5D0D0000"	"\Divisions\PD\Substation Denver\138067 CARTWRIGHT- FRAME RLY RPLC NSP"
"000000009598E9A20E04F041B38518182890A2D50100A3DF33FCC9BD1644BD14FCA330AA978500002261FFC00000"	"\Divisions\PD\Substation Denver\138115 DOVRE SUB - FRAME RLY RPLC NSP"
"000000009598E9A20E04F041B38518182890A2D50100A3DF33FCC9BD1644BD14FCA330AA978500002268B6110000"	"\Divisions\PD\Substation Denver\138148 NELSON - FRAME RLY RPLC NSP"
"000000009598E9A20E04F041B38518182890A2D50100A3DF33FCC9BD1644BD14FCA330AA978500002268FF9B0000"	"\Divisions\PD\Substation Denver\138172 BENTON - FRAME RLY RPLC NSP"
"000000009598E9A20E04F041B38518182890A2D50100A3DF33FCC9BD1644BD14FCA330AA97850000226920B10000"	"\Divisions\PD\Substation Denver\138188 QUARRY - FRAME RLY RPLC NSP"
"000000009598E9A20E04F041B38518182890A2D50100A3DF33FCC9BD1644BD14FCA330AA97850000226EF7FA0000"	"\Divisions\PD\Substation Denver\138206 MEDFORD - FRAME RLY RPLC NSP"
"000000009598E9A20E04F041B38518182890A2D50100A3DF33FCC9BD1644BD14FCA330AA97850000226EF8B50000"	"\Divisions\PD\Substation Denver\138224 CROOKS - FRAME RLY RPLC NSP"
"000000009598E9A20E04F041B38518182890A2D50100A3DF33FCC9BD1644BD14FCA330AA978500002274EE770000"	"\Divisions\PD\Substation Denver\138259 GRAND MEADOW-FRME RLY RPLC NSP"
"000000009598E9A20E04F041B38518182890A2D50100A3DF33FCC9BD1644BD14FCA330AA978500002274F32F0000"	"\Divisions\PD\Substation Denver\138274 UILK - FRAME RLY RPLC NSP"
"000000009598E9A20E04F041B38518182890A2D50100A3DF33FCC9BD1644BD14FCA330AA978500002274F4080000"	"\Divisions\PD\Substation Denver\138289 MAYFAIR - FRAME RLY RPLC NSP"
"000000009598E9A20E04F041B38518182890A2D50100A3DF33FCC9BD1644BD14FCA330AA978500002274F6A00000"	"\Divisions\PD\Substation Denver\138309 NORRIE - FRAME RLY RPLC NSP"
"000000009598E9A20E04F041B38518182890A2D50100A3DF33FCC9BD1644BD14FCA330AA978500002274F6D60000"	"\Divisions\PD\Substation Denver\138331 PRENTICE - FRAME RLY RPLC NSP"
"000000009598E9A20E04F041B38518182890A2D50100A3DF33FCC9BD1644BD14FCA330AA978500002274F7780000"	"\Divisions\PD\Substation Denver\138349 FALLS - FRAME RLY RPLC NSP"
"000000009598E9A20E04F041B38518182890A2D50100A3DF33FCC9BD1644BD14FCA330AA97850000228573E50000"	"\Divisions\PD\Substation Denver\138424 LAKE YANKTON-FRME RLY RPLC NSP"
"000000009598E9A20E04F041B38518182890A2D50100A3DF33FCC9BD1644BD14FCA330AA97850000228574D40000"	"\Divisions\PD\Substation Denver\138439 ANGUS ANSON-FRME RLY RPLC NSP"
"000000009598E9A20E04F041B38518182890A2D50100A3DF33FCC9BD1644BD14FCA330AA9785000024054F8E0000"	"\Divisions\PD\Substation Denver\139221 NEAL STM PNT-FRME RLY RPLC NSP"
"000000009598E9A20E04F041B38518182890A2D50100F3BCE3A574023B4482F2E427B5A3121800004EB471910000"	"\Divisions\PD\Substation Denver\139818 Wilmarth"
"000000009598E9A20E04F041B38518182890A2D50100F3BCE3A574023B4482F2E427B5A3121800004E8695E40000"	"\Divisions\PD\Substation Denver\141118 SHELL CO2- 115KV EXPANSION TAM"
"000000009598E9A20E04F041B38518182890A2D50100A3DF33FCC9BD1644BD14FCA330AA978500002AB0F0C30000"	"\Divisions\PD\Substation Denver\142028 LACROSSE - FRAME RLY RPLC NSP"
"000000009598E9A20E04F041B38518182890A2D50100A3DF33FCC9BD1644BD14FCA330AA978500002BD3C8FE0000"	"\Divisions\PD\Substation Denver\142509 MELROSE -FRAME RLY RPLC NSP"
"000000009598E9A20E04F041B38518182890A2D5010012225CC57BF01F4EA8CCA87A792FF35F0000A8917A8F0000"	"\Divisions\PD\Substation Denver\143076 Waurika"
"000000009598E9A20E04F041B38518182890A2D5010012225CC57BF01F4EA8CCA87A792FF35F00009DE2D81B0000"	"\Divisions\PD\Substation Denver\143979 Cannon AFB"
"000000009598E9A20E04F041B38518182890A2D5010012225CC57BF01F4EA8CCA87A792FF35F00003452E63A0000"	"\Divisions\PD\Substation Denver\144062 TULSA SE A15704053"
"000000009598E9A20E04F041B38518182890A2D5010012225CC57BF01F4EA8CCA87A792FF35F00005BEAA8020000"	"\Divisions\PD\Substation Denver\144663 S JAL CAP BANK REPLACEMENT"
"000000009598E9A20E04F041B38518182890A2D5010012225CC57BF01F4EA8CCA87A792FF35F00008C3235DE0000"	"\Divisions\PD\Substation Denver\145499 BURLINGTON-BNDRY MTR COMM"
"000000009598E9A20E04F041B38518182890A2D5010012225CC57BF01F4EA8CCA87A792FF35F0000FFBD37CE0000"	"\Divisions\PD\Substation Denver\147974 NSPM DISTRIBUTION SUB EST"
"000000009598E9A20E04F041B38518182890A2D5010012225CC57BF01F4EA8CCA87A792FF35F00013250E0530000"	"\Divisions\PD\Substation Denver\149118 ALUM RIDGE A15705C06"
"000000009598E9A20E04F041B38518182890A2D5010012225CC57BF01F4EA8CCA87A792FF35F0001A6BBCD7F0000"	"\Divisions\PD\Substation Denver\152461 Black Dog - Burnsville Rly Rplc"
"000000009598E9A20E04F041B38518182890A2D5010012225CC57BF01F4EA8CCA87A792FF35F00022308A37D0000"	"\Divisions\PD\Substation Denver\154915 2020 FAN SITE VISITS"
"000000009598E9A20E04F041B38518182890A2D5010012225CC57BF01F4EA8CCA87A792FF35F0002716A9ED60000"	"\Divisions\PD\Substation Denver\156589 S-SPS TAM SUB SCOPING"
"000000009598E9A20E04F041B38518182890A2D5010012225CC57BF01F4EA8CCA87A792FF35F0002799D84F70000"	"\Divisions\PD\Substation Denver\156869 P-COMANCHE SWTCH DFR UPGD"
"000000009598E9A20E04F041B38518182890A2D5010012225CC57BF01F4EA8CCA87A792FF35F0002847334F40000"	"\Divisions\PD\Substation Denver\157311 N-HURLEY SYNC CNDNSR CTRL UPG"
"000000009598E9A20E04F041B38518182890A2D5010012225CC57BF01F4EA8CCA87A792FF35F00028774B29F0000"	"\Divisions\PD\Substation Denver\157467 N-EDEN PRAIRIE FAN-HDR"
"000000009598E9A20E04F041B38518182890A2D5010012225CC57BF01F4EA8CCA87A792FF35F00029BE532950000"	"\Divisions\PD\Substation Denver\157980 N-CLEAR LAKE CIVIL HDR"
"000000009598E9A20E04F041B38518182890A2D5010012225CC57BF01F4EA8CCA87A792FF35F0002ADAF34730000"	"\Divisions\PD\Substation Denver\158458 N-739 345KV INTERCONNECT HDR"
"000000009598E9A20E04F041B38518182890A2D5010012225CC57BF01F4EA8CCA87A792FF35F0002B4A0BD5C0000"	"\Divisions\PD\Substation Denver\158625 N-DASSELL MOBILE RLY STTNG HDR"
"000000009598E9A20E04F041B38518182890A2D5010012225CC57BF01F4EA8CCA87A792FF35F0002CE133CDA0000"	"\Divisions\PD\Substation Denver\159344 N-COTTAGE GROVE RLY RPLC-HDR"
"000000009598E9A20E04F041B38518182890A2D5010012225CC57BF01F4EA8CCA87A792FF35F0002D18D62BB0000"	"\Divisions\PD\Substation Denver\159498 N-JEFFERS RD SUB-SEC COM-HDR"
"000000009598E9A20E04F041B38518182890A2D5010012225CC57BF01F4EA8CCA87A792FF35F0002E086C85B0000"	"\Divisions\PD\Substation Denver\159794 N-DASSEL CSG314 RELAY-HDR"
"000000009598E9A20E04F041B38518182890A2D5010012225CC57BF01F4EA8CCA87A792FF35F0002F5D2D4940000"	"\Divisions\PD\Substation Denver\160239 N-RAPTOR CIVIL TAM"
"000000009598E9A20E04F041B38518182890A2D5010012225CC57BF01F4EA8CCA87A792FF35F00030B75E4280000"	"\Divisions\PD\Substation Denver\160909 N-CAMP MCCOY TR2"
"000000009598E9A20E04F041B38518182890A2D5010012225CC57BF01F4EA8CCA87A792FF35F000329D570A50000"	"\Divisions\PD\Substation Denver\161567 N-RED ROCK TR2 HDR"
"000000009598E9A20E04F041B38518182890A2D501001953B16A689BCD4AA8FC82955DB27CB1000001B4D1FA0000"	"\Divisions\PD\Substation Denver\Smart-One-Lines"
"000000009598E9A20E04F041B38518182890A2D50100A3DF33FCC9BD1644BD14FCA330AA978500002594B2A10000"	"\Divisions\PD\Substation Fort Mill\South Princeton Removal"
"000000009598E9A20E04F041B38518182890A2D501001296C725372D7F4B86B758A22EA3141B0000000AB5F10000"	"\Divisions\PD\Substation Freeport\Inactive File\104553_Boston_345kV_Project"
"000000009598E9A20E04F041B38518182890A2D501001296C725372D7F4B86B758A22EA3141B00000022D6600000"	"\Divisions\PD\Substation Freeport\Inactive File\104895_PSNH_Scobie Review\Permits"
"000000009598E9A20E04F041B38518182890A2D501001296C725372D7F4B86B758A22EA3141B0000001C65AF0000"	"\Divisions\PD\Substation Freeport\Inactive File\105825_Natl_Grid_FY06"
"000000009598E9A20E04F041B38518182890A2D501001296C725372D7F4B86B758A22EA3141B00000010FEE80000"	"\Divisions\PD\Substation Freeport\Inactive File\106161_PSNH_Gosling_Rd"
"000000009598E9A20E04F041B38518182890A2D501001296C725372D7F4B86B758A22EA3141B0000001463AD0000"	"\Divisions\PD\Substation Freeport\Inactive File\106XXX_PSNH_Madbury\Manuals"
"000000009598E9A20E04F041B38518182890A2D501001296C725372D7F4B86B758A22EA3141B0000001769B00000"	"\Divisions\PD\Substation Freeport\Inactive File\107142_GLHA_PVRD"
"000000009598E9A20E04F041B38518182890A2D501001296C725372D7F4B86B758A22EA3141B00000022D5E00000"	"\Divisions\PD\Substation Freeport\Inactive File\108042_TXU_South_Brownwood\Manuals"
"000000009598E9A20E04F041B38518182890A2D501001296C725372D7F4B86B758A22EA3141B00000022D5F70000"	"\Divisions\PD\Substation Freeport\Inactive File\108166_TXU_Dublin\Bid"
"000000009598E9A20E04F041B38518182890A2D501001296C725372D7F4B86B758A22EA3141B00000022D6060000"	"\Divisions\PD\Substation Freeport\Inactive File\108166_TXU_Dublin\Schedule"
"000000009598E9A20E04F041B38518182890A2D501001296C725372D7F4B86B758A22EA3141B00000022D63F0000"	"\Divisions\PD\Substation Freeport\Inactive File\108556_Centerpoint_Webster\Meeting Minutes"
"000000009598E9A20E04F041B38518182890A2D501001296C725372D7F4B86B758A22EA3141B00000022D6210000"	"\Divisions\PD\Substation Freeport\Inactive File\108557_Centerpoint_Freeport\Digital Data"
"000000009598E9A20E04F041B38518182890A2D501001296C725372D7F4B86B758A22EA3141B00000022D6300000"	"\Divisions\PD\Substation Freeport\Inactive File\108557_Centerpoint_Freeport\Studies"
"000000009598E9A20E04F041B38518182890A2D501001296C725372D7F4B86B758A22EA3141B00000026BFB80000"	"\Divisions\PD\Substation Freeport\Inactive File\108954_TXU_Celina_Switch\Legal"
"000000009598E9A20E04F041B38518182890A2D501001296C725372D7F4B86B758A22EA3141B000000328A590000"	"\Divisions\PD\Substation Freeport\Inactive File\109822_PSNH_WhitefieldPhII"
"000000009598E9A20E04F041B38518182890A2D50100E34BFE500669CD49AC2E27C6C54DE39D0000004083D60000"	"\Divisions\PD\Substation Freeport\Inactive File\109947_CMP_ScarOOBLine\109947 Saco  Bay Prelim & MPUC\Data Requests\Hearing Examiner Data Request 03-41 20 MW Gen"
"000000009598E9A20E04F041B38518182890A2D50100E34BFE500669CD49AC2E27C6C54DE39D0000004083E50000"	"\Divisions\PD\Substation Freeport\Inactive File\109947_CMP_ScarOOBLine\109947 Saco  Bay Prelim & MPUC\MPUC Hearings\Biographical sketch"
"000000009598E9A20E04F041B38518182890A2D50100E34BFE500669CD49AC2E27C6C54DE39D0000004083F40000"	"\Divisions\PD\Substation Freeport\Inactive File\109947_CMP_ScarOOBLine\DD\Estimates"
"000000009598E9A20E04F041B38518182890A2D501003F9E776DECCABA4B81A6729A0E4F2CBA00000013AF240000"	"\Divisions\PD\Substation Freeport\Inactive File\109947_CMP_ScarOOBLine1\109947 Saco  Bay Prelim & MPUC\Data Requests\Hearing Examiner Data Request 03-41 20 MW Gen"
"000000009598E9A20E04F041B38518182890A2D501001296C725372D7F4B86B758A22EA3141B0000005D206C0000"	"\Divisions\PD\Substation Freeport\Inactive File\109947_CMP_ScarOOBLine1\109947 Saco  Bay Prelim & MPUC\MPUC Hearings\Biographical sketch"
"000000009598E9A20E04F041B38518182890A2D501003F9E776DECCABA4B81A6729A0E4F2CBA000000136CB50000"	"\Divisions\PD\Substation Freeport\Inactive File\109947_CMP_ScarOOBLine1\DD\Estimates"
"000000009598E9A20E04F041B38518182890A2D501001296C725372D7F4B86B758A22EA3141B00000053BE370000"	"\Divisions\PD\Substation Freeport\Inactive File\112122_CMP_Rumford_Upgrade"
"000000009598E9A20E04F041B38518182890A2D50100E34BFE500669CD49AC2E27C6C54DE39D0000003149A80000"	"\Divisions\PD\Substation Freeport\Inactive File\114744_SCOBIE_POND_R187_MOD"
"000000009598E9A20E04F041B38518182890A2D501001953B16A689BCD4AA8FC82955DB27CB1000000A278770000"	"\Divisions\PD\Substation Freeport\Inactive File\CLOSED_108862_NUSCO_Killingly "
"000000009598E9A20E04F041B38518182890A2D501001953B16A689BCD4AA8FC82955DB27CB1000000A278860000"	"\Divisions\PD\Substation Freeport\Inactive File\CLOSED_109947_CMP_ScarOOBLine\109947 Saco  Bay Prelim & MPUC\Data Requests\Greaton GR-02"
"000000009598E9A20E04F041B38518182890A2D501001953B16A689BCD4AA8FC82955DB27CB1000000A278950000"	"\Divisions\PD\Substation Freeport\Inactive File\CLOSED_109947_CMP_ScarOOBLine\109947 Saco  Bay Prelim & MPUC\MPUC Hearings\Bench Analysis"
"000000009598E9A20E04F041B38518182890A2D501001953B16A689BCD4AA8FC82955DB27CB1000000A278A40000"	"\Divisions\PD\Substation Freeport\Inactive File\CLOSED_109947_CMP_ScarOOBLine\DD"
"000000009598E9A20E04F041B38518182890A2D501001953B16A689BCD4AA8FC82955DB27CB1000000A278B30000"	"\Divisions\PD\Substation Freeport\Inactive File\CLOSED_109947_CMP_ScarOOBLine1\109947 Saco  Bay Prelim & MPUC\Data Requests\Greaton GR-02"
"000000009598E9A20E04F041B38518182890A2D501001953B16A689BCD4AA8FC82955DB27CB1000000A278C20000"	"\Divisions\PD\Substation Freeport\Inactive File\CLOSED_109947_CMP_ScarOOBLine1\109947 Saco  Bay Prelim & MPUC\MPUC Hearings\Bench Analysis"
"000000009598E9A20E04F041B38518182890A2D501001953B16A689BCD4AA8FC82955DB27CB1000000B63DAA0000"	"\Divisions\PD\Substation Freeport\Inactive File\CLOSED_109947_CMP_ScarOOBLine1\DD"
"000000009598E9A20E04F041B38518182890A2D501001953B16A689BCD4AA8FC82955DB27CB1000000B63DBA0000"	"\Divisions\PD\Substation Freeport\Inactive File\CLOSED_112815 Jackman Capacitor Bank \DMS update"
"000000009598E9A20E04F041B38518182890A2D50100E34BFE500669CD49AC2E27C6C54DE39D00000025D3C40000"	"\Divisions\PD\Substation Freeport\Inactive File\CLOSED_117281_Louden_Vallee_Goosefare"
"000000009598E9A20E04F041B38518182890A2D501001296C725372D7F4B86B758A22EA3141B0000000A4E020000"	"\Divisions\PD\Substation Freeport\Inactive File\NUSCO - Norea S/S"
"000000009598E9A20E04F041B38518182890A2D50100E34BFE500669CD49AC2E27C6C54DE39D0000000929D20000"	"\Divisions\PD\Substation Freeport\Projects\113504_West_Farnum(115kV upgrades)"
"000000009598E9A20E04F041B38518182890A2D501001953B16A689BCD4AA8FC82955DB27CB100000180746E0000"	"\Divisions\PD\Substation Freeport\Projects\113552_South_GorhamPART5"
"000000009598E9A20E04F041B38518182890A2D50100E34BFE500669CD49AC2E27C6C54DE39D00000025D3A30000"	"\Divisions\PD\Substation Freeport\Projects\117888_RUMFORD_115KV-CMP(CLOSED)"
"000000009598E9A20E04F041B38518182890A2D50100E34BFE500669CD49AC2E27C6C54DE39D00000043100B0000"	"\Divisions\PD\Substation Freeport\Projects\123012_ESB-CMP_Saco_Bay_Reinf"
"000000009598E9A20E04F041B38518182890A2D50100A3DF33FCC9BD1644BD14FCA330AA97850000239674570000"	"\Divisions\PD\Substation Freeport\Projects\127417 - FTW E Levee SW1"
"000000009598E9A20E04F041B38518182890A2D50100A3DF33FCC9BD1644BD14FCA330AA978500001B38779A0000"	"\Divisions\PD\Substation Freeport\Projects\131558_CL&P_Norwalk_Harbor_Instr_Transf"
"000000009598E9A20E04F041B38518182890A2D50100A3DF33FCC9BD1644BD14FCA330AA978500001D738AAD0000"	"\Divisions\PD\Substation Freeport\Projects\133612_PSNH_WEBSTER_BUS_RESTORATION_INVESTIGATION"
"000000009598E9A20E04F041B38518182890A2D50100A3DF33FCC9BD1644BD14FCA330AA978500001DCFA03C0000"	"\Divisions\PD\Substation Freeport\Projects\134447_RGE_SUBSTATION_DWG_STDS"
"000000009598E9A20E04F041B38518182890A2D50100A3DF33FCC9BD1644BD14FCA330AA978500001EBBA6E70000"	"\Divisions\PD\Substation Freeport\Projects\135336_CL&P_Hopewell_Final_Design"
"000000009598E9A20E04F041B38518182890A2D50100A3DF33FCC9BD1644BD14FCA330AA97850000206B93530000"	"\Divisions\PD\Substation Freeport\Projects\136594_CL&P_East_New_Britain"
"000000009598E9A20E04F041B38518182890A2D50100A3DF33FCC9BD1644BD14FCA330AA9785000021E0DCCB0000"	"\Divisions\PD\Substation Freeport\Projects\137809_CL&P_PLMTRE_NWTWN_PCBLE_WILTON"
"000000009598E9A20E04F041B38518182890A2D5010012225CC57BF01F4EA8CCA87A792FF35F00007E79BFB20000"	"\Divisions\PD\Substation Freeport\Projects\139551 - Line 1704 & 1722"
"000000009598E9A20E04F041B38518182890A2D50100A3DF33FCC9BD1644BD14FCA330AA97850000283D29760000"	"\Divisions\PD\Substation Freeport\Projects\141006_ONCOR_FRE_Big_Brown_Switch_St_Wave"
"000000009598E9A20E04F041B38518182890A2D50100A3DF33FCC9BD1644BD14FCA330AA978500002CD0875A0000"	"\Divisions\PD\Substation Freeport\Projects\143082_CLP_Hopewell_S/S_OCB"
"000000009598E9A20E04F041B38518182890A2D5010012225CC57BF01F4EA8CCA87A792FF35F0000A0FDF59F0000"	"\Divisions\PD\Substation Freeport\Projects\144490_NGRID_Bunker_Rd"
"000000009598E9A20E04F041B38518182890A2D5010012225CC57BF01F4EA8CCA87A792FF35F0000A9E96D920000"	"\Divisions\PD\Substation Freeport\Projects\146143_FRE_Oakland_DA_FDR's"
"000000009598E9A20E04F041B38518182890A2D5010012225CC57BF01F4EA8CCA87A792FF35F0000E22DFFF80000"	"\Divisions\PD\Substation Freeport\Projects\147050_Oncor_Welch_Rd_Sub_SA"
"000000009598E9A20E04F041B38518182890A2D5010012225CC57BF01F4EA8CCA87A792FF35F00014AF879280000"	"\Divisions\PD\Substation Freeport\Projects\149443_Oncor_Meadow_Creek_DA"
"000000009598E9A20E04F041B38518182890A2D501001296C725372D7F4B86B758A22EA3141B0000000D0F440000"	"\Divisions\PD\Substation Freeport\Proposals\105537_National_Grid_Erosoin"
"000000009598E9A20E04F041B38518182890A2D501001296C725372D7F4B86B758A22EA3141B0000001BB2C30000"	"\Divisions\PD\Substation Freeport\Proposals\1075XX_PSNH_Whitefield"
"000000009598E9A20E04F041B38518182890A2D501001296C725372D7F4B86B758A22EA3141B0000002C205C0000"	"\Divisions\PD\Substation Freeport\Proposals\109700_CMP_Winslow"
"000000009598E9A20E04F041B38518182890A2D501001296C725372D7F4B86B758A22EA3141B000000108ADC0000"	"\Divisions\PD\Substation Freeport\Proposals\NWNA-Poland Springs"
"000000009598E9A20E04F041B38518182890A2D5010012225CC57BF01F4EA8CCA87A792FF35F0002C1A0F0AF0000"	"\Divisions\PD\Substation Hailey\155203 - Clarendon"
"000000009598E9A20E04F041B38518182890A2D5010012225CC57BF01F4EA8CCA87A792FF35F0003ED4070A40000"	"\Divisions\PD\Substation Hailey\162271 - Farmland"
"000000009598E9A20E04F041B38518182890A2D5010012225CC57BF01F4EA8CCA87A792FF35F00047E5FF9D20000"	"\Divisions\PD\Substation Hailey\165801 - Sloan Canyon - Mead"
"000000009598E9A20E04F041B38518182890A2D5010012225CC57BF01F4EA8CCA87A792FF35F0004A25D471B0000"	"\Divisions\PD\Substation Hailey\172146 - Compton St 42929"
"000000009598E9A20E04F041B38518182890A2D5010012225CC57BF01F4EA8CCA87A792FF35F00046FCAC6100000"	"\Divisions\PD\Substation Hailey\178208 - Commerce Sub 42599"
"000000009598E9A20E04F041B38518182890A2D5010012225CC57BF01F4EA8CCA87A792FF35F0005B4808A590000"	"\Divisions\PD\Substation Hailey\181059 - Brelyn Sub 49276"
"000000009598E9A20E04F041B38518182890A2D5010012225CC57BF01F4EA8CCA87A792FF35F000639EE8CCD0000"	"\Divisions\PD\Substation Hailey\242285 - Steer 49746"
"000000009598E9A20E04F041B38518182890A2D5010012225CC57BF01F4EA8CCA87A792FF35F00073D4CD1130000"	"\Divisions\PD\Substation Hailey\250478 - Seagoville Sub 52679"
"000000009598E9A20E04F041B38518182890A2D5010012225CC57BF01F4EA8CCA87A792FF35F0001512169C60000"	"\Divisions\PD\Substation Hailey\RLM Oncor TRP 2018"
"000000009598E9A20E04F041B38518182890A2D50100A3DF33FCC9BD1644BD14FCA330AA978500002027AC2A0000"	"\Divisions\PD\Substation Hamilton\135632"
"000000009598E9A20E04F041B38518182890A2D5010012225CC57BF01F4EA8CCA87A792FF35F0001A42619B70000"	"\Divisions\PD\Substation Hamilton\141903\141903 NLRP Alburtis Phase 1"
"000000009598E9A20E04F041B38518182890A2D5010012225CC57BF01F4EA8CCA87A792FF35F00008A740C930000"	"\Divisions\PD\Substation Hamilton\145440"
"000000009598E9A20E04F041B38518182890A2D50100E34BFE500669CD49AC2E27C6C54DE39D0000003DC1300000"	"\Divisions\PD\Substation Houston\00-BD_Proposals\Lone Star Sub and Cap Bank"
"000000009598E9A20E04F041B38518182890A2D501001953B16A689BCD4AA8FC82955DB27CB1000001C4BBC40000"	"\Divisions\PD\Substation Houston\01-General AEP Information"
"000000009598E9A20E04F041B38518182890A2D50100E34BFE500669CD49AC2E27C6C54DE39D0000001E36A60000"	"\Divisions\PD\Substation Houston\01-General Oncor Information\00 CLOSED PROJECTS\Eskota_112368_WA07T63048"
"000000009598E9A20E04F041B38518182890A2D50100E34BFE500669CD49AC2E27C6C54DE39D0000000AFCC90000"	"\Divisions\PD\Substation Houston\01-General Oncor Information\00 CLOSED PROJECTS\STL Irving North_110584_WA06T65274"
"000000009598E9A20E04F041B38518182890A2D50100E34BFE500669CD49AC2E27C6C54DE39D000000146F050000"	"\Divisions\PD\Substation Houston\01-General Oncor Information\00 ISSUES - ANNOUNCEMENTS"
"000000009598E9A20E04F041B38518182890A2D50100E34BFE500669CD49AC2E27C6C54DE39D0000000D59AB0000"	"\Divisions\PD\Substation Houston\01-General Oncor Information\00 ONCOR ANNOUNCEMENTS"
"000000009598E9A20E04F041B38518182890A2D50100E34BFE500669CD49AC2E27C6C54DE39D000000146F420000"	"\Divisions\PD\Substation Houston\01-General Oncor Information\00 REPORTS\Transformer Spreadsheets"
"000000009598E9A20E04F041B38518182890A2D50100E34BFE500669CD49AC2E27C6C54DE39D0000000929870000"	"\Divisions\PD\Substation Houston\01-General Oncor Information\HOUSTON PROJECTS"
"000000009598E9A20E04F041B38518182890A2D501001953B16A689BCD4AA8FC82955DB27CB1000001E467560000"	"\Divisions\PD\Substation Houston\118507- OUC_Sub_22_and_23 Reactors"
"000000009598E9A20E04F041B38518182890A2D50100A3DF33FCC9BD1644BD14FCA330AA978500000EB05D320000"	"\Divisions\PD\Substation Houston\123287_AEP_Sabinal_Rebuild_Station\Construction Spec"
"000000009598E9A20E04F041B38518182890A2D501001953B16A689BCD4AA8FC82955DB27CB1000001C230AE0000"	"\Divisions\PD\Substation Houston\124637_Oncor_Cedar_Hill_Mt_Crk_Ln_WA12T65286"
"000000009598E9A20E04F041B38518182890A2D50100A3DF33FCC9BD1644BD14FCA330AA978500000E70EDC20000"	"\Divisions\PD\Substation Houston\125215_STEC_Tilden_Substation"
"000000009598E9A20E04F041B38518182890A2D50100A3DF33FCC9BD1644BD14FCA330AA978500001733F1DF0000"	"\Divisions\PD\Substation Houston\127055_STEC_Bruni_Substation"
"000000009598E9A20E04F041B38518182890A2D50100A3DF33FCC9BD1644BD14FCA330AA978500001D73B6350000"	"\Divisions\PD\Substation Houston\127789_Oncor_Midkiff_Xfer_WA13T63038\128365_Blattner_Energy_Canadian_Hills_Scada"
"000000009598E9A20E04F041B38518182890A2D50100A3DF33FCC9BD1644BD14FCA330AA978500001807E0CB0000"	"\Divisions\PD\Substation Houston\128365_Blattner_Energy_Canadian_Hills_Scada"
"000000009598E9A20E04F041B38518182890A2D50100A3DF33FCC9BD1644BD14FCA330AA97850000197DE2BE0000"	"\Divisions\PD\Substation Houston\129659_Oncor_HN_Dermott_ETT_PNLS_WA13T63078"
"000000009598E9A20E04F041B38518182890A2D50100A3DF33FCC9BD1644BD14FCA330AA978500001A9AB60B0000"	"\Divisions\PD\Substation Houston\130375_Oncor_Morgan Ck_13T63098"
"000000009598E9A20E04F041B38518182890A2D50100A3DF33FCC9BD1644BD14FCA330AA978500001A41C0B80000"	"\Divisions\PD\Substation Houston\130718_Oncor_Allen_SW_Remove_Line_WA#TBD"
"000000009598E9A20E04F041B38518182890A2D50100A3DF33FCC9BD1644BD14FCA330AA978500001CC101330000"	"\Divisions\PD\Substation Houston\132128_AEP_Chemical Station_37304"
"000000009598E9A20E04F041B38518182890A2D50100A3DF33FCC9BD1644BD14FCA330AA978500001CC1159A0000"	"\Divisions\PD\Substation Houston\132135_AEP_Chemical_Station_132135"
"000000009598E9A20E04F041B38518182890A2D50100A3DF33FCC9BD1644BD14FCA330AA978500001D8B85070000"	"\Divisions\PD\Substation Houston\133073_STEC_Midstream"
"000000009598E9A20E04F041B38518182890A2D50100A3DF33FCC9BD1644BD14FCA330AA978500001D5BBD570000"	"\Divisions\PD\Substation Houston\133672_Oncor_Permian_Basin_14T65040"
"000000009598E9A20E04F041B38518182890A2D50100A3DF33FCC9BD1644BD14FCA330AA97850000253FCCA50000"	"\Divisions\PD\Substation Houston\134221_AEP_BEARWALLOW_42237766_PVID 37813\APS NOTIFICATIONS"
"000000009598E9A20E04F041B38518182890A2D50100A3DF33FCC9BD1644BD14FCA330AA97850000253F82010000"	"\Divisions\PD\Substation Houston\135015_AEP_Pound_42257669_PVID 42129"
"000000009598E9A20E04F041B38518182890A2D50100A3DF33FCC9BD1644BD14FCA330AA9785000020E7B0DD0000"	"\Divisions\PD\Substation Houston\135968_Oncor_Centerville_WA#14T65070"
"000000009598E9A20E04F041B38518182890A2D50100A3DF33FCC9BD1644BD14FCA330AA9785000021358AEF0000"	"\Divisions\PD\Substation Houston\137199_Xcel_Oklaunion-SPS Frame Rly Rplce"
"000000009598E9A20E04F041B38518182890A2D50100A3DF33FCC9BD1644BD14FCA330AA978500002223ACA60000"	"\Divisions\PD\Substation Houston\137881_Xcel_Oasis-Pre-Commissioning"
"000000009598E9A20E04F041B38518182890A2D50100A3DF33FCC9BD1644BD14FCA330AA9785000023A53A6F0000"	"\Divisions\PD\Substation Houston\138882_Oncor_Calmont Sub_NO WA#"
"000000009598E9A20E04F041B38518182890A2D50100A3DF33FCC9BD1644BD14FCA330AA97850000254A58200000"	"\Divisions\PD\Substation Houston\139608_Oncor_Spraberry Sw: Mid S Term_WA#16T63007"
"000000009598E9A20E04F041B38518182890A2D50100A3DF33FCC9BD1644BD14FCA330AA978500002682A8410000"	"\Divisions\PD\Substation Houston\140151_Oncor_Hicks SW: Add 345kV Auto"
"000000009598E9A20E04F041B38518182890A2D50100A3DF33FCC9BD1644BD14FCA330AA9785000027B7983A0000"	"\Divisions\PD\Substation Houston\140687_AEP_Telecom Southern Hills_PVID#14071"
"000000009598E9A20E04F041B38518182890A2D50100F3BCE3A574023B4482F2E427B5A3121800004EC0BAFE0000"	"\Divisions\PD\Substation Houston\141042_AEP_Telecom Mayo Rd_PVID# 17602"
"000000009598E9A20E04F041B38518182890A2D50100A3DF33FCC9BD1644BD14FCA330AA97850000296618990000"	"\Divisions\PD\Substation Houston\141309_Xcel_Riverview V31 Pre-Cmmssnng"
"000000009598E9A20E04F041B38518182890A2D50100A3DF33FCC9BD1644BD14FCA330AA978500002AA2EBCE0000"	"\Divisions\PD\Substation Houston\141829_Oncor_Dalworth Sub_WA#TBD"
"000000009598E9A20E04F041B38518182890A2D50100A3DF33FCC9BD1644BD14FCA330AA978500002BDAD5360000"	"\Divisions\PD\Substation Houston\142492_Oncor_Black Fork Switch_WA#TBD"
"000000009598E9A20E04F041B38518182890A2D50100A3DF33FCC9BD1644BD14FCA330AA978500002DA1950A0000"	"\Divisions\PD\Substation Houston\143206_Xcel_Castro 115kV Term Comm-PreComm"
"000000009598E9A20E04F041B38518182890A2D5010012225CC57BF01F4EA8CCA87A792FF35F00003B473CF40000"	"\Divisions\PD\Substation Houston\144103_Oncor_Morgan Crk Sw: Rplc 345kV"
"000000009598E9A20E04F041B38518182890A2D5010012225CC57BF01F4EA8CCA87A792FF35F00008995C81C0000"	"\Divisions\PD\Substation Houston\145353_Xcel_Wipp - 115kV Rly Lvgn Tam Precomm"
"000000009598E9A20E04F041B38518182890A2D5010012225CC57BF01F4EA8CCA87A792FF35F000117D40FDD0000"	"\Divisions\PD\Substation Houston\145875_Ameren_S.W. Campus"
"000000009598E9A20E04F041B38518182890A2D5010012225CC57BF01F4EA8CCA87A792FF35F0000DC3DE7380000"	"\Divisions\PD\Substation Houston\146969_Xcel_Wood Draw Commissioning"
"000000009598E9A20E04F041B38518182890A2D5010012225CC57BF01F4EA8CCA87A792FF35F0000FD2CBEF40000"	"\Divisions\PD\Substation Houston\147923_Xcel_Greyhound 28MVA Xfrmr DCP"
"000000009598E9A20E04F041B38518182890A2D5010012225CC57BF01F4EA8CCA87A792FF35F00016F8EA1D90000"	"\Divisions\PD\Substation Houston\149403_Xcel_Carlsbad V18 Ln Rly Up Potash"
"000000009598E9A20E04F041B38518182890A2D50100A3DF33FCC9BD1644BD14FCA330AA978500001B89E1980000"	"\Divisions\PD\Substation Houston\CLOSED_115948_Oncor_Spring West_09T63023_ADD AS ADDL PST"
"000000009598E9A20E04F041B38518182890A2D501001953B16A689BCD4AA8FC82955DB27CB1000001F768EA0000"	"\Divisions\PD\Substation Houston\CLOSED_116741_Oncor_Hicks_12T62001\Layout-also see Estimate folder"
"000000009598E9A20E04F041B38518182890A2D501001953B16A689BCD4AA8FC82955DB27CB1000001F768E40000"	"\Divisions\PD\Substation Houston\CLOSED_116741_Oncor_Hicks_12T62001\Survey"
"000000009598E9A20E04F041B38518182890A2D50100E34BFE500669CD49AC2E27C6C54DE39D000000383EE10000"	"\Divisions\PD\Substation Houston\CLOSED_116769_Oncor_Central_Bluff_WA10T63008\Oncor Order Forms"
"000000009598E9A20E04F041B38518182890A2D50100E34BFE500669CD49AC2E27C6C54DE39D0000003149600000"	"\Divisions\PD\Substation Houston\CLOSED_116940_Oncor_Dermott_WA11T63004\CCVTs"
"000000009598E9A20E04F041B38518182890A2D50100E34BFE500669CD49AC2E27C6C54DE39D000000383EC90000"	"\Divisions\PD\Substation Houston\CLOSED_116940_Oncor_Dermott_WA11T63004\Trench"
"000000009598E9A20E04F041B38518182890A2D50100E34BFE500669CD49AC2E27C6C54DE39D00000027C7330000"	"\Divisions\PD\Substation Houston\CLOSED_117453_Oncor_Big_Spring_Sw_WA09T63040\EMT Orders"
"000000009598E9A20E04F041B38518182890A2D50100A3DF33FCC9BD1644BD14FCA330AA978500001BEFA5570000"	"\Divisions\PD\Substation Houston\CLOSED_119214_Oncor_Dermott_11T63102_ADD TO PST"
"000000009598E9A20E04F041B38518182890A2D50100A3DF33FCC9BD1644BD14FCA330AA978500001BF16AE50000"	"\Divisions\PD\Substation Houston\CLOSED_119938_Oncor_Central Bluff_11T63009_ADD TO PST\11T63009 MATERIAL\15.5KV BREAKERS"
"000000009598E9A20E04F041B38518182890A2D50100A3DF33FCC9BD1644BD14FCA330AA978500001D916C8A0000"	"\Divisions\PD\Substation Houston\CLOSED_120157_Oncor_Com Pk_10T62233_ADD TO PST\Batteries-Chargers-Racks"
"000000009598E9A20E04F041B38518182890A2D50100A3DF33FCC9BD1644BD14FCA330AA978500001D9543EE0000"	"\Divisions\PD\Substation Houston\CLOSED_120468_Oncor_Cedar Hill_11T65217_ADD TO PST\Battery Rack and Charger"
"000000009598E9A20E04F041B38518182890A2D50100A3DF33FCC9BD1644BD14FCA330AA978500001D93F4220000"	"\Divisions\PD\Substation Houston\CLOSED_121015_Oncor_Cottonwood_11T62241_add to PST"
"000000009598E9A20E04F041B38518182890A2D50100E34BFE500669CD49AC2E27C6C54DE39D0000003B82940000"	"\Divisions\PD\Substation Houston\CLOSED_121895_Oncor_Bowman_SW_Replc3Bkrs"
"000000009598E9A20E04F041B38518182890A2D50100A3DF33FCC9BD1644BD14FCA330AA9785000017113BB30000"	"\Divisions\PD\Substation Houston\CLOSED_123258_Oncor_North_Lake_WA12T65210\In-Service Reports"
"000000009598E9A20E04F041B38518182890A2D50100A3DF33FCC9BD1644BD14FCA330AA9785000025755CA30000"	"\Divisions\PD\Substation Houston\CLOSED_124257_Xcel_Randall Co_ADDL\Material\Bid Awards"
"000000009598E9A20E04F041B38518182890A2D50100A3DF33FCC9BD1644BD14FCA330AA978500000E6E54E90000"	"\Divisions\PD\Substation Houston\CLOSED_124610_Hutto_Sw_Stat_Add_XFMR#2_WA11T64186\Panelboard"
"000000009598E9A20E04F041B38518182890A2D50100A3DF33FCC9BD1644BD14FCA330AA9785000025758ADB0000"	"\Divisions\PD\Substation Houston\CLOSED_126406_Oncor_Maple_Ave_WA12T61111\Contacts"
"000000009598E9A20E04F041B38518182890A2D50100A3DF33FCC9BD1644BD14FCA330AA97850000175B11550000"	"\Divisions\PD\Substation Houston\CLOSED_127357_Luminant_Comanche_Peak\Preliminary Work Plan"
"000000009598E9A20E04F041B38518182890A2D50100A3DF33FCC9BD1644BD14FCA330AA978500001C9069BC0000"	"\Divisions\PD\Substation Houston\GVEC_Gonzales"
"000000009598E9A20E04F041B38518182890A2D50100A3DF33FCC9BD1644BD14FCA330AA97850000216E981E0000"	"\Divisions\PD\Substation Houston\Wade"
"000000009598E9A20E04F041B38518182890A2D5010012225CC57BF01F4EA8CCA87A792FF35F0002E086C8370000"	"\Divisions\PD\Substation Mt Laurel\Substation Mt Laurel Calendar\Calendar"
"000000009598E9A20E04F041B38518182890A2D5010012225CC57BF01F4EA8CCA87A792FF35F00003F053F560000"	"\Divisions\PD\Substation Oradell\144154 - CLP Devon"
"000000009598E9A20E04F041B38518182890A2D50100A3DF33FCC9BD1644BD14FCA330AA978500001C9EE64E0000"	"\Divisions\PD\Substation Orlando\132770 DEF-QUINCY SUB STRUCT'L INVEST"
"000000009598E9A20E04F041B38518182890A2D50100A3DF33FCC9BD1644BD14FCA330AA97850000279D35D40000"	"\Divisions\PD\Substation Orlando\140763 DEF MADISON LINE- SUWANNEE PROT"
"000000009598E9A20E04F041B38518182890A2D50100A3DF33FCC9BD1644BD14FCA330AA978500001B3B64EA0000"	"\Divisions\PD\Substation Phoenix\131907 TEP Sub Equip Spec"
"000000009598E9A20E04F041B38518182890A2D50100A3DF33FCC9BD1644BD14FCA330AA978500001EF499520000"	"\Divisions\PD\Substation Phoenix\135620 TEP Willow Swtchyrd FAC Study"
"000000009598E9A20E04F041B38518182890A2D5010012225CC57BF01F4EA8CCA87A792FF35F000084967ABD0000"	"\Divisions\PD\Substation Phoenix\145236 California 115KV 9542 LN RPLC"
"000000009598E9A20E04F041B38518182890A2D5010012225CC57BF01F4EA8CCA87A792FF35F00024EA61BAE0000"	"\Divisions\PD\Substation Phoenix\154403 West River Road Security Upgrade"
"000000009598E9A20E04F041B38518182890A2D5010012225CC57BF01F4EA8CCA87A792FF35F000297759EF70000"	"\Divisions\PD\Substation Phoenix\157840 S-OUTPOST FIBER RING"
"000000009598E9A20E04F041B38518182890A2D5010012225CC57BF01F4EA8CCA87A792FF35F00038C488F170000"	"\Divisions\PD\Substation Phoenix\164731 P-GRAY ST SECURITY COMM"
"000000009598E9A20E04F041B38518182890A2D5010064CEE54672FD844491A13B5C6CAEE87D00000033F8D60000"	"\Divisions\PD\Substation Portland\118676_Colorado_River_Sub_DSN_Specs"
"000000009598E9A20E04F041B38518182890A2D5010064CEE54672FD844491A13B5C6CAEE87D000000309D800000"	"\Divisions\PD\Substation Portland\120092_P'Corp_NewHenefer-(Bob)Rlrd Ln"
"000000009598E9A20E04F041B38518182890A2D5010064CEE54672FD844491A13B5C6CAEE87D00000034EB080000"	"\Divisions\PD\Substation Portland\120910_BPA MALIN BUS DIFF RELAY REPL "
"000000009598E9A20E04F041B38518182890A2D5010064CEE54672FD844491A13B5C6CAEE87D0000003731890000"	"\Divisions\PD\Substation Portland\121436_BPA_REDMOND_230KV_RELAY_REPL"
"000000009598E9A20E04F041B38518182890A2D5010064CEE54672FD844491A13B5C6CAEE87D00000039FFC50000"	"\Divisions\PD\Substation Portland\121890_CIMAREX_METER_STA"
"000000009598E9A20E04F041B38518182890A2D5010064CEE54672FD844491A13B5C6CAEE87D0000003A00080000"	"\Divisions\PD\Substation Portland\122056_HUNTER_EMERY_UNIT_3_TL"
"000000009598E9A20E04F041B38518182890A2D5010064CEE54672FD844491A13B5C6CAEE87D0000003BBD1E0000"	"\Divisions\PD\Substation Portland\122442_NIBLEY-GREEN_CANYON"
"000000009598E9A20E04F041B38518182890A2D50100CB7D9B6512D7374A860FE542D5770392000001184FF60000"	"\Divisions\PD\Substation Portland\122771_PSE_Overlake"
"000000009598E9A20E04F041B38518182890A2D50100CB7D9B6512D7374A860FE542D577039200000126BDF30000"	"\Divisions\PD\Substation Portland\123247 P'CORP XMSN STANDARDS RVW 2 "
"000000009598E9A20E04F041B38518182890A2D501001953B16A689BCD4AA8FC82955DB27CB10000011641590000"	"\Divisions\PD\Substation Portland\123919 P'CORP DIXONVILLE TO MERIDIAN"
"000000009598E9A20E04F041B38518182890A2D501001953B16A689BCD4AA8FC82955DB27CB10000014116F50000"	"\Divisions\PD\Substation Portland\124097 P'CORP NERC LN (P03) RATINGS"
"000000009598E9A20E04F041B38518182890A2D50100A3DF33FCC9BD1644BD14FCA330AA9785000021CD94BD0000"	"\Divisions\PD\Substation Portland\124179 P RENNER AUTO #1 RLY RPLC\Procurement"
"000000009598E9A20E04F041B38518182890A2D501001953B16A689BCD4AA8FC82955DB27CB1000001D2298E0000"	"\Divisions\PD\Substation Portland\124787 BPA MALIN RAS DC REPL"
"000000009598E9A20E04F041B38518182890A2D50100A3DF33FCC9BD1644BD14FCA330AA9785000021CEA4100000"	"\Divisions\PD\Substation Portland\125478 P MESQUITE EAST 138KV TERM UPG\Procurement"
"000000009598E9A20E04F041B38518182890A2D50100A3DF33FCC9BD1644BD14FCA330AA97850000161317CE0000"	"\Divisions\PD\Substation Portland\126203 BPA SLATT RAS DC REPL"
"000000009598E9A20E04F041B38518182890A2D50100A3DF33FCC9BD1644BD14FCA330AA97850000170485510000"	"\Divisions\PD\Substation Portland\126598 P'CORP NERC LN B23 WY RATING"
"000000009598E9A20E04F041B38518182890A2D50100A3DF33FCC9BD1644BD14FCA330AA9785000023032B930000"	"\Divisions\PD\Substation Portland\126778 P TRINIDAD PLANT SEPARATION\Procurement"
"000000009598E9A20E04F041B38518182890A2D50100A3DF33FCC9BD1644BD14FCA330AA97850000176307F90000"	"\Divisions\PD\Substation Portland\127549 ASHE 500KV RAS LLL REPL"
"000000009598E9A20E04F041B38518182890A2D50100A3DF33FCC9BD1644BD14FCA330AA978500001D8075110000"	"\Divisions\PD\Substation Portland\127860 Grundy Station"
"000000009598E9A20E04F041B38518182890A2D50100A3DF33FCC9BD1644BD14FCA330AA978500001804E5190000"	"\Divisions\PD\Substation Portland\128337 P TOPEKA DIST RELOC"
"000000009598E9A20E04F041B38518182890A2D50100A3DF33FCC9BD1644BD14FCA330AA9785000018B9A5C90000"	"\Divisions\PD\Substation Portland\128927 P'CORP STAFF AUGMENTATION"
"000000009598E9A20E04F041B38518182890A2D50100A3DF33FCC9BD1644BD14FCA330AA97850000192B299F0000"	"\Divisions\PD\Substation Portland\129278 BPA TAFT SER/SCADA REPL"
"000000009598E9A20E04F041B38518182890A2D50100A3DF33FCC9BD1644BD14FCA330AA97850000198211F10000"	"\Divisions\PD\Substation Portland\129796 BPA MALIN 500KV RELY REPL"
"000000009598E9A20E04F041B38518182890A2D50100A3DF33FCC9BD1644BD14FCA330AA9785000019BC07510000"	"\Divisions\PD\Substation Portland\130441 MELMORE: SITING/PERM 38051"
"000000009598E9A20E04F041B38518182890A2D50100A3DF33FCC9BD1644BD14FCA330AA978500001A8C532C0000"	"\Divisions\PD\Substation Portland\130934 U OF A - ALSTROM"
"000000009598E9A20E04F041B38518182890A2D50100A3DF33FCC9BD1644BD14FCA330AA978500001ABAB79F0000"	"\Divisions\PD\Substation Portland\131516 P'CORP MACDOEL XFMR PAD"
"000000009598E9A20E04F041B38518182890A2D50100A3DF33FCC9BD1644BD14FCA330AA978500001B850F4D0000"	"\Divisions\PD\Substation Portland\132200 P'CORP D-R 2013-05 TOOELE"
"000000009598E9A20E04F041B38518182890A2D50100A3DF33FCC9BD1644BD14FCA330AA9785000023044A4B0000"	"\Divisions\PD\Substation Portland\132558 P PRIMROSE-RPLC CB #602\Procurement"
"000000009598E9A20E04F041B38518182890A2D50100A3DF33FCC9BD1644BD14FCA330AA978500001C61CA590000"	"\Divisions\PD\Substation Portland\132981 BPA JOHN DAY 500KV MWTT REPL"
"000000009598E9A20E04F041B38518182890A2D50100A3DF33FCC9BD1644BD14FCA330AA978500001CC96E670000"	"\Divisions\PD\Substation Portland\133301 PNM O/E CAPACITOR UPGRADES"
"000000009598E9A20E04F041B38518182890A2D50100A3DF33FCC9BD1644BD14FCA330AA978500001D8DDA030000"	"\Divisions\PD\Substation Portland\133958 P WILMER--RPLC 138KV FLSH BUS"
"000000009598E9A20E04F041B38518182890A2D5010012225CC57BF01F4EA8CCA87A792FF35F0001504E7A2A0000"	"\Divisions\PD\Substation Portland\134433 INEZ P10115015"
"000000009598E9A20E04F041B38518182890A2D50100A3DF33FCC9BD1644BD14FCA330AA978500001DF142ED0000"	"\Divisions\PD\Substation Portland\134828 PGE MARQUAM VISUAL SERV"
"000000009598E9A20E04F041B38518182890A2D50100A3DF33FCC9BD1644BD14FCA330AA978500001E672F6A0000"	"\Divisions\PD\Substation Portland\135181 P TRINIDAD SW: RPLC CBS"
"000000009598E9A20E04F041B38518182890A2D50100A3DF33FCC9BD1644BD14FCA330AA978500001EF9A4540000"	"\Divisions\PD\Substation Portland\135637 P'CORP MINERS D-R"
"000000009598E9A20E04F041B38518182890A2D50100A3DF33FCC9BD1644BD14FCA330AA978500001F2CA8150000"	"\Divisions\PD\Substation Portland\135945 P BLUFF CRK 138 MOD CONNECT"
"000000009598E9A20E04F041B38518182890A2D50100A3DF33FCC9BD1644BD14FCA330AA978500001FB2C1190000"	"\Divisions\PD\Substation Portland\136203 P'CORP BERYL SOLAR Q0475"
"000000009598E9A20E04F041B38518182890A2D50100A3DF33FCC9BD1644BD14FCA330AA9785000020FC95880000"	"\Divisions\PD\Substation Portland\137049 BPA WARNER 115KV RELAY REPL"
"000000009598E9A20E04F041B38518182890A2D50100A3DF33FCC9BD1644BD14FCA330AA9785000021DA18C00000"	"\Divisions\PD\Substation Portland\137699 P'CORP PAVANT SOLAR Q0450"
"000000009598E9A20E04F041B38518182890A2D50100A3DF33FCC9BD1644BD14FCA330AA9785000022CAE1F10000"	"\Divisions\PD\Substation Portland\138524 P CARROLL SPRINGS 69 CAP"
"000000009598E9A20E04F041B38518182890A2D50100A3DF33FCC9BD1644BD14FCA330AA978500002352E1C90000"	"\Divisions\PD\Substation Portland\138800 P'CORP OLD MILL COLLECT STAT"
"000000009598E9A20E04F041B38518182890A2D50100A3DF33FCC9BD1644BD14FCA330AA9785000024268D890000"	"\Divisions\PD\Substation Portland\139281 P'CORP LONE PINE SUB"
"000000009598E9A20E04F041B38518182890A2D50100A3DF33FCC9BD1644BD14FCA330AA97850000257D23F60000"	"\Divisions\PD\Substation Portland\139676 P'CORP-COLLIER-PILOT BUTTE"
"000000009598E9A20E04F041B38518182890A2D50100A3DF33FCC9BD1644BD14FCA330AA978500002633D6DA0000"	"\Divisions\PD\Substation Portland\140230 WOOTON STN P13064003"
"000000009598E9A20E04F041B38518182890A2D50100A3DF33FCC9BD1644BD14FCA330AA97850000279224D50000"	"\Divisions\PD\Substation Portland\140615 P'CORP VEYO CMPSR POI STN"
"000000009598E9A20E04F041B38518182890A2D50100F3BCE3A574023B4482F2E427B5A3121800004E833EAD0000"	"\Divisions\PD\Substation Portland\141069 VIS KENZIE CRK-COREY 41689"
"000000009598E9A20E04F041B38518182890A2D50100A3DF33FCC9BD1644BD14FCA330AA978500002A1A73CF0000"	"\Divisions\PD\Substation Portland\141476 P'CORP TURKEY HILL SLR - FIBER"
"000000009598E9A20E04F041B38518182890A2D50100A3DF33FCC9BD1644BD14FCA330AA978500002AFCDF4B0000"	"\Divisions\PD\Substation Portland\141857 P'CORP DIFFICULTY SUB-PIONEER"
"000000009598E9A20E04F041B38518182890A2D50100A3DF33FCC9BD1644BD14FCA330AA978500002B0EB2E90000"	"\Divisions\PD\Substation Portland\142086 P'CORP AGATE BAY - DIST EST"
"000000009598E9A20E04F041B38518182890A2D50100A3DF33FCC9BD1644BD14FCA330AA978500002CC0CF580000"	"\Divisions\PD\Substation Portland\142681 HOWARD STATION P10142003"
"000000009598E9A20E04F041B38518182890A2D50100A3DF33FCC9BD1644BD14FCA330AA978500002CD262910000"	"\Divisions\PD\Substation Portland\143086 TELECOM CORD STREET A13213173"
"000000009598E9A20E04F041B38518182890A2D50100A3DF33FCC9BD1644BD14FCA330AA978500002DF769BB0000"	"\Divisions\PD\Substation Portland\143318 TI Dallas 138kV Term Upgrade"
"000000009598E9A20E04F041B38518182890A2D5010012225CC57BF01F4EA8CCA87A792FF35F0000264655020000"	"\Divisions\PD\Substation Portland\143826 PLANEBROOK CB24"
"000000009598E9A20E04F041B38518182890A2D5010012225CC57BF01F4EA8CCA87A792FF35F00003288785E0000"	"\Divisions\PD\Substation Portland\144047 P'CORP TURKEY HILL CONST SUPP"
"000000009598E9A20E04F041B38518182890A2D5010012225CC57BF01F4EA8CCA87A792FF35F00005A941E040000"	"\Divisions\PD\Substation Portland\144612 ABB- PG&E RIO OSO SUB"
"000000009598E9A20E04F041B38518182890A2D5010012225CC57BF01F4EA8CCA87A792FF35F00008B542DAF0000"	"\Divisions\PD\Substation Portland\145381 P NORTHCREST: RPLC RTU & 5 DPU"
"000000009598E9A20E04F041B38518182890A2D5010012225CC57BF01F4EA8CCA87A792FF35F0000B2BA274C0000"	"\Divisions\PD\Substation Portland\146317 P ALLEN SW STA AUTO #2"
"000000009598E9A20E04F041B38518182890A2D5010012225CC57BF01F4EA8CCA87A792FF35F0000FD2CBF2C0000"	"\Divisions\PD\Substation Portland\147851 COCHRANVILLE PDM FIBER ADD"
"000000009598E9A20E04F041B38518182890A2D5010012225CC57BF01F4EA8CCA87A792FF35F000118DC9E5A0000"	"\Divisions\PD\Substation Portland\148507 P'CORP HOUSTON LAKE NERC PRC"
"000000009598E9A20E04F041B38518182890A2D5010012225CC57BF01F4EA8CCA87A792FF35F00012B5C43CB0000"	"\Divisions\PD\Substation Portland\148976 CLAY FIBER"
"000000009598E9A20E04F041B38518182890A2D5010012225CC57BF01F4EA8CCA87A792FF35F0001474FC4850000"	"\Divisions\PD\Substation Portland\149185 MULLENSVILLE P16057008"
"000000009598E9A20E04F041B38518182890A2D5010064CEE54672FD844491A13B5C6CAEE87D000000309DDA0000"	"\Divisions\PD\Substation Portland\PacifiCorp Cad Coordination\Civil"
"000000009598E9A20E04F041B38518182890A2D5010064CEE54672FD844491A13B5C6CAEE87D000000309DA00000"	"\Divisions\PD\Substation Portland\PacifiCorp Cad Coordination\Physical\design review"
"000000009598E9A20E04F041B38518182890A2D5010064CEE54672FD844491A13B5C6CAEE87D000000309DAC0000"	"\Divisions\PD\Substation Portland\PacifiCorp Cad Coordination\Physical\STANDARDS"
"000000009598E9A20E04F041B38518182890A2D5010064CEE54672FD844491A13B5C6CAEE87D000000081A640000"	"\Divisions\PD\Substation Portland\Tomball Substation"
"000000009598E9A20E04F041B38518182890A2D5010064CEE54672FD844491A13B5C6CAEE87D000000081A720000"	"\Divisions\PD\Substation Portland\Tomball Substation\Major Electrical Equipment\Transformer"
"000000009598E9A20E04F041B38518182890A2D501001296C725372D7F4B86B758A22EA3141B0000007083D20000"	"\Divisions\PD\Substation San Diego\_DMS Upload"
"000000009598E9A20E04F041B38518182890A2D50100572FF007A7D6B64CA96E5CFE8E1CC1A40000001647560000"	"\Divisions\PD\Substation San Diego\_DMS Upload\116483 LTC Replacement\San Ysidro LTC Replacement"
"000000009598E9A20E04F041B38518182890A2D50100572FF007A7D6B64CA96E5CFE8E1CC1A4000000180C940000"	"\Divisions\PD\Substation San Diego\_DMS Upload\118063 SDG&E Oil Containment\Murray"
"000000009598E9A20E04F041B38518182890A2D50100A3DF33FCC9BD1644BD14FCA330AA978500001E9204800000"	"\Divisions\PD\Substation San Diego\_HECO\132143 Nanakuli Solar Intconn OE"
"000000009598E9A20E04F041B38518182890A2D50100572FF007A7D6B64CA96E5CFE8E1CC1A40000001CC75C0000"	"\Divisions\PD\Substation San Diego\117232 City of Carlsbad LM 6000 OE"
"000000009598E9A20E04F041B38518182890A2D50100572FF007A7D6B64CA96E5CFE8E1CC1A4000000541D3B0000"	"\Divisions\PD\Substation San Diego\121137 2010 SUB Relays Upgrades"
"000000009598E9A20E04F041B38518182890A2D50100572FF007A7D6B64CA96E5CFE8E1CC1A4000000630C7C0000"	"\Divisions\PD\Substation San Diego\122126 Alhambra Substation"
"000000009598E9A20E04F041B38518182890A2D50100A3DF33FCC9BD1644BD14FCA330AA9785000017F46A840000"	"\Divisions\PD\Substation San Diego\122847 NRG Alpine Solar Collector Sub"
"000000009598E9A20E04F041B38518182890A2D50100CB7D9B6512D7374A860FE542D57703920000012C73270000"	"\Divisions\PD\Substation San Diego\123426 CBM Miguel Bk 60"
"000000009598E9A20E04F041B38518182890A2D501001953B16A689BCD4AA8FC82955DB27CB1000001841E4B0000"	"\Divisions\PD\Substation San Diego\124498 IID"
"000000009598E9A20E04F041B38518182890A2D50100A3DF33FCC9BD1644BD14FCA330AA97850000175947B30000"	"\Divisions\PD\Substation San Diego\127175 CBM Pendleton"
"000000009598E9A20E04F041B38518182890A2D50100A3DF33FCC9BD1644BD14FCA330AA97850000197EC0A60000"	"\Divisions\PD\Substation San Diego\128388 Cabrillo Latching Relay Desgn"
"000000009598E9A20E04F041B38518182890A2D50100A3DF33FCC9BD1644BD14FCA330AA978500001971F3E30000"	"\Divisions\PD\Substation San Diego\129594 SUB AS-BUILTS Coronado"
"000000009598E9A20E04F041B38518182890A2D50100A3DF33FCC9BD1644BD14FCA330AA978500001DA017640000"	"\Divisions\PD\Substation San Diego\131622 Zephyr Wind Rcntrctng Spprt"
"000000009598E9A20E04F041B38518182890A2D50100A3DF33FCC9BD1644BD14FCA330AA978500001B862C090000"	"\Divisions\PD\Substation San Diego\132483 HECO Kawailoa Solar"
"000000009598E9A20E04F041B38518182890A2D50100A3DF33FCC9BD1644BD14FCA330AA978500001D9F229C0000"	"\Divisions\PD\Substation San Diego\134060 SDG&E Bernardo Sub-AB"
"000000009598E9A20E04F041B38518182890A2D50100A3DF33FCC9BD1644BD14FCA330AA97850000201251660000"	"\Divisions\PD\Substation San Diego\135228 PGE West Union Substation"
"000000009598E9A20E04F041B38518182890A2D50100A3DF33FCC9BD1644BD14FCA330AA978500001F2901510000"	"\Divisions\PD\Substation San Diego\135891 SDG&E CBM-AB Mission"
"000000009598E9A20E04F041B38518182890A2D50100A3DF33FCC9BD1644BD14FCA330AA9785000021DF6B4E0000"	"\Divisions\PD\Substation San Diego\137398 RPU LRRP Project\UNIVERSITY"
"000000009598E9A20E04F041B38518182890A2D50100A3DF33FCC9BD1644BD14FCA330AA978500002347DB780000"	"\Divisions\PD\Substation San Diego\138781 SDG&E ICON Teleprotection Eng Serv"
"000000009598E9A20E04F041B38518182890A2D50100A3DF33FCC9BD1644BD14FCA330AA978500002CC93EC90000"	"\Divisions\PD\Substation San Diego\139488 Wescosville Conceptual Design Drawings"
"000000009598E9A20E04F041B38518182890A2D50100A3DF33FCC9BD1644BD14FCA330AA978500002A89C34A0000"	"\Divisions\PD\Substation San Diego\141881 SDG&E TCRI SUPPORT"
"000000009598E9A20E04F041B38518182890A2D5010012225CC57BF01F4EA8CCA87A792FF35F000027EE5AE60000"	"\Divisions\PD\Substation San Diego\143856 SDG&E DRFTNG SUPPRT"
"000000009598E9A20E04F041B38518182890A2D50100A3DF33FCC9BD1644BD14FCA330AA978500001C12295B0000"	"\Divisions\PD\Substation San Diego\SDG&E_SOCRE_Project"
"000000009598E9A20E04F041B38518182890A2D5010012225CC57BF01F4EA8CCA87A792FF35F0004643886340000"	"\Divisions\PD\Substation Syracuse\_PPL HOLD\151834 SN CO19/WSV035 CUTOVER PKG"
"000000009598E9A20E04F041B38518182890A2D50100A3DF33FCC9BD1644BD14FCA330AA97850000171574660000"	"\Divisions\Telecom\CenturyLink\AZ"
"000000009598E9A20E04F041B38518182890A2D501006C95E27D1ACA634AA1AADC20796388DD000000004A440000"	"\ExchsyncSecurityFolder"
"000000009598E9A20E04F041B38518182890A2D5010012225CC57BF01F4EA8CCA87A792FF35F00008C3235B20000"	"\Test\Test A"
"000000009598E9A20E04F041B38518182890A2D5010012225CC57BF01F4EA8CCA87A792FF35F000670FBD0490000"	"\zApplications\Aspen Users\Aspen Calendar\Aspen Calendar\Apen Calendar"
"000000009598E9A20E04F041B38518182890A2D50100A3DF33FCC9BD1644BD14FCA330AA978500001DF4E0DD0000"	"\zApplications\CAPE\CAPE"
"000000009598E9A20E04F041B38518182890A2D5010012225CC57BF01F4EA8CCA87A792FF35F0000BA2FA3280000"	"\zApplications\CYME"
"000000009598E9A20E04F041B38518182890A2D5010012225CC57BF01F4EA8CCA87A792FF35F0007676595210000"	"\zApplications\Ministing\Ministing\Calendar\Birthdays"
"000000009598E9A20E04F041B38518182890A2D50100572FF007A7D6B64CA96E5CFE8E1CC1A40000001A6DCB0000"	"\zApplications\RTDS Users\RTDS Calendar"
