"EntryId"	"Identity"
"000000009598E9A20E04F041B38518182890A2D5010024ABE61ACC59A343BBF985790983DF230000000000020000"	"\"
"000000009598E9A20E04F041B38518182890A2D50100572FF007A7D6B64CA96E5CFE8E1CC1A40000000D5E0C0000"	"\Divisions\ENV\Environmental Anaheim\115244 BARREN RIDGE TECHNICAL REPORTS"
"000000009598E9A20E04F041B38518182890A2D501006C95E27D1ACA634AA1AADC20796388DD000000DA26DE0000"	"\Divisions\ENV\Environmental Anaheim\115245 BARREN RDG-EIR/EIS TA 01\EIS\PDEIS Chapters\CH 6"
"000000009598E9A20E04F041B38518182890A2D501006C95E27D1ACA634AA1AADC20796388DD000000C668250000"	"\Divisions\ENV\Environmental Anaheim\115245 BARREN RDG-EIR/EIS TA 01\Management\Scope of Work"
"000000009598E9A20E04F041B38518182890A2D50100CB7D9B6512D7374A860FE542D5770392000001219AED0000"	"\Divisions\ENV\Environmental Anaheim\115245 BARREN RDG-EIR/EIS TA 01\Resources\Biology\APP"
"000000009598E9A20E04F041B38518182890A2D50100572FF007A7D6B64CA96E5CFE8E1CC1A4000000180C4E0000"	"\Divisions\ENV\Environmental Anaheim\116619 BRRTP Project Website"
"000000009598E9A20E04F041B38518182890A2D50100A3DF33FCC9BD1644BD14FCA330AA9785000016D3433F0000"	"\Divisions\ENV\Environmental Anaheim\118242 HAIWEE GEOTHERMAL LEASING EIS\EIS\DEIS"
"000000009598E9A20E04F041B38518182890A2D501006C95E27D1ACA634AA1AADC20796388DD0000009942580000"	"\Divisions\ENV\Environmental Anaheim\118242 HAIWEE GEOTHERMAL LEASING EIS\Resources\1980 Coso Tech Rpt"
"000000009598E9A20E04F041B38518182890A2D50100572FF007A7D6B64CA96E5CFE8E1CC1A40000002766FD0000"	"\Divisions\ENV\Environmental Anaheim\118627 TA37 PWR PLNT 2 TLNGS RMVL\Revegetation Approvals"
"000000009598E9A20E04F041B38518182890A2D50100572FF007A7D6B64CA96E5CFE8E1CC1A400000052BDE00000"	"\Divisions\ENV\Environmental Anaheim\119675 HAY RANCH COSO SUBSTATION\Wkly Monitoring Rpts"
"000000009598E9A20E04F041B38518182890A2D50100572FF007A7D6B64CA96E5CFE8E1CC1A400000067F22D0000"	"\Divisions\ENV\Environmental Anaheim\122478 TA72 DIV CRK CULT RES SVY-WTR"
"000000009598E9A20E04F041B38518182890A2D501001953B16A689BCD4AA8FC82955DB27CB1000000EA7A350000"	"\Divisions\ENV\Environmental Anaheim\123800 TA 73 DIV CRK GEOTECH SURVEYS"
"000000009598E9A20E04F041B38518182890A2D501001953B16A689BCD4AA8FC82955DB27CB1000001E051890000"	"\Divisions\ENV\Environmental Anaheim\124905 TA01 SCTTRGD-OLYMP - VARIOUS"
"000000009598E9A20E04F041B38518182890A2D501001953B16A689BCD4AA8FC82955DB27CB1000001F5E5510000"	"\Divisions\ENV\Environmental Anaheim\125131 TA05 SCTTRGD - AIR EM PERMIT"
"000000009598E9A20E04F041B38518182890A2D50100A3DF33FCC9BD1644BD14FCA330AA978500001739821F0000"	"\Divisions\ENV\Environmental Anaheim\127097 - TA19 NOx 1-HR AVG - HAYNES GEN"
"000000009598E9A20E04F041B38518182890A2D50100A3DF33FCC9BD1644BD14FCA330AA978500001D7F08C30000"	"\Divisions\ENV\Environmental Anaheim\129327 RVRSD CNTY - REG AGENCY PERMIT"
"000000009598E9A20E04F041B38518182890A2D50100A3DF33FCC9BD1644BD14FCA330AA978500001C65B6520000"	"\Divisions\ENV\Environmental Anaheim\131310 TA36 BRRTP BIO PRECON PLANS"
"000000009598E9A20E04F041B38518182890A2D50100A3DF33FCC9BD1644BD14FCA330AA978500001C6595C30000"	"\Divisions\ENV\Environmental Anaheim\132104 TA41 BRRTP CLTRL RES SRVY/SPPT"
"000000009598E9A20E04F041B38518182890A2D50100A3DF33FCC9BD1644BD14FCA330AA978500001D9576830000"	"\Divisions\ENV\Environmental Anaheim\134026 NEW COLONY WIND PROJECT"
"000000009598E9A20E04F041B38518182890A2D50100A3DF33FCC9BD1644BD14FCA330AA97850000217AD3E80000"	"\Divisions\ENV\Environmental Anaheim\136732 TA03 ENV PLANNING SPPT"
"000000009598E9A20E04F041B38518182890A2D50100A3DF33FCC9BD1644BD14FCA330AA9785000022BB61B00000"	"\Divisions\ENV\Environmental Anaheim\138508 RVRSD CNTY PJD/MSHCP CONS RPT"
"000000009598E9A20E04F041B38518182890A2D50100A3DF33FCC9BD1644BD14FCA330AA97850000174B8BD10000"	"\Divisions\ENV\Environmental Anaheim\BRRTP Admin Record\BRRTP AdminRec_DKG"
"000000009598E9A20E04F041B38518182890A2D501001953B16A689BCD4AA8FC82955DB27CB1000001B56FDA0000"	"\Divisions\ENV\Environmental Austin\00-EMAILS TO BE UPLOADED\Eugene Foster"
"000000009598E9A20E04F041B38518182890A2D50100A3DF33FCC9BD1644BD14FCA330AA97850000199D7C3B0000"	"\Divisions\ENV\Environmental Austin\126628 Sharyland LS01 FAA"
"000000009598E9A20E04F041B38518182890A2D50100A3DF33FCC9BD1644BD14FCA330AA97850000217C9ABE0000"	"\Divisions\ENV\Environmental Austin\135362_Broad Run"
"000000009598E9A20E04F041B38518182890A2D50100A3DF33FCC9BD1644BD14FCA330AA978500002DEF64310000"	"\Divisions\ENV\Environmental Boise\114809 VANTAGE POMONA HTS SITING\Comments\PA Comments"
"000000009598E9A20E04F041B38518182890A2D50100A3DF33FCC9BD1644BD14FCA330AA9785000019C6C0770000"	"\Divisions\ENV\Environmental Boise\114809 VANTAGE POMONA HTS SITING\Meetings"
"000000009598E9A20E04F041B38518182890A2D501001953B16A689BCD4AA8FC82955DB27CB1000000F73FA40000"	"\Divisions\ENV\Environmental Boise\114809 VANTAGE POMONA HTS SITING\Sarah_emails\Vantage Pomona"
"000000009598E9A20E04F041B38518182890A2D501001953B16A689BCD4AA8FC82955DB27CB1000000F73FAE0000"	"\Divisions\ENV\Environmental Boise\114809 VANTAGE POMONA HTS SITING\Sarah_emails\Vantage Pomona\Routing"
"000000009598E9A20E04F041B38518182890A2D50100A3DF33FCC9BD1644BD14FCA330AA9785000021D99D820000"	"\Divisions\ENV\Environmental Boise\114809 VANTAGE POMONA HTS SITING\Tribal Correspondence"
"000000009598E9A20E04F041B38518182890A2D501001953B16A689BCD4AA8FC82955DB27CB1000000F5AB950000"	"\Divisions\ENV\Environmental Boise\115841 TransWestEnergy\Sarah_emails\TransWest\Info & Data Requests"
"000000009598E9A20E04F041B38518182890A2D501001953B16A689BCD4AA8FC82955DB27CB1000000F5AB9A0000"	"\Divisions\ENV\Environmental Boise\115841 TransWestEnergy\Sarah_emails\TransWest\Vegas"
"000000009598E9A20E04F041B38518182890A2D50100A3DF33FCC9BD1644BD14FCA330AA978500001DD6A7480000"	"\Divisions\ENV\Environmental Boise\134565 ID FISH GAME BAT CALL ANALYSIS"
"000000009598E9A20E04F041B38518182890A2D50100A3DF33FCC9BD1644BD14FCA330AA978500002C9DB2BF0000"	"\Divisions\ENV\Environmental Boise\142963 TSCHACHE LANE WETLAND DELIN"
"000000009598E9A20E04F041B38518182890A2D5010012225CC57BF01F4EA8CCA87A792FF35F0000EA381C2C0000"	"\Divisions\ENV\Environmental Boise\147218 - MK Weeden"
"000000009598E9A20E04F041B38518182890A2D501006C95E27D1ACA634AA1AADC20796388DD00000086B5CC0000"	"\Divisions\ENV\Environmental Boise\Biology_Dept\101973 Biology\JPfaff"
"000000009598E9A20E04F041B38518182890A2D501006C95E27D1ACA634AA1AADC20796388DD00000067EA6C0000"	"\Divisions\ENV\Environmental Boise\Biology_Dept\101973 Biology\proposals"
"000000009598E9A20E04F041B38518182890A2D501006C95E27D1ACA634AA1AADC20796388DD000000AAFD7A0000"	"\Divisions\ENV\Environmental Boise\Biology_Dept\Calendar"
"000000009598E9A20E04F041B38518182890A2D50100A3DF33FCC9BD1644BD14FCA330AA978500001C4EECF70000"	"\Divisions\ENV\Environmental Boise\Geoengineering & Geosciences\131728_GAdvisors ESAs"
"000000009598E9A20E04F041B38518182890A2D501006C95E27D1ACA634AA1AADC20796388DD00000024D1400000"	"\Divisions\ENV\Environmental Boise\GSA Contracts\PacifiCorp Contract Temp Folder"
"000000009598E9A20E04F041B38518182890A2D50100A3DF33FCC9BD1644BD14FCA330AA978500001A378F940000"	"\Divisions\ENV\Environmental Boise\Laptop upgrade\RRG\Blythe Mesa\Damage Control early 2012"
"000000009598E9A20E04F041B38518182890A2D50100A3DF33FCC9BD1644BD14FCA330AA978500001BCF31B30000"	"\Divisions\ENV\Environmental Cincinnati\130773 UNITED DAIRY FARMERS - ENV SUPPORT - UDF628 HIGH ST"
"000000009598E9A20E04F041B38518182890A2D50100A3DF33FCC9BD1644BD14FCA330AA978500001BD1E1650000"	"\Divisions\ENV\Environmental Cincinnati\130816 OHIO DEPT OF TRANSPORTATION - HAM-71-1.34, PID 87268, ENCUMB"
"000000009598E9A20E04F041B38518182890A2D50100A3DF33FCC9BD1644BD14FCA330AA978500001BCDF17B0000"	"\Divisions\ENV\Environmental Cincinnati\130847 ALCOA INC - 2013 SENTINEL SAMPLING SUPPORT"
"000000009598E9A20E04F041B38518182890A2D50100A3DF33FCC9BD1644BD14FCA330AA978500001BCF1C2B0000"	"\Divisions\ENV\Environmental Cincinnati\130895 MARATHON PETROLEUM COMPANY LP - 2013 OWC 3 PIPE SWPPP/EROSION"
"000000009598E9A20E04F041B38518182890A2D50100A3DF33FCC9BD1644BD14FCA330AA978500001BD221500000"	"\Divisions\ENV\Environmental Cincinnati\130985 SANOFI - SLLI PCB'S - PHASE 200"
"000000009598E9A20E04F041B38518182890A2D50100A3DF33FCC9BD1644BD14FCA330AA978500001BD26FF40000"	"\Divisions\ENV\Environmental Cincinnati\131001 SANOFI - SLLI 2012 GRNDWTR WRK PLAN RPT"
"000000009598E9A20E04F041B38518182890A2D50100A3DF33FCC9BD1644BD14FCA330AA978500001BD271ED0000"	"\Divisions\ENV\Environmental Cincinnati\131114 US MAINSTREAM RENEWABLE POWER INC - BAT ACOUSTICS-MONTRA HILLS"
"000000009598E9A20E04F041B38518182890A2D50100A3DF33FCC9BD1644BD14FCA330AA978500001BCF32D30000"	"\Divisions\ENV\Environmental Cincinnati\131242 UNITED DAIRY FARMERS - PIPE CLOSURE - UDF 015 CIN-DAY"
"000000009598E9A20E04F041B38518182890A2D50100A3DF33FCC9BD1644BD14FCA330AA978500001BD660FD0000"	"\Divisions\ENV\Environmental Cincinnati\131260 GEO-MARINE INC - BAT SURVEY - PAX RIVER 2013"
"000000009598E9A20E04F041B38518182890A2D50100A3DF33FCC9BD1644BD14FCA330AA978500001BD270580000"	"\Divisions\ENV\Environmental Cincinnati\131401 SANOFI - SLLI ARROW PHASE 1002-2013"
"000000009598E9A20E04F041B38518182890A2D50100A3DF33FCC9BD1644BD14FCA330AA978500001BCDCC200000"	"\Divisions\ENV\Environmental Cincinnati\131608 METROPOLITAN SEWER DISTRICT - MSD - URBAN WATER GRANT"
"000000009598E9A20E04F041B38518182890A2D50100A3DF33FCC9BD1644BD14FCA330AA978500001BD6608C0000"	"\Divisions\ENV\Environmental Cincinnati\131829 DEVELOPMENT & ENVIRONMENTAL PLANNING ASSOCIATES LLC - INDIANA BAT ACOUSTICS"
"000000009598E9A20E04F041B38518182890A2D50100A3DF33FCC9BD1644BD14FCA330AA978500001BD5D2E70000"	"\Divisions\ENV\Environmental Cincinnati\132201 AMERICAN WIND ENERGY ASSOCIATION - DRAFT GPWE HCP"
"000000009598E9A20E04F041B38518182890A2D50100A3DF33FCC9BD1644BD14FCA330AA978500001BCDC2DD0000"	"\Divisions\ENV\Environmental Cincinnati\132564 BARLEYCORN'S - BARLEYCORN'S ENV CONSULT"
"000000009598E9A20E04F041B38518182890A2D50100A3DF33FCC9BD1644BD14FCA330AA978500001BF1A0920000"	"\Divisions\ENV\Environmental Cincinnati\132794 Frutarom North America - WW Sampling"
"000000009598E9A20E04F041B38518182890A2D50100A3DF33FCC9BD1644BD14FCA330AA978500001C5E85450000"	"\Divisions\ENV\Environmental Cincinnati\132995 EDF RENEWABLE ENERGY-ESA & BGEPA COMP STRATEGY"
"000000009598E9A20E04F041B38518182890A2D50100A3DF33FCC9BD1644BD14FCA330AA978500001D2FFE380000"	"\Divisions\ENV\Environmental Cincinnati\133417 UNITED DAIRY FARMERS-UDF 015 TIER 1 DELINEATION"
"000000009598E9A20E04F041B38518182890A2D50100A3DF33FCC9BD1644BD14FCA330AA978500001D773ED60000"	"\Divisions\ENV\Environmental Cincinnati\133567 SCHUERMANN PROPERTIES-PH I ESA-713 MADISON"
"000000009598E9A20E04F041B38518182890A2D50100A3DF33FCC9BD1644BD14FCA330AA978500001DD0B2FF0000"	"\Divisions\ENV\Environmental Cincinnati\133825 SANOFI-SLLI PHASE 1602-SITE MGMT"
"000000009598E9A20E04F041B38518182890A2D50100A3DF33FCC9BD1644BD14FCA330AA978500001DD0B2190000"	"\Divisions\ENV\Environmental Cincinnati\134081 MARATHON PETROLEUM COMPANY LP-PROJ SUPPORT 2014 WINCH"
"000000009598E9A20E04F041B38518182890A2D50100A3DF33FCC9BD1644BD14FCA330AA978500001DDB10B20000"	"\Divisions\ENV\Environmental Cincinnati\134577 UNITED DAIRY FARMERS-UDF 134 WELL SEALING"
"000000009598E9A20E04F041B38518182890A2D50100A3DF33FCC9BD1644BD14FCA330AA978500001E23A0C90000"	"\Divisions\ENV\Environmental Cincinnati\134934 ALCOA INC-BLUE POND CONST OVERSIGHT"
"000000009598E9A20E04F041B38518182890A2D50100A3DF33FCC9BD1644BD14FCA330AA978500001E7C617F0000"	"\Divisions\ENV\Environmental Cincinnati\135243 PERFORMANCE PIPE-2014 KPDES SW SAMPLING"
"000000009598E9A20E04F041B38518182890A2D50100A3DF33FCC9BD1644BD14FCA330AA978500001EF469470000"	"\Divisions\ENV\Environmental Cincinnati\135616 THE PROCTER & GAMBLE COMPANY-MSD SAMPLING 2014-2015 - SWIC"
"000000009598E9A20E04F041B38518182890A2D50100A3DF33FCC9BD1644BD14FCA330AA978500001F1CEDC90000"	"\Divisions\ENV\Environmental Cincinnati\135814 ALCOA INC-UST SITE CLOSURE LETTER"
"000000009598E9A20E04F041B38518182890A2D50100A3DF33FCC9BD1644BD14FCA330AA978500001F98F3E10000"	"\Divisions\ENV\Environmental Cincinnati\136105 UNITED DAIRY FARMERS-UDF 142 FLORENCE DISCHARGE"
"000000009598E9A20E04F041B38518182890A2D50100A3DF33FCC9BD1644BD14FCA330AA978500001FFEF0B90000"	"\Divisions\ENV\Environmental Cincinnati\136309 UNITED DAIRY FARMERS-UDF 087 MT LOOKOUT CLOSURE"
"000000009598E9A20E04F041B38518182890A2D50100A3DF33FCC9BD1644BD14FCA330AA97850000206420C90000"	"\Divisions\ENV\Environmental Cincinnati\136618 UNITED DAIRY FARMERS-DUE DILIGENCE-PROJECT FLIGHT"
"000000009598E9A20E04F041B38518182890A2D50100A3DF33FCC9BD1644BD14FCA330AA978500002179CBB30000"	"\Divisions\ENV\Environmental Cincinnati\137337 MARATHON PETROLEUM CORPORATION-E. SPARTA-HARPSTER ECO DESKTOP"
"000000009598E9A20E04F041B38518182890A2D50100A3DF33FCC9BD1644BD14FCA330AA9785000021CD23410000"	"\Divisions\ENV\Environmental Cincinnati\137633 ALCOA INC-LAKE CHARLES PERMIT SUPPORT"
"000000009598E9A20E04F041B38518182890A2D50100A3DF33FCC9BD1644BD14FCA330AA97850000221433220000"	"\Divisions\ENV\Environmental Cincinnati\137856 OHIO DEPT OF TRANSPORTATION-WAR/GRE-42-CULVERTS"
"000000009598E9A20E04F041B38518182890A2D50100A3DF33FCC9BD1644BD14FCA330AA97850000228697BF0000"	"\Divisions\ENV\Environmental Cincinnati\138455 SANOFI-SLLI PH 701 ADD'L PHOS INVEST"
"000000009598E9A20E04F041B38518182890A2D50100A3DF33FCC9BD1644BD14FCA330AA9785000022EF39820000"	"\Divisions\ENV\Environmental Cincinnati\138603 ALCOA INC-HALETHORPE ANALYTICAL COSTS"
"000000009598E9A20E04F041B38518182890A2D50100A3DF33FCC9BD1644BD14FCA330AA97850000239F82E40000"	"\Divisions\ENV\Environmental Cincinnati\139040 UNITED DAIRY FARMERS-UDF 133 RND BOTTOM PIPE CLOS"
"000000009598E9A20E04F041B38518182890A2D50100A3DF33FCC9BD1644BD14FCA330AA97850000249EA60A0000"	"\Divisions\ENV\Environmental Cincinnati\139486 United Dairy Farmers Kemper 3rd Qtr - GW Samples"
"000000009598E9A20E04F041B38518182890A2D5010012225CC57BF01F4EA8CCA87A792FF35F00008C3235A40000"	"\Divisions\ENV\Environmental Cincinnati\145491 NISOURCE-NIPSCO STEEL INSPECT PRGRM 17"
"000000009598E9A20E04F041B38518182890A2D50100A3DF33FCC9BD1644BD14FCA330AA978500001D631F5F0000"	"\Divisions\ENV\Environmental Cincinnati\Truck #278 (18) - Knoxville"
"000000009598E9A20E04F041B38518182890A2D50100A3DF33FCC9BD1644BD14FCA330AA97850000170CDC5F0000"	"\Divisions\ENV\Environmental Freeport\126680 HINCKLEY CO-FY 2012 EMSN, DBASE, HAZ WASTE RPT"
"000000009598E9A20E04F041B38518182890A2D50100A3DF33FCC9BD1644BD14FCA330AA97850000172A81490000"	"\Divisions\ENV\Environmental Freeport\126921 PLI-AIR PERMIT & CMPLI"
"000000009598E9A20E04F041B38518182890A2D50100A3DF33FCC9BD1644BD14FCA330AA978500002956833F0000"	"\Divisions\ENV\Environmental Freeport\141443 ENV GRASSY FALLS-QUINWOOD"
"000000009598E9A20E04F041B38518182890A2D5010012225CC57BF01F4EA8CCA87A792FF35F0007217A24340000"	"\Divisions\ENV\Environmental Freeport\BU54 Milestones"
"000000009598E9A20E04F041B38518182890A2D50100A3DF33FCC9BD1644BD14FCA330AA978500001F220FB20000"	"\Divisions\ENV\Environmental Freeport\CLOSED PROJECTS\131223 UMAINE FY14 PT 70 LIC MOD"
"000000009598E9A20E04F041B38518182890A2D50100A3DF33FCC9BD1644BD14FCA330AA978500001EEF757C0000"	"\Divisions\ENV\Environmental Freeport\CLOSED PROJECTS\132782 UMAINE BOILER NESHAP COMPLY"
"000000009598E9A20E04F041B38518182890A2D50100A3DF33FCC9BD1644BD14FCA330AA978500002A9DBC1F0000"	"\Divisions\ENV\Environmental Freeport\CLOSED PROJECTS\136004_SEA-3_2015_REPORTING"
"000000009598E9A20E04F041B38518182890A2D50100A3DF33FCC9BD1644BD14FCA330AA9785000023772DD60000"	"\Divisions\ENV\Environmental Freeport\CLOSED PROJECTS\138869 SNHU-OIL SPCC PLAN"
"000000009598E9A20E04F041B38518182890A2D5010012225CC57BF01F4EA8CCA87A792FF35F000084D9B9EB0000"	"\Divisions\ENV\Environmental Freeport\CLOSED PROJECTS\140596 FNST-NOK MTC OIL STORAGE & TRI REV"
"000000009598E9A20E04F041B38518182890A2D50100A3DF33FCC9BD1644BD14FCA330AA978500002CBB8B8E0000"	"\Divisions\ENV\Environmental Freeport\CLOSED PROJECTS\143029 MMC-LINEN AIR LICENSING"
"000000009598E9A20E04F041B38518182890A2D5010012225CC57BF01F4EA8CCA87A792FF35F00007754B8720000"	"\Divisions\ENV\Environmental Freeport\CLOSED PROJECTS\145064_VNA-CY2017_SERVICES"
"000000009598E9A20E04F041B38518182890A2D5010012225CC57BF01F4EA8CCA87A792FF35F0000ED289A3D0000"	"\Divisions\ENV\Environmental Freeport\CLOSED PROJECTS\147520 UMAINE-FY18 AIR REPORT"
"000000009598E9A20E04F041B38518182890A2D5010012225CC57BF01F4EA8CCA87A792FF35F000164FDF4430000"	"\Divisions\ENV\Environmental Freeport\CLOSED PROJECTS\149892_EMHS_AIR_PERMITTING"
"000000009598E9A20E04F041B38518182890A2D5010012225CC57BF01F4EA8CCA87A792FF35F00019F01D1610000"	"\Divisions\ENV\Environmental Freeport\CLOSED PROJECTS\151860_FNST_BRISTOL_VE_TESTING"
"000000009598E9A20E04F041B38518182890A2D50100572FF007A7D6B64CA96E5CFE8E1CC1A4000000395FCB0000"	"\Divisions\ENV\Environmental Freeport\X Drives"
"000000009598E9A20E04F041B38518182890A2D501001296C725372D7F4B86B758A22EA3141B00000080257A0000"	"\Divisions\ENV\Environmental Hailey\114866 Big Bend"
"000000009598E9A20E04F041B38518182890A2D50100A3DF33FCC9BD1644BD14FCA330AA978500001F0DFA6A0000"	"\Divisions\ENV\Environmental Hailey\115841 - TWE\Draft_DEIS_POD\Received from TWE"
"000000009598E9A20E04F041B38518182890A2D50100A3DF33FCC9BD1644BD14FCA330AA978500001F1931400000"	"\Divisions\ENV\Environmental Hailey\117390 - BHP Teckla - Osage - Rapid City 230kV\Biology"
"000000009598E9A20E04F041B38518182890A2D50100572FF007A7D6B64CA96E5CFE8E1CC1A40000005957780000"	"\Divisions\ENV\Environmental Hailey\118242 - Haiwee"
"000000009598E9A20E04F041B38518182890A2D501001953B16A689BCD4AA8FC82955DB27CB1000001B4D1530000"	"\Divisions\ENV\Environmental Hailey\124186_EGS"
"000000009598E9A20E04F041B38518182890A2D501001953B16A689BCD4AA8FC82955DB27CB1000001E696BA0000"	"\Divisions\ENV\Environmental Hailey\124186_EGS\Intermap & Paragon Data"
"000000009598E9A20E04F041B38518182890A2D50100A3DF33FCC9BD1644BD14FCA330AA978500000E7D9C370000"	"\Divisions\ENV\Environmental Hailey\124186_EGS\Line Dept\Requested Tasks"
"000000009598E9A20E04F041B38518182890A2D50100A3DF33FCC9BD1644BD14FCA330AA978500001F2B4C700000"	"\Divisions\ENV\Environmental Hailey\124186_EGS\PPM\LAF_NewForm_2014\LAF Questions N Conversations"
"000000009598E9A20E04F041B38518182890A2D501001953B16A689BCD4AA8FC82955DB27CB1000001B75CE00000"	"\Divisions\ENV\Environmental Hailey\124186_EGS\Projection Discussion"
"000000009598E9A20E04F041B38518182890A2D50100A3DF33FCC9BD1644BD14FCA330AA978500001AFCAAA10000"	"\Divisions\ENV\Environmental Hailey\124354 RIVER RD TO BARBER ENGR"
"000000009598E9A20E04F041B38518182890A2D50100A3DF33FCC9BD1644BD14FCA330AA978500001F1AC6520000"	"\Divisions\ENV\Environmental Hailey\126564 - Bagby-Reed\Route Selection"
"000000009598E9A20E04F041B38518182890A2D50100A3DF33FCC9BD1644BD14FCA330AA978500001B7F2D0E0000"	"\Divisions\ENV\Environmental Hailey\128143 - R-Project (NPPD)\PWC Notifications"
"000000009598E9A20E04F041B38518182890A2D50100A3DF33FCC9BD1644BD14FCA330AA978500001F0D511F0000"	"\Divisions\ENV\Environmental Hailey\131728 - BBIP\Draft Submitted"
"000000009598E9A20E04F041B38518182890A2D50100572FF007A7D6B64CA96E5CFE8E1CC1A40000001BBDE60000"	"\Divisions\ENV\Environmental Hailey\NPPD\NPPD Calendar"
"000000009598E9A20E04F041B38518182890A2D50100A3DF33FCC9BD1644BD14FCA330AA97850000192886A40000"	"\Divisions\ENV\Environmental Houston\118523_LCRA_Pkwy_To_FM_482_138kV\vLisovicz"
"000000009598E9A20E04F041B38518182890A2D50100E34BFE500669CD49AC2E27C6C54DE39D0000004083F60000"	"\Divisions\ENV\Environmental Houston\Houston Enviro Group"
"000000009598E9A20E04F041B38518182890A2D50100A3DF33FCC9BD1644BD14FCA330AA9785000025EF7F870000"	"\Divisions\ENV\Environmental Knoxville\140087 MARATHON PETROLEUM CORPORATION-WETLAND/STREAM SURVEY"
"000000009598E9A20E04F041B38518182890A2D50100CB7D9B6512D7374A860FE542D57703920000010F65E10000"	"\Divisions\ENV\Environmental Phoenix\122614 Kinney Rd Arch Survey"
"000000009598E9A20E04F041B38518182890A2D50100CB7D9B6512D7374A860FE542D57703920000011C27570000"	"\Divisions\ENV\Environmental Phoenix\122940 9th Ave & 6th Ave at 19th St"
"000000009598E9A20E04F041B38518182890A2D50100A3DF33FCC9BD1644BD14FCA330AA978500001B2DA5AA0000"	"\Divisions\ENV\Environmental Phoenix\126996 CALPECO\Visual"
"000000009598E9A20E04F041B38518182890A2D50100A3DF33FCC9BD1644BD14FCA330AA97850000198D5C4B0000"	"\Divisions\ENV\Environmental Phoenix\129244 CL_E.398916 S WILMOT RD "
"000000009598E9A20E04F041B38518182890A2D50100A3DF33FCC9BD1644BD14FCA330AA978500001B3B75FB0000"	"\Divisions\ENV\Environmental Phoenix\131923_CL E.428571 SR90 BENSON SWPPP "
"000000009598E9A20E04F041B38518182890A2D50100A3DF33FCC9BD1644BD14FCA330AA978500001B72BE1D0000"	"\Divisions\ENV\GIS-AMS\132155 PSE Eastside 230 Project"
"000000009598E9A20E04F041B38518182890A2D501006C95E27D1ACA634AA1AADC20796388DD000000812ADF0000"	"\Divisions\ENV\Public Outreach and Communication\111368 MATL"
"000000009598E9A20E04F041B38518182890A2D501006C95E27D1ACA634AA1AADC20796388DD0000006EF7200000"	"\Divisions\ENV\Public Outreach and Communication\117294 NPPD_Boards"
"000000009598E9A20E04F041B38518182890A2D501006C95E27D1ACA634AA1AADC20796388DD000000A778BA0000"	"\Divisions\ENV\Public Outreach and Communication\119417 Panoche Valley Glint & Glare Study"
"000000009598E9A20E04F041B38518182890A2D50100CB7D9B6512D7374A860FE542D57703920000011DB9190000"	"\Divisions\ENV\Public Outreach and Communication\121562 Silverado Power"
"000000009598E9A20E04F041B38518182890A2D50100A3DF33FCC9BD1644BD14FCA330AA9785000018DE82CA0000"	"\Divisions\ENV\Public Outreach and Communication\123456 description"
"000000009598E9A20E04F041B38518182890A2D50100A3DF33FCC9BD1644BD14FCA330AA9785000018DC86EC0000"	"\Divisions\ENV\Public Outreach and Communication\124493 RRG Palo Verde Mesa1"
"000000009598E9A20E04F041B38518182890A2D50100A3DF33FCC9BD1644BD14FCA330AA97850000166520DD0000"	"\Divisions\ENV\Public Outreach and Communication\126274 KLIA Solar"
"000000009598E9A20E04F041B38518182890A2D50100A3DF33FCC9BD1644BD14FCA330AA97850000176228540000"	"\Divisions\ENV\Public Outreach and Communication\127267 PSE-Murden Cove Simulations"
"000000009598E9A20E04F041B38518182890A2D50100A3DF33FCC9BD1644BD14FCA330AA978500001CDA79EA0000"	"\Divisions\ENV\Public Outreach and Communication\128236 PEPCO_EEI Conference1"
"000000009598E9A20E04F041B38518182890A2D50100A3DF33FCC9BD1644BD14FCA330AA978500001B2323750000"	"\Divisions\ENV\Public Outreach and Communication\130396 RUPS - Westfield Study"
"000000009598E9A20E04F041B38518182890A2D50100A3DF33FCC9BD1644BD14FCA330AA978500001F9F77CC0000"	"\Divisions\ENV\Public Outreach and Communication\132016 ChemicalAmos"
"000000009598E9A20E04F041B38518182890A2D50100A3DF33FCC9BD1644BD14FCA330AA978500002303C54F0000"	"\Divisions\ENV\Public Outreach and Communication\133130 PineyGrove-Wattsville eERD"
"000000009598E9A20E04F041B38518182890A2D50100A3DF33FCC9BD1644BD14FCA330AA978500001E6D2AB40000"	"\Divisions\ENV\Public Outreach and Communication\134909 Spring Substation"
"000000009598E9A20E04F041B38518182890A2D5010012225CC57BF01F4EA8CCA87A792FF35F00002BF9AC6A0000"	"\Divisions\ENV\Public Outreach and Communication\136121 - NGrid Grand Army Interactive Map1"
"000000009598E9A20E04F041B38518182890A2D5010012225CC57BF01F4EA8CCA87A792FF35F000027EE5AE80000"	"\Divisions\ENV\Public Outreach and Communication\137553 State St Animation\136121 - NGrid Grand Army Interactive Map"
"000000009598E9A20E04F041B38518182890A2D50100A3DF33FCC9BD1644BD14FCA330AA9785000029F44C2F0000"	"\Divisions\ENV\Public Outreach and Communication\139291 Pepco - 69kv circuit feeder sims"
"000000009598E9A20E04F041B38518182890A2D50100A3DF33FCC9BD1644BD14FCA330AA978500002AA899910000"	"\Divisions\ENV\Public Outreach and Communication\140430 AEP Broadmoor to Ft. Humbug"
"000000009598E9A20E04F041B38518182890A2D50100A3DF33FCC9BD1644BD14FCA330AA9785000029F9A01E0000"	"\Divisions\ENV\Public Outreach and Communication\141710 Duke - Bloomington Substation"
"000000009598E9A20E04F041B38518182890A2D5010012225CC57BF01F4EA8CCA87A792FF35F00000574800D0000"	"\Divisions\ENV\Public Outreach and Communication\143374 AEP Melita TLine Photo Simulationss"
"000000009598E9A20E04F041B38518182890A2D5010012225CC57BF01F4EA8CCA87A792FF35F0000BD510F3A0000"	"\Divisions\ENV\Public Outreach and Communication\144669 AEP_CedarGrove-Linwood"
"000000009598E9A20E04F041B38518182890A2D5010012225CC57BF01F4EA8CCA87A792FF35F0000BD510F380000"	"\Divisions\ENV\Public Outreach and Communication\146142 Ngrid_Nantucket Simulations"
"000000009598E9A20E04F041B38518182890A2D5010012225CC57BF01F4EA8CCA87A792FF35F000167BB69A40000"	"\Divisions\ENV\Public Outreach and Communication\150441 SMUD HQ17 Master Plan"
"000000009598E9A20E04F041B38518182890A2D50100A3DF33FCC9BD1644BD14FCA330AA9785000019D9D4570000"	"\Divisions\ENV\Public Outreach and Communication\Cleanline"
"000000009598E9A20E04F041B38518182890A2D50100A3DF33FCC9BD1644BD14FCA330AA978500002832C86B0000"	"\Divisions\ENV\Public Outreach and Communication\Marketing"
"000000009598E9A20E04F041B38518182890A2D50100A3DF33FCC9BD1644BD14FCA330AA978500001AA4563C0000"	"\Divisions\ENV\Public Outreach and Communication\YumaMasterplan\Telecom"
"000000009598E9A20E04F041B38518182890A2D50100A3DF33FCC9BD1644BD14FCA330AA978500001773C8290000"	"\Divisions\Federal"
"000000009598E9A20E04F041B38518182890A2D50100A3DF33FCC9BD1644BD14FCA330AA978500001D7AF0B20000"	"\Divisions\GIS\GIS-AMS\118096 ONCOR GIS System & Data Service"
"000000009598E9A20E04F041B38518182890A2D50100A3DF33FCC9BD1644BD14FCA330AA978500001DF3125F0000"	"\Divisions\Industrial\Facilities\Architecture Department 180"
"000000009598E9A20E04F041B38518182890A2D50100A3DF33FCC9BD1644BD14FCA330AA978500000EB8F9880000"	"\Divisions\Industrial\Food Systems\Michigan"
"000000009598E9A20E04F041B38518182890A2D5010012225CC57BF01F4EA8CCA87A792FF35F0001D14B2E030000"	"\Divisions\Industrial\Generation\Mt Laurel"
"000000009598E9A20E04F041B38518182890A2D501001296C725372D7F4B86B758A22EA3141B00000000A27C0000"	"\Divisions\Operations"
"000000009598E9A20E04F041B38518182890A2D501001296C725372D7F4B86B758A22EA3141B0000000150BB0000"	"\Divisions\Operations\Finance"
"000000009598E9A20E04F041B38518182890A2D501001296C725372D7F4B86B758A22EA3141B0000004F320A0000"	"\Divisions\Operations\Finance\Taxes\AZ\Chandler"
"000000009598E9A20E04F041B38518182890A2D50100572FF007A7D6B64CA96E5CFE8E1CC1A40000001397D30000"	"\Divisions\Operations\Finance\Taxes\AZ\Morenci"
"000000009598E9A20E04F041B38518182890A2D50100572FF007A7D6B64CA96E5CFE8E1CC1A400000014C0B50000"	"\Divisions\Operations\Finance\Taxes\CA\Freeport Water"
"000000009598E9A20E04F041B38518182890A2D50100572FF007A7D6B64CA96E5CFE8E1CC1A400000036CDFA0000"	"\Divisions\Operations\Finance\Taxes\CANADA\Alberta\RMC-MATL"
"000000009598E9A20E04F041B38518182890A2D50100572FF007A7D6B64CA96E5CFE8E1CC1A40000001A6DD30000"	"\Divisions\Operations\Finance\Taxes\CANADA\Simplot"
"000000009598E9A20E04F041B38518182890A2D501001296C725372D7F4B86B758A22EA3141B00000072358D0000"	"\Divisions\Operations\Finance\Taxes\Edison Mission"
"000000009598E9A20E04F041B38518182890A2D501001296C725372D7F4B86B758A22EA3141B00000062027D0000"	"\Divisions\Operations\Finance\Taxes\ID\112147-Alturas"
"000000009598E9A20E04F041B38518182890A2D501001296C725372D7F4B86B758A22EA3141B000000611C7E0000"	"\Divisions\Operations\Finance\Taxes\MO"
"000000009598E9A20E04F041B38518182890A2D50100572FF007A7D6B64CA96E5CFE8E1CC1A40000002130D80000"	"\Divisions\Operations\Finance\Taxes\NM\117255 Aragonne"
"000000009598E9A20E04F041B38518182890A2D501001296C725372D7F4B86B758A22EA3141B00000040E7090000"	"\Divisions\Operations\Finance\Taxes\NV"
"000000009598E9A20E04F041B38518182890A2D50100572FF007A7D6B64CA96E5CFE8E1CC1A40000004913D40000"	"\Divisions\Operations\Finance\Taxes\SD\BHP"
"000000009598E9A20E04F041B38518182890A2D50100CB7D9B6512D7374A860FE542D5770392000001184FCC0000"	"\Divisions\Operations\Finance\Taxes\TAX ALERT - PROJECTS\PEC"
"000000009598E9A20E04F041B38518182890A2D501001296C725372D7F4B86B758A22EA3141B0000007234950000"	"\Divisions\Operations\Finance\Taxes\WA\Boeing"
"000000009598E9A20E04F041B38518182890A2D501001296C725372D7F4B86B758A22EA3141B00000062393D0000"	"\Divisions\Operations\Finance\Taxes\WV"
"000000009598E9A20E04F041B38518182890A2D501001296C725372D7F4B86B758A22EA3141B000000004A840000"	"\Divisions\Operations\Information Technology"
"000000009598E9A20E04F041B38518182890A2D5010012225CC57BF01F4EA8CCA87A792FF35F0005F6247A0B0000"	"\Divisions\Operations\Information Technology\IT Calendar\IT Calendar"
"000000009598E9A20E04F041B38518182890A2D501001953B16A689BCD4AA8FC82955DB27CB100000014FC8D0000"	"\Divisions\Operations\Information Technology\RestoreTest"
"000000009598E9A20E04F041B38518182890A2D50100A3DF33FCC9BD1644BD14FCA330AA9785000016F5F6870000"	"\Divisions\Operations\Office Build-Out Projects Folder\Projects\2012BOI_RECEPTION"
"000000009598E9A20E04F041B38518182890A2D50100A3DF33FCC9BD1644BD14FCA330AA9785000016F5F85A0000"	"\Divisions\Operations\Office Build-Out Projects Folder\Projects\2012MAD01NEW\Proposals/Workplans"
"000000009598E9A20E04F041B38518182890A2D50100A3DF33FCC9BD1644BD14FCA330AA9785000016F5F6A00000"	"\Divisions\Operations\Office Build-Out Projects Folder\Projects\2012SAN01EXP"
"000000009598E9A20E04F041B38518182890A2D50100A3DF33FCC9BD1644BD14FCA330AA978500002A185C220000"	"\Divisions\Operations\Procurement\Procurement Dept."
"000000009598E9A20E04F041B38518182890A2D5010012225CC57BF01F4EA8CCA87A792FF35F00040830698E0000"	"\Divisions\PD\Atlanta\Atlanta Calendar"
"000000009598E9A20E04F041B38518182890A2D5010012225CC57BF01F4EA8CCA87A792FF35F0007A47DF7E10000"	"\Divisions\PD\Distribution Services\Dept. 177\177 Equipment\Dept 177 Equipment"
"000000009598E9A20E04F041B38518182890A2D5010012225CC57BF01F4EA8CCA87A792FF35F0004C0C1BAF70000"	"\Divisions\PD\Distribution Services\Dept. 390\Vac. Time Dep. 390"
"000000009598E9A20E04F041B38518182890A2D50100A3DF33FCC9BD1644BD14FCA330AA978500001EBBBBD30000"	"\Divisions\PD\Distribution Services\Distribution Design Services\135332 - CWLP 69kV"
"000000009598E9A20E04F041B38518182890A2D50100A3DF33FCC9BD1644BD14FCA330AA9785000021E3DF150000"	"\Divisions\PD\Distribution Services\Distribution Design Services\137828"
"000000009598E9A20E04F041B38518182890A2D50100F3BCE3A574023B4482F2E427B5A3121800004EB81AC30000"	"\Divisions\PD\Distribution Services\Distribution Design Services\141491 - ONCOR OWS PARIS 1202"
"000000009598E9A20E04F041B38518182890A2D50100A3DF33FCC9BD1644BD14FCA330AA978500002D9125A00000"	"\Divisions\PD\Distribution Services\Distribution Design Services\143166 - 2017NMHS01R - MASON SUB"
"000000009598E9A20E04F041B38518182890A2D5010012225CC57BF01F4EA8CCA87A792FF35F00009315F53E0000"	"\Divisions\PD\Distribution Services\Distribution Design Services\145439 - JOINT USE ENGINEERS SVC"
"000000009598E9A20E04F041B38518182890A2D5010012225CC57BF01F4EA8CCA87A792FF35F0000AD4FE7980000"	"\Divisions\PD\Distribution Services\Distribution Design Services\146179 - SCE MALIBU RELIABILITY RARS"
"000000009598E9A20E04F041B38518182890A2D5010012225CC57BF01F4EA8CCA87A792FF35F0000C5E55CA30000"	"\Divisions\PD\Distribution Services\Distribution Design Services\146612 - 2018MFBR12 IRVING LBJ"
"000000009598E9A20E04F041B38518182890A2D5010012225CC57BF01F4EA8CCA87A792FF35F0000FC6D03E50000"	"\Divisions\PD\Distribution Services\Distribution Design Services\147634 - KELOG 9864"
"000000009598E9A20E04F041B38518182890A2D5010012225CC57BF01F4EA8CCA87A792FF35F0000F386585B0000"	"\Divisions\PD\Distribution Services\Distribution Design Services\147673 - HURST9826 2 OF 2"
"000000009598E9A20E04F041B38518182890A2D5010012225CC57BF01F4EA8CCA87A792FF35F000118DC9E740000"	"\Divisions\PD\Distribution Services\Distribution Design Services\148541 - INTERCONNECT STUDY"
"000000009598E9A20E04F041B38518182890A2D50100A3DF33FCC9BD1644BD14FCA330AA97850000193E91770000"	"\Divisions\PD\Distribution Services\Substation Benbrook\00 118493"
"000000009598E9A20E04F041B38518182890A2D50100E34BFE500669CD49AC2E27C6C54DE39D0000002687B60000"	"\Divisions\PD\Distribution Services\Substation Benbrook\117745_RC ERCOT"
"000000009598E9A20E04F041B38518182890A2D50100E34BFE500669CD49AC2E27C6C54DE39D0000002687EE0000"	"\Divisions\PD\Distribution Services\Substation Benbrook\117770_FEC Tawakoni"
"000000009598E9A20E04F041B38518182890A2D50100E34BFE500669CD49AC2E27C6C54DE39D0000002687B80000"	"\Divisions\PD\Distribution Services\Substation Benbrook\117818_ETEC Trans Issues"
"000000009598E9A20E04F041B38518182890A2D50100A3DF33FCC9BD1644BD14FCA330AA97850000193EE5AB0000"	"\Divisions\PD\Distribution Services\Substation Benbrook\117868_ETEC Lake Livingston\00 Closed Projects"
"000000009598E9A20E04F041B38518182890A2D50100A3DF33FCC9BD1644BD14FCA330AA978500001989EFF90000"	"\Divisions\PD\Distribution Services\Substation Benbrook\117893_NETEC SCADA\DP\NTEC\Martin Lake"
"000000009598E9A20E04F041B38518182890A2D50100E34BFE500669CD49AC2E27C6C54DE39D0000002687FD0000"	"\Divisions\PD\Distribution Services\Substation Benbrook\117934_HCEC Gen Engr"
"000000009598E9A20E04F041B38518182890A2D50100E34BFE500669CD49AC2E27C6C54DE39D0000002688420000"	"\Divisions\PD\Distribution Services\Substation Benbrook\117959_RCEC WO Review"
"000000009598E9A20E04F041B38518182890A2D50100A3DF33FCC9BD1644BD14FCA330AA9785000015F8B3E70000"	"\Divisions\PD\Distribution Services\Substation Benbrook\118944_\DP"
"000000009598E9A20E04F041B38518182890A2D50100A3DF33FCC9BD1644BD14FCA330AA97850000212EC8140000"	"\Divisions\PD\Distribution Services\Substation Benbrook\121274_GVEC_Gen_Engr\SRM_Nash"
"000000009598E9A20E04F041B38518182890A2D50100E34BFE500669CD49AC2E27C6C54DE39D0000003DC0BA0000"	"\Divisions\PD\Distribution Services\Substation Benbrook\122210_Tex-La_Leach SW"
"000000009598E9A20E04F041B38518182890A2D50100A3DF33FCC9BD1644BD14FCA330AA978500001943FA990000"	"\Divisions\PD\Distribution Services\Substation Benbrook\123423_GVEC_Mont\DP"
"000000009598E9A20E04F041B38518182890A2D501001953B16A689BCD4AA8FC82955DB27CB100000141AC620000"	"\Divisions\PD\Distribution Services\Substation Benbrook\124184_GVEC_Relay"
"000000009598E9A20E04F041B38518182890A2D50100A3DF33FCC9BD1644BD14FCA330AA9785000020216FD70000"	"\Divisions\PD\Distribution Services\Substation Benbrook\127708_ETEC_Lk Liv\127709_ETEC_Rich"
"000000009598E9A20E04F041B38518182890A2D50100A3DF33FCC9BD1644BD14FCA330AA97850000217A21F60000"	"\Divisions\PD\Distribution Services\Substation Benbrook\129900_GVEC_Marion/Cibolo\SRM"
"000000009598E9A20E04F041B38518182890A2D50100A3DF33FCC9BD1644BD14FCA330AA978500001B3366B00000"	"\Divisions\PD\Distribution Services\Substation Benbrook\131913_SULP_Bentsen Mod"
"000000009598E9A20E04F041B38518182890A2D50100A3DF33FCC9BD1644BD14FCA330AA978500001B8C2AAB0000"	"\Divisions\PD\Distribution Services\Substation Benbrook\132610_JNEC_WO Rev"
"000000009598E9A20E04F041B38518182890A2D50100A3DF33FCC9BD1644BD14FCA330AA978500001DE663D40000"	"\Divisions\PD\Distribution Services\Substation Benbrook\134778_CCEC_Bullard"
"000000009598E9A20E04F041B38518182890A2D50100A3DF33FCC9BD1644BD14FCA330AA9785000020D2D85B0000"	"\Divisions\PD\Distribution Services\Substation Benbrook\136770_Oxy_Pwr Line Est"
"000000009598E9A20E04F041B38518182890A2D50100A3DF33FCC9BD1644BD14FCA330AA97850000236C29760000"	"\Divisions\PD\Distribution Services\Substation Benbrook\138845_GVEC_Moulton S Add"
"000000009598E9A20E04F041B38518182890A2D50100A3DF33FCC9BD1644BD14FCA330AA978500002B8D59D60000"	"\Divisions\PD\Distribution Services\Substation Benbrook\140937_OXY"
"000000009598E9A20E04F041B38518182890A2D5010012225CC57BF01F4EA8CCA87A792FF35F00003646DD410000"	"\Divisions\PD\Distribution Services\Substation Benbrook\144126_SHECO Hightower Ckt Sw Repl"
"000000009598E9A20E04F041B38518182890A2D5010012225CC57BF01F4EA8CCA87A792FF35F00009315F5380000"	"\Divisions\PD\Distribution Services\Substation Benbrook\145574_UREC_Jefferson 138kV Bkr Upg"
"000000009598E9A20E04F041B38518182890A2D5010012225CC57BF01F4EA8CCA87A792FF35F0001069B063E0000"	"\Divisions\PD\Distribution Services\Substation Benbrook\148049_WEC_Mobile Transformer Specs"
"000000009598E9A20E04F041B38518182890A2D501001296C725372D7F4B86B758A22EA3141B00000074E26D0000"	"\Divisions\PD\Line Ann Arbor"
"000000009598E9A20E04F041B38518182890A2D501006C95E27D1ACA634AA1AADC20796388DD000000A152090000"	"\Divisions\PD\Line Ann Arbor\Line Jackson Calendar"
"000000009598E9A20E04F041B38518182890A2D5010012225CC57BF01F4EA8CCA87A792FF35F0002BD7B69530000"	"\Divisions\PD\Line Austin\134811 CPS ENERGY-UG DIST DESIGN"
"000000009598E9A20E04F041B38518182890A2D50100A3DF33FCC9BD1644BD14FCA330AA978500002ADA960F0000"	"\Divisions\PD\Line Austin\138716 LST Emerg Restor 2015"
"000000009598E9A20E04F041B38518182890A2D5010012225CC57BF01F4EA8CCA87A792FF35F0000B677F3390000"	"\Divisions\PD\Line Austin\142693 Carrizo Springs Cut-Ins (Asherton)"
"000000009598E9A20E04F041B38518182890A2D5010012225CC57BF01F4EA8CCA87A792FF35F00014F2036EC0000"	"\Divisions\PD\Line Austin\149525 AEP CARRIZO-CRYSTAL CITY"
"000000009598E9A20E04F041B38518182890A2D5010012225CC57BF01F4EA8CCA87A792FF35F0002BD7B69750000"	"\Divisions\PD\Line Austin\157618 GPL KING MTN CONST MGMT"
"000000009598E9A20E04F041B38518182890A2D501006C95E27D1ACA634AA1AADC20796388DD000000DD7E4B0000"	"\Divisions\PD\Line Boise\00-DMS Upload\113659 Lk_Yankton\T&B"
"000000009598E9A20E04F041B38518182890A2D501006C95E27D1ACA634AA1AADC20796388DD00000048DA610000"	"\Divisions\PD\Line Boise\114411 Gateway\ID Substations"
"000000009598E9A20E04F041B38518182890A2D50100A3DF33FCC9BD1644BD14FCA330AA978500002036607F0000"	"\Divisions\PD\Line Boise\114411 Gateway\Tower Study"
"000000009598E9A20E04F041B38518182890A2D50100A3DF33FCC9BD1644BD14FCA330AA978500001BB707880000"	"\Divisions\PD\Line Boise\114648 ON Line\OPGW"
"000000009598E9A20E04F041B38518182890A2D50100A3DF33FCC9BD1644BD14FCA330AA9785000015E489380000"	"\Divisions\PD\Line Boise\115349 Devers Valley\Construction Support"
"000000009598E9A20E04F041B38518182890A2D50100CB7D9B6512D7374A860FE542D577039200000114E7490000"	"\Divisions\PD\Line Boise\117207_SWIP South\Assy Dwgs"
"000000009598E9A20E04F041B38518182890A2D50100E34BFE500669CD49AC2E27C6C54DE39D0000003DC1340000"	"\Divisions\PD\Line Boise\117207_SWIP South\Site B"
"000000009598E9A20E04F041B38518182890A2D50100A3DF33FCC9BD1644BD14FCA330AA97850000225D19AF0000"	"\Divisions\PD\Line Boise\117910_Fargo_Alexandria\Alex-Bison Design\Lightning Study"
"000000009598E9A20E04F041B38518182890A2D50100A3DF33FCC9BD1644BD14FCA330AA978500001C6BB7E70000"	"\Divisions\PD\Line Boise\117910_Fargo_Alexandria\Galloping\Maclean"
"000000009598E9A20E04F041B38518182890A2D50100CB7D9B6512D7374A860FE542D57703920000010EA5B10000"	"\Divisions\PD\Line Boise\117910_Fargo_Alexandria\QA-QC\Southwire"
"000000009598E9A20E04F041B38518182890A2D50100A3DF33FCC9BD1644BD14FCA330AA9785000015B8E4BA0000"	"\Divisions\PD\Line Boise\117910_Fargo_Alexandria\Quarry-Alex Design\Valmont\Vibration Study"
"000000009598E9A20E04F041B38518182890A2D50100CB7D9B6512D7374A860FE542D57703920000012B25A10000"	"\Divisions\PD\Line Boise\120092_Croydon RR\Construction"
"000000009598E9A20E04F041B38518182890A2D501001953B16A689BCD4AA8FC82955DB27CB10000017ADA9C0000"	"\Divisions\PD\Line Boise\120425_Clean Line"
"000000009598E9A20E04F041B38518182890A2D50100CB7D9B6512D7374A860FE542D577039200000129C5DD0000"	"\Divisions\PD\Line Boise\123332 CTF River Crossing\Design\QC"
"000000009598E9A20E04F041B38518182890A2D50100CB7D9B6512D7374A860FE542D577039200000129C5E30000"	"\Divisions\PD\Line Boise\123332 CTF River Crossing\Schedule"
"000000009598E9A20E04F041B38518182890A2D50100A3DF33FCC9BD1644BD14FCA330AA978500001B5448C40000"	"\Divisions\PD\Line Boise\124454 - 91HOV Surcharge"
"000000009598E9A20E04F041B38518182890A2D501001953B16A689BCD4AA8FC82955DB27CB1000001B570440000"	"\Divisions\PD\Line Boise\124464_RTRP\111728 - RTRP\CLIENT\MTG"
"000000009598E9A20E04F041B38518182890A2D501001953B16A689BCD4AA8FC82955DB27CB1000001B75C3C0000"	"\Divisions\PD\Line Boise\124464_RTRP\Mtg Minutes"
"000000009598E9A20E04F041B38518182890A2D50100A3DF33FCC9BD1644BD14FCA330AA978500001D34D32D0000"	"\Divisions\PD\Line Boise\124737 XCEL-GIST2-PSCO-LINE RATING ANY\PHASE 3\QC"
"000000009598E9A20E04F041B38518182890A2D501001953B16A689BCD4AA8FC82955DB27CB1000001CCB9900000"	"\Divisions\PD\Line Boise\124737 XCEL-GIST2-PSCO-LINE RATING ANY\Priority_1\Survey"
"000000009598E9A20E04F041B38518182890A2D50100A3DF33FCC9BD1644BD14FCA330AA978500001894B3DF0000"	"\Divisions\PD\Line Boise\124737 XCEL-GIST2-PSCO-LINE RATING ANY\Priority_3\Data"
"000000009598E9A20E04F041B38518182890A2D50100A3DF33FCC9BD1644BD14FCA330AA978500001C50A0F60000"	"\Divisions\PD\Line Boise\126606_MP_BD"
"000000009598E9A20E04F041B38518182890A2D50100A3DF33FCC9BD1644BD14FCA330AA978500001802346A0000"	"\Divisions\PD\Line Boise\126822 XCEL-0844 BLACK DOG-SAVAGE\Environmental"
"000000009598E9A20E04F041B38518182890A2D50100A3DF33FCC9BD1644BD14FCA330AA9785000018049EF90000"	"\Divisions\PD\Line Boise\126822 XCEL-0844 BLACK DOG-SAVAGE\Substation"
"000000009598E9A20E04F041B38518182890A2D50100A3DF33FCC9BD1644BD14FCA330AA97850000194C1FEB0000"	"\Divisions\PD\Line Boise\126981 XCEL-GIST-III Phase 2 Priority 2\Construction\0976-0989"
"000000009598E9A20E04F041B38518182890A2D50100A3DF33FCC9BD1644BD14FCA330AA9785000017A6CDF80000"	"\Divisions\PD\Line Boise\126981 XCEL-GIST-III Phase 2 Priority 2\Data\W3206"
"000000009598E9A20E04F041B38518182890A2D50100A3DF33FCC9BD1644BD14FCA330AA97850000195CC4340000"	"\Divisions\PD\Line Boise\126981 XCEL-GIST-III Phase 2 Priority 2\Estimates & WO\0918"
"000000009598E9A20E04F041B38518182890A2D50100A3DF33FCC9BD1644BD14FCA330AA97850000177C454D0000"	"\Divisions\PD\Line Boise\126981 XCEL-GIST-III Phase 2 Priority 2\Materials\0989"
"000000009598E9A20E04F041B38518182890A2D50100A3DF33FCC9BD1644BD14FCA330AA97850000198CA8DB0000"	"\Divisions\PD\Line Boise\126981 XCEL-GIST-III Phase 2 Priority 2\Remediation\5301"
"000000009598E9A20E04F041B38518182890A2D50100A3DF33FCC9BD1644BD14FCA330AA978500001728A06C0000"	"\Divisions\PD\Line Boise\126981 XCEL-GIST-III Phase 2 Priority 2\Transmittals"
"000000009598E9A20E04F041B38518182890A2D50100A3DF33FCC9BD1644BD14FCA330AA9785000017E3FCE40000"	"\Divisions\PD\Line Boise\128118_MP_AC Line Rating_2"
"000000009598E9A20E04F041B38518182890A2D50100A3DF33FCC9BD1644BD14FCA330AA9785000018D91F840000"	"\Divisions\PD\Line Boise\128118_MP_AC Line Rating_2\035L"
"000000009598E9A20E04F041B38518182890A2D50100A3DF33FCC9BD1644BD14FCA330AA97850000199CFE240000"	"\Divisions\PD\Line Boise\128118_MP_AC Line Rating_2\052L"
"000000009598E9A20E04F041B38518182890A2D50100A3DF33FCC9BD1644BD14FCA330AA9785000018AE812E0000"	"\Divisions\PD\Line Boise\128118_MP_AC Line Rating_2\073L"
"000000009598E9A20E04F041B38518182890A2D50100A3DF33FCC9BD1644BD14FCA330AA97850000199D98110000"	"\Divisions\PD\Line Boise\128118_MP_AC Line Rating_2\135L"
"000000009598E9A20E04F041B38518182890A2D50100A3DF33FCC9BD1644BD14FCA330AA9785000018954C9F0000"	"\Divisions\PD\Line Boise\128642 Copper Mtn"
"000000009598E9A20E04F041B38518182890A2D50100A3DF33FCC9BD1644BD14FCA330AA978500001BC7043A0000"	"\Divisions\PD\Line Boise\128911 Xcel-GIST 3- PHASE 2- LRV PTY 3\Data\0844"
"000000009598E9A20E04F041B38518182890A2D50100A3DF33FCC9BD1644BD14FCA330AA978500001B3D49E00000"	"\Divisions\PD\Line Boise\128911 Xcel-GIST 3- PHASE 2- LRV PTY 3\Design\5301"
"000000009598E9A20E04F041B38518182890A2D50100A3DF33FCC9BD1644BD14FCA330AA978500001B1A17C30000"	"\Divisions\PD\Line Boise\128911 Xcel-GIST 3- PHASE 2- LRV PTY 3\Estimates & WO\5503"
"000000009598E9A20E04F041B38518182890A2D50100A3DF33FCC9BD1644BD14FCA330AA978500001C69663E0000"	"\Divisions\PD\Line Boise\128911 Xcel-GIST 3- PHASE 2- LRV PTY 3\Materials\5550"
"000000009598E9A20E04F041B38518182890A2D50100A3DF33FCC9BD1644BD14FCA330AA978500001AFEDE180000"	"\Divisions\PD\Line Boise\128911 Xcel-GIST 3- PHASE 2- LRV PTY 3\Remediation\5503"
"000000009598E9A20E04F041B38518182890A2D50100A3DF33FCC9BD1644BD14FCA330AA978500001B367CBB0000"	"\Divisions\PD\Line Boise\128911 Xcel-GIST 3- PHASE 2- LRV PTY 3\Schedule\5550"
"000000009598E9A20E04F041B38518182890A2D50100A3DF33FCC9BD1644BD14FCA330AA978500001A06BCF10000"	"\Divisions\PD\Line Boise\128911 Xcel-GIST 3- PHASE 2- LRV PTY 3\Transmittals\0848"
"000000009598E9A20E04F041B38518182890A2D50100A3DF33FCC9BD1644BD14FCA330AA9785000019A4CCE80000"	"\Divisions\PD\Line Boise\128911 Xcel-GIST 3- PHASE 2- LRV PTY 3\Transmittals\5540"
"000000009598E9A20E04F041B38518182890A2D50100A3DF33FCC9BD1644BD14FCA330AA978500001E4D1F8E0000"	"\Divisions\PD\Line Boise\130412 Xcel (MN) NSP GIST-3 Ph 3\Material Requests\Lattice"
"000000009598E9A20E04F041B38518182890A2D50100A3DF33FCC9BD1644BD14FCA330AA978500002781B2150000"	"\Divisions\PD\Line Boise\130413 Xcel (WI) NSP GIST-3 Ph 3\WI_EDS_Submittals"
"000000009598E9A20E04F041B38518182890A2D50100A3DF33FCC9BD1644BD14FCA330AA978500001AA76A730000"	"\Divisions\PD\Line Boise\131302 131500 131501 XCEL W3203 W3509 SEV-TRM\Meetings"
"000000009598E9A20E04F041B38518182890A2D50100A3DF33FCC9BD1644BD14FCA330AA978500001AE2ACC90000"	"\Divisions\PD\Line Boise\131365 Xcel SW MN GALLOPING INVESTGTN RMD\Estimates & WO"
"000000009598E9A20E04F041B38518182890A2D50100A3DF33FCC9BD1644BD14FCA330AA978500001EF4CA140000"	"\Divisions\PD\Line Boise\132072 XCEL-L0953 RECONDUCTOR\Risk Analysis"
"000000009598E9A20E04F041B38518182890A2D50100A3DF33FCC9BD1644BD14FCA330AA978500001B6F366F0000"	"\Divisions\PD\Line Boise\132155 PSE Eastside\Simulations"
"000000009598E9A20E04F041B38518182890A2D50100A3DF33FCC9BD1644BD14FCA330AA978500001DA54B180000"	"\Divisions\PD\Line Boise\134091 PAC Croy-DV\01_Submittals-wDMS#\A_Scoping & Weekly Reports"
"000000009598E9A20E04F041B38518182890A2D50100A3DF33FCC9BD1644BD14FCA330AA978500001DD49E400000"	"\Divisions\PD\Line Boise\134091 PAC Croy-DV\06_Gas-Pipe-Lines"
"000000009598E9A20E04F041B38518182890A2D50100A3DF33FCC9BD1644BD14FCA330AA978500001DD749E80000"	"\Divisions\PD\Line Boise\134473 PCorp Coalville SLV CRK\01_Submittals-wDMS#\F_IFC"
"000000009598E9A20E04F041B38518182890A2D50100A3DF33FCC9BD1644BD14FCA330AA978500001F90E45F0000"	"\Divisions\PD\Line Boise\134473 PCorp Coalville SLV CRK\10_Reroutes"
"000000009598E9A20E04F041B38518182890A2D50100A3DF33FCC9BD1644BD14FCA330AA978500001DD748790000"	"\Divisions\PD\Line Boise\134474 PCorp Croydon-Coalville\01A_Pre-Construction-RFI"
"000000009598E9A20E04F041B38518182890A2D501006C95E27D1ACA634AA1AADC20796388DD000000A919200000"	"\Divisions\PD\Line Boise\135116 SunZia\116500_Sunzia\Meetings & Notes"
"000000009598E9A20E04F041B38518182890A2D50100A3DF33FCC9BD1644BD14FCA330AA9785000019C07BC90000"	"\Divisions\PD\Line Boise\135116 SunZia\116500_Sunzia\Toward Design & Construction\Geotech"
"000000009598E9A20E04F041B38518182890A2D50100A3DF33FCC9BD1644BD14FCA330AA978500002308FE0B0000"	"\Divisions\PD\Line Boise\136620 XCEL-0729 Rplce Pole (See also 133657)\Mat-Trinity Meyer"
"000000009598E9A20E04F041B38518182890A2D50100A3DF33FCC9BD1644BD14FCA330AA9785000021DED1430000"	"\Divisions\PD\Line Boise\137494 Xcel PSCo 9255 RAY LEWIS-PNCHA REBLD \EMAT\STEEL POLES"
"000000009598E9A20E04F041B38518182890A2D5010012225CC57BF01F4EA8CCA87A792FF35F00000A50CAFC0000"	"\Divisions\PD\Line Boise\137979 GNTL TLine\02_DES (Design)"
"000000009598E9A20E04F041B38518182890A2D50100A3DF33FCC9BD1644BD14FCA330AA97850000254A8FB90000"	"\Divisions\PD\Line Boise\139609 Astoria 1 Gen-Tie"
"000000009598E9A20E04F041B38518182890A2D50100A3DF33FCC9BD1644BD14FCA330AA9785000028BF07030000"	"\Divisions\PD\Line Boise\141189-XCEL PSCO Landworks"
"000000009598E9A20E04F041B38518182890A2D50100A3DF33FCC9BD1644BD14FCA330AA978500002C5AA8000000"	"\Divisions\PD\Line Boise\142893 SE Cushing Tap_ONCOR"
"000000009598E9A20E04F041B38518182890A2D5010012225CC57BF01F4EA8CCA87A792FF35F000094E26A3C0000"	"\Divisions\PD\Line Boise\144822 ARSENAL HILL-RAINES RD\GEOTECH"
"000000009598E9A20E04F041B38518182890A2D5010012225CC57BF01F4EA8CCA87A792FF35F0001D41A9B040000"	"\Divisions\PD\Line Boise\146618 - Bob TLine\Addendum 2"
"000000009598E9A20E04F041B38518182890A2D5010012225CC57BF01F4EA8CCA87A792FF35F000170BE73B20000"	"\Divisions\PD\Line Boise\146854 TWE PRE-CON_OE\Survey"
"000000009598E9A20E04F041B38518182890A2D5010012225CC57BF01F4EA8CCA87A792FF35F00019443EB450000"	"\Divisions\PD\Line Boise\151472 Southline\151472 Southline-RFI"
"000000009598E9A20E04F041B38518182890A2D5010012225CC57BF01F4EA8CCA87A792FF35F0005C183DE8F0000"	"\Divisions\PD\Line Boise\154320 Ten West\154320 10W Construction Support"
"000000009598E9A20E04F041B38518182890A2D5010012225CC57BF01F4EA8CCA87A792FF35F0002DA0C3AFE0000"	"\Divisions\PD\Line Boise\154320 Ten West\154320 10W SCS"
"000000009598E9A20E04F041B38518182890A2D5010012225CC57BF01F4EA8CCA87A792FF35F000297759EB70000"	"\Divisions\PD\Line Boise\157755 Cove Mountain Solar"
"000000009598E9A20E04F041B38518182890A2D5010012225CC57BF01F4EA8CCA87A792FF35F000170BE73B60000"	"\Divisions\PD\Line Boise\AEP_Standards-Processes"
"000000009598E9A20E04F041B38518182890A2D501001953B16A689BCD4AA8FC82955DB27CB10000011A5CCE0000"	"\Divisions\PD\Line Boise\Line-Rating-Projects\PacifiCorp\B25"
"000000009598E9A20E04F041B38518182890A2D501001953B16A689BCD4AA8FC82955DB27CB10000011FEB160000"	"\Divisions\PD\Line Boise\Line-Rating-Projects\PacifiCorp\P10A"
"000000009598E9A20E04F041B38518182890A2D50100A3DF33FCC9BD1644BD14FCA330AA978500001676E7A10000"	"\Divisions\PD\Line Boise\Line-Rating-Projects\PacifiCorp2\B23"
"000000009598E9A20E04F041B38518182890A2D50100A3DF33FCC9BD1644BD14FCA330AA978500001676E7F70000"	"\Divisions\PD\Line Boise\Line-Rating-Projects\PacifiCorp2\C13"
"000000009598E9A20E04F041B38518182890A2D50100A3DF33FCC9BD1644BD14FCA330AA97850000284C2F260000"	"\Divisions\PD\Line Boise\Xcel_Energy_Standards\On-Off-Badge-Training\2016_Training_Refresh"
"000000009598E9A20E04F041B38518182890A2D50100A3DF33FCC9BD1644BD14FCA330AA978500002101A0BA0000"	"\Divisions\PD\Line Boise\Xcel_Energy_Standards\On-Off-Badge-Training\Laptop_Assignments\2014-2015_Audit"
"000000009598E9A20E04F041B38518182890A2D5010012225CC57BF01F4EA8CCA87A792FF35F00045301F3220000"	"\Divisions\PD\Line Boise\Xcel_Energy_Standards\On-Off-Badge-Training\On-Boarding_Prev 07-01-21\NEI"
"000000009598E9A20E04F041B38518182890A2D5010012225CC57BF01F4EA8CCA87A792FF35F0004ED4B2D7B0000"	"\Divisions\PD\Line Boise\Xcel_Energy_Standards\On-Off-Badge-Training\On-Boarding_Prev 12-09-22\SUB Keys"
"000000009598E9A20E04F041B38518182890A2D5010012225CC57BF01F4EA8CCA87A792FF35F00012FF17D670000"	"\Divisions\PD\Line Boston"
"000000009598E9A20E04F041B38518182890A2D50100A3DF33FCC9BD1644BD14FCA330AA97850000255DBE860000"	"\Divisions\PD\Line Cincinnati\136447 EAGLE VALLEY-FRANK SUBSTATION"
"000000009598E9A20E04F041B38518182890A2D5010012225CC57BF01F4EA8CCA87A792FF35F00002296EB340000"	"\Divisions\PD\Line Cincinnati\BGE Emails"
"000000009598E9A20E04F041B38518182890A2D50100A3DF33FCC9BD1644BD14FCA330AA9785000026F4BF100000"	"\Divisions\PD\Line Fort Worth\01 CLOSED PROJS - UPLOAD TO PROJECTWISE\126279 - Morenci 55K - CLOSED 2015"
"000000009598E9A20E04F041B38518182890A2D50100A3DF33FCC9BD1644BD14FCA330AA978500001CCE7E620000"	"\Divisions\PD\Line Fort Worth\130873 - Xcel Energy - Z21 115kV Relocation"
"000000009598E9A20E04F041B38518182890A2D50100A3DF33FCC9BD1644BD14FCA330AA9785000020F654A30000"	"\Divisions\PD\Line Fort Worth\137008 - XCEL ENERGY_K30 Tap for Muleshoe Valley"
"000000009598E9A20E04F041B38518182890A2D5010012225CC57BF01F4EA8CCA87A792FF35F0001A0F221E30000"	"\Divisions\PD\Line Hailey\00-Restored_Emails\102346\Material Min-Rob"
"000000009598E9A20E04F041B38518182890A2D50100A3DF33FCC9BD1644BD14FCA330AA97850000221CEA700000"	"\Divisions\PD\Line Hailey\00-Restored_Emails\127035_Vista - Pahrump_230kV Line"
"000000009598E9A20E04F041B38518182890A2D50100A3DF33FCC9BD1644BD14FCA330AA9785000025DD621F0000"	"\Divisions\PD\Line Hailey\01_Oncor_General\00_Const_Books_Transmittal_Info"
"000000009598E9A20E04F041B38518182890A2D50100A3DF33FCC9BD1644BD14FCA330AA97850000165721E10000"	"\Divisions\PD\Line Hailey\01_Oncor_General\01_Dave_ONCOR_General\ONCOR Procedures"
"000000009598E9A20E04F041B38518182890A2D50100CB7D9B6512D7374A860FE542D577039200000128ED680000"	"\Divisions\PD\Line Hailey\01_Oncor_General\Crez_Project_Material\CREZ_Spacers"
"000000009598E9A20E04F041B38518182890A2D50100A3DF33FCC9BD1644BD14FCA330AA978500000EB1324C0000"	"\Divisions\PD\Line Hailey\01_Oncor_General\Material_Updates_Questions\Alcoa_Compression_Fittings"
"000000009598E9A20E04F041B38518182890A2D50100572FF007A7D6B64CA96E5CFE8E1CC1A400000060B0F50000"	"\Divisions\PD\Line Hailey\01_Oncor_General\Material_Updates_Questions\Vendor_Lead-Times"
"000000009598E9A20E04F041B38518182890A2D50100572FF007A7D6B64CA96E5CFE8E1CC1A40000002F9FDF0000"	"\Divisions\PD\Line Hailey\01_Oncor_General\Oncor_Distribution_List_for_Dwg_Deliverables"
"000000009598E9A20E04F041B38518182890A2D50100A3DF33FCC9BD1644BD14FCA330AA978500001C4FD6250000"	"\Divisions\PD\Line Hailey\01_Oncor_General\PIP_User_Guide"
"000000009598E9A20E04F041B38518182890A2D50100A3DF33FCC9BD1644BD14FCA330AA978500000E7E0CF30000"	"\Divisions\PD\Line Hailey\01_Oncor_General\Vendor_Pole_Order_Process\FWT"
"000000009598E9A20E04F041B38518182890A2D5010012225CC57BF01F4EA8CCA87A792FF35F000343312DCD0000"	"\Divisions\PD\Line Hailey\107925-csur\dups"
"000000009598E9A20E04F041B38518182890A2D501001296C725372D7F4B86B758A22EA3141B000000236AD60000"	"\Divisions\PD\Line Hailey\108628-Umbata Falls\GIS"
"000000009598E9A20E04F041B38518182890A2D501001296C725372D7F4B86B758A22EA3141B000000236AE10000"	"\Divisions\PD\Line Hailey\108628-Umbata Falls\Specs"
"000000009598E9A20E04F041B38518182890A2D5010012225CC57BF01F4EA8CCA87A792FF35F00036DEFFF9C0000"	"\Divisions\PD\Line Hailey\110042-MEC\Dups"
"000000009598E9A20E04F041B38518182890A2D501001296C725372D7F4B86B758A22EA3141B000000500F790000"	"\Divisions\PD\Line Hailey\111346 Sleeping Bear"
"000000009598E9A20E04F041B38518182890A2D501001296C725372D7F4B86B758A22EA3141B000000674F9C0000"	"\Divisions\PD\Line Hailey\111986_TID_Hughson_Sub\115kV Tuolumne Rating"
"000000009598E9A20E04F041B38518182890A2D501006C95E27D1ACA634AA1AADC20796388DD0000003380100000"	"\Divisions\PD\Line Hailey\112394  138 kV Mountain Wind"
"000000009598E9A20E04F041B38518182890A2D501001296C725372D7F4B86B758A22EA3141B0000005F9D400000"	"\Divisions\PD\Line Hailey\112599 TrAIL"
"000000009598E9A20E04F041B38518182890A2D50100572FF007A7D6B64CA96E5CFE8E1CC1A400000022D9130000"	"\Divisions\PD\Line Hailey\113004 Olkaria"
"000000009598E9A20E04F041B38518182890A2D501001296C725372D7F4B86B758A22EA3141B0000006BAA950000"	"\Divisions\PD\Line Hailey\113594-TPU_Lagrande"
"000000009598E9A20E04F041B38518182890A2D50100572FF007A7D6B64CA96E5CFE8E1CC1A40000001397FC0000"	"\Divisions\PD\Line Hailey\114411"
"000000009598E9A20E04F041B38518182890A2D5010012225CC57BF01F4EA8CCA87A792FF35F00031E3003FB0000"	"\Divisions\PD\Line Hailey\115420_Killeen-Salado\dups"
"000000009598E9A20E04F041B38518182890A2D50100572FF007A7D6B64CA96E5CFE8E1CC1A40000001A6E310000"	"\Divisions\PD\Line Hailey\117279_Almond_Crows_Landing"
"000000009598E9A20E04F041B38518182890A2D501001953B16A689BCD4AA8FC82955DB27CB10000016CE1DE0000"	"\Divisions\PD\Line Hailey\118178_Arco_to_Krugerville\MRLJ02"
"000000009598E9A20E04F041B38518182890A2D50100A3DF33FCC9BD1644BD14FCA330AA978500000EC3118C0000"	"\Divisions\PD\Line Hailey\118178_Arco_to_Krugerville\MRLJ12"
"000000009598E9A20E04F041B38518182890A2D50100CB7D9B6512D7374A860FE542D57703920000010EA6040000"	"\Divisions\PD\Line Hailey\119424_Leon-Cisco_69kV\MR_099LJ"
"000000009598E9A20E04F041B38518182890A2D50100572FF007A7D6B64CA96E5CFE8E1CC1A40000003CDB130000"	"\Divisions\PD\Line Hailey\120106 -ICE gis"
"000000009598E9A20E04F041B38518182890A2D50100A3DF33FCC9BD1644BD14FCA330AA97850000165E3F120000"	"\Divisions\PD\Line Hailey\121180_Newton-Killeen\MRLJ07"
"000000009598E9A20E04F041B38518182890A2D50100A3DF33FCC9BD1644BD14FCA330AA978500001D1CE7EF0000"	"\Divisions\PD\Line Hailey\121821_LES_Central_Lincoln_Reliability\dups"
"000000009598E9A20E04F041B38518182890A2D50100A3DF33FCC9BD1644BD14FCA330AA978500000E9297CA0000"	"\Divisions\PD\Line Hailey\122443_Clear_Crossing-Willow_Crk_EAST\MRLJ05"
"000000009598E9A20E04F041B38518182890A2D50100A3DF33FCC9BD1644BD14FCA330AA978500001770100D0000"	"\Divisions\PD\Line Hailey\122443_Clear_Crossing-Willow_Crk_EAST\Twr_Adj_Emails"
"000000009598E9A20E04F041B38518182890A2D50100A3DF33FCC9BD1644BD14FCA330AA978500001760A5E60000"	"\Divisions\PD\Line Hailey\122444_Clear_Crossing_Willow_Crk_WEST\MRLJ09"
"000000009598E9A20E04F041B38518182890A2D50100A3DF33FCC9BD1644BD14FCA330AA9785000018CA84360000"	"\Divisions\PD\Line Hailey\123007_Juneau_Area_Trans\Duplicates"
"000000009598E9A20E04F041B38518182890A2D501001953B16A689BCD4AA8FC82955DB27CB10000013BF19B0000"	"\Divisions\PD\Line Hailey\124092_Bowline_&_Minisceongo"
"000000009598E9A20E04F041B38518182890A2D50100A3DF33FCC9BD1644BD14FCA330AA97850000165E080A0000"	"\Divisions\PD\Line Hailey\126282_Siberia_Gen-Tie PLN/Prelim"
"000000009598E9A20E04F041B38518182890A2D50100A3DF33FCC9BD1644BD14FCA330AA97850000230D43460000"	"\Divisions\PD\Line Hailey\126873_Oncor_Goldsmith-Goldsmith_South\MRLJ01\dups"
"000000009598E9A20E04F041B38518182890A2D50100A3DF33FCC9BD1644BD14FCA330AA97850000174620450000"	"\Divisions\PD\Line Hailey\127033-GIS Phase III\GIS III- Out of scope"
"000000009598E9A20E04F041B38518182890A2D50100A3DF33FCC9BD1644BD14FCA330AA9785000018D75EF40000"	"\Divisions\PD\Line Hailey\127941_Riley-Krum_W-P2:_Sunset -Tap\MRLJ02"
"000000009598E9A20E04F041B38518182890A2D50100A3DF33FCC9BD1644BD14FCA330AA97850000190DDA210000"	"\Divisions\PD\Line Hailey\127993-Iberdrola_Manzana"
"000000009598E9A20E04F041B38518182890A2D50100A3DF33FCC9BD1644BD14FCA330AA978500001C0EE6D10000"	"\Divisions\PD\Line Hailey\128906_Oncor_Decordova_Bend_Str_Study\FWT_Invoice"
"000000009598E9A20E04F041B38518182890A2D50100A3DF33FCC9BD1644BD14FCA330AA978500001A2534B30000"	"\Divisions\PD\Line Hailey\129545_Ft Worth-Graham"
"000000009598E9A20E04F041B38518182890A2D50100A3DF33FCC9BD1644BD14FCA330AA97850000202AE6720000"	"\Divisions\PD\Line Hailey\129567_Temple_Sw-Bell_Cty_E\WA_13T64039\MRLJ02"
"000000009598E9A20E04F041B38518182890A2D5010012225CC57BF01F4EA8CCA87A792FF35F00031E30046D0000"	"\Divisions\PD\Line Hailey\129807_Brookings_2016-5 CAPX\dups"
"000000009598E9A20E04F041B38518182890A2D5010012225CC57BF01F4EA8CCA87A792FF35F0000F88D863C0000"	"\Divisions\PD\Line Hailey\130224_E_Richardson-Apollo\MRLJ05"
"000000009598E9A20E04F041B38518182890A2D50100A3DF33FCC9BD1644BD14FCA330AA9785000019A9DAB90000"	"\Divisions\PD\Line Hailey\130275_Cherokee_UG_T-Line"
"000000009598E9A20E04F041B38518182890A2D50100A3DF33FCC9BD1644BD14FCA330AA978500001B5BE6770000"	"\Divisions\PD\Line Hailey\131172_Odessa_N-N_Cowden\MRLJ03"
"000000009598E9A20E04F041B38518182890A2D5010012225CC57BF01F4EA8CCA87A792FF35F0001217308D60000"	"\Divisions\PD\Line Hailey\131489 _AEP_Cenizo-N_Edinburg\dups"
"000000009598E9A20E04F041B38518182890A2D50100A3DF33FCC9BD1644BD14FCA330AA978500001B7877C40000"	"\Divisions\PD\Line Hailey\131876_Odessa_N_Line_Work\LJ01"
"000000009598E9A20E04F041B38518182890A2D50100A3DF33FCC9BD1644BD14FCA330AA978500002BB3C2760000"	"\Divisions\PD\Line Hailey\131906_GM-Watson\MRLJ03\dups"
"000000009598E9A20E04F041B38518182890A2D50100A3DF33FCC9BD1644BD14FCA330AA978500001B77C26F0000"	"\Divisions\PD\Line Hailey\132353_Odessa-Odessa_N_Expansion"
"000000009598E9A20E04F041B38518182890A2D50100A3DF33FCC9BD1644BD14FCA330AA978500001CB092BE0000"	"\Divisions\PD\Line Hailey\133261-AP Storm damage"
"000000009598E9A20E04F041B38518182890A2D5010012225CC57BF01F4EA8CCA87A792FF35F00000F57EAE10000"	"\Divisions\PD\Line Hailey\134134_BR698 EBEL-PTRD-1434"
"000000009598E9A20E04F041B38518182890A2D50100A3DF33FCC9BD1644BD14FCA330AA978500002721683A0000"	"\Divisions\PD\Line Hailey\134627_Eskota_Sw_Sta\Warehouse_Requests"
"000000009598E9A20E04F041B38518182890A2D5010012225CC57BF01F4EA8CCA87A792FF35F00003646DD370000"	"\Divisions\PD\Line Hailey\134633_Eagle_Mt-Wagley_Robertson\MRLJ08"
"000000009598E9A20E04F041B38518182890A2D50100A3DF33FCC9BD1644BD14FCA330AA978500002A0521F00000"	"\Divisions\PD\Line Hailey\134722_Permian_Basin_Sw_Sta\MRLJ08"
"000000009598E9A20E04F041B38518182890A2D50100A3DF33FCC9BD1644BD14FCA330AA978500001EC91C800000"	"\Divisions\PD\Line Hailey\135358_Ala_Wai_Canal_HDD"
"000000009598E9A20E04F041B38518182890A2D5010012225CC57BF01F4EA8CCA87A792FF35F00009108F9D70000"	"\Divisions\PD\Line Hailey\136602_Enterprise_Midland\MRLJ03_Steel_Poles"
"000000009598E9A20E04F041B38518182890A2D50100A3DF33FCC9BD1644BD14FCA330AA978500001F1309630000"	"\Divisions\PD\Line Hailey\137384-Transelec Line Design Criteria"
"000000009598E9A20E04F041B38518182890A2D50100A3DF33FCC9BD1644BD14FCA330AA978500002BB257F80000"	"\Divisions\PD\Line Hailey\137396_Hicks-Elizabeth\MRLJ08"
"000000009598E9A20E04F041B38518182890A2D50100A3DF33FCC9BD1644BD14FCA330AA97850000250CADB40000"	"\Divisions\PD\Line Hailey\137449_Mt_Creek-Norwood\MRLJ02"
"000000009598E9A20E04F041B38518182890A2D50100A3DF33FCC9BD1644BD14FCA330AA9785000021F36B7B0000"	"\Divisions\PD\Line Hailey\137898_WMEC-LINE_1755_HPFF_IMPROVE"
"000000009598E9A20E04F041B38518182890A2D50100A3DF33FCC9BD1644BD14FCA330AA97850000245B442B0000"	"\Divisions\PD\Line Hailey\138156_Venus-Cedar_Hill"
"000000009598E9A20E04F041B38518182890A2D50100A3DF33FCC9BD1644BD14FCA330AA9785000024A8924A0000"	"\Divisions\PD\Line Hailey\138218_Means-Fullerton_69kV_RBLD\WA_15T63086"
"000000009598E9A20E04F041B38518182890A2D50100A3DF33FCC9BD1644BD14FCA330AA9785000029DEBDE70000"	"\Divisions\PD\Line Hailey\138218_Means-Fullerton_69kV_RBLD\WA_15T63112\MRLJ09"
"000000009598E9A20E04F041B38518182890A2D50100F3BCE3A574023B4482F2E427B5A3121800004E8608880000"	"\Divisions\PD\Line Hailey\138504_Holt_SW-N_Andrews\WA_15T63114\MRLJ03"
"000000009598E9A20E04F041B38518182890A2D50100A3DF33FCC9BD1644BD14FCA330AA978500002B5F16610000"	"\Divisions\PD\Line Hailey\138504_Holt_SW-N_Andrews\WA_16T63057\MRLJ06"
"000000009598E9A20E04F041B38518182890A2D50100A3DF33FCC9BD1644BD14FCA330AA978500002A037A3B0000"	"\Divisions\PD\Line Hailey\138956_Eagle_Mt-Roanoke\MRLJ05"
"000000009598E9A20E04F041B38518182890A2D5010012225CC57BF01F4EA8CCA87A792FF35F00003945D1D60000"	"\Divisions\PD\Line Hailey\139105_Camp_Wisdom-Watermill\MRLJ03_Concrete_Poles"
"000000009598E9A20E04F041B38518182890A2D50100A3DF33FCC9BD1644BD14FCA330AA97850000257757110000"	"\Divisions\PD\Line Hailey\139292_Lamesa_Sw_Sta"
"000000009598E9A20E04F041B38518182890A2D50100A3DF33FCC9BD1644BD14FCA330AA97850000249FAEB30000"	"\Divisions\PD\Line Hailey\139391_Horse_Creek_Wind"
"000000009598E9A20E04F041B38518182890A2D50100A3DF33FCC9BD1644BD14FCA330AA97850000256516F30000"	"\Divisions\PD\Line Hailey\139728_2016 N-1-1_Analysis"
"000000009598E9A20E04F041B38518182890A2D50100A3DF33FCC9BD1644BD14FCA330AA9785000026C96DFC0000"	"\Divisions\PD\Line Hailey\140537_SOO_GREEN_PRE-CON_PLAN"
"000000009598E9A20E04F041B38518182890A2D5010012225CC57BF01F4EA8CCA87A792FF35F00009C5C345E0000"	"\Divisions\PD\Line Hailey\141112_Venus Sw Sta - Midlothian\MRCWC1\Transfer_Item 500385"
"000000009598E9A20E04F041B38518182890A2D5010012225CC57BF01F4EA8CCA87A792FF35F00020E15DF690000"	"\Divisions\PD\Line Hailey\141183_CROWN RD - NORWOOD SW STA \MRLJ05"
"000000009598E9A20E04F041B38518182890A2D5010012225CC57BF01F4EA8CCA87A792FF35F00010A95AC710000"	"\Divisions\PD\Line Hailey\141185_Northaven-Preston Rd North\MRLJ02"
"000000009598E9A20E04F041B38518182890A2D5010012225CC57BF01F4EA8CCA87A792FF35F0001069B064E0000"	"\Divisions\PD\Line Hailey\141306_Lake_Wichita_Sw_Sta-Wichita_Falls\MRLJ07_Steel Poles_Dis-tran"
"000000009598E9A20E04F041B38518182890A2D5010012225CC57BF01F4EA8CCA87A792FF35F00010E86BFF40000"	"\Divisions\PD\Line Hailey\141404_Cedar Hill-Liggett"
"000000009598E9A20E04F041B38518182890A2D5010012225CC57BF01F4EA8CCA87A792FF35F0000122E77F10000"	"\Divisions\PD\Line Hailey\141457_Pflugerville-Gilleland\MRLJ01"
"000000009598E9A20E04F041B38518182890A2D5010012225CC57BF01F4EA8CCA87A792FF35F00002F06B0E70000"	"\Divisions\PD\Line Hailey\141658_Holt_N_Andrews-Midland_Farms\16T63099\MRLJ02"
"000000009598E9A20E04F041B38518182890A2D5010012225CC57BF01F4EA8CCA87A792FF35F00010EF6896E0000"	"\Divisions\PD\Line Hailey\141659_Holt - Andrews N-Andrews Cty S\WA 16T63098\MRLJ03"
"000000009598E9A20E04F041B38518182890A2D50100A3DF33FCC9BD1644BD14FCA330AA978500002A28C0BD0000"	"\Divisions\PD\Line Hailey\141786_AEP_LON_HILL-ORNG_GRV"
"000000009598E9A20E04F041B38518182890A2D5010012225CC57BF01F4EA8CCA87A792FF35F000264BC6EC50000"	"\Divisions\PD\Line Hailey\141803_Wedgewood Sw Sta-Forest Hill Sta\MRTW10_Falcon"
"000000009598E9A20E04F041B38518182890A2D5010012225CC57BF01F4EA8CCA87A792FF35F00008C3235A20000"	"\Divisions\PD\Line Hailey\142857_MOSS-PERMIAN BASIN: WOLF\MRLJ01_CONCRETE_POLE"
"000000009598E9A20E04F041B38518182890A2D5010012225CC57BF01F4EA8CCA87A792FF35F0000B2BA27260000"	"\Divisions\PD\Line Hailey\142860_PERMIAN BASIN-HOLT: YUCCA\MRLJ02"
"000000009598E9A20E04F041B38518182890A2D5010012225CC57BF01F4EA8CCA87A792FF35F00008E4292490000"	"\Divisions\PD\Line Hailey\142863_PERMIAN BASIN - WINK (WEST): WOLF\MRCD01"
"000000009598E9A20E04F041B38518182890A2D50100A3DF33FCC9BD1644BD14FCA330AA978500002D8BBB960000"	"\Divisions\PD\Line Hailey\143181_PSCO_Misc_UG_Eng_Support"
"000000009598E9A20E04F041B38518182890A2D5010012225CC57BF01F4EA8CCA87A792FF35F00018ED142210000"	"\Divisions\PD\Line Hailey\143469_Carrollton_NW-Crown Rd\MRLJ05_Steel Poles"
"000000009598E9A20E04F041B38518182890A2D5010012225CC57BF01F4EA8CCA87A792FF35F00010A95AC4D0000"	"\Divisions\PD\Line Hailey\143720_Everman Sw Sta-Forest Sw Sta\MRLJ02_Sabre-FWT"
"000000009598E9A20E04F041B38518182890A2D5010012225CC57BF01F4EA8CCA87A792FF35F00028CB795A30000"	"\Divisions\PD\Line Hailey\143834_Smart_Wires_Support\TX_LADWP Mobile Grounding"
"000000009598E9A20E04F041B38518182890A2D5010012225CC57BF01F4EA8CCA87A792FF35F000137132EBB0000"	"\Divisions\PD\Line Hailey\143957_Tricorner_WATERMILL–TRINIDAD\MRLJ07"
"000000009598E9A20E04F041B38518182890A2D5010012225CC57BF01F4EA8CCA87A792FF35F00010EF6896A0000"	"\Divisions\PD\Line Hailey\144282_Shady Grove\MRLJ02_Steel Poles"
"000000009598E9A20E04F041B38518182890A2D5010012225CC57BF01F4EA8CCA87A792FF35F000049C4B1CA0000"	"\Divisions\PD\Line Hailey\144455_Trinidad-Winkler\MRLJ01-Concrete_CLOSED-PO"
"000000009598E9A20E04F041B38518182890A2D5010012225CC57BF01F4EA8CCA87A792FF35F0001BCABDC7D0000"	"\Divisions\PD\Line Hailey\144455_Trinidad-Winkler\MRLJ14"
"000000009598E9A20E04F041B38518182890A2D5010012225CC57BF01F4EA8CCA87A792FF35F000124BAED7C0000"	"\Divisions\PD\Line Hailey\144634_Hutto-Pflugerville\MRLJ06"
"000000009598E9A20E04F041B38518182890A2D5010012225CC57BF01F4EA8CCA87A792FF35F00007E79C05C0000"	"\Divisions\PD\Line Hailey\145190_TID_SGL_Trans_Pole"
"000000009598E9A20E04F041B38518182890A2D5010012225CC57BF01F4EA8CCA87A792FF35F0000FC6D03ED0000"	"\Divisions\PD\Line Hailey\145469_Yucca Dr - AEP Barilla Jct\17T63048\MRLJ01_Steel Pole Order"
"000000009598E9A20E04F041B38518182890A2D5010012225CC57BF01F4EA8CCA87A792FF35F0001D14B2E310000"	"\Divisions\PD\Line Hailey\145469_Yucca Dr - AEP Barilla Jct\17T63126\MRLJ06"
"000000009598E9A20E04F041B38518182890A2D5010012225CC57BF01F4EA8CCA87A792FF35F00009108F9B10000"	"\Divisions\PD\Line Hailey\145575_ELDORADO-FORT_MCKAVITT"
"000000009598E9A20E04F041B38518182890A2D5010012225CC57BF01F4EA8CCA87A792FF35F0001B36E3B920000"	"\Divisions\PD\Line Hailey\145701_Hutto-Taylor\MRLJ03_AB Cages"
"000000009598E9A20E04F041B38518182890A2D5010012225CC57BF01F4EA8CCA87A792FF35F0001F3B96EDA0000"	"\Divisions\PD\Line Hailey\145911_Northaven Lines\16T65186_Northaven-Preston\MRLJ06"
"000000009598E9A20E04F041B38518182890A2D5010012225CC57BF01F4EA8CCA87A792FF35F00033F446DFB0000"	"\Divisions\PD\Line Hailey\146009_TI DALLAS-KIRKLND PK/COIT RD\MRLJ01"
"000000009598E9A20E04F041B38518182890A2D5010012225CC57BF01F4EA8CCA87A792FF35F0000D59C8FCE0000"	"\Divisions\PD\Line Hailey\146858_NA_PUA_Makani_Wind_Farm"
"000000009598E9A20E04F041B38518182890A2D5010012225CC57BF01F4EA8CCA87A792FF35F0001460BE0870000"	"\Divisions\PD\Line Hailey\148081_Royse Sw-Sulphur Springs Sw Sta\MRLJ02_Steel Poles"
"000000009598E9A20E04F041B38518182890A2D5010012225CC57BF01F4EA8CCA87A792FF35F0001155FA6050000"	"\Divisions\PD\Line Hailey\148326_Cedar Crest-Wall St\MRLJ02_Wire_Order"
"000000009598E9A20E04F041B38518182890A2D5010012225CC57BF01F4EA8CCA87A792FF35F00013CB5CA1F0000"	"\Divisions\PD\Line Hailey\148831_Duke Energy Pothead Replacement"
"000000009598E9A20E04F041B38518182890A2D5010012225CC57BF01F4EA8CCA87A792FF35F0001C25BD4FF0000"	"\Divisions\PD\Line Hailey\149323_Substation Design Support\BD Effort\Substations\dups"
"000000009598E9A20E04F041B38518182890A2D5010012225CC57BF01F4EA8CCA87A792FF35F00018C4EBFCD0000"	"\Divisions\PD\Line Hailey\151507_TODEM Project 3399B"
"000000009598E9A20E04F041B38518182890A2D5010012225CC57BF01F4EA8CCA87A792FF35F00025FF553AC0000"	"\Divisions\PD\Line Hailey\151644_TYLER-TYLER WEST 69kV\MRLJ02"
"000000009598E9A20E04F041B38518182890A2D5010012225CC57BF01F4EA8CCA87A792FF35F00019E7B5EF80000"	"\Divisions\PD\Line Hailey\151816_QUARTZ CREEK 115KV TRANS REBLD"
"000000009598E9A20E04F041B38518182890A2D5010012225CC57BF01F4EA8CCA87A792FF35F0001FDB461C10000"	"\Divisions\PD\Line Hailey\152843_Brookhollow\MRLJ02"
"000000009598E9A20E04F041B38518182890A2D5010012225CC57BF01F4EA8CCA87A792FF35F0002EE36B0DC0000"	"\Divisions\PD\Line Hailey\153043_Venus Sw-Sardis Sw\MRLJ06"
"000000009598E9A20E04F041B38518182890A2D5010012225CC57BF01F4EA8CCA87A792FF35F0002CBA2F7710000"	"\Divisions\PD\Line Hailey\153605_Village Creek Tap-Bowen\MRLJ07"
"000000009598E9A20E04F041B38518182890A2D5010012225CC57BF01F4EA8CCA87A792FF35F00021D59BD120000"	"\Divisions\PD\Line Hailey\153700_ALVARADO-VENUS SW-KEMP RANCH"
"000000009598E9A20E04F041B38518182890A2D5010012225CC57BF01F4EA8CCA87A792FF35F0001EC547E260000"	"\Divisions\PD\Line Hailey\153758_HICKS SW.-DEEN SW\Material Tracking_LJ"
"000000009598E9A20E04F041B38518182890A2D5010012225CC57BF01F4EA8CCA87A792FF35F0001EC547E220000"	"\Divisions\PD\Line Hailey\153760_N. MAIN SW.-DEEN SW\Material Tracking_LJ"
"000000009598E9A20E04F041B38518182890A2D5010012225CC57BF01F4EA8CCA87A792FF35F0002FFE660C80000"	"\Divisions\PD\Line Hailey\154677_Wolf Sw-Riverton-SEE PROWISE\MRLJ01\TOWER Parts - Tammy Order"
"000000009598E9A20E04F041B38518182890A2D5010012225CC57BF01F4EA8CCA87A792FF35F0002CE133CCA0000"	"\Divisions\PD\Line Hailey\154678_Odessa EHV Sw-Wolf Sw\MRLJ05_Addition Wire-Hardware"
"000000009598E9A20E04F041B38518182890A2D5010012225CC57BF01F4EA8CCA87A792FF35F0002F89AB9680000"	"\Divisions\PD\Line Hailey\154681_Moss Sw-Wolf Sw_N-Circuit\MRLJ05_Sabre-FWT"
"000000009598E9A20E04F041B38518182890A2D5010012225CC57BF01F4EA8CCA87A792FF35F00030B75E4320000"	"\Divisions\PD\Line Hailey\154683_Odessa EHV Sw-Moss\MRLJ09_TWR ORDER"
"000000009598E9A20E04F041B38518182890A2D5010012225CC57BF01F4EA8CCA87A792FF35F00027FE68E200000"	"\Divisions\PD\Line Hailey\155311_Owl Hills Sw-Tunstill POD Sta\MRLJ08_Hardware"
"000000009598E9A20E04F041B38518182890A2D5010012225CC57BF01F4EA8CCA87A792FF35F000258A2B5350000"	"\Divisions\PD\Line Hailey\156046_­CHEVRON SS47 SEPARATION OPT"
"000000009598E9A20E04F041B38518182890A2D5010012225CC57BF01F4EA8CCA87A792FF35F0002FFE660C40000"	"\Divisions\PD\Line Hailey\156389_Riverton Sw-Sand-Split WA\MRLJ09"
"000000009598E9A20E04F041B38518182890A2D5010012225CC57BF01F4EA8CCA87A792FF35F000312A49F410000"	"\Divisions\PD\Line Hailey\157131-CARROLLTON E SUB-RENNER/N-HAVEN SUB\MRLJ05"
"000000009598E9A20E04F041B38518182890A2D5010012225CC57BF01F4EA8CCA87A792FF35F0002F3B8E5D30000"	"\Divisions\PD\Line Hailey\158255_EAGLE MT-WAGLEY ROBERTSON\MRLJ02_Hardware-Wire_Insulators"
"000000009598E9A20E04F041B38518182890A2D5010012225CC57BF01F4EA8CCA87A792FF35F0002F5D2D4A20000"	"\Divisions\PD\Line Hailey\159436_ALPHA RD-KNOLL TRAIL\MRLJ01"
"000000009598E9A20E04F041B38518182890A2D5010012225CC57BF01F4EA8CCA87A792FF35F0002F89AB95E0000"	"\Divisions\PD\Line Hailey\160245_PASTORIA SOLAR GEN-TIE"
"000000009598E9A20E04F041B38518182890A2D50100E34BFE500669CD49AC2E27C6C54DE39D0000000D5A040000"	"\Divisions\PD\Line Hailey\Allegheny TrAIL\Fault current study"
"000000009598E9A20E04F041B38518182890A2D5010012225CC57BF01F4EA8CCA87A792FF35F000116E8FE5F0000"	"\Divisions\PD\Line Hailey\ASCE-ETS-2018"
"000000009598E9A20E04F041B38518182890A2D50100572FF007A7D6B64CA96E5CFE8E1CC1A40000005119980000"	"\Divisions\PD\Line Hailey\BD_Efforts\116196_ILM\Env_Permit"
"000000009598E9A20E04F041B38518182890A2D50100572FF007A7D6B64CA96E5CFE8E1CC1A40000001CC7410000"	"\Divisions\PD\Line Hailey\BD_Efforts\117426_Hughson-Grayson"
"000000009598E9A20E04F041B38518182890A2D50100572FF007A7D6B64CA96E5CFE8E1CC1A40000005119A60000"	"\Divisions\PD\Line Hailey\BD_Efforts\120020-NTL\GIS"
"000000009598E9A20E04F041B38518182890A2D50100572FF007A7D6B64CA96E5CFE8E1CC1A40000004B9E730000"	"\Divisions\PD\Line Hailey\BD_Efforts\120850-Vestas Americas"
"000000009598E9A20E04F041B38518182890A2D50100A3DF33FCC9BD1644BD14FCA330AA978500001DB8E0290000"	"\Divisions\PD\Line Hailey\BD_Efforts\8minutenergy\2014\Redwood Solar Farm"
"000000009598E9A20E04F041B38518182890A2D5010012225CC57BF01F4EA8CCA87A792FF35F0001885BD03C0000"	"\Divisions\PD\Line Hailey\BD_Efforts\ACI\General"
"000000009598E9A20E04F041B38518182890A2D50100A3DF33FCC9BD1644BD14FCA330AA97850000288E1CF10000"	"\Divisions\PD\Line Hailey\BD_Efforts\AEP\2016"
"000000009598E9A20E04F041B38518182890A2D50100A3DF33FCC9BD1644BD14FCA330AA97850000217DC78F0000"	"\Divisions\PD\Line Hailey\BD_Efforts\Algoma\2015\Circuit No 4"
"000000009598E9A20E04F041B38518182890A2D50100A3DF33FCC9BD1644BD14FCA330AA978500002A3A19420000"	"\Divisions\PD\Line Hailey\BD_Efforts\Allteck\2017\Maintenance Plan_Line-Catenary"
"000000009598E9A20E04F041B38518182890A2D50100A3DF33FCC9BD1644BD14FCA330AA97850000157A41450000"	"\Divisions\PD\Line Hailey\BD_Efforts\Alterra Power\Avalanche Paths 67 & 68"
"000000009598E9A20E04F041B38518182890A2D501001953B16A689BCD4AA8FC82955DB27CB1000001C230BE0000"	"\Divisions\PD\Line Hailey\BD_Efforts\APS-Arizona Public Service"
"000000009598E9A20E04F041B38518182890A2D5010012225CC57BF01F4EA8CCA87A792FF35F0001B170408B0000"	"\Divisions\PD\Line Hailey\BD_Efforts\Asset Management Focus Group"
"000000009598E9A20E04F041B38518182890A2D5010012225CC57BF01F4EA8CCA87A792FF35F0000F38658490000"	"\Divisions\PD\Line Hailey\BD_Efforts\Avista\General"
"000000009598E9A20E04F041B38518182890A2D50100A3DF33FCC9BD1644BD14FCA330AA97850000270678950000"	"\Divisions\PD\Line Hailey\BD_Efforts\BGE\2015\Baltimore Harbor OH Crossing"
"000000009598E9A20E04F041B38518182890A2D5010012225CC57BF01F4EA8CCA87A792FF35F000137132EAD0000"	"\Divisions\PD\Line Hailey\BD_Efforts\Black Hills Power\2017\CPSG-Archer"
"000000009598E9A20E04F041B38518182890A2D5010012225CC57BF01F4EA8CCA87A792FF35F0001106738D90000"	"\Divisions\PD\Line Hailey\BD_Efforts\BPA"
"000000009598E9A20E04F041B38518182890A2D50100A3DF33FCC9BD1644BD14FCA330AA9785000028588C500000"	"\Divisions\PD\Line Hailey\BD_Efforts\Brookfield Renewable\2016"
"000000009598E9A20E04F041B38518182890A2D5010012225CC57BF01F4EA8CCA87A792FF35F000053E1DEF60000"	"\Divisions\PD\Line Hailey\BD_Efforts\Caruna\2016\Tarjouspyynto_Despro"
"000000009598E9A20E04F041B38518182890A2D5010012225CC57BF01F4EA8CCA87A792FF35F0001D805B9550000"	"\Divisions\PD\Line Hailey\BD_Efforts\CEC-Clean Energy Consulting\General"
"000000009598E9A20E04F041B38518182890A2D5010012225CC57BF01F4EA8CCA87A792FF35F000116E8FE710000"	"\Divisions\PD\Line Hailey\BD_Efforts\Chugach\2017\Drafting Services"
"000000009598E9A20E04F041B38518182890A2D50100A3DF33FCC9BD1644BD14FCA330AA9785000015AA39C30000"	"\Divisions\PD\Line Hailey\BD_Efforts\City of Provo"
"000000009598E9A20E04F041B38518182890A2D50100CB7D9B6512D7374A860FE542D5770392000001297DAF0000"	"\Divisions\PD\Line Hailey\BD_Efforts\ComEd"
"000000009598E9A20E04F041B38518182890A2D5010012225CC57BF01F4EA8CCA87A792FF35F00009F6B9FF20000"	"\Divisions\PD\Line Hailey\BD_Efforts\CTC\2017"
"000000009598E9A20E04F041B38518182890A2D5010012225CC57BF01F4EA8CCA87A792FF35F000124BAED9A0000"	"\Divisions\PD\Line Hailey\BD_Efforts\E3 Consulting\2017"
"000000009598E9A20E04F041B38518182890A2D50100A3DF33FCC9BD1644BD14FCA330AA978500002285BA1F0000"	"\Divisions\PD\Line Hailey\BD_Efforts\EDPR\2015"
"000000009598E9A20E04F041B38518182890A2D50100A3DF33FCC9BD1644BD14FCA330AA978500002139C8F00000"	"\Divisions\PD\Line Hailey\BD_Efforts\Enel Green Power\2015"
"000000009598E9A20E04F041B38518182890A2D5010012225CC57BF01F4EA8CCA87A792FF35F0002BBF9CADD0000"	"\Divisions\PD\Line Hailey\BD_Efforts\ENMAX\2019"
"000000009598E9A20E04F041B38518182890A2D50100A3DF33FCC9BD1644BD14FCA330AA9785000026AF10060000"	"\Divisions\PD\Line Hailey\BD_Efforts\EoN\2015"
"000000009598E9A20E04F041B38518182890A2D50100A3DF33FCC9BD1644BD14FCA330AA978500001B3D801E0000"	"\Divisions\PD\Line Hailey\BD_Efforts\Eskom\Comm Tower Modeling"
"000000009598E9A20E04F041B38518182890A2D50100A3DF33FCC9BD1644BD14FCA330AA978500002DF7084B0000"	"\Divisions\PD\Line Hailey\BD_Efforts\Finland_KSBR"
"000000009598E9A20E04F041B38518182890A2D50100A3DF33FCC9BD1644BD14FCA330AA9785000019744FC70000"	"\Divisions\PD\Line Hailey\BD_Efforts\First Wind\Hawaii"
"000000009598E9A20E04F041B38518182890A2D50100572FF007A7D6B64CA96E5CFE8E1CC1A400000054B6F70000"	"\Divisions\PD\Line Hailey\BD_Efforts\FPL_line-rating"
"000000009598E9A20E04F041B38518182890A2D50100A3DF33FCC9BD1644BD14FCA330AA97850000226860730000"	"\Divisions\PD\Line Hailey\BD_Efforts\GE\2015\CPV Valley Power Plant 345 kV"
"000000009598E9A20E04F041B38518182890A2D5010012225CC57BF01F4EA8CCA87A792FF35F0001197225AA0000"	"\Divisions\PD\Line Hailey\BD_Efforts\GigaWatt_Cryponomos"
"000000009598E9A20E04F041B38518182890A2D50100A3DF33FCC9BD1644BD14FCA330AA97850000209F88D00000"	"\Divisions\PD\Line Hailey\BD_Efforts\GLP\2014 Projects\K24G"
"000000009598E9A20E04F041B38518182890A2D5010012225CC57BF01F4EA8CCA87A792FF35F00007754B8AC0000"	"\Divisions\PD\Line Hailey\BD_Efforts\GLP\2017"
"000000009598E9A20E04F041B38518182890A2D5010012225CC57BF01F4EA8CCA87A792FF35F0000654BCB3D0000"	"\Divisions\PD\Line Hailey\BD_Efforts\GridLiance"
"000000009598E9A20E04F041B38518182890A2D50100A3DF33FCC9BD1644BD14FCA330AA97850000240ED13D0000"	"\Divisions\PD\Line Hailey\BD_Efforts\Harvest Energy Services"
"000000009598E9A20E04F041B38518182890A2D501001953B16A689BCD4AA8FC82955DB27CB10000010B9E5B0000"	"\Divisions\PD\Line Hailey\BD_Efforts\HEA\Quartz Creek-Kasilof"
"000000009598E9A20E04F041B38518182890A2D5010012225CC57BF01F4EA8CCA87A792FF35F00018C4EBFBD0000"	"\Divisions\PD\Line Hailey\BD_Efforts\Honeywell Federal Manufacturing_Technologies"
"000000009598E9A20E04F041B38518182890A2D50100A3DF33FCC9BD1644BD14FCA330AA97850000256AB9560000"	"\Divisions\PD\Line Hailey\BD_Efforts\Iberdrola\2015\Tule"
"000000009598E9A20E04F041B38518182890A2D5010012225CC57BF01F4EA8CCA87A792FF35F0001C25BD4F50000"	"\Divisions\PD\Line Hailey\BD_Efforts\IDB"
"000000009598E9A20E04F041B38518182890A2D50100A3DF33FCC9BD1644BD14FCA330AA9785000023D25DEE0000"	"\Divisions\PD\Line Hailey\BD_Efforts\Infinity Wind\2015"
"000000009598E9A20E04F041B38518182890A2D5010012225CC57BF01F4EA8CCA87A792FF35F00006C7B52470000"	"\Divisions\PD\Line Hailey\BD_Efforts\Jacobs\Jacobs New Zealand Ltd\2017"
"000000009598E9A20E04F041B38518182890A2D50100A3DF33FCC9BD1644BD14FCA330AA97850000219262DE0000"	"\Divisions\PD\Line Hailey\BD_Efforts\KenGen\2014\Olkaria V"
"000000009598E9A20E04F041B38518182890A2D501001953B16A689BCD4AA8FC82955DB27CB1000001C341230000"	"\Divisions\PD\Line Hailey\BD_Efforts\LADWP"
"000000009598E9A20E04F041B38518182890A2D50100A3DF33FCC9BD1644BD14FCA330AA978500002250C2540000"	"\Divisions\PD\Line Hailey\BD_Efforts\Lapointe"
"000000009598E9A20E04F041B38518182890A2D5010012225CC57BF01F4EA8CCA87A792FF35F00016815059E0000"	"\Divisions\PD\Line Hailey\BD_Efforts\LATIN AMERICA\Central America\Costa Rica\CODELEC\2018"
"000000009598E9A20E04F041B38518182890A2D50100A3DF33FCC9BD1644BD14FCA330AA978500002BCB274F0000"	"\Divisions\PD\Line Hailey\BD_Efforts\LATIN AMERICA\Central America\Costa Rica\ICE\2013"
"000000009598E9A20E04F041B38518182890A2D50100A3DF33FCC9BD1644BD14FCA330AA978500002BC7D6600000"	"\Divisions\PD\Line Hailey\BD_Efforts\LATIN AMERICA\Central America\Costa Rica\ICE\2016\On-site Hotline Training"
"000000009598E9A20E04F041B38518182890A2D5010012225CC57BF01F4EA8CCA87A792FF35F00000C45261C0000"	"\Divisions\PD\Line Hailey\BD_Efforts\LATIN AMERICA\Central America\Costa Rica\ICE\2017\Substations"
"000000009598E9A20E04F041B38518182890A2D50100A3DF33FCC9BD1644BD14FCA330AA978500002BC83DFE0000"	"\Divisions\PD\Line Hailey\BD_Efforts\LATIN AMERICA\Central America\Costa Rica\ICE\Old Projects\2013 Projects"
"000000009598E9A20E04F041B38518182890A2D50100A3DF33FCC9BD1644BD14FCA330AA978500002BC8777A0000"	"\Divisions\PD\Line Hailey\BD_Efforts\LATIN AMERICA\Central America\Costa Rica\ICE\Old Projects\Cañas-Guayabal"
"000000009598E9A20E04F041B38518182890A2D50100A3DF33FCC9BD1644BD14FCA330AA978500002BC8CBB10000"	"\Divisions\PD\Line Hailey\BD_Efforts\LATIN AMERICA\Central America\Costa Rica\ICE\Old Projects\Hydro"
"000000009598E9A20E04F041B38518182890A2D50100A3DF33FCC9BD1644BD14FCA330AA978500002BC90D5E0000"	"\Divisions\PD\Line Hailey\BD_Efforts\LATIN AMERICA\Central America\Costa Rica\ICE\Old Projects\Siting"
"000000009598E9A20E04F041B38518182890A2D50100A3DF33FCC9BD1644BD14FCA330AA978500002BC740ED0000"	"\Divisions\PD\Line Hailey\BD_Efforts\LATIN AMERICA\Central America\Costa Rica\XPERTEC"
"000000009598E9A20E04F041B38518182890A2D50100A3DF33FCC9BD1644BD14FCA330AA978500002BC663C80000"	"\Divisions\PD\Line Hailey\BD_Efforts\LATIN AMERICA\Central America\EPR\2015"
"000000009598E9A20E04F041B38518182890A2D5010012225CC57BF01F4EA8CCA87A792FF35F000045BC48330000"	"\Divisions\PD\Line Hailey\BD_Efforts\LATIN AMERICA\Central America\NATURGAS\General"
"000000009598E9A20E04F041B38518182890A2D5010012225CC57BF01F4EA8CCA87A792FF35F000195EDECB60000"	"\Divisions\PD\Line Hailey\BD_Efforts\LATIN AMERICA\Central America\Panama\ETESA\2018\Program Management"
"000000009598E9A20E04F041B38518182890A2D50100A3DF33FCC9BD1644BD14FCA330AA978500002CC0EF270000"	"\Divisions\PD\Line Hailey\BD_Efforts\LATIN AMERICA\Chile\bbosch\2016\Tower Design"
"000000009598E9A20E04F041B38518182890A2D5010012225CC57BF01F4EA8CCA87A792FF35F0000122E782E0000"	"\Divisions\PD\Line Hailey\BD_Efforts\LATIN AMERICA\Chile\Transelec\2016\CartoPac"
"000000009598E9A20E04F041B38518182890A2D5010012225CC57BF01F4EA8CCA87A792FF35F000113CB38520000"	"\Divisions\PD\Line Hailey\BD_Efforts\LATIN AMERICA\Colombia\EPM"
"000000009598E9A20E04F041B38518182890A2D5010012225CC57BF01F4EA8CCA87A792FF35F0002CE133CE60000"	"\Divisions\PD\Line Hailey\BD_Efforts\LATIN AMERICA\International"
"000000009598E9A20E04F041B38518182890A2D50100A3DF33FCC9BD1644BD14FCA330AA978500002C80FFEC0000"	"\Divisions\PD\Line Hailey\BD_Efforts\LATIN AMERICA\Mexico\EIESA"
"000000009598E9A20E04F041B38518182890A2D501001953B16A689BCD4AA8FC82955DB27CB1000001DBF4260000"	"\Divisions\PD\Line Hailey\BD_Efforts\LATIN AMERICA\Organizations\CIER\Environmental"
"000000009598E9A20E04F041B38518182890A2D50100A3DF33FCC9BD1644BD14FCA330AA97850000239859840000"	"\Divisions\PD\Line Hailey\BD_Efforts\LCE-Lincoln Clean Energy"
"000000009598E9A20E04F041B38518182890A2D50100A3DF33FCC9BD1644BD14FCA330AA978500001F7029A70000"	"\Divisions\PD\Line Hailey\BD_Efforts\Lonestar\2014\Galloping Study"
"000000009598E9A20E04F041B38518182890A2D5010012225CC57BF01F4EA8CCA87A792FF35F00003B473D0C0000"	"\Divisions\PD\Line Hailey\BD_Efforts\Merrick\General"
"000000009598E9A20E04F041B38518182890A2D50100A3DF33FCC9BD1644BD14FCA330AA9785000019876C330000"	"\Divisions\PD\Line Hailey\BD_Efforts\MidAmerican Energy Co"
"000000009598E9A20E04F041B38518182890A2D50100A3DF33FCC9BD1644BD14FCA330AA978500002DA2C4F70000"	"\Divisions\PD\Line Hailey\BD_Efforts\Mitkor\2016\Distribution Underground"
"000000009598E9A20E04F041B38518182890A2D50100A3DF33FCC9BD1644BD14FCA330AA978500001AD41D4F0000"	"\Divisions\PD\Line Hailey\BD_Efforts\NextEra\2013 Multiple"
"000000009598E9A20E04F041B38518182890A2D50100A3DF33FCC9BD1644BD14FCA330AA9785000020905FCC0000"	"\Divisions\PD\Line Hailey\BD_Efforts\Norden_AVAL\2014"
"000000009598E9A20E04F041B38518182890A2D50100A3DF33FCC9BD1644BD14FCA330AA9785000029BF63440000"	"\Divisions\PD\Line Hailey\BD_Efforts\NTPC_Northwest Territories Power Corp\2016"
"000000009598E9A20E04F041B38518182890A2D50100A3DF33FCC9BD1644BD14FCA330AA97850000177A2B780000"	"\Divisions\PD\Line Hailey\BD_Efforts\NWE\MSTI"
"000000009598E9A20E04F041B38518182890A2D501001953B16A689BCD4AA8FC82955DB27CB1000000CD82B60000"	"\Divisions\PD\Line Hailey\BD_Efforts\OUC"
"000000009598E9A20E04F041B38518182890A2D50100A3DF33FCC9BD1644BD14FCA330AA978500001CD0CA090000"	"\Divisions\PD\Line Hailey\BD_Efforts\PacifiCorp\Underground Permitting 2014"
"000000009598E9A20E04F041B38518182890A2D50100A3DF33FCC9BD1644BD14FCA330AA97850000199A6EE00000"	"\Divisions\PD\Line Hailey\BD_Efforts\Penn Energy"
"000000009598E9A20E04F041B38518182890A2D5010012225CC57BF01F4EA8CCA87A792FF35F00018C4EBFB50000"	"\Divisions\PD\Line Hailey\BD_Efforts\PNM\2018"
"000000009598E9A20E04F041B38518182890A2D50100A3DF33FCC9BD1644BD14FCA330AA978500000E8A47F80000"	"\Divisions\PD\Line Hailey\BD_Efforts\Powertel\2012\South Kent"
"000000009598E9A20E04F041B38518182890A2D5010012225CC57BF01F4EA8CCA87A792FF35F00007E79C02C0000"	"\Divisions\PD\Line Hailey\BD_Efforts\Powertel\2017"
"000000009598E9A20E04F041B38518182890A2D50100A3DF33FCC9BD1644BD14FCA330AA978500001A3BD1F00000"	"\Divisions\PD\Line Hailey\BD_Efforts\Quanta\2013 Panama 230kV Project"
"000000009598E9A20E04F041B38518182890A2D50100A3DF33FCC9BD1644BD14FCA330AA97850000285783960000"	"\Divisions\PD\Line Hailey\BD_Efforts\Regional Power"
"000000009598E9A20E04F041B38518182890A2D50100A3DF33FCC9BD1644BD14FCA330AA9785000017F9C1CF0000"	"\Divisions\PD\Line Hailey\BD_Efforts\Ridgeline\Frontier"
"000000009598E9A20E04F041B38518182890A2D50100F3BCE3A574023B4482F2E427B5A3121800004E80C8270000"	"\Divisions\PD\Line Hailey\BD_Efforts\Rokstad\General"
"000000009598E9A20E04F041B38518182890A2D50100A3DF33FCC9BD1644BD14FCA330AA978500002BF102830000"	"\Divisions\PD\Line Hailey\BD_Efforts\RS Technologies\2016\Glotel"
"000000009598E9A20E04F041B38518182890A2D50100A3DF33FCC9BD1644BD14FCA330AA97850000238ADE420000"	"\Divisions\PD\Line Hailey\BD_Efforts\RTA-Rio Tinto Alcan\General"
"000000009598E9A20E04F041B38518182890A2D5010012225CC57BF01F4EA8CCA87A792FF35F00010FCB09C50000"	"\Divisions\PD\Line Hailey\BD_Efforts\SaskPower\2017\350Mw CC Plant"
"000000009598E9A20E04F041B38518182890A2D50100A3DF33FCC9BD1644BD14FCA330AA978500002A3E89E80000"	"\Divisions\PD\Line Hailey\BD_Efforts\SCE\2016"
"000000009598E9A20E04F041B38518182890A2D50100A3DF33FCC9BD1644BD14FCA330AA9785000016EF9E1E0000"	"\Divisions\PD\Line Hailey\BD_Efforts\SDG&E"
"000000009598E9A20E04F041B38518182890A2D50100A3DF33FCC9BD1644BD14FCA330AA978500001A92C2300000"	"\Divisions\PD\Line Hailey\BD_Efforts\Silverado Power\Antelope Substation"
"000000009598E9A20E04F041B38518182890A2D5010012225CC57BF01F4EA8CCA87A792FF35F0000FB3FE4C50000"	"\Divisions\PD\Line Hailey\BD_Efforts\Smartwires\2017\Tx_By-Pass Switch"
"000000009598E9A20E04F041B38518182890A2D50100A3DF33FCC9BD1644BD14FCA330AA978500001D55FC8F0000"	"\Divisions\PD\Line Hailey\BD_Efforts\Solairedirect\2014\Adera Project"
"000000009598E9A20E04F041B38518182890A2D501001953B16A689BCD4AA8FC82955DB27CB1000000F8A7C40000"	"\Divisions\PD\Line Hailey\BD_Efforts\SunPower\Antelope_123854"
"000000009598E9A20E04F041B38518182890A2D50100A3DF33FCC9BD1644BD14FCA330AA978500001764CBB20000"	"\Divisions\PD\Line Hailey\BD_Efforts\TDI\CHPE-Champlain Hudson Power Express"
"000000009598E9A20E04F041B38518182890A2D50100A3DF33FCC9BD1644BD14FCA330AA97850000262825E90000"	"\Divisions\PD\Line Hailey\BD_Efforts\Terra_Gen\2015"
"000000009598E9A20E04F041B38518182890A2D501001953B16A689BCD4AA8FC82955DB27CB100000139358D0000"	"\Divisions\PD\Line Hailey\BD_Efforts\Terra_Gen\General"
"000000009598E9A20E04F041B38518182890A2D5010012225CC57BF01F4EA8CCA87A792FF35F000071646BD10000"	"\Divisions\PD\Line Hailey\BD_Efforts\TID - Turlock\2017\Washington Sub"
"000000009598E9A20E04F041B38518182890A2D5010012225CC57BF01F4EA8CCA87A792FF35F0000E22DFFEC0000"	"\Divisions\PD\Line Hailey\BD_Efforts\Trinity PUD"
"000000009598E9A20E04F041B38518182890A2D50100A3DF33FCC9BD1644BD14FCA330AA9785000027207C380000"	"\Divisions\PD\Line Hailey\BD_Efforts\Vattenfall"
"000000009598E9A20E04F041B38518182890A2D50100A3DF33FCC9BD1644BD14FCA330AA978500001A9159A90000"	"\Divisions\PD\Line Hailey\BD_Efforts\Vertex\Tablaruca"
"000000009598E9A20E04F041B38518182890A2D50100A3DF33FCC9BD1644BD14FCA330AA978500001F12C5FD0000"	"\Divisions\PD\Line Hailey\BD_Efforts\Wheeler Electric"
"000000009598E9A20E04F041B38518182890A2D50100A3DF33FCC9BD1644BD14FCA330AA978500001F1C41210000"	"\Divisions\PD\Line Hailey\BD_Efforts\WREC_Wells Rural Electric\2014"
"000000009598E9A20E04F041B38518182890A2D50100A3DF33FCC9BD1644BD14FCA330AA978500002BF314520000"	"\Divisions\PD\Line Hailey\BD_Efforts\Yukon Energy Corporation\2016\Stewart Keno T-Line"
"000000009598E9A20E04F041B38518182890A2D501001296C725372D7F4B86B758A22EA3141B00000034DD1A0000"	"\Divisions\PD\Line Hailey\CLIENT_STDS_GENERAL\brazos-general\109870-Hugo"
"000000009598E9A20E04F041B38518182890A2D50100A3DF33FCC9BD1644BD14FCA330AA9785000018F347970000"	"\Divisions\PD\Line Hailey\CLIENT_STDS_GENERAL\brazos-general\trimmier"
"000000009598E9A20E04F041B38518182890A2D50100A3DF33FCC9BD1644BD14FCA330AA97850000191274ED0000"	"\Divisions\PD\Line Hailey\Distribution Design Services\Distribution Design Services"
"000000009598E9A20E04F041B38518182890A2D50100A3DF33FCC9BD1644BD14FCA330AA978500001B1D26A50000"	"\Divisions\PD\Line Hailey\Line Kansas City\121171 IID-230KV TRANSMSN RECCORD"
"000000009598E9A20E04F041B38518182890A2D50100A3DF33FCC9BD1644BD14FCA330AA978500001B1D26D20000"	"\Divisions\PD\Line Hailey\Line Kansas City\124142 GESTAMP SOLAR-SEPV-2 RIG ENGINEERING"
"000000009598E9A20E04F041B38518182890A2D50100A3DF33FCC9BD1644BD14FCA330AA978500001B1D26FF0000"	"\Divisions\PD\Line Hailey\Line Kansas City\128515 MOSS-HOLT 138KV LINE"
"000000009598E9A20E04F041B38518182890A2D5010012225CC57BF01F4EA8CCA87A792FF35F0001B36E3BA00000"	"\Divisions\PD\Line Hailey\TSDOS18"
"000000009598E9A20E04F041B38518182890A2D50100A3DF33FCC9BD1644BD14FCA330AA97850000261F02620000"	"\Divisions\PD\Line Hamilton\138962/140205/142284"
"000000009598E9A20E04F041B38518182890A2D5010012225CC57BF01F4EA8CCA87A792FF35F00002D5DDD950000"	"\Divisions\PD\Line Hamilton\143783"
"000000009598E9A20E04F041B38518182890A2D5010012225CC57BF01F4EA8CCA87A792FF35F000174EAD0E30000"	"\Divisions\PD\Line Hamilton\150559"
"000000009598E9A20E04F041B38518182890A2D50100E34BFE500669CD49AC2E27C6C54DE39D0000000D59940000"	"\Divisions\PD\Line Houston\00-Closed Projects (remove by 11/09)\110202\Bids Received"
"000000009598E9A20E04F041B38518182890A2D50100E34BFE500669CD49AC2E27C6C54DE39D0000001E36890000"	"\Divisions\PD\Line Houston\00-Proposals_BD"
"000000009598E9A20E04F041B38518182890A2D50100E34BFE500669CD49AC2E27C6C54DE39D0000000D593B0000"	"\Divisions\PD\Line Houston\107391 Alaskan Way Via Duct\00 DALS\021707"
"000000009598E9A20E04F041B38518182890A2D50100E34BFE500669CD49AC2E27C6C54DE39D0000000AFD620000"	"\Divisions\PD\Line Houston\107391 Alaskan Way Via Duct\00 UPLOADED TO DMS or PWC\00 Meeting Minutes\AWV-060"
"000000009598E9A20E04F041B38518182890A2D50100E34BFE500669CD49AC2E27C6C54DE39D0000000D592E0000"	"\Divisions\PD\Line Houston\107391 Alaskan Way Via Duct\00 UPLOADED TO DMS or PWC\00 Request For Information\AWV-063"
"000000009598E9A20E04F041B38518182890A2D50100E34BFE500669CD49AC2E27C6C54DE39D0000000AFD860000"	"\Divisions\PD\Line Houston\107391 Alaskan Way Via Duct\00 UPLOADED TO DMS or PWC\AWV-003 thru AWV-050\AWV-023"
"000000009598E9A20E04F041B38518182890A2D50100E34BFE500669CD49AC2E27C6C54DE39D0000000AFD870000"	"\Divisions\PD\Line Houston\107391 Alaskan Way Via Duct\00 UPLOADED TO DMS or PWC\AWV-050 thruy AWV-100"
"000000009598E9A20E04F041B38518182890A2D50100E34BFE500669CD49AC2E27C6C54DE39D0000000D59210000"	"\Divisions\PD\Line Houston\107391 Alaskan Way Via Duct\00 UPLOADED TO DMS or PWC\AWV-050 thruy AWV-100\AWV-077"
"000000009598E9A20E04F041B38518182890A2D50100E34BFE500669CD49AC2E27C6C54DE39D0000000AFD540000"	"\Divisions\PD\Line Houston\107391 Alaskan Way Via Duct\PWC"
"000000009598E9A20E04F041B38518182890A2D50100A3DF33FCC9BD1644BD14FCA330AA978500001EE918700000"	"\Divisions\PD\Line Houston\135488_AEP_Coleman East_WO#"
"000000009598E9A20E04F041B38518182890A2D50100F3BCE3A574023B4482F2E427B5A3121800004D8F119E0000"	"\Divisions\PD\Line Houston\136787_AEP_Alexandria_WO#"
"000000009598E9A20E04F041B38518182890A2D50100A3DF33FCC9BD1644BD14FCA330AA978500002A5E82520000"	"\Divisions\PD\Line Kansas City\139730 Entergy LA LNG\Estimate"
"000000009598E9A20E04F041B38518182890A2D50100A3DF33FCC9BD1644BD14FCA330AA9785000018C349990000"	"\Divisions\PD\Line Orlando\128723 FPL-STRUCTURAL ENG SVC"
"000000009598E9A20E04F041B38518182890A2D50100A3DF33FCC9BD1644BD14FCA330AA978500001D3769340000"	"\Divisions\PD\Line Orlando\133547-FPL-PINEWOOD PERM LINE STR'L"
"000000009598E9A20E04F041B38518182890A2D50100A3DF33FCC9BD1644BD14FCA330AA978500001F8C7E840000"	"\Divisions\PD\Line Orlando\136069-FPL-T12632-VERIZON GREEN FROG"
"000000009598E9A20E04F041B38518182890A2D50100A3DF33FCC9BD1644BD14FCA330AA9785000021AFE3100000"	"\Divisions\PD\Line Orlando\137476-FPL T&E STRUCT'L ANALYSIS PROJ"
"000000009598E9A20E04F041B38518182890A2D50100A3DF33FCC9BD1644BD14FCA330AA978500002825D4520000"	"\Divisions\PD\Line Orlando\140965-OUC 7-02 POLE REPLACE"
"000000009598E9A20E04F041B38518182890A2D5010012225CC57BF01F4EA8CCA87A792FF35F00002296EB2E0000"	"\Divisions\PD\Line Orlando\143757-FPL-SW 3156 ST STRUCTURE 228U6"
"000000009598E9A20E04F041B38518182890A2D50100CB7D9B6512D7374A860FE542D57703920000011D92820000"	"\Divisions\PD\Line Portland\122927 - WEBER LAKE SUB 115kV & 34.5kV"
"000000009598E9A20E04F041B38518182890A2D50100A3DF33FCC9BD1644BD14FCA330AA978500001B64F8950000"	"\Divisions\PD\Line Portland\131836 - FS Stateline"
"000000009598E9A20E04F041B38518182890A2D50100A3DF33FCC9BD1644BD14FCA330AA97850000224006D20000"	"\Divisions\PD\Line Portland\137947 - OKPUD Pateros"
"000000009598E9A20E04F041B38518182890A2D5010012225CC57BF01F4EA8CCA87A792FF35F000114281C430000"	"\Divisions\PD\Line Portland\143548 - HECO HART City Center"
"000000009598E9A20E04F041B38518182890A2D5010012225CC57BF01F4EA8CCA87A792FF35F0001050A3D8D0000"	"\Divisions\PD\Line Portland\147831 - AEP Uvalde-Campwood"
"000000009598E9A20E04F041B38518182890A2D5010012225CC57BF01F4EA8CCA87A792FF35F00028774B2930000"	"\Divisions\PD\Line Portland\155635 - MP Blackberry-Iron Range"
"000000009598E9A20E04F041B38518182890A2D5010012225CC57BF01F4EA8CCA87A792FF35F000162F5FFDF0000"	"\Divisions\PD\Line Portland\Wilson - SCE VSSP"
"000000009598E9A20E04F041B38518182890A2D50100A3DF33FCC9BD1644BD14FCA330AA97850000248AB0290000"	"\Divisions\PD\Line San Diego\139420 - SDGE TL13833 NERC Comp"
"000000009598E9A20E04F041B38518182890A2D50100A3DF33FCC9BD1644BD14FCA330AA978500001DD1E2DD0000"	"\Divisions\PD\Line San Diego\San Diego Line Calendar"
"000000009598E9A20E04F041B38518182890A2D5010012225CC57BF01F4EA8CCA87A792FF35F000087570E720000"	"\Divisions\PD\Line Syracuse\_PPL HOLD\145225 PPL - B44923 SEG 5A HARLEY SUB"
"000000009598E9A20E04F041B38518182890A2D5010012225CC57BF01F4EA8CCA87A792FF35F0002DE82E6D20000"	"\Divisions\PD\MPD\Trade Shows\2019 Trade Shows\ACS Customer Conference"
"000000009598E9A20E04F041B38518182890A2D50100572FF007A7D6B64CA96E5CFE8E1CC1A40000001397E70000"	"\Divisions\PD\North Attleboro Project Site\AIR's\Closed AIR's\0027"
"000000009598E9A20E04F041B38518182890A2D50100572FF007A7D6B64CA96E5CFE8E1CC1A400000014C0F10000"	"\Divisions\PD\North Attleboro Project Site\AIR's\Closed AIR's\0078"
"000000009598E9A20E04F041B38518182890A2D501006C95E27D1ACA634AA1AADC20796388DD00000066EAB40000"	"\Divisions\PD\North Attleboro Project Site\Concord"
"000000009598E9A20E04F041B38518182890A2D50100572FF007A7D6B64CA96E5CFE8E1CC1A40000001292040000"	"\Divisions\PD\North Attleboro Project Site\Projects\113507-Drumrock SS 115kV EQ Upgr"
"000000009598E9A20E04F041B38518182890A2D50100572FF007A7D6B64CA96E5CFE8E1CC1A40000001291F60000"	"\Divisions\PD\North Attleboro Project Site\Projects\113519-G185N Recon Drumrock-Kent"
"000000009598E9A20E04F041B38518182890A2D50100A3DF33FCC9BD1644BD14FCA330AA978500001A2242E10000"	"\Divisions\PD\North Attleboro Project Site\Projects\123206-NSTAR-CHELSEA STATION #488"
"000000009598E9A20E04F041B38518182890A2D50100A3DF33FCC9BD1644BD14FCA330AA978500001A1E74450000"	"\Divisions\PD\North Attleboro Project Site\Projects\130719-NGRID-GAS REGULATOR SITE W ROXBURY "
"000000009598E9A20E04F041B38518182890A2D5010012225CC57BF01F4EA8CCA87A792FF35F0002ECB6052D0000"	"\Divisions\PD\PCI Entergy"
"000000009598E9A20E04F041B38518182890A2D50100A3DF33FCC9BD1644BD14FCA330AA978500001C97756D0000"	"\Divisions\PD\PCI Sacramento\00-DMS Upload\Ameren - NERC Program\Engineering"
"000000009598E9A20E04F041B38518182890A2D501006C95E27D1ACA634AA1AADC20796388DD000000DE177E0000"	"\Divisions\PD\PCI Sacramento\113505 Berry Street"
"000000009598E9A20E04F041B38518182890A2D50100A3DF33FCC9BD1644BD14FCA330AA978500000E8624D70000"	"\Divisions\PD\PCI Sacramento\117291 NPPD345KV AXTELL-KANSAS LINE\Axtell-Kansas\Contract"
"000000009598E9A20E04F041B38518182890A2D50100A3DF33FCC9BD1644BD14FCA330AA9785000016B859C00000"	"\Divisions\PD\PCI Sacramento\121106 NGRID-NEEWS TL PH 2/3 OE SUPP"
"000000009598E9A20E04F041B38518182890A2D501001953B16A689BCD4AA8FC82955DB27CB1000001CEC6270000"	"\Divisions\PD\PCI Sacramento\121690 ON Line Project\All Inspector Reports\Drilled Pier Foundation"
"000000009598E9A20E04F041B38518182890A2D501001953B16A689BCD4AA8FC82955DB27CB1000001CEC65D0000"	"\Divisions\PD\PCI Sacramento\121690 ON Line Project\All Inspector Reports\Precast As Built"
"000000009598E9A20E04F041B38518182890A2D50100A3DF33FCC9BD1644BD14FCA330AA97850000176F4A530000"	"\Divisions\PD\PCI Sacramento\121690 ON Line Project\All Inspector Reports\Substation Materials"
"000000009598E9A20E04F041B38518182890A2D50100A3DF33FCC9BD1644BD14FCA330AA9785000016F96C960000"	"\Divisions\PD\PCI Sacramento\126094 DENTON LOOP 138 UPGRADE PH 2"
"000000009598E9A20E04F041B38518182890A2D50100A3DF33FCC9BD1644BD14FCA330AA9785000019C32BA90000"	"\Divisions\PD\PCI Sacramento\130481 NFD TO LANDER 115kV T-LINE"
"000000009598E9A20E04F041B38518182890A2D50100A3DF33FCC9BD1644BD14FCA330AA978500001C9772620000"	"\Divisions\PD\PCI Sacramento\132259 MO Program Management\001\Real Estate"
"000000009598E9A20E04F041B38518182890A2D50100A3DF33FCC9BD1644BD14FCA330AA978500001C9772AC0000"	"\Divisions\PD\PCI Sacramento\132259 MO Program Management\002\RFIs"
"000000009598E9A20E04F041B38518182890A2D50100A3DF33FCC9BD1644BD14FCA330AA978500001C9775530000"	"\Divisions\PD\PCI Sacramento\132259 MO Program Management\007\Safety"
"000000009598E9A20E04F041B38518182890A2D50100A3DF33FCC9BD1644BD14FCA330AA978500001C9773C50000"	"\Divisions\PD\PCI Sacramento\132259 MO Program Management\010\Schedule"
"000000009598E9A20E04F041B38518182890A2D50100A3DF33FCC9BD1644BD14FCA330AA978500001C9774200000"	"\Divisions\PD\PCI Sacramento\132259 MO Program Management\011\Scope"
"000000009598E9A20E04F041B38518182890A2D50100A3DF33FCC9BD1644BD14FCA330AA978500001C9774680000"	"\Divisions\PD\PCI Sacramento\132259 MO Program Management\012\TRANSMITTALS"
"000000009598E9A20E04F041B38518182890A2D50100A3DF33FCC9BD1644BD14FCA330AA978500001C9772BC0000"	"\Divisions\PD\PCI Sacramento\132259 MO Program Management\040"
"000000009598E9A20E04F041B38518182890A2D50100A3DF33FCC9BD1644BD14FCA330AA978500001C9773080000"	"\Divisions\PD\PCI Sacramento\132259 MO Program Management\060\Engineering"
"000000009598E9A20E04F041B38518182890A2D50100A3DF33FCC9BD1644BD14FCA330AA978500001C9773370000"	"\Divisions\PD\PCI Sacramento\132259 MO Program Management\080\Engineering Inspection"
"000000009598E9A20E04F041B38518182890A2D50100A3DF33FCC9BD1644BD14FCA330AA978500001C9773660000"	"\Divisions\PD\PCI Sacramento\132259 MO Program Management\090\Environmental"
"000000009598E9A20E04F041B38518182890A2D50100A3DF33FCC9BD1644BD14FCA330AA978500001C976A1F0000"	"\Divisions\PD\PCI Sacramento\132260 IL Program Management Support\001\Environmental"
"000000009598E9A20E04F041B38518182890A2D50100A3DF33FCC9BD1644BD14FCA330AA978500001C976A6C0000"	"\Divisions\PD\PCI Sacramento\132260 IL Program Management Support\002\Financial"
"000000009598E9A20E04F041B38518182890A2D50100A3DF33FCC9BD1644BD14FCA330AA978500001C97693A0000"	"\Divisions\PD\PCI Sacramento\132260 IL Program Management Support\003\Materials"
"000000009598E9A20E04F041B38518182890A2D50100A3DF33FCC9BD1644BD14FCA330AA978500001C976A9F0000"	"\Divisions\PD\PCI Sacramento\132260 IL Program Management Support\004\Meeting Items"
"000000009598E9A20E04F041B38518182890A2D50100A3DF33FCC9BD1644BD14FCA330AA978500001C976ACF0000"	"\Divisions\PD\PCI Sacramento\132260 IL Program Management Support\005\Misc"
"000000009598E9A20E04F041B38518182890A2D50100A3DF33FCC9BD1644BD14FCA330AA978500001C976AFE0000"	"\Divisions\PD\PCI Sacramento\132260 IL Program Management Support\006\Real Estate"
"000000009598E9A20E04F041B38518182890A2D50100A3DF33FCC9BD1644BD14FCA330AA978500001C976B2E0000"	"\Divisions\PD\PCI Sacramento\132260 IL Program Management Support\007\RFIs"
"000000009598E9A20E04F041B38518182890A2D50100A3DF33FCC9BD1644BD14FCA330AA978500001C976B5D0000"	"\Divisions\PD\PCI Sacramento\132260 IL Program Management Support\008\Safety"
"000000009598E9A20E04F041B38518182890A2D50100A3DF33FCC9BD1644BD14FCA330AA978500001C976C060000"	"\Divisions\PD\PCI Sacramento\132260 IL Program Management Support\009\Schedule"
"000000009598E9A20E04F041B38518182890A2D50100A3DF33FCC9BD1644BD14FCA330AA978500001C976C360000"	"\Divisions\PD\PCI Sacramento\132260 IL Program Management Support\010\Scope"
"000000009598E9A20E04F041B38518182890A2D50100A3DF33FCC9BD1644BD14FCA330AA978500001C976C650000"	"\Divisions\PD\PCI Sacramento\132260 IL Program Management Support\011\TRANSMITTALS"
"000000009598E9A20E04F041B38518182890A2D50100A3DF33FCC9BD1644BD14FCA330AA978500001C976C970000"	"\Divisions\PD\PCI Sacramento\132260 IL Program Management Support\013"
"000000009598E9A20E04F041B38518182890A2D50100A3DF33FCC9BD1644BD14FCA330AA978500001C976CC60000"	"\Divisions\PD\PCI Sacramento\132260 IL Program Management Support\014\Engineering"
"000000009598E9A20E04F041B38518182890A2D50100A3DF33FCC9BD1644BD14FCA330AA978500001C976CF60000"	"\Divisions\PD\PCI Sacramento\132260 IL Program Management Support\015\Engineering Inspection"
"000000009598E9A20E04F041B38518182890A2D50100A3DF33FCC9BD1644BD14FCA330AA978500001C976D260000"	"\Divisions\PD\PCI Sacramento\132260 IL Program Management Support\016\Environmental"
"000000009598E9A20E04F041B38518182890A2D50100A3DF33FCC9BD1644BD14FCA330AA978500001C976D580000"	"\Divisions\PD\PCI Sacramento\132260 IL Program Management Support\017\Financial"
"000000009598E9A20E04F041B38518182890A2D50100A3DF33FCC9BD1644BD14FCA330AA978500001C976D870000"	"\Divisions\PD\PCI Sacramento\132260 IL Program Management Support\019\Materials"
"000000009598E9A20E04F041B38518182890A2D50100A3DF33FCC9BD1644BD14FCA330AA978500001C976DC30000"	"\Divisions\PD\PCI Sacramento\132260 IL Program Management Support\020\Meeting Items"
"000000009598E9A20E04F041B38518182890A2D50100A3DF33FCC9BD1644BD14FCA330AA978500001C976E950000"	"\Divisions\PD\PCI Sacramento\132260 IL Program Management Support\021\Misc"
"000000009598E9A20E04F041B38518182890A2D50100A3DF33FCC9BD1644BD14FCA330AA978500001C976ECC0000"	"\Divisions\PD\PCI Sacramento\132260 IL Program Management Support\022\Real Estate"
"000000009598E9A20E04F041B38518182890A2D50100A3DF33FCC9BD1644BD14FCA330AA978500001C976EFE0000"	"\Divisions\PD\PCI Sacramento\132260 IL Program Management Support\023\RFIs"
"000000009598E9A20E04F041B38518182890A2D50100A3DF33FCC9BD1644BD14FCA330AA978500001C976F2D0000"	"\Divisions\PD\PCI Sacramento\132260 IL Program Management Support\024\Safety"
"000000009598E9A20E04F041B38518182890A2D50100A3DF33FCC9BD1644BD14FCA330AA978500001C976F5C0000"	"\Divisions\PD\PCI Sacramento\132260 IL Program Management Support\025\Schedule"
"000000009598E9A20E04F041B38518182890A2D50100A3DF33FCC9BD1644BD14FCA330AA978500001C976F8B0000"	"\Divisions\PD\PCI Sacramento\132260 IL Program Management Support\026\Scope"
"000000009598E9A20E04F041B38518182890A2D50100A3DF33FCC9BD1644BD14FCA330AA978500001C976FBB0000"	"\Divisions\PD\PCI Sacramento\132260 IL Program Management Support\027\TRANSMITTALS"
"000000009598E9A20E04F041B38518182890A2D50100A3DF33FCC9BD1644BD14FCA330AA978500001C976FFD0000"	"\Divisions\PD\PCI Sacramento\132260 IL Program Management Support\030"
"000000009598E9A20E04F041B38518182890A2D50100A3DF33FCC9BD1644BD14FCA330AA978500001C97702C0000"	"\Divisions\PD\PCI Sacramento\132260 IL Program Management Support\031\Engineering"
"000000009598E9A20E04F041B38518182890A2D50100A3DF33FCC9BD1644BD14FCA330AA978500001C97705C0000"	"\Divisions\PD\PCI Sacramento\132260 IL Program Management Support\032\Engineering Inspection"
"000000009598E9A20E04F041B38518182890A2D50100A3DF33FCC9BD1644BD14FCA330AA978500001C97708B0000"	"\Divisions\PD\PCI Sacramento\132260 IL Program Management Support\033\Environmental"
"000000009598E9A20E04F041B38518182890A2D50100A3DF33FCC9BD1644BD14FCA330AA978500001C9770BA0000"	"\Divisions\PD\PCI Sacramento\132260 IL Program Management Support\034\Financial"
"000000009598E9A20E04F041B38518182890A2D50100A3DF33FCC9BD1644BD14FCA330AA978500001C9770E90000"	"\Divisions\PD\PCI Sacramento\132260 IL Program Management Support\035\Materials"
"000000009598E9A20E04F041B38518182890A2D50100A3DF33FCC9BD1644BD14FCA330AA978500001C9771B20000"	"\Divisions\PD\PCI Sacramento\132260 IL Program Management Support\036\Meeting Items"
"000000009598E9A20E04F041B38518182890A2D50100A3DF33FCC9BD1644BD14FCA330AA978500001D5A61ED0000"	"\Divisions\PD\PCI Sacramento\132260 IL Program Management Support\037\Misc"
"000000009598E9A20E04F041B38518182890A2D50100A3DF33FCC9BD1644BD14FCA330AA978500001D5A623D0000"	"\Divisions\PD\PCI Sacramento\132260 IL Program Management Support\038\Real Estate"
"000000009598E9A20E04F041B38518182890A2D50100A3DF33FCC9BD1644BD14FCA330AA978500001D5A62700000"	"\Divisions\PD\PCI Sacramento\132260 IL Program Management Support\039\RFIs"
"000000009598E9A20E04F041B38518182890A2D50100A3DF33FCC9BD1644BD14FCA330AA978500001D5A62C30000"	"\Divisions\PD\PCI Sacramento\132260 IL Program Management Support\040\Safety"
"000000009598E9A20E04F041B38518182890A2D50100A3DF33FCC9BD1644BD14FCA330AA978500001D5A63C90000"	"\Divisions\PD\PCI Sacramento\132260 IL Program Management Support\041\Schedule"
"000000009598E9A20E04F041B38518182890A2D50100A3DF33FCC9BD1644BD14FCA330AA978500002179CACC0000"	"\Divisions\PD\PCI Sacramento\137310 - LAKE CHARLES TRANSMISSION"
"000000009598E9A20E04F041B38518182890A2D50100A3DF33FCC9BD1644BD14FCA330AA97850000293F7BB60000"	"\Divisions\PD\PCI Sacramento\141407 - RIO PUERCO SVC ENRGZ SPPT"
"000000009598E9A20E04F041B38518182890A2D5010012225CC57BF01F4EA8CCA87A792FF35F0001B17040990000"	"\Divisions\PD\PCI Sacramento\152690 - P2S 23 KV TLINE"
"000000009598E9A20E04F041B38518182890A2D50100E34BFE500669CD49AC2E27C6C54DE39D00000018EF440000"	"\Divisions\PD\PCI Sacramento\Houston Projects\114672_CenterPoint_Energy\WA_Parish_Station"
"000000009598E9A20E04F041B38518182890A2D50100A3DF33FCC9BD1644BD14FCA330AA97850000161FF4990000"	"\Divisions\PD\PDS Group Phoenix\124937 ID PDS MSA Transmission Plan"
"000000009598E9A20E04F041B38518182890A2D50100A3DF33FCC9BD1644BD14FCA330AA9785000016200AC40000"	"\Divisions\PD\PDS Group Phoenix\124969 SSVEC Share of Cochise Co"
"000000009598E9A20E04F041B38518182890A2D50100A3DF33FCC9BD1644BD14FCA330AA978500001B17FF3E0000"	"\Divisions\PD\PDS Group Phoenix\124986 TEP Capital Budget\Budget Studies"
"000000009598E9A20E04F041B38518182890A2D50100A3DF33FCC9BD1644BD14FCA330AA978500001B21F4D50000"	"\Divisions\PD\PDS Group Phoenix\124988 TEP UNS Kingman Wind II\WESTERN WIND - Steel Park[16w+4s]\FeS\HILLTOP T2 OL [2011HS]"
"000000009598E9A20E04F041B38518182890A2D50100A3DF33FCC9BD1644BD14FCA330AA97850000161FFD010000"	"\Divisions\PD\PDS Group Phoenix\124991 TEP Share ACC BTA"
"000000009598E9A20E04F041B38518182890A2D50100A3DF33FCC9BD1644BD14FCA330AA9785000016F0BB2E0000"	"\Divisions\PD\PDS Group Phoenix\126416 IID Work Order #16"
"000000009598E9A20E04F041B38518182890A2D50100A3DF33FCC9BD1644BD14FCA330AA97850000176ACDD40000"	"\Divisions\PD\PDS Group Phoenix\127672 FC-MKP Analysis"
"000000009598E9A20E04F041B38518182890A2D50100A3DF33FCC9BD1644BD14FCA330AA97850000194B21610000"	"\Divisions\PD\PDS Group Phoenix\129426 Torch Mill Pond PSSE MDL Bldg"
"000000009598E9A20E04F041B38518182890A2D50100A3DF33FCC9BD1644BD14FCA330AA978500001AAB432E0000"	"\Divisions\PD\PDS Group Phoenix\131352 Ocotillo Generation Expansion"
"000000009598E9A20E04F041B38518182890A2D50100A3DF33FCC9BD1644BD14FCA330AA978500001B82AF670000"	"\Divisions\PD\PDS Group Phoenix\132511 Cogentrix-Gas Plant Renderings"
"000000009598E9A20E04F041B38518182890A2D50100A3DF33FCC9BD1644BD14FCA330AA978500001D3C38A90000"	"\Divisions\PD\PDS Group Phoenix\133351 WINNEMUCCA FARMS FEAS ANALYSIS"
"000000009598E9A20E04F041B38518182890A2D50100A3DF33FCC9BD1644BD14FCA330AA97850000161FC53C0000"	"\Divisions\PD\PDS Group Phoenix\CLOSED\125014 - Closed"
"000000009598E9A20E04F041B38518182890A2D5010012225CC57BF01F4EA8CCA87A792FF35F00053876816F0000"	"\Divisions\PD\PM Group\169043_T27394_Dade-Airport 138kV Reconductor\Design\Fault Current"
"000000009598E9A20E04F041B38518182890A2D5010012225CC57BF01F4EA8CCA87A792FF35F0004BE82B67B0000"	"\Divisions\PD\Power Delivery Program Mgmt Group"
"000000009598E9A20E04F041B38518182890A2D501001953B16A689BCD4AA8FC82955DB27CB1000001C230A50000"	"\Divisions\PD\Project Control\100425 - PCI\Net4Site"
"000000009598E9A20E04F041B38518182890A2D501006C95E27D1ACA634AA1AADC20796388DD000000C668200000"	"\Divisions\PD\Project Control\100501 - Office PV Project - Hailey\Robison Roofing"
"000000009598E9A20E04F041B38518182890A2D501006C95E27D1ACA634AA1AADC20796388DD0000004D966A0000"	"\Divisions\PD\Project Control\112485- Catenary Installation\Kitimat Iron"
"000000009598E9A20E04F041B38518182890A2D501006C95E27D1ACA634AA1AADC20796388DD00000049C59E0000"	"\Divisions\PD\Project Control\112900- Major Equip Specs & Procurement TX Gulf Wind\112900.03- TX Gulf Wind"
"000000009598E9A20E04F041B38518182890A2D501006C95E27D1ACA634AA1AADC20796388DD00000049C5910000"	"\Divisions\PD\Project Control\113462- Simplot ML Halver Controls"
"000000009598E9A20E04F041B38518182890A2D501006C95E27D1ACA634AA1AADC20796388DD000000961DB90000"	"\Divisions\PD\Project Control\113487 - Kent County 1 - National Grid\Procurement Documents"
"000000009598E9A20E04F041B38518182890A2D501006C95E27D1ACA634AA1AADC20796388DD000000B62F130000"	"\Divisions\PD\Project Control\113487 - Kent County 2 - National Grid\Graybar"
"000000009598E9A20E04F041B38518182890A2D501006C95E27D1ACA634AA1AADC20796388DD0000007BA6290000"	"\Divisions\PD\Project Control\113514 - Berry Street TAPS - NEEWS"
"000000009598E9A20E04F041B38518182890A2D501006C95E27D1ACA634AA1AADC20796388DD0000005101180000"	"\Divisions\PD\Project Control\114144 - Pioneer Prairie PH2"
"000000009598E9A20E04F041B38518182890A2D501006C95E27D1ACA634AA1AADC20796388DD00000057553E0000"	"\Divisions\PD\Project Control\114841 - Northside Sub - Amalgamated Sugar"
"000000009598E9A20E04F041B38518182890A2D501006C95E27D1ACA634AA1AADC20796388DD0000006607B50000"	"\Divisions\PD\Project Control\115069 - High Lonesome\SEL"
"000000009598E9A20E04F041B38518182890A2D501006C95E27D1ACA634AA1AADC20796388DD0000005987730000"	"\Divisions\PD\Project Control\115615 - Blue Canyon"
"000000009598E9A20E04F041B38518182890A2D501006C95E27D1ACA634AA1AADC20796388DD00000078C8980000"	"\Divisions\PD\Project Control\116954 - Pueblo Sub - Sulphur Springs Valley Elec Coop"
"000000009598E9A20E04F041B38518182890A2D501006C95E27D1ACA634AA1AADC20796388DD000000ACDFC80000"	"\Divisions\PD\Project Control\117587 - Midwest Ogallah Switchyard\Alpha Power"
"000000009598E9A20E04F041B38518182890A2D501006C95E27D1ACA634AA1AADC20796388DD0000007BA6530000"	"\Divisions\PD\Project Control\118397 - Twin Groves 1 - Horizon Wind"
"000000009598E9A20E04F041B38518182890A2D501006C95E27D1ACA634AA1AADC20796388DD0000009164A90000"	"\Divisions\PD\Project Control\119059 - Post Oak Var Controller - Horizon Wind"
"000000009598E9A20E04F041B38518182890A2D501006C95E27D1ACA634AA1AADC20796388DD000000C6C99C0000"	"\Divisions\PD\Project Control\119909 - CMP - 115kV Breaker Replacement\Graybar"
"000000009598E9A20E04F041B38518182890A2D501006C95E27D1ACA634AA1AADC20796388DD000000C6681F0000"	"\Divisions\PD\Project Control\120883 - Synergy Small Wind"
"000000009598E9A20E04F041B38518182890A2D5010012225CC57BF01F4EA8CCA87A792FF35F0001A7C15AF90000"	"\Divisions\PD\Project Control\121632 - Lower Colorado River Authority (LCRA)"
"000000009598E9A20E04F041B38518182890A2D501006C95E27D1ACA634AA1AADC20796388DD000000E8AD460000"	"\Divisions\PD\Project Control\121660 - Clipper Shooting Star"
"000000009598E9A20E04F041B38518182890A2D501001953B16A689BCD4AA8FC82955DB27CB1000000E362610000"	"\Divisions\PD\Project Control\121660 - Clipper Shooting Star\Graybar"
"000000009598E9A20E04F041B38518182890A2D50100CB7D9B6512D7374A860FE542D57703920000010F66A70000"	"\Divisions\PD\Project Control\121690 - On Line"
"000000009598E9A20E04F041B38518182890A2D501001953B16A689BCD4AA8FC82955DB27CB1000000E0F30F0000"	"\Divisions\PD\Project Control\123097 - DSCADA / Progress Energy\Conrad Yelvington"
"000000009598E9A20E04F041B38518182890A2D50100A3DF33FCC9BD1644BD14FCA330AA978500000E73762C0000"	"\Divisions\PD\Project Control\123097 - DSCADA / Progress Energy\Vulcan Materials"
"000000009598E9A20E04F041B38518182890A2D501001953B16A689BCD4AA8FC82955DB27CB1000000EA7AEA0000"	"\Divisions\PD\Project Control\123451 - St. John Substation / SEPC\PASCOR"
"000000009598E9A20E04F041B38518182890A2D501001953B16A689BCD4AA8FC82955DB27CB100000156FB8B0000"	"\Divisions\PD\Project Control\124256 - Barber Sub."
"000000009598E9A20E04F041B38518182890A2D501001953B16A689BCD4AA8FC82955DB27CB100000197C5FA0000"	"\Divisions\PD\Project Control\124256 - Barber Sub.\Geotechnical Services, Inc."
"000000009598E9A20E04F041B38518182890A2D50100A3DF33FCC9BD1644BD14FCA330AA978500001DB749A70000"	"\Divisions\PD\Project Control\124354 - RR to Barber Eng"
"000000009598E9A20E04F041B38518182890A2D50100A3DF33FCC9BD1644BD14FCA330AA978500001727E2D60000"	"\Divisions\PD\Project Control\125583 - Cimarron Substation\Alstom Grid - PT's"
"000000009598E9A20E04F041B38518182890A2D50100A3DF33FCC9BD1644BD14FCA330AA97850000182FFB310000"	"\Divisions\PD\Project Control\125583 - Cimarron Substation\Kriz Davis - OH Conductor"
"000000009598E9A20E04F041B38518182890A2D50100A3DF33FCC9BD1644BD14FCA330AA978500001950D2D60000"	"\Divisions\PD\Project Control\125583 - Cimarron Substation\RFQ - Current Limiting Reactors\Southern Transformer"
"000000009598E9A20E04F041B38518182890A2D50100A3DF33FCC9BD1644BD14FCA330AA9785000017FF0B040000"	"\Divisions\PD\Project Control\125583 - Cimarron Substation\RFQ - UG for API & DCP Feeders"
"000000009598E9A20E04F041B38518182890A2D50100A3DF33FCC9BD1644BD14FCA330AA97850000175E1BDC0000"	"\Divisions\PD\Project Control\126373 - Harper Sub."
"000000009598E9A20E04F041B38518182890A2D50100A3DF33FCC9BD1644BD14FCA330AA9785000017C6A7C30000"	"\Divisions\PD\Project Control\126374 - Medicine Lodge Sub."
"000000009598E9A20E04F041B38518182890A2D50100A3DF33FCC9BD1644BD14FCA330AA97850000187866730000"	"\Divisions\PD\Project Control\126376 - Harper to Flat Ridge\Laydown Yards - Land Owner Leases\John L. Baker"
"000000009598E9A20E04F041B38518182890A2D50100A3DF33FCC9BD1644BD14FCA330AA97850000198387260000"	"\Divisions\PD\Project Control\127239 - TMK Nextera\RFQ - Transformer, 350MVA"
"000000009598E9A20E04F041B38518182890A2D50100A3DF33FCC9BD1644BD14FCA330AA9785000018DE45D90000"	"\Divisions\PD\Project Control\128070 - Macho Springs Solar\Control Building"
"000000009598E9A20E04F041B38518182890A2D50100A3DF33FCC9BD1644BD14FCA330AA9785000018E1C6A10000"	"\Divisions\PD\Project Control\128070 - Macho Springs Solar\Surge Arresters\ABB"
"000000009598E9A20E04F041B38518182890A2D50100A3DF33FCC9BD1644BD14FCA330AA978500001A8C7C100000"	"\Divisions\PD\Project Control\129781 - River Road\Disconnect Switches"
"000000009598E9A20E04F041B38518182890A2D50100A3DF33FCC9BD1644BD14FCA330AA978500001AD026720000"	"\Divisions\PD\Project Control\129781 - River Road\RFP - Fencing"
"000000009598E9A20E04F041B38518182890A2D50100A3DF33FCC9BD1644BD14FCA330AA978500001AAE5C680000"	"\Divisions\PD\Project Control\130338 - Shoofly's and Lines / SEPC\RFQ - Steel Poles\Falcon Steel"
"000000009598E9A20E04F041B38518182890A2D50100A3DF33FCC9BD1644BD14FCA330AA978500001CD601200000"	"\Divisions\PD\Project Control\130766 - CRS PH2\RFQ's\Insulators"
"000000009598E9A20E04F041B38518182890A2D50100A3DF33FCC9BD1644BD14FCA330AA978500001BC0AB490000"	"\Divisions\PD\Project Control\132085 - East Hall Sub.\Budgetary Pricing for Equipment\Station Service Transformer"
"000000009598E9A20E04F041B38518182890A2D50100A3DF33FCC9BD1644BD14FCA330AA978500001D60AA930000"	"\Divisions\PD\Project Control\132085 - East Hall Sub.\RFP's - Subcontractors\Great Southwestern"
"000000009598E9A20E04F041B38518182890A2D50100A3DF33FCC9BD1644BD14FCA330AA978500001C7B3E550000"	"\Divisions\PD\Project Control\132085 - East Hall Sub.\RFQ's\Control Building\Trachte"
"000000009598E9A20E04F041B38518182890A2D50100A3DF33FCC9BD1644BD14FCA330AA978500001CD34D2C0000"	"\Divisions\PD\Project Control\132085 - East Hall Sub.\RFQ's\Surge Arresters\ABB"
"000000009598E9A20E04F041B38518182890A2D50100A3DF33FCC9BD1644BD14FCA330AA978500001CFF98C60000"	"\Divisions\PD\Project Control\132085 - East Hall Sub.\Trench - Line Tuner"
"000000009598E9A20E04F041B38518182890A2D50100A3DF33FCC9BD1644BD14FCA330AA978500001E3EF7A70000"	"\Divisions\PD\Project Control\133317 - RS Shooflys & Lines\RFQ's"
"000000009598E9A20E04F041B38518182890A2D50100A3DF33FCC9BD1644BD14FCA330AA978500001F2990FD0000"	"\Divisions\PD\Project Control\133430 - North Fort Dodge\Contract Furnishings - Trailer Furniture"
"000000009598E9A20E04F041B38518182890A2D50100A3DF33FCC9BD1644BD14FCA330AA978500001E4EE7400000"	"\Divisions\PD\Project Control\133430 - North Fort Dodge\RFP's\Substation Contractor\PAR"
"000000009598E9A20E04F041B38518182890A2D50100A3DF33FCC9BD1644BD14FCA330AA978500001DB73D510000"	"\Divisions\PD\Project Control\133430 - North Fort Dodge\RFQ's\Control Building\Thermo Bond"
"000000009598E9A20E04F041B38518182890A2D50100A3DF33FCC9BD1644BD14FCA330AA978500001DA60D150000"	"\Divisions\PD\Project Control\133430 - North Fort Dodge\RFQ's\Line Tuner, 115kV"
"000000009598E9A20E04F041B38518182890A2D50100A3DF33FCC9BD1644BD14FCA330AA978500001E1F1DA10000"	"\Divisions\PD\Project Control\133430 - North Fort Dodge\Trench - Line Trap, 115kV"
"000000009598E9A20E04F041B38518182890A2D50100A3DF33FCC9BD1644BD14FCA330AA9785000027892DC20000"	"\Divisions\PD\Project Control\133432 - Spearville Substation\Jay-Cee - Rivetsonline.com"
"000000009598E9A20E04F041B38518182890A2D50100A3DF33FCC9BD1644BD14FCA330AA97850000208C759A0000"	"\Divisions\PD\Project Control\133432 - Spearville Substation\RFP's\Electrical Construction\PAR"
"000000009598E9A20E04F041B38518182890A2D50100A3DF33FCC9BD1644BD14FCA330AA978500001DF43EC00000"	"\Divisions\PD\Project Control\133432 - Spearville Substation\RFQ's\345kV A-Frame Structure\Powerfab"
"000000009598E9A20E04F041B38518182890A2D50100A3DF33FCC9BD1644BD14FCA330AA978500001E0C63620000"	"\Divisions\PD\Project Control\133432 - Spearville Substation\SB Systems - Control Building"
"000000009598E9A20E04F041B38518182890A2D50100A3DF33FCC9BD1644BD14FCA330AA978500001EF881770000"	"\Divisions\PD\Project Control\133548 - RS-NFD to Spearville 115kV\North End Disposal"
"000000009598E9A20E04F041B38518182890A2D50100A3DF33FCC9BD1644BD14FCA330AA978500001DC2A5F00000"	"\Divisions\PD\Project Control\133548 - RS-NFD to Spearville 115kV\RFQ's\1272 ACSR Conductor\WESCO"
"000000009598E9A20E04F041B38518182890A2D50100A3DF33FCC9BD1644BD14FCA330AA978500002028744D0000"	"\Divisions\PD\Project Control\134710 - Cimarron River Sub PH2\G&W Electric - CLiP Device"
"000000009598E9A20E04F041B38518182890A2D50100A3DF33FCC9BD1644BD14FCA330AA9785000021B215D00000"	"\Divisions\PD\Project Control\134710 - Cimarron River Sub PH2\PAR - OH Line Construction"
"000000009598E9A20E04F041B38518182890A2D50100A3DF33FCC9BD1644BD14FCA330AA978500001E698A720000"	"\Divisions\PD\Project Control\134710 - Cimarron River Sub PH2\RFP's\Substation Construction\2014 Scope Only\PAR"
"000000009598E9A20E04F041B38518182890A2D50100A3DF33FCC9BD1644BD14FCA330AA978500001DE4963A0000"	"\Divisions\PD\Project Control\134710 - Cimarron River Sub PH2\RFP's\Substation Construction\System 3"
"000000009598E9A20E04F041B38518182890A2D50100A3DF33FCC9BD1644BD14FCA330AA978500001E2FBFAA0000"	"\Divisions\PD\Project Control\134710 - Cimarron River Sub PH2\RFQ's\ADSS Fiber Optic Cable - Underground\Wesco"
"000000009598E9A20E04F041B38518182890A2D50100A3DF33FCC9BD1644BD14FCA330AA978500001DE703620000"	"\Divisions\PD\Project Control\134710 - Cimarron River Sub PH2\RFQ's\Current Limiting Reactor, 13.8kV Indoor\Alstom Grid"
"000000009598E9A20E04F041B38518182890A2D50100A3DF33FCC9BD1644BD14FCA330AA978500001F0A272C0000"	"\Divisions\PD\Project Control\134710 - Cimarron River Sub PH2\RFQ's\Misc Materials\Graybar"
"000000009598E9A20E04F041B38518182890A2D50100A3DF33FCC9BD1644BD14FCA330AA978500001E6696530000"	"\Divisions\PD\Project Control\134710 - Cimarron River Sub PH2\RFQ's\Misc Underground Materials\WUE"
"000000009598E9A20E04F041B38518182890A2D50100A3DF33FCC9BD1644BD14FCA330AA978500001E47BDE00000"	"\Divisions\PD\Project Control\134710 - Cimarron River Sub PH2\RFQ's\SCADA & Control"
"000000009598E9A20E04F041B38518182890A2D50100A3DF33FCC9BD1644BD14FCA330AA978500002023EABD0000"	"\Divisions\PD\Project Control\134710 - Cimarron River Sub PH2\RFQ's\Substation Steel\Pelco"
"000000009598E9A20E04F041B38518182890A2D50100A3DF33FCC9BD1644BD14FCA330AA978500001E47AACA0000"	"\Divisions\PD\Project Control\134710 - Cimarron River Sub PH2\Southern Transformers & Magnetics - 13.8kV CLR's"
"000000009598E9A20E04F041B38518182890A2D5010012225CC57BF01F4EA8CCA87A792FF35F00009C5C34620000"	"\Divisions\PD\Project Control\135673 - High Point Substation\High Point Email"
"000000009598E9A20E04F041B38518182890A2D50100F3BCE3A574023B4482F2E427B5A3121800004E7EFAB60000"	"\Divisions\PD\Project Control\135673 - High Point Substation\RFP's\Construction\Interstate Electrical"
"000000009598E9A20E04F041B38518182890A2D50100A3DF33FCC9BD1644BD14FCA330AA978500002598F6200000"	"\Divisions\PD\Project Control\135673 - High Point Substation\RFQ's\Control Building\GE"
"000000009598E9A20E04F041B38518182890A2D50100A3DF33FCC9BD1644BD14FCA330AA97850000274E966D0000"	"\Divisions\PD\Project Control\135673 - High Point Substation\RFQ's\Insulators\WUE"
"000000009598E9A20E04F041B38518182890A2D50100A3DF33FCC9BD1644BD14FCA330AA978500002568C9D00000"	"\Divisions\PD\Project Control\135673 - High Point Substation\RFQ's\SSVT, 115kV\ABB"
"000000009598E9A20E04F041B38518182890A2D50100A3DF33FCC9BD1644BD14FCA330AA978500002782B6080000"	"\Divisions\PD\Project Control\135673 - High Point Substation\Trachte - Control Building"
"000000009598E9A20E04F041B38518182890A2D50100A3DF33FCC9BD1644BD14FCA330AA9785000027C9E7A00000"	"\Divisions\PD\Project Control\136778 - 2015 Oncor Project Controls Scheduling\2016 Schedules\POWER Initial Review"
"000000009598E9A20E04F041B38518182890A2D5010012225CC57BF01F4EA8CCA87A792FF35F00011D8C7A3F0000"	"\Divisions\PD\Project Control\143211 CNF"
"000000009598E9A20E04F041B38518182890A2D5010012225CC57BF01F4EA8CCA87A792FF35F00035C4FD27C0000"	"\Divisions\PD\Project Control\162024"
"000000009598E9A20E04F041B38518182890A2D50100A3DF33FCC9BD1644BD14FCA330AA97850000285AD7B60000"	"\Divisions\PD\Project Control\Elkhorn\Project Management Boise\Aaron Boston\00_DMS_Upload"
"000000009598E9A20E04F041B38518182890A2D5010012225CC57BF01F4EA8CCA87A792FF35F00000C4525DE0000"	"\Divisions\PD\Project Management Boise\141527_PECL Design\GIS"
"000000009598E9A20E04F041B38518182890A2D5010012225CC57BF01F4EA8CCA87A792FF35F00003452E6800000"	"\Divisions\PD\Project Management Boise\142892_PECL Project Management\ENV"
"000000009598E9A20E04F041B38518182890A2D5010012225CC57BF01F4EA8CCA87A792FF35F00004480C32C0000"	"\Divisions\PD\Project Management Boise\144130_PECL Stations\CRI"
"000000009598E9A20E04F041B38518182890A2D5010012225CC57BF01F4EA8CCA87A792FF35F0001D14B2E330000"	"\Divisions\PD\Project Management Boise\153300_SCE Wilson_Valley South Subtransmission Line EPC Project (VSSP)"
"000000009598E9A20E04F041B38518182890A2D50100A3DF33FCC9BD1644BD14FCA330AA978500001FB0E0E10000"	"\Divisions\PD\Project Management Boise\Aaron Boston\136228 Xcel 0799 UG Relocate"
"000000009598E9A20E04F041B38518182890A2D50100A3DF33FCC9BD1644BD14FCA330AA978500002A36AF140000"	"\Divisions\PD\Project Management Boise\Aaron Boston\141766 Xcel 6964 Rebuild"
"000000009598E9A20E04F041B38518182890A2D5010012225CC57BF01F4EA8CCA87A792FF35F00005BEAA7E80000"	"\Divisions\PD\Project Management Boise\Aaron Boston\SOQ Douglas CO 115kV"
"000000009598E9A20E04F041B38518182890A2D501006C95E27D1ACA634AA1AADC20796388DD0000009841940000"	"\Divisions\PD\Project Management Boise\John Oglevie\113199    PADUCAH CLARE"
"000000009598E9A20E04F041B38518182890A2D501006C95E27D1ACA634AA1AADC20796388DD00000098419F0000"	"\Divisions\PD\Project Management Boise\John Oglevie\113634    SO SANTA ROSA"
"000000009598E9A20E04F041B38518182890A2D501006C95E27D1ACA634AA1AADC20796388DD0000006E29A70000"	"\Divisions\PD\Project Management Boise\John Oglevie\113985    PEACOCK REMOVE SWITCH"
"000000009598E9A20E04F041B38518182890A2D501006C95E27D1ACA634AA1AADC20796388DD0000006E29A00000"	"\Divisions\PD\Project Management Boise\John Oglevie\114225    REEVES RD NEW STA"
"000000009598E9A20E04F041B38518182890A2D50100A3DF33FCC9BD1644BD14FCA330AA9785000019E847400000"	"\Divisions\PD\Project Management Boise\John Oglevie\114531    HEMINGWAY SUBSTATION\114531_e"
"000000009598E9A20E04F041B38518182890A2D501006C95E27D1ACA634AA1AADC20796388DD0000009458E80000"	"\Divisions\PD\Project Management Boise\John Oglevie\115004    BOONE ST UPG RELAY"
"000000009598E9A20E04F041B38518182890A2D501006C95E27D1ACA634AA1AADC20796388DD0000006E298E0000"	"\Divisions\PD\Project Management Boise\John Oglevie\115704    BOWMONT-HUBBARD"
"000000009598E9A20E04F041B38518182890A2D501006C95E27D1ACA634AA1AADC20796388DD000000A7C3480000"	"\Divisions\PD\Project Management Boise\John Oglevie\119020    DRESDEN (OP) STATION PROJ"
"000000009598E9A20E04F041B38518182890A2D50100A3DF33FCC9BD1644BD14FCA330AA978500001A03C3F20000"	"\Divisions\PD\Project Management Boise\John Oglevie\119108    SAN JACINTO Pre-2011\119108_k"
"000000009598E9A20E04F041B38518182890A2D501006C95E27D1ACA634AA1AADC20796388DD000000CEF1970000"	"\Divisions\PD\Project Management Boise\John Oglevie\121248    WILDCAT 138/12KV"
"000000009598E9A20E04F041B38518182890A2D50100CB7D9B6512D7374A860FE542D57703920000010EA57B0000"	"\Divisions\PD\Project Management Boise\John Oglevie\122716   GALLOWAY"
"000000009598E9A20E04F041B38518182890A2D501006C95E27D1ACA634AA1AADC20796388DD000000F51C650000"	"\Divisions\PD\Project Management Boise\John Oglevie\KENTON"
"000000009598E9A20E04F041B38518182890A2D5010012225CC57BF01F4EA8CCA87A792FF35F0000FD2CBF3C0000"	"\Divisions\PD\Project Management Freeport\Project Management Boise\137627_Harry Allen Eldorado Proposal"
"000000009598E9A20E04F041B38518182890A2D50100572FF007A7D6B64CA96E5CFE8E1CC1A40000005FE7E10000"	"\Divisions\PD\Project Management Hailey\122026 Rockland SCADA"
"000000009598E9A20E04F041B38518182890A2D501001953B16A689BCD4AA8FC82955DB27CB1000000CE97960000"	"\Divisions\PD\Project Management Hailey\123604 WREC Scada Upgrade"
"000000009598E9A20E04F041B38518182890A2D50100A3DF33FCC9BD1644BD14FCA330AA978500000E7F584C0000"	"\Divisions\PD\Project Management Hailey\124186 OE Energy Gateway South\00 Project Management\04 Cost Control\Budget\Invoicing"
"000000009598E9A20E04F041B38518182890A2D50100A3DF33FCC9BD1644BD14FCA330AA978500000E7F83F90000"	"\Divisions\PD\Project Management Hailey\124186 OE Energy Gateway South\00 Project Management\07 Project Manager\03 Deliverables Tracking\QAQC"
"000000009598E9A20E04F041B38518182890A2D50100A3DF33FCC9BD1644BD14FCA330AA978500000E7ECA780000"	"\Divisions\PD\Project Management Hailey\124186 OE Energy Gateway South\01 Preliminary Tech Requirements\01 T-Line\02 Tower Development"
"000000009598E9A20E04F041B38518182890A2D50100A3DF33FCC9BD1644BD14FCA330AA978500000E7EE3CB0000"	"\Divisions\PD\Project Management Hailey\124186 OE Energy Gateway South\01 Preliminary Tech Requirements\01 T-Line\13 Str Matl Lists"
"000000009598E9A20E04F041B38518182890A2D50100A3DF33FCC9BD1644BD14FCA330AA9785000016DAD7780000"	"\Divisions\PD\Project Management Hailey\124186 OE Energy Gateway South\02 Engineering Support to Geotech\02 Environment Permitting for Geotech Studies\ODIR_Duplicate_Items"
"000000009598E9A20E04F041B38518182890A2D50100A3DF33FCC9BD1644BD14FCA330AA978500000E69D2AB0000"	"\Divisions\PD\Project Management Hailey\124186 OE Energy Gateway South\04 Field Staking & Ground Truthing\08 Staking Maintenance"
"000000009598E9A20E04F041B38518182890A2D501001953B16A689BCD4AA8FC82955DB27CB1000001F131B70000"	"\Divisions\PD\Project Management Hailey\124186 OE Energy Gateway South\06 EPC RFP Package Support\02 Structure Bid Options"
"000000009598E9A20E04F041B38518182890A2D50100A3DF33FCC9BD1644BD14FCA330AA97850000174610480000"	"\Divisions\PD\Project Management Hailey\127118 Campo Verde"
"000000009598E9A20E04F041B38518182890A2D50100A3DF33FCC9BD1644BD14FCA330AA97850000199180D30000"	"\Divisions\PD\Project Management Hailey\129695 GE Windstream"
"000000009598E9A20E04F041B38518182890A2D50100A3DF33FCC9BD1644BD14FCA330AA97850000239361590000"	"\Divisions\PD\Project Management Hailey\138910 Simmental Solar Farm"
"000000009598E9A20E04F041B38518182890A2D5010012225CC57BF01F4EA8CCA87A792FF35F0000122E783E0000"	"\Divisions\PD\Project Management Hailey\139643 - Grand Prairie"
"000000009598E9A20E04F041B38518182890A2D5010012225CC57BF01F4EA8CCA87A792FF35F0000E3DE40B40000"	"\Divisions\PD\Project Management Hailey\147060_Timor-Leste_T-Line"
"000000009598E9A20E04F041B38518182890A2D50100A3DF33FCC9BD1644BD14FCA330AA978500001DB11AFC0000"	"\Divisions\PD\Project Management Hailey\KMP_TLBU\KM Committee"
"000000009598E9A20E04F041B38518182890A2D50100A3DF33FCC9BD1644BD14FCA330AA9785000017F054BD0000"	"\Divisions\PD\Project Management Hailey\Project Management Boise\115118 NorthWestern Energy \_NorthWestern Energy Event Calendar"
"000000009598E9A20E04F041B38518182890A2D50100A3DF33FCC9BD1644BD14FCA330AA97850000177391830000"	"\Divisions\PD\Project Management Hailey\VEA\002 Project Closed\127035_Vista - Pahrump_230kV Line\127035_Vista - Pahrump_230kV Line - Tasks"
"000000009598E9A20E04F041B38518182890A2D50100A3DF33FCC9BD1644BD14FCA330AA9785000019B0E3800000"	"\Divisions\PD\Project Management Hailey\VEA\002 Project Closed\127595_CM-PM Vista-Pahrump 230 kV Line"
"000000009598E9A20E04F041B38518182890A2D50100A3DF33FCC9BD1644BD14FCA330AA978500001E21B13B0000"	"\Divisions\PD\Project Management Hailey\VEA\128233_Innovation-Mercury 138kV\Environmental Emails\Innovation to Mercury"
"000000009598E9A20E04F041B38518182890A2D50100E34BFE500669CD49AC2E27C6C54DE39D0000001B9A750000"	"\Divisions\PD\Project Management St. Louis\112260 LS Power GSA\01-01 General Support"
"000000009598E9A20E04F041B38518182890A2D5010012225CC57BF01F4EA8CCA87A792FF35F00015333EE650000"	"\Divisions\PD\Project Management St. Louis\PTE Houston"
"000000009598E9A20E04F041B38518182890A2D5010012225CC57BF01F4EA8CCA87A792FF35F0006AEBD34540000"	"\Divisions\PD\Project Services\PD Project Services-Southwest\Calendar\Birthdays"
"000000009598E9A20E04F041B38518182890A2D501006C95E27D1ACA634AA1AADC20796388DD000000C1F16A0000"	"\Divisions\PD\PTE\Anaheim/SD Projects\120839 Converse Ground Rod Mt. Sac"
"000000009598E9A20E04F041B38518182890A2D501006C95E27D1ACA634AA1AADC20796388DD000000CEF1190000"	"\Divisions\PD\PTE\Anaheim/SD Projects\121250 Boeing Test Relays 11/27 Shutdown"
"000000009598E9A20E04F041B38518182890A2D501006C95E27D1ACA634AA1AADC20796388DD000000DE78B70000"	"\Divisions\PD\PTE\Anaheim/SD Projects\121734 SNOWDEN DISNEY STAGE DOOR CAFE"
"000000009598E9A20E04F041B38518182890A2D501006C95E27D1ACA634AA1AADC20796388DD000000EA18DD0000"	"\Divisions\PD\PTE\Anaheim/SD Projects\122125 BERG Test/Stdy Hills Parking"
"000000009598E9A20E04F041B38518182890A2D50100CB7D9B6512D7374A860FE542D577039200000114E7B10000"	"\Divisions\PD\PTE\Anaheim/SD Projects\122751 Mass OCSD Plant 2 VFD'S"
"000000009598E9A20E04F041B38518182890A2D50100CB7D9B6512D7374A860FE542D57703920000011F7CB30000"	"\Divisions\PD\PTE\Anaheim/SD Projects\123011 Steiny SWGR UCSD Pacific"
"000000009598E9A20E04F041B38518182890A2D50100CB7D9B6512D7374A860FE542D57703920000012D3D430000"	"\Divisions\PD\PTE\Anaheim/SD Projects\123503 El Capitan HS Study"
"000000009598E9A20E04F041B38518182890A2D501001953B16A689BCD4AA8FC82955DB27CB1000000D6D1410000"	"\Divisions\PD\PTE\Anaheim/SD Projects\123728 (PTE) Berg: USC Brain & Creat"
"000000009598E9A20E04F041B38518182890A2D501001953B16A689BCD4AA8FC82955DB27CB10000012ED1CC0000"	"\Divisions\PD\PTE\Anaheim/SD Projects\123898 GOULD ELEC. MIRAMAR COLLEGE"
"000000009598E9A20E04F041B38518182890A2D501001953B16A689BCD4AA8FC82955DB27CB10000014D201E0000"	"\Divisions\PD\PTE\Anaheim/SD Projects\124197 (PACIFIC TCH)SOLAR TURB(KM) "
"000000009598E9A20E04F041B38518182890A2D501001953B16A689BCD4AA8FC82955DB27CB10000016CE2710000"	"\Divisions\PD\PTE\Anaheim/SD Projects\124379 (DYNA) CVC RELAY SETTING "
"000000009598E9A20E04F041B38518182890A2D501001953B16A689BCD4AA8FC82955DB27CB1000001CCB9BD0000"	"\Divisions\PD\PTE\Anaheim/SD Projects\124575 QUINN -CANYON POWER "
"000000009598E9A20E04F041B38518182890A2D501001953B16A689BCD4AA8FC82955DB27CB1000001D028BA0000"	"\Divisions\PD\PTE\Anaheim/SD Projects\124773 AMCOR-CHINO:NEW CT&LOAD RECORD "
"000000009598E9A20E04F041B38518182890A2D501001953B16A689BCD4AA8FC82955DB27CB1000001EBE8020000"	"\Divisions\PD\PTE\Anaheim/SD Projects\125069 (LUSARDI) ECO RECYCLING "
"000000009598E9A20E04F041B38518182890A2D50100A3DF33FCC9BD1644BD14FCA330AA97850000175D4CAC0000"	"\Divisions\PD\PTE\Anaheim/SD Projects\125675 SADLER Mater Dei HS"
"000000009598E9A20E04F041B38518182890A2D50100A3DF33FCC9BD1644BD14FCA330AA97850000175DCD3E0000"	"\Divisions\PD\PTE\Anaheim/SD Projects\126112 Laser VA Hosp Oil"
"000000009598E9A20E04F041B38518182890A2D50100A3DF33FCC9BD1644BD14FCA330AA97850000175FF3270000"	"\Divisions\PD\PTE\Anaheim/SD Projects\126590 Ensley SD Airport"
"000000009598E9A20E04F041B38518182890A2D50100A3DF33FCC9BD1644BD14FCA330AA97850000176E895D0000"	"\Divisions\PD\PTE\Anaheim/SD Projects\126970 Miramar Hangars"
"000000009598E9A20E04F041B38518182890A2D50100A3DF33FCC9BD1644BD14FCA330AA97850000179119F20000"	"\Divisions\PD\PTE\Anaheim/SD Projects\127212 Snowden Elec Solar 2-Day Load"
"000000009598E9A20E04F041B38518182890A2D50100A3DF33FCC9BD1644BD14FCA330AA978500001755F4960000"	"\Divisions\PD\PTE\Anaheim/SD Projects\127393 SCWCE SAS San Bernardino CC"
"000000009598E9A20E04F041B38518182890A2D50100A3DF33FCC9BD1644BD14FCA330AA97850000176957080000"	"\Divisions\PD\PTE\Anaheim/SD Projects\127632 RBU South Bay Adult School"
"000000009598E9A20E04F041B38518182890A2D50100A3DF33FCC9BD1644BD14FCA330AA978500001777B4920000"	"\Divisions\PD\PTE\Anaheim/SD Projects\127885 (PDI) Universal Studios"
"000000009598E9A20E04F041B38518182890A2D50100A3DF33FCC9BD1644BD14FCA330AA9785000017CC537F0000"	"\Divisions\PD\PTE\Anaheim/SD Projects\128078 (PDI) Equinix Bldg"
"000000009598E9A20E04F041B38518182890A2D50100A3DF33FCC9BD1644BD14FCA330AA9785000017F9817F0000"	"\Divisions\PD\PTE\Anaheim/SD Projects\128229 Educational Cultural Complex"
"000000009598E9A20E04F041B38518182890A2D50100A3DF33FCC9BD1644BD14FCA330AA97850000183C52990000"	"\Divisions\PD\PTE\Anaheim/SD Projects\128433 Los Robles Hospital"
"000000009598E9A20E04F041B38518182890A2D50100A3DF33FCC9BD1644BD14FCA330AA97850000189B2F5F0000"	"\Divisions\PD\PTE\Anaheim/SD Projects\128708 UCSD Emergency CB Test"
"000000009598E9A20E04F041B38518182890A2D50100A3DF33FCC9BD1644BD14FCA330AA9785000018C804390000"	"\Divisions\PD\PTE\Anaheim/SD Projects\128943 Shire Regeneration Medicine"
"000000009598E9A20E04F041B38518182890A2D50100A3DF33FCC9BD1644BD14FCA330AA9785000018E63C780000"	"\Divisions\PD\PTE\Anaheim/SD Projects\129148 (Gould) Peter Burnett ES"
"000000009598E9A20E04F041B38518182890A2D50100A3DF33FCC9BD1644BD14FCA330AA97850000194D50C20000"	"\Divisions\PD\PTE\Anaheim/SD Projects\129319 Del Lago Academy"
"000000009598E9A20E04F041B38518182890A2D50100A3DF33FCC9BD1644BD14FCA330AA97850000197317280000"	"\Divisions\PD\PTE\Anaheim/SD Projects\129604 Onyx Service Call"
"000000009598E9A20E04F041B38518182890A2D50100A3DF33FCC9BD1644BD14FCA330AA978500001994EBED0000"	"\Divisions\PD\PTE\Anaheim/SD Projects\129878 Johnson Middle School"
"000000009598E9A20E04F041B38518182890A2D50100A3DF33FCC9BD1644BD14FCA330AA9785000019B1A4500000"	"\Divisions\PD\PTE\Anaheim/SD Projects\130346 Fern Hollow Pump Station"
"000000009598E9A20E04F041B38518182890A2D50100A3DF33FCC9BD1644BD14FCA330AA978500001AA6EC2F0000"	"\Divisions\PD\PTE\Anaheim/SD Projects\130655 LC-2 Replacement"
"000000009598E9A20E04F041B38518182890A2D50100A3DF33FCC9BD1644BD14FCA330AA978500001B819EEB0000"	"\Divisions\PD\PTE\Anaheim/SD Projects\131329 Flinn Springs"
"000000009598E9A20E04F041B38518182890A2D50100A3DF33FCC9BD1644BD14FCA330AA978500001B7E8AC70000"	"\Divisions\PD\PTE\Anaheim/SD Projects\131653 Mt SAC Bldg 47"
"000000009598E9A20E04F041B38518182890A2D50100A3DF33FCC9BD1644BD14FCA330AA978500001B7BCD920000"	"\Divisions\PD\PTE\Anaheim/SD Projects\131854 CP Area 63 XFMR"
"000000009598E9A20E04F041B38518182890A2D50100A3DF33FCC9BD1644BD14FCA330AA978500001B6B00CC0000"	"\Divisions\PD\PTE\Anaheim/SD Projects\132138 Service Call - Medium VB"
"000000009598E9A20E04F041B38518182890A2D50100A3DF33FCC9BD1644BD14FCA330AA978500001B7708BB0000"	"\Divisions\PD\PTE\Anaheim/SD Projects\132357 GSWC Holabird Plant"
"000000009598E9A20E04F041B38518182890A2D50100A3DF33FCC9BD1644BD14FCA330AA978500001BB99EEA0000"	"\Divisions\PD\PTE\Anaheim/SD Projects\132664 Little Italy 4000A GF"
"000000009598E9A20E04F041B38518182890A2D50100A3DF33FCC9BD1644BD14FCA330AA978500001C817D870000"	"\Divisions\PD\PTE\Anaheim/SD Projects\132973 UCSD Ion Meter"
"000000009598E9A20E04F041B38518182890A2D501006C95E27D1ACA634AA1AADC20796388DD0000000FFEA30000"	"\Divisions\PD\PTE\Training"
"000000009598E9A20E04F041B38518182890A2D5010012225CC57BF01F4EA8CCA87A792FF35F00067A9AF2100000"	"\Divisions\PD\SAS\00_HOMER"
"000000009598E9A20E04F041B38518182890A2D5010012225CC57BF01F4EA8CCA87A792FF35F00034CCC62250000"	"\Divisions\PD\SAS\00_SAS VII Dept Calendar"
"000000009598E9A20E04F041B38518182890A2D5010012225CC57BF01F4EA8CCA87A792FF35F0000C8E017190000"	"\Divisions\PD\SAS\000000 SAS General\Purchase Orders"
"000000009598E9A20E04F041B38518182890A2D5010012225CC57BF01F4EA8CCA87A792FF35F0002C1A0F0CF0000"	"\Divisions\PD\SAS\100371 POWER DELIVERY SAS GROUP IX"
"000000009598E9A20E04F041B38518182890A2D501006C95E27D1ACA634AA1AADC20796388DD0000002692110000"	"\Divisions\PD\SAS\LEWISTON PROJECTS\SPS-Active\Active Projects\City of Tallahassee"
"000000009598E9A20E04F041B38518182890A2D501006C95E27D1ACA634AA1AADC20796388DD0000002692230000"	"\Divisions\PD\SAS\LEWISTON PROJECTS\SPS-Active\Active Projects\Grant County PUD\PR-MID-FH"
"000000009598E9A20E04F041B38518182890A2D501006C95E27D1ACA634AA1AADC20796388DD0000002692310000"	"\Divisions\PD\SAS\LEWISTON PROJECTS\SPS-Active\Active Projects\IES"
"000000009598E9A20E04F041B38518182890A2D501006C95E27D1ACA634AA1AADC20796388DD0000002692400000"	"\Divisions\PD\SAS\LEWISTON PROJECTS\SPS-Active\Active Projects\NCPA\Hydro\NSM Relay Upgrade"
"000000009598E9A20E04F041B38518182890A2D501006C95E27D1ACA634AA1AADC20796388DD00000026924F0000"	"\Divisions\PD\SAS\LEWISTON PROJECTS\SPS-Active\Active Projects\PowerTech Engineering\Woodmont"
"000000009598E9A20E04F041B38518182890A2D50100A3DF33FCC9BD1644BD14FCA330AA9785000017FE89220000"	"\Divisions\PD\SAS\Pacific Valley Solar\Abandoned Projects\Manning"
"000000009598E9A20E04F041B38518182890A2D50100A3DF33FCC9BD1644BD14FCA330AA9785000017FE138A0000"	"\Divisions\PD\SAS\Pacific Valley Solar\Rose_Colorado"
"000000009598E9A20E04F041B38518182890A2D501001296C725372D7F4B86B758A22EA3141B0000003B4E190000"	"\Divisions\PD\SAS\XXXXXX Cathodic Protection"
"000000009598E9A20E04F041B38518182890A2D50100A3DF33FCC9BD1644BD14FCA330AA978500002A2A8ED20000"	"\Divisions\PD\Substation Anaheim\134708 IID BESS"
"000000009598E9A20E04F041B38518182890A2D50100A3DF33FCC9BD1644BD14FCA330AA978500002A2EDEA40000"	"\Divisions\PD\Substation Anaheim\139263 Harvest Energy Mariah 2 Wind OE and SCADA"
"000000009598E9A20E04F041B38518182890A2D50100A3DF33FCC9BD1644BD14FCA330AA978500002A2F5B110000"	"\Divisions\PD\Substation Anaheim\140443 Taylor Rymar Corp Roserock Solar Project"
"000000009598E9A20E04F041B38518182890A2D5010012225CC57BF01F4EA8CCA87A792FF35F000019E269720000"	"\Divisions\PD\Substation Anaheim\142633 Oncor Scyene Rd - Info"
"000000009598E9A20E04F041B38518182890A2D5010012225CC57BF01F4EA8CCA87A792FF35F0001217308620000"	"\Divisions\PD\Substation Anaheim\148106 B GRAHAM PLANT SW RPL 345 BKRS"
"000000009598E9A20E04F041B38518182890A2D50100E34BFE500669CD49AC2E27C6C54DE39D000000339C1A0000"	"\Divisions\PD\Substation Ann Arbor\120255"
"000000009598E9A20E04F041B38518182890A2D50100A3DF33FCC9BD1644BD14FCA330AA9785000015F88CA60000"	"\Divisions\PD\Substation Ann Arbor\125568"
"000000009598E9A20E04F041B38518182890A2D50100A3DF33FCC9BD1644BD14FCA330AA978500001ABA17160000"	"\Divisions\PD\Substation Ann Arbor\131476"
"000000009598E9A20E04F041B38518182890A2D50100A3DF33FCC9BD1644BD14FCA330AA97850000216E97A60000"	"\Divisions\PD\Substation Ann Arbor\137309 - Freebyrd"
"000000009598E9A20E04F041B38518182890A2D50100A3DF33FCC9BD1644BD14FCA330AA97850000242AE5490000"	"\Divisions\PD\Substation Ann Arbor\139351 - AEP W Cambridge P15087001"
"000000009598E9A20E04F041B38518182890A2D50100A3DF33FCC9BD1644BD14FCA330AA978500002C095D060000"	"\Divisions\PD\Substation Ann Arbor\142764 - AEP N Findlay N Baltimore"
"000000009598E9A20E04F041B38518182890A2D5010012225CC57BF01F4EA8CCA87A792FF35F000045BC48750000"	"\Divisions\PD\Substation Ann Arbor\144348 - AEP Bluefield Ave P12028137"
"000000009598E9A20E04F041B38518182890A2D5010012225CC57BF01F4EA8CCA87A792FF35F0000BEBBD47E0000"	"\Divisions\PD\Substation Ann Arbor\146477"
"000000009598E9A20E04F041B38518182890A2D5010012225CC57BF01F4EA8CCA87A792FF35F0002501B64CA0000"	"\Divisions\PD\Substation Ann Arbor\148890\Prairie Ronde - 148890\Material/Vendor"
"000000009598E9A20E04F041B38518182890A2D501001296C725372D7F4B86B758A22EA3141B0000006D506C0000"	"\Divisions\PD\Substation Ann Arbor\9-Drafting questions Q & A\AEP Q & A"
"000000009598E9A20E04F041B38518182890A2D50100A3DF33FCC9BD1644BD14FCA330AA97850000198689630000"	"\Divisions\PD\Substation Ann Arbor\NGrig\Substation Jackson Calendar"
"000000009598E9A20E04F041B38518182890A2D501006C95E27D1ACA634AA1AADC20796388DD0000005F2C8E0000"	"\Divisions\PD\Substation Ann Arbor\Substation Ann Arbor Calendar"
"000000009598E9A20E04F041B38518182890A2D5010012225CC57BF01F4EA8CCA87A792FF35F0005E942F31F0000"	"\Divisions\PD\Substation Atlanta\0236066_Cyclone Switch: Install low side metering for Bright Arrow Storage"
"000000009598E9A20E04F041B38518182890A2D5010012225CC57BF01F4EA8CCA87A792FF35F00062A618B690000"	"\Divisions\PD\Substation Atlanta\0240529_0000_MEAG-Buford #1 Grnd Mitigation"
"000000009598E9A20E04F041B38518182890A2D5010012225CC57BF01F4EA8CCA87A792FF35F00068E874D6C0000"	"\Divisions\PD\Substation Atlanta\0242448_0000_Pitts Primary Gnd Re-Study"
"000000009598E9A20E04F041B38518182890A2D5010012225CC57BF01F4EA8CCA87A792FF35F0006A537CB2C0000"	"\Divisions\PD\Substation Atlanta\0245790_0000_GPC - Welcome All Road DS - P&C"
"000000009598E9A20E04F041B38518182890A2D5010012225CC57BF01F4EA8CCA87A792FF35F0006C24609B50000"	"\Divisions\PD\Substation Atlanta\0246830_0000_Rexall Switch 138kV Line Terminal Modifications"
"000000009598E9A20E04F041B38518182890A2D5010012225CC57BF01F4EA8CCA87A792FF35F00070A82186A0000"	"\Divisions\PD\Substation Atlanta\0249351_0000_ATL Hutto Switch 53945"
"000000009598E9A20E04F041B38518182890A2D5010012225CC57BF01F4EA8CCA87A792FF35F00071CE244BA0000"	"\Divisions\PD\Substation Atlanta\0250025_0000_ATL Sherman NW Sub UF 54184"
"000000009598E9A20E04F041B38518182890A2D5010012225CC57BF01F4EA8CCA87A792FF35F0007422940F10000"	"\Divisions\PD\Substation Atlanta\0251530_0000_GPC - Waverly Primary P&C"
"000000009598E9A20E04F041B38518182890A2D5010012225CC57BF01F4EA8CCA87A792FF35F0007676595270000"	"\Divisions\PD\Substation Atlanta\0252496_J.M. Huber (Reids) P&C"
"000000009598E9A20E04F041B38518182890A2D5010012225CC57BF01F4EA8CCA87A792FF35F0007A7ADE6100000"	"\Divisions\PD\Substation Atlanta\0254673_0000_ATL Killeen Sub DA 55880"
"000000009598E9A20E04F041B38518182890A2D5010012225CC57BF01F4EA8CCA87A792FF35F0007B1C7A9CA0000"	"\Divisions\PD\Substation Atlanta\0255040_0000_ATL Carrollton Sub UF 56359"
"000000009598E9A20E04F041B38518182890A2D501001296C725372D7F4B86B758A22EA3141B0000004E09740000"	"\Divisions\PD\Substation Atlanta\110117_TXU_Bowie"
"000000009598E9A20E04F041B38518182890A2D50100E34BFE500669CD49AC2E27C6C54DE39D00000010D16D0000"	"\Divisions\PD\Substation Atlanta\113015_Elm Creek Substation\Equipment\Commodity"
"000000009598E9A20E04F041B38518182890A2D50100E34BFE500669CD49AC2E27C6C54DE39D00000010D1610000"	"\Divisions\PD\Substation Atlanta\113015_Elm Creek Substation\Physical Comments from karl\to Karl"
"000000009598E9A20E04F041B38518182890A2D501001296C725372D7F4B86B758A22EA3141B0000006D50480000"	"\Divisions\PD\Substation Atlanta\113509_W. Farnum Sub 345kV Upgrades/Additions (RIR)"
"000000009598E9A20E04F041B38518182890A2D50100E34BFE500669CD49AC2E27C6C54DE39D0000001ABFEF0000"	"\Divisions\PD\Substation Atlanta\114320_Anadarko Phase 2\Galvanizers"
"000000009598E9A20E04F041B38518182890A2D50100E34BFE500669CD49AC2E27C6C54DE39D0000002260F90000"	"\Divisions\PD\Substation Atlanta\116139_Round Rock Dist Auto\Visual Analysis\115012"
"000000009598E9A20E04F041B38518182890A2D50100E34BFE500669CD49AC2E27C6C54DE39D000000383EF70000"	"\Divisions\PD\Substation Atlanta\117138_TransCanada_Pipeline_Elect_Study\Custer-Arc Flash Study"
"000000009598E9A20E04F041B38518182890A2D50100E34BFE500669CD49AC2E27C6C54DE39D00000037A23B0000"	"\Divisions\PD\Substation Atlanta\120842_Community Wind"
"000000009598E9A20E04F041B38518182890A2D501001953B16A689BCD4AA8FC82955DB27CB100000106CCF70000"	"\Divisions\PD\Substation Atlanta\123097.29_PEF_Minneola"
"000000009598E9A20E04F041B38518182890A2D50100A3DF33FCC9BD1644BD14FCA330AA97850000157502660000"	"\Divisions\PD\Substation Atlanta\123791 JRR Santa Isabel Wind Farm\WSV"
"000000009598E9A20E04F041B38518182890A2D50100A3DF33FCC9BD1644BD14FCA330AA9785000016E8584D0000"	"\Divisions\PD\Substation Atlanta\123979_Sunflower Barber Substation\Control House"
"000000009598E9A20E04F041B38518182890A2D50100A3DF33FCC9BD1644BD14FCA330AA9785000017391D1F0000"	"\Divisions\PD\Substation Atlanta\123979_Sunflower Barber Substation\Meeting Notes"
"000000009598E9A20E04F041B38518182890A2D50100A3DF33FCC9BD1644BD14FCA330AA978500001739094C0000"	"\Divisions\PD\Substation Atlanta\123979_Sunflower Barber Substation\Sunflower Approved Vendors"
"000000009598E9A20E04F041B38518182890A2D50100A3DF33FCC9BD1644BD14FCA330AA978500001754B1850000"	"\Divisions\PD\Substation Atlanta\125583_Sunflower Cimarron\DCP and API"
"000000009598E9A20E04F041B38518182890A2D50100A3DF33FCC9BD1644BD14FCA330AA9785000016CF351F0000"	"\Divisions\PD\Substation Atlanta\125583_Sunflower Cimarron\Equipment\Circuit Breaker"
"000000009598E9A20E04F041B38518182890A2D50100A3DF33FCC9BD1644BD14FCA330AA978500001769C9DE0000"	"\Divisions\PD\Substation Atlanta\125583_Sunflower Cimarron\Equipment\Switchgear\POWELL Switchgear\Approval Drawings"
"000000009598E9A20E04F041B38518182890A2D50100A3DF33FCC9BD1644BD14FCA330AA97850000198103CD0000"	"\Divisions\PD\Substation Atlanta\125583_Sunflower Cimarron\GENERATION"
"000000009598E9A20E04F041B38518182890A2D50100A3DF33FCC9BD1644BD14FCA330AA9785000017EF48DD0000"	"\Divisions\PD\Substation Atlanta\125583_Sunflower Cimarron\Project Management\Transmittals"
"000000009598E9A20E04F041B38518182890A2D50100A3DF33FCC9BD1644BD14FCA330AA978500001727042C0000"	"\Divisions\PD\Substation Atlanta\125583_Sunflower Cimarron\SUBSTATION CONTROL AND SAS\Studies\Grounding "
"000000009598E9A20E04F041B38518182890A2D50100A3DF33FCC9BD1644BD14FCA330AA97850000159C95050000"	"\Divisions\PD\Substation Atlanta\125583_Sunflower Cimarron\Transformer Addendums"
"000000009598E9A20E04F041B38518182890A2D50100A3DF33FCC9BD1644BD14FCA330AA978500001EDEC7D70000"	"\Divisions\PD\Substation Atlanta\127857"
"000000009598E9A20E04F041B38518182890A2D50100A3DF33FCC9BD1644BD14FCA330AA978500001DE1FEE40000"	"\Divisions\PD\Substation Atlanta\133337_Monument Substation-AMEREN\Motor Operated Switches"
"000000009598E9A20E04F041B38518182890A2D50100A3DF33FCC9BD1644BD14FCA330AA9785000028C59E9E0000"	"\Divisions\PD\Substation Atlanta\133432_Spearville 345kV\DFR"
"000000009598E9A20E04F041B38518182890A2D50100A3DF33FCC9BD1644BD14FCA330AA978500001E100F370000"	"\Divisions\PD\Substation Atlanta\133432_Spearville 345kV\Schedule"
"000000009598E9A20E04F041B38518182890A2D50100A3DF33FCC9BD1644BD14FCA330AA978500002B48CD0B0000"	"\Divisions\PD\Substation Atlanta\135140_ATL JEWETT SUB\In ProjectWise"
"000000009598E9A20E04F041B38518182890A2D50100A3DF33FCC9BD1644BD14FCA330AA9785000027BF262B0000"	"\Divisions\PD\Substation Atlanta\137302_GTC DOUGLAS SUBSTATION"
"000000009598E9A20E04F041B38518182890A2D50100A3DF33FCC9BD1644BD14FCA330AA978500002B71BA550000"	"\Divisions\PD\Substation Atlanta\139315_ATL TYLER GRANDE TERM & FIBER\In ProjectWise"
"000000009598E9A20E04F041B38518182890A2D50100A3DF33FCC9BD1644BD14FCA330AA97850000261F0A130000"	"\Divisions\PD\Substation Atlanta\139848_ATL BUCKHORN 345 SWTCH\Equipment"
"000000009598E9A20E04F041B38518182890A2D5010012225CC57BF01F4EA8CCA87A792FF35F000162F5FFB30000"	"\Divisions\PD\Substation Atlanta\139848_ATL BUCKHORN 345 SWTCH\In ProjectWise\T-Line Engineering"
"000000009598E9A20E04F041B38518182890A2D50100A3DF33FCC9BD1644BD14FCA330AA9785000027BF4A200000"	"\Divisions\PD\Substation Atlanta\140368_SUNFLOWER GARDEN CITY"
"000000009598E9A20E04F041B38518182890A2D5010012225CC57BF01F4EA8CCA87A792FF35F0000122E77C70000"	"\Divisions\PD\Substation Atlanta\140572_SUNFLOWER SPEARVILLE RPLC CB SV188\Equipment\Panels\RFQ"
"000000009598E9A20E04F041B38518182890A2D50100A3DF33FCC9BD1644BD14FCA330AA978500002C81A0F70000"	"\Divisions\PD\Substation Atlanta\140572_SUNFLOWER SPEARVILLE RPLC CB SV188\Relaying\RTU"
"000000009598E9A20E04F041B38518182890A2D50100A3DF33FCC9BD1644BD14FCA330AA978500002A1596D00000"	"\Divisions\PD\Substation Atlanta\141727_PLANO-JUPITER SUB INST DG 3211"
"000000009598E9A20E04F041B38518182890A2D5010012225CC57BF01F4EA8CCA87A792FF35F00002BF9AC5A0000"	"\Divisions\PD\Substation Atlanta\143868_Harper Substation-Sunflower"
"000000009598E9A20E04F041B38518182890A2D5010012225CC57BF01F4EA8CCA87A792FF35F0000AC8758A30000"	"\Divisions\PD\Substation Atlanta\146136_MEAG-COLLEGE POINT GND"
"000000009598E9A20E04F041B38518182890A2D5010012225CC57BF01F4EA8CCA87A792FF35F00016C138AB50000"	"\Divisions\PD\Substation Atlanta\150566_MEAG-N CAMILLA/CRISP 1 GR Study"
"000000009598E9A20E04F041B38518182890A2D5010012225CC57BF01F4EA8CCA87A792FF35F0001A7C15AC70000"	"\Divisions\PD\Substation Atlanta\152479_MEAG NORCROSS 3 SS GND ANA"
"000000009598E9A20E04F041B38518182890A2D5010012225CC57BF01F4EA8CCA87A792FF35F0001FC153E250000"	"\Divisions\PD\Substation Atlanta\154134_ATL-BELTON DA"
"000000009598E9A20E04F041B38518182890A2D5010012225CC57BF01F4EA8CCA87A792FF35F0002423DB5150000"	"\Divisions\PD\Substation Atlanta\155628_CANTON TAP SWITCH"
"000000009598E9A20E04F041B38518182890A2D5010012225CC57BF01F4EA8CCA87A792FF35F00028774B2C10000"	"\Divisions\PD\Substation Atlanta\157522_ATHENS SWITCH"
"000000009598E9A20E04F041B38518182890A2D5010012225CC57BF01F4EA8CCA87A792FF35F000308497DDB0000"	"\Divisions\PD\Substation Atlanta\160812_ADEL BLOCKSTREAM SUB DSN 1"
"000000009598E9A20E04F041B38518182890A2D5010012225CC57BF01F4EA8CCA87A792FF35F00057E6652AF0000"	"\Divisions\PD\Substation Atlanta\177000_MARIETTA #10 GROUNDING"
"000000009598E9A20E04F041B38518182890A2D5010012225CC57BF01F4EA8CCA87A792FF35F000593DC4DA20000"	"\Divisions\PD\Substation Atlanta\180002_ATL BELLEVUE SUB DEMO 47858"
"000000009598E9A20E04F041B38518182890A2D5010012225CC57BF01F4EA8CCA87A792FF35F0005B5FEFD8D0000"	"\Divisions\PD\Substation Atlanta\181098_ATL STEPHENVILLE SW DA 49316"
"000000009598E9A20E04F041B38518182890A2D50100A3DF33FCC9BD1644BD14FCA330AA9785000029DEC3C30000"	"\Divisions\PD\Substation Atlanta\Hutto\Karl TSN and Equipment Forms"
"000000009598E9A20E04F041B38518182890A2D50100E34BFE500669CD49AC2E27C6C54DE39D00000037A2480000"	"\Divisions\PD\Substation Atlanta\NEEWS-Material Inspections\ABB CT's"
"000000009598E9A20E04F041B38518182890A2D50100E34BFE500669CD49AC2E27C6C54DE39D0000001D3C6A0000"	"\Divisions\PD\Substation Atlanta\ONCOR-2009-Scoping\Decatur Sub"
"000000009598E9A20E04F041B38518182890A2D501001296C725372D7F4B86B758A22EA3141B00000057B8080000"	"\Divisions\PD\Substation Atlanta\ONCOR-Procedures & E-mails"
"000000009598E9A20E04F041B38518182890A2D50100A3DF33FCC9BD1644BD14FCA330AA978500001ED9CA1E0000"	"\Divisions\PD\Substation Atlanta\ONCOR-TYLER NW LTU\Tyler NW Term. Upgrade"
"000000009598E9A20E04F041B38518182890A2D50100A3DF33FCC9BD1644BD14FCA330AA9785000016323C0A0000"	"\Divisions\PD\Substation Atlanta\Progress Energy\Reviews for other stations\Eustis"
"000000009598E9A20E04F041B38518182890A2D501001296C725372D7F4B86B758A22EA3141B000000635ECC0000"	"\Divisions\PD\Substation Atlanta\Proposals\2007\ESKOM"
"000000009598E9A20E04F041B38518182890A2D50100E34BFE500669CD49AC2E27C6C54DE39D000000202E520000"	"\Divisions\PD\Substation Atlanta\Proposals\2009\York Energy Center-Pristine Pwr"
"000000009598E9A20E04F041B38518182890A2D50100E34BFE500669CD49AC2E27C6C54DE39D0000002A34F80000"	"\Divisions\PD\Substation Atlanta\Proposals\2010\PEPCO-2010-Line Term Upgrade"
"000000009598E9A20E04F041B38518182890A2D50100E34BFE500669CD49AC2E27C6C54DE39D0000004310030000"	"\Divisions\PD\Substation Atlanta\Proposals\2011\123009 JRR Santa Isabel"
"000000009598E9A20E04F041B38518182890A2D50100A3DF33FCC9BD1644BD14FCA330AA9785000019B580FA0000"	"\Divisions\PD\Substation Atlanta\Proposals\2013"
"000000009598E9A20E04F041B38518182890A2D50100E34BFE500669CD49AC2E27C6C54DE39D0000000659290000"	"\Divisions\PD\Substation Atlanta\Proposals\Marietta-City of P&L"
"000000009598E9A20E04F041B38518182890A2D50100E34BFE500669CD49AC2E27C6C54DE39D0000002A35310000"	"\Divisions\PD\Substation Atlanta\SAS projects\116666 SPIP Astoria"
"000000009598E9A20E04F041B38518182890A2D50100A3DF33FCC9BD1644BD14FCA330AA9785000019B3A5A60000"	"\Divisions\PD\Substation Atlanta\Sunflower-Scoping 2012"
"000000009598E9A20E04F041B38518182890A2D50100572FF007A7D6B64CA96E5CFE8E1CC1A400000045CBA10000"	"\Divisions\PD\Substation Billings\_BD\120213_System_Modeling_Proposal"
"000000009598E9A20E04F041B38518182890A2D501001953B16A689BCD4AA8FC82955DB27CB1000000E0F33D0000"	"\Divisions\PD\Substation Billings\_BD\123104.006_IPCO_Caps"
"000000009598E9A20E04F041B38518182890A2D5010012225CC57BF01F4EA8CCA87A792FF35F0002F89AB95C0000"	"\Divisions\PD\Substation Boise\140001  MAKE PST MOVE TO PROJECT WISE"
"000000009598E9A20E04F041B38518182890A2D50100A3DF33FCC9BD1644BD14FCA330AA978500002BF4DD000000"	"\Divisions\PD\Substation Boise\142646  ONCOR TOCO-EST 138 4 BKR RING"
"000000009598E9A20E04F041B38518182890A2D5010012225CC57BF01F4EA8CCA87A792FF35F0000B677F3070000"	"\Divisions\PD\Substation Boise\146326  ONCOR BURLESON SUB UPG TERM"
"000000009598E9A20E04F041B38518182890A2D5010012225CC57BF01F4EA8CCA87A792FF35F00010D90EA600000"	"\Divisions\PD\Substation Boise\148157  ONCOR ROUND ROCK SOUTH DA PIP3135"
"000000009598E9A20E04F041B38518182890A2D5010012225CC57BF01F4EA8CCA87A792FF35F00012CA1A8590000"	"\Divisions\PD\Substation Boise\149027  AEP CALIFORNIA STN P15117022"
"000000009598E9A20E04F041B38518182890A2D5010012225CC57BF01F4EA8CCA87A792FF35F000162F5FFCD0000"	"\Divisions\PD\Substation Boise\149863  XCEL SOUTH-IVVO LTC REPLACEMENT"
"000000009598E9A20E04F041B38518182890A2D5010012225CC57BF01F4EA8CCA87A792FF35F00018ED141FF0000"	"\Divisions\PD\Substation Boise\151516  XCEL ALAMOSA-REPLACE BANK #2 COMM"
"000000009598E9A20E04F041B38518182890A2D5010012225CC57BF01F4EA8CCA87A792FF35F0001DF3308DD0000"	"\Divisions\PD\Substation Boise\153602  GRIDLIANCE POWELL CORNER SUB 115KV MOD"
"000000009598E9A20E04F041B38518182890A2D5010012225CC57BF01F4EA8CCA87A792FF35F000265C855270000"	"\Divisions\PD\Substation Boise\154349  ONCOR OXY"
"000000009598E9A20E04F041B38518182890A2D5010012225CC57BF01F4EA8CCA87A792FF35F00021D59BCF20000"	"\Divisions\PD\Substation Boise\154781  ONCOR MORRISON LN SW TERM PETE3987"
"000000009598E9A20E04F041B38518182890A2D501001953B16A689BCD4AA8FC82955DB27CB100000159B8FA0000"	"\Divisions\PD\Substation Boise\AEP/FTP SITE"
"000000009598E9A20E04F041B38518182890A2D50100A3DF33FCC9BD1644BD14FCA330AA978500001B8B5A8B0000"	"\Divisions\PD\Substation Denver\00-DMS Upload\116945 St. George- Red Butte\Dead End Arms TJ 280"
"000000009598E9A20E04F041B38518182890A2D501006C95E27D1ACA634AA1AADC20796388DD0000009F75FD0000"	"\Divisions\PD\Substation Denver\116945 St. George- Red Butte\Dead End Arms TJ 280"
"000000009598E9A20E04F041B38518182890A2D501006C95E27D1ACA634AA1AADC20796388DD000000910F800000"	"\Divisions\PD\Substation Denver\116945 St. George- Red Butte\Structure 5/20"
"000000009598E9A20E04F041B38518182890A2D501006C95E27D1ACA634AA1AADC20796388DD000000AAAE110000"	"\Divisions\PD\Substation Denver\120252 Bay Front"
"000000009598E9A20E04F041B38518182890A2D501006C95E27D1ACA634AA1AADC20796388DD000000E349C40000"	"\Divisions\PD\Substation Denver\121746 APS Amar Construction"
"000000009598E9A20E04F041B38518182890A2D501006C95E27D1ACA634AA1AADC20796388DD000000F5E70E0000"	"\Divisions\PD\Substation Denver\122756 Split Rock Reactor"
"000000009598E9A20E04F041B38518182890A2D501001953B16A689BCD4AA8FC82955DB27CB1000001679D030000"	"\Divisions\PD\Substation Denver\124064 AEP Breaker Replacements"
"000000009598E9A20E04F041B38518182890A2D501001953B16A689BCD4AA8FC82955DB27CB1000001C230DA0000"	"\Divisions\PD\Substation Denver\124705 Jewell RTU/LCU Configurations"
"000000009598E9A20E04F041B38518182890A2D50100A3DF33FCC9BD1644BD14FCA330AA978500001999B41C0000"	"\Divisions\PD\Substation Denver\125259 Harrington"
"000000009598E9A20E04F041B38518182890A2D50100A3DF33FCC9BD1644BD14FCA330AA978500001C5A52EE0000"	"\Divisions\PD\Substation Denver\126343 BOULDER HYDRO - GREENSHEETS\126311 VERDE,CHOLLA,LEUPP-RLY UPGRADE"
"000000009598E9A20E04F041B38518182890A2D50100A3DF33FCC9BD1644BD14FCA330AA9785000017447F040000"	"\Divisions\PD\Substation Denver\127232 BLACK DOG REPLACE RTU"
"000000009598E9A20E04F041B38518182890A2D50100A3DF33FCC9BD1644BD14FCA330AA9785000017DC72550000"	"\Divisions\PD\Substation Denver\128142 Chemolite-Conv to 13.8kV/Dist"
"000000009598E9A20E04F041B38518182890A2D50100A3DF33FCC9BD1644BD14FCA330AA9785000018D8DA2D0000"	"\Divisions\PD\Substation Denver\128668 TSO GER AF MITIGATION IMPLEM"
"000000009598E9A20E04F041B38518182890A2D5010012225CC57BF01F4EA8CCA87A792FF35F00003F053F7C0000"	"\Divisions\PD\Substation Denver\129508 Curry"
"000000009598E9A20E04F041B38518182890A2D50100A3DF33FCC9BD1644BD14FCA330AA97850000204F8A0F0000"	"\Divisions\PD\Substation Denver\131672 MULESHOE"
"000000009598E9A20E04F041B38518182890A2D50100A3DF33FCC9BD1644BD14FCA330AA978500001C05FA740000"	"\Divisions\PD\Substation Denver\132839 PSC 9000 9005 RIDG GREY"
"000000009598E9A20E04F041B38518182890A2D50100A3DF33FCC9BD1644BD14FCA330AA978500001D078AB60000"	"\Divisions\PD\Substation Denver\133441 PSC 9548-CHER-FLUP GIST3"
"000000009598E9A20E04F041B38518182890A2D50100A3DF33FCC9BD1644BD14FCA330AA97850000210DD9B30000"	"\Divisions\PD\Substation Denver\134452 Andrews"
"000000009598E9A20E04F041B38518182890A2D50100A3DF33FCC9BD1644BD14FCA330AA978500001F2A93810000"	"\Divisions\PD\Substation Denver\135913 CALIFORNIA BANK #1 REPLACEMENT"
"000000009598E9A20E04F041B38518182890A2D50100A3DF33FCC9BD1644BD14FCA330AA97850000202483900000"	"\Divisions\PD\Substation Denver\136473 COMANCHE 230 - CIP NETWORK"
"000000009598E9A20E04F041B38518182890A2D50100A3DF33FCC9BD1644BD14FCA330AA978500002064F3260000"	"\Divisions\PD\Substation Denver\136617 SPS PROJECT MANAGEMENT SUPPORT"
"000000009598E9A20E04F041B38518182890A2D50100A3DF33FCC9BD1644BD14FCA330AA97850000211B99FF0000"	"\Divisions\PD\Substation Denver\137108 CALIFORNIA - REPLACE CSW 9273"
"000000009598E9A20E04F041B38518182890A2D50100A3DF33FCC9BD1644BD14FCA330AA9785000027B9C9CC0000"	"\Divisions\PD\Substation Denver\137329 Vega"
"000000009598E9A20E04F041B38518182890A2D50100A3DF33FCC9BD1644BD14FCA330AA978500002768BAE90000"	"\Divisions\PD\Substation Denver\137854 SKY PARK - FRAD REPLACEMENT\137853 JIM FALLS - FRAD REPLACEMENT"
"000000009598E9A20E04F041B38518182890A2D50100A3DF33FCC9BD1644BD14FCA330AA97850000224E58FA0000"	"\Divisions\PD\Substation Denver\138060 LUFKIN - FRAME RLY RPLC NSP"
"000000009598E9A20E04F041B38518182890A2D50100A3DF33FCC9BD1644BD14FCA330AA978500002261FF960000"	"\Divisions\PD\Substation Denver\138108 HAZEL CREEK-FRAME RLY RPLC NSP"
"000000009598E9A20E04F041B38518182890A2D50100A3DF33FCC9BD1644BD14FCA330AA978500002263E8850000"	"\Divisions\PD\Substation Denver\138141 WESTGATE - FRAME RLY RPLC NSP"
"000000009598E9A20E04F041B38518182890A2D50100A3DF33FCC9BD1644BD14FCA330AA978500002268B6BA0000"	"\Divisions\PD\Substation Denver\138159 NET - FRAME RLY RPLC NSP"
"000000009598E9A20E04F041B38518182890A2D50100A3DF33FCC9BD1644BD14FCA330AA978500002269208F0000"	"\Divisions\PD\Substation Denver\138181 UNDERWOOD - FRAME RLY RPLC NSP"
"000000009598E9A20E04F041B38518182890A2D50100A3DF33FCC9BD1644BD14FCA330AA97850000226EF6910000"	"\Divisions\PD\Substation Denver\138200 PARKWOOD - FRAME RLY RPLC NSP"
"000000009598E9A20E04F041B38518182890A2D50100A3DF33FCC9BD1644BD14FCA330AA97850000226EF81B0000"	"\Divisions\PD\Substation Denver\138217 THREE LAKES-FRAME RLY RPLC NSP"
"000000009598E9A20E04F041B38518182890A2D50100A3DF33FCC9BD1644BD14FCA330AA978500002274EE5D0000"	"\Divisions\PD\Substation Denver\138253 SOMERSET - FRAME RLY RPLC NSP"
"000000009598E9A20E04F041B38518182890A2D50100A3DF33FCC9BD1644BD14FCA330AA978500002274EE9D0000"	"\Divisions\PD\Substation Denver\138268 PRAIRIE ROSE-FRME RLY RPLC NSP"
"000000009598E9A20E04F041B38518182890A2D50100A3DF33FCC9BD1644BD14FCA330AA978500002274F3770000"	"\Divisions\PD\Substation Denver\138283 CATARACT - FRAME RLY RPLC NSP"
"000000009598E9A20E04F041B38518182890A2D50100A3DF33FCC9BD1644BD14FCA330AA978500002274F4340000"	"\Divisions\PD\Substation Denver\138303 SPENCER - FRAME RLY RPLC NSP"
"000000009598E9A20E04F041B38518182890A2D50100A3DF33FCC9BD1644BD14FCA330AA978500002274F6BF0000"	"\Divisions\PD\Substation Denver\138324 CROOKED LK-FRAME RLY RPLC NSP"
"000000009598E9A20E04F041B38518182890A2D50100A3DF33FCC9BD1644BD14FCA330AA978500002274F7600000"	"\Divisions\PD\Substation Denver\138340 WEST CREEK-FRAME RLY RPLC NSP"
"000000009598E9A20E04F041B38518182890A2D50100A3DF33FCC9BD1644BD14FCA330AA978500002274F78C0000"	"\Divisions\PD\Substation Denver\138359 PEACE GARDEN-FRME RLY RPLC NSP"
"000000009598E9A20E04F041B38518182890A2D50100A3DF33FCC9BD1644BD14FCA330AA97850000228574030000"	"\Divisions\PD\Substation Denver\138433 GLENWOOD - FRAME RLY RPLC NSP"
"000000009598E9A20E04F041B38518182890A2D50100A3DF33FCC9BD1644BD14FCA330AA97850000234378840000"	"\Divisions\PD\Substation Denver\138636 CHEROKEE - CIP V5 FIELD AUDIT"
"000000009598E9A20E04F041B38518182890A2D50100A3DF33FCC9BD1644BD14FCA330AA978500002548F3710000"	"\Divisions\PD\Substation Denver\139637 UTE RIFLE-RPL BKRS 311KW 321KW"
"000000009598E9A20E04F041B38518182890A2D50100A3DF33FCC9BD1644BD14FCA330AA9785000026ACC8710000"	"\Divisions\PD\Substation Denver\140458 LAMAR- FRAME RLY RPLCMNT PSCO"
"000000009598E9A20E04F041B38518182890A2D50100A3DF33FCC9BD1644BD14FCA330AA978500002C05A4BF0000"	"\Divisions\PD\Substation Denver\141580 Canyon West V05"
"000000009598E9A20E04F041B38518182890A2D5010012225CC57BF01F4EA8CCA87A792FF35F000031F2B1830000"	"\Divisions\PD\Substation Denver\142294 Canyon West W40 Term"
"000000009598E9A20E04F041B38518182890A2D50100A3DF33FCC9BD1644BD14FCA330AA978500002C7E31C80000"	"\Divisions\PD\Substation Denver\142931 HAVANA - REPLACE CSW 9751"
"000000009598E9A20E04F041B38518182890A2D5010012225CC57BF01F4EA8CCA87A792FF35F00001ACFFD730000"	"\Divisions\PD\Substation Denver\143635 BURLINGTON- BOUNDRY METER REVS"
"000000009598E9A20E04F041B38518182890A2D5010012225CC57BF01F4EA8CCA87A792FF35F00003452E6580000"	"\Divisions\PD\Substation Denver\144055 LEGETTE SUB -BATTERY RPLCEMENT"
"000000009598E9A20E04F041B38518182890A2D5010012225CC57BF01F4EA8CCA87A792FF35F00005622EFC90000"	"\Divisions\PD\Substation Denver\144465 MAPLE RIVER- SECURITY UPGRADES"
"000000009598E9A20E04F041B38518182890A2D5010012225CC57BF01F4EA8CCA87A792FF35F000087570E7A0000"	"\Divisions\PD\Substation Denver\145374 BLACK DOG-PLANT MOD FOR GSU #6"
"000000009598E9A20E04F041B38518182890A2D5010012225CC57BF01F4EA8CCA87A792FF35F0000EEC9691F0000"	"\Divisions\PD\Substation Denver\147132 PSC TAM Estimate Support"
"000000009598E9A20E04F041B38518182890A2D5010012225CC57BF01F4EA8CCA87A792FF35F000126D4D3150000"	"\Divisions\PD\Substation Denver\148904 GI-2017-3 SIS"
"000000009598E9A20E04F041B38518182890A2D5010012225CC57BF01F4EA8CCA87A792FF35F00016F8EA1C30000"	"\Divisions\PD\Substation Denver\149860 SPRING CREEK-FRAD RMV & RTIRE"
"000000009598E9A20E04F041B38518182890A2D5010012225CC57BF01F4EA8CCA87A792FF35F0001D41A9B100000"	"\Divisions\PD\Substation Denver\153416 ARGO- IVVO LTC REPL COMM"
"000000009598E9A20E04F041B38518182890A2D5010012225CC57BF01F4EA8CCA87A792FF35F0003D6AD7A930000"	"\Divisions\PD\Substation Denver\155988 PAWNEE DFR UPGRADE\DFR"
"000000009598E9A20E04F041B38518182890A2D5010012225CC57BF01F4EA8CCA87A792FF35F00027713821D0000"	"\Divisions\PD\Substation Denver\156751 WATERTON DFR UPGRADE"
"000000009598E9A20E04F041B38518182890A2D5010012225CC57BF01F4EA8CCA87A792FF35F00027B6D7B5E0000"	"\Divisions\PD\Substation Denver\157117 P-MIDWAY CSU BA INTEGRATION"
"000000009598E9A20E04F041B38518182890A2D5010012225CC57BF01F4EA8CCA87A792FF35F00028774B2570000"	"\Divisions\PD\Substation Denver\157379 P-HORIZON FAN"
"000000009598E9A20E04F041B38518182890A2D5010012225CC57BF01F4EA8CCA87A792FF35F00028CB7959B0000"	"\Divisions\PD\Substation Denver\157638 P-JOHNSTOWN FEEDER BRK-HDR"
"000000009598E9A20E04F041B38518182890A2D5010012225CC57BF01F4EA8CCA87A792FF35F0002A9804DD00000"	"\Divisions\PD\Substation Denver\158336 N-HYDRO LANE COMM SECURITY HDR"
"000000009598E9A20E04F041B38518182890A2D5010012225CC57BF01F4EA8CCA87A792FF35F0002B34678390000"	"\Divisions\PD\Substation Denver\158575 N-LYON SECURITY COMM HDR"
"000000009598E9A20E04F041B38518182890A2D5010012225CC57BF01F4EA8CCA87A792FF35F0002C1A0F0C10000"	"\Divisions\PD\Substation Denver\159074 N-WASECA CSG330RLY SETTING-HDR"
"000000009598E9A20E04F041B38518182890A2D5010012225CC57BF01F4EA8CCA87A792FF35F0002D18D62950000"	"\Divisions\PD\Substation Denver\159458 S-MEDANOS 50MVA TRANS REV"
"000000009598E9A20E04F041B38518182890A2D5010012225CC57BF01F4EA8CCA87A792FF35F0002E086C8390000"	"\Divisions\PD\Substation Denver\159780 P-BOX ELDER COMM-HDR"
"000000009598E9A20E04F041B38518182890A2D5010012225CC57BF01F4EA8CCA87A792FF35F0002E9951CDC0000"	"\Divisions\PD\Substation Denver\160002 P-DANIELS PARK OIL CONTAINMENT"
"000000009598E9A20E04F041B38518182890A2D5010012225CC57BF01F4EA8CCA87A792FF35F0003061381E50000"	"\Divisions\PD\Substation Denver\160712 N-CRYSTAL CAVE RELAYING HDR"
"000000009598E9A20E04F041B38518182890A2D5010012225CC57BF01F4EA8CCA87A792FF35F000322D078690000"	"\Divisions\PD\Substation Denver\161414 N-HYDRO LANE RTU - HDR"
"000000009598E9A20E04F041B38518182890A2D501006C95E27D1ACA634AA1AADC20796388DD0000009164A70000"	"\Divisions\PD\Substation Denver\Highland"
"000000009598E9A20E04F041B38518182890A2D50100A3DF33FCC9BD1644BD14FCA330AA9785000024122DA20000"	"\Divisions\PD\Substation Fort Mill\139271 - Glen Lyn P13067008"
"000000009598E9A20E04F041B38518182890A2D50100A3DF33FCC9BD1644BD14FCA330AA978500001878606C0000"	"\Divisions\PD\Substation Freeport\127417 - FTW E Levee SW"
"000000009598E9A20E04F041B38518182890A2D501001296C725372D7F4B86B758A22EA3141B00000022D65A0000"	"\Divisions\PD\Substation Freeport\Inactive File\104895_PSNH_Scobie Review\Drawings"
"000000009598E9A20E04F041B38518182890A2D501001296C725372D7F4B86B758A22EA3141B00000022D6690000"	"\Divisions\PD\Substation Freeport\Inactive File\104895_PSNH_Scobie Review\Survey"
"000000009598E9A20E04F041B38518182890A2D501001296C725372D7F4B86B758A22EA3141B0000001925260000"	"\Divisions\PD\Substation Freeport\Inactive File\106077_PSNH_Monadock\Battery Sizing"
"000000009598E9A20E04F041B38518182890A2D501001296C725372D7F4B86B758A22EA3141B0000001463AA0000"	"\Divisions\PD\Substation Freeport\Inactive File\106XXX_PSNH_Madbury\Drawing"
"000000009598E9A20E04F041B38518182890A2D501001296C725372D7F4B86B758A22EA3141B0000001463B10000"	"\Divisions\PD\Substation Freeport\Inactive File\106XXX_PSNH_Madbury\Report"
"000000009598E9A20E04F041B38518182890A2D501001296C725372D7F4B86B758A22EA3141B00000022D5DB0000"	"\Divisions\PD\Substation Freeport\Inactive File\108042_TXU_South_Brownwood\Design"
"000000009598E9A20E04F041B38518182890A2D501001296C725372D7F4B86B758A22EA3141B00000022D5E90000"	"\Divisions\PD\Substation Freeport\Inactive File\108042_TXU_South_Brownwood\Specifications"
"000000009598E9A20E04F041B38518182890A2D501001296C725372D7F4B86B758A22EA3141B00000022D6000000"	"\Divisions\PD\Substation Freeport\Inactive File\108166_TXU_Dublin\Permits"
"000000009598E9A20E04F041B38518182890A2D501001296C725372D7F4B86B758A22EA3141B00000022D6390000"	"\Divisions\PD\Substation Freeport\Inactive File\108556_Centerpoint_Webster\Digital Data"
"000000009598E9A20E04F041B38518182890A2D501001296C725372D7F4B86B758A22EA3141B00000022D6480000"	"\Divisions\PD\Substation Freeport\Inactive File\108556_Centerpoint_Webster\Studies"
"000000009598E9A20E04F041B38518182890A2D501001296C725372D7F4B86B758A22EA3141B00000022D62A0000"	"\Divisions\PD\Substation Freeport\Inactive File\108557_Centerpoint_Freeport\Procurement and POs"
"000000009598E9A20E04F041B38518182890A2D501001296C725372D7F4B86B758A22EA3141B00000026BFB20000"	"\Divisions\PD\Substation Freeport\Inactive File\108954_TXU_Celina_Switch\Bid"
"000000009598E9A20E04F041B38518182890A2D501001296C725372D7F4B86B758A22EA3141B00000026BFC10000"	"\Divisions\PD\Substation Freeport\Inactive File\108954_TXU_Celina_Switch\Schedule"
"000000009598E9A20E04F041B38518182890A2D50100E34BFE500669CD49AC2E27C6C54DE39D0000004083D00000"	"\Divisions\PD\Substation Freeport\Inactive File\109947_CMP_ScarOOBLine\109947 Saco  Bay Prelim & MPUC\Data Requests\City of Saco Data Request DR-02"
"000000009598E9A20E04F041B38518182890A2D50100E34BFE500669CD49AC2E27C6C54DE39D0000004083DF0000"	"\Divisions\PD\Substation Freeport\Inactive File\109947_CMP_ScarOOBLine\109947 Saco  Bay Prelim & MPUC\Dunstan s/s Plans"
"000000009598E9A20E04F041B38518182890A2D50100E34BFE500669CD49AC2E27C6C54DE39D0000004083EE0000"	"\Divisions\PD\Substation Freeport\Inactive File\109947_CMP_ScarOOBLine\109947 Saco  Bay Prelim & MPUC\MPUC Hearings\Rebuttal Testimony Saco Questions"
"000000009598E9A20E04F041B38518182890A2D501001296C725372D7F4B86B758A22EA3141B0000005D20630000"	"\Divisions\PD\Substation Freeport\Inactive File\109947_CMP_ScarOOBLine1\109947 Saco  Bay Prelim & MPUC\Data Requests\City of Saco Data Request DR-02"
"000000009598E9A20E04F041B38518182890A2D501001296C725372D7F4B86B758A22EA3141B0000005D20780000"	"\Divisions\PD\Substation Freeport\Inactive File\109947_CMP_ScarOOBLine1\109947 Saco  Bay Prelim & MPUC\Dunstan s/s Plans"
"000000009598E9A20E04F041B38518182890A2D501001296C725372D7F4B86B758A22EA3141B0000005D20720000"	"\Divisions\PD\Substation Freeport\Inactive File\109947_CMP_ScarOOBLine1\109947 Saco  Bay Prelim & MPUC\MPUC Hearings\Rebuttal Testimony Saco Questions"
"000000009598E9A20E04F041B38518182890A2D501001296C725372D7F4B86B758A22EA3141B0000003F57960000"	"\Divisions\PD\Substation Freeport\Inactive File\110461_NU_Southington\South Matl Order"
"000000009598E9A20E04F041B38518182890A2D501001296C725372D7F4B86B758A22EA3141B0000005D209C0000"	"\Divisions\PD\Substation Freeport\Inactive File\112815 Jackman Capacitor Bank \PO"
"000000009598E9A20E04F041B38518182890A2D50100A3DF33FCC9BD1644BD14FCA330AA978500000E871C3F0000"	"\Divisions\PD\Substation Freeport\Inactive File\121287_WMEC_Hollow_Core1"
"000000009598E9A20E04F041B38518182890A2D501001953B16A689BCD4AA8FC82955DB27CB1000000A278800000"	"\Divisions\PD\Substation Freeport\Inactive File\CLOSED_109947_CMP_ScarOOBLine\109947 Saco  Bay Prelim & MPUC\Data Requests\City of Saco Data Request DR-01"
"000000009598E9A20E04F041B38518182890A2D501001953B16A689BCD4AA8FC82955DB27CB1000000A2788F0000"	"\Divisions\PD\Substation Freeport\Inactive File\CLOSED_109947_CMP_ScarOOBLine\109947 Saco  Bay Prelim & MPUC\Design Resources"
"000000009598E9A20E04F041B38518182890A2D501001953B16A689BCD4AA8FC82955DB27CB1000000A2789E0000"	"\Divisions\PD\Substation Freeport\Inactive File\CLOSED_109947_CMP_ScarOOBLine\109947 Saco  Bay Prelim & MPUC\MPUC Hearings\Rebuttal Testimony OPA-03"
"000000009598E9A20E04F041B38518182890A2D501001953B16A689BCD4AA8FC82955DB27CB1000000A278AD0000"	"\Divisions\PD\Substation Freeport\Inactive File\CLOSED_109947_CMP_ScarOOBLine1\109947 Saco  Bay Prelim & MPUC\Data Requests\City of Saco Data Request DR-01"
"000000009598E9A20E04F041B38518182890A2D501001953B16A689BCD4AA8FC82955DB27CB1000000A278BC0000"	"\Divisions\PD\Substation Freeport\Inactive File\CLOSED_109947_CMP_ScarOOBLine1\109947 Saco  Bay Prelim & MPUC\Design Resources"
"000000009598E9A20E04F041B38518182890A2D501001953B16A689BCD4AA8FC82955DB27CB1000000B63DA40000"	"\Divisions\PD\Substation Freeport\Inactive File\CLOSED_109947_CMP_ScarOOBLine1\109947 Saco  Bay Prelim & MPUC\MPUC Hearings\Rebuttal Testimony OPA-03"
"000000009598E9A20E04F041B38518182890A2D501001953B16A689BCD4AA8FC82955DB27CB1000000B63DB30000"	"\Divisions\PD\Substation Freeport\Inactive File\CLOSED_111607_PSNH_ScobiePondSubstation "
"000000009598E9A20E04F041B38518182890A2D50100E34BFE500669CD49AC2E27C6C54DE39D00000012409F0000"	"\Divisions\PD\Substation Freeport\Inactive File\CLOSED_114744_SCOBIE_POND_R187_MOD"
"000000009598E9A20E04F041B38518182890A2D501001296C725372D7F4B86B758A22EA3141B0000000AB5BD0000"	"\Divisions\PD\Substation Freeport\Inactive File\Exelon State St GIS"
"000000009598E9A20E04F041B38518182890A2D501001296C725372D7F4B86B758A22EA3141B0000000AB5BE0000"	"\Divisions\PD\Substation Freeport\Inactive File\TAMU 138 kV Sub"
"000000009598E9A20E04F041B38518182890A2D501001296C725372D7F4B86B758A22EA3141B0000006AA1E50000"	"\Divisions\PD\Substation Freeport\Projects\113552_South_Gorham(CLOSED)"
"000000009598E9A20E04F041B38518182890A2D50100572FF007A7D6B64CA96E5CFE8E1CC1A400000043B20E0000"	"\Divisions\PD\Substation Freeport\Projects\116309 HECO Outage"
"000000009598E9A20E04F041B38518182890A2D50100E34BFE500669CD49AC2E27C6C54DE39D0000003DC11B0000"	"\Divisions\PD\Substation Freeport\Projects\122438_MT_Tom"
"000000009598E9A20E04F041B38518182890A2D50100A3DF33FCC9BD1644BD14FCA330AA978500000E8B1F1C0000"	"\Divisions\PD\Substation Freeport\Projects\125568_Uncasville(CLOSED)"
"000000009598E9A20E04F041B38518182890A2D50100A3DF33FCC9BD1644BD14FCA330AA978500001BFA0AB50000"	"\Divisions\PD\Substation Freeport\Projects\129898_Geronimo"
"000000009598E9A20E04F041B38518182890A2D5010012225CC57BF01F4EA8CCA87A792FF35F00010B3047580000"	"\Divisions\PD\Substation Freeport\Projects\132929_AEP_Sprigg"
"000000009598E9A20E04F041B38518182890A2D50100A3DF33FCC9BD1644BD14FCA330AA978500001DBFC6A50000"	"\Divisions\PD\Substation Freeport\Projects\134319_CL&P_Tracy_14M_Scoping"
"000000009598E9A20E04F041B38518182890A2D50100A3DF33FCC9BD1644BD14FCA330AA978500001E53EA080000"	"\Divisions\PD\Substation Freeport\Projects\135106_NSTAR_STA_110_DFR_Upgrades"
"000000009598E9A20E04F041B38518182890A2D50100A3DF33FCC9BD1644BD14FCA330AA978500001F5851B90000"	"\Divisions\PD\Substation Freeport\Projects\135966_CL&P_Hopewell_22R_NURR_Relay"
"000000009598E9A20E04F041B38518182890A2D50100A3DF33FCC9BD1644BD14FCA330AA9785000021C6D6EF0000"	"\Divisions\PD\Substation Freeport\Projects\137596_FRE_TX_INSTR_ODESSA_TRFR_2"
"000000009598E9A20E04F041B38518182890A2D50100A3DF33FCC9BD1644BD14FCA330AA9785000023DF34480000"	"\Divisions\PD\Substation Freeport\Projects\139146_ONCOR_WILLS_PT_RPC_XFMRS"
"000000009598E9A20E04F041B38518182890A2D50100A3DF33FCC9BD1644BD14FCA330AA9785000027E0EA230000"	"\Divisions\PD\Substation Freeport\Projects\140916_CLP_S_Meadow_SW_Hartford_1704"
"000000009598E9A20E04F041B38518182890A2D50100A3DF33FCC9BD1644BD14FCA330AA978500002BBB76D30000"	"\Divisions\PD\Substation Freeport\Projects\142432_CL&P_Bates_Rock_SS1"
"000000009598E9A20E04F041B38518182890A2D5010012225CC57BF01F4EA8CCA87A792FF35F00000C4526300000"	"\Divisions\PD\Substation Freeport\Projects\143495_FRE_Plano-Tennyson_Brk_Rplc"
"000000009598E9A20E04F041B38518182890A2D5010012225CC57BF01F4EA8CCA87A792FF35F00008849819A0000"	"\Divisions\PD\Substation Freeport\Projects\145222_PPL_B44923_SEG_19_HARW_CTG_TALEN"
"000000009598E9A20E04F041B38518182890A2D5010012225CC57BF01F4EA8CCA87A792FF35F00016AA4C39E0000"	"\Divisions\PD\Substation Freeport\Projects\146490_AEP_New_Philadelphia"
"000000009598E9A20E04F041B38518182890A2D5010012225CC57BF01F4EA8CCA87A792FF35F000116E8FE610000"	"\Divisions\PD\Substation Freeport\Projects\148421_Oncor_Groesbeck_Main_PIP2978"
"000000009598E9A20E04F041B38518182890A2D501001296C725372D7F4B86B758A22EA3141B000000108ADB0000"	"\Divisions\PD\Substation Freeport\Proposals\000000_Mars_Hill\Mars Hill Windfarm"
"000000009598E9A20E04F041B38518182890A2D501001296C725372D7F4B86B758A22EA3141B00000013A61B0000"	"\Divisions\PD\Substation Freeport\Proposals\106659_Duquesne"
"000000009598E9A20E04F041B38518182890A2D501001296C725372D7F4B86B758A22EA3141B000000218CEB0000"	"\Divisions\PD\Substation Freeport\Proposals\108XXX_SAPPI_115kv"
"000000009598E9A20E04F041B38518182890A2D501001296C725372D7F4B86B758A22EA3141B0000000C7C5F0000"	"\Divisions\PD\Substation Freeport\Proposals\Mid-America"
"000000009598E9A20E04F041B38518182890A2D5010012225CC57BF01F4EA8CCA87A792FF35F000786DBB26A0000"	"\Divisions\PD\Substation Hailey\00 Calendar\Hailey Substation Calendar"
"000000009598E9A20E04F041B38518182890A2D5010012225CC57BF01F4EA8CCA87A792FF35F000343312DCB0000"	"\Divisions\PD\Substation Hailey\161323 - Rural Sub"
"000000009598E9A20E04F041B38518182890A2D5010012225CC57BF01F4EA8CCA87A792FF35F0003ED4070B00000"	"\Divisions\PD\Substation Hailey\165332 - Screwbean"
"000000009598E9A20E04F041B38518182890A2D5010012225CC57BF01F4EA8CCA87A792FF35F00044B7F499C0000"	"\Divisions\PD\Substation Hailey\169481 - Drill Hole 42711"
"000000009598E9A20E04F041B38518182890A2D5010012225CC57BF01F4EA8CCA87A792FF35F0004F313FF100000"	"\Divisions\PD\Substation Hailey\174646 - Sherry Switch 46471"
"000000009598E9A20E04F041B38518182890A2D5010012225CC57BF01F4EA8CCA87A792FF35F00059D072BA60000"	"\Divisions\PD\Substation Hailey\179811 - Dealey 46378"
"000000009598E9A20E04F041B38518182890A2D5010012225CC57BF01F4EA8CCA87A792FF35F0005CDC2D3710000"	"\Divisions\PD\Substation Hailey\239180 - Industrial Blvd 46385"
"000000009598E9A20E04F041B38518182890A2D5010012225CC57BF01F4EA8CCA87A792FF35F0006D3DB673C0000"	"\Divisions\PD\Substation Hailey\246837 - Temple Pecan POI"
"000000009598E9A20E04F041B38518182890A2D50100A3DF33FCC9BD1644BD14FCA330AA97850000249752C90000"	"\Divisions\PD\Substation Hailey\CJM - Andrews Sw 982 Fall Terminal"
"000000009598E9A20E04F041B38518182890A2D501006C95E27D1ACA634AA1AADC20796388DD0000009D26940000"	"\Divisions\PD\Substation Hailey\Seattle Viaduct\Seattle Viaduct"
"000000009598E9A20E04F041B38518182890A2D50100A3DF33FCC9BD1644BD14FCA330AA978500002306B6240000"	"\Divisions\PD\Substation Hamilton\138400"
"000000009598E9A20E04F041B38518182890A2D50100A3DF33FCC9BD1644BD14FCA330AA978500002C027E2F0000"	"\Divisions\PD\Substation Hamilton\141903\Geotechnical Subcontractor"
"000000009598E9A20E04F041B38518182890A2D50100E34BFE500669CD49AC2E27C6C54DE39D00000028F4C60000"	"\Divisions\PD\Substation Houston\00-BD_Proposals\118769_Horizon_Wind_Chenoa"
"000000009598E9A20E04F041B38518182890A2D50100A3DF33FCC9BD1644BD14FCA330AA978500001B8541370000"	"\Divisions\PD\Substation Houston\00-Closed Projects\Add to Closed Projects"
"000000009598E9A20E04F041B38518182890A2D50100E34BFE500669CD49AC2E27C6C54DE39D0000001E36A10000"	"\Divisions\PD\Substation Houston\01-General Oncor Information\00 CLOSED PROJECTS\ATL Irving Grant_110586_WA06T65276"
"000000009598E9A20E04F041B38518182890A2D50100E34BFE500669CD49AC2E27C6C54DE39D000000146EAB0000"	"\Divisions\PD\Substation Houston\01-General Oncor Information\00 CLOSED PROJECTS\Odessa_111408_WA07T63014"
"000000009598E9A20E04F041B38518182890A2D50100E34BFE500669CD49AC2E27C6C54DE39D0000001240700000"	"\Divisions\PD\Substation Houston\01-General Oncor Information\00 CLOSED PROJECTS\White Settlmt WA07T62028 (111294)\EMT"
"000000009598E9A20E04F041B38518182890A2D50100E34BFE500669CD49AC2E27C6C54DE39D0000000D59E00000"	"\Divisions\PD\Substation Houston\01-General Oncor Information\00 LEAD TIMES and SCHEDULES\KEASLER"
"000000009598E9A20E04F041B38518182890A2D50100E34BFE500669CD49AC2E27C6C54DE39D0000001ABFF50000"	"\Divisions\PD\Substation Houston\01-General Oncor Information\00 REPORTS\Houston TED Budget Percent Completes"
"000000009598E9A20E04F041B38518182890A2D50100E34BFE500669CD49AC2E27C6C54DE39D0000002A34D80000"	"\Divisions\PD\Substation Houston\01-General Oncor Information\ATLANTA PROJECTS\Completion Report"
"000000009598E9A20E04F041B38518182890A2D501001953B16A689BCD4AA8FC82955DB27CB1000001EF84530000"	"\Divisions\PD\Substation Houston\01-General Xcel Information\Reports"
"000000009598E9A20E04F041B38518182890A2D50100A3DF33FCC9BD1644BD14FCA330AA978500001D7C0FBA0000"	"\Divisions\PD\Substation Houston\122345 McKinney addl pst"
"000000009598E9A20E04F041B38518182890A2D50100A3DF33FCC9BD1644BD14FCA330AA9785000018B253310000"	"\Divisions\PD\Substation Houston\123366_AEP_Holston_PVID#_33635"
"000000009598E9A20E04F041B38518182890A2D50100A3DF33FCC9BD1644BD14FCA330AA9785000018B254500000"	"\Divisions\PD\Substation Houston\124676_AEP_Tidd_PVID#_34357"
"000000009598E9A20E04F041B38518182890A2D50100A3DF33FCC9BD1644BD14FCA330AA9785000016C78B630000"	"\Divisions\PD\Substation Houston\126407_Oncor_Whitehouse_138kV_Sub_Line_WA12T65289"
"000000009598E9A20E04F041B38518182890A2D50100A3DF33FCC9BD1644BD14FCA330AA978500001769A36F0000"	"\Divisions\PD\Substation Houston\127650_Oncor_Cedar_Crest_WA13T65021"
"000000009598E9A20E04F041B38518182890A2D50100A3DF33FCC9BD1644BD14FCA330AA97850000253F47B10000"	"\Divisions\PD\Substation Houston\127854_AEP_Breaks STN_33963\MATERIAL\STEEL"
"000000009598E9A20E04F041B38518182890A2D50100A3DF33FCC9BD1644BD14FCA330AA978500001A999B4E0000"	"\Divisions\PD\Substation Houston\129296_GVEC_CMC"
"000000009598E9A20E04F041B38518182890A2D50100A3DF33FCC9BD1644BD14FCA330AA978500001B15EAA50000"	"\Divisions\PD\Substation Houston\129900_Gvec_Marion"
"000000009598E9A20E04F041B38518182890A2D50100A3DF33FCC9BD1644BD14FCA330AA9785000019CE83920000"	"\Divisions\PD\Substation Houston\130518_Oncor_Goldsmith_Sub_WA13T61039"
"000000009598E9A20E04F041B38518182890A2D50100A3DF33FCC9BD1644BD14FCA330AA978500001CD89DD40000"	"\Divisions\PD\Substation Houston\131476_AEP_East_Ottawa_PVID#_33697"
"000000009598E9A20E04F041B38518182890A2D50100A3DF33FCC9BD1644BD14FCA330AA97850000260D0A230000"	"\Divisions\PD\Substation Houston\132133_AEP_Ruth_Station_PVID#_38295\SUBMITTED MATERIAL REQUESTS"
"000000009598E9A20E04F041B38518182890A2D50100A3DF33FCC9BD1644BD14FCA330AA978500001F9F0DCC0000"	"\Divisions\PD\Substation Houston\132603_AEP_Logan Station_39799"
"000000009598E9A20E04F041B38518182890A2D50100A3DF33FCC9BD1644BD14FCA330AA978500001E286F5D0000"	"\Divisions\PD\Substation Houston\133581_GVEC_Smiley Subs"
"000000009598E9A20E04F041B38518182890A2D50100A3DF33FCC9BD1644BD14FCA330AA978500001F9D58BD0000"	"\Divisions\PD\Substation Houston\134056_AEP_Logan_40795"
"000000009598E9A20E04F041B38518182890A2D50100A3DF33FCC9BD1644BD14FCA330AA97850000253FC0690000"	"\Divisions\PD\Substation Houston\134396_AEP_POUND_42218323_PVID 40561"
"000000009598E9A20E04F041B38518182890A2D50100A3DF33FCC9BD1644BD14FCA330AA978500001EEAD5830000"	"\Divisions\PD\Substation Houston\135508_Oncor_Alvarado Sub_WA#14T62059"
"000000009598E9A20E04F041B38518182890A2D50100A3DF33FCC9BD1644BD14FCA330AA9785000020F3016C0000"	"\Divisions\PD\Substation Houston\136720_Oncor_Westbrook Sub_15T61006"
"000000009598E9A20E04F041B38518182890A2D50100A3DF33FCC9BD1644BD14FCA330AA9785000028498CED0000"	"\Divisions\PD\Substation Houston\137758_AEP_Telecom Mesa_PVID#17583"
"000000009598E9A20E04F041B38518182890A2D50100A3DF33FCC9BD1644BD14FCA330AA9785000023378BAC0000"	"\Divisions\PD\Substation Houston\138705_Oncor_Troup Sub_WA#15T64058"
"000000009598E9A20E04F041B38518182890A2D50100A3DF33FCC9BD1644BD14FCA330AA978500002424A4EF0000"	"\Divisions\PD\Substation Houston\139317_Shamburger Line Term_Oncor_WA#"
"000000009598E9A20E04F041B38518182890A2D50100A3DF33FCC9BD1644BD14FCA330AA9785000026B0A6D60000"	"\Divisions\PD\Substation Houston\139958_Oncor_Sherry Switch Fiber Install_WA#16T62029"
"000000009598E9A20E04F041B38518182890A2D50100A3DF33FCC9BD1644BD14FCA330AA9785000027B1D2BE0000"	"\Divisions\PD\Substation Houston\140681_AEP_Telecom Chippewa SW_PVID#11118"
"000000009598E9A20E04F041B38518182890A2D50100A3DF33FCC9BD1644BD14FCA330AA978500002849909B0000"	"\Divisions\PD\Substation Houston\140766_AEP_Telecom Mingo_PVID#14070"
"000000009598E9A20E04F041B38518182890A2D50100A3DF33FCC9BD1644BD14FCA330AA978500002934AD130000"	"\Divisions\PD\Substation Houston\141157_Oncor_Comanche Pk Rplc CB 7980"
"000000009598E9A20E04F041B38518182890A2D50100A3DF33FCC9BD1644BD14FCA330AA978500002B74F4730000"	"\Divisions\PD\Substation Houston\141582_Xcel_Canyon West V05 Precomm"
"000000009598E9A20E04F041B38518182890A2D50100A3DF33FCC9BD1644BD14FCA330AA978500002B78CA620000"	"\Divisions\PD\Substation Houston\142252_Xcel_Wade Precommissioning TAM"
"000000009598E9A20E04F041B38518182890A2D50100A3DF33FCC9BD1644BD14FCA330AA978500002CA273930000"	"\Divisions\PD\Substation Houston\142640_AEP_Telecom Whirlpool_PVID#13174"
"000000009598E9A20E04F041B38518182890A2D5010012225CC57BF01F4EA8CCA87A792FF35F000049C4B1920000"	"\Divisions\PD\Substation Houston\143978_Xcel_Wheeler - 115kV TAM Precomm"
"000000009598E9A20E04F041B38518182890A2D5010012225CC57BF01F4EA8CCA87A792FF35F0000672391550000"	"\Divisions\PD\Substation Houston\144662_Oncor_Randol Mill Sub Add Ln_WA#17T62048"
"000000009598E9A20E04F041B38518182890A2D5010012225CC57BF01F4EA8CCA87A792FF35F0000E788789A0000"	"\Divisions\PD\Substation Houston\145729_Xcel_Price-115-12.5 Xfmr Com Prcmm"
"000000009598E9A20E04F041B38518182890A2D5010012225CC57BF01F4EA8CCA87A792FF35F0000C1E83DB90000"	"\Divisions\PD\Substation Houston\146512_Oncor_Culberson Sub: 138 Ln Term_WA# TBD"
"000000009598E9A20E04F041B38518182890A2D5010012225CC57BF01F4EA8CCA87A792FF35F0000EF4E79A30000"	"\Divisions\PD\Substation Houston\147500_Oncor_Comanche Peak_WA#"
"000000009598E9A20E04F041B38518182890A2D5010012225CC57BF01F4EA8CCA87A792FF35F00011C66FF470000"	"\Divisions\PD\Substation Houston\148557_PPL Electric_Epal-Acahela Apgw TLine"
"000000009598E9A20E04F041B38518182890A2D50100E34BFE500669CD49AC2E27C6C54DE39D0000003B82CA0000"	"\Divisions\PD\Substation Houston\BESS"
"000000009598E9A20E04F041B38518182890A2D50100E34BFE500669CD49AC2E27C6C54DE39D00000020FD820000"	"\Divisions\PD\Substation Houston\CLOSED_116741_Oncor_Hicks_12T62001"
"000000009598E9A20E04F041B38518182890A2D501001953B16A689BCD4AA8FC82955DB27CB100000149735F0000"	"\Divisions\PD\Substation Houston\CLOSED_116741_Oncor_Hicks_12T62001\Oncor Order Forms\Switches"
"000000009598E9A20E04F041B38518182890A2D50100A3DF33FCC9BD1644BD14FCA330AA978500001BF144F30000"	"\Divisions\PD\Substation Houston\CLOSED_116769_Oncor_Central_Bluff_WA10T63008\10T63008 MATERIAL\RTU"
"000000009598E9A20E04F041B38518182890A2D50100E34BFE500669CD49AC2E27C6C54DE39D000000383EDC0000"	"\Divisions\PD\Substation Houston\CLOSED_116940_Oncor_Dermott_WA11T63004\AEP"
"000000009598E9A20E04F041B38518182890A2D50100E34BFE500669CD49AC2E27C6C54DE39D00000028F4E50000"	"\Divisions\PD\Substation Houston\CLOSED_116940_Oncor_Dermott_WA11T63004\Preliminary Plan"
"000000009598E9A20E04F041B38518182890A2D50100A3DF33FCC9BD1644BD14FCA330AA97850000172A87E40000"	"\Divisions\PD\Substation Houston\CLOSED_117361_Oncor_Elm_Mott_09T64076"
"000000009598E9A20E04F041B38518182890A2D50100A3DF33FCC9BD1644BD14FCA330AA9785000015D960C90000"	"\Divisions\PD\Substation Houston\CLOSED_118024_Oncor_Whitney_10T64077\117608_Oncor_Comanche_Peak_WA09T62112\In-Service and Completion Reports"
"000000009598E9A20E04F041B38518182890A2D50100A3DF33FCC9BD1644BD14FCA330AA978500001D9048D90000"	"\Divisions\PD\Substation Houston\CLOSED_119866_Oncor_Venus_WA11T65208\EMT Orders\Order Issues"
"000000009598E9A20E04F041B38518182890A2D50100A3DF33FCC9BD1644BD14FCA330AA978500001B87AAE50000"	"\Divisions\PD\Substation Houston\CLOSED_120018_Oncor_Lamesa_11T63116"
"000000009598E9A20E04F041B38518182890A2D50100A3DF33FCC9BD1644BD14FCA330AA978500001D9192A00000"	"\Divisions\PD\Substation Houston\CLOSED_120157_Oncor_Com Pk_10T62233_ADD TO PST\Resistors"
"000000009598E9A20E04F041B38518182890A2D50100A3DF33FCC9BD1644BD14FCA330AA978500001D956A260000"	"\Divisions\PD\Substation Houston\CLOSED_120468_Oncor_Cedar Hill_11T65217_ADD TO PST\Ship Dates"
"000000009598E9A20E04F041B38518182890A2D50100A3DF33FCC9BD1644BD14FCA330AA978500001D953B8E0000"	"\Divisions\PD\Substation Houston\CLOSED_121161_Oncor_Big Brown_10T64321\AC and DC Breakers"
"000000009598E9A20E04F041B38518182890A2D501001953B16A689BCD4AA8FC82955DB27CB1000001B75C7C0000"	"\Divisions\PD\Substation Houston\CLOSED_122786_Oncor_Brown_11T62246\FAR Reports"
"000000009598E9A20E04F041B38518182890A2D50100A3DF33FCC9BD1644BD14FCA330AA9785000017069F920000"	"\Divisions\PD\Substation Houston\CLOSED_123827_Oncor_Lake_Wichita_12T62211\In-Service Reports"
"000000009598E9A20E04F041B38518182890A2D501001953B16A689BCD4AA8FC82955DB27CB1000001C4BBAA0000"	"\Divisions\PD\Substation Houston\CLOSED_124606_Xcel_Energy_Amarillo_South\Contract"
"000000009598E9A20E04F041B38518182890A2D50100A3DF33FCC9BD1644BD14FCA330AA9785000015C391970000"	"\Divisions\PD\Substation Houston\CLOSED_125199_GVEC_Lindenau"
"000000009598E9A20E04F041B38518182890A2D50100A3DF33FCC9BD1644BD14FCA330AA97850000175CE2B70000"	"\Divisions\PD\Substation Houston\CLOSED_126640_138kV_Southwest_Orla_Poi_WA12T63166\Control House"
"000000009598E9A20E04F041B38518182890A2D50100A3DF33FCC9BD1644BD14FCA330AA978500001A2EF54D0000"	"\Divisions\PD\Substation Houston\CLOSED_130664_Xcel_SPS_General_Engineering"
"000000009598E9A20E04F041B38518182890A2D50100E34BFE500669CD49AC2E27C6C54DE39D0000001ABFC20000"	"\Divisions\PD\Substation Houston\Oncor-Elgin\Reactors\Trench"
"000000009598E9A20E04F041B38518182890A2D5010012225CC57BF01F4EA8CCA87A792FF35F0000BBEFC03A0000"	"\Divisions\PD\Substation Kansas City\143870 Bluff Creek Substation"
"000000009598E9A20E04F041B38518182890A2D50100A3DF33FCC9BD1644BD14FCA330AA978500002DA2E30B0000"	"\Divisions\PD\Substation Oradell\143150"
"000000009598E9A20E04F041B38518182890A2D50100E34BFE500669CD49AC2E27C6C54DE39D0000003DC12B0000"	"\Divisions\PD\Substation Orlando\122445 Sub 33 Xfrmr Addition"
"000000009598E9A20E04F041B38518182890A2D50100A3DF33FCC9BD1644BD14FCA330AA97850000203DA7F80000"	"\Divisions\PD\Substation Orlando\136383 DEF-DELAND RTU REPLACEMENT"
"000000009598E9A20E04F041B38518182890A2D5010012225CC57BF01F4EA8CCA87A792FF35F00035F4DE0170000"	"\Divisions\PD\Substation Overland Park\Out of Office - OPK Substation Dept"
"000000009598E9A20E04F041B38518182890A2D50100A3DF33FCC9BD1644BD14FCA330AA978500001D9BC29B0000"	"\Divisions\PD\Substation Phoenix\134027 TEP Ya-Ta-Hey PNM IS & FC"
"000000009598E9A20E04F041B38518182890A2D5010012225CC57BF01F4EA8CCA87A792FF35F00004FC9CFE90000"	"\Divisions\PD\Substation Phoenix\144396 Two Basins Prelim Sub Scoping"
"000000009598E9A20E04F041B38518182890A2D5010012225CC57BF01F4EA8CCA87A792FF35F0001D805B9630000"	"\Divisions\PD\Substation Phoenix\153357 - Buffalo Ridge - J790 Interc MTR"
"000000009598E9A20E04F041B38518182890A2D5010012225CC57BF01F4EA8CCA87A792FF35F00024EA61BBE0000"	"\Divisions\PD\Substation Phoenix\155079 J970 INTERCONNECT - DELTA SITE"
"000000009598E9A20E04F041B38518182890A2D5010012225CC57BF01F4EA8CCA87A792FF35F00037F0314AF0000"	"\Divisions\PD\Substation Phoenix\164396 P-LEETSDALE SECURITY COMM"
"000000009598E9A20E04F041B38518182890A2D5010064CEE54672FD844491A13B5C6CAEE87D0000002F1E990000"	"\Divisions\PD\Substation Portland\117785_P'Corp_Pinto OEM RVW\AREVA Contract Pinto 2009-10"
"000000009598E9A20E04F041B38518182890A2D5010064CEE54672FD844491A13B5C6CAEE87D0000002FF5660000"	"\Divisions\PD\Substation Portland\119694_P'Corp_SPCC AST-OWS Proj"
"000000009598E9A20E04F041B38518182890A2D5010064CEE54672FD844491A13B5C6CAEE87D00000033F8D00000"	"\Divisions\PD\Substation Portland\120600_PCORP GOSHEN-GRACE LN CLEAR"
"000000009598E9A20E04F041B38518182890A2D5010064CEE54672FD844491A13B5C6CAEE87D0000003652670000"	"\Divisions\PD\Substation Portland\121196_PCORP_JORDAN_SUBSTATION"
"000000009598E9A20E04F041B38518182890A2D5010064CEE54672FD844491A13B5C6CAEE87D00000039405A0000"	"\Divisions\PD\Substation Portland\121732_NLIGHT_NORTH_STAR_SOLAR_LLC"
"000000009598E9A20E04F041B38518182890A2D5010064CEE54672FD844491A13B5C6CAEE87D00000039FFEF0000"	"\Divisions\PD\Substation Portland\121981_P_ELKTON_345_RPLC_CB_4900"
"000000009598E9A20E04F041B38518182890A2D5010064CEE54672FD844491A13B5C6CAEE87D0000003BBD060000"	"\Divisions\PD\Substation Portland\122297_PLATTE_REPLACE_RECT"
"000000009598E9A20E04F041B38518182890A2D50100CB7D9B6512D7374A860FE542D57703920000011615BE0000"	"\Divisions\PD\Substation Portland\122725_BPA_ALVEY_DFR_REPL "
"000000009598E9A20E04F041B38518182890A2D50100CB7D9B6512D7374A860FE542D57703920000011997B90000"	"\Divisions\PD\Substation Portland\122893_P_KILLEEN_W_FT_HOOD_TERM_UPG"
"000000009598E9A20E04F041B38518182890A2D501001953B16A689BCD4AA8FC82955DB27CB1000000E6DFA70000"	"\Divisions\PD\Substation Portland\123783 P'CORP CANYON COMP SUB"
"000000009598E9A20E04F041B38518182890A2D50100A3DF33FCC9BD1644BD14FCA330AA9785000017646F990000"	"\Divisions\PD\Substation Portland\124067 ALBER HILL"
"000000009598E9A20E04F041B38518182890A2D501001953B16A689BCD4AA8FC82955DB27CB10000016CE20F0000"	"\Divisions\PD\Substation Portland\124174 P'CORP NERC LN (P02) RATINGS"
"000000009598E9A20E04F041B38518182890A2D501001953B16A689BCD4AA8FC82955DB27CB1000001BB87B70000"	"\Divisions\PD\Substation Portland\124529 P'CORP NERC LINE B39 RATINGS"
"000000009598E9A20E04F041B38518182890A2D50100A3DF33FCC9BD1644BD14FCA330AA978500000E74D1B20000"	"\Divisions\PD\Substation Portland\125215 STEC Tilden 138kV Ringbus & Dist Sub"
"000000009598E9A20E04F041B38518182890A2D50100A3DF33FCC9BD1644BD14FCA330AA9785000015E4B7290000"	"\Divisions\PD\Substation Portland\126026 P'CORP DJ-PILOT BUTTE CS-1D2"
"000000009598E9A20E04F041B38518182890A2D50100A3DF33FCC9BD1644BD14FCA330AA9785000016F750BC0000"	"\Divisions\PD\Substation Portland\126558 P'CORP NERC LN B05 RATING"
"000000009598E9A20E04F041B38518182890A2D50100A3DF33FCC9BD1644BD14FCA330AA97850000170485260000"	"\Divisions\PD\Substation Portland\126615 P'CORP NERC LN WI02 RATINGS"
"000000009598E9A20E04F041B38518182890A2D50100A3DF33FCC9BD1644BD14FCA330AA97850000176645280000"	"\Divisions\PD\Substation Portland\127533 P'CORP NERC BB12 LINE RATING"
"000000009598E9A20E04F041B38518182890A2D50100A3DF33FCC9BD1644BD14FCA330AA978500001AA00EC40000"	"\Divisions\PD\Substation Portland\127772 GC COL-RF-LAR T-LINE SAS SPRT"
"000000009598E9A20E04F041B38518182890A2D50100A3DF33FCC9BD1644BD14FCA330AA97850000184B862C0000"	"\Divisions\PD\Substation Portland\128183 P'CORP CHEHALIS GSU#1 FDN"
"000000009598E9A20E04F041B38518182890A2D50100A3DF33FCC9BD1644BD14FCA330AA9785000018A4E3980000"	"\Divisions\PD\Substation Portland\128764 PGE - RIVERGATE SUBSTATION"
"000000009598E9A20E04F041B38518182890A2D50100A3DF33FCC9BD1644BD14FCA330AA9785000018E602D80000"	"\Divisions\PD\Substation Portland\129145 P'CORP KNOTT-DESIGN INC 11.7KV"
"000000009598E9A20E04F041B38518182890A2D50100A3DF33FCC9BD1644BD14FCA330AA97850000197AAB680000"	"\Divisions\PD\Substation Portland\129678 CIRCLEVILLE INSTL 138KV 33880"
"000000009598E9A20E04F041B38518182890A2D50100A3DF33FCC9BD1644BD14FCA330AA9785000019BAA9420000"	"\Divisions\PD\Substation Portland\130429 FASTORIA EQUIP RETIRE 37937"
"000000009598E9A20E04F041B38518182890A2D50100A3DF33FCC9BD1644BD14FCA330AA978500001A2221F00000"	"\Divisions\PD\Substation Portland\130716 PNM RIO PUERCO SVC OE PHASE I"
"000000009598E9A20E04F041B38518182890A2D50100A3DF33FCC9BD1644BD14FCA330AA978500001AB92C1D0000"	"\Divisions\PD\Substation Portland\131458 ADAMS: NEW 138 KBKR PVID 34102"
"000000009598E9A20E04F041B38518182890A2D50100A3DF33FCC9BD1644BD14FCA330AA978500001B36A9A50000"	"\Divisions\PD\Substation Portland\131890 P'CORP DSGN REV- UNION GAP"
"000000009598E9A20E04F041B38518182890A2D50100A3DF33FCC9BD1644BD14FCA330AA9785000023037C3B0000"	"\Divisions\PD\Substation Portland\132308 P BLUFF CRK--RPLC CB 3560\Procurement"
"000000009598E9A20E04F041B38518182890A2D50100A3DF33FCC9BD1644BD14FCA330AA978500001BF1E1480000"	"\Divisions\PD\Substation Portland\132792 HAZARD TRANSCO 40704"
"000000009598E9A20E04F041B38518182890A2D50100A3DF33FCC9BD1644BD14FCA330AA978500001CB0EACE0000"	"\Divisions\PD\Substation Portland\133154 BPA - SYSTEM OP LIMIT PATH 3"
"000000009598E9A20E04F041B38518182890A2D50100A3DF33FCC9BD1644BD14FCA330AA978500001D8075140000"	"\Divisions\PD\Substation Portland\133763 Grundy Station"
"000000009598E9A20E04F041B38518182890A2D50100A3DF33FCC9BD1644BD14FCA330AA978500001DB16CBE0000"	"\Divisions\PD\Substation Portland\134243 P'CORP LATHAM CIVIL DRAFT"
"000000009598E9A20E04F041B38518182890A2D50100A3DF33FCC9BD1644BD14FCA330AA978500001DE4292A0000"	"\Divisions\PD\Substation Portland\134738 P'CORP HELPER SUB D-R 2014"
"000000009598E9A20E04F041B38518182890A2D50100A3DF33FCC9BD1644BD14FCA330AA978500001E4D78CE0000"	"\Divisions\PD\Substation Portland\135060 BPA SATSOP 230KV BUS DIFF RLYS"
"000000009598E9A20E04F041B38518182890A2D50100A3DF33FCC9BD1644BD14FCA330AA97850000230CDBD30000"	"\Divisions\PD\Substation Portland\135487 SCADA MERTZON A13217575"
"000000009598E9A20E04F041B38518182890A2D50100A3DF33FCC9BD1644BD14FCA330AA978500001F1397C30000"	"\Divisions\PD\Substation Portland\135759 P SAGINAW SW: RPLC 138 CB 50"
"000000009598E9A20E04F041B38518182890A2D50100A3DF33FCC9BD1644BD14FCA330AA978500001FA168FD0000"	"\Divisions\PD\Substation Portland\136091 P'CORP FIDDLER'S CANYON SOLAR"
"000000009598E9A20E04F041B38518182890A2D50100A3DF33FCC9BD1644BD14FCA330AA97850000202A45100000"	"\Divisions\PD\Substation Portland\136547 P TYLER WEST:69CB & RLY MODS"
"000000009598E9A20E04F041B38518182890A2D50100A3DF33FCC9BD1644BD14FCA330AA9785000021ACC3AE0000"	"\Divisions\PD\Substation Portland\137478 BPA ALLSTON 500KV RELAY REPL"
"000000009598E9A20E04F041B38518182890A2D50100A3DF33FCC9BD1644BD14FCA330AA9785000022267F3A0000"	"\Divisions\PD\Substation Portland\137922 P'CORP DEVILS SLIDE SCOPING"
"000000009598E9A20E04F041B38518182890A2D50100A3DF33FCC9BD1644BD14FCA330AA97850000230F65970000"	"\Divisions\PD\Substation Portland\138621 P'CORP UAMPS VEYO SUB"
"000000009598E9A20E04F041B38518182890A2D50100A3DF33FCC9BD1644BD14FCA330AA97850000242C7BD90000"	"\Divisions\PD\Substation Portland\139165 P'CORP FRY-HAZELWOOD RELAY"
"000000009598E9A20E04F041B38518182890A2D50100A3DF33FCC9BD1644BD14FCA330AA978500002472ABCF0000"	"\Divisions\PD\Substation Portland\139395 P LOTT SUB: INSTALL 69 CAPS"
"000000009598E9A20E04F041B38518182890A2D50100A3DF33FCC9BD1644BD14FCA330AA97850000258AE9020000"	"\Divisions\PD\Substation Portland\139880 P SAGINAW SWTCH-N MAIN LINE"
"000000009598E9A20E04F041B38518182890A2D50100A3DF33FCC9BD1644BD14FCA330AA9785000026B51D6D0000"	"\Divisions\PD\Substation Portland\140472 BPA VANTAGE-POMONA HTS RELAYS"
"000000009598E9A20E04F041B38518182890A2D50100A3DF33FCC9BD1644BD14FCA330AA9785000027ECBA3D0000"	"\Divisions\PD\Substation Portland\140900 P'CORP WOODLINE SOLAR COLL STN"
"000000009598E9A20E04F041B38518182890A2D50100A3DF33FCC9BD1644BD14FCA330AA978500002A1A6ADE0000"	"\Divisions\PD\Substation Portland\141338 P'CORP DODGE BRIDGE SCADA-COMM"
"000000009598E9A20E04F041B38518182890A2D50100A3DF33FCC9BD1644BD14FCA330AA978500002A1A74280000"	"\Divisions\PD\Substation Portland\141663 JOSHUA FALLS 765KV P14103002"
"000000009598E9A20E04F041B38518182890A2D50100A3DF33FCC9BD1644BD14FCA330AA978500002AAAC80B0000"	"\Divisions\PD\Substation Portland\141998 P BIG BROWN TAP: TRINIDAD LN"
"000000009598E9A20E04F041B38518182890A2D50100A3DF33FCC9BD1644BD14FCA330AA978500002BE4BEE60000"	"\Divisions\PD\Substation Portland\142538 UPPER MARION NOT-1700"
"000000009598E9A20E04F041B38518182890A2D50100A3DF33FCC9BD1644BD14FCA330AA978500002CA80ED40000"	"\Divisions\PD\Substation Portland\142980 P'CORP TURKEY HILL GRND MIT"
"000000009598E9A20E04F041B38518182890A2D50100A3DF33FCC9BD1644BD14FCA330AA978500002DA233F90000"	"\Divisions\PD\Substation Portland\143222 P TERRELL UPG 138 ROYSE LN"
"000000009598E9A20E04F041B38518182890A2D5010012225CC57BF01F4EA8CCA87A792FF35F00000F57EAFB0000"	"\Divisions\PD\Substation Portland\143520 BURHOLME 6610"
"000000009598E9A20E04F041B38518182890A2D5010012225CC57BF01F4EA8CCA87A792FF35F00003945D1AE0000"	"\Divisions\PD\Substation Portland\143963 PGE PMP PLAYBOOK"
"000000009598E9A20E04F041B38518182890A2D5010012225CC57BF01F4EA8CCA87A792FF35F00003F053F860000"	"\Divisions\PD\Substation Portland\144272 P VEST SUB CONVERT TO 138"
"000000009598E9A20E04F041B38518182890A2D5010012225CC57BF01F4EA8CCA87A792FF35F00007754B8BA0000"	"\Divisions\PD\Substation Portland\145099 TELECOM BUCYRUS CNTR A13213214"
"000000009598E9A20E04F041B38518182890A2D5010012225CC57BF01F4EA8CCA87A792FF35F0000A8917AAF0000"	"\Divisions\PD\Substation Portland\146131 P'CORP BONANZA Q577 COLL STN"
"000000009598E9A20E04F041B38518182890A2D5010012225CC57BF01F4EA8CCA87A792FF35F0000EF4E79990000"	"\Divisions\PD\Substation Portland\147502 P DENTON DRIVE CONVERT 138"
"000000009598E9A20E04F041B38518182890A2D5010012225CC57BF01F4EA8CCA87A792FF35F0000FD2CBF360000"	"\Divisions\PD\Substation Portland\147860 UPPER DARBY FIBER ADDITION"
"000000009598E9A20E04F041B38518182890A2D5010012225CC57BF01F4EA8CCA87A792FF35F000127AF8D240000"	"\Divisions\PD\Substation Portland\148806 P'CORP SNOW GOOSE SUB 525KV"
"000000009598E9A20E04F041B38518182890A2D5010012225CC57BF01F4EA8CCA87A792FF35F0001474FC4770000"	"\Divisions\PD\Substation Portland\149125 ITMANN TRANSCO STN P16057017"
"000000009598E9A20E04F041B38518182890A2D5010012225CC57BF01F4EA8CCA87A792FF35F000262142F830000"	"\Divisions\PD\Substation Portland\155374_Xcel_RTCA_W39_XTO"
"000000009598E9A20E04F041B38518182890A2D5010064CEE54672FD844491A13B5C6CAEE87D000000309DF20000"	"\Divisions\PD\Substation Portland\PacifiCorp Cad Coordination\P&C\Summary of DMS Precedures (JJ)"
"000000009598E9A20E04F041B38518182890A2D5010064CEE54672FD844491A13B5C6CAEE87D000000309DA60000"	"\Divisions\PD\Substation Portland\PacifiCorp Cad Coordination\Physical\qc process\qc class"
"000000009598E9A20E04F041B38518182890A2D5010064CEE54672FD844491A13B5C6CAEE87D000000081A610000"	"\Divisions\PD\Substation Portland\PCI 12-2005"
"000000009598E9A20E04F041B38518182890A2D5010064CEE54672FD844491A13B5C6CAEE87D000000081A690000"	"\Divisions\PD\Substation Portland\Tomball Substation\E&S"
"000000009598E9A20E04F041B38518182890A2D5010064CEE54672FD844491A13B5C6CAEE87D000000081A7A0000"	"\Divisions\PD\Substation Portland\Tomball Substation\Standards"
"000000009598E9A20E04F041B38518182890A2D501001296C725372D7F4B86B758A22EA3141B0000007A6C0B0000"	"\Divisions\PD\Substation San Diego\_DMS Upload\114442 SD Farmer Branch Dist Auto"
"000000009598E9A20E04F041B38518182890A2D50100572FF007A7D6B64CA96E5CFE8E1CC1A4000000180C930000"	"\Divisions\PD\Substation San Diego\_DMS Upload\118063 SDG&E Oil Containment\Esco"
"000000009598E9A20E04F041B38518182890A2D501001296C725372D7F4B86B758A22EA3141B00000076611A0000"	"\Divisions\PD\Substation San Diego\_Generation Projects\110882 SDG&E 2006 RFO OE"
"000000009598E9A20E04F041B38518182890A2D50100A3DF33FCC9BD1644BD14FCA330AA97850000242721BA0000"	"\Divisions\PD\Substation San Diego\_XCEL"
"000000009598E9A20E04F041B38518182890A2D501001953B16A689BCD4AA8FC82955DB27CB10000012FEA150000"	"\Divisions\PD\Substation San Diego\120580 NGRID - BRAYTON"
"000000009598E9A20E04F041B38518182890A2D50100A3DF33FCC9BD1644BD14FCA330AA9785000019A91E5D0000"	"\Divisions\PD\Substation San Diego\121631 IID PROPOSAL"
"000000009598E9A20E04F041B38518182890A2D50100A3DF33FCC9BD1644BD14FCA330AA9785000016B158580000"	"\Divisions\PD\Substation San Diego\122396 AEP Inez\Material"
"000000009598E9A20E04F041B38518182890A2D50100A3DF33FCC9BD1644BD14FCA330AA9785000016C4DF8E0000"	"\Divisions\PD\Substation San Diego\123055 SD KNWD Repl OCB Inst SCADA\IFR"
"000000009598E9A20E04F041B38518182890A2D50100A3DF33FCC9BD1644BD14FCA330AA9785000016FCBB580000"	"\Divisions\PD\Substation San Diego\124464 RTRP 69kV\Freeman"
"000000009598E9A20E04F041B38518182890A2D50100A3DF33FCC9BD1644BD14FCA330AA97850000181C7A620000"	"\Divisions\PD\Substation San Diego\126166 TEP- E.On Valencia"
"000000009598E9A20E04F041B38518182890A2D50100A3DF33FCC9BD1644BD14FCA330AA9785000017DF5B640000"	"\Divisions\PD\Substation San Diego\128039 SDG&E Trans Spec Review"
"000000009598E9A20E04F041B38518182890A2D50100A3DF33FCC9BD1644BD14FCA330AA97850000192BC30F0000"	"\Divisions\PD\Substation San Diego\129259 IID Avenue 58"
"000000009598E9A20E04F041B38518182890A2D50100A3DF33FCC9BD1644BD14FCA330AA978500001A084BAA0000"	"\Divisions\PD\Substation San Diego\130648 SUB AB San Ysidro"
"000000009598E9A20E04F041B38518182890A2D50100A3DF33FCC9BD1644BD14FCA330AA978500001B5A77F10000"	"\Divisions\PD\Substation San Diego\132049 CBM AS-BUILTS Alpine"
"000000009598E9A20E04F041B38518182890A2D50100A3DF33FCC9BD1644BD14FCA330AA978500001D23492D0000"	"\Divisions\PD\Substation San Diego\133470 SDGE Comm Eng Support"
"000000009598E9A20E04F041B38518182890A2D50100A3DF33FCC9BD1644BD14FCA330AA9785000021B590380000"	"\Divisions\PD\Substation San Diego\134849 LADWP LiDAR Survey"
"000000009598E9A20E04F041B38518182890A2D50100A3DF33FCC9BD1644BD14FCA330AA978500001F1775B50000"	"\Divisions\PD\Substation San Diego\135727 TEP McKinley Yah-Ta-Hey Design"
"000000009598E9A20E04F041B38518182890A2D50100A3DF33FCC9BD1644BD14FCA330AA9785000020E4E9630000"	"\Divisions\PD\Substation San Diego\136893 SES CMS3 Sub Trip Event Anal"
"000000009598E9A20E04F041B38518182890A2D50100A3DF33FCC9BD1644BD14FCA330AA9785000022ECC6070000"	"\Divisions\PD\Substation San Diego\138572 SDG&E 2015 ASC AB"
"000000009598E9A20E04F041B38518182890A2D50100A3DF33FCC9BD1644BD14FCA330AA97850000239D593F0000"	"\Divisions\PD\Substation San Diego\139011 SDG&E CBM AB Stuart"
"000000009598E9A20E04F041B38518182890A2D50100A3DF33FCC9BD1644BD14FCA330AA9785000029D1965D0000"	"\Divisions\PD\Substation San Diego\141470 CMS3 RTAC Configuration"
"000000009598E9A20E04F041B38518182890A2D50100A3DF33FCC9BD1644BD14FCA330AA978500002CB8C94B0000"	"\Divisions\PD\Substation San Diego\143027 NRG SOLAR STONE POI SWTCHYRD"
"000000009598E9A20E04F041B38518182890A2D5010012225CC57BF01F4EA8CCA87A792FF35F000297759EF90000"	"\Divisions\PD\Substation San Diego\155019 & 155021 AEP Cabaniss Station"
"000000009598E9A20E04F041B38518182890A2D50100A3DF33FCC9BD1644BD14FCA330AA978500002C0298A70000"	"\Divisions\PD\Substation St. Louis\Substation Schedule"
"000000009598E9A20E04F041B38518182890A2D5010012225CC57BF01F4EA8CCA87A792FF35F00061D7E8E690000"	"\Divisions\POWER Holiday Calendar"
"000000009598E9A20E04F041B38518182890A2D50100A3DF33FCC9BD1644BD14FCA330AA978500001715233D0000"	"\Divisions\Telecom\CenturyLink\resumes"
"000000009598E9A20E04F041B38518182890A2D50100223027F552B4C24798289335B7C646960000001912BF0000"	"\Rec"
"000000009598E9A20E04F041B38518182890A2D5010012225CC57BF01F4EA8CCA87A792FF35F00069E98FB470000"	"\zApplications\ARCPRO Users\ArcPro Calendar(Boi-ArcPro02)"
"000000009598E9A20E04F041B38518182890A2D5010012225CC57BF01F4EA8CCA87A792FF35F00042C1923E00000"	"\zApplications\CadnaA"
"000000009598E9A20E04F041B38518182890A2D5010012225CC57BF01F4EA8CCA87A792FF35F000558F510F40000"	"\zApplications\CDEGS Users\CDEGS\CDEGS"
"000000009598E9A20E04F041B38518182890A2D5010012225CC57BF01F4EA8CCA87A792FF35F00043AFB7D440000"	"\zApplications\Hypersim Users\Hypersim Calendar"
"000000009598E9A20E04F041B38518182890A2D501001296C725372D7F4B86B758A22EA3141B000000420EBF0000"	"\zApplications\PTW Users"
"000000009598E9A20E04F041B38518182890A2D50100A3DF33FCC9BD1644BD14FCA330AA9785000018B1603E0000"	"\zApplications\Windmil"
