"EntryId"	"Identity"
"000000009598E9A20E04F041B38518182890A2D5010012225CC57BF01F4EA8CCA87A792FF35F0001F6347E6F0000"	"\Divisions\ENV\Air Quality BU"
"000000009598E9A20E04F041B38518182890A2D501006C95E27D1ACA634AA1AADC20796388DD0000006CA9140000"	"\Divisions\ENV\Environmental Anaheim\115245 BARREN RDG-EIR/EIS TA 01\EIS\Alternatives"
"000000009598E9A20E04F041B38518182890A2D501006C95E27D1ACA634AA1AADC20796388DD000000DA27480000"	"\Divisions\ENV\Environmental Anaheim\115245 BARREN RDG-EIR/EIS TA 01\EIS\PDEIS Chapters\Summary"
"000000009598E9A20E04F041B38518182890A2D501006C95E27D1ACA634AA1AADC20796388DD000000E51C3D0000"	"\Divisions\ENV\Environmental Anaheim\115245 BARREN RDG-EIR/EIS TA 01\Public Involvement\DEIS Hearings"
"000000009598E9A20E04F041B38518182890A2D501006C95E27D1ACA634AA1AADC20796388DD0000007027D40000"	"\Divisions\ENV\Environmental Anaheim\115245 BARREN RDG-EIR/EIS TA 01\Resources\Cultural"
"000000009598E9A20E04F041B38518182890A2D50100A3DF33FCC9BD1644BD14FCA330AA97850000170490210000"	"\Divisions\ENV\Environmental Anaheim\117189-TA13 ANF Archaeo Inventory\117189-TA13 ANF Archaeo Inventory1"
"000000009598E9A20E04F041B38518182890A2D50100F3BCE3A574023B4482F2E427B5A3121800004D7FE0EF0000"	"\Divisions\ENV\Environmental Anaheim\118242 HAIWEE GEOTHERMAL LEASING EIS\FEIS"
"000000009598E9A20E04F041B38518182890A2D501006C95E27D1ACA634AA1AADC20796388DD000000F5E7290000"	"\Divisions\ENV\Environmental Anaheim\118242 HAIWEE GEOTHERMAL LEASING EIS\Resources\Biology\MGS"
"000000009598E9A20E04F041B38518182890A2D50100572FF007A7D6B64CA96E5CFE8E1CC1A40000002B9D400000"	"\Divisions\ENV\Environmental Anaheim\118927 TA14 BRRTP DRAFT EIS/EIR"
"000000009598E9A20E04F041B38518182890A2D50100572FF007A7D6B64CA96E5CFE8E1CC1A40000003A7AFF0000"	"\Divisions\ENV\Environmental Anaheim\119911 TA61 LYTLE CRK BIO & ARCH 2010"
"000000009598E9A20E04F041B38518182890A2D50100A3DF33FCC9BD1644BD14FCA330AA97850000175B5BE50000"	"\Divisions\ENV\Environmental Anaheim\122512 RRG MESA SOLAR CEQA CONSULTANT\EIR/EA"
"000000009598E9A20E04F041B38518182890A2D501001953B16A689BCD4AA8FC82955DB27CB100000159B8EA0000"	"\Divisions\ENV\Environmental Anaheim\124278 RRG BLYTHE II SOLAR PROJ EIR RRG BLYTHE II SOLAR PROJ EIR"
"000000009598E9A20E04F041B38518182890A2D501001953B16A689BCD4AA8FC82955DB27CB1000001E567BA0000"	"\Divisions\ENV\Environmental Anaheim\125020 TA03 RSC4 - CULT RES MONIT"
"000000009598E9A20E04F041B38518182890A2D50100A3DF33FCC9BD1644BD14FCA330AA978500000E7731250000"	"\Divisions\ENV\Environmental Anaheim\125285 LOWR RR SUP CON UN1B"
"000000009598E9A20E04F041B38518182890A2D50100A3DF33FCC9BD1644BD14FCA330AA9785000017433D380000"	"\Divisions\ENV\Environmental Anaheim\127187 TA20 CA GNATCATCHER HAB ASESS"
"000000009598E9A20E04F041B38518182890A2D50100A3DF33FCC9BD1644BD14FCA330AA978500001C65B6730000"	"\Divisions\ENV\Environmental Anaheim\130568 KM - LINE 1901 PROJECT"
"000000009598E9A20E04F041B38518182890A2D50100A3DF33FCC9BD1644BD14FCA330AA978500001D9576AA0000"	"\Divisions\ENV\Environmental Anaheim\131359 TA37 BRRTP JURIS DEL/404 PERM"
"000000009598E9A20E04F041B38518182890A2D50100A3DF33FCC9BD1644BD14FCA330AA978500001F03BEDE0000"	"\Divisions\ENV\Environmental Anaheim\132104 TA41 BRRTP CLTRL RES SRVY/SPPT\TA 41 Cultural2"
"000000009598E9A20E04F041B38518182890A2D50100A3DF33FCC9BD1644BD14FCA330AA978500001DB8EC820000"	"\Divisions\ENV\Environmental Anaheim\134299 RIM ROCK - 2014 SPRING SURVEYS"
"000000009598E9A20E04F041B38518182890A2D50100A3DF33FCC9BD1644BD14FCA330AA978500002113A34B0000"	"\Divisions\ENV\Environmental Anaheim\137074 TA06 BRRTP HCSS HYDROSEED"
"000000009598E9A20E04F041B38518182890A2D50100A3DF33FCC9BD1644BD14FCA330AA978500002CC1F5500000"	"\Divisions\ENV\Environmental Anaheim\139850 BRRTP ANF SEED COLLECTION\139045 RVRSD CNTY DRAINAGE STUDY"
"000000009598E9A20E04F041B38518182890A2D50100A3DF33FCC9BD1644BD14FCA330AA9785000019695B290000"	"\Divisions\ENV\Environmental Anaheim\BRRTP@powereng.com Email ONLY\Addition and Change Requests"
"000000009598E9A20E04F041B38518182890A2D501001953B16A689BCD4AA8FC82955DB27CB1000001B56FD20000"	"\Divisions\ENV\Environmental Austin\00-PROPOSALS"
"000000009598E9A20E04F041B38518182890A2D50100A3DF33FCC9BD1644BD14FCA330AA9785000017E4F5DD0000"	"\Divisions\ENV\Environmental Austin\127929 Monticello East to Reed"
"000000009598E9A20E04F041B38518182890A2D5010012225CC57BF01F4EA8CCA87A792FF35F00005A4E3FBC0000"	"\Divisions\ENV\Environmental Austin\136328 Stiles-Coates"
"000000009598E9A20E04F041B38518182890A2D50100A3DF33FCC9BD1644BD14FCA330AA978500001EF193D70000"	"\Divisions\ENV\Environmental Boise\114809 VANTAGE POMONA HTS SITING\Comments\SDEIS Mailbox"
"000000009598E9A20E04F041B38518182890A2D50100A3DF33FCC9BD1644BD14FCA330AA9785000029DE5FD40000"	"\Divisions\ENV\Environmental Boise\114809 VANTAGE POMONA HTS SITING\Meetings\Cultural"
"000000009598E9A20E04F041B38518182890A2D501001953B16A689BCD4AA8FC82955DB27CB1000000F73FA60000"	"\Divisions\ENV\Environmental Boise\114809 VANTAGE POMONA HTS SITING\Sarah_emails\Vantage Pomona\Biology\Sage Grouse"
"000000009598E9A20E04F041B38518182890A2D501001953B16A689BCD4AA8FC82955DB27CB1000000F73FB90000"	"\Divisions\ENV\Environmental Boise\114809 VANTAGE POMONA HTS SITING\Sarah_emails\Vantage Pomona\Soils"
"000000009598E9A20E04F041B38518182890A2D50100A3DF33FCC9BD1644BD14FCA330AA978500001FE3BB3C0000"	"\Divisions\ENV\Environmental Boise\115841 TransWestEnergy\Rudolph Emails"
"000000009598E9A20E04F041B38518182890A2D501001953B16A689BCD4AA8FC82955DB27CB1000000F5ABAA0000"	"\Divisions\ENV\Environmental Boise\115841 TransWestEnergy\Sarah_emails\TransWest\LeapFile"
"000000009598E9A20E04F041B38518182890A2D50100A3DF33FCC9BD1644BD14FCA330AA9785000018C1B4240000"	"\Divisions\ENV\Environmental Boise\124278 PALO VERDE MESA SOLAR PROJ EIR"
"000000009598E9A20E04F041B38518182890A2D50100A3DF33FCC9BD1644BD14FCA330AA9785000021C72E070000"	"\Divisions\ENV\Environmental Boise\137626 MUD SPRINGS WIND RANCH"
"000000009598E9A20E04F041B38518182890A2D5010012225CC57BF01F4EA8CCA87A792FF35F00000C45261A0000"	"\Divisions\ENV\Environmental Boise\143484 FEIS SCHED-VANTAGE-POMONA HEIG"
"000000009598E9A20E04F041B38518182890A2D501006C95E27D1ACA634AA1AADC20796388DD0000006B27770000"	"\Divisions\ENV\Environmental Boise\Biology_Dept\101973 Biology\AAmes"
"000000009598E9A20E04F041B38518182890A2D501006C95E27D1ACA634AA1AADC20796388DD000000DE17770000"	"\Divisions\ENV\Environmental Boise\Biology_Dept\101973 Biology\KMcDonald"
"000000009598E9A20E04F041B38518182890A2D501006C95E27D1ACA634AA1AADC20796388DD00000093073C0000"	"\Divisions\ENV\Environmental Boise\Biology_Dept\101973 Biology\proposals\Mona-PCorps"
"000000009598E9A20E04F041B38518182890A2D501006C95E27D1ACA634AA1AADC20796388DD000000DE17750000"	"\Divisions\ENV\Environmental Boise\Biology_Dept\invoise_status_letters_pending"
"000000009598E9A20E04F041B38518182890A2D501006C95E27D1ACA634AA1AADC20796388DD00000040E2820000"	"\Divisions\ENV\Environmental Boise\GSA Contracts\AEP Contract"
"000000009598E9A20E04F041B38518182890A2D501006C95E27D1ACA634AA1AADC20796388DD00000062D16D0000"	"\Divisions\ENV\Environmental Boise\LADWP"
"000000009598E9A20E04F041B38518182890A2D501006C95E27D1ACA634AA1AADC20796388DD00000062A09A0000"	"\Divisions\ENV\Environmental Boise\SCE-prop"
"000000009598E9A20E04F041B38518182890A2D50100A3DF33FCC9BD1644BD14FCA330AA978500001BCF31C60000"	"\Divisions\ENV\Environmental Cincinnati\130776 UNITED DAIRY FARMERS - WELL SEALING-UDF147 HEBRON, KY"
"000000009598E9A20E04F041B38518182890A2D50100A3DF33FCC9BD1644BD14FCA330AA978500001BD1E1A30000"	"\Divisions\ENV\Environmental Cincinnati\130820 OHIO DEPT OF TRANSPORTATION - ODOT ENV SCRNNING-ST RTE 503"
"000000009598E9A20E04F041B38518182890A2D50100A3DF33FCC9BD1644BD14FCA330AA978500001BCE11AF0000"	"\Divisions\ENV\Environmental Cincinnati\130850 ALCOA INC - BADIN LAKE CAPPING CCR"
"000000009598E9A20E04F041B38518182890A2D50100A3DF33FCC9BD1644BD14FCA330AA978500001BD660F90000"	"\Divisions\ENV\Environmental Cincinnati\130900 MARATHON PETROLEUM COMPANY LP - ENV CONSTRAINTS DSKTP-WLLSVLL"
"000000009598E9A20E04F041B38518182890A2D50100A3DF33FCC9BD1644BD14FCA330AA978500001BD26ABB0000"	"\Divisions\ENV\Environmental Cincinnati\130988 SANOFI - SLLI AWP - PHASE 300"
"000000009598E9A20E04F041B38518182890A2D50100A3DF33FCC9BD1644BD14FCA330AA978500001BD270290000"	"\Divisions\ENV\Environmental Cincinnati\131004 SANOFI - SLLI AWP-CMTS - PHASE 1300"
"000000009598E9A20E04F041B38518182890A2D50100A3DF33FCC9BD1644BD14FCA330AA978500001BD5D2DE0000"	"\Divisions\ENV\Environmental Cincinnati\131123 WILLIAMS - PROGRAMMATIC MBTA COMPL"
"000000009598E9A20E04F041B38518182890A2D50100A3DF33FCC9BD1644BD14FCA330AA978500001BCF32E50000"	"\Divisions\ENV\Environmental Cincinnati\131245 UNITED DAIRY FARMERS - PHASE 1 ESA-ENGLEWOOD PLAZA"
"000000009598E9A20E04F041B38518182890A2D50100A3DF33FCC9BD1644BD14FCA330AA978500001BD661110000"	"\Divisions\ENV\Environmental Cincinnati\131263 WD PARTNERS - INDIANA BAT COMPL-NASHVILLE"
"000000009598E9A20E04F041B38518182890A2D50100A3DF33FCC9BD1644BD14FCA330AA978500001ACD49E70000"	"\Divisions\ENV\Environmental Cincinnati\131507 ALCOA - SOIL MANAGEMENT PLAN - NORTH PLANT"
"000000009598E9A20E04F041B38518182890A2D50100A3DF33FCC9BD1644BD14FCA330AA978500001BCF2E0B0000"	"\Divisions\ENV\Environmental Cincinnati\131647 METROPOLITAN SEWER DISTRICT - CSO/483 SC PHASE B"
"000000009598E9A20E04F041B38518182890A2D50100A3DF33FCC9BD1644BD14FCA330AA978500001BCDCAF40000"	"\Divisions\ENV\Environmental Cincinnati\131902 METROPOLITAN SEWER DISTRICT - MSD CSO 488/490 I-75 RECONST"
"000000009598E9A20E04F041B38518182890A2D50100A3DF33FCC9BD1644BD14FCA330AA978500001BCF2CB80000"	"\Divisions\ENV\Environmental Cincinnati\132264 NORTHERN KENTUCKY UNIVERSITY - NKU HAZMAT SURVEY"
"000000009598E9A20E04F041B38518182890A2D50100A3DF33FCC9BD1644BD14FCA330AA978500001BCDC1930000"	"\Divisions\ENV\Environmental Cincinnati\132632 UNITED DAIRY FARMERS - GW SAMPLING UDF 134"
"000000009598E9A20E04F041B38518182890A2D50100A3DF33FCC9BD1644BD14FCA330AA978500001BF2DFBD0000"	"\Divisions\ENV\Environmental Cincinnati\132809 UNITED DAIRY FARMERS-UDF631 PIPE CLOSURE"
"000000009598E9A20E04F041B38518182890A2D50100A3DF33FCC9BD1644BD14FCA330AA978500001C7741A30000"	"\Divisions\ENV\Environmental Cincinnati\133070 SYMMES TOWNSHIP-WETLAND PATH PERMITTING"
"000000009598E9A20E04F041B38518182890A2D50100A3DF33FCC9BD1644BD14FCA330AA978500001D2FFDD30000"	"\Divisions\ENV\Environmental Cincinnati\133451 ALCOA INC-WELL SAMPLING & MONITORING"
"000000009598E9A20E04F041B38518182890A2D50100A3DF33FCC9BD1644BD14FCA330AA978500001D773A550000"	"\Divisions\ENV\Environmental Cincinnati\133653 MATLOCK ELECTRIC COMPANY-MATLOCK PHASE I ESA"
"000000009598E9A20E04F041B38518182890A2D50100A3DF33FCC9BD1644BD14FCA330AA978500001DD0B2A60000"	"\Divisions\ENV\Environmental Cincinnati\133828 SANOFI-SLLI PH 201-OU1A ORG PLANT"
"000000009598E9A20E04F041B38518182890A2D50100A3DF33FCC9BD1644BD14FCA330AA978500001DD0B2130000"	"\Divisions\ENV\Environmental Cincinnati\134196 THE GOLDSMITH PROPERTIES COMPANY-SUPPLEMENTAL INVESTIGATION"
"000000009598E9A20E04F041B38518182890A2D50100A3DF33FCC9BD1644BD14FCA330AA978500001DDB1F570000"	"\Divisions\ENV\Environmental Cincinnati\134639 US MAINSTREAM RENEWABLE POWER INC-NORTH BOONE WIND FARM"
"000000009598E9A20E04F041B38518182890A2D50100A3DF33FCC9BD1644BD14FCA330AA978500001E2A660D0000"	"\Divisions\ENV\Environmental Cincinnati\134961 ALCOA INC-SITE SURVEY & STKPILE SAMPLING"
"000000009598E9A20E04F041B38518182890A2D50100A3DF33FCC9BD1644BD14FCA330AA978500001EA841830000"	"\Divisions\ENV\Environmental Cincinnati\135274 ALCOA INC-LAKE LOUISE PIPE CLOSURE"
"000000009598E9A20E04F041B38518182890A2D50100A3DF33FCC9BD1644BD14FCA330AA978500001EFA50DC0000"	"\Divisions\ENV\Environmental Cincinnati\135646 MARATHON PETROLEUM COMPANY LP-PERMIT EVAL MPL DCM SITES"
"000000009598E9A20E04F041B38518182890A2D50100A3DF33FCC9BD1644BD14FCA330AA978500001F241A3C0000"	"\Divisions\ENV\Environmental Cincinnati\135860 CH2M HILL-AIR QUALITY SAMPLING/BLDG DEMO"
"000000009598E9A20E04F041B38518182890A2D50100A3DF33FCC9BD1644BD14FCA330AA978500001F9B86EF0000"	"\Divisions\ENV\Environmental Cincinnati\136111 GIVAUDAN FLAVORS CORP-EDISON 2014 IH ASSESSMENT"
"000000009598E9A20E04F041B38518182890A2D50100A3DF33FCC9BD1644BD14FCA330AA97850000200C8D7C0000"	"\Divisions\ENV\Environmental Cincinnati\136356 UNITED DAIRY FARMERS-KEMPER 4TH Q GW & O&M RPT"
"000000009598E9A20E04F041B38518182890A2D50100F3BCE3A574023B4482F2E427B5A3121800004D8C8F5E0000"	"\Divisions\ENV\Environmental Cincinnati\136812 MARATHON PETROLEUM CORPORATION-HARPSTER-LIMA DESKTOP ECO ST"
"000000009598E9A20E04F041B38518182890A2D50100A3DF33FCC9BD1644BD14FCA330AA97850000218EBEDF0000"	"\Divisions\ENV\Environmental Cincinnati\137370 UNITED DAIRY FARMERS-KEMPER 1st Q 2015 SAMPLING"
"000000009598E9A20E04F041B38518182890A2D50100A3DF33FCC9BD1644BD14FCA330AA9785000021D3B8470000"	"\Divisions\ENV\Environmental Cincinnati\137676 SANOFI-SLLI PH 1603 - 2015 SITE MGMT"
"000000009598E9A20E04F041B38518182890A2D50100A3DF33FCC9BD1644BD14FCA330AA97850000223AA7170000"	"\Divisions\ENV\Environmental Cincinnati\137995 ALCOA INC-BADIN GWTR STORM SEWER EVAL"
"000000009598E9A20E04F041B38518182890A2D50100A3DF33FCC9BD1644BD14FCA330AA9785000022A8EF710000"	"\Divisions\ENV\Environmental Cincinnati\138480 UNITED DAIRY FARMERS-UDF 006 BATAVIA PIPE CLOSURE"
"000000009598E9A20E04F041B38518182890A2D50100A3DF33FCC9BD1644BD14FCA330AA978500002349BEA70000"	"\Divisions\ENV\Environmental Cincinnati\138788 MARATHON PETROLEUM CORPORATION-ROBINSON CAV PH 2 SWPPP-NPDES"
"000000009598E9A20E04F041B38518182890A2D50100A3DF33FCC9BD1644BD14FCA330AA9785000023CB9FEC0000"	"\Divisions\ENV\Environmental Cincinnati\139092 METROPOLITAN SEWER DISTRICT-CSO 217/483 SC PHASE B"
"000000009598E9A20E04F041B38518182890A2D50100A3DF33FCC9BD1644BD14FCA330AA9785000024EC52CE0000"	"\Divisions\ENV\Environmental Cincinnati\139511 Far Hills Sonoco Well Sealing"
"000000009598E9A20E04F041B38518182890A2D50100A3DF33FCC9BD1644BD14FCA330AA978500001BD9C5B50000"	"\Divisions\ENV\Environmental Cincinnati\NCRM Calendar"
"000000009598E9A20E04F041B38518182890A2D50100A3DF33FCC9BD1644BD14FCA330AA978500002A39372D0000"	"\Divisions\ENV\Environmental Denver"
"000000009598E9A20E04F041B38518182890A2D50100A3DF33FCC9BD1644BD14FCA330AA97850000170CDBC40000"	"\Divisions\ENV\Environmental Freeport\126695 NEW BAL-EMITRACK DBASE MAINT"
"000000009598E9A20E04F041B38518182890A2D50100A3DF33FCC9BD1644BD14FCA330AA9785000018DCB8350000"	"\Divisions\ENV\Environmental Freeport\129075 BGF-YADKINVILLE NC PLANT"
"000000009598E9A20E04F041B38518182890A2D5010012225CC57BF01F4EA8CCA87A792FF35F00009620BFCF0000"	"\Divisions\ENV\Environmental Freeport\145623 BGF-BROOKLYN NEW YORK"
"000000009598E9A20E04F041B38518182890A2D50100A3DF33FCC9BD1644BD14FCA330AA978500001DB15ECB0000"	"\Divisions\ENV\Environmental Freeport\CLOSED PROJECTS"
"000000009598E9A20E04F041B38518182890A2D50100A3DF33FCC9BD1644BD14FCA330AA978500001DC7A1F30000"	"\Divisions\ENV\Environmental Freeport\CLOSED PROJECTS\131680 Freudenberg Mnchstr Txc Updt"
"000000009598E9A20E04F041B38518182890A2D50100A3DF33FCC9BD1644BD14FCA330AA9785000022D67C7B0000"	"\Divisions\ENV\Environmental Freeport\CLOSED PROJECTS\133324 VIBRACOUSTIC CY14 PRMT/RPRTING"
"000000009598E9A20E04F041B38518182890A2D5010012225CC57BF01F4EA8CCA87A792FF35F0000487B034B0000"	"\Divisions\ENV\Environmental Freeport\CLOSED PROJECTS\136955_VIBRACOUSTIC_CY15_SERVICES"
"000000009598E9A20E04F041B38518182890A2D50100A3DF33FCC9BD1644BD14FCA330AA9785000023B442750000"	"\Divisions\ENV\Environmental Freeport\CLOSED PROJECTS\138871 UMAINE-FY 16 PART 70 LICENSING"
"000000009598E9A20E04F041B38518182890A2D5010012225CC57BF01F4EA8CCA87A792FF35F000045BC48630000"	"\Divisions\ENV\Environmental Freeport\CLOSED PROJECTS\140795 WAREHAM BOATYARD-SWPPP"
"000000009598E9A20E04F041B38518182890A2D50100A3DF33FCC9BD1644BD14FCA330AA978500002CEB3E450000"	"\Divisions\ENV\Environmental Freeport\CLOSED PROJECTS\143078 UMAINE-FY17 AIR LICENSING"
"000000009598E9A20E04F041B38518182890A2D5010012225CC57BF01F4EA8CCA87A792FF35F000084967AA90000"	"\Divisions\ENV\Environmental Freeport\CLOSED PROJECTS\145263_PRH-EMISSION_BASED-RPT_F-16"
"000000009598E9A20E04F041B38518182890A2D5010012225CC57BF01F4EA8CCA87A792FF35F000225419F9B0000"	"\Divisions\ENV\Environmental Freeport\CLOSED PROJECTS\147793 MMC-SCARBOROUGH NEW GENSET"
"000000009598E9A20E04F041B38518182890A2D5010012225CC57BF01F4EA8CCA87A792FF35F0001681505C20000"	"\Divisions\ENV\Environmental Freeport\CLOSED PROJECTS\150426 EMMC OIL SPCC PLAN 2018"
"000000009598E9A20E04F041B38518182890A2D5010012225CC57BF01F4EA8CCA87A792FF35F0001AD49BE310000"	"\Divisions\ENV\Environmental Freeport\CLOSED PROJECTS\152722 UMFK-BOILER NESHAP"
"000000009598E9A20E04F041B38518182890A2D50100572FF007A7D6B64CA96E5CFE8E1CC1A400000014C0EA0000"	"\Divisions\ENV\Environmental Hailey\101052 - Salmon River Electric"
"000000009598E9A20E04F041B38518182890A2D50100572FF007A7D6B64CA96E5CFE8E1CC1A40000004813240000"	"\Divisions\ENV\Environmental Hailey\115481/ 112911 - Fairfield"
"000000009598E9A20E04F041B38518182890A2D50100A3DF33FCC9BD1644BD14FCA330AA978500001F0E02E00000"	"\Divisions\ENV\Environmental Hailey\115841 - TWE\Engineering"
"000000009598E9A20E04F041B38518182890A2D50100572FF007A7D6B64CA96E5CFE8E1CC1A40000004813250000"	"\Divisions\ENV\Environmental Hailey\117639 - Madera"
"000000009598E9A20E04F041B38518182890A2D50100572FF007A7D6B64CA96E5CFE8E1CC1A40000004813260000"	"\Divisions\ENV\Environmental Hailey\119825 - El Centro Unit 3"
"000000009598E9A20E04F041B38518182890A2D50100A3DF33FCC9BD1644BD14FCA330AA9785000017421CA80000"	"\Divisions\ENV\Environmental Hailey\124186_EGS\Boise meetings"
"000000009598E9A20E04F041B38518182890A2D50100A3DF33FCC9BD1644BD14FCA330AA9785000017710F770000"	"\Divisions\ENV\Environmental Hailey\124186_EGS\Joe Knight\QA-QC Document"
"000000009598E9A20E04F041B38518182890A2D50100A3DF33FCC9BD1644BD14FCA330AA978500000E7D5C3A0000"	"\Divisions\ENV\Environmental Hailey\124186_EGS\Line Dept\TasksDone"
"000000009598E9A20E04F041B38518182890A2D50100A3DF33FCC9BD1644BD14FCA330AA978500001B8201E90000"	"\Divisions\ENV\Environmental Hailey\124186_EGS\PPM\PhotoViewer/Tagger"
"000000009598E9A20E04F041B38518182890A2D50100A3DF33FCC9BD1644BD14FCA330AA978500001677D6EB0000"	"\Divisions\ENV\Environmental Hailey\124186_EGS\Rachelle"
"000000009598E9A20E04F041B38518182890A2D50100A3DF33FCC9BD1644BD14FCA330AA9785000016D9B3900000"	"\Divisions\ENV\Environmental Hailey\126046 - HEA 115 kV"
"000000009598E9A20E04F041B38518182890A2D50100A3DF33FCC9BD1644BD14FCA330AA978500001773C3C30000"	"\Divisions\ENV\Environmental Hailey\127433 - FT DODGE TO SPEARVILLE"
"000000009598E9A20E04F041B38518182890A2D50100A3DF33FCC9BD1644BD14FCA330AA978500001BA2ADB70000"	"\Divisions\ENV\Environmental Hailey\128143 - R-Project (NPPD)\Schedule"
"000000009598E9A20E04F041B38518182890A2D50100A3DF33FCC9BD1644BD14FCA330AA978500001BE96CA40000"	"\Divisions\ENV\Environmental Hailey\132116 - TransCanada PS23"
"000000009598E9A20E04F041B38518182890A2D50100E34BFE500669CD49AC2E27C6C54DE39D0000001D3C780000"	"\Divisions\ENV\Environmental Houston\00_PROPOSALS"
"000000009598E9A20E04F041B38518182890A2D50100A3DF33FCC9BD1644BD14FCA330AA978500001C80614F0000"	"\Divisions\ENV\Environmental Houston\122186_Kiser-Kress\Kiser to Kress"
"000000009598E9A20E04F041B38518182890A2D50100A3DF33FCC9BD1644BD14FCA330AA978500001BD683180000"	"\Divisions\ENV\Environmental Knoxville\130886 MARATHON PETROLEUM COMPANY LP - 2013 OWC 2-KY-CLEAN WTR PERMIT"
"000000009598E9A20E04F041B38518182890A2D50100A3DF33FCC9BD1644BD14FCA330AA9785000027A0DDEA0000"	"\Divisions\ENV\Environmental Knoxville\140779 MARATHON PETROLEUM CORPORATION-CENTENNIAL DESKTOP STUDY"
"000000009598E9A20E04F041B38518182890A2D50100CB7D9B6512D7374A860FE542D57703920000010F65E30000"	"\Divisions\ENV\Environmental Phoenix\122616 Via Entrada Arch Survey"
"000000009598E9A20E04F041B38518182890A2D501001953B16A689BCD4AA8FC82955DB27CB1000000D99DBA0000"	"\Divisions\ENV\Environmental Phoenix\123739 Kain Rd Arch Survey"
"000000009598E9A20E04F041B38518182890A2D50100A3DF33FCC9BD1644BD14FCA330AA9785000017449E040000"	"\Divisions\ENV\Environmental Phoenix\127061 CL_W Los Reales Rd Escp Plan"
"000000009598E9A20E04F041B38518182890A2D50100A3DF33FCC9BD1644BD14FCA330AA97850000198DB25C0000"	"\Divisions\ENV\Environmental Phoenix\129620 TEP SILVERBELL 46KV-POLE REPL"
"000000009598E9A20E04F041B38518182890A2D50100A3DF33FCC9BD1644BD14FCA330AA978500001B8529AF0000"	"\Divisions\ENV\Environmental Phoenix\132537_TEP_I-10 WstBnd Frntg Study"
"000000009598E9A20E04F041B38518182890A2D501006C95E27D1ACA634AA1AADC20796388DD000000163C860000"	"\Divisions\ENV\GIS-AMS\Boise City\EXHIBIT A"
"000000009598E9A20E04F041B38518182890A2D501006C95E27D1ACA634AA1AADC20796388DD000000C851530000"	"\Divisions\ENV\Public Outreach and Communication\111728 RTRP"
"000000009598E9A20E04F041B38518182890A2D5010012225CC57BF01F4EA8CCA87A792FF35F0000AC8758B30000"	"\Divisions\ENV\Public Outreach and Communication\117387_Industrial's Combined Cycle Power Plant\145072 Santafe Drone Footage"
"000000009598E9A20E04F041B38518182890A2D50100A3DF33FCC9BD1644BD14FCA330AA978500001B5E32520000"	"\Divisions\ENV\Public Outreach and Communication\119990 Clean Line - Arkansas Sim"
"000000009598E9A20E04F041B38518182890A2D50100A3DF33FCC9BD1644BD14FCA330AA97850000197157790000"	"\Divisions\ENV\Public Outreach and Communication\121672  East/West Tie Expansion"
"000000009598E9A20E04F041B38518182890A2D501001953B16A689BCD4AA8FC82955DB27CB1000000002E650000"	"\Divisions\ENV\Public Outreach and Communication\123555 Tchmrk Meadow Lke Vllg Bldg"
"000000009598E9A20E04F041B38518182890A2D501001953B16A689BCD4AA8FC82955DB27CB1000001B408FA0000"	"\Divisions\ENV\Public Outreach and Communication\124599 BGE Mapping Services"
"000000009598E9A20E04F041B38518182890A2D50100A3DF33FCC9BD1644BD14FCA330AA97850000170409C10000"	"\Divisions\ENV\Public Outreach and Communication\126539 Natl Park Svcs_Roosevelt Natl Hist Sites"
"000000009598E9A20E04F041B38518182890A2D50100A3DF33FCC9BD1644BD14FCA330AA9785000018DD13940000"	"\Divisions\ENV\Public Outreach and Communication\127356 - LEI - Free Trade Zone Mapping"
"000000009598E9A20E04F041B38518182890A2D50100A3DF33FCC9BD1644BD14FCA330AA9785000018DD2C500000"	"\Divisions\ENV\Public Outreach and Communication\128355 CenturyLink E.309620 Hwy 93 and 89"
"000000009598E9A20E04F041B38518182890A2D50100A3DF33FCC9BD1644BD14FCA330AA9785000019C492830000"	"\Divisions\ENV\Public Outreach and Communication\130539 BGE-Granite Pipeline Reloc"
"000000009598E9A20E04F041B38518182890A2D50100A3DF33FCC9BD1644BD14FCA330AA978500001B57C4020000"	"\Divisions\ENV\Public Outreach and Communication\132036 Amlin Substation Artistic Rendering"
"000000009598E9A20E04F041B38518182890A2D50100A3DF33FCC9BD1644BD14FCA330AA978500001CA36A6F0000"	"\Divisions\ENV\Public Outreach and Communication\133156 Ball Park Village Glare Study"
"000000009598E9A20E04F041B38518182890A2D50100A3DF33FCC9BD1644BD14FCA330AA978500001EC40EEB0000"	"\Divisions\ENV\Public Outreach and Communication\134983 REC Kahului Solar"
"000000009598E9A20E04F041B38518182890A2D50100A3DF33FCC9BD1644BD14FCA330AA9785000022E0D4860000"	"\Divisions\ENV\Public Outreach and Communication\136128 NGrid Somerset TLineWebsite"
"000000009598E9A20E04F041B38518182890A2D50100A3DF33FCC9BD1644BD14FCA330AA9785000021CD2AC60000"	"\Divisions\ENV\Public Outreach and Communication\137637  Clean_Line_Photo_Sim"
"000000009598E9A20E04F041B38518182890A2D50100A3DF33FCC9BD1644BD14FCA330AA9785000025709D1B0000"	"\Divisions\ENV\Public Outreach and Communication\139616 Carpet Simulation"
"000000009598E9A20E04F041B38518182890A2D50100A3DF33FCC9BD1644BD14FCA330AA9785000026ADBBB30000"	"\Divisions\ENV\Public Outreach and Communication\140532 Hecla_Rock Creek"
"000000009598E9A20E04F041B38518182890A2D50100A3DF33FCC9BD1644BD14FCA330AA978500002BA4A10A0000"	"\Divisions\ENV\Public Outreach and Communication\141794 Xcel Rush Creek Geovoice"
"000000009598E9A20E04F041B38518182890A2D5010012225CC57BF01F4EA8CCA87A792FF35F0000122E77DF0000"	"\Divisions\ENV\Public Outreach and Communication\143647 Duke - Novo Nordisk GeoVoice"
"000000009598E9A20E04F041B38518182890A2D5010012225CC57BF01F4EA8CCA87A792FF35F00006723915D0000"	"\Divisions\ENV\Public Outreach and Communication\144735 PPL Substation Security"
"000000009598E9A20E04F041B38518182890A2D5010012225CC57BF01F4EA8CCA87A792FF35F0000C30432870000"	"\Divisions\ENV\Public Outreach and Communication\146228  AEP  Clarendon-Memphis"
"000000009598E9A20E04F041B38518182890A2D5010012225CC57BF01F4EA8CCA87A792FF35F00018C4EBFAD0000"	"\Divisions\ENV\Public Outreach and Communication\151483 DUKE-Shaker Run to Liberty"
"000000009598E9A20E04F041B38518182890A2D50100A3DF33FCC9BD1644BD14FCA330AA978500001A3FD6F00000"	"\Divisions\ENV\Public Outreach and Communication\CreativeCloud"
"000000009598E9A20E04F041B38518182890A2D50100A3DF33FCC9BD1644BD14FCA330AA978500001C9C4FB90000"	"\Divisions\ENV\Public Outreach and Communication\NewPosition"
"000000009598E9A20E04F041B38518182890A2D50100A3DF33FCC9BD1644BD14FCA330AA978500001AA4816C0000"	"\Divisions\ENV\Public Outreach and Communication\YumaMasterplan\Telecom\CenturyLink\AT&T"
"000000009598E9A20E04F041B38518182890A2D501001953B16A689BCD4AA8FC82955DB27CB10000011A5D120000"	"\Divisions\Federal\Government Services Division Calendar"
"000000009598E9A20E04F041B38518182890A2D5010012225CC57BF01F4EA8CCA87A792FF35F0006E1243D1E0000"	"\Divisions\GIS\Intelligent Design Group\IDG Calendar"
"000000009598E9A20E04F041B38518182890A2D501006C95E27D1ACA634AA1AADC20796388DD0000005BC98C0000"	"\Divisions\Industrial\Facilities PM Group"
"000000009598E9A20E04F041B38518182890A2D50100A3DF33FCC9BD1644BD14FCA330AA9785000015FA7D2A0000"	"\Divisions\Industrial\Food Systems\St Lawrence"
"000000009598E9A20E04F041B38518182890A2D5010012225CC57BF01F4EA8CCA87A792FF35F0003D96F9DE10000"	"\Divisions\Industrial\Generation\Oradell PCSS Out of Office Calendar"
"000000009598E9A20E04F041B38518182890A2D501001296C725372D7F4B86B758A22EA3141B0000008025250000"	"\Divisions\Operations\Administration\AirWeb"
"000000009598E9A20E04F041B38518182890A2D501001296C725372D7F4B86B758A22EA3141B0000000150BC0000"	"\Divisions\Operations\Finance\Finance"
"000000009598E9A20E04F041B38518182890A2D50100572FF007A7D6B64CA96E5CFE8E1CC1A400000017FCAC0000"	"\Divisions\Operations\Finance\Taxes\AZ\Closed\109526-closed"
"000000009598E9A20E04F041B38518182890A2D50100572FF007A7D6B64CA96E5CFE8E1CC1A40000001397D20000"	"\Divisions\Operations\Finance\Taxes\AZ\PCI Office"
"000000009598E9A20E04F041B38518182890A2D50100572FF007A7D6B64CA96E5CFE8E1CC1A40000005D343E0000"	"\Divisions\Operations\Finance\Taxes\CA\Laredo"
"000000009598E9A20E04F041B38518182890A2D50100572FF007A7D6B64CA96E5CFE8E1CC1A40000004E43AB0000"	"\Divisions\Operations\Finance\Taxes\CANADA\British Columbia\Alcan in BC"
"000000009598E9A20E04F041B38518182890A2D50100572FF007A7D6B64CA96E5CFE8E1CC1A40000004B9E400000"	"\Divisions\Operations\Finance\Taxes\CANADA\Yukon"
"000000009598E9A20E04F041B38518182890A2D501001296C725372D7F4B86B758A22EA3141B0000008224FB0000"	"\Divisions\Operations\Finance\Taxes\FINLAND"
"000000009598E9A20E04F041B38518182890A2D50100572FF007A7D6B64CA96E5CFE8E1CC1A4000000476AB60000"	"\Divisions\Operations\Finance\Taxes\ID\114728 Id Power"
"000000009598E9A20E04F041B38518182890A2D501001296C725372D7F4B86B758A22EA3141B00000042D7FF0000"	"\Divisions\Operations\Finance\Taxes\MT"
"000000009598E9A20E04F041B38518182890A2D50100572FF007A7D6B64CA96E5CFE8E1CC1A40000005D34030000"	"\Divisions\Operations\Finance\Taxes\NM\121375 - Boca"
"000000009598E9A20E04F041B38518182890A2D501001296C725372D7F4B86B758A22EA3141B0000004D31FE0000"	"\Divisions\Operations\Finance\Taxes\NY\NIMO"
"000000009598E9A20E04F041B38518182890A2D501001296C725372D7F4B86B758A22EA3141B0000003D970D0000"	"\Divisions\Operations\Finance\Taxes\Tacoma"
"000000009598E9A20E04F041B38518182890A2D501001296C725372D7F4B86B758A22EA3141B0000003B4D790000"	"\Divisions\Operations\Finance\Taxes\Tax Deadlines"
"000000009598E9A20E04F041B38518182890A2D50100572FF007A7D6B64CA96E5CFE8E1CC1A4000000579C5C0000"	"\Divisions\Operations\Finance\Taxes\WA\HWE"
"000000009598E9A20E04F041B38518182890A2D50100A3DF33FCC9BD1644BD14FCA330AA978500002138D57C0000"	"\Divisions\Operations\Governance"
"000000009598E9A20E04F041B38518182890A2D501001296C725372D7F4B86B758A22EA3141B000000004AA40000"	"\Divisions\Operations\Information Technology\Boise Office\Boise Equipment Rental"
"000000009598E9A20E04F041B38518182890A2D501001296C725372D7F4B86B758A22EA3141B000000004A960000"	"\Divisions\Operations\Information Technology\IT Contacts"
"000000009598E9A20E04F041B38518182890A2D5010012225CC57BF01F4EA8CCA87A792FF35F0007DF38E6C00000"	"\Divisions\Operations\Information Technology\test"
"000000009598E9A20E04F041B38518182890A2D50100A3DF33FCC9BD1644BD14FCA330AA9785000016F5F7C80000"	"\Divisions\Operations\Office Build-Out Projects Folder\Projects\2012BOI_RECEPTION\Photos"
"000000009598E9A20E04F041B38518182890A2D50100A3DF33FCC9BD1644BD14FCA330AA9785000016F5F88F0000"	"\Divisions\Operations\Office Build-Out Projects Folder\Projects\2012MAD01NEW\Travel"
"000000009598E9A20E04F041B38518182890A2D50100A3DF33FCC9BD1644BD14FCA330AA9785000016F5F7D70000"	"\Divisions\Operations\Office Build-Out Projects Folder\Projects\2012SAN01EXP\Photos"
"000000009598E9A20E04F041B38518182890A2D5010012225CC57BF01F4EA8CCA87A792FF35F0005F823A3030000"	"\Divisions\Operations\Risk Management\Risk Management Dept Calendar"
"000000009598E9A20E04F041B38518182890A2D50100A3DF33FCC9BD1644BD14FCA330AA97850000232A41280000"	"\Divisions\PD\Atlanta\Atlanta Contacts\j"
"000000009598E9A20E04F041B38518182890A2D5010012225CC57BF01F4EA8CCA87A792FF35F0001FB034B930000"	"\Divisions\PD\Distribution Services\Dept. 178"
"000000009598E9A20E04F041B38518182890A2D5010012225CC57BF01F4EA8CCA87A792FF35F000386C33F1E0000"	"\Divisions\PD\Distribution Services\Dept. 394"
"000000009598E9A20E04F041B38518182890A2D50100A3DF33FCC9BD1644BD14FCA330AA97850000218120DE0000"	"\Divisions\PD\Distribution Services\Distribution Design Services\135428 - HEA GAMBILL"
"000000009598E9A20E04F041B38518182890A2D50100A3DF33FCC9BD1644BD14FCA330AA978500002B8DCAD20000"	"\Divisions\PD\Distribution Services\Distribution Design Services\138533 - Bull Creek"
"000000009598E9A20E04F041B38518182890A2D50100A3DF33FCC9BD1644BD14FCA330AA978500002A201CFF0000"	"\Divisions\PD\Distribution Services\Distribution Design Services\141761 - West TX Legacy Pole Replace 1"
"000000009598E9A20E04F041B38518182890A2D5010012225CC57BF01F4EA8CCA87A792FF35F00000F57EB4F0000"	"\Divisions\PD\Distribution Services\Distribution Design Services\143545 - 2017MLKD05 KRUGERVILLE 2403"
"000000009598E9A20E04F041B38518182890A2D5010012225CC57BF01F4EA8CCA87A792FF35F00009108F9D90000"	"\Divisions\PD\Distribution Services\Distribution Design Services\145496 - SCE ALON RELAY SETTINGS"
"000000009598E9A20E04F041B38518182890A2D5010012225CC57BF01F4EA8CCA87A792FF35F0000B677F3370000"	"\Divisions\PD\Distribution Services\Distribution Design Services\146351 - BGS- PL NO  SPRAYBERRY"
"000000009598E9A20E04F041B38518182890A2D5010012225CC57BF01F4EA8CCA87A792FF35F0000C9B9F9980000"	"\Divisions\PD\Distribution Services\Distribution Design Services\146646 - SCE CYPRESS RELAY SETTINGS"
"000000009598E9A20E04F041B38518182890A2D5010012225CC57BF01F4EA8CCA87A792FF35F0000FC6D03E30000"	"\Divisions\PD\Distribution Services\Distribution Design Services\147637 - SPKNE 9108"
"000000009598E9A20E04F041B38518182890A2D5010012225CC57BF01F4EA8CCA87A792FF35F0000F4B8C2B50000"	"\Divisions\PD\Distribution Services\Distribution Design Services\147704 - P'CORP LASSEN FEEDER CROSSING"
"000000009598E9A20E04F041B38518182890A2D50100A3DF33FCC9BD1644BD14FCA330AA978500001933EF8D0000"	"\Divisions\PD\Distribution Services\Distribution Services"
"000000009598E9A20E04F041B38518182890A2D50100E34BFE500669CD49AC2E27C6C54DE39D00000026877B0000"	"\Divisions\PD\Distribution Services\Substation Benbrook\00 DMS Upload"
"000000009598E9A20E04F041B38518182890A2D50100A3DF33FCC9BD1644BD14FCA330AA97850000212EC7490000"	"\Divisions\PD\Distribution Services\Substation Benbrook\117747_Rayburn Barton Chapel-Ben Wheeler\SRM"
"000000009598E9A20E04F041B38518182890A2D50100E34BFE500669CD49AC2E27C6C54DE39D0000002687D00000"	"\Divisions\PD\Distribution Services\Substation Benbrook\117794_ETEC SPP RTO"
"000000009598E9A20E04F041B38518182890A2D50100E34BFE500669CD49AC2E27C6C54DE39D00000026880A0000"	"\Divisions\PD\Distribution Services\Substation Benbrook\117837_Tex-La NEC Compliance"
"000000009598E9A20E04F041B38518182890A2D50100E34BFE500669CD49AC2E27C6C54DE39D0000002688140000"	"\Divisions\PD\Distribution Services\Substation Benbrook\117872_ETEC Trans Issue/OC"
"000000009598E9A20E04F041B38518182890A2D50100E34BFE500669CD49AC2E27C6C54DE39D0000002687F70000"	"\Divisions\PD\Distribution Services\Substation Benbrook\117894_SHECO Luce Bayou"
"000000009598E9A20E04F041B38518182890A2D50100E34BFE500669CD49AC2E27C6C54DE39D00000027C7120000"	"\Divisions\PD\Distribution Services\Substation Benbrook\117941_NETEC NERC Compliance"
"000000009598E9A20E04F041B38518182890A2D50100E34BFE500669CD49AC2E27C6C54DE39D0000002687D90000"	"\Divisions\PD\Distribution Services\Substation Benbrook\117962_FEC Arc Flash"
"000000009598E9A20E04F041B38518182890A2D50100A3DF33FCC9BD1644BD14FCA330AA978500001DEBFAD40000"	"\Divisions\PD\Distribution Services\Substation Benbrook\118947_Lake Hawkins"
"000000009598E9A20E04F041B38518182890A2D50100E34BFE500669CD49AC2E27C6C54DE39D000000383EF10000"	"\Divisions\PD\Distribution Services\Substation Benbrook\121371_"
"000000009598E9A20E04F041B38518182890A2D50100E34BFE500669CD49AC2E27C6C54DE39D0000003DC1090000"	"\Divisions\PD\Distribution Services\Substation Benbrook\122380_DETEC_Hemphill"
"000000009598E9A20E04F041B38518182890A2D501001953B16A689BCD4AA8FC82955DB27CB10000012FE9FE0000"	"\Divisions\PD\Distribution Services\Substation Benbrook\123562"
"000000009598E9A20E04F041B38518182890A2D50100A3DF33FCC9BD1644BD14FCA330AA978500000E70BD420000"	"\Divisions\PD\Distribution Services\Substation Benbrook\125199_GVEC_Lindenau"
"000000009598E9A20E04F041B38518182890A2D50100A3DF33FCC9BD1644BD14FCA330AA978500001773B34B0000"	"\Divisions\PD\Distribution Services\Substation Benbrook\127839_UREC_Gen Engr"
"000000009598E9A20E04F041B38518182890A2D50100A3DF33FCC9BD1644BD14FCA330AA97850000249D7B420000"	"\Divisions\PD\Distribution Services\Substation Benbrook\130175_BCEC_15kV Bkr\SRM"
"000000009598E9A20E04F041B38518182890A2D50100A3DF33FCC9BD1644BD14FCA330AA978500001B36FC870000"	"\Divisions\PD\Distribution Services\Substation Benbrook\131925_ETEC_Lk_Liv Swyd"
"000000009598E9A20E04F041B38518182890A2D50100A3DF33FCC9BD1644BD14FCA330AA978500001BF180F90000"	"\Divisions\PD\Distribution Services\Substation Benbrook\132796_SHECO_Huntsville"
"000000009598E9A20E04F041B38518182890A2D50100A3DF33FCC9BD1644BD14FCA330AA978500001DEF2C7C0000"	"\Divisions\PD\Distribution Services\Substation Benbrook\134827_ETEC_SRD PJ"
"000000009598E9A20E04F041B38518182890A2D50100A3DF33FCC9BD1644BD14FCA330AA97850000210035E00000"	"\Divisions\PD\Distribution Services\Substation Benbrook\137043_BEP_Oak Point Study"
"000000009598E9A20E04F041B38518182890A2D50100A3DF33FCC9BD1644BD14FCA330AA97850000236C296C0000"	"\Divisions\PD\Distribution Services\Substation Benbrook\138846_Oxy_Fbrgls Xarm"
"000000009598E9A20E04F041B38518182890A2D5010012225CC57BF01F4EA8CCA87A792FF35F0000197795850000"	"\Divisions\PD\Distribution Services\Substation Benbrook\141168"
"000000009598E9A20E04F041B38518182890A2D5010012225CC57BF01F4EA8CCA87A792FF35F00004480C3200000"	"\Divisions\PD\Distribution Services\Substation Benbrook\144331_SHECO Mobile Transf"
"000000009598E9A20E04F041B38518182890A2D5010012225CC57BF01F4EA8CCA87A792FF35F0000A3FACC1C0000"	"\Divisions\PD\Distribution Services\Substation Benbrook\146004_SHECO_Tark-Long John Upgrades"
"000000009598E9A20E04F041B38518182890A2D5010012225CC57BF01F4EA8CCA87A792FF35F00017D7825570000"	"\Divisions\PD\Distribution Services\Substation Benbrook\150515_GVEC_Marion Substation Adds"
"000000009598E9A20E04F041B38518182890A2D50100E34BFE500669CD49AC2E27C6C54DE39D0000000AFD3B0000"	"\Divisions\PD\Line Ann Arbor\114157"
"000000009598E9A20E04F041B38518182890A2D5010012225CC57BF01F4EA8CCA87A792FF35F0000B677F3250000"	"\Divisions\PD\Line Austin\111111 LCRA PLS- TOWER Training"
"000000009598E9A20E04F041B38518182890A2D50100A3DF33FCC9BD1644BD14FCA330AA97850000202B2C9E0000"	"\Divisions\PD\Line Austin\135575 LST OPGW Replacement"
"000000009598E9A20E04F041B38518182890A2D5010012225CC57BF01F4EA8CCA87A792FF35F0000B677F3330000"	"\Divisions\PD\Line Austin\139108 Cedar Crest to Dealey OPGW"
"000000009598E9A20E04F041B38518182890A2D5010012225CC57BF01F4EA8CCA87A792FF35F0000B677F3450000"	"\Divisions\PD\Line Austin\144264 Metzon REA to Tankersley"
"000000009598E9A20E04F041B38518182890A2D5010012225CC57BF01F4EA8CCA87A792FF35F000175366F300000"	"\Divisions\PD\Line Austin\150782 LCRA TEMP SITE CABLE SPEC"
"000000009598E9A20E04F041B38518182890A2D5010012225CC57BF01F4EA8CCA87A792FF35F0002BD7B69730000"	"\Divisions\PD\Line Austin\157655 LCRA T187 CORONADO-SHRWD SHRS"
"000000009598E9A20E04F041B38518182890A2D501006C95E27D1ACA634AA1AADC20796388DD0000009AF3980000"	"\Divisions\PD\Line Boise\107927 Xcel St.Cloud-Monticello_TEMP"
"000000009598E9A20E04F041B38518182890A2D50100A3DF33FCC9BD1644BD14FCA330AA978500001B81D55B0000"	"\Divisions\PD\Line Boise\114411 Gateway\PPM"
"000000009598E9A20E04F041B38518182890A2D501006C95E27D1ACA634AA1AADC20796388DD0000005A51CB0000"	"\Divisions\PD\Line Boise\114411 Gateway\Wind & Ice Studies"
"000000009598E9A20E04F041B38518182890A2D501006C95E27D1ACA634AA1AADC20796388DD0000004AF1550000"	"\Divisions\PD\Line Boise\114648 ON Line\rfp"
"000000009598E9A20E04F041B38518182890A2D501006C95E27D1ACA634AA1AADC20796388DD000000C2DD7A0000"	"\Divisions\PD\Line Boise\115349 Devers Valley\Drawings"
"000000009598E9A20E04F041B38518182890A2D501006C95E27D1ACA634AA1AADC20796388DD000000EAB83C0000"	"\Divisions\PD\Line Boise\117207_SWIP South\Design Criteria"
"000000009598E9A20E04F041B38518182890A2D501006C95E27D1ACA634AA1AADC20796388DD000000E51C070000"	"\Divisions\PD\Line Boise\117207_SWIP South\Tube Str Submittal"
"000000009598E9A20E04F041B38518182890A2D501001953B16A689BCD4AA8FC82955DB27CB100000117942E0000"	"\Divisions\PD\Line Boise\117910_Fargo_Alexandria\Alex-Bison Design\MJE Constr"
"000000009598E9A20E04F041B38518182890A2D501006C95E27D1ACA634AA1AADC20796388DD000000D16DC90000"	"\Divisions\PD\Line Boise\117910_Fargo_Alexandria\Heli Constr"
"000000009598E9A20E04F041B38518182890A2D50100A3DF33FCC9BD1644BD14FCA330AA978500001E4371B20000"	"\Divisions\PD\Line Boise\117910_Fargo_Alexandria\Quarry-Alex Design\AC Interference"
"000000009598E9A20E04F041B38518182890A2D501006C95E27D1ACA634AA1AADC20796388DD000000EBD06C0000"	"\Divisions\PD\Line Boise\117910_Fargo_Alexandria\T&B Vibration Study"
"000000009598E9A20E04F041B38518182890A2D50100A3DF33FCC9BD1644BD14FCA330AA9785000019F802E60000"	"\Divisions\PD\Line Boise\123332 CTF River Crossing\Distribution\Mid continent comm"
"000000009598E9A20E04F041B38518182890A2D501001953B16A689BCD4AA8FC82955DB27CB100000108632E0000"	"\Divisions\PD\Line Boise\123332 CTF River Crossing\Substation"
"000000009598E9A20E04F041B38518182890A2D501001953B16A689BCD4AA8FC82955DB27CB1000001B570440000"	"\Divisions\PD\Line Boise\124464_RTRP\111728 - RTRP\CLIENT\MTG"
"000000009598E9A20E04F041B38518182890A2D501001953B16A689BCD4AA8FC82955DB27CB1000001B75C3C0000"	"\Divisions\PD\Line Boise\124464_RTRP\Mtg Minutes"
"000000009598E9A20E04F041B38518182890A2D50100A3DF33FCC9BD1644BD14FCA330AA978500001D34D32D0000"	"\Divisions\PD\Line Boise\124737 XCEL-GIST2-PSCO-LINE RATING ANY\PHASE 3\QC"
"000000009598E9A20E04F041B38518182890A2D501001953B16A689BCD4AA8FC82955DB27CB1000001CCB9900000"	"\Divisions\PD\Line Boise\124737 XCEL-GIST2-PSCO-LINE RATING ANY\Priority_1\Survey"
"000000009598E9A20E04F041B38518182890A2D50100A3DF33FCC9BD1644BD14FCA330AA978500001894B3DF0000"	"\Divisions\PD\Line Boise\124737 XCEL-GIST2-PSCO-LINE RATING ANY\Priority_3\Data"
"000000009598E9A20E04F041B38518182890A2D50100A3DF33FCC9BD1644BD14FCA330AA978500001719091D0000"	"\Divisions\PD\Line Boise\126822 XCEL-0844 BLACK DOG-SAVAGE"
"000000009598E9A20E04F041B38518182890A2D50100A3DF33FCC9BD1644BD14FCA330AA9785000019C1B2F10000"	"\Divisions\PD\Line Boise\126822 XCEL-0844 BLACK DOG-SAVAGE\Estimates & WO\Value added"
"000000009598E9A20E04F041B38518182890A2D50100A3DF33FCC9BD1644BD14FCA330AA97850000173D37F50000"	"\Divisions\PD\Line Boise\126822 XCEL-0844 BLACK DOG-SAVAGE\Transmittals"
"000000009598E9A20E04F041B38518182890A2D50100A3DF33FCC9BD1644BD14FCA330AA978500001DDB14E90000"	"\Divisions\PD\Line Boise\126981 XCEL-GIST-III Phase 2 Priority 2\Data\0918"
"000000009598E9A20E04F041B38518182890A2D50100A3DF33FCC9BD1644BD14FCA330AA97850000175C21010000"	"\Divisions\PD\Line Boise\126981 XCEL-GIST-III Phase 2 Priority 2\Design\0989"
"000000009598E9A20E04F041B38518182890A2D50100A3DF33FCC9BD1644BD14FCA330AA9785000018E01F0C0000"	"\Divisions\PD\Line Boise\126981 XCEL-GIST-III Phase 2 Priority 2\Land rights\0984"
"000000009598E9A20E04F041B38518182890A2D50100A3DF33FCC9BD1644BD14FCA330AA978500001944F9F90000"	"\Divisions\PD\Line Boise\126981 XCEL-GIST-III Phase 2 Priority 2\Remediation\0806"
"000000009598E9A20E04F041B38518182890A2D50100A3DF33FCC9BD1644BD14FCA330AA97850000196623620000"	"\Divisions\PD\Line Boise\126981 XCEL-GIST-III Phase 2 Priority 2\Schedule\0980-0984"
"000000009598E9A20E04F041B38518182890A2D50100A3DF33FCC9BD1644BD14FCA330AA9785000019BCF04E0000"	"\Divisions\PD\Line Boise\128118_MP_AC Line Rating_2\013L"
"000000009598E9A20E04F041B38518182890A2D50100A3DF33FCC9BD1644BD14FCA330AA97850000193C89BA0000"	"\Divisions\PD\Line Boise\128118_MP_AC Line Rating_2\043L"
"000000009598E9A20E04F041B38518182890A2D50100A3DF33FCC9BD1644BD14FCA330AA9785000019BC6E870000"	"\Divisions\PD\Line Boise\128118_MP_AC Line Rating_2\060L"
"000000009598E9A20E04F041B38518182890A2D50100A3DF33FCC9BD1644BD14FCA330AA9785000018034B620000"	"\Divisions\PD\Line Boise\128118_MP_AC Line Rating_2\083L"
"000000009598E9A20E04F041B38518182890A2D50100A3DF33FCC9BD1644BD14FCA330AA9785000018B3BEC40000"	"\Divisions\PD\Line Boise\128118_MP_AC Line Rating_2\761L"
"000000009598E9A20E04F041B38518182890A2D50100A3DF33FCC9BD1644BD14FCA330AA97850000199A822E0000"	"\Divisions\PD\Line Boise\128911 Xcel-GIST 3- PHASE 2- LRV PTY 3\Data\0827"
"000000009598E9A20E04F041B38518182890A2D50100A3DF33FCC9BD1644BD14FCA330AA9785000019CEE87F0000"	"\Divisions\PD\Line Boise\128911 Xcel-GIST 3- PHASE 2- LRV PTY 3\Design\0883"
"000000009598E9A20E04F041B38518182890A2D50100A3DF33FCC9BD1644BD14FCA330AA978500001B5C73FA0000"	"\Divisions\PD\Line Boise\128911 Xcel-GIST 3- PHASE 2- LRV PTY 3\Estimates & WO\0883"
"000000009598E9A20E04F041B38518182890A2D50100A3DF33FCC9BD1644BD14FCA330AA978500001AFA639D0000"	"\Divisions\PD\Line Boise\128911 Xcel-GIST 3- PHASE 2- LRV PTY 3\Materials\5508"
"000000009598E9A20E04F041B38518182890A2D50100A3DF33FCC9BD1644BD14FCA330AA978500001B8B9EF30000"	"\Divisions\PD\Line Boise\128911 Xcel-GIST 3- PHASE 2- LRV PTY 3\Remediation\5301"
"000000009598E9A20E04F041B38518182890A2D50100A3DF33FCC9BD1644BD14FCA330AA978500001B06DB8E0000"	"\Divisions\PD\Line Boise\128911 Xcel-GIST 3- PHASE 2- LRV PTY 3\Schedule\5508"
"000000009598E9A20E04F041B38518182890A2D50100A3DF33FCC9BD1644BD14FCA330AA9785000019B2209F0000"	"\Divisions\PD\Line Boise\128911 Xcel-GIST 3- PHASE 2- LRV PTY 3\Transmittals\0844"
"000000009598E9A20E04F041B38518182890A2D50100A3DF33FCC9BD1644BD14FCA330AA9785000019B224EF0000"	"\Divisions\PD\Line Boise\128911 Xcel-GIST 3- PHASE 2- LRV PTY 3\Transmittals\5537"
"000000009598E9A20E04F041B38518182890A2D50100A3DF33FCC9BD1644BD14FCA330AA978500001DF4ECBC0000"	"\Divisions\PD\Line Boise\130412 Xcel (MN) NSP GIST-3 Ph 3\Material Requests\5550"
"000000009598E9A20E04F041B38518182890A2D50100A3DF33FCC9BD1644BD14FCA330AA9785000025360E0C0000"	"\Divisions\PD\Line Boise\130413 Xcel (WI) NSP GIST-3 Ph 3\NSPW_Location_Map_Request"
"000000009598E9A20E04F041B38518182890A2D50100A3DF33FCC9BD1644BD14FCA330AA978500001AA76A7C0000"	"\Divisions\PD\Line Boise\131302 131500 131501 XCEL W3203 W3509 SEV-TRM\Permitting"
"000000009598E9A20E04F041B38518182890A2D50100A3DF33FCC9BD1644BD14FCA330AA978500001AAEE3E90000"	"\Divisions\PD\Line Boise\131365 Xcel SW MN GALLOPING INVESTGTN RMD\Materials"
"000000009598E9A20E04F041B38518182890A2D50100F3BCE3A574023B4482F2E427B5A3121800004D8DAE970000"	"\Divisions\PD\Line Boise\132072 XCEL-L0953 RECONDUCTOR\Schedule"
"000000009598E9A20E04F041B38518182890A2D50100A3DF33FCC9BD1644BD14FCA330AA978500001B6F3A950000"	"\Divisions\PD\Line Boise\132155 PSE Eastside\UG & Submarine"
"000000009598E9A20E04F041B38518182890A2D50100A3DF33FCC9BD1644BD14FCA330AA978500001DD46F8E0000"	"\Divisions\PD\Line Boise\134091 PAC Croy-DV\01_Submittals-wDMS#\E_IFC"
"000000009598E9A20E04F041B38518182890A2D50100A3DF33FCC9BD1644BD14FCA330AA978500001DD748A00000"	"\Divisions\PD\Line Boise\134473 PCorp Coalville SLV CRK\00_PEI-Internal"
"000000009598E9A20E04F041B38518182890A2D50100A3DF33FCC9BD1644BD14FCA330AA978500002003105D0000"	"\Divisions\PD\Line Boise\134473 PCorp Coalville SLV CRK\01_Submittals-wDMS#\K_DCN"
"000000009598E9A20E04F041B38518182890A2D50100A3DF33FCC9BD1644BD14FCA330AA978500001DD689370000"	"\Divisions\PD\Line Boise\134474 PCorp Croydon-Coalville\01_Submittals-wDMS#"
"000000009598E9A20E04F041B38518182890A2D50100A3DF33FCC9BD1644BD14FCA330AA978500001DD6896D0000"	"\Divisions\PD\Line Boise\134474 PCorp Croydon-Coalville\06_Damper Request"
"000000009598E9A20E04F041B38518182890A2D501006C95E27D1ACA634AA1AADC20796388DD000000A9191A0000"	"\Divisions\PD\Line Boise\135116 SunZia\116500_Sunzia\Route analysis"
"000000009598E9A20E04F041B38518182890A2D50100A3DF33FCC9BD1644BD14FCA330AA97850000204DDBB80000"	"\Divisions\PD\Line Boise\135953 GNTL 500kV\POWER360\Docs to Post"
"000000009598E9A20E04F041B38518182890A2D50100A3DF33FCC9BD1644BD14FCA330AA978500002308FE050000"	"\Divisions\PD\Line Boise\136620 XCEL-0729 Rplce Pole (See also 133657)\Survey"
"000000009598E9A20E04F041B38518182890A2D50100A3DF33FCC9BD1644BD14FCA330AA97850000282AE4C70000"	"\Divisions\PD\Line Boise\137579 XCEL-GISTIII POI ANALYSIS\Meetings"
"000000009598E9A20E04F041B38518182890A2D5010012225CC57BF01F4EA8CCA87A792FF35F00001ACFFD7B0000"	"\Divisions\PD\Line Boise\137979 GNTL TLine\04_PNC 2(Proc & Const)\POWER360 Bidders Map"
"000000009598E9A20E04F041B38518182890A2D50100A3DF33FCC9BD1644BD14FCA330AA97850000285526D40000"	"\Divisions\PD\Line Boise\140908 CNF EPC"
"000000009598E9A20E04F041B38518182890A2D5010012225CC57BF01F4EA8CCA87A792FF35F0001954A99DB0000"	"\Divisions\PD\Line Boise\141372 LBWL Solar\Distribution"
"000000009598E9A20E04F041B38518182890A2D5010012225CC57BF01F4EA8CCA87A792FF35F000053E1DEF20000"	"\Divisions\PD\Line Boise\144066 Line 44"
"000000009598E9A20E04F041B38518182890A2D5010012225CC57BF01F4EA8CCA87A792FF35F0000AC87589F0000"	"\Divisions\PD\Line Boise\145667 Sun Stream 500kv"
"000000009598E9A20E04F041B38518182890A2D5010012225CC57BF01F4EA8CCA87A792FF35F000200BFC8360000"	"\Divisions\PD\Line Boise\146618 - Bob TLine\Sabre-FWT"
"000000009598E9A20E04F041B38518182890A2D5010012225CC57BF01F4EA8CCA87A792FF35F000108855F350000"	"\Divisions\PD\Line Boise\148083 Goodwell Wind-Red Devil"
"000000009598E9A20E04F041B38518182890A2D5010012225CC57BF01F4EA8CCA87A792FF35F00025606AAE60000"	"\Divisions\PD\Line Boise\152508 PSE Energize Eastside"
"000000009598E9A20E04F041B38518182890A2D5010012225CC57BF01F4EA8CCA87A792FF35F00038A785FCD0000"	"\Divisions\PD\Line Boise\154320 Ten West\154320 10W Interconnect"
"000000009598E9A20E04F041B38518182890A2D5010012225CC57BF01F4EA8CCA87A792FF35F00026E5A221F0000"	"\Divisions\PD\Line Boise\156070 Sloan Canyon-Mead"
"000000009598E9A20E04F041B38518182890A2D5010012225CC57BF01F4EA8CCA87A792FF35F0002C1A0F0E90000"	"\Divisions\PD\Line Boise\159072 - Wildfire Risk Mitigation"
"000000009598E9A20E04F041B38518182890A2D5010012225CC57BF01F4EA8CCA87A792FF35F00023C229F730000"	"\Divisions\PD\Line Boise\Line Dept. Calendar\Line Dept Calendar"
"000000009598E9A20E04F041B38518182890A2D501001953B16A689BCD4AA8FC82955DB27CB10000011FEAF00000"	"\Divisions\PD\Line Boise\Line-Rating-Projects\PacifiCorp\BB01"
"000000009598E9A20E04F041B38518182890A2D501001953B16A689BCD4AA8FC82955DB27CB10000011FEB130000"	"\Divisions\PD\Line Boise\Line-Rating-Projects\PacifiCorp\WI01"
"000000009598E9A20E04F041B38518182890A2D50100A3DF33FCC9BD1644BD14FCA330AA978500001676E7B60000"	"\Divisions\PD\Line Boise\Line-Rating-Projects\PacifiCorp2\BB04"
"000000009598E9A20E04F041B38518182890A2D501006C95E27D1ACA634AA1AADC20796388DD000000AEF3BA0000"	"\Divisions\PD\Line Boise\PCorp Sigurd to WC"
"000000009598E9A20E04F041B38518182890A2D5010012225CC57BF01F4EA8CCA87A792FF35F00043AFB7D400000"	"\Divisions\PD\Line Boise\Xcel_Energy_Standards\On-Off-Badge-Training\2021 Training"
"000000009598E9A20E04F041B38518182890A2D5010012225CC57BF01F4EA8CCA87A792FF35F000570AAA49A0000"	"\Divisions\PD\Line Boise\Xcel_Energy_Standards\On-Off-Badge-Training\Off-Boarding\HDR Off-board"
"000000009598E9A20E04F041B38518182890A2D5010012225CC57BF01F4EA8CCA87A792FF35F0003C51B05360000"	"\Divisions\PD\Line Boise\Xcel_Energy_Standards\On-Off-Badge-Training\On-Boarding_Prev 07-01-21\Amped I"
"000000009598E9A20E04F041B38518182890A2D5010012225CC57BF01F4EA8CCA87A792FF35F000570AAA49C0000"	"\Divisions\PD\Line Boise\Xcel_Energy_Standards\On-Off-Badge-Training\On-Boarding_Prev 12-09-22\K-P Power"
"000000009598E9A20E04F041B38518182890A2D50100A3DF33FCC9BD1644BD14FCA330AA978500001EED34EC0000"	"\Divisions\PD\Line Cincinnati\00-Proposals_BD"
"000000009598E9A20E04F041B38518182890A2D50100A3DF33FCC9BD1644BD14FCA330AA97850000255DBF440000"	"\Divisions\PD\Line Cincinnati\138861 JEA - JAX PORT"
"000000009598E9A20E04F041B38518182890A2D5010012225CC57BF01F4EA8CCA87A792FF35F0000FFBD37E80000"	"\Divisions\PD\Line Fort Mill\147960 - BREMC - Beaver Creek SS Upgrades"
"000000009598E9A20E04F041B38518182890A2D50100A3DF33FCC9BD1644BD14FCA330AA9785000026F62A3A0000"	"\Divisions\PD\Line Fort Worth\01 CLOSED PROJS - UPLOAD TO PROJECTWISE\128710 - AEP ETT Sw Vernon - CLOSED 2015"
"000000009598E9A20E04F041B38518182890A2D50100A3DF33FCC9BD1644BD14FCA330AA978500001D9E8CA20000"	"\Divisions\PD\Line Fort Worth\134094 - XCEL ENERGY - J15 CROSSROADS-STATE LN 345KV"
"000000009598E9A20E04F041B38518182890A2D5010012225CC57BF01F4EA8CCA87A792FF35F00009108F9C50000"	"\Divisions\PD\Line Freeport\145584 - AEP NPLES-NPLES TAP A16806527"
"000000009598E9A20E04F041B38518182890A2D501001296C725372D7F4B86B758A22EA3141B0000001D67D20000"	"\Divisions\PD\Line Hailey\107925-csur\bue"
"000000009598E9A20E04F041B38518182890A2D501001296C725372D7F4B86B758A22EA3141B000000236AD70000"	"\Divisions\PD\Line Hailey\108628-Umbata Falls\Legal"
"000000009598E9A20E04F041B38518182890A2D501001296C725372D7F4B86B758A22EA3141B000000236AE20000"	"\Divisions\PD\Line Hailey\108628-Umbata Falls\Studies"
"000000009598E9A20E04F041B38518182890A2D501001296C725372D7F4B86B758A22EA3141B00000039B52B0000"	"\Divisions\PD\Line Hailey\110531-ice standards"
"000000009598E9A20E04F041B38518182890A2D50100A3DF33FCC9BD1644BD14FCA330AA978500001673B3E30000"	"\Divisions\PD\Line Hailey\121821_LES_Central_Lincoln_Reliability\2012_Inspection_Reports"
"000000009598E9A20E04F041B38518182890A2D501001953B16A689BCD4AA8FC82955DB27CB1000001799C2A0000"	"\Divisions\PD\Line Hailey\122443_Clear_Crossing-Willow_Crk_EAST\MRLJ02"
"000000009598E9A20E04F041B38518182890A2D5010012225CC57BF01F4EA8CCA87A792FF35F00031E30041F0000"	"\Divisions\PD\Line Hailey\122443_Clear_Crossing-Willow_Crk_EAST\MRLJ13\dups"
"000000009598E9A20E04F041B38518182890A2D50100A3DF33FCC9BD1644BD14FCA330AA9785000016CC524C0000"	"\Divisions\PD\Line Hailey\122444_Clear_Crossing_Willow_Crk_WEST\MRLJ06"
"000000009598E9A20E04F041B38518182890A2D50100CB7D9B6512D7374A860FE542D577039200000119249F0000"	"\Divisions\PD\Line Hailey\122847_NGR_Alpine_Project"
"000000009598E9A20E04F041B38518182890A2D501001953B16A689BCD4AA8FC82955DB27CB10000012E480D0000"	"\Divisions\PD\Line Hailey\123943_0826_Pathfinder_Bypass"
"000000009598E9A20E04F041B38518182890A2D50100A3DF33FCC9BD1644BD14FCA330AA97850000171F81290000"	"\Divisions\PD\Line Hailey\126124_Barstow_69kV_Substation"
"000000009598E9A20E04F041B38518182890A2D50100A3DF33FCC9BD1644BD14FCA330AA978500001D2C340A0000"	"\Divisions\PD\Line Hailey\126660_NU_Stamford\dups"
"000000009598E9A20E04F041B38518182890A2D50100A3DF33FCC9BD1644BD14FCA330AA97850000171F0A4A0000"	"\Divisions\PD\Line Hailey\126XXX MacKay ADSS Fibre"
"000000009598E9A20E04F041B38518182890A2D50100A3DF33FCC9BD1644BD14FCA330AA97850000177B382A0000"	"\Divisions\PD\Line Hailey\127937_WE Energues_Ampacity_Study"
"000000009598E9A20E04F041B38518182890A2D50100A3DF33FCC9BD1644BD14FCA330AA97850000193BF6C40000"	"\Divisions\PD\Line Hailey\127943_Riley-Krum_P3_Eagle_Mt\MRLJ01"
"000000009598E9A20E04F041B38518182890A2D50100A3DF33FCC9BD1644BD14FCA330AA97850000196F2F7C0000"	"\Divisions\PD\Line Hailey\128887_Calmont_Sub_Replacement\Warehouse"
"000000009598E9A20E04F041B38518182890A2D50100A3DF33FCC9BD1644BD14FCA330AA978500001A2DB3E30000"	"\Divisions\PD\Line Hailey\129539_Eagle Mt-Saginaw\MRLJ02"
"000000009598E9A20E04F041B38518182890A2D5010012225CC57BF01F4EA8CCA87A792FF35F00031E3004630000"	"\Divisions\PD\Line Hailey\129567_Temple_Sw-Bell_Cty_E\dups"
"000000009598E9A20E04F041B38518182890A2D50100A3DF33FCC9BD1644BD14FCA330AA978500001980B3230000"	"\Divisions\PD\Line Hailey\129702 Col River - Delaney"
"000000009598E9A20E04F041B38518182890A2D5010012225CC57BF01F4EA8CCA87A792FF35F00009620BFCD0000"	"\Divisions\PD\Line Hailey\130224_E_Richardson-Apollo\MRLJ01_Steel_Poles"
"000000009598E9A20E04F041B38518182890A2D50100A3DF33FCC9BD1644BD14FCA330AA978500001EB27D3B0000"	"\Divisions\PD\Line Hailey\130257_Stanton_E-Midland-E\MRLJ04\PR_5781"
"000000009598E9A20E04F041B38518182890A2D50100A3DF33FCC9BD1644BD14FCA330AA978500001A8D1FB80000"	"\Divisions\PD\Line Hailey\130963_Carlisle_AMP_Study"
"000000009598E9A20E04F041B38518182890A2D50100A3DF33FCC9BD1644BD14FCA330AA978500001AB9E8F30000"	"\Divisions\PD\Line Hailey\131462_ICE_FDN_Rev-Design_Collab"
"000000009598E9A20E04F041B38518182890A2D50100A3DF33FCC9BD1644BD14FCA330AA978500001D92031B0000"	"\Divisions\PD\Line Hailey\131745_Tex_Harvey\MRLJ01"
"000000009598E9A20E04F041B38518182890A2D50100A3DF33FCC9BD1644BD14FCA330AA978500001B8412DA0000"	"\Divisions\PD\Line Hailey\131906_GM-Watson\MRLJ01"
"000000009598E9A20E04F041B38518182890A2D50100A3DF33FCC9BD1644BD14FCA330AA978500001B6AA73C0000"	"\Divisions\PD\Line Hailey\132269_ICE_TAMIS_&_INSPECT-2013"
"000000009598E9A20E04F041B38518182890A2D50100A3DF33FCC9BD1644BD14FCA330AA978500001DADCFBE0000"	"\Divisions\PD\Line Hailey\132692_SIKKIM_Sag_Tens_Table\dups"
"000000009598E9A20E04F041B38518182890A2D5010012225CC57BF01F4EA8CCA87A792FF35F000158408A600000"	"\Divisions\PD\Line Hailey\133797-cleanline-failure-study\dups"
"000000009598E9A20E04F041B38518182890A2D50100A3DF33FCC9BD1644BD14FCA330AA97850000239760600000"	"\Divisions\PD\Line Hailey\134627_Eskota_Sw_Sta\MRLJ03"
"000000009598E9A20E04F041B38518182890A2D50100A3DF33FCC9BD1644BD14FCA330AA97850000284EC2910000"	"\Divisions\PD\Line Hailey\134633_Eagle_Mt-Wagley_Robertson\MRLJ05"
"000000009598E9A20E04F041B38518182890A2D50100A3DF33FCC9BD1644BD14FCA330AA97850000219ED81C0000"	"\Divisions\PD\Line Hailey\134722_Permian_Basin_Sw_Sta\MRLJ04"
"000000009598E9A20E04F041B38518182890A2D50100A3DF33FCC9BD1644BD14FCA330AA9785000020FA29A00000"	"\Divisions\PD\Line Hailey\135198_RS_Pole_Calc_Review\dups"
"000000009598E9A20E04F041B38518182890A2D50100F3BCE3A574023B4482F2E427B5A3121800004D91ADD80000"	"\Divisions\PD\Line Hailey\136364_Mountain Creek - Norwood\01_12-11-14"
"000000009598E9A20E04F041B38518182890A2D50100A3DF33FCC9BD1644BD14FCA330AA97850000218E72B20000"	"\Divisions\PD\Line Hailey\137356_COG_69kV_Swanson_Sub"
"000000009598E9A20E04F041B38518182890A2D50100F3BCE3A574023B4482F2E427B5A3121800004E8332550000"	"\Divisions\PD\Line Hailey\137396_Hicks-Elizabeth\MRLJ04"
"000000009598E9A20E04F041B38518182890A2D5010012225CC57BF01F4EA8CCA87A792FF35F000327C7A7580000"	"\Divisions\PD\Line Hailey\137449_Mt_Creek-Norwood\16T65156\MRLJ01\dups"
"000000009598E9A20E04F041B38518182890A2D50100A3DF33FCC9BD1644BD14FCA330AA9785000021EB7C780000"	"\Divisions\PD\Line Hailey\137882_AW_Insulator_Failure"
"000000009598E9A20E04F041B38518182890A2D50100A3DF33FCC9BD1644BD14FCA330AA9785000024AC5DE80000"	"\Divisions\PD\Line Hailey\137959_Odessa_EHV-Odessa_Reconduct\MRLJ07"
"000000009598E9A20E04F041B38518182890A2D5010012225CC57BF01F4EA8CCA87A792FF35F00003B473D3C0000"	"\Divisions\PD\Line Hailey\138156_Venus-Cedar_Hill\MRLJ05"
"000000009598E9A20E04F041B38518182890A2D50100A3DF33FCC9BD1644BD14FCA330AA97850000265D95110000"	"\Divisions\PD\Line Hailey\138218_Means-Fullerton_69kV_RBLD\WA_15T63112\MRLJ05"
"000000009598E9A20E04F041B38518182890A2D50100A3DF33FCC9BD1644BD14FCA330AA978500002A9635720000"	"\Divisions\PD\Line Hailey\138504_Holt_SW-N_Andrews\WA_15T63114\MRJOA"
"000000009598E9A20E04F041B38518182890A2D5010012225CC57BF01F4EA8CCA87A792FF35F000329D570B90000"	"\Divisions\PD\Line Hailey\138504_Holt_SW-N_Andrews\WA_15T63114\MRLJ14\dups"
"000000009598E9A20E04F041B38518182890A2D50100A3DF33FCC9BD1644BD14FCA330AA9785000025FF281A0000"	"\Divisions\PD\Line Hailey\138956_Eagle_Mt-Roanoke\MRLJ01"
"000000009598E9A20E04F041B38518182890A2D50100A3DF33FCC9BD1644BD14FCA330AA978500002BE1F1630000"	"\Divisions\PD\Line Hailey\139105_Camp_Wisdom-Watermill"
"000000009598E9A20E04F041B38518182890A2D5010012225CC57BF01F4EA8CCA87A792FF35F000329D570C10000"	"\Divisions\PD\Line Hailey\139250_STRYKER CRK-LUFKIN\LJ02\dups"
"000000009598E9A20E04F041B38518182890A2D50100A3DF33FCC9BD1644BD14FCA330AA9785000025AA33950000"	"\Divisions\PD\Line Hailey\139293_Buzzard_Draw-Lamesa\MRLJ06"
"000000009598E9A20E04F041B38518182890A2D50100A3DF33FCC9BD1644BD14FCA330AA978500002555EADE0000"	"\Divisions\PD\Line Hailey\139688_General_Eng_Support"
"000000009598E9A20E04F041B38518182890A2D50100A3DF33FCC9BD1644BD14FCA330AA9785000026232A5E0000"	"\Divisions\PD\Line Hailey\140215_BLYTH_MESA_SOLAR"
"000000009598E9A20E04F041B38518182890A2D50100A3DF33FCC9BD1644BD14FCA330AA9785000028533E810000"	"\Divisions\PD\Line Hailey\141055_Wataynikaneyap_Power\Watay Power Build Out"
"000000009598E9A20E04F041B38518182890A2D5010012225CC57BF01F4EA8CCA87A792FF35F0000E56D53800000"	"\Divisions\PD\Line Hailey\141183_CROWN RD - NORWOOD SW STA \MRLJ02_Steel Poles"
"000000009598E9A20E04F041B38518182890A2D5010012225CC57BF01F4EA8CCA87A792FF35F00031D83721F0000"	"\Divisions\PD\Line Hailey\141183_CROWN RD - NORWOOD SW STA \MRLJ16_Damaged Jumpers Mtrl Replacement Order"
"000000009598E9A20E04F041B38518182890A2D5010012225CC57BF01F4EA8CCA87A792FF35F0000B10731A40000"	"\Divisions\PD\Line Hailey\141306_Lake_Wichita_Sw_Sta-Wichita_Falls\MRLJ03"
"000000009598E9A20E04F041B38518182890A2D5010012225CC57BF01F4EA8CCA87A792FF35F00001ACFFD990000"	"\Divisions\PD\Line Hailey\141398_Trinidad-Richland\MRLJ04"
"000000009598E9A20E04F041B38518182890A2D5010012225CC57BF01F4EA8CCA87A792FF35F000134A9070D0000"	"\Divisions\PD\Line Hailey\141436_Norwood-Amelia\MRLJ07"
"000000009598E9A20E04F041B38518182890A2D5010012225CC57BF01F4EA8CCA87A792FF35F00002D5DDDC70000"	"\Divisions\PD\Line Hailey\141658_Holt_N_Andrews-Midland_Farms\16T63099"
"000000009598E9A20E04F041B38518182890A2D5010012225CC57BF01F4EA8CCA87A792FF35F00014BFB78E20000"	"\Divisions\PD\Line Hailey\141659_Holt - Andrews N-Andrews Cty S\WA 16T63098"
"000000009598E9A20E04F041B38518182890A2D5010012225CC57BF01F4EA8CCA87A792FF35F0000122E78020000"	"\Divisions\PD\Line Hailey\141728_TRINIDAD-LIGGETT "
"000000009598E9A20E04F041B38518182890A2D5010012225CC57BF01F4EA8CCA87A792FF35F00019E7B5F060000"	"\Divisions\PD\Line Hailey\141803_Wedgewood Sw Sta-Forest Hill Sta\MRLJ06"
"000000009598E9A20E04F041B38518182890A2D50100A3DF33FCC9BD1644BD14FCA330AA978500002BD0108F0000"	"\Divisions\PD\Line Hailey\142484_Recurrent_T-Line_Easement"
"000000009598E9A20E04F041B38518182890A2D5010012225CC57BF01F4EA8CCA87A792FF35F0000CDE323BA0000"	"\Divisions\PD\Line Hailey\142859_PERMIAN BASIN-MOSS: YUCCA\MRLJ03_Steel Poles"
"000000009598E9A20E04F041B38518182890A2D5010012225CC57BF01F4EA8CCA87A792FF35F00017D7825190000"	"\Divisions\PD\Line Hailey\142862_ODESSA N-PERMIAN BASIN: YUCCA\MRLJ04"
"000000009598E9A20E04F041B38518182890A2D5010012225CC57BF01F4EA8CCA87A792FF35F0001681505AA0000"	"\Divisions\PD\Line Hailey\143142_LUFKIN_SW_STA-DIBOLL\Material Issue Requests"
"000000009598E9A20E04F041B38518182890A2D5010012225CC57BF01F4EA8CCA87A792FF35F0001050A3DA50000"	"\Divisions\PD\Line Hailey\143469_Carrollton_NW-Crown Rd\MRLJ01"
"000000009598E9A20E04F041B38518182890A2D5010012225CC57BF01F4EA8CCA87A792FF35F0000276BC4790000"	"\Divisions\PD\Line Hailey\143667_Finland_Korpi 110kV"
"000000009598E9A20E04F041B38518182890A2D5010012225CC57BF01F4EA8CCA87A792FF35F0000B10731E80000"	"\Divisions\PD\Line Hailey\143834_Smart_Wires_Support\T8_Deep Dive_Mobile Bank"
"000000009598E9A20E04F041B38518182890A2D5010012225CC57BF01F4EA8CCA87A792FF35F0000DC3DE7440000"	"\Divisions\PD\Line Hailey\143957_Tricorner_WATERMILL–TRINIDAD\MRLJ03"
"000000009598E9A20E04F041B38518182890A2D5010012225CC57BF01F4EA8CCA87A792FF35F0001E6DB39500000"	"\Divisions\PD\Line Hailey\143961_Tricorner_SEAGOVILLE-TRICORNER\MRLJ06"
"000000009598E9A20E04F041B38518182890A2D5010012225CC57BF01F4EA8CCA87A792FF35F00034CCC62270000"	"\Divisions\PD\Line Hailey\144387_OAK PT TAP DC\dups"
"000000009598E9A20E04F041B38518182890A2D5010012225CC57BF01F4EA8CCA87A792FF35F00005595F11A0000"	"\Divisions\PD\Line Hailey\144455_Trinidad-Winkler\MRLJ10_Concrete-Poles_NEW"
"000000009598E9A20E04F041B38518182890A2D5010012225CC57BF01F4EA8CCA87A792FF35F0000A9E96D940000"	"\Divisions\PD\Line Hailey\144634_Hutto-Pflugerville\MRLJ02"
"000000009598E9A20E04F041B38518182890A2D5010012225CC57BF01F4EA8CCA87A792FF35F00007AA415010000"	"\Divisions\PD\Line Hailey\145086-South Padre Island"
"000000009598E9A20E04F041B38518182890A2D5010012225CC57BF01F4EA8CCA87A792FF35F0002B65E48820000"	"\Divisions\PD\Line Hailey\145401_Barilla_Jct-Permian_Basin\dups"
"000000009598E9A20E04F041B38518182890A2D5010012225CC57BF01F4EA8CCA87A792FF35F0000FD2CBF140000"	"\Divisions\PD\Line Hailey\145469_Yucca Dr - AEP Barilla Jct\17T63126\MRLJ02_Steel Pole Order (2)"
"000000009598E9A20E04F041B38518182890A2D5010012225CC57BF01F4EA8CCA87A792FF35F00015333EE810000"	"\Divisions\PD\Line Hailey\145544_Cedar_Crest-Industrial_Wall_St\MRLJ06"
"000000009598E9A20E04F041B38518182890A2D5010012225CC57BF01F4EA8CCA87A792FF35F0001D805B9530000"	"\Divisions\PD\Line Hailey\145699_Round Rock SE\MRLJ01"
"000000009598E9A20E04F041B38518182890A2D5010012225CC57BF01F4EA8CCA87A792FF35F0000E56D536E0000"	"\Divisions\PD\Line Hailey\145911_Northaven Lines\16T65186_Northaven-Preston\MRLJ02_STEEL Poles"
"000000009598E9A20E04F041B38518182890A2D5010012225CC57BF01F4EA8CCA87A792FF35F000200BFC8400000"	"\Divisions\PD\Line Hailey\145911_Northaven Lines\OPT37244_Northaven Sw-Renner"
"000000009598E9A20E04F041B38518182890A2D5010012225CC57BF01F4EA8CCA87A792FF35F0000C9B9F9AE0000"	"\Divisions\PD\Line Hailey\146681_SAGEBRUSH_LINE_RATING _SM\BD_Effort"
"000000009598E9A20E04F041B38518182890A2D5010012225CC57BF01F4EA8CCA87A792FF35F000101F10BAC0000"	"\Divisions\PD\Line Hailey\148000_Canfor 69 kV UG Feasibility Study"
"000000009598E9A20E04F041B38518182890A2D5010012225CC57BF01F4EA8CCA87A792FF35F00011D8C7A650000"	"\Divisions\PD\Line Hailey\148287_Gunbarrel"
"000000009598E9A20E04F041B38518182890A2D5010012225CC57BF01F4EA8CCA87A792FF35F00026BB9451C0000"	"\Divisions\PD\Line Hailey\148326_Cedar Crest-Wall St\OPT 38736\MRLJ11"
"000000009598E9A20E04F041B38518182890A2D5010012225CC57BF01F4EA8CCA87A792FF35F0001420DD8080000"	"\Divisions\PD\Line Hailey\149323_Substation Design Support\BD Effort"
"000000009598E9A20E04F041B38518182890A2D5010012225CC57BF01F4EA8CCA87A792FF35F0001F67CE0970000"	"\Divisions\PD\Line Hailey\151053_Sherry Sw Sta-Gen Motors\MRLJ01"
"000000009598E9A20E04F041B38518182890A2D5010012225CC57BF01F4EA8CCA87A792FF35F00028774B2970000"	"\Divisions\PD\Line Hailey\151641_General Motors-International Airport\MRLJ10"
"000000009598E9A20E04F041B38518182890A2D5010012225CC57BF01F4EA8CCA87A792FF35F0002D18D62830000"	"\Divisions\PD\Line Hailey\151713_SAGINAW 138KV SW STA REB\Material Tracking (LJ Folder)\MRLJ03_Conductor"
"000000009598E9A20E04F041B38518182890A2D5010012225CC57BF01F4EA8CCA87A792FF35F00043AFB7D460000"	"\Divisions\PD\Line Hailey\152618_SPOKANE CYRPTOMINING FAC\DUPS"
"000000009598E9A20E04F041B38518182890A2D5010012225CC57BF01F4EA8CCA87A792FF35F00022308A3850000"	"\Divisions\PD\Line Hailey\153043_Venus Sw-Sardis Sw\MRLJ02"
"000000009598E9A20E04F041B38518182890A2D5010012225CC57BF01F4EA8CCA87A792FF35F0002548EA6D40000"	"\Divisions\PD\Line Hailey\153605_Village Creek Tap-Bowen\MRLJ03_Sabre-FWT"
"000000009598E9A20E04F041B38518182890A2D5010012225CC57BF01F4EA8CCA87A792FF35F00021D59BD0E0000"	"\Divisions\PD\Line Hailey\153699_Venus Sw-Kemp Ranch Sw"
"000000009598E9A20E04F041B38518182890A2D5010012225CC57BF01F4EA8CCA87A792FF35F0002D18D62850000"	"\Divisions\PD\Line Hailey\153757_HANDLEY SW.-DEEN SW\Material Tracking_LJ\MRLJ03_Conductor"
"000000009598E9A20E04F041B38518182890A2D5010012225CC57BF01F4EA8CCA87A792FF35F0002DA9E39F20000"	"\Divisions\PD\Line Hailey\153759_EAGLE MT SW.-DEEN SW\Material Tracking_LJ\MRLJ04_Hardware"
"000000009598E9A20E04F041B38518182890A2D5010012225CC57BF01F4EA8CCA87A792FF35F00021D59BD0C0000"	"\Divisions\PD\Line Hailey\154507_PAINTED HILLS XING DWGS"
"000000009598E9A20E04F041B38518182890A2D5010012225CC57BF01F4EA8CCA87A792FF35F00036DEFFFA00000"	"\Divisions\PD\Line Hailey\154678_Odessa EHV Sw-Wolf Sw\0PT 40117\MRLJ09"
"000000009598E9A20E04F041B38518182890A2D5010012225CC57BF01F4EA8CCA87A792FF35F0002CE133CCC0000"	"\Divisions\PD\Line Hailey\154681_Moss Sw-Wolf Sw_N-Circuit\MRLJ02_Hardware"
"000000009598E9A20E04F041B38518182890A2D5010012225CC57BF01F4EA8CCA87A792FF35F0002F5D2D4980000"	"\Divisions\PD\Line Hailey\154683_Odessa EHV Sw-Moss\MRLJ07"
"000000009598E9A20E04F041B38518182890A2D5010012225CC57BF01F4EA8CCA87A792FF35F0002716A9EB00000"	"\Divisions\PD\Line Hailey\155311_Owl Hills Sw-Tunstill POD Sta\MRLJ04"
"000000009598E9A20E04F041B38518182890A2D5010012225CC57BF01F4EA8CCA87A792FF35F00025412943F0000"	"\Divisions\PD\Line Hailey\155855_NIWOT PRESSURE SWITCH CABINET"
"000000009598E9A20E04F041B38518182890A2D5010012225CC57BF01F4EA8CCA87A792FF35F0002A9804DEA0000"	"\Divisions\PD\Line Hailey\156389_Riverton Sw-Sand-Split WA\MRLJ05"
"000000009598E9A20E04F041B38518182890A2D5010012225CC57BF01F4EA8CCA87A792FF35F0002F89AB9540000"	"\Divisions\PD\Line Hailey\157131-CARROLLTON E SUB-RENNER/N-HAVEN SUB\MRLJ01"
"000000009598E9A20E04F041B38518182890A2D5010012225CC57BF01F4EA8CCA87A792FF35F0002F3B8E5D70000"	"\Divisions\PD\Line Hailey\158254_EAGLE MT-WAGLEY ROBERTSON #2 (S CIRCUIT)"
"000000009598E9A20E04F041B38518182890A2D5010012225CC57BF01F4EA8CCA87A792FF35F0003099EC1E60000"	"\Divisions\PD\Line Hailey\158889_SEE PROJWISE\MRLJ02_TWR ORDER-NEED DATE 04-15-20"
"000000009598E9A20E04F041B38518182890A2D5010012225CC57BF01F4EA8CCA87A792FF35F0002D18D628F0000"	"\Divisions\PD\Line Hailey\159436_ALPHA RD-KNOLL TRAIL\OPT 39714 Northaven-Preston RD\MRLJ03_Sabre"
"000000009598E9A20E04F041B38518182890A2D50100E34BFE500669CD49AC2E27C6C54DE39D0000000D59D70000"	"\Divisions\PD\Line Hailey\Allegheny TrAIL\500kV steel pole"
"000000009598E9A20E04F041B38518182890A2D50100E34BFE500669CD49AC2E27C6C54DE39D00000018EEEB0000"	"\Divisions\PD\Line Hailey\Allegheny TrAIL\Tower assy"
"000000009598E9A20E04F041B38518182890A2D50100572FF007A7D6B64CA96E5CFE8E1CC1A400000050533D0000"	"\Divisions\PD\Line Hailey\BD_Efforts\116196_ILM"
"000000009598E9A20E04F041B38518182890A2D50100572FF007A7D6B64CA96E5CFE8E1CC1A40000005119BA0000"	"\Divisions\PD\Line Hailey\BD_Efforts\116196_ILM\Standards"
"000000009598E9A20E04F041B38518182890A2D50100572FF007A7D6B64CA96E5CFE8E1CC1A40000005119A20000"	"\Divisions\PD\Line Hailey\BD_Efforts\120020-NTL\Design_Fnd"
"000000009598E9A20E04F041B38518182890A2D50100572FF007A7D6B64CA96E5CFE8E1CC1A400000044663C0000"	"\Divisions\PD\Line Hailey\BD_Efforts\120471-TB_to_BH"
"000000009598E9A20E04F041B38518182890A2D50100A3DF33FCC9BD1644BD14FCA330AA978500001B40CC5B0000"	"\Divisions\PD\Line Hailey\BD_Efforts\126314-Helco"
"000000009598E9A20E04F041B38518182890A2D50100A3DF33FCC9BD1644BD14FCA330AA978500001938373A0000"	"\Divisions\PD\Line Hailey\BD_Efforts\Acciona\Solomon Forks"
"000000009598E9A20E04F041B38518182890A2D50100A3DF33FCC9BD1644BD14FCA330AA978500002405B7170000"	"\Divisions\PD\Line Hailey\BD_Efforts\AEP\2015"
"000000009598E9A20E04F041B38518182890A2D50100A3DF33FCC9BD1644BD14FCA330AA978500000E9771F40000"	"\Divisions\PD\Line Hailey\BD_Efforts\Alcan\Alcan Catenary 2012"
"000000009598E9A20E04F041B38518182890A2D50100A3DF33FCC9BD1644BD14FCA330AA978500002A3A19250000"	"\Divisions\PD\Line Hailey\BD_Efforts\Allteck\2016"
"000000009598E9A20E04F041B38518182890A2D50100A3DF33FCC9BD1644BD14FCA330AA9785000022CC31AE0000"	"\Divisions\PD\Line Hailey\BD_Efforts\Altalink\2015"
"000000009598E9A20E04F041B38518182890A2D50100A3DF33FCC9BD1644BD14FCA330AA978500002372BC2D0000"	"\Divisions\PD\Line Hailey\BD_Efforts\APEX\2015"
"000000009598E9A20E04F041B38518182890A2D50100A3DF33FCC9BD1644BD14FCA330AA978500000E77A2B00000"	"\Divisions\PD\Line Hailey\BD_Efforts\ARES\Hanford 230kV Rating"
"000000009598E9A20E04F041B38518182890A2D5010012225CC57BF01F4EA8CCA87A792FF35F00013A0B91860000"	"\Divisions\PD\Line Hailey\BD_Efforts\AVAL\2017"
"000000009598E9A20E04F041B38518182890A2D5010012225CC57BF01F4EA8CCA87A792FF35F000213840FEE0000"	"\Divisions\PD\Line Hailey\BD_Efforts\Bekaert\2018\Utility Market Study"
"000000009598E9A20E04F041B38518182890A2D50100A3DF33FCC9BD1644BD14FCA330AA97850000262821D40000"	"\Divisions\PD\Line Hailey\BD_Efforts\Black Hills Power\2015\Rating_Veg Management"
"000000009598E9A20E04F041B38518182890A2D50100CB7D9B6512D7374A860FE542D577039200000110A5D30000"	"\Divisions\PD\Line Hailey\BD_Efforts\BP"
"000000009598E9A20E04F041B38518182890A2D50100A3DF33FCC9BD1644BD14FCA330AA978500001717E5850000"	"\Divisions\PD\Line Hailey\BD_Efforts\Brookfield Renewable\2012\Gosfield_Comber Design Services"
"000000009598E9A20E04F041B38518182890A2D5010012225CC57BF01F4EA8CCA87A792FF35F0002A9804DF80000"	"\Divisions\PD\Line Hailey\BD_Efforts\Calpine\2019\Inspection_Maintenance-Lattice"
"000000009598E9A20E04F041B38518182890A2D5010012225CC57BF01F4EA8CCA87A792FF35F00009A3F30A10000"	"\Divisions\PD\Line Hailey\BD_Efforts\CEC-Clean Energy Consulting\2017"
"000000009598E9A20E04F041B38518182890A2D50100A3DF33FCC9BD1644BD14FCA330AA978500001DAB879E0000"	"\Divisions\PD\Line Hailey\BD_Efforts\Chugach"
"000000009598E9A20E04F041B38518182890A2D50100A3DF33FCC9BD1644BD14FCA330AA97850000202ABCED0000"	"\Divisions\PD\Line Hailey\BD_Efforts\City of Gillette"
"000000009598E9A20E04F041B38518182890A2D5010012225CC57BF01F4EA8CCA87A792FF35F0002793A45E50000"	"\Divisions\PD\Line Hailey\BD_Efforts\Clough\2019"
"000000009598E9A20E04F041B38518182890A2D501001296C725372D7F4B86B758A22EA3141B000000456D4E0000"	"\Divisions\PD\Line Hailey\BD_Efforts\CPEC"
"000000009598E9A20E04F041B38518182890A2D50100A3DF33FCC9BD1644BD14FCA330AA978500002DF19B230000"	"\Divisions\PD\Line Hailey\BD_Efforts\Dresser-Rand\2016"
"000000009598E9A20E04F041B38518182890A2D50100A3DF33FCC9BD1644BD14FCA330AA978500001A1A08640000"	"\Divisions\PD\Line Hailey\BD_Efforts\EDPR"
"000000009598E9A20E04F041B38518182890A2D50100CB7D9B6512D7374A860FE542D57703920000012E09740000"	"\Divisions\PD\Line Hailey\BD_Efforts\ENEL\Brazil_Crystal"
"000000009598E9A20E04F041B38518182890A2D5010012225CC57BF01F4EA8CCA87A792FF35F0001735EB9700000"	"\Divisions\PD\Line Hailey\BD_Efforts\ENMAX\2018\GIS Substation"
"000000009598E9A20E04F041B38518182890A2D50100A3DF33FCC9BD1644BD14FCA330AA978500000E869CC20000"	"\Divisions\PD\Line Hailey\BD_Efforts\enXco\Spearville 3 Wind"
"000000009598E9A20E04F041B38518182890A2D50100A3DF33FCC9BD1644BD14FCA330AA9785000024A5B1960000"	"\Divisions\PD\Line Hailey\BD_Efforts\EPE-El Paso Electric\General"
"000000009598E9A20E04F041B38518182890A2D50100A3DF33FCC9BD1644BD14FCA330AA978500001EAB7AF20000"	"\Divisions\PD\Line Hailey\BD_Efforts\Filsinger Energy Partners"
"000000009598E9A20E04F041B38518182890A2D50100A3DF33FCC9BD1644BD14FCA330AA978500002BF0906D0000"	"\Divisions\PD\Line Hailey\BD_Efforts\First Solar\2016\Topo Survey_Laughlin"
"000000009598E9A20E04F041B38518182890A2D50100A3DF33FCC9BD1644BD14FCA330AA978500002AFC54CA0000"	"\Divisions\PD\Line Hailey\BD_Efforts\Forbes\General"
"000000009598E9A20E04F041B38518182890A2D5010012225CC57BF01F4EA8CCA87A792FF35F000072BD7BCA0000"	"\Divisions\PD\Line Hailey\BD_Efforts\FUGRO\2017\ROW Threat Analysis"
"000000009598E9A20E04F041B38518182890A2D50100A3DF33FCC9BD1644BD14FCA330AA978500001D947BDA0000"	"\Divisions\PD\Line Hailey\BD_Efforts\Geronimo Energy\2014"
"000000009598E9A20E04F041B38518182890A2D50100A3DF33FCC9BD1644BD14FCA330AA978500001EFCC40B0000"	"\Divisions\PD\Line Hailey\BD_Efforts\GLP\2014 Projects\ADSS Feasibility"
"000000009598E9A20E04F041B38518182890A2D50100A3DF33FCC9BD1644BD14FCA330AA9785000028DC8C1C0000"	"\Divisions\PD\Line Hailey\BD_Efforts\GLP\2016\Lidar Specification"
"000000009598E9A20E04F041B38518182890A2D501001953B16A689BCD4AA8FC82955DB27CB10000016C2AED0000"	"\Divisions\PD\Line Hailey\BD_Efforts\Great Lakes Power 2009\GLP - K24G"
"000000009598E9A20E04F041B38518182890A2D5010012225CC57BF01F4EA8CCA87A792FF35F000114281C530000"	"\Divisions\PD\Line Hailey\BD_Efforts\GSWC\2017"
"000000009598E9A20E04F041B38518182890A2D50100A3DF33FCC9BD1644BD14FCA330AA978500001DC56AA50000"	"\Divisions\PD\Line Hailey\BD_Efforts\HEA\2014"
"000000009598E9A20E04F041B38518182890A2D50100A3DF33FCC9BD1644BD14FCA330AA978500001B7333420000"	"\Divisions\PD\Line Hailey\BD_Efforts\Helco\7300_9400"
"000000009598E9A20E04F041B38518182890A2D50100A3DF33FCC9BD1644BD14FCA330AA978500001DDCC9130000"	"\Divisions\PD\Line Hailey\BD_Efforts\Iberdrola\2014"
"000000009598E9A20E04F041B38518182890A2D50100A3DF33FCC9BD1644BD14FCA330AA9785000025A6BFE80000"	"\Divisions\PD\Line Hailey\BD_Efforts\Idaho Power\2015\B2H_Boardman-Hemingway"
"000000009598E9A20E04F041B38518182890A2D50100A3DF33FCC9BD1644BD14FCA330AA9785000021AE234A0000"	"\Divisions\PD\Line Hailey\BD_Efforts\IFP-Idaho Falls Power\2015"
"000000009598E9A20E04F041B38518182890A2D50100A3DF33FCC9BD1644BD14FCA330AA97850000175836CB0000"	"\Divisions\PD\Line Hailey\BD_Efforts\Jacobs"
"000000009598E9A20E04F041B38518182890A2D5010012225CC57BF01F4EA8CCA87A792FF35F0000122E77F70000"	"\Divisions\PD\Line Hailey\BD_Efforts\Jyoti Americas\2016\Mexico Opportunities"
"000000009598E9A20E04F041B38518182890A2D501001953B16A689BCD4AA8FC82955DB27CB100000190A3C50000"	"\Divisions\PD\Line Hailey\BD_Efforts\Kleimschmidt\Grand Coulee Project"
"000000009598E9A20E04F041B38518182890A2D5010012225CC57BF01F4EA8CCA87A792FF35F0001074EFED30000"	"\Divisions\PD\Line Hailey\BD_Efforts\Lamifil\2017\Insulator Swing_Offset Clipping"
"000000009598E9A20E04F041B38518182890A2D5010012225CC57BF01F4EA8CCA87A792FF35F000312A49F450000"	"\Divisions\PD\Line Hailey\BD_Efforts\LATIN AMERICA\Central America\01 General Projects"
"000000009598E9A20E04F041B38518182890A2D50100A3DF33FCC9BD1644BD14FCA330AA978500002BC9DB740000"	"\Divisions\PD\Line Hailey\BD_Efforts\LATIN AMERICA\Central America\Costa Rica\ICE\01 General\Newsletter"
"000000009598E9A20E04F041B38518182890A2D50100A3DF33FCC9BD1644BD14FCA330AA978500002DEE6D320000"	"\Divisions\PD\Line Hailey\BD_Efforts\LATIN AMERICA\Central America\Costa Rica\ICE\2016\Generation_Biomass Project"
"000000009598E9A20E04F041B38518182890A2D5010012225CC57BF01F4EA8CCA87A792FF35F0000DC3DE72E0000"	"\Divisions\PD\Line Hailey\BD_Efforts\LATIN AMERICA\Central America\Costa Rica\ICE\2017\Hospital_Facilities Group"
"000000009598E9A20E04F041B38518182890A2D50100A3DF33FCC9BD1644BD14FCA330AA978500002BC7EF320000"	"\Divisions\PD\Line Hailey\BD_Efforts\LATIN AMERICA\Central America\Costa Rica\ICE\Coordination"
"000000009598E9A20E04F041B38518182890A2D50100A3DF33FCC9BD1644BD14FCA330AA978500002BC866EB0000"	"\Divisions\PD\Line Hailey\BD_Efforts\LATIN AMERICA\Central America\Costa Rica\ICE\Old Projects\2015\POWER360"
"000000009598E9A20E04F041B38518182890A2D50100A3DF33FCC9BD1644BD14FCA330AA978500002BC8B06E0000"	"\Divisions\PD\Line Hailey\BD_Efforts\LATIN AMERICA\Central America\Costa Rica\ICE\Old Projects\Geothermal-Chile"
"000000009598E9A20E04F041B38518182890A2D50100A3DF33FCC9BD1644BD14FCA330AA978500002BC900DF0000"	"\Divisions\PD\Line Hailey\BD_Efforts\LATIN AMERICA\Central America\Costa Rica\ICE\Old Projects\PySA Design Process"
"000000009598E9A20E04F041B38518182890A2D50100A3DF33FCC9BD1644BD14FCA330AA978500002BC937740000"	"\Divisions\PD\Line Hailey\BD_Efforts\LATIN AMERICA\Central America\Costa Rica\ICE\Trip to CR - 02-2010"
"000000009598E9A20E04F041B38518182890A2D50100A3DF33FCC9BD1644BD14FCA330AA978500002BC65DC90000"	"\Divisions\PD\Line Hailey\BD_Efforts\LATIN AMERICA\Central America\EPR"
"000000009598E9A20E04F041B38518182890A2D5010012225CC57BF01F4EA8CCA87A792FF35F0000122E780C0000"	"\Divisions\PD\Line Hailey\BD_Efforts\LATIN AMERICA\Central America\Guatemala\INDE\2016"
"000000009598E9A20E04F041B38518182890A2D5010012225CC57BF01F4EA8CCA87A792FF35F0000EAA9210C0000"	"\Divisions\PD\Line Hailey\BD_Efforts\LATIN AMERICA\Central America\Panama\ETESA\2017"
"000000009598E9A20E04F041B38518182890A2D50100A3DF33FCC9BD1644BD14FCA330AA978500002BC6435A0000"	"\Divisions\PD\Line Hailey\BD_Efforts\LATIN AMERICA\Chile"
"000000009598E9A20E04F041B38518182890A2D50100A3DF33FCC9BD1644BD14FCA330AA9785000027A077EF0000"	"\Divisions\PD\Line Hailey\BD_Efforts\LATIN AMERICA\Chile\Transelec\2015"
"000000009598E9A20E04F041B38518182890A2D5010012225CC57BF01F4EA8CCA87A792FF35F00016EA992860000"	"\Divisions\PD\Line Hailey\BD_Efforts\LATIN AMERICA\Chile\Transelec\2018\Failure Review_Design Criteria"
"000000009598E9A20E04F041B38518182890A2D5010012225CC57BF01F4EA8CCA87A792FF35F0003485D47550000"	"\Divisions\PD\Line Hailey\BD_Efforts\LATIN AMERICA\Colombia\ISA\2020\ISA-IEB"
"000000009598E9A20E04F041B38518182890A2D5010012225CC57BF01F4EA8CCA87A792FF35F00012B5C43A50000"	"\Divisions\PD\Line Hailey\BD_Efforts\LATIN AMERICA\Mexico\CFE\2017\HVDC"
"000000009598E9A20E04F041B38518182890A2D50100A3DF33FCC9BD1644BD14FCA330AA978500002BC64F150000"	"\Divisions\PD\Line Hailey\BD_Efforts\LATIN AMERICA\Organizations"
"000000009598E9A20E04F041B38518182890A2D50100A3DF33FCC9BD1644BD14FCA330AA978500002BC6FFA80000"	"\Divisions\PD\Line Hailey\BD_Efforts\LATIN AMERICA\Quanta International\Panama\2013 Panama 230kV Project"
"000000009598E9A20E04F041B38518182890A2D50100A3DF33FCC9BD1644BD14FCA330AA978500001DAB8C970000"	"\Divisions\PD\Line Hailey\BD_Efforts\LEPA_Loisiana Energy Power Authority\2013\LM-6000 Combined Cycle_Robins and Morton"
"000000009598E9A20E04F041B38518182890A2D50100A3DF33FCC9BD1644BD14FCA330AA978500001A3B58240000"	"\Divisions\PD\Line Hailey\BD_Efforts\Matrix SME_Calpine\Garrison Energy Center"
"000000009598E9A20E04F041B38518182890A2D50100A3DF33FCC9BD1644BD14FCA330AA97850000211D25DF0000"	"\Divisions\PD\Line Hailey\BD_Efforts\MID_Merced Irrigation District"
"000000009598E9A20E04F041B38518182890A2D50100A3DF33FCC9BD1644BD14FCA330AA97850000200C322D0000"	"\Divisions\PD\Line Hailey\BD_Efforts\MiRig_Chile"
"000000009598E9A20E04F041B38518182890A2D501001296C725372D7F4B86B758A22EA3141B0000008224830000"	"\Divisions\PD\Line Hailey\BD_Efforts\nationalgrid-chance"
"000000009598E9A20E04F041B38518182890A2D50100A3DF33FCC9BD1644BD14FCA330AA978500001D8576760000"	"\Divisions\PD\Line Hailey\BD_Efforts\NextEra\Wilderness Str 7"
"000000009598E9A20E04F041B38518182890A2D50100A3DF33FCC9BD1644BD14FCA330AA97850000176282A90000"	"\Divisions\PD\Line Hailey\BD_Efforts\NTPC_Northwest Territories Power Corp"
"000000009598E9A20E04F041B38518182890A2D50100A3DF33FCC9BD1644BD14FCA330AA9785000026C606D30000"	"\Divisions\PD\Line Hailey\BD_Efforts\NV Energy\2015\NERC Rating"
"000000009598E9A20E04F041B38518182890A2D50100A3DF33FCC9BD1644BD14FCA330AA97850000274D5CD90000"	"\Divisions\PD\Line Hailey\BD_Efforts\Oncor\2015\Material Managament Program"
"000000009598E9A20E04F041B38518182890A2D50100572FF007A7D6B64CA96E5CFE8E1CC1A400000063CC6C0000"	"\Divisions\PD\Line Hailey\BD_Efforts\PacifiCorp\Gateway South 500kV"
"000000009598E9A20E04F041B38518182890A2D5010012225CC57BF01F4EA8CCA87A792FF35F0001BE7F520A0000"	"\Divisions\PD\Line Hailey\BD_Efforts\Pattern Energy\2018"
"000000009598E9A20E04F041B38518182890A2D50100572FF007A7D6B64CA96E5CFE8E1CC1A40000000D5E270000"	"\Divisions\PD\Line Hailey\BD_Efforts\Plutonic_Powre"
"000000009598E9A20E04F041B38518182890A2D50100A3DF33FCC9BD1644BD14FCA330AA978500000EBE3DA20000"	"\Divisions\PD\Line Hailey\BD_Efforts\Powertel\2012\Cape Scott Wind Farm"
"000000009598E9A20E04F041B38518182890A2D50100A3DF33FCC9BD1644BD14FCA330AA978500002CA882730000"	"\Divisions\PD\Line Hailey\BD_Efforts\Powertel\2016"
"000000009598E9A20E04F041B38518182890A2D50100A3DF33FCC9BD1644BD14FCA330AA978500001EAB735F0000"	"\Divisions\PD\Line Hailey\BD_Efforts\Puerto Rico"
"000000009598E9A20E04F041B38518182890A2D5010012225CC57BF01F4EA8CCA87A792FF35F00016EA992A00000"	"\Divisions\PD\Line Hailey\BD_Efforts\Recurrent\2018"
"000000009598E9A20E04F041B38518182890A2D5010012225CC57BF01F4EA8CCA87A792FF35F0000122E77FE0000"	"\Divisions\PD\Line Hailey\BD_Efforts\RES\2016\Pikangikum"
"000000009598E9A20E04F041B38518182890A2D50100A3DF33FCC9BD1644BD14FCA330AA97850000286472FE0000"	"\Divisions\PD\Line Hailey\BD_Efforts\Rokstad\2016\Brucejack A-Frame Lifting"
"000000009598E9A20E04F041B38518182890A2D50100A3DF33FCC9BD1644BD14FCA330AA9785000028005EE10000"	"\Divisions\PD\Line Hailey\BD_Efforts\RS Technologies\2015\Comm Pole Washington"
"000000009598E9A20E04F041B38518182890A2D5010012225CC57BF01F4EA8CCA87A792FF35F0001A0F221C30000"	"\Divisions\PD\Line Hailey\BD_Efforts\RTA-Rio Tinto Alcan\2018"
"000000009598E9A20E04F041B38518182890A2D5010012225CC57BF01F4EA8CCA87A792FF35F00006C7B52510000"	"\Divisions\PD\Line Hailey\BD_Efforts\SaskPower\2016\Construction Inspection"
"000000009598E9A20E04F041B38518182890A2D50100A3DF33FCC9BD1644BD14FCA330AA978500002DF1419C0000"	"\Divisions\PD\Line Hailey\BD_Efforts\SaskPower\General"
"000000009598E9A20E04F041B38518182890A2D50100A3DF33FCC9BD1644BD14FCA330AA978500001DA219C40000"	"\Divisions\PD\Line Hailey\BD_Efforts\Schofield Barracks\2014\FY14"
"000000009598E9A20E04F041B38518182890A2D5010012225CC57BF01F4EA8CCA87A792FF35F0000D26A596C0000"	"\Divisions\PD\Line Hailey\BD_Efforts\SEC_Shanghai Electric\2017\Martano GTPP"
"000000009598E9A20E04F041B38518182890A2D5010012225CC57BF01F4EA8CCA87A792FF35F00005187CB900000"	"\Divisions\PD\Line Hailey\BD_Efforts\Smartwires\2016\Tx_Vibration Study"
"000000009598E9A20E04F041B38518182890A2D5010012225CC57BF01F4EA8CCA87A792FF35F000019E269560000"	"\Divisions\PD\Line Hailey\BD_Efforts\SoCore Energy\General"
"000000009598E9A20E04F041B38518182890A2D5010012225CC57BF01F4EA8CCA87A792FF35F0000BA2FA3180000"	"\Divisions\PD\Line Hailey\BD_Efforts\Sunflower"
"000000009598E9A20E04F041B38518182890A2D501001296C725372D7F4B86B758A22EA3141B0000003A65DA0000"	"\Divisions\PD\Line Hailey\BD_Efforts\TacomaPower"
"000000009598E9A20E04F041B38518182890A2D501001953B16A689BCD4AA8FC82955DB27CB100000139358A0000"	"\Divisions\PD\Line Hailey\BD_Efforts\Terra_Gen"
"000000009598E9A20E04F041B38518182890A2D5010012225CC57BF01F4EA8CCA87A792FF35F000162F5FFD30000"	"\Divisions\PD\Line Hailey\BD_Efforts\Terra_Gen\2018"
"000000009598E9A20E04F041B38518182890A2D50100A3DF33FCC9BD1644BD14FCA330AA978500001DAB21C30000"	"\Divisions\PD\Line Hailey\BD_Efforts\TID - Turlock\2014\Fairground-Industrial 12_69 kV"
"000000009598E9A20E04F041B38518182890A2D5010012225CC57BF01F4EA8CCA87A792FF35F0000E22DFFF00000"	"\Divisions\PD\Line Hailey\BD_Efforts\Trinity PUD\2017"
"000000009598E9A20E04F041B38518182890A2D5010012225CC57BF01F4EA8CCA87A792FF35F0000EF4E79890000"	"\Divisions\PD\Line Hailey\BD_Efforts\USTDA\2017\Kenya"
"000000009598E9A20E04F041B38518182890A2D5010012225CC57BF01F4EA8CCA87A792FF35F00016AA4C38C0000"	"\Divisions\PD\Line Hailey\BD_Efforts\Velco"
"000000009598E9A20E04F041B38518182890A2D50100A3DF33FCC9BD1644BD14FCA330AA97850000252398100000"	"\Divisions\PD\Line Hailey\BD_Efforts\Wheatland REA"
"000000009598E9A20E04F041B38518182890A2D50100A3DF33FCC9BD1644BD14FCA330AA97850000179CC9AC0000"	"\Divisions\PD\Line Hailey\BD_Efforts\White Construction\Oldman II_Mainstream Renewable Power"
"000000009598E9A20E04F041B38518182890A2D50100A3DF33FCC9BD1644BD14FCA330AA978500000EBC2CCA0000"	"\Divisions\PD\Line Hailey\BD_Efforts\xTemp_JK\Action Items"
"000000009598E9A20E04F041B38518182890A2D501006C95E27D1ACA634AA1AADC20796388DD000000037B6B0000"	"\Divisions\PD\Line Hailey\CLIENT_STDS_GENERAL\ATC Y61 BACKUP"
"000000009598E9A20E04F041B38518182890A2D50100CB7D9B6512D7374A860FE542D577039200000126F9F40000"	"\Divisions\PD\Line Hailey\CLIENT_STDS_GENERAL\brazos-general\invoices"
"000000009598E9A20E04F041B38518182890A2D501001296C725372D7F4B86B758A22EA3141B0000005AE9BA0000"	"\Divisions\PD\Line Hailey\CLIENT_STDS_GENERAL\svp-palm"
"000000009598E9A20E04F041B38518182890A2D50100A3DF33FCC9BD1644BD14FCA330AA978500002BE1A24C0000"	"\Divisions\PD\Line Hailey\Line Freeport\113396 - MPRP Stations"
"000000009598E9A20E04F041B38518182890A2D50100A3DF33FCC9BD1644BD14FCA330AA978500001B1D26C60000"	"\Divisions\PD\Line Hailey\Line Kansas City\122592 PEF-WINTER PARK DSCADA PREP"
"000000009598E9A20E04F041B38518182890A2D50100A3DF33FCC9BD1644BD14FCA330AA978500001B1D26F30000"	"\Divisions\PD\Line Hailey\Line Kansas City\127987 PEF-FAC RATINGS SPREADSHEETS"
"000000009598E9A20E04F041B38518182890A2D50100A3DF33FCC9BD1644BD14FCA330AA978500002BE524390000"	"\Divisions\PD\Line Hailey\Restored_Emails (Recovered)\Line San Diego\125802 SOCRE"
"000000009598E9A20E04F041B38518182890A2D50100A3DF33FCC9BD1644BD14FCA330AA97850000225896510000"	"\Divisions\PD\Line Hamilton\135256"
"000000009598E9A20E04F041B38518182890A2D5010012225CC57BF01F4EA8CCA87A792FF35F00000A50CB4E0000"	"\Divisions\PD\Line Hamilton\142284"
"000000009598E9A20E04F041B38518182890A2D5010012225CC57BF01F4EA8CCA87A792FF35F000170BE73A40000"	"\Divisions\PD\Line Hamilton\149011"
"000000009598E9A20E04F041B38518182890A2D501006C95E27D1ACA634AA1AADC20796388DD00000017B7990000"	"\Divisions\PD\Line Houston"
"000000009598E9A20E04F041B38518182890A2D50100E34BFE500669CD49AC2E27C6C54DE39D000000339C100000"	"\Divisions\PD\Line Houston\00-Closed Projects (remove by 11/09)\114668_SCL_Mercer"
"000000009598E9A20E04F041B38518182890A2D501001953B16A689BCD4AA8FC82955DB27CB10000018FF7300000"	"\Divisions\PD\Line Houston\00-Proposals_BD\Energy Renewal Partners"
"000000009598E9A20E04F041B38518182890A2D50100E34BFE500669CD49AC2E27C6C54DE39D0000000AFD640000"	"\Divisions\PD\Line Houston\107391 Alaskan Way Via Duct\00 UPLOADED TO DMS or PWC\00 Meeting Minutes\009-048"
"000000009598E9A20E04F041B38518182890A2D50100E34BFE500669CD49AC2E27C6C54DE39D0000000D59300000"	"\Divisions\PD\Line Houston\107391 Alaskan Way Via Duct\00 UPLOADED TO DMS or PWC\00 Reports\R_Conte_PB_05-11-07"
"000000009598E9A20E04F041B38518182890A2D50100E34BFE500669CD49AC2E27C6C54DE39D0000000AFD720000"	"\Divisions\PD\Line Houston\107391 Alaskan Way Via Duct\00 UPLOADED TO DMS or PWC\AWV-003 thru AWV-050\AWV-013"
"000000009598E9A20E04F041B38518182890A2D50100E34BFE500669CD49AC2E27C6C54DE39D0000000AFD800000"	"\Divisions\PD\Line Houston\107391 Alaskan Way Via Duct\00 UPLOADED TO DMS or PWC\AWV-003 thru AWV-050\AWV-046"
"000000009598E9A20E04F041B38518182890A2D50100E34BFE500669CD49AC2E27C6C54DE39D0000000D591E0000"	"\Divisions\PD\Line Houston\107391 Alaskan Way Via Duct\00 UPLOADED TO DMS or PWC\AWV-050 thruy AWV-100\AWV-069"
"000000009598E9A20E04F041B38518182890A2D50100E34BFE500669CD49AC2E27C6C54DE39D0000000AFD6D0000"	"\Divisions\PD\Line Houston\107391 Alaskan Way Via Duct\00 UPLOADED TO DMS or PWC\Shannon_and_Wilson_04-10-07"
"000000009598E9A20E04F041B38518182890A2D50100A3DF33FCC9BD1644BD14FCA330AA978500001B888EEB0000"	"\Divisions\PD\Line Houston\132272_AEP_Lon Hill_WO#"
"000000009598E9A20E04F041B38518182890A2D50100A3DF33FCC9BD1644BD14FCA330AA97850000200BF2A00000"	"\Divisions\PD\Line Houston\136336_AEP_Wabash_WO#"
"000000009598E9A20E04F041B38518182890A2D5010012225CC57BF01F4EA8CCA87A792FF35F0001B170407F0000"	"\Divisions\PD\Line Kansas City\00-DMS Uploads for Mariah"
"000000009598E9A20E04F041B38518182890A2D50100A3DF33FCC9BD1644BD14FCA330AA97850000172804130000"	"\Divisions\PD\Line Orlando\125834 PEF FIX WORK"
"000000009598E9A20E04F041B38518182890A2D50100A3DF33FCC9BD1644BD14FCA330AA978500001C8518B00000"	"\Divisions\PD\Line Orlando\132116-NPPD TRANSCANADA PS23 115KV"
"000000009598E9A20E04F041B38518182890A2D50100A3DF33FCC9BD1644BD14FCA330AA978500001F2AD9E90000"	"\Divisions\PD\Line Orlando\135921-FPL-T12531 PINEHURST"
"000000009598E9A20E04F041B38518182890A2D50100A3DF33FCC9BD1644BD14FCA330AA97850000212293430000"	"\Divisions\PD\Line Orlando\137117-FPL-COCONUT GROVE GALLOWAY 113"
"000000009598E9A20E04F041B38518182890A2D50100A3DF33FCC9BD1644BD14FCA330AA9785000025882C570000"	"\Divisions\PD\Line Orlando\139864-OUC7-02FPC POLE CHANGE OUT"
"000000009598E9A20E04F041B38518182890A2D50100A3DF33FCC9BD1644BD14FCA330AA978500002C798E350000"	"\Divisions\PD\Line Orlando\142915-OUC TAFT-CC-SOUTHWD 230KV UPGR"
"000000009598E9A20E04F041B38518182890A2D5010012225CC57BF01F4EA8CCA87A792FF35F0001EF30B04D0000"	"\Divisions\PD\Line Portland\01 - PW Upload"
"000000009598E9A20E04F041B38518182890A2D50100A3DF33FCC9BD1644BD14FCA330AA9785000021C9A8A80000"	"\Divisions\PD\Line Portland\130413 - Xcel GIST Phase 3"
"000000009598E9A20E04F041B38518182890A2D50100A3DF33FCC9BD1644BD14FCA330AA978500001EF461120000"	"\Divisions\PD\Line Portland\135402 - SCL Dist Design"
"000000009598E9A20E04F041B38518182890A2D50100A3DF33FCC9BD1644BD14FCA330AA9785000028B66F260000"	"\Divisions\PD\Line Portland\141183 - NW Carrollton-Norwood ONCOR"
"000000009598E9A20E04F041B38518182890A2D5010012225CC57BF01F4EA8CCA87A792FF35F0000A7958E6D0000"	"\Divisions\PD\Line Portland\146108 - MP Str 46 Model & Analysis"
"000000009598E9A20E04F041B38518182890A2D5010012225CC57BF01F4EA8CCA87A792FF35F0002032BB24B0000"	"\Divisions\PD\Line Portland\153793 - NWASCO Translink"
"000000009598E9A20E04F041B38518182890A2D5010012225CC57BF01F4EA8CCA87A792FF35F000317AC134A0000"	"\Divisions\PD\Line Portland\161184  AEP-RIO HONDO-MAJADAS"
"000000009598E9A20E04F041B38518182890A2D50100A3DF33FCC9BD1644BD14FCA330AA978500001E0CCDDF0000"	"\Divisions\PD\Line San Diego\134849 SCPPA"
"000000009598E9A20E04F041B38518182890A2D50100A3DF33FCC9BD1644BD14FCA330AA978500002824D0FF0000"	"\Divisions\PD\Line San Diego\Client Contacts\SDG&E"
"000000009598E9A20E04F041B38518182890A2D50100A3DF33FCC9BD1644BD14FCA330AA978500002B68461F0000"	"\Divisions\PD\Line Syracuse\_PPL HOLD\142174 PPL NLRP A1 OHL"
"000000009598E9A20E04F041B38518182890A2D5010012225CC57BF01F4EA8CCA87A792FF35F0001C77CB5E30000"	"\Divisions\PD\Line Syracuse\Syracuse Line Group\Syracuse Line Group"
"000000009598E9A20E04F041B38518182890A2D50100572FF007A7D6B64CA96E5CFE8E1CC1A40000001292420000"	"\Divisions\PD\North Attleboro Project Site\AIR's\Closed AIR's"
"000000009598E9A20E04F041B38518182890A2D50100572FF007A7D6B64CA96E5CFE8E1CC1A40000001647760000"	"\Divisions\PD\North Attleboro Project Site\AIR's\Closed AIR's\0074"
"000000009598E9A20E04F041B38518182890A2D50100572FF007A7D6B64CA96E5CFE8E1CC1A400000014C0D60000"	"\Divisions\PD\North Attleboro Project Site\AIR's\Open AIR's\0079"
"000000009598E9A20E04F041B38518182890A2D50100572FF007A7D6B64CA96E5CFE8E1CC1A40000001291F20000"	"\Divisions\PD\North Attleboro Project Site\Projects\113487-Kent County SS PH1 Add/Upgr"
"000000009598E9A20E04F041B38518182890A2D50100E34BFE500669CD49AC2E27C6C54DE39D0000003DC1380000"	"\Divisions\PD\North Attleboro Project Site\Projects\113517-S171/T172 115KV Line WF-Dmrck\DD-CM-01"
"000000009598E9A20E04F041B38518182890A2D50100A3DF33FCC9BD1644BD14FCA330AA978500001A1D7CFC0000"	"\Divisions\PD\North Attleboro Project Site\Projects\121106-NEEWS_TL_PH_2/3_OE_SUPP-NGRID"
"000000009598E9A20E04F041B38518182890A2D50100A3DF33FCC9BD1644BD14FCA330AA978500001A22BBAE0000"	"\Divisions\PD\North Attleboro Project Site\Projects\130170-PSE&G LUMBERTON EXPANSION"
"000000009598E9A20E04F041B38518182890A2D5010012225CC57BF01F4EA8CCA87A792FF35F0002ADAF34650000"	"\Divisions\PD\Out of Office – Kansas City Calendar\Operations\Out of Office – Kansas City Calendar\Out of Office – Kansas City Calendar"
"000000009598E9A20E04F041B38518182890A2D50100A3DF33FCC9BD1644BD14FCA330AA9785000026184D820000"	"\Divisions\PD\PCI Sacramento\00-DMS Upload\140169 - ITC VENDOR SURVEILLANCE"
"000000009598E9A20E04F041B38518182890A2D50100A3DF33FCC9BD1644BD14FCA330AA978500001C9775780000"	"\Divisions\PD\PCI Sacramento\00-DMS Upload\Ameren - NERC Program\Scope"
"000000009598E9A20E04F041B38518182890A2D501001953B16A689BCD4AA8FC82955DB27CB10000018B32900000"	"\Divisions\PD\PCI Sacramento\117291 NPPD345KV AXTELL-KANSAS LINE"
"000000009598E9A20E04F041B38518182890A2D50100A3DF33FCC9BD1644BD14FCA330AA978500000E8620CB0000"	"\Divisions\PD\PCI Sacramento\117291 NPPD345KV AXTELL-KANSAS LINE\Axtell-Kansas\Vehicles"
"000000009598E9A20E04F041B38518182890A2D50100A3DF33FCC9BD1644BD14FCA330AA978500000E7132CB0000"	"\Divisions\PD\PCI Sacramento\121690 ON Line Project\All Inspector Reports\Conductor Sag"
"000000009598E9A20E04F041B38518182890A2D50100A3DF33FCC9BD1644BD14FCA330AA97850000193625720000"	"\Divisions\PD\PCI Sacramento\121690 ON Line Project\All Inspector Reports\Mis-Fab Reports"
"000000009598E9A20E04F041B38518182890A2D501001953B16A689BCD4AA8FC82955DB27CB1000001CEC6410000"	"\Divisions\PD\PCI Sacramento\121690 ON Line Project\All Inspector Reports\Substation Daily"
"000000009598E9A20E04F041B38518182890A2D501001953B16A689BCD4AA8FC82955DB27CB100000168608E0000"	"\Divisions\PD\PCI Sacramento\124354 RIVER RD TO BARBER ENGR"
"000000009598E9A20E04F041B38518182890A2D50100A3DF33FCC9BD1644BD14FCA330AA978500001AB980210000"	"\Divisions\PD\PCI Sacramento\128756"
"000000009598E9A20E04F041B38518182890A2D50100A3DF33FCC9BD1644BD14FCA330AA978500001C9772560000"	"\Divisions\PD\PCI Sacramento\132259 MO Program Management\001\Financial"
"000000009598E9A20E04F041B38518182890A2D50100A3DF33FCC9BD1644BD14FCA330AA978500001C9772A00000"	"\Divisions\PD\PCI Sacramento\132259 MO Program Management\002\Materials"
"000000009598E9A20E04F041B38518182890A2D50100A3DF33FCC9BD1644BD14FCA330AA978500001C9775470000"	"\Divisions\PD\PCI Sacramento\132259 MO Program Management\007\Meeting Items"
"000000009598E9A20E04F041B38518182890A2D50100A3DF33FCC9BD1644BD14FCA330AA978500001C9773B90000"	"\Divisions\PD\PCI Sacramento\132259 MO Program Management\010\Misc"
"000000009598E9A20E04F041B38518182890A2D50100A3DF33FCC9BD1644BD14FCA330AA978500001C9774140000"	"\Divisions\PD\PCI Sacramento\132259 MO Program Management\011\Real Estate"
"000000009598E9A20E04F041B38518182890A2D50100A3DF33FCC9BD1644BD14FCA330AA978500001C97745C0000"	"\Divisions\PD\PCI Sacramento\132259 MO Program Management\012\RFIs"
"000000009598E9A20E04F041B38518182890A2D50100A3DF33FCC9BD1644BD14FCA330AA978500001C9774AA0000"	"\Divisions\PD\PCI Sacramento\132259 MO Program Management\030\Safety"
"000000009598E9A20E04F041B38518182890A2D50100A3DF33FCC9BD1644BD14FCA330AA978500001C9772F90000"	"\Divisions\PD\PCI Sacramento\132259 MO Program Management\040\Schedule"
"000000009598E9A20E04F041B38518182890A2D50100A3DF33FCC9BD1644BD14FCA330AA978500001C9773290000"	"\Divisions\PD\PCI Sacramento\132259 MO Program Management\060\Scope"
"000000009598E9A20E04F041B38518182890A2D50100A3DF33FCC9BD1644BD14FCA330AA978500001C9773580000"	"\Divisions\PD\PCI Sacramento\132259 MO Program Management\080\TRANSMITTALS"
"000000009598E9A20E04F041B38518182890A2D50100A3DF33FCC9BD1644BD14FCA330AA978500001C4BCC3B0000"	"\Divisions\PD\PCI Sacramento\132260 IL Program Management Support"
"000000009598E9A20E04F041B38518182890A2D50100A3DF33FCC9BD1644BD14FCA330AA978500001C976A450000"	"\Divisions\PD\PCI Sacramento\132260 IL Program Management Support\002"
"000000009598E9A20E04F041B38518182890A2D50100A3DF33FCC9BD1644BD14FCA330AA978500001C9769480000"	"\Divisions\PD\PCI Sacramento\132260 IL Program Management Support\003\Engineering"
"000000009598E9A20E04F041B38518182890A2D50100A3DF33FCC9BD1644BD14FCA330AA978500001C976A930000"	"\Divisions\PD\PCI Sacramento\132260 IL Program Management Support\004\Engineering Inspection"
"000000009598E9A20E04F041B38518182890A2D50100A3DF33FCC9BD1644BD14FCA330AA978500001C976AC30000"	"\Divisions\PD\PCI Sacramento\132260 IL Program Management Support\005\Environmental"
"000000009598E9A20E04F041B38518182890A2D50100A3DF33FCC9BD1644BD14FCA330AA978500001C976AF20000"	"\Divisions\PD\PCI Sacramento\132260 IL Program Management Support\006\Financial"
"000000009598E9A20E04F041B38518182890A2D50100A3DF33FCC9BD1644BD14FCA330AA978500001C976B220000"	"\Divisions\PD\PCI Sacramento\132260 IL Program Management Support\007\Materials"
"000000009598E9A20E04F041B38518182890A2D50100A3DF33FCC9BD1644BD14FCA330AA978500001C976B510000"	"\Divisions\PD\PCI Sacramento\132260 IL Program Management Support\008\Meeting Items"
"000000009598E9A20E04F041B38518182890A2D50100A3DF33FCC9BD1644BD14FCA330AA978500001C976BFA0000"	"\Divisions\PD\PCI Sacramento\132260 IL Program Management Support\009\Misc"
"000000009598E9A20E04F041B38518182890A2D50100A3DF33FCC9BD1644BD14FCA330AA978500001C976C2A0000"	"\Divisions\PD\PCI Sacramento\132260 IL Program Management Support\010\Real Estate"
"000000009598E9A20E04F041B38518182890A2D50100A3DF33FCC9BD1644BD14FCA330AA978500001C976C590000"	"\Divisions\PD\PCI Sacramento\132260 IL Program Management Support\011\RFIs"
"000000009598E9A20E04F041B38518182890A2D50100A3DF33FCC9BD1644BD14FCA330AA978500001C976C880000"	"\Divisions\PD\PCI Sacramento\132260 IL Program Management Support\012\Safety"
"000000009598E9A20E04F041B38518182890A2D50100A3DF33FCC9BD1644BD14FCA330AA978500001C976CB80000"	"\Divisions\PD\PCI Sacramento\132260 IL Program Management Support\013\Schedule"
"000000009598E9A20E04F041B38518182890A2D50100A3DF33FCC9BD1644BD14FCA330AA978500001C976CE70000"	"\Divisions\PD\PCI Sacramento\132260 IL Program Management Support\014\Scope"
"000000009598E9A20E04F041B38518182890A2D50100A3DF33FCC9BD1644BD14FCA330AA978500001C976D170000"	"\Divisions\PD\PCI Sacramento\132260 IL Program Management Support\015\TRANSMITTALS"
"000000009598E9A20E04F041B38518182890A2D50100A3DF33FCC9BD1644BD14FCA330AA978500001C976D4C0000"	"\Divisions\PD\PCI Sacramento\132260 IL Program Management Support\017"
"000000009598E9A20E04F041B38518182890A2D50100A3DF33FCC9BD1644BD14FCA330AA978500001C976D7B0000"	"\Divisions\PD\PCI Sacramento\132260 IL Program Management Support\019\Engineering"
"000000009598E9A20E04F041B38518182890A2D50100A3DF33FCC9BD1644BD14FCA330AA978500001C976DB70000"	"\Divisions\PD\PCI Sacramento\132260 IL Program Management Support\020\Engineering Inspection"
"000000009598E9A20E04F041B38518182890A2D50100A3DF33FCC9BD1644BD14FCA330AA978500001C976E890000"	"\Divisions\PD\PCI Sacramento\132260 IL Program Management Support\021\Environmental"
"000000009598E9A20E04F041B38518182890A2D50100A3DF33FCC9BD1644BD14FCA330AA978500001C976EC00000"	"\Divisions\PD\PCI Sacramento\132260 IL Program Management Support\022\Financial"
"000000009598E9A20E04F041B38518182890A2D50100A3DF33FCC9BD1644BD14FCA330AA978500001C976EF20000"	"\Divisions\PD\PCI Sacramento\132260 IL Program Management Support\023\Materials"
"000000009598E9A20E04F041B38518182890A2D50100A3DF33FCC9BD1644BD14FCA330AA978500001C976F210000"	"\Divisions\PD\PCI Sacramento\132260 IL Program Management Support\024\Meeting Items"
"000000009598E9A20E04F041B38518182890A2D50100A3DF33FCC9BD1644BD14FCA330AA978500001C976F500000"	"\Divisions\PD\PCI Sacramento\132260 IL Program Management Support\025\Misc"
"000000009598E9A20E04F041B38518182890A2D50100A3DF33FCC9BD1644BD14FCA330AA978500001C976F7F0000"	"\Divisions\PD\PCI Sacramento\132260 IL Program Management Support\026\Real Estate"
"000000009598E9A20E04F041B38518182890A2D50100A3DF33FCC9BD1644BD14FCA330AA978500001C976FAF0000"	"\Divisions\PD\PCI Sacramento\132260 IL Program Management Support\027\RFIs"
"000000009598E9A20E04F041B38518182890A2D50100A3DF33FCC9BD1644BD14FCA330AA978500001C976FDE0000"	"\Divisions\PD\PCI Sacramento\132260 IL Program Management Support\028\Safety"
"000000009598E9A20E04F041B38518182890A2D50100A3DF33FCC9BD1644BD14FCA330AA978500001C97701E0000"	"\Divisions\PD\PCI Sacramento\132260 IL Program Management Support\030\Schedule"
"000000009598E9A20E04F041B38518182890A2D50100A3DF33FCC9BD1644BD14FCA330AA978500001C97704D0000"	"\Divisions\PD\PCI Sacramento\132260 IL Program Management Support\031\Scope"
"000000009598E9A20E04F041B38518182890A2D50100A3DF33FCC9BD1644BD14FCA330AA978500001C97707D0000"	"\Divisions\PD\PCI Sacramento\132260 IL Program Management Support\032\TRANSMITTALS"
"000000009598E9A20E04F041B38518182890A2D50100A3DF33FCC9BD1644BD14FCA330AA978500001C9770AE0000"	"\Divisions\PD\PCI Sacramento\132260 IL Program Management Support\034"
"000000009598E9A20E04F041B38518182890A2D50100A3DF33FCC9BD1644BD14FCA330AA978500001C9770DD0000"	"\Divisions\PD\PCI Sacramento\132260 IL Program Management Support\035\Engineering"
"000000009598E9A20E04F041B38518182890A2D50100A3DF33FCC9BD1644BD14FCA330AA978500001C9771A60000"	"\Divisions\PD\PCI Sacramento\132260 IL Program Management Support\036\Engineering Inspection"
"000000009598E9A20E04F041B38518182890A2D50100A3DF33FCC9BD1644BD14FCA330AA978500001D5A61E10000"	"\Divisions\PD\PCI Sacramento\132260 IL Program Management Support\037\Environmental"
"000000009598E9A20E04F041B38518182890A2D50100A3DF33FCC9BD1644BD14FCA330AA978500001D5A62310000"	"\Divisions\PD\PCI Sacramento\132260 IL Program Management Support\038\Financial"
"000000009598E9A20E04F041B38518182890A2D50100A3DF33FCC9BD1644BD14FCA330AA978500001D5A62640000"	"\Divisions\PD\PCI Sacramento\132260 IL Program Management Support\039\Materials"
"000000009598E9A20E04F041B38518182890A2D50100A3DF33FCC9BD1644BD14FCA330AA978500001D5A62B70000"	"\Divisions\PD\PCI Sacramento\132260 IL Program Management Support\040\Meeting Items"
"000000009598E9A20E04F041B38518182890A2D50100A3DF33FCC9BD1644BD14FCA330AA978500001D5A63BD0000"	"\Divisions\PD\PCI Sacramento\132260 IL Program Management Support\041\Misc"
"000000009598E9A20E04F041B38518182890A2D50100A3DF33FCC9BD1644BD14FCA330AA978500001DA1449A0000"	"\Divisions\PD\PCI Sacramento\134098 SF PREP EST 2015-2017 BUDGETS"
"000000009598E9A20E04F041B38518182890A2D50100A3DF33FCC9BD1644BD14FCA330AA9785000027A9B5F00000"	"\Divisions\PD\PCI Sacramento\140780 - RL FIBER OPTIC PROJECT"
"000000009598E9A20E04F041B38518182890A2D5010012225CC57BF01F4EA8CCA87A792FF35F00011D8C7A250000"	"\Divisions\PD\PCI Sacramento\148756 - EOC PLAYBOOK PHASE 3 & 5"
"000000009598E9A20E04F041B38518182890A2D50100E34BFE500669CD49AC2E27C6C54DE39D00000018EF350000"	"\Divisions\PD\PCI Sacramento\Houston Projects\114672_CenterPoint_Energy\Grant_Station"
"000000009598E9A20E04F041B38518182890A2D50100A3DF33FCC9BD1644BD14FCA330AA9785000015D2947D0000"	"\Divisions\PD\PDS Group Phoenix\124928 Centennial West"
"000000009598E9A20E04F041B38518182890A2D50100A3DF33FCC9BD1644BD14FCA330AA97850000161FEE660000"	"\Divisions\PD\PDS Group Phoenix\124960 Northstar WAPA Xmsn Plan Supp"
"000000009598E9A20E04F041B38518182890A2D50100A3DF33FCC9BD1644BD14FCA330AA978500001B17C53B0000"	"\Divisions\PD\PDS Group Phoenix\124983 TEP UNS Santa Cruz RMR\Santa Cruz"
"000000009598E9A20E04F041B38518182890A2D50100A3DF33FCC9BD1644BD14FCA330AA978500001B21DD820000"	"\Divisions\PD\PDS Group Phoenix\124988 TEP UNS Kingman Wind II\WESTERN WIND - Steel Park[16w+4s]"
"000000009598E9A20E04F041B38518182890A2D50100A3DF33FCC9BD1644BD14FCA330AA9785000016200EFB0000"	"\Divisions\PD\PDS Group Phoenix\124989 TEP Mod 29 Study"
"000000009598E9A20E04F041B38518182890A2D50100A3DF33FCC9BD1644BD14FCA330AA9785000015FC47AA0000"	"\Divisions\PD\PDS Group Phoenix\126131 ENN MOHAVE CAISO INTERCONN"
"000000009598E9A20E04F041B38518182890A2D50100A3DF33FCC9BD1644BD14FCA330AA978500001758E1B30000"	"\Divisions\PD\PDS Group Phoenix\127436 IID Work Order #6"
"000000009598E9A20E04F041B38518182890A2D50100A3DF33FCC9BD1644BD14FCA330AA9785000018D406780000"	"\Divisions\PD\PDS Group Phoenix\129030 APS MLSC Study Resource PLNG"
"000000009598E9A20E04F041B38518182890A2D50100A3DF33FCC9BD1644BD14FCA330AA978500001A1356E40000"	"\Divisions\PD\PDS Group Phoenix\130656 DSW Area Coord 6/1-12/31/13"
"000000009598E9A20E04F041B38518182890A2D50100A3DF33FCC9BD1644BD14FCA330AA978500001B5837810000"	"\Divisions\PD\PDS Group Phoenix\132137 Cogentrix PSLF Model"
"000000009598E9A20E04F041B38518182890A2D50100A3DF33FCC9BD1644BD14FCA330AA978500001CA62F460000"	"\Divisions\PD\PDS Group Phoenix\133134 Pinal Central - Tortolita Path"
"000000009598E9A20E04F041B38518182890A2D50100A3DF33FCC9BD1644BD14FCA330AA97850000161FC51E0000"	"\Divisions\PD\PDS Group Phoenix\CLOSED"
"000000009598E9A20E04F041B38518182890A2D501006C95E27D1ACA634AA1AADC20796388DD0000004C6AFA0000"	"\Divisions\PD\PM Group"
"000000009598E9A20E04F041B38518182890A2D5010012225CC57BF01F4EA8CCA87A792FF35F0002312512310000"	"\Divisions\PD\PMIS\PMIS Calendar"
"000000009598E9A20E04F041B38518182890A2D501006C95E27D1ACA634AA1AADC20796388DD000000C4AC500000"	"\Divisions\PD\Project Control\100425 - PCI"
"000000009598E9A20E04F041B38518182890A2D501006C95E27D1ACA634AA1AADC20796388DD000000B856670000"	"\Divisions\PD\Project Control\100501 - Office PV Project - Hailey\Advanced Green Technologies"
"000000009598E9A20E04F041B38518182890A2D501006C95E27D1ACA634AA1AADC20796388DD00000049C58D0000"	"\Divisions\PD\Project Control\112193- Muddy Creek Substation"
"000000009598E9A20E04F041B38518182890A2D501006C95E27D1ACA634AA1AADC20796388DD00000049C5860000"	"\Divisions\PD\Project Control\112619- MAE CSU Relocation"
"000000009598E9A20E04F041B38518182890A2D501006C95E27D1ACA634AA1AADC20796388DD0000005BC9B40000"	"\Divisions\PD\Project Control\113163 - Jeffers Wind"
"000000009598E9A20E04F041B38518182890A2D501006C95E27D1ACA634AA1AADC20796388DD0000008A358A0000"	"\Divisions\PD\Project Control\113487 - Kent County 1 - National Grid\Panels - Electrical Power Products"
"000000009598E9A20E04F041B38518182890A2D501006C95E27D1ACA634AA1AADC20796388DD000000A8230E0000"	"\Divisions\PD\Project Control\113487 - Kent County 2 - National Grid\Drumrock Stuff"
"000000009598E9A20E04F041B38518182890A2D501006C95E27D1ACA634AA1AADC20796388DD000000BCC5FD0000"	"\Divisions\PD\Project Control\113487 - Kent County 2 - National Grid\Threaded Fasteners"
"000000009598E9A20E04F041B38518182890A2D501006C95E27D1ACA634AA1AADC20796388DD0000004D967E0000"	"\Divisions\PD\Project Control\114046 - Big Sky Comm. Int."
"000000009598E9A20E04F041B38518182890A2D501006C95E27D1ACA634AA1AADC20796388DD0000005101F50000"	"\Divisions\PD\Project Control\114296 - Sheffield Utilities - Garner Lane"
"000000009598E9A20E04F041B38518182890A2D501006C95E27D1ACA634AA1AADC20796388DD0000006598830000"	"\Divisions\PD\Project Control\115069 - High Lonesome\MicroAge"
"000000009598E9A20E04F041B38518182890A2D501006C95E27D1ACA634AA1AADC20796388DD00000064FE7C0000"	"\Divisions\PD\Project Control\115446 - Scolari Roaster Rebuild - Starbucks\New York Blower"
"000000009598E9A20E04F041B38518182890A2D501006C95E27D1ACA634AA1AADC20796388DD0000006A873F0000"	"\Divisions\PD\Project Control\116696 - Meadow Lake 1"
"000000009598E9A20E04F041B38518182890A2D501006C95E27D1ACA634AA1AADC20796388DD000000ACDFCD0000"	"\Divisions\PD\Project Control\117573 - Nextera / Blythe Energy Center\T-Reps - Switchgear"
"000000009598E9A20E04F041B38518182890A2D501006C95E27D1ACA634AA1AADC20796388DD0000007B70620000"	"\Divisions\PD\Project Control\118111 - Meadow Lake 2 - Horizon Wind"
"000000009598E9A20E04F041B38518182890A2D501006C95E27D1ACA634AA1AADC20796388DD0000009459200000"	"\Divisions\PD\Project Control\118982 - KMPUD"
"000000009598E9A20E04F041B38518182890A2D501006C95E27D1ACA634AA1AADC20796388DD000000C177930000"	"\Divisions\PD\Project Control\119909 - CMP - 115kV Breaker Replacement"
"000000009598E9A20E04F041B38518182890A2D501006C95E27D1ACA634AA1AADC20796388DD000000E32A6F0000"	"\Divisions\PD\Project Control\120433 - IWP Wind / Reunion"
"000000009598E9A20E04F041B38518182890A2D501006C95E27D1ACA634AA1AADC20796388DD000000D90E0D0000"	"\Divisions\PD\Project Control\121264 - Nikiski Substation\Waukesha"
"000000009598E9A20E04F041B38518182890A2D50100CB7D9B6512D7374A860FE542D5770392000001219A9D0000"	"\Divisions\PD\Project Control\121659 - SEPC / SPP NTC Phase One & Planning\SSVT"
"000000009598E9A20E04F041B38518182890A2D501006C95E27D1ACA634AA1AADC20796388DD000000F321120000"	"\Divisions\PD\Project Control\121660 - Clipper Shooting Star\CT's"
"000000009598E9A20E04F041B38518182890A2D50100CB7D9B6512D7374A860FE542D577039200000110A66D0000"	"\Divisions\PD\Project Control\121660 - Clipper Shooting Star\Terracon"
"000000009598E9A20E04F041B38518182890A2D501001953B16A689BCD4AA8FC82955DB27CB10000006746760000"	"\Divisions\PD\Project Control\123058 - Opal Springs"
"000000009598E9A20E04F041B38518182890A2D501001953B16A689BCD4AA8FC82955DB27CB10000009459DD0000"	"\Divisions\PD\Project Control\123097 - DSCADA / Progress Energy\Positron"
"000000009598E9A20E04F041B38518182890A2D501001953B16A689BCD4AA8FC82955DB27CB10000013AAFED0000"	"\Divisions\PD\Project Control\123451 - St. John Substation / SEPC\EP2 - Control Panels"
"000000009598E9A20E04F041B38518182890A2D501001953B16A689BCD4AA8FC82955DB27CB1000001E052120000"	"\Divisions\PD\Project Control\124138 - Duke Buckner Tap\Falcon Steel"
"000000009598E9A20E04F041B38518182890A2D50100A3DF33FCC9BD1644BD14FCA330AA97850000174593A50000"	"\Divisions\PD\Project Control\124256 - Barber Sub.\Electrical Subs"
"000000009598E9A20E04F041B38518182890A2D50100A3DF33FCC9BD1644BD14FCA330AA978500000E9B4B8C0000"	"\Divisions\PD\Project Control\124256 - Barber Sub.\Southern States"
"000000009598E9A20E04F041B38518182890A2D50100A3DF33FCC9BD1644BD14FCA330AA978500001DB749B10000"	"\Divisions\PD\Project Control\124354 - RR to Barber Eng\RFQ's"
"000000009598E9A20E04F041B38518182890A2D50100A3DF33FCC9BD1644BD14FCA330AA9785000019C3D8A90000"	"\Divisions\PD\Project Control\125583 - Cimarron Substation\Intellirent"
"000000009598E9A20E04F041B38518182890A2D50100A3DF33FCC9BD1644BD14FCA330AA97850000190057C60000"	"\Divisions\PD\Project Control\125583 - Cimarron Substation\RFQ - Current Limiting Reactors"
"000000009598E9A20E04F041B38518182890A2D50100A3DF33FCC9BD1644BD14FCA330AA9785000018AC47C00000"	"\Divisions\PD\Project Control\125583 - Cimarron Substation\RFQ - Sub OH Line"
"000000009598E9A20E04F041B38518182890A2D50100A3DF33FCC9BD1644BD14FCA330AA97850000196D79B00000"	"\Divisions\PD\Project Control\125583 - Cimarron Substation\Wesco - Fiber Cable and Innerduct"
"000000009598E9A20E04F041B38518182890A2D50100A3DF33FCC9BD1644BD14FCA330AA97850000189A65F60000"	"\Divisions\PD\Project Control\126373 - Harper Sub.\RFQ - Substation Steel"
"000000009598E9A20E04F041B38518182890A2D50100A3DF33FCC9BD1644BD14FCA330AA978500001A3D3EB00000"	"\Divisions\PD\Project Control\126376 - Harper to Flat Ridge\Harper to Barber\Eco Water Systems"
"000000009598E9A20E04F041B38518182890A2D50100A3DF33FCC9BD1644BD14FCA330AA97850000195477FB0000"	"\Divisions\PD\Project Control\127239 - TMK Nextera\Alstom Grid"
"000000009598E9A20E04F041B38518182890A2D50100A3DF33FCC9BD1644BD14FCA330AA9785000018E0E86D0000"	"\Divisions\PD\Project Control\128070 - Macho Springs Solar\Circuit Breakers\Alstom Grid"
"000000009598E9A20E04F041B38518182890A2D50100A3DF33FCC9BD1644BD14FCA330AA9785000018DE76540000"	"\Divisions\PD\Project Control\128070 - Macho Springs Solar\Pole Mount Transformer"
"000000009598E9A20E04F041B38518182890A2D50100A3DF33FCC9BD1644BD14FCA330AA978500001A1FF0460000"	"\Divisions\PD\Project Control\129781 - River Road"
"000000009598E9A20E04F041B38518182890A2D50100A3DF33FCC9BD1644BD14FCA330AA978500001B45F5500000"	"\Divisions\PD\Project Control\129781 - River Road\RFP - Electrical"
"000000009598E9A20E04F041B38518182890A2D50100A3DF33FCC9BD1644BD14FCA330AA978500001AADAC4F0000"	"\Divisions\PD\Project Control\129781 - River Road\Trench - PT's"
"000000009598E9A20E04F041B38518182890A2D50100A3DF33FCC9BD1644BD14FCA330AA978500001DD26A830000"	"\Divisions\PD\Project Control\130766 - CRS PH2\RFQ's\500 kcmil Cable\WUE"
"000000009598E9A20E04F041B38518182890A2D50100A3DF33FCC9BD1644BD14FCA330AA978500001BC095720000"	"\Divisions\PD\Project Control\132085 - East Hall Sub.\Budgetary Pricing for Equipment\CCVT and Line Tuner"
"000000009598E9A20E04F041B38518182890A2D50100A3DF33FCC9BD1644BD14FCA330AA978500001CC0D40D0000"	"\Divisions\PD\Project Control\132085 - East Hall Sub.\PASCOR - Disconnect Switch"
"000000009598E9A20E04F041B38518182890A2D50100A3DF33FCC9BD1644BD14FCA330AA978500001C7B3E510000"	"\Divisions\PD\Project Control\132085 - East Hall Sub.\RFQ's\Control Building\PTMW"
"000000009598E9A20E04F041B38518182890A2D50100A3DF33FCC9BD1644BD14FCA330AA978500001CEDD5F80000"	"\Divisions\PD\Project Control\132085 - East Hall Sub.\RFQ's\Steel Structures\Galvanizers"
"000000009598E9A20E04F041B38518182890A2D50100A3DF33FCC9BD1644BD14FCA330AA978500001CA621E00000"	"\Divisions\PD\Project Control\132085 - East Hall Sub.\Thermo Bond - Control Building"
"000000009598E9A20E04F041B38518182890A2D50100A3DF33FCC9BD1644BD14FCA330AA978500001DA31A830000"	"\Divisions\PD\Project Control\133317 - RS Shooflys & Lines\RFP's\Shoo-Fly's, 115kV\Barnard"
"000000009598E9A20E04F041B38518182890A2D50100A3DF33FCC9BD1644BD14FCA330AA97850000238134740000"	"\Divisions\PD\Project Control\133317 - RS Shooflys & Lines\WUE - Mod Materials"
"000000009598E9A20E04F041B38518182890A2D50100A3DF33FCC9BD1644BD14FCA330AA978500001D7A7E2D0000"	"\Divisions\PD\Project Control\133430 - North Fort Dodge\RFP's\Stoppel Dirt"
"000000009598E9A20E04F041B38518182890A2D50100A3DF33FCC9BD1644BD14FCA330AA978500001DC442920000"	"\Divisions\PD\Project Control\133430 - North Fort Dodge\RFQ's\Control Building\AZZ Atkinson"
"000000009598E9A20E04F041B38518182890A2D50100A3DF33FCC9BD1644BD14FCA330AA978500001DB0E1270000"	"\Divisions\PD\Project Control\133430 - North Fort Dodge\RFQ's\Disconnect Switches, 115kV\Southern States"
"000000009598E9A20E04F041B38518182890A2D50100A3DF33FCC9BD1644BD14FCA330AA978500001DABF6B70000"	"\Divisions\PD\Project Control\133430 - North Fort Dodge\RFQ's\VT, 115kV\Alstom Grid"
"000000009598E9A20E04F041B38518182890A2D50100A3DF33FCC9BD1644BD14FCA330AA978500002021D0270000"	"\Divisions\PD\Project Control\133432 - Spearville Substation\Energy Erectors"
"000000009598E9A20E04F041B38518182890A2D50100A3DF33FCC9BD1644BD14FCA330AA97850000208C75970000"	"\Divisions\PD\Project Control\133432 - Spearville Substation\RFP's\Electrical Construction\Capital Electric"
"000000009598E9A20E04F041B38518182890A2D50100A3DF33FCC9BD1644BD14FCA330AA978500001DF43EC90000"	"\Divisions\PD\Project Control\133432 - Spearville Substation\RFQ's\345kV A-Frame Structure\Dis-Tran"
"000000009598E9A20E04F041B38518182890A2D50100A3DF33FCC9BD1644BD14FCA330AA978500001EC037260000"	"\Divisions\PD\Project Control\133432 - Spearville Substation\RFQ's\Relay and Control Panels\Kemco"
"000000009598E9A20E04F041B38518182890A2D50100A3DF33FCC9BD1644BD14FCA330AA978500001E5225520000"	"\Divisions\PD\Project Control\133548 - RS-NFD to Spearville 115kV\Contract Furnishings"
"000000009598E9A20E04F041B38518182890A2D50100A3DF33FCC9BD1644BD14FCA330AA978500001DCA04D40000"	"\Divisions\PD\Project Control\133548 - RS-NFD to Spearville 115kV\RFQ's\115kV T-Line Insulators"
"000000009598E9A20E04F041B38518182890A2D50100A3DF33FCC9BD1644BD14FCA330AA9785000021B215DF0000"	"\Divisions\PD\Project Control\134710 - Cimarron River Sub PH2\Energy Erectors\Energy Erectors - Sub and Plant 2015 Construction"
"000000009598E9A20E04F041B38518182890A2D50100A3DF33FCC9BD1644BD14FCA330AA978500001E336E620000"	"\Divisions\PD\Project Control\134710 - Cimarron River Sub PH2\Kriz Davis - Insulators"
"000000009598E9A20E04F041B38518182890A2D50100A3DF33FCC9BD1644BD14FCA330AA978500001E698A530000"	"\Divisions\PD\Project Control\134710 - Cimarron River Sub PH2\RFP's\Substation Construction\2014 Scope Only"
"000000009598E9A20E04F041B38518182890A2D50100A3DF33FCC9BD1644BD14FCA330AA978500001DE496300000"	"\Divisions\PD\Project Control\134710 - Cimarron River Sub PH2\RFP's\Substation Construction\Energy Erectors"
"000000009598E9A20E04F041B38518182890A2D50100A3DF33FCC9BD1644BD14FCA330AA978500001E1EF31D0000"	"\Divisions\PD\Project Control\134710 - Cimarron River Sub PH2\RFQ's\ADSS Fiber Optic Cable - Underground"
"000000009598E9A20E04F041B38518182890A2D50100A3DF33FCC9BD1644BD14FCA330AA9785000021467C7B0000"	"\Divisions\PD\Project Control\134710 - Cimarron River Sub PH2\RFQ's\Control Panels"
"000000009598E9A20E04F041B38518182890A2D50100A3DF33FCC9BD1644BD14FCA330AA978500001F0FDCF20000"	"\Divisions\PD\Project Control\134710 - Cimarron River Sub PH2\RFQ's\Low Voltage Transformers"
"000000009598E9A20E04F041B38518182890A2D50100A3DF33FCC9BD1644BD14FCA330AA978500001E66965B0000"	"\Divisions\PD\Project Control\134710 - Cimarron River Sub PH2\RFQ's\Misc Underground Materials\Graybar"
"000000009598E9A20E04F041B38518182890A2D50100A3DF33FCC9BD1644BD14FCA330AA9785000020A142EA0000"	"\Divisions\PD\Project Control\134710 - Cimarron River Sub PH2\RFQ's\RFP's"
"000000009598E9A20E04F041B38518182890A2D50100A3DF33FCC9BD1644BD14FCA330AA978500001EDFB2040000"	"\Divisions\PD\Project Control\134710 - Cimarron River Sub PH2\RFQ's\SCADA & Control\Loose SEL Items\SEL"
"000000009598E9A20E04F041B38518182890A2D50100A3DF33FCC9BD1644BD14FCA330AA978500001DF2B4FB0000"	"\Divisions\PD\Project Control\134710 - Cimarron River Sub PH2\RFQ's\UG Cable\Rauckman HV"
"000000009598E9A20E04F041B38518182890A2D50100A3DF33FCC9BD1644BD14FCA330AA9785000029CE73A60000"	"\Divisions\PD\Project Control\135673 - High Point Substation\Energy Erectors - Substation Construction"
"000000009598E9A20E04F041B38518182890A2D50100F3BCE3A574023B4482F2E427B5A3121800004E7EFA9B0000"	"\Divisions\PD\Project Control\135673 - High Point Substation\RFP's\Construction\Capital Electric"
"000000009598E9A20E04F041B38518182890A2D50100A3DF33FCC9BD1644BD14FCA330AA978500002598F6090000"	"\Divisions\PD\Project Control\135673 - High Point Substation\RFQ's\Control Building"
"000000009598E9A20E04F041B38518182890A2D50100A3DF33FCC9BD1644BD14FCA330AA97850000262F84F80000"	"\Divisions\PD\Project Control\135673 - High Point Substation\RFQ's\Disconnect Switches\Southern States"
"000000009598E9A20E04F041B38518182890A2D50100A3DF33FCC9BD1644BD14FCA330AA97850000274E96740000"	"\Divisions\PD\Project Control\135673 - High Point Substation\RFQ's\Relay Panels\EP2"
"000000009598E9A20E04F041B38518182890A2D50100A3DF33FCC9BD1644BD14FCA330AA978500002568C9D60000"	"\Divisions\PD\Project Control\135673 - High Point Substation\RFQ's\VT, 115kV\Trench"
"000000009598E9A20E04F041B38518182890A2D50100A3DF33FCC9BD1644BD14FCA330AA978500002821B6510000"	"\Divisions\PD\Project Control\136778 - 2015 Oncor Project Controls Scheduling\2015 Schedules\Close-out Notifications"
"000000009598E9A20E04F041B38518182890A2D50100A3DF33FCC9BD1644BD14FCA330AA97850000281D4B490000"	"\Divisions\PD\Project Control\140943 - 2016 Oncor Transmission Scheduling"
"000000009598E9A20E04F041B38518182890A2D5010012225CC57BF01F4EA8CCA87A792FF35F00035C4FD2780000"	"\Divisions\PD\Project Control\162017"
"000000009598E9A20E04F041B38518182890A2D50100A3DF33FCC9BD1644BD14FCA330AA97850000283CF3320000"	"\Divisions\PD\Project Control\Dept. 185\Dept. 185\Dept 185"
"000000009598E9A20E04F041B38518182890A2D5010012225CC57BF01F4EA8CCA87A792FF35F00000C4525D40000"	"\Divisions\PD\Project Management Boise\141527_PECL Design\CRI"
"000000009598E9A20E04F041B38518182890A2D5010012225CC57BF01F4EA8CCA87A792FF35F00003452E6780000"	"\Divisions\PD\Project Management Boise\142892_PECL Project Management\ADMN"
"000000009598E9A20E04F041B38518182890A2D5010012225CC57BF01F4EA8CCA87A792FF35F00003452E6960000"	"\Divisions\PD\Project Management Boise\142892_PECL Project Management\TRAN"
"000000009598E9A20E04F041B38518182890A2D5010012225CC57BF01F4EA8CCA87A792FF35F00004480C3420000"	"\Divisions\PD\Project Management Boise\144130_PECL Stations\SUB"
"000000009598E9A20E04F041B38518182890A2D50100A3DF33FCC9BD1644BD14FCA330AA978500002A1C56CB0000"	"\Divisions\PD\Project Management Boise\Aaron Boston\132155 PSE Eastside\Simulations"
"000000009598E9A20E04F041B38518182890A2D50100A3DF33FCC9BD1644BD14FCA330AA978500002A1CA0600000"	"\Divisions\PD\Project Management Boise\Aaron Boston\141739 T14 Oxy North-Hobbs 115kV Tap"
"000000009598E9A20E04F041B38518182890A2D50100A3DF33FCC9BD1644BD14FCA330AA978500001A42A9D00000"	"\Divisions\PD\Project Management Boise\John Nerison\130867 IEC/LADWP PSRP EVAL & BNCHMRK"
"000000009598E9A20E04F041B38518182890A2D501006C95E27D1ACA634AA1AADC20796388DD0000006E29B20000"	"\Divisions\PD\Project Management Boise\John Oglevie\113360    CRANE 138 CAP BANK"
"000000009598E9A20E04F041B38518182890A2D501006C95E27D1ACA634AA1AADC20796388DD0000006E29AE0000"	"\Divisions\PD\Project Management Boise\John Oglevie\113848    E WOOSTER INS 69CB&MVARCAP"
"000000009598E9A20E04F041B38518182890A2D501006C95E27D1ACA634AA1AADC20796388DD0000009841BC0000"	"\Divisions\PD\Project Management Boise\John Oglevie\114059    W MILLERSBURG"
"000000009598E9A20E04F041B38518182890A2D50100A3DF33FCC9BD1644BD14FCA330AA9785000019F39DF70000"	"\Divisions\PD\Project Management Boise\John Oglevie\114411    ENERGY GATEWAY WEST\114411_a"
"000000009598E9A20E04F041B38518182890A2D501006C95E27D1ACA634AA1AADC20796388DD00000096F8B20000"	"\Divisions\PD\Project Management Boise\John Oglevie\114808    OKLAUNION RELAY"
"000000009598E9A20E04F041B38518182890A2D501006C95E27D1ACA634AA1AADC20796388DD00000094AD2D0000"	"\Divisions\PD\Project Management Boise\John Oglevie\115441    FAYSVILLE SUB"
"000000009598E9A20E04F041B38518182890A2D50100A3DF33FCC9BD1644BD14FCA330AA9785000019E35F220000"	"\Divisions\PD\Project Management Boise\John Oglevie\116122    HEMINGWAY CM\116122_a"
"000000009598E9A20E04F041B38518182890A2D50100A3DF33FCC9BD1644BD14FCA330AA978500001A03C3C80000"	"\Divisions\PD\Project Management Boise\John Oglevie\119108    SAN JACINTO Pre-2011\119108_a"
"000000009598E9A20E04F041B38518182890A2D50100A3DF33FCC9BD1644BD14FCA330AA978500001A0725690000"	"\Divisions\PD\Project Management Boise\John Oglevie\119108    SAN JACINTO Pre-2011\119108_p"
"000000009598E9A20E04F041B38518182890A2D501006C95E27D1ACA634AA1AADC20796388DD000000F0E1F30000"	"\Divisions\PD\Project Management Boise\John Oglevie\122133    MORELAND SW"
"000000009598E9A20E04F041B38518182890A2D50100CB7D9B6512D7374A860FE542D57703920000011CA6A70000"	"\Divisions\PD\Project Management Boise\John Oglevie\122961   HADDIX ST INST CAP BANK"
"000000009598E9A20E04F041B38518182890A2D50100A3DF33FCC9BD1644BD14FCA330AA978500002787EFBB0000"	"\Divisions\PD\Project Management Boise\Pat Hasenoehrl"
"000000009598E9A20E04F041B38518182890A2D50100572FF007A7D6B64CA96E5CFE8E1CC1A40000005723B30000"	"\Divisions\PD\Project Management Hailey\119186 Wilson Creek Wind Project"
"000000009598E9A20E04F041B38518182890A2D50100572FF007A7D6B64CA96E5CFE8E1CC1A4000000630C190000"	"\Divisions\PD\Project Management Hailey\122119 Laramie Wind Eng Support"
"000000009598E9A20E04F041B38518182890A2D501001953B16A689BCD4AA8FC82955DB27CB1000001E1E3830000"	"\Divisions\PD\Project Management Hailey\124186 OE Energy Gateway South\00 Project Management"
"000000009598E9A20E04F041B38518182890A2D501001953B16A689BCD4AA8FC82955DB27CB1000001E823490000"	"\Divisions\PD\Project Management Hailey\124186 OE Energy Gateway South\00 Project Management\05 Project Meetings"
"000000009598E9A20E04F041B38518182890A2D50100A3DF33FCC9BD1644BD14FCA330AA978500000E6A1BB40000"	"\Divisions\PD\Project Management Hailey\124186 OE Energy Gateway South\00 Project Management\07 Project Manager\GIS_PPM_VIS"
"000000009598E9A20E04F041B38518182890A2D50100A3DF33FCC9BD1644BD14FCA330AA978500000E7EA6540000"	"\Divisions\PD\Project Management Hailey\124186 OE Energy Gateway South\01 Preliminary Tech Requirements\01 T-Line\050607 Aerial Surveys"
"000000009598E9A20E04F041B38518182890A2D501001953B16A689BCD4AA8FC82955DB27CB1000001E1E3890000"	"\Divisions\PD\Project Management Hailey\124186 OE Energy Gateway South\01 Preliminary Tech Requirements\02 Substations"
"000000009598E9A20E04F041B38518182890A2D501001953B16A689BCD4AA8FC82955DB27CB1000001E1E39B0000"	"\Divisions\PD\Project Management Hailey\124186 OE Energy Gateway South\03 Permitting Process Support\03 Alternatives Formulation"
"000000009598E9A20E04F041B38518182890A2D501001953B16A689BCD4AA8FC82955DB27CB1000001F131BF0000"	"\Divisions\PD\Project Management Hailey\124186 OE Energy Gateway South\05 ROW and ROE Support\03 Easement Surveys"
"000000009598E9A20E04F041B38518182890A2D501001953B16A689BCD4AA8FC82955DB27CB10000015F7B5A0000"	"\Divisions\PD\Project Management Hailey\124313 Ridgetop"
"000000009598E9A20E04F041B38518182890A2D50100A3DF33FCC9BD1644BD14FCA330AA978500001766B9180000"	"\Divisions\PD\Project Management Hailey\127598 OT Underground Crossings"
"000000009598E9A20E04F041B38518182890A2D50100A3DF33FCC9BD1644BD14FCA330AA978500001DB6011E0000"	"\Divisions\PD\Project Management Hailey\134272_FLATIRON-GRAHAM"
"000000009598E9A20E04F041B38518182890A2D50100A3DF33FCC9BD1644BD14FCA330AA97850000241738970000"	"\Divisions\PD\Project Management Hailey\139266 - Mojave Wind Farm"
"000000009598E9A20E04F041B38518182890A2D50100A3DF33FCC9BD1644BD14FCA330AA978500002AA942CA0000"	"\Divisions\PD\Project Management Hailey\141819"
"000000009598E9A20E04F041B38518182890A2D5010012225CC57BF01F4EA8CCA87A792FF35F0002CAF427860000"	"\Divisions\PD\Project Management Hailey\148913_115KV BOONE-LA JUNTA REBLD\BD Effort\dups"
"000000009598E9A20E04F041B38518182890A2D5010012225CC57BF01F4EA8CCA87A792FF35F0003BA58E9360000"	"\Divisions\PD\Project Management Hailey\KMP_TLBU\Subject Matter Teams\IDT"
"000000009598E9A20E04F041B38518182890A2D50100A3DF33FCC9BD1644BD14FCA330AA97850000172093B50000"	"\Divisions\PD\Project Management Hailey\VEA\000 VEA General Reference"
"000000009598E9A20E04F041B38518182890A2D50100A3DF33FCC9BD1644BD14FCA330AA978500001996A49B0000"	"\Divisions\PD\Project Management Hailey\VEA\002 Project Closed\127280_Pahrump - Mead Re-Conductor"
"000000009598E9A20E04F041B38518182890A2D50100A3DF33FCC9BD1644BD14FCA330AA978500001DCD736D0000"	"\Divisions\PD\Project Management Hailey\VEA\002 Project Closed\128444_Arc-Flash Hazard Analysis Evaluation"
"000000009598E9A20E04F041B38518182890A2D50100A3DF33FCC9BD1644BD14FCA330AA978500001B5E930B0000"	"\Divisions\PD\Project Management Hailey\VEA\132093_Bob Tap 230kV Line\127619 _Bob Tap\ODIR_Duplicate_Items"
"000000009598E9A20E04F041B38518182890A2D50100E34BFE500669CD49AC2E27C6C54DE39D0000001B9A790000"	"\Divisions\PD\Project Management St. Louis\112260 LS Power GSA\05 Ontelaunee Trans Corridor"
"000000009598E9A20E04F041B38518182890A2D5010012225CC57BF01F4EA8CCA87A792FF35F00006291C9F10000"	"\Divisions\PD\Project Management St. Louis\SALT"
"000000009598E9A20E04F041B38518182890A2D501006C95E27D1ACA634AA1AADC20796388DD000000175D910000"	"\Divisions\PD\PTE\Anaheim Contacts"
"000000009598E9A20E04F041B38518182890A2D501006C95E27D1ACA634AA1AADC20796388DD000000CD6A2F0000"	"\Divisions\PD\PTE\Anaheim/SD Projects\121178 A-C Test/Stdy NASA Dryden Cntr"
"000000009598E9A20E04F041B38518182890A2D501006C95E27D1ACA634AA1AADC20796388DD000000D399110000"	"\Divisions\PD\PTE\Anaheim/SD Projects\121378 ONE SOURCE MAINT SAN YSIDRO"
"000000009598E9A20E04F041B38518182890A2D501006C95E27D1ACA634AA1AADC20796388DD000000E5BABE0000"	"\Divisions\PD\PTE\Anaheim/SD Projects\121998 TMAD PTE/SAS SWGR CAL TRANS"
"000000009598E9A20E04F041B38518182890A2D501006C95E27D1ACA634AA1AADC20796388DD000000F67B5A0000"	"\Divisions\PD\PTE\Anaheim/SD Projects\122594 Berg Test/Stdy USC J.McKay"
"000000009598E9A20E04F041B38518182890A2D50100CB7D9B6512D7374A860FE542D57703920000011B08CD0000"	"\Divisions\PD\PTE\Anaheim/SD Projects\122917 Herzog Boeing S49 Central"
"000000009598E9A20E04F041B38518182890A2D50100CB7D9B6512D7374A860FE542D577039200000129C5AF0000"	"\Divisions\PD\PTE\Anaheim/SD Projects\123376 SB B90 and Norsea"
"000000009598E9A20E04F041B38518182890A2D501001953B16A689BCD4AA8FC82955DB27CB1000000D204710000"	"\Divisions\PD\PTE\Anaheim/SD Projects\123706 Language Academy"
"000000009598E9A20E04F041B38518182890A2D501001953B16A689BCD4AA8FC82955DB27CB1000000F8A7BF0000"	"\Divisions\PD\PTE\Anaheim/SD Projects\123836 (Swinson) JDW San Marcos"
"000000009598E9A20E04F041B38518182890A2D501001953B16A689BCD4AA8FC82955DB27CB10000013EE9C50000"	"\Divisions\PD\PTE\Anaheim/SD Projects\124147 BERG PALOMAR HOSPITIAL IR SCAN "
"000000009598E9A20E04F041B38518182890A2D501001953B16A689BCD4AA8FC82955DB27CB100000165B4A10000"	"\Divisions\PD\PTE\Anaheim/SD Projects\124336 (UCSD) OLD GEN PLANT PAR SWGR "
"000000009598E9A20E04F041B38518182890A2D501001953B16A689BCD4AA8FC82955DB27CB1000001B22A4F0000"	"\Divisions\PD\PTE\Anaheim/SD Projects\124569 (PYAMID) CHEROKEE "
"000000009598E9A20E04F041B38518182890A2D501001953B16A689BCD4AA8FC82955DB27CB1000001CCB9AD0000"	"\Divisions\PD\PTE\Anaheim/SD Projects\124747 CUPERTINO - UCI - GROUNDING "
"000000009598E9A20E04F041B38518182890A2D501001953B16A689BCD4AA8FC82955DB27CB1000001E1E3900000"	"\Divisions\PD\PTE\Anaheim/SD Projects\124910 (PDI) DRT CHINA TELCOM 570RPP "
"000000009598E9A20E04F041B38518182890A2D50100A3DF33FCC9BD1644BD14FCA330AA97850000175D16DE0000"	"\Divisions\PD\PTE\Anaheim/SD Projects\125340 CAL TG2100 Plant"
"000000009598E9A20E04F041B38518182890A2D50100A3DF33FCC9BD1644BD14FCA330AA97850000175DA51B0000"	"\Divisions\PD\PTE\Anaheim/SD Projects\126040 Laser VA Hosp 2/12"
"000000009598E9A20E04F041B38518182890A2D50100A3DF33FCC9BD1644BD14FCA330AA97850000175EB3520000"	"\Divisions\PD\PTE\Anaheim/SD Projects\126443 DCO Olinda"
"000000009598E9A20E04F041B38518182890A2D50100A3DF33FCC9BD1644BD14FCA330AA97850000177DEE6E0000"	"\Divisions\PD\PTE\Anaheim/SD Projects\126909 Solar Turbines 15kV Tie Circ Brkrs"
"000000009598E9A20E04F041B38518182890A2D50100A3DF33FCC9BD1644BD14FCA330AA978500001790CF2E0000"	"\Divisions\PD\PTE\Anaheim/SD Projects\127125 UCSD Thornton Blood Bank"
"000000009598E9A20E04F041B38518182890A2D50100A3DF33FCC9BD1644BD14FCA330AA97850000176890E50000"	"\Divisions\PD\PTE\Anaheim/SD Projects\127306 Neal El Camino HS"
"000000009598E9A20E04F041B38518182890A2D50100A3DF33FCC9BD1644BD14FCA330AA9785000017675D130000"	"\Divisions\PD\PTE\Anaheim/SD Projects\127586 Continental Maritime"
"000000009598E9A20E04F041B38518182890A2D50100A3DF33FCC9BD1644BD14FCA330AA97850000177381FE0000"	"\Divisions\PD\PTE\Anaheim/SD Projects\127828 Cal Science Cntr (DYNA)"
"000000009598E9A20E04F041B38518182890A2D50100A3DF33FCC9BD1644BD14FCA330AA97850000179843AA0000"	"\Divisions\PD\PTE\Anaheim/SD Projects\128008 College of the Desert Load Monitoring"
"000000009598E9A20E04F041B38518182890A2D50100A3DF33FCC9BD1644BD14FCA330AA9785000017EAD9660000"	"\Divisions\PD\PTE\Anaheim/SD Projects\128186 Rubidoux Child Dev Centr"
"000000009598E9A20E04F041B38518182890A2D50100A3DF33FCC9BD1644BD14FCA330AA978500001806CA3E0000"	"\Divisions\PD\PTE\Anaheim/SD Projects\128358 Boeing LB Bldg 74-75"
"000000009598E9A20E04F041B38518182890A2D50100A3DF33FCC9BD1644BD14FCA330AA978500001897992D0000"	"\Divisions\PD\PTE\Anaheim/SD Projects\128685 VA Hosp LB Relay"
"000000009598E9A20E04F041B38518182890A2D50100A3DF33FCC9BD1644BD14FCA330AA9785000018B6C0110000"	"\Divisions\PD\PTE\Anaheim/SD Projects\128907 (Laser) Rack-In OT"
"000000009598E9A20E04F041B38518182890A2D50100A3DF33FCC9BD1644BD14FCA330AA9785000018E03D6C0000"	"\Divisions\PD\PTE\Anaheim/SD Projects\129032 Sheriff's Swgr Repair"
"000000009598E9A20E04F041B38518182890A2D50100A3DF33FCC9BD1644BD14FCA330AA97850000194D3A210000"	"\Divisions\PD\PTE\Anaheim/SD Projects\129280 Cogar International"
"000000009598E9A20E04F041B38518182890A2D50100A3DF33FCC9BD1644BD14FCA330AA978500001973047E0000"	"\Divisions\PD\PTE\Anaheim/SD Projects\129556 Naval Hospital Elevator #6"
"000000009598E9A20E04F041B38518182890A2D50100A3DF33FCC9BD1644BD14FCA330AA978500001994DF4C0000"	"\Divisions\PD\PTE\Anaheim/SD Projects\129833 East Mesa Det Ctr"
"000000009598E9A20E04F041B38518182890A2D50100A3DF33FCC9BD1644BD14FCA330AA9785000019B1B62C0000"	"\Divisions\PD\PTE\Anaheim/SD Projects\130222 NRG Energy Center"
"000000009598E9A20E04F041B38518182890A2D50100A3DF33FCC9BD1644BD14FCA330AA978500001AA69DB50000"	"\Divisions\PD\PTE\Anaheim/SD Projects\130601 Oberon Fuels"
"000000009598E9A20E04F041B38518182890A2D50100A3DF33FCC9BD1644BD14FCA330AA978500001ADAB2FB0000"	"\Divisions\PD\PTE\Anaheim/SD Projects\131153 Berg Cathedral City HS"
"000000009598E9A20E04F041B38518182890A2D50100A3DF33FCC9BD1644BD14FCA330AA978500001B8120490000"	"\Divisions\PD\PTE\Anaheim/SD Projects\131564 Boeing Norseal Repairs"
"000000009598E9A20E04F041B38518182890A2D50100A3DF33FCC9BD1644BD14FCA330AA978500001B7CBE690000"	"\Divisions\PD\PTE\Anaheim/SD Projects\131835 Pt Loma Navy Base"
"000000009598E9A20E04F041B38518182890A2D50100A3DF33FCC9BD1644BD14FCA330AA978500001B79DBFE0000"	"\Divisions\PD\PTE\Anaheim/SD Projects\132058 San Clemente Harmonics Testing"
"000000009598E9A20E04F041B38518182890A2D50100A3DF33FCC9BD1644BD14FCA330AA978500001B6B28390000"	"\Divisions\PD\PTE\Anaheim/SD Projects\132249 (Southern) VLF In Shop"
"000000009598E9A20E04F041B38518182890A2D50100A3DF33FCC9BD1644BD14FCA330AA978500001B8382FB0000"	"\Divisions\PD\PTE\Anaheim/SD Projects\132547 Chino Creek Wells 16, 17, 18"
"000000009598E9A20E04F041B38518182890A2D50100A3DF33FCC9BD1644BD14FCA330AA978500001C816C9C0000"	"\Divisions\PD\PTE\Anaheim/SD Projects\132922 MCAS Miramar B8473 B8657"
"000000009598E9A20E04F041B38518182890A2D50100A3DF33FCC9BD1644BD14FCA330AA978500000E5248370000"	"\Divisions\PD\PTE\PTE Construction"
"000000009598E9A20E04F041B38518182890A2D50100572FF007A7D6B64CA96E5CFE8E1CC1A40000001DDCA70000"	"\Divisions\PD\SAS\00 PSSE Calendar"
"000000009598E9A20E04F041B38518182890A2D5010012225CC57BF01F4EA8CCA87A792FF35F0006D3DB673A0000"	"\Divisions\PD\SAS\00_PSCAD License Use Calendar\PSCAD"
"000000009598E9A20E04F041B38518182890A2D501006C95E27D1ACA634AA1AADC20796388DD00000066EA4A0000"	"\Divisions\PD\SAS\00_Software (Keys & Pricing)\CDEGS"
"000000009598E9A20E04F041B38518182890A2D50100A3DF33FCC9BD1644BD14FCA330AA9785000029A6226E0000"	"\Divisions\PD\SAS\000000 SAS Project Misc\ONCOR GIR 100029.17"
"000000009598E9A20E04F041B38518182890A2D50100A3DF33FCC9BD1644BD14FCA330AA978500001A9FE9860000"	"\Divisions\PD\SAS\AEP Projects Grounding\131157 GFT-138kV Glasgow Rbld"
"000000009598E9A20E04F041B38518182890A2D501006C95E27D1ACA634AA1AADC20796388DD0000002692160000"	"\Divisions\PD\SAS\LEWISTON PROJECTS\SPS-Active\Active Projects\ESC\Anadarko"
"000000009598E9A20E04F041B38518182890A2D501006C95E27D1ACA634AA1AADC20796388DD0000002692250000"	"\Divisions\PD\SAS\LEWISTON PROJECTS\SPS-Active\Active Projects\Grant County PUD\T&D\Rocky Ford Autobank"
"000000009598E9A20E04F041B38518182890A2D501006C95E27D1ACA634AA1AADC20796388DD0000002692360000"	"\Divisions\PD\SAS\LEWISTON PROJECTS\SPS-Active\Active Projects\Magic Valley\Satellite Clock"
"000000009598E9A20E04F041B38518182890A2D501006C95E27D1ACA634AA1AADC20796388DD0000002692450000"	"\Divisions\PD\SAS\LEWISTON PROJECTS\SPS-Active\Active Projects\PowerTech Engineering\Coors - Elkton"
"000000009598E9A20E04F041B38518182890A2D501001296C725372D7F4B86B758A22EA3141B00000057B7B00000"	"\Divisions\PD\SAS\LEWISTON PROJECTS\West ID"
"000000009598E9A20E04F041B38518182890A2D50100A3DF33FCC9BD1644BD14FCA330AA9785000017FDFC100000"	"\Divisions\PD\SAS\Pacific Valley Solar\Bullard"
"000000009598E9A20E04F041B38518182890A2D50100A3DF33FCC9BD1644BD14FCA330AA9785000017FEB14A0000"	"\Divisions\PD\SAS\Pacific Valley Solar\Trina Solar\Placer"
"000000009598E9A20E04F041B38518182890A2D501001296C725372D7F4B86B758A22EA3141B0000006ED7F80000"	"\Divisions\PD\SAS\xxxxxx_Enbridge_Jon Leman"
"000000009598E9A20E04F041B38518182890A2D50100A3DF33FCC9BD1644BD14FCA330AA978500002195D5E00000"	"\Divisions\PD\Substation Anaheim\137398 RPU Line Relay and SAS Upgrade"
"000000009598E9A20E04F041B38518182890A2D50100A3DF33FCC9BD1644BD14FCA330AA9785000025288D2D0000"	"\Divisions\PD\Substation Anaheim\139569 PGE Discovery Sub P&C Revision"
"000000009598E9A20E04F041B38518182890A2D50100A3DF33FCC9BD1644BD14FCA330AA97850000278E592A0000"	"\Divisions\PD\Substation Anaheim\140715 SCE SA-3 Lessons Learned"
"000000009598E9A20E04F041B38518182890A2D5010012225CC57BF01F4EA8CCA87A792FF35F000075E8E1490000"	"\Divisions\PD\Substation Anaheim\144379 Oncor Graham Plant 345 CB Replace"
"000000009598E9A20E04F041B38518182890A2D5010012225CC57BF01F4EA8CCA87A792FF35F0001AD49BE0F0000"	"\Divisions\PD\Substation Anaheim\152504 EDDY SUBSTATION DG"
"000000009598E9A20E04F041B38518182890A2D501001953B16A689BCD4AA8FC82955DB27CB1000001E8238C0000"	"\Divisions\PD\Substation Ann Arbor\121663"
"000000009598E9A20E04F041B38518182890A2D50100A3DF33FCC9BD1644BD14FCA330AA97850000177186E40000"	"\Divisions\PD\Substation Ann Arbor\127733"
"000000009598E9A20E04F041B38518182890A2D50100A3DF33FCC9BD1644BD14FCA330AA978500001F2A81100000"	"\Divisions\PD\Substation Ann Arbor\135914 Valley PVID 40803"
"000000009598E9A20E04F041B38518182890A2D50100A3DF33FCC9BD1644BD14FCA330AA97850000227A2A9C0000"	"\Divisions\PD\Substation Ann Arbor\138372 - Woodstock Intel SS"
"000000009598E9A20E04F041B38518182890A2D50100A3DF33FCC9BD1644BD14FCA330AA978500002675DE800000"	"\Divisions\PD\Substation Ann Arbor\140302- AEP N Haverhill SW P12104030"
"000000009598E9A20E04F041B38518182890A2D5010012225CC57BF01F4EA8CCA87A792FF35F0000057480030000"	"\Divisions\PD\Substation Ann Arbor\143368 - AEP June Road P15050002"
"000000009598E9A20E04F041B38518182890A2D5010012225CC57BF01F4EA8CCA87A792FF35F00008066B5350000"	"\Divisions\PD\Substation Ann Arbor\145188 - N Haverhill Metering P12104035"
"000000009598E9A20E04F041B38518182890A2D5010012225CC57BF01F4EA8CCA87A792FF35F0000C13B89DD0000"	"\Divisions\PD\Substation Ann Arbor\146538"
"000000009598E9A20E04F041B38518182890A2D5010012225CC57BF01F4EA8CCA87A792FF35F00013250E0370000"	"\Divisions\PD\Substation Ann Arbor\149120"
"000000009598E9A20E04F041B38518182890A2D50100A3DF33FCC9BD1644BD14FCA330AA97850000211A39BC0000"	"\Divisions\PD\Substation Ann Arbor\AEP"
"000000009598E9A20E04F041B38518182890A2D50100A3DF33FCC9BD1644BD14FCA330AA978500001DA714AB0000"	"\Divisions\PD\Substation Ann Arbor\Proposals\121650 PCAP"
"000000009598E9A20E04F041B38518182890A2D50100A3DF33FCC9BD1644BD14FCA330AA97850000277D03980000"	"\Divisions\PD\Substation Atlanta\00_DMS UPLOAD\123538_Valois\NYSEG Trips"
"000000009598E9A20E04F041B38518182890A2D5010012225CC57BF01F4EA8CCA87A792FF35F0005D8F542D20000"	"\Divisions\PD\Substation Atlanta\0238457_Plano Shiloh Rd Sub-DA"
"000000009598E9A20E04F041B38518182890A2D5010012225CC57BF01F4EA8CCA87A792FF35F00062A618B650000"	"\Divisions\PD\Substation Atlanta\0241497_0000_McGregor hercules Sub: Staton Demolition"
"000000009598E9A20E04F041B38518182890A2D5010012225CC57BF01F4EA8CCA87A792FF35F000657EE53110000"	"\Divisions\PD\Substation Atlanta\0243184_0000_ATL Groesbeck Sub: Modify Marlin Switch 51015"
"000000009598E9A20E04F041B38518182890A2D5010012225CC57BF01F4EA8CCA87A792FF35F0006B39BD2E90000"	"\Divisions\PD\Substation Atlanta\0246306_0000_APC - Parkwest DS P&C"
"000000009598E9A20E04F041B38518182890A2D5010012225CC57BF01F4EA8CCA87A792FF35F0006CB2141D80000"	"\Divisions\PD\Substation Atlanta\0247176_0000_GPC - Thomasville P&C"
"000000009598E9A20E04F041B38518182890A2D5010012225CC57BF01F4EA8CCA87A792FF35F000710DDE4800000"	"\Divisions\PD\Substation Atlanta\0249626_0000_ATL Long Lake UF Sub 53907"
"000000009598E9A20E04F041B38518182890A2D5010012225CC57BF01F4EA8CCA87A792FF35F00072F1FD0DC0000"	"\Divisions\PD\Substation Atlanta\0250864_0000_ATL Simpson Stuart UF Sub 54185"
"000000009598E9A20E04F041B38518182890A2D5010012225CC57BF01F4EA8CCA87A792FF35F000754ADB86F0000"	"\Divisions\PD\Substation Atlanta\0251991_0000_ATL Stephenville Switch 54841"
"000000009598E9A20E04F041B38518182890A2D5010012225CC57BF01F4EA8CCA87A792FF35F00077962714B0000"	"\Divisions\PD\Substation Atlanta\0253138_0000_GPC - Philema Road - Physical"
"000000009598E9A20E04F041B38518182890A2D5010012225CC57BF01F4EA8CCA87A792FF35F0007AA8495F30000"	"\Divisions\PD\Substation Atlanta\0254812_0000_APC - Halls Mill Road DS P&C"
"000000009598E9A20E04F041B38518182890A2D5010012225CC57BF01F4EA8CCA87A792FF35F0007D2B916510000"	"\Divisions\PD\Substation Atlanta\0255946_0000_GPC - FC - Salem Gate DS P&C"
"000000009598E9A20E04F041B38518182890A2D50100E34BFE500669CD49AC2E27C6C54DE39D000000146F3C0000"	"\Divisions\PD\Substation Atlanta\113015_Elm Creek Substation\As built"
"000000009598E9A20E04F041B38518182890A2D50100E34BFE500669CD49AC2E27C6C54DE39D000000171D020000"	"\Divisions\PD\Substation Atlanta\113015_Elm Creek Substation\Equipment\Line Trap"
"000000009598E9A20E04F041B38518182890A2D50100E34BFE500669CD49AC2E27C6C54DE39D0000000659180000"	"\Divisions\PD\Substation Atlanta\113015_Elm Creek Substation\Work scope variance wsv 02"
"000000009598E9A20E04F041B38518182890A2D50100A3DF33FCC9BD1644BD14FCA330AA978500002AB718DD0000"	"\Divisions\PD\Substation Atlanta\113513_Sherman Rd Sub 345kV Equip Upgrades\In ProjectWise"
"000000009598E9A20E04F041B38518182890A2D50100E34BFE500669CD49AC2E27C6C54DE39D0000003149530000"	"\Divisions\PD\Substation Atlanta\114320_Anadarko Phase 2\William Hawkins"
"000000009598E9A20E04F041B38518182890A2D50100E34BFE500669CD49AC2E27C6C54DE39D0000002260FE0000"	"\Divisions\PD\Substation Atlanta\116139_Round Rock Dist Auto\Visual Analysis\115433"
"000000009598E9A20E04F041B38518182890A2D50100E34BFE500669CD49AC2E27C6C54DE39D0000002A34DF0000"	"\Divisions\PD\Substation Atlanta\117613 South Columbus"
"000000009598E9A20E04F041B38518182890A2D50100A3DF33FCC9BD1644BD14FCA330AA978500001746924F0000"	"\Divisions\PD\Substation Atlanta\123097.26_PEF_SUNFLOWER\123097.26_PEF_SUNFLOWER"
"000000009598E9A20E04F041B38518182890A2D501001953B16A689BCD4AA8FC82955DB27CB1000001E051DB0000"	"\Divisions\PD\Substation Atlanta\123097_PEF EPC\As Builts"
"000000009598E9A20E04F041B38518182890A2D50100A3DF33FCC9BD1644BD14FCA330AA978500001738AAC80000"	"\Divisions\PD\Substation Atlanta\123979_Sunflower Barber Substation\Arresters"
"000000009598E9A20E04F041B38518182890A2D50100A3DF33FCC9BD1644BD14FCA330AA9785000015E8EEBB0000"	"\Divisions\PD\Substation Atlanta\123979_Sunflower Barber Substation\Fault Currents"
"000000009598E9A20E04F041B38518182890A2D50100A3DF33FCC9BD1644BD14FCA330AA978500001738D6A00000"	"\Divisions\PD\Substation Atlanta\123979_Sunflower Barber Substation\PT"
"000000009598E9A20E04F041B38518182890A2D501001953B16A689BCD4AA8FC82955DB27CB10000014A5DA70000"	"\Divisions\PD\Substation Atlanta\124168_Trinity 138KV Sub DBL"
"000000009598E9A20E04F041B38518182890A2D50100A3DF33FCC9BD1644BD14FCA330AA978500000EB5F5460000"	"\Divisions\PD\Substation Atlanta\125583_Sunflower Cimarron\Drawings Standards and Requests\Drawing Requests"
"000000009598E9A20E04F041B38518182890A2D50100A3DF33FCC9BD1644BD14FCA330AA9785000016CF65FC0000"	"\Divisions\PD\Substation Atlanta\125583_Sunflower Cimarron\Equipment\Current Limiter and Reactor Information"
"000000009598E9A20E04F041B38518182890A2D50100A3DF33FCC9BD1644BD14FCA330AA9785000018C731650000"	"\Divisions\PD\Substation Atlanta\125583_Sunflower Cimarron\Equipment\Switchgear\Termination Cabinet"
"000000009598E9A20E04F041B38518182890A2D50100A3DF33FCC9BD1644BD14FCA330AA978500001759D0760000"	"\Divisions\PD\Substation Atlanta\125583_Sunflower Cimarron\Project Management\Action Item List"
"000000009598E9A20E04F041B38518182890A2D50100A3DF33FCC9BD1644BD14FCA330AA9785000017438B960000"	"\Divisions\PD\Substation Atlanta\125583_Sunflower Cimarron\SUBSTATION CONTROL AND SAS\One Lines issued for review"
"000000009598E9A20E04F041B38518182890A2D50100A3DF33FCC9BD1644BD14FCA330AA978500001845AFAB0000"	"\Divisions\PD\Substation Atlanta\125583_Sunflower Cimarron\SUBSTATION PHYSICAL \Coordination with Electrical"
"000000009598E9A20E04F041B38518182890A2D50100A3DF33FCC9BD1644BD14FCA330AA9785000016CA21080000"	"\Divisions\PD\Substation Atlanta\126407_Atl Whitehouse 138kV Sub Line"
"000000009598E9A20E04F041B38518182890A2D50100A3DF33FCC9BD1644BD14FCA330AA978500001CD3AEEE0000"	"\Divisions\PD\Substation Atlanta\132085_East Hall and Plainville\Transformers"
"000000009598E9A20E04F041B38518182890A2D50100A3DF33FCC9BD1644BD14FCA330AA978500002ABF8CC80000"	"\Divisions\PD\Substation Atlanta\133432_Spearville 345kV\Battery\In ProjectWise"
"000000009598E9A20E04F041B38518182890A2D50100A3DF33FCC9BD1644BD14FCA330AA978500001D64C6A80000"	"\Divisions\PD\Substation Atlanta\133432_Spearville 345kV\Grading TOC"
"000000009598E9A20E04F041B38518182890A2D50100A3DF33FCC9BD1644BD14FCA330AA978500001EE419A00000"	"\Divisions\PD\Substation Atlanta\133432_Spearville 345kV\Switches"
"000000009598E9A20E04F041B38518182890A2D50100A3DF33FCC9BD1644BD14FCA330AA978500001EEDAA590000"	"\Divisions\PD\Substation Atlanta\135515_ATL TYLER STATION:69 TERM UPG"
"000000009598E9A20E04F041B38518182890A2D50100A3DF33FCC9BD1644BD14FCA330AA978500002B6156780000"	"\Divisions\PD\Substation Atlanta\138705_Troup LTU\In ProjectWise"
"000000009598E9A20E04F041B38518182890A2D50100A3DF33FCC9BD1644BD14FCA330AA97850000242AEA130000"	"\Divisions\PD\Substation Atlanta\139354_ATL TYLER NW TERM & FIBER"
"000000009598E9A20E04F041B38518182890A2D5010012225CC57BF01F4EA8CCA87A792FF35F000162F5FF9D0000"	"\Divisions\PD\Substation Atlanta\139848_ATL BUCKHORN 345 SWTCH\In ProjectWise\Conceptual Design"
"000000009598E9A20E04F041B38518182890A2D50100A3DF33FCC9BD1644BD14FCA330AA9785000026270C780000"	"\Divisions\PD\Substation Atlanta\139848_ATL BUCKHORN 345 SWTCH\RFI"
"000000009598E9A20E04F041B38518182890A2D50100A3DF33FCC9BD1644BD14FCA330AA978500002C11B58F0000"	"\Divisions\PD\Substation Atlanta\140572_SUNFLOWER SPEARVILLE RPLC CB SV188\Design Criteria"
"000000009598E9A20E04F041B38518182890A2D50100A3DF33FCC9BD1644BD14FCA330AA9785000028CE53E30000"	"\Divisions\PD\Substation Atlanta\140572_SUNFLOWER SPEARVILLE RPLC CB SV188\Project Management\Contract"
"000000009598E9A20E04F041B38518182890A2D50100A3DF33FCC9BD1644BD14FCA330AA9785000028CE5BF80000"	"\Divisions\PD\Substation Atlanta\140572_SUNFLOWER SPEARVILLE RPLC CB SV188\Scoping\Scope of Work"
"000000009598E9A20E04F041B38518182890A2D50100A3DF33FCC9BD1644BD14FCA330AA978500002A9F88920000"	"\Divisions\PD\Substation Atlanta\141829_ATL DALWORTH SUB 138 TERM UPG"
"000000009598E9A20E04F041B38518182890A2D5010012225CC57BF01F4EA8CCA87A792FF35F00005187CB8C0000"	"\Divisions\PD\Substation Atlanta\144500_MEAG-SYLVANIA #2"
"000000009598E9A20E04F041B38518182890A2D5010012225CC57BF01F4EA8CCA87A792FF35F0000CDE323B80000"	"\Divisions\PD\Substation Atlanta\146746_ATL MTN CREEK-SYS PRT UPG"
"000000009598E9A20E04F041B38518182890A2D5010012225CC57BF01F4EA8CCA87A792FF35F0001826BBE8F0000"	"\Divisions\PD\Substation Atlanta\151227_ATL TROUP MAIN SUB DA"
"000000009598E9A20E04F041B38518182890A2D5010012225CC57BF01F4EA8CCA87A792FF35F0001DB639B0C0000"	"\Divisions\PD\Substation Atlanta\152616_SPV 345KV Yard"
"000000009598E9A20E04F041B38518182890A2D5010012225CC57BF01F4EA8CCA87A792FF35F0001FDB461B70000"	"\Divisions\PD\Substation Atlanta\154176_ATL_TYLER CONVERT"
"000000009598E9A20E04F041B38518182890A2D5010012225CC57BF01F4EA8CCA87A792FF35F00028774B2590000"	"\Divisions\PD\Substation Atlanta\156385_LONESTAR 19 NAVARRO"
"000000009598E9A20E04F041B38518182890A2D5010012225CC57BF01F4EA8CCA87A792FF35F0002ADAF348D0000"	"\Divisions\PD\Substation Atlanta\158154_ANDRSN RNCH POIINSTL SL M"
"000000009598E9A20E04F041B38518182890A2D5010012225CC57BF01F4EA8CCA87A792FF35F000374DB913A0000"	"\Divisions\PD\Substation Atlanta\162999_Midkiff Upgrade"
"000000009598E9A20E04F041B38518182890A2D5010012225CC57BF01F4EA8CCA87A792FF35F0005531687830000"	"\Divisions\PD\Substation Atlanta\177795_ALBANY #3 TRANSFORMER BANK"
"000000009598E9A20E04F041B38518182890A2D5010012225CC57BF01F4EA8CCA87A792FF35F00059BB7D17A0000"	"\Divisions\PD\Substation Atlanta\180281_ATL Killeen Clear Crk DA 48892"
"000000009598E9A20E04F041B38518182890A2D501001296C725372D7F4B86B758A22EA3141B00000058D6CB0000"	"\Divisions\PD\Substation Atlanta\AEP-Proceedures"
"000000009598E9A20E04F041B38518182890A2D50100E34BFE500669CD49AC2E27C6C54DE39D00000034994F0000"	"\Divisions\PD\Substation Atlanta\Lisa_Temp\Attention"
"000000009598E9A20E04F041B38518182890A2D50100E34BFE500669CD49AC2E27C6C54DE39D0000002840FB0000"	"\Divisions\PD\Substation Atlanta\NEEWS-Material Inspections\Sefcor"
"000000009598E9A20E04F041B38518182890A2D50100E34BFE500669CD49AC2E27C6C54DE39D0000002260E80000"	"\Divisions\PD\Substation Atlanta\Oncor-2010-Scoping\118124_Round Rock NE R406"
"000000009598E9A20E04F041B38518182890A2D50100E34BFE500669CD49AC2E27C6C54DE39D00000022617B0000"	"\Divisions\PD\Substation Atlanta\ONCOR-Project Listings\2009 Project Lists"
"000000009598E9A20E04F041B38518182890A2D50100A3DF33FCC9BD1644BD14FCA330AA97850000259ABB560000"	"\Divisions\PD\Substation Atlanta\PPL EU Conceptual Design"
"000000009598E9A20E04F041B38518182890A2D50100A3DF33FCC9BD1644BD14FCA330AA978500001720609B0000"	"\Divisions\PD\Substation Atlanta\Progress Energy\Reviews for other stations\Lake Wales"
"000000009598E9A20E04F041B38518182890A2D50100E34BFE500669CD49AC2E27C6C54DE39D00000024937A0000"	"\Divisions\PD\Substation Atlanta\Proposals\2009\117141_Southern_Co-Cleveland_NC"
"000000009598E9A20E04F041B38518182890A2D50100E34BFE500669CD49AC2E27C6C54DE39D0000003498F80000"	"\Divisions\PD\Substation Atlanta\Proposals\2010\120731 AccionaEnergy-Cedar Co"
"000000009598E9A20E04F041B38518182890A2D50100E34BFE500669CD49AC2E27C6C54DE39D00000043102A0000"	"\Divisions\PD\Substation Atlanta\Proposals\2011\121629_Iberdrola-NYSEG-Rochester_Scoping"
"000000009598E9A20E04F041B38518182890A2D50100E34BFE500669CD49AC2E27C6C54DE39D0000004084330000"	"\Divisions\PD\Substation Atlanta\Proposals\2011\PJM Liberty"
"000000009598E9A20E04F041B38518182890A2D501001296C725372D7F4B86B758A22EA3141B000000674F880000"	"\Divisions\PD\Substation Atlanta\Proposals\BREMC-Beaver Creek Sub"
"000000009598E9A20E04F041B38518182890A2D50100E34BFE500669CD49AC2E27C6C54DE39D0000002A35220000"	"\Divisions\PD\Substation Atlanta\Proposals\Pure Energy-Bayonne Energy Ctr\Southlake"
"000000009598E9A20E04F041B38518182890A2D50100A3DF33FCC9BD1644BD14FCA330AA9785000016E84B000000"	"\Divisions\PD\Substation Atlanta\Substation Benbrook\00 Closed Projects"
"000000009598E9A20E04F041B38518182890A2D501001296C725372D7F4B86B758A22EA3141B0000004CB5320000"	"\Divisions\PD\Substation Atlanta\TXU-Material Status Reports"
"000000009598E9A20E04F041B38518182890A2D5010012225CC57BF01F4EA8CCA87A792FF35F0002F89AB9560000"	"\Divisions\PD\Substation Boise\140001  MAKE PST MOVE TO PROJECT WISE\142612  AEP CHATFIELD P10142001"
"000000009598E9A20E04F041B38518182890A2D50100A3DF33FCC9BD1644BD14FCA330AA978500002BF9AF9F0000"	"\Divisions\PD\Substation Boise\142666  ONCOR PARIS PLANT REBUILT 138"
"000000009598E9A20E04F041B38518182890A2D5010012225CC57BF01F4EA8CCA87A792FF35F0000B677F3050000"	"\Divisions\PD\Substation Boise\146327  ONCOR COURTLAND UPG 3200A"
"000000009598E9A20E04F041B38518182890A2D5010012225CC57BF01F4EA8CCA87A792FF35F00010D90EA5A0000"	"\Divisions\PD\Substation Boise\148158  ONCOR OAK CLIFF SOUTH DA PIP3068"
"000000009598E9A20E04F041B38518182890A2D5010012225CC57BF01F4EA8CCA87A792FF35F00012CA1A8570000"	"\Divisions\PD\Substation Boise\149028  AEP OAKWOOD RD RMVLS P15117020"
"000000009598E9A20E04F041B38518182890A2D5010012225CC57BF01F4EA8CCA87A792FF35F00016EA9929E0000"	"\Divisions\PD\Substation Boise\150419  ONCOR SULPHER SPRINGS EAST-DA"
"000000009598E9A20E04F041B38518182890A2D5010012225CC57BF01F4EA8CCA87A792FF35F0001954A99D90000"	"\Divisions\PD\Substation Boise\151605  ONCOR MCLENNAN COUNTY EAST SUB DA"
"000000009598E9A20E04F041B38518182890A2D5010012225CC57BF01F4EA8CCA87A792FF35F0001E6DB39420000"	"\Divisions\PD\Substation Boise\153659  ONCOR WEST NETWORK SUBSTATION"
"000000009598E9A20E04F041B38518182890A2D5010012225CC57BF01F4EA8CCA87A792FF35F00020E8C7CCE0000"	"\Divisions\PD\Substation Boise\154525  ONCOR FISHER ROAD SW RPLC CB 5330"
"000000009598E9A20E04F041B38518182890A2D5010012225CC57BF01F4EA8CCA87A792FF35F00021D59BCF00000"	"\Divisions\PD\Substation Boise\154782  ONCOR NORTHAVEN SW TERM PETE3988"
"000000009598E9A20E04F041B38518182890A2D50100A3DF33FCC9BD1644BD14FCA330AA978500002BF9AEB90000"	"\Divisions\PD\Substation Boise\ONCOR PARIS PLANT REBUILT 138"
"000000009598E9A20E04F041B38518182890A2D501006C95E27D1ACA634AA1AADC20796388DD0000008EBC650000"	"\Divisions\PD\Substation Denver\01- General Xcel Information"
"000000009598E9A20E04F041B38518182890A2D501006C95E27D1ACA634AA1AADC20796388DD000000884D1A0000"	"\Divisions\PD\Substation Denver\116945 St. George- Red Butte\Drawing Reviews"
"000000009598E9A20E04F041B38518182890A2D501006C95E27D1ACA634AA1AADC20796388DD0000008D32A60000"	"\Divisions\PD\Substation Denver\116945 St. George- Red Butte\vibration dampers"
"000000009598E9A20E04F041B38518182890A2D501006C95E27D1ACA634AA1AADC20796388DD000000AAAE0F0000"	"\Divisions\PD\Substation Denver\120256 Split Rock"
"000000009598E9A20E04F041B38518182890A2D501006C95E27D1ACA634AA1AADC20796388DD000000E349C10000"	"\Divisions\PD\Substation Denver\121750 Lydgate"
"000000009598E9A20E04F041B38518182890A2D50100CB7D9B6512D7374A860FE542D577039200000111D32D0000"	"\Divisions\PD\Substation Denver\122883 Souris Load Shedding"
"000000009598E9A20E04F041B38518182890A2D501001953B16A689BCD4AA8FC82955DB27CB1000001679D050000"	"\Divisions\PD\Substation Denver\124064 AEP Breaker Replacements\Eastown"
"000000009598E9A20E04F041B38518182890A2D501001953B16A689BCD4AA8FC82955DB27CB1000001BB87EA0000"	"\Divisions\PD\Substation Denver\124728 Magic Valley Wind"
"000000009598E9A20E04F041B38518182890A2D50100A3DF33FCC9BD1644BD14FCA330AA97850000166127D70000"	"\Divisions\PD\Substation Denver\125406 Odessa Southwest"
"000000009598E9A20E04F041B38518182890A2D50100A3DF33FCC9BD1644BD14FCA330AA9785000016F8D4880000"	"\Divisions\PD\Substation Denver\126552 CUNNINGHAM RELAY MODIFICATIONS"
"000000009598E9A20E04F041B38518182890A2D50100A3DF33FCC9BD1644BD14FCA330AA97850000174963D80000"	"\Divisions\PD\Substation Denver\127276 Post Insulator Strength Inv"
"000000009598E9A20E04F041B38518182890A2D50100A3DF33FCC9BD1644BD14FCA330AA9785000017EDB30E0000"	"\Divisions\PD\Substation Denver\128197 Imboden LCU Replacement"
"000000009598E9A20E04F041B38518182890A2D50100A3DF33FCC9BD1644BD14FCA330AA9785000018D8DA380000"	"\Divisions\PD\Substation Denver\128901 Randall County"
"000000009598E9A20E04F041B38518182890A2D50100A3DF33FCC9BD1644BD14FCA330AA97850000196162670000"	"\Divisions\PD\Substation Denver\129515 WELD RTU"
"000000009598E9A20E04F041B38518182890A2D50100A3DF33FCC9BD1644BD14FCA330AA978500001F0A2BCF0000"	"\Divisions\PD\Substation Denver\131796 Tesoro"
"000000009598E9A20E04F041B38518182890A2D50100A3DF33FCC9BD1644BD14FCA330AA978500001C05F8B30000"	"\Divisions\PD\Substation Denver\132841 PSC 8026 STR 79 (5023) CONI"
"000000009598E9A20E04F041B38518182890A2D50100A3DF33FCC9BD1644BD14FCA330AA97850000228476FE0000"	"\Divisions\PD\Substation Denver\133441 PSC 9548-CHER-FLUP GIST3\133432 Spearville"
"000000009598E9A20E04F041B38518182890A2D50100A3DF33FCC9BD1644BD14FCA330AA9785000021C4B5540000"	"\Divisions\PD\Substation Denver\134456 California"
"000000009598E9A20E04F041B38518182890A2D50100A3DF33FCC9BD1644BD14FCA330AA978500002915369E0000"	"\Divisions\PD\Substation Denver\135936 KISER SUB 115-12.47KV XFMR TAM"
"000000009598E9A20E04F041B38518182890A2D50100A3DF33FCC9BD1644BD14FCA330AA97850000202483860000"	"\Divisions\PD\Substation Denver\136476 FORT LUPTON - CIP NETWORK"
"000000009598E9A20E04F041B38518182890A2D50100A3DF33FCC9BD1644BD14FCA330AA978500002064F3210000"	"\Divisions\PD\Substation Denver\136622 ROSEAU- RPLCE 230KV TONE EQUIP"
"000000009598E9A20E04F041B38518182890A2D50100A3DF33FCC9BD1644BD14FCA330AA97850000228312180000"	"\Divisions\PD\Substation Denver\137169 SPS TX"
"000000009598E9A20E04F041B38518182890A2D50100A3DF33FCC9BD1644BD14FCA330AA97850000218C5F3E0000"	"\Divisions\PD\Substation Denver\137340 ROSEAU-RPLC TNE EQU-MORONVILLE"
"000000009598E9A20E04F041B38518182890A2D50100A3DF33FCC9BD1644BD14FCA330AA9785000021E870100000"	"\Divisions\PD\Substation Denver\137855 MONROE COUNTY - FRAD RPLCMNT"
"000000009598E9A20E04F041B38518182890A2D50100A3DF33FCC9BD1644BD14FCA330AA97850000224E59030000"	"\Divisions\PD\Substation Denver\138061 SHEAS LAKE -FRAME RLY RPLC NSP"
"000000009598E9A20E04F041B38518182890A2D50100A3DF33FCC9BD1644BD14FCA330AA978500002261FF990000"	"\Divisions\PD\Substation Denver\138109 DURAND SUBFRAME RLY RPLC NSP"
"000000009598E9A20E04F041B38518182890A2D50100A3DF33FCC9BD1644BD14FCA330AA978500002263E88E0000"	"\Divisions\PD\Substation Denver\138142 BAY FRONT - FRAME RLY RPLC NSP"
"000000009598E9A20E04F041B38518182890A2D50100A3DF33FCC9BD1644BD14FCA330AA978500002268B6BD0000"	"\Divisions\PD\Substation Denver\138160 WELCH - FRAME RLY RPLC NSP"
"000000009598E9A20E04F041B38518182890A2D50100A3DF33FCC9BD1644BD14FCA330AA97850000226920820000"	"\Divisions\PD\Substation Denver\138182 DANIELSON - FRAME RLY RPLC NSP"
"000000009598E9A20E04F041B38518182890A2D50100A3DF33FCC9BD1644BD14FCA330AA97850000226EF6940000"	"\Divisions\PD\Substation Denver\138201 PIKE LAKE - FRAME RLY RPLC NSP"
"000000009598E9A20E04F041B38518182890A2D50100A3DF33FCC9BD1644BD14FCA330AA97850000226EF8180000"	"\Divisions\PD\Substation Denver\138219 WEBER LAKE-FRAME RLY RPLC NSP"
"000000009598E9A20E04F041B38518182890A2D50100A3DF33FCC9BD1644BD14FCA330AA978500002274EE610000"	"\Divisions\PD\Substation Denver\138254 INDIANA - FRAME RLY RPLC NSP"
"000000009598E9A20E04F041B38518182890A2D50100A3DF33FCC9BD1644BD14FCA330AA978500002274EEA00000"	"\Divisions\PD\Substation Denver\138269 PLEASNT VLLY-FRME RLY RPLC NSP"
"000000009598E9A20E04F041B38518182890A2D50100A3DF33FCC9BD1644BD14FCA330AA978500002274F3700000"	"\Divisions\PD\Substation Denver\138284 GROVE LAKE-FRAME RLY RPLC NSP"
"000000009598E9A20E04F041B38518182890A2D50100A3DF33FCC9BD1644BD14FCA330AA978500002274F6900000"	"\Divisions\PD\Substation Denver\138304 TRAILS END- FRAME RLY RPLC NSP"
"000000009598E9A20E04F041B38518182890A2D50100A3DF33FCC9BD1644BD14FCA330AA978500002274F6C20000"	"\Divisions\PD\Substation Denver\138325 FROELICH - FRAME RLY RPLC NSP"
"000000009598E9A20E04F041B38518182890A2D50100A3DF33FCC9BD1644BD14FCA330AA978500002274F75D0000"	"\Divisions\PD\Substation Denver\138341 BISON - FRAME RLY RPLC NSP"
"000000009598E9A20E04F041B38518182890A2D50100A3DF33FCC9BD1644BD14FCA330AA978500002274F78F0000"	"\Divisions\PD\Substation Denver\138360 WASECA - FRAME RLY RPLC NSP"
"000000009598E9A20E04F041B38518182890A2D50100A3DF33FCC9BD1644BD14FCA330AA97850000228574060000"	"\Divisions\PD\Substation Denver\138434 HASTINGS - FRAME RLY RPLC NSP"
"000000009598E9A20E04F041B38518182890A2D50100A3DF33FCC9BD1644BD14FCA330AA97850000234398910000"	"\Divisions\PD\Substation Denver\138637 MISSILE STE-CIP V5 FIELD AUDIT"
"000000009598E9A20E04F041B38518182890A2D50100F3BCE3A574023B4482F2E427B5A3121800004EB471A00000"	"\Divisions\PD\Substation Denver\139651 Riverview"
"000000009598E9A20E04F041B38518182890A2D50100A3DF33FCC9BD1644BD14FCA330AA9785000026B91A180000"	"\Divisions\PD\Substation Denver\140497 RIFLE UTE- 345KV BKR RPLC COMM"
"000000009598E9A20E04F041B38518182890A2D5010012225CC57BF01F4EA8CCA87A792FF35F00001ACFFDA30000"	"\Divisions\PD\Substation Denver\141798 - VINITA JCT 69KV SUB A15704026"
"000000009598E9A20E04F041B38518182890A2D5010012225CC57BF01F4EA8CCA87A792FF35F00001ACFFDA10000"	"\Divisions\PD\Substation Denver\142375 - BARTLESVILLE SE A15704055"
"000000009598E9A20E04F041B38518182890A2D50100A3DF33FCC9BD1644BD14FCA330AA978500002CB5C6C60000"	"\Divisions\PD\Substation Denver\143021 BERGEN-12MVA 115-12.5 XFMR TAM"
"000000009598E9A20E04F041B38518182890A2D5010012225CC57BF01F4EA8CCA87A792FF35F00001ACFFD750000"	"\Divisions\PD\Substation Denver\143642 PINE BEND-FRAME RLY REPLCE NSP"
"000000009598E9A20E04F041B38518182890A2D5010012225CC57BF01F4EA8CCA87A792FF35F00003452E65A0000"	"\Divisions\PD\Substation Denver\144056 HAVANNA SUB- BATTERY RPLCMNT"
"000000009598E9A20E04F041B38518182890A2D5010012225CC57BF01F4EA8CCA87A792FF35F00005595F12D0000"	"\Divisions\PD\Substation Denver\144565 LAYLAND STATION"
"000000009598E9A20E04F041B38518182890A2D5010012225CC57BF01F4EA8CCA87A792FF35F00008C3235E20000"	"\Divisions\PD\Substation Denver\145458 PCA 115-QUAHADA TAM PRECOMM"
"000000009598E9A20E04F041B38518182890A2D5010012225CC57BF01F4EA8CCA87A792FF35F0000EEC969210000"	"\Divisions\PD\Substation Denver\147133 PSC DCP Estimate Support"
"000000009598E9A20E04F041B38518182890A2D5010012225CC57BF01F4EA8CCA87A792FF35F000126D4D3170000"	"\Divisions\PD\Substation Denver\148905 GI-2016-28-SIS"
"000000009598E9A20E04F041B38518182890A2D5010012225CC57BF01F4EA8CCA87A792FF35F00016CBD18A60000"	"\Divisions\PD\Substation Denver\149862 W. ST. CLOUD - FRAD RMV & RTIRE"
"000000009598E9A20E04F041B38518182890A2D5010012225CC57BF01F4EA8CCA87A792FF35F0001E5319E4D0000"	"\Divisions\PD\Substation Denver\153704 BLAZING STAR- 345KV GRNFLD TAM"
"000000009598E9A20E04F041B38518182890A2D5010012225CC57BF01F4EA8CCA87A792FF35F0003D6AD7A970000"	"\Divisions\PD\Substation Denver\155988 PAWNEE DFR UPGRADE\DFR\C2 Resources"
"000000009598E9A20E04F041B38518182890A2D5010012225CC57BF01F4EA8CCA87A792FF35F00027713821F0000"	"\Divisions\PD\Substation Denver\156752 GRAND JUNCTION UTEG UPGD DFR"
"000000009598E9A20E04F041B38518182890A2D5010012225CC57BF01F4EA8CCA87A792FF35F00027B6D7B620000"	"\Divisions\PD\Substation Denver\157128 P-JACKSON FLLR CSU BA INTGRTN"
"000000009598E9A20E04F041B38518182890A2D5010012225CC57BF01F4EA8CCA87A792FF35F00028774B28D0000"	"\Divisions\PD\Substation Denver\157443 N-BLUE RIVER FAN-HDR"
"000000009598E9A20E04F041B38518182890A2D5010012225CC57BF01F4EA8CCA87A792FF35F00028CB795B10000"	"\Divisions\PD\Substation Denver\157679 P-FRUITA FAN"
"000000009598E9A20E04F041B38518182890A2D5010012225CC57BF01F4EA8CCA87A792FF35F0002A9804DE40000"	"\Divisions\PD\Substation Denver\158353 N-HYDRO LANE SECURITY HDR"
"000000009598E9A20E04F041B38518182890A2D5010012225CC57BF01F4EA8CCA87A792FF35F0002B346783B0000"	"\Divisions\PD\Substation Denver\158576 N-MAIN ST SECURITY COMM HDR"
"000000009598E9A20E04F041B38518182890A2D5010012225CC57BF01F4EA8CCA87A792FF35F0002C1A0F0C30000"	"\Divisions\PD\Substation Denver\159075 N-LSTRPRAIRIECSG325RLYSTTNGHDR"
"000000009598E9A20E04F041B38518182890A2D5010012225CC57BF01F4EA8CCA87A792FF35F0002D6D84FEF0000"	"\Divisions\PD\Substation Denver\159493 N-WILSON REV"
"000000009598E9A20E04F041B38518182890A2D5010012225CC57BF01F4EA8CCA87A792FF35F0002E086C83B0000"	"\Divisions\PD\Substation Denver\159781 P-BOX ELDER DCP-HDR"
"000000009598E9A20E04F041B38518182890A2D5010012225CC57BF01F4EA8CCA87A792FF35F0002ECB6052B0000"	"\Divisions\PD\Substation Denver\160017 S-ROADRUNNER SPARE NO 1 REV"
"000000009598E9A20E04F041B38518182890A2D5010012225CC57BF01F4EA8CCA87A792FF35F0003061381E70000"	"\Divisions\PD\Substation Denver\160748 P-UINTAH 69KV BRKR - SALIENT"
"000000009598E9A20E04F041B38518182890A2D5010012225CC57BF01F4EA8CCA87A792FF35F000322D0786B0000"	"\Divisions\PD\Substation Denver\161415 N- TREMVAL BRK 6L31- HDR"
"000000009598E9A20E04F041B38518182890A2D501006C95E27D1ACA634AA1AADC20796388DD00000096F8CE0000"	"\Divisions\PD\Substation Denver\HPFF- Denver"
"000000009598E9A20E04F041B38518182890A2D50100A3DF33FCC9BD1644BD14FCA330AA97850000244DAD6D0000"	"\Divisions\PD\Substation Fort Mill\139389 - STEC - Fowlerton"
"000000009598E9A20E04F041B38518182890A2D501001296C725372D7F4B86B758A22EA3141B0000000A4DB10000"	"\Divisions\PD\Substation Freeport\Freeport Contacts"
"000000009598E9A20E04F041B38518182890A2D501001296C725372D7F4B86B758A22EA3141B00000022D65B0000"	"\Divisions\PD\Substation Freeport\Inactive File\104895_PSNH_Scobie Review\Environmental"
"000000009598E9A20E04F041B38518182890A2D501001296C725372D7F4B86B758A22EA3141B0000000DCE9F0000"	"\Divisions\PD\Substation Freeport\Inactive File\105651_BHE_Line_66_67"
"000000009598E9A20E04F041B38518182890A2D501001296C725372D7F4B86B758A22EA3141B00000010302D0000"	"\Divisions\PD\Substation Freeport\Inactive File\106077_PSNH_Monadock\TO_1"
"000000009598E9A20E04F041B38518182890A2D501001296C725372D7F4B86B758A22EA3141B00000013691A0000"	"\Divisions\PD\Substation Freeport\Inactive File\106XXX_PSNH_Madbury\Emails_Rec'd"
"000000009598E9A20E04F041B38518182890A2D501001296C725372D7F4B86B758A22EA3141B0000001463B20000"	"\Divisions\PD\Substation Freeport\Inactive File\106XXX_PSNH_Madbury\Schedule"
"000000009598E9A20E04F041B38518182890A2D501001296C725372D7F4B86B758A22EA3141B00000022D5F30000"	"\Divisions\PD\Substation Freeport\Inactive File\108042_TXU_South_Brownwood\Digital Data"
"000000009598E9A20E04F041B38518182890A2D501001296C725372D7F4B86B758A22EA3141B00000022D5EA0000"	"\Divisions\PD\Substation Freeport\Inactive File\108042_TXU_South_Brownwood\Studies"
"000000009598E9A20E04F041B38518182890A2D501001296C725372D7F4B86B758A22EA3141B00000022D6010000"	"\Divisions\PD\Substation Freeport\Inactive File\108166_TXU_Dublin\Photos"
"000000009598E9A20E04F041B38518182890A2D501001296C725372D7F4B86B758A22EA3141B00000022D63A0000"	"\Divisions\PD\Substation Freeport\Inactive File\108556_Centerpoint_Webster\Drawings"
"000000009598E9A20E04F041B38518182890A2D501001296C725372D7F4B86B758A22EA3141B00000022D6490000"	"\Divisions\PD\Substation Freeport\Inactive File\108556_Centerpoint_Webster\Survey"
"000000009598E9A20E04F041B38518182890A2D501001296C725372D7F4B86B758A22EA3141B00000022D62B0000"	"\Divisions\PD\Substation Freeport\Inactive File\108557_Centerpoint_Freeport\Public Information"
"000000009598E9A20E04F041B38518182890A2D501001296C725372D7F4B86B758A22EA3141B00000026BFB30000"	"\Divisions\PD\Substation Freeport\Inactive File\108954_TXU_Celina_Switch\Design"
"000000009598E9A20E04F041B38518182890A2D501001296C725372D7F4B86B758A22EA3141B00000026BFC20000"	"\Divisions\PD\Substation Freeport\Inactive File\108954_TXU_Celina_Switch\Specifications"
"000000009598E9A20E04F041B38518182890A2D50100E34BFE500669CD49AC2E27C6C54DE39D0000004083D10000"	"\Divisions\PD\Substation Freeport\Inactive File\109947_CMP_ScarOOBLine\109947 Saco  Bay Prelim & MPUC\Data Requests\City of Saco Stone Letter"
"000000009598E9A20E04F041B38518182890A2D50100E34BFE500669CD49AC2E27C6C54DE39D0000004083E00000"	"\Divisions\PD\Substation Freeport\Inactive File\109947_CMP_ScarOOBLine\109947 Saco  Bay Prelim & MPUC\EMF Calcs & Considerations"
"000000009598E9A20E04F041B38518182890A2D50100E34BFE500669CD49AC2E27C6C54DE39D0000004083EF0000"	"\Divisions\PD\Substation Freeport\Inactive File\109947_CMP_ScarOOBLine\109947 Saco  Bay Prelim & MPUC\MPUC Hearings\Rebuttal Testimony Saco SACO-03"
"000000009598E9A20E04F041B38518182890A2D501001296C725372D7F4B86B758A22EA3141B0000005D20610000"	"\Divisions\PD\Substation Freeport\Inactive File\109947_CMP_ScarOOBLine1\109947 Saco  Bay Prelim & MPUC\Data Requests\City of Saco Stone Letter"
"000000009598E9A20E04F041B38518182890A2D501001296C725372D7F4B86B758A22EA3141B0000005D20690000"	"\Divisions\PD\Substation Freeport\Inactive File\109947_CMP_ScarOOBLine1\109947 Saco  Bay Prelim & MPUC\EMF Calcs & Considerations"
"000000009598E9A20E04F041B38518182890A2D501001296C725372D7F4B86B758A22EA3141B0000006238C60000"	"\Divisions\PD\Substation Freeport\Inactive File\109947_CMP_ScarOOBLine1\109947 Saco  Bay Prelim & MPUC\MPUC Hearings\Rebuttal Testimony Saco SACO-03"
"000000009598E9A20E04F041B38518182890A2D50100E34BFE500669CD49AC2E27C6C54DE39D000000171CFE0000"	"\Divisions\PD\Substation Freeport\Inactive File\110461_NU_Southington\South Matl Order1"
"000000009598E9A20E04F041B38518182890A2D501001296C725372D7F4B86B758A22EA3141B0000005D209D0000"	"\Divisions\PD\Substation Freeport\Inactive File\112815 Jackman Capacitor Bank \Proposal"
"000000009598E9A20E04F041B38518182890A2D50100A3DF33FCC9BD1644BD14FCA330AA9785000015FBD2420000"	"\Divisions\PD\Substation Freeport\Inactive File\121288_NU_Hollow_Core"
"000000009598E9A20E04F041B38518182890A2D501001953B16A689BCD4AA8FC82955DB27CB1000000A278800000"	"\Divisions\PD\Substation Freeport\Inactive File\CLOSED_109947_CMP_ScarOOBLine\109947 Saco  Bay Prelim & MPUC\Data Requests\City of Saco Data Request DR-01"
"000000009598E9A20E04F041B38518182890A2D501001953B16A689BCD4AA8FC82955DB27CB1000000A2788F0000"	"\Divisions\PD\Substation Freeport\Inactive File\CLOSED_109947_CMP_ScarOOBLine\109947 Saco  Bay Prelim & MPUC\Design Resources"
"000000009598E9A20E04F041B38518182890A2D501001953B16A689BCD4AA8FC82955DB27CB1000000A2789E0000"	"\Divisions\PD\Substation Freeport\Inactive File\CLOSED_109947_CMP_ScarOOBLine\109947 Saco  Bay Prelim & MPUC\MPUC Hearings\Rebuttal Testimony OPA-03"
"000000009598E9A20E04F041B38518182890A2D501001953B16A689BCD4AA8FC82955DB27CB1000000A278AD0000"	"\Divisions\PD\Substation Freeport\Inactive File\CLOSED_109947_CMP_ScarOOBLine1\109947 Saco  Bay Prelim & MPUC\Data Requests\City of Saco Data Request DR-01"
"000000009598E9A20E04F041B38518182890A2D501001953B16A689BCD4AA8FC82955DB27CB1000000A278BC0000"	"\Divisions\PD\Substation Freeport\Inactive File\CLOSED_109947_CMP_ScarOOBLine1\109947 Saco  Bay Prelim & MPUC\Design Resources"
"000000009598E9A20E04F041B38518182890A2D501001953B16A689BCD4AA8FC82955DB27CB1000000B63DA40000"	"\Divisions\PD\Substation Freeport\Inactive File\CLOSED_109947_CMP_ScarOOBLine1\109947 Saco  Bay Prelim & MPUC\MPUC Hearings\Rebuttal Testimony OPA-03"
"000000009598E9A20E04F041B38518182890A2D501001953B16A689BCD4AA8FC82955DB27CB1000000B63DB30000"	"\Divisions\PD\Substation Freeport\Inactive File\CLOSED_111607_PSNH_ScobiePondSubstation "
"000000009598E9A20E04F041B38518182890A2D50100E34BFE500669CD49AC2E27C6C54DE39D00000012409F0000"	"\Divisions\PD\Substation Freeport\Inactive File\CLOSED_114744_SCOBIE_POND_R187_MOD"
"000000009598E9A20E04F041B38518182890A2D50100A3DF33FCC9BD1644BD14FCA330AA978500001D2FD1ED0000"	"\Divisions\PD\Substation Freeport\Inactive File\Freeport Vehicles"
"000000009598E9A20E04F041B38518182890A2D50100A3DF33FCC9BD1644BD14FCA330AA978500000E5C80C20000"	"\Divisions\PD\Substation Freeport\Jcontacts"
"000000009598E9A20E04F041B38518182890A2D50100E34BFE500669CD49AC2E27C6C54DE39D000000202E860000"	"\Divisions\PD\Substation Freeport\Projects\113552_South_Gorham(CLOSED)\Standardization"
"000000009598E9A20E04F041B38518182890A2D501006C95E27D1ACA634AA1AADC20796388DD0000006379120000"	"\Divisions\PD\Substation Freeport\Projects\116310_Scobie Pond 4th Autotransformer"
"000000009598E9A20E04F041B38518182890A2D50100E34BFE500669CD49AC2E27C6C54DE39D0000003DC11E0000"	"\Divisions\PD\Substation Freeport\Projects\122448_Middletown"
"000000009598E9A20E04F041B38518182890A2D50100A3DF33FCC9BD1644BD14FCA330AA978500000E8B3AEA0000"	"\Divisions\PD\Substation Freeport\Projects\125569_Haddam_Neck"
"000000009598E9A20E04F041B38518182890A2D50100A3DF33FCC9BD1644BD14FCA330AA978500001B89D7D80000"	"\Divisions\PD\Substation Freeport\Projects\129900_Marion Substation"
"000000009598E9A20E04F041B38518182890A2D50100A3DF33FCC9BD1644BD14FCA330AA978500001DDAF2150000"	"\Divisions\PD\Substation Freeport\Projects\133024_Ohio_Central_S/S"
"000000009598E9A20E04F041B38518182890A2D50100A3DF33FCC9BD1644BD14FCA330AA978500001DBFC78D0000"	"\Divisions\PD\Substation Freeport\Projects\134328_CL&P_Middle_River_28M_Scoping"
"000000009598E9A20E04F041B38518182890A2D50100A3DF33FCC9BD1644BD14FCA330AA978500001E5AB96B0000"	"\Divisions\PD\Substation Freeport\Projects\135121_NSTAR_STA_250_DFR_UPGRADES"
"000000009598E9A20E04F041B38518182890A2D50100A3DF33FCC9BD1644BD14FCA330AA978500001F70672B0000"	"\Divisions\PD\Substation Freeport\Projects\136002_Oncor_FRE_Roanoke"
"000000009598E9A20E04F041B38518182890A2D50100A3DF33FCC9BD1644BD14FCA330AA9785000021D2B5500000"	"\Divisions\PD\Substation Freeport\Projects\137662_CL&P_DEVON_7R_CONTRL_HOUSE_MOD"
"000000009598E9A20E04F041B38518182890A2D50100A3DF33FCC9BD1644BD14FCA330AA9785000022F368DD0000"	"\Divisions\PD\Substation Freeport\Projects\139152_CL&P_Green_Hill_S/S_OCB"
"000000009598E9A20E04F041B38518182890A2D50100F3BCE3A574023B4482F2E427B5A3121800004E80E8D80000"	"\Divisions\PD\Substation Freeport\Projects\140918_CLP_NW_Hartford_Pumping_Plant"
"000000009598E9A20E04F041B38518182890A2D50100A3DF33FCC9BD1644BD14FCA330AA978500002BBB76C80000"	"\Divisions\PD\Substation Freeport\Projects\142432_CL&P_Bates_Rock_SS2"
"000000009598E9A20E04F041B38518182890A2D5010012225CC57BF01F4EA8CCA87A792FF35F0000C9B9F99C0000"	"\Divisions\PD\Substation Freeport\Projects\143708_NGRID_MSA_Inven_Gen"
"000000009598E9A20E04F041B38518182890A2D5010012225CC57BF01F4EA8CCA87A792FF35F00008849819C0000"	"\Divisions\PD\Substation Freeport\Projects\145398_FRE_Oak_Hill_Sub_Dist_Auto"
"000000009598E9A20E04F041B38518182890A2D5010012225CC57BF01F4EA8CCA87A792FF35F0001400D773C0000"	"\Divisions\PD\Substation Freeport\Projects\146741_AEP_Lusher_St"
"000000009598E9A20E04F041B38518182890A2D5010012225CC57BF01F4EA8CCA87A792FF35F0001400D77340000"	"\Divisions\PD\Substation Freeport\Projects\148765_AEP_Ft_Mill"
"000000009598E9A20E04F041B38518182890A2D501001296C725372D7F4B86B758A22EA3141B0000001463BE0000"	"\Divisions\PD\Substation Freeport\Proposals\000000_PSNH_BridgeST"
"000000009598E9A20E04F041B38518182890A2D501001296C725372D7F4B86B758A22EA3141B00000011BFCB0000"	"\Divisions\PD\Substation Freeport\Proposals\106xxx_NG_Wachusetts"
"000000009598E9A20E04F041B38518182890A2D501001296C725372D7F4B86B758A22EA3141B00000027579C0000"	"\Divisions\PD\Substation Freeport\Proposals\109271_NUSCO_Manchester"
"000000009598E9A20E04F041B38518182890A2D501001296C725372D7F4B86B758A22EA3141B0000000AB67A0000"	"\Divisions\PD\Substation Freeport\Proposals\NU Breaker Replacement"
"000000009598E9A20E04F041B38518182890A2D501001296C725372D7F4B86B758A22EA3141B000000674FCB0000"	"\Divisions\PD\Substation Hailey\00 Calendar\Substation Calendar"
"000000009598E9A20E04F041B38518182890A2D5010012225CC57BF01F4EA8CCA87A792FF35F0003ED4070AA0000"	"\Divisions\PD\Substation Hailey\161579 - Folsom Point"
"000000009598E9A20E04F041B38518182890A2D5010012225CC57BF01F4EA8CCA87A792FF35F0003E4217FFC0000"	"\Divisions\PD\Substation Hailey\165332 - Screwbean 42133"
"000000009598E9A20E04F041B38518182890A2D5010012225CC57BF01F4EA8CCA87A792FF35F000444F358440000"	"\Divisions\PD\Substation Hailey\169642 - East Levee 44164"
"000000009598E9A20E04F041B38518182890A2D5010012225CC57BF01F4EA8CCA87A792FF35F00050DDF67D70000"	"\Divisions\PD\Substation Hailey\175169 - Executive Parkway 44168"
"000000009598E9A20E04F041B38518182890A2D5010012225CC57BF01F4EA8CCA87A792FF35F0005CDC2D35F0000"	"\Divisions\PD\Substation Hailey\180280 - Allen 48784"
"000000009598E9A20E04F041B38518182890A2D5010012225CC57BF01F4EA8CCA87A792FF35F0005F2CE463B0000"	"\Divisions\PD\Substation Hailey\239410 - Killeen Clear Creek 49854"
"000000009598E9A20E04F041B38518182890A2D5010012225CC57BF01F4EA8CCA87A792FF35F0006D3DB67400000"	"\Divisions\PD\Substation Hailey\247439 - Hillsboro"
"000000009598E9A20E04F041B38518182890A2D50100A3DF33FCC9BD1644BD14FCA330AA97850000249752C90000"	"\Divisions\PD\Substation Hailey\CJM - Andrews Sw 982 Fall Terminal"
"000000009598E9A20E04F041B38518182890A2D501006C95E27D1ACA634AA1AADC20796388DD0000009D26940000"	"\Divisions\PD\Substation Hailey\Seattle Viaduct\Seattle Viaduct"
"000000009598E9A20E04F041B38518182890A2D50100A3DF33FCC9BD1644BD14FCA330AA978500002306B6240000"	"\Divisions\PD\Substation Hamilton\138400"
"000000009598E9A20E04F041B38518182890A2D50100A3DF33FCC9BD1644BD14FCA330AA978500002C027E2F0000"	"\Divisions\PD\Substation Hamilton\141903\Geotechnical Subcontractor"
"000000009598E9A20E04F041B38518182890A2D50100E34BFE500669CD49AC2E27C6C54DE39D00000028F4C60000"	"\Divisions\PD\Substation Houston\00-BD_Proposals\118769_Horizon_Wind_Chenoa"
"000000009598E9A20E04F041B38518182890A2D50100A3DF33FCC9BD1644BD14FCA330AA978500001B8541370000"	"\Divisions\PD\Substation Houston\00-Closed Projects\Add to Closed Projects"
"000000009598E9A20E04F041B38518182890A2D50100E34BFE500669CD49AC2E27C6C54DE39D0000001E36A10000"	"\Divisions\PD\Substation Houston\01-General Oncor Information\00 CLOSED PROJECTS\ATL Irving Grant_110586_WA06T65276"
"000000009598E9A20E04F041B38518182890A2D50100E34BFE500669CD49AC2E27C6C54DE39D000000146EAB0000"	"\Divisions\PD\Substation Houston\01-General Oncor Information\00 CLOSED PROJECTS\Odessa_111408_WA07T63014"
"000000009598E9A20E04F041B38518182890A2D50100E34BFE500669CD49AC2E27C6C54DE39D0000001240700000"	"\Divisions\PD\Substation Houston\01-General Oncor Information\00 CLOSED PROJECTS\White Settlmt WA07T62028 (111294)\EMT"
"000000009598E9A20E04F041B38518182890A2D50100E34BFE500669CD49AC2E27C6C54DE39D0000000D59E00000"	"\Divisions\PD\Substation Houston\01-General Oncor Information\00 LEAD TIMES and SCHEDULES\KEASLER"
"000000009598E9A20E04F041B38518182890A2D50100E34BFE500669CD49AC2E27C6C54DE39D0000001ABFF50000"	"\Divisions\PD\Substation Houston\01-General Oncor Information\00 REPORTS\Houston TED Budget Percent Completes"
"000000009598E9A20E04F041B38518182890A2D50100E34BFE500669CD49AC2E27C6C54DE39D0000002A34D80000"	"\Divisions\PD\Substation Houston\01-General Oncor Information\ATLANTA PROJECTS\Completion Report"
"000000009598E9A20E04F041B38518182890A2D501001953B16A689BCD4AA8FC82955DB27CB1000001EF84530000"	"\Divisions\PD\Substation Houston\01-General Xcel Information\Reports"
"000000009598E9A20E04F041B38518182890A2D50100A3DF33FCC9BD1644BD14FCA330AA978500001D7C0FBA0000"	"\Divisions\PD\Substation Houston\122345 McKinney addl pst"
"000000009598E9A20E04F041B38518182890A2D50100A3DF33FCC9BD1644BD14FCA330AA9785000018B253310000"	"\Divisions\PD\Substation Houston\123366_AEP_Holston_PVID#_33635"
"000000009598E9A20E04F041B38518182890A2D50100A3DF33FCC9BD1644BD14FCA330AA9785000018B254500000"	"\Divisions\PD\Substation Houston\124676_AEP_Tidd_PVID#_34357"
"000000009598E9A20E04F041B38518182890A2D50100A3DF33FCC9BD1644BD14FCA330AA9785000016C78B630000"	"\Divisions\PD\Substation Houston\126407_Oncor_Whitehouse_138kV_Sub_Line_WA12T65289"
"000000009598E9A20E04F041B38518182890A2D50100A3DF33FCC9BD1644BD14FCA330AA978500001769A36F0000"	"\Divisions\PD\Substation Houston\127650_Oncor_Cedar_Crest_WA13T65021"
"000000009598E9A20E04F041B38518182890A2D50100A3DF33FCC9BD1644BD14FCA330AA97850000253F47B10000"	"\Divisions\PD\Substation Houston\127854_AEP_Breaks STN_33963\MATERIAL\STEEL"
"000000009598E9A20E04F041B38518182890A2D50100A3DF33FCC9BD1644BD14FCA330AA978500001A999B4E0000"	"\Divisions\PD\Substation Houston\129296_GVEC_CMC"
"000000009598E9A20E04F041B38518182890A2D50100A3DF33FCC9BD1644BD14FCA330AA978500001B15EAA50000"	"\Divisions\PD\Substation Houston\129900_Gvec_Marion"
"000000009598E9A20E04F041B38518182890A2D50100A3DF33FCC9BD1644BD14FCA330AA9785000019CE83920000"	"\Divisions\PD\Substation Houston\130518_Oncor_Goldsmith_Sub_WA13T61039"
"000000009598E9A20E04F041B38518182890A2D50100A3DF33FCC9BD1644BD14FCA330AA978500001CD89DD40000"	"\Divisions\PD\Substation Houston\131476_AEP_East_Ottawa_PVID#_33697"
"000000009598E9A20E04F041B38518182890A2D50100A3DF33FCC9BD1644BD14FCA330AA97850000260D0A230000"	"\Divisions\PD\Substation Houston\132133_AEP_Ruth_Station_PVID#_38295\SUBMITTED MATERIAL REQUESTS"
"000000009598E9A20E04F041B38518182890A2D50100A3DF33FCC9BD1644BD14FCA330AA978500001F9F0DCC0000"	"\Divisions\PD\Substation Houston\132603_AEP_Logan Station_39799"
"000000009598E9A20E04F041B38518182890A2D50100A3DF33FCC9BD1644BD14FCA330AA978500001E286F5D0000"	"\Divisions\PD\Substation Houston\133581_GVEC_Smiley Subs"
"000000009598E9A20E04F041B38518182890A2D50100A3DF33FCC9BD1644BD14FCA330AA978500001F9D58BD0000"	"\Divisions\PD\Substation Houston\134056_AEP_Logan_40795"
"000000009598E9A20E04F041B38518182890A2D50100A3DF33FCC9BD1644BD14FCA330AA97850000253FC0690000"	"\Divisions\PD\Substation Houston\134396_AEP_POUND_42218323_PVID 40561"
"000000009598E9A20E04F041B38518182890A2D50100A3DF33FCC9BD1644BD14FCA330AA978500001EEAD5830000"	"\Divisions\PD\Substation Houston\135508_Oncor_Alvarado Sub_WA#14T62059"
"000000009598E9A20E04F041B38518182890A2D50100A3DF33FCC9BD1644BD14FCA330AA9785000020F3016C0000"	"\Divisions\PD\Substation Houston\136720_Oncor_Westbrook Sub_15T61006"
"000000009598E9A20E04F041B38518182890A2D50100A3DF33FCC9BD1644BD14FCA330AA9785000028498CED0000"	"\Divisions\PD\Substation Houston\137758_AEP_Telecom Mesa_PVID#17583"
"000000009598E9A20E04F041B38518182890A2D50100A3DF33FCC9BD1644BD14FCA330AA9785000023378BAC0000"	"\Divisions\PD\Substation Houston\138705_Oncor_Troup Sub_WA#15T64058"
"000000009598E9A20E04F041B38518182890A2D50100A3DF33FCC9BD1644BD14FCA330AA978500002424A4EF0000"	"\Divisions\PD\Substation Houston\139317_Shamburger Line Term_Oncor_WA#"
"000000009598E9A20E04F041B38518182890A2D50100A3DF33FCC9BD1644BD14FCA330AA9785000026B0A6D60000"	"\Divisions\PD\Substation Houston\139958_Oncor_Sherry Switch Fiber Install_WA#16T62029"
"000000009598E9A20E04F041B38518182890A2D50100A3DF33FCC9BD1644BD14FCA330AA9785000027B1D2BE0000"	"\Divisions\PD\Substation Houston\140681_AEP_Telecom Chippewa SW_PVID#11118"
"000000009598E9A20E04F041B38518182890A2D50100A3DF33FCC9BD1644BD14FCA330AA978500002849909B0000"	"\Divisions\PD\Substation Houston\140766_AEP_Telecom Mingo_PVID#14070"
"000000009598E9A20E04F041B38518182890A2D50100A3DF33FCC9BD1644BD14FCA330AA978500002934AD130000"	"\Divisions\PD\Substation Houston\141157_Oncor_Comanche Pk Rplc CB 7980"
"000000009598E9A20E04F041B38518182890A2D50100A3DF33FCC9BD1644BD14FCA330AA978500002B74F4730000"	"\Divisions\PD\Substation Houston\141582_Xcel_Canyon West V05 Precomm"
"000000009598E9A20E04F041B38518182890A2D50100A3DF33FCC9BD1644BD14FCA330AA978500002B78CA620000"	"\Divisions\PD\Substation Houston\142252_Xcel_Wade Precommissioning TAM"
"000000009598E9A20E04F041B38518182890A2D50100A3DF33FCC9BD1644BD14FCA330AA978500002CA273930000"	"\Divisions\PD\Substation Houston\142640_AEP_Telecom Whirlpool_PVID#13174"
"000000009598E9A20E04F041B38518182890A2D5010012225CC57BF01F4EA8CCA87A792FF35F000049C4B1920000"	"\Divisions\PD\Substation Houston\143978_Xcel_Wheeler - 115kV TAM Precomm"
"000000009598E9A20E04F041B38518182890A2D5010012225CC57BF01F4EA8CCA87A792FF35F0000672391550000"	"\Divisions\PD\Substation Houston\144662_Oncor_Randol Mill Sub Add Ln_WA#17T62048"
"000000009598E9A20E04F041B38518182890A2D5010012225CC57BF01F4EA8CCA87A792FF35F0000E788789A0000"	"\Divisions\PD\Substation Houston\145729_Xcel_Price-115-12.5 Xfmr Com Prcmm"
"000000009598E9A20E04F041B38518182890A2D5010012225CC57BF01F4EA8CCA87A792FF35F0000C1E83DB90000"	"\Divisions\PD\Substation Houston\146512_Oncor_Culberson Sub: 138 Ln Term_WA# TBD"
"000000009598E9A20E04F041B38518182890A2D5010012225CC57BF01F4EA8CCA87A792FF35F0000EF4E79A30000"	"\Divisions\PD\Substation Houston\147500_Oncor_Comanche Peak_WA#"
"000000009598E9A20E04F041B38518182890A2D5010012225CC57BF01F4EA8CCA87A792FF35F00011C66FF470000"	"\Divisions\PD\Substation Houston\148557_PPL Electric_Epal-Acahela Apgw TLine"
"000000009598E9A20E04F041B38518182890A2D50100E34BFE500669CD49AC2E27C6C54DE39D0000003B82CA0000"	"\Divisions\PD\Substation Houston\BESS"
"000000009598E9A20E04F041B38518182890A2D50100E34BFE500669CD49AC2E27C6C54DE39D00000020FD820000"	"\Divisions\PD\Substation Houston\CLOSED_116741_Oncor_Hicks_12T62001"
"000000009598E9A20E04F041B38518182890A2D501001953B16A689BCD4AA8FC82955DB27CB100000149735F0000"	"\Divisions\PD\Substation Houston\CLOSED_116741_Oncor_Hicks_12T62001\Oncor Order Forms\Switches"
"000000009598E9A20E04F041B38518182890A2D50100A3DF33FCC9BD1644BD14FCA330AA978500001BF144F30000"	"\Divisions\PD\Substation Houston\CLOSED_116769_Oncor_Central_Bluff_WA10T63008\10T63008 MATERIAL\RTU"
"000000009598E9A20E04F041B38518182890A2D50100E34BFE500669CD49AC2E27C6C54DE39D000000383EDC0000"	"\Divisions\PD\Substation Houston\CLOSED_116940_Oncor_Dermott_WA11T63004\AEP"
"000000009598E9A20E04F041B38518182890A2D50100E34BFE500669CD49AC2E27C6C54DE39D00000028F4E50000"	"\Divisions\PD\Substation Houston\CLOSED_116940_Oncor_Dermott_WA11T63004\Preliminary Plan"
"000000009598E9A20E04F041B38518182890A2D50100A3DF33FCC9BD1644BD14FCA330AA97850000172A87E40000"	"\Divisions\PD\Substation Houston\CLOSED_117361_Oncor_Elm_Mott_09T64076"
"000000009598E9A20E04F041B38518182890A2D50100A3DF33FCC9BD1644BD14FCA330AA9785000015D960C90000"	"\Divisions\PD\Substation Houston\CLOSED_118024_Oncor_Whitney_10T64077\117608_Oncor_Comanche_Peak_WA09T62112\In-Service and Completion Reports"
"000000009598E9A20E04F041B38518182890A2D50100A3DF33FCC9BD1644BD14FCA330AA978500001D9048D90000"	"\Divisions\PD\Substation Houston\CLOSED_119866_Oncor_Venus_WA11T65208\EMT Orders\Order Issues"
"000000009598E9A20E04F041B38518182890A2D50100A3DF33FCC9BD1644BD14FCA330AA978500001B87AAE50000"	"\Divisions\PD\Substation Houston\CLOSED_120018_Oncor_Lamesa_11T63116"
"000000009598E9A20E04F041B38518182890A2D50100A3DF33FCC9BD1644BD14FCA330AA978500001D9192A00000"	"\Divisions\PD\Substation Houston\CLOSED_120157_Oncor_Com Pk_10T62233_ADD TO PST\Resistors"
"000000009598E9A20E04F041B38518182890A2D50100A3DF33FCC9BD1644BD14FCA330AA978500001D956A260000"	"\Divisions\PD\Substation Houston\CLOSED_120468_Oncor_Cedar Hill_11T65217_ADD TO PST\Ship Dates"
"000000009598E9A20E04F041B38518182890A2D50100A3DF33FCC9BD1644BD14FCA330AA978500001D953B8E0000"	"\Divisions\PD\Substation Houston\CLOSED_121161_Oncor_Big Brown_10T64321\AC and DC Breakers"
"000000009598E9A20E04F041B38518182890A2D501001953B16A689BCD4AA8FC82955DB27CB1000001B75C7C0000"	"\Divisions\PD\Substation Houston\CLOSED_122786_Oncor_Brown_11T62246\FAR Reports"
"000000009598E9A20E04F041B38518182890A2D50100A3DF33FCC9BD1644BD14FCA330AA9785000017069F920000"	"\Divisions\PD\Substation Houston\CLOSED_123827_Oncor_Lake_Wichita_12T62211\In-Service Reports"
"000000009598E9A20E04F041B38518182890A2D501001953B16A689BCD4AA8FC82955DB27CB1000001C4BBAA0000"	"\Divisions\PD\Substation Houston\CLOSED_124606_Xcel_Energy_Amarillo_South\Contract"
"000000009598E9A20E04F041B38518182890A2D50100A3DF33FCC9BD1644BD14FCA330AA9785000015C391970000"	"\Divisions\PD\Substation Houston\CLOSED_125199_GVEC_Lindenau"
"000000009598E9A20E04F041B38518182890A2D50100A3DF33FCC9BD1644BD14FCA330AA97850000175CE2B70000"	"\Divisions\PD\Substation Houston\CLOSED_126640_138kV_Southwest_Orla_Poi_WA12T63166\Control House"
"000000009598E9A20E04F041B38518182890A2D50100A3DF33FCC9BD1644BD14FCA330AA978500001A2EF54D0000"	"\Divisions\PD\Substation Houston\CLOSED_130664_Xcel_SPS_General_Engineering"
"000000009598E9A20E04F041B38518182890A2D50100E34BFE500669CD49AC2E27C6C54DE39D0000001ABFC20000"	"\Divisions\PD\Substation Houston\Oncor-Elgin\Reactors\Trench"
"000000009598E9A20E04F041B38518182890A2D5010012225CC57BF01F4EA8CCA87A792FF35F0000BBEFC03A0000"	"\Divisions\PD\Substation Kansas City\143870 Bluff Creek Substation"
"000000009598E9A20E04F041B38518182890A2D50100A3DF33FCC9BD1644BD14FCA330AA978500002DA2E30B0000"	"\Divisions\PD\Substation Oradell\143150"
"000000009598E9A20E04F041B38518182890A2D50100E34BFE500669CD49AC2E27C6C54DE39D0000003DC12B0000"	"\Divisions\PD\Substation Orlando\122445 Sub 33 Xfrmr Addition"
"000000009598E9A20E04F041B38518182890A2D50100A3DF33FCC9BD1644BD14FCA330AA97850000203DA7F80000"	"\Divisions\PD\Substation Orlando\136383 DEF-DELAND RTU REPLACEMENT"
"000000009598E9A20E04F041B38518182890A2D5010012225CC57BF01F4EA8CCA87A792FF35F00035F4DE0170000"	"\Divisions\PD\Substation Overland Park\Out of Office - OPK Substation Dept"
"000000009598E9A20E04F041B38518182890A2D50100A3DF33FCC9BD1644BD14FCA330AA978500001D9BC29B0000"	"\Divisions\PD\Substation Phoenix\134027 TEP Ya-Ta-Hey PNM IS & FC"
"000000009598E9A20E04F041B38518182890A2D5010012225CC57BF01F4EA8CCA87A792FF35F00004FC9CFE90000"	"\Divisions\PD\Substation Phoenix\144396 Two Basins Prelim Sub Scoping"
"000000009598E9A20E04F041B38518182890A2D5010012225CC57BF01F4EA8CCA87A792FF35F0001D805B9630000"	"\Divisions\PD\Substation Phoenix\153357 - Buffalo Ridge - J790 Interc MTR"
"000000009598E9A20E04F041B38518182890A2D5010012225CC57BF01F4EA8CCA87A792FF35F00024EA61BBE0000"	"\Divisions\PD\Substation Phoenix\155079 J970 INTERCONNECT - DELTA SITE"
"000000009598E9A20E04F041B38518182890A2D5010012225CC57BF01F4EA8CCA87A792FF35F00037F0314AF0000"	"\Divisions\PD\Substation Phoenix\164396 P-LEETSDALE SECURITY COMM"
"000000009598E9A20E04F041B38518182890A2D5010064CEE54672FD844491A13B5C6CAEE87D0000002F1E990000"	"\Divisions\PD\Substation Portland\117785_P'Corp_Pinto OEM RVW\AREVA Contract Pinto 2009-10"
"000000009598E9A20E04F041B38518182890A2D5010064CEE54672FD844491A13B5C6CAEE87D0000002FF5660000"	"\Divisions\PD\Substation Portland\119694_P'Corp_SPCC AST-OWS Proj"
"000000009598E9A20E04F041B38518182890A2D5010064CEE54672FD844491A13B5C6CAEE87D00000033F8D00000"	"\Divisions\PD\Substation Portland\120600_PCORP GOSHEN-GRACE LN CLEAR"
"000000009598E9A20E04F041B38518182890A2D5010064CEE54672FD844491A13B5C6CAEE87D0000003652670000"	"\Divisions\PD\Substation Portland\121196_PCORP_JORDAN_SUBSTATION"
"000000009598E9A20E04F041B38518182890A2D5010064CEE54672FD844491A13B5C6CAEE87D00000039405A0000"	"\Divisions\PD\Substation Portland\121732_NLIGHT_NORTH_STAR_SOLAR_LLC"
"000000009598E9A20E04F041B38518182890A2D5010064CEE54672FD844491A13B5C6CAEE87D00000039FFEF0000"	"\Divisions\PD\Substation Portland\121981_P_ELKTON_345_RPLC_CB_4900"
"000000009598E9A20E04F041B38518182890A2D5010064CEE54672FD844491A13B5C6CAEE87D0000003BBD060000"	"\Divisions\PD\Substation Portland\122297_PLATTE_REPLACE_RECT"
"000000009598E9A20E04F041B38518182890A2D50100CB7D9B6512D7374A860FE542D57703920000011615BE0000"	"\Divisions\PD\Substation Portland\122725_BPA_ALVEY_DFR_REPL "
"000000009598E9A20E04F041B38518182890A2D50100CB7D9B6512D7374A860FE542D57703920000011997B90000"	"\Divisions\PD\Substation Portland\122893_P_KILLEEN_W_FT_HOOD_TERM_UPG"
"000000009598E9A20E04F041B38518182890A2D501001953B16A689BCD4AA8FC82955DB27CB1000000E6DFA70000"	"\Divisions\PD\Substation Portland\123783 P'CORP CANYON COMP SUB"
"000000009598E9A20E04F041B38518182890A2D50100A3DF33FCC9BD1644BD14FCA330AA9785000017646F990000"	"\Divisions\PD\Substation Portland\124067 ALBER HILL"
"000000009598E9A20E04F041B38518182890A2D501001953B16A689BCD4AA8FC82955DB27CB10000016CE20F0000"	"\Divisions\PD\Substation Portland\124174 P'CORP NERC LN (P02) RATINGS"
"000000009598E9A20E04F041B38518182890A2D501001953B16A689BCD4AA8FC82955DB27CB1000001BB87B70000"	"\Divisions\PD\Substation Portland\124529 P'CORP NERC LINE B39 RATINGS"
"000000009598E9A20E04F041B38518182890A2D50100A3DF33FCC9BD1644BD14FCA330AA978500000E74D1B20000"	"\Divisions\PD\Substation Portland\125215 STEC Tilden 138kV Ringbus & Dist Sub"
"000000009598E9A20E04F041B38518182890A2D50100A3DF33FCC9BD1644BD14FCA330AA9785000015E4B7290000"	"\Divisions\PD\Substation Portland\126026 P'CORP DJ-PILOT BUTTE CS-1D2"
"000000009598E9A20E04F041B38518182890A2D50100A3DF33FCC9BD1644BD14FCA330AA9785000016F750BC0000"	"\Divisions\PD\Substation Portland\126558 P'CORP NERC LN B05 RATING"
"000000009598E9A20E04F041B38518182890A2D50100A3DF33FCC9BD1644BD14FCA330AA97850000170485260000"	"\Divisions\PD\Substation Portland\126615 P'CORP NERC LN WI02 RATINGS"
"000000009598E9A20E04F041B38518182890A2D50100A3DF33FCC9BD1644BD14FCA330AA97850000176645280000"	"\Divisions\PD\Substation Portland\127533 P'CORP NERC BB12 LINE RATING"
"000000009598E9A20E04F041B38518182890A2D50100A3DF33FCC9BD1644BD14FCA330AA978500001AA00EC40000"	"\Divisions\PD\Substation Portland\127772 GC COL-RF-LAR T-LINE SAS SPRT"
"000000009598E9A20E04F041B38518182890A2D50100A3DF33FCC9BD1644BD14FCA330AA97850000184B862C0000"	"\Divisions\PD\Substation Portland\128183 P'CORP CHEHALIS GSU#1 FDN"
"000000009598E9A20E04F041B38518182890A2D50100A3DF33FCC9BD1644BD14FCA330AA9785000018A4E3980000"	"\Divisions\PD\Substation Portland\128764 PGE - RIVERGATE SUBSTATION"
"000000009598E9A20E04F041B38518182890A2D50100A3DF33FCC9BD1644BD14FCA330AA9785000018E602D80000"	"\Divisions\PD\Substation Portland\129145 P'CORP KNOTT-DESIGN INC 11.7KV"
"000000009598E9A20E04F041B38518182890A2D50100A3DF33FCC9BD1644BD14FCA330AA97850000197AAB680000"	"\Divisions\PD\Substation Portland\129678 CIRCLEVILLE INSTL 138KV 33880"
"000000009598E9A20E04F041B38518182890A2D50100A3DF33FCC9BD1644BD14FCA330AA9785000019BAA9420000"	"\Divisions\PD\Substation Portland\130429 FASTORIA EQUIP RETIRE 37937"
"000000009598E9A20E04F041B38518182890A2D50100A3DF33FCC9BD1644BD14FCA330AA978500001A2221F00000"	"\Divisions\PD\Substation Portland\130716 PNM RIO PUERCO SVC OE PHASE I"
"000000009598E9A20E04F041B38518182890A2D50100A3DF33FCC9BD1644BD14FCA330AA978500001AB92C1D0000"	"\Divisions\PD\Substation Portland\131458 ADAMS: NEW 138 KBKR PVID 34102"
"000000009598E9A20E04F041B38518182890A2D50100A3DF33FCC9BD1644BD14FCA330AA978500001B36A9A50000"	"\Divisions\PD\Substation Portland\131890 P'CORP DSGN REV- UNION GAP"
"000000009598E9A20E04F041B38518182890A2D50100A3DF33FCC9BD1644BD14FCA330AA9785000023037C3B0000"	"\Divisions\PD\Substation Portland\132308 P BLUFF CRK--RPLC CB 3560\Procurement"
"000000009598E9A20E04F041B38518182890A2D50100A3DF33FCC9BD1644BD14FCA330AA978500001BF1E1480000"	"\Divisions\PD\Substation Portland\132792 HAZARD TRANSCO 40704"
"000000009598E9A20E04F041B38518182890A2D50100A3DF33FCC9BD1644BD14FCA330AA978500001CB0EACE0000"	"\Divisions\PD\Substation Portland\133154 BPA - SYSTEM OP LIMIT PATH 3"
"000000009598E9A20E04F041B38518182890A2D50100A3DF33FCC9BD1644BD14FCA330AA978500001D8075140000"	"\Divisions\PD\Substation Portland\133763 Grundy Station"
"000000009598E9A20E04F041B38518182890A2D50100A3DF33FCC9BD1644BD14FCA330AA978500001DB16CBE0000"	"\Divisions\PD\Substation Portland\134243 P'CORP LATHAM CIVIL DRAFT"
"000000009598E9A20E04F041B38518182890A2D50100A3DF33FCC9BD1644BD14FCA330AA978500001DE4292A0000"	"\Divisions\PD\Substation Portland\134738 P'CORP HELPER SUB D-R 2014"
"000000009598E9A20E04F041B38518182890A2D50100A3DF33FCC9BD1644BD14FCA330AA978500001E4D78CE0000"	"\Divisions\PD\Substation Portland\135060 BPA SATSOP 230KV BUS DIFF RLYS"
"000000009598E9A20E04F041B38518182890A2D50100A3DF33FCC9BD1644BD14FCA330AA97850000230CDBD30000"	"\Divisions\PD\Substation Portland\135487 SCADA MERTZON A13217575"
"000000009598E9A20E04F041B38518182890A2D50100A3DF33FCC9BD1644BD14FCA330AA978500001F1397C30000"	"\Divisions\PD\Substation Portland\135759 P SAGINAW SW: RPLC 138 CB 50"
"000000009598E9A20E04F041B38518182890A2D50100A3DF33FCC9BD1644BD14FCA330AA978500001FA168FD0000"	"\Divisions\PD\Substation Portland\136091 P'CORP FIDDLER'S CANYON SOLAR"
"000000009598E9A20E04F041B38518182890A2D50100A3DF33FCC9BD1644BD14FCA330AA97850000202A45100000"	"\Divisions\PD\Substation Portland\136547 P TYLER WEST:69CB & RLY MODS"
"000000009598E9A20E04F041B38518182890A2D50100A3DF33FCC9BD1644BD14FCA330AA9785000021ACC3AE0000"	"\Divisions\PD\Substation Portland\137478 BPA ALLSTON 500KV RELAY REPL"
"000000009598E9A20E04F041B38518182890A2D50100A3DF33FCC9BD1644BD14FCA330AA9785000022267F3A0000"	"\Divisions\PD\Substation Portland\137922 P'CORP DEVILS SLIDE SCOPING"
"000000009598E9A20E04F041B38518182890A2D50100A3DF33FCC9BD1644BD14FCA330AA97850000230F65970000"	"\Divisions\PD\Substation Portland\138621 P'CORP UAMPS VEYO SUB"
"000000009598E9A20E04F041B38518182890A2D50100A3DF33FCC9BD1644BD14FCA330AA97850000242C7BD90000"	"\Divisions\PD\Substation Portland\139165 P'CORP FRY-HAZELWOOD RELAY"
"000000009598E9A20E04F041B38518182890A2D50100A3DF33FCC9BD1644BD14FCA330AA978500002472ABCF0000"	"\Divisions\PD\Substation Portland\139395 P LOTT SUB: INSTALL 69 CAPS"
"000000009598E9A20E04F041B38518182890A2D50100A3DF33FCC9BD1644BD14FCA330AA97850000258AE9020000"	"\Divisions\PD\Substation Portland\139880 P SAGINAW SWTCH-N MAIN LINE"
"000000009598E9A20E04F041B38518182890A2D50100A3DF33FCC9BD1644BD14FCA330AA9785000026B51D6D0000"	"\Divisions\PD\Substation Portland\140472 BPA VANTAGE-POMONA HTS RELAYS"
"000000009598E9A20E04F041B38518182890A2D50100A3DF33FCC9BD1644BD14FCA330AA9785000027ECBA3D0000"	"\Divisions\PD\Substation Portland\140900 P'CORP WOODLINE SOLAR COLL STN"
"000000009598E9A20E04F041B38518182890A2D50100A3DF33FCC9BD1644BD14FCA330AA978500002A1A6ADE0000"	"\Divisions\PD\Substation Portland\141338 P'CORP DODGE BRIDGE SCADA-COMM"
"000000009598E9A20E04F041B38518182890A2D50100A3DF33FCC9BD1644BD14FCA330AA978500002A1A74280000"	"\Divisions\PD\Substation Portland\141663 JOSHUA FALLS 765KV P14103002"
"000000009598E9A20E04F041B38518182890A2D50100A3DF33FCC9BD1644BD14FCA330AA978500002AAAC80B0000"	"\Divisions\PD\Substation Portland\141998 P BIG BROWN TAP: TRINIDAD LN"
"000000009598E9A20E04F041B38518182890A2D50100A3DF33FCC9BD1644BD14FCA330AA978500002BE4BEE60000"	"\Divisions\PD\Substation Portland\142538 UPPER MARION NOT-1700"
"000000009598E9A20E04F041B38518182890A2D50100A3DF33FCC9BD1644BD14FCA330AA978500002CA80ED40000"	"\Divisions\PD\Substation Portland\142980 P'CORP TURKEY HILL GRND MIT"
"000000009598E9A20E04F041B38518182890A2D50100A3DF33FCC9BD1644BD14FCA330AA978500002DA233F90000"	"\Divisions\PD\Substation Portland\143222 P TERRELL UPG 138 ROYSE LN"
"000000009598E9A20E04F041B38518182890A2D5010012225CC57BF01F4EA8CCA87A792FF35F00000F57EAFB0000"	"\Divisions\PD\Substation Portland\143520 BURHOLME 6610"
"000000009598E9A20E04F041B38518182890A2D5010012225CC57BF01F4EA8CCA87A792FF35F00003945D1AE0000"	"\Divisions\PD\Substation Portland\143963 PGE PMP PLAYBOOK"
"000000009598E9A20E04F041B38518182890A2D5010012225CC57BF01F4EA8CCA87A792FF35F00003F053F860000"	"\Divisions\PD\Substation Portland\144272 P VEST SUB CONVERT TO 138"
"000000009598E9A20E04F041B38518182890A2D5010012225CC57BF01F4EA8CCA87A792FF35F00007754B8BA0000"	"\Divisions\PD\Substation Portland\145099 TELECOM BUCYRUS CNTR A13213214"
"000000009598E9A20E04F041B38518182890A2D5010012225CC57BF01F4EA8CCA87A792FF35F0000A8917AAF0000"	"\Divisions\PD\Substation Portland\146131 P'CORP BONANZA Q577 COLL STN"
"000000009598E9A20E04F041B38518182890A2D5010012225CC57BF01F4EA8CCA87A792FF35F0000EF4E79990000"	"\Divisions\PD\Substation Portland\147502 P DENTON DRIVE CONVERT 138"
"000000009598E9A20E04F041B38518182890A2D5010012225CC57BF01F4EA8CCA87A792FF35F0000FD2CBF360000"	"\Divisions\PD\Substation Portland\147860 UPPER DARBY FIBER ADDITION"
"000000009598E9A20E04F041B38518182890A2D5010012225CC57BF01F4EA8CCA87A792FF35F000127AF8D240000"	"\Divisions\PD\Substation Portland\148806 P'CORP SNOW GOOSE SUB 525KV"
"000000009598E9A20E04F041B38518182890A2D5010012225CC57BF01F4EA8CCA87A792FF35F0001474FC4770000"	"\Divisions\PD\Substation Portland\149125 ITMANN TRANSCO STN P16057017"
"000000009598E9A20E04F041B38518182890A2D5010012225CC57BF01F4EA8CCA87A792FF35F000262142F830000"	"\Divisions\PD\Substation Portland\155374_Xcel_RTCA_W39_XTO"
"000000009598E9A20E04F041B38518182890A2D5010064CEE54672FD844491A13B5C6CAEE87D000000309DEF0000"	"\Divisions\PD\Substation Portland\PacifiCorp Cad Coordination\P&C\UPLOAD DWGS"
"000000009598E9A20E04F041B38518182890A2D5010064CEE54672FD844491A13B5C6CAEE87D000000309DA70000"	"\Divisions\PD\Substation Portland\PacifiCorp Cad Coordination\Physical\review process"
"000000009598E9A20E04F041B38518182890A2D5010012225CC57BF01F4EA8CCA87A792FF35F000118DC9E5C0000"	"\Divisions\PD\Substation Portland\P'CORP PILOT BUTTE NERC PRC"
"000000009598E9A20E04F041B38518182890A2D5010064CEE54672FD844491A13B5C6CAEE87D000000081A690000"	"\Divisions\PD\Substation Portland\Tomball Substation\E&S"
"000000009598E9A20E04F041B38518182890A2D5010064CEE54672FD844491A13B5C6CAEE87D000000081A7A0000"	"\Divisions\PD\Substation Portland\Tomball Substation\Standards"
"000000009598E9A20E04F041B38518182890A2D501001296C725372D7F4B86B758A22EA3141B0000007A6C0B0000"	"\Divisions\PD\Substation San Diego\_DMS Upload\114442 SD Farmer Branch Dist Auto"
"000000009598E9A20E04F041B38518182890A2D50100572FF007A7D6B64CA96E5CFE8E1CC1A4000000180C930000"	"\Divisions\PD\Substation San Diego\_DMS Upload\118063 SDG&E Oil Containment\Esco"
"000000009598E9A20E04F041B38518182890A2D501001296C725372D7F4B86B758A22EA3141B00000076611A0000"	"\Divisions\PD\Substation San Diego\_Generation Projects\110882 SDG&E 2006 RFO OE"
"000000009598E9A20E04F041B38518182890A2D50100A3DF33FCC9BD1644BD14FCA330AA97850000242721BA0000"	"\Divisions\PD\Substation San Diego\_XCEL"
"000000009598E9A20E04F041B38518182890A2D501001953B16A689BCD4AA8FC82955DB27CB10000012FEA150000"	"\Divisions\PD\Substation San Diego\120580 NGRID - BRAYTON"
"000000009598E9A20E04F041B38518182890A2D50100A3DF33FCC9BD1644BD14FCA330AA9785000019A91E5D0000"	"\Divisions\PD\Substation San Diego\121631 IID PROPOSAL"
"000000009598E9A20E04F041B38518182890A2D50100A3DF33FCC9BD1644BD14FCA330AA9785000016B158580000"	"\Divisions\PD\Substation San Diego\122396 AEP Inez\Material"
"000000009598E9A20E04F041B38518182890A2D50100A3DF33FCC9BD1644BD14FCA330AA9785000016C4DF8E0000"	"\Divisions\PD\Substation San Diego\123055 SD KNWD Repl OCB Inst SCADA\IFR"
"000000009598E9A20E04F041B38518182890A2D50100A3DF33FCC9BD1644BD14FCA330AA9785000016FCBB580000"	"\Divisions\PD\Substation San Diego\124464 RTRP 69kV\Freeman"
"000000009598E9A20E04F041B38518182890A2D50100A3DF33FCC9BD1644BD14FCA330AA97850000181C7A620000"	"\Divisions\PD\Substation San Diego\126166 TEP- E.On Valencia"
"000000009598E9A20E04F041B38518182890A2D50100A3DF33FCC9BD1644BD14FCA330AA9785000017DF5B640000"	"\Divisions\PD\Substation San Diego\128039 SDG&E Trans Spec Review"
"000000009598E9A20E04F041B38518182890A2D50100A3DF33FCC9BD1644BD14FCA330AA97850000192BC30F0000"	"\Divisions\PD\Substation San Diego\129259 IID Avenue 58"
"000000009598E9A20E04F041B38518182890A2D50100A3DF33FCC9BD1644BD14FCA330AA978500001A084BAA0000"	"\Divisions\PD\Substation San Diego\130648 SUB AB San Ysidro"
"000000009598E9A20E04F041B38518182890A2D50100A3DF33FCC9BD1644BD14FCA330AA978500001B5A77F10000"	"\Divisions\PD\Substation San Diego\132049 CBM AS-BUILTS Alpine"
"000000009598E9A20E04F041B38518182890A2D50100A3DF33FCC9BD1644BD14FCA330AA978500001D23492D0000"	"\Divisions\PD\Substation San Diego\133470 SDGE Comm Eng Support"
"000000009598E9A20E04F041B38518182890A2D50100A3DF33FCC9BD1644BD14FCA330AA9785000021B590380000"	"\Divisions\PD\Substation San Diego\134849 LADWP LiDAR Survey"
"000000009598E9A20E04F041B38518182890A2D50100A3DF33FCC9BD1644BD14FCA330AA978500001F1775B50000"	"\Divisions\PD\Substation San Diego\135727 TEP McKinley Yah-Ta-Hey Design"
"000000009598E9A20E04F041B38518182890A2D50100A3DF33FCC9BD1644BD14FCA330AA9785000020E4E9630000"	"\Divisions\PD\Substation San Diego\136893 SES CMS3 Sub Trip Event Anal"
"000000009598E9A20E04F041B38518182890A2D50100A3DF33FCC9BD1644BD14FCA330AA9785000022ECC6070000"	"\Divisions\PD\Substation San Diego\138572 SDG&E 2015 ASC AB"
"000000009598E9A20E04F041B38518182890A2D50100A3DF33FCC9BD1644BD14FCA330AA97850000239D593F0000"	"\Divisions\PD\Substation San Diego\139011 SDG&E CBM AB Stuart"
"000000009598E9A20E04F041B38518182890A2D50100A3DF33FCC9BD1644BD14FCA330AA9785000029D1965D0000"	"\Divisions\PD\Substation San Diego\141470 CMS3 RTAC Configuration"
"000000009598E9A20E04F041B38518182890A2D50100A3DF33FCC9BD1644BD14FCA330AA978500002CB8C94B0000"	"\Divisions\PD\Substation San Diego\143027 NRG SOLAR STONE POI SWTCHYRD"
"000000009598E9A20E04F041B38518182890A2D5010012225CC57BF01F4EA8CCA87A792FF35F000297759EF90000"	"\Divisions\PD\Substation San Diego\155019 & 155021 AEP Cabaniss Station"
"000000009598E9A20E04F041B38518182890A2D50100A3DF33FCC9BD1644BD14FCA330AA978500002C0298A70000"	"\Divisions\PD\Substation St. Louis\Substation Schedule"
"000000009598E9A20E04F041B38518182890A2D5010012225CC57BF01F4EA8CCA87A792FF35F00061D7E8E690000"	"\Divisions\POWER Holiday Calendar"
"000000009598E9A20E04F041B38518182890A2D50100A3DF33FCC9BD1644BD14FCA330AA978500001715233D0000"	"\Divisions\Telecom\CenturyLink\resumes"
"000000009598E9A20E04F041B38518182890A2D50100223027F552B4C24798289335B7C646960000001912BF0000"	"\Rec"
"000000009598E9A20E04F041B38518182890A2D5010012225CC57BF01F4EA8CCA87A792FF35F00069E98FB470000"	"\zApplications\ARCPRO Users\ArcPro Calendar(Boi-ArcPro02)"
"000000009598E9A20E04F041B38518182890A2D5010012225CC57BF01F4EA8CCA87A792FF35F00042C1923E00000"	"\zApplications\CadnaA"
"000000009598E9A20E04F041B38518182890A2D5010012225CC57BF01F4EA8CCA87A792FF35F000558F510F40000"	"\zApplications\CDEGS Users\CDEGS\CDEGS"
"000000009598E9A20E04F041B38518182890A2D5010012225CC57BF01F4EA8CCA87A792FF35F00043AFB7D440000"	"\zApplications\Hypersim Users\Hypersim Calendar"
"000000009598E9A20E04F041B38518182890A2D501001296C725372D7F4B86B758A22EA3141B000000420EBF0000"	"\zApplications\PTW Users"
"000000009598E9A20E04F041B38518182890A2D50100A3DF33FCC9BD1644BD14FCA330AA9785000018B1603E0000"	"\zApplications\Windmil"
