"EntryId"	"Identity"
"000000009598E9A20E04F041B38518182890A2D501001296C725372D7F4B86B758A22EA3141B000000004A810000"	"\Divisions"
"000000009598E9A20E04F041B38518182890A2D50100572FF007A7D6B64CA96E5CFE8E1CC1A40000000D5E0D0000"	"\Divisions\ENV\Environmental Anaheim\115245 BARREN RDG-EIR/EIS TA 01"
"000000009598E9A20E04F041B38518182890A2D501006C95E27D1ACA634AA1AADC20796388DD000000DA899A0000"	"\Divisions\ENV\Environmental Anaheim\115245 BARREN RDG-EIR/EIS TA 01\EIS\PDEIS Chapters\CH 7"
"000000009598E9A20E04F041B38518182890A2D501006C95E27D1ACA634AA1AADC20796388DD00000054FDF90000"	"\Divisions\ENV\Environmental Anaheim\115245 BARREN RDG-EIR/EIS TA 01\Meetings"
"000000009598E9A20E04F041B38518182890A2D501006C95E27D1ACA634AA1AADC20796388DD000000DA27030000"	"\Divisions\ENV\Environmental Anaheim\115245 BARREN RDG-EIR/EIS TA 01\Resources\Biology\BA"
"000000009598E9A20E04F041B38518182890A2D50100572FF007A7D6B64CA96E5CFE8E1CC1A40000001A6DDE0000"	"\Divisions\ENV\Environmental Anaheim\117189-TA13 ANF Archaeo Inventory"
"000000009598E9A20E04F041B38518182890A2D50100A3DF33FCC9BD1644BD14FCA330AA97850000173CCDBE0000"	"\Divisions\ENV\Environmental Anaheim\118242 HAIWEE GEOTHERMAL LEASING EIS\EIS\DEIS\Public Meetings"
"000000009598E9A20E04F041B38518182890A2D501006C95E27D1ACA634AA1AADC20796388DD000000E51BDD0000"	"\Divisions\ENV\Environmental Anaheim\118242 HAIWEE GEOTHERMAL LEASING EIS\Resources\Biology"
"000000009598E9A20E04F041B38518182890A2D50100572FF007A7D6B64CA96E5CFE8E1CC1A40000002618570000"	"\Divisions\ENV\Environmental Anaheim\118629 TA41 CLTRL & BIO RSRCS MONIT"
"000000009598E9A20E04F041B38518182890A2D50100572FF007A7D6B64CA96E5CFE8E1CC1A4000000383EE20000"	"\Divisions\ENV\Environmental Anaheim\119811 TA17 BRRTP BIO SURVEYS 2010"
"000000009598E9A20E04F041B38518182890A2D50100572FF007A7D6B64CA96E5CFE8E1CC1A400000067F2910000"	"\Divisions\ENV\Environmental Anaheim\122512 RRG MESA SOLAR CEQA CONSULTANT"
"000000009598E9A20E04F041B38518182890A2D501001953B16A689BCD4AA8FC82955DB27CB1000000FEBE7B0000"	"\Divisions\ENV\Environmental Anaheim\123851 TERRA-GEN COSO WTR PIPELINE"
"000000009598E9A20E04F041B38518182890A2D50100A3DF33FCC9BD1644BD14FCA330AA9785000016D78A200000"	"\Divisions\ENV\Environmental Anaheim\124905 TA01 SCTTRGD-OLYMP - VARIOUS\Cumulative"
"000000009598E9A20E04F041B38518182890A2D501001953B16A689BCD4AA8FC82955DB27CB1000001F768A50000"	"\Divisions\ENV\Environmental Anaheim\125139 TA06 AQUEDUCT OLD TOP RMVL"
"000000009598E9A20E04F041B38518182890A2D50100A3DF33FCC9BD1644BD14FCA330AA97850000173D6F1A0000"	"\Divisions\ENV\Environmental Anaheim\127116 TA09 SYLMAR DEV PROJ DESC"
"000000009598E9A20E04F041B38518182890A2D50100A3DF33FCC9BD1644BD14FCA330AA978500001D7F08BF0000"	"\Divisions\ENV\Environmental Anaheim\130241 TA30 BOUGUET RES OUTFLOW RPT"
"000000009598E9A20E04F041B38518182890A2D50100A3DF33FCC9BD1644BD14FCA330AA978500001F03713E0000"	"\Divisions\ENV\Environmental Anaheim\131310 TA36 BRRTP BIO PRECON PLANS\TA 36 PreCon Plans"
"000000009598E9A20E04F041B38518182890A2D50100A3DF33FCC9BD1644BD14FCA330AA978500001F03A61D0000"	"\Divisions\ENV\Environmental Anaheim\132104 TA41 BRRTP CLTRL RES SRVY/SPPT\TA 41 Cultural"
"000000009598E9A20E04F041B38518182890A2D50100A3DF33FCC9BD1644BD14FCA330AA978500001D9576790000"	"\Divisions\ENV\Environmental Anaheim\134029 TA44 BRRTP HCSS MON PRECON SRV"
"000000009598E9A20E04F041B38518182890A2D50100A3DF33FCC9BD1644BD14FCA330AA97850000236CFA7D0000"	"\Divisions\ENV\Environmental Anaheim\136754 TA04 BRRTP CLTRL RSRCS PRE-CON"
"000000009598E9A20E04F041B38518182890A2D50100A3DF33FCC9BD1644BD14FCA330AA9785000023A49CC50000"	"\Divisions\ENV\Environmental Anaheim\139045 RVRSD CNTY DRAINAGE STUDY"
"000000009598E9A20E04F041B38518182890A2D50100A3DF33FCC9BD1644BD14FCA330AA97850000236E1C270000"	"\Divisions\ENV\Environmental Anaheim\BRRTP Construction"
"000000009598E9A20E04F041B38518182890A2D501001953B16A689BCD4AA8FC82955DB27CB1000001B56FDB0000"	"\Divisions\ENV\Environmental Austin\00-EMAILS TO BE UPLOADED\Gary McClanahan"
"000000009598E9A20E04F041B38518182890A2D50100A3DF33FCC9BD1644BD14FCA330AA9785000017EA46A40000"	"\Divisions\ENV\Environmental Austin\127355 L428 Tap to Sempra"
"000000009598E9A20E04F041B38518182890A2D50100A3DF33FCC9BD1644BD14FCA330AA97850000221A19D00000"	"\Divisions\ENV\Environmental Austin\135607_Yoakum to State Line"
"000000009598E9A20E04F041B38518182890A2D50100A3DF33FCC9BD1644BD14FCA330AA97850000210DE1D40000"	"\Divisions\ENV\Environmental Boise\114809 VANTAGE POMONA HTS SITING\Comments\Public Comments SDEIS"
"000000009598E9A20E04F041B38518182890A2D50100A3DF33FCC9BD1644BD14FCA330AA978500002535D4C70000"	"\Divisions\ENV\Environmental Boise\114809 VANTAGE POMONA HTS SITING\Meetings\BLM"
"000000009598E9A20E04F041B38518182890A2D501001953B16A689BCD4AA8FC82955DB27CB1000000F73FA50000"	"\Divisions\ENV\Environmental Boise\114809 VANTAGE POMONA HTS SITING\Sarah_emails\Vantage Pomona\Biology"
"000000009598E9A20E04F041B38518182890A2D501001953B16A689BCD4AA8FC82955DB27CB1000000F73FB40000"	"\Divisions\ENV\Environmental Boise\114809 VANTAGE POMONA HTS SITING\Sarah_emails\Vantage Pomona\Schedule & Meeting Agendas"
"000000009598E9A20E04F041B38518182890A2D501006C95E27D1ACA634AA1AADC20796388DD0000007196B30000"	"\Divisions\ENV\Environmental Boise\115841 TransWestEnergy"
"000000009598E9A20E04F041B38518182890A2D501001953B16A689BCD4AA8FC82955DB27CB1000000F5AB990000"	"\Divisions\ENV\Environmental Boise\115841 TransWestEnergy\Sarah_emails\TransWest\Insulation Study"
"000000009598E9A20E04F041B38518182890A2D50100A3DF33FCC9BD1644BD14FCA330AA978500001F279B4D0000"	"\Divisions\ENV\Environmental Boise\123934 ELMORE CNTY MYFLD SPRINGS RVW"
"000000009598E9A20E04F041B38518182890A2D50100A3DF33FCC9BD1644BD14FCA330AA978500001DF14EA90000"	"\Divisions\ENV\Environmental Boise\134848 BLM IDAHO SPECIAL PLANT LIST"
"000000009598E9A20E04F041B38518182890A2D50100A3DF33FCC9BD1644BD14FCA330AA978500002D8669860000"	"\Divisions\ENV\Environmental Boise\143165 SNAKE RIVER PHYSA SNAIL ASSESS"
"000000009598E9A20E04F041B38518182890A2D501006C95E27D1ACA634AA1AADC20796388DD00000058F5680000"	"\Divisions\ENV\Environmental Boise\Biology_Dept"
"000000009598E9A20E04F041B38518182890A2D501006C95E27D1ACA634AA1AADC20796388DD0000006B277B0000"	"\Divisions\ENV\Environmental Boise\Biology_Dept\101973 Biology\JRudolph"
"000000009598E9A20E04F041B38518182890A2D501006C95E27D1ACA634AA1AADC20796388DD00000093073B0000"	"\Divisions\ENV\Environmental Boise\Biology_Dept\101973 Biology\proposals\Coso-Sub"
"000000009598E9A20E04F041B38518182890A2D501006C95E27D1ACA634AA1AADC20796388DD00000070275E0000"	"\Divisions\ENV\Environmental Boise\Biology_Dept\DGilmore"
"000000009598E9A20E04F041B38518182890A2D50100A3DF33FCC9BD1644BD14FCA330AA978500000EAAD5160000"	"\Divisions\ENV\Environmental Boise\Geoengineering & Geosciences\GEOENGINEERING AND GEOSCIENCES"
"000000009598E9A20E04F041B38518182890A2D501006C95E27D1ACA634AA1AADC20796388DD00000024D14B0000"	"\Divisions\ENV\Environmental Boise\GSA Contracts\PSE Temp Folder"
"000000009598E9A20E04F041B38518182890A2D50100A3DF33FCC9BD1644BD14FCA330AA978500001A3798060000"	"\Divisions\ENV\Environmental Boise\Laptop upgrade\Santa Barbara Offshore Wind"
"000000009598E9A20E04F041B38518182890A2D50100A3DF33FCC9BD1644BD14FCA330AA978500001BCF31BF0000"	"\Divisions\ENV\Environmental Cincinnati\130774 UNITED DAIRY FARMERS - ENV SUPPORT - 6090 SALEM - SUN"
"000000009598E9A20E04F041B38518182890A2D50100A3DF33FCC9BD1644BD14FCA330AA978500001BD1E16B0000"	"\Divisions\ENV\Environmental Cincinnati\130817 OHIO DEPT OF TRANSPORTATION - BUT-177-10.48 PID 75686 ENCUMB"
"000000009598E9A20E04F041B38518182890A2D50100A3DF33FCC9BD1644BD14FCA330AA978500001BCE11870000"	"\Divisions\ENV\Environmental Cincinnati\130848 ALCOA INC - 2013 SENTINEL SAMPLING SUPPORT"
"000000009598E9A20E04F041B38518182890A2D50100A3DF33FCC9BD1644BD14FCA330AA978500001BCDCB930000"	"\Divisions\ENV\Environmental Cincinnati\130897 MARATHON PETROLEUM COMPANY LP - 2013 OWC 3 PIPE EROSION CNTRL"
"000000009598E9A20E04F041B38518182890A2D50100A3DF33FCC9BD1644BD14FCA330AA978500001BD251660000"	"\Divisions\ENV\Environmental Cincinnati\130986 SANOFI - SLLI 2013 INVEST-SUBUNIT OU1A"
"000000009598E9A20E04F041B38518182890A2D50100A3DF33FCC9BD1644BD14FCA330AA978500001BD270120000"	"\Divisions\ENV\Environmental Cincinnati\131002 SANOFI - SLLI 2013 GRNDWTR WORK PLAN"
"000000009598E9A20E04F041B38518182890A2D50100A3DF33FCC9BD1644BD14FCA330AA978500001BCF2D540000"	"\Divisions\ENV\Environmental Cincinnati\131117 LUXOTTICA - IH MONITOR-TRI-CITIES STORES"
"000000009598E9A20E04F041B38518182890A2D50100A3DF33FCC9BD1644BD14FCA330AA978500001BCF32DA0000"	"\Divisions\ENV\Environmental Cincinnati\131243 UNITED DAIRY FARMERS - ENV RVW 2 SITES-UDF64/UDF17"
"000000009598E9A20E04F041B38518182890A2D50100A3DF33FCC9BD1644BD14FCA330AA978500001BD5D25A0000"	"\Divisions\ENV\Environmental Cincinnati\131261 POWER ENGINEERS INC - PEI TECHNICAL FIELD SUPPORT"
"000000009598E9A20E04F041B38518182890A2D50100A3DF33FCC9BD1644BD14FCA330AA978500001ACD29D90000"	"\Divisions\ENV\Environmental Cincinnati\131503 ALCOA - DRAFT SWP3 & SPECIAL WASTE PERMIT APPS"
"000000009598E9A20E04F041B38518182890A2D50100A3DF33FCC9BD1644BD14FCA330AA978500001BCF2DFE0000"	"\Divisions\ENV\Environmental Cincinnati\131610 METROPOLITAN SEWER DISTRICT - CSO 217/483 PHASE A"
"000000009598E9A20E04F041B38518182890A2D50100A3DF33FCC9BD1644BD14FCA330AA978500001BD271660000"	"\Divisions\ENV\Environmental Cincinnati\131899 SANOFI - SLLI - PH 1405 ARROW LAKE"
"000000009598E9A20E04F041B38518182890A2D50100A3DF33FCC9BD1644BD14FCA330AA978500001BCDCCB20000"	"\Divisions\ENV\Environmental Cincinnati\132251 POWER ENGINEERS CONSULTING, A PSC - DESIGN SUPPORT WILMINGTON"
"000000009598E9A20E04F041B38518182890A2D50100A3DF33FCC9BD1644BD14FCA330AA978500001BCC18700000"	"\Divisions\ENV\Environmental Cincinnati\132616 ALCOA - BP REMED SUPPORT SERVICES"
"000000009598E9A20E04F041B38518182890A2D50100A3DF33FCC9BD1644BD14FCA330AA978500001BF21E400000"	"\Divisions\ENV\Environmental Cincinnati\132802 GIVAUDAN FLAVORS CORP-ETHYL ACETATE MONITOR-EDISON"
"000000009598E9A20E04F041B38518182890A2D50100A3DF33FCC9BD1644BD14FCA330AA978500001D797E5E0000"	"\Divisions\ENV\Environmental Cincinnati\133028 ALCOA INC-ABL GROUNDWATER MODEL"
"000000009598E9A20E04F041B38518182890A2D50100A3DF33FCC9BD1644BD14FCA330AA978500001D2FFE350000"	"\Divisions\ENV\Environmental Cincinnati\133418 UNITED DAIRY FARMERS-UDF 612 TIER 1 SOURCE"
"000000009598E9A20E04F041B38518182890A2D50100A3DF33FCC9BD1644BD14FCA330AA978500001E360B0C0000"	"\Divisions\ENV\Environmental Cincinnati\133634 AK STEEL CORPORATION-AK STEEL 2014 NPDES MONITORING"
"000000009598E9A20E04F041B38518182890A2D50100A3DF33FCC9BD1644BD14FCA330AA978500001DD0B2F90000"	"\Divisions\ENV\Environmental Cincinnati\133826 SANOFI-SLLI PHASE 1700-SUGAR CREEK"
"000000009598E9A20E04F041B38518182890A2D50100A3DF33FCC9BD1644BD14FCA330AA978500001DAA9E760000"	"\Divisions\ENV\Environmental Cincinnati\134175 MARATHON PETROLEUM COMPANY LP-WETLAND PERMIT, SWPPP-SAX"
"000000009598E9A20E04F041B38518182890A2D50100A3DF33FCC9BD1644BD14FCA330AA978500001DDB1DB70000"	"\Divisions\ENV\Environmental Cincinnati\134589 UNITED DAIRY FARMERS-UDF 115 WELL SEALING"
"000000009598E9A20E04F041B38518182890A2D50100A3DF33FCC9BD1644BD14FCA330AA978500001E2A63AF0000"	"\Divisions\ENV\Environmental Cincinnati\134957 UNITED DAIRY FARMERS-UDF 058 PIPE CLOSURE"
"000000009598E9A20E04F041B38518182890A2D50100A3DF33FCC9BD1644BD14FCA330AA978500001E7CC0140000"	"\Divisions\ENV\Environmental Cincinnati\135264 SANOFI-SLLI PH 203 WELL ABANDONMENT"
"000000009598E9A20E04F041B38518182890A2D50100A3DF33FCC9BD1644BD14FCA330AA978500001EF474030000"	"\Divisions\ENV\Environmental Cincinnati\135617 THE PROCTER & GAMBLE COMPANY-MSD SAMPLING 2014-2015 - WHBC"
"000000009598E9A20E04F041B38518182890A2D50100A3DF33FCC9BD1644BD14FCA330AA978500001F1CF1070000"	"\Divisions\ENV\Environmental Cincinnati\135819 MARATHON PETROLEUM COMPANY LP-R-O-W ENV ASSMENT"
"000000009598E9A20E04F041B38518182890A2D50100A3DF33FCC9BD1644BD14FCA330AA978500001F98F4630000"	"\Divisions\ENV\Environmental Cincinnati\136106 UNITED DAIRY FARMERS-UDF 031 HAMILTON DISCHARGE"
"000000009598E9A20E04F041B38518182890A2D50100A3DF33FCC9BD1644BD14FCA330AA978500001FFF3BD40000"	"\Divisions\ENV\Environmental Cincinnati\136310 UNITED DAIRY FARMERS-UDF 631 GROVE CITY GW SAMPLING"
"000000009598E9A20E04F041B38518182890A2D50100A3DF33FCC9BD1644BD14FCA330AA97850000207937050000"	"\Divisions\ENV\Environmental Cincinnati\136628 ALCOA INC-DUCK SPRING EROSION CONTROL"
"000000009598E9A20E04F041B38518182890A2D50100A3DF33FCC9BD1644BD14FCA330AA97850000218EBD900000"	"\Divisions\ENV\Environmental Cincinnati\137368 UNITED DAIRY FARMERS-UDF 143 MASON - TIER 1 INVEST"
"000000009598E9A20E04F041B38518182890A2D50100A3DF33FCC9BD1644BD14FCA330AA9785000021D0EF640000"	"\Divisions\ENV\Environmental Cincinnati\137651 KENTON COUNTY AIRPORT BOARD-PHASE II ESI"
"000000009598E9A20E04F041B38518182890A2D50100A3DF33FCC9BD1644BD14FCA330AA978500002214C2770000"	"\Divisions\ENV\Environmental Cincinnati\137911 UNITED DAIRY FARMERS-UDF 033 CAV WATER DIS PERMIT"
"000000009598E9A20E04F041B38518182890A2D50100A3DF33FCC9BD1644BD14FCA330AA978500002286AA420000"	"\Divisions\ENV\Environmental Cincinnati\138457 SANOFI-SLLI PH 102 GENERAL AREAS"
"000000009598E9A20E04F041B38518182890A2D50100A3DF33FCC9BD1644BD14FCA330AA97850000230669170000"	"\Divisions\ENV\Environmental Cincinnati\138708 CH2M HILL-GE UST CLOSURE"
"000000009598E9A20E04F041B38518182890A2D50100A3DF33FCC9BD1644BD14FCA330AA9785000023C7E70D0000"	"\Divisions\ENV\Environmental Cincinnati\139085 UNITED DAIRY FARMERS-UDF KEMPER BOSS 100 INJ E SIDE"
"000000009598E9A20E04F041B38518182890A2D50100A3DF33FCC9BD1644BD14FCA330AA97850000249F7F1A0000"	"\Divisions\ENV\Environmental Cincinnati\139487 ALCOA INC-2015 SKIMMER SYSTEMS O&M"
"000000009598E9A20E04F041B38518182890A2D50100A3DF33FCC9BD1644BD14FCA330AA978500001B25DE0E0000"	"\Divisions\ENV\Environmental Cincinnati\Contacts"
"000000009598E9A20E04F041B38518182890A2D50100A3DF33FCC9BD1644BD14FCA330AA978500001BA173A60000"	"\Divisions\ENV\Environmental Cincinnati\Truck #280 (Silverado) - Cincinnati"
"000000009598E9A20E04F041B38518182890A2D50100A3DF33FCC9BD1644BD14FCA330AA97850000170CDB6F0000"	"\Divisions\ENV\Environmental Freeport\126690 FRUDENBERG-NOK-COMPL & PERMIT SVCS"
"000000009598E9A20E04F041B38518182890A2D50100A3DF33FCC9BD1644BD14FCA330AA97850000177598820000"	"\Divisions\ENV\Environmental Freeport\127850 B&G FOODS CORPORATE PROJECTS"
"000000009598E9A20E04F041B38518182890A2D50100A3DF33FCC9BD1644BD14FCA330AA97850000295683300000"	"\Divisions\ENV\Environmental Freeport\141444 ENV LEIVASY QUINWOOD P12002150"
"000000009598E9A20E04F041B38518182890A2D5010012225CC57BF01F4EA8CCA87A792FF35F00072F1FD0E40000"	"\Divisions\ENV\Environmental Freeport\BU54 Milestones\BU54 Milestones"
"000000009598E9A20E04F041B38518182890A2D50100A3DF33FCC9BD1644BD14FCA330AA978500001F220FB20000"	"\Divisions\ENV\Environmental Freeport\CLOSED PROJECTS\131223 UMAINE FY14 PT 70 LIC MOD"
"000000009598E9A20E04F041B38518182890A2D50100A3DF33FCC9BD1644BD14FCA330AA978500001EEF757C0000"	"\Divisions\ENV\Environmental Freeport\CLOSED PROJECTS\132782 UMAINE BOILER NESHAP COMPLY"
"000000009598E9A20E04F041B38518182890A2D50100A3DF33FCC9BD1644BD14FCA330AA978500002A9DBC1F0000"	"\Divisions\ENV\Environmental Freeport\CLOSED PROJECTS\136004_SEA-3_2015_REPORTING"
"000000009598E9A20E04F041B38518182890A2D50100A3DF33FCC9BD1644BD14FCA330AA9785000023772DD60000"	"\Divisions\ENV\Environmental Freeport\CLOSED PROJECTS\138869 SNHU-OIL SPCC PLAN"
"000000009598E9A20E04F041B38518182890A2D5010012225CC57BF01F4EA8CCA87A792FF35F000084D9B9EB0000"	"\Divisions\ENV\Environmental Freeport\CLOSED PROJECTS\140596 FNST-NOK MTC OIL STORAGE & TRI REV"
"000000009598E9A20E04F041B38518182890A2D50100A3DF33FCC9BD1644BD14FCA330AA978500002CBB8B8E0000"	"\Divisions\ENV\Environmental Freeport\CLOSED PROJECTS\143029 MMC-LINEN AIR LICENSING"
"000000009598E9A20E04F041B38518182890A2D5010012225CC57BF01F4EA8CCA87A792FF35F00007754B8720000"	"\Divisions\ENV\Environmental Freeport\CLOSED PROJECTS\145064_VNA-CY2017_SERVICES"
"000000009598E9A20E04F041B38518182890A2D5010012225CC57BF01F4EA8CCA87A792FF35F0000ED289A3D0000"	"\Divisions\ENV\Environmental Freeport\CLOSED PROJECTS\147520 UMAINE-FY18 AIR REPORT"
"000000009598E9A20E04F041B38518182890A2D5010012225CC57BF01F4EA8CCA87A792FF35F000164FDF4430000"	"\Divisions\ENV\Environmental Freeport\CLOSED PROJECTS\149892_EMHS_AIR_PERMITTING"
"000000009598E9A20E04F041B38518182890A2D5010012225CC57BF01F4EA8CCA87A792FF35F00019F01D1610000"	"\Divisions\ENV\Environmental Freeport\CLOSED PROJECTS\151860_FNST_BRISTOL_VE_TESTING"
"000000009598E9A20E04F041B38518182890A2D50100572FF007A7D6B64CA96E5CFE8E1CC1A4000000395FCB0000"	"\Divisions\ENV\Environmental Freeport\X Drives"
"000000009598E9A20E04F041B38518182890A2D501001296C725372D7F4B86B758A22EA3141B00000080257A0000"	"\Divisions\ENV\Environmental Hailey\114866 Big Bend"
"000000009598E9A20E04F041B38518182890A2D50100A3DF33FCC9BD1644BD14FCA330AA978500001F0DFA6A0000"	"\Divisions\ENV\Environmental Hailey\115841 - TWE\Draft_DEIS_POD\Received from TWE"
"000000009598E9A20E04F041B38518182890A2D50100A3DF33FCC9BD1644BD14FCA330AA978500001F1931400000"	"\Divisions\ENV\Environmental Hailey\117390 - BHP Teckla - Osage - Rapid City 230kV\Biology"
"000000009598E9A20E04F041B38518182890A2D50100572FF007A7D6B64CA96E5CFE8E1CC1A40000005957780000"	"\Divisions\ENV\Environmental Hailey\118242 - Haiwee"
"000000009598E9A20E04F041B38518182890A2D501001953B16A689BCD4AA8FC82955DB27CB1000001B4D1530000"	"\Divisions\ENV\Environmental Hailey\124186_EGS"
"000000009598E9A20E04F041B38518182890A2D501001953B16A689BCD4AA8FC82955DB27CB1000001E696BA0000"	"\Divisions\ENV\Environmental Hailey\124186_EGS\Intermap & Paragon Data"
"000000009598E9A20E04F041B38518182890A2D50100A3DF33FCC9BD1644BD14FCA330AA978500000E7D9C370000"	"\Divisions\ENV\Environmental Hailey\124186_EGS\Line Dept\Requested Tasks"
"000000009598E9A20E04F041B38518182890A2D50100A3DF33FCC9BD1644BD14FCA330AA978500001F2B4C700000"	"\Divisions\ENV\Environmental Hailey\124186_EGS\PPM\LAF_NewForm_2014\LAF Questions N Conversations"
"000000009598E9A20E04F041B38518182890A2D501001953B16A689BCD4AA8FC82955DB27CB1000001B75CE00000"	"\Divisions\ENV\Environmental Hailey\124186_EGS\Projection Discussion"
"000000009598E9A20E04F041B38518182890A2D50100A3DF33FCC9BD1644BD14FCA330AA978500001AFCAAA10000"	"\Divisions\ENV\Environmental Hailey\124354 RIVER RD TO BARBER ENGR"
"000000009598E9A20E04F041B38518182890A2D50100A3DF33FCC9BD1644BD14FCA330AA978500001F1AC6520000"	"\Divisions\ENV\Environmental Hailey\126564 - Bagby-Reed\Route Selection"
"000000009598E9A20E04F041B38518182890A2D50100A3DF33FCC9BD1644BD14FCA330AA978500001B7F2D0E0000"	"\Divisions\ENV\Environmental Hailey\128143 - R-Project (NPPD)\PWC Notifications"
"000000009598E9A20E04F041B38518182890A2D50100A3DF33FCC9BD1644BD14FCA330AA978500001F0D511F0000"	"\Divisions\ENV\Environmental Hailey\131728 - BBIP\Draft Submitted"
"000000009598E9A20E04F041B38518182890A2D50100572FF007A7D6B64CA96E5CFE8E1CC1A40000001BBDE60000"	"\Divisions\ENV\Environmental Hailey\NPPD\NPPD Calendar"
"000000009598E9A20E04F041B38518182890A2D50100A3DF33FCC9BD1644BD14FCA330AA97850000192886A40000"	"\Divisions\ENV\Environmental Houston\118523_LCRA_Pkwy_To_FM_482_138kV\vLisovicz"
"000000009598E9A20E04F041B38518182890A2D50100E34BFE500669CD49AC2E27C6C54DE39D0000004083F60000"	"\Divisions\ENV\Environmental Houston\Houston Enviro Group"
"000000009598E9A20E04F041B38518182890A2D50100A3DF33FCC9BD1644BD14FCA330AA9785000025EF7F870000"	"\Divisions\ENV\Environmental Knoxville\140087 MARATHON PETROLEUM CORPORATION-WETLAND/STREAM SURVEY"
"000000009598E9A20E04F041B38518182890A2D50100CB7D9B6512D7374A860FE542D57703920000010F65E10000"	"\Divisions\ENV\Environmental Phoenix\122614 Kinney Rd Arch Survey"
"000000009598E9A20E04F041B38518182890A2D50100CB7D9B6512D7374A860FE542D57703920000011C27570000"	"\Divisions\ENV\Environmental Phoenix\122940 9th Ave & 6th Ave at 19th St"
"000000009598E9A20E04F041B38518182890A2D50100A3DF33FCC9BD1644BD14FCA330AA978500001B2DA5AA0000"	"\Divisions\ENV\Environmental Phoenix\126996 CALPECO\Visual"
"000000009598E9A20E04F041B38518182890A2D50100A3DF33FCC9BD1644BD14FCA330AA97850000198D5C4B0000"	"\Divisions\ENV\Environmental Phoenix\129244 CL_E.398916 S WILMOT RD "
"000000009598E9A20E04F041B38518182890A2D50100A3DF33FCC9BD1644BD14FCA330AA978500001B3B75FB0000"	"\Divisions\ENV\Environmental Phoenix\131923_CL E.428571 SR90 BENSON SWPPP "
"000000009598E9A20E04F041B38518182890A2D50100A3DF33FCC9BD1644BD14FCA330AA978500001B72BE1D0000"	"\Divisions\ENV\GIS-AMS\132155 PSE Eastside 230 Project"
"000000009598E9A20E04F041B38518182890A2D501006C95E27D1ACA634AA1AADC20796388DD000000812ADF0000"	"\Divisions\ENV\Public Outreach and Communication\111368 MATL"
"000000009598E9A20E04F041B38518182890A2D501006C95E27D1ACA634AA1AADC20796388DD0000006EF7200000"	"\Divisions\ENV\Public Outreach and Communication\117294 NPPD_Boards"
"000000009598E9A20E04F041B38518182890A2D501006C95E27D1ACA634AA1AADC20796388DD000000A778BA0000"	"\Divisions\ENV\Public Outreach and Communication\119417 Panoche Valley Glint & Glare Study"
"000000009598E9A20E04F041B38518182890A2D50100CB7D9B6512D7374A860FE542D57703920000011DB9190000"	"\Divisions\ENV\Public Outreach and Communication\121562 Silverado Power"
"000000009598E9A20E04F041B38518182890A2D50100A3DF33FCC9BD1644BD14FCA330AA9785000018DE82CA0000"	"\Divisions\ENV\Public Outreach and Communication\123456 description"
"000000009598E9A20E04F041B38518182890A2D50100A3DF33FCC9BD1644BD14FCA330AA9785000018DC86EC0000"	"\Divisions\ENV\Public Outreach and Communication\124493 RRG Palo Verde Mesa1"
"000000009598E9A20E04F041B38518182890A2D50100A3DF33FCC9BD1644BD14FCA330AA97850000166520DD0000"	"\Divisions\ENV\Public Outreach and Communication\126274 KLIA Solar"
"000000009598E9A20E04F041B38518182890A2D50100A3DF33FCC9BD1644BD14FCA330AA97850000176228540000"	"\Divisions\ENV\Public Outreach and Communication\127267 PSE-Murden Cove Simulations"
"000000009598E9A20E04F041B38518182890A2D50100A3DF33FCC9BD1644BD14FCA330AA978500001CDA79EA0000"	"\Divisions\ENV\Public Outreach and Communication\128236 PEPCO_EEI Conference1"
"000000009598E9A20E04F041B38518182890A2D50100A3DF33FCC9BD1644BD14FCA330AA978500001B2323750000"	"\Divisions\ENV\Public Outreach and Communication\130396 RUPS - Westfield Study"
"000000009598E9A20E04F041B38518182890A2D50100A3DF33FCC9BD1644BD14FCA330AA978500001F9F77CC0000"	"\Divisions\ENV\Public Outreach and Communication\132016 ChemicalAmos"
"000000009598E9A20E04F041B38518182890A2D50100A3DF33FCC9BD1644BD14FCA330AA978500002303C54F0000"	"\Divisions\ENV\Public Outreach and Communication\133130 PineyGrove-Wattsville eERD"
"000000009598E9A20E04F041B38518182890A2D50100A3DF33FCC9BD1644BD14FCA330AA978500001E6D2AB40000"	"\Divisions\ENV\Public Outreach and Communication\134909 Spring Substation"
"000000009598E9A20E04F041B38518182890A2D5010012225CC57BF01F4EA8CCA87A792FF35F00002BF9AC6A0000"	"\Divisions\ENV\Public Outreach and Communication\136121 - NGrid Grand Army Interactive Map1"
"000000009598E9A20E04F041B38518182890A2D5010012225CC57BF01F4EA8CCA87A792FF35F000027EE5AE80000"	"\Divisions\ENV\Public Outreach and Communication\137553 State St Animation\136121 - NGrid Grand Army Interactive Map"
"000000009598E9A20E04F041B38518182890A2D50100A3DF33FCC9BD1644BD14FCA330AA9785000029F44C2F0000"	"\Divisions\ENV\Public Outreach and Communication\139291 Pepco - 69kv circuit feeder sims"
"000000009598E9A20E04F041B38518182890A2D50100A3DF33FCC9BD1644BD14FCA330AA978500002AA899910000"	"\Divisions\ENV\Public Outreach and Communication\140430 AEP Broadmoor to Ft. Humbug"
"000000009598E9A20E04F041B38518182890A2D50100A3DF33FCC9BD1644BD14FCA330AA9785000029F9A01E0000"	"\Divisions\ENV\Public Outreach and Communication\141710 Duke - Bloomington Substation"
"000000009598E9A20E04F041B38518182890A2D5010012225CC57BF01F4EA8CCA87A792FF35F00000574800D0000"	"\Divisions\ENV\Public Outreach and Communication\143374 AEP Melita TLine Photo Simulationss"
"000000009598E9A20E04F041B38518182890A2D5010012225CC57BF01F4EA8CCA87A792FF35F0000BD510F3A0000"	"\Divisions\ENV\Public Outreach and Communication\144669 AEP_CedarGrove-Linwood"
"000000009598E9A20E04F041B38518182890A2D5010012225CC57BF01F4EA8CCA87A792FF35F0000BD510F380000"	"\Divisions\ENV\Public Outreach and Communication\146142 Ngrid_Nantucket Simulations"
"000000009598E9A20E04F041B38518182890A2D5010012225CC57BF01F4EA8CCA87A792FF35F000167BB69A40000"	"\Divisions\ENV\Public Outreach and Communication\150441 SMUD HQ17 Master Plan"
"000000009598E9A20E04F041B38518182890A2D50100A3DF33FCC9BD1644BD14FCA330AA9785000019D9D4570000"	"\Divisions\ENV\Public Outreach and Communication\Cleanline"
"000000009598E9A20E04F041B38518182890A2D50100A3DF33FCC9BD1644BD14FCA330AA978500002832C86B0000"	"\Divisions\ENV\Public Outreach and Communication\Marketing"
"000000009598E9A20E04F041B38518182890A2D50100A3DF33FCC9BD1644BD14FCA330AA978500001AA4563C0000"	"\Divisions\ENV\Public Outreach and Communication\YumaMasterplan\Telecom"
"000000009598E9A20E04F041B38518182890A2D50100A3DF33FCC9BD1644BD14FCA330AA978500001773C8290000"	"\Divisions\Federal"
"000000009598E9A20E04F041B38518182890A2D50100A3DF33FCC9BD1644BD14FCA330AA978500001D7AF0B20000"	"\Divisions\GIS\GIS-AMS\118096 ONCOR GIS System & Data Service"
"000000009598E9A20E04F041B38518182890A2D5010012225CC57BF01F4EA8CCA87A792FF35F0000CB33FB090000"	"\Divisions\Industrial\Facilities\Facilities Mechanical Group - 047"
"000000009598E9A20E04F041B38518182890A2D50100A3DF33FCC9BD1644BD14FCA330AA978500000EB8F9880000"	"\Divisions\Industrial\Food Systems\Michigan"
"000000009598E9A20E04F041B38518182890A2D5010012225CC57BF01F4EA8CCA87A792FF35F0001D14B2E030000"	"\Divisions\Industrial\Generation\Mt Laurel"
"000000009598E9A20E04F041B38518182890A2D501001296C725372D7F4B86B758A22EA3141B00000000A27C0000"	"\Divisions\Operations"
"000000009598E9A20E04F041B38518182890A2D501001296C725372D7F4B86B758A22EA3141B0000000150BB0000"	"\Divisions\Operations\Finance"
"000000009598E9A20E04F041B38518182890A2D501001296C725372D7F4B86B758A22EA3141B0000004F320A0000"	"\Divisions\Operations\Finance\Taxes\AZ\Chandler"
"000000009598E9A20E04F041B38518182890A2D50100572FF007A7D6B64CA96E5CFE8E1CC1A40000001397D30000"	"\Divisions\Operations\Finance\Taxes\AZ\Morenci"
"000000009598E9A20E04F041B38518182890A2D50100572FF007A7D6B64CA96E5CFE8E1CC1A400000014C0B50000"	"\Divisions\Operations\Finance\Taxes\CA\Freeport Water"
"000000009598E9A20E04F041B38518182890A2D50100572FF007A7D6B64CA96E5CFE8E1CC1A400000036CDFA0000"	"\Divisions\Operations\Finance\Taxes\CANADA\Alberta\RMC-MATL"
"000000009598E9A20E04F041B38518182890A2D50100572FF007A7D6B64CA96E5CFE8E1CC1A40000001A6DD30000"	"\Divisions\Operations\Finance\Taxes\CANADA\Simplot"
"000000009598E9A20E04F041B38518182890A2D501001296C725372D7F4B86B758A22EA3141B00000072358D0000"	"\Divisions\Operations\Finance\Taxes\Edison Mission"
"000000009598E9A20E04F041B38518182890A2D501001296C725372D7F4B86B758A22EA3141B00000062027D0000"	"\Divisions\Operations\Finance\Taxes\ID\112147-Alturas"
"000000009598E9A20E04F041B38518182890A2D501001296C725372D7F4B86B758A22EA3141B000000611C7E0000"	"\Divisions\Operations\Finance\Taxes\MO"
"000000009598E9A20E04F041B38518182890A2D50100572FF007A7D6B64CA96E5CFE8E1CC1A40000002130D80000"	"\Divisions\Operations\Finance\Taxes\NM\117255 Aragonne"
"000000009598E9A20E04F041B38518182890A2D501001296C725372D7F4B86B758A22EA3141B00000040E7090000"	"\Divisions\Operations\Finance\Taxes\NV"
"000000009598E9A20E04F041B38518182890A2D50100572FF007A7D6B64CA96E5CFE8E1CC1A40000004913D40000"	"\Divisions\Operations\Finance\Taxes\SD\BHP"
"000000009598E9A20E04F041B38518182890A2D50100CB7D9B6512D7374A860FE542D5770392000001184FCC0000"	"\Divisions\Operations\Finance\Taxes\TAX ALERT - PROJECTS\PEC"
"000000009598E9A20E04F041B38518182890A2D501001296C725372D7F4B86B758A22EA3141B0000007234950000"	"\Divisions\Operations\Finance\Taxes\WA\Boeing"
"000000009598E9A20E04F041B38518182890A2D501001296C725372D7F4B86B758A22EA3141B00000062393D0000"	"\Divisions\Operations\Finance\Taxes\WV"
"000000009598E9A20E04F041B38518182890A2D501001296C725372D7F4B86B758A22EA3141B000000004A840000"	"\Divisions\Operations\Information Technology"
"000000009598E9A20E04F041B38518182890A2D5010012225CC57BF01F4EA8CCA87A792FF35F0005F6247A0B0000"	"\Divisions\Operations\Information Technology\IT Calendar\IT Calendar"
"000000009598E9A20E04F041B38518182890A2D501001953B16A689BCD4AA8FC82955DB27CB100000014FC8D0000"	"\Divisions\Operations\Information Technology\RestoreTest"
"000000009598E9A20E04F041B38518182890A2D50100A3DF33FCC9BD1644BD14FCA330AA9785000016F5F6870000"	"\Divisions\Operations\Office Build-Out Projects Folder\Projects\2012BOI_RECEPTION"
"000000009598E9A20E04F041B38518182890A2D50100A3DF33FCC9BD1644BD14FCA330AA9785000016F5F85A0000"	"\Divisions\Operations\Office Build-Out Projects Folder\Projects\2012MAD01NEW\Proposals/Workplans"
"000000009598E9A20E04F041B38518182890A2D50100A3DF33FCC9BD1644BD14FCA330AA9785000016F5F6A00000"	"\Divisions\Operations\Office Build-Out Projects Folder\Projects\2012SAN01EXP"
"000000009598E9A20E04F041B38518182890A2D50100A3DF33FCC9BD1644BD14FCA330AA978500002A185C220000"	"\Divisions\Operations\Procurement\Procurement Dept."
"000000009598E9A20E04F041B38518182890A2D5010012225CC57BF01F4EA8CCA87A792FF35F00040830698E0000"	"\Divisions\PD\Atlanta\Atlanta Calendar"
"000000009598E9A20E04F041B38518182890A2D5010012225CC57BF01F4EA8CCA87A792FF35F0007A47DF7E10000"	"\Divisions\PD\Distribution Services\Dept. 177\177 Equipment\Dept 177 Equipment"
"000000009598E9A20E04F041B38518182890A2D5010012225CC57BF01F4EA8CCA87A792FF35F0004C0C1BAF70000"	"\Divisions\PD\Distribution Services\Dept. 390\Vac. Time Dep. 390"
"000000009598E9A20E04F041B38518182890A2D50100A3DF33FCC9BD1644BD14FCA330AA978500001EBBBBD30000"	"\Divisions\PD\Distribution Services\Distribution Design Services\135332 - CWLP 69kV"
"000000009598E9A20E04F041B38518182890A2D50100A3DF33FCC9BD1644BD14FCA330AA9785000021E3DF150000"	"\Divisions\PD\Distribution Services\Distribution Design Services\137828"
"000000009598E9A20E04F041B38518182890A2D50100F3BCE3A574023B4482F2E427B5A3121800004EB81AC30000"	"\Divisions\PD\Distribution Services\Distribution Design Services\141491 - ONCOR OWS PARIS 1202"
"000000009598E9A20E04F041B38518182890A2D50100A3DF33FCC9BD1644BD14FCA330AA978500002D9125A00000"	"\Divisions\PD\Distribution Services\Distribution Design Services\143166 - 2017NMHS01R - MASON SUB"
"000000009598E9A20E04F041B38518182890A2D5010012225CC57BF01F4EA8CCA87A792FF35F00009315F53E0000"	"\Divisions\PD\Distribution Services\Distribution Design Services\145439 - JOINT USE ENGINEERS SVC"
"000000009598E9A20E04F041B38518182890A2D5010012225CC57BF01F4EA8CCA87A792FF35F0000AD4FE7980000"	"\Divisions\PD\Distribution Services\Distribution Design Services\146179 - SCE MALIBU RELIABILITY RARS"
"000000009598E9A20E04F041B38518182890A2D5010012225CC57BF01F4EA8CCA87A792FF35F0000C5E55CA30000"	"\Divisions\PD\Distribution Services\Distribution Design Services\146612 - 2018MFBR12 IRVING LBJ"
"000000009598E9A20E04F041B38518182890A2D5010012225CC57BF01F4EA8CCA87A792FF35F0000FC6D03E50000"	"\Divisions\PD\Distribution Services\Distribution Design Services\147634 - KELOG 9864"
"000000009598E9A20E04F041B38518182890A2D5010012225CC57BF01F4EA8CCA87A792FF35F0000F386585B0000"	"\Divisions\PD\Distribution Services\Distribution Design Services\147673 - HURST9826 2 OF 2"
"000000009598E9A20E04F041B38518182890A2D5010012225CC57BF01F4EA8CCA87A792FF35F000118DC9E740000"	"\Divisions\PD\Distribution Services\Distribution Design Services\148541 - INTERCONNECT STUDY"
"000000009598E9A20E04F041B38518182890A2D50100A3DF33FCC9BD1644BD14FCA330AA97850000193E91770000"	"\Divisions\PD\Distribution Services\Substation Benbrook\00 118493"
"000000009598E9A20E04F041B38518182890A2D50100E34BFE500669CD49AC2E27C6C54DE39D0000002687B60000"	"\Divisions\PD\Distribution Services\Substation Benbrook\117745_RC ERCOT"
"000000009598E9A20E04F041B38518182890A2D50100E34BFE500669CD49AC2E27C6C54DE39D0000002687EE0000"	"\Divisions\PD\Distribution Services\Substation Benbrook\117770_FEC Tawakoni"
"000000009598E9A20E04F041B38518182890A2D50100E34BFE500669CD49AC2E27C6C54DE39D0000002687B80000"	"\Divisions\PD\Distribution Services\Substation Benbrook\117818_ETEC Trans Issues"
"000000009598E9A20E04F041B38518182890A2D50100A3DF33FCC9BD1644BD14FCA330AA97850000193EE5AB0000"	"\Divisions\PD\Distribution Services\Substation Benbrook\117868_ETEC Lake Livingston\00 Closed Projects"
"000000009598E9A20E04F041B38518182890A2D50100A3DF33FCC9BD1644BD14FCA330AA978500001989EFF90000"	"\Divisions\PD\Distribution Services\Substation Benbrook\117893_NETEC SCADA\DP\NTEC\Martin Lake"
"000000009598E9A20E04F041B38518182890A2D50100E34BFE500669CD49AC2E27C6C54DE39D0000002687FD0000"	"\Divisions\PD\Distribution Services\Substation Benbrook\117934_HCEC Gen Engr"
"000000009598E9A20E04F041B38518182890A2D50100E34BFE500669CD49AC2E27C6C54DE39D0000002688420000"	"\Divisions\PD\Distribution Services\Substation Benbrook\117959_RCEC WO Review"
"000000009598E9A20E04F041B38518182890A2D50100A3DF33FCC9BD1644BD14FCA330AA9785000015F8B3E70000"	"\Divisions\PD\Distribution Services\Substation Benbrook\118944_\DP"
"000000009598E9A20E04F041B38518182890A2D50100A3DF33FCC9BD1644BD14FCA330AA97850000212EC8140000"	"\Divisions\PD\Distribution Services\Substation Benbrook\121274_GVEC_Gen_Engr\SRM_Nash"
"000000009598E9A20E04F041B38518182890A2D50100E34BFE500669CD49AC2E27C6C54DE39D0000003DC0BA0000"	"\Divisions\PD\Distribution Services\Substation Benbrook\122210_Tex-La_Leach SW"
"000000009598E9A20E04F041B38518182890A2D50100A3DF33FCC9BD1644BD14FCA330AA978500001943FA990000"	"\Divisions\PD\Distribution Services\Substation Benbrook\123423_GVEC_Mont\DP"
"000000009598E9A20E04F041B38518182890A2D501001953B16A689BCD4AA8FC82955DB27CB100000141AC620000"	"\Divisions\PD\Distribution Services\Substation Benbrook\124184_GVEC_Relay"
"000000009598E9A20E04F041B38518182890A2D50100A3DF33FCC9BD1644BD14FCA330AA9785000020216FD70000"	"\Divisions\PD\Distribution Services\Substation Benbrook\127708_ETEC_Lk Liv\127709_ETEC_Rich"
"000000009598E9A20E04F041B38518182890A2D50100A3DF33FCC9BD1644BD14FCA330AA97850000217A21F60000"	"\Divisions\PD\Distribution Services\Substation Benbrook\129900_GVEC_Marion/Cibolo\SRM"
"000000009598E9A20E04F041B38518182890A2D50100A3DF33FCC9BD1644BD14FCA330AA978500001B3366B00000"	"\Divisions\PD\Distribution Services\Substation Benbrook\131913_SULP_Bentsen Mod"
"000000009598E9A20E04F041B38518182890A2D50100A3DF33FCC9BD1644BD14FCA330AA978500001B8C2AAB0000"	"\Divisions\PD\Distribution Services\Substation Benbrook\132610_JNEC_WO Rev"
"000000009598E9A20E04F041B38518182890A2D50100A3DF33FCC9BD1644BD14FCA330AA978500001DE663D40000"	"\Divisions\PD\Distribution Services\Substation Benbrook\134778_CCEC_Bullard"
"000000009598E9A20E04F041B38518182890A2D50100A3DF33FCC9BD1644BD14FCA330AA9785000020D2D85B0000"	"\Divisions\PD\Distribution Services\Substation Benbrook\136770_Oxy_Pwr Line Est"
"000000009598E9A20E04F041B38518182890A2D50100A3DF33FCC9BD1644BD14FCA330AA97850000236C29760000"	"\Divisions\PD\Distribution Services\Substation Benbrook\138845_GVEC_Moulton S Add"
"000000009598E9A20E04F041B38518182890A2D50100A3DF33FCC9BD1644BD14FCA330AA978500002B8D59D60000"	"\Divisions\PD\Distribution Services\Substation Benbrook\140937_OXY"
"000000009598E9A20E04F041B38518182890A2D5010012225CC57BF01F4EA8CCA87A792FF35F00003646DD410000"	"\Divisions\PD\Distribution Services\Substation Benbrook\144126_SHECO Hightower Ckt Sw Repl"
"000000009598E9A20E04F041B38518182890A2D5010012225CC57BF01F4EA8CCA87A792FF35F00009315F5380000"	"\Divisions\PD\Distribution Services\Substation Benbrook\145574_UREC_Jefferson 138kV Bkr Upg"
"000000009598E9A20E04F041B38518182890A2D5010012225CC57BF01F4EA8CCA87A792FF35F0001069B063E0000"	"\Divisions\PD\Distribution Services\Substation Benbrook\148049_WEC_Mobile Transformer Specs"
"000000009598E9A20E04F041B38518182890A2D501001296C725372D7F4B86B758A22EA3141B00000074E26D0000"	"\Divisions\PD\Line Ann Arbor"
"000000009598E9A20E04F041B38518182890A2D501006C95E27D1ACA634AA1AADC20796388DD000000A152090000"	"\Divisions\PD\Line Ann Arbor\Line Jackson Calendar"
"000000009598E9A20E04F041B38518182890A2D5010012225CC57BF01F4EA8CCA87A792FF35F0002BD7B69530000"	"\Divisions\PD\Line Austin\134811 CPS ENERGY-UG DIST DESIGN"
"000000009598E9A20E04F041B38518182890A2D50100A3DF33FCC9BD1644BD14FCA330AA978500002ADA960F0000"	"\Divisions\PD\Line Austin\138716 LST Emerg Restor 2015"
"000000009598E9A20E04F041B38518182890A2D5010012225CC57BF01F4EA8CCA87A792FF35F0000B677F3390000"	"\Divisions\PD\Line Austin\142693 Carrizo Springs Cut-Ins (Asherton)"
"000000009598E9A20E04F041B38518182890A2D5010012225CC57BF01F4EA8CCA87A792FF35F00014F2036EC0000"	"\Divisions\PD\Line Austin\149525 AEP CARRIZO-CRYSTAL CITY"
"000000009598E9A20E04F041B38518182890A2D5010012225CC57BF01F4EA8CCA87A792FF35F0002BD7B69750000"	"\Divisions\PD\Line Austin\157618 GPL KING MTN CONST MGMT"
"000000009598E9A20E04F041B38518182890A2D501006C95E27D1ACA634AA1AADC20796388DD000000DD7E4B0000"	"\Divisions\PD\Line Boise\00-DMS Upload\113659 Lk_Yankton\T&B"
"000000009598E9A20E04F041B38518182890A2D501006C95E27D1ACA634AA1AADC20796388DD0000005428760000"	"\Divisions\PD\Line Boise\114411 Gateway\Meeting Mins"
"000000009598E9A20E04F041B38518182890A2D50100A3DF33FCC9BD1644BD14FCA330AA97850000176EA6320000"	"\Divisions\PD\Line Boise\114411 Gateway\USAF"
"000000009598E9A20E04F041B38518182890A2D501006C95E27D1ACA634AA1AADC20796388DD0000004AF1560000"	"\Divisions\PD\Line Boise\114648 ON Line\pcatch"
"000000009598E9A20E04F041B38518182890A2D50100A3DF33FCC9BD1644BD14FCA330AA9785000017E8C8680000"	"\Divisions\PD\Line Boise\115349 Devers Valley\Construction Support\Stringing"
"000000009598E9A20E04F041B38518182890A2D501006C95E27D1ACA634AA1AADC20796388DD000000B35A990000"	"\Divisions\PD\Line Boise\117207_SWIP South\Const"
"000000009598E9A20E04F041B38518182890A2D501006C95E27D1ACA634AA1AADC20796388DD0000008295CF0000"	"\Divisions\PD\Line Boise\117207_SWIP South\TGV"
"000000009598E9A20E04F041B38518182890A2D50100A3DF33FCC9BD1644BD14FCA330AA978500001E2A66D90000"	"\Divisions\PD\Line Boise\117910_Fargo_Alexandria\Alex-Bison Design\Line Constr"
"000000009598E9A20E04F041B38518182890A2D501006C95E27D1ACA634AA1AADC20796388DD000000A238490000"	"\Divisions\PD\Line Boise\117910_Fargo_Alexandria\Geotech"
"000000009598E9A20E04F041B38518182890A2D501001953B16A689BCD4AA8FC82955DB27CB1000000FA56230000"	"\Divisions\PD\Line Boise\117910_Fargo_Alexandria\QA-QC\Valmont"
"000000009598E9A20E04F041B38518182890A2D501006C95E27D1ACA634AA1AADC20796388DD000000A203B20000"	"\Divisions\PD\Line Boise\117910_Fargo_Alexandria\Schedules"
"000000009598E9A20E04F041B38518182890A2D50100CB7D9B6512D7374A860FE542D577039200000129C5DD0000"	"\Divisions\PD\Line Boise\123332 CTF River Crossing\Design\QC"
"000000009598E9A20E04F041B38518182890A2D50100CB7D9B6512D7374A860FE542D577039200000129C5E30000"	"\Divisions\PD\Line Boise\123332 CTF River Crossing\Schedule"
"000000009598E9A20E04F041B38518182890A2D501001953B16A689BCD4AA8FC82955DB27CB1000001B570420000"	"\Divisions\PD\Line Boise\124464_RTRP\111728 - RTRP\AGENCY\SCE"
"000000009598E9A20E04F041B38518182890A2D50100A3DF33FCC9BD1644BD14FCA330AA978500001ABA37280000"	"\Divisions\PD\Line Boise\124464_RTRP\Drawings"
"000000009598E9A20E04F041B38518182890A2D50100A3DF33FCC9BD1644BD14FCA330AA978500002834B29D0000"	"\Divisions\PD\Line Boise\124737 XCEL-GIST2-PSCO-LINE RATING ANY\PHASE 3\PH 3 Review Comments (Xcel)"
"000000009598E9A20E04F041B38518182890A2D501001953B16A689BCD4AA8FC82955DB27CB1000001F7692F0000"	"\Divisions\PD\Line Boise\124737 XCEL-GIST2-PSCO-LINE RATING ANY\Priority_1\Schedule"
"000000009598E9A20E04F041B38518182890A2D50100A3DF33FCC9BD1644BD14FCA330AA978500001894B3D80000"	"\Divisions\PD\Line Boise\124737 XCEL-GIST2-PSCO-LINE RATING ANY\Priority_3"
"000000009598E9A20E04F041B38518182890A2D50100A3DF33FCC9BD1644BD14FCA330AA978500001B29047B0000"	"\Divisions\PD\Line Boise\126782 XCEL L0979 PRAIRE ISLAND-BYRON"
"000000009598E9A20E04F041B38518182890A2D50100A3DF33FCC9BD1644BD14FCA330AA978500001A2F7A150000"	"\Divisions\PD\Line Boise\126822 XCEL-0844 BLACK DOG-SAVAGE\Estimates & WO\Bid packages"
"000000009598E9A20E04F041B38518182890A2D50100A3DF33FCC9BD1644BD14FCA330AA9785000017F34F340000"	"\Divisions\PD\Line Boise\126822 XCEL-0844 BLACK DOG-SAVAGE\SWPPP"
"000000009598E9A20E04F041B38518182890A2D50100A3DF33FCC9BD1644BD14FCA330AA97850000198FAA480000"	"\Divisions\PD\Line Boise\126981 XCEL-GIST-III Phase 2 Priority 2\Data\0806"
"000000009598E9A20E04F041B38518182890A2D50100A3DF33FCC9BD1644BD14FCA330AA978500001E3A62D30000"	"\Divisions\PD\Line Boise\126981 XCEL-GIST-III Phase 2 Priority 2\Design\0977"
"000000009598E9A20E04F041B38518182890A2D50100A3DF33FCC9BD1644BD14FCA330AA9785000018DCFC660000"	"\Divisions\PD\Line Boise\126981 XCEL-GIST-III Phase 2 Priority 2\Land rights"
"000000009598E9A20E04F041B38518182890A2D50100A3DF33FCC9BD1644BD14FCA330AA97850000189984E60000"	"\Divisions\PD\Line Boise\126981 XCEL-GIST-III Phase 2 Priority 2\Priority 3"
"000000009598E9A20E04F041B38518182890A2D50100A3DF33FCC9BD1644BD14FCA330AA9785000019C2EC530000"	"\Divisions\PD\Line Boise\126981 XCEL-GIST-III Phase 2 Priority 2\Schedule\0918"
"000000009598E9A20E04F041B38518182890A2D50100A3DF33FCC9BD1644BD14FCA330AA9785000019BCAB940000"	"\Divisions\PD\Line Boise\128118_MP_AC Line Rating_2\011L"
"000000009598E9A20E04F041B38518182890A2D50100A3DF33FCC9BD1644BD14FCA330AA9785000019BCF0480000"	"\Divisions\PD\Line Boise\128118_MP_AC Line Rating_2\040L"
"000000009598E9A20E04F041B38518182890A2D50100A3DF33FCC9BD1644BD14FCA330AA97850000195A915C0000"	"\Divisions\PD\Line Boise\128118_MP_AC Line Rating_2\057L"
"000000009598E9A20E04F041B38518182890A2D50100A3DF33FCC9BD1644BD14FCA330AA97850000199D2C650000"	"\Divisions\PD\Line Boise\128118_MP_AC Line Rating_2\077L"
"000000009598E9A20E04F041B38518182890A2D50100A3DF33FCC9BD1644BD14FCA330AA9785000019BCE8C70000"	"\Divisions\PD\Line Boise\128118_MP_AC Line Rating_2\145L"
"000000009598E9A20E04F041B38518182890A2D50100A3DF33FCC9BD1644BD14FCA330AA9785000018B591AA0000"	"\Divisions\PD\Line Boise\128911 Xcel-GIST 3- PHASE 2- LRV PTY 3\Data"
"000000009598E9A20E04F041B38518182890A2D50100A3DF33FCC9BD1644BD14FCA330AA978500001A2EF9610000"	"\Divisions\PD\Line Boise\128911 Xcel-GIST 3- PHASE 2- LRV PTY 3\Design\0875"
"000000009598E9A20E04F041B38518182890A2D50100A3DF33FCC9BD1644BD14FCA330AA978500001A1BC36F0000"	"\Divisions\PD\Line Boise\128911 Xcel-GIST 3- PHASE 2- LRV PTY 3\Estimates & WO\0877"
"000000009598E9A20E04F041B38518182890A2D50100A3DF33FCC9BD1644BD14FCA330AA978500001B81BFB00000"	"\Divisions\PD\Line Boise\128911 Xcel-GIST 3- PHASE 2- LRV PTY 3\Materials\0883"
"000000009598E9A20E04F041B38518182890A2D50100A3DF33FCC9BD1644BD14FCA330AA9785000019B7F5810000"	"\Divisions\PD\Line Boise\128911 Xcel-GIST 3- PHASE 2- LRV PTY 3\Remediation\0877"
"000000009598E9A20E04F041B38518182890A2D50100A3DF33FCC9BD1644BD14FCA330AA978500001B81B17B0000"	"\Divisions\PD\Line Boise\128911 Xcel-GIST 3- PHASE 2- LRV PTY 3\Schedule\0883"
"000000009598E9A20E04F041B38518182890A2D50100A3DF33FCC9BD1644BD14FCA330AA9785000018ED4D4C0000"	"\Divisions\PD\Line Boise\128911 Xcel-GIST 3- PHASE 2- LRV PTY 3\Transmittals\0814"
"000000009598E9A20E04F041B38518182890A2D50100A3DF33FCC9BD1644BD14FCA330AA978500001AFB258B0000"	"\Divisions\PD\Line Boise\128911 Xcel-GIST 3- PHASE 2- LRV PTY 3\Transmittals\5527"
"000000009598E9A20E04F041B38518182890A2D50100A3DF33FCC9BD1644BD14FCA330AA978500001B1694340000"	"\Divisions\PD\Line Boise\130412 Xcel (MN) NSP GIST-3 Ph 3\Lattice"
"000000009598E9A20E04F041B38518182890A2D50100A3DF33FCC9BD1644BD14FCA330AA9785000019BC62FC0000"	"\Divisions\PD\Line Boise\130413 Xcel (WI) NSP GIST-3 Ph 3"
"000000009598E9A20E04F041B38518182890A2D50100A3DF33FCC9BD1644BD14FCA330AA978500001B8D99210000"	"\Divisions\PD\Line Boise\131302 131500 131501 XCEL W3203 W3509 SEV-TRM\Materials"
"000000009598E9A20E04F041B38518182890A2D50100A3DF33FCC9BD1644BD14FCA330AA978500001AAEE3EF0000"	"\Divisions\PD\Line Boise\131365 Xcel SW MN GALLOPING INVESTGTN RMD\Design"
"000000009598E9A20E04F041B38518182890A2D50100A3DF33FCC9BD1644BD14FCA330AA978500001EF4CA140000"	"\Divisions\PD\Line Boise\132072 XCEL-L0953 RECONDUCTOR\Risk Analysis"
"000000009598E9A20E04F041B38518182890A2D50100A3DF33FCC9BD1644BD14FCA330AA978500001B6F366F0000"	"\Divisions\PD\Line Boise\132155 PSE Eastside\Simulations"
"000000009598E9A20E04F041B38518182890A2D50100A3DF33FCC9BD1644BD14FCA330AA978500001DD4700B0000"	"\Divisions\PD\Line Boise\134091 PAC Croy-DV\01_Submittals-wDMS#\D_Material"
"000000009598E9A20E04F041B38518182890A2D50100A3DF33FCC9BD1644BD14FCA330AA978500001EFB45A70000"	"\Divisions\PD\Line Boise\134091 PAC Croy-DV\09_Distribution"
"000000009598E9A20E04F041B38518182890A2D50100A3DF33FCC9BD1644BD14FCA330AA978500001ECE0CA00000"	"\Divisions\PD\Line Boise\134473 PCorp Coalville SLV CRK\01_Submittals-wDMS#\I_Preliminary-Staking"
"000000009598E9A20E04F041B38518182890A2D50100A3DF33FCC9BD1644BD14FCA330AA978500001DD6892C0000"	"\Divisions\PD\Line Boise\134474 PCorp Croydon-Coalville\00_PEI-Internal"
"000000009598E9A20E04F041B38518182890A2D50100A3DF33FCC9BD1644BD14FCA330AA978500001DD689610000"	"\Divisions\PD\Line Boise\134474 PCorp Croydon-Coalville\04_Geotech"
"000000009598E9A20E04F041B38518182890A2D501006C95E27D1ACA634AA1AADC20796388DD000000A919230000"	"\Divisions\PD\Line Boise\135116 SunZia\116500_Sunzia\Meetings & Notes\Enviro topics"
"000000009598E9A20E04F041B38518182890A2D50100A3DF33FCC9BD1644BD14FCA330AA97850000206A89940000"	"\Divisions\PD\Line Boise\135953 GNTL 500kV\Mtg Notes"
"000000009598E9A20E04F041B38518182890A2D50100A3DF33FCC9BD1644BD14FCA330AA978500002308FD7B0000"	"\Divisions\PD\Line Boise\136620 XCEL-0729 Rplce Pole (See also 133657)\Schedule"
"000000009598E9A20E04F041B38518182890A2D50100A3DF33FCC9BD1644BD14FCA330AA97850000252DBEAC0000"	"\Divisions\PD\Line Boise\137579 XCEL-GISTIII POI ANALYSIS\137494 Xcel PSCo 9255 RAY LEWIS-PNCHA REBLD "
"000000009598E9A20E04F041B38518182890A2D5010012225CC57BF01F4EA8CCA87A792FF35F0000174D737E0000"	"\Divisions\PD\Line Boise\137979 GNTL TLine\04_PNC 2(Proc & Const)\Biscom Notices_Bid Package 1"
"000000009598E9A20E04F041B38518182890A2D50100A3DF33FCC9BD1644BD14FCA330AA97850000264C9F370000"	"\Divisions\PD\Line Boise\140289 BCCE Clark Cty."
"000000009598E9A20E04F041B38518182890A2D50100A3DF33FCC9BD1644BD14FCA330AA97850000292045D30000"	"\Divisions\PD\Line Boise\141318 Harry Allen Eldorado\HAE Submittals"
"000000009598E9A20E04F041B38518182890A2D5010012225CC57BF01F4EA8CCA87A792FF35F00001ACFFD850000"	"\Divisions\PD\Line Boise\143529 L-GRAY-3-426"
"000000009598E9A20E04F041B38518182890A2D5010012225CC57BF01F4EA8CCA87A792FF35F0000A32D970E0000"	"\Divisions\PD\Line Boise\144983 American Mtn."
"000000009598E9A20E04F041B38518182890A2D5010012225CC57BF01F4EA8CCA87A792FF35F00020E8C7CDC0000"	"\Divisions\PD\Line Boise\146618 - Bob TLine\Materials"
"000000009598E9A20E04F041B38518182890A2D5010012225CC57BF01F4EA8CCA87A792FF35F0000E6AD46E90000"	"\Divisions\PD\Line Boise\147143 NAVFAC Hawaii"
"000000009598E9A20E04F041B38518182890A2D5010012225CC57BF01F4EA8CCA87A792FF35F00019E7B5F040000"	"\Divisions\PD\Line Boise\151818 Pac Goshen-Sub"
"000000009598E9A20E04F041B38518182890A2D5010012225CC57BF01F4EA8CCA87A792FF35F0004403034B10000"	"\Divisions\PD\Line Boise\154320 Ten West\154320 10W IFC"
"000000009598E9A20E04F041B38518182890A2D5010012225CC57BF01F4EA8CCA87A792FF35F0007193761EB0000"	"\Divisions\PD\Line Boise\154320 Ten West\154320 Record Drawings & Closeout"
"000000009598E9A20E04F041B38518182890A2D5010012225CC57BF01F4EA8CCA87A792FF35F0002BD7B693B0000"	"\Divisions\PD\Line Boise\158889 - ONCOR_Sand Lake-AEP Solstice"
"000000009598E9A20E04F041B38518182890A2D501006C95E27D1ACA634AA1AADC20796388DD00000035F9F30000"	"\Divisions\PD\Line Boise\Line Dept. Calendar"
"000000009598E9A20E04F041B38518182890A2D501001953B16A689BCD4AA8FC82955DB27CB10000011FEB0B0000"	"\Divisions\PD\Line Boise\Line-Rating-Projects\PacifiCorp\B39"
"000000009598E9A20E04F041B38518182890A2D50100A3DF33FCC9BD1644BD14FCA330AA9785000017004D4C0000"	"\Divisions\PD\Line Boise\Line-Rating-Projects\PacifiCorp\S01\Schedule"
"000000009598E9A20E04F041B38518182890A2D50100A3DF33FCC9BD1644BD14FCA330AA978500001676E7B00000"	"\Divisions\PD\Line Boise\Line-Rating-Projects\PacifiCorp2\BB02"
"000000009598E9A20E04F041B38518182890A2D50100A3DF33FCC9BD1644BD14FCA330AA978500001676E8000000"	"\Divisions\PD\Line Boise\Line-Rating-Projects\PacifiCorp2\WI02"
"000000009598E9A20E04F041B38518182890A2D5010012225CC57BF01F4EA8CCA87A792FF35F00027713820F0000"	"\Divisions\PD\Line Boise\Xcel_Energy_Standards\On-Off-Badge-Training\2019_Laptop_Returns"
"000000009598E9A20E04F041B38518182890A2D5010012225CC57BF01F4EA8CCA87A792FF35F0004A7AEA4910000"	"\Divisions\PD\Line Boise\Xcel_Energy_Standards\On-Off-Badge-Training\Off-Boarding\Amped I"
"000000009598E9A20E04F041B38518182890A2D50100A3DF33FCC9BD1644BD14FCA330AA9785000019CCDBB30000"	"\Divisions\PD\Line Boise\Xcel_Energy_Standards\On-Off-Badge-Training\On-Boarding_Prev 07-01-21"
"000000009598E9A20E04F041B38518182890A2D5010012225CC57BF01F4EA8CCA87A792FF35F0004A25D47150000"	"\Divisions\PD\Line Boise\Xcel_Energy_Standards\On-Off-Badge-Training\On-Boarding_Prev 12-09-22\Amped I"
"000000009598E9A20E04F041B38518182890A2D50100A3DF33FCC9BD1644BD14FCA330AA978500001EED27A30000"	"\Divisions\PD\Line Cincinnati"
"000000009598E9A20E04F041B38518182890A2D50100A3DF33FCC9BD1644BD14FCA330AA97850000227A35670000"	"\Divisions\PD\Line Cincinnati\138380 JEA-SOUTHSIDE GIS DBC REPLACEMENT"
"000000009598E9A20E04F041B38518182890A2D5010012225CC57BF01F4EA8CCA87A792FF35F00007AF1AC920000"	"\Divisions\PD\Line Fort Mill\145118 - BREMC - HG to Rutherford, PH 1"
"000000009598E9A20E04F041B38518182890A2D50100A3DF33FCC9BD1644BD14FCA330AA9785000026F56D7E0000"	"\Divisions\PD\Line Fort Worth\01 CLOSED PROJS - UPLOAD TO PROJECTWISE\127132 - Z84 - Kiser o Plainview - CLOSED 2014"
"000000009598E9A20E04F041B38518182890A2D50100A3DF33FCC9BD1644BD14FCA330AA978500001BEE213C0000"	"\Divisions\PD\Line Fort Worth\132756 - XCEL ENERGY_SPS TRANSMISSION ESTIMATES"
"000000009598E9A20E04F041B38518182890A2D501001296C725372D7F4B86B758A22EA3141B0000004EA96A0000"	"\Divisions\PD\Line Freeport\00-DMS Upload"
"000000009598E9A20E04F041B38518182890A2D501001296C725372D7F4B86B758A22EA3141B0000001DFF110000"	"\Divisions\PD\Line Hailey\106647 Kukai~Ula\Kauai"
"000000009598E9A20E04F041B38518182890A2D501001296C725372D7F4B86B758A22EA3141B000000236AD50000"	"\Divisions\PD\Line Hailey\108628-Umbata Falls\Environmental"
"000000009598E9A20E04F041B38518182890A2D501001296C725372D7F4B86B758A22EA3141B000000236AE00000"	"\Divisions\PD\Line Hailey\108628-Umbata Falls\Schedule"
"000000009598E9A20E04F041B38518182890A2D501001296C725372D7F4B86B758A22EA3141B00000033A6140000"	"\Divisions\PD\Line Hailey\110124 - Maxcys"
"000000009598E9A20E04F041B38518182890A2D50100572FF007A7D6B64CA96E5CFE8E1CC1A4000000377EDD0000"	"\Divisions\PD\Line Hailey\119802-Rio Macho"
"000000009598E9A20E04F041B38518182890A2D50100A3DF33FCC9BD1644BD14FCA330AA978500000E86C0C40000"	"\Divisions\PD\Line Hailey\122443_Clear_Crossing-Willow_Crk_EAST\MRDN1"
"000000009598E9A20E04F041B38518182890A2D50100A3DF33FCC9BD1644BD14FCA330AA97850000188FAE950000"	"\Divisions\PD\Line Hailey\122443_Clear_Crossing-Willow_Crk_EAST\MRLJ12"
"000000009598E9A20E04F041B38518182890A2D50100A3DF33FCC9BD1644BD14FCA330AA97850000166EDE720000"	"\Divisions\PD\Line Hailey\122444_Clear_Crossing_Willow_Crk_WEST\MRLJ05"
"000000009598E9A20E04F041B38518182890A2D501001953B16A689BCD4AA8FC82955DB27CB100000129204E0000"	"\Divisions\PD\Line Hailey\122568_DG_Power"
"000000009598E9A20E04F041B38518182890A2D50100572FF007A7D6B64CA96E5CFE8E1CC1A4000000675C6A0000"	"\Divisions\PD\Line Hailey\123591 Line 328"
"000000009598E9A20E04F041B38518182890A2D50100A3DF33FCC9BD1644BD14FCA330AA9785000016E3FDAF0000"	"\Divisions\PD\Line Hailey\126046_HEA 115 kV Project"
"000000009598E9A20E04F041B38518182890A2D5010012225CC57BF01F4EA8CCA87A792FF35F00031E3004490000"	"\Divisions\PD\Line Hailey\126635_KMPUD_Phs-2_Out_Valley\dups"
"000000009598E9A20E04F041B38518182890A2D50100A3DF33FCC9BD1644BD14FCA330AA97850000177D29BF0000"	"\Divisions\PD\Line Hailey\126947_HBK-Monroe_Co_to_Council"
"000000009598E9A20E04F041B38518182890A2D50100A3DF33FCC9BD1644BD14FCA330AA97850000177714600000"	"\Divisions\PD\Line Hailey\127880_TO_AG_SO_Acess_AMP"
"000000009598E9A20E04F041B38518182890A2D50100A3DF33FCC9BD1644BD14FCA330AA978500001B35A93A0000"	"\Divisions\PD\Line Hailey\127943_Riley-Krum_P3_Eagle_Mt\CD01"
"000000009598E9A20E04F041B38518182890A2D50100A3DF33FCC9BD1644BD14FCA330AA97850000196F2F780000"	"\Divisions\PD\Line Hailey\128887_Calmont_Sub_Replacement"
"000000009598E9A20E04F041B38518182890A2D50100A3DF33FCC9BD1644BD14FCA330AA978500001A251F1A0000"	"\Divisions\PD\Line Hailey\129539_Eagle Mt-Saginaw"
"000000009598E9A20E04F041B38518182890A2D50100A3DF33FCC9BD1644BD14FCA330AA978500001C16B3DA0000"	"\Divisions\PD\Line Hailey\129547_Parker-Eagle_Mt\Warehouse_Requests"
"000000009598E9A20E04F041B38518182890A2D50100A3DF33FCC9BD1644BD14FCA330AA97850000202AEB7B0000"	"\Divisions\PD\Line Hailey\129567_Temple_Sw-Bell_Cty_E\WA_15T64014\MRLJ01"
"000000009598E9A20E04F041B38518182890A2D5010012225CC57BF01F4EA8CCA87A792FF35F00009620BFCB0000"	"\Divisions\PD\Line Hailey\130224_E_Richardson-Apollo"
"000000009598E9A20E04F041B38518182890A2D50100A3DF33FCC9BD1644BD14FCA330AA978500001DA271550000"	"\Divisions\PD\Line Hailey\130257_Stanton_E-Midland-E\MRLJ03"
"000000009598E9A20E04F041B38518182890A2D50100A3DF33FCC9BD1644BD14FCA330AA978500001DC801900000"	"\Divisions\PD\Line Hailey\130807_Cherokee_Load_Control\Photos"
"000000009598E9A20E04F041B38518182890A2D50100A3DF33FCC9BD1644BD14FCA330AA978500001B05A9EB0000"	"\Divisions\PD\Line Hailey\131451-CFE Design Manuals"
"000000009598E9A20E04F041B38518182890A2D50100A3DF33FCC9BD1644BD14FCA330AA978500001D9203180000"	"\Divisions\PD\Line Hailey\131745_Tex_Harvey"
"000000009598E9A20E04F041B38518182890A2D50100A3DF33FCC9BD1644BD14FCA330AA978500001B8412D70000"	"\Divisions\PD\Line Hailey\131906_GM-Watson"
"000000009598E9A20E04F041B38518182890A2D50100A3DF33FCC9BD1644BD14FCA330AA978500001BF18A420000"	"\Divisions\PD\Line Hailey\132155_PSE_Eastside_230 kV"
"000000009598E9A20E04F041B38518182890A2D50100A3DF33FCC9BD1644BD14FCA330AA978500001B89F8580000"	"\Divisions\PD\Line Hailey\132589_T160_Marshall_Ford_McNeil"
"000000009598E9A20E04F041B38518182890A2D50100A3DF33FCC9BD1644BD14FCA330AA9785000020FA1D3D0000"	"\Divisions\PD\Line Hailey\133648_GOULAIS_RIVER_XING\dups"
"000000009598E9A20E04F041B38518182890A2D50100A3DF33FCC9BD1644BD14FCA330AA97850000226371750000"	"\Divisions\PD\Line Hailey\134627_Eskota_Sw_Sta\MRLJ01"
"000000009598E9A20E04F041B38518182890A2D50100A3DF33FCC9BD1644BD14FCA330AA978500002620EEAC0000"	"\Divisions\PD\Line Hailey\134633_Eagle_Mt-Wagley_Robertson\MRLJ03"
"000000009598E9A20E04F041B38518182890A2D50100F3BCE3A574023B4482F2E427B5A3121800004D8A7BDF0000"	"\Divisions\PD\Line Hailey\134722_Permian_Basin_Sw_Sta\MRLJ02"
"000000009598E9A20E04F041B38518182890A2D50100A3DF33FCC9BD1644BD14FCA330AA978500001E727F680000"	"\Divisions\PD\Line Hailey\135198_RS_Pole_Calc_Review"
"000000009598E9A20E04F041B38518182890A2D50100A3DF33FCC9BD1644BD14FCA330AA97850000226EC2700000"	"\Divisions\PD\Line Hailey\135901_WNT_FO_Pole_Analysis\FY-14 Wireless Test Bed FO Cable\dups"
"000000009598E9A20E04F041B38518182890A2D5010012225CC57BF01F4EA8CCA87A792FF35F00005A941E060000"	"\Divisions\PD\Line Hailey\137318_SNARE_L199\dups"
"000000009598E9A20E04F041B38518182890A2D50100A3DF33FCC9BD1644BD14FCA330AA97850000269FFCF50000"	"\Divisions\PD\Line Hailey\137396_Hicks-Elizabeth\MRLJ02"
"000000009598E9A20E04F041B38518182890A2D5010012225CC57BF01F4EA8CCA87A792FF35F000327C7A7560000"	"\Divisions\PD\Line Hailey\137449_Mt_Creek-Norwood\16T65156\Issued_Materials_Request\dups"
"000000009598E9A20E04F041B38518182890A2D5010012225CC57BF01F4EA8CCA87A792FF35F0000587F6EF00000"	"\Divisions\PD\Line Hailey\137449_Mt_Creek-Norwood\MRLJ10"
"000000009598E9A20E04F041B38518182890A2D50100A3DF33FCC9BD1644BD14FCA330AA9785000024182A660000"	"\Divisions\PD\Line Hailey\137959_Odessa_EHV-Odessa_Reconduct\MRLJ05"
"000000009598E9A20E04F041B38518182890A2D5010012225CC57BF01F4EA8CCA87A792FF35F00001ACFFD430000"	"\Divisions\PD\Line Hailey\138156_Venus-Cedar_Hill\MRLJ04_Steel_Poles"
"000000009598E9A20E04F041B38518182890A2D50100A3DF33FCC9BD1644BD14FCA330AA9785000025677C460000"	"\Divisions\PD\Line Hailey\138218_Means-Fullerton_69kV_RBLD\WA_15T63112\MRLJ03"
"000000009598E9A20E04F041B38518182890A2D5010012225CC57BF01F4EA8CCA87A792FF35F000329D570B30000"	"\Divisions\PD\Line Hailey\138504_Holt_SW-N_Andrews\WA_15T63114\dups"
"000000009598E9A20E04F041B38518182890A2D5010012225CC57BF01F4EA8CCA87A792FF35F00002D5DDDB50000"	"\Divisions\PD\Line Hailey\138504_Holt_SW-N_Andrews\WA_15T63114\MRLJ13"
"000000009598E9A20E04F041B38518182890A2D50100A3DF33FCC9BD1644BD14FCA330AA97850000237499F30000"	"\Divisions\PD\Line Hailey\138874_JOBE_SOLAR_GEN_INTCNT"
"000000009598E9A20E04F041B38518182890A2D50100F3BCE3A574023B4482F2E427B5A3121800004F17F38C0000"	"\Divisions\PD\Line Hailey\139104_Cedar_Hill-So_Hampton\MRLJ02"
"000000009598E9A20E04F041B38518182890A2D50100A3DF33FCC9BD1644BD14FCA330AA97850000240685340000"	"\Divisions\PD\Line Hailey\139250_STRYKER CRK-LUFKIN\LJ01"
"000000009598E9A20E04F041B38518182890A2D50100A3DF33FCC9BD1644BD14FCA330AA9785000025A19F530000"	"\Divisions\PD\Line Hailey\139293_Buzzard_Draw-Lamesa\MRLJ04"
"000000009598E9A20E04F041B38518182890A2D5010012225CC57BF01F4EA8CCA87A792FF35F0003C1AECF7E0000"	"\Divisions\PD\Line Hailey\139586-barnard"
"000000009598E9A20E04F041B38518182890A2D5010012225CC57BF01F4EA8CCA87A792FF35F00001ACFFD510000"	"\Divisions\PD\Line Hailey\140037_Hillsboro Sw_Sta_AutoTransformer\MRLJ02_Steel_Poles"
"000000009598E9A20E04F041B38518182890A2D50100A3DF33FCC9BD1644BD14FCA330AA97850000292AD1FF0000"	"\Divisions\PD\Line Hailey\141032_Ft_Mojave"
"000000009598E9A20E04F041B38518182890A2D5010012225CC57BF01F4EA8CCA87A792FF35F0002181F280E0000"	"\Divisions\PD\Line Hailey\141183_CROWN RD - NORWOOD SW STA \MRBB06_Steel Poles"
"000000009598E9A20E04F041B38518182890A2D5010012225CC57BF01F4EA8CCA87A792FF35F0003121D93480000"	"\Divisions\PD\Line Hailey\141183_CROWN RD - NORWOOD SW STA \MRLJ14"
"000000009598E9A20E04F041B38518182890A2D5010012225CC57BF01F4EA8CCA87A792FF35F00009CDF0E220000"	"\Divisions\PD\Line Hailey\141306_Lake_Wichita_Sw_Sta-Wichita_Falls\MRLJ01"
"000000009598E9A20E04F041B38518182890A2D50100A3DF33FCC9BD1644BD14FCA330AA978500002D7BA7660000"	"\Divisions\PD\Line Hailey\141398_Trinidad-Richland\MRLJ02"
"000000009598E9A20E04F041B38518182890A2D5010012225CC57BF01F4EA8CCA87A792FF35F0000A7958E6F0000"	"\Divisions\PD\Line Hailey\141436_Norwood-Amelia\MRLJ05"
"000000009598E9A20E04F041B38518182890A2D50100F3BCE3A574023B4482F2E427B5A3121800004EBE7C140000"	"\Divisions\PD\Line Hailey\141543_HBK/PECO_Comcast_Reloc"
"000000009598E9A20E04F041B38518182890A2D5010012225CC57BF01F4EA8CCA87A792FF35F00006E01720A0000"	"\Divisions\PD\Line Hailey\141658_Holt_N_Andrews-Midland_Farms\17T63023\MRLJ02_Poles"
"000000009598E9A20E04F041B38518182890A2D5010012225CC57BF01F4EA8CCA87A792FF35F00014BFB78E40000"	"\Divisions\PD\Line Hailey\141659_Holt - Andrews N-Andrews Cty S\WA 18T63005"
"000000009598E9A20E04F041B38518182890A2D5010012225CC57BF01F4EA8CCA87A792FF35F0000FD2CBF060000"	"\Divisions\PD\Line Hailey\141803_Wedgewood Sw Sta-Forest Hill Sta\MRLJ04_Twr Order"
"000000009598E9A20E04F041B38518182890A2D50100A3DF33FCC9BD1644BD14FCA330AA978500002B2342C40000"	"\Divisions\PD\Line Hailey\142237_TG_Sagebrush_Line\BD_Effort"
"000000009598E9A20E04F041B38518182890A2D5010012225CC57BF01F4EA8CCA87A792FF35F00008C3235DC0000"	"\Divisions\PD\Line Hailey\142859_PERMIAN BASIN-MOSS: YUCCA\MRLJ01_Concrete_Poles"
"000000009598E9A20E04F041B38518182890A2D5010012225CC57BF01F4EA8CCA87A792FF35F0000B2BA272A0000"	"\Divisions\PD\Line Hailey\142862_ODESSA N-PERMIAN BASIN: YUCCA\MRLJ02"
"000000009598E9A20E04F041B38518182890A2D5010012225CC57BF01F4EA8CCA87A792FF35F0003E9467FC40000"	"\Divisions\PD\Line Hailey\143063-Manor_Graceton-FDN\DUPS"
"000000009598E9A20E04F041B38518182890A2D5010012225CC57BF01F4EA8CCA87A792FF35F0000264655080000"	"\Divisions\PD\Line Hailey\143372-USG-AUS"
"000000009598E9A20E04F041B38518182890A2D5010012225CC57BF01F4EA8CCA87A792FF35F0000174D73660000"	"\Divisions\PD\Line Hailey\143618_Two_Basins_Relocation"
"000000009598E9A20E04F041B38518182890A2D5010012225CC57BF01F4EA8CCA87A792FF35F0002032BB2670000"	"\Divisions\PD\Line Hailey\143834_Smart_Wires_Support\T6_TransGrid"
"000000009598E9A20E04F041B38518182890A2D5010012225CC57BF01F4EA8CCA87A792FF35F0000B10731B40000"	"\Divisions\PD\Line Hailey\143957_Tricorner_WATERMILL–TRINIDAD\MRLJ01"
"000000009598E9A20E04F041B38518182890A2D5010012225CC57BF01F4EA8CCA87A792FF35F000124BAED740000"	"\Divisions\PD\Line Hailey\143961_Tricorner_SEAGOVILLE-TRICORNER\MRLJ04"
"000000009598E9A20E04F041B38518182890A2D5010012225CC57BF01F4EA8CCA87A792FF35F00006291C9B30000"	"\Divisions\PD\Line Hailey\144357_Western_Maine_2017"
"000000009598E9A20E04F041B38518182890A2D5010012225CC57BF01F4EA8CCA87A792FF35F000049C4B1D80000"	"\Divisions\PD\Line Hailey\144455_Trinidad-Winkler\MRLJ08"
"000000009598E9A20E04F041B38518182890A2D5010012225CC57BF01F4EA8CCA87A792FF35F000130BEB70B0000"	"\Divisions\PD\Line Hailey\144634_Hutto-Pflugerville\Issue Material Requests"
"000000009598E9A20E04F041B38518182890A2D5010012225CC57BF01F4EA8CCA87A792FF35F00007754B87E0000"	"\Divisions\PD\Line Hailey\145065_Pahrump Mead"
"000000009598E9A20E04F041B38518182890A2D5010012225CC57BF01F4EA8CCA87A792FF35F000235B0E04C0000"	"\Divisions\PD\Line Hailey\145251_Watermill Sw Sta-Camp Wisdom Rd\MRLJ05"
"000000009598E9A20E04F041B38518182890A2D5010012225CC57BF01F4EA8CCA87A792FF35F0000FD2CBF100000"	"\Divisions\PD\Line Hailey\145469_Yucca Dr - AEP Barilla Jct\17T63126"
"000000009598E9A20E04F041B38518182890A2D5010012225CC57BF01F4EA8CCA87A792FF35F00012CA1A8630000"	"\Divisions\PD\Line Hailey\145544_Cedar_Crest-Industrial_Wall_St\MRLJ04"
"000000009598E9A20E04F041B38518182890A2D5010012225CC57BF01F4EA8CCA87A792FF35F0001D805B9510000"	"\Divisions\PD\Line Hailey\145699_Round Rock SE"
"000000009598E9A20E04F041B38518182890A2D5010012225CC57BF01F4EA8CCA87A792FF35F00021A1314E00000"	"\Divisions\PD\Line Hailey\145911_Northaven Lines\16T65186_Northaven-Preston\MRBB01_Steel Poles"
"000000009598E9A20E04F041B38518182890A2D5010012225CC57BF01F4EA8CCA87A792FF35F00028CB795350000"	"\Divisions\PD\Line Hailey\145911_Northaven Lines\16T65186_Northaven-Preston\MRLJ15_Pole Order"
"000000009598E9A20E04F041B38518182890A2D5010012225CC57BF01F4EA8CCA87A792FF35F0000C512A5600000"	"\Divisions\PD\Line Hailey\146596_PLS-TOWER_TRAINING"
"000000009598E9A20E04F041B38518182890A2D5010012225CC57BF01F4EA8CCA87A792FF35F0000FD2CBF1A0000"	"\Divisions\PD\Line Hailey\147953_Torrance ER Imprvmnt Project"
"000000009598E9A20E04F041B38518182890A2D5010012225CC57BF01F4EA8CCA87A792FF35F00010A95AC6B0000"	"\Divisions\PD\Line Hailey\148231_FJORD KRYDSNING\BD"
"000000009598E9A20E04F041B38518182890A2D5010012225CC57BF01F4EA8CCA87A792FF35F00020E8C7CDA0000"	"\Divisions\PD\Line Hailey\148326_Cedar Crest-Wall St\OPT 38736\MRLJ09"
"000000009598E9A20E04F041B38518182890A2D5010012225CC57BF01F4EA8CCA87A792FF35F00013E8F56AA0000"	"\Divisions\PD\Line Hailey\149306_FLAT TOP 345KV TL DESIGN REV"
"000000009598E9A20E04F041B38518182890A2D5010012225CC57BF01F4EA8CCA87A792FF35F000312A49F3F0000"	"\Divisions\PD\Line Hailey\150786-ICE Grid Modernization\dups"
"000000009598E9A20E04F041B38518182890A2D5010012225CC57BF01F4EA8CCA87A792FF35F00021D59BD2C0000"	"\Divisions\PD\Line Hailey\151641_General Motors-International Airport\MRLJ08"
"000000009598E9A20E04F041B38518182890A2D5010012225CC57BF01F4EA8CCA87A792FF35F0002ADAF34990000"	"\Divisions\PD\Line Hailey\151713_SAGINAW 138KV SW STA REB\Material Tracking (LJ Folder)\MRLJ01_Steel Pole Order\MRLJ01a_AB Cage Order"
"000000009598E9A20E04F041B38518182890A2D5010012225CC57BF01F4EA8CCA87A792FF35F000207D44EC00000"	"\Divisions\PD\Line Hailey\152562_Handley Sw-Liggett_Retermination At Airport\MRLJ03"
"000000009598E9A20E04F041B38518182890A2D5010012225CC57BF01F4EA8CCA87A792FF35F0003061381E90000"	"\Divisions\PD\Line Hailey\153043_Venus Sw-Sardis Sw\MATERIAL ISSUE REQUEST"
"000000009598E9A20E04F041B38518182890A2D5010012225CC57BF01F4EA8CCA87A792FF35F0002423DB52B0000"	"\Divisions\PD\Line Hailey\153605_Village Creek Tap-Bowen\MRLJ01_Wire Order"
"000000009598E9A20E04F041B38518182890A2D5010012225CC57BF01F4EA8CCA87A792FF35F00022A5F1C5F0000"	"\Divisions\PD\Line Hailey\153698_KEMP RANCH SW-GENUS #2\MRLJ03_STEEL POLE"
"000000009598E9A20E04F041B38518182890A2D5010012225CC57BF01F4EA8CCA87A792FF35F0002ADAF349B0000"	"\Divisions\PD\Line Hailey\153757_HANDLEY SW.-DEEN SW\Material Tracking_LJ\MRLJ01_Steel Poles\MRLJ01a_AB Cages"
"000000009598E9A20E04F041B38518182890A2D5010012225CC57BF01F4EA8CCA87A792FF35F0002CBA2F7790000"	"\Divisions\PD\Line Hailey\153759_EAGLE MT SW.-DEEN SW\Material Tracking_LJ\MRLJ02_OPGW"
"000000009598E9A20E04F041B38518182890A2D5010012225CC57BF01F4EA8CCA87A792FF35F00020E15DF610000"	"\Divisions\PD\Line Hailey\154471_TASK SUPPORT PLS-CADD TRAINING"
"000000009598E9A20E04F041B38518182890A2D5010012225CC57BF01F4EA8CCA87A792FF35F0003556CAB440000"	"\Divisions\PD\Line Hailey\154678_Odessa EHV Sw-Wolf Sw\0PT 40117\MRLJ02"
"000000009598E9A20E04F041B38518182890A2D5010012225CC57BF01F4EA8CCA87A792FF35F0002C1A0F0BB0000"	"\Divisions\PD\Line Hailey\154681_Moss Sw-Wolf Sw_N-Circuit"
"000000009598E9A20E04F041B38518182890A2D5010012225CC57BF01F4EA8CCA87A792FF35F0002CE133CD40000"	"\Divisions\PD\Line Hailey\154683_Odessa EHV Sw-Moss\MRLJ05_Valmont"
"000000009598E9A20E04F041B38518182890A2D5010012225CC57BF01F4EA8CCA87A792FF35F0002690108160000"	"\Divisions\PD\Line Hailey\155311_Owl Hills Sw-Tunstill POD Sta\MRLJ02_Wire"
"000000009598E9A20E04F041B38518182890A2D5010012225CC57BF01F4EA8CCA87A792FF35F00024A4DFAC30000"	"\Divisions\PD\Line Hailey\155643_Warroad Comp Site"
"000000009598E9A20E04F041B38518182890A2D5010012225CC57BF01F4EA8CCA87A792FF35F00029EC21F840000"	"\Divisions\PD\Line Hailey\156389_Riverton Sw-Sand-Split WA\MRLJ03"
"000000009598E9A20E04F041B38518182890A2D5010012225CC57BF01F4EA8CCA87A792FF35F0002771382250000"	"\Divisions\PD\Line Hailey\156587_KHG CHARRETTE"
"000000009598E9A20E04F041B38518182890A2D5010012225CC57BF01F4EA8CCA87A792FF35F0002F3B8E5D10000"	"\Divisions\PD\Line Hailey\158252_CHISHOLM-HICKS SW\MRLJ02_Hardware-Wire-Insulators"
"000000009598E9A20E04F041B38518182890A2D5010012225CC57BF01F4EA8CCA87A792FF35F0002F3B8E5DD0000"	"\Divisions\PD\Line Hailey\158889_SEE PROJWISE"
"000000009598E9A20E04F041B38518182890A2D5010012225CC57BF01F4EA8CCA87A792FF35F0002ABF385C80000"	"\Divisions\PD\Line Hailey\159436_ALPHA RD-KNOLL TRAIL\OPT 39714 Northaven-Preston RD\MRLJ01_Steel Poles"
"000000009598E9A20E04F041B38518182890A2D50100E34BFE500669CD49AC2E27C6C54DE39D0000000AFD490000"	"\Divisions\PD\Line Hailey\Allegheny TrAIL\138kv Hardware"
"000000009598E9A20E04F041B38518182890A2D50100E34BFE500669CD49AC2E27C6C54DE39D0000000D5A030000"	"\Divisions\PD\Line Hailey\Allegheny TrAIL\Schedule"
"000000009598E9A20E04F041B38518182890A2D501001296C725372D7F4B86B758A22EA3141B0000006BAA920000"	"\Divisions\PD\Line Hailey\BD_Efforts\115574_Goldthwaite-Evant"
"000000009598E9A20E04F041B38518182890A2D50100572FF007A7D6B64CA96E5CFE8E1CC1A40000005119A00000"	"\Divisions\PD\Line Hailey\BD_Efforts\116196_ILM\Schedule"
"000000009598E9A20E04F041B38518182890A2D50100572FF007A7D6B64CA96E5CFE8E1CC1A40000004FA87C0000"	"\Divisions\PD\Line Hailey\BD_Efforts\120020-NTL"
"000000009598E9A20E04F041B38518182890A2D50100572FF007A7D6B64CA96E5CFE8E1CC1A40000005119BE0000"	"\Divisions\PD\Line Hailey\BD_Efforts\120020-NTL\Standards"
"000000009598E9A20E04F041B38518182890A2D50100CB7D9B6512D7374A860FE542D5770392000001297E180000"	"\Divisions\PD\Line Hailey\BD_Efforts\123329 McCoy"
"000000009598E9A20E04F041B38518182890A2D50100A3DF33FCC9BD1644BD14FCA330AA978500001DBBF8A70000"	"\Divisions\PD\Line Hailey\BD_Efforts\Acciona\2014"
"000000009598E9A20E04F041B38518182890A2D50100A3DF33FCC9BD1644BD14FCA330AA978500001FB28C020000"	"\Divisions\PD\Line Hailey\BD_Efforts\AEP\2014\Los Vientos IV"
"000000009598E9A20E04F041B38518182890A2D50100A3DF33FCC9BD1644BD14FCA330AA978500000E9771EE0000"	"\Divisions\PD\Line Hailey\BD_Efforts\Alcan"
"000000009598E9A20E04F041B38518182890A2D50100A3DF33FCC9BD1644BD14FCA330AA97850000219773C80000"	"\Divisions\PD\Line Hailey\BD_Efforts\Allteck\2015"
"000000009598E9A20E04F041B38518182890A2D50100CB7D9B6512D7374A860FE542D57703920000010EA60A0000"	"\Divisions\PD\Line Hailey\BD_Efforts\ALTA-East"
"000000009598E9A20E04F041B38518182890A2D5010012225CC57BF01F4EA8CCA87A792FF35F0000057480270000"	"\Divisions\PD\Line Hailey\BD_Efforts\Anderson and Wood\General"
"000000009598E9A20E04F041B38518182890A2D50100A3DF33FCC9BD1644BD14FCA330AA9785000021277FE20000"	"\Divisions\PD\Line Hailey\BD_Efforts\ARB\General"
"000000009598E9A20E04F041B38518182890A2D50100A3DF33FCC9BD1644BD14FCA330AA978500001FF0EC940000"	"\Divisions\PD\Line Hailey\BD_Efforts\Atlantic Power_Ridgeline\General"
"000000009598E9A20E04F041B38518182890A2D5010012225CC57BF01F4EA8CCA87A792FF35F000213840FEA0000"	"\Divisions\PD\Line Hailey\BD_Efforts\Bekaert"
"000000009598E9A20E04F041B38518182890A2D50100A3DF33FCC9BD1644BD14FCA330AA978500001DCF93FC0000"	"\Divisions\PD\Line Hailey\BD_Efforts\Black Hills Power\117390_Teckla-Osage-Lange 230 kV"
"000000009598E9A20E04F041B38518182890A2D50100A3DF33FCC9BD1644BD14FCA330AA978500001DACC8CF0000"	"\Divisions\PD\Line Hailey\BD_Efforts\Blue Mountain Renewable"
"000000009598E9A20E04F041B38518182890A2D50100A3DF33FCC9BD1644BD14FCA330AA97850000285890700000"	"\Divisions\PD\Line Hailey\BD_Efforts\Brookfield Renewable\2012"
"000000009598E9A20E04F041B38518182890A2D50100A3DF33FCC9BD1644BD14FCA330AA978500001A3BA4010000"	"\Divisions\PD\Line Hailey\BD_Efforts\Calpine"
"000000009598E9A20E04F041B38518182890A2D5010012225CC57BF01F4EA8CCA87A792FF35F00001ACFFD530000"	"\Divisions\PD\Line Hailey\BD_Efforts\CEC-Clean Energy Consulting\2016"
"000000009598E9A20E04F041B38518182890A2D50100A3DF33FCC9BD1644BD14FCA330AA978500002AFDC1290000"	"\Divisions\PD\Line Hailey\BD_Efforts\Cheveron\2016"
"000000009598E9A20E04F041B38518182890A2D50100A3DF33FCC9BD1644BD14FCA330AA978500001F7C9CE40000"	"\Divisions\PD\Line Hailey\BD_Efforts\City of Boulder City\General"
"000000009598E9A20E04F041B38518182890A2D50100A3DF33FCC9BD1644BD14FCA330AA9785000028493D5F0000"	"\Divisions\PD\Line Hailey\BD_Efforts\Clean Line\General"
"000000009598E9A20E04F041B38518182890A2D50100A3DF33FCC9BD1644BD14FCA330AA978500000EC11F120000"	"\Divisions\PD\Line Hailey\BD_Efforts\Coos Curry Electric Coop\Analize Steel Pole"
"000000009598E9A20E04F041B38518182890A2D50100A3DF33FCC9BD1644BD14FCA330AA9785000016951B3E0000"	"\Divisions\PD\Line Hailey\BD_Efforts\Distribution Service Charter"
"000000009598E9A20E04F041B38518182890A2D5010012225CC57BF01F4EA8CCA87A792FF35F00029EC21F780000"	"\Divisions\PD\Line Hailey\BD_Efforts\EDM\2019\SCE Pole Fire Forensic Analysis"
"000000009598E9A20E04F041B38518182890A2D5010012225CC57BF01F4EA8CCA87A792FF35F0000B677F3230000"	"\Divisions\PD\Line Hailey\BD_Efforts\EKPC\2017\Stephensburg-Glendale-Hodgenville 69 kV EPC"
"000000009598E9A20E04F041B38518182890A2D5010012225CC57BF01F4EA8CCA87A792FF35F0001735EB96C0000"	"\Divisions\PD\Line Hailey\BD_Efforts\ENMAX"
"000000009598E9A20E04F041B38518182890A2D50100A3DF33FCC9BD1644BD14FCA330AA97850000156B5E940000"	"\Divisions\PD\Line Hailey\BD_Efforts\Entergy\Rating 2012"
"000000009598E9A20E04F041B38518182890A2D50100A3DF33FCC9BD1644BD14FCA330AA97850000176D35480000"	"\Divisions\PD\Line Hailey\BD_Efforts\EoN\Petrolina and Wildcat 2"
"000000009598E9A20E04F041B38518182890A2D50100A3DF33FCC9BD1644BD14FCA330AA97850000217B20E50000"	"\Divisions\PD\Line Hailey\BD_Efforts\Exelon\2015\Sendero Wind Project"
"000000009598E9A20E04F041B38518182890A2D50100A3DF33FCC9BD1644BD14FCA330AA9785000024865F3E0000"	"\Divisions\PD\Line Hailey\BD_Efforts\First Solar\2015\Astoria Gentie"
"000000009598E9A20E04F041B38518182890A2D50100A3DF33FCC9BD1644BD14FCA330AA978500002AC2360B0000"	"\Divisions\PD\Line Hailey\BD_Efforts\Forbes\2016\FWERP 138 kV"
"000000009598E9A20E04F041B38518182890A2D5010012225CC57BF01F4EA8CCA87A792FF35F00013CB5CA070000"	"\Divisions\PD\Line Hailey\BD_Efforts\FUGRO\2017\Dominion"
"000000009598E9A20E04F041B38518182890A2D50100A3DF33FCC9BD1644BD14FCA330AA978500002615442F0000"	"\Divisions\PD\Line Hailey\BD_Efforts\General Cable\General"
"000000009598E9A20E04F041B38518182890A2D50100A3DF33FCC9BD1644BD14FCA330AA9785000019964D670000"	"\Divisions\PD\Line Hailey\BD_Efforts\GLP\2013 Projects"
"000000009598E9A20E04F041B38518182890A2D50100A3DF33FCC9BD1644BD14FCA330AA978500002881A5380000"	"\Divisions\PD\Line Hailey\BD_Efforts\GLP\2016\Hollingsworth_Hogg_Gartshore"
"000000009598E9A20E04F041B38518182890A2D50100572FF007A7D6B64CA96E5CFE8E1CC1A4000000180C4D0000"	"\Divisions\PD\Line Hailey\BD_Efforts\Great Lakes Power 2009"
"000000009598E9A20E04F041B38518182890A2D5010012225CC57BF01F4EA8CCA87A792FF35F000124BAED920000"	"\Divisions\PD\Line Hailey\BD_Efforts\GrupoSaesa\2017\IndEngRpt"
"000000009598E9A20E04F041B38518182890A2D5010012225CC57BF01F4EA8CCA87A792FF35F00019ED8C1EF0000"	"\Divisions\PD\Line Hailey\BD_Efforts\Hatch_Canada\2018\Cahora Bassa HVDC Converter"
"000000009598E9A20E04F041B38518182890A2D501001296C725372D7F4B86B758A22EA3141B0000005EA7350000"	"\Divisions\PD\Line Hailey\BD_Efforts\Helco"
"000000009598E9A20E04F041B38518182890A2D50100A3DF33FCC9BD1644BD14FCA330AA97850000170003C20000"	"\Divisions\PD\Line Hailey\BD_Efforts\Hydro One\HONI Lidar and PLS"
"000000009598E9A20E04F041B38518182890A2D50100CB7D9B6512D7374A860FE542D57703920000011924D00000"	"\Divisions\PD\Line Hailey\BD_Efforts\Idaho Power"
"000000009598E9A20E04F041B38518182890A2D50100572FF007A7D6B64CA96E5CFE8E1CC1A4000000630C790000"	"\Divisions\PD\Line Hailey\BD_Efforts\IEC_SMUD"
"000000009598E9A20E04F041B38518182890A2D5010012225CC57BF01F4EA8CCA87A792FF35F0000D26A59880000"	"\Divisions\PD\Line Hailey\BD_Efforts\ITC\2017"
"000000009598E9A20E04F041B38518182890A2D5010012225CC57BF01F4EA8CCA87A792FF35F0000122E77F30000"	"\Divisions\PD\Line Hailey\BD_Efforts\Jyoti Americas"
"000000009598E9A20E04F041B38518182890A2D5010012225CC57BF01F4EA8CCA87A792FF35F00008C32359E0000"	"\Divisions\PD\Line Hailey\BD_Efforts\KETRACO\General"
"000000009598E9A20E04F041B38518182890A2D5010012225CC57BF01F4EA8CCA87A792FF35F0000F7DBADF00000"	"\Divisions\PD\Line Hailey\BD_Efforts\Lamifil\2017\Analysis and Training"
"000000009598E9A20E04F041B38518182890A2D50100A3DF33FCC9BD1644BD14FCA330AA978500002BC4A6C70000"	"\Divisions\PD\Line Hailey\BD_Efforts\LATIN AMERICA\Central America"
"000000009598E9A20E04F041B38518182890A2D5010012225CC57BF01F4EA8CCA87A792FF35F0000FB3FE4B70000"	"\Divisions\PD\Line Hailey\BD_Efforts\LATIN AMERICA\Central America\Costa Rica\ICE\01 General\2016 GSA"
"000000009598E9A20E04F041B38518182890A2D50100A3DF33FCC9BD1644BD14FCA330AA978500002BC7BB110000"	"\Divisions\PD\Line Hailey\BD_Efforts\LATIN AMERICA\Central America\Costa Rica\ICE\2016\Asset Management"
"000000009598E9A20E04F041B38518182890A2D5010012225CC57BF01F4EA8CCA87A792FF35F0000C6905D150000"	"\Divisions\PD\Line Hailey\BD_Efforts\LATIN AMERICA\Central America\Costa Rica\ICE\2017\Distribution Services"
"000000009598E9A20E04F041B38518182890A2D50100A3DF33FCC9BD1644BD14FCA330AA978500002BC7E6B00000"	"\Divisions\PD\Line Hailey\BD_Efforts\LATIN AMERICA\Central America\Costa Rica\ICE\Budget"
"000000009598E9A20E04F041B38518182890A2D50100A3DF33FCC9BD1644BD14FCA330AA978500002BC85ED90000"	"\Divisions\PD\Line Hailey\BD_Efforts\LATIN AMERICA\Central America\Costa Rica\ICE\Old Projects\2015\Peru 220 kV"
"000000009598E9A20E04F041B38518182890A2D50100A3DF33FCC9BD1644BD14FCA330AA978500002BC8A1C80000"	"\Divisions\PD\Line Hailey\BD_Efforts\LATIN AMERICA\Central America\Costa Rica\ICE\Old Projects\Generation"
"000000009598E9A20E04F041B38518182890A2D50100A3DF33FCC9BD1644BD14FCA330AA978500002BC8F42F0000"	"\Divisions\PD\Line Hailey\BD_Efforts\LATIN AMERICA\Central America\Costa Rica\ICE\Old Projects\Poles"
"000000009598E9A20E04F041B38518182890A2D5010012225CC57BF01F4EA8CCA87A792FF35F0000197795910000"	"\Divisions\PD\Line Hailey\BD_Efforts\LATIN AMERICA\Central America\Costa Rica\ICE\Other opportunities"
"000000009598E9A20E04F041B38518182890A2D50100A3DF33FCC9BD1644BD14FCA330AA978500002BC689D50000"	"\Divisions\PD\Line Hailey\BD_Efforts\LATIN AMERICA\Central America\Dominican Rep"
"000000009598E9A20E04F041B38518182890A2D5010012225CC57BF01F4EA8CCA87A792FF35F0000122E78080000"	"\Divisions\PD\Line Hailey\BD_Efforts\LATIN AMERICA\Central America\Guatemala"
"000000009598E9A20E04F041B38518182890A2D50100A3DF33FCC9BD1644BD14FCA330AA978500002BC681940000"	"\Divisions\PD\Line Hailey\BD_Efforts\LATIN AMERICA\Central America\Panama\ETESA\2016\Lines upgrades"
"000000009598E9A20E04F041B38518182890A2D50100A3DF33FCC9BD1644BD14FCA330AA978500002C0D95FD0000"	"\Divisions\PD\Line Hailey\BD_Efforts\LATIN AMERICA\Central America\REDCA\2016"
"000000009598E9A20E04F041B38518182890A2D50100A3DF33FCC9BD1644BD14FCA330AA978500001EE161830000"	"\Divisions\PD\Line Hailey\BD_Efforts\LATIN AMERICA\Chile\Transelec\133734.002.002-SAS"
"000000009598E9A20E04F041B38518182890A2D5010012225CC57BF01F4EA8CCA87A792FF35F0000EB72E2300000"	"\Divisions\PD\Line Hailey\BD_Efforts\LATIN AMERICA\Chile\Transelec\2017\Tower Failure"
"000000009598E9A20E04F041B38518182890A2D50100A3DF33FCC9BD1644BD14FCA330AA978500002BC698CB0000"	"\Divisions\PD\Line Hailey\BD_Efforts\LATIN AMERICA\Colombia\ISA\2016\UG Cable Expert"
"000000009598E9A20E04F041B38518182890A2D50100A3DF33FCC9BD1644BD14FCA330AA978500002BC5EDD50000"	"\Divisions\PD\Line Hailey\BD_Efforts\LATIN AMERICA\Mexico\CFE\2016\HVDC"
"000000009598E9A20E04F041B38518182890A2D50100A3DF33FCC9BD1644BD14FCA330AA978500002CA3E1F60000"	"\Divisions\PD\Line Hailey\BD_Efforts\LATIN AMERICA\Mexico\Think Forward Power\2016"
"000000009598E9A20E04F041B38518182890A2D50100A3DF33FCC9BD1644BD14FCA330AA978500002BC6F7560000"	"\Divisions\PD\Line Hailey\BD_Efforts\LATIN AMERICA\Quanta International\Jaco and Coyol_Subs-Lines"
"000000009598E9A20E04F041B38518182890A2D50100A3DF33FCC9BD1644BD14FCA330AA978500001DAB8C8B0000"	"\Divisions\PD\Line Hailey\BD_Efforts\LEPA_Loisiana Energy Power Authority"
"000000009598E9A20E04F041B38518182890A2D50100A3DF33FCC9BD1644BD14FCA330AA9785000025EE0A470000"	"\Divisions\PD\Line Hailey\BD_Efforts\Matrix NAC\General"
"000000009598E9A20E04F041B38518182890A2D50100A3DF33FCC9BD1644BD14FCA330AA978500001EC2DFC20000"	"\Divisions\PD\Line Hailey\BD_Efforts\Michels\NRG Oasis"
"000000009598E9A20E04F041B38518182890A2D5010012225CC57BF01F4EA8CCA87A792FF35F00021D59BD340000"	"\Divisions\PD\Line Hailey\BD_Efforts\Minnesota Power\2018\Blackberry to Iron Range Support"
"000000009598E9A20E04F041B38518182890A2D50100A3DF33FCC9BD1644BD14FCA330AA978500001D8E3A5C0000"	"\Divisions\PD\Line Hailey\BD_Efforts\MWH\2014"
"000000009598E9A20E04F041B38518182890A2D50100A3DF33FCC9BD1644BD14FCA330AA9785000018D84EB10000"	"\Divisions\PD\Line Hailey\BD_Efforts\NextEra\NPPD Interconnect"
"000000009598E9A20E04F041B38518182890A2D50100A3DF33FCC9BD1644BD14FCA330AA97850000172012840000"	"\Divisions\PD\Line Hailey\BD_Efforts\NRG"
"000000009598E9A20E04F041B38518182890A2D50100A3DF33FCC9BD1644BD14FCA330AA9785000026C606760000"	"\Divisions\PD\Line Hailey\BD_Efforts\NV Energy"
"000000009598E9A20E04F041B38518182890A2D50100A3DF33FCC9BD1644BD14FCA330AA9785000018E2CB9C0000"	"\Divisions\PD\Line Hailey\BD_Efforts\Oncor"
"000000009598E9A20E04F041B38518182890A2D50100572FF007A7D6B64CA96E5CFE8E1CC1A40000006686EA0000"	"\Divisions\PD\Line Hailey\BD_Efforts\PacifiCorp\Drafting RFP"
"000000009598E9A20E04F041B38518182890A2D5010012225CC57BF01F4EA8CCA87A792FF35F0000D26A59800000"	"\Divisions\PD\Line Hailey\BD_Efforts\Pattern Energy\2017\Cross-rope Structures"
"000000009598E9A20E04F041B38518182890A2D50100A3DF33FCC9BD1644BD14FCA330AA978500002B4F87ED0000"	"\Divisions\PD\Line Hailey\BD_Efforts\PHI_PEPCO Holdings\2016"
"000000009598E9A20E04F041B38518182890A2D50100A3DF33FCC9BD1644BD14FCA330AA978500002C00A5170000"	"\Divisions\PD\Line Hailey\BD_Efforts\Powertel\2012"
"000000009598E9A20E04F041B38518182890A2D50100A3DF33FCC9BD1644BD14FCA330AA9785000027822B5C0000"	"\Divisions\PD\Line Hailey\BD_Efforts\Powertel\2015\Maritime Link"
"000000009598E9A20E04F041B38518182890A2D50100A3DF33FCC9BD1644BD14FCA330AA978500000E94C0400000"	"\Divisions\PD\Line Hailey\BD_Efforts\PSE&G"
"000000009598E9A20E04F041B38518182890A2D5010012225CC57BF01F4EA8CCA87A792FF35F00012CA1A8650000"	"\Divisions\PD\Line Hailey\BD_Efforts\Recurrent\2017"
"000000009598E9A20E04F041B38518182890A2D5010012225CC57BF01F4EA8CCA87A792FF35F0000122E77FC0000"	"\Divisions\PD\Line Hailey\BD_Efforts\RES\2016"
"000000009598E9A20E04F041B38518182890A2D50100A3DF33FCC9BD1644BD14FCA330AA97850000286471C20000"	"\Divisions\PD\Line Hailey\BD_Efforts\Rokstad"
"000000009598E9A20E04F041B38518182890A2D50100A3DF33FCC9BD1644BD14FCA330AA978500002088E3CB0000"	"\Divisions\PD\Line Hailey\BD_Efforts\RS Technologies\2014\XTO Energy_Comm Pole Fnd Stmp"
"000000009598E9A20E04F041B38518182890A2D5010012225CC57BF01F4EA8CCA87A792FF35F0000AC8758BF0000"	"\Divisions\PD\Line Hailey\BD_Efforts\RTA-Rio Tinto Alcan\2017\Catenary Inspection"
"000000009598E9A20E04F041B38518182890A2D50100A3DF33FCC9BD1644BD14FCA330AA978500002DF141960000"	"\Divisions\PD\Line Hailey\BD_Efforts\SaskPower"
"000000009598E9A20E04F041B38518182890A2D5010012225CC57BF01F4EA8CCA87A792FF35F0000E56D53600000"	"\Divisions\PD\Line Hailey\BD_Efforts\SaskPower\2017\Substation_P-C RFPQ"
"000000009598E9A20E04F041B38518182890A2D50100A3DF33FCC9BD1644BD14FCA330AA978500001DA1E0FB0000"	"\Divisions\PD\Line Hailey\BD_Efforts\Schofield Barracks"
"000000009598E9A20E04F041B38518182890A2D5010012225CC57BF01F4EA8CCA87A792FF35F0000D26A59680000"	"\Divisions\PD\Line Hailey\BD_Efforts\SEC_Shanghai Electric"
"000000009598E9A20E04F041B38518182890A2D5010012225CC57BF01F4EA8CCA87A792FF35F00005187CB8E0000"	"\Divisions\PD\Line Hailey\BD_Efforts\Smartwires\2016\T6_Transgrid"
"000000009598E9A20E04F041B38518182890A2D50100A3DF33FCC9BD1644BD14FCA330AA978500002ABC76160000"	"\Divisions\PD\Line Hailey\BD_Efforts\SoCore Energy\2016"
"000000009598E9A20E04F041B38518182890A2D50100A3DF33FCC9BD1644BD14FCA330AA97850000167C30FF0000"	"\Divisions\PD\Line Hailey\BD_Efforts\SSVEC_69 kV\Ramsey-Hereford"
"000000009598E9A20E04F041B38518182890A2D50100A3DF33FCC9BD1644BD14FCA330AA97850000173BB77F0000"	"\Divisions\PD\Line Hailey\BD_Efforts\Surprise Valley\Paisley Geothermal Interconnection"
"000000009598E9A20E04F041B38518182890A2D5010012225CC57BF01F4EA8CCA87A792FF35F00006818D6C10000"	"\Divisions\PD\Line Hailey\BD_Efforts\Terna\2016"
"000000009598E9A20E04F041B38518182890A2D5010012225CC57BF01F4EA8CCA87A792FF35F00013250E04F0000"	"\Divisions\PD\Line Hailey\BD_Efforts\Terra_Gen\2017\Humbolt Co Pre Design 115kV"
"000000009598E9A20E04F041B38518182890A2D50100A3DF33FCC9BD1644BD14FCA330AA978500001A1FBBFF0000"	"\Divisions\PD\Line Hailey\BD_Efforts\TID - Turlock"
"000000009598E9A20E04F041B38518182890A2D50100A3DF33FCC9BD1644BD14FCA330AA978500001E52EF2F0000"	"\Divisions\PD\Line Hailey\BD_Efforts\Transource\General"
"000000009598E9A20E04F041B38518182890A2D5010012225CC57BF01F4EA8CCA87A792FF35F0000CB33FB010000"	"\Divisions\PD\Line Hailey\BD_Efforts\USTDA\2017"
"000000009598E9A20E04F041B38518182890A2D50100A3DF33FCC9BD1644BD14FCA330AA97850000170D67D80000"	"\Divisions\PD\Line Hailey\BD_Efforts\VEA"
"000000009598E9A20E04F041B38518182890A2D5010012225CC57BF01F4EA8CCA87A792FF35F000183C9C0970000"	"\Divisions\PD\Line Hailey\BD_Efforts\Wataynikaneyap\2018\OE"
"000000009598E9A20E04F041B38518182890A2D50100A3DF33FCC9BD1644BD14FCA330AA978500001F12C6030000"	"\Divisions\PD\Line Hailey\BD_Efforts\Wheeler Electric\General"
"000000009598E9A20E04F041B38518182890A2D50100A3DF33FCC9BD1644BD14FCA330AA9785000015B11DB40000"	"\Divisions\PD\Line Hailey\BD_Efforts\Xcel Energy\CapX"
"000000009598E9A20E04F041B38518182890A2D501001296C725372D7F4B86B758A22EA3141B0000007BC43A0000"	"\Divisions\PD\Line Hailey\CLIENT_STDS_GENERAL\AEP_Standards-Samples"
"000000009598E9A20E04F041B38518182890A2D501001296C725372D7F4B86B758A22EA3141B000000433F6D0000"	"\Divisions\PD\Line Hailey\CLIENT_STDS_GENERAL\brazos-general\FAIRVIEW-ALEDO"
"000000009598E9A20E04F041B38518182890A2D501001296C725372D7F4B86B758A22EA3141B0000005F9D530000"	"\Divisions\PD\Line Hailey\CLIENT_STDS_GENERAL\Oncor General\Oncor_Drafting_2001_thru_2007"
"000000009598E9A20E04F041B38518182890A2D50100A3DF33FCC9BD1644BD14FCA330AA978500002BE19E340000"	"\Divisions\PD\Line Hailey\Line Freeport"
"000000009598E9A20E04F041B38518182890A2D50100A3DF33FCC9BD1644BD14FCA330AA978500001B1D26C00000"	"\Divisions\PD\Line Hailey\Line Kansas City\122590 PEF-FERN PARK DSCADA PREP"
"000000009598E9A20E04F041B38518182890A2D50100A3DF33FCC9BD1644BD14FCA330AA978500001B1D26ED0000"	"\Divisions\PD\Line Hailey\Line Kansas City\127731 COT-UPDATE TAL'S PRC-023 STUDY"
"000000009598E9A20E04F041B38518182890A2D50100A3DF33FCC9BD1644BD14FCA330AA9785000018C9B2230000"	"\Divisions\PD\Line Hailey\Restored_Emails (Recovered)\110344 Whitney-Grandview"
"000000009598E9A20E04F041B38518182890A2D50100A3DF33FCC9BD1644BD14FCA330AA978500001F609EDB0000"	"\Divisions\PD\Line Hamilton\134640"
"000000009598E9A20E04F041B38518182890A2D50100A3DF33FCC9BD1644BD14FCA330AA978500002C115B190000"	"\Divisions\PD\Line Hamilton\141929"
"000000009598E9A20E04F041B38518182890A2D5010012225CC57BF01F4EA8CCA87A792FF35F0000F4B8C2AB0000"	"\Divisions\PD\Line Hamilton\147697"
"000000009598E9A20E04F041B38518182890A2D5010012225CC57BF01F4EA8CCA87A792FF35F0002423DB4ED0000"	"\Divisions\PD\Line Hamilton\154741"
"000000009598E9A20E04F041B38518182890A2D50100E34BFE500669CD49AC2E27C6C54DE39D000000383EE70000"	"\Divisions\PD\Line Houston\00-Closed Projects (remove by 11/09)\113437 SCL"
"000000009598E9A20E04F041B38518182890A2D50100E34BFE500669CD49AC2E27C6C54DE39D00000020FD720000"	"\Divisions\PD\Line Houston\00-Proposals_BD\Brazos-Duke Energy"
"000000009598E9A20E04F041B38518182890A2D50100E34BFE500669CD49AC2E27C6C54DE39D0000000AFD5E0000"	"\Divisions\PD\Line Houston\107391 Alaskan Way Via Duct\00 UPLOADED TO DMS or PWC\00 Meeting Minutes\009-043"
"000000009598E9A20E04F041B38518182890A2D50100E34BFE500669CD49AC2E27C6C54DE39D0000000D59360000"	"\Divisions\PD\Line Houston\107391 Alaskan Way Via Duct\00 UPLOADED TO DMS or PWC\00 PATTY GLOYD"
"000000009598E9A20E04F041B38518182890A2D50100E34BFE500669CD49AC2E27C6C54DE39D0000000AFD780000"	"\Divisions\PD\Line Houston\107391 Alaskan Way Via Duct\00 UPLOADED TO DMS or PWC\AWV-003 thru AWV-050\AWV-003"
"000000009598E9A20E04F041B38518182890A2D50100E34BFE500669CD49AC2E27C6C54DE39D0000000AFD7E0000"	"\Divisions\PD\Line Houston\107391 Alaskan Way Via Duct\00 UPLOADED TO DMS or PWC\AWV-003 thru AWV-050\AWV-044"
"000000009598E9A20E04F041B38518182890A2D50100E34BFE500669CD49AC2E27C6C54DE39D0000000D591C0000"	"\Divisions\PD\Line Houston\107391 Alaskan Way Via Duct\00 UPLOADED TO DMS or PWC\AWV-050 thruy AWV-100\AWV-067"
"000000009598E9A20E04F041B38518182890A2D50100E34BFE500669CD49AC2E27C6C54DE39D0000000D59350000"	"\Divisions\PD\Line Houston\107391 Alaskan Way Via Duct\00 UPLOADED TO DMS or PWC\J_Joy-POWER_05-21-07"
"000000009598E9A20E04F041B38518182890A2D501001953B16A689BCD4AA8FC82955DB27CB1000000EA7AEF0000"	"\Divisions\PD\Line Houston\123799_Blythe_Backup_Service_Trnsf_Spc"
"000000009598E9A20E04F041B38518182890A2D50100A3DF33FCC9BD1644BD14FCA330AA978500001FD69E330000"	"\Divisions\PD\Line Houston\136224_AEP_South Haven_WO#"
"000000009598E9A20E04F041B38518182890A2D50100572FF007A7D6B64CA96E5CFE8E1CC1A4000000511A170000"	"\Divisions\PD\Line Kansas City"
"000000009598E9A20E04F041B38518182890A2D501001953B16A689BCD4AA8FC82955DB27CB1000001F8D59A0000"	"\Divisions\PD\Line Orlando"
"000000009598E9A20E04F041B38518182890A2D50100A3DF33FCC9BD1644BD14FCA330AA978500001B1A206D0000"	"\Divisions\PD\Line Orlando\131740-FPL-WIRELESS CELL TOWER ENG'G"
"000000009598E9A20E04F041B38518182890A2D50100A3DF33FCC9BD1644BD14FCA330AA978500001EEC129C0000"	"\Divisions\PD\Line Orlando\135521-FPL-CHARLOTTE SUB PULL OFF STRUCTURE ANALYSIS"
"000000009598E9A20E04F041B38518182890A2D50100A3DF33FCC9BD1644BD14FCA330AA97850000200AB6F20000"	"\Divisions\PD\Line Orlando\136337-DUKE ENERGY-EUSTIS-DONA VISTA"
"000000009598E9A20E04F041B38518182890A2D50100A3DF33FCC9BD1644BD14FCA330AA978500002566F86E0000"	"\Divisions\PD\Line Orlando\139702-OUC-NEW SOURCE TO DOWNTOWN"
"000000009598E9A20E04F041B38518182890A2D5010012225CC57BF01F4EA8CCA87A792FF35F00003F053F800000"	"\Divisions\PD\Line Orlando\142652-FPL-ROEBUCK SUBS FIBERNET"
"000000009598E9A20E04F041B38518182890A2D50100A3DF33FCC9BD1644BD14FCA330AA978500002C058CD80000"	"\Divisions\PD\Line Orlando\Orlando Line"
"000000009598E9A20E04F041B38518182890A2D5010012225CC57BF01F4EA8CCA87A792FF35F00020E8C7D0A0000"	"\Divisions\PD\Line Portland\129839 - Oncor Cedar Hill Mtn Creek\dups"
"000000009598E9A20E04F041B38518182890A2D50100A3DF33FCC9BD1644BD14FCA330AA97850000200E36660000"	"\Divisions\PD\Line Portland\134672 - Jordan Cove"
"000000009598E9A20E04F041B38518182890A2D50100A3DF33FCC9BD1644BD14FCA330AA978500002B8FBBF50000"	"\Divisions\PD\Line Portland\140906 - PPL Tower Models\140975 - Airline to Holly"
"000000009598E9A20E04F041B38518182890A2D5010012225CC57BF01F4EA8CCA87A792FF35F0000A32D97220000"	"\Divisions\PD\Line Portland\145944 - AEP Hawley Tap-Onyx"
"000000009598E9A20E04F041B38518182890A2D5010012225CC57BF01F4EA8CCA87A792FF35F0001A0F221D30000"	"\Divisions\PD\Line Portland\151632 - PGE Spec Audit"
"000000009598E9A20E04F041B38518182890A2D5010012225CC57BF01F4EA8CCA87A792FF35F0002FE7C35720000"	"\Divisions\PD\Line Portland\160424 - AEP WhitePoint-STP 345kV"
"000000009598E9A20E04F041B38518182890A2D50100A3DF33FCC9BD1644BD14FCA330AA978500001DB1666D0000"	"\Divisions\PD\Line San Diego\134241 Ridgenose PV"
"000000009598E9A20E04F041B38518182890A2D5010012225CC57BF01F4EA8CCA87A792FF35F0002423DB4EF0000"	"\Divisions\PD\Line San Diego\155562_Wilson Guard Structure/Netting"
"000000009598E9A20E04F041B38518182890A2D5010012225CC57BF01F4EA8CCA87A792FF35F0004329B096E0000"	"\Divisions\PD\Line Syracuse\_PPL HOLD"
"000000009598E9A20E04F041B38518182890A2D5010012225CC57BF01F4EA8CCA87A792FF35F00011C66FF410000"	"\Divisions\PD\Line Syracuse\_PPL HOLD\148296 PPL NLRP SEGMENT C13"
"000000009598E9A20E04F041B38518182890A2D50100E34BFE500669CD49AC2E27C6C54DE39D0000003B82DE0000"	"\Divisions\PD\North Attleboro Project Site\00_DMS Upload\Plymouth"
"000000009598E9A20E04F041B38518182890A2D50100572FF007A7D6B64CA96E5CFE8E1CC1A40000001397E40000"	"\Divisions\PD\North Attleboro Project Site\AIR's\Closed AIR's\0069"
"000000009598E9A20E04F041B38518182890A2D50100572FF007A7D6B64CA96E5CFE8E1CC1A40000001397EA0000"	"\Divisions\PD\North Attleboro Project Site\AIR's\Open AIR's\0071"
"000000009598E9A20E04F041B38518182890A2D50100E34BFE500669CD49AC2E27C6C54DE39D0000003B82E50000"	"\Divisions\PD\North Attleboro Project Site\Plymouth"
"000000009598E9A20E04F041B38518182890A2D50100E34BFE500669CD49AC2E27C6C54DE39D0000003DC13E0000"	"\Divisions\PD\North Attleboro Project Site\Projects\113516-New 345KV Line W.Farnum-Kent\DD-CM-01\Lines"
"000000009598E9A20E04F041B38518182890A2D50100572FF007A7D6B64CA96E5CFE8E1CC1A40000004C4AB10000"	"\Divisions\PD\North Attleboro Project Site\Projects\120580-Brayton Point"
"000000009598E9A20E04F041B38518182890A2D50100A3DF33FCC9BD1644BD14FCA330AA9785000019C3C3720000"	"\Divisions\PD\North Attleboro Project Site\Projects\129221 NGRID Riverside Substation No. 108 Substation Upgrade Project"
"000000009598E9A20E04F041B38518182890A2D5010012225CC57BF01F4EA8CCA87A792FF35F0001B17040670000"	"\Divisions\PD\Out of Office – Kansas City Calendar\Operations"
"000000009598E9A20E04F041B38518182890A2D50100A3DF33FCC9BD1644BD14FCA330AA97850000261826AA0000"	"\Divisions\PD\PCI Sacramento\00-DMS Upload\140145 - SCE-POWER360 SVCES ELDORADO PJ1"
"000000009598E9A20E04F041B38518182890A2D50100A3DF33FCC9BD1644BD14FCA330AA978500001C85AFEC0000"	"\Divisions\PD\PCI Sacramento\00-DMS Upload\Ameren - NERC Program\Safety"
"000000009598E9A20E04F041B38518182890A2D501006C95E27D1ACA634AA1AADC20796388DD000000BDB2700000"	"\Divisions\PD\PCI Sacramento\117132 TMPA-CREZ\Weekly Reports"
"000000009598E9A20E04F041B38518182890A2D50100A3DF33FCC9BD1644BD14FCA330AA978500000E8625BE0000"	"\Divisions\PD\PCI Sacramento\117291 NPPD345KV AXTELL-KANSAS LINE\Axtell-Kansas\Structure Files"
"000000009598E9A20E04F041B38518182890A2D50100A3DF33FCC9BD1644BD14FCA330AA9785000019B3C7A80000"	"\Divisions\PD\PCI Sacramento\121690 ON Line Project\All Inspector Reports\Conductor Dead-End Reports"
"000000009598E9A20E04F041B38518182890A2D50100A3DF33FCC9BD1644BD14FCA330AA978500001755E4440000"	"\Divisions\PD\PCI Sacramento\121690 ON Line Project\All Inspector Reports\Lattice Steel Erection"
"000000009598E9A20E04F041B38518182890A2D501001953B16A689BCD4AA8FC82955DB27CB1000001CCB9F50000"	"\Divisions\PD\PCI Sacramento\121690 ON Line Project\All Inspector Reports\Substation Cable Trench Report"
"000000009598E9A20E04F041B38518182890A2D50100CB7D9B6512D7374A860FE542D57703920000011B08500000"	"\Divisions\PD\PCI Sacramento\122901 EITP OWNERS ENGINEER"
"000000009598E9A20E04F041B38518182890A2D50100A3DF33FCC9BD1644BD14FCA330AA978500001A3AA8E90000"	"\Divisions\PD\PCI Sacramento\128552"
"000000009598E9A20E04F041B38518182890A2D50100A3DF33FCC9BD1644BD14FCA330AA978500001C9772500000"	"\Divisions\PD\PCI Sacramento\132259 MO Program Management\001\Engineering Inspection"
"000000009598E9A20E04F041B38518182890A2D50100A3DF33FCC9BD1644BD14FCA330AA978500001C97729A0000"	"\Divisions\PD\PCI Sacramento\132259 MO Program Management\002\Environmental"
"000000009598E9A20E04F041B38518182890A2D50100A3DF33FCC9BD1644BD14FCA330AA978500001C9775410000"	"\Divisions\PD\PCI Sacramento\132259 MO Program Management\007\Financial"
"000000009598E9A20E04F041B38518182890A2D50100A3DF33FCC9BD1644BD14FCA330AA978500001C9773B30000"	"\Divisions\PD\PCI Sacramento\132259 MO Program Management\010\Materials"
"000000009598E9A20E04F041B38518182890A2D50100A3DF33FCC9BD1644BD14FCA330AA978500001C97740E0000"	"\Divisions\PD\PCI Sacramento\132259 MO Program Management\011\Meeting Items"
"000000009598E9A20E04F041B38518182890A2D50100A3DF33FCC9BD1644BD14FCA330AA978500001C9774560000"	"\Divisions\PD\PCI Sacramento\132259 MO Program Management\012\Misc"
"000000009598E9A20E04F041B38518182890A2D50100A3DF33FCC9BD1644BD14FCA330AA978500001C9774A40000"	"\Divisions\PD\PCI Sacramento\132259 MO Program Management\030\Real Estate"
"000000009598E9A20E04F041B38518182890A2D50100A3DF33FCC9BD1644BD14FCA330AA978500001C9772F30000"	"\Divisions\PD\PCI Sacramento\132259 MO Program Management\040\RFIs"
"000000009598E9A20E04F041B38518182890A2D50100A3DF33FCC9BD1644BD14FCA330AA978500001C9773230000"	"\Divisions\PD\PCI Sacramento\132259 MO Program Management\060\Safety"
"000000009598E9A20E04F041B38518182890A2D50100A3DF33FCC9BD1644BD14FCA330AA978500001C9773520000"	"\Divisions\PD\PCI Sacramento\132259 MO Program Management\080\Schedule"
"000000009598E9A20E04F041B38518182890A2D50100A3DF33FCC9BD1644BD14FCA330AA978500001C9773810000"	"\Divisions\PD\PCI Sacramento\132259 MO Program Management\090\Scope"
"000000009598E9A20E04F041B38518182890A2D50100A3DF33FCC9BD1644BD14FCA330AA978500001C976A3A0000"	"\Divisions\PD\PCI Sacramento\132260 IL Program Management Support\001\Scope"
"000000009598E9A20E04F041B38518182890A2D50100A3DF33FCC9BD1644BD14FCA330AA978500001C976A870000"	"\Divisions\PD\PCI Sacramento\132260 IL Program Management Support\002\TRANSMITTALS"
"000000009598E9A20E04F041B38518182890A2D50100A3DF33FCC9BD1644BD14FCA330AA978500001C976A8D0000"	"\Divisions\PD\PCI Sacramento\132260 IL Program Management Support\004"
"000000009598E9A20E04F041B38518182890A2D50100A3DF33FCC9BD1644BD14FCA330AA978500001C976ABD0000"	"\Divisions\PD\PCI Sacramento\132260 IL Program Management Support\005\Engineering"
"000000009598E9A20E04F041B38518182890A2D50100A3DF33FCC9BD1644BD14FCA330AA978500001C976AEC0000"	"\Divisions\PD\PCI Sacramento\132260 IL Program Management Support\006\Engineering Inspection"
"000000009598E9A20E04F041B38518182890A2D50100A3DF33FCC9BD1644BD14FCA330AA978500001C976B1C0000"	"\Divisions\PD\PCI Sacramento\132260 IL Program Management Support\007\Environmental"
"000000009598E9A20E04F041B38518182890A2D50100A3DF33FCC9BD1644BD14FCA330AA978500001C976B4B0000"	"\Divisions\PD\PCI Sacramento\132260 IL Program Management Support\008\Financial"
"000000009598E9A20E04F041B38518182890A2D50100A3DF33FCC9BD1644BD14FCA330AA978500001C976BF40000"	"\Divisions\PD\PCI Sacramento\132260 IL Program Management Support\009\Materials"
"000000009598E9A20E04F041B38518182890A2D50100A3DF33FCC9BD1644BD14FCA330AA978500001C976C240000"	"\Divisions\PD\PCI Sacramento\132260 IL Program Management Support\010\Meeting Items"
"000000009598E9A20E04F041B38518182890A2D50100A3DF33FCC9BD1644BD14FCA330AA978500001C976C530000"	"\Divisions\PD\PCI Sacramento\132260 IL Program Management Support\011\Misc"
"000000009598E9A20E04F041B38518182890A2D50100A3DF33FCC9BD1644BD14FCA330AA978500001C976C820000"	"\Divisions\PD\PCI Sacramento\132260 IL Program Management Support\012\Real Estate"
"000000009598E9A20E04F041B38518182890A2D50100A3DF33FCC9BD1644BD14FCA330AA978500001C976CB20000"	"\Divisions\PD\PCI Sacramento\132260 IL Program Management Support\013\RFIs"
"000000009598E9A20E04F041B38518182890A2D50100A3DF33FCC9BD1644BD14FCA330AA978500001C976CE10000"	"\Divisions\PD\PCI Sacramento\132260 IL Program Management Support\014\Safety"
"000000009598E9A20E04F041B38518182890A2D50100A3DF33FCC9BD1644BD14FCA330AA978500001C976D110000"	"\Divisions\PD\PCI Sacramento\132260 IL Program Management Support\015\Schedule"
"000000009598E9A20E04F041B38518182890A2D50100A3DF33FCC9BD1644BD14FCA330AA978500001C976D410000"	"\Divisions\PD\PCI Sacramento\132260 IL Program Management Support\016\Scope"
"000000009598E9A20E04F041B38518182890A2D50100A3DF33FCC9BD1644BD14FCA330AA978500001C976D730000"	"\Divisions\PD\PCI Sacramento\132260 IL Program Management Support\017\TRANSMITTALS"
"000000009598E9A20E04F041B38518182890A2D50100A3DF33FCC9BD1644BD14FCA330AA978500001C976DB10000"	"\Divisions\PD\PCI Sacramento\132260 IL Program Management Support\020"
"000000009598E9A20E04F041B38518182890A2D50100A3DF33FCC9BD1644BD14FCA330AA978500001C976E830000"	"\Divisions\PD\PCI Sacramento\132260 IL Program Management Support\021\Engineering"
"000000009598E9A20E04F041B38518182890A2D50100A3DF33FCC9BD1644BD14FCA330AA978500001C976EBA0000"	"\Divisions\PD\PCI Sacramento\132260 IL Program Management Support\022\Engineering Inspection"
"000000009598E9A20E04F041B38518182890A2D50100A3DF33FCC9BD1644BD14FCA330AA978500001C976EEC0000"	"\Divisions\PD\PCI Sacramento\132260 IL Program Management Support\023\Environmental"
"000000009598E9A20E04F041B38518182890A2D50100A3DF33FCC9BD1644BD14FCA330AA978500001C976F1B0000"	"\Divisions\PD\PCI Sacramento\132260 IL Program Management Support\024\Financial"
"000000009598E9A20E04F041B38518182890A2D50100A3DF33FCC9BD1644BD14FCA330AA978500001C976F4A0000"	"\Divisions\PD\PCI Sacramento\132260 IL Program Management Support\025\Materials"
"000000009598E9A20E04F041B38518182890A2D50100A3DF33FCC9BD1644BD14FCA330AA978500001C976F790000"	"\Divisions\PD\PCI Sacramento\132260 IL Program Management Support\026\Meeting Items"
"000000009598E9A20E04F041B38518182890A2D50100A3DF33FCC9BD1644BD14FCA330AA978500001C976FA90000"	"\Divisions\PD\PCI Sacramento\132260 IL Program Management Support\027\Misc"
"000000009598E9A20E04F041B38518182890A2D50100A3DF33FCC9BD1644BD14FCA330AA978500001C976FD80000"	"\Divisions\PD\PCI Sacramento\132260 IL Program Management Support\028\Real Estate"
"000000009598E9A20E04F041B38518182890A2D50100A3DF33FCC9BD1644BD14FCA330AA978500001C9770180000"	"\Divisions\PD\PCI Sacramento\132260 IL Program Management Support\030\RFIs"
"000000009598E9A20E04F041B38518182890A2D50100A3DF33FCC9BD1644BD14FCA330AA978500001C9770470000"	"\Divisions\PD\PCI Sacramento\132260 IL Program Management Support\031\Safety"
"000000009598E9A20E04F041B38518182890A2D50100A3DF33FCC9BD1644BD14FCA330AA978500001C9770770000"	"\Divisions\PD\PCI Sacramento\132260 IL Program Management Support\032\Schedule"
"000000009598E9A20E04F041B38518182890A2D50100A3DF33FCC9BD1644BD14FCA330AA978500001C9770A60000"	"\Divisions\PD\PCI Sacramento\132260 IL Program Management Support\033\Scope"
"000000009598E9A20E04F041B38518182890A2D50100A3DF33FCC9BD1644BD14FCA330AA978500001C9770D50000"	"\Divisions\PD\PCI Sacramento\132260 IL Program Management Support\034\TRANSMITTALS"
"000000009598E9A20E04F041B38518182890A2D50100A3DF33FCC9BD1644BD14FCA330AA978500001C9771A00000"	"\Divisions\PD\PCI Sacramento\132260 IL Program Management Support\036"
"000000009598E9A20E04F041B38518182890A2D50100A3DF33FCC9BD1644BD14FCA330AA978500001D5A61DB0000"	"\Divisions\PD\PCI Sacramento\132260 IL Program Management Support\037\Engineering"
"000000009598E9A20E04F041B38518182890A2D50100A3DF33FCC9BD1644BD14FCA330AA978500001D5A622B0000"	"\Divisions\PD\PCI Sacramento\132260 IL Program Management Support\038\Engineering Inspection"
"000000009598E9A20E04F041B38518182890A2D50100A3DF33FCC9BD1644BD14FCA330AA978500001D5A625E0000"	"\Divisions\PD\PCI Sacramento\132260 IL Program Management Support\039\Environmental"
"000000009598E9A20E04F041B38518182890A2D50100A3DF33FCC9BD1644BD14FCA330AA978500001D5A62B10000"	"\Divisions\PD\PCI Sacramento\132260 IL Program Management Support\040\Financial"
"000000009598E9A20E04F041B38518182890A2D50100A3DF33FCC9BD1644BD14FCA330AA978500001D5A63B70000"	"\Divisions\PD\PCI Sacramento\132260 IL Program Management Support\041\Materials"
"000000009598E9A20E04F041B38518182890A2D50100A3DF33FCC9BD1644BD14FCA330AA978500001D3C011E0000"	"\Divisions\PD\PCI Sacramento\133548 RS-NFD TO SPEARVILLE 115KV"
"000000009598E9A20E04F041B38518182890A2D50100A3DF33FCC9BD1644BD14FCA330AA9785000025403C3D0000"	"\Divisions\PD\PCI Sacramento\139621-TERREBONNE-BAYOU VISTA 230kV"
"000000009598E9A20E04F041B38518182890A2D5010012225CC57BF01F4EA8CCA87A792FF35F00010260317C0000"	"\Divisions\PD\PCI Sacramento\148082 - GARDEN CITY CONTROL HOUSE"
"000000009598E9A20E04F041B38518182890A2D50100E34BFE500669CD49AC2E27C6C54DE39D00000018EF300000"	"\Divisions\PD\PCI Sacramento\Houston Projects\114672_CenterPoint_Energy"
"000000009598E9A20E04F041B38518182890A2D50100A3DF33FCC9BD1644BD14FCA330AA9785000015D2945F0000"	"\Divisions\PD\PDS Group Phoenix\124924 Barrick Gold Expansion Plan"
"000000009598E9A20E04F041B38518182890A2D50100A3DF33FCC9BD1644BD14FCA330AA97850000161FF4800000"	"\Divisions\PD\PDS Group Phoenix\124957 Hualapai Wind Intercon Sup"
"000000009598E9A20E04F041B38518182890A2D50100A3DF33FCC9BD1644BD14FCA330AA978500001B17BDED0000"	"\Divisions\PD\PDS Group Phoenix\124982 TEP RMR\TEP"
"000000009598E9A20E04F041B38518182890A2D50100A3DF33FCC9BD1644BD14FCA330AA978500001B17FAA10000"	"\Divisions\PD\PDS Group Phoenix\124987 TEP UNS Mohave Couty RMR\Mohave\parker&Davis D-curves"
"000000009598E9A20E04F041B38518182890A2D50100A3DF33FCC9BD1644BD14FCA330AA978500001B2215BD0000"	"\Divisions\PD\PDS Group Phoenix\124988 TEP UNS Kingman Wind II\WESTERN WIND - Steel Park[16w+4s]\SIS II"
"000000009598E9A20E04F041B38518182890A2D50100A3DF33FCC9BD1644BD14FCA330AA97850000161FF3950000"	"\Divisions\PD\PDS Group Phoenix\125865 Solarreserve Gila River Xmsn"
"000000009598E9A20E04F041B38518182890A2D50100A3DF33FCC9BD1644BD14FCA330AA978500001B17B7E70000"	"\Divisions\PD\PDS Group Phoenix\127198 ED2 SIS\NITS"
"000000009598E9A20E04F041B38518182890A2D50100A3DF33FCC9BD1644BD14FCA330AA9785000017EEA9C20000"	"\Divisions\PD\PDS Group Phoenix\128196 TEP EHV Trans Study"
"000000009598E9A20E04F041B38518182890A2D50100A3DF33FCC9BD1644BD14FCA330AA9785000019CCC38E0000"	"\Divisions\PD\PDS Group Phoenix\130584 IID 09/08/11 Tech Anlys Asst"
"000000009598E9A20E04F041B38518182890A2D50100A3DF33FCC9BD1644BD14FCA330AA978500001B3B64E20000"	"\Divisions\PD\PDS Group Phoenix\131975 WAPA Marketing Study"
"000000009598E9A20E04F041B38518182890A2D50100A3DF33FCC9BD1644BD14FCA330AA978500001C83E0BB0000"	"\Divisions\PD\PDS Group Phoenix\133096 DSW Area Coord 1/14-3/14"
"000000009598E9A20E04F041B38518182890A2D50100A3DF33FCC9BD1644BD14FCA330AA978500001D9BC28F0000"	"\Divisions\PD\PDS Group Phoenix\133922 Georgia Power Interconn Feas"
"000000009598E9A20E04F041B38518182890A2D5010012225CC57BF01F4EA8CCA87A792FF35F0005A40E55F00000"	"\Divisions\PD\PM Distribution-(174)\PM Distribution"
"000000009598E9A20E04F041B38518182890A2D5010012225CC57BF01F4EA8CCA87A792FF35F00053876817D0000"	"\Divisions\PD\PM Group\169043_T27394_Dade-Airport 138kV Reconductor\Survey_Easements_Outreach"
"000000009598E9A20E04F041B38518182890A2D501006C95E27D1ACA634AA1AADC20796388DD0000004B45150000"	"\Divisions\PD\Project Control\- DMS Upload"
"000000009598E9A20E04F041B38518182890A2D50100CB7D9B6512D7374A860FE542D57703920000012C978F0000"	"\Divisions\PD\Project Control\100430"
"000000009598E9A20E04F041B38518182890A2D501006C95E27D1ACA634AA1AADC20796388DD0000007BA6520000"	"\Divisions\PD\Project Control\112096 - Powerhouse Expansion - Raytheon"
"000000009598E9A20E04F041B38518182890A2D501006C95E27D1ACA634AA1AADC20796388DD00000053BABA0000"	"\Divisions\PD\Project Control\112485- Catenary Installation\Wire Rope"
"000000009598E9A20E04F041B38518182890A2D501006C95E27D1ACA634AA1AADC20796388DD0000005101190000"	"\Divisions\PD\Project Control\113159 - Crosswinds SCADA"
"000000009598E9A20E04F041B38518182890A2D501006C95E27D1ACA634AA1AADC20796388DD00000099CCEE0000"	"\Divisions\PD\Project Control\113487 - Kent County 1 - National Grid\Hurley Co. - Cable"
"000000009598E9A20E04F041B38518182890A2D501006C95E27D1ACA634AA1AADC20796388DD000000D6B37E0000"	"\Divisions\PD\Project Control\113487 - Kent County 2 - National Grid\Currie Building Systems"
"000000009598E9A20E04F041B38518182890A2D501006C95E27D1ACA634AA1AADC20796388DD00000099CCEA0000"	"\Divisions\PD\Project Control\113487 - Kent County 2 - National Grid\Southern States - Disconnect Switches"
"000000009598E9A20E04F041B38518182890A2D501006C95E27D1ACA634AA1AADC20796388DD00000049C5970000"	"\Divisions\PD\Project Control\114033- Elkhorm Ridge Comm Integration"
"000000009598E9A20E04F041B38518182890A2D501006C95E27D1ACA634AA1AADC20796388DD00000059CCCD0000"	"\Divisions\PD\Project Control\114292 - Upper Cumberland Monroe Sub."
"000000009598E9A20E04F041B38518182890A2D501006C95E27D1ACA634AA1AADC20796388DD0000006598850000"	"\Divisions\PD\Project Control\115069 - High Lonesome\Graybar"
"000000009598E9A20E04F041B38518182890A2D501006C95E27D1ACA634AA1AADC20796388DD00000064FE890000"	"\Divisions\PD\Project Control\115446 - Scolari Roaster Rebuild - Starbucks\Kaman"
"000000009598E9A20E04F041B38518182890A2D501006C95E27D1ACA634AA1AADC20796388DD000000669B760000"	"\Divisions\PD\Project Control\116685 - Maple Ridge"
"000000009598E9A20E04F041B38518182890A2D501006C95E27D1ACA634AA1AADC20796388DD000000B4FA0E0000"	"\Divisions\PD\Project Control\117573 - Nextera / Blythe Energy Center\Cables Plus"
"000000009598E9A20E04F041B38518182890A2D501006C95E27D1ACA634AA1AADC20796388DD000000C9EDF30000"	"\Divisions\PD\Project Control\117733 - Oncor"
"000000009598E9A20E04F041B38518182890A2D501006C95E27D1ACA634AA1AADC20796388DD00000088D6F80000"	"\Divisions\PD\Project Control\118892 - Hidden Valley - City of Gillette"
"000000009598E9A20E04F041B38518182890A2D501006C95E27D1ACA634AA1AADC20796388DD000000A5B3DF0000"	"\Divisions\PD\Project Control\119891 - Raytheon"
"000000009598E9A20E04F041B38518182890A2D501006C95E27D1ACA634AA1AADC20796388DD000000AFD8EC0000"	"\Divisions\PD\Project Control\120258 - Horizon Wind"
"000000009598E9A20E04F041B38518182890A2D50100CB7D9B6512D7374A860FE542D5770392000001131ABF0000"	"\Divisions\PD\Project Control\121264 - Nikiski Substation\United Rentals N.W."
"000000009598E9A20E04F041B38518182890A2D50100CB7D9B6512D7374A860FE542D57703920000012496AF0000"	"\Divisions\PD\Project Control\121659 - SEPC / SPP NTC Phase One & Planning\Line Trap"
"000000009598E9A20E04F041B38518182890A2D50100CB7D9B6512D7374A860FE542D57703920000011616530000"	"\Divisions\PD\Project Control\121660 - Clipper Shooting Star\Control Building"
"000000009598E9A20E04F041B38518182890A2D501006C95E27D1ACA634AA1AADC20796388DD000000F390D60000"	"\Divisions\PD\Project Control\121660 - Clipper Shooting Star\SSVT"
"000000009598E9A20E04F041B38518182890A2D50100CB7D9B6512D7374A860FE542D57703920000011F31860000"	"\Divisions\PD\Project Control\122980 - Sugar Hill"
"000000009598E9A20E04F041B38518182890A2D501001953B16A689BCD4AA8FC82955DB27CB1000000E0F3100000"	"\Divisions\PD\Project Control\123097 - DSCADA / Progress Energy\Oldcastle Precast"
"000000009598E9A20E04F041B38518182890A2D50100CB7D9B6512D7374A860FE542D57703920000012EB2FF0000"	"\Divisions\PD\Project Control\123451 - St. John Substation / SEPC\Batteries"
"000000009598E9A20E04F041B38518182890A2D501001953B16A689BCD4AA8FC82955DB27CB10000011C7E530000"	"\Divisions\PD\Project Control\123824 Sunpower McHenry"
"000000009598E9A20E04F041B38518182890A2D50100A3DF33FCC9BD1644BD14FCA330AA97850000174E7C2F0000"	"\Divisions\PD\Project Control\124256 - Barber Sub.\BAE Batteries"
"000000009598E9A20E04F041B38518182890A2D50100A3DF33FCC9BD1644BD14FCA330AA978500001AAE682A0000"	"\Divisions\PD\Project Control\124256 - Barber Sub.\Pinnacle Steel\Aluminum I Beams"
"000000009598E9A20E04F041B38518182890A2D50100A3DF33FCC9BD1644BD14FCA330AA978500001DB74E9F0000"	"\Divisions\PD\Project Control\124354 - RR to Barber Eng\RFP's\System 3"
"000000009598E9A20E04F041B38518182890A2D50100A3DF33FCC9BD1644BD14FCA330AA9785000017FD4B940000"	"\Divisions\PD\Project Control\125583 - Cimarron Substation\Graybar - PH1 Hardware"
"000000009598E9A20E04F041B38518182890A2D50100A3DF33FCC9BD1644BD14FCA330AA9785000017FE3DBF0000"	"\Divisions\PD\Project Control\125583 - Cimarron Substation\RFQ - 3-Pole Replacement Hardware"
"000000009598E9A20E04F041B38518182890A2D50100A3DF33FCC9BD1644BD14FCA330AA9785000017FE78AD0000"	"\Divisions\PD\Project Control\125583 - Cimarron Substation\RFQ - Steel Pole Structures"
"000000009598E9A20E04F041B38518182890A2D50100A3DF33FCC9BD1644BD14FCA330AA978500001726BD9A0000"	"\Divisions\PD\Project Control\125583 - Cimarron Substation\Switchgear"
"000000009598E9A20E04F041B38518182890A2D50100A3DF33FCC9BD1644BD14FCA330AA9785000017FE70530000"	"\Divisions\PD\Project Control\126373 - Harper Sub.\RFQ - Line Trap"
"000000009598E9A20E04F041B38518182890A2D50100A3DF33FCC9BD1644BD14FCA330AA978500001A3D3E9E0000"	"\Divisions\PD\Project Control\126376 - Harper to Flat Ridge\Harper to Barber"
"000000009598E9A20E04F041B38518182890A2D50100A3DF33FCC9BD1644BD14FCA330AA97850000195477D70000"	"\Divisions\PD\Project Control\127239 - TMK Nextera"
"000000009598E9A20E04F041B38518182890A2D50100A3DF33FCC9BD1644BD14FCA330AA9785000018DE38A40000"	"\Divisions\PD\Project Control\128070 - Macho Springs Solar\Circuit Breakers"
"000000009598E9A20E04F041B38518182890A2D50100A3DF33FCC9BD1644BD14FCA330AA9785000018DE70ED0000"	"\Divisions\PD\Project Control\128070 - Macho Springs Solar\Disconnect Switches\Southern States"
"000000009598E9A20E04F041B38518182890A2D50100A3DF33FCC9BD1644BD14FCA330AA978500001A20233C0000"	"\Divisions\PD\Project Control\129740 - Sweetwater 2 RTU Replacement"
"000000009598E9A20E04F041B38518182890A2D50100A3DF33FCC9BD1644BD14FCA330AA978500001A8C64740000"	"\Divisions\PD\Project Control\129781 - River Road\Relay and Control Panels"
"000000009598E9A20E04F041B38518182890A2D50100A3DF33FCC9BD1644BD14FCA330AA978500001AAE27480000"	"\Divisions\PD\Project Control\129781 - River Road\Trench - Line Trap"
"000000009598E9A20E04F041B38518182890A2D50100A3DF33FCC9BD1644BD14FCA330AA978500001DD26A2C0000"	"\Divisions\PD\Project Control\130766 - CRS PH2\RFQ's\500 kcmil Cable\Kriz Davis"
"000000009598E9A20E04F041B38518182890A2D50100A3DF33FCC9BD1644BD14FCA330AA978500001B62DF8C0000"	"\Divisions\PD\Project Control\132085 - East Hall Sub."
"000000009598E9A20E04F041B38518182890A2D50100A3DF33FCC9BD1644BD14FCA330AA978500001D7186F50000"	"\Divisions\PD\Project Control\132085 - East Hall Sub.\Mobile Mini"
"000000009598E9A20E04F041B38518182890A2D50100A3DF33FCC9BD1644BD14FCA330AA978500001C722CA50000"	"\Divisions\PD\Project Control\132085 - East Hall Sub.\RFQ's\Control Building"
"000000009598E9A20E04F041B38518182890A2D50100A3DF33FCC9BD1644BD14FCA330AA978500001CC17E740000"	"\Divisions\PD\Project Control\132085 - East Hall Sub.\RFQ's\Steel Structures"
"000000009598E9A20E04F041B38518182890A2D50100A3DF33FCC9BD1644BD14FCA330AA978500001B8553E30000"	"\Divisions\PD\Project Control\132085 - East Hall Sub.\SPX - Transformer for Plainville"
"000000009598E9A20E04F041B38518182890A2D50100A3DF33FCC9BD1644BD14FCA330AA978500001DA31A750000"	"\Divisions\PD\Project Control\133317 - RS Shooflys & Lines\RFP's"
"000000009598E9A20E04F041B38518182890A2D50100A3DF33FCC9BD1644BD14FCA330AA978500001DB72B0F0000"	"\Divisions\PD\Project Control\133317 - RS Shooflys & Lines\T&D Solutions"
"000000009598E9A20E04F041B38518182890A2D50100A3DF33FCC9BD1644BD14FCA330AA978500001EFDD07C0000"	"\Divisions\PD\Project Control\133430 - North Fort Dodge\Pinnacle Steel - Substation Steel"
"000000009598E9A20E04F041B38518182890A2D50100A3DF33FCC9BD1644BD14FCA330AA978500001DABCCE40000"	"\Divisions\PD\Project Control\133430 - North Fort Dodge\RFQ's\CCVT\Trench"
"000000009598E9A20E04F041B38518182890A2D50100A3DF33FCC9BD1644BD14FCA330AA978500001DBA38100000"	"\Divisions\PD\Project Control\133430 - North Fort Dodge\RFQ's\Disconnect Switches, 115kV\Line Trap, 115kV\Trench"
"000000009598E9A20E04F041B38518182890A2D50100A3DF33FCC9BD1644BD14FCA330AA978500001DABE7280000"	"\Divisions\PD\Project Control\133430 - North Fort Dodge\RFQ's\VT, 115kV"
"000000009598E9A20E04F041B38518182890A2D50100A3DF33FCC9BD1644BD14FCA330AA978500001E2DEC3D0000"	"\Divisions\PD\Project Control\133432 - Spearville Substation\ABB - Surge Arresters, 76kV"
"000000009598E9A20E04F041B38518182890A2D50100A3DF33FCC9BD1644BD14FCA330AA978500001E7978E40000"	"\Divisions\PD\Project Control\133432 - Spearville Substation\RFP's"
"000000009598E9A20E04F041B38518182890A2D50100A3DF33FCC9BD1644BD14FCA330AA978500001DD325340000"	"\Divisions\PD\Project Control\133432 - Spearville Substation\RFQ's\345kV A-Frame Structure"
"000000009598E9A20E04F041B38518182890A2D50100A3DF33FCC9BD1644BD14FCA330AA978500001EB60B450000"	"\Divisions\PD\Project Control\133432 - Spearville Substation\RFQ's\Relay and Control Panels\EP2"
"000000009598E9A20E04F041B38518182890A2D50100A3DF33FCC9BD1644BD14FCA330AA978500001DB2C39A0000"	"\Divisions\PD\Project Control\133548 - RS-NFD to Spearville 115kV"
"000000009598E9A20E04F041B38518182890A2D50100A3DF33FCC9BD1644BD14FCA330AA978500001DB3633A0000"	"\Divisions\PD\Project Control\133548 - RS-NFD to Spearville 115kV\RFQ's\115kV T-Line\Quotes\Kriz Davis"
"000000009598E9A20E04F041B38518182890A2D50100A3DF33FCC9BD1644BD14FCA330AA9785000022152A670000"	"\Divisions\PD\Project Control\134710 - Cimarron River Sub PH2\Earles Engineering - Concrete Testing"
"000000009598E9A20E04F041B38518182890A2D50100A3DF33FCC9BD1644BD14FCA330AA9785000021DBFD6B0000"	"\Divisions\PD\Project Control\134710 - Cimarron River Sub PH2\J and J Services - Porta Potty"
"000000009598E9A20E04F041B38518182890A2D50100A3DF33FCC9BD1644BD14FCA330AA97850000206FB1E20000"	"\Divisions\PD\Project Control\134710 - Cimarron River Sub PH2\RFP's\RFQ's\500kcmil Cable"
"000000009598E9A20E04F041B38518182890A2D50100A3DF33FCC9BD1644BD14FCA330AA9785000020D829EC0000"	"\Divisions\PD\Project Control\134710 - Cimarron River Sub PH2\RFP's\Substation Construction\2015 Scope\PAR"
"000000009598E9A20E04F041B38518182890A2D50100A3DF33FCC9BD1644BD14FCA330AA978500001E2FF5A30000"	"\Divisions\PD\Project Control\134710 - Cimarron River Sub PH2\RFQ's\ADSS Fiber Optic Cable - Aerial"
"000000009598E9A20E04F041B38518182890A2D50100A3DF33FCC9BD1644BD14FCA330AA978500001F2B16A50000"	"\Divisions\PD\Project Control\134710 - Cimarron River Sub PH2\RFQ's\CLR Terminations\Wesco"
"000000009598E9A20E04F041B38518182890A2D50100A3DF33FCC9BD1644BD14FCA330AA978500001DF2E4D20000"	"\Divisions\PD\Project Control\134710 - Cimarron River Sub PH2\RFQ's\Insulators\HD Supply"
"000000009598E9A20E04F041B38518182890A2D50100A3DF33FCC9BD1644BD14FCA330AA978500001E6697190000"	"\Divisions\PD\Project Control\134710 - Cimarron River Sub PH2\RFQ's\Misc Substation Materials\WUE"
"000000009598E9A20E04F041B38518182890A2D50100A3DF33FCC9BD1644BD14FCA330AA978500001EC09D7F0000"	"\Divisions\PD\Project Control\134710 - Cimarron River Sub PH2\RFQ's\OH Line Hardware and Conductor\Wesco"
"000000009598E9A20E04F041B38518182890A2D50100A3DF33FCC9BD1644BD14FCA330AA978500001EDFB1F10000"	"\Divisions\PD\Project Control\134710 - Cimarron River Sub PH2\RFQ's\SCADA & Control\Loose SEL Items"
"000000009598E9A20E04F041B38518182890A2D50100A3DF33FCC9BD1644BD14FCA330AA978500001DF2B4F50000"	"\Divisions\PD\Project Control\134710 - Cimarron River Sub PH2\RFQ's\UG Cable\HD Supply"
"000000009598E9A20E04F041B38518182890A2D50100A3DF33FCC9BD1644BD14FCA330AA9785000025DD69930000"	"\Divisions\PD\Project Control\135673 - High Point Substation\ABB - VT"
"000000009598E9A20E04F041B38518182890A2D50100A3DF33FCC9BD1644BD14FCA330AA9785000027BBD6840000"	"\Divisions\PD\Project Control\135673 - High Point Substation\RFP's\Construction"
"000000009598E9A20E04F041B38518182890A2D50100A3DF33FCC9BD1644BD14FCA330AA978500002568C9CA0000"	"\Divisions\PD\Project Control\135673 - High Point Substation\RFQ's\CCVT, 115kV\ABB"
"000000009598E9A20E04F041B38518182890A2D50100A3DF33FCC9BD1644BD14FCA330AA97850000262F84EB0000"	"\Divisions\PD\Project Control\135673 - High Point Substation\RFQ's\Disconnect Switches"
"000000009598E9A20E04F041B38518182890A2D50100A3DF33FCC9BD1644BD14FCA330AA978500002857F3430000"	"\Divisions\PD\Project Control\135673 - High Point Substation\RFQ's\Miscellaneous Material\Misc Materials\WUE"
"000000009598E9A20E04F041B38518182890A2D50100A3DF33FCC9BD1644BD14FCA330AA97850000253FE23F0000"	"\Divisions\PD\Project Control\135673 - High Point Substation\RFQ's\VT, 115kV"
"000000009598E9A20E04F041B38518182890A2D50100A3DF33FCC9BD1644BD14FCA330AA9785000026A1FB650000"	"\Divisions\PD\Project Control\136778 - 2015 Oncor Project Controls Scheduling\2015 Project List"
"000000009598E9A20E04F041B38518182890A2D50100A3DF33FCC9BD1644BD14FCA330AA97850000293120D10000"	"\Divisions\PD\Project Control\140907\Southern Transformers and Magnetics - CLR Repair"
"000000009598E9A20E04F041B38518182890A2D5010012225CC57BF01F4EA8CCA87A792FF35F00024EA61BA80000"	"\Divisions\PD\Project Control\155694 - Oncor 2019 Regional PMO Support"
"000000009598E9A20E04F041B38518182890A2D50100A3DF33FCC9BD1644BD14FCA330AA97850000279F5B350000"	"\Divisions\PD\Project Control\Dept. 185"
"000000009598E9A20E04F041B38518182890A2D5010012225CC57BF01F4EA8CCA87A792FF35F00000C4525D00000"	"\Divisions\PD\Project Management Boise\141527_PECL Design\ADMN"
"000000009598E9A20E04F041B38518182890A2D5010012225CC57BF01F4EA8CCA87A792FF35F00000C4525EE0000"	"\Divisions\PD\Project Management Boise\141527_PECL Design\TRAN"
"000000009598E9A20E04F041B38518182890A2D5010012225CC57BF01F4EA8CCA87A792FF35F00003452E6920000"	"\Divisions\PD\Project Management Boise\142892_PECL Project Management\SUB"
"000000009598E9A20E04F041B38518182890A2D5010012225CC57BF01F4EA8CCA87A792FF35F00004480C33E0000"	"\Divisions\PD\Project Management Boise\144130_PECL Stations\SCH"
"000000009598E9A20E04F041B38518182890A2D50100A3DF33FCC9BD1644BD14FCA330AA978500002CB6EE2E0000"	"\Divisions\PD\Project Management Boise\Aaron Boston\132155 PSE Eastside\P360"
"000000009598E9A20E04F041B38518182890A2D50100F3BCE3A574023B4482F2E427B5A3121800004EF55C970000"	"\Divisions\PD\Project Management Boise\Aaron Boston\141250 V05 Rebuild-Osage"
"000000009598E9A20E04F041B38518182890A2D50100A3DF33FCC9BD1644BD14FCA330AA978500001DCCC9600000"	"\Divisions\PD\Project Management Boise\Bob Yender"
"000000009598E9A20E04F041B38518182890A2D501006C95E27D1ACA634AA1AADC20796388DD0000006E29B30000"	"\Divisions\PD\Project Management Boise\John Oglevie\113207    SWENSON ADD SWTCHS"
"000000009598E9A20E04F041B38518182890A2D501006C95E27D1ACA634AA1AADC20796388DD00000098419C0000"	"\Divisions\PD\Project Management Boise\John Oglevie\113732    RIPLEY SW"
"000000009598E9A20E04F041B38518182890A2D501006C95E27D1ACA634AA1AADC20796388DD0000006E29A40000"	"\Divisions\PD\Project Management Boise\John Oglevie\114056    MORELAND SW UPGR CAP"
"000000009598E9A20E04F041B38518182890A2D501006C95E27D1ACA634AA1AADC20796388DD00000096780E0000"	"\Divisions\PD\Project Management Boise\John Oglevie\114373    Never became a PJ    BECKVILLE UPG TRANS"
"000000009598E9A20E04F041B38518182890A2D501006C95E27D1ACA634AA1AADC20796388DD0000006E299D0000"	"\Divisions\PD\Project Management Boise\John Oglevie\114716    HEMINGWAY-BOWMONT 230KV"
"000000009598E9A20E04F041B38518182890A2D501006C95E27D1ACA634AA1AADC20796388DD0000009458E90000"	"\Divisions\PD\Project Management Boise\John Oglevie\115122    BEALL AVE RPLC XFMR"
"000000009598E9A20E04F041B38518182890A2D501006C95E27D1ACA634AA1AADC20796388DD0000006E298C0000"	"\Divisions\PD\Project Management Boise\John Oglevie\115876    REBUILD HUBBARD-COLUMBIA-AMITY"
"000000009598E9A20E04F041B38518182890A2D501006C95E27D1ACA634AA1AADC20796388DD000000AF5B1D0000"	"\Divisions\PD\Project Management Boise\John Oglevie\119024    ATKINS STATION PROJ"
"000000009598E9A20E04F041B38518182890A2D50100A3DF33FCC9BD1644BD14FCA330AA978500001A0725630000"	"\Divisions\PD\Project Management Boise\John Oglevie\119108    SAN JACINTO Pre-2011\119108_n"
"000000009598E9A20E04F041B38518182890A2D501006C95E27D1ACA634AA1AADC20796388DD000000E56D310000"	"\Divisions\PD\Project Management Boise\John Oglevie\121930    KNIPPA STATION UPGRADE"
"000000009598E9A20E04F041B38518182890A2D501006C95E27D1ACA634AA1AADC20796388DD000000F51C630000"	"\Divisions\PD\Project Management Boise\John Oglevie\122814   HILLSBORO"
"000000009598E9A20E04F041B38518182890A2D501006C95E27D1ACA634AA1AADC20796388DD000000F12C2B0000"	"\Divisions\PD\Project Management Boise\John Oglevie\Line Projects"
"000000009598E9A20E04F041B38518182890A2D50100572FF007A7D6B64CA96E5CFE8E1CC1A40000005665DA0000"	"\Divisions\PD\Project Management Hailey\002 Closed Projects"
"000000009598E9A20E04F041B38518182890A2D50100572FF007A7D6B64CA96E5CFE8E1CC1A400000060B0D10000"	"\Divisions\PD\Project Management Hailey\122074 - Unit #4 Turbine Perform Review"
"000000009598E9A20E04F041B38518182890A2D5010012225CC57BF01F4EA8CCA87A792FF35F0001AAE8AA7F0000"	"\Divisions\PD\Project Management Hailey\123841_ALTA_Infill_Project\dups"
"000000009598E9A20E04F041B38518182890A2D50100A3DF33FCC9BD1644BD14FCA330AA978500000E7F5C930000"	"\Divisions\PD\Project Management Hailey\124186 OE Energy Gateway South\00 Project Management\04 Cost Control\Budget\Invoicing\Subcontractor Invoices"
"000000009598E9A20E04F041B38518182890A2D50100A3DF33FCC9BD1644BD14FCA330AA9785000016DA2E470000"	"\Divisions\PD\Project Management Hailey\124186 OE Energy Gateway South\00 Project Management\07 Project Manager\Contract\CIW\ODIR_Duplicate_Items"
"000000009598E9A20E04F041B38518182890A2D50100A3DF33FCC9BD1644BD14FCA330AA978500000E7EAC470000"	"\Divisions\PD\Project Management Hailey\124186 OE Energy Gateway South\01 Preliminary Tech Requirements\01 T-Line\0304 Design Criteria"
"000000009598E9A20E04F041B38518182890A2D50100A3DF33FCC9BD1644BD14FCA330AA978500001D4653F90000"	"\Divisions\PD\Project Management Hailey\124186 OE Energy Gateway South\01 Preliminary Tech Requirements\01 T-Line\16 TWE Alignment Coordination"
"000000009598E9A20E04F041B38518182890A2D501001953B16A689BCD4AA8FC82955DB27CB1000001E1E3970000"	"\Divisions\PD\Project Management Hailey\124186 OE Energy Gateway South\03 Permitting Process Support\01 Data Collection & Analysis"
"000000009598E9A20E04F041B38518182890A2D501001953B16A689BCD4AA8FC82955DB27CB1000001F131BE0000"	"\Divisions\PD\Project Management Hailey\124186 OE Energy Gateway South\05 ROW and ROE Support\02 ROW/ROE Acquisition Support"
"000000009598E9A20E04F041B38518182890A2D50100A3DF33FCC9BD1644BD14FCA330AA978500000E69CB810000"	"\Divisions\PD\Project Management Hailey\124186 OE Energy Gateway South\06 EPC RFP Package Support\04 Develop EPC RFP Technical Spec, Exhibit A\EPC Specifications"
"000000009598E9A20E04F041B38518182890A2D50100A3DF33FCC9BD1644BD14FCA330AA978500001755A02F0000"	"\Divisions\PD\Project Management Hailey\127375 Ridgetop Prelim"
"000000009598E9A20E04F041B38518182890A2D50100A3DF33FCC9BD1644BD14FCA330AA9785000023A10EA30000"	"\Divisions\PD\Project Management Hailey\133478 Sunpower"
"000000009598E9A20E04F041B38518182890A2D50100A3DF33FCC9BD1644BD14FCA330AA9785000023F88D370000"	"\Divisions\PD\Project Management Hailey\139179 - Salt Creek One-Line"
"000000009598E9A20E04F041B38518182890A2D5010012225CC57BF01F4EA8CCA87A792FF35F0001954A99D50000"	"\Divisions\PD\Project Management Hailey\141372 - GROSOLAR INTERCONNECTION"
"000000009598E9A20E04F041B38518182890A2D5010012225CC57BF01F4EA8CCA87A792FF35F000126D4D3110000"	"\Divisions\PD\Project Management Hailey\148913_115KV BOONE-LA JUNTA REBLD"
"000000009598E9A20E04F041B38518182890A2D50100A3DF33FCC9BD1644BD14FCA330AA978500001DB11E560000"	"\Divisions\PD\Project Management Hailey\KMP_TLBU\Subject Matter Teams\Electrical"
"000000009598E9A20E04F041B38518182890A2D50100CB7D9B6512D7374A860FE542D57703920000012383980000"	"\Divisions\PD\Project Management Hailey\Testing John McGrew"
"000000009598E9A20E04F041B38518182890A2D50100A3DF33FCC9BD1644BD14FCA330AA978500001D18E1230000"	"\Divisions\PD\Project Management Hailey\VEA\002 Project Closed\127200_Protection Support"
"000000009598E9A20E04F041B38518182890A2D50100A3DF33FCC9BD1644BD14FCA330AA978500001E768AA80000"	"\Divisions\PD\Project Management Hailey\VEA\002 Project Closed\128233_Innovation-Mercury 138kV"
"000000009598E9A20E04F041B38518182890A2D50100A3DF33FCC9BD1644BD14FCA330AA978500001B4CAAB50000"	"\Divisions\PD\Project Management Hailey\VEA\132093_Bob Tap 230kV Line"
"000000009598E9A20E04F041B38518182890A2D50100E34BFE500669CD49AC2E27C6C54DE39D0000002493760000"	"\Divisions\PD\Project Management St. Louis\112260 LS Power GSA\02-02 Illinois_Tlines"
"000000009598E9A20E04F041B38518182890A2D50100A3DF33FCC9BD1644BD14FCA330AA978500000E73847C0000"	"\Divisions\PD\Project Management St. Louis\RAM"
"000000009598E9A20E04F041B38518182890A2D501006C95E27D1ACA634AA1AADC20796388DD000000880B120000"	"\Divisions\PD\Projects"
"000000009598E9A20E04F041B38518182890A2D501006C95E27D1ACA634AA1AADC20796388DD000000CB64470000"	"\Divisions\PD\PTE\Anaheim/SD Projects\121142 UCSDMC Gen#2 Shutdown"
"000000009598E9A20E04F041B38518182890A2D501006C95E27D1ACA634AA1AADC20796388DD000000D2A54E0000"	"\Divisions\PD\PTE\Anaheim/SD Projects\121357 TRIPLE C ECCC TORRANCE"
"000000009598E9A20E04F041B38518182890A2D501006C95E27D1ACA634AA1AADC20796388DD000000E38DB10000"	"\Divisions\PD\PTE\Anaheim/SD Projects\121907 BOEING Recond. (5) CB PTE Shop"
"000000009598E9A20E04F041B38518182890A2D501006C95E27D1ACA634AA1AADC20796388DD000000F390C50000"	"\Divisions\PD\PTE\Anaheim/SD Projects\122511 GE Spring 2011 Maint Shutdown"
"000000009598E9A20E04F041B38518182890A2D50100CB7D9B6512D7374A860FE542D57703920000011997520000"	"\Divisions\PD\PTE\Anaheim/SD Projects\122912 Kilroy Meter Install Airport"
"000000009598E9A20E04F041B38518182890A2D50100CB7D9B6512D7374A860FE542D5770392000001297E170000"	"\Divisions\PD\PTE\Anaheim/SD Projects\123371 (PTE) UCSD HEALTH SCIENCES BIO"
"000000009598E9A20E04F041B38518182890A2D501001953B16A689BCD4AA8FC82955DB27CB1000000CC2D6F0000"	"\Divisions\PD\PTE\Anaheim/SD Projects\123670 (SAS) UCSD Jacobs MedCnt Mak"
"000000009598E9A20E04F041B38518182890A2D501001953B16A689BCD4AA8FC82955DB27CB1000000F8A79B0000"	"\Divisions\PD\PTE\Anaheim/SD Projects\123832 William: Silver State Solar"
"000000009598E9A20E04F041B38518182890A2D501001953B16A689BCD4AA8FC82955DB27CB10000013623870000"	"\Divisions\PD\PTE\Anaheim/SD Projects\124112 (HARPER) P-1069 RECR BARRACKS "
"000000009598E9A20E04F041B38518182890A2D501001953B16A689BCD4AA8FC82955DB27CB1000001655B800000"	"\Divisions\PD\PTE\Anaheim/SD Projects\124333 (SAS) EBC CHILLER REP "
"000000009598E9A20E04F041B38518182890A2D501001953B16A689BCD4AA8FC82955DB27CB10000018073EB0000"	"\Divisions\PD\PTE\Anaheim/SD Projects\124520 800A CIRCUIT BRKR "
"000000009598E9A20E04F041B38518182890A2D501001953B16A689BCD4AA8FC82955DB27CB1000001CCB9AB0000"	"\Divisions\PD\PTE\Anaheim/SD Projects\124690 SOLAR SWITCHBOARD "
"000000009598E9A20E04F041B38518182890A2D501001953B16A689BCD4AA8FC82955DB27CB1000001E697100000"	"\Divisions\PD\PTE\Anaheim/SD Projects\124842 SAS(BERG) USC STUDNT HLTH CNTR "
"000000009598E9A20E04F041B38518182890A2D50100A3DF33FCC9BD1644BD14FCA330AA978500000E66BA3C0000"	"\Divisions\PD\PTE\Anaheim/SD Projects\125155 (EMS) KETTLEMAN HILLS PRJ "
"000000009598E9A20E04F041B38518182890A2D50100A3DF33FCC9BD1644BD14FCA330AA97850000175D97360000"	"\Divisions\PD\PTE\Anaheim/SD Projects\125895 Ace Kroc Center"
"000000009598E9A20E04F041B38518182890A2D50100A3DF33FCC9BD1644BD14FCA330AA97850000175E9A940000"	"\Divisions\PD\PTE\Anaheim/SD Projects\126384 RL Elec Southwest HS"
"000000009598E9A20E04F041B38518182890A2D50100A3DF33FCC9BD1644BD14FCA330AA97850000187709D40000"	"\Divisions\PD\PTE\Anaheim/SD Projects\126892 Soltek VA Loma Linda"
"000000009598E9A20E04F041B38518182890A2D50100A3DF33FCC9BD1644BD14FCA330AA97850000179095310000"	"\Divisions\PD\PTE\Anaheim/SD Projects\127084 Halcyon Elec Lake Forest"
"000000009598E9A20E04F041B38518182890A2D50100A3DF33FCC9BD1644BD14FCA330AA9785000017919E4D0000"	"\Divisions\PD\PTE\Anaheim/SD Projects\127288 Neal Elec Mesa 12KV Campus Loop"
"000000009598E9A20E04F041B38518182890A2D50100A3DF33FCC9BD1644BD14FCA330AA978500001768DE500000"	"\Divisions\PD\PTE\Anaheim/SD Projects\127510 Miramar Student Union"
"000000009598E9A20E04F041B38518182890A2D50100A3DF33FCC9BD1644BD14FCA330AA97850000177029D50000"	"\Divisions\PD\PTE\Anaheim/SD Projects\127768 UCSD Hillcrest Urgent Care"
"000000009598E9A20E04F041B38518182890A2D50100A3DF33FCC9BD1644BD14FCA330AA978500001797FE170000"	"\Divisions\PD\PTE\Anaheim/SD Projects\128003 Duarte HS in Shop 300A CB"
"000000009598E9A20E04F041B38518182890A2D50100A3DF33FCC9BD1644BD14FCA330AA9785000017EAC1D70000"	"\Divisions\PD\PTE\Anaheim/SD Projects\128169 San Manuel XFMR Testing"
"000000009598E9A20E04F041B38518182890A2D50100A3DF33FCC9BD1644BD14FCA330AA978500001806BDFF0000"	"\Divisions\PD\PTE\Anaheim/SD Projects\128350 LAX Parking Lot C"
"000000009598E9A20E04F041B38518182890A2D50100A3DF33FCC9BD1644BD14FCA330AA97850000188F42FE0000"	"\Divisions\PD\PTE\Anaheim/SD Projects\128646 UCSD Dr Chang Lab"
"000000009598E9A20E04F041B38518182890A2D50100A3DF33FCC9BD1644BD14FCA330AA9785000018AD8F9D0000"	"\Divisions\PD\PTE\Anaheim/SD Projects\128877 Apple Valley EEC"
"000000009598E9A20E04F041B38518182890A2D50100A3DF33FCC9BD1644BD14FCA330AA9785000018C7E32E0000"	"\Divisions\PD\PTE\Anaheim/SD Projects\129007 OCSD P2-89 Solids Thickening"
"000000009598E9A20E04F041B38518182890A2D50100A3DF33FCC9BD1644BD14FCA330AA97850000191FBE880000"	"\Divisions\PD\PTE\Anaheim/SD Projects\129250 Qualcomm Bldg BF"
"000000009598E9A20E04F041B38518182890A2D50100A3DF33FCC9BD1644BD14FCA330AA978500001972F7BA0000"	"\Divisions\PD\PTE\Anaheim/SD Projects\129503 Viejas Casino Circuit Breaker"
"000000009598E9A20E04F041B38518182890A2D50100A3DF33FCC9BD1644BD14FCA330AA9785000019890FE00000"	"\Divisions\PD\PTE\Anaheim/SD Projects\129830 UCSD EMMW E Power Repair"
"000000009598E9A20E04F041B38518182890A2D50100A3DF33FCC9BD1644BD14FCA330AA9785000019B1BEAA0000"	"\Divisions\PD\PTE\Anaheim/SD Projects\130136 Drew Substation Siemen Brkr Gassing"
"000000009598E9A20E04F041B38518182890A2D50100A3DF33FCC9BD1644BD14FCA330AA978500001ADA6FA00000"	"\Divisions\PD\PTE\Anaheim/SD Projects\130593 Halcyon (PTE) Belgrave Pump Station"
"000000009598E9A20E04F041B38518182890A2D50100A3DF33FCC9BD1644BD14FCA330AA978500001ADABB7E0000"	"\Divisions\PD\PTE\Anaheim/SD Projects\131141 RBT Elec Caltrans Irvine Facility"
"000000009598E9A20E04F041B38518182890A2D50100A3DF33FCC9BD1644BD14FCA330AA978500001ADBD3F30000"	"\Divisions\PD\PTE\Anaheim/SD Projects\131478 Augustine Co Edgemoor Hosp Paralleling"
"000000009598E9A20E04F041B38518182890A2D50100A3DF33FCC9BD1644BD14FCA330AA978500001B7CF82B0000"	"\Divisions\PD\PTE\Anaheim/SD Projects\131816 March AFB Airfield"
"000000009598E9A20E04F041B38518182890A2D50100A3DF33FCC9BD1644BD14FCA330AA978500001B7A366D0000"	"\Divisions\PD\PTE\Anaheim/SD Projects\132026 Solar Turbines KM LC2B"
"000000009598E9A20E04F041B38518182890A2D50100A3DF33FCC9BD1644BD14FCA330AA978500001B6B1B290000"	"\Divisions\PD\PTE\Anaheim/SD Projects\132222 Indio HS Ground Fault"
"000000009598E9A20E04F041B38518182890A2D50100A3DF33FCC9BD1644BD14FCA330AA978500001B82311E0000"	"\Divisions\PD\PTE\Anaheim/SD Projects\132527 AMCOR Chino 4000A CB"
"000000009598E9A20E04F041B38518182890A2D50100A3DF33FCC9BD1644BD14FCA330AA978500001C8164660000"	"\Divisions\PD\PTE\Anaheim/SD Projects\132894 SDG&E 30 Day Load"
"000000009598E9A20E04F041B38518182890A2D501001296C725372D7F4B86B758A22EA3141B000000513B700000"	"\Divisions\PD\PTE\Projects"
"000000009598E9A20E04F041B38518182890A2D501001296C725372D7F4B86B758A22EA3141B0000001D67FE0000"	"\Divisions\PD\SAS"
"000000009598E9A20E04F041B38518182890A2D5010012225CC57BF01F4EA8CCA87A792FF35F000178961A970000"	"\Divisions\PD\SAS\00_PowerWorld_Calendar"
"000000009598E9A20E04F041B38518182890A2D50100A3DF33FCC9BD1644BD14FCA330AA978500001AAEFFDD0000"	"\Divisions\PD\SAS\00_Software (Keys & Pricing)\ASPEN\ASPEN"
"000000009598E9A20E04F041B38518182890A2D50100572FF007A7D6B64CA96E5CFE8E1CC1A40000002F54D90000"	"\Divisions\PD\SAS\000000 SAS Project Misc\AEP"
"000000009598E9A20E04F041B38518182890A2D501001296C725372D7F4B86B758A22EA3141B00000031F5510000"	"\Divisions\PD\SAS\AEP Project List"
"000000009598E9A20E04F041B38518182890A2D501006C95E27D1ACA634AA1AADC20796388DD0000002692140000"	"\Divisions\PD\SAS\LEWISTON PROJECTS\SPS-Active\Active Projects\Douglas Co. PUD\Contract"
"000000009598E9A20E04F041B38518182890A2D501006C95E27D1ACA634AA1AADC20796388DD0000002692230000"	"\Divisions\PD\SAS\LEWISTON PROJECTS\SPS-Active\Active Projects\Grant County PUD\PR-MID-FH"
"000000009598E9A20E04F041B38518182890A2D501006C95E27D1ACA634AA1AADC20796388DD0000002692340000"	"\Divisions\PD\SAS\LEWISTON PROJECTS\SPS-Active\Active Projects\Magic Valley"
"000000009598E9A20E04F041B38518182890A2D501006C95E27D1ACA634AA1AADC20796388DD0000002692430000"	"\Divisions\PD\SAS\LEWISTON PROJECTS\SPS-Active\Active Projects\PowerTech Engineering\Blair Bend"
"000000009598E9A20E04F041B38518182890A2D501006C95E27D1ACA634AA1AADC20796388DD0000002669CD0000"	"\Divisions\PD\SAS\LEWISTON PROJECTS\SPS-Contacts"
"000000009598E9A20E04F041B38518182890A2D50100A3DF33FCC9BD1644BD14FCA330AA9785000017FE18080000"	"\Divisions\PD\SAS\Pacific Valley Solar\Adera"
"000000009598E9A20E04F041B38518182890A2D50100A3DF33FCC9BD1644BD14FCA330AA9785000017FD931A0000"	"\Divisions\PD\SAS\Pacific Valley Solar\Three Rocks"
"000000009598E9A20E04F041B38518182890A2D501001296C725372D7F4B86B758A22EA3141B000000392D7B0000"	"\Divisions\PD\SAS\XXXXXX IID Contact"
"000000009598E9A20E04F041B38518182890A2D50100A3DF33FCC9BD1644BD14FCA330AA978500002A2A8FD20000"	"\Divisions\PD\Substation Anaheim\136065 City of Riverside Sub Grounding Testing & Stdy"
"000000009598E9A20E04F041B38518182890A2D50100A3DF33FCC9BD1644BD14FCA330AA978500002A2EDF6B0000"	"\Divisions\PD\Substation Anaheim\139382 EC&R NA Solar Stockton PV"
"000000009598E9A20E04F041B38518182890A2D50100A3DF33FCC9BD1644BD14FCA330AA978500002A2F81320000"	"\Divisions\PD\Substation Anaheim\140490 Terra-Gen Windustries Independent Engr"
"000000009598E9A20E04F041B38518182890A2D50100A3DF33FCC9BD1644BD14FCA330AA978500002C0928350000"	"\Divisions\PD\Substation Anaheim\142730 SCE Eagle Mt. Substation"
"000000009598E9A20E04F041B38518182890A2D5010012225CC57BF01F4EA8CCA87A792FF35F00018A37DFC00000"	"\Divisions\PD\Substation Anaheim\149563 NACOGDOCHES FEEDER 1501 DA"
"000000009598E9A20E04F041B38518182890A2D50100E34BFE500669CD49AC2E27C6C54DE39D0000003498E90000"	"\Divisions\PD\Substation Ann Arbor\120695"
"000000009598E9A20E04F041B38518182890A2D50100A3DF33FCC9BD1644BD14FCA330AA9785000015F88D020000"	"\Divisions\PD\Substation Ann Arbor\126107"
"000000009598E9A20E04F041B38518182890A2D50100A3DF33FCC9BD1644BD14FCA330AA978500001D98EE150000"	"\Divisions\PD\Substation Ann Arbor\134034"
"000000009598E9A20E04F041B38518182890A2D50100A3DF33FCC9BD1644BD14FCA330AA9785000021C93EF90000"	"\Divisions\PD\Substation Ann Arbor\137652 - Gaylord"
"000000009598E9A20E04F041B38518182890A2D50100A3DF33FCC9BD1644BD14FCA330AA978500002675DE740000"	"\Divisions\PD\Substation Ann Arbor\140238 South Field Energy Facility"
"000000009598E9A20E04F041B38518182890A2D5010012225CC57BF01F4EA8CCA87A792FF35F000005747FD10000"	"\Divisions\PD\Substation Ann Arbor\143360 - AEP June Road P15050005"
"000000009598E9A20E04F041B38518182890A2D5010012225CC57BF01F4EA8CCA87A792FF35F00006723914D0000"	"\Divisions\PD\Substation Ann Arbor\144819 - I&M Transco Scoping"
"000000009598E9A20E04F041B38518182890A2D5010012225CC57BF01F4EA8CCA87A792FF35F0000BEBBD4920000"	"\Divisions\PD\Substation Ann Arbor\146491"
"000000009598E9A20E04F041B38518182890A2D5010012225CC57BF01F4EA8CCA87A792FF35F000130BEB70D0000"	"\Divisions\PD\Substation Ann Arbor\149093"
"000000009598E9A20E04F041B38518182890A2D50100E34BFE500669CD49AC2E27C6C54DE39D00000018EEFD0000"	"\Divisions\PD\Substation Ann Arbor\9-Drafting questions Q & A\GENERAL Q & A\memos"
"000000009598E9A20E04F041B38518182890A2D50100A3DF33FCC9BD1644BD14FCA330AA978500001D7BA04E0000"	"\Divisions\PD\Substation Ann Arbor\Proposals"
"000000009598E9A20E04F041B38518182890A2D50100A3DF33FCC9BD1644BD14FCA330AA97850000277D29E30000"	"\Divisions\PD\Substation Atlanta\00_DMS UPLOAD"
"000000009598E9A20E04F041B38518182890A2D5010012225CC57BF01F4EA8CCA87A792FF35F0005D8F542D40000"	"\Divisions\PD\Substation Atlanta\0238451_Thornton East Sub-DA"
"000000009598E9A20E04F041B38518182890A2D5010012225CC57BF01F4EA8CCA87A792FF35F0006226864C20000"	"\Divisions\PD\Substation Atlanta\0241214_0000_Wildhorse POD: Install LV EPS metering for HighPeak Solar, LLC"
"000000009598E9A20E04F041B38518182890A2D5010012225CC57BF01F4EA8CCA87A792FF35F00065340A24E0000"	"\Divisions\PD\Substation Atlanta\0243009_0000_ATL Exchange SW: Est 345/138kv 51097"
"000000009598E9A20E04F041B38518182890A2D5010012225CC57BF01F4EA8CCA87A792FF35F0006AC7B3F8E0000"	"\Divisions\PD\Substation Atlanta\0246071_0000_ATL Big Spring W Sub Demo & Retire 49748"
"000000009598E9A20E04F041B38518182890A2D5010012225CC57BF01F4EA8CCA87A792FF35F0006C24609B90000"	"\Divisions\PD\Substation Atlanta\0246d830_0000_Rexall Switch 138kV Line Terminal Modification"
"000000009598E9A20E04F041B38518182890A2D5010012225CC57BF01F4EA8CCA87A792FF35F000710DDE47C0000"	"\Divisions\PD\Substation Atlanta\0249620_0000_MPC Forest Transmission TS FC"
"000000009598E9A20E04F041B38518182890A2D5010012225CC57BF01F4EA8CCA87A792FF35F00072F1FD0D80000"	"\Divisions\PD\Substation Atlanta\0250849_0000_ATL Calumet UF Sub 54170"
"000000009598E9A20E04F041B38518182890A2D5010012225CC57BF01F4EA8CCA87A792FF35F000748EDBB620000"	"\Divisions\PD\Substation Atlanta\0251654_0000_ATL Comanche Switch 54843"
"000000009598E9A20E04F041B38518182890A2D5010012225CC57BF01F4EA8CCA87A792FF35F00076AAF0EFF0000"	"\Divisions\PD\Substation Atlanta\0252578_0000_APC - Boyles TS Conceptual - P&C"
"000000009598E9A20E04F041B38518182890A2D5010012225CC57BF01F4EA8CCA87A792FF35F0007A7ADE6140000"	"\Divisions\PD\Substation Atlanta\0254676_0000_ATL Pauline Sub DA 55868"
"000000009598E9A20E04F041B38518182890A2D5010012225CC57BF01F4EA8CCA87A792FF35F0007B1C7A9CC0000"	"\Divisions\PD\Substation Atlanta\0255046_0000_ATL Tyler Southwest Sub UF 56456"
"000000009598E9A20E04F041B38518182890A2D501001296C725372D7F4B86B758A22EA3141B000000561DF30000"	"\Divisions\PD\Substation Atlanta\112239_Holt"
"000000009598E9A20E04F041B38518182890A2D50100E34BFE500669CD49AC2E27C6C54DE39D00000010D1600000"	"\Divisions\PD\Substation Atlanta\113015_Elm Creek Substation\Equipment\Fiber"
"000000009598E9A20E04F041B38518182890A2D50100E34BFE500669CD49AC2E27C6C54DE39D0000000D59B20000"	"\Divisions\PD\Substation Atlanta\113015_Elm Creek Substation\RFI"
"000000009598E9A20E04F041B38518182890A2D50100A3DF33FCC9BD1644BD14FCA330AA978500002AB711CA0000"	"\Divisions\PD\Substation Atlanta\113512_Hartford Ave Sub 115kV Equip Upgrade\In ProjectWise"
"000000009598E9A20E04F041B38518182890A2D50100E34BFE500669CD49AC2E27C6C54DE39D0000001ABFEA0000"	"\Divisions\PD\Substation Atlanta\114320_Anadarko Phase 2\Robert Cotner"
"000000009598E9A20E04F041B38518182890A2D50100E34BFE500669CD49AC2E27C6C54DE39D0000002260FC0000"	"\Divisions\PD\Substation Atlanta\116139_Round Rock Dist Auto\Visual Analysis\115361"
"000000009598E9A20E04F041B38518182890A2D50100E34BFE500669CD49AC2E27C6C54DE39D000000383EF80000"	"\Divisions\PD\Substation Atlanta\117138_TransCanada_Pipeline_Elect_Study\Mooreland-Arc FlashStudy"
"000000009598E9A20E04F041B38518182890A2D50100A3DF33FCC9BD1644BD14FCA330AA9785000015F3608D0000"	"\Divisions\PD\Substation Atlanta\123044 SDGE Escondido"
"000000009598E9A20E04F041B38518182890A2D501001953B16A689BCD4AA8FC82955DB27CB10000013CD2A60000"	"\Divisions\PD\Substation Atlanta\123097_43_PEF_Lake Wilson"
"000000009598E9A20E04F041B38518182890A2D50100A3DF33FCC9BD1644BD14FCA330AA9785000015E8E2870000"	"\Divisions\PD\Substation Atlanta\123979_Sunflower Barber Substation\30% Physical Review"
"000000009598E9A20E04F041B38518182890A2D50100A3DF33FCC9BD1644BD14FCA330AA97850000173974980000"	"\Divisions\PD\Substation Atlanta\123979_Sunflower Barber Substation\Electroswitch"
"000000009598E9A20E04F041B38518182890A2D50100F3BCE3A574023B4482F2E427B5A3121800004D8758F50000"	"\Divisions\PD\Substation Atlanta\123979_Sunflower Barber Substation\Photos"
"000000009598E9A20E04F041B38518182890A2D50100A3DF33FCC9BD1644BD14FCA330AA9785000015E694520000"	"\Divisions\PD\Substation Atlanta\123979_Sunflower Barber Substation\Transformer"
"000000009598E9A20E04F041B38518182890A2D50100A3DF33FCC9BD1644BD14FCA330AA97850000174B63D80000"	"\Divisions\PD\Substation Atlanta\125583_Sunflower Cimarron\DMS_Upload"
"000000009598E9A20E04F041B38518182890A2D50100A3DF33FCC9BD1644BD14FCA330AA978500001743390C0000"	"\Divisions\PD\Substation Atlanta\125583_Sunflower Cimarron\Equipment\Circuit Breaker\Circuit Breaker_Approval Drawings"
"000000009598E9A20E04F041B38518182890A2D50100A3DF33FCC9BD1644BD14FCA330AA9785000016F984520000"	"\Divisions\PD\Substation Atlanta\125583_Sunflower Cimarron\Equipment\Switchgear\Switchgear Addendums"
"000000009598E9A20E04F041B38518182890A2D50100A3DF33FCC9BD1644BD14FCA330AA978500001743297B0000"	"\Divisions\PD\Substation Atlanta\125583_Sunflower Cimarron\Overhead Line and Underground\Underground and overhead Submittals"
"000000009598E9A20E04F041B38518182890A2D50100A3DF33FCC9BD1644BD14FCA330AA9785000016F7140F0000"	"\Divisions\PD\Substation Atlanta\125583_Sunflower Cimarron\SUBSTATION CONTROL AND SAS"
"000000009598E9A20E04F041B38518182890A2D50100A3DF33FCC9BD1644BD14FCA330AA97850000175489900000"	"\Divisions\PD\Substation Atlanta\125583_Sunflower Cimarron\SUBSTATION PHYSICAL "
"000000009598E9A20E04F041B38518182890A2D50100A3DF33FCC9BD1644BD14FCA330AA97850000163C64260000"	"\Divisions\PD\Substation Atlanta\125657 Morenci 16k Optimization"
"000000009598E9A20E04F041B38518182890A2D50100A3DF33FCC9BD1644BD14FCA330AA978500001BD34BAB0000"	"\Divisions\PD\Substation Atlanta\132085_East Hall and Plainville"
"000000009598E9A20E04F041B38518182890A2D50100A3DF33FCC9BD1644BD14FCA330AA978500001D5FB0E00000"	"\Divisions\PD\Substation Atlanta\133432_Spearville 345kV"
"000000009598E9A20E04F041B38518182890A2D50100A3DF33FCC9BD1644BD14FCA330AA978500001EE3BABA0000"	"\Divisions\PD\Substation Atlanta\133432_Spearville 345kV\Foundations"
"000000009598E9A20E04F041B38518182890A2D50100F3BCE3A574023B4482F2E427B5A3121800004F1643130000"	"\Divisions\PD\Substation Atlanta\133432_Spearville 345kV\Steel\In ProjectWise"
"000000009598E9A20E04F041B38518182890A2D50100A3DF33FCC9BD1644BD14FCA330AA978500001EEDBEF40000"	"\Divisions\PD\Substation Atlanta\135513_ALT TYLER NW SW: RPLC 56 MVA"
"000000009598E9A20E04F041B38518182890A2D50100A3DF33FCC9BD1644BD14FCA330AA97850000281509E50000"	"\Divisions\PD\Substation Atlanta\137302_GTC DOUGLAS SUBSTATION\Strain Bus Clearance"
"000000009598E9A20E04F041B38518182890A2D50100A3DF33FCC9BD1644BD14FCA330AA97850000241E04A20000"	"\Divisions\PD\Substation Atlanta\139317_ATL SHAMBURGER LINE TERM"
"000000009598E9A20E04F041B38518182890A2D50100A3DF33FCC9BD1644BD14FCA330AA978500002671DBD60000"	"\Divisions\PD\Substation Atlanta\139848_ATL BUCKHORN 345 SWTCH\Equipment\CTs"
"000000009598E9A20E04F041B38518182890A2D5010012225CC57BF01F4EA8CCA87A792FF35F000162F5FFA50000"	"\Divisions\PD\Substation Atlanta\139848_ATL BUCKHORN 345 SWTCH\Project Management\Meeting Minutes"
"000000009598E9A20E04F041B38518182890A2D50100A3DF33FCC9BD1644BD14FCA330AA978500002C8F77360000"	"\Divisions\PD\Substation Atlanta\140572_SUNFLOWER SPEARVILLE RPLC CB SV188\Construction"
"000000009598E9A20E04F041B38518182890A2D50100A3DF33FCC9BD1644BD14FCA330AA9785000028CE4BBC0000"	"\Divisions\PD\Substation Atlanta\140572_SUNFLOWER SPEARVILLE RPLC CB SV188\Meeting Minutes"
"000000009598E9A20E04F041B38518182890A2D50100A3DF33FCC9BD1644BD14FCA330AA978500002C0592810000"	"\Divisions\PD\Substation Atlanta\140572_SUNFLOWER SPEARVILLE RPLC CB SV188\Schedule"
"000000009598E9A20E04F041B38518182890A2D50100A3DF33FCC9BD1644BD14FCA330AA978500002A16AB780000"	"\Divisions\PD\Substation Atlanta\141752_MEAG - CARTERSVILLE 22"
"000000009598E9A20E04F041B38518182890A2D5010012225CC57BF01F4EA8CCA87A792FF35F00003945D1820000"	"\Divisions\PD\Substation Atlanta\144140_MEAG-Cartersville 23"
"000000009598E9A20E04F041B38518182890A2D5010012225CC57BF01F4EA8CCA87A792FF35F0000B2BA27420000"	"\Divisions\PD\Substation Atlanta\146321_ATL IRVING GRANT UPG TERM"
"000000009598E9A20E04F041B38518182890A2D5010012225CC57BF01F4EA8CCA87A792FF35F000175366F280000"	"\Divisions\PD\Substation Atlanta\150846_ATL PLEASANT GROVE DA"
"000000009598E9A20E04F041B38518182890A2D5010012225CC57BF01F4EA8CCA87A792FF35F0001A7C15ACB0000"	"\Divisions\PD\Substation Atlanta\152483_MEAG MARIETTA 8 SS GND ANA"
"000000009598E9A20E04F041B38518182890A2D5010012225CC57BF01F4EA8CCA87A792FF35F0001FC153E310000"	"\Divisions\PD\Substation Atlanta\154150_ATL LINDALE DA"
"000000009598E9A20E04F041B38518182890A2D5010012225CC57BF01F4EA8CCA87A792FF35F00025AF8A3DA0000"	"\Divisions\PD\Substation Atlanta\156037_CANTON TAP SW MOD TYLER"
"000000009598E9A20E04F041B38518182890A2D5010012225CC57BF01F4EA8CCA87A792FF35F0002ADAF34890000"	"\Divisions\PD\Substation Atlanta\158152_MCHALAM POD INSTL SL M"
"000000009598E9A20E04F041B38518182890A2D5010012225CC57BF01F4EA8CCA87A792FF35F000322D078650000"	"\Divisions\PD\Substation Atlanta\161372_LAKE BROWNWOOD SUB"
"000000009598E9A20E04F041B38518182890A2D5010012225CC57BF01F4EA8CCA87A792FF35F000545A0E0A60000"	"\Divisions\PD\Substation Atlanta\177476_ATL ELM MOTT SW#1 SUB 46509"
"000000009598E9A20E04F041B38518182890A2D5010012225CC57BF01F4EA8CCA87A792FF35F000596E6EBD30000"	"\Divisions\PD\Substation Atlanta\180272_ATL ALLEN SW DA 48889"
"000000009598E9A20E04F041B38518182890A2D5010012225CC57BF01F4EA8CCA87A792FF35F0005B5FEFD930000"	"\Divisions\PD\Substation Atlanta\181209_C80709-HEARD SS-500KV TERM ADD"
"000000009598E9A20E04F041B38518182890A2D50100E34BFE500669CD49AC2E27C6C54DE39D0000003499150000"	"\Divisions\PD\Substation Atlanta\Lisa_Temp"
"000000009598E9A20E04F041B38518182890A2D50100E34BFE500669CD49AC2E27C6C54DE39D0000002841000000"	"\Divisions\PD\Substation Atlanta\NEEWS-Material Inspections\Homac Connectors"
"000000009598E9A20E04F041B38518182890A2D50100E34BFE500669CD49AC2E27C6C54DE39D000000146F540000"	"\Divisions\PD\Substation Atlanta\ONCOR-2009-Scoping\Windhurst"
"000000009598E9A20E04F041B38518182890A2D50100E34BFE500669CD49AC2E27C6C54DE39D0000003B82AF0000"	"\Divisions\PD\Substation Atlanta\ONCOR-Procedures & E-mails\2011-Procedures"
"000000009598E9A20E04F041B38518182890A2D501001953B16A689BCD4AA8FC82955DB27CB10000014BED810000"	"\Divisions\PD\Substation Atlanta\PEF EPC\Technical"
"000000009598E9A20E04F041B38518182890A2D50100E34BFE500669CD49AC2E27C6C54DE39D0000004310760000"	"\Divisions\PD\Substation Atlanta\Progress Energy\Reviews for other stations\Howey 314"
"000000009598E9A20E04F041B38518182890A2D501001296C725372D7F4B86B758A22EA3141B0000005EA6C80000"	"\Divisions\PD\Substation Atlanta\Proposals\2007\PEPCO-Aquasco-230kV"
"000000009598E9A20E04F041B38518182890A2D50100E34BFE500669CD49AC2E27C6C54DE39D00000037A2410000"	"\Divisions\PD\Substation Atlanta\Proposals\2010\119418_Sunflower_NTC_Scoping_E+PC"
"000000009598E9A20E04F041B38518182890A2D50100E34BFE500669CD49AC2E27C6C54DE39D0000003B82870000"	"\Divisions\PD\Substation Atlanta\Proposals\2011"
"000000009598E9A20E04F041B38518182890A2D50100E34BFE500669CD49AC2E27C6C54DE39D0000004084040000"	"\Divisions\PD\Substation Atlanta\Proposals\2011\MP&L-Civil"
"000000009598E9A20E04F041B38518182890A2D501001296C725372D7F4B86B758A22EA3141B000000550B970000"	"\Divisions\PD\Substation Atlanta\Proposals\APCO"
"000000009598E9A20E04F041B38518182890A2D50100E34BFE500669CD49AC2E27C6C54DE39D0000001ABFF80000"	"\Divisions\PD\Substation Atlanta\Proposals\Paducah Power"
"000000009598E9A20E04F041B38518182890A2D50100A3DF33FCC9BD1644BD14FCA330AA9785000016E846EF0000"	"\Divisions\PD\Substation Atlanta\Substation Benbrook"
"000000009598E9A20E04F041B38518182890A2D501001296C725372D7F4B86B758A22EA3141B000000550C160000"	"\Divisions\PD\Substation Atlanta\TXU-2006 Distribution Automation"
"000000009598E9A20E04F041B38518182890A2D501006C95E27D1ACA634AA1AADC20796388DD000000612B9E0000"	"\Divisions\PD\Substation Boise\00_Substation Boise"
"000000009598E9A20E04F041B38518182890A2D50100A3DF33FCC9BD1644BD14FCA330AA978500002BF3DA930000"	"\Divisions\PD\Substation Boise\142617  AEP E HUNT-LN JOHNSON A15705073"
"000000009598E9A20E04F041B38518182890A2D5010012225CC57BF01F4EA8CCA87A792FF35F00018351A17A0000"	"\Divisions\PD\Substation Boise\146317  ONCOR ALLEN SWITCH DA"
"000000009598E9A20E04F041B38518182890A2D5010012225CC57BF01F4EA8CCA87A792FF35F000129AAA7E10000"	"\Divisions\PD\Substation Boise\148102  ONCOR ELKTON RPLC 345 CB 9795"
"000000009598E9A20E04F041B38518182890A2D5010012225CC57BF01F4EA8CCA87A792FF35F00012CA1A85B0000"	"\Divisions\PD\Substation Boise\149025  AEP CALIFORNIA STN RMVL P15117021"
"000000009598E9A20E04F041B38518182890A2D5010012225CC57BF01F4EA8CCA87A792FF35F000162F5FFD10000"	"\Divisions\PD\Substation Boise\149861  XCEL QUAKER-IVVO LTC REPLACEMENT"
"000000009598E9A20E04F041B38518182890A2D5010012225CC57BF01F4EA8CCA87A792FF35F00019C5891630000"	"\Divisions\PD\Substation Boise\151471  QUANTA SOUTHLINE SUBSTATION"
"000000009598E9A20E04F041B38518182890A2D5010012225CC57BF01F4EA8CCA87A792FF35F0001DF3308DF0000"	"\Divisions\PD\Substation Boise\153601  GRIDLIANCE PANHANDLE SUBSTATION"
"000000009598E9A20E04F041B38518182890A2D5010012225CC57BF01F4EA8CCA87A792FF35F00022308A3970000"	"\Divisions\PD\Substation Boise\154170  ONCOR SIKES DA 37989"
"000000009598E9A20E04F041B38518182890A2D5010012225CC57BF01F4EA8CCA87A792FF35F00021D59BCEE0000"	"\Divisions\PD\Substation Boise\154780  ONCOR MARSH LANE TERM UPG PETE3986"
"000000009598E9A20E04F041B38518182890A2D5010012225CC57BF01F4EA8CCA87A792FF35F0002B34678290000"	"\Divisions\PD\Substation Boise\158418  ONCOR MCLENNAN"
"000000009598E9A20E04F041B38518182890A2D50100A3DF33FCC9BD1644BD14FCA330AA978500001B8B567E0000"	"\Divisions\PD\Substation Denver\00-DMS Upload\116945 St. George- Red Butte\Change Orders"
"000000009598E9A20E04F041B38518182890A2D501006C95E27D1ACA634AA1AADC20796388DD0000007AE2180000"	"\Divisions\PD\Substation Denver\116945 St. George- Red Butte\Change Orders"
"000000009598E9A20E04F041B38518182890A2D501006C95E27D1ACA634AA1AADC20796388DD000000A0F8010000"	"\Divisions\PD\Substation Denver\116945 St. George- Red Butte\Splice Loss"
"000000009598E9A20E04F041B38518182890A2D501006C95E27D1ACA634AA1AADC20796388DD000000AAAE100000"	"\Divisions\PD\Substation Denver\120251 Ironwood"
"000000009598E9A20E04F041B38518182890A2D501006C95E27D1ACA634AA1AADC20796388DD000000CE2ED00000"	"\Divisions\PD\Substation Denver\121590 Bay Front RTU"
"000000009598E9A20E04F041B38518182890A2D501001953B16A689BCD4AA8FC82955DB27CB1000000C8F1460000"	"\Divisions\PD\Substation Denver\122312 Semper"
"000000009598E9A20E04F041B38518182890A2D501001953B16A689BCD4AA8FC82955DB27CB10000011794060000"	"\Divisions\PD\Substation Denver\123992 Split Rock MISO J183"
"000000009598E9A20E04F041B38518182890A2D501001953B16A689BCD4AA8FC82955DB27CB1000001C230D80000"	"\Divisions\PD\Substation Denver\124703 Bancroft RTU/LCU Configurations"
"000000009598E9A20E04F041B38518182890A2D50100A3DF33FCC9BD1644BD14FCA330AA978500000E9712030000"	"\Divisions\PD\Substation Denver\125211 Reveille"
"000000009598E9A20E04F041B38518182890A2D50100A3DF33FCC9BD1644BD14FCA330AA97850000167466680000"	"\Divisions\PD\Substation Denver\126343 BOULDER HYDRO - GREENSHEETS"
"000000009598E9A20E04F041B38518182890A2D50100A3DF33FCC9BD1644BD14FCA330AA9785000017447F090000"	"\Divisions\PD\Substation Denver\127231 ROGERS LAKE REPLACE RTU"
"000000009598E9A20E04F041B38518182890A2D50100A3DF33FCC9BD1644BD14FCA330AA9785000017CF03AB0000"	"\Divisions\PD\Substation Denver\128090 CNTRL HYBRID W SIOUX FALLS"
"000000009598E9A20E04F041B38518182890A2D5010012225CC57BF01F4EA8CCA87A792FF35F0000A8917A990000"	"\Divisions\PD\Substation Denver\128627 Bailey"
"000000009598E9A20E04F041B38518182890A2D5010012225CC57BF01F4EA8CCA87A792FF35F0000A0FDF5A30000"	"\Divisions\PD\Substation Denver\129507 S Campbell"
"000000009598E9A20E04F041B38518182890A2D50100A3DF33FCC9BD1644BD14FCA330AA978500001AEE99080000"	"\Divisions\PD\Substation Denver\131613 COLLBRAN SUB - COMMUNICATIONS"
"000000009598E9A20E04F041B38518182890A2D50100A3DF33FCC9BD1644BD14FCA330AA978500001C05FAF00000"	"\Divisions\PD\Substation Denver\132838 PSC 3007 UTER WAPA"
"000000009598E9A20E04F041B38518182890A2D50100A3DF33FCC9BD1644BD14FCA330AA978500001DAB276B0000"	"\Divisions\PD\Substation Denver\133432 Spearville"
"000000009598E9A20E04F041B38518182890A2D50100A3DF33FCC9BD1644BD14FCA330AA9785000020976B1D0000"	"\Divisions\PD\Substation Denver\134388 Black River"
"000000009598E9A20E04F041B38518182890A2D50100A3DF33FCC9BD1644BD14FCA330AA978500001F207B370000"	"\Divisions\PD\Substation Denver\135839 Crooked Lake"
"000000009598E9A20E04F041B38518182890A2D50100A3DF33FCC9BD1644BD14FCA330AA97850000210DA5020000"	"\Divisions\PD\Substation Denver\136390 IREA"
"000000009598E9A20E04F041B38518182890A2D50100A3DF33FCC9BD1644BD14FCA330AA97850000204462900000"	"\Divisions\PD\Substation Denver\136601 FT. SAINT VRAIN - RTU/DFR"
"000000009598E9A20E04F041B38518182890A2D50100A3DF33FCC9BD1644BD14FCA330AA97850000211B9A020000"	"\Divisions\PD\Substation Denver\137104 CALIFORNIA - REPLACE CSW 9272"
"000000009598E9A20E04F041B38518182890A2D50100A3DF33FCC9BD1644BD14FCA330AA9785000027B9C9C90000"	"\Divisions\PD\Substation Denver\137327 Texas Farms"
"000000009598E9A20E04F041B38518182890A2D50100A3DF33FCC9BD1644BD14FCA330AA9785000021E870140000"	"\Divisions\PD\Substation Denver\137854 SKY PARK - FRAD REPLACEMENT"
"000000009598E9A20E04F041B38518182890A2D50100A3DF33FCC9BD1644BD14FCA330AA97850000224E58F70000"	"\Divisions\PD\Substation Denver\138059 BLUE LAKE -FRAME RLY RPLC NSP"
"000000009598E9A20E04F041B38518182890A2D50100A3DF33FCC9BD1644BD14FCA330AA978500002253B9AD0000"	"\Divisions\PD\Substation Denver\138079 BLAIR - FRAME RLY RPLC NSP"
"000000009598E9A20E04F041B38518182890A2D50100A3DF33FCC9BD1644BD14FCA330AA978500002263E88B0000"	"\Divisions\PD\Substation Denver\138140 SHERBURNE - FRAME RLY RPLC NSP"
"000000009598E9A20E04F041B38518182890A2D50100A3DF33FCC9BD1644BD14FCA330AA978500002268B6380000"	"\Divisions\PD\Substation Denver\138158 SHEPARD - FRAME RLY RPLC NSP"
"000000009598E9A20E04F041B38518182890A2D50100A3DF33FCC9BD1644BD14FCA330AA9785000022691FBF0000"	"\Divisions\PD\Substation Denver\138180 CEDAR MTN - FRAME RLY RPLC NSP"
"000000009598E9A20E04F041B38518182890A2D50100A3DF33FCC9BD1644BD14FCA330AA97850000226920D70000"	"\Divisions\PD\Substation Denver\138196 DOUGLAS CO -FRAME RLY RPLC NSP"
"000000009598E9A20E04F041B38518182890A2D50100A3DF33FCC9BD1644BD14FCA330AA97850000226EF8150000"	"\Divisions\PD\Substation Denver\138215 STANTON - FRAME RLY RPLC NSP"
"000000009598E9A20E04F041B38518182890A2D50100A3DF33FCC9BD1644BD14FCA330AA978500002274EE5A0000"	"\Divisions\PD\Substation Denver\138252 GRANITE FLLS-FRME RLY RPLC NSP"
"000000009598E9A20E04F041B38518182890A2D50100A3DF33FCC9BD1644BD14FCA330AA978500002274EE9A0000"	"\Divisions\PD\Substation Denver\138267 OSCEOLA - FRAME RLY RPLC NSP"
"000000009598E9A20E04F041B38518182890A2D50100A3DF33FCC9BD1644BD14FCA330AA978500002274F36D0000"	"\Divisions\PD\Substation Denver\138282 BOYD - FRAME RLY RPLC NSP"
"000000009598E9A20E04F041B38518182890A2D50100A3DF33FCC9BD1644BD14FCA330AA978500002274F4240000"	"\Divisions\PD\Substation Denver\138298 WISSOTA HYDR-FRME RLY RPLC NSP"
"000000009598E9A20E04F041B38518182890A2D50100A3DF33FCC9BD1644BD14FCA330AA978500002274F6BC0000"	"\Divisions\PD\Substation Denver\138317 CAMERON - FRAME RLY RPLC NSP"
"000000009598E9A20E04F041B38518182890A2D50100A3DF33FCC9BD1644BD14FCA330AA978500002274F7590000"	"\Divisions\PD\Substation Denver\138339 TWIN TOWN - FRAME RLY RPLC NSP"
"000000009598E9A20E04F041B38518182890A2D50100A3DF33FCC9BD1644BD14FCA330AA978500002274F7890000"	"\Divisions\PD\Substation Denver\138358 STRUM - FRAME RLY RPLC NSP"
"000000009598E9A20E04F041B38518182890A2D50100A3DF33FCC9BD1644BD14FCA330AA97850000228573FD0000"	"\Divisions\PD\Substation Denver\138432 LONE OAK - FRAME RLY RPLC NSP"
"000000009598E9A20E04F041B38518182890A2D5010012225CC57BF01F4EA8CCA87A792FF35F000049C4B1A60000"	"\Divisions\PD\Substation Denver\138629 Maple River"
"000000009598E9A20E04F041B38518182890A2D50100A3DF33FCC9BD1644BD14FCA330AA978500002C05FF730000"	"\Divisions\PD\Substation Denver\139600 Hobbs"
"000000009598E9A20E04F041B38518182890A2D50100A3DF33FCC9BD1644BD14FCA330AA9785000029CED9F10000"	"\Divisions\PD\Substation Denver\140341 Hutchinson"
"000000009598E9A20E04F041B38518182890A2D50100A3DF33FCC9BD1644BD14FCA330AA978500002A1B0BF30000"	"\Divisions\PD\Substation Denver\141469 HAPPY CANYON- REBLD 115KV SUB"
"000000009598E9A20E04F041B38518182890A2D50100A3DF33FCC9BD1644BD14FCA330AA978500002C0603E80000"	"\Divisions\PD\Substation Denver\142291 Riverview"
"000000009598E9A20E04F041B38518182890A2D50100A3DF33FCC9BD1644BD14FCA330AA978500002C04AC780000"	"\Divisions\PD\Substation Denver\142710 BERGEN PARK- NEW 12MVA XFMR"
"000000009598E9A20E04F041B38518182890A2D5010012225CC57BF01F4EA8CCA87A792FF35F0000A56624B70000"	"\Divisions\PD\Substation Denver\143564 Bergen Park 115kV"
"000000009598E9A20E04F041B38518182890A2D5010012225CC57BF01F4EA8CCA87A792FF35F00003452E65C0000"	"\Divisions\PD\Substation Denver\144054 AULT SUB- BATTERY REPLACEMENT"
"000000009598E9A20E04F041B38518182890A2D5010012225CC57BF01F4EA8CCA87A792FF35F000049C4B1A40000"	"\Divisions\PD\Substation Denver\144372 MONTICELLO"
"000000009598E9A20E04F041B38518182890A2D5010012225CC57BF01F4EA8CCA87A792FF35F00009DE2D8190000"	"\Divisions\PD\Substation Denver\145353 WIPP"
"000000009598E9A20E04F041B38518182890A2D5010012225CC57BF01F4EA8CCA87A792FF35F0000D26A59760000"	"\Divisions\PD\Substation Denver\146257 XCEL ROCHESTER - SECRTY CAM UPGRDS"
"000000009598E9A20E04F041B38518182890A2D5010012225CC57BF01F4EA8CCA87A792FF35F000126D4D3130000"	"\Divisions\PD\Substation Denver\148838 Bluff Creek Fiber Lake Hazel"
"000000009598E9A20E04F041B38518182890A2D5010012225CC57BF01F4EA8CCA87A792FF35F00015DA5B0490000"	"\Divisions\PD\Substation Denver\149785 CPEC HAY CREEK 115/43.8KV TS"
"000000009598E9A20E04F041B38518182890A2D5010012225CC57BF01F4EA8CCA87A792FF35F0001D41A9B0E0000"	"\Divisions\PD\Substation Denver\153412 QUAKER- IVVO LTC REPL COMM"
"000000009598E9A20E04F041B38518182890A2D5010012225CC57BF01F4EA8CCA87A792FF35F0003D6AD7A910000"	"\Divisions\PD\Substation Denver\155988 PAWNEE DFR UPGRADE\DFR"
"000000009598E9A20E04F041B38518182890A2D5010012225CC57BF01F4EA8CCA87A792FF35F0002754052330000"	"\Divisions\PD\Substation Denver\156750 MISSLE SITE DFR UPGD"
"000000009598E9A20E04F041B38518182890A2D5010012225CC57BF01F4EA8CCA87A792FF35F00027B6D7B4A0000"	"\Divisions\PD\Substation Denver\157093 N-HDR-SOUTH AFTON DCP TRSNFRM"
"000000009598E9A20E04F041B38518182890A2D5010012225CC57BF01F4EA8CCA87A792FF35F00028774B2530000"	"\Divisions\PD\Substation Denver\157374 P-RIFLE WAREHOUSE FAN"
"000000009598E9A20E04F041B38518182890A2D5010012225CC57BF01F4EA8CCA87A792FF35F00028CB795990000"	"\Divisions\PD\Substation Denver\157636 N-J789 FENTON FAC STUDY HDR"
"000000009598E9A20E04F041B38518182890A2D5010012225CC57BF01F4EA8CCA87A792FF35F0002A9804DCE0000"	"\Divisions\PD\Substation Denver\158335 N-ELLIOT PARK SEC UPGRDS HDR"
"000000009598E9A20E04F041B38518182890A2D5010012225CC57BF01F4EA8CCA87A792FF35F0002B34678350000"	"\Divisions\PD\Substation Denver\158574 N-LAKEFIELD GEN SCRTY COMM HDR"
"000000009598E9A20E04F041B38518182890A2D5010012225CC57BF01F4EA8CCA87A792FF35F0002C1A0F0BF0000"	"\Divisions\PD\Substation Denver\159066 N-WOBEGON CSG160RLY STTNGS-HDR"
"000000009598E9A20E04F041B38518182890A2D5010012225CC57BF01F4EA8CCA87A792FF35F0002D18D62930000"	"\Divisions\PD\Substation Denver\159456 S-MALAGA BEND 50MVA TRANS REV"
"000000009598E9A20E04F041B38518182890A2D5010012225CC57BF01F4EA8CCA87A792FF35F0002DA9E39E80000"	"\Divisions\PD\Substation Denver\159641 N-VERMILLION RLY SETTING-HDR"
"000000009598E9A20E04F041B38518182890A2D5010012225CC57BF01F4EA8CCA87A792FF35F0002E676F3B20000"	"\Divisions\PD\Substation Denver\159890 N-PRAIRIE ISLAND 345kV UPG-HDR"
"000000009598E9A20E04F041B38518182890A2D5010012225CC57BF01F4EA8CCA87A792FF35F0003061381DD0000"	"\Divisions\PD\Substation Denver\160710 N-RED CEDAR RELAYING HDR"
"000000009598E9A20E04F041B38518182890A2D5010012225CC57BF01F4EA8CCA87A792FF35F0003208748A30000"	"\Divisions\PD\Substation Denver\161343 P-Gilcrest 1281-Salient"
"000000009598E9A20E04F041B38518182890A2D501001953B16A689BCD4AA8FC82955DB27CB100000158246C0000"	"\Divisions\PD\Substation Denver\Harrington Wave Trap Repl"
"000000009598E9A20E04F041B38518182890A2D50100A3DF33FCC9BD1644BD14FCA330AA9785000023A56BDD0000"	"\Divisions\PD\Substation Fort Mill\139067 - Arnold Hogan 35528"
"000000009598E9A20E04F041B38518182890A2D501001296C725372D7F4B86B758A22EA3141B0000000A4DAC0000"	"\Divisions\PD\Substation Freeport\00_Substation Freeport Calendar"
"000000009598E9A20E04F041B38518182890A2D501001296C725372D7F4B86B758A22EA3141B00000022D6590000"	"\Divisions\PD\Substation Freeport\Inactive File\104895_PSNH_Scobie Review\Digital Data"
"000000009598E9A20E04F041B38518182890A2D501001296C725372D7F4B86B758A22EA3141B00000022D6680000"	"\Divisions\PD\Substation Freeport\Inactive File\104895_PSNH_Scobie Review\Studies"
"000000009598E9A20E04F041B38518182890A2D501001296C725372D7F4B86B758A22EA3141B00000018A9D50000"	"\Divisions\PD\Substation Freeport\Inactive File\106077_PSNH_Monadock\106077 - PSNH - Monadnock - JRC"
"000000009598E9A20E04F041B38518182890A2D501001296C725372D7F4B86B758A22EA3141B00000018C41D0000"	"\Divisions\PD\Substation Freeport\Inactive File\106XXX_PSNH_Madbury\Design\Madbury P&C Design"
"000000009598E9A20E04F041B38518182890A2D501001296C725372D7F4B86B758A22EA3141B00000018C4450000"	"\Divisions\PD\Substation Freeport\Inactive File\106XXX_PSNH_Madbury\PSNH - Madbury - JRC\PSNH - Madbury - JRC"
"000000009598E9A20E04F041B38518182890A2D501001296C725372D7F4B86B758A22EA3141B00000022D5DA0000"	"\Divisions\PD\Substation Freeport\Inactive File\108042_TXU_South_Brownwood\Bid"
"000000009598E9A20E04F041B38518182890A2D501001296C725372D7F4B86B758A22EA3141B00000022D5E80000"	"\Divisions\PD\Substation Freeport\Inactive File\108042_TXU_South_Brownwood\Schedule"
"000000009598E9A20E04F041B38518182890A2D501001296C725372D7F4B86B758A22EA3141B00000022D5FF0000"	"\Divisions\PD\Substation Freeport\Inactive File\108166_TXU_Dublin\Meeting Minutes"
"000000009598E9A20E04F041B38518182890A2D501001296C725372D7F4B86B758A22EA3141B00000022D6380000"	"\Divisions\PD\Substation Freeport\Inactive File\108556_Centerpoint_Webster\Design"
"000000009598E9A20E04F041B38518182890A2D501001296C725372D7F4B86B758A22EA3141B00000022D6470000"	"\Divisions\PD\Substation Freeport\Inactive File\108556_Centerpoint_Webster\Specifications"
"000000009598E9A20E04F041B38518182890A2D501001296C725372D7F4B86B758A22EA3141B00000022D6290000"	"\Divisions\PD\Substation Freeport\Inactive File\108557_Centerpoint_Freeport\Photos"
"000000009598E9A20E04F041B38518182890A2D501001296C725372D7F4B86B758A22EA3141B00000026BFB10000"	"\Divisions\PD\Substation Freeport\Inactive File\108954_TXU_Celina_Switch\Accounting"
"000000009598E9A20E04F041B38518182890A2D501001296C725372D7F4B86B758A22EA3141B00000026BFC00000"	"\Divisions\PD\Substation Freeport\Inactive File\108954_TXU_Celina_Switch\Right-of-Way"
"000000009598E9A20E04F041B38518182890A2D50100E34BFE500669CD49AC2E27C6C54DE39D0000004083CF0000"	"\Divisions\PD\Substation Freeport\Inactive File\109947_CMP_ScarOOBLine\109947 Saco  Bay Prelim & MPUC\Data Requests\City of Saco Data Request DR-01"
"000000009598E9A20E04F041B38518182890A2D50100E34BFE500669CD49AC2E27C6C54DE39D0000004083DE0000"	"\Divisions\PD\Substation Freeport\Inactive File\109947_CMP_ScarOOBLine\109947 Saco  Bay Prelim & MPUC\Design Resources"
"000000009598E9A20E04F041B38518182890A2D50100E34BFE500669CD49AC2E27C6C54DE39D0000004083ED0000"	"\Divisions\PD\Substation Freeport\Inactive File\109947_CMP_ScarOOBLine\109947 Saco  Bay Prelim & MPUC\MPUC Hearings\Rebuttal Testimony OPA-03"
"000000009598E9A20E04F041B38518182890A2D501001296C725372D7F4B86B758A22EA3141B0000005D205B0000"	"\Divisions\PD\Substation Freeport\Inactive File\109947_CMP_ScarOOBLine1\109947 Saco  Bay Prelim & MPUC\Data Requests\City of Saco Data Request DR-01"
"000000009598E9A20E04F041B38518182890A2D501001296C725372D7F4B86B758A22EA3141B0000005D20760000"	"\Divisions\PD\Substation Freeport\Inactive File\109947_CMP_ScarOOBLine1\109947 Saco  Bay Prelim & MPUC\Design Resources"
"000000009598E9A20E04F041B38518182890A2D501001296C725372D7F4B86B758A22EA3141B0000005EA7150000"	"\Divisions\PD\Substation Freeport\Inactive File\109947_CMP_ScarOOBLine1\109947 Saco  Bay Prelim & MPUC\MPUC Hearings\Rebuttal Testimony OPA-03"
"000000009598E9A20E04F041B38518182890A2D501001296C725372D7F4B86B758A22EA3141B0000003759A20000"	"\Divisions\PD\Substation Freeport\Inactive File\110461_NU_Southington"
"000000009598E9A20E04F041B38518182890A2D50100E34BFE500669CD49AC2E27C6C54DE39D0000001ABFB30000"	"\Divisions\PD\Substation Freeport\Inactive File\112815 Jackman Capacitor Bank \DMS update"
"000000009598E9A20E04F041B38518182890A2D50100A3DF33FCC9BD1644BD14FCA330AA978500000E871C390000"	"\Divisions\PD\Substation Freeport\Inactive File\121287_WMEC_Hollow_Core"
"000000009598E9A20E04F041B38518182890A2D501001953B16A689BCD4AA8FC82955DB27CB1000000A2787E0000"	"\Divisions\PD\Substation Freeport\Inactive File\CLOSED_109947_CMP_ScarOOBLine\109947 Saco  Bay Prelim & MPUC\Data Requests"
"000000009598E9A20E04F041B38518182890A2D501001953B16A689BCD4AA8FC82955DB27CB1000000A2788D0000"	"\Divisions\PD\Substation Freeport\Inactive File\CLOSED_109947_CMP_ScarOOBLine\109947 Saco  Bay Prelim & MPUC\Data Requests\Saco Stakeholder Request DR-01"
"000000009598E9A20E04F041B38518182890A2D501001953B16A689BCD4AA8FC82955DB27CB1000000A2789C0000"	"\Divisions\PD\Substation Freeport\Inactive File\CLOSED_109947_CMP_ScarOOBLine\109947 Saco  Bay Prelim & MPUC\MPUC Hearings\Rebuttal Testimony Bench EX-03"
"000000009598E9A20E04F041B38518182890A2D501001953B16A689BCD4AA8FC82955DB27CB1000000A278AB0000"	"\Divisions\PD\Substation Freeport\Inactive File\CLOSED_109947_CMP_ScarOOBLine1\109947 Saco  Bay Prelim & MPUC\Data Requests"
"000000009598E9A20E04F041B38518182890A2D501001953B16A689BCD4AA8FC82955DB27CB1000000A278BA0000"	"\Divisions\PD\Substation Freeport\Inactive File\CLOSED_109947_CMP_ScarOOBLine1\109947 Saco  Bay Prelim & MPUC\Data Requests\Saco Stakeholder Request DR-01"
"000000009598E9A20E04F041B38518182890A2D501001953B16A689BCD4AA8FC82955DB27CB1000000B63DA20000"	"\Divisions\PD\Substation Freeport\Inactive File\CLOSED_109947_CMP_ScarOOBLine1\109947 Saco  Bay Prelim & MPUC\MPUC Hearings\Rebuttal Testimony Bench EX-03"
"000000009598E9A20E04F041B38518182890A2D501001953B16A689BCD4AA8FC82955DB27CB1000000B63DB10000"	"\Divisions\PD\Substation Freeport\Inactive File\CLOSED_110459_NU_BunkerHill\BH_Matl_Order"
"000000009598E9A20E04F041B38518182890A2D50100A3DF33FCC9BD1644BD14FCA330AA97850000172386390000"	"\Divisions\PD\Substation Freeport\Inactive File\CLOSED_113552_South_Gorham"
"000000009598E9A20E04F041B38518182890A2D501001953B16A689BCD4AA8FC82955DB27CB1000000B63DD30000"	"\Divisions\PD\Substation Freeport\Inactive File\CLOSED_120596_Louden1"
"000000009598E9A20E04F041B38518182890A2D501001296C725372D7F4B86B758A22EA3141B0000000DCEA60000"	"\Divisions\PD\Substation Freeport\Inactive File\PSNM - San Juan S/S1"
"000000009598E9A20E04F041B38518182890A2D50100A3DF33FCC9BD1644BD14FCA330AA978500002D7B86890000"	"\Divisions\PD\Substation Freeport\Projects\113511_Millbury\135271_Tewksbury"
"000000009598E9A20E04F041B38518182890A2D50100E34BFE500669CD49AC2E27C6C54DE39D000000202E5E0000"	"\Divisions\PD\Substation Freeport\Projects\116238_B&M_MPRP_Substations(CLOSED)"
"000000009598E9A20E04F041B38518182890A2D50100E34BFE500669CD49AC2E27C6C54DE39D0000003B82730000"	"\Divisions\PD\Substation Freeport\Projects\121850_Berkshire"
"000000009598E9A20E04F041B38518182890A2D50100A3DF33FCC9BD1644BD14FCA330AA978500000E8B169A0000"	"\Divisions\PD\Substation Freeport\Projects\125566_Williams_Street"
"000000009598E9A20E04F041B38518182890A2D50100A3DF33FCC9BD1644BD14FCA330AA9785000019C012940000"	"\Divisions\PD\Substation Freeport\Projects\129731_CL&P_Norwalk Harbor"
"000000009598E9A20E04F041B38518182890A2D5010012225CC57BF01F4EA8CCA87A792FF35F000170BE73A80000"	"\Divisions\PD\Substation Freeport\Projects\132928_AEP_Stone_Station"
"000000009598E9A20E04F041B38518182890A2D50100A3DF33FCC9BD1644BD14FCA330AA978500001DAE18AF0000"	"\Divisions\PD\Substation Freeport\Projects\134216 NSTAR Electric & Gas Corp"
"000000009598E9A20E04F041B38518182890A2D50100A3DF33FCC9BD1644BD14FCA330AA978500001E60B1370000"	"\Divisions\PD\Substation Freeport\Projects\135085_FRE_PLANO_TENNYSON_SW_STA"
"000000009598E9A20E04F041B38518182890A2D50100A3DF33FCC9BD1644BD14FCA330AA978500001F3C4A370000"	"\Divisions\PD\Substation Freeport\Projects\135947_CHG&E_Todd_Hill_Substation"
"000000009598E9A20E04F041B38518182890A2D50100A3DF33FCC9BD1644BD14FCA330AA9785000021AD740E0000"	"\Divisions\PD\Substation Freeport\Projects\137468_Oncor_Sikes_138-12.5_KV_SUB"
"000000009598E9A20E04F041B38518182890A2D50100A3DF33FCC9BD1644BD14FCA330AA978500002392592D0000"	"\Divisions\PD\Substation Freeport\Projects\138985_WMEC_Pleasant_S/S_OCB"
"000000009598E9A20E04F041B38518182890A2D50100A3DF33FCC9BD1644BD14FCA330AA9785000027CAD8E90000"	"\Divisions\PD\Substation Freeport\Projects\140893_CL&P_Montville_S/S_As_Built"
"000000009598E9A20E04F041B38518182890A2D50100A3DF33FCC9BD1644BD14FCA330AA978500002BBB76CE0000"	"\Divisions\PD\Substation Freeport\Projects\142432_CL&P_Bates_Rock_SS"
"000000009598E9A20E04F041B38518182890A2D5010012225CC57BF01F4EA8CCA87A792FF35F00000C4526260000"	"\Divisions\PD\Substation Freeport\Projects\143487_PSNH_Rel_512_Replacements"
"000000009598E9A20E04F041B38518182890A2D5010012225CC57BF01F4EA8CCA87A792FF35F0000884981980000"	"\Divisions\PD\Substation Freeport\Projects\145221_PPL_B44923_SEG_18A_HARW_138kV_Yard"
"000000009598E9A20E04F041B38518182890A2D5010012225CC57BF01F4EA8CCA87A792FF35F000124BAED860000"	"\Divisions\PD\Substation Freeport\Projects\146478_AEP_Dennison"
"000000009598E9A20E04F041B38518182890A2D5010012225CC57BF01F4EA8CCA87A792FF35F0001EC547E2A0000"	"\Divisions\PD\Substation Freeport\Projects\148263_Oncor_Eagle_Mtn"
"000000009598E9A20E04F041B38518182890A2D501001296C725372D7F4B86B758A22EA3141B0000000EC90B0000"	"\Divisions\PD\Substation Freeport\Proposals\000000_Mars_Hill"
"000000009598E9A20E04F041B38518182890A2D501001296C725372D7F4B86B758A22EA3141B00000014C0120000"	"\Divisions\PD\Substation Freeport\Proposals\106471_VELCO\Email_Sent"
"000000009598E9A20E04F041B38518182890A2D501001296C725372D7F4B86B758A22EA3141B0000001F40060000"	"\Divisions\PD\Substation Freeport\Proposals\108XXX_Centerpoint_2"
"000000009598E9A20E04F041B38518182890A2D501001296C725372D7F4B86B758A22EA3141B0000000DCE7A0000"	"\Divisions\PD\Substation Freeport\Proposals\IEA_Nevada_Foundations"
"000000009598E9A20E04F041B38518182890A2D501001296C725372D7F4B86B758A22EA3141B000000674FCF0000"	"\Divisions\PD\Substation Hailey\00 Calendar"
"000000009598E9A20E04F041B38518182890A2D5010012225CC57BF01F4EA8CCA87A792FF35F0003ED4070A00000"	"\Divisions\PD\Substation Hailey\161001 - Elkton"
"000000009598E9A20E04F041B38518182890A2D5010012225CC57BF01F4EA8CCA87A792FF35F0003ED4070B20000"	"\Divisions\PD\Substation Hailey\165317 - Sweetwater Tap"
"000000009598E9A20E04F041B38518182890A2D5010012225CC57BF01F4EA8CCA87A792FF35F00046438862E0000"	"\Divisions\PD\Substation Hailey\168665 - Forest Hill 41020"
"000000009598E9A20E04F041B38518182890A2D5010012225CC57BF01F4EA8CCA87A792FF35F0005CDC2D3550000"	"\Divisions\PD\Substation Hailey\174553 - Centralia 46419"
"000000009598E9A20E04F041B38518182890A2D5010012225CC57BF01F4EA8CCA87A792FF35F0005A78413260000"	"\Divisions\PD\Substation Hailey\179800 - Bronze age 49790"
"000000009598E9A20E04F041B38518182890A2D5010012225CC57BF01F4EA8CCA87A792FF35F0005EBCCC5CC0000"	"\Divisions\PD\Substation Hailey\239132 - Troy 47144"
"000000009598E9A20E04F041B38518182890A2D5010012225CC57BF01F4EA8CCA87A792FF35F0006D3DB673E0000"	"\Divisions\PD\Substation Hailey\246833 - Temple Pecan WSL Metering"
"000000009598E9A20E04F041B38518182890A2D5010012225CC57BF01F4EA8CCA87A792FF35F000791A2F6800000"	"\Divisions\PD\Substation Hailey\AWC - Notus Sw 51019"
"000000009598E9A20E04F041B38518182890A2D5010012225CC57BF01F4EA8CCA87A792FF35F0007E95C64F50000"	"\Divisions\PD\Substation Hailey\RLM Oncor TRP 2025"
"000000009598E9A20E04F041B38518182890A2D50100A3DF33FCC9BD1644BD14FCA330AA978500002150B2D80000"	"\Divisions\PD\Substation Hamilton\137280"
"000000009598E9A20E04F041B38518182890A2D5010012225CC57BF01F4EA8CCA87A792FF35F0001A42619C50000"	"\Divisions\PD\Substation Hamilton\141903\141903 NLRP Alburtis Phase 1\Station Service"
"000000009598E9A20E04F041B38518182890A2D50100A3DF33FCC9BD1644BD14FCA330AA978500002CE0C59C0000"	"\Divisions\PD\Substation Houston\0 Vicki Johnson Projects\135350_Oncor_Euless_15T62048"
"000000009598E9A20E04F041B38518182890A2D50100A3DF33FCC9BD1644BD14FCA330AA978500000E93516B0000"	"\Divisions\PD\Substation Houston\00-Closed Projects\117095_Oncor_Decatur_WA07T62101"
"000000009598E9A20E04F041B38518182890A2D50100E34BFE500669CD49AC2E27C6C54DE39D0000001E369E0000"	"\Divisions\PD\Substation Houston\01-General Oncor Information\00 CLOSED PROJECTS\ATL Iowa Park WA05T62012 (not mine)"
"000000009598E9A20E04F041B38518182890A2D50100E34BFE500669CD49AC2E27C6C54DE39D00000009298B0000"	"\Divisions\PD\Substation Houston\01-General Oncor Information\00 CLOSED PROJECTS\Odessa_109971_WA06T63012\Steel"
"000000009598E9A20E04F041B38518182890A2D50100E34BFE500669CD49AC2E27C6C54DE39D00000012406E0000"	"\Divisions\PD\Substation Houston\01-General Oncor Information\00 CLOSED PROJECTS\White Settlmt WA07T62028 (111294)"
"000000009598E9A20E04F041B38518182890A2D50100E34BFE500669CD49AC2E27C6C54DE39D0000001B9A9E0000"	"\Divisions\PD\Substation Houston\01-General Oncor Information\00 ISSUES - ANNOUNCEMENTS\WA Issues"
"000000009598E9A20E04F041B38518182890A2D50100E34BFE500669CD49AC2E27C6C54DE39D00000021D8200000"	"\Divisions\PD\Substation Houston\01-General Oncor Information\00 REPORTS\Estimate Deadlines"
"000000009598E9A20E04F041B38518182890A2D50100E34BFE500669CD49AC2E27C6C54DE39D0000000AFCBF0000"	"\Divisions\PD\Substation Houston\01-General Oncor Information\ATLANTA PROJECTS"
"000000009598E9A20E04F041B38518182890A2D50100E34BFE500669CD49AC2E27C6C54DE39D0000002A34DE0000"	"\Divisions\PD\Substation Houston\01-General Oncor Information\ST LOUIS PROJECTS\In-Serviced"
"000000009598E9A20E04F041B38518182890A2D50100E34BFE500669CD49AC2E27C6C54DE39D0000003DC0C30000"	"\Divisions\PD\Substation Houston\122218_AEP_Princeton\Go-By's"
"000000009598E9A20E04F041B38518182890A2D50100A3DF33FCC9BD1644BD14FCA330AA97850000253EB68F0000"	"\Divisions\PD\Substation Houston\123360_AEP_Morgan_Fork_PVID#_123360\APS NOTIFICATIONS"
"000000009598E9A20E04F041B38518182890A2D50100A3DF33FCC9BD1644BD14FCA330AA97850000253F2CA40000"	"\Divisions\PD\Substation Houston\124672_AEP_East_Amsterdam_PVID#_34356\APS NOTIFICATIONS1"
"000000009598E9A20E04F041B38518182890A2D50100A3DF33FCC9BD1644BD14FCA330AA978500001599F9DD0000"	"\Divisions\PD\Substation Houston\125706_Oncor_Fasken_Ranch_138kV_POI_WA12T63147\Control House"
"000000009598E9A20E04F041B38518182890A2D50100A3DF33FCC9BD1644BD14FCA330AA97850000176094F50000"	"\Divisions\PD\Substation Houston\127500_Sprbrry_STN_Rplc_CB2740_WA13T63029"
"000000009598E9A20E04F041B38518182890A2D50100A3DF33FCC9BD1644BD14FCA330AA97850000253F43940000"	"\Divisions\PD\Substation Houston\127854_AEP_Breaks STN_33963\MATERIAL"
"000000009598E9A20E04F041B38518182890A2D50100A3DF33FCC9BD1644BD14FCA330AA9785000018BCADA60000"	"\Divisions\PD\Substation Houston\128932_Oncor_Stanton_WA13T63055"
"000000009598E9A20E04F041B38518182890A2D50100A3DF33FCC9BD1644BD14FCA330AA97850000198FB46E0000"	"\Divisions\PD\Substation Houston\129864_Oncor_Argyle_Sub_Mod_Cap_Bk_Pro_WA13T62036"
"000000009598E9A20E04F041B38518182890A2D50100A3DF33FCC9BD1644BD14FCA330AA978500001B4960320000"	"\Divisions\PD\Substation Houston\130444_AEP_Tiffin Center_PVID_37399"
"000000009598E9A20E04F041B38518182890A2D50100A3DF33FCC9BD1644BD14FCA330AA978500001B1556950000"	"\Divisions\PD\Substation Houston\131428_Oncor_Crest SW: RPLC C B072"
"000000009598E9A20E04F041B38518182890A2D50100A3DF33FCC9BD1644BD14FCA330AA97850000260D0A2A0000"	"\Divisions\PD\Substation Houston\132133_AEP_Ruth_Station_PVID#_38295\MATERIAL"
"000000009598E9A20E04F041B38518182890A2D50100A3DF33FCC9BD1644BD14FCA330AA97850000219D1A590000"	"\Divisions\PD\Substation Houston\132538_Wyoming_Station_132538\MATERIAL STATUS REPORTS"
"000000009598E9A20E04F041B38518182890A2D50100A3DF33FCC9BD1644BD14FCA330AA978500001CDCC59D0000"	"\Divisions\PD\Substation Houston\133392_Oncor_FTW_Electra_Sub_14T62005"
"000000009598E9A20E04F041B38518182890A2D50100A3DF33FCC9BD1644BD14FCA330AA9785000023E47B080000"	"\Divisions\PD\Substation Houston\133945_AEP_Yukon Install_PVID#37827"
"000000009598E9A20E04F041B38518182890A2D50100A3DF33FCC9BD1644BD14FCA330AA978500001DC3CE100000"	"\Divisions\PD\Substation Houston\134357_Oncor_Sweetwater Sub_WA#14T61028"
"000000009598E9A20E04F041B38518182890A2D50100A3DF33FCC9BD1644BD14FCA330AA978500001EEF6D640000"	"\Divisions\PD\Substation Houston\135351 GVEC_CMC Substation Additions"
"000000009598E9A20E04F041B38518182890A2D50100A3DF33FCC9BD1644BD14FCA330AA9785000020212BDC0000"	"\Divisions\PD\Substation Houston\136468_Oncor_Greenville Ave_15T65021"
"000000009598E9A20E04F041B38518182890A2D50100A3DF33FCC9BD1644BD14FCA330AA978500002BE7A8070000"	"\Divisions\PD\Substation Houston\137751_GVEC_Deer Creek"
"000000009598E9A20E04F041B38518182890A2D50100A3DF33FCC9BD1644BD14FCA330AA9785000023DB54D80000"	"\Divisions\PD\Substation Houston\138640_STEC_Miracle Lake"
"000000009598E9A20E04F041B38518182890A2D50100A3DF33FCC9BD1644BD14FCA330AA97850000242415650000"	"\Divisions\PD\Substation Houston\139315_Tyler Grande Term & Fiber_Oncor_WA#"
"000000009598E9A20E04F041B38518182890A2D50100A3DF33FCC9BD1644BD14FCA330AA978500002676076C0000"	"\Divisions\PD\Substation Houston\139884_Oncor_Waxahachie Ocf_TBD"
"000000009598E9A20E04F041B38518182890A2D50100A3DF33FCC9BD1644BD14FCA330AA9785000026C13D2D0000"	"\Divisions\PD\Substation Houston\140488_Oncor_Calmont Sw: Eagle Mtn LTU_WA#16T62053"
"000000009598E9A20E04F041B38518182890A2D50100A3DF33FCC9BD1644BD14FCA330AA9785000027B7AA3C0000"	"\Divisions\PD\Substation Houston\140694_AEP_Telecom Sunnyside_PVID#11088"
"000000009598E9A20E04F041B38518182890A2D50100F3BCE3A574023B4482F2E427B5A3121800004EC0DBCA0000"	"\Divisions\PD\Substation Houston\141049_AEP_Telecom Weatherford_PVID#"
"000000009598E9A20E04F041B38518182890A2D50100A3DF33FCC9BD1644BD14FCA330AA978500002BB8DD040000"	"\Divisions\PD\Substation Houston\141410_AEP Telecom 81st & Garnett_WO42501176-02"
"000000009598E9A20E04F041B38518182890A2D50100A3DF33FCC9BD1644BD14FCA330AA978500002BB2F3D30000"	"\Divisions\PD\Substation Houston\142192_Oncor_Brown Swtch_WA#"
"000000009598E9A20E04F041B38518182890A2D5010012225CC57BF01F4EA8CCA87A792FF35F00000A50CB4C0000"	"\Divisions\PD\Substation Houston\142637_AEP_Telecom So Millrsburg_PVID#13172"
"000000009598E9A20E04F041B38518182890A2D5010012225CC57BF01F4EA8CCA87A792FF35F0000309CC0FF0000"	"\Divisions\PD\Substation Houston\143809_Entergy_SCPS - Little Gypsy"
"000000009598E9A20E04F041B38518182890A2D5010012225CC57BF01F4EA8CCA87A792FF35F00004E16C3D50000"	"\Divisions\PD\Substation Houston\144444_Oncor_Midway Sub: Upg 69 Ln Term"
"000000009598E9A20E04F041B38518182890A2D5010012225CC57BF01F4EA8CCA87A792FF35F0000B2BA27140000"	"\Divisions\PD\Substation Houston\145689_Oncor_Allentown Swtch Dpu Rplc_WA#TBD"
"000000009598E9A20E04F041B38518182890A2D5010012225CC57BF01F4EA8CCA87A792FF35F0000B10731B60000"	"\Divisions\PD\Substation Houston\146193_Oncor_Graham Sw Upg Term EQ_WA#18T62007"
"000000009598E9A20E04F041B38518182890A2D5010012225CC57BF01F4EA8CCA87A792FF35F00011C66FF5B0000"	"\Divisions\PD\Substation Houston\147089_Oncor_Denton Drv Sw: 138 Term Add_WA# TBD"
"000000009598E9A20E04F041B38518182890A2D5010012225CC57BF01F4EA8CCA87A792FF35F000118DC9E680000"	"\Divisions\PD\Substation Houston\148498_Xcel Energy_Denver City - 115kV Bkr Rly Add"
"000000009598E9A20E04F041B38518182890A2D5010012225CC57BF01F4EA8CCA87A792FF35F0005C998870B0000"	"\Divisions\PD\Substation Houston\Ashby"
"000000009598E9A20E04F041B38518182890A2D50100A3DF33FCC9BD1644BD14FCA330AA978500001D7CA3730000"	"\Divisions\PD\Substation Houston\CLOSED_116005_Oncor_Bowman_10T62001_ADD AS ADDL PST\progress reports"
"000000009598E9A20E04F041B38518182890A2D501001953B16A689BCD4AA8FC82955DB27CB1000001C4BB9A0000"	"\Divisions\PD\Substation Houston\CLOSED_116741_Oncor_Hicks_12T62001\Oncor Order Forms\CCVT"
"000000009598E9A20E04F041B38518182890A2D50100A3DF33FCC9BD1644BD14FCA330AA978500001BF155230000"	"\Divisions\PD\Substation Houston\CLOSED_116769_Oncor_Central_Bluff_WA10T63008\10T63008 MATERIAL\DFR"
"000000009598E9A20E04F041B38518182890A2D50100A3DF33FCC9BD1644BD14FCA330AA978500001C8B202D0000"	"\Divisions\PD\Substation Houston\CLOSED_116857_Oncor_CREZ Newton_12T64101"
"000000009598E9A20E04F041B38518182890A2D50100E34BFE500669CD49AC2E27C6C54DE39D00000031495F0000"	"\Divisions\PD\Substation Houston\CLOSED_116940_Oncor_Dermott_WA11T63004\Line Traps and Tuners"
"000000009598E9A20E04F041B38518182890A2D50100A3DF33FCC9BD1644BD14FCA330AA978500001B87A65B0000"	"\Divisions\PD\Substation Houston\CLOSED_117132_TMPA"
"000000009598E9A20E04F041B38518182890A2D50100A3DF33FCC9BD1644BD14FCA330AA9785000015D9589A0000"	"\Divisions\PD\Substation Houston\CLOSED_118024_Oncor_Whitney_10T64077\117608_Oncor_Comanche_Peak_WA09T62112"
"000000009598E9A20E04F041B38518182890A2D50100A3DF33FCC9BD1644BD14FCA330AA978500001D9044C40000"	"\Divisions\PD\Substation Houston\CLOSED_119866_Oncor_Venus_WA11T65208\EMT Orders"
"000000009598E9A20E04F041B38518182890A2D50100A3DF33FCC9BD1644BD14FCA330AA978500001D910A820000"	"\Divisions\PD\Substation Houston\CLOSED_119956_Oncor_Temple_11T64114_ADD TO PST\EMT Confirmations"
"000000009598E9A20E04F041B38518182890A2D50100A3DF33FCC9BD1644BD14FCA330AA978500001D918A840000"	"\Divisions\PD\Substation Houston\CLOSED_120157_Oncor_Com Pk_10T62233_ADD TO PST\In-Service-Completion Report"
"000000009598E9A20E04F041B38518182890A2D50100A3DF33FCC9BD1644BD14FCA330AA978500001D9561F60000"	"\Divisions\PD\Substation Houston\CLOSED_120468_Oncor_Cedar Hill_11T65217_ADD TO PST\FAR Report"
"000000009598E9A20E04F041B38518182890A2D50100E34BFE500669CD49AC2E27C6C54DE39D000000383EAD0000"	"\Divisions\PD\Substation Houston\CLOSED_121148_Oncor_Graham_Auto_Replace_WA11T62228"
"000000009598E9A20E04F041B38518182890A2D501001953B16A689BCD4AA8FC82955DB27CB10000017095BD0000"	"\Divisions\PD\Substation Houston\CLOSED_122533_Oncor_Hutto_WA11T64146\Fused Disc Switch"
"000000009598E9A20E04F041B38518182890A2D50100A3DF33FCC9BD1644BD14FCA330AA97850000170618C50000"	"\Divisions\PD\Substation Houston\CLOSED_123827_Oncor_Lake_Wichita_12T62211"
"000000009598E9A20E04F041B38518182890A2D501001953B16A689BCD4AA8FC82955DB27CB1000001B31FD90000"	"\Divisions\PD\Substation Houston\CLOSED_124606_Xcel_Energy_Amarillo_South"
"000000009598E9A20E04F041B38518182890A2D501001953B16A689BCD4AA8FC82955DB27CB1000001E823AF0000"	"\Divisions\PD\Substation Houston\CLOSED_125062_Oncor_Everman_Sw_12T62232"
"000000009598E9A20E04F041B38518182890A2D50100A3DF33FCC9BD1644BD14FCA330AA978500001706DC010000"	"\Divisions\PD\Substation Houston\CLOSED_126640_138kV_Southwest_Orla_Poi_WA12T63166"
"000000009598E9A20E04F041B38518182890A2D50100A3DF33FCC9BD1644BD14FCA330AA97850000197DE8070000"	"\Divisions\PD\Substation Houston\CLOSED_129647_Xcel_Cunningham_DFR"
"000000009598E9A20E04F041B38518182890A2D50100E34BFE500669CD49AC2E27C6C54DE39D0000001ABFBF0000"	"\Divisions\PD\Substation Houston\Oncor-Elgin\Reactors"
"000000009598E9A20E04F041B38518182890A2D5010012225CC57BF01F4EA8CCA87A792FF35F0000B7D8B1FB0000"	"\Divisions\PD\Substation Kansas City"
"000000009598E9A20E04F041B38518182890A2D50100A3DF33FCC9BD1644BD14FCA330AA978500002675B14E0000"	"\Divisions\PD\Substation Oradell\139584 - Eversource Greenwich"
"000000009598E9A20E04F041B38518182890A2D501006C95E27D1ACA634AA1AADC20796388DD000000D9F2FB0000"	"\Divisions\PD\Substation Orlando"
"000000009598E9A20E04F041B38518182890A2D50100A3DF33FCC9BD1644BD14FCA330AA978500001FA4F82F0000"	"\Divisions\PD\Substation Orlando\136166 DEF-SUWANEE NEW 115 T SUB"
"000000009598E9A20E04F041B38518182890A2D5010012225CC57BF01F4EA8CCA87A792FF35F00035F4DE0150000"	"\Divisions\PD\Substation Overland Park"
"000000009598E9A20E04F041B38518182890A2D50100A3DF33FCC9BD1644BD14FCA330AA978500001D3C11EA0000"	"\Divisions\PD\Substation Phoenix\133538 TEP Cogenra Design Type 2"
"000000009598E9A20E04F041B38518182890A2D5010012225CC57BF01F4EA8CCA87A792FF35F00005187CB960000"	"\Divisions\PD\Substation Phoenix\144000 TEP 15MVAC PV"
"000000009598E9A20E04F041B38518182890A2D5010012225CC57BF01F4EA8CCA87A792FF35F0001BFA13D290000"	"\Divisions\PD\Substation Phoenix\152987 S. Georgia-Fiber Bld Out Comm"
"000000009598E9A20E04F041B38518182890A2D5010012225CC57BF01F4EA8CCA87A792FF35F00025CA6B6090000"	"\Divisions\PD\Substation Phoenix\155037 BUSHLAND FIBER RING"
"000000009598E9A20E04F041B38518182890A2D5010012225CC57BF01F4EA8CCA87A792FF35F00030DAD07700000"	"\Divisions\PD\Substation Phoenix\160912 P-MOFFAT RTU"
"000000009598E9A20E04F041B38518182890A2D5010064CEE54672FD844491A13B5C6CAEE87D0000002AB1C50000"	"\Divisions\PD\Substation Portland\117609-P'Corp_Bingham Substation"
"000000009598E9A20E04F041B38518182890A2D5010064CEE54672FD844491A13B5C6CAEE87D0000002F1E920000"	"\Divisions\PD\Substation Portland\119532_P'Corp_DJohnson Unit 3 Tie Line"
"000000009598E9A20E04F041B38518182890A2D5010064CEE54672FD844491A13B5C6CAEE87D000000309DE80000"	"\Divisions\PD\Substation Portland\120391_P'Corp_Dave_Johnston_Line_B28"
"000000009598E9A20E04F041B38518182890A2D5010064CEE54672FD844491A13B5C6CAEE87D0000003652630000"	"\Divisions\PD\Substation Portland\121092_BPA_LITTLEGOOSE_RAS_LLL"
"000000009598E9A20E04F041B38518182890A2D5010064CEE54672FD844491A13B5C6CAEE87D0000003940510000"	"\Divisions\PD\Substation Portland\121692_PCORP_CROYDEN_SUBSTATION"
"000000009598E9A20E04F041B38518182890A2D5010064CEE54672FD844491A13B5C6CAEE87D00000039FFD70000"	"\Divisions\PD\Substation Portland\121973_P_PARKER_345KV_CV_6800"
"000000009598E9A20E04F041B38518182890A2D5010064CEE54672FD844491A13B5C6CAEE87D0000003BBD020000"	"\Divisions\PD\Substation Portland\122174_PONDERSON_TO_HOUSTON_LAKE_LINE_PERMITTING"
"000000009598E9A20E04F041B38518182890A2D50100CB7D9B6512D7374A860FE542D577039200000113CD3B0000"	"\Divisions\PD\Substation Portland\122709_P'Corp_Hemingway"
"000000009598E9A20E04F041B38518182890A2D50100CB7D9B6512D7374A860FE542D57703920000011BB8E90000"	"\Divisions\PD\Substation Portland\122881_P'CORP_MALIN_REPL_BRKR_11L2"
"000000009598E9A20E04F041B38518182890A2D501001953B16A689BCD4AA8FC82955DB27CB1000000D204880000"	"\Divisions\PD\Substation Portland\123710 BPA Celilo Uprate Project"
"000000009598E9A20E04F041B38518182890A2D501001953B16A689BCD4AA8FC82955DB27CB10000011C7E970000"	"\Divisions\PD\Substation Portland\124011 P'CORP NERC LN RATNGS ENG 2011"
"000000009598E9A20E04F041B38518182890A2D501001953B16A689BCD4AA8FC82955DB27CB10000016CE20E0000"	"\Divisions\PD\Substation Portland\124172 P'CORP NERC LN (BB06CA) RATING"
"000000009598E9A20E04F041B38518182890A2D501001953B16A689BCD4AA8FC82955DB27CB1000001BB87BA0000"	"\Divisions\PD\Substation Portland\124527 P'CORP NERC LINE B37 RATINGS"
"000000009598E9A20E04F041B38518182890A2D50100A3DF33FCC9BD1644BD14FCA330AA978500000E8F37650000"	"\Divisions\PD\Substation Portland\125152 - PCORP - Beck Street to Capitol 46kV Line"
"000000009598E9A20E04F041B38518182890A2D50100A3DF33FCC9BD1644BD14FCA330AA97850000159CE2870000"	"\Divisions\PD\Substation Portland\125888 P'CORP STANDPIPE SUB CIVIL"
"000000009598E9A20E04F041B38518182890A2D50100A3DF33FCC9BD1644BD14FCA330AA9785000016F751270000"	"\Divisions\PD\Substation Portland\126551 P'CORP NERC LN B04 RATINGS"
"000000009598E9A20E04F041B38518182890A2D50100A3DF33FCC9BD1644BD14FCA330AA978500001704852C0000"	"\Divisions\PD\Substation Portland\126605 P'CORP NERC LN BB06 RATING"
"000000009598E9A20E04F041B38518182890A2D50100A3DF33FCC9BD1644BD14FCA330AA97850000175BF03C0000"	"\Divisions\PD\Substation Portland\127479 PSC OF NM JUAN SS BUS SYSTEM"
"000000009598E9A20E04F041B38518182890A2D50100A3DF33FCC9BD1644BD14FCA330AA978500001777C0830000"	"\Divisions\PD\Substation Portland\127697 VICCO STATION PVID 34612"
"000000009598E9A20E04F041B38518182890A2D50100A3DF33FCC9BD1644BD14FCA330AA9785000017E4633A0000"	"\Divisions\PD\Substation Portland\128153 BPA ECHO LAKE 500KV RAS LLL"
"000000009598E9A20E04F041B38518182890A2D50100A3DF33FCC9BD1644BD14FCA330AA97850000189A7C5E0000"	"\Divisions\PD\Substation Portland\128681 P'CORP GOSHEN SUBST - 345KV"
"000000009598E9A20E04F041B38518182890A2D50100A3DF33FCC9BD1644BD14FCA330AA9785000018DFE64C0000"	"\Divisions\PD\Substation Portland\129130 BPA TAFT 500KV BFR REPL"
"000000009598E9A20E04F041B38518182890A2D50100A3DF33FCC9BD1644BD14FCA330AA97850000197AAAA10000"	"\Divisions\PD\Substation Portland\129676 CIRCLEVILLE RMVL PVID 33883"
"000000009598E9A20E04F041B38518182890A2D50100A3DF33FCC9BD1644BD14FCA330AA9785000019A668080000"	"\Divisions\PD\Substation Portland\130233 GEC-CDEGS GROUND-SIGURD-RED"
"000000009598E9A20E04F041B38518182890A2D50100A3DF33FCC9BD1644BD14FCA330AA978500001A0463C80000"	"\Divisions\PD\Substation Portland\130663 BPA SUMMER LAKE SER/SCADA REPL"
"000000009598E9A20E04F041B38518182890A2D50100A3DF33FCC9BD1644BD14FCA330AA978500001AB784490000"	"\Divisions\PD\Substation Portland\131425 P'CORP D-R 2013-02 DXNVLE45127"
"000000009598E9A20E04F041B38518182890A2D50100A3DF33FCC9BD1644BD14FCA330AA978500001B290A290000"	"\Divisions\PD\Substation Portland\131852 P ENNIS CK-138KV EMGCY CAPS"
"000000009598E9A20E04F041B38518182890A2D50100A3DF33FCC9BD1644BD14FCA330AA978500001B85498D0000"	"\Divisions\PD\Substation Portland\132303 P'CORP MERIDIAN RELAY REPL"
"000000009598E9A20E04F041B38518182890A2D50100A3DF33FCC9BD1644BD14FCA330AA978500001C12A19B0000"	"\Divisions\PD\Substation Portland\132779 P'CORP D-R 2013-07 LONE PINE"
"000000009598E9A20E04F041B38518182890A2D50100A3DF33FCC9BD1644BD14FCA330AA97850000230446260000"	"\Divisions\PD\Substation Portland\133123 P PARKDALE--REPLACE CB 260&550\Procurement"
"000000009598E9A20E04F041B38518182890A2D50100A3DF33FCC9BD1644BD14FCA330AA978500001D6611E90000"	"\Divisions\PD\Substation Portland\133710 HAZARD STATION PVID 34611"
"000000009598E9A20E04F041B38518182890A2D50100A3DF33FCC9BD1644BD14FCA330AA978500001DB165990000"	"\Divisions\PD\Substation Portland\134233 P'CORP RED BUTTE RTDS TEST"
"000000009598E9A20E04F041B38518182890A2D50100A3DF33FCC9BD1644BD14FCA330AA978500001DF508D40000"	"\Divisions\PD\Substation Portland\134688 NUECES ELECTRIC COOP"
"000000009598E9A20E04F041B38518182890A2D50100A3DF33FCC9BD1644BD14FCA330AA978500001E30205E0000"	"\Divisions\PD\Substation Portland\134948 P'CORP MALIN GRND ANALYSIS"
"000000009598E9A20E04F041B38518182890A2D50100A3DF33FCC9BD1644BD14FCA330AA978500001EC7B19A0000"	"\Divisions\PD\Substation Portland\135350 P EULESS SUB: REBLD SUB"
"000000009598E9A20E04F041B38518182890A2D50100A3DF33FCC9BD1644BD14FCA330AA978500001F11FC5B0000"	"\Divisions\PD\Substation Portland\135744 P EDDY SUB 69 CAP ADD"
"000000009598E9A20E04F041B38518182890A2D50100A3DF33FCC9BD1644BD14FCA330AA978500001F7EC0B30000"	"\Divisions\PD\Substation Portland\136028 BPA RAYMOND 115 KV RELAY REPL"
"000000009598E9A20E04F041B38518182890A2D50100A3DF33FCC9BD1644BD14FCA330AA978500002052776B0000"	"\Divisions\PD\Substation Portland\136386 HUTCHINSON RELAY REPLACEMENT"
"000000009598E9A20E04F041B38518182890A2D50100A3DF33FCC9BD1644BD14FCA330AA97850000218D26780000"	"\Divisions\PD\Substation Portland\137359 P'CORP UNION GAP PHYS D-R"
"000000009598E9A20E04F041B38518182890A2D50100A3DF33FCC9BD1644BD14FCA330AA9785000022267F1B0000"	"\Divisions\PD\Substation Portland\137915 P'CORP OLD MILL SOLAR"
"000000009598E9A20E04F041B38518182890A2D50100A3DF33FCC9BD1644BD14FCA330AA97850000230D0E650000"	"\Divisions\PD\Substation Portland\138609 MARKET ST-69KV SUBSTATION DEMO"
"000000009598E9A20E04F041B38518182890A2D50100A3DF33FCC9BD1644BD14FCA330AA9785000024268D7E0000"	"\Divisions\PD\Substation Portland\139138 P'CORP BERYL SOLAR Q475 C-S"
"000000009598E9A20E04F041B38518182890A2D50100A3DF33FCC9BD1644BD14FCA330AA97850000242D1D9B0000"	"\Divisions\PD\Substation Portland\139381 P RENNER SWTCH: RPLC AUTO #1"
"000000009598E9A20E04F041B38518182890A2D50100A3DF33FCC9BD1644BD14FCA330AA97850000258EB6BB0000"	"\Divisions\PD\Substation Portland\139871 P'CORP SAM'S VALLEY PHOTO SIMS"
"000000009598E9A20E04F041B38518182890A2D50100A3DF33FCC9BD1644BD14FCA330AA978500002709297D0000"	"\Divisions\PD\Substation Portland\140409 P'CORP DJ UNIT 3 AS BUILTS"
"000000009598E9A20E04F041B38518182890A2D50100A3DF33FCC9BD1644BD14FCA330AA9785000027BEE6790000"	"\Divisions\PD\Substation Portland\140812 P'CORP VILAS ROAD SUB"
"000000009598E9A20E04F041B38518182890A2D50100A3DF33FCC9BD1644BD14FCA330AA9785000028D9CD8A0000"	"\Divisions\PD\Substation Portland\141233 OPOSSUM CREEK P14103008"
"000000009598E9A20E04F041B38518182890A2D50100F3BCE3A574023B4482F2E427B5A3121800004EBDD6760000"	"\Divisions\PD\Substation Portland\141540 PGE SUNSET 13KV CAP BANK"
"000000009598E9A20E04F041B38518182890A2D50100A3DF33FCC9BD1644BD14FCA330AA978500002AAAC80E0000"	"\Divisions\PD\Substation Portland\141996 P TRINIDAD SWTCHYARD:JEWETT LN"
"000000009598E9A20E04F041B38518182890A2D50100A3DF33FCC9BD1644BD14FCA330AA978500002BDFE9420000"	"\Divisions\PD\Substation Portland\142493 PGE HARBORTON PHASE II-III"
"000000009598E9A20E04F041B38518182890A2D50100A3DF33FCC9BD1644BD14FCA330AA978500002C37814F0000"	"\Divisions\PD\Substation Portland\142895 P WEST NETWORK CNVRT RLY-FIBER"
"000000009598E9A20E04F041B38518182890A2D50100A3DF33FCC9BD1644BD14FCA330AA978500002D7511E30000"	"\Divisions\PD\Substation Portland\143122 P DENTON DRIVE RPLC FEEDER RLY"
"000000009598E9A20E04F041B38518182890A2D5010012225CC57BF01F4EA8CCA87A792FF35F00000F57EAF90000"	"\Divisions\PD\Substation Portland\143518 WHITEMARSH 6669"
"000000009598E9A20E04F041B38518182890A2D5010012225CC57BF01F4EA8CCA87A792FF35F00002D5DDDAB0000"	"\Divisions\PD\Substation Portland\143937 P'CORP NEW DESCHUTES CONST SUP"
"000000009598E9A20E04F041B38518182890A2D5010012225CC57BF01F4EA8CCA87A792FF35F00003945D1880000"	"\Divisions\PD\Substation Portland\144157 P STEPHENVILLE CB3670&3730"
"000000009598E9A20E04F041B38518182890A2D5010012225CC57BF01F4EA8CCA87A792FF35F000072BD7BCE0000"	"\Divisions\PD\Substation Portland\145011 P IRVING NORTH RTU RPLC"
"000000009598E9A20E04F041B38518182890A2D5010012225CC57BF01F4EA8CCA87A792FF35F0000A56624DB0000"	"\Divisions\PD\Substation Portland\146088 6652 CHICHESTER"
"000000009598E9A20E04F041B38518182890A2D5010012225CC57BF01F4EA8CCA87A792FF35F0000CF77BD960000"	"\Divisions\PD\Substation Portland\146733 HAZARD CB/XF REPL A15702041"
"000000009598E9A20E04F041B38518182890A2D5010012225CC57BF01F4EA8CCA87A792FF35F0000FD2CBF240000"	"\Divisions\PD\Substation Portland\147858 UNIVERSITY FIBER ADDITION"
"000000009598E9A20E04F041B38518182890A2D5010012225CC57BF01F4EA8CCA87A792FF35F000118DC9E620000"	"\Divisions\PD\Substation Portland\148535 P'CORP KLAMATH COGEN NERC PRC"
"000000009598E9A20E04F041B38518182890A2D5010012225CC57BF01F4EA8CCA87A792FF35F0001474FC4790000"	"\Divisions\PD\Substation Portland\149116 ITMANN STN P16057006"
"000000009598E9A20E04F041B38518182890A2D5010012225CC57BF01F4EA8CCA87A792FF35F000262142F7F0000"	"\Divisions\PD\Substation Portland\154537_Xcel_BOOK_TAM"
"000000009598E9A20E04F041B38518182890A2D5010064CEE54672FD844491A13B5C6CAEE87D00000034EB170000"	"\Divisions\PD\Substation Portland\PacifiCorp Cad Coordination\P&C\Drating comments from Hurley\WINDSTAR (Black Hills interconnect P&C Review 3)"
"000000009598E9A20E04F041B38518182890A2D5010064CEE54672FD844491A13B5C6CAEE87D000000309DA50000"	"\Divisions\PD\Substation Portland\PacifiCorp Cad Coordination\Physical\qc process"
"000000009598E9A20E04F041B38518182890A2D501006C95E27D1ACA634AA1AADC20796388DD000000B408060000"	"\Divisions\PD\Substation Portland\PacifiCorp Thermal Energy\Glenrock"
"000000009598E9A20E04F041B38518182890A2D5010064CEE54672FD844491A13B5C6CAEE87D000000081A790000"	"\Divisions\PD\Substation Portland\Tomball Substation\Drawing Issue and Approval"
"000000009598E9A20E04F041B38518182890A2D5010064CEE54672FD844491A13B5C6CAEE87D000000081A770000"	"\Divisions\PD\Substation Portland\Tomball Substation\Sag and Tension"
"000000009598E9A20E04F041B38518182890A2D50100572FF007A7D6B64CA96E5CFE8E1CC1A40000004B9E7F0000"	"\Divisions\PD\Substation San Diego\_DMS Upload\114394 2008 CAD Support1"
"000000009598E9A20E04F041B38518182890A2D50100572FF007A7D6B64CA96E5CFE8E1CC1A400000019357F0000"	"\Divisions\PD\Substation San Diego\_DMS Upload\118063 SDG&E Oil Containment\Capistrano"
"000000009598E9A20E04F041B38518182890A2D50100A3DF33FCC9BD1644BD14FCA330AA978500001BE9FEB90000"	"\Divisions\PD\Substation San Diego\_DRAFTER INFO\_CBM_INFO"
"000000009598E9A20E04F041B38518182890A2D50100A3DF33FCC9BD1644BD14FCA330AA978500001EAB2DDC0000"	"\Divisions\PD\Substation San Diego\_Pruett"
"000000009598E9A20E04F041B38518182890A2D50100572FF007A7D6B64CA96E5CFE8E1CC1A400000034E40E0000"	"\Divisions\PD\Substation San Diego\119562 Areva Fixed Series Cap Support"
"000000009598E9A20E04F041B38518182890A2D50100572FF007A7D6B64CA96E5CFE8E1CC1A400000058787B0000"	"\Divisions\PD\Substation San Diego\121510_Barton_Chapel"
"000000009598E9A20E04F041B38518182890A2D50100A3DF33FCC9BD1644BD14FCA330AA9785000016B14FE10000"	"\Divisions\PD\Substation San Diego\122396 AEP Inez\IFC & IFR Comments"
"000000009598E9A20E04F041B38518182890A2D501001953B16A689BCD4AA8FC82955DB27CB1000001679CEA0000"	"\Divisions\PD\Substation San Diego\123055 SD KNWD Repl OCB Inst SCADA\Foundation"
"000000009598E9A20E04F041B38518182890A2D501001953B16A689BCD4AA8FC82955DB27CB1000001841E3D0000"	"\Divisions\PD\Substation San Diego\124189 BWP Clybourn Subsation"
"000000009598E9A20E04F041B38518182890A2D50100A3DF33FCC9BD1644BD14FCA330AA97850000165F7D980000"	"\Divisions\PD\Substation San Diego\125802 Socre Trans Eng Serv"
"000000009598E9A20E04F041B38518182890A2D50100A3DF33FCC9BD1644BD14FCA330AA97850000177D67E60000"	"\Divisions\PD\Substation San Diego\127738 TEP Amonix UASTP"
"000000009598E9A20E04F041B38518182890A2D50100A3DF33FCC9BD1644BD14FCA330AA978500001927857B0000"	"\Divisions\PD\Substation San Diego\129249 CBM Merchant"
"000000009598E9A20E04F041B38518182890A2D50100A3DF33FCC9BD1644BD14FCA330AA9785000019BBB6680000"	"\Divisions\PD\Substation San Diego\130445 CBM AS-BUILTS ELLIOT"
"000000009598E9A20E04F041B38518182890A2D50100A3DF33FCC9BD1644BD14FCA330AA978500001F29F27C0000"	"\Divisions\PD\Substation San Diego\131935 Fort McMurray West"
"000000009598E9A20E04F041B38518182890A2D50100A3DF33FCC9BD1644BD14FCA330AA978500001C1242B30000"	"\Divisions\PD\Substation San Diego\132744 BESS"
"000000009598E9A20E04F041B38518182890A2D50100A3DF33FCC9BD1644BD14FCA330AA978500001DE1D4BC0000"	"\Divisions\PD\Substation San Diego\134708 IID BESS"
"000000009598E9A20E04F041B38518182890A2D50100A3DF33FCC9BD1644BD14FCA330AA978500001F03F7210000"	"\Divisions\PD\Substation San Diego\135664 SDG&E T3/E3 Eng Support - Trans"
"000000009598E9A20E04F041B38518182890A2D50100F3BCE3A574023B4482F2E427B5A3121800004D8D1A350000"	"\Divisions\PD\Substation San Diego\136804 SDG&E GCB AB Services"
"000000009598E9A20E04F041B38518182890A2D50100A3DF33FCC9BD1644BD14FCA330AA9785000022CF03310000"	"\Divisions\PD\Substation San Diego\138499 SCE Center 66kV Coord Stdy"
"000000009598E9A20E04F041B38518182890A2D50100A3DF33FCC9BD1644BD14FCA330AA97850000239D1E860000"	"\Divisions\PD\Substation San Diego\139008 CBM AB Melrose"
"000000009598E9A20E04F041B38518182890A2D50100A3DF33FCC9BD1644BD14FCA330AA978500002863FE110000"	"\Divisions\PD\Substation San Diego\141089 P'Corp Agate Bay Solar Collstn"
"000000009598E9A20E04F041B38518182890A2D50100A3DF33FCC9BD1644BD14FCA330AA978500002D7ADC530000"	"\Divisions\PD\Substation San Diego\142606 SDG&E PROJECT COORD-DRAWNG MGMT1"
"000000009598E9A20E04F041B38518182890A2D5010012225CC57BF01F4EA8CCA87A792FF35F00026A63990D0000"	"\Divisions\PD\Substation San Diego\152425 & 152426 Refugio Projects MLSE"
"000000009598E9A20E04F041B38518182890A2D5010012225CC57BF01F4EA8CCA87A792FF35F0004E1D47F4D0000"	"\Divisions\PD\Substation St. Louis\Substation Calendar"
"000000009598E9A20E04F041B38518182890A2D5010012225CC57BF01F4EA8CCA87A792FF35F00057CE5365F0000"	"\Divisions\PD\Veh. #375\truck\work truck"
"000000009598E9A20E04F041B38518182890A2D50100A3DF33FCC9BD1644BD14FCA330AA9785000017156BD40000"	"\Divisions\Telecom\CenturyLink\MN,ND,SD,IA,NE"
"000000009598E9A20E04F041B38518182890A2D501001953B16A689BCD4AA8FC82955DB27CB1000001EBE82D0000"	"\International\Ubungo\Internet Newsgroups"
"000000009598E9A20E04F041B38518182890A2D501001296C725372D7F4B86B758A22EA3141B000000635F230000"	"\zApplications"
"000000009598E9A20E04F041B38518182890A2D5010012225CC57BF01F4EA8CCA87A792FF35F000117D40FED0000"	"\zApplications\BOI Advanced Technology Lab\BOI Advanced Technology Lab"
"000000009598E9A20E04F041B38518182890A2D5010012225CC57BF01F4EA8CCA87A792FF35F00078C6033F10000"	"\zApplications\CDEGS Users\Calendar\CDEGS"
"000000009598E9A20E04F041B38518182890A2D501001296C725372D7F4B86B758A22EA3141B0000003E32D40000"	"\zApplications\ETAP Users\ETAP Calendar"
"000000009598E9A20E04F041B38518182890A2D5010012225CC57BF01F4EA8CCA87A792FF35F000490EC34520000"	"\zApplications\Polaris"
"000000009598E9A20E04F041B38518182890A2D5010012225CC57BF01F4EA8CCA87A792FF35F00067A9AF2140000"	"\zApplications\TM-OHL-0018-PTL"
