"EntryId"	"Identity"
"000000009598E9A20E04F041B38518182890A2D5010012225CC57BF01F4EA8CCA87A792FF35F00061D7E8E670000"	"\Divisions\ENV\ENV Leadership"
"000000009598E9A20E04F041B38518182890A2D501001953B16A689BCD4AA8FC82955DB27CB1000000E362500000"	"\Divisions\ENV\Environmental Anaheim\115245 BARREN RDG-EIR/EIS TA 01\EIS\NOA"
"000000009598E9A20E04F041B38518182890A2D50100CB7D9B6512D7374A860FE542D577039200000113CD760000"	"\Divisions\ENV\Environmental Anaheim\115245 BARREN RDG-EIR/EIS TA 01\EIS\Team Contact Info"
"000000009598E9A20E04F041B38518182890A2D501006C95E27D1ACA634AA1AADC20796388DD00000094ADA40000"	"\Divisions\ENV\Environmental Anaheim\115245 BARREN RDG-EIR/EIS TA 01\Public Involvement\LA City Mayor"
"000000009598E9A20E04F041B38518182890A2D501006C95E27D1ACA634AA1AADC20796388DD000000E9F3D60000"	"\Divisions\ENV\Environmental Anaheim\115245 BARREN RDG-EIR/EIS TA 01\Resources\Fire"
"000000009598E9A20E04F041B38518182890A2D50100572FF007A7D6B64CA96E5CFE8E1CC1A40000002130EE0000"	"\Divisions\ENV\Environmental Anaheim\118148 PACIFICORP-MT SHASTA SITE ASSESSMENT"
"000000009598E9A20E04F041B38518182890A2D501006C95E27D1ACA634AA1AADC20796388DD000000EE1B2F0000"	"\Divisions\ENV\Environmental Anaheim\118242 HAIWEE GEOTHERMAL LEASING EIS\Management\Contract\Modification 002\Modification 003"
"000000009598E9A20E04F041B38518182890A2D50100572FF007A7D6B64CA96E5CFE8E1CC1A4000000235F780000"	"\Divisions\ENV\Environmental Anaheim\118351 TA10 BRRTP WILDFIRE/FUELS MGMT"
"000000009598E9A20E04F041B38518182890A2D50100572FF007A7D6B64CA96E5CFE8E1CC1A4000000314E0D0000"	"\Divisions\ENV\Environmental Anaheim\119381 TA49 CASTAIC CRK - BIO ASSESS"
"000000009598E9A20E04F041B38518182890A2D50100A3DF33FCC9BD1644BD14FCA330AA9785000016013C110000"	"\Divisions\ENV\Environmental Anaheim\121160"
"000000009598E9A20E04F041B38518182890A2D50100A3DF33FCC9BD1644BD14FCA330AA978500001FE71D790000"	"\Divisions\ENV\Environmental Anaheim\122512 RRG MESA SOLAR CEQA CONSULTANT\Resources\Cultural"
"000000009598E9A20E04F041B38518182890A2D50100A3DF33FCC9BD1644BD14FCA330AA978500001F0426960000"	"\Divisions\ENV\Environmental Anaheim\124278 RRG BLYTHE II SOLAR PROJ EIR RRG BLYTHE II SOLAR PROJ EIR\Jensen emails\Blythe Mesa"
"000000009598E9A20E04F041B38518182890A2D50100A3DF33FCC9BD1644BD14FCA330AA9785000016DB86940000"	"\Divisions\ENV\Environmental Anaheim\125024 TA26 BRRTP FEIS/EIR TASKS\Management\Schedule"
"000000009598E9A20E04F041B38518182890A2D50100A3DF33FCC9BD1644BD14FCA330AA97850000166C20810000"	"\Divisions\ENV\Environmental Anaheim\126320 TA14 CEL-SYL EMERGENCY REPAIR"
"000000009598E9A20E04F041B38518182890A2D50100A3DF33FCC9BD1644BD14FCA330AA9785000017E3E1DD0000"	"\Divisions\ENV\Environmental Anaheim\128152 - TA24 ADELANTO - BIO RSRC EVAL"
"000000009598E9A20E04F041B38518182890A2D50100A3DF33FCC9BD1644BD14FCA330AA978500001C65B6670000"	"\Divisions\ENV\Environmental Anaheim\130688 I10/AVENUE 50 INTERCHANGE PROJ"
"000000009598E9A20E04F041B38518182890A2D50100A3DF33FCC9BD1644BD14FCA330AA978500001F03925D0000"	"\Divisions\ENV\Environmental Anaheim\131636 TA39 PROCESS HZRD ANALYSIS RVW\TA 39 Process Hazard"
"000000009598E9A20E04F041B38518182890A2D50100A3DF33FCC9BD1644BD14FCA330AA978500001D7F050F0000"	"\Divisions\ENV\Environmental Anaheim\132897 CITY OF SANTA ANA CEQA ADDEND"
"000000009598E9A20E04F041B38518182890A2D50100A3DF33FCC9BD1644BD14FCA330AA978500001EEFBC8A0000"	"\Divisions\ENV\Environmental Anaheim\135528 COSO WATER PIPELINE PROJECT"
"000000009598E9A20E04F041B38518182890A2D50100A3DF33FCC9BD1644BD14FCA330AA9785000021C2D62D0000"	"\Divisions\ENV\Environmental Anaheim\137577 TA11 SCTTRGD-OLYMP CLTRL/PALEO"
"000000009598E9A20E04F041B38518182890A2D50100F3BCE3A574023B4482F2E427B5A3121800004D7BEFC90000"	"\Divisions\ENV\Environmental Anaheim\Anaheim Environmental"
"000000009598E9A20E04F041B38518182890A2D501006C95E27D1ACA634AA1AADC20796388DD00000064FEB50000"	"\Divisions\ENV\Environmental Anaheim\BRRTP@powereng.com Email ONLY\Responses"
"000000009598E9A20E04F041B38518182890A2D501001953B16A689BCD4AA8FC82955DB27CB1000001C2308B0000"	"\Divisions\ENV\Environmental Austin\124087 Atkins_Centerpoint_Fayette to Zenith"
"000000009598E9A20E04F041B38518182890A2D50100A3DF33FCC9BD1644BD14FCA330AA9785000019A8A2950000"	"\Divisions\ENV\Environmental Austin\130258 Sharyland Golden Spread to LS04"
"000000009598E9A20E04F041B38518182890A2D501006C95E27D1ACA634AA1AADC20796388DD0000001A43A00000"	"\Divisions\ENV\Environmental Boise\00_Upload to DMS"
"000000009598E9A20E04F041B38518182890A2D50100A3DF33FCC9BD1644BD14FCA330AA978500001F20304C0000"	"\Divisions\ENV\Environmental Boise\114809 VANTAGE POMONA HTS SITING\FRN Package"
"000000009598E9A20E04F041B38518182890A2D50100A3DF33FCC9BD1644BD14FCA330AA97850000285DE8B50000"	"\Divisions\ENV\Environmental Boise\114809 VANTAGE POMONA HTS SITING\Meetings\State Office Briefing"
"000000009598E9A20E04F041B38518182890A2D501001953B16A689BCD4AA8FC82955DB27CB1000000F73FAD0000"	"\Divisions\ENV\Environmental Boise\114809 VANTAGE POMONA HTS SITING\Sarah_emails\Vantage Pomona\Data_Received\EIS Work"
"000000009598E9A20E04F041B38518182890A2D50100A3DF33FCC9BD1644BD14FCA330AA978500001FA6CDAB0000"	"\Divisions\ENV\Environmental Boise\114809 VANTAGE POMONA HTS SITING\SDEIS FINAL\Production"
"000000009598E9A20E04F041B38518182890A2D501001953B16A689BCD4AA8FC82955DB27CB1000000F5AB9E0000"	"\Divisions\ENV\Environmental Boise\115841 TransWestEnergy\Sarah_emails\TransWest\Forest Service Briefing"
"000000009598E9A20E04F041B38518182890A2D501001953B16A689BCD4AA8FC82955DB27CB1000000F5AB980000"	"\Divisions\ENV\Environmental Boise\115841 TransWestEnergy\Sarah_emails\TransWest\Railroad Route"
"000000009598E9A20E04F041B38518182890A2D50100A3DF33FCC9BD1644BD14FCA330AA978500001D6829350000"	"\Divisions\ENV\Environmental Boise\132155 PSE EASTSIDE 230 PROJECT"
"000000009598E9A20E04F041B38518182890A2D50100A3DF33FCC9BD1644BD14FCA330AA9785000025A7A2050000"	"\Divisions\ENV\Environmental Boise\139861 BERKSHIRE HATHAWAY"
"000000009598E9A20E04F041B38518182890A2D5010012225CC57BF01F4EA8CCA87A792FF35F00005F59D58E0000"	"\Divisions\ENV\Environmental Boise\144689 HOLLIER PHASE I ESA"
"000000009598E9A20E04F041B38518182890A2D50100A3DF33FCC9BD1644BD14FCA330AA9785000018CB0FA90000"	"\Divisions\ENV\Environmental Boise\Biology_Dept\101973 Biology\CindyLysne"
"000000009598E9A20E04F041B38518182890A2D501006C95E27D1ACA634AA1AADC20796388DD00000067EA680000"	"\Divisions\ENV\Environmental Boise\Biology_Dept\101973 Biology\Lisa Barko"
"000000009598E9A20E04F041B38518182890A2D501006C95E27D1ACA634AA1AADC20796388DD00000067EA6D0000"	"\Divisions\ENV\Environmental Boise\Biology_Dept\101973 Biology\Sent"
"000000009598E9A20E04F041B38518182890A2D501006C95E27D1ACA634AA1AADC20796388DD000000AAFD680000"	"\Divisions\ENV\Environmental Boise\Biology_Dept\Panoche"
"000000009598E9A20E04F041B38518182890A2D501006C95E27D1ACA634AA1AADC20796388DD0000006F9AC30000"	"\Divisions\ENV\Environmental Boise\GSA Contracts\ICE Costa Rica"
"000000009598E9A20E04F041B38518182890A2D50100A3DF33FCC9BD1644BD14FCA330AA978500001A37BE390000"	"\Divisions\ENV\Environmental Boise\Laptop upgrade\Haiwee"
"000000009598E9A20E04F041B38518182890A2D50100A3DF33FCC9BD1644BD14FCA330AA978500001BCF535A0000"	"\Divisions\ENV\Environmental Cincinnati\130760 THE PROCTOR & GAMBLE COMPANY - MSD SAMPLING 2013 - WHTC"
"000000009598E9A20E04F041B38518182890A2D50100A3DF33FCC9BD1644BD14FCA330AA978500001BD29D4A0000"	"\Divisions\ENV\Environmental Cincinnati\130794 METROPOLITAN SEWER DISTRICT - MSD I-75 CORRIDOR"
"000000009598E9A20E04F041B38518182890A2D50100A3DF33FCC9BD1644BD14FCA330AA978500001BCF53980000"	"\Divisions\ENV\Environmental Cincinnati\130828 EXCELLO FABRIC FINISHERS INC - EXCELLO FABRIC FINISHERS, INC"
"000000009598E9A20E04F041B38518182890A2D50100A3DF33FCC9BD1644BD14FCA330AA978500001BD1E1AF0000"	"\Divisions\ENV\Environmental Cincinnati\130861 HDR ENGINEERING INC - BUT-TR 138-2.36, PID 87088"
"000000009598E9A20E04F041B38518182890A2D50100A3DF33FCC9BD1644BD14FCA330AA978500001BD5D13F0000"	"\Divisions\ENV\Environmental Cincinnati\130914 KOKOSING CONSTRUCTION - PROJ COORD/PERMIT SPPRT, CADIZ"
"000000009598E9A20E04F041B38518182890A2D50100A3DF33FCC9BD1644BD14FCA330AA978500001BD26EE70000"	"\Divisions\ENV\Environmental Cincinnati\130994 SANOFI - SLLI AWP PHASE 600"
"000000009598E9A20E04F041B38518182890A2D50100A3DF33FCC9BD1644BD14FCA330AA978500001BD21FBE0000"	"\Divisions\ENV\Environmental Cincinnati\131097 SANOFI - SLLI SITE MGMT/MAINT-PHASE 16"
"000000009598E9A20E04F041B38518182890A2D50100A3DF33FCC9BD1644BD14FCA330AA978500001BD5D24D0000"	"\Divisions\ENV\Environmental Cincinnati\131134 POWER ENGINEERS INC - SUNNYSIDE SUBSTATION & T-LINE"
"000000009598E9A20E04F041B38518182890A2D50100A3DF33FCC9BD1644BD14FCA330AA978500001BCF2D5E0000"	"\Divisions\ENV\Environmental Cincinnati\131251 GIVAUDAN ROURE FLAVORS CORP - ACM SAMPLING/ANALYSIS-CARTHAGE"
"000000009598E9A20E04F041B38518182890A2D50100A3DF33FCC9BD1644BD14FCA330AA978500001BD1E2300000"	"\Divisions\ENV\Environmental Cincinnati\131271 CINCINNATI FIRE DEPARTMENT - CINCINNATI FIRE DEPT BAT SRVY"
"000000009598E9A20E04F041B38518182890A2D50100A3DF33FCC9BD1644BD14FCA330AA978500001BCDCC1A0000"	"\Divisions\ENV\Environmental Cincinnati\131553 NEAL ELECTRIC CORP - URBAN WATER GRANT"
"000000009598E9A20E04F041B38518182890A2D50100A3DF33FCC9BD1644BD14FCA330AA978500001BCF1C470000"	"\Divisions\ENV\Environmental Cincinnati\131757 CH2M HILL - PLANT-WIDE NOISE SURVEY"
"000000009598E9A20E04F041B38518182890A2D50100A3DF33FCC9BD1644BD14FCA330AA978500001BCF2D6B0000"	"\Divisions\ENV\Environmental Cincinnati\131999 UNITED STATES POSTAL SERVICE - USPS ASBESTOS AIR MONITORING"
"000000009598E9A20E04F041B38518182890A2D50100A3DF33FCC9BD1644BD14FCA330AA978500001BD27BEB0000"	"\Divisions\ENV\Environmental Cincinnati\132370 MARATHON PETROLEUM COMPANY LP - SITE REV MPL CANTON REFINERY"
"000000009598E9A20E04F041B38518182890A2D50100A3DF33FCC9BD1644BD14FCA330AA978500001BCBEB380000"	"\Divisions\ENV\Environmental Cincinnati\132710 LORENZ WILLIAMS INCORPORATED DAYTON INT'L AIRPORT"
"000000009598E9A20E04F041B38518182890A2D50100A3DF33FCC9BD1644BD14FCA330AA978500001C0F92BA0000"	"\Divisions\ENV\Environmental Cincinnati\132886 MONTGOMERY, CITY OF-PH I ESA"
"000000009598E9A20E04F041B38518182890A2D50100A3DF33FCC9BD1644BD14FCA330AA978500001CA3B59F0000"	"\Divisions\ENV\Environmental Cincinnati\133203 CH2M Hill-Bldg 703 UST & Closure"
"000000009598E9A20E04F041B38518182890A2D50100A3DF33FCC9BD1644BD14FCA330AA978500001D39A7E80000"	"\Divisions\ENV\Environmental Cincinnati\133554 THE PROCTER & GAMBLE COMPANY-MSD SAMPLING 2013-2014 WHTC"
"000000009598E9A20E04F041B38518182890A2D50100A3DF33FCC9BD1644BD14FCA330AA978500001D773A330000"	"\Divisions\ENV\Environmental Cincinnati\133714 ALCOA INC-BURN PIT BID PACKAGE SUPPORT"
"000000009598E9A20E04F041B38518182890A2D50100A3DF33FCC9BD1644BD14FCA330AA978500001DD0B2800000"	"\Divisions\ENV\Environmental Cincinnati\133891 SANOFI-SLLI PH 503-SLAG PILE PROCESSING"
"000000009598E9A20E04F041B38518182890A2D50100A3DF33FCC9BD1644BD14FCA330AA978500001DD0B1B80000"	"\Divisions\ENV\Environmental Cincinnati\134389 UNITED DAIRY FARMERS-GW 2NDQ 2014-KEMPER ROAD"
"000000009598E9A20E04F041B38518182890A2D50100A3DF33FCC9BD1644BD14FCA330AA978500001DEB8B7B0000"	"\Divisions\ENV\Environmental Cincinnati\134787 GIVAUDAN FLAVORS CORP-2014 IH MONITORING-DEVON FCLTY"
"000000009598E9A20E04F041B38518182890A2D50100A3DF33FCC9BD1644BD14FCA330AA978500001E4278360000"	"\Divisions\ENV\Environmental Cincinnati\135033 CH2M HILL-BLDG 700 CMC LAB ABATEMNT"
"000000009598E9A20E04F041B38518182890A2D50100A3DF33FCC9BD1644BD14FCA330AA978500001ED649970000"	"\Divisions\ENV\Environmental Cincinnati\135418 JEA-FULTON CUT TRANSMISSION"
"000000009598E9A20E04F041B38518182890A2D50100A3DF33FCC9BD1644BD14FCA330AA978500001F040B340000"	"\Divisions\ENV\Environmental Cincinnati\135666 UNITED DAIRY FARMERS-UDF 021 WATER DISCHARGE PERMIT"
"000000009598E9A20E04F041B38518182890A2D50100A3DF33FCC9BD1644BD14FCA330AA978500001F7F74080000"	"\Divisions\ENV\Environmental Cincinnati\136021 ALCOA INC-LAKE CHARLES SUPPORT"
"000000009598E9A20E04F041B38518182890A2D50100A3DF33FCC9BD1644BD14FCA330AA978500001FDEB4FF0000"	"\Divisions\ENV\Environmental Cincinnati\136206 RYBOLT HILLS INC.-FAR HILLS SUNOCO TIER 1"
"000000009598E9A20E04F041B38518182890A2D50100A3DF33FCC9BD1644BD14FCA330AA97850000201D00630000"	"\Divisions\ENV\Environmental Cincinnati\136439 MIAMI UNIVERSITY-PHASE I ESA FARMLAND, OH"
"000000009598E9A20E04F041B38518182890A2D50100A3DF33FCC9BD1644BD14FCA330AA97850000211DADB00000"	"\Divisions\ENV\Environmental Cincinnati\137080 ALCOA INC-PIT DEWATERING EVAL"
"000000009598E9A20E04F041B38518182890A2D50100A3DF33FCC9BD1644BD14FCA330AA9785000021B5953A0000"	"\Divisions\ENV\Environmental Cincinnati\137489 LB&B ASSOCIATES-PECK BLDG AIR SAMP MAILROOM"
"000000009598E9A20E04F041B38518182890A2D50100A3DF33FCC9BD1644BD14FCA330AA9785000021DC47BA0000"	"\Divisions\ENV\Environmental Cincinnati\137717 ALCOA INC-2015 SENTINEL SAMPLING"
"000000009598E9A20E04F041B38518182890A2D50100A3DF33FCC9BD1644BD14FCA330AA97850000226386A70000"	"\Divisions\ENV\Environmental Cincinnati\138120 FLOWSERVE CORPORATION-IEL CORR ACTION - GUELPH"
"000000009598E9A20E04F041B38518182890A2D50100A3DF33FCC9BD1644BD14FCA330AA9785000022D1534F0000"	"\Divisions\ENV\Environmental Cincinnati\138529 UNITED DAIRY FARMERS-UDF DESKTOP ENV REVIEW"
"000000009598E9A20E04F041B38518182890A2D50100A3DF33FCC9BD1644BD14FCA330AA97850000238238620000"	"\Divisions\ENV\Environmental Cincinnati\138912 UNITED DAIRY FARMERS-UDF 612 TIER 1 DELIN ADD TASKS"
"000000009598E9A20E04F041B38518182890A2D50100A3DF33FCC9BD1644BD14FCA330AA9785000024070D590000"	"\Divisions\ENV\Environmental Cincinnati\139233 PMC SPECIALTIES GROUP INC-SPECIAL WW SAMPLING 2015"
"000000009598E9A20E04F041B38518182890A2D50100A3DF33FCC9BD1644BD14FCA330AA9785000026E218F90000"	"\Divisions\ENV\Environmental Cincinnati\140580 NISOURCE-NIPSCO MONTICELLO 6971"
"000000009598E9A20E04F041B38518182890A2D50100A3DF33FCC9BD1644BD14FCA330AA97850000201E12E10000"	"\Divisions\ENV\Environmental Cincinnati\Telecom\CenturyLink"
"000000009598E9A20E04F041B38518182890A2D50100A3DF33FCC9BD1644BD14FCA330AA97850000170CDB0A0000"	"\Divisions\ENV\Environmental Freeport\00_DMS Upload"
"000000009598E9A20E04F041B38518182890A2D50100A3DF33FCC9BD1644BD14FCA330AA97850000170CDD9C0000"	"\Divisions\ENV\Environmental Freeport\126726 B&G FOODS NA-COMPL & PERMIT SVCS"
"000000009598E9A20E04F041B38518182890A2D50100A3DF33FCC9BD1644BD14FCA330AA9785000021E0EBFD0000"	"\Divisions\ENV\Environmental Freeport\137812 AEP-FARADAY-TAZWELL"
"000000009598E9A20E04F041B38518182890A2D5010012225CC57BF01F4EA8CCA87A792FF35F00018ED142130000"	"\Divisions\ENV\Environmental Freeport\151565_ENV_KEWANEE"
"000000009598E9A20E04F041B38518182890A2D50100A3DF33FCC9BD1644BD14FCA330AA978500002CBFF8810000"	"\Divisions\ENV\Environmental Freeport\CLOSED PROJECTS\128538 FRANKLIN MEMORIAL-AIR MODELING"
"000000009598E9A20E04F041B38518182890A2D50100A3DF33FCC9BD1644BD14FCA330AA978500001F2208850000"	"\Divisions\ENV\Environmental Freeport\CLOSED PROJECTS\132184 STRATTON LUMBER NESHAP ASSIST"
"000000009598E9A20E04F041B38518182890A2D50100A3DF33FCC9BD1644BD14FCA330AA97850000210F25C90000"	"\Divisions\ENV\Environmental Freeport\CLOSED PROJECTS\134689 BIGELOW CLOSURE PHASE II"
"000000009598E9A20E04F041B38518182890A2D50100A3DF33FCC9BD1644BD14FCA330AA97850000226EBC130000"	"\Divisions\ENV\Environmental Freeport\CLOSED PROJECTS\138229 NEW BALANCE-OIL SPCC PLAN UPDATES"
"000000009598E9A20E04F041B38518182890A2D50100A3DF33FCC9BD1644BD14FCA330AA9785000023FE8AE00000"	"\Divisions\ENV\Environmental Freeport\CLOSED PROJECTS\139203 FNST-MANCHESTER AIR TOXICS 2015"
"000000009598E9A20E04F041B38518182890A2D5010012225CC57BF01F4EA8CCA87A792FF35F000084D9B9F30000"	"\Divisions\ENV\Environmental Freeport\CLOSED PROJECTS\141432_FNST-LRM_TIER_2_CY2015"
"000000009598E9A20E04F041B38518182890A2D5010012225CC57BF01F4EA8CCA87A792FF35F00001ACFFD8F0000"	"\Divisions\ENV\Environmental Freeport\CLOSED PROJECTS\143702 ENV TULIP ROAD A11012040"
"000000009598E9A20E04F041B38518182890A2D5010012225CC57BF01F4EA8CCA87A792FF35F0000A00399CD0000"	"\Divisions\ENV\Environmental Freeport\CLOSED PROJECTS\145956_MAIBEC_LUMBER-TRI_FORM_R'16"
"000000009598E9A20E04F041B38518182890A2D5010012225CC57BF01F4EA8CCA87A792FF35F000129AAA8130000"	"\Divisions\ENV\Environmental Freeport\CLOSED PROJECTS\148991 MAIBEC LUMBER-T5 RENEWAL APP"
"000000009598E9A20E04F041B38518182890A2D5010012225CC57BF01F4EA8CCA87A792FF35F000170BE73C40000"	"\Divisions\ENV\Environmental Freeport\CLOSED PROJECTS\150734_VIBRACOUSTIC_CY2018"
"000000009598E9A20E04F041B38518182890A2D50100572FF007A7D6B64CA96E5CFE8E1CC1A4000000395FC60000"	"\Divisions\ENV\Environmental Freeport\Conferencing info."
"000000009598E9A20E04F041B38518182890A2D50100572FF007A7D6B64CA96E5CFE8E1CC1A4000000476AC20000"	"\Divisions\ENV\Environmental Hailey\114110 - AEL&P Avian Protection"
"000000009598E9A20E04F041B38518182890A2D50100572FF007A7D6B64CA96E5CFE8E1CC1A40000005957750000"	"\Divisions\ENV\Environmental Hailey\115841 - TWE"
"000000009598E9A20E04F041B38518182890A2D50100572FF007A7D6B64CA96E5CFE8E1CC1A40000004813160000"	"\Divisions\ENV\Environmental Hailey\117390 - BHP Teckla - Osage - Rapid City 230kV\Admin Record"
"000000009598E9A20E04F041B38518182890A2D50100A3DF33FCC9BD1644BD14FCA330AA978500001F1A09950000"	"\Divisions\ENV\Environmental Hailey\118092 - Jackrabbit\Camera_Ready_DEIS\Admin"
"000000009598E9A20E04F041B38518182890A2D50100A3DF33FCC9BD1644BD14FCA330AA9785000015F8F3120000"	"\Divisions\ENV\Environmental Hailey\121478 - Ben Lomond Substation"
"000000009598E9A20E04F041B38518182890A2D50100A3DF33FCC9BD1644BD14FCA330AA97850000195CFAAF0000"	"\Divisions\ENV\Environmental Hailey\124186_EGS\EGW data acquisition\Gas Line Data"
"000000009598E9A20E04F041B38518182890A2D50100A3DF33FCC9BD1644BD14FCA330AA978500002547F9B80000"	"\Divisions\ENV\Environmental Hailey\124186_EGS\Kirsten\LiDAR"
"000000009598E9A20E04F041B38518182890A2D501001953B16A689BCD4AA8FC82955DB27CB1000001B56FE10000"	"\Divisions\ENV\Environmental Hailey\124186_EGS\PeterCatchpole Communications"
"000000009598E9A20E04F041B38518182890A2D50100A3DF33FCC9BD1644BD14FCA330AA97850000172A7C900000"	"\Divisions\ENV\Environmental Hailey\124186_EGS\PPM\Sharepoint, DORY, Doc Uploads\DORY"
"000000009598E9A20E04F041B38518182890A2D50100A3DF33FCC9BD1644BD14FCA330AA97850000176897F10000"	"\Divisions\ENV\Environmental Hailey\124186_EGS\Screenshot Revisions for RMP"
"000000009598E9A20E04F041B38518182890A2D50100A3DF33FCC9BD1644BD14FCA330AA978500001F199A090000"	"\Divisions\ENV\Environmental Hailey\126564 - Bagby-Reed\EIS"
"000000009598E9A20E04F041B38518182890A2D50100A3DF33FCC9BD1644BD14FCA330AA978500001B7EF72F0000"	"\Divisions\ENV\Environmental Hailey\128143 - R-Project (NPPD)\Data"
"000000009598E9A20E04F041B38518182890A2D50100A3DF33FCC9BD1644BD14FCA330AA97850000194EAE8F0000"	"\Divisions\ENV\Environmental Hailey\129404 - Pine Valley"
"000000009598E9A20E04F041B38518182890A2D50100A3DF33FCC9BD1644BD14FCA330AA9785000021DBD6490000"	"\Divisions\ENV\Environmental Hailey\137748"
"000000009598E9A20E04F041B38518182890A2D50100E34BFE500669CD49AC2E27C6C54DE39D0000000AFCDC0000"	"\Divisions\ENV\Environmental Houston\00-DMS UPLOAD"
"000000009598E9A20E04F041B38518182890A2D50100A3DF33FCC9BD1644BD14FCA330AA97850000177B37790000"	"\Divisions\ENV\Environmental Houston\127921_AEP_Kenedy_SS_Pettus_69kV"
"000000009598E9A20E04F041B38518182890A2D50100A3DF33FCC9BD1644BD14FCA330AA978500001BD683200000"	"\Divisions\ENV\Environmental Knoxville\131258 MARATHON PETROLEUM COMPANY LP - SITE RVW - WEST POINT STATION"
"000000009598E9A20E04F041B38518182890A2D501006C95E27D1ACA634AA1AADC20796388DD000000BEB1490000"	"\Divisions\ENV\Environmental Phoenix"
"000000009598E9A20E04F041B38518182890A2D50100CB7D9B6512D7374A860FE542D57703920000011748080000"	"\Divisions\ENV\Environmental Phoenix\122737 Qwest_Trail Dust Rd Arch Survey"
"000000009598E9A20E04F041B38518182890A2D501001953B16A689BCD4AA8FC82955DB27CB100000165B4B10000"	"\Divisions\ENV\Environmental Phoenix\124316 TEP_Kolb Snyder Cult Res Sur"
"000000009598E9A20E04F041B38518182890A2D50100A3DF33FCC9BD1644BD14FCA330AA97850000177B53020000"	"\Divisions\ENV\Environmental Phoenix\127928 CL E.355190 W Duval Mine RD"
"000000009598E9A20E04F041B38518182890A2D50100A3DF33FCC9BD1644BD14FCA330AA9785000019BF34B80000"	"\Divisions\ENV\Environmental Phoenix\130436 TEP_SONOITA HWY POLE REPL ARCH"
"000000009598E9A20E04F041B38518182890A2D50100A3DF33FCC9BD1644BD14FCA330AA978500001D6EEE810000"	"\Divisions\ENV\Environmental Phoenix\133584 TEP_N Twin Lks Pl Arch Survey"
"000000009598E9A20E04F041B38518182890A2D501006C95E27D1ACA634AA1AADC20796388DD00000083F2FC0000"	"\Divisions\ENV\Public Outreach and Communication\_DMS Upload\Project Managment Houston"
"000000009598E9A20E04F041B38518182890A2D501006C95E27D1ACA634AA1AADC20796388DD000000C51A9E0000"	"\Divisions\ENV\Public Outreach and Communication\115841 Transwest Express"
"000000009598E9A20E04F041B38518182890A2D501006C95E27D1ACA634AA1AADC20796388DD000000BDB26F0000"	"\Divisions\ENV\Public Outreach and Communication\118192 Jackrabbit Simulations (Gina)"
"000000009598E9A20E04F041B38518182890A2D501006C95E27D1ACA634AA1AADC20796388DD000000C9A6A90000"	"\Divisions\ENV\Public Outreach and Communication\121083 Steiner Corp_Ustick & Linder Subdiv"
"000000009598E9A20E04F041B38518182890A2D501006C95E27D1ACA634AA1AADC20796388DD000000EDD04F0000"	"\Divisions\ENV\Public Outreach and Communication\122315 Ryan Jackson Wy Project"
"000000009598E9A20E04F041B38518182890A2D501001953B16A689BCD4AA8FC82955DB27CB10000017540D40000"	"\Divisions\ENV\Public Outreach and Communication\124153 ITD Summit"
"000000009598E9A20E04F041B38518182890A2D50100A3DF33FCC9BD1644BD14FCA330AA9785000018DC8E7C0000"	"\Divisions\ENV\Public Outreach and Communication\125501 T-Solar El Centro1"
"000000009598E9A20E04F041B38518182890A2D50100A3DF33FCC9BD1644BD14FCA330AA978500001B2792960000"	"\Divisions\ENV\Public Outreach and Communication\126996 Calpeco Simulations"
"000000009598E9A20E04F041B38518182890A2D50100A3DF33FCC9BD1644BD14FCA330AA9785000018702BC60000"	"\Divisions\ENV\Public Outreach and Communication\127837 Soitec Solar_Desert Green Glare Ana1"
"000000009598E9A20E04F041B38518182890A2D50100A3DF33FCC9BD1644BD14FCA330AA9785000018E11F470000"	"\Divisions\ENV\Public Outreach and Communication\129161 PEPCO Glasgow to Cecil"
"000000009598E9A20E04F041B38518182890A2D50100A3DF33FCC9BD1644BD14FCA330AA978500001AAB1F4B0000"	"\Divisions\ENV\Public Outreach and Communication\131330 Xcel_BrantnerSubstationSims"
"000000009598E9A20E04F041B38518182890A2D50100A3DF33FCC9BD1644BD14FCA330AA978500001B82388D0000"	"\Divisions\ENV\Public Outreach and Communication\132511 Congentrix Plant Sims"
"000000009598E9A20E04F041B38518182890A2D50100A3DF33FCC9BD1644BD14FCA330AA9785000021DC6D460000"	"\Divisions\ENV\Public Outreach and Communication\134275 AEP-Bland Photosims"
"000000009598E9A20E04F041B38518182890A2D50100F3BCE3A574023B4482F2E427B5A3121800004D921AE90000"	"\Divisions\ENV\Public Outreach and Communication\135467 Kraft"
"000000009598E9A20E04F041B38518182890A2D50100A3DF33FCC9BD1644BD14FCA330AA97850000228270580000"	"\Divisions\ENV\Public Outreach and Communication\136691 Emera TLine Sims"
"000000009598E9A20E04F041B38518182890A2D50100A3DF33FCC9BD1644BD14FCA330AA97850000230FAFFD0000"	"\Divisions\ENV\Public Outreach and Communication\138746 Charleston WV Sims"
"000000009598E9A20E04F041B38518182890A2D50100A3DF33FCC9BD1644BD14FCA330AA9785000025A209590000"	"\Divisions\ENV\Public Outreach and Communication\139871 Sams Valley Substation"
"000000009598E9A20E04F041B38518182890A2D5010012225CC57BF01F4EA8CCA87A792FF35F00001ACFFD6D0000"	"\Divisions\ENV\Public Outreach and Communication\140946 Mohanbir Substation"
"000000009598E9A20E04F041B38518182890A2D5010012225CC57BF01F4EA8CCA87A792FF35F0000587F6EF60000"	"\Divisions\ENV\Public Outreach and Communication\142704 NGrid Burrillville Transmission Line"
"000000009598E9A20E04F041B38518182890A2D5010012225CC57BF01F4EA8CCA87A792FF35F0000587F6EF80000"	"\Divisions\ENV\Public Outreach and Communication\143910 CSI Website Rebuild"
"000000009598E9A20E04F041B38518182890A2D5010012225CC57BF01F4EA8CCA87A792FF35F0000B2BA275C0000"	"\Divisions\ENV\Public Outreach and Communication\145072 - Sanofi Drone Video"
"000000009598E9A20E04F041B38518182890A2D5010012225CC57BF01F4EA8CCA87A792FF35F0000DFB9CDFD0000"	"\Divisions\ENV\Public Outreach and Communication\146739 Dominion Dooms-Valley Video"
"000000009598E9A20E04F041B38518182890A2D50100A3DF33FCC9BD1644BD14FCA330AA978500001AAFFE1A0000"	"\Divisions\ENV\Public Outreach and Communication\AEP"
"000000009598E9A20E04F041B38518182890A2D50100A3DF33FCC9BD1644BD14FCA330AA978500001CF6D04E0000"	"\Divisions\ENV\Public Outreach and Communication\GoogleEarth"
"000000009598E9A20E04F041B38518182890A2D50100A3DF33FCC9BD1644BD14FCA330AA978500001A38D2320000"	"\Divisions\ENV\Public Outreach and Communication\Transwest"
"000000009598E9A20E04F041B38518182890A2D50100A3DF33FCC9BD1644BD14FCA330AA9785000026234A270000"	"\Divisions\Facilities \Clients\Nestle"
"000000009598E9A20E04F041B38518182890A2D5010012225CC57BF01F4EA8CCA87A792FF35F0006AC7B3F900000"	"\Divisions\Generation\CAE PTO\CAE PTO"
"000000009598E9A20E04F041B38518182890A2D501006C95E27D1ACA634AA1AADC20796388DD0000007240A50000"	"\Divisions\Industrial\Dept. 46"
"000000009598E9A20E04F041B38518182890A2D501001296C725372D7F4B86B758A22EA3141B00000058D74A0000"	"\Divisions\Industrial\Food Processing\Plover Calendar\Front Conference Room"
"000000009598E9A20E04F041B38518182890A2D501001296C725372D7F4B86B758A22EA3141B000000550BB90000"	"\Divisions\Industrial\Generation\ATL Electrical Controls\Electrical Calendar"
"000000009598E9A20E04F041B38518182890A2D50100A3DF33FCC9BD1644BD14FCA330AA978500001952A8A20000"	"\Divisions\Industrial\Mechanical\Mechanical Training"
"000000009598E9A20E04F041B38518182890A2D50100A3DF33FCC9BD1644BD14FCA330AA9785000021D26AB00000"	"\Divisions\Operations\Administration\Elk River-AV"
"000000009598E9A20E04F041B38518182890A2D501001296C725372D7F4B86B758A22EA3141B00000058D7640000"	"\Divisions\Operations\Finance\Taxes\AL"
"000000009598E9A20E04F041B38518182890A2D501001296C725372D7F4B86B758A22EA3141B00000058D6FA0000"	"\Divisions\Operations\Finance\Taxes\AZ\Closed\112348-Price"
"000000009598E9A20E04F041B38518182890A2D501001296C725372D7F4B86B758A22EA3141B0000006D505C0000"	"\Divisions\Operations\Finance\Taxes\BELGIUM"
"000000009598E9A20E04F041B38518182890A2D50100572FF007A7D6B64CA96E5CFE8E1CC1A400000014C0BC0000"	"\Divisions\Operations\Finance\Taxes\CA\PTE Projects"
"000000009598E9A20E04F041B38518182890A2D50100572FF007A7D6B64CA96E5CFE8E1CC1A400000036CDF60000"	"\Divisions\Operations\Finance\Taxes\CANADA\Manitoba \St. Joseph Wind"
"000000009598E9A20E04F041B38518182890A2D501001296C725372D7F4B86B758A22EA3141B0000004F32590000"	"\Divisions\Operations\Finance\Taxes\CO\Denver"
"000000009598E9A20E04F041B38518182890A2D50100572FF007A7D6B64CA96E5CFE8E1CC1A40000004EF00C0000"	"\Divisions\Operations\Finance\Taxes\Haiti"
"000000009598E9A20E04F041B38518182890A2D501001296C725372D7F4B86B758A22EA3141B000000674FDB0000"	"\Divisions\Operations\Finance\Taxes\Japan"
"000000009598E9A20E04F041B38518182890A2D501001296C725372D7F4B86B758A22EA3141B0000003FFBAB0000"	"\Divisions\Operations\Finance\Taxes\NM"
"000000009598E9A20E04F041B38518182890A2D50100572FF007A7D6B64CA96E5CFE8E1CC1A40000002ABDF80000"	"\Divisions\Operations\Finance\Taxes\NM\PCI Projects\Qwest 5%"
"000000009598E9A20E04F041B38518182890A2D50100572FF007A7D6B64CA96E5CFE8E1CC1A40000001BBDA80000"	"\Divisions\Operations\Finance\Taxes\RE-SALE CERTIFICATES"
"000000009598E9A20E04F041B38518182890A2D50100CB7D9B6512D7374A860FE542D5770392000001184FC50000"	"\Divisions\Operations\Finance\Taxes\TAX ALERT - PROJECTS\HI"
"000000009598E9A20E04F041B38518182890A2D501001296C725372D7F4B86B758A22EA3141B000000611C790000"	"\Divisions\Operations\Finance\Taxes\TX\DOT"
"000000009598E9A20E04F041B38518182890A2D50100572FF007A7D6B64CA96E5CFE8E1CC1A40000004EEF2C0000"	"\Divisions\Operations\Finance\Taxes\WA\PTE\Swedish"
"000000009598E9A20E04F041B38518182890A2D501006C95E27D1ACA634AA1AADC20796388DD000000DCBE970000"	"\Divisions\Operations\HR\Brett"
"000000009598E9A20E04F041B38518182890A2D501001296C725372D7F4B86B758A22EA3141B000000004AA10000"	"\Divisions\Operations\Information Technology\Hailey Office"
"000000009598E9A20E04F041B38518182890A2D5010012225CC57BF01F4EA8CCA87A792FF35F00001ACFFD4F0000"	"\Divisions\Operations\Information Technology\Networking\Network Test Folder 3"
"000000009598E9A20E04F041B38518182890A2D5010012225CC57BF01F4EA8CCA87A792FF35F00021745AEC50000"	"\Divisions\Operations\Legal\Legal\legal calendar"
"000000009598E9A20E04F041B38518182890A2D50100A3DF33FCC9BD1644BD14FCA330AA9785000016F5F7CE0000"	"\Divisions\Operations\Office Build-Out Projects Folder\Projects\2012LAX01EXP\Photos"
"000000009598E9A20E04F041B38518182890A2D50100A3DF33FCC9BD1644BD14FCA330AA9785000016F5F8920000"	"\Divisions\Operations\Office Build-Out Projects Folder\Projects\2012PTL01EXP\Travel"
"000000009598E9A20E04F041B38518182890A2D50100A3DF33FCC9BD1644BD14FCA330AA9785000016F5F7DD0000"	"\Divisions\Operations\Office Build-Out Projects Folder\Projects\2012TMP01NEW\Photos"
"000000009598E9A20E04F041B38518182890A2D5010012225CC57BF01F4EA8CCA87A792FF35F0002D6D84FFD0000"	"\Divisions\PD\154177 PGE - WELCHES GRND ANALYSIS"
"000000009598E9A20E04F041B38518182890A2D501006C95E27D1ACA634AA1AADC20796388DD0000008A75460000"	"\Divisions\PD\Clarkston"
"000000009598E9A20E04F041B38518182890A2D5010012225CC57BF01F4EA8CCA87A792FF35F0001FB034B9D0000"	"\Divisions\PD\Distribution Services\Dept. 332"
"000000009598E9A20E04F041B38518182890A2D50100A3DF33FCC9BD1644BD14FCA330AA978500002284FB9C0000"	"\Divisions\PD\Distribution Services\Distribution Design Services\123262-SoCalGas"
"000000009598E9A20E04F041B38518182890A2D50100A3DF33FCC9BD1644BD14FCA330AA97850000210F5CB30000"	"\Divisions\PD\Distribution Services\Distribution Design Services\137067 CWLP 69kV Relocation Project"
"000000009598E9A20E04F041B38518182890A2D50100A3DF33FCC9BD1644BD14FCA330AA978500002723F5BD0000"	"\Divisions\PD\Distribution Services\Distribution Design Services\140631 - P'CORP RMP PHASE II"
"000000009598E9A20E04F041B38518182890A2D50100A3DF33FCC9BD1644BD14FCA330AA978500002C098F930000"	"\Divisions\PD\Distribution Services\Distribution Design Services\142776_AEP_ N Bltimr-N Findlay"
"000000009598E9A20E04F041B38518182890A2D5010012225CC57BF01F4EA8CCA87A792FF35F0000A9E96D900000"	"\Divisions\PD\Distribution Services\Distribution Design Services\144456 - COOPER SUB RELOCATE"
"000000009598E9A20E04F041B38518182890A2D5010012225CC57BF01F4EA8CCA87A792FF35F0000A32D97160000"	"\Divisions\PD\Distribution Services\Distribution Design Services\145996 - GC-JOINT USE POLE ANALYSIS"
"000000009598E9A20E04F041B38518182890A2D5010012225CC57BF01F4EA8CCA87A792FF35F0000C512A55C0000"	"\Divisions\PD\Distribution Services\Distribution Design Services\146531 - SRP T2183382-CAB UW PCR MCKLP"
"000000009598E9A20E04F041B38518182890A2D5010012225CC57BF01F4EA8CCA87A792FF35F0000ED289A4D0000"	"\Divisions\PD\Distribution Services\Distribution Design Services\147508 - Rustler Hills Offsite"
"000000009598E9A20E04F041B38518182890A2D5010012225CC57BF01F4EA8CCA87A792FF35F0000FC6D03D70000"	"\Divisions\PD\Distribution Services\Distribution Design Services\147649 - WIXOM 8239"
"000000009598E9A20E04F041B38518182890A2D5010012225CC57BF01F4EA8CCA87A792FF35F0001026031760000"	"\Divisions\PD\Distribution Services\Distribution Design Services\148063 - P'CORP PAC POWER 2017"
"000000009598E9A20E04F041B38518182890A2D50100A3DF33FCC9BD1644BD14FCA330AA978500001DC2C8E60000"	"\Divisions\PD\Distribution Services\Distribution Services Project Engineering\134339_IH35 Falwood-Valley View"
"000000009598E9A20E04F041B38518182890A2D50100E34BFE500669CD49AC2E27C6C54DE39D0000002687DE0000"	"\Divisions\PD\Distribution Services\Substation Benbrook\117726_CCEC TransCanada PS38"
"000000009598E9A20E04F041B38518182890A2D50100E34BFE500669CD49AC2E27C6C54DE39D00000026882D0000"	"\Divisions\PD\Distribution Services\Substation Benbrook\117757_DETEC Pinelan Sub Upgrade"
"000000009598E9A20E04F041B38518182890A2D50100A3DF33FCC9BD1644BD14FCA330AA9785000017542CF80000"	"\Divisions\PD\Distribution Services\Substation Benbrook\117813_Shady Grove Sub\DP"
"000000009598E9A20E04F041B38518182890A2D50100E34BFE500669CD49AC2E27C6C54DE39D00000026883C0000"	"\Divisions\PD\Distribution Services\Substation Benbrook\117846_Tex-La Central Heights"
"000000009598E9A20E04F041B38518182890A2D50100E34BFE500669CD49AC2E27C6C54DE39D00000026884C0000"	"\Divisions\PD\Distribution Services\Substation Benbrook\117882_RC Gen Engr"
"000000009598E9A20E04F041B38518182890A2D50100A3DF33FCC9BD1644BD14FCA330AA978500000E8B3A9B0000"	"\Divisions\PD\Distribution Services\Substation Benbrook\117909_BCEC Anderson Ck\DP"
"000000009598E9A20E04F041B38518182890A2D50100A3DF33FCC9BD1644BD14FCA330AA978500001F24A68C0000"	"\Divisions\PD\Distribution Services\Substation Benbrook\117950_WCEC Transcanada P37\DP"
"000000009598E9A20E04F041B38518182890A2D50100E34BFE500669CD49AC2E27C6C54DE39D0000002687DB0000"	"\Divisions\PD\Distribution Services\Substation Benbrook\118079_ETEC Trans Study"
"000000009598E9A20E04F041B38518182890A2D50100E34BFE500669CD49AC2E27C6C54DE39D0000002EF7A90000"	"\Divisions\PD\Distribution Services\Substation Benbrook\119806_TVEC"
"000000009598E9A20E04F041B38518182890A2D50100E34BFE500669CD49AC2E27C6C54DE39D0000003B82850000"	"\Divisions\PD\Distribution Services\Substation Benbrook\121885_UCS_GenEng"
"000000009598E9A20E04F041B38518182890A2D50100A3DF33FCC9BD1644BD14FCA330AA978500001C14B12C0000"	"\Divisions\PD\Distribution Services\Substation Benbrook\123057_DETEC_Timpson\DP"
"000000009598E9A20E04F041B38518182890A2D50100A3DF33FCC9BD1644BD14FCA330AA97850000212F89A30000"	"\Divisions\PD\Distribution Services\Substation Benbrook\123704a\SRM"
"000000009598E9A20E04F041B38518182890A2D50100A3DF33FCC9BD1644BD14FCA330AA9785000016D9FE1C0000"	"\Divisions\PD\Distribution Services\Substation Benbrook\126403_CoServ_Prosper 301"
"000000009598E9A20E04F041B38518182890A2D50100A3DF33FCC9BD1644BD14FCA330AA97850000194176C80000"	"\Divisions\PD\Distribution Services\Substation Benbrook\129268_Wise LRP"
"000000009598E9A20E04F041B38518182890A2D50100A3DF33FCC9BD1644BD14FCA330AA978500001A8B8F240000"	"\Divisions\PD\Distribution Services\Substation Benbrook\130971_WCEC_Crow Tap"
"000000009598E9A20E04F041B38518182890A2D50100A3DF33FCC9BD1644BD14FCA330AA978500001B6A921D0000"	"\Divisions\PD\Distribution Services\Substation Benbrook\132306_PTE_T&D_Testing"
"000000009598E9A20E04F041B38518182890A2D50100A3DF33FCC9BD1644BD14FCA330AA978500001D6F0F190000"	"\Divisions\PD\Distribution Services\Substation Benbrook\133756_GVEC_Capote-Deer CK TL"
"000000009598E9A20E04F041B38518182890A2D50100A3DF33FCC9BD1644BD14FCA330AA978500001F5C6B8F0000"	"\Divisions\PD\Distribution Services\Substation Benbrook\135971_CoServ_Prosper 301"
"000000009598E9A20E04F041B38518182890A2D50100A3DF33FCC9BD1644BD14FCA330AA9785000021AA587A0000"	"\Divisions\PD\Distribution Services\Substation Benbrook\137410_BCEC_Staking"
"000000009598E9A20E04F041B38518182890A2D50100A3DF33FCC9BD1644BD14FCA330AA9785000028B1EF1E0000"	"\Divisions\PD\Distribution Services\Substation Benbrook\140051\SRM"
"000000009598E9A20E04F041B38518182890A2D5010012225CC57BF01F4EA8CCA87A792FF35F0000E19463F60000"	"\Divisions\PD\Distribution Services\Substation Benbrook\142014_OXY_No Hubbs Dist Work\SRM"
"000000009598E9A20E04F041B38518182890A2D5010012225CC57BF01F4EA8CCA87A792FF35F00007754B8440000"	"\Divisions\PD\Distribution Services\Substation Benbrook\144962_ETEC_Sam Rayburn Dam"
"000000009598E9A20E04F041B38518182890A2D5010012225CC57BF01F4EA8CCA87A792FF35F0000BA2FA30E0000"	"\Divisions\PD\Distribution Services\Substation Benbrook\146368_Upshur_Gum Springs Sub"
"000000009598E9A20E04F041B38518182890A2D50100E34BFE500669CD49AC2E27C6C54DE39D00000025D3AF0000"	"\Divisions\PD\Distribution Services\Substation Benbrook\SRM"
"000000009598E9A20E04F041B38518182890A2D50100A3DF33FCC9BD1644BD14FCA330AA978500001ABA36E80000"	"\Divisions\PD\Line Ann Arbor\131383"
"000000009598E9A20E04F041B38518182890A2D5010012225CC57BF01F4EA8CCA87A792FF35F0002BD7B69470000"	"\Divisions\PD\Line Austin\131670 Z85/Z21.4 SLPHR-DMNDBCK 69KV"
"000000009598E9A20E04F041B38518182890A2D5010012225CC57BF01F4EA8CCA87A792FF35F0002BD7B695F0000"	"\Divisions\PD\Line Austin\136227 AEP-KENEDY SS-TULETA"
"000000009598E9A20E04F041B38518182890A2D5010012225CC57BF01F4EA8CCA87A792FF35F0000B677F32B0000"	"\Divisions\PD\Line Austin\142287 Lufkin - Nacogdoches SE 138kV"
"000000009598E9A20E04F041B38518182890A2D5010012225CC57BF01F4EA8CCA87A792FF35F0000B677F34B0000"	"\Divisions\PD\Line Austin\145939 AEP OE FTSK-RP"
"000000009598E9A20E04F041B38518182890A2D5010012225CC57BF01F4EA8CCA87A792FF35F0002BD7B69810000"	"\Divisions\PD\Line Austin\154467 LCRA 527 WELLS BR-RND RK OPGW"
"000000009598E9A20E04F041B38518182890A2D501006C95E27D1ACA634AA1AADC20796388DD000000DD7E440000"	"\Divisions\PD\Line Boise\00-DMS Upload\113659 Lk_Yankton"
"000000009598E9A20E04F041B38518182890A2D501006C95E27D1ACA634AA1AADC20796388DD000000481F120000"	"\Divisions\PD\Line Boise\114411 Gateway"
"000000009598E9A20E04F041B38518182890A2D501006C95E27D1ACA634AA1AADC20796388DD00000051678C0000"	"\Divisions\PD\Line Boise\114411 Gateway\ROW"
"000000009598E9A20E04F041B38518182890A2D50100CB7D9B6512D7374A860FE542D57703920000012496D20000"	"\Divisions\PD\Line Boise\114648 ON Line\Design Criteria"
"000000009598E9A20E04F041B38518182890A2D50100A3DF33FCC9BD1644BD14FCA330AA978500000E709AA10000"	"\Divisions\PD\Line Boise\114648 ON Line\Vibration 2012"
"000000009598E9A20E04F041B38518182890A2D501006C95E27D1ACA634AA1AADC20796388DD0000009FAD160000"	"\Divisions\PD\Line Boise\115349 Devers Valley\Line Design"
"000000009598E9A20E04F041B38518182890A2D501006C95E27D1ACA634AA1AADC20796388DD00000072FEF70000"	"\Divisions\PD\Line Boise\117207_SWIP South\LineConst_RFP"
"000000009598E9A20E04F041B38518182890A2D501006C95E27D1ACA634AA1AADC20796388DD000000ED7DDE0000"	"\Divisions\PD\Line Boise\117910_Fargo_Alexandria\Alex-Bison Design"
"000000009598E9A20E04F041B38518182890A2D50100A3DF33FCC9BD1644BD14FCA330AA9785000019B4BD030000"	"\Divisions\PD\Line Boise\117910_Fargo_Alexandria\Alex-Bison Design\Valmont\QAQC"
"000000009598E9A20E04F041B38518182890A2D50100CB7D9B6512D7374A860FE542D577039200000114E7580000"	"\Divisions\PD\Line Boise\117910_Fargo_Alexandria\QA-QC\BSE Hardware"
"000000009598E9A20E04F041B38518182890A2D501001953B16A689BCD4AA8FC82955DB27CB1000000771F5C0000"	"\Divisions\PD\Line Boise\117910_Fargo_Alexandria\Quarry-Alex Design\Forged Rings"
"000000009598E9A20E04F041B38518182890A2D501006C95E27D1ACA634AA1AADC20796388DD0000008CF6540000"	"\Divisions\PD\Line Boise\118681 ice"
"000000009598E9A20E04F041B38518182890A2D501006C95E27D1ACA634AA1AADC20796388DD000000F390BA0000"	"\Divisions\PD\Line Boise\120092_Croydon RR\Reroutes"
"000000009598E9A20E04F041B38518182890A2D50100CB7D9B6512D7374A860FE542D577039200000129C5D20000"	"\Divisions\PD\Line Boise\123332 CTF River Crossing"
"000000009598E9A20E04F041B38518182890A2D50100CB7D9B6512D7374A860FE542D577039200000129C5E00000"	"\Divisions\PD\Line Boise\123332 CTF River Crossing\Geotech"
"000000009598E9A20E04F041B38518182890A2D50100A3DF33FCC9BD1644BD14FCA330AA978500001DC263080000"	"\Divisions\PD\Line Boise\123785 asce/cigre"
"000000009598E9A20E04F041B38518182890A2D501001953B16A689BCD4AA8FC82955DB27CB1000001B5703D0000"	"\Divisions\PD\Line Boise\124464_RTRP\111728 - RTRP\AGENCY"
"000000009598E9A20E04F041B38518182890A2D501001953B16A689BCD4AA8FC82955DB27CB1000001B570530000"	"\Divisions\PD\Line Boise\124464_RTRP\111728 - RTRP\STRs"
"000000009598E9A20E04F041B38518182890A2D50100A3DF33FCC9BD1644BD14FCA330AA978500001952241C0000"	"\Divisions\PD\Line Boise\124737 XCEL-GIST2-PSCO-LINE RATING ANY\PHASE 3"
"000000009598E9A20E04F041B38518182890A2D501001953B16A689BCD4AA8FC82955DB27CB1000001CCB98D0000"	"\Divisions\PD\Line Boise\124737 XCEL-GIST2-PSCO-LINE RATING ANY\Priority_1\Design"
"000000009598E9A20E04F041B38518182890A2D50100A3DF33FCC9BD1644BD14FCA330AA97850000171CECFF0000"	"\Divisions\PD\Line Boise\124737 XCEL-GIST2-PSCO-LINE RATING ANY\Priority_2\RFI"
"000000009598E9A20E04F041B38518182890A2D50100A3DF33FCC9BD1644BD14FCA330AA978500002613AB860000"	"\Divisions\PD\Line Boise\124737 XCEL-GIST2-PSCO-LINE RATING ANY\PSC_PW_Complete"
"000000009598E9A20E04F041B38518182890A2D50100A3DF33FCC9BD1644BD14FCA330AA978500001796F9130000"	"\Divisions\PD\Line Boise\126822 XCEL-0844 BLACK DOG-SAVAGE\DATA"
"000000009598E9A20E04F041B38518182890A2D50100A3DF33FCC9BD1644BD14FCA330AA97850000173D37DA0000"	"\Divisions\PD\Line Boise\126822 XCEL-0844 BLACK DOG-SAVAGE\Meetings"
"000000009598E9A20E04F041B38518182890A2D50100A3DF33FCC9BD1644BD14FCA330AA97850000172A37620000"	"\Divisions\PD\Line Boise\126924 SO-1\Schedule"
"000000009598E9A20E04F041B38518182890A2D50100A3DF33FCC9BD1644BD14FCA330AA978500001DDB14E90000"	"\Divisions\PD\Line Boise\126981 XCEL-GIST-III Phase 2 Priority 2\Data\0918"
"000000009598E9A20E04F041B38518182890A2D50100A3DF33FCC9BD1644BD14FCA330AA97850000175C21010000"	"\Divisions\PD\Line Boise\126981 XCEL-GIST-III Phase 2 Priority 2\Design\0989"
"000000009598E9A20E04F041B38518182890A2D50100A3DF33FCC9BD1644BD14FCA330AA9785000018E01F0C0000"	"\Divisions\PD\Line Boise\126981 XCEL-GIST-III Phase 2 Priority 2\Land rights\0984"
"000000009598E9A20E04F041B38518182890A2D50100A3DF33FCC9BD1644BD14FCA330AA978500001944F9F90000"	"\Divisions\PD\Line Boise\126981 XCEL-GIST-III Phase 2 Priority 2\Remediation\0806"
"000000009598E9A20E04F041B38518182890A2D50100A3DF33FCC9BD1644BD14FCA330AA97850000196623620000"	"\Divisions\PD\Line Boise\126981 XCEL-GIST-III Phase 2 Priority 2\Schedule\0980-0984"
"000000009598E9A20E04F041B38518182890A2D50100A3DF33FCC9BD1644BD14FCA330AA978500001CB829310000"	"\Divisions\PD\Line Boise\127327 Helmand\Shoo-Fly"
"000000009598E9A20E04F041B38518182890A2D50100A3DF33FCC9BD1644BD14FCA330AA9785000018D91F2A0000"	"\Divisions\PD\Line Boise\128118_MP_AC Line Rating_2\018L"
"000000009598E9A20E04F041B38518182890A2D50100A3DF33FCC9BD1644BD14FCA330AA9785000019BC5AE20000"	"\Divisions\PD\Line Boise\128118_MP_AC Line Rating_2\045L"
"000000009598E9A20E04F041B38518182890A2D50100A3DF33FCC9BD1644BD14FCA330AA9785000018D91F240000"	"\Divisions\PD\Line Boise\128118_MP_AC Line Rating_2\062L"
"000000009598E9A20E04F041B38518182890A2D50100A3DF33FCC9BD1644BD14FCA330AA97850000180147420000"	"\Divisions\PD\Line Boise\128118_MP_AC Line Rating_2\091L"
"000000009598E9A20E04F041B38518182890A2D50100A3DF33FCC9BD1644BD14FCA330AA9785000019BC8EEB0000"	"\Divisions\PD\Line Boise\128118_MP_AC Line Rating_2\867L"
"000000009598E9A20E04F041B38518182890A2D50100A3DF33FCC9BD1644BD14FCA330AA9785000018B563C70000"	"\Divisions\PD\Line Boise\128911 Xcel-GIST 3- PHASE 2- LRV PTY 3"
"000000009598E9A20E04F041B38518182890A2D50100A3DF33FCC9BD1644BD14FCA330AA9785000019610CB40000"	"\Divisions\PD\Line Boise\128911 Xcel-GIST 3- PHASE 2- LRV PTY 3\Design\0827"
"000000009598E9A20E04F041B38518182890A2D50100A3DF33FCC9BD1644BD14FCA330AA978500001B665E650000"	"\Divisions\PD\Line Boise\128911 Xcel-GIST 3- PHASE 2- LRV PTY 3\Estimates & WO\0827 #2"
"000000009598E9A20E04F041B38518182890A2D50100A3DF33FCC9BD1644BD14FCA330AA978500001AB8D7D70000"	"\Divisions\PD\Line Boise\128911 Xcel-GIST 3- PHASE 2- LRV PTY 3\Materials\0844"
"000000009598E9A20E04F041B38518182890A2D50100A3DF33FCC9BD1644BD14FCA330AA97850000196110D70000"	"\Divisions\PD\Line Boise\128911 Xcel-GIST 3- PHASE 2- LRV PTY 3\Remediation\0827"
"000000009598E9A20E04F041B38518182890A2D50100A3DF33FCC9BD1644BD14FCA330AA9785000019981BCD0000"	"\Divisions\PD\Line Boise\128911 Xcel-GIST 3- PHASE 2- LRV PTY 3\Schedule\0827"
"000000009598E9A20E04F041B38518182890A2D50100A3DF33FCC9BD1644BD14FCA330AA978500001B8B96C60000"	"\Divisions\PD\Line Boise\128911 Xcel-GIST 3- PHASE 2- LRV PTY 3\Survey\5503"
"000000009598E9A20E04F041B38518182890A2D50100A3DF33FCC9BD1644BD14FCA330AA978500001AAFB8BB0000"	"\Divisions\PD\Line Boise\128911 Xcel-GIST 3- PHASE 2- LRV PTY 3\Transmittals\5506"
"000000009598E9A20E04F041B38518182890A2D50100A3DF33FCC9BD1644BD14FCA330AA978500001B1690200000"	"\Divisions\PD\Line Boise\130412 Xcel (MN) NSP GIST-3 Ph 3\Admin"
"000000009598E9A20E04F041B38518182890A2D50100A3DF33FCC9BD1644BD14FCA330AA978500001D33EFDB0000"	"\Divisions\PD\Line Boise\130412 Xcel (MN) NSP GIST-3 Ph 3\QC"
"000000009598E9A20E04F041B38518182890A2D50100A3DF33FCC9BD1644BD14FCA330AA978500001B6FF3090000"	"\Divisions\PD\Line Boise\131302 131500 131501 XCEL W3203 W3509 SEV-TRM\Design\Relay settings"
"000000009598E9A20E04F041B38518182890A2D50100A3DF33FCC9BD1644BD14FCA330AA978500001AA76A7F0000"	"\Divisions\PD\Line Boise\131302 131500 131501 XCEL W3203 W3509 SEV-TRM\Transmittals"
"000000009598E9A20E04F041B38518182890A2D50100A3DF33FCC9BD1644BD14FCA330AA978500001C6BEDFE0000"	"\Divisions\PD\Line Boise\132072 XCEL-L0953 RECONDUCTOR\Admin"
"000000009598E9A20E04F041B38518182890A2D50100A3DF33FCC9BD1644BD14FCA330AA978500001B6F24510000"	"\Divisions\PD\Line Boise\132155 PSE Eastside\EMF"
"000000009598E9A20E04F041B38518182890A2D50100A3DF33FCC9BD1644BD14FCA330AA978500001E24D0B70000"	"\Divisions\PD\Line Boise\133426 XCEL-0953 GALLOPING MONITORING\Admin"
"000000009598E9A20E04F041B38518182890A2D50100A3DF33FCC9BD1644BD14FCA330AA978500001DDB76F70000"	"\Divisions\PD\Line Boise\134091 PAC Croy-DV\01_Submittals-wDMS#\H_PAC-Checked-Out-DWG"
"000000009598E9A20E04F041B38518182890A2D50100A3DF33FCC9BD1644BD14FCA330AA978500001DD7498B0000"	"\Divisions\PD\Line Boise\134473 PCorp Coalville SLV CRK\01_Submittals-wDMS#\B_30-Review"
"000000009598E9A20E04F041B38518182890A2D50100A3DF33FCC9BD1644BD14FCA330AA978500001DD74CEA0000"	"\Divisions\PD\Line Boise\134473 PCorp Coalville SLV CRK\03_Survey-ROW"
"000000009598E9A20E04F041B38518182890A2D50100A3DF33FCC9BD1644BD14FCA330AA978500001DD689400000"	"\Divisions\PD\Line Boise\134474 PCorp Croydon-Coalville\01_Submittals-wDMS#\C_60-Review"
"000000009598E9A20E04F041B38518182890A2D50100A3DF33FCC9BD1644BD14FCA330AA9785000025A71A010000"	"\Divisions\PD\Line Boise\135107 - MP Hawthorne"
"000000009598E9A20E04F041B38518182890A2D501006C95E27D1ACA634AA1AADC20796388DD000000A9191C0000"	"\Divisions\PD\Line Boise\135116 SunZia\116500_Sunzia\Route analysis\Military considerations"
"000000009598E9A20E04F041B38518182890A2D50100A3DF33FCC9BD1644BD14FCA330AA9785000020636E330000"	"\Divisions\PD\Line Boise\136620 XCEL-0729 Rplce Pole (See also 133657)"
"000000009598E9A20E04F041B38518182890A2D50100F3BCE3A574023B4482F2E427B5A3121800004D8BCA840000"	"\Divisions\PD\Line Boise\136797 L0729 Meter Install Canton-XCEL"
"000000009598E9A20E04F041B38518182890A2D50100A3DF33FCC9BD1644BD14FCA330AA9785000021E972820000"	"\Divisions\PD\Line Boise\137816 Apple Valley IPCO\Design"
"000000009598E9A20E04F041B38518182890A2D5010012225CC57BF01F4EA8CCA87A792FF35F0000C5E55C910000"	"\Divisions\PD\Line Boise\137979 GNTL TLine\GNTL_Resourcing Shared Calendar"
"000000009598E9A20E04F041B38518182890A2D50100A3DF33FCC9BD1644BD14FCA330AA97850000286383FC0000"	"\Divisions\PD\Line Boise\141085-XCEL NSPM Landworks"
"000000009598E9A20E04F041B38518182890A2D50100A3DF33FCC9BD1644BD14FCA330AA978500002A32DBD30000"	"\Divisions\PD\Line Boise\141766 XCEL-Line 6964 Rebuld"
"000000009598E9A20E04F041B38518182890A2D5010012225CC57BF01F4EA8CCA87A792FF35F000052525A760000"	"\Divisions\PD\Line Boise\144461 SPG Grasmere"
"000000009598E9A20E04F041B38518182890A2D5010012225CC57BF01F4EA8CCA87A792FF35F00009B0B6D010000"	"\Divisions\PD\Line Boise\145701 Hutto-Taylor"
"000000009598E9A20E04F041B38518182890A2D5010012225CC57BF01F4EA8CCA87A792FF35F0001D41A9AFE0000"	"\Divisions\PD\Line Boise\146618 - Bob TLine\TLine Construction RFP - Q&A_Rev. 1"
"000000009598E9A20E04F041B38518182890A2D5010012225CC57BF01F4EA8CCA87A792FF35F0001153529CB0000"	"\Divisions\PD\Line Boise\148434 XCEL-6935 CDOT RELOCATION"
"000000009598E9A20E04F041B38518182890A2D5010012225CC57BF01F4EA8CCA87A792FF35F0002C1A0F0B10000"	"\Divisions\PD\Line Boise\153601 - GL Panhandle Transmission Cut-In"
"000000009598E9A20E04F041B38518182890A2D5010012225CC57BF01F4EA8CCA87A792FF35F00021D59BCE20000"	"\Divisions\PD\Line Boise\154320 Ten West\154320 10W Material"
"000000009598E9A20E04F041B38518182890A2D5010012225CC57BF01F4EA8CCA87A792FF35F0002847334FC0000"	"\Divisions\PD\Line Boise\156842 Xcel L0887 STR 14"
"000000009598E9A20E04F041B38518182890A2D5010012225CC57BF01F4EA8CCA87A792FF35F0002D6D8500F0000"	"\Divisions\PD\Line Boise\159491 WREC Goldrush"
"000000009598E9A20E04F041B38518182890A2D5010012225CC57BF01F4EA8CCA87A792FF35F00013250E01F0000"	"\Divisions\PD\Line Boise\Line Project Deliverables-Milestones"
"000000009598E9A20E04F041B38518182890A2D501001953B16A689BCD4AA8FC82955DB27CB10000011B9C1F0000"	"\Divisions\PD\Line Boise\Line-Rating-Projects\PacifiCorp\BB07"
"000000009598E9A20E04F041B38518182890A2D501001953B16A689BCD4AA8FC82955DB27CB10000011FEB150000"	"\Divisions\PD\Line Boise\Line-Rating-Projects\PacifiCorp\WI03"
"000000009598E9A20E04F041B38518182890A2D50100A3DF33FCC9BD1644BD14FCA330AA978500001676E7BC0000"	"\Divisions\PD\Line Boise\Line-Rating-Projects\PacifiCorp2\BB05"
"000000009598E9A20E04F041B38518182890A2D50100A3DF33FCC9BD1644BD14FCA330AA978500001DD8BA160000"	"\Divisions\PD\Line Boise\Tri State"
"000000009598E9A20E04F041B38518182890A2D5010012225CC57BF01F4EA8CCA87A792FF35F0005768CDC060000"	"\Divisions\PD\Line Boise\Xcel_Energy_Standards\On-Off-Badge-Training\2022 Annual Training\Safety Training"
"000000009598E9A20E04F041B38518182890A2D5010012225CC57BF01F4EA8CCA87A792FF35F0007B89834760000"	"\Divisions\PD\Line Boise\Xcel_Energy_Standards\On-Off-Badge-Training\Off-Boarding\Oct 2024 - Training Error"
"000000009598E9A20E04F041B38518182890A2D5010012225CC57BF01F4EA8CCA87A792FF35F00068FDE954A0000"	"\Divisions\PD\Line Boise\Xcel_Energy_Standards\On-Off-Badge-Training\On-Boarding_Prev 10-26-23\RDQ On-Board"
"000000009598E9A20E04F041B38518182890A2D5010012225CC57BF01F4EA8CCA87A792FF35F0006FD917C100000"	"\Divisions\PD\Line Boise\Xcel_Energy_Standards\On-Off-Badge-Training\On-Boarding\R-DQ"
"000000009598E9A20E04F041B38518182890A2D50100A3DF33FCC9BD1644BD14FCA330AA97850000255DBB710000"	"\Divisions\PD\Line Cincinnati\118687 BALTIMORE GAS & ELECTRIC - GRACETON-BAGLEY LINE REBLD"
"000000009598E9A20E04F041B38518182890A2D50100A3DF33FCC9BD1644BD14FCA330AA9785000024070BB40000"	"\Divisions\PD\Line Cincinnati\139218 AMERICAN TRANSMISSION COMPANY-NORTH APPLETON-MORGAN TLINE #2"
"000000009598E9A20E04F041B38518182890A2D501006C95E27D1ACA634AA1AADC20796388DD000000340EA70000"	"\Divisions\PD\Line Fort Mill\Fort Mills Calendar"
"000000009598E9A20E04F041B38518182890A2D50100A3DF33FCC9BD1644BD14FCA330AA9785000026F6A4FA0000"	"\Divisions\PD\Line Fort Worth\01 CLOSED PROJS - UPLOAD TO PROJECTWISE\131511 - XCEL_SPS T-LINE ESTIMATION SERVICES - CLOSED 2014"
"000000009598E9A20E04F041B38518182890A2D50100A3DF33FCC9BD1644BD14FCA330AA978500001F0494990000"	"\Divisions\PD\Line Fort Worth\135464 - Xcel Energy_SPS GIST3"
"000000009598E9A20E04F041B38518182890A2D5010012225CC57BF01F4EA8CCA87A792FF35F0000A185EBA00000"	"\Divisions\PD\Line Freeport\145932 - CARBONDALE-TOWER A16803036"
"000000009598E9A20E04F041B38518182890A2D50100A3DF33FCC9BD1644BD14FCA330AA97850000176519B30000"	"\Divisions\PD\Line Hailey\00-Restored_Emails\113142_Whitney-Bosque"
"000000009598E9A20E04F041B38518182890A2D50100572FF007A7D6B64CA96E5CFE8E1CC1A4000000321CCC0000"	"\Divisions\PD\Line Hailey\002_Line Dept Contacts\Brazos"
"000000009598E9A20E04F041B38518182890A2D50100A3DF33FCC9BD1644BD14FCA330AA97850000165714400000"	"\Divisions\PD\Line Hailey\01_Oncor_General\01_Dave_ONCOR_General\ONCOR Materials/Standards\New Material Changes for Master List"
"000000009598E9A20E04F041B38518182890A2D50100A3DF33FCC9BD1644BD14FCA330AA978500002421575C0000"	"\Divisions\PD\Line Hailey\01_Oncor_General\Class_Code_Material_Requests"
"000000009598E9A20E04F041B38518182890A2D50100A3DF33FCC9BD1644BD14FCA330AA97850000177A35FC0000"	"\Divisions\PD\Line Hailey\01_Oncor_General\Hubbell_Material_Projections\New_Contact_at_Hubbell"
"000000009598E9A20E04F041B38518182890A2D501001953B16A689BCD4AA8FC82955DB27CB10000017ADAC10000"	"\Divisions\PD\Line Hailey\01_Oncor_General\Material_Updates_Questions\Material_Moves_2012 to 2011"
"000000009598E9A20E04F041B38518182890A2D501001953B16A689BCD4AA8FC82955DB27CB1000001267AD90000"	"\Divisions\PD\Line Hailey\01_Oncor_General\New_TSN_# _&_Class-codes\Insulator_Assemblies_List"
"000000009598E9A20E04F041B38518182890A2D50100572FF007A7D6B64CA96E5CFE8E1CC1A400000034E3BD0000"	"\Divisions\PD\Line Hailey\01_Oncor_General\Oncor_Material_Support_Issues"
"000000009598E9A20E04F041B38518182890A2D50100A3DF33FCC9BD1644BD14FCA330AA978500001E29B0550000"	"\Divisions\PD\Line Hailey\01_Oncor_General\Shipping_Costs_POLE_Steel-Concrete"
"000000009598E9A20E04F041B38518182890A2D50100CB7D9B6512D7374A860FE542D57703920000011DB9200000"	"\Divisions\PD\Line Hailey\100068_Spunky-George_Creek"
"000000009598E9A20E04F041B38518182890A2D501001296C725372D7F4B86B758A22EA3141B000000236AD30000"	"\Divisions\PD\Line Hailey\108628-Umbata Falls\Design"
"000000009598E9A20E04F041B38518182890A2D501001296C725372D7F4B86B758A22EA3141B00000038776A0000"	"\Divisions\PD\Line Hailey\108628-Umbata Falls\Procurement\OPGW"
"000000009598E9A20E04F041B38518182890A2D501001296C725372D7F4B86B758A22EA3141B0000003F579E0000"	"\Divisions\PD\Line Hailey\109568 - Turlock"
"000000009598E9A20E04F041B38518182890A2D501001296C725372D7F4B86B758A22EA3141B00000058D7310000"	"\Divisions\PD\Line Hailey\110804_Seaton-Poage"
"000000009598E9A20E04F041B38518182890A2D501001296C725372D7F4B86B758A22EA3141B0000004CB4D80000"	"\Divisions\PD\Line Hailey\111523"
"000000009598E9A20E04F041B38518182890A2D501001296C725372D7F4B86B758A22EA3141B0000007F1CB90000"	"\Divisions\PD\Line Hailey\112127 Sandow-Salty_&_Thorndale-N Taylor"
"000000009598E9A20E04F041B38518182890A2D501001296C725372D7F4B86B758A22EA3141B0000005F9D5A0000"	"\Divisions\PD\Line Hailey\112485-Alcan2\6 - Anchor"
"000000009598E9A20E04F041B38518182890A2D501001296C725372D7F4B86B758A22EA3141B000000635F170000"	"\Divisions\PD\Line Hailey\112805-PNG"
"000000009598E9A20E04F041B38518182890A2D501001296C725372D7F4B86B758A22EA3141B0000006842400000"	"\Divisions\PD\Line Hailey\113337-SierraPac"
"000000009598E9A20E04F041B38518182890A2D501001296C725372D7F4B86B758A22EA3141B0000006ED74C0000"	"\Divisions\PD\Line Hailey\113842_2008_TID"
"000000009598E9A20E04F041B38518182890A2D50100572FF007A7D6B64CA96E5CFE8E1CC1A40000000EE8F70000"	"\Divisions\PD\Line Hailey\115237-Domino"
"000000009598E9A20E04F041B38518182890A2D50100572FF007A7D6B64CA96E5CFE8E1CC1A40000002766CC0000"	"\Divisions\PD\Line Hailey\116673_NW-Carrollton_TMPA-Jct\Northlake-Renner_09T65166"
"000000009598E9A20E04F041B38518182890A2D5010012225CC57BF01F4EA8CCA87A792FF35F00031E3004010000"	"\Divisions\PD\Line Hailey\117910-CapX_arm-study\dups"
"000000009598E9A20E04F041B38518182890A2D5010012225CC57BF01F4EA8CCA87A792FF35F00031E30040B0000"	"\Divisions\PD\Line Hailey\118178_Arco_to_Krugerville\MRLJ06\dups"
"000000009598E9A20E04F041B38518182890A2D50100572FF007A7D6B64CA96E5CFE8E1CC1A400000028F5560000"	"\Divisions\PD\Line Hailey\118811-CEAC"
"000000009598E9A20E04F041B38518182890A2D50100CB7D9B6512D7374A860FE542D57703920000011924E40000"	"\Divisions\PD\Line Hailey\119424_Leon-Cisco_69kV\MR_LJ05(JF)"
"000000009598E9A20E04F041B38518182890A2D50100CB7D9B6512D7374A860FE542D57703920000012B70830000"	"\Divisions\PD\Line Hailey\121180_Newton-Killeen\MRLJ01"
"000000009598E9A20E04F041B38518182890A2D50100572FF007A7D6B64CA96E5CFE8E1CC1A40000005878870000"	"\Divisions\PD\Line Hailey\121264_Nikiski"
"000000009598E9A20E04F041B38518182890A2D5010012225CC57BF01F4EA8CCA87A792FF35F00031E3004170000"	"\Divisions\PD\Line Hailey\122443_Clear_Crossing-Willow_Crk_EAST\dups"
"000000009598E9A20E04F041B38518182890A2D50100A3DF33FCC9BD1644BD14FCA330AA9785000017B5EE950000"	"\Divisions\PD\Line Hailey\122443_Clear_Crossing-Willow_Crk_EAST\MRLJ11"
"000000009598E9A20E04F041B38518182890A2D50100A3DF33FCC9BD1644BD14FCA330AA9785000015EEC5A90000"	"\Divisions\PD\Line Hailey\122444_Clear_Crossing_Willow_Crk_WEST\MRLJ04"
"000000009598E9A20E04F041B38518182890A2D5010012225CC57BF01F4EA8CCA87A792FF35F00031E30042D0000"	"\Divisions\PD\Line Hailey\122444_Clear_Crossing_Willow_Crk_WEST\Twr_Adj_Emails\dups"
"000000009598E9A20E04F041B38518182890A2D50100CB7D9B6512D7374A860FE542D57703920000012AC9590000"	"\Divisions\PD\Line Hailey\123375-Sagebrush 235A&236A"
"000000009598E9A20E04F041B38518182890A2D50100A3DF33FCC9BD1644BD14FCA330AA97850000199A55990000"	"\Divisions\PD\Line Hailey\125793_Powertel_Kap T-Line\dups"
"000000009598E9A20E04F041B38518182890A2D50100572FF007A7D6B64CA96E5CFE8E1CC1A400000036CDFB0000"	"\Divisions\PD\Line Hailey\126635_KMPUD_Phs-2_Out_Valley\124249_Old_Proj#_Out_Valley_T-Line_Ph_1-A\118778_OLD_PROJECT#"
"000000009598E9A20E04F041B38518182890A2D50100A3DF33FCC9BD1644BD14FCA330AA9785000017C073480000"	"\Divisions\PD\Line Hailey\126873_Oncor_Goldsmith-Goldsmith_South\Warehouse"
"000000009598E9A20E04F041B38518182890A2D50100A3DF33FCC9BD1644BD14FCA330AA978500001B53D15C0000"	"\Divisions\PD\Line Hailey\127844_LOBO-N_EDINBURG\dups"
"000000009598E9A20E04F041B38518182890A2D50100A3DF33FCC9BD1644BD14FCA330AA97850000193BF6BA0000"	"\Divisions\PD\Line Hailey\127943_Riley-Krum_P3_Eagle_Mt"
"000000009598E9A20E04F041B38518182890A2D50100A3DF33FCC9BD1644BD14FCA330AA978500002B79D4DD0000"	"\Divisions\PD\Line Hailey\128806_BR_224-226_ECOL-PTRD_1432"
"000000009598E9A20E04F041B38518182890A2D50100A3DF33FCC9BD1644BD14FCA330AA97850000195B26BF0000"	"\Divisions\PD\Line Hailey\129528-Miravalles Wellhead Rehab"
"000000009598E9A20E04F041B38518182890A2D50100A3DF33FCC9BD1644BD14FCA330AA978500001C63A8900000"	"\Divisions\PD\Line Hailey\129547_Parker-Eagle_Mt\MRLJ04"
"000000009598E9A20E04F041B38518182890A2D50100A3DF33FCC9BD1644BD14FCA330AA97850000202AEAD10000"	"\Divisions\PD\Line Hailey\129567_Temple_Sw-Bell_Cty_E\WA_15T64014"
"000000009598E9A20E04F041B38518182890A2D50100A3DF33FCC9BD1644BD14FCA330AA978500001DB7B0820000"	"\Divisions\PD\Line Hailey\130157_Newmont_Long_Canyon\dups"
"000000009598E9A20E04F041B38518182890A2D5010012225CC57BF01F4EA8CCA87A792FF35F00031E3004750000"	"\Divisions\PD\Line Hailey\130257_Stanton_E-Midland-E\MRLJ02\dups"
"000000009598E9A20E04F041B38518182890A2D50100A3DF33FCC9BD1644BD14FCA330AA978500001DB4CED20000"	"\Divisions\PD\Line Hailey\130807_Cherokee_Load_Control\Daily_Inspect_Rpts"
"000000009598E9A20E04F041B38518182890A2D50100A3DF33FCC9BD1644BD14FCA330AA978500002BA0D52C0000"	"\Divisions\PD\Line Hailey\131441_NERC_LOW_PRIO_FACIL_ASSES\dups"
"000000009598E9A20E04F041B38518182890A2D50100A3DF33FCC9BD1644BD14FCA330AA978500001B160B810000"	"\Divisions\PD\Line Hailey\131710_STR-9/3_Ice_Loading"
"000000009598E9A20E04F041B38518182890A2D50100A3DF33FCC9BD1644BD14FCA330AA978500001BB82B0D0000"	"\Divisions\PD\Line Hailey\131879_Odessa_N-Crane\LJ02"
"000000009598E9A20E04F041B38518182890A2D50100A3DF33FCC9BD1644BD14FCA330AA97850000201487410000"	"\Divisions\PD\Line Hailey\132091_Watson-International\MRLJ04"
"000000009598E9A20E04F041B38518182890A2D50100A3DF33FCC9BD1644BD14FCA330AA978500001B8526600000"	"\Divisions\PD\Line Hailey\132512_2013_Eng_Review"
"000000009598E9A20E04F041B38518182890A2D50100A3DF33FCC9BD1644BD14FCA330AA978500001D56B1260000"	"\Divisions\PD\Line Hailey\133648_GOULAIS_RIVER_XING"
"000000009598E9A20E04F041B38518182890A2D50100A3DF33FCC9BD1644BD14FCA330AA97850000226371720000"	"\Divisions\PD\Line Hailey\134627_Eskota_Sw_Sta"
"000000009598E9A20E04F041B38518182890A2D50100A3DF33FCC9BD1644BD14FCA330AA9785000025A3A41D0000"	"\Divisions\PD\Line Hailey\134633_Eagle_Mt-Wagley_Robertson\MRLJ02"
"000000009598E9A20E04F041B38518182890A2D50100F3BCE3A574023B4482F2E427B5A3121800004D7CE2680000"	"\Divisions\PD\Line Hailey\134722_Permian_Basin_Sw_Sta\MRLJ01"
"000000009598E9A20E04F041B38518182890A2D50100A3DF33FCC9BD1644BD14FCA330AA978500001E6012400000"	"\Divisions\PD\Line Hailey\135135_AEP_PJM_Reliability_Window\BD-Effort"
"000000009598E9A20E04F041B38518182890A2D50100A3DF33FCC9BD1644BD14FCA330AA978500001F2CE4000000"	"\Divisions\PD\Line Hailey\135901_WNT_FO_Pole_Analysis\FY-14 Wireless Test Bed FO Cable"
"000000009598E9A20E04F041B38518182890A2D50100A3DF33FCC9BD1644BD14FCA330AA97850000217692060000"	"\Divisions\PD\Line Hailey\137318_SNARE_L199"
"000000009598E9A20E04F041B38518182890A2D50100A3DF33FCC9BD1644BD14FCA330AA97850000260EBC750000"	"\Divisions\PD\Line Hailey\137396_Hicks-Elizabeth\MRLJ01"
"000000009598E9A20E04F041B38518182890A2D5010012225CC57BF01F4EA8CCA87A792FF35F00007E79C0560000"	"\Divisions\PD\Line Hailey\137449_Mt_Creek-Norwood\16T65156\Issued_Materials_Request"
"000000009598E9A20E04F041B38518182890A2D50100A3DF33FCC9BD1644BD14FCA330AA978500002BB633F90000"	"\Divisions\PD\Line Hailey\137449_Mt_Creek-Norwood\MRLJ09_Pole"
"000000009598E9A20E04F041B38518182890A2D50100A3DF33FCC9BD1644BD14FCA330AA9785000023EB1BDF0000"	"\Divisions\PD\Line Hailey\137959_Odessa_EHV-Odessa_Reconduct\MRLJ04"
"000000009598E9A20E04F041B38518182890A2D5010012225CC57BF01F4EA8CCA87A792FF35F0000264655140000"	"\Divisions\PD\Line Hailey\138156_Venus-Cedar_Hill\MRLJ03"
"000000009598E9A20E04F041B38518182890A2D50100A3DF33FCC9BD1644BD14FCA330AA978500002537F5E40000"	"\Divisions\PD\Line Hailey\138218_Means-Fullerton_69kV_RBLD\WA_15T63112\MRLJ02"
"000000009598E9A20E04F041B38518182890A2D50100A3DF33FCC9BD1644BD14FCA330AA978500002A96356F0000"	"\Divisions\PD\Line Hailey\138504_Holt_SW-N_Andrews\WA_15T63114"
"000000009598E9A20E04F041B38518182890A2D5010012225CC57BF01F4EA8CCA87A792FF35F000027EE5ADE0000"	"\Divisions\PD\Line Hailey\138504_Holt_SW-N_Andrews\WA_15T63114\MRLJ12"
"000000009598E9A20E04F041B38518182890A2D5010012225CC57BF01F4EA8CCA87A792FF35F000329D570BD0000"	"\Divisions\PD\Line Hailey\138797_August-Sub T-line_Project\dups"
"000000009598E9A20E04F041B38518182890A2D50100A3DF33FCC9BD1644BD14FCA330AA978500002A89EAC30000"	"\Divisions\PD\Line Hailey\139104_Cedar_Hill-So_Hampton\MRLJ01"
"000000009598E9A20E04F041B38518182890A2D50100A3DF33FCC9BD1644BD14FCA330AA97850000240657150000"	"\Divisions\PD\Line Hailey\139250_STRYKER CRK-LUFKIN"
"000000009598E9A20E04F041B38518182890A2D50100A3DF33FCC9BD1644BD14FCA330AA97850000255042C70000"	"\Divisions\PD\Line Hailey\139293_Buzzard_Draw-Lamesa\MRLJ03"
"000000009598E9A20E04F041B38518182890A2D50100A3DF33FCC9BD1644BD14FCA330AA978500002DA2AAC50000"	"\Divisions\PD\Line Hailey\139578_Sno_PUD_Turners_Corner-Woods_Crk\dups"
"000000009598E9A20E04F041B38518182890A2D5010012225CC57BF01F4EA8CCA87A792FF35F0000174D737A0000"	"\Divisions\PD\Line Hailey\140037_Hillsboro Sw_Sta_AutoTransformer\MRLJ01"
"000000009598E9A20E04F041B38518182890A2D50100A3DF33FCC9BD1644BD14FCA330AA978500002B518FFE0000"	"\Divisions\PD\Line Hailey\140906-Manor_Grayson-PPL"
"000000009598E9A20E04F041B38518182890A2D5010012225CC57BF01F4EA8CCA87A792FF35F00010A95AC5B0000"	"\Divisions\PD\Line Hailey\141183_CROWN RD - NORWOOD SW STA \00_WA Not Open - Order Requests"
"000000009598E9A20E04F041B38518182890A2D5010012225CC57BF01F4EA8CCA87A792FF35F00030EAF7FAA0000"	"\Divisions\PD\Line Hailey\141183_CROWN RD - NORWOOD SW STA \MRLJ13"
"000000009598E9A20E04F041B38518182890A2D5010012225CC57BF01F4EA8CCA87A792FF35F00009A3F309B0000"	"\Divisions\PD\Line Hailey\141306_Lake_Wichita_Sw_Sta-Wichita_Falls"
"000000009598E9A20E04F041B38518182890A2D50100A3DF33FCC9BD1644BD14FCA330AA978500002C81C59F0000"	"\Divisions\PD\Line Hailey\141398_Trinidad-Richland\MRLJ01"
"000000009598E9A20E04F041B38518182890A2D5010012225CC57BF01F4EA8CCA87A792FF35F0000826120670000"	"\Divisions\PD\Line Hailey\141436_Norwood-Amelia\MRLJ04"
"000000009598E9A20E04F041B38518182890A2D50100A3DF33FCC9BD1644BD14FCA330AA978500002C961DEF0000"	"\Divisions\PD\Line Hailey\141527-Cleanline-towers"
"000000009598E9A20E04F041B38518182890A2D5010012225CC57BF01F4EA8CCA87A792FF35F00002D5DDDCF0000"	"\Divisions\PD\Line Hailey\141658_Holt_N_Andrews-Midland_Farms\17T63023\MRLJ01"
"000000009598E9A20E04F041B38518182890A2D5010012225CC57BF01F4EA8CCA87A792FF35F000193D2251B0000"	"\Divisions\PD\Line Hailey\141659_Holt - Andrews N-Andrews Cty S\WA 17T63137\MRLJ01"
"000000009598E9A20E04F041B38518182890A2D5010012225CC57BF01F4EA8CCA87A792FF35F0000FD2CBF040000"	"\Divisions\PD\Line Hailey\141803_Wedgewood Sw Sta-Forest Hill Sta\MRLJ03_Steel Poles"
"000000009598E9A20E04F041B38518182890A2D50100A3DF33FCC9BD1644BD14FCA330AA978500002B233EB10000"	"\Divisions\PD\Line Hailey\142237_TG_Sagebrush_Line"
"000000009598E9A20E04F041B38518182890A2D5010012225CC57BF01F4EA8CCA87A792FF35F00008A740C9D0000"	"\Divisions\PD\Line Hailey\142859_PERMIAN BASIN-MOSS: YUCCA"
"000000009598E9A20E04F041B38518182890A2D5010012225CC57BF01F4EA8CCA87A792FF35F00008C3235C20000"	"\Divisions\PD\Line Hailey\142862_ODESSA N-PERMIAN BASIN: YUCCA\MRLJ01_Concrete_Pole"
"000000009598E9A20E04F041B38518182890A2D5010012225CC57BF01F4EA8CCA87A792FF35F00005595F1200000"	"\Divisions\PD\Line Hailey\143063-Manor_Graceton-FDN"
"000000009598E9A20E04F041B38518182890A2D50100A3DF33FCC9BD1644BD14FCA330AA978500002D99CC160000"	"\Divisions\PD\Line Hailey\143326_BR_740_R-STFR-2_NERC_REMED"
"000000009598E9A20E04F041B38518182890A2D5010012225CC57BF01F4EA8CCA87A792FF35F0000174D73760000"	"\Divisions\PD\Line Hailey\143548_HECO_City_Center"
"000000009598E9A20E04F041B38518182890A2D5010012225CC57BF01F4EA8CCA87A792FF35F0001E5319E570000"	"\Divisions\PD\Line Hailey\143834_Smart_Wires_Support\T2_PSEG"
"000000009598E9A20E04F041B38518182890A2D5010012225CC57BF01F4EA8CCA87A792FF35F0000B10731AC0000"	"\Divisions\PD\Line Hailey\143957_Tricorner_WATERMILL–TRINIDAD"
"000000009598E9A20E04F041B38518182890A2D5010012225CC57BF01F4EA8CCA87A792FF35F0000DC3DE7400000"	"\Divisions\PD\Line Hailey\143961_Tricorner_SEAGOVILLE-TRICORNER\MRLJ03"
"000000009598E9A20E04F041B38518182890A2D5010012225CC57BF01F4EA8CCA87A792FF35F00017A2D11D70000"	"\Divisions\PD\Line Hailey\144305_STN-4320H_STRCTR_COMPRTV_STDY\Nva Pozo Almonte-Condores\dups"
"000000009598E9A20E04F041B38518182890A2D5010012225CC57BF01F4EA8CCA87A792FF35F000049C4B1D60000"	"\Divisions\PD\Line Hailey\144455_Trinidad-Winkler\MRLJ07"
"000000009598E9A20E04F041B38518182890A2D5010012225CC57BF01F4EA8CCA87A792FF35F0000A0FDF5890000"	"\Divisions\PD\Line Hailey\144634_Hutto-Pflugerville"
"000000009598E9A20E04F041B38518182890A2D5010012225CC57BF01F4EA8CCA87A792FF35F000114281C450000"	"\Divisions\PD\Line Hailey\144887_Bob-Eldorado\dups"
"000000009598E9A20E04F041B38518182890A2D5010012225CC57BF01F4EA8CCA87A792FF35F0000EF4E79A90000"	"\Divisions\PD\Line Hailey\145251_Watermill Sw Sta-Camp Wisdom Rd\MRLJ04_Steel_Poles"
"000000009598E9A20E04F041B38518182890A2D5010012225CC57BF01F4EA8CCA87A792FF35F0001D336BC920000"	"\Divisions\PD\Line Hailey\145469_Yucca Dr - AEP Barilla Jct\17T63048\MRLJ09"
"000000009598E9A20E04F041B38518182890A2D5010012225CC57BF01F4EA8CCA87A792FF35F0001155FA60F0000"	"\Divisions\PD\Line Hailey\145544_Cedar_Crest-Industrial_Wall_St\MRLJ03"
"000000009598E9A20E04F041B38518182890A2D5010012225CC57BF01F4EA8CCA87A792FF35F00009620BFD50000"	"\Divisions\PD\Line Hailey\145628_Chapel_Hill-Wilkes"
"000000009598E9A20E04F041B38518182890A2D5010012225CC57BF01F4EA8CCA87A792FF35F00023D21823E0000"	"\Divisions\PD\Line Hailey\145911_Northaven Lines\16T65186_Northaven-Preston\2018-12-05_Kwame-Order 305695"
"000000009598E9A20E04F041B38518182890A2D5010012225CC57BF01F4EA8CCA87A792FF35F0002875A8C070000"	"\Divisions\PD\Line Hailey\145911_Northaven Lines\16T65186_Northaven-Preston\MRLJ14"
"000000009598E9A20E04F041B38518182890A2D5010012225CC57BF01F4EA8CCA87A792FF35F00011D8C7A870000"	"\Divisions\PD\Line Hailey\146556_LONG_SPAN_STUDY\dups"
"000000009598E9A20E04F041B38518182890A2D5010012225CC57BF01F4EA8CCA87A792FF35F000167BB69A80000"	"\Divisions\PD\Line Hailey\147934_Code Purple Design"
"000000009598E9A20E04F041B38518182890A2D5010012225CC57BF01F4EA8CCA87A792FF35F00010A95AC690000"	"\Divisions\PD\Line Hailey\148231_FJORD KRYDSNING"
"000000009598E9A20E04F041B38518182890A2D5010012225CC57BF01F4EA8CCA87A792FF35F000312A49F4F0000"	"\Divisions\PD\Line Hailey\148326_Cedar Crest-Wall St\OPT 38736\MRLJ03"
"000000009598E9A20E04F041B38518182890A2D5010012225CC57BF01F4EA8CCA87A792FF35F00013CB5CA210000"	"\Divisions\PD\Line Hailey\149288_SRP_PRC UG Line Design"
"000000009598E9A20E04F041B38518182890A2D5010012225CC57BF01F4EA8CCA87A792FF35F0001735EB96A0000"	"\Divisions\PD\Line Hailey\150786-ICE Grid Modernization"
"000000009598E9A20E04F041B38518182890A2D5010012225CC57BF01F4EA8CCA87A792FF35F000207D44EBE0000"	"\Divisions\PD\Line Hailey\151641_General Motors-International Airport\MRLJ07"
"000000009598E9A20E04F041B38518182890A2D5010012225CC57BF01F4EA8CCA87A792FF35F00026E5A22250000"	"\Divisions\PD\Line Hailey\151713_SAGINAW 138KV SW STA REB\Material Tracking (LJ Folder)\MRLJ01_Steel Pole Order"
"000000009598E9A20E04F041B38518182890A2D5010012225CC57BF01F4EA8CCA87A792FF35F0001F9373BFF0000"	"\Divisions\PD\Line Hailey\152562_Handley Sw-Liggett_Retermination At Airport\MRLJ02_Steel Poles"
"000000009598E9A20E04F041B38518182890A2D5010012225CC57BF01F4EA8CCA87A792FF35F00021D59BD360000"	"\Divisions\PD\Line Hailey\153043_Venus Sw-Sardis Sw"
"000000009598E9A20E04F041B38518182890A2D5010012225CC57BF01F4EA8CCA87A792FF35F0002423DB5290000"	"\Divisions\PD\Line Hailey\153605_Village Creek Tap-Bowen"
"000000009598E9A20E04F041B38518182890A2D5010012225CC57BF01F4EA8CCA87A792FF35F000227137F620000"	"\Divisions\PD\Line Hailey\153698_KEMP RANCH SW-GENUS #2\MRLJ02"
"000000009598E9A20E04F041B38518182890A2D5010012225CC57BF01F4EA8CCA87A792FF35F00026E5A222B0000"	"\Divisions\PD\Line Hailey\153757_HANDLEY SW.-DEEN SW\Material Tracking_LJ\MRLJ01_Steel Poles"
"000000009598E9A20E04F041B38518182890A2D5010012225CC57BF01F4EA8CCA87A792FF35F00025BE0B5C20000"	"\Divisions\PD\Line Hailey\153759_EAGLE MT SW.-DEEN SW\Material Tracking_LJ\MRLJ01_Steel Poles"
"000000009598E9A20E04F041B38518182890A2D5010012225CC57BF01F4EA8CCA87A792FF35F0001F67CE0A10000"	"\Divisions\PD\Line Hailey\154032_T355 CHF BRDY-GRGTWN OPGW"
"000000009598E9A20E04F041B38518182890A2D5010012225CC57BF01F4EA8CCA87A792FF35F00032F35F5B10000"	"\Divisions\PD\Line Hailey\154678_Odessa EHV Sw-Wolf Sw\0PT 40117\MRLJ01"
"000000009598E9A20E04F041B38518182890A2D5010012225CC57BF01F4EA8CCA87A792FF35F0002F3B8E5CF0000"	"\Divisions\PD\Line Hailey\154678_Odessa EHV Sw-Wolf Sw\MRTW03_Tower Order"
"000000009598E9A20E04F041B38518182890A2D5010012225CC57BF01F4EA8CCA87A792FF35F0002A9804DD80000"	"\Divisions\PD\Line Hailey\154683_Odessa EHV Sw-Moss\MRLJ04_Temp Bypass Mtrl"
"000000009598E9A20E04F041B38518182890A2D5010012225CC57BF01F4EA8CCA87A792FF35F0002669286120000"	"\Divisions\PD\Line Hailey\155311_Owl Hills Sw-Tunstill POD Sta\MRLJ01_Std Tangents"
"000000009598E9A20E04F041B38518182890A2D5010012225CC57BF01F4EA8CCA87A792FF35F0002541294450000"	"\Divisions\PD\Line Hailey\155484-LCRA Training"
"000000009598E9A20E04F041B38518182890A2D5010012225CC57BF01F4EA8CCA87A792FF35F000297759ECD0000"	"\Divisions\PD\Line Hailey\156389_Riverton Sw-Sand-Split WA\MRLJ02_Steel Twrs-LocWeld"
"000000009598E9A20E04F041B38518182890A2D5010012225CC57BF01F4EA8CCA87A792FF35F000366AF5C9E0000"	"\Divisions\PD\Line Hailey\156541_LAKE CRK SW-WACO EAST SW\MRLJ04"
"000000009598E9A20E04F041B38518182890A2D5010012225CC57BF01F4EA8CCA87A792FF35F0002ED0BDDA50000"	"\Divisions\PD\Line Hailey\158252_CHISHOLM-HICKS SW\MRLJ01 Steel Pole Order"
"000000009598E9A20E04F041B38518182890A2D5010012225CC57BF01F4EA8CCA87A792FF35F0002FE7C35760000"	"\Divisions\PD\Line Hailey\158888_SEE PROJWISE\MRLJ03"
"000000009598E9A20E04F041B38518182890A2D5010012225CC57BF01F4EA8CCA87A792FF35F0002E676F3B00000"	"\Divisions\PD\Line Hailey\159436_ALPHA RD-KNOLL TRAIL\OPT 39714 Northaven-Preston RD\159436-New # for Proj 145911_Per Kirby\MRLJ01_POLE ORDER"
"000000009598E9A20E04F041B38518182890A2D501001296C725372D7F4B86B758A22EA3141B000000513AFC0000"	"\Divisions\PD\Line Hailey\Allegheny TrAIL"
"000000009598E9A20E04F041B38518182890A2D50100E34BFE500669CD49AC2E27C6C54DE39D000000146E980000"	"\Divisions\PD\Line Hailey\Allegheny TrAIL\Phasing"
"000000009598E9A20E04F041B38518182890A2D501001296C725372D7F4B86B758A22EA3141B0000004F317E0000"	"\Divisions\PD\Line Hailey\BD_Efforts\111555-PaloAlto"
"000000009598E9A20E04F041B38518182890A2D50100572FF007A7D6B64CA96E5CFE8E1CC1A400000051199F0000"	"\Divisions\PD\Line Hailey\BD_Efforts\116196_ILM\Safety"
"000000009598E9A20E04F041B38518182890A2D50100572FF007A7D6B64CA96E5CFE8E1CC1A40000003B38190000"	"\Divisions\PD\Line Hailey\BD_Efforts\119980_Next-Lonestar CREZ"
"000000009598E9A20E04F041B38518182890A2D50100572FF007A7D6B64CA96E5CFE8E1CC1A40000005119BD0000"	"\Divisions\PD\Line Hailey\BD_Efforts\120020-NTL\Special_Investigations"
"000000009598E9A20E04F041B38518182890A2D50100CB7D9B6512D7374A860FE542D577039200000115E3450000"	"\Divisions\PD\Line Hailey\BD_Efforts\122656_ICG-Stones Edge Power"
"000000009598E9A20E04F041B38518182890A2D501001953B16A689BCD4AA8FC82955DB27CB10000018FF6F50000"	"\Divisions\PD\Line Hailey\BD_Efforts\Acciona"
"000000009598E9A20E04F041B38518182890A2D50100A3DF33FCC9BD1644BD14FCA330AA978500001D65B3F60000"	"\Divisions\PD\Line Hailey\BD_Efforts\AEP\2014"
"000000009598E9A20E04F041B38518182890A2D50100A3DF33FCC9BD1644BD14FCA330AA978500001736DF0D0000"	"\Divisions\PD\Line Hailey\BD_Efforts\Akuo Energy\Indiana Wind Project"
"000000009598E9A20E04F041B38518182890A2D50100A3DF33FCC9BD1644BD14FCA330AA97850000219773BF0000"	"\Divisions\PD\Line Hailey\BD_Efforts\Allteck"
"000000009598E9A20E04F041B38518182890A2D50100A3DF33FCC9BD1644BD14FCA330AA978500001FA906850000"	"\Divisions\PD\Line Hailey\BD_Efforts\Alta Gas\General"
"000000009598E9A20E04F041B38518182890A2D50100A3DF33FCC9BD1644BD14FCA330AA978500002DF149620000"	"\Divisions\PD\Line Hailey\BD_Efforts\Anderson and Wood\2016\Drone Flight"
"000000009598E9A20E04F041B38518182890A2D50100A3DF33FCC9BD1644BD14FCA330AA9785000028FC38450000"	"\Divisions\PD\Line Hailey\BD_Efforts\ARB\2016\SCE_BESS"
"000000009598E9A20E04F041B38518182890A2D50100A3DF33FCC9BD1644BD14FCA330AA978500001978C8870000"	"\Divisions\PD\Line Hailey\BD_Efforts\Atlantic Power_Ridgeline\Canadian Hills"
"000000009598E9A20E04F041B38518182890A2D50100A3DF33FCC9BD1644BD14FCA330AA978500001757858C0000"	"\Divisions\PD\Line Hailey\BD_Efforts\bc_hydro-steel-pole"
"000000009598E9A20E04F041B38518182890A2D50100A3DF33FCC9BD1644BD14FCA330AA978500001CEA87510000"	"\Divisions\PD\Line Hailey\BD_Efforts\Black Hills Power"
"000000009598E9A20E04F041B38518182890A2D50100572FF007A7D6B64CA96E5CFE8E1CC1A40000005723D40000"	"\Divisions\PD\Line Hailey\BD_Efforts\Bluarc"
"000000009598E9A20E04F041B38518182890A2D50100A3DF33FCC9BD1644BD14FCA330AA97850000171D92B60000"	"\Divisions\PD\Line Hailey\BD_Efforts\Brookfield Renewable"
"000000009598E9A20E04F041B38518182890A2D50100A3DF33FCC9BD1644BD14FCA330AA9785000028588C530000"	"\Divisions\PD\Line Hailey\BD_Efforts\Brookfield Renewable\General"
"000000009598E9A20E04F041B38518182890A2D5010012225CC57BF01F4EA8CCA87A792FF35F000019E269520000"	"\Divisions\PD\Line Hailey\BD_Efforts\CEC-Clean Energy Consulting"
"000000009598E9A20E04F041B38518182890A2D50100A3DF33FCC9BD1644BD14FCA330AA978500002AFDC11B0000"	"\Divisions\PD\Line Hailey\BD_Efforts\Cheveron"
"000000009598E9A20E04F041B38518182890A2D50100A3DF33FCC9BD1644BD14FCA330AA978500001F7C9D0C0000"	"\Divisions\PD\Line Hailey\BD_Efforts\City of Boulder City\2014\69 kV Line Alternatives Study"
"000000009598E9A20E04F041B38518182890A2D50100A3DF33FCC9BD1644BD14FCA330AA9785000028493D6C0000"	"\Divisions\PD\Line Hailey\BD_Efforts\Clean Line\2016\Plains and Eastern"
"000000009598E9A20E04F041B38518182890A2D50100A3DF33FCC9BD1644BD14FCA330AA9785000024AA837C0000"	"\Divisions\PD\Line Hailey\BD_Efforts\Coos Curry Electric Coop\2015\N_Brookings_Sub-Brookings"
"000000009598E9A20E04F041B38518182890A2D50100A3DF33FCC9BD1644BD14FCA330AA978500002BBCEDFD0000"	"\Divisions\PD\Line Hailey\BD_Efforts\Detente\2016\Solar Plant_Subs_Lines"
"000000009598E9A20E04F041B38518182890A2D5010012225CC57BF01F4EA8CCA87A792FF35F00029FCE02B00000"	"\Divisions\PD\Line Hailey\BD_Efforts\EDM\2019\CEATI_Failure Data Collection"
"000000009598E9A20E04F041B38518182890A2D5010012225CC57BF01F4EA8CCA87A792FF35F0001197225B20000"	"\Divisions\PD\Line Hailey\BD_Efforts\EKPC\2017\Fugro_LiDAR 3K"
"000000009598E9A20E04F041B38518182890A2D50100A3DF33FCC9BD1644BD14FCA330AA97850000179C80670000"	"\Divisions\PD\Line Hailey\BD_Efforts\ENEL\Wind and Solar GSA"
"000000009598E9A20E04F041B38518182890A2D50100A3DF33FCC9BD1644BD14FCA330AA97850000248501FD0000"	"\Divisions\PD\Line Hailey\BD_Efforts\Entergy\General"
"000000009598E9A20E04F041B38518182890A2D50100A3DF33FCC9BD1644BD14FCA330AA978500001AAF81510000"	"\Divisions\PD\Line Hailey\BD_Efforts\EoN\Grandview"
"000000009598E9A20E04F041B38518182890A2D50100A3DF33FCC9BD1644BD14FCA330AA97850000217B20DF0000"	"\Divisions\PD\Line Hailey\BD_Efforts\Exelon\2015"
"000000009598E9A20E04F041B38518182890A2D50100A3DF33FCC9BD1644BD14FCA330AA9785000024865F2F0000"	"\Divisions\PD\Line Hailey\BD_Efforts\First Solar\2015"
"000000009598E9A20E04F041B38518182890A2D50100A3DF33FCC9BD1644BD14FCA330AA978500002AC2349A0000"	"\Divisions\PD\Line Hailey\BD_Efforts\Forbes\2016"
"000000009598E9A20E04F041B38518182890A2D5010012225CC57BF01F4EA8CCA87A792FF35F000072BD7BC60000"	"\Divisions\PD\Line Hailey\BD_Efforts\FUGRO\2017"
"000000009598E9A20E04F041B38518182890A2D50100A3DF33FCC9BD1644BD14FCA330AA97850000261544290000"	"\Divisions\PD\Line Hailey\BD_Efforts\General Cable\2015"
"000000009598E9A20E04F041B38518182890A2D50100A3DF33FCC9BD1644BD14FCA330AA978500001807B7860000"	"\Divisions\PD\Line Hailey\BD_Efforts\GLP\2012 Projects\Algoma Northern 115kV"
"000000009598E9A20E04F041B38518182890A2D50100A3DF33FCC9BD1644BD14FCA330AA978500002CAF22B90000"	"\Divisions\PD\Line Hailey\BD_Efforts\GLP\2016\Clergue Line - Insulators"
"000000009598E9A20E04F041B38518182890A2D50100572FF007A7D6B64CA96E5CFE8E1CC1A40000005C77730000"	"\Divisions\PD\Line Hailey\BD_Efforts\Granite Falls_Jeff Allred"
"000000009598E9A20E04F041B38518182890A2D5010012225CC57BF01F4EA8CCA87A792FF35F000124BAED900000"	"\Divisions\PD\Line Hailey\BD_Efforts\GrupoSaesa\2017"
"000000009598E9A20E04F041B38518182890A2D5010012225CC57BF01F4EA8CCA87A792FF35F00019ED8C1ED0000"	"\Divisions\PD\Line Hailey\BD_Efforts\Hatch_Canada\2018"
"000000009598E9A20E04F041B38518182890A2D50100A3DF33FCC9BD1644BD14FCA330AA97850000172510860000"	"\Divisions\PD\Line Hailey\BD_Efforts\Heco\Staff Augmentation"
"000000009598E9A20E04F041B38518182890A2D5010012225CC57BF01F4EA8CCA87A792FF35F0000D6CEA5EE0000"	"\Divisions\PD\Line Hailey\BD_Efforts\Hydro One\General"
"000000009598E9A20E04F041B38518182890A2D50100A3DF33FCC9BD1644BD14FCA330AA978500001CDC8EFE0000"	"\Divisions\PD\Line Hailey\BD_Efforts\Iberdrola\Penascal Switchgear"
"000000009598E9A20E04F041B38518182890A2D50100572FF007A7D6B64CA96E5CFE8E1CC1A40000005E36300000"	"\Divisions\PD\Line Hailey\BD_Efforts\IEC_LADWP_Lidar"
"000000009598E9A20E04F041B38518182890A2D5010012225CC57BF01F4EA8CCA87A792FF35F0000D26A59860000"	"\Divisions\PD\Line Hailey\BD_Efforts\ITC"
"000000009598E9A20E04F041B38518182890A2D50100A3DF33FCC9BD1644BD14FCA330AA978500001C86E0DB0000"	"\Divisions\PD\Line Hailey\BD_Efforts\Juwi Wind\BnH Wind I"
"000000009598E9A20E04F041B38518182890A2D5010012225CC57BF01F4EA8CCA87A792FF35F00008C32359C0000"	"\Divisions\PD\Line Hailey\BD_Efforts\KETRACO\2016\400_220 kV System"
"000000009598E9A20E04F041B38518182890A2D5010012225CC57BF01F4EA8CCA87A792FF35F0000F7DBADEE0000"	"\Divisions\PD\Line Hailey\BD_Efforts\Lamifil\2017"
"000000009598E9A20E04F041B38518182890A2D5010012225CC57BF01F4EA8CCA87A792FF35F0001DF3308CF0000"	"\Divisions\PD\Line Hailey\BD_Efforts\LATIN AMERICA\Brazil\2018\IDB Thor"
"000000009598E9A20E04F041B38518182890A2D50100A3DF33FCC9BD1644BD14FCA330AA978500002BC7EF350000"	"\Divisions\PD\Line Hailey\BD_Efforts\LATIN AMERICA\Central America\Costa Rica\ICE\01 General"
"000000009598E9A20E04F041B38518182890A2D50100A3DF33FCC9BD1644BD14FCA330AA978500002BC7BB0E0000"	"\Divisions\PD\Line Hailey\BD_Efforts\LATIN AMERICA\Central America\Costa Rica\ICE\2016"
"000000009598E9A20E04F041B38518182890A2D5010012225CC57BF01F4EA8CCA87A792FF35F0001504E7A1E0000"	"\Divisions\PD\Line Hailey\BD_Efforts\LATIN AMERICA\Central America\Costa Rica\ICE\2017\Construction Support"
"000000009598E9A20E04F041B38518182890A2D5010012225CC57BF01F4EA8CCA87A792FF35F00016AA4C3960000"	"\Divisions\PD\Line Hailey\BD_Efforts\LATIN AMERICA\Central America\Costa Rica\ICE\2018\Reactive Compensation"
"000000009598E9A20E04F041B38518182890A2D50100A3DF33FCC9BD1644BD14FCA330AA978500002BC85AC20000"	"\Divisions\PD\Line Hailey\BD_Efforts\LATIN AMERICA\Central America\Costa Rica\ICE\Old Projects\2015\Needs Assessment"
"000000009598E9A20E04F041B38518182890A2D50100A3DF33FCC9BD1644BD14FCA330AA978500002BC89D450000"	"\Divisions\PD\Line Hailey\BD_Efforts\LATIN AMERICA\Central America\Costa Rica\ICE\Old Projects\Garita"
"000000009598E9A20E04F041B38518182890A2D50100A3DF33FCC9BD1644BD14FCA330AA978500002BC8F0280000"	"\Divisions\PD\Line Hailey\BD_Efforts\LATIN AMERICA\Central America\Costa Rica\ICE\Old Projects\New Technologies"
"000000009598E9A20E04F041B38518182890A2D50100A3DF33FCC9BD1644BD14FCA330AA978500002BC8057E0000"	"\Divisions\PD\Line Hailey\BD_Efforts\LATIN AMERICA\Central America\Costa Rica\ICE\Opiniones"
"000000009598E9A20E04F041B38518182890A2D50100A3DF33FCC9BD1644BD14FCA330AA978500002BC752890000"	"\Divisions\PD\Line Hailey\BD_Efforts\LATIN AMERICA\Central America\Costa Rica\XPERTEC\Projects\Potential Projects"
"000000009598E9A20E04F041B38518182890A2D50100A3DF33FCC9BD1644BD14FCA330AA978500002BCAD2B80000"	"\Divisions\PD\Line Hailey\BD_Efforts\LATIN AMERICA\Central America\EPR\2016\Wind study"
"000000009598E9A20E04F041B38518182890A2D50100A3DF33FCC9BD1644BD14FCA330AA978500002D55CA240000"	"\Divisions\PD\Line Hailey\BD_Efforts\LATIN AMERICA\Central America\Panama\ETESA\2016\Chiriqui Grande III"
"000000009598E9A20E04F041B38518182890A2D50100A3DF33FCC9BD1644BD14FCA330AA978500002C0D95FA0000"	"\Divisions\PD\Line Hailey\BD_Efforts\LATIN AMERICA\Central America\REDCA\01 General"
"000000009598E9A20E04F041B38518182890A2D50100A3DF33FCC9BD1644BD14FCA330AA978500002B6292A60000"	"\Divisions\PD\Line Hailey\BD_Efforts\LATIN AMERICA\Chile\Transelec\01 General\GSA_Project Contract"
"000000009598E9A20E04F041B38518182890A2D5010012225CC57BF01F4EA8CCA87A792FF35F0000BEBBD47A0000"	"\Divisions\PD\Line Hailey\BD_Efforts\LATIN AMERICA\Chile\Transelec\2017\Substation Seismic Design"
"000000009598E9A20E04F041B38518182890A2D50100A3DF33FCC9BD1644BD14FCA330AA978500002BC698C80000"	"\Divisions\PD\Line Hailey\BD_Efforts\LATIN AMERICA\Colombia\ISA\2016"
"000000009598E9A20E04F041B38518182890A2D50100A3DF33FCC9BD1644BD14FCA330AA978500002BC5EDD20000"	"\Divisions\PD\Line Hailey\BD_Efforts\LATIN AMERICA\Mexico\CFE\2016"
"000000009598E9A20E04F041B38518182890A2D50100A3DF33FCC9BD1644BD14FCA330AA978500002CA3E1BF0000"	"\Divisions\PD\Line Hailey\BD_Efforts\LATIN AMERICA\Mexico\Think Forward Power"
"000000009598E9A20E04F041B38518182890A2D50100A3DF33FCC9BD1644BD14FCA330AA978500002BC6F2650000"	"\Divisions\PD\Line Hailey\BD_Efforts\LATIN AMERICA\Quanta International\01 General"
"000000009598E9A20E04F041B38518182890A2D50100A3DF33FCC9BD1644BD14FCA330AA9785000019C2F1970000"	"\Divisions\PD\Line Hailey\BD_Efforts\LCRA\June 2013 138 kV Upgrade"
"000000009598E9A20E04F041B38518182890A2D50100A3DF33FCC9BD1644BD14FCA330AA9785000025EE0A500000"	"\Divisions\PD\Line Hailey\BD_Efforts\Matrix NAC\2015\SunEdison"
"000000009598E9A20E04F041B38518182890A2D501001953B16A689BCD4AA8FC82955DB27CB100000118E2390000"	"\Divisions\PD\Line Hailey\BD_Efforts\Michels\Heartland"
"000000009598E9A20E04F041B38518182890A2D5010012225CC57BF01F4EA8CCA87A792FF35F00021D59BD320000"	"\Divisions\PD\Line Hailey\BD_Efforts\Minnesota Power\2018"
"000000009598E9A20E04F041B38518182890A2D50100A3DF33FCC9BD1644BD14FCA330AA978500001D8E3A560000"	"\Divisions\PD\Line Hailey\BD_Efforts\MWH"
"000000009598E9A20E04F041B38518182890A2D501001953B16A689BCD4AA8FC82955DB27CB10000013AAF8F0000"	"\Divisions\PD\Line Hailey\BD_Efforts\NextEra\NEXTera-Quad Cities Express"
"000000009598E9A20E04F041B38518182890A2D50100A3DF33FCC9BD1644BD14FCA330AA9785000021924FB50000"	"\Divisions\PD\Line Hailey\BD_Efforts\Norden_AVAL\GIS"
"000000009598E9A20E04F041B38518182890A2D50100A3DF33FCC9BD1644BD14FCA330AA97850000187DBE8F0000"	"\Divisions\PD\Line Hailey\BD_Efforts\NTPC_Northwest Territories Power Corp\Yellowknife River Crossing"
"000000009598E9A20E04F041B38518182890A2D50100A3DF33FCC9BD1644BD14FCA330AA97850000200E08F60000"	"\Divisions\PD\Line Hailey\BD_Efforts\Okanogan County Electric Co-Operative\General"
"000000009598E9A20E04F041B38518182890A2D5010012225CC57BF01F4EA8CCA87A792FF35F000200BFC83A0000"	"\Divisions\PD\Line Hailey\BD_Efforts\PacifiCorp\2018\Grass Creek P360 Portal"
"000000009598E9A20E04F041B38518182890A2D5010012225CC57BF01F4EA8CCA87A792FF35F0000D26A597E0000"	"\Divisions\PD\Line Hailey\BD_Efforts\Pattern Energy\2017"
"000000009598E9A20E04F041B38518182890A2D50100A3DF33FCC9BD1644BD14FCA330AA978500002B4F67C20000"	"\Divisions\PD\Line Hailey\BD_Efforts\PHI_PEPCO Holdings"
"000000009598E9A20E04F041B38518182890A2D501001953B16A689BCD4AA8FC82955DB27CB1000001E051FA0000"	"\Divisions\PD\Line Hailey\BD_Efforts\Powertel"
"000000009598E9A20E04F041B38518182890A2D50100A3DF33FCC9BD1644BD14FCA330AA97850000212608EC0000"	"\Divisions\PD\Line Hailey\BD_Efforts\Powertel\2015\Dryden to Pickle Lake"
"000000009598E9A20E04F041B38518182890A2D5010012225CC57BF01F4EA8CCA87A792FF35F00019443EB550000"	"\Divisions\PD\Line Hailey\BD_Efforts\Project Spokane\2018\Missoula Krypto Mining Substation"
"000000009598E9A20E04F041B38518182890A2D50100A3DF33FCC9BD1644BD14FCA330AA978500002B8331AB0000"	"\Divisions\PD\Line Hailey\BD_Efforts\Recurrent\2016\ROW Matrix"
"000000009598E9A20E04F041B38518182890A2D50100A3DF33FCC9BD1644BD14FCA330AA97850000174351230000"	"\Divisions\PD\Line Hailey\BD_Efforts\RES"
"000000009598E9A20E04F041B38518182890A2D50100A3DF33FCC9BD1644BD14FCA330AA97850000285521050000"	"\Divisions\PD\Line Hailey\BD_Efforts\Rock Creek Hydro\General"
"000000009598E9A20E04F041B38518182890A2D50100A3DF33FCC9BD1644BD14FCA330AA978500001DE0BDC80000"	"\Divisions\PD\Line Hailey\BD_Efforts\RS Technologies\2014\PE Stamp California"
"000000009598E9A20E04F041B38518182890A2D5010012225CC57BF01F4EA8CCA87A792FF35F0000AC8758BD0000"	"\Divisions\PD\Line Hailey\BD_Efforts\RTA-Rio Tinto Alcan\2017"
"000000009598E9A20E04F041B38518182890A2D5010012225CC57BF01F4EA8CCA87A792FF35F00018BFC69AF0000"	"\Divisions\PD\Line Hailey\BD_Efforts\SanMiguelPA\2018\Ouray-Silverton"
"000000009598E9A20E04F041B38518182890A2D5010012225CC57BF01F4EA8CCA87A792FF35F00010FCB09C70000"	"\Divisions\PD\Line Hailey\BD_Efforts\SaskPower\2017\QEPS Governor Controls Upgrade"
"000000009598E9A20E04F041B38518182890A2D50100A3DF33FCC9BD1644BD14FCA330AA9785000026B1CF980000"	"\Divisions\PD\Line Hailey\BD_Efforts\SCE\General"
"000000009598E9A20E04F041B38518182890A2D50100A3DF33FCC9BD1644BD14FCA330AA97850000171D2BA60000"	"\Divisions\PD\Line Hailey\BD_Efforts\Seattle City Light\Denny Sustation"
"000000009598E9A20E04F041B38518182890A2D5010012225CC57BF01F4EA8CCA87A792FF35F000049C4B1440000"	"\Divisions\PD\Line Hailey\BD_Efforts\Smartwires\2016\T5_Router Bypass"
"000000009598E9A20E04F041B38518182890A2D50100A3DF33FCC9BD1644BD14FCA330AA978500002ABC760F0000"	"\Divisions\PD\Line Hailey\BD_Efforts\SoCore Energy"
"000000009598E9A20E04F041B38518182890A2D50100A3DF33FCC9BD1644BD14FCA330AA97850000167C31480000"	"\Divisions\PD\Line Hailey\BD_Efforts\SSVEC_69 kV\Mortenson-Bonita"
"000000009598E9A20E04F041B38518182890A2D501001953B16A689BCD4AA8FC82955DB27CB10000011FEB690000"	"\Divisions\PD\Line Hailey\BD_Efforts\Surprise Valley\Cost Estimate 115 kV"
"000000009598E9A20E04F041B38518182890A2D5010012225CC57BF01F4EA8CCA87A792FF35F00006818D6BF0000"	"\Divisions\PD\Line Hailey\BD_Efforts\Terna"
"000000009598E9A20E04F041B38518182890A2D5010012225CC57BF01F4EA8CCA87A792FF35F000148E6122A0000"	"\Divisions\PD\Line Hailey\BD_Efforts\Terra_Gen\2017\High Prairie - Ameren Interconnect"
"000000009598E9A20E04F041B38518182890A2D50100A3DF33FCC9BD1644BD14FCA330AA978500002214F3BF0000"	"\Divisions\PD\Line Hailey\BD_Efforts\Tetra Tech\General"
"000000009598E9A20E04F041B38518182890A2D50100A3DF33FCC9BD1644BD14FCA330AA97850000201297350000"	"\Divisions\PD\Line Hailey\BD_Efforts\Transource\2014\PJM_03_1Q 2015"
"000000009598E9A20E04F041B38518182890A2D5010012225CC57BF01F4EA8CCA87A792FF35F0000C5E55C8B0000"	"\Divisions\PD\Line Hailey\BD_Efforts\USTDA"
"000000009598E9A20E04F041B38518182890A2D50100A3DF33FCC9BD1644BD14FCA330AA9785000027207C550000"	"\Divisions\PD\Line Hailey\BD_Efforts\Vattenfall\General"
"000000009598E9A20E04F041B38518182890A2D5010012225CC57BF01F4EA8CCA87A792FF35F000183C9C0950000"	"\Divisions\PD\Line Hailey\BD_Efforts\Wataynikaneyap\2018"
"000000009598E9A20E04F041B38518182890A2D5010012225CC57BF01F4EA8CCA87A792FF35F000262142F7B0000"	"\Divisions\PD\Line Hailey\BD_Efforts\Wheeler Electric\2019\Raghorn 138 kV_Subs"
"000000009598E9A20E04F041B38518182890A2D50100A3DF33FCC9BD1644BD14FCA330AA9785000015B11DAE0000"	"\Divisions\PD\Line Hailey\BD_Efforts\Xcel Energy"
"000000009598E9A20E04F041B38518182890A2D50100572FF007A7D6B64CA96E5CFE8E1CC1A4000000105F8C0000"	"\Divisions\PD\Line Hailey\CLIENT_STDS_GENERAL"
"000000009598E9A20E04F041B38518182890A2D50100572FF007A7D6B64CA96E5CFE8E1CC1A40000005AC4390000"	"\Divisions\PD\Line Hailey\CLIENT_STDS_GENERAL\brazos-general\Cottonwood_Sub"
"000000009598E9A20E04F041B38518182890A2D501001296C725372D7F4B86B758A22EA3141B00000000A2780000"	"\Divisions\PD\Line Hailey\CLIENT_STDS_GENERAL\Oncor General"
"000000009598E9A20E04F041B38518182890A2D50100572FF007A7D6B64CA96E5CFE8E1CC1A40000001CC7460000"	"\Divisions\PD\Line Hailey\HWE-Simpson Ridge"
"000000009598E9A20E04F041B38518182890A2D50100A3DF33FCC9BD1644BD14FCA330AA978500001B1D26BD0000"	"\Divisions\PD\Line Hailey\Line Kansas City\122589 PEF-ALTAMONTE DSCADA PREP"
"000000009598E9A20E04F041B38518182890A2D50100A3DF33FCC9BD1644BD14FCA330AA978500001B1D26EA0000"	"\Divisions\PD\Line Hailey\Line Kansas City\127133 SO11103 McPhee/MNR SCADA"
"000000009598E9A20E04F041B38518182890A2D50100A3DF33FCC9BD1644BD14FCA330AA9785000018C9B2200000"	"\Divisions\PD\Line Hailey\Restored_Emails (Recovered)\105931-HELCO"
"000000009598E9A20E04F041B38518182890A2D50100A3DF33FCC9BD1644BD14FCA330AA9785000023107EC70000"	"\Divisions\PD\Line Hamilton\134174"
"000000009598E9A20E04F041B38518182890A2D50100A3DF33FCC9BD1644BD14FCA330AA978500002BC55E320000"	"\Divisions\PD\Line Hamilton\141731"
"000000009598E9A20E04F041B38518182890A2D5010012225CC57BF01F4EA8CCA87A792FF35F0000E19463E60000"	"\Divisions\PD\Line Hamilton\146984"
"000000009598E9A20E04F041B38518182890A2D5010012225CC57BF01F4EA8CCA87A792FF35F000213840FF40000"	"\Divisions\PD\Line Hamilton\153706"
"000000009598E9A20E04F041B38518182890A2D50100E34BFE500669CD49AC2E27C6C54DE39D0000000FB92E0000"	"\Divisions\PD\Line Houston\00-Closed Projects (remove by 11/09)\113056 Brazos"
"000000009598E9A20E04F041B38518182890A2D50100E34BFE500669CD49AC2E27C6C54DE39D0000003B833D0000"	"\Divisions\PD\Line Houston\00-Proposals_BD\122147_Oceanic_Consultants"
"000000009598E9A20E04F041B38518182890A2D50100E34BFE500669CD49AC2E27C6C54DE39D0000000AFD5D0000"	"\Divisions\PD\Line Houston\107391 Alaskan Way Via Duct\00 UPLOADED TO DMS or PWC\00 Meeting Minutes\009-042"
"000000009598E9A20E04F041B38518182890A2D50100E34BFE500669CD49AC2E27C6C54DE39D0000000AFD6C0000"	"\Divisions\PD\Line Houston\107391 Alaskan Way Via Duct\00 UPLOADED TO DMS or PWC\00 Meeting Minutes\AWV-098"
"000000009598E9A20E04F041B38518182890A2D50100E34BFE500669CD49AC2E27C6C54DE39D0000000AFD710000"	"\Divisions\PD\Line Houston\107391 Alaskan Way Via Duct\00 UPLOADED TO DMS or PWC\AWV-003 thru AWV-050"
"000000009598E9A20E04F041B38518182890A2D50100E34BFE500669CD49AC2E27C6C54DE39D0000000AFD840000"	"\Divisions\PD\Line Houston\107391 Alaskan Way Via Duct\00 UPLOADED TO DMS or PWC\AWV-003 thru AWV-050\AWV-043 WSBC Task Order BU-1"
"000000009598E9A20E04F041B38518182890A2D50100E34BFE500669CD49AC2E27C6C54DE39D0000000D591B0000"	"\Divisions\PD\Line Houston\107391 Alaskan Way Via Duct\00 UPLOADED TO DMS or PWC\AWV-050 thruy AWV-100\AWV-066"
"000000009598E9A20E04F041B38518182890A2D50100E34BFE500669CD49AC2E27C6C54DE39D0000000D59340000"	"\Divisions\PD\Line Houston\107391 Alaskan Way Via Duct\00 UPLOADED TO DMS or PWC\J_Joy_POWER_05-21-07"
"000000009598E9A20E04F041B38518182890A2D50100E34BFE500669CD49AC2E27C6C54DE39D0000003149960000"	"\Divisions\PD\Line Houston\120543_Blythe_Backup Service"
"000000009598E9A20E04F041B38518182890A2D50100A3DF33FCC9BD1644BD14FCA330AA978500001FD1E35B0000"	"\Divisions\PD\Line Houston\136223_AEP_Sciotoville_WO#"
"000000009598E9A20E04F041B38518182890A2D50100E34BFE500669CD49AC2E27C6C54DE39D0000000D59950000"	"\Divisions\PD\Line Houston\SEATTLE GROUP PROJECTS"
"000000009598E9A20E04F041B38518182890A2D50100A3DF33FCC9BD1644BD14FCA330AA97850000177508700000"	"\Divisions\PD\Line Kansas City\KC OOF"
"000000009598E9A20E04F041B38518182890A2D50100A3DF33FCC9BD1644BD14FCA330AA978500001B0080950000"	"\Divisions\PD\Line Orlando\131657-FPL-PRT EVERGLADES A-FRAME"
"000000009598E9A20E04F041B38518182890A2D50100A3DF33FCC9BD1644BD14FCA330AA978500001EEC12990000"	"\Divisions\PD\Line Orlando\135520-FPL-FT MYERS SUB PULL OFF STRUCTURE ANALYSIS"
"000000009598E9A20E04F041B38518182890A2D50100A3DF33FCC9BD1644BD14FCA330AA97850000200055090000"	"\Divisions\PD\Line Orlando\136286-FPL-T12835 CEDAR HYPOLUXO"
"000000009598E9A20E04F041B38518182890A2D50100A3DF33FCC9BD1644BD14FCA330AA97850000254E9DFE0000"	"\Divisions\PD\Line Orlando\139620-FPL-FIBERNET C-RAN ANYS 4 STRU"
"000000009598E9A20E04F041B38518182890A2D50100A3DF33FCC9BD1644BD14FCA330AA978500002A3DE9410000"	"\Divisions\PD\Line Orlando\141751-FPL-STR 118C11 HYPOLUXO"
"000000009598E9A20E04F041B38518182890A2D5010012225CC57BF01F4EA8CCA87A792FF35F000049C4B1520000"	"\Divisions\PD\Line Orlando\144409-DEF-EUSTIS-DONA VISTA 69KV"
"000000009598E9A20E04F041B38518182890A2D50100A3DF33FCC9BD1644BD14FCA330AA978500001B3625380000"	"\Divisions\PD\Line Portland\129839 - Oncor Cedar Hill Mtn Creek"
"000000009598E9A20E04F041B38518182890A2D50100A3DF33FCC9BD1644BD14FCA330AA978500001F18BB1E0000"	"\Divisions\PD\Line Portland\134633 - Oncor Eagle Mt-Wagley Robertson"
"000000009598E9A20E04F041B38518182890A2D50100A3DF33FCC9BD1644BD14FCA330AA9785000027DFC73C0000"	"\Divisions\PD\Line Portland\140906 - PPL Tower Models"
"000000009598E9A20E04F041B38518182890A2D5010012225CC57BF01F4EA8CCA87A792FF35F00009F6B9FDA0000"	"\Divisions\PD\Line Portland\145911 - Oncor Northaven-Preston Road N 138kV"
"000000009598E9A20E04F041B38518182890A2D5010012225CC57BF01F4EA8CCA87A792FF35F0001826BBEA10000"	"\Divisions\PD\Line Portland\151258 - AEP Airline Bus Tie 1"
"000000009598E9A20E04F041B38518182890A2D5010012225CC57BF01F4EA8CCA87A792FF35F0002ECB605370000"	"\Divisions\PD\Line Portland\159951 - ONCOR Las Colina-Norwood"
"000000009598E9A20E04F041B38518182890A2D50100A3DF33FCC9BD1644BD14FCA330AA978500001CC041DD0000"	"\Divisions\PD\Line San Diego\133273 Coastal Comm"
"000000009598E9A20E04F041B38518182890A2D5010012225CC57BF01F4EA8CCA87A792FF35F000374DB913C0000"	"\Divisions\PD\Line San Diego\155330 - Aliso H-Frame"
"000000009598E9A20E04F041B38518182890A2D50100A3DF33FCC9BD1644BD14FCA330AA978500001729456D0000"	"\Divisions\PD\Line Syracuse"
"000000009598E9A20E04F041B38518182890A2D5010012225CC57BF01F4EA8CCA87A792FF35F000158408A8A0000"	"\Divisions\PD\Line Syracuse\_PPL HOLD\148234 PPL SEG 3B-SHICKSHINNY LINE RETERM"
"000000009598E9A20E04F041B38518182890A2D50100572FF007A7D6B64CA96E5CFE8E1CC1A40000001292270000"	"\Divisions\PD\North Attleboro Project Site\00_DMS Upload"
"000000009598E9A20E04F041B38518182890A2D50100572FF007A7D6B64CA96E5CFE8E1CC1A400000014C0B60000"	"\Divisions\PD\North Attleboro Project Site\AIR's\Closed AIR's\0065"
"000000009598E9A20E04F041B38518182890A2D50100572FF007A7D6B64CA96E5CFE8E1CC1A40000001397E00000"	"\Divisions\PD\North Attleboro Project Site\AIR's\Open AIR's\0070"
"000000009598E9A20E04F041B38518182890A2D50100A3DF33FCC9BD1644BD14FCA330AA978500001CD077DA0000"	"\Divisions\PD\North Attleboro Project Site\Line Syracuse\132404 AEP-George St So Lynch 40436"
"000000009598E9A20E04F041B38518182890A2D50100E34BFE500669CD49AC2E27C6C54DE39D0000003DC13D0000"	"\Divisions\PD\North Attleboro Project Site\Projects\113516-New 345KV Line W.Farnum-Kent\DD-CM-01\Foundation"
"000000009598E9A20E04F041B38518182890A2D50100572FF007A7D6B64CA96E5CFE8E1CC1A400000012924A0000"	"\Divisions\PD\North Attleboro Project Site\Projects\113840-NEEWS - Project Management"
"000000009598E9A20E04F041B38518182890A2D50100A3DF33FCC9BD1644BD14FCA330AA97850000177187C70000"	"\Divisions\PD\North Attleboro Project Site\Projects\127780-SHERMAN RD SCADA IMPLEMENTATION"
"000000009598E9A20E04F041B38518182890A2D5010012225CC57BF01F4EA8CCA87A792FF35F0000EEC9691D0000"	"\Divisions\PD\Out of Office – Kansas City Calendar"
"000000009598E9A20E04F041B38518182890A2D501001296C725372D7F4B86B758A22EA3141B0000007829E50000"	"\Divisions\PD\PCI Sacramento\00-DMS Upload"
"000000009598E9A20E04F041B38518182890A2D50100A3DF33FCC9BD1644BD14FCA330AA978500001C9775850000"	"\Divisions\PD\PCI Sacramento\00-DMS Upload\Ameren - NERC Program\RFIs"
"000000009598E9A20E04F041B38518182890A2D501006C95E27D1ACA634AA1AADC20796388DD000000D241FA0000"	"\Divisions\PD\PCI Sacramento\117132 TMPA-CREZ\Photos"
"000000009598E9A20E04F041B38518182890A2D50100A3DF33FCC9BD1644BD14FCA330AA978500000E8625AC0000"	"\Divisions\PD\PCI Sacramento\117291 NPPD345KV AXTELL-KANSAS LINE\Axtell-Kansas\Safety"
"000000009598E9A20E04F041B38518182890A2D501001953B16A689BCD4AA8FC82955DB27CB1000001CEC65A0000"	"\Divisions\PD\PCI Sacramento\121690 ON Line Project\All Inspector Reports\Clipping In Reports"
"000000009598E9A20E04F041B38518182890A2D501001953B16A689BCD4AA8FC82955DB27CB1000001CEC62D0000"	"\Divisions\PD\PCI Sacramento\121690 ON Line Project\All Inspector Reports\Lattice Shake Down"
"000000009598E9A20E04F041B38518182890A2D501001953B16A689BCD4AA8FC82955DB27CB1000001CEC6430000"	"\Divisions\PD\PCI Sacramento\121690 ON Line Project\All Inspector Reports\Stub Angle"
"000000009598E9A20E04F041B38518182890A2D50100A3DF33FCC9BD1644BD14FCA330AA978500001766F6350000"	"\Divisions\PD\PCI Sacramento\121821 CENT LINCOLN RELIABLTY PROJECT"
"000000009598E9A20E04F041B38518182890A2D50100A3DF33FCC9BD1644BD14FCA330AA978500001876DD550000"	"\Divisions\PD\PCI Sacramento\128158 HAY LAKE SERIES CAP RELOCATE"
"000000009598E9A20E04F041B38518182890A2D50100A3DF33FCC9BD1644BD14FCA330AA978500001C97724D0000"	"\Divisions\PD\PCI Sacramento\132259 MO Program Management\001\Engineering"
"000000009598E9A20E04F041B38518182890A2D50100A3DF33FCC9BD1644BD14FCA330AA978500001C9772970000"	"\Divisions\PD\PCI Sacramento\132259 MO Program Management\002\Engineering Inspection"
"000000009598E9A20E04F041B38518182890A2D50100A3DF33FCC9BD1644BD14FCA330AA978500001C97753E0000"	"\Divisions\PD\PCI Sacramento\132259 MO Program Management\007\Environmental"
"000000009598E9A20E04F041B38518182890A2D50100A3DF33FCC9BD1644BD14FCA330AA978500001C9773B00000"	"\Divisions\PD\PCI Sacramento\132259 MO Program Management\010\Financial"
"000000009598E9A20E04F041B38518182890A2D50100A3DF33FCC9BD1644BD14FCA330AA978500001C97740B0000"	"\Divisions\PD\PCI Sacramento\132259 MO Program Management\011\Materials"
"000000009598E9A20E04F041B38518182890A2D50100A3DF33FCC9BD1644BD14FCA330AA978500001C9774530000"	"\Divisions\PD\PCI Sacramento\132259 MO Program Management\012\Meeting Items"
"000000009598E9A20E04F041B38518182890A2D50100A3DF33FCC9BD1644BD14FCA330AA978500001C9774A10000"	"\Divisions\PD\PCI Sacramento\132259 MO Program Management\030\Misc"
"000000009598E9A20E04F041B38518182890A2D50100A3DF33FCC9BD1644BD14FCA330AA978500001C9772F00000"	"\Divisions\PD\PCI Sacramento\132259 MO Program Management\040\Real Estate"
"000000009598E9A20E04F041B38518182890A2D50100A3DF33FCC9BD1644BD14FCA330AA978500001C9773200000"	"\Divisions\PD\PCI Sacramento\132259 MO Program Management\060\RFIs"
"000000009598E9A20E04F041B38518182890A2D50100A3DF33FCC9BD1644BD14FCA330AA978500001C97734F0000"	"\Divisions\PD\PCI Sacramento\132259 MO Program Management\080\Safety"
"000000009598E9A20E04F041B38518182890A2D50100A3DF33FCC9BD1644BD14FCA330AA978500001C97737E0000"	"\Divisions\PD\PCI Sacramento\132259 MO Program Management\090\Schedule"
"000000009598E9A20E04F041B38518182890A2D50100A3DF33FCC9BD1644BD14FCA330AA978500001C976A370000"	"\Divisions\PD\PCI Sacramento\132260 IL Program Management Support\001\Schedule"
"000000009598E9A20E04F041B38518182890A2D50100A3DF33FCC9BD1644BD14FCA330AA978500001C976A840000"	"\Divisions\PD\PCI Sacramento\132260 IL Program Management Support\002\Scope"
"000000009598E9A20E04F041B38518182890A2D50100A3DF33FCC9BD1644BD14FCA330AA978500001C9769F10000"	"\Divisions\PD\PCI Sacramento\132260 IL Program Management Support\003\TRANSMITTALS"
"000000009598E9A20E04F041B38518182890A2D50100A3DF33FCC9BD1644BD14FCA330AA978500001C976ABA0000"	"\Divisions\PD\PCI Sacramento\132260 IL Program Management Support\005"
"000000009598E9A20E04F041B38518182890A2D50100A3DF33FCC9BD1644BD14FCA330AA978500001C976AE90000"	"\Divisions\PD\PCI Sacramento\132260 IL Program Management Support\006\Engineering"
"000000009598E9A20E04F041B38518182890A2D50100A3DF33FCC9BD1644BD14FCA330AA978500001C976B190000"	"\Divisions\PD\PCI Sacramento\132260 IL Program Management Support\007\Engineering Inspection"
"000000009598E9A20E04F041B38518182890A2D50100A3DF33FCC9BD1644BD14FCA330AA978500001C976B480000"	"\Divisions\PD\PCI Sacramento\132260 IL Program Management Support\008\Environmental"
"000000009598E9A20E04F041B38518182890A2D50100A3DF33FCC9BD1644BD14FCA330AA978500001C976BF10000"	"\Divisions\PD\PCI Sacramento\132260 IL Program Management Support\009\Financial"
"000000009598E9A20E04F041B38518182890A2D50100A3DF33FCC9BD1644BD14FCA330AA978500001C976C210000"	"\Divisions\PD\PCI Sacramento\132260 IL Program Management Support\010\Materials"
"000000009598E9A20E04F041B38518182890A2D50100A3DF33FCC9BD1644BD14FCA330AA978500001C976C500000"	"\Divisions\PD\PCI Sacramento\132260 IL Program Management Support\011\Meeting Items"
"000000009598E9A20E04F041B38518182890A2D50100A3DF33FCC9BD1644BD14FCA330AA978500001C976C7F0000"	"\Divisions\PD\PCI Sacramento\132260 IL Program Management Support\012\Misc"
"000000009598E9A20E04F041B38518182890A2D50100A3DF33FCC9BD1644BD14FCA330AA978500001C976CAF0000"	"\Divisions\PD\PCI Sacramento\132260 IL Program Management Support\013\Real Estate"
"000000009598E9A20E04F041B38518182890A2D50100A3DF33FCC9BD1644BD14FCA330AA978500001C976CDE0000"	"\Divisions\PD\PCI Sacramento\132260 IL Program Management Support\014\RFIs"
"000000009598E9A20E04F041B38518182890A2D50100A3DF33FCC9BD1644BD14FCA330AA978500001C976D0E0000"	"\Divisions\PD\PCI Sacramento\132260 IL Program Management Support\015\Safety"
"000000009598E9A20E04F041B38518182890A2D50100A3DF33FCC9BD1644BD14FCA330AA978500001C976D3E0000"	"\Divisions\PD\PCI Sacramento\132260 IL Program Management Support\016\Schedule"
"000000009598E9A20E04F041B38518182890A2D50100A3DF33FCC9BD1644BD14FCA330AA978500001C976D700000"	"\Divisions\PD\PCI Sacramento\132260 IL Program Management Support\017\Scope"
"000000009598E9A20E04F041B38518182890A2D50100A3DF33FCC9BD1644BD14FCA330AA978500001C976D9F0000"	"\Divisions\PD\PCI Sacramento\132260 IL Program Management Support\019\TRANSMITTALS"
"000000009598E9A20E04F041B38518182890A2D50100A3DF33FCC9BD1644BD14FCA330AA978500001C976E800000"	"\Divisions\PD\PCI Sacramento\132260 IL Program Management Support\021"
"000000009598E9A20E04F041B38518182890A2D50100A3DF33FCC9BD1644BD14FCA330AA978500001C976EB70000"	"\Divisions\PD\PCI Sacramento\132260 IL Program Management Support\022\Engineering"
"000000009598E9A20E04F041B38518182890A2D50100A3DF33FCC9BD1644BD14FCA330AA978500001C976EE90000"	"\Divisions\PD\PCI Sacramento\132260 IL Program Management Support\023\Engineering Inspection"
"000000009598E9A20E04F041B38518182890A2D50100A3DF33FCC9BD1644BD14FCA330AA978500001C976F180000"	"\Divisions\PD\PCI Sacramento\132260 IL Program Management Support\024\Environmental"
"000000009598E9A20E04F041B38518182890A2D50100A3DF33FCC9BD1644BD14FCA330AA978500001C976F470000"	"\Divisions\PD\PCI Sacramento\132260 IL Program Management Support\025\Financial"
"000000009598E9A20E04F041B38518182890A2D50100A3DF33FCC9BD1644BD14FCA330AA978500001C976F760000"	"\Divisions\PD\PCI Sacramento\132260 IL Program Management Support\026\Materials"
"000000009598E9A20E04F041B38518182890A2D50100A3DF33FCC9BD1644BD14FCA330AA978500001C976FA60000"	"\Divisions\PD\PCI Sacramento\132260 IL Program Management Support\027\Meeting Items"
"000000009598E9A20E04F041B38518182890A2D50100A3DF33FCC9BD1644BD14FCA330AA978500001C976FD50000"	"\Divisions\PD\PCI Sacramento\132260 IL Program Management Support\028\Misc"
"000000009598E9A20E04F041B38518182890A2D50100A3DF33FCC9BD1644BD14FCA330AA978500001C9770150000"	"\Divisions\PD\PCI Sacramento\132260 IL Program Management Support\030\Real Estate"
"000000009598E9A20E04F041B38518182890A2D50100A3DF33FCC9BD1644BD14FCA330AA978500001C9770440000"	"\Divisions\PD\PCI Sacramento\132260 IL Program Management Support\031\RFIs"
"000000009598E9A20E04F041B38518182890A2D50100A3DF33FCC9BD1644BD14FCA330AA978500001C9770740000"	"\Divisions\PD\PCI Sacramento\132260 IL Program Management Support\032\Safety"
"000000009598E9A20E04F041B38518182890A2D50100A3DF33FCC9BD1644BD14FCA330AA978500001C9770A30000"	"\Divisions\PD\PCI Sacramento\132260 IL Program Management Support\033\Schedule"
"000000009598E9A20E04F041B38518182890A2D50100A3DF33FCC9BD1644BD14FCA330AA978500001C9770D20000"	"\Divisions\PD\PCI Sacramento\132260 IL Program Management Support\034\Scope"
"000000009598E9A20E04F041B38518182890A2D50100A3DF33FCC9BD1644BD14FCA330AA978500001C9771010000"	"\Divisions\PD\PCI Sacramento\132260 IL Program Management Support\035\TRANSMITTALS"
"000000009598E9A20E04F041B38518182890A2D50100A3DF33FCC9BD1644BD14FCA330AA978500001D5A61BD0000"	"\Divisions\PD\PCI Sacramento\132260 IL Program Management Support\037"
"000000009598E9A20E04F041B38518182890A2D50100A3DF33FCC9BD1644BD14FCA330AA978500001D5A62280000"	"\Divisions\PD\PCI Sacramento\132260 IL Program Management Support\038\Engineering"
"000000009598E9A20E04F041B38518182890A2D50100A3DF33FCC9BD1644BD14FCA330AA978500001D5A625B0000"	"\Divisions\PD\PCI Sacramento\132260 IL Program Management Support\039\Engineering Inspection"
"000000009598E9A20E04F041B38518182890A2D50100A3DF33FCC9BD1644BD14FCA330AA978500001D5A62AE0000"	"\Divisions\PD\PCI Sacramento\132260 IL Program Management Support\040\Environmental"
"000000009598E9A20E04F041B38518182890A2D50100A3DF33FCC9BD1644BD14FCA330AA978500001D5A63B40000"	"\Divisions\PD\PCI Sacramento\132260 IL Program Management Support\041\Financial"
"000000009598E9A20E04F041B38518182890A2D50100A3DF33FCC9BD1644BD14FCA330AA978500001D0C40480000"	"\Divisions\PD\PCI Sacramento\133433 RS-SPEARVILLED 115kV SUBST"
"000000009598E9A20E04F041B38518182890A2D50100A3DF33FCC9BD1644BD14FCA330AA978500002482961D0000"	"\Divisions\PD\PCI Sacramento\139414 SW MS RELIAB ENGG SUPP D&C"
"000000009598E9A20E04F041B38518182890A2D5010012225CC57BF01F4EA8CCA87A792FF35F0000E56D538E0000"	"\Divisions\PD\PCI Sacramento\147085 - PGE BL LK GRSHM INSPECTION"
"000000009598E9A20E04F041B38518182890A2D50100E34BFE500669CD49AC2E27C6C54DE39D00000018EF2D0000"	"\Divisions\PD\PCI Sacramento\Houston Projects"
"000000009598E9A20E04F041B38518182890A2D50100A3DF33FCC9BD1644BD14FCA330AA9785000016F0BB190000"	"\Divisions\PD\PDS Group Phoenix\00 DMS Upload"
"000000009598E9A20E04F041B38518182890A2D50100A3DF33FCC9BD1644BD14FCA330AA9785000016200AB60000"	"\Divisions\PD\PDS Group Phoenix\124955 ECP Xmsn Prj Develop Support"
"000000009598E9A20E04F041B38518182890A2D50100A3DF33FCC9BD1644BD14FCA330AA97850000162001240000"	"\Divisions\PD\PDS Group Phoenix\124982 TEP RMR"
"000000009598E9A20E04F041B38518182890A2D50100A3DF33FCC9BD1644BD14FCA330AA978500001B17E4E70000"	"\Divisions\PD\PDS Group Phoenix\124987 TEP UNS Mohave Couty RMR\Mohave\2012\pf"
"000000009598E9A20E04F041B38518182890A2D50100A3DF33FCC9BD1644BD14FCA330AA978500001B22119E0000"	"\Divisions\PD\PDS Group Phoenix\124988 TEP UNS Kingman Wind II\WESTERN WIND - Steel Park[16w+4s]\SIS I\Study Plan"
"000000009598E9A20E04F041B38518182890A2D50100A3DF33FCC9BD1644BD14FCA330AA97850000161FF3A30000"	"\Divisions\PD\PDS Group Phoenix\125722 C&VL Xmsn Planning AZ Land"
"000000009598E9A20E04F041B38518182890A2D50100A3DF33FCC9BD1644BD14FCA330AA978500001754943F0000"	"\Divisions\PD\PDS Group Phoenix\127198 ED2 SIS"
"000000009598E9A20E04F041B38518182890A2D50100A3DF33FCC9BD1644BD14FCA330AA9785000017D93FCB0000"	"\Divisions\PD\PDS Group Phoenix\128111 APS SOL Interaction Study"
"000000009598E9A20E04F041B38518182890A2D50100A3DF33FCC9BD1644BD14FCA330AA9785000019CCC3820000"	"\Divisions\PD\PDS Group Phoenix\130578 MODL Supp Prop Yabucoa Solar"
"000000009598E9A20E04F041B38518182890A2D50100A3DF33FCC9BD1644BD14FCA330AA978500001B3B64DC0000"	"\Divisions\PD\PDS Group Phoenix\131971 TC Arizona Site Dev Feas Study"
"000000009598E9A20E04F041B38518182890A2D50100A3DF33FCC9BD1644BD14FCA330AA978500001C83C0280000"	"\Divisions\PD\PDS Group Phoenix\133092 McKinley 2nd XFMR SIS"
"000000009598E9A20E04F041B38518182890A2D50100A3DF33FCC9BD1644BD14FCA330AA978500001D88E32C0000"	"\Divisions\PD\PDS Group Phoenix\133887 Ocotillo Pre-Cec App Stdy Scpe"
"000000009598E9A20E04F041B38518182890A2D5010012225CC57BF01F4EA8CCA87A792FF35F0005A40E55EC0000"	"\Divisions\PD\PM Distribution-(174)"
"000000009598E9A20E04F041B38518182890A2D5010012225CC57BF01F4EA8CCA87A792FF35F00053876817B0000"	"\Divisions\PD\PM Group\169043_T27394_Dade-Airport 138kV Reconductor\Substation"
"000000009598E9A20E04F041B38518182890A2D501001296C725372D7F4B86B758A22EA3141B0000000150C30000"	"\Divisions\PD\Project Control"
"000000009598E9A20E04F041B38518182890A2D50100A3DF33FCC9BD1644BD14FCA330AA9785000026ABF8180000"	"\Divisions\PD\Project Control\100428\U-Haul"
"000000009598E9A20E04F041B38518182890A2D501006C95E27D1ACA634AA1AADC20796388DD00000049C57B0000"	"\Divisions\PD\Project Control\111890- SEH Bigfoot II Phase III"
"000000009598E9A20E04F041B38518182890A2D501006C95E27D1ACA634AA1AADC20796388DD0000004D96720000"	"\Divisions\PD\Project Control\112485- Catenary Installation\Westlund"
"000000009598E9A20E04F041B38518182890A2D501006C95E27D1ACA634AA1AADC20796388DD00000049C58A0000"	"\Divisions\PD\Project Control\113157- Mountain Wind I SCADA Int"
"000000009598E9A20E04F041B38518182890A2D501006C95E27D1ACA634AA1AADC20796388DD00000099CCEC0000"	"\Divisions\PD\Project Control\113487 - Kent County 1 - National Grid\HD Supply"
"000000009598E9A20E04F041B38518182890A2D501006C95E27D1ACA634AA1AADC20796388DD000000A7C3500000"	"\Divisions\PD\Project Control\113487 - Kent County 2 - National Grid\Birmingham Control Systems - Panels"
"000000009598E9A20E04F041B38518182890A2D50100CB7D9B6512D7374A860FE542D57703920000010EA5B20000"	"\Divisions\PD\Project Control\113487 - Kent County 2 - National Grid\SEL"
"000000009598E9A20E04F041B38518182890A2D501006C95E27D1ACA634AA1AADC20796388DD00000049C5960000"	"\Divisions\PD\Project Control\113898- SEH Well #7"
"000000009598E9A20E04F041B38518182890A2D501006C95E27D1ACA634AA1AADC20796388DD0000005FE5B20000"	"\Divisions\PD\Project Control\114277 - Copper Verde Substation"
"000000009598E9A20E04F041B38518182890A2D501006C95E27D1ACA634AA1AADC20796388DD0000006598870000"	"\Divisions\PD\Project Control\115069 - High Lonesome\GarrettCom"
"000000009598E9A20E04F041B38518182890A2D501006C95E27D1ACA634AA1AADC20796388DD00000064FE820000"	"\Divisions\PD\Project Control\115446 - Scolari Roaster Rebuild - Starbucks\CV Technology"
"000000009598E9A20E04F041B38518182890A2D501006C95E27D1ACA634AA1AADC20796388DD0000007027610000"	"\Divisions\PD\Project Control\116621 - KRP Scolari Roaster Eng Supp - Starbucks"
"000000009598E9A20E04F041B38518182890A2D501006C95E27D1ACA634AA1AADC20796388DD000000ACDFC60000"	"\Divisions\PD\Project Control\117573 - Nextera / Blythe Energy Center"
"000000009598E9A20E04F041B38518182890A2D501006C95E27D1ACA634AA1AADC20796388DD000000B10F330000"	"\Divisions\PD\Project Control\117587 - Midwest Ogallah Switchyard\Trench"
"000000009598E9A20E04F041B38518182890A2D501006C95E27D1ACA634AA1AADC20796388DD000000E21FB80000"	"\Divisions\PD\Project Control\118857"
"000000009598E9A20E04F041B38518182890A2D501006C95E27D1ACA634AA1AADC20796388DD000000A129D80000"	"\Divisions\PD\Project Control\119745 - GTI Algae"
"000000009598E9A20E04F041B38518182890A2D501006C95E27D1ACA634AA1AADC20796388DD000000AFD9070000"	"\Divisions\PD\Project Control\120139 - Dept. of the Navy"
"000000009598E9A20E04F041B38518182890A2D501001953B16A689BCD4AA8FC82955DB27CB100000106CC2F0000"	"\Divisions\PD\Project Control\121264 - Nikiski Substation\SEL"
"000000009598E9A20E04F041B38518182890A2D501001953B16A689BCD4AA8FC82955DB27CB10000013BF1900000"	"\Divisions\PD\Project Control\121659 - SEPC / SPP NTC Phase One & Planning\Hot Parts"
"000000009598E9A20E04F041B38518182890A2D501006C95E27D1ACA634AA1AADC20796388DD000000F321170000"	"\Divisions\PD\Project Control\121660 - Clipper Shooting Star\CCVT's"
"000000009598E9A20E04F041B38518182890A2D501006C95E27D1ACA634AA1AADC20796388DD000000F390D90000"	"\Divisions\PD\Project Control\121660 - Clipper Shooting Star\Southern States - Disconnect Switches"
"000000009598E9A20E04F041B38518182890A2D50100CB7D9B6512D7374A860FE542D57703920000011F31870000"	"\Divisions\PD\Project Control\122977 - Nutbush"
"000000009598E9A20E04F041B38518182890A2D501001953B16A689BCD4AA8FC82955DB27CB1000000D204810000"	"\Divisions\PD\Project Control\123097 - DSCADA / Progress Energy\Nut & Bolt, Inc."
"000000009598E9A20E04F041B38518182890A2D50100CB7D9B6512D7374A860FE542D57703920000012E09EE0000"	"\Divisions\PD\Project Control\123451 - St. John Substation / SEPC\Alstom Grid - PT's"
"000000009598E9A20E04F041B38518182890A2D501001953B16A689BCD4AA8FC82955DB27CB10000015026B40000"	"\Divisions\PD\Project Control\123708 - Prichard Sub"
"000000009598E9A20E04F041B38518182890A2D501001953B16A689BCD4AA8FC82955DB27CB1000001799B510000"	"\Divisions\PD\Project Control\124256 - Barber Sub.\Alstom Grid - PT's"
"000000009598E9A20E04F041B38518182890A2D50100A3DF33FCC9BD1644BD14FCA330AA9785000017206ECE0000"	"\Divisions\PD\Project Control\124256 - Barber Sub.\Pinnacle Steel"
"000000009598E9A20E04F041B38518182890A2D50100A3DF33FCC9BD1644BD14FCA330AA978500001DB74E990000"	"\Divisions\PD\Project Control\124354 - RR to Barber Eng\RFP's\PAR Electrical"
"000000009598E9A20E04F041B38518182890A2D50100A3DF33FCC9BD1644BD14FCA330AA97850000173AC1340000"	"\Divisions\PD\Project Control\125583 - Cimarron Substation\Geotech"
"000000009598E9A20E04F041B38518182890A2D50100A3DF33FCC9BD1644BD14FCA330AA978500001987018E0000"	"\Divisions\PD\Project Control\125583 - Cimarron Substation\ReLab - SCADA Software"
"000000009598E9A20E04F041B38518182890A2D50100A3DF33FCC9BD1644BD14FCA330AA978500001958E9DE0000"	"\Divisions\PD\Project Control\125583 - Cimarron Substation\RFQ - Shrouds"
"000000009598E9A20E04F041B38518182890A2D50100A3DF33FCC9BD1644BD14FCA330AA9785000017FE2B640000"	"\Divisions\PD\Project Control\125583 - Cimarron Substation\Subcontractor RFQ's\Grading"
"000000009598E9A20E04F041B38518182890A2D50100A3DF33FCC9BD1644BD14FCA330AA9785000017FE350C0000"	"\Divisions\PD\Project Control\126373 - Harper Sub.\RFQ - Disconnect Switches"
"000000009598E9A20E04F041B38518182890A2D50100A3DF33FCC9BD1644BD14FCA330AA978500001CC1ABE60000"	"\Divisions\PD\Project Control\126376 - Harper to Flat Ridge\Earth Contact Products"
"000000009598E9A20E04F041B38518182890A2D50100A3DF33FCC9BD1644BD14FCA330AA978500001993AFFE0000"	"\Divisions\PD\Project Control\127103 - SDG&E Metering Cabinet"
"000000009598E9A20E04F041B38518182890A2D50100A3DF33FCC9BD1644BD14FCA330AA9785000018E1A8910000"	"\Divisions\PD\Project Control\128070 - Macho Springs Solar\CCVT\Alstom Grid"
"000000009598E9A20E04F041B38518182890A2D50100A3DF33FCC9BD1644BD14FCA330AA9785000018DE71810000"	"\Divisions\PD\Project Control\128070 - Macho Springs Solar\Disconnect Switches\PASCOR"
"000000009598E9A20E04F041B38518182890A2D50100A3DF33FCC9BD1644BD14FCA330AA978500001A2022FB0000"	"\Divisions\PD\Project Control\129730 - Sweetwater 1 RTU Replacement"
"000000009598E9A20E04F041B38518182890A2D50100A3DF33FCC9BD1644BD14FCA330AA978500001B1844BC0000"	"\Divisions\PD\Project Control\129781 - River Road\Pinnacle Steel - Steel Structures"
"000000009598E9A20E04F041B38518182890A2D50100A3DF33FCC9BD1644BD14FCA330AA978500001CC0E7950000"	"\Divisions\PD\Project Control\129781 - River Road\Travis Pattern"
"000000009598E9A20E04F041B38518182890A2D50100A3DF33FCC9BD1644BD14FCA330AA978500001DD26C880000"	"\Divisions\PD\Project Control\130766 - CRS PH2\RFQ's\500 kcmil Cable\KC Utility"
"000000009598E9A20E04F041B38518182890A2D50100A3DF33FCC9BD1644BD14FCA330AA978500001AB86FDD0000"	"\Divisions\PD\Project Control\131197 - E. On Climate & Renewables"
"000000009598E9A20E04F041B38518182890A2D50100A3DF33FCC9BD1644BD14FCA330AA978500001CDCDD8E0000"	"\Divisions\PD\Project Control\132085 - East Hall Sub.\Kriz Davis - Surge Arresters"
"000000009598E9A20E04F041B38518182890A2D50100A3DF33FCC9BD1644BD14FCA330AA978500001C0E8FC90000"	"\Divisions\PD\Project Control\132085 - East Hall Sub.\RFQ's\Circuit Switcher"
"000000009598E9A20E04F041B38518182890A2D50100A3DF33FCC9BD1644BD14FCA330AA978500001CD82BAB0000"	"\Divisions\PD\Project Control\132085 - East Hall Sub.\RFQ's\Relays"
"000000009598E9A20E04F041B38518182890A2D50100A3DF33FCC9BD1644BD14FCA330AA978500001CC0AFFC0000"	"\Divisions\PD\Project Control\132085 - East Hall Sub.\Southern States - Disconnect Switch"
"000000009598E9A20E04F041B38518182890A2D50100A3DF33FCC9BD1644BD14FCA330AA978500001DC588B00000"	"\Divisions\PD\Project Control\133317 - RS Shooflys & Lines\Pruitt Electric - Power to Trailer"
"000000009598E9A20E04F041B38518182890A2D50100A3DF33FCC9BD1644BD14FCA330AA978500001DE3A6270000"	"\Divisions\PD\Project Control\133317 - RS Shooflys & Lines\Service Direct Group - Porta Potty"
"000000009598E9A20E04F041B38518182890A2D50100A3DF33FCC9BD1644BD14FCA330AA978500001DCEA1FB0000"	"\Divisions\PD\Project Control\133430 - North Fort Dodge\PASCOR - Disc Switches, 115kV"
"000000009598E9A20E04F041B38518182890A2D50100A3DF33FCC9BD1644BD14FCA330AA978500001DABCCE10000"	"\Divisions\PD\Project Control\133430 - North Fort Dodge\RFQ's\CCVT\Alstom Grid"
"000000009598E9A20E04F041B38518182890A2D50100A3DF33FCC9BD1644BD14FCA330AA978500001DBA33FA0000"	"\Divisions\PD\Project Control\133430 - North Fort Dodge\RFQ's\Disconnect Switches, 115kV\Line Trap, 115kV"
"000000009598E9A20E04F041B38518182890A2D50100A3DF33FCC9BD1644BD14FCA330AA978500001DB3C7600000"	"\Divisions\PD\Project Control\133430 - North Fort Dodge\RFQ's\Surge Arresters, 76kV\Kriz Davis"
"000000009598E9A20E04F041B38518182890A2D50100A3DF33FCC9BD1644BD14FCA330AA978500001D8B6C090000"	"\Divisions\PD\Project Control\133432 - Spearville Substation\ABB - SSVT, 115kV"
"000000009598E9A20E04F041B38518182890A2D50100A3DF33FCC9BD1644BD14FCA330AA9785000027B67CDA0000"	"\Divisions\PD\Project Control\133432 - Spearville Substation\Ray Omo - HVAC Re-Installation"
"000000009598E9A20E04F041B38518182890A2D50100A3DF33FCC9BD1644BD14FCA330AA978500001DCFCB980000"	"\Divisions\PD\Project Control\133432 - Spearville Substation\RFQ's"
"000000009598E9A20E04F041B38518182890A2D50100A3DF33FCC9BD1644BD14FCA330AA978500001EB60B3F0000"	"\Divisions\PD\Project Control\133432 - Spearville Substation\RFQ's\Relay and Control Panels"
"000000009598E9A20E04F041B38518182890A2D50100A3DF33FCC9BD1644BD14FCA330AA978500001EEB8B760000"	"\Divisions\PD\Project Control\133432 - Spearville Substation\Westwood Professional Services"
"000000009598E9A20E04F041B38518182890A2D50100A3DF33FCC9BD1644BD14FCA330AA978500001DB2C4A40000"	"\Divisions\PD\Project Control\133548 - RS-NFD to Spearville 115kV\RFQ's\115kV T-Line\Quotes"
"000000009598E9A20E04F041B38518182890A2D50100A3DF33FCC9BD1644BD14FCA330AA978500001DE4DA210000"	"\Divisions\PD\Project Control\134710 - Cimarron River Sub PH2\Dis-Tran - Steel Pole Structures"
"000000009598E9A20E04F041B38518182890A2D50100A3DF33FCC9BD1644BD14FCA330AA978500001EEBCBA90000"	"\Divisions\PD\Project Control\134710 - Cimarron River Sub PH2\HD Supply - Multi-Conductor Control Cable"
"000000009598E9A20E04F041B38518182890A2D50100A3DF33FCC9BD1644BD14FCA330AA97850000206FB1DE0000"	"\Divisions\PD\Project Control\134710 - Cimarron River Sub PH2\RFP's\RFQ's"
"000000009598E9A20E04F041B38518182890A2D50100A3DF33FCC9BD1644BD14FCA330AA9785000020D829FC0000"	"\Divisions\PD\Project Control\134710 - Cimarron River Sub PH2\RFP's\Substation Construction\2015 Scope\Interstate Electrical"
"000000009598E9A20E04F041B38518182890A2D50100A3DF33FCC9BD1644BD14FCA330AA978500001E2FA9EF0000"	"\Divisions\PD\Project Control\134710 - Cimarron River Sub PH2\RFQ's\500kcmil Cable\WUE"
"000000009598E9A20E04F041B38518182890A2D50100A3DF33FCC9BD1644BD14FCA330AA978500001F2B16A80000"	"\Divisions\PD\Project Control\134710 - Cimarron River Sub PH2\RFQ's\CLR Terminations\Graybar"
"000000009598E9A20E04F041B38518182890A2D50100A3DF33FCC9BD1644BD14FCA330AA978500001DF2E4CB0000"	"\Divisions\PD\Project Control\134710 - Cimarron River Sub PH2\RFQ's\Insulators"
"000000009598E9A20E04F041B38518182890A2D50100A3DF33FCC9BD1644BD14FCA330AA978500001E66971C0000"	"\Divisions\PD\Project Control\134710 - Cimarron River Sub PH2\RFQ's\Misc Substation Materials\Wesco"
"000000009598E9A20E04F041B38518182890A2D50100A3DF33FCC9BD1644BD14FCA330AA978500001EC09D790000"	"\Divisions\PD\Project Control\134710 - Cimarron River Sub PH2\RFQ's\OH Line Hardware and Conductor\Kriz Davis"
"000000009598E9A20E04F041B38518182890A2D50100A3DF33FCC9BD1644BD14FCA330AA978500001E47C5FF0000"	"\Divisions\PD\Project Control\134710 - Cimarron River Sub PH2\RFQ's\SCADA & Control\Loose Parts\WUE"
"000000009598E9A20E04F041B38518182890A2D50100A3DF33FCC9BD1644BD14FCA330AA978500001DE8E9680000"	"\Divisions\PD\Project Control\134710 - Cimarron River Sub PH2\RFQ's\UG Cable"
"000000009598E9A20E04F041B38518182890A2D50100A3DF33FCC9BD1644BD14FCA330AA9785000025DD69860000"	"\Divisions\PD\Project Control\135673 - High Point Substation\ABB - SSVT"
"000000009598E9A20E04F041B38518182890A2D50100A3DF33FCC9BD1644BD14FCA330AA97850000253795990000"	"\Divisions\PD\Project Control\135673 - High Point Substation\RFP's"
"000000009598E9A20E04F041B38518182890A2D50100A3DF33FCC9BD1644BD14FCA330AA978500002537959F0000"	"\Divisions\PD\Project Control\135673 - High Point Substation\RFQ's\CCVT, 115kV"
"000000009598E9A20E04F041B38518182890A2D50100A3DF33FCC9BD1644BD14FCA330AA978500002598F7120000"	"\Divisions\PD\Project Control\135673 - High Point Substation\RFQ's\Control Building\Trachte"
"000000009598E9A20E04F041B38518182890A2D50100A3DF33FCC9BD1644BD14FCA330AA978500002857F3400000"	"\Divisions\PD\Project Control\135673 - High Point Substation\RFQ's\Miscellaneous Material\Misc Materials\Kriz Davis"
"000000009598E9A20E04F041B38518182890A2D50100A3DF33FCC9BD1644BD14FCA330AA9785000026A4EF090000"	"\Divisions\PD\Project Control\135673 - High Point Substation\RFQ's\Surge Arresters\WUE"
"000000009598E9A20E04F041B38518182890A2D50100F3BCE3A574023B4482F2E427B5A3121800004D8F90010000"	"\Divisions\PD\Project Control\136778 - 2015 Oncor Project Controls Scheduling"
"000000009598E9A20E04F041B38518182890A2D50100F3BCE3A574023B4482F2E427B5A3121800004EB984620000"	"\Divisions\PD\Project Control\140907\Kriz Davis - Relays"
"000000009598E9A20E04F041B38518182890A2D5010012225CC57BF01F4EA8CCA87A792FF35F00024EA61BA60000"	"\Divisions\PD\Project Control\155693 - Oncor 2019 PC Support"
"000000009598E9A20E04F041B38518182890A2D501006C95E27D1ACA634AA1AADC20796388DD00000023BCC20000"	"\Divisions\PD\Project Control\Contacts\Vendors -Tranmission"
"000000009598E9A20E04F041B38518182890A2D5010012225CC57BF01F4EA8CCA87A792FF35F00000C4525C40000"	"\Divisions\PD\Project Management Boise\141527_PECL Design"
"000000009598E9A20E04F041B38518182890A2D5010012225CC57BF01F4EA8CCA87A792FF35F00000C4525EC0000"	"\Divisions\PD\Project Management Boise\141527_PECL Design\SUR"
"000000009598E9A20E04F041B38518182890A2D5010012225CC57BF01F4EA8CCA87A792FF35F00003452E6900000"	"\Divisions\PD\Project Management Boise\142892_PECL Project Management\SFTY"
"000000009598E9A20E04F041B38518182890A2D5010012225CC57BF01F4EA8CCA87A792FF35F00004480C33C0000"	"\Divisions\PD\Project Management Boise\144130_PECL Stations\ROW"
"000000009598E9A20E04F041B38518182890A2D5010012225CC57BF01F4EA8CCA87A792FF35F00007E79BFE40000"	"\Divisions\PD\Project Management Boise\Aaron Boston\132155 PSE Eastside\Lightning"
"000000009598E9A20E04F041B38518182890A2D50100A3DF33FCC9BD1644BD14FCA330AA9785000027B3380C0000"	"\Divisions\PD\Project Management Boise\Aaron Boston\140073 Palmdale Energy 230kV\Firewater"
"000000009598E9A20E04F041B38518182890A2D5010012225CC57BF01F4EA8CCA87A792FF35F00003452E6E40000"	"\Divisions\PD\Project Management Boise\Aaron Boston\144114 K99 RR Int Study"
"000000009598E9A20E04F041B38518182890A2D50100A3DF33FCC9BD1644BD14FCA330AA9785000019CE15390000"	"\Divisions\PD\Project Management Boise\John Oglevie\112773    HILLSDALE SUB"
"000000009598E9A20E04F041B38518182890A2D501006C95E27D1ACA634AA1AADC20796388DD0000006E29B00000"	"\Divisions\PD\Project Management Boise\John Oglevie\113363    BIG LAKE 138 TRANSFORMER"
"000000009598E9A20E04F041B38518182890A2D501006C95E27D1ACA634AA1AADC20796388DD0000009841A10000"	"\Divisions\PD\Project Management Boise\John Oglevie\113851    SHREVE"
"000000009598E9A20E04F041B38518182890A2D501006C95E27D1ACA634AA1AADC20796388DD00000096F8A70000"	"\Divisions\PD\Project Management Boise\John Oglevie\114199    LYTLE ADD 138/69 AUTO"
"000000009598E9A20E04F041B38518182890A2D50100A3DF33FCC9BD1644BD14FCA330AA9785000019F39E010000"	"\Divisions\PD\Project Management Boise\John Oglevie\114411    ENERGY GATEWAY WEST\114411_d"
"000000009598E9A20E04F041B38518182890A2D501006C95E27D1ACA634AA1AADC20796388DD0000006E29990000"	"\Divisions\PD\Project Management Boise\John Oglevie\114901    DIANA RPLC WAVE- SW SHREVE"
"000000009598E9A20E04F041B38518182890A2D501006C95E27D1ACA634AA1AADC20796388DD0000006E29940000"	"\Divisions\PD\Project Management Boise\John Oglevie\115505    SAPS UPG SAN ANGELO"
"000000009598E9A20E04F041B38518182890A2D50100A3DF33FCC9BD1644BD14FCA330AA9785000019E35F340000"	"\Divisions\PD\Project Management Boise\John Oglevie\116122    HEMINGWAY CM\116122_d"
"000000009598E9A20E04F041B38518182890A2D50100A3DF33FCC9BD1644BD14FCA330AA978500001A03C3D30000"	"\Divisions\PD\Project Management Boise\John Oglevie\119108    SAN JACINTO Pre-2011\119108_d"
"000000009598E9A20E04F041B38518182890A2D50100A3DF33FCC9BD1644BD14FCA330AA978500001A9BD43C0000"	"\Divisions\PD\Project Management Boise\John Oglevie\119108    SAN JACINTO Pre-2011\119108_s"
"000000009598E9A20E04F041B38518182890A2D501006C95E27D1ACA634AA1AADC20796388DD000000EC25870000"	"\Divisions\PD\Project Management Boise\John Oglevie\122394    ASHLAND RPL SW"
"000000009598E9A20E04F041B38518182890A2D50100CB7D9B6512D7374A860FE542D577039200000121670B0000"	"\Divisions\PD\Project Management Boise\John Oglevie\123077   E.On Strawton Station "
"000000009598E9A20E04F041B38518182890A2D50100A3DF33FCC9BD1644BD14FCA330AA9785000027A301780000"	"\Divisions\PD\Project Management Boise\Pat Hasenoehrl\PAR CVPC"
"000000009598E9A20E04F041B38518182890A2D50100572FF007A7D6B64CA96E5CFE8E1CC1A400000054B6B10000"	"\Divisions\PD\Project Management Hailey\120842 Community"
"000000009598E9A20E04F041B38518182890A2D50100572FF007A7D6B64CA96E5CFE8E1CC1A4000000643CDB0000"	"\Divisions\PD\Project Management Hailey\122212 PV SOLAR SITING"
"000000009598E9A20E04F041B38518182890A2D501001953B16A689BCD4AA8FC82955DB27CB1000001E697270000"	"\Divisions\PD\Project Management Hailey\124186 OE Energy Gateway South\00 Project Management\02 Schedule"
"000000009598E9A20E04F041B38518182890A2D50100A3DF33FCC9BD1644BD14FCA330AA978500001736C34E0000"	"\Divisions\PD\Project Management Hailey\124186 OE Energy Gateway South\00 Project Management\05 Project Meetings\02 POWER\GIS"
"000000009598E9A20E04F041B38518182890A2D50100A3DF33FCC9BD1644BD14FCA330AA978500000E7F9A720000"	"\Divisions\PD\Project Management Hailey\124186 OE Energy Gateway South\00 Project Management\07 Project Manager\Internal Coordination\Monthly Newsletter"
"000000009598E9A20E04F041B38518182890A2D50100A3DF33FCC9BD1644BD14FCA330AA9785000016DAAB0D0000"	"\Divisions\PD\Project Management Hailey\124186 OE Energy Gateway South\01 Preliminary Tech Requirements\01 T-Line\08 Alignment\ODIR_Duplicate_Items"
"000000009598E9A20E04F041B38518182890A2D501001953B16A689BCD4AA8FC82955DB27CB1000001E1E38B0000"	"\Divisions\PD\Project Management Hailey\124186 OE Energy Gateway South\01 Preliminary Tech Requirements\04 Other (3.1.4)"
"000000009598E9A20E04F041B38518182890A2D50100A3DF33FCC9BD1644BD14FCA330AA978500000E7F17220000"	"\Divisions\PD\Project Management Hailey\124186 OE Energy Gateway South\03 Permitting Process Support\3 ENV"
"000000009598E9A20E04F041B38518182890A2D50100A3DF33FCC9BD1644BD14FCA330AA978500000E69D2B00000"	"\Divisions\PD\Project Management Hailey\124186 OE Energy Gateway South\05 ROW and ROE Support\06 Utility Data Acquistion and Inclusion"
"000000009598E9A20E04F041B38518182890A2D501001953B16A689BCD4AA8FC82955DB27CB1000001EF84170000"	"\Divisions\PD\Project Management Hailey\125274 RLE Meadow Creek"
"000000009598E9A20E04F041B38518182890A2D50100A3DF33FCC9BD1644BD14FCA330AA978500001766B9250000"	"\Divisions\PD\Project Management Hailey\127602 Addison Prelim Line Design"
"000000009598E9A20E04F041B38518182890A2D50100A3DF33FCC9BD1644BD14FCA330AA978500001F2A2DCA0000"	"\Divisions\PD\Project Management Hailey\135912_AW_4 and 5_LADWP"
"000000009598E9A20E04F041B38518182890A2D50100A3DF33FCC9BD1644BD14FCA330AA97850000242037A40000"	"\Divisions\PD\Project Management Hailey\139326 - DESRE INTERCONNECT SUPPORT"
"000000009598E9A20E04F041B38518182890A2D5010012225CC57BF01F4EA8CCA87A792FF35F000049C4B1480000"	"\Divisions\PD\Project Management Hailey\144415_RC-WH-LW 230KV TRANS LRS"
"000000009598E9A20E04F041B38518182890A2D50100A3DF33FCC9BD1644BD14FCA330AA97850000239375860000"	"\Divisions\PD\Project Management Hailey\First Solar"
"000000009598E9A20E04F041B38518182890A2D50100A3DF33FCC9BD1644BD14FCA330AA978500001DB11E620000"	"\Divisions\PD\Project Management Hailey\KMP_TLBU\Subject Matter Teams\Wires"
"000000009598E9A20E04F041B38518182890A2D50100A3DF33FCC9BD1644BD14FCA330AA978500001725E3970000"	"\Divisions\PD\Project Management Hailey\VEA\000 VEA General Reference\PM"
"000000009598E9A20E04F041B38518182890A2D50100A3DF33FCC9BD1644BD14FCA330AA978500001BA067D30000"	"\Divisions\PD\Project Management Hailey\VEA\002 Project Closed\127352_Cluster Study-Caiso"
"000000009598E9A20E04F041B38518182890A2D50100A3DF33FCC9BD1644BD14FCA330AA9785000019924A260000"	"\Divisions\PD\Project Management Hailey\VEA\002 Project Closed\129875_Vista-Pahrump H-Frame Ret"
"000000009598E9A20E04F041B38518182890A2D50100A3DF33FCC9BD1644BD14FCA330AA9785000017F32EDF0000"	"\Divisions\PD\Project Management Hailey\VEA\xxxxx_Pah-Mead 230kV Clearance Fixes\xxxxx_Vista-Charleston_138kV"
"000000009598E9A20E04F041B38518182890A2D50100E34BFE500669CD49AC2E27C6C54DE39D00000028F4E20000"	"\Divisions\PD\Project Management St. Louis\112260 LS Power GSA\08 Seal PV Drawings"
"000000009598E9A20E04F041B38518182890A2D5010012225CC57BF01F4EA8CCA87A792FF35F00023F215F600000"	"\Divisions\PD\Project Services"
"000000009598E9A20E04F041B38518182890A2D50100E34BFE500669CD49AC2E27C6C54DE39D00000018EF150000"	"\Divisions\PD\PTE Houston\114672_CenterPoint\00-PROCEDURES"
"000000009598E9A20E04F041B38518182890A2D501006C95E27D1ACA634AA1AADC20796388DD000000CA40590000"	"\Divisions\PD\PTE\Anaheim/SD Projects\121101 REYES TEST CALA CAMP PENDLETON"
"000000009598E9A20E04F041B38518182890A2D501006C95E27D1ACA634AA1AADC20796388DD000000D2413C0000"	"\Divisions\PD\PTE\Anaheim/SD Projects\121345 SATURN ELEC UCSD REVELLE 11/09"
"000000009598E9A20E04F041B38518182890A2D501006C95E27D1ACA634AA1AADC20796388DD000000E285F70000"	"\Divisions\PD\PTE\Anaheim/SD Projects\121861 WILLIAMS T & Stdy Laughlin WRF"
"000000009598E9A20E04F041B38518182890A2D501006C95E27D1ACA634AA1AADC20796388DD000000F4638E0000"	"\Divisions\PD\PTE\Anaheim/SD Projects\122508 Converse Grnd Rod Jelick ES"
"000000009598E9A20E04F041B38518182890A2D50100CB7D9B6512D7374A860FE542D57703920000011B08290000"	"\Divisions\PD\PTE\Anaheim/SD Projects\122907 Rock Elec Stdy MCAS Miramar"
"000000009598E9A20E04F041B38518182890A2D50100CB7D9B6512D7374A860FE542D57703920000012955720000"	"\Divisions\PD\PTE\Anaheim/SD Projects\123370 H&S College Canyon Pwr Mon"
"000000009598E9A20E04F041B38518182890A2D50100CB7D9B6512D7374A860FE542D57703920000011996FC0000"	"\Divisions\PD\PTE\Anaheim/SD Projects\123665 UCSD Jacobs Med Cent Mak Ready"
"000000009598E9A20E04F041B38518182890A2D501001953B16A689BCD4AA8FC82955DB27CB1000000F3430B0000"	"\Divisions\PD\PTE\Anaheim/SD Projects\123831 Ace: Miramar College Area F"
"000000009598E9A20E04F041B38518182890A2D501001953B16A689BCD4AA8FC82955DB27CB100000135B9AB0000"	"\Divisions\PD\PTE\Anaheim/SD Projects\124110 (SOLAR) PARTIAL DISCHARGE "
"000000009598E9A20E04F041B38518182890A2D501001953B16A689BCD4AA8FC82955DB27CB100000165B4AE0000"	"\Divisions\PD\PTE\Anaheim/SD Projects\124332 (CHULA) EBC CHILLER REP "
"000000009598E9A20E04F041B38518182890A2D501001953B16A689BCD4AA8FC82955DB27CB1000001799BF40000"	"\Divisions\PD\PTE\Anaheim/SD Projects\124503 IMPERIAL IRRIGATION DIST UNIT "
"000000009598E9A20E04F041B38518182890A2D501001953B16A689BCD4AA8FC82955DB27CB1000001CCB99E0000"	"\Divisions\PD\PTE\Anaheim/SD Projects\124665 UCSD SIO VAUGHN HALL "
"000000009598E9A20E04F041B38518182890A2D501001953B16A689BCD4AA8FC82955DB27CB1000001D8199D0000"	"\Divisions\PD\PTE\Anaheim/SD Projects\124824 (COAST) CERRITOS COLLEGE "
"000000009598E9A20E04F041B38518182890A2D501001953B16A689BCD4AA8FC82955DB27CB1000001F3C69B0000"	"\Divisions\PD\PTE\Anaheim/SD Projects\125121 (NEAL) DEXCOM "
"000000009598E9A20E04F041B38518182890A2D50100A3DF33FCC9BD1644BD14FCA330AA9785000016C7E56E0000"	"\Divisions\PD\PTE\Anaheim/SD Projects\125892 CSI Olinda "
"000000009598E9A20E04F041B38518182890A2D50100A3DF33FCC9BD1644BD14FCA330AA97850000175E45A10000"	"\Divisions\PD\PTE\Anaheim/SD Projects\126375 Snowden CSUSB Fuel Cell (SAS)"
"000000009598E9A20E04F041B38518182890A2D50100A3DF33FCC9BD1644BD14FCA330AA97850000175F74FC0000"	"\Divisions\PD\PTE\Anaheim/SD Projects\126852 Clark/McCarthy Naval Hosp"
"000000009598E9A20E04F041B38518182890A2D50100A3DF33FCC9BD1644BD14FCA330AA97850000179099BB0000"	"\Divisions\PD\PTE\Anaheim/SD Projects\127083 (SAS) Halcyon Elec Lake Forest"
"000000009598E9A20E04F041B38518182890A2D50100A3DF33FCC9BD1644BD14FCA330AA9785000017919A230000"	"\Divisions\PD\PTE\Anaheim/SD Projects\127252 UCSD Hillcrest 3HSB"
"000000009598E9A20E04F041B38518182890A2D50100A3DF33FCC9BD1644BD14FCA330AA978500001768D5A70000"	"\Divisions\PD\PTE\Anaheim/SD Projects\127507 Internap Data Center"
"000000009598E9A20E04F041B38518182890A2D50100A3DF33FCC9BD1644BD14FCA330AA97850000176F75860000"	"\Divisions\PD\PTE\Anaheim/SD Projects\127759 HS Compressor Service"
"000000009598E9A20E04F041B38518182890A2D50100A3DF33FCC9BD1644BD14FCA330AA97850000177C7B970000"	"\Divisions\PD\PTE\Anaheim/SD Projects\127951 San Diego Int'l Airport Rec. Dist. Centr"
"000000009598E9A20E04F041B38518182890A2D50100A3DF33FCC9BD1644BD14FCA330AA9785000017FB60A10000"	"\Divisions\PD\PTE\Anaheim/SD Projects\128167 John Adams MS"
"000000009598E9A20E04F041B38518182890A2D50100A3DF33FCC9BD1644BD14FCA330AA978500001806B9F10000"	"\Divisions\PD\PTE\Anaheim/SD Projects\128349 Kearny Properties"
"000000009598E9A20E04F041B38518182890A2D50100A3DF33FCC9BD1644BD14FCA330AA9785000018979D4F0000"	"\Divisions\PD\PTE\Anaheim/SD Projects\128613 UCSD Bio Med XHHW"
"000000009598E9A20E04F041B38518182890A2D50100A3DF33FCC9BD1644BD14FCA330AA9785000018AD93B70000"	"\Divisions\PD\PTE\Anaheim/SD Projects\128875 Cushman Wakefield GFI Test"
"000000009598E9A20E04F041B38518182890A2D50100A3DF33FCC9BD1644BD14FCA330AA9785000018C7E7810000"	"\Divisions\PD\PTE\Anaheim/SD Projects\129000 Helix HS Modernization"
"000000009598E9A20E04F041B38518182890A2D50100A3DF33FCC9BD1644BD14FCA330AA97850000191FC2AB0000"	"\Divisions\PD\PTE\Anaheim/SD Projects\129226 Joseph Jensen WTP"
"000000009598E9A20E04F041B38518182890A2D50100A3DF33FCC9BD1644BD14FCA330AA978500001972F0A90000"	"\Divisions\PD\PTE\Anaheim/SD Projects\129467 Emerald Plaza IR Scan"
"000000009598E9A20E04F041B38518182890A2D50100A3DF33FCC9BD1644BD14FCA330AA9785000019890BBA0000"	"\Divisions\PD\PTE\Anaheim/SD Projects\129823 UCSD SEM 103 XFMR and CB"
"000000009598E9A20E04F041B38518182890A2D50100A3DF33FCC9BD1644BD14FCA330AA9785000019B1C2C20000"	"\Divisions\PD\PTE\Anaheim/SD Projects\129991 Big Bear Electric Services"
"000000009598E9A20E04F041B38518182890A2D50100A3DF33FCC9BD1644BD14FCA330AA978500001AA65F010000"	"\Divisions\PD\PTE\Anaheim/SD Projects\130582 Qualcomm QP Cogeneration"
"000000009598E9A20E04F041B38518182890A2D50100A3DF33FCC9BD1644BD14FCA330AA978500001ADAB74A0000"	"\Divisions\PD\PTE\Anaheim/SD Projects\130978 UCSD Hillcrest Med Volt Maint"
"000000009598E9A20E04F041B38518182890A2D50100A3DF33FCC9BD1644BD14FCA330AA978500001ADBDD400000"	"\Divisions\PD\PTE\Anaheim/SD Projects\131463 Southern Contract UCI Switch Athletics"
"000000009598E9A20E04F041B38518182890A2D50100A3DF33FCC9BD1644BD14FCA330AA978500001B7D032B0000"	"\Divisions\PD\PTE\Anaheim/SD Projects\131755 Edwards AFB XFMR Test"
"000000009598E9A20E04F041B38518182890A2D50100A3DF33FCC9BD1644BD14FCA330AA978500001B7AB8BF0000"	"\Divisions\PD\PTE\Anaheim/SD Projects\131992 Indian Wells Tennis Garden"
"000000009598E9A20E04F041B38518182890A2D50100A3DF33FCC9BD1644BD14FCA330AA978500001B6B1F7F0000"	"\Divisions\PD\PTE\Anaheim/SD Projects\132217 Topock Compressor B Ground Rod"
"000000009598E9A20E04F041B38518182890A2D50100A3DF33FCC9BD1644BD14FCA330AA978500001B822C750000"	"\Divisions\PD\PTE\Anaheim/SD Projects\132523 Onyx 500kVA XFMR"
"000000009598E9A20E04F041B38518182890A2D50100A3DF33FCC9BD1644BD14FCA330AA978500001C8160520000"	"\Divisions\PD\PTE\Anaheim/SD Projects\132893 P310 Small Arms Coor Study"
"000000009598E9A20E04F041B38518182890A2D501006C95E27D1ACA634AA1AADC20796388DD00000061AF3D0000"	"\Divisions\PD\PTE\Las Vegas Contacts"
"000000009598E9A20E04F041B38518182890A2D5010012225CC57BF01F4EA8CCA87A792FF35F0005D4605E930000"	"\Divisions\PD\SAS\00 PSSE Calendar\PSSE\PSSE Calendar"
"000000009598E9A20E04F041B38518182890A2D5010012225CC57BF01F4EA8CCA87A792FF35F00068CEE6DE00000"	"\Divisions\PD\SAS\00_PSCAD License Use Calendar\PSCAD Calendar"
"000000009598E9A20E04F041B38518182890A2D501006C95E27D1ACA634AA1AADC20796388DD00000066EA470000"	"\Divisions\PD\SAS\00_Software (Keys & Pricing)\PTW"
"000000009598E9A20E04F041B38518182890A2D50100A3DF33FCC9BD1644BD14FCA330AA978500001DC59B3E0000"	"\Divisions\PD\SAS\01 PG&E Automation"
"000000009598E9A20E04F041B38518182890A2D50100572FF007A7D6B64CA96E5CFE8E1CC1A40000001E23320000"	"\Divisions\PD\SAS\Goodwell"
"000000009598E9A20E04F041B38518182890A2D501006C95E27D1ACA634AA1AADC20796388DD0000002692190000"	"\Divisions\PD\SAS\LEWISTON PROJECTS\SPS-Active\Active Projects\ESC\West Fountain"
"000000009598E9A20E04F041B38518182890A2D501006C95E27D1ACA634AA1AADC20796388DD0000002692280000"	"\Divisions\PD\SAS\LEWISTON PROJECTS\SPS-Active\Active Projects\Grays Harbor PUD"
"000000009598E9A20E04F041B38518182890A2D501006C95E27D1ACA634AA1AADC20796388DD0000002692390000"	"\Divisions\PD\SAS\LEWISTON PROJECTS\SPS-Active\Active Projects\NCPA\Comm System"
"000000009598E9A20E04F041B38518182890A2D501006C95E27D1ACA634AA1AADC20796388DD0000002692480000"	"\Divisions\PD\SAS\LEWISTON PROJECTS\SPS-Active\Active Projects\PowerTech Engineering\North Carthage"
"000000009598E9A20E04F041B38518182890A2D501001296C725372D7F4B86B758A22EA3141B00000033A6050000"	"\Divisions\PD\SAS\Misc Project Status"
"000000009598E9A20E04F041B38518182890A2D50100A3DF33FCC9BD1644BD14FCA330AA9785000017FDF0610000"	"\Divisions\PD\SAS\Pacific Valley Solar\Contracts"
"000000009598E9A20E04F041B38518182890A2D5010012225CC57BF01F4EA8CCA87A792FF35F00028CB795590000"	"\Divisions\PD\SAS\SAS Technical Managers"
"000000009598E9A20E04F041B38518182890A2D501001296C725372D7F4B86B758A22EA3141B000000392D700000"	"\Divisions\PD\Substation Anaheim"
"000000009598E9A20E04F041B38518182890A2D50100A3DF33FCC9BD1644BD14FCA330AA978500002A2CF7E90000"	"\Divisions\PD\Substation Anaheim\137932 Trigon Energy Solar PV Projects-NV Energy"
"000000009598E9A20E04F041B38518182890A2D50100A3DF33FCC9BD1644BD14FCA330AA978500002A2EE0340000"	"\Divisions\PD\Substation Anaheim\139679 PacifiCorp NEFF Pilot Butte"
"000000009598E9A20E04F041B38518182890A2D50100A3DF33FCC9BD1644BD14FCA330AA978500002A304AEE0000"	"\Divisions\PD\Substation Anaheim\140859 General Electric SCE Santiago Synchronous Cond"
"000000009598E9A20E04F041B38518182890A2D5010012225CC57BF01F4EA8CCA87A792FF35F0000C5E55C9B0000"	"\Divisions\PD\Substation Anaheim\146297 ONCOR PLANO COMM PKWY"
"000000009598E9A20E04F041B38518182890A2D50100A3DF33FCC9BD1644BD14FCA330AA97850000193675380000"	"\Divisions\PD\Substation Anaheim\BD Anaheim"
"000000009598E9A20E04F041B38518182890A2D50100E34BFE500669CD49AC2E27C6C54DE39D0000003DC1200000"	"\Divisions\PD\Substation Ann Arbor\122448"
"000000009598E9A20E04F041B38518182890A2D50100A3DF33FCC9BD1644BD14FCA330AA9785000017BC84E70000"	"\Divisions\PD\Substation Ann Arbor\127847"
"000000009598E9A20E04F041B38518182890A2D50100A3DF33FCC9BD1644BD14FCA330AA978500001FAB73500000"	"\Divisions\PD\Substation Ann Arbor\136160 Kalida Rebuild"
"000000009598E9A20E04F041B38518182890A2D50100A3DF33FCC9BD1644BD14FCA330AA9785000026750E570000"	"\Divisions\PD\Substation Ann Arbor\138681 - ITC Walkemeyer N Liberal"
"000000009598E9A20E04F041B38518182890A2D50100A3DF33FCC9BD1644BD14FCA330AA978500002675DE920000"	"\Divisions\PD\Substation Ann Arbor\140305 - AEP E Wheelersburg P12104030"
"000000009598E9A20E04F041B38518182890A2D5010012225CC57BF01F4EA8CCA87A792FF35F00003452E6700000"	"\Divisions\PD\Substation Ann Arbor\144084 - Millbrook Park A15703071"
"000000009598E9A20E04F041B38518182890A2D5010012225CC57BF01F4EA8CCA87A792FF35F00009A3F30970000"	"\Divisions\PD\Substation Ann Arbor\145704"
"000000009598E9A20E04F041B38518182890A2D5010012225CC57BF01F4EA8CCA87A792FF35F0000D7BBE2B90000"	"\Divisions\PD\Substation Ann Arbor\146857"
"000000009598E9A20E04F041B38518182890A2D5010012225CC57BF01F4EA8CCA87A792FF35F000158408A5A0000"	"\Divisions\PD\Substation Ann Arbor\149555"
"000000009598E9A20E04F041B38518182890A2D50100A3DF33FCC9BD1644BD14FCA330AA978500002C0122DD0000"	"\Divisions\PD\Substation Ann Arbor\ComEd\Material Ordering\DC Panel"
"000000009598E9A20E04F041B38518182890A2D50100A3DF33FCC9BD1644BD14FCA330AA978500002A0901390000"	"\Divisions\PD\Substation Ann Arbor\Proposals\121650 West Central Reliability"
"000000009598E9A20E04F041B38518182890A2D5010012225CC57BF01F4EA8CCA87A792FF35F00002BF9AC5C0000"	"\Divisions\PD\Substation Atlanta\00_DMS UPLOAD\143868_Harper Substation-Sunflower"
"000000009598E9A20E04F041B38518182890A2D5010012225CC57BF01F4EA8CCA87A792FF35F0005F2CE46410000"	"\Divisions\PD\Substation Atlanta\0239209_Southern Company - East Chelsea SS"
"000000009598E9A20E04F041B38518182890A2D5010012225CC57BF01F4EA8CCA87A792FF35F000636B4DBAC0000"	"\Divisions\PD\Substation Atlanta\0241912_0000_ATL Athens Switch Disconnect 69 kV Station"
"000000009598E9A20E04F041B38518182890A2D5010012225CC57BF01F4EA8CCA87A792FF35F0006666AAA770000"	"\Divisions\PD\Substation Atlanta\0243405_0000_Sunflower DISIS-2019-001 Estimate"
"000000009598E9A20E04F041B38518182890A2D5010012225CC57BF01F4EA8CCA87A792FF35F0006B39BD2EF0000"	"\Divisions\PD\Substation Atlanta\0246442_0000_Snyder Switch Replace 138kV Circuit Breaker #3260"
"000000009598E9A20E04F041B38518182890A2D5010012225CC57BF01F4EA8CCA87A792FF35F0006E66718B50000"	"\Divisions\PD\Substation Atlanta\0248093_0000_Peppervine Switch - Inst Launch Pad Term SW 46679"
"000000009598E9A20E04F041B38518182890A2D5010012225CC57BF01F4EA8CCA87A792FF35F0007141D875A0000"	"\Divisions\PD\Substation Atlanta\0249792_0000_Roanoke Switch: Establish Terminal for Exchange-Roanoke 138 kV Line"
"000000009598E9A20E04F041B38518182890A2D5010012225CC57BF01F4EA8CCA87A792FF35F00072F1FD0D60000"	"\Divisions\PD\Substation Atlanta\0250964_0000_Kemp Ranch Switch 52448: Install Fiber Transceivers and Modify Relay Settings"
"000000009598E9A20E04F041B38518182890A2D5010012225CC57BF01F4EA8CCA87A792FF35F000754ADB8690000"	"\Divisions\PD\Substation Atlanta\0252004_0000_APC - Messer LLC CU - P&C"
"000000009598E9A20E04F041B38518182890A2D5010012225CC57BF01F4EA8CCA87A792FF35F00078D7EF7400000"	"\Divisions\PD\Substation Atlanta\0253815_0000_ATL Tyler East Sub DA 55862"
"000000009598E9A20E04F041B38518182890A2D5010012225CC57BF01F4EA8CCA87A792FF35F0007AEB834020000"	"\Divisions\PD\Substation Atlanta\0254926_0000_ATL Minerva SW 69kv Line Mod 49147"
"000000009598E9A20E04F041B38518182890A2D5010012225CC57BF01F4EA8CCA87A792FF35F0007E1A1C7D70000"	"\Divisions\PD\Substation Atlanta\0256462_0000_ATL Archer City Sub 56189"
"000000009598E9A20E04F041B38518182890A2D50100E34BFE500669CD49AC2E27C6C54DE39D0000001240030000"	"\Divisions\PD\Substation Atlanta\113015_Elm Creek Substation\Construction progress"
"000000009598E9A20E04F041B38518182890A2D50100E34BFE500669CD49AC2E27C6C54DE39D00000010D1620000"	"\Divisions\PD\Substation Atlanta\113015_Elm Creek Substation\Equipment\Quotations"
"000000009598E9A20E04F041B38518182890A2D50100A3DF33FCC9BD1644BD14FCA330AA978500002AB6EA090000"	"\Divisions\PD\Substation Atlanta\113504_W. Farnum Sub 115kV Upgrades\In ProjectWise"
"000000009598E9A20E04F041B38518182890A2D50100E34BFE500669CD49AC2E27C6C54DE39D000000383ECB0000"	"\Divisions\PD\Substation Atlanta\113843_Taloga Wind"
"000000009598E9A20E04F041B38518182890A2D50100A3DF33FCC9BD1644BD14FCA330AA978500002AB72C060000"	"\Divisions\PD\Substation Atlanta\116139_Round Rock Dist Auto\In ProjectWise"
"000000009598E9A20E04F041B38518182890A2D50100E34BFE500669CD49AC2E27C6C54DE39D0000002261010000"	"\Divisions\PD\Substation Atlanta\116139_Round Rock Dist Auto\Visual Analysis\115633"
"000000009598E9A20E04F041B38518182890A2D50100E34BFE500669CD49AC2E27C6C54DE39D0000003499810000"	"\Divisions\PD\Substation Atlanta\117728_CCEC Transcan Sub\Reference Material"
"000000009598E9A20E04F041B38518182890A2D501001953B16A689BCD4AA8FC82955DB27CB1000001770F8B0000"	"\Divisions\PD\Substation Atlanta\123097_PEF EPC\Projects in Construction"
"000000009598E9A20E04F041B38518182890A2D501001953B16A689BCD4AA8FC82955DB27CB100000159B9620000"	"\Divisions\PD\Substation Atlanta\123097.42_PEF_Westridge"
"000000009598E9A20E04F041B38518182890A2D50100A3DF33FCC9BD1644BD14FCA330AA9785000015E8E6A90000"	"\Divisions\PD\Substation Atlanta\123979_Sunflower Barber Substation\Breakers"
"000000009598E9A20E04F041B38518182890A2D50100A3DF33FCC9BD1644BD14FCA330AA9785000017387E690000"	"\Divisions\PD\Substation Atlanta\123979_Sunflower Barber Substation\General Arrangement"
"000000009598E9A20E04F041B38518182890A2D50100A3DF33FCC9BD1644BD14FCA330AA978500001738DB430000"	"\Divisions\PD\Substation Atlanta\123979_Sunflower Barber Substation\Relay Settings"
"000000009598E9A20E04F041B38518182890A2D50100A3DF33FCC9BD1644BD14FCA330AA978500000E94D2B80000"	"\Divisions\PD\Substation Atlanta\125218_STEC Jaden Substation"
"000000009598E9A20E04F041B38518182890A2D50100A3DF33FCC9BD1644BD14FCA330AA9785000016CF6F120000"	"\Divisions\PD\Substation Atlanta\125583_Sunflower Cimarron\Environmental Survey Grading\Easements"
"000000009598E9A20E04F041B38518182890A2D50100A3DF33FCC9BD1644BD14FCA330AA9785000016CAE2710000"	"\Divisions\PD\Substation Atlanta\125583_Sunflower Cimarron\Equipment\Steel"
"000000009598E9A20E04F041B38518182890A2D50100A3DF33FCC9BD1644BD14FCA330AA9785000016DD8F700000"	"\Divisions\PD\Substation Atlanta\125583_Sunflower Cimarron\Equipment\Transformer\Transformer Clarifications"
"000000009598E9A20E04F041B38518182890A2D50100A3DF33FCC9BD1644BD14FCA330AA978500001778AE640000"	"\Divisions\PD\Substation Atlanta\125583_Sunflower Cimarron\Project Management\Greensheet Meetings"
"000000009598E9A20E04F041B38518182890A2D50100A3DF33FCC9BD1644BD14FCA330AA9785000017EAE7900000"	"\Divisions\PD\Substation Atlanta\125583_Sunflower Cimarron\SUBSTATION CONTROL AND SAS\Protection and Control\Relay Panels"
"000000009598E9A20E04F041B38518182890A2D50100A3DF33FCC9BD1644BD14FCA330AA9785000017E88B5A0000"	"\Divisions\PD\Substation Atlanta\125583_Sunflower Cimarron\SUBSTATION PHYSICAL \Foundations"
"000000009598E9A20E04F041B38518182890A2D50100A3DF33FCC9BD1644BD14FCA330AA9785000016E616170000"	"\Divisions\PD\Substation Atlanta\126407_Atl Whitehouse 138kV Sub Line\Scoping"
"000000009598E9A20E04F041B38518182890A2D50100A3DF33FCC9BD1644BD14FCA330AA978500002ABF7E6B0000"	"\Divisions\PD\Substation Atlanta\133037_SEPC-345 INTERCONNECT DSN STD \In ProjectWise"
"000000009598E9A20E04F041B38518182890A2D50100A3DF33FCC9BD1644BD14FCA330AA978500001D7B11040000"	"\Divisions\PD\Substation Atlanta\133432_Spearville 345kV\Carrier"
"000000009598E9A20E04F041B38518182890A2D50100A3DF33FCC9BD1644BD14FCA330AA978500002ABFD8330000"	"\Divisions\PD\Substation Atlanta\133432_Spearville 345kV\In ProjectWise"
"000000009598E9A20E04F041B38518182890A2D50100A3DF33FCC9BD1644BD14FCA330AA978500002ABFC3130000"	"\Divisions\PD\Substation Atlanta\133432_Spearville 345kV\Transformer\In ProjectWise"
"000000009598E9A20E04F041B38518182890A2D50100A3DF33FCC9BD1644BD14FCA330AA978500002B5DA3610000"	"\Divisions\PD\Substation Atlanta\136152_ATL CITY VIEW 138 LN TERM UPG\In ProjectWise"
"000000009598E9A20E04F041B38518182890A2D50100A3DF33FCC9BD1644BD14FCA330AA978500002C8F1E5E0000"	"\Divisions\PD\Substation Atlanta\139049_SUNFLOWER_Harper_to_Milan"
"000000009598E9A20E04F041B38518182890A2D50100A3DF33FCC9BD1644BD14FCA330AA9785000025F101460000"	"\Divisions\PD\Substation Atlanta\139488_BREINIGSVILLE 500KV"
"000000009598E9A20E04F041B38518182890A2D5010012225CC57BF01F4EA8CCA87A792FF35F000162F5FFA90000"	"\Divisions\PD\Substation Atlanta\139848_ATL BUCKHORN 345 SWTCH\In ProjectWise\RFI"
"000000009598E9A20E04F041B38518182890A2D50100A3DF33FCC9BD1644BD14FCA330AA9785000026281A270000"	"\Divisions\PD\Substation Atlanta\139848_ATL BUCKHORN 345 SWTCH\Studies\Facility"
"000000009598E9A20E04F041B38518182890A2D50100A3DF33FCC9BD1644BD14FCA330AA9785000028CE43AB0000"	"\Divisions\PD\Substation Atlanta\140572_SUNFLOWER SPEARVILLE RPLC CB SV188\Drawings\One Line Diagrams"
"000000009598E9A20E04F041B38518182890A2D50100A3DF33FCC9BD1644BD14FCA330AA978500002C0B30820000"	"\Divisions\PD\Substation Atlanta\140572_SUNFLOWER SPEARVILLE RPLC CB SV188\QA/QC"
"000000009598E9A20E04F041B38518182890A2D5010012225CC57BF01F4EA8CCA87A792FF35F000134A906F90000"	"\Divisions\PD\Substation Atlanta\140764_DEF_JASPER LINE TERM\141740_ATL SHADY GROVE SUB LN TERM"
"000000009598E9A20E04F041B38518182890A2D5010012225CC57BF01F4EA8CCA87A792FF35F000072BD7BCC0000"	"\Divisions\PD\Substation Atlanta\142492_BLACK FORK"
"000000009598E9A20E04F041B38518182890A2D5010012225CC57BF01F4EA8CCA87A792FF35F00007754B8A80000"	"\Divisions\PD\Substation Atlanta\145096_ATL HASKELL AVE-DIST AUTO"
"000000009598E9A20E04F041B38518182890A2D5010012225CC57BF01F4EA8CCA87A792FF35F00010B3047740000"	"\Divisions\PD\Substation Atlanta\148263_ATL WHITE SETTLEMENT SWITCH"
"000000009598E9A20E04F041B38518182890A2D5010012225CC57BF01F4EA8CCA87A792FF35F0001826BBE970000"	"\Divisions\PD\Substation Atlanta\151230_ATL ALLEN SUB DA"
"000000009598E9A20E04F041B38518182890A2D5010012225CC57BF01F4EA8CCA87A792FF35F0001F67CE0BB0000"	"\Divisions\PD\Substation Atlanta\153327 SUNFLOWER GARDEN CITY"
"000000009598E9A20E04F041B38518182890A2D5010012225CC57BF01F4EA8CCA87A792FF35F00021A1314DA0000"	"\Divisions\PD\Substation Atlanta\154395_Sherry SWS LTU"
"000000009598E9A20E04F041B38518182890A2D5010012225CC57BF01F4EA8CCA87A792FF35F00028774B25F0000"	"\Divisions\PD\Substation Atlanta\157038_CHANDLER WEST DA"
"000000009598E9A20E04F041B38518182890A2D5010012225CC57BF01F4EA8CCA87A792FF35F0002B346783F0000"	"\Divisions\PD\Substation Atlanta\158546_CARROLLTO E SUB"
"000000009598E9A20E04F041B38518182890A2D5010012225CC57BF01F4EA8CCA87A792FF35F00042AD56C5F0000"	"\Divisions\PD\Substation Atlanta\165640_Elm Mott LTU"
"000000009598E9A20E04F041B38518182890A2D5010012225CC57BF01F4EA8CCA87A792FF35F00055EB0727A0000"	"\Divisions\PD\Substation Atlanta\178315_GPC-SE TOYOTA PHYSICAL"
"000000009598E9A20E04F041B38518182890A2D5010012225CC57BF01F4EA8CCA87A792FF35F0005A78413200000"	"\Divisions\PD\Substation Atlanta\180669_ATL ELM MOTT SW MOD PETE 48126"
"000000009598E9A20E04F041B38518182890A2D5010012225CC57BF01F4EA8CCA87A792FF35F00002BF9AC940000"	"\Divisions\PD\Substation Atlanta\atlofficetest"
"000000009598E9A20E04F041B38518182890A2D50100E34BFE500669CD49AC2E27C6C54DE39D0000003499680000"	"\Divisions\PD\Substation Atlanta\Lisa_Temp\Jacqueline"
"000000009598E9A20E04F041B38518182890A2D50100E34BFE500669CD49AC2E27C6C54DE39D0000002840F50000"	"\Divisions\PD\Substation Atlanta\NEEWS-Material Inspections\Trenwa"
"000000009598E9A20E04F041B38518182890A2D50100E34BFE500669CD49AC2E27C6C54DE39D0000002E3FF30000"	"\Divisions\PD\Substation Atlanta\ONCOR-2011-Scoping"
"000000009598E9A20E04F041B38518182890A2D50100E34BFE500669CD49AC2E27C6C54DE39D0000002261770000"	"\Divisions\PD\Substation Atlanta\ONCOR-Project Listings\CREZ Projects"
"000000009598E9A20E04F041B38518182890A2D50100E34BFE500669CD49AC2E27C6C54DE39D0000004310730000"	"\Divisions\PD\Substation Atlanta\Progress Energy\Reviews for other stations"
"000000009598E9A20E04F041B38518182890A2D50100E34BFE500669CD49AC2E27C6C54DE39D00000042D19F0000"	"\Divisions\PD\Substation Atlanta\Progress Energy\Standards"
"000000009598E9A20E04F041B38518182890A2D50100E34BFE500669CD49AC2E27C6C54DE39D0000004083AF0000"	"\Divisions\PD\Substation Atlanta\Proposals\2009\118451 IBERDOLA-Hardscrabble Wind Farm"
"000000009598E9A20E04F041B38518182890A2D50100E34BFE500669CD49AC2E27C6C54DE39D0000003A887C0000"	"\Divisions\PD\Substation Atlanta\Proposals\2010\121392_Ketraco"
"000000009598E9A20E04F041B38518182890A2D50100E34BFE500669CD49AC2E27C6C54DE39D0000003B828B0000"	"\Divisions\PD\Substation Atlanta\Proposals\2011\121903_Progress Energy_CBM"
"000000009598E9A20E04F041B38518182890A2D50100E34BFE500669CD49AC2E27C6C54DE39D0000004310070000"	"\Divisions\PD\Substation Atlanta\Proposals\2011\Sunflower 345kV Spec"
"000000009598E9A20E04F041B38518182890A2D50100E34BFE500669CD49AC2E27C6C54DE39D000000140D770000"	"\Divisions\PD\Substation Atlanta\Proposals\CPS Energy"
"000000009598E9A20E04F041B38518182890A2D501001296C725372D7F4B86B758A22EA3141B0000005D20370000"	"\Divisions\PD\Substation Atlanta\Proposals\WFEC"
"000000009598E9A20E04F041B38518182890A2D50100A3DF33FCC9BD1644BD14FCA330AA978500001A5DF54C0000"	"\Divisions\PD\Substation Atlanta\Substation Billings\_BD"
"000000009598E9A20E04F041B38518182890A2D50100E34BFE500669CD49AC2E27C6C54DE39D0000003499AD0000"	"\Divisions\PD\Substation Atlanta\Wind Projects Owners Engineers"
"000000009598E9A20E04F041B38518182890A2D50100572FF007A7D6B64CA96E5CFE8E1CC1A40000005F0CA70000"	"\Divisions\PD\Substation Billings\_BD\121769_2010_Work_Order_Inspection"
"000000009598E9A20E04F041B38518182890A2D50100CB7D9B6512D7374A860FE542D577039200000117E9AB0000"	"\Divisions\PD\Substation Billings\Billings Out of Office Calendar"
"000000009598E9A20E04F041B38518182890A2D50100A3DF33FCC9BD1644BD14FCA330AA978500002BEA2D650000"	"\Divisions\PD\Substation Boise\142544  AEP DARRAH INST GRD BNKS P14053003"
"000000009598E9A20E04F041B38518182890A2D5010012225CC57BF01F4EA8CCA87A792FF35F00005595F12A0000"	"\Divisions\PD\Substation Boise\144544  AEP TEXAS SCOPING ETNANDA"
"000000009598E9A20E04F041B38518182890A2D5010012225CC57BF01F4EA8CCA87A792FF35F0000DFB9CE170000"	"\Divisions\PD\Substation Boise\146950  ONCOR NORTHHAVEN SW STA RBLD"
"000000009598E9A20E04F041B38518182890A2D5010012225CC57BF01F4EA8CCA87A792FF35F0001153529B90000"	"\Divisions\PD\Substation Boise\148419  AEP W CANTON RETIREMENTS P15117003"
"000000009598E9A20E04F041B38518182890A2D5010012225CC57BF01F4EA8CCA87A792FF35F000158408A880000"	"\Divisions\PD\Substation Boise\149587  ONCOR MIDLAND EAST SUB DA PIP 3116"
"000000009598E9A20E04F041B38518182890A2D5010012225CC57BF01F4EA8CCA87A792FF35F0001821A09510000"	"\Divisions\PD\Substation Boise\151220  ONCOR FARMERS BRANCH SUB DA"
"000000009598E9A20E04F041B38518182890A2D5010012225CC57BF01F4EA8CCA87A792FF35F0001AAE8AA790000"	"\Divisions\PD\Substation Boise\152597  ONCOR PARIS NORTH-DA PIP 3561"
"000000009598E9A20E04F041B38518182890A2D5010012225CC57BF01F4EA8CCA87A792FF35F00021D59BD260000"	"\Divisions\PD\Substation Boise\153971 ONCOR GARLAND ROAD DA"
"000000009598E9A20E04F041B38518182890A2D5010012225CC57BF01F4EA8CCA87A792FF35F00021A1315040000"	"\Divisions\PD\Substation Boise\154663  ONCOR BOWMAN SWTCH ST PETE4108"
"000000009598E9A20E04F041B38518182890A2D5010012225CC57BF01F4EA8CCA87A792FF35F00026901081A0000"	"\Divisions\PD\Substation Boise\156084 LOTT FALLS ROAD 37879"
"000000009598E9A20E04F041B38518182890A2D501001296C725372D7F4B86B758A22EA3141B000000513AE90000"	"\Divisions\PD\Substation Denver"
"000000009598E9A20E04F041B38518182890A2D501006C95E27D1ACA634AA1AADC20796388DD00000068E0FA0000"	"\Divisions\PD\Substation Denver\116120 Mustang"
"000000009598E9A20E04F041B38518182890A2D501006C95E27D1ACA634AA1AADC20796388DD000000937DA10000"	"\Divisions\PD\Substation Denver\116945 St. George- Red Butte\Inspection"
"000000009598E9A20E04F041B38518182890A2D501006C95E27D1ACA634AA1AADC20796388DD0000008D32670000"	"\Divisions\PD\Substation Denver\119007 Paynesville Replace 115-69kV TF"
"000000009598E9A20E04F041B38518182890A2D50100A3DF33FCC9BD1644BD14FCA330AA978500001711C90C0000"	"\Divisions\PD\Substation Denver\120486"
"000000009598E9A20E04F041B38518182890A2D50100CB7D9B6512D7374A860FE542D577039200000111D3660000"	"\Divisions\PD\Substation Denver\122231 Arapahoe Leetsdale Remote End"
"000000009598E9A20E04F041B38518182890A2D501006C95E27D1ACA634AA1AADC20796388DD000000F5E7440000"	"\Divisions\PD\Substation Denver\123264 Split Rock 4 Breakers"
"000000009598E9A20E04F041B38518182890A2D501001953B16A689BCD4AA8FC82955DB27CB1000001C2303B0000"	"\Divisions\PD\Substation Denver\124326 Plainview"
"000000009598E9A20E04F041B38518182890A2D501001953B16A689BCD4AA8FC82955DB27CB1000001F5E4D90000"	"\Divisions\PD\Substation Denver\125122 Xcel GIST2 Smart 1 Lines"
"000000009598E9A20E04F041B38518182890A2D50100A3DF33FCC9BD1644BD14FCA330AA9785000015F684BF0000"	"\Divisions\PD\Substation Denver\126095 SDG&E CITYWORKS 2012 UPGRADE"
"000000009598E9A20E04F041B38518182890A2D50100A3DF33FCC9BD1644BD14FCA330AA97850000177822390000"	"\Divisions\PD\Substation Denver\126797 KRESS HIGH"
"000000009598E9A20E04F041B38518182890A2D50100A3DF33FCC9BD1644BD14FCA330AA978500001778159B0000"	"\Divisions\PD\Substation Denver\127488 KRESS LOW"
"000000009598E9A20E04F041B38518182890A2D50100A3DF33FCC9BD1644BD14FCA330AA978500001860334D0000"	"\Divisions\PD\Substation Denver\128486 TESORO PDC #21 PROT/SCADA"
"000000009598E9A20E04F041B38518182890A2D50100A3DF33FCC9BD1644BD14FCA330AA97850000193C80A30000"	"\Divisions\PD\Substation Denver\129354 LIMON 1 BA METERING SERVICE"
"000000009598E9A20E04F041B38518182890A2D50100A3DF33FCC9BD1644BD14FCA330AA9785000019C8FEEF0000"	"\Divisions\PD\Substation Denver\130583 RICE LAKE TRANSFORMER REMOVAL"
"000000009598E9A20E04F041B38518182890A2D50100A3DF33FCC9BD1644BD14FCA330AA978500001B53861A0000"	"\Divisions\PD\Substation Denver\132171 MPUB-NFAT"
"000000009598E9A20E04F041B38518182890A2D50100A3DF33FCC9BD1644BD14FCA330AA97850000257FB1B80000"	"\Divisions\PD\Substation Denver\133042 Tesoro"
"000000009598E9A20E04F041B38518182890A2D50100A3DF33FCC9BD1644BD14FCA330AA978500001D82439E0000"	"\Divisions\PD\Substation Denver\133864 MISSILE FIBER BOX RELOCATION"
"000000009598E9A20E04F041B38518182890A2D50100A3DF33FCC9BD1644BD14FCA330AA978500001EC0F5380000"	"\Divisions\PD\Substation Denver\135334 GREENWOOD - REPLACE LCU"
"000000009598E9A20E04F041B38518182890A2D50100A3DF33FCC9BD1644BD14FCA330AA978500001F9F77C80000"	"\Divisions\PD\Substation Denver\136139 DEN COMMERCE SUB 138/69 AUTO"
"000000009598E9A20E04F041B38518182890A2D50100A3DF33FCC9BD1644BD14FCA330AA97850000202476160000"	"\Divisions\PD\Substation Denver\136493 RIFLE (230-345) - CIP NETWORK"
"000000009598E9A20E04F041B38518182890A2D50100A3DF33FCC9BD1644BD14FCA330AA978500002DE28FC20000"	"\Divisions\PD\Substation Denver\136637 SPS Kiowa"
"000000009598E9A20E04F041B38518182890A2D50100A3DF33FCC9BD1644BD14FCA330AA97850000212A14B20000"	"\Divisions\PD\Substation Denver\137194 AMES - PSC FRAME RLY RPLCMNT"
"000000009598E9A20E04F041B38518182890A2D50100A3DF33FCC9BD1644BD14FCA330AA9785000021D6DE010000"	"\Divisions\PD\Substation Denver\137709 COLLBRAN- TRANSFER BKR AND RTU"
"000000009598E9A20E04F041B38518182890A2D50100A3DF33FCC9BD1644BD14FCA330AA97850000228312010000"	"\Divisions\PD\Substation Denver\137967 SPS TX"
"000000009598E9A20E04F041B38518182890A2D50100A3DF33FCC9BD1644BD14FCA330AA97850000224E62D50000"	"\Divisions\PD\Substation Denver\138071 STOCKYARDS- FRAME RLY RPLC NSP"
"000000009598E9A20E04F041B38518182890A2D50100A3DF33FCC9BD1644BD14FCA330AA978500002261FFC60000"	"\Divisions\PD\Substation Denver\138117 SPLIT ROCK -FRAME RLY RPLC NSP"
"000000009598E9A20E04F041B38518182890A2D50100A3DF33FCC9BD1644BD14FCA330AA978500002268B6180000"	"\Divisions\PD\Substation Denver\138150 RIVERSIDE - FRAME RLY RPLC NSP"
"000000009598E9A20E04F041B38518182890A2D50100A3DF33FCC9BD1644BD14FCA330AA9785000022691FAC0000"	"\Divisions\PD\Substation Denver\138174 BEAR CREEK-FRAME RLY RPLC NSP"
"000000009598E9A20E04F041B38518182890A2D50100A3DF33FCC9BD1644BD14FCA330AA97850000226920C00000"	"\Divisions\PD\Substation Denver\138190 GRASSLAND - FRAME RLY RPLC NSP"
"000000009598E9A20E04F041B38518182890A2D50100A3DF33FCC9BD1644BD14FCA330AA97850000226EF7F40000"	"\Divisions\PD\Substation Denver\138208 SOUTH BEND- FRAME RLY RPLC NSP"
"000000009598E9A20E04F041B38518182890A2D50100A3DF33FCC9BD1644BD14FCA330AA97850000226EF8BE0000"	"\Divisions\PD\Substation Denver\138226 CASHTON - FRAME RLY RPLC NSP"
"000000009598E9A20E04F041B38518182890A2D50100A3DF33FCC9BD1644BD14FCA330AA978500002274EE870000"	"\Divisions\PD\Substation Denver\138261 LOUISE - FRAME RLY RPLC NSP"
"000000009598E9A20E04F041B38518182890A2D50100A3DF33FCC9BD1644BD14FCA330AA978500002274F3380000"	"\Divisions\PD\Substation Denver\138276 INVERHILLS -FRAME RLY RPLC NSP"
"000000009598E9A20E04F041B38518182890A2D50100A3DF33FCC9BD1644BD14FCA330AA978500002274F41A0000"	"\Divisions\PD\Substation Denver\138291 MITCHELL - FRAME RLY RPLC NSP"
"000000009598E9A20E04F041B38518182890A2D50100A3DF33FCC9BD1644BD14FCA330AA978500002274F6AA0000"	"\Divisions\PD\Substation Denver\138311 MNPWR RIEL-FRAME RLY RPLC NSP"
"000000009598E9A20E04F041B38518182890A2D50100A3DF33FCC9BD1644BD14FCA330AA978500002274F74A0000"	"\Divisions\PD\Substation Denver\138333 SHELDON - FRAME RLY RPLC NSP"
"000000009598E9A20E04F041B38518182890A2D50100A3DF33FCC9BD1644BD14FCA330AA978500002274F7750000"	"\Divisions\PD\Substation Denver\138352 HATFIELD - FRAME RLY RPLC NSP"
"000000009598E9A20E04F041B38518182890A2D50100A3DF33FCC9BD1644BD14FCA330AA97850000228573E80000"	"\Divisions\PD\Substation Denver\138426 DAYTNS BLUFF-FRME RLY RPLC NSP"
"000000009598E9A20E04F041B38518182890A2D50100A3DF33FCC9BD1644BD14FCA330AA978500002C0610060000"	"\Divisions\PD\Substation Denver\138502 IREA"
"000000009598E9A20E04F041B38518182890A2D50100A3DF33FCC9BD1644BD14FCA330AA9785000024054F830000"	"\Divisions\PD\Substation Denver\139223 MCHENRY - FRAME RLY RPLC NSP"
"000000009598E9A20E04F041B38518182890A2D50100A3DF33FCC9BD1644BD14FCA330AA9785000025DD97A30000"	"\Divisions\PD\Substation Denver\140067 NWCPUD MOBILE SUB LEASE"
"000000009598E9A20E04F041B38518182890A2D5010012225CC57BF01F4EA8CCA87A792FF35F000049C4B1A80000"	"\Divisions\PD\Substation Denver\141123 Hobbs"
"000000009598E9A20E04F041B38518182890A2D50100A3DF33FCC9BD1644BD14FCA330AA978500002C05F6370000"	"\Divisions\PD\Substation Denver\142102 Pre-Comm"
"000000009598E9A20E04F041B38518182890A2D50100A3DF33FCC9BD1644BD14FCA330AA978500002DE28FBF0000"	"\Divisions\PD\Substation Denver\142516 Capitan"
"000000009598E9A20E04F041B38518182890A2D50100A3DF33FCC9BD1644BD14FCA330AA978500002D8DD7330000"	"\Divisions\PD\Substation Denver\143185 GI-2016-9 FEASIBILITY STUDY"
"000000009598E9A20E04F041B38518182890A2D5010012225CC57BF01F4EA8CCA87A792FF35F00003452E6680000"	"\Divisions\PD\Substation Denver\144048 ENNIS SUB- BATTERY REPLACEMENT"
"000000009598E9A20E04F041B38518182890A2D5010012225CC57BF01F4EA8CCA87A792FF35F00003452E6360000"	"\Divisions\PD\Substation Denver\144080 DAWSON A15704054"
"000000009598E9A20E04F041B38518182890A2D5010012225CC57BF01F4EA8CCA87A792FF35F0000A56624D50000"	"\Divisions\PD\Substation Denver\144992 North"
"000000009598E9A20E04F041B38518182890A2D5010012225CC57BF01F4EA8CCA87A792FF35F00009B0B6D1F0000"	"\Divisions\PD\Substation Denver\145658 OHIO CENTRAL P17007001"
"000000009598E9A20E04F041B38518182890A2D5010012225CC57BF01F4EA8CCA87A792FF35F00011D8C7A4B0000"	"\Divisions\PD\Substation Denver\148778 MORRIS NVLTY LN A15705254"
"000000009598E9A20E04F041B38518182890A2D5010012225CC57BF01F4EA8CCA87A792FF35F00015333EE6F0000"	"\Divisions\PD\Substation Denver\149555 W NEW PHILADELPHIA P16126015"
"000000009598E9A20E04F041B38518182890A2D5010012225CC57BF01F4EA8CCA87A792FF35F0001A7C15AB90000"	"\Divisions\PD\Substation Denver\152499 MARTINSVILLE LINE A15705250"
"000000009598E9A20E04F041B38518182890A2D5010012225CC57BF01F4EA8CCA87A792FF35F000225419F810000"	"\Divisions\PD\Substation Denver\154953 ENNIS-115-12.47Kv SUB DCP"
"000000009598E9A20E04F041B38518182890A2D5010012225CC57BF01F4EA8CCA87A792FF35F0002716A9EDC0000"	"\Divisions\PD\Substation Denver\156596 P-2019 PSC E&S DSUB"
"000000009598E9A20E04F041B38518182890A2D5010012225CC57BF01F4EA8CCA87A792FF35F0002793A45E90000"	"\Divisions\PD\Substation Denver\156875 P-EAST- GE ACR RELAY REPLC"
"000000009598E9A20E04F041B38518182890A2D5010012225CC57BF01F4EA8CCA87A792FF35F00028473350C0000"	"\Divisions\PD\Substation Denver\157328 N-ROCK RIVER ROC90 INTRCN HDR"
"000000009598E9A20E04F041B38518182890A2D5010012225CC57BF01F4EA8CCA87A792FF35F00028774B2A50000"	"\Divisions\PD\Substation Denver\157472 N-RIVERSIDE GEN FAN-HDR"
"000000009598E9A20E04F041B38518182890A2D5010012225CC57BF01F4EA8CCA87A792FF35F00029EC21F7C0000"	"\Divisions\PD\Substation Denver\158012 N-SAVAGE RELAY SETTINGS"
"000000009598E9A20E04F041B38518182890A2D5010012225CC57BF01F4EA8CCA87A792FF35F0002B34678250000"	"\Divisions\PD\Substation Denver\158564 N-SHERBURNE SECURITY COMM HDR"
"000000009598E9A20E04F041B38518182890A2D5010012225CC57BF01F4EA8CCA87A792FF35F0002B4A0BD720000"	"\Divisions\PD\Substation Denver\158698 N-PENOKEE RANGE RLY SET HDR"
"000000009598E9A20E04F041B38518182890A2D5010012225CC57BF01F4EA8CCA87A792FF35F0002CE133CE00000"	"\Divisions\PD\Substation Denver\159347 N-CHEMOLITE RLY RPLCMNT-HDR"
"000000009598E9A20E04F041B38518182890A2D5010012225CC57BF01F4EA8CCA87A792FF35F0002D6D8501D0000"	"\Divisions\PD\Substation Denver\159586 P-NCAR COB - HDR"
"000000009598E9A20E04F041B38518182890A2D5010012225CC57BF01F4EA8CCA87A792FF35F0002E086C8510000"	"\Divisions\PD\Substation Denver\159796 N-DOUGLAS CSG317 RELAY-HDR"
"000000009598E9A20E04F041B38518182890A2D5010012225CC57BF01F4EA8CCA87A792FF35F0002FDF7B9FB0000"	"\Divisions\PD\Substation Denver\160407 COBB LAKE 1396 BKR-SALIENT"
"000000009598E9A20E04F041B38518182890A2D5010012225CC57BF01F4EA8CCA87A792FF35F000312A49F490000"	"\Divisions\PD\Substation Denver\161067 P- CALIFORNIA PHASE 3"
"000000009598E9A20E04F041B38518182890A2D5010012225CC57BF01F4EA8CCA87A792FF35F00032D3191EC0000"	"\Divisions\PD\Substation Denver\161709 N-MTW CSG279-MTW021 SLR GRDN"
"000000009598E9A20E04F041B38518182890A2D50100A3DF33FCC9BD1644BD14FCA330AA978500000E8717CF0000"	"\Divisions\PD\Substation Denver\Split Rock Bay Addition"
"000000009598E9A20E04F041B38518182890A2D501006C95E27D1ACA634AA1AADC20796388DD00000066EA850000"	"\Divisions\PD\Substation Fort Worth"
"000000009598E9A20E04F041B38518182890A2D501001296C725372D7F4B86B758A22EA3141B00000018C40F0000"	"\Divisions\PD\Substation Freeport\Inactive File\104553_Boston_345kV_Project\Stoughton Con Com - DEP Appeal"
"000000009598E9A20E04F041B38518182890A2D501001296C725372D7F4B86B758A22EA3141B00000022D6620000"	"\Divisions\PD\Substation Freeport\Inactive File\104895_PSNH_Scobie Review\Procurement and POs"
"000000009598E9A20E04F041B38518182890A2D501001296C725372D7F4B86B758A22EA3141B00000010307B0000"	"\Divisions\PD\Substation Freeport\Inactive File\105841 DEC Kent County"
"000000009598E9A20E04F041B38518182890A2D501001296C725372D7F4B86B758A22EA3141B00000010FF190000"	"\Divisions\PD\Substation Freeport\Inactive File\106XXX_PSNH_Emerald_ST"
"000000009598E9A20E04F041B38518182890A2D501001296C725372D7F4B86B758A22EA3141B0000001463AF0000"	"\Divisions\PD\Substation Freeport\Inactive File\106XXX_PSNH_Madbury\Permits"
"000000009598E9A20E04F041B38518182890A2D501001296C725372D7F4B86B758A22EA3141B00000017A0AE0000"	"\Divisions\PD\Substation Freeport\Inactive File\107245_NG_B154N_C155N"
"000000009598E9A20E04F041B38518182890A2D501001296C725372D7F4B86B758A22EA3141B00000022D5E20000"	"\Divisions\PD\Substation Freeport\Inactive File\108042_TXU_South_Brownwood\Permits"
"000000009598E9A20E04F041B38518182890A2D501001296C725372D7F4B86B758A22EA3141B00000022D5F90000"	"\Divisions\PD\Substation Freeport\Inactive File\108166_TXU_Dublin\Digital Data"
"000000009598E9A20E04F041B38518182890A2D501001296C725372D7F4B86B758A22EA3141B00000022D6080000"	"\Divisions\PD\Substation Freeport\Inactive File\108166_TXU_Dublin\Studies"
"000000009598E9A20E04F041B38518182890A2D501001296C725372D7F4B86B758A22EA3141B00000022D6410000"	"\Divisions\PD\Substation Freeport\Inactive File\108556_Centerpoint_Webster\Photos"
"000000009598E9A20E04F041B38518182890A2D501001296C725372D7F4B86B758A22EA3141B00000022D6230000"	"\Divisions\PD\Substation Freeport\Inactive File\108557_Centerpoint_Freeport\Environmental"
"000000009598E9A20E04F041B38518182890A2D501001296C725372D7F4B86B758A22EA3141B00000026E9B40000"	"\Divisions\PD\Substation Freeport\Inactive File\108603 Greens Bayou"
"000000009598E9A20E04F041B38518182890A2D501001296C725372D7F4B86B758A22EA3141B00000026BFBA0000"	"\Divisions\PD\Substation Freeport\Inactive File\108954_TXU_Celina_Switch\Meeting Minutes"
"000000009598E9A20E04F041B38518182890A2D50100E34BFE500669CD49AC2E27C6C54DE39D0000004083C90000"	"\Divisions\PD\Substation Freeport\Inactive File\109947_CMP_ScarOOBLine"
"000000009598E9A20E04F041B38518182890A2D50100E34BFE500669CD49AC2E27C6C54DE39D0000004083D80000"	"\Divisions\PD\Substation Freeport\Inactive File\109947_CMP_ScarOOBLine\109947 Saco  Bay Prelim & MPUC\Data Requests\Office of Public Advocate Data Request OPA 02"
"000000009598E9A20E04F041B38518182890A2D50100E34BFE500669CD49AC2E27C6C54DE39D0000004083E70000"	"\Divisions\PD\Substation Freeport\Inactive File\109947_CMP_ScarOOBLine\109947 Saco  Bay Prelim & MPUC\MPUC Hearings\ODR-04 & 05"
"000000009598E9A20E04F041B38518182890A2D501001296C725372D7F4B86B758A22EA3141B00000030C6E50000"	"\Divisions\PD\Substation Freeport\Inactive File\109947_CMP_ScarOOBLine1"
"000000009598E9A20E04F041B38518182890A2D501001296C725372D7F4B86B758A22EA3141B0000005D205F0000"	"\Divisions\PD\Substation Freeport\Inactive File\109947_CMP_ScarOOBLine1\109947 Saco  Bay Prelim & MPUC\Data Requests\Office of Public Advocate Data Request OPA 02"
"000000009598E9A20E04F041B38518182890A2D501001296C725372D7F4B86B758A22EA3141B0000006054BE0000"	"\Divisions\PD\Substation Freeport\Inactive File\109947_CMP_ScarOOBLine1\109947 Saco  Bay Prelim & MPUC\MPUC Hearings\ODR-04 & 05"
"000000009598E9A20E04F041B38518182890A2D501001296C725372D7F4B86B758A22EA3141B00000030C6FC0000"	"\Divisions\PD\Substation Freeport\Inactive File\109962_PSNH_Brentwood"
"000000009598E9A20E04F041B38518182890A2D501001296C725372D7F4B86B758A22EA3141B000000561E540000"	"\Divisions\PD\Substation Freeport\Inactive File\112284_CMP_HeywoodRoad "
"000000009598E9A20E04F041B38518182890A2D501001953B16A689BCD4AA8FC82955DB27CB1000001DE8B380000"	"\Divisions\PD\Substation Freeport\Inactive File\115977_ONCOR_Mountain_Creek"
"000000009598E9A20E04F041B38518182890A2D501001953B16A689BCD4AA8FC82955DB27CB1000000A278790000"	"\Divisions\PD\Substation Freeport\Inactive File\CLOSED_108909_VELCO_Granite_PART_2.PST"
"000000009598E9A20E04F041B38518182890A2D501001953B16A689BCD4AA8FC82955DB27CB1000000A278880000"	"\Divisions\PD\Substation Freeport\Inactive File\CLOSED_109947_CMP_ScarOOBLine\109947 Saco  Bay Prelim & MPUC\Data Requests\Hearing Examiner Data Request EX-01"
"000000009598E9A20E04F041B38518182890A2D501001953B16A689BCD4AA8FC82955DB27CB1000000A278970000"	"\Divisions\PD\Substation Freeport\Inactive File\CLOSED_109947_CMP_ScarOOBLine\109947 Saco  Bay Prelim & MPUC\MPUC Hearings\Motion to Dismiss"
"000000009598E9A20E04F041B38518182890A2D501001953B16A689BCD4AA8FC82955DB27CB1000000A278A60000"	"\Divisions\PD\Substation Freeport\Inactive File\CLOSED_109947_CMP_ScarOOBLine\DD\Estimates\EX-03-41_20MW_Gen"
"000000009598E9A20E04F041B38518182890A2D501001953B16A689BCD4AA8FC82955DB27CB1000000A278B50000"	"\Divisions\PD\Substation Freeport\Inactive File\CLOSED_109947_CMP_ScarOOBLine1\109947 Saco  Bay Prelim & MPUC\Data Requests\Hearing Examiner Data Request EX-01"
"000000009598E9A20E04F041B38518182890A2D501001953B16A689BCD4AA8FC82955DB27CB1000000A278C40000"	"\Divisions\PD\Substation Freeport\Inactive File\CLOSED_109947_CMP_ScarOOBLine1\109947 Saco  Bay Prelim & MPUC\MPUC Hearings\Motion to Dismiss"
"000000009598E9A20E04F041B38518182890A2D501001953B16A689BCD4AA8FC82955DB27CB1000000B63DAC0000"	"\Divisions\PD\Substation Freeport\Inactive File\CLOSED_109947_CMP_ScarOOBLine1\DD\Estimates\EX-03-41_20MW_Gen"
"000000009598E9A20E04F041B38518182890A2D501001953B16A689BCD4AA8FC82955DB27CB1000000B63DBC0000"	"\Divisions\PD\Substation Freeport\Inactive File\CLOSED_112815 Jackman Capacitor Bank \Proposal"
"000000009598E9A20E04F041B38518182890A2D50100E34BFE500669CD49AC2E27C6C54DE39D0000002261B00000"	"\Divisions\PD\Substation Freeport\Inactive File\CLOSED_117297_Scobie_802_and_262_Replacements"
"000000009598E9A20E04F041B38518182890A2D501001296C725372D7F4B86B758A22EA3141B0000000A4DE60000"	"\Divisions\PD\Substation Freeport\Inactive File\NUSCO - Portland S/S"
"000000009598E9A20E04F041B38518182890A2D50100A3DF33FCC9BD1644BD14FCA330AA978500002D7B86860000"	"\Divisions\PD\Substation Freeport\Projects\113505_Plainville_MA\135271_Tewksbury"
"000000009598E9A20E04F041B38518182890A2D501001953B16A689BCD4AA8FC82955DB27CB100000182A7D00000"	"\Divisions\PD\Substation Freeport\Projects\113552_South_GorhamPART7"
"000000009598E9A20E04F041B38518182890A2D50100E34BFE500669CD49AC2E27C6C54DE39D00000037A23C0000"	"\Divisions\PD\Substation Freeport\Projects\120949_CMP_Athens"
"000000009598E9A20E04F041B38518182890A2D50100A3DF33FCC9BD1644BD14FCA330AA978500000E7938EA0000"	"\Divisions\PD\Substation Freeport\Projects\123589_Riverside"
"000000009598E9A20E04F041B38518182890A2D50100A3DF33FCC9BD1644BD14FCA330AA97850000176BC23E0000"	"\Divisions\PD\Substation Freeport\Projects\127637_West_Hampden"
"000000009598E9A20E04F041B38518182890A2D50100A3DF33FCC9BD1644BD14FCA330AA978500001B7680E90000"	"\Divisions\PD\Substation Freeport\Projects\132352_CL&P - Devon 7R "
"000000009598E9A20E04F041B38518182890A2D50100A3DF33FCC9BD1644BD14FCA330AA978500001D749F4C0000"	"\Divisions\PD\Substation Freeport\Projects\133761_Chge_Pulver_Rd_Retrofits"
"000000009598E9A20E04F041B38518182890A2D50100A3DF33FCC9BD1644BD14FCA330AA978500001DE12E1D0000"	"\Divisions\PD\Substation Freeport\Projects\134715_QMIP"
"000000009598E9A20E04F041B38518182890A2D50100A3DF33FCC9BD1644BD14FCA330AA9785000023D63D400000"	"\Divisions\PD\Substation Freeport\Projects\135351_CMC"
"000000009598E9A20E04F041B38518182890A2D50100A3DF33FCC9BD1644BD14FCA330AA9785000020ED92A60000"	"\Divisions\PD\Substation Freeport\Projects\136701_Kokernot_Republic"
"000000009598E9A20E04F041B38518182890A2D50100A3DF33FCC9BD1644BD14FCA330AA9785000021E824680000"	"\Divisions\PD\Substation Freeport\Projects\137857_CL&P_DEVON_7R_S/S_ESTIMATING"
"000000009598E9A20E04F041B38518182890A2D50100A3DF33FCC9BD1644BD14FCA330AA9785000025674D9F0000"	"\Divisions\PD\Substation Freeport\Projects\139738_CL&P_Middle_River_OCB_Scope"
"000000009598E9A20E04F041B38518182890A2D50100A3DF33FCC9BD1644BD14FCA330AA978500002A0106F80000"	"\Divisions\PD\Substation Freeport\Projects\141706_CLP_Stony_Hill_S/S"
"000000009598E9A20E04F041B38518182890A2D50100A3DF33FCC9BD1644BD14FCA330AA978500002D9013C00000"	"\Divisions\PD\Substation Freeport\Projects\143178_CMP_MREI_Engineering"
"000000009598E9A20E04F041B38518182890A2D5010012225CC57BF01F4EA8CCA87A792FF35F000072BD7BB00000"	"\Divisions\PD\Substation Freeport\Projects\144886_PSNH_Beebe_River_Cap_Bank"
"000000009598E9A20E04F041B38518182890A2D5010012225CC57BF01F4EA8CCA87A792FF35F0000B2BA275A0000"	"\Divisions\PD\Substation Freeport\Projects\146323_FRE_Kennedale_UPG_3200A"
"000000009598E9A20E04F041B38518182890A2D5010012225CC57BF01F4EA8CCA87A792FF35F0000ED289A3F0000"	"\Divisions\PD\Substation Freeport\Projects\147521_CMP_MCPC_Support_Effort"
"000000009598E9A20E04F041B38518182890A2D50100E34BFE500669CD49AC2E27C6C54DE39D0000001EF2000000"	"\Divisions\PD\Substation Freeport\Projects\CLOSED_115977_ONCOR_Mountain_Creek"
"000000009598E9A20E04F041B38518182890A2D501001296C725372D7F4B86B758A22EA3141B0000000E7F890000"	"\Divisions\PD\Substation Freeport\Proposals\105732-Orange_Rockland"
"000000009598E9A20E04F041B38518182890A2D501001296C725372D7F4B86B758A22EA3141B0000001BB2C50000"	"\Divisions\PD\Substation Freeport\Proposals\107XXX_BHE_Orrington"
"000000009598E9A20E04F041B38518182890A2D501001296C725372D7F4B86B758A22EA3141B0000003B4E030000"	"\Divisions\PD\Substation Freeport\Proposals\110745 EnergyEast NYSEG 2007 TDIRP"
"000000009598E9A20E04F041B38518182890A2D501001296C725372D7F4B86B758A22EA3141B0000000B17C30000"	"\Divisions\PD\Substation Freeport\Proposals\PSNH-BPO"
"000000009598E9A20E04F041B38518182890A2D5010012225CC57BF01F4EA8CCA87A792FF35F0004751731170000"	"\Divisions\PD\Substation Hailey\156069 - Sherry 3981"
"000000009598E9A20E04F041B38518182890A2D5010012225CC57BF01F4EA8CCA87A792FF35F0003ED4070A60000"	"\Divisions\PD\Substation Hailey\163253 - Double Mtn Reactor"
"000000009598E9A20E04F041B38518182890A2D5010012225CC57BF01F4EA8CCA87A792FF35F00047DA614F40000"	"\Divisions\PD\Substation Hailey\166891 - Skedaddle"
"000000009598E9A20E04F041B38518182890A2D5010012225CC57BF01F4EA8CCA87A792FF35F0004A7AEA4930000"	"\Divisions\PD\Substation Hailey\172151 - Cedar Crest Sw 44344"
"000000009598E9A20E04F041B38518182890A2D5010012225CC57BF01F4EA8CCA87A792FF35F0005CDC2D35B0000"	"\Divisions\PD\Substation Hailey\178214 - Bull Head 47931"
"000000009598E9A20E04F041B38518182890A2D5010012225CC57BF01F4EA8CCA87A792FF35F0005B4808A530000"	"\Divisions\PD\Substation Hailey\181061 - Sorcey Road Sub 49348"
"000000009598E9A20E04F041B38518182890A2D5010012225CC57BF01F4EA8CCA87A792FF35F0006408DEF6A0000"	"\Divisions\PD\Substation Hailey\242384 - Taylor Substation 50970"
"000000009598E9A20E04F041B38518182890A2D5010012225CC57BF01F4EA8CCA87A792FF35F00073D4CD1150000"	"\Divisions\PD\Substation Hailey\251169 - Seagoville Switch 52677"
"000000009598E9A20E04F041B38518182890A2D5010012225CC57BF01F4EA8CCA87A792FF35F0002F0691D7C0000"	"\Divisions\PD\Substation Hailey\RLM Oncor TRP 2020"
"000000009598E9A20E04F041B38518182890A2D5010012225CC57BF01F4EA8CCA87A792FF35F0000309CC10F0000"	"\Divisions\PD\Substation Hamilton\135632\Construction RFI\Responses"
"000000009598E9A20E04F041B38518182890A2D5010012225CC57BF01F4EA8CCA87A792FF35F0001A42619BB0000"	"\Divisions\PD\Substation Hamilton\141903\141903 NLRP Alburtis Phase 1\Geotech"
"000000009598E9A20E04F041B38518182890A2D5010012225CC57BF01F4EA8CCA87A792FF35F000097721E250000"	"\Divisions\PD\Substation Hamilton\145673"
"000000009598E9A20E04F041B38518182890A2D50100E34BFE500669CD49AC2E27C6C54DE39D00000022612D0000"	"\Divisions\PD\Substation Houston\00-BD_Proposals\Oncor_Big Brown_MI"
"000000009598E9A20E04F041B38518182890A2D50100E34BFE500669CD49AC2E27C6C54DE39D0000000929860000"	"\Divisions\PD\Substation Houston\01-General Oncor Information"
"000000009598E9A20E04F041B38518182890A2D50100E34BFE500669CD49AC2E27C6C54DE39D0000000AFCAE0000"	"\Divisions\PD\Substation Houston\01-General Oncor Information\00 CLOSED PROJECTS\Lake_Creek_110735_WA07T64006"
"000000009598E9A20E04F041B38518182890A2D50100E34BFE500669CD49AC2E27C6C54DE39D0000000AFCCB0000"	"\Divisions\PD\Substation Houston\01-General Oncor Information\00 CLOSED PROJECTS\STL Mayfield SII WA06T65249 (110548)"
"000000009598E9A20E04F041B38518182890A2D50100E34BFE500669CD49AC2E27C6C54DE39D00000018EEF00000"	"\Divisions\PD\Substation Houston\01-General Oncor Information\00 ISSUES - ANNOUNCEMENTS\Arresters for 2009"
"000000009598E9A20E04F041B38518182890A2D50100E34BFE500669CD49AC2E27C6C54DE39D000000146F5C0000"	"\Divisions\PD\Substation Houston\01-General Oncor Information\00 PROCEDURES"
"000000009598E9A20E04F041B38518182890A2D50100E34BFE500669CD49AC2E27C6C54DE39D0000002260D80000"	"\Divisions\PD\Substation Houston\01-General Oncor Information\00 REPORTS\Weekly Project Reports"
"000000009598E9A20E04F041B38518182890A2D50100E34BFE500669CD49AC2E27C6C54DE39D0000002A34DA0000"	"\Divisions\PD\Substation Houston\01-General Oncor Information\HOUSTON PROJECTS\Completion Report"
"000000009598E9A20E04F041B38518182890A2D50100A3DF33FCC9BD1644BD14FCA330AA978500001B26C9880000"	"\Divisions\PD\Substation Houston\121274_Gvec_Gonzales"
"000000009598E9A20E04F041B38518182890A2D50100A3DF33FCC9BD1644BD14FCA330AA978500000E6CCBCF0000"	"\Divisions\PD\Substation Houston\123287_AEP_Sabinal_Rebuild_Station\Meetings"
"000000009598E9A20E04F041B38518182890A2D50100A3DF33FCC9BD1644BD14FCA330AA97850000253F0FF70000"	"\Divisions\PD\Substation Houston\124670_AEP_Dennison_PVID#_34358\APS NOTIFICATIONS"
"000000009598E9A20E04F041B38518182890A2D50100A3DF33FCC9BD1644BD14FCA330AA978500000E70D7A40000"	"\Divisions\PD\Substation Houston\125217_STEC_Ricebird_Substation"
"000000009598E9A20E04F041B38518182890A2D50100A3DF33FCC9BD1644BD14FCA330AA97850000174E5E640000"	"\Divisions\PD\Substation Houston\127334_Oncor_Tate_Spring_Tap_WA12T62310"
"000000009598E9A20E04F041B38518182890A2D50100A3DF33FCC9BD1644BD14FCA330AA9785000018B253790000"	"\Divisions\PD\Substation Houston\127792_AEP_Osburn_PVID#_34774"
"000000009598E9A20E04F041B38518182890A2D50100A3DF33FCC9BD1644BD14FCA330AA978500001CD74F020000"	"\Divisions\PD\Substation Houston\128498_AEP_West Cambridge_(Transco)_Inst2_138kV_CB's_PVID#_36103"
"000000009598E9A20E04F041B38518182890A2D50100A3DF33FCC9BD1644BD14FCA330AA978500001CD5D2FE0000"	"\Divisions\PD\Substation Houston\129685_AEP_Medford_PVID#_36490"
"000000009598E9A20E04F041B38518182890A2D50100A3DF33FCC9BD1644BD14FCA330AA978500001B7560AB0000"	"\Divisions\PD\Substation Houston\130431_AEP_Fremont_Center_37934"
"000000009598E9A20E04F041B38518182890A2D50100A3DF33FCC9BD1644BD14FCA330AA978500001A3DD4870000"	"\Divisions\PD\Substation Houston\130881_Oncor_Venus_SW_WA#14T65019"
"000000009598E9A20E04F041B38518182890A2D50100A3DF33FCC9BD1644BD14FCA330AA978500001CC1D0E20000"	"\Divisions\PD\Substation Houston\132130_AEP_Chesterfield_Ave_38828"
"000000009598E9A20E04F041B38518182890A2D50100A3DF33FCC9BD1644BD14FCA330AA978500001FEC8DCB0000"	"\Divisions\PD\Substation Houston\132180_Oncor_Paris_14T65001"
"000000009598E9A20E04F041B38518182890A2D50100A3DF33FCC9BD1644BD14FCA330AA978500001C9CC64A0000"	"\Divisions\PD\Substation Houston\133172_Oncor_Mineral Wells_13T61063"
"000000009598E9A20E04F041B38518182890A2D50100A3DF33FCC9BD1644BD14FCA330AA978500001D6D7AD00000"	"\Divisions\PD\Substation Houston\133730­_Oncor_Morgan_Ck_WA#"
"000000009598E9A20E04F041B38518182890A2D50100A3DF33FCC9BD1644BD14FCA330AA97850000253FC88A0000"	"\Divisions\PD\Substation Houston\134224_AEP_Gary_PVID#37821\APS NOTIFICATIONS"
"000000009598E9A20E04F041B38518182890A2D50100A3DF33FCC9BD1644BD14FCA330AA978500001EEA588D0000"	"\Divisions\PD\Substation Houston\135023_Oncor_Anna Sw Sta_WA#15T65010"
"000000009598E9A20E04F041B38518182890A2D50100A3DF33FCC9BD1644BD14FCA330AA978500001F9F0C0F0000"	"\Divisions\PD\Substation Houston\136115_Oncor_Athens Sub_14T64059"
"000000009598E9A20E04F041B38518182890A2D50100A3DF33FCC9BD1644BD14FCA330AA97850000230A6C4C0000"	"\Divisions\PD\Substation Houston\137310_GVEC_LCRA Nixon"
"000000009598E9A20E04F041B38518182890A2D50100A3DF33FCC9BD1644BD14FCA330AA9785000022D320920000"	"\Divisions\PD\Substation Houston\137934_Oncor_Permian Basin_WA#15T63099"
"000000009598E9A20E04F041B38518182890A2D50100A3DF33FCC9BD1644BD14FCA330AA9785000025F963A80000"	"\Divisions\PD\Substation Houston\139015_Oncor_Paris Sw_WA#16T65022"
"000000009598E9A20E04F041B38518182890A2D50100A3DF33FCC9BD1644BD14FCA330AA9785000025805AF10000"	"\Divisions\PD\Substation Houston\139789_Oncor_Whitehouse Ph II Ctrl Ctr_WA#16T64029"
"000000009598E9A20E04F041B38518182890A2D50100A3DF33FCC9BD1644BD14FCA330AA978500002681D8C20000"	"\Divisions\PD\Substation Houston\140214_Oncor_Lufkin SW-Rpl Failed Auto_15T64087"
"000000009598E9A20E04F041B38518182890A2D50100A3DF33FCC9BD1644BD14FCA330AA9785000027B460B60000"	"\Divisions\PD\Substation Houston\140689_AEP_Telecom Darwin_PVID#11080"
"000000009598E9A20E04F041B38518182890A2D50100F3BCE3A574023B4482F2E427B5A3121800004EC0222E0000"	"\Divisions\PD\Substation Houston\141044_AEP_Telecom Cyril_PVID#"
"000000009598E9A20E04F041B38518182890A2D50100A3DF33FCC9BD1644BD14FCA330AA978500002968C24C0000"	"\Divisions\PD\Substation Houston\141312_Xcel_Cargil Pre-Commissioning"
"000000009598E9A20E04F041B38518182890A2D50100A3DF33FCC9BD1644BD14FCA330AA978500002A9FA29D0000"	"\Divisions\PD\Substation Houston\141888_Oncor_Littman Sub-Est 138-12.5_WA#16T63049"
"000000009598E9A20E04F041B38518182890A2D50100A3DF33FCC9BD1644BD14FCA330AA978500002CA26ACA0000"	"\Divisions\PD\Substation Houston\142607_AEP_Telecom W Rutherford_PVID#13023"
"000000009598E9A20E04F041B38518182890A2D5010012225CC57BF01F4EA8CCA87A792FF35F0000122E786C0000"	"\Divisions\PD\Substation Houston\143573_Oncor_Midland Cnty NW Rly Mod_WA#TBD"
"000000009598E9A20E04F041B38518182890A2D5010012225CC57BF01F4EA8CCA87A792FF35F0000672391530000"	"\Divisions\PD\Substation Houston\144236_Oncor_Falcon Sea: Rplc 2 345 CB_WA#TBD"
"000000009598E9A20E04F041B38518182890A2D5010012225CC57BF01F4EA8CCA87A792FF35F00008995C8220000"	"\Divisions\PD\Substation Houston\145459_Xcel_PCA 115-Quahada Comm Precomm"
"000000009598E9A20E04F041B38518182890A2D5010012225CC57BF01F4EA8CCA87A792FF35F0000A56624BB0000"	"\Divisions\PD\Substation Houston\146061_Oncor_Threemile Draw Swt-4 Brk_WA#18T61001"
"000000009598E9A20E04F041B38518182890A2D5010012225CC57BF01F4EA8CCA87A792FF35F0000E78878940000"	"\Divisions\PD\Substation Houston\146973_Xcel_Greyhound TAM Commissioning"
"000000009598E9A20E04F041B38518182890A2D5010012225CC57BF01F4EA8CCA87A792FF35F0000FD2CBF020000"	"\Divisions\PD\Substation Houston\147928_Xcel_Greyhound Sub Line 50565 TAM"
"000000009598E9A20E04F041B38518182890A2D5010012225CC57BF01F4EA8CCA87A792FF35F00016C138AA90000"	"\Divisions\PD\Substation Houston\149679_Xcel_Yoakum - 230-115kv Xfmr #2"
"000000009598E9A20E04F041B38518182890A2D50100A3DF33FCC9BD1644BD14FCA330AA978500001D7C923F0000"	"\Divisions\PD\Substation Houston\CLOSED_116005_Oncor_Bowman_10T62001_ADD AS ADDL PST\ccvt"
"000000009598E9A20E04F041B38518182890A2D50100A3DF33FCC9BD1644BD14FCA330AA9785000017BF636B0000"	"\Divisions\PD\Substation Houston\CLOSED_116741_Oncor_Hicks_12T62001\Material - Delayed until 2013"
"000000009598E9A20E04F041B38518182890A2D501001953B16A689BCD4AA8FC82955DB27CB1000001F768E50000"	"\Divisions\PD\Substation Houston\CLOSED_116741_Oncor_Hicks_12T62001\WA Routing"
"000000009598E9A20E04F041B38518182890A2D50100A3DF33FCC9BD1644BD14FCA330AA978500000E745E090000"	"\Divisions\PD\Substation Houston\CLOSED_116769_Oncor_Central_Bluff_WA10T63008\Regrade Quote"
"000000009598E9A20E04F041B38518182890A2D50100E34BFE500669CD49AC2E27C6C54DE39D0000003149700000"	"\Divisions\PD\Substation Houston\CLOSED_116940_Oncor_Dermott_WA11T63004\Deadend Tower"
"000000009598E9A20E04F041B38518182890A2D50100A3DF33FCC9BD1644BD14FCA330AA9785000017457C540000"	"\Divisions\PD\Substation Houston\CLOSED_117072_Oncor_Ector_City_10T63108"
"000000009598E9A20E04F041B38518182890A2D50100E34BFE500669CD49AC2E27C6C54DE39D0000002840D40000"	"\Divisions\PD\Substation Houston\CLOSED_117608_Oncor_Comanche_Peak_WA09T62112\EMT Orders"
"000000009598E9A20E04F041B38518182890A2D50100A3DF33FCC9BD1644BD14FCA330AA978500001D91204C0000"	"\Divisions\PD\Substation Houston\CLOSED_119214_Oncor_Dermott_11T63102_ADD TO PST\EMT Orders\Completed Requests"
"000000009598E9A20E04F041B38518182890A2D50100A3DF33FCC9BD1644BD14FCA330AA978500001BF17B1B0000"	"\Divisions\PD\Substation Houston\CLOSED_119938_Oncor_Central Bluff_11T63009_ADD TO PST\11T63009 MATERIAL\REACTORS"
"000000009598E9A20E04F041B38518182890A2D50100A3DF33FCC9BD1644BD14FCA330AA978500001D9174A00000"	"\Divisions\PD\Substation Houston\CLOSED_120157_Oncor_Com Pk_10T62233_ADD TO PST\Cable Trench"
"000000009598E9A20E04F041B38518182890A2D50100A3DF33FCC9BD1644BD14FCA330AA978500001D954D900000"	"\Divisions\PD\Substation Houston\CLOSED_120468_Oncor_Cedar Hill_11T65217_ADD TO PST\Bus Supports"
"000000009598E9A20E04F041B38518182890A2D50100A3DF33FCC9BD1644BD14FCA330AA978500001D93FDFD0000"	"\Divisions\PD\Substation Houston\CLOSED_121015_Oncor_Cottonwood_11T62241_add to PST\CCVT"
"000000009598E9A20E04F041B38518182890A2D50100A3DF33FCC9BD1644BD14FCA330AA9785000016FC6C110000"	"\Divisions\PD\Substation Houston\CLOSED_121895_Oncor_Bowman_SW_Replc3Bkrs\FAR Reports"
"000000009598E9A20E04F041B38518182890A2D50100A3DF33FCC9BD1644BD14FCA330AA978500001C8EDCDA0000"	"\Divisions\PD\Substation Houston\CLOSED_123384_GVEC_Lost_Creek"
"000000009598E9A20E04F041B38518182890A2D501001953B16A689BCD4AA8FC82955DB27CB10000015165900000"	"\Divisions\PD\Substation Houston\CLOSED_124262_Oncor_Comanche_Pk_Synch_WA11T62378"
"000000009598E9A20E04F041B38518182890A2D501001953B16A689BCD4AA8FC82955DB27CB1000001DDD2450000"	"\Divisions\PD\Substation Houston\CLOSED_124854_Oncor_Crez_Navarro_12T64141"
"000000009598E9A20E04F041B38518182890A2D50100A3DF33FCC9BD1644BD14FCA330AA97850000173239A30000"	"\Divisions\PD\Substation Houston\CLOSED_126406_Oncor_Maple_Ave_WA12T61111\In-Servicing"
"000000009598E9A20E04F041B38518182890A2D50100A3DF33FCC9BD1644BD14FCA330AA978500001801E8CD0000"	"\Divisions\PD\Substation Houston\CLOSED_128053_Oncor_Odessa_North_WA12T63212\Material Requests"
"000000009598E9A20E04F041B38518182890A2D5010012225CC57BF01F4EA8CCA87A792FF35F0005CDC2D36B0000"	"\Divisions\PD\Substation Houston\Lavender"
"000000009598E9A20E04F041B38518182890A2D5010012225CC57BF01F4EA8CCA87A792FF35F0002ADAF346B0000"	"\Divisions\PD\Substation Houston\XCEL_PCA"
"000000009598E9A20E04F041B38518182890A2D5010012225CC57BF01F4EA8CCA87A792FF35F0000D8CDC2310000"	"\Divisions\PD\Substation Mt Laurel\Substation Mt Laurel Calendar\POWER Delivery"
"000000009598E9A20E04F041B38518182890A2D5010012225CC57BF01F4EA8CCA87A792FF35F000137F3E9930000"	"\Divisions\PD\Substation Oradell\145220 - Harwood Cutover Pkgs"
"000000009598E9A20E04F041B38518182890A2D50100A3DF33FCC9BD1644BD14FCA330AA978500001C9E95520000"	"\Divisions\PD\Substation Orlando\132849 DUKE-ULMERTON REDUNDANCY"
"000000009598E9A20E04F041B38518182890A2D50100A3DF33FCC9BD1644BD14FCA330AA978500002995A2940000"	"\Divisions\PD\Substation Orlando\141052 DEF-ANDERSEN-LAKE PANASOFFKEE"
"000000009598E9A20E04F041B38518182890A2D50100A3DF33FCC9BD1644BD14FCA330AA978500001CA63E3B0000"	"\Divisions\PD\Substation Phoenix\133115 TEP Springerville SFS"
"000000009598E9A20E04F041B38518182890A2D50100A3DF33FCC9BD1644BD14FCA330AA978500001FAA22D70000"	"\Divisions\PD\Substation Phoenix\136182 TEP NEC Trans Intercon FSA"
"000000009598E9A20E04F041B38518182890A2D5010012225CC57BF01F4EA8CCA87A792FF35F00013A0B91760000"	"\Divisions\PD\Substation Phoenix\148764 Xcel Quahada Satellite Install"
"000000009598E9A20E04F041B38518182890A2D5010012225CC57BF01F4EA8CCA87A792FF35F00025CA6B5FF0000"	"\Divisions\PD\Substation Phoenix\154531 WHITE DEER-115-13.2KV SUB COMM"
"000000009598E9A20E04F041B38518182890A2D5010012225CC57BF01F4EA8CCA87A792FF35F0002ABDCBE6D0000"	"\Divisions\PD\Substation Phoenix\158364 N-ALDRICH SECURITY COMM"
"000000009598E9A20E04F041B38518182890A2D50100A3DF33FCC9BD1644BD14FCA330AA97850000173B2D660000"	"\Divisions\PD\Substation Phoenix\VEA"
"000000009598E9A20E04F041B38518182890A2D5010064CEE54672FD844491A13B5C6CAEE87D0000002DBB150000"	"\Divisions\PD\Substation Portland\119263_P'Corp_Casper Substation"
"000000009598E9A20E04F041B38518182890A2D5010064CEE54672FD844491A13B5C6CAEE87D000000309D820000"	"\Divisions\PD\Substation Portland\120110_Oncor_Waco Atco Sub"
"000000009598E9A20E04F041B38518182890A2D5010064CEE54672FD844491A13B5C6CAEE87D00000034EB200000"	"\Divisions\PD\Substation Portland\120979_P_Seymour_Sub-9_MVAR_Cap"
"000000009598E9A20E04F041B38518182890A2D5010064CEE54672FD844491A13B5C6CAEE87D0000003731940000"	"\Divisions\PD\Substation Portland\121471_FSE_NEVADA_SOUTH_RIDGE_PROJECT"
"000000009598E9A20E04F041B38518182890A2D5010064CEE54672FD844491A13B5C6CAEE87D00000039FFCB0000"	"\Divisions\PD\Substation Portland\121921_BPA_ROGUE_UF_UV_RLYS_ALS"
"000000009598E9A20E04F041B38518182890A2D5010064CEE54672FD844491A13B5C6CAEE87D0000003A00020000"	"\Divisions\PD\Substation Portland\122058_JIMBRIDGER_UNIT_2_TI_LN"
"000000009598E9A20E04F041B38518182890A2D5010064CEE54672FD844491A13B5C6CAEE87D0000003BBD300000"	"\Divisions\PD\Substation Portland\122530_VALHALLA_REC_REV_8316"
"000000009598E9A20E04F041B38518182890A2D50100CB7D9B6512D7374A860FE542D5770392000001184FF80000"	"\Divisions\PD\Substation Portland\122773_PSE_Johnson_Hill"
"000000009598E9A20E04F041B38518182890A2D50100CB7D9B6512D7374A860FE542D57703920000012C33BD0000"	"\Divisions\PD\Substation Portland\123434 P'CORP HOUSTON LAKE SUB"
"000000009598E9A20E04F041B38518182890A2D501001953B16A689BCD4AA8FC82955DB27CB100000106CC700000"	"\Divisions\PD\Substation Portland\123935 P ANNA RPLC AUTO #1"
"000000009598E9A20E04F041B38518182890A2D501001953B16A689BCD4AA8FC82955DB27CB10000015DCCD70000"	"\Divisions\PD\Substation Portland\124113 P'CORP NERC LN (B48) RATINGS"
"000000009598E9A20E04F041B38518182890A2D501001953B16A689BCD4AA8FC82955DB27CB10000018FF75C0000"	"\Divisions\PD\Substation Portland\124477 P'CORP NERC LINE BB01-CA RTNGS"
"000000009598E9A20E04F041B38518182890A2D501001953B16A689BCD4AA8FC82955DB27CB1000001E0517F0000"	"\Divisions\PD\Substation Portland\124884 NEENACH SUBSTATION"
"000000009598E9A20E04F041B38518182890A2D50100A3DF33FCC9BD1644BD14FCA330AA978500000E92D30F0000"	"\Divisions\PD\Substation Portland\125605 - BPA FORT ROCK RAS DC REPL"
"000000009598E9A20E04F041B38518182890A2D50100A3DF33FCC9BD1644BD14FCA330AA97850000165D95E60000"	"\Divisions\PD\Substation Portland\126280 RECLOSER INITIATIVES - 12.4KV"
"000000009598E9A20E04F041B38518182890A2D50100A3DF33FCC9BD1644BD14FCA330AA97850000170485320000"	"\Divisions\PD\Substation Portland\126600 P'CORP NERC LN B41 RATINGS"
"000000009598E9A20E04F041B38518182890A2D50100A3DF33FCC9BD1644BD14FCA330AA9785000017320B400000"	"\Divisions\PD\Substation Portland\127046 BPA HANFORD 500KV"
"000000009598E9A20E04F041B38518182890A2D50100A3DF33FCC9BD1644BD14FCA330AA97850000230281120000"	"\Divisions\PD\Substation Portland\127573 P PARKER 345KV CB6870\Procurement"
"000000009598E9A20E04F041B38518182890A2D50100A3DF33FCC9BD1644BD14FCA330AA97850000177D2F750000"	"\Divisions\PD\Substation Portland\127964 P WEST LEVEE CB 055"
"000000009598E9A20E04F041B38518182890A2D50100A3DF33FCC9BD1644BD14FCA330AA9785000018234C440000"	"\Divisions\PD\Substation Portland\128391 DICKENSON GRND ELECT MOD"
"000000009598E9A20E04F041B38518182890A2D50100A3DF33FCC9BD1644BD14FCA330AA9785000018BE7CDB0000"	"\Divisions\PD\Substation Portland\128937 P'CORP PLATTE - PE - TOT4A-4B"
"000000009598E9A20E04F041B38518182890A2D50100A3DF33FCC9BD1644BD14FCA330AA97850000195AE6D70000"	"\Divisions\PD\Substation Portland\129501 PGE - HARBORTON SUBSTATION"
"000000009598E9A20E04F041B38518182890A2D50100A3DF33FCC9BD1644BD14FCA330AA97850000198C1C920000"	"\Divisions\PD\Substation Portland\129867 CRS DEVERS RAS"
"000000009598E9A20E04F041B38518182890A2D50100A3DF33FCC9BD1644BD14FCA330AA9785000019C867FA0000"	"\Divisions\PD\Substation Portland\130579 BPA BUCKLEY 500KV RELAY REPL"
"000000009598E9A20E04F041B38518182890A2D50100A3DF33FCC9BD1644BD14FCA330AA978500001AA0EF270000"	"\Divisions\PD\Substation Portland\131229 FSE - STATELINE - VENDOR AWARD"
"000000009598E9A20E04F041B38518182890A2D50100A3DF33FCC9BD1644BD14FCA330AA978500001B1611F90000"	"\Divisions\PD\Substation Portland\131713 P SAGINAW-REPLACE CB 70"
"000000009598E9A20E04F041B38518182890A2D50100A3DF33FCC9BD1644BD14FCA330AA978500001B5B365C0000"	"\Divisions\PD\Substation Portland\132220 P COMMERCE SW 69KV CB345 RPLC"
"000000009598E9A20E04F041B38518182890A2D50100A3DF33FCC9BD1644BD14FCA330AA978500001B8C71950000"	"\Divisions\PD\Substation Portland\132637 PNM RIO PUERCO 345KV EXPANSION"
"000000009598E9A20E04F041B38518182890A2D50100A3DF33FCC9BD1644BD14FCA330AA978500001C82D8220000"	"\Divisions\PD\Substation Portland\133093 PSE LANGLEY TAP PHOTO SIM"
"000000009598E9A20E04F041B38518182890A2D50100A3DF33FCC9BD1644BD14FCA330AA978500001CDBBA950000"	"\Divisions\PD\Substation Portland\133381 PGE - RUBY SUBSTATION"
"000000009598E9A20E04F041B38518182890A2D50100A3DF33FCC9BD1644BD14FCA330AA978500001DA024710000"	"\Divisions\PD\Substation Portland\134091 P'CORP SW WYOMING CROYDON"
"000000009598E9A20E04F041B38518182890A2D50100A3DF33FCC9BD1644BD14FCA330AA978500001DD9C39C0000"	"\Divisions\PD\Substation Portland\134473 P'CORP COALVILLE SLV CRK TLINE"
"000000009598E9A20E04F041B38518182890A2D50100A3DF33FCC9BD1644BD14FCA330AA978500001DF4393D0000"	"\Divisions\PD\Substation Portland\134871 PGE SUNSET SUB STUDIES"
"000000009598E9A20E04F041B38518182890A2D50100A3DF33FCC9BD1644BD14FCA330AA978500001E7A300A0000"	"\Divisions\PD\Substation Portland\135228 PGE - WEST UNION SUBSTATION"
"000000009598E9A20E04F041B38518182890A2D50100A3DF33FCC9BD1644BD14FCA330AA978500001F0D83EB0000"	"\Divisions\PD\Substation Portland\135722 P MESQUITE WEST: UPG 138 LN"
"000000009598E9A20E04F041B38518182890A2D50100A3DF33FCC9BD1644BD14FCA330AA978500001F613AA80000"	"\Divisions\PD\Substation Portland\135978 P RENNER SWTCHING 345 RING BUS"
"000000009598E9A20E04F041B38518182890A2D50100A3DF33FCC9BD1644BD14FCA330AA978500001FADB9F90000"	"\Divisions\PD\Substation Portland\136205 PGE - O & M AS BUILTS"
"000000009598E9A20E04F041B38518182890A2D50100A3DF33FCC9BD1644BD14FCA330AA9785000021303CC90000"	"\Divisions\PD\Substation Portland\137203 HUTCHINSON - RTU REPLACEMENT"
"000000009598E9A20E04F041B38518182890A2D50100A3DF33FCC9BD1644BD14FCA330AA9785000021DA19190000"	"\Divisions\PD\Substation Portland\137729 P'CORP CLVL PERMIT SUPPORT"
"000000009598E9A20E04F041B38518182890A2D50100A3DF33FCC9BD1644BD14FCA330AA9785000022E8CF890000"	"\Divisions\PD\Substation Portland\138576 P'CORP COALVILLE-CLVL TAP"
"000000009598E9A20E04F041B38518182890A2D50100A3DF33FCC9BD1644BD14FCA330AA978500002750EAE00000"	"\Divisions\PD\Substation Portland\138826 NO BLACKSBURG P13067006 42765"
"000000009598E9A20E04F041B38518182890A2D50100A3DF33FCC9BD1644BD14FCA330AA97850000242D1D880000"	"\Divisions\PD\Substation Portland\139366 PGE SUNSET VIAWEST"
"000000009598E9A20E04F041B38518182890A2D50100A3DF33FCC9BD1644BD14FCA330AA97850000256466460000"	"\Divisions\PD\Substation Portland\139726 P ALLEN SWTCH RPLC 345 CB6070"
"000000009598E9A20E04F041B38518182890A2D50100A3DF33FCC9BD1644BD14FCA330AA97850000267BACB70000"	"\Divisions\PD\Substation Portland\140244 LESLIE STN P14030008"
"000000009598E9A20E04F041B38518182890A2D50100A3DF33FCC9BD1644BD14FCA330AA9785000027922CEC0000"	"\Divisions\PD\Substation Portland\140627 P'CORP SWANSON COLL STN"
"000000009598E9A20E04F041B38518182890A2D50100F3BCE3A574023B4482F2E427B5A3121800004E834BF50000"	"\Divisions\PD\Substation Portland\141090 P'CORP DRAZIL SOLAR COLL STN"
"000000009598E9A20E04F041B38518182890A2D50100A3DF33FCC9BD1644BD14FCA330AA978500002A1A73CB0000"	"\Divisions\PD\Substation Portland\141478 P'CORP AGATE BAY SOLAR-FIBER"
"000000009598E9A20E04F041B38518182890A2D50100A3DF33FCC9BD1644BD14FCA330AA978500002A41FF380000"	"\Divisions\PD\Substation Portland\141935 ABB BENSON LAKE SVC"
"000000009598E9A20E04F041B38518182890A2D50100A3DF33FCC9BD1644BD14FCA330AA978500002AD8C2900000"	"\Divisions\PD\Substation Portland\142112 P HERITAGE SUB: RECON TNS 1&2"
"000000009598E9A20E04F041B38518182890A2D50100A3DF33FCC9BD1644BD14FCA330AA978500002C09C9560000"	"\Divisions\PD\Substation Portland\142756 P'CORP NEW DESCHUTES GRND MIT"
"000000009598E9A20E04F041B38518182890A2D50100A3DF33FCC9BD1644BD14FCA330AA978500002D7843DB0000"	"\Divisions\PD\Substation Portland\143091 HANCOCK A15705094"
"000000009598E9A20E04F041B38518182890A2D5010012225CC57BF01F4EA8CCA87A792FF35F0000057480430000"	"\Divisions\PD\Substation Portland\143398 P'CORP PILOT ROCK SUB"
"000000009598E9A20E04F041B38518182890A2D5010012225CC57BF01F4EA8CCA87A792FF35F0000264655060000"	"\Divisions\PD\Substation Portland\143830 ELMWOOD CB785"
"000000009598E9A20E04F041B38518182890A2D5010012225CC57BF01F4EA8CCA87A792FF35F00003646DD390000"	"\Divisions\PD\Substation Portland\144111 P'CORP DAIRY SOLAR SUB Q671"
"000000009598E9A20E04F041B38518182890A2D5010012225CC57BF01F4EA8CCA87A792FF35F0000672391510000"	"\Divisions\PD\Substation Portland\144812 BPA CHENOWETH RELAY REPLACE"
"000000009598E9A20E04F041B38518182890A2D5010012225CC57BF01F4EA8CCA87A792FF35F0000A32D97180000"	"\Divisions\PD\Substation Portland\146003 P'CORP PILOT BUTTE PH2-AB"
"000000009598E9A20E04F041B38518182890A2D5010012225CC57BF01F4EA8CCA87A792FF35F0000BEBBD4780000"	"\Divisions\PD\Substation Portland\146449 P ROANOKE - SYS PROT UPG"
"000000009598E9A20E04F041B38518182890A2D5010012225CC57BF01F4EA8CCA87A792FF35F0000FD2CBF2A0000"	"\Divisions\PD\Substation Portland\147853 FALLS FIBER ADDITION"
"000000009598E9A20E04F041B38518182890A2D5010012225CC57BF01F4EA8CCA87A792FF35F000118DC9E640000"	"\Divisions\PD\Substation Portland\148524 P'CORP PILOT BUTTE NERC PRC"
"000000009598E9A20E04F041B38518182890A2D5010012225CC57BF01F4EA8CCA87A792FF35F00012B5C43C70000"	"\Divisions\PD\Substation Portland\148978 CENTERPOINT FIBER"
"000000009598E9A20E04F041B38518182890A2D5010012225CC57BF01F4EA8CCA87A792FF35F0001420DD8100000"	"\Divisions\PD\Substation Portland\149269 P RENNER SWITCH-RPLC FAILED"
"000000009598E9A20E04F041B38518182890A2D5010064CEE54672FD844491A13B5C6CAEE87D00000033F8E80000"	"\Divisions\PD\Substation Portland\PacifiCorp Cad Coordination\P&C\Design comments from PacifiCorp"
"000000009598E9A20E04F041B38518182890A2D5010064CEE54672FD844491A13B5C6CAEE87D000000309DA10000"	"\Divisions\PD\Substation Portland\PacifiCorp Cad Coordination\Physical\newstandards_8_9_07"
"000000009598E9A20E04F041B38518182890A2D5010064CEE54672FD844491A13B5C6CAEE87D000000309DAD0000"	"\Divisions\PD\Substation Portland\PacifiCorp Cad Coordination\Physical\STANDARDS\scada"
"000000009598E9A20E04F041B38518182890A2D5010064CEE54672FD844491A13B5C6CAEE87D000000081A7C0000"	"\Divisions\PD\Substation Portland\Tomball Substation\90 Percent Review"
"000000009598E9A20E04F041B38518182890A2D5010064CEE54672FD844491A13B5C6CAEE87D000000081A670000"	"\Divisions\PD\Substation Portland\Tomball Substation\Meetings and Discussions"
"000000009598E9A20E04F041B38518182890A2D501001296C725372D7F4B86B758A22EA3141B0000006FCB130000"	"\Divisions\PD\Substation San Diego\_DMS Upload\111692 NASS Drafting Support"
"000000009598E9A20E04F041B38518182890A2D50100572FF007A7D6B64CA96E5CFE8E1CC1A40000003C07AD0000"	"\Divisions\PD\Substation San Diego\_DMS Upload\118002 Otay Ranch Photo Sim1"
"000000009598E9A20E04F041B38518182890A2D50100572FF007A7D6B64CA96E5CFE8E1CC1A400000016478F0000"	"\Divisions\PD\Substation San Diego\_DMS Upload\118063 SDG&E Oil Containment\Paradise"
"000000009598E9A20E04F041B38518182890A2D50100A3DF33FCC9BD1644BD14FCA330AA978500001E9205980000"	"\Divisions\PD\Substation San Diego\_HECO\132483 Kawailoa Solar"
"000000009598E9A20E04F041B38518182890A2D50100CB7D9B6512D7374A860FE542D5770392000001266FFE0000"	"\Divisions\PD\Substation San Diego\118618 Oakly Arc Flash"
"000000009598E9A20E04F041B38518182890A2D50100572FF007A7D6B64CA96E5CFE8E1CC1A4000000643D0A0000"	"\Divisions\PD\Substation San Diego\121197 2011 Substation Relay Upgrades"
"000000009598E9A20E04F041B38518182890A2D501001953B16A689BCD4AA8FC82955DB27CB10000006C52960000"	"\Divisions\PD\Substation San Diego\122377 Liggett Design Check"
"000000009598E9A20E04F041B38518182890A2D501001953B16A689BCD4AA8FC82955DB27CB10000012FEA3A0000"	"\Divisions\PD\Substation San Diego\122939 LTC AS-BUILT ELLIOT"
"000000009598E9A20E04F041B38518182890A2D50100CB7D9B6512D7374A860FE542D57703920000012C73260000"	"\Divisions\PD\Substation San Diego\123441 SCE Vincent Wiring QA/QC"
"000000009598E9A20E04F041B38518182890A2D501001953B16A689BCD4AA8FC82955DB27CB1000001E051350000"	"\Divisions\PD\Substation San Diego\124903 IID- Niland SUB Relay Prot. Upgr."
"000000009598E9A20E04F041B38518182890A2D50100A3DF33FCC9BD1644BD14FCA330AA978500001A25A5FF0000"	"\Divisions\PD\Substation San Diego\127262 VEA Pahrump"
"000000009598E9A20E04F041B38518182890A2D50100A3DF33FCC9BD1644BD14FCA330AA978500001B016B730000"	"\Divisions\PD\Substation San Diego\128642 SDG&E Copper Mtn Solar II\Copper Mtn Solar III"
"000000009598E9A20E04F041B38518182890A2D50100A3DF33FCC9BD1644BD14FCA330AA97850000199F738E0000"	"\Divisions\PD\Substation San Diego\129870 SUB AS-BUILT JAMACHA"
"000000009598E9A20E04F041B38518182890A2D50100A3DF33FCC9BD1644BD14FCA330AA978500001B20EB3D0000"	"\Divisions\PD\Substation San Diego\131700 CBM Sycamore Canyon Bank 72"
"000000009598E9A20E04F041B38518182890A2D50100A3DF33FCC9BD1644BD14FCA330AA978500001B862C0F0000"	"\Divisions\PD\Substation San Diego\132486 HECO Waianae Solar"
"000000009598E9A20E04F041B38518182890A2D50100A3DF33FCC9BD1644BD14FCA330AA978500001F22DAD30000"	"\Divisions\PD\Substation San Diego\134366 Hyatt Regency Maui"
"000000009598E9A20E04F041B38518182890A2D50100A3DF33FCC9BD1644BD14FCA330AA978500001EA1A3E00000"	"\Divisions\PD\Substation San Diego\135270 SDG&E Sub-AB Cabrillo"
"000000009598E9A20E04F041B38518182890A2D50100A3DF33FCC9BD1644BD14FCA330AA978500001F8492A70000"	"\Divisions\PD\Substation San Diego\136033 SDG&E Melrose Sub Brkr Replacement"
"000000009598E9A20E04F041B38518182890A2D50100A3DF33FCC9BD1644BD14FCA330AA9785000021D6A2330000"	"\Divisions\PD\Substation San Diego\137708 SDG&E Targeted Dsgn Engg Songs"
"000000009598E9A20E04F041B38518182890A2D50100A3DF33FCC9BD1644BD14FCA330AA97850000235E93420000"	"\Divisions\PD\Substation San Diego\138816 SDG&E Dist Protection Settings 2015"
"000000009598E9A20E04F041B38518182890A2D50100A3DF33FCC9BD1644BD14FCA330AA9785000025FE405C0000"	"\Divisions\PD\Substation San Diego\140104 SDGE SUB As-Building 2015/2016"
"000000009598E9A20E04F041B38518182890A2D50100A3DF33FCC9BD1644BD14FCA330AA978500002DF47C8A0000"	"\Divisions\PD\Substation San Diego\141994 SDG&E Borrego 2.0 Service"
"000000009598E9A20E04F041B38518182890A2D5010012225CC57BF01F4EA8CCA87A792FF35F000027EE5AE20000"	"\Divisions\PD\Substation San Diego\143856 SGD&E ENGR SRFTNG SUPPRT"
"000000009598E9A20E04F041B38518182890A2D501006C95E27D1ACA634AA1AADC20796388DD000000350EBC0000"	"\Divisions\PD\Substation St. Louis"
"000000009598E9A20E04F041B38518182890A2D50100A3DF33FCC9BD1644BD14FCA330AA97850000172EFBA10000"	"\Divisions\PD\Substation Syracuse\00 Syracuse Substation Calendar"
"000000009598E9A20E04F041B38518182890A2D50100A3DF33FCC9BD1644BD14FCA330AA97850000171584CE0000"	"\Divisions\Telecom\CenturyLink\CO"
"000000009598E9A20E04F041B38518182890A2D5010012225CC57BF01F4EA8CCA87A792FF35F00061787040E0000"	"\International\Canada"
"000000009598E9A20E04F041B38518182890A2D5010012225CC57BF01F4EA8CCA87A792FF35F00008C3235B60000"	"\Test\Test C"
"000000009598E9A20E04F041B38518182890A2D5010012225CC57BF01F4EA8CCA87A792FF35F000670FBD04F0000"	"\zApplications\Aspen Users\Aspen Calendar\Aspen Calendar\Apen Calendar\Calendar\Birthdays"
"000000009598E9A20E04F041B38518182890A2D501006C95E27D1ACA634AA1AADC20796388DD000000758F620000"	"\zApplications\CDEGS Hardware Key\HIFREQ"
"000000009598E9A20E04F041B38518182890A2D5010012225CC57BF01F4EA8CCA87A792FF35F0003F9B2A4D70000"	"\zApplications\Easy Power"
"000000009598E9A20E04F041B38518182890A2D5010012225CC57BF01F4EA8CCA87A792FF35F000291F4A5600000"	"\zApplications\OMICRON Test Set"
"000000009598E9A20E04F041B38518182890A2D5010012225CC57BF01F4EA8CCA87A792FF35F000639EE8CC70000"	"\zApplications\SynerGEE Users\SynerGEE"
