"Path"	"FileSystemRights"	"AccessControlType"	"IdentityReference"	"InheritanceFlags"	"PropagationFlags"
"\\?\UNC\CDC-SVMAFS01\Shares$"	"FullControl"	"Allow"	"Everyone"	"None"	"None"
"\\?\UNC\CDC-SVMAFS01\Shares$"	"268435456"	"Allow"	"Everyone"	"ContainerInherit, ObjectInherit"	"InheritOnly"
"\\?\UNC\CDC-SVMAFS01\Shares$\Attachment_Archive"	"FullControl"	"Allow"	"POWERENG\FS-FileServices-ADM"	"ContainerInherit, ObjectInherit"	"None"
"\\?\UNC\CDC-SVMAFS01\Shares$\Attachment_Archive"	"FullControl"	"Allow"	"POWERENG\FS-CDCFS1-Attachment_Archive$-Share-FC"	"ContainerInherit, ObjectInherit"	"None"
"\\?\UNC\CDC-SVMAFS01\Shares$\Attachment_Archive"	"ReadAndExecute, Synchronize"	"Allow"	"POWERENG\FS-CDCFS1-Attachment_Archive$-Share-RO"	"ContainerInherit, ObjectInherit"	"None"
"\\?\UNC\CDC-SVMAFS01\Shares$\Attachment_Archive"	"Modify, Synchronize"	"Allow"	"POWERENG\FS-CDCFS1-Attachment_Archive$-Share-RW"	"ContainerInherit, ObjectInherit"	"None"
"\\?\UNC\CDC-SVMAFS01\Shares$\Attachment_Archive\ERP_Files\Accounts Payable"	"FullControl"	"Allow"	"POWERENG\FS-FileServices-ADM"	"ContainerInherit, ObjectInherit"	"None"
"\\?\UNC\CDC-SVMAFS01\Shares$\Attachment_Archive\ERP_Files\Accounts Payable"	"FullControl"	"Allow"	"POWERENG\FS-CDCFS1-Attachment_Archive$-Share-AP-Folder-01-FC"	"ContainerInherit, ObjectInherit"	"None"
"\\?\UNC\CDC-SVMAFS01\Shares$\Attachment_Archive\ERP_Files\Accounts Payable"	"ReadAndExecute, Synchronize"	"Allow"	"POWERENG\FS-CDCFS1-Attachment_Archive$-Share-AP-Folder-01-RO"	"ContainerInherit, ObjectInherit"	"None"
"\\?\UNC\CDC-SVMAFS01\Shares$\Attachment_Archive\ERP_Files\Accounts Payable"	"Modify, Synchronize"	"Allow"	"POWERENG\FS-CDCFS1-Attachment_Archive$-Share-AP-Folder-01-RW"	"ContainerInherit, ObjectInherit"	"None"
"\\?\UNC\CDC-SVMAFS01\Shares$\Attachment_Archive\ERP_Files\Accounts Receivable"	"FullControl"	"Allow"	"POWERENG\FS-FileServices-ADM"	"ContainerInherit, ObjectInherit"	"None"
"\\?\UNC\CDC-SVMAFS01\Shares$\Attachment_Archive\ERP_Files\Accounts Receivable"	"FullControl"	"Allow"	"POWERENG\FS-CDCFS1-Attachment_Archive$-Share-AR-Folder-01-FC"	"ContainerInherit, ObjectInherit"	"None"
"\\?\UNC\CDC-SVMAFS01\Shares$\Attachment_Archive\ERP_Files\Accounts Receivable"	"ReadAndExecute, Synchronize"	"Allow"	"POWERENG\FS-CDCFS1-Attachment_Archive$-Share-AR-Folder-01-RO"	"ContainerInherit, ObjectInherit"	"None"
"\\?\UNC\CDC-SVMAFS01\Shares$\Attachment_Archive\ERP_Files\Accounts Receivable"	"Modify, Synchronize"	"Allow"	"POWERENG\FS-CDCFS1-Attachment_Archive$-Share-AR-Folder-01-RW"	"ContainerInherit, ObjectInherit"	"None"
"\\?\UNC\CDC-SVMAFS01\Shares$\Attachment_Archive\ERP_Files\Expenses"	"FullControl"	"Allow"	"POWERENG\FS-FileServices-ADM"	"ContainerInherit, ObjectInherit"	"None"
"\\?\UNC\CDC-SVMAFS01\Shares$\Attachment_Archive\ERP_Files\Expenses"	"FullControl"	"Allow"	"POWERENG\FS-CDCFS1-Attachment_Archive$-Share-Expenses-Folder-01-FC"	"ContainerInherit, ObjectInherit"	"None"
"\\?\UNC\CDC-SVMAFS01\Shares$\Attachment_Archive\ERP_Files\Expenses"	"ReadAndExecute, Synchronize"	"Allow"	"POWERENG\FS-CDCFS1-Attachment_Archive$-Share-Expenses-Folder-01-RO"	"ContainerInherit, ObjectInherit"	"None"
"\\?\UNC\CDC-SVMAFS01\Shares$\Attachment_Archive\ERP_Files\Expenses"	"Modify, Synchronize"	"Allow"	"POWERENG\FS-CDCFS1-Attachment_Archive$-Share-Expenses-Folder-01-RW"	"ContainerInherit, ObjectInherit"	"None"
"\\?\UNC\CDC-SVMAFS01\Shares$\Attachment_Archive\ERP_Files\Fixed Assets"	"FullControl"	"Allow"	"POWERENG\FS-FileServices-ADM"	"ContainerInherit, ObjectInherit"	"None"
"\\?\UNC\CDC-SVMAFS01\Shares$\Attachment_Archive\ERP_Files\Fixed Assets"	"FullControl"	"Allow"	"POWERENG\FS-CDCFS1-Attachment_Archive$-Share-FA-Folder-01-FC"	"ContainerInherit, ObjectInherit"	"None"
"\\?\UNC\CDC-SVMAFS01\Shares$\Attachment_Archive\ERP_Files\Fixed Assets"	"ReadAndExecute, Synchronize"	"Allow"	"POWERENG\FS-CDCFS1-Attachment_Archive$-Share-FA-Folder-01-RO"	"ContainerInherit, ObjectInherit"	"None"
"\\?\UNC\CDC-SVMAFS01\Shares$\Attachment_Archive\ERP_Files\Fixed Assets"	"Modify, Synchronize"	"Allow"	"POWERENG\FS-CDCFS1-Attachment_Archive$-Share-FA-Folder-01-RW"	"ContainerInherit, ObjectInherit"	"None"
"\\?\UNC\CDC-SVMAFS01\Shares$\Attachment_Archive\ERP_Files\General Ledger"	"FullControl"	"Allow"	"POWERENG\FS-FileServices-ADM"	"ContainerInherit, ObjectInherit"	"None"
"\\?\UNC\CDC-SVMAFS01\Shares$\Attachment_Archive\ERP_Files\General Ledger"	"FullControl"	"Allow"	"POWERENG\FS-CDCFS1-Attachment_Archive$-Share-GL-Folder-01-FC"	"ContainerInherit, ObjectInherit"	"None"
"\\?\UNC\CDC-SVMAFS01\Shares$\Attachment_Archive\ERP_Files\General Ledger"	"ReadAndExecute, Synchronize"	"Allow"	"POWERENG\FS-CDCFS1-Attachment_Archive$-Share-GL-Folder-01-RO"	"ContainerInherit, ObjectInherit"	"None"
"\\?\UNC\CDC-SVMAFS01\Shares$\Attachment_Archive\ERP_Files\General Ledger"	"Modify, Synchronize"	"Allow"	"POWERENG\FS-CDCFS1-Attachment_Archive$-Share-GL-Folder-01-RW"	"ContainerInherit, ObjectInherit"	"None"
"\\?\UNC\CDC-SVMAFS01\Shares$\Attachment_Archive\ERP_Files\MAJournal"	"FullControl"	"Allow"	"POWERENG\FS-FileServices-ADM"	"ContainerInherit, ObjectInherit"	"None"
"\\?\UNC\CDC-SVMAFS01\Shares$\Attachment_Archive\ERP_Files\MAJournal"	"FullControl"	"Allow"	"POWERENG\FS-CDCFS1-Attachment_Archive$-Share-MAJ-Folder-01-FC"	"ContainerInherit, ObjectInherit"	"None"
"\\?\UNC\CDC-SVMAFS01\Shares$\Attachment_Archive\ERP_Files\MAJournal"	"ReadAndExecute, Synchronize"	"Allow"	"POWERENG\FS-CDCFS1-Attachment_Archive$-Share-MAJ-Folder-01-RO"	"ContainerInherit, ObjectInherit"	"None"
"\\?\UNC\CDC-SVMAFS01\Shares$\Attachment_Archive\ERP_Files\MAJournal"	"Modify, Synchronize"	"Allow"	"POWERENG\FS-CDCFS1-Attachment_Archive$-Share-MAJ-Folder-01-RW"	"ContainerInherit, ObjectInherit"	"None"
"\\?\UNC\CDC-SVMAFS01\Shares$\Attachment_Archive\ERP_Files\Projects"	"FullControl"	"Allow"	"POWERENG\FS-FileServices-ADM"	"ContainerInherit, ObjectInherit"	"None"
"\\?\UNC\CDC-SVMAFS01\Shares$\Attachment_Archive\ERP_Files\Projects"	"FullControl"	"Allow"	"POWERENG\FS-CDCFS1-Attachment_Archive$-Share-Projects-Folder-01-FC"	"ContainerInherit, ObjectInherit"	"None"
"\\?\UNC\CDC-SVMAFS01\Shares$\Attachment_Archive\ERP_Files\Projects"	"ReadAndExecute, Synchronize"	"Allow"	"POWERENG\FS-CDCFS1-Attachment_Archive$-Share-Projects-Folder-01-RO"	"ContainerInherit, ObjectInherit"	"None"
"\\?\UNC\CDC-SVMAFS01\Shares$\Attachment_Archive\ERP_Files\Projects"	"Modify, Synchronize"	"Allow"	"POWERENG\FS-CDCFS1-Attachment_Archive$-Share-Projects-Folder-01-RW"	"ContainerInherit, ObjectInherit"	"None"
"\\?\UNC\CDC-SVMAFS01\Shares$\Attachment_Archive\ERP_Files\Purchase Orders"	"FullControl"	"Allow"	"POWERENG\FS-FileServices-ADM"	"ContainerInherit, ObjectInherit"	"None"
"\\?\UNC\CDC-SVMAFS01\Shares$\Attachment_Archive\ERP_Files\Purchase Orders"	"FullControl"	"Allow"	"POWERENG\FS-CDCFS1-Attachment_Archive$-Share-PO-Folder-01-FC"	"ContainerInherit, ObjectInherit"	"None"
"\\?\UNC\CDC-SVMAFS01\Shares$\Attachment_Archive\ERP_Files\Purchase Orders"	"ReadAndExecute, Synchronize"	"Allow"	"POWERENG\FS-CDCFS1-Attachment_Archive$-Share-PO-Folder-01-RO"	"ContainerInherit, ObjectInherit"	"None"
"\\?\UNC\CDC-SVMAFS01\Shares$\Attachment_Archive\ERP_Files\Purchase Orders"	"Modify, Synchronize"	"Allow"	"POWERENG\FS-CDCFS1-Attachment_Archive$-Share-PO-Folder-01-RW"	"ContainerInherit, ObjectInherit"	"None"
"\\?\UNC\CDC-SVMAFS01\Shares$\Attachment_Archive\ERP_Files\Requisitions"	"FullControl"	"Allow"	"POWERENG\FS-FileServices-ADM"	"ContainerInherit, ObjectInherit"	"None"
"\\?\UNC\CDC-SVMAFS01\Shares$\Attachment_Archive\ERP_Files\Requisitions"	"FullControl"	"Allow"	"POWERENG\FS-CDCFS1-Attachment_Archive$-Share-REQ-Folder-01-FC"	"ContainerInherit, ObjectInherit"	"None"
"\\?\UNC\CDC-SVMAFS01\Shares$\Attachment_Archive\ERP_Files\Requisitions"	"ReadAndExecute, Synchronize"	"Allow"	"POWERENG\FS-CDCFS1-Attachment_Archive$-Share-REQ-Folder-01-RO"	"ContainerInherit, ObjectInherit"	"None"
"\\?\UNC\CDC-SVMAFS01\Shares$\Attachment_Archive\ERP_Files\Requisitions"	"Modify, Synchronize"	"Allow"	"POWERENG\FS-CDCFS1-Attachment_Archive$-Share-REQ-Folder-01-RW"	"ContainerInherit, ObjectInherit"	"None"
"\\?\UNC\CDC-SVMAFS01\Shares$\Attachment_Archive\ERP_Files\Vendor Maintenance"	"FullControl"	"Allow"	"POWERENG\FS-FileServices-ADM"	"ContainerInherit, ObjectInherit"	"None"
"\\?\UNC\CDC-SVMAFS01\Shares$\Attachment_Archive\ERP_Files\Vendor Maintenance"	"FullControl"	"Allow"	"POWERENG\FS-CDCFS1-Attachment_Archive$-Share-VM-Folder-01-FC"	"ContainerInherit, ObjectInherit"	"None"
"\\?\UNC\CDC-SVMAFS01\Shares$\Attachment_Archive\ERP_Files\Vendor Maintenance"	"ReadAndExecute, Synchronize"	"Allow"	"POWERENG\FS-CDCFS1-Attachment_Archive$-Share-VM-Folder-01-RO"	"ContainerInherit, ObjectInherit"	"None"
"\\?\UNC\CDC-SVMAFS01\Shares$\Attachment_Archive\ERP_Files\Vendor Maintenance"	"Modify, Synchronize"	"Allow"	"POWERENG\FS-CDCFS1-Attachment_Archive$-Share-VM-Folder-01-RW"	"ContainerInherit, ObjectInherit"	"None"
"\\?\UNC\CDC-SVMAFS01\Shares$\Automation"	"FullControl"	"Allow"	"POWERENG\FS-FileServices-ADM"	"ContainerInherit, ObjectInherit"	"None"
"\\?\UNC\CDC-SVMAFS01\Shares$\Automation"	"FullControl"	"Allow"	"POWERENG\FS-CDCFS1-Automation-Share-FC"	"ContainerInherit, ObjectInherit"	"None"
"\\?\UNC\CDC-SVMAFS01\Shares$\Automation"	"ReadAndExecute, Synchronize"	"Allow"	"POWERENG\FS-CDCFS1-Automation-Share-RO"	"ContainerInherit, ObjectInherit"	"None"
"\\?\UNC\CDC-SVMAFS01\Shares$\Automation"	"Modify, Synchronize"	"Allow"	"POWERENG\FS-CDCFS1-Automation-Share-RW"	"ContainerInherit, ObjectInherit"	"None"
"\\?\UNC\CDC-SVMAFS01\Shares$\Azure_Data_Factory"	"FullControl"	"Allow"	"POWERENG\FS-FileServices-ADM"	"ContainerInherit, ObjectInherit"	"None"
"\\?\UNC\CDC-SVMAFS01\Shares$\Azure_Data_Factory"	"FullControl"	"Allow"	"POWERENG\FS-CDCFS1-Azure_Data_Factory-Share-FC"	"ContainerInherit, ObjectInherit"	"None"
"\\?\UNC\CDC-SVMAFS01\Shares$\Azure_Data_Factory"	"ReadAndExecute, Synchronize"	"Allow"	"POWERENG\FS-CDCFS1-Azure_Data_Factory-Share-RO"	"ContainerInherit, ObjectInherit"	"None"
"\\?\UNC\CDC-SVMAFS01\Shares$\Azure_Data_Factory"	"Modify, Synchronize"	"Allow"	"POWERENG\FS-CDCFS1-Azure_Data_Factory-Share-RW"	"ContainerInherit, ObjectInherit"	"None"
"\\?\UNC\CDC-SVMAFS01\Shares$\Azure_Data_Factory\Axiom"	"Write, ReadAndExecute, Synchronize"	"Allow"	"S-1-5-21-1380516296-1705272057-1576261225-112231"	"ContainerInherit, ObjectInherit"	"None"
"\\?\UNC\CDC-SVMAFS01\Shares$\Azure_Data_Factory\Axiom\New"	"Write, ReadAndExecute, Synchronize"	"Allow"	"POWERENG\kcloninger"	"ContainerInherit, ObjectInherit"	"None"
"\\?\UNC\CDC-SVMAFS01\Shares$\Azure_Data_Factory\Axiom\New"	"Write, ReadAndExecute, Synchronize"	"Allow"	"POWERENG\mshanley"	"ContainerInherit, ObjectInherit"	"None"
"\\?\UNC\CDC-SVMAFS01\Shares$\Azure_Data_Factory\Axiom\New"	"Write, ReadAndExecute, Synchronize"	"Allow"	"POWERENG\mfriedman"	"ContainerInherit, ObjectInherit"	"None"
"\\?\UNC\CDC-SVMAFS01\Shares$\Azure_Data_Factory\Axiom\New"	"Write, ReadAndExecute, Synchronize"	"Allow"	"POWERENG\lmeyer"	"ContainerInherit, ObjectInherit"	"None"
"\\?\UNC\CDC-SVMAFS01\Shares$\Azure_Data_Factory\Axiom\New"	"Write, ReadAndExecute, Synchronize"	"Allow"	"POWERENG\mslater"	"ContainerInherit, ObjectInherit"	"None"
"\\?\UNC\CDC-SVMAFS01\Shares$\Azure_Data_Factory\MSLicensing"	"Write, ReadAndExecute, Synchronize"	"Allow"	"S-1-5-21-1380516296-1705272057-1576261225-112231"	"ContainerInherit, ObjectInherit"	"None"
"\\?\UNC\CDC-SVMAFS01\Shares$\Azure_Data_Factory\Supply_Equipment_Orders"	"FullControl"	"Allow"	"POWERENG\jmoorefield"	"ContainerInherit, ObjectInherit"	"None"
"\\?\UNC\CDC-SVMAFS01\Shares$\Azure_Data_Factory\Supply_Equipment_Orders"	"FullControl"	"Allow"	"POWERENG\esteiginga"	"ContainerInherit, ObjectInherit"	"None"
"\\?\UNC\CDC-SVMAFS01\Shares$\Azure_Data_Factory\Supply_Equipment_Orders"	"Write, ReadAndExecute, Synchronize"	"Allow"	"S-1-5-21-1380516296-1705272057-1576261225-112231"	"ContainerInherit, ObjectInherit"	"None"
"\\?\UNC\CDC-SVMAFS01\Shares$\Azure_Data_Factory\DA_Data"	"Write, ReadAndExecute, Synchronize"	"Allow"	"S-1-5-21-1380516296-1705272057-1576261225-112231"	"ContainerInherit, ObjectInherit"	"None"
"\\?\UNC\CDC-SVMAFS01\Shares$\Azure_Data_Factory\DA_Data\New"	"Write, ReadAndExecute, Synchronize"	"Allow"	"POWERENG\SRVCDAStatsCollector"	"ContainerInherit, ObjectInherit"	"None"
"\\?\UNC\CDC-SVMAFS01\Shares$\Azure_Data_Factory\Test\Supply_Equipment_Orders"	"FullControl"	"Allow"	"POWERENG\jmoorefield"	"ContainerInherit, ObjectInherit"	"None"
"\\?\UNC\CDC-SVMAFS01\Shares$\Azure_Data_Factory\Test\Supply_Equipment_Orders"	"FullControl"	"Allow"	"POWERENG\esteiginga"	"ContainerInherit, ObjectInherit"	"None"
"\\?\UNC\CDC-SVMAFS01\Shares$\BAL"	"FullControl"	"Allow"	"POWERENG\FS-FileServices-ADM"	"ContainerInherit, ObjectInherit"	"None"
"\\?\UNC\CDC-SVMAFS01\Shares$\BAL"	"FullControl"	"Allow"	"POWERENG\FS-CDCFS1-BAL-Share-FC"	"ContainerInherit, ObjectInherit"	"None"
"\\?\UNC\CDC-SVMAFS01\Shares$\BAL"	"ReadAndExecute, Synchronize"	"Allow"	"POWERENG\FS-CDCFS1-BAL-Share-RO"	"ContainerInherit, ObjectInherit"	"None"
"\\?\UNC\CDC-SVMAFS01\Shares$\BAL"	"Modify, Synchronize"	"Allow"	"POWERENG\FS-CDCFS1-BAL-Share-RW"	"ContainerInherit, ObjectInherit"	"None"
"\\?\UNC\CDC-SVMAFS01\Shares$\BAL\Mid-Atlantic_Resources\Baltimore Scrap Corp\CLOSED - 163173 BSC 2020 ENV Compliance\Old Fairfield NEC Renewal\1 Ref Docs\GridViewExport_3_3_2020 1_08_39 PM.xls"	"FullControl"	"Allow"	"POWERENG\tdillow"	"None"	"None"
"\\?\UNC\CDC-SVMAFS01\Shares$\BAL\Mid-Atlantic_Resources\Bitumar USA\162159, Bitumar 2019 Reporting Support\4 Draft Work Product (include QAQC)\TRI\2018 TRI Files from TRI-ME\COR_Facility_23633_Forms.xml"	"FullControl"	"Allow"	"POWERENG\tdillow"	"None"	"None"
"\\?\UNC\CDC-SVMAFS01\Shares$\BAL\Mid-Atlantic_Resources\Bitumar USA\Tank 14 Replacement\30-15-PDF.pdf"	"FullControl"	"Allow"	"POWERENG\tdillow"	"None"	"None"
"\\?\UNC\CDC-SVMAFS01\Shares$\BAL\Mid-Atlantic_Resources\Boston Properties\164155, BXP Metro Center II-TSA\4 Draft Work Folder\Annual_Air_Pollutant_Emissions.docx"	"FullControl"	"Allow"	"POWERENG\tdillow"	"None"	"None"
"\\?\UNC\CDC-SVMAFS01\Shares$\BAL\Mid-Atlantic_Resources\Boston Properties\164155, BXP Metro Center II-TSA\4 Draft Work Folder\Emergency_Generator_GP_Form-540.doc"	"FullControl"	"Allow"	"POWERENG\tdillow"	"None"	"None"
"\\?\UNC\CDC-SVMAFS01\Shares$\BAL\Mid-Atlantic_Resources\CEMEX\017792 Wampum Air Permit\1 Ref Matl\State RACT Regulation Links\WY General Emission stds.pdf"	"FullControl"	"Allow"	"POWERENG\tdillow"	"None"	"None"
"\\?\UNC\CDC-SVMAFS01\Shares$\BAL\Mid-Atlantic_Resources\CEMEX\017792 Wampum Air Permit\1 Ref Matl\State RACT Regulation Links\WY State Performance stds.pdf"	"FullControl"	"Allow"	"POWERENG\tdillow"	"None"	"None"
"\\?\UNC\CDC-SVMAFS01\Shares$\BAL\Mid-Atlantic_Resources\CEMEX\017792 Wampum Air Permit\4 Drft Wk Prod\Application Forms\CEMEX Wampum-Addendum 3.doc"	"FullControl"	"Allow"	"POWERENG\jschmelzle"	"None"	"None"
"\\?\UNC\CDC-SVMAFS01\Shares$\BAL\Mid-Atlantic_Resources\CEMEX\017792 Wampum Air Permit\4 Drft Wk Prod\Application Forms\CEMEX Wampum-Addendum A & 1.doc"	"FullControl"	"Allow"	"POWERENG\jschmelzle"	"None"	"None"
"\\?\UNC\CDC-SVMAFS01\Shares$\BAL\Mid-Atlantic_Resources\CEMEX\017792 Wampum Air Permit\4 Drft Wk Prod\Application Forms\CEMEX Wampum-Compliance Review Form.doc"	"FullControl"	"Allow"	"POWERENG\jschmelzle"	"None"	"None"
"\\?\UNC\CDC-SVMAFS01\Shares$\BAL\Mid-Atlantic_Resources\CEMEX\017792 Wampum Air Permit\4 Drft Wk Prod\Application Forms\CEMEX Wampum-GIF.doc"	"FullControl"	"Allow"	"POWERENG\jschmelzle"	"None"	"None"
"\\?\UNC\CDC-SVMAFS01\Shares$\BAL\Mid-Atlantic_Resources\CEMEX\017792 Wampum Air Permit\4 Drft Wk Prod\Application Forms\CEMEX Wampum-Process Plan Approval Application.doc"	"FullControl"	"Allow"	"POWERENG\jschmelzle"	"None"	"None"
"\\?\UNC\CDC-SVMAFS01\Shares$\BAL\Mid-Atlantic_Resources\CEMEX\017792 Wampum Air Permit\4 Drft Wk Prod\RBLC\RBLC Report - Storage Piles.htm"	"ReadAndExecute, Synchronize"	"Allow"	"S-1-15-3-4096"	"None"	"None"
"\\?\UNC\CDC-SVMAFS01\Shares$\BAL\Mid-Atlantic_Resources\CEMEX\017792 Wampum Air Permit\6 Modeling\Class II\Offsite Sources\References\OH Permits\02-15-00-0182 Doc 466546.pdf"	"FullControl"	"Allow"	"POWERENG\jwalker"	"None"	"None"
"\\?\UNC\CDC-SVMAFS01\Shares$\BAL\Mid-Atlantic_Resources\CEMEX\017792 Wampum Air Permit\6 Modeling\Class II\Offsite Sources\References\OH Permits\02-15-00-0182 Doc 470647.pdf"	"FullControl"	"Allow"	"POWERENG\jwalker"	"None"	"None"
"\\?\UNC\CDC-SVMAFS01\Shares$\BAL\Mid-Atlantic_Resources\CEMEX\017792 Wampum Air Permit\6 Modeling\Class II\Offsite Sources\References\OH Permits\02-15-00-0182 Doc 504230.pdf"	"FullControl"	"Allow"	"POWERENG\jwalker"	"None"	"None"
"\\?\UNC\CDC-SVMAFS01\Shares$\BAL\Mid-Atlantic_Resources\CEMEX\017792 Wampum Air Permit\6 Modeling\Class II\Offsite Sources\References\OH Permits\02-15-00-0182 Doc 661695.pdf"	"FullControl"	"Allow"	"POWERENG\jwalker"	"None"	"None"
"\\?\UNC\CDC-SVMAFS01\Shares$\BAL\Mid-Atlantic_Resources\CEMEX\017792 Wampum Air Permit\6 Modeling\Class II\Offsite Sources\References\OH Permits\02-15-00-0296 Doc 446190.pdf"	"FullControl"	"Allow"	"POWERENG\jwalker"	"None"	"None"
"\\?\UNC\CDC-SVMAFS01\Shares$\BAL\Mid-Atlantic_Resources\CEMEX\017792 Wampum Air Permit\6 Modeling\Class II\Offsite Sources\References\OH Permits\02-15-01-0014 Doc 417977.pdf"	"FullControl"	"Allow"	"POWERENG\jwalker"	"None"	"None"
"\\?\UNC\CDC-SVMAFS01\Shares$\BAL\Mid-Atlantic_Resources\CEMEX\017792 Wampum Air Permit\6 Modeling\Class II\Offsite Sources\References\OH Permits\02-15-02-0233 Doc 1797852.pdf"	"FullControl"	"Allow"	"POWERENG\jwalker"	"None"	"None"
"\\?\UNC\CDC-SVMAFS01\Shares$\BAL\Mid-Atlantic_Resources\CEMEX\017792 Wampum Air Permit\6 Modeling\Class II\Offsite Sources\References\OH Permits\02-15-02-0233 Doc 230678.pdf"	"FullControl"	"Allow"	"POWERENG\jwalker"	"None"	"None"
"\\?\UNC\CDC-SVMAFS01\Shares$\BAL\Mid-Atlantic_Resources\CEMEX\017792 Wampum Air Permit\6 Modeling\Class II\Offsite Sources\References\OH Permits\02-15-02-0233 Doc 438238.pdf"	"FullControl"	"Allow"	"POWERENG\jwalker"	"None"	"None"
"\\?\UNC\CDC-SVMAFS01\Shares$\BAL\Mid-Atlantic_Resources\CEMEX\017792 Wampum Air Permit\6 Modeling\Class II\Offsite Sources\References\OH Permits\02-15-02-0233 Doc 485350.pdf"	"FullControl"	"Allow"	"POWERENG\jwalker"	"None"	"None"
"\\?\UNC\CDC-SVMAFS01\Shares$\BAL\Mid-Atlantic_Resources\CEMEX\017792 Wampum Air Permit\6 Modeling\Class II\Offsite Sources\References\OH Permits\02-15-05-0202 Doc 1072775.pdf"	"FullControl"	"Allow"	"POWERENG\jwalker"	"None"	"None"
"\\?\UNC\CDC-SVMAFS01\Shares$\BAL\Mid-Atlantic_Resources\CEMEX\017792 Wampum Air Permit\6 Modeling\Class II\Offsite Sources\References\OH Permits\02-15-05-0202 Doc 1085762.pdf"	"FullControl"	"Allow"	"POWERENG\jwalker"	"None"	"None"
"\\?\UNC\CDC-SVMAFS01\Shares$\BAL\Mid-Atlantic_Resources\CEMEX\017792 Wampum Air Permit\6 Modeling\Class II\Offsite Sources\References\OH Permits\02-15-05-0202 Doc 1813909.pdf"	"FullControl"	"Allow"	"POWERENG\jwalker"	"None"	"None"
"\\?\UNC\CDC-SVMAFS01\Shares$\BAL\Mid-Atlantic_Resources\CEMEX\017792 Wampum Air Permit\6 Modeling\Class II\Offsite Sources\References\OH Permits\02-15-05-0202 Doc 367674.pdf"	"FullControl"	"Allow"	"POWERENG\jwalker"	"None"	"None"
"\\?\UNC\CDC-SVMAFS01\Shares$\BAL\Mid-Atlantic_Resources\CEMEX\017792 Wampum Air Permit\6 Modeling\Class II\Offsite Sources\References\OH Permits\02-15-05-0202 Doc 474679.pdf"	"FullControl"	"Allow"	"POWERENG\jwalker"	"None"	"None"
"\\?\UNC\CDC-SVMAFS01\Shares$\BAL\Mid-Atlantic_Resources\CEMEX\017792 Wampum Air Permit\6 Modeling\Class II\Offsite Sources\References\OH Permits\02-15-09-0188 Doc 412546.pdf"	"FullControl"	"Allow"	"POWERENG\jwalker"	"None"	"None"
"\\?\UNC\CDC-SVMAFS01\Shares$\BAL\Mid-Atlantic_Resources\CEMEX\017792 Wampum Air Permit\6 Modeling\Class II\Offsite Sources\References\OH Permits\02-15-09-0195 Doc 1123488.pdf"	"FullControl"	"Allow"	"POWERENG\jwalker"	"None"	"None"
"\\?\UNC\CDC-SVMAFS01\Shares$\BAL\Mid-Atlantic_Resources\CEMEX\017792 Wampum Air Permit\6 Modeling\Class II\Offsite Sources\References\OH Permits\02-15-09-0195 Doc 1131783.pdf"	"FullControl"	"Allow"	"POWERENG\jwalker"	"None"	"None"
"\\?\UNC\CDC-SVMAFS01\Shares$\BAL\Mid-Atlantic_Resources\CEMEX\017792 Wampum Air Permit\6 Modeling\Class II\Offsite Sources\References\OH Permits\02-15-09-0195 Doc 1355216.pdf"	"FullControl"	"Allow"	"POWERENG\jwalker"	"None"	"None"
"\\?\UNC\CDC-SVMAFS01\Shares$\BAL\Mid-Atlantic_Resources\CEMEX\017792 Wampum Air Permit\6 Modeling\Class II\Offsite Sources\References\OH Permits\02-15-09-0195 Doc 1772199.pdf"	"FullControl"	"Allow"	"POWERENG\jwalker"	"None"	"None"
"\\?\UNC\CDC-SVMAFS01\Shares$\BAL\Mid-Atlantic_Resources\CEMEX\017792 Wampum Air Permit\6 Modeling\Class II\Offsite Sources\References\OH Permits\02-15-09-0195 Doc 403230.pdf"	"FullControl"	"Allow"	"POWERENG\jwalker"	"None"	"None"
"\\?\UNC\CDC-SVMAFS01\Shares$\BAL\Mid-Atlantic_Resources\CEMEX\017792 Wampum Air Permit\6 Modeling\Class II\Offsite Sources\References\OH Permits\02-15-09-0195 Doc 412940.pdf"	"FullControl"	"Allow"	"POWERENG\jwalker"	"None"	"None"
"\\?\UNC\CDC-SVMAFS01\Shares$\BAL\Mid-Atlantic_Resources\CEMEX\017792 Wampum Air Permit\6 Modeling\Class II\Offsite Sources\References\OH Permits\02-50-00-0044 Doc 244501.pdf"	"FullControl"	"Allow"	"POWERENG\jwalker"	"None"	"None"
"\\?\UNC\CDC-SVMAFS01\Shares$\BAL\Mid-Atlantic_Resources\CEMEX\017792 Wampum Air Permit\6 Modeling\Class II\Offsite Sources\References\OH Permits\02-50-00-0044 Doc 367281.pdf"	"FullControl"	"Allow"	"POWERENG\jwalker"	"None"	"None"
"\\?\UNC\CDC-SVMAFS01\Shares$\BAL\Mid-Atlantic_Resources\CEMEX\017792 Wampum Air Permit\6 Modeling\Class II\Offsite Sources\References\OH Permits\02-50-00-0432 Doc 427461.pdf"	"FullControl"	"Allow"	"POWERENG\jwalker"	"None"	"None"
"\\?\UNC\CDC-SVMAFS01\Shares$\BAL\Mid-Atlantic_Resources\CEMEX\017792 Wampum Air Permit\6 Modeling\Class II\Offsite Sources\References\OH Permits\02-50-00-0840 Doc 1455473.pdf"	"FullControl"	"Allow"	"POWERENG\jwalker"	"None"	"None"
"\\?\UNC\CDC-SVMAFS01\Shares$\BAL\Mid-Atlantic_Resources\CEMEX\017792 Wampum Air Permit\6 Modeling\Class II\Offsite Sources\References\OH Permits\02-50-00-0840 Doc 274042.pdf"	"FullControl"	"Allow"	"POWERENG\jwalker"	"None"	"None"
"\\?\UNC\CDC-SVMAFS01\Shares$\BAL\Mid-Atlantic_Resources\CEMEX\017792 Wampum Air Permit\6 Modeling\Class II\Offsite Sources\References\OH Permits\02-50-00-0840 Doc 416629.pdf"	"FullControl"	"Allow"	"POWERENG\jwalker"	"None"	"None"
"\\?\UNC\CDC-SVMAFS01\Shares$\BAL\Mid-Atlantic_Resources\CEMEX\017792 Wampum Air Permit\6 Modeling\Class II\Offsite Sources\References\OH Permits\02-50-00-0959 Doc 412473.pdf"	"FullControl"	"Allow"	"POWERENG\jwalker"	"None"	"None"
"\\?\UNC\CDC-SVMAFS01\Shares$\BAL\Mid-Atlantic_Resources\CEMEX\017792 Wampum Air Permit\6 Modeling\Class II\Offsite Sources\References\OH Permits\02-50-00-0989 Doc 1616554.pdf"	"FullControl"	"Allow"	"POWERENG\jwalker"	"None"	"None"
"\\?\UNC\CDC-SVMAFS01\Shares$\BAL\Mid-Atlantic_Resources\CEMEX\017792 Wampum Air Permit\6 Modeling\Class II\Offsite Sources\References\OH Permits\02-50-00-0989 Doc 366996.pdf"	"FullControl"	"Allow"	"POWERENG\jwalker"	"None"	"None"
"\\?\UNC\CDC-SVMAFS01\Shares$\BAL\Mid-Atlantic_Resources\CEMEX\017792 Wampum Air Permit\6 Modeling\Class II\Offsite Sources\References\OH Permits\02-50-00-0989 Doc 510416.pdf"	"FullControl"	"Allow"	"POWERENG\jwalker"	"None"	"None"
"\\?\UNC\CDC-SVMAFS01\Shares$\BAL\Mid-Atlantic_Resources\CEMEX\017792 Wampum Air Permit\6 Modeling\Class II\Offsite Sources\References\OH Permits\02-50-00-2042 Doc 1393656.pdf"	"FullControl"	"Allow"	"POWERENG\jwalker"	"None"	"None"
"\\?\UNC\CDC-SVMAFS01\Shares$\BAL\Mid-Atlantic_Resources\CEMEX\017792 Wampum Air Permit\6 Modeling\Class II\Offsite Sources\References\OH Permits\02-50-00-2042 Doc 1598415.pdf"	"FullControl"	"Allow"	"POWERENG\jwalker"	"None"	"None"
"\\?\UNC\CDC-SVMAFS01\Shares$\BAL\Mid-Atlantic_Resources\CEMEX\017792 Wampum Air Permit\6 Modeling\Class II\Offsite Sources\References\OH Permits\02-50-05-0996 Doc 1464398.pdf"	"FullControl"	"Allow"	"POWERENG\jwalker"	"None"	"None"
"\\?\UNC\CDC-SVMAFS01\Shares$\BAL\Mid-Atlantic_Resources\CEMEX\017792 Wampum Air Permit\6 Modeling\Class II\Offsite Sources\References\OH Permits\02-50-05-0996 Doc 317731.pdf"	"FullControl"	"Allow"	"POWERENG\jwalker"	"None"	"None"
"\\?\UNC\CDC-SVMAFS01\Shares$\BAL\Mid-Atlantic_Resources\CEMEX\017792 Wampum Air Permit\6 Modeling\Class II\Offsite Sources\References\OH Permits\02-50-07-0850 Doc 1053727.pdf"	"FullControl"	"Allow"	"POWERENG\jwalker"	"None"	"None"
"\\?\UNC\CDC-SVMAFS01\Shares$\BAL\Mid-Atlantic_Resources\CEMEX\017792 Wampum Air Permit\6 Modeling\Class II\Offsite Sources\References\OH Permits\02-50-07-0850 Doc 1878535.pdf"	"FullControl"	"Allow"	"POWERENG\jwalker"	"None"	"None"
"\\?\UNC\CDC-SVMAFS01\Shares$\BAL\Mid-Atlantic_Resources\CEMEX\017792 Wampum Air Permit\6 Modeling\Class II\Offsite Sources\References\OH Permits\02-50-07-0850 Doc 367720.pdf"	"FullControl"	"Allow"	"POWERENG\jwalker"	"None"	"None"
"\\?\UNC\CDC-SVMAFS01\Shares$\BAL\Mid-Atlantic_Resources\CEMEX\017792 Wampum Air Permit\6 Modeling\Class II\Offsite Sources\References\OH Permits\02-50-09-0626 Doc 1601353.pdf"	"FullControl"	"Allow"	"POWERENG\jwalker"	"None"	"None"
"\\?\UNC\CDC-SVMAFS01\Shares$\BAL\Mid-Atlantic_Resources\CEMEX\017792 Wampum Air Permit\6 Modeling\Class II\Offsite Sources\References\OH Permits\02-50-09-0626 Doc 366760.pdf"	"FullControl"	"Allow"	"POWERENG\jwalker"	"None"	"None"
"\\?\UNC\CDC-SVMAFS01\Shares$\BAL\Mid-Atlantic_Resources\CEMEX\017792 Wampum Air Permit\6 Modeling\Class II\Offsite Sources\References\OH Permits\02-50-09-0626 Doc 466429.pdf"	"FullControl"	"Allow"	"POWERENG\jwalker"	"None"	"None"
"\\?\UNC\CDC-SVMAFS01\Shares$\BAL\Mid-Atlantic_Resources\CEMEX\017792 Wampum Air Permit\6 Modeling\Class II\Offsite Sources\References\OH Permits\02-50-09-0626 Doc 603706.pdf"	"FullControl"	"Allow"	"POWERENG\jwalker"	"None"	"None"
"\\?\UNC\CDC-SVMAFS01\Shares$\BAL\Mid-Atlantic_Resources\CEMEX\017792 Wampum Air Permit\6 Modeling\Class II\Offsite Sources\References\OH Permits\02-50-11-0024 Doc 1185109.pdf"	"FullControl"	"Allow"	"POWERENG\jwalker"	"None"	"None"
"\\?\UNC\CDC-SVMAFS01\Shares$\BAL\Mid-Atlantic_Resources\CEMEX\017792 Wampum Air Permit\6 Modeling\Class II\Offsite Sources\References\OH Permits\02-50-11-0024 Doc 1601303.pdf"	"FullControl"	"Allow"	"POWERENG\jwalker"	"None"	"None"
"\\?\UNC\CDC-SVMAFS01\Shares$\BAL\Mid-Atlantic_Resources\CEMEX\017792 Wampum Air Permit\6 Modeling\Class II\Offsite Sources\References\OH Permits\02-50-11-0024 Doc 1784843.pdf"	"FullControl"	"Allow"	"POWERENG\jwalker"	"None"	"None"
"\\?\UNC\CDC-SVMAFS01\Shares$\BAL\Mid-Atlantic_Resources\CEMEX\017792 Wampum Air Permit\6 Modeling\Class II\Offsite Sources\References\OH Permits\02-50-11-0024 Doc 431852.pdf"	"FullControl"	"Allow"	"POWERENG\jwalker"	"None"	"None"
"\\?\UNC\CDC-SVMAFS01\Shares$\BAL\Mid-Atlantic_Resources\CEMEX\017792 Wampum Air Permit\6 Modeling\Class II\Offsite Sources\References\OH Permits\02-50-11-0024 Doc 474576.pdf"	"FullControl"	"Allow"	"POWERENG\jwalker"	"None"	"None"
"\\?\UNC\CDC-SVMAFS01\Shares$\BAL\Mid-Atlantic_Resources\CEMEX\017792 Wampum Air Permit\6 Modeling\Class II\Offsite Sources\References\OH Permits\02-50-11-0100 Doc 1598175.pdf"	"FullControl"	"Allow"	"POWERENG\jwalker"	"None"	"None"
"\\?\UNC\CDC-SVMAFS01\Shares$\BAL\Mid-Atlantic_Resources\CEMEX\017792 Wampum Air Permit\6 Modeling\Class II\Offsite Sources\References\OH Permits\02-50-11-0100 Doc 426367.pdf"	"FullControl"	"Allow"	"POWERENG\jwalker"	"None"	"None"
"\\?\UNC\CDC-SVMAFS01\Shares$\BAL\Mid-Atlantic_Resources\CEMEX\017792 Wampum Air Permit\6 Modeling\Class II\Offsite Sources\References\OH Permits\02-50-11-0100 Doc 591275.pdf"	"FullControl"	"Allow"	"POWERENG\jwalker"	"None"	"None"
"\\?\UNC\CDC-SVMAFS01\Shares$\BAL\Mid-Atlantic_Resources\CEMEX\017792 Wampum Air Permit\6 Modeling\Class II\Offsite Sources\References\OH Permits\02-50-11-0316 Doc 388380.pdf"	"FullControl"	"Allow"	"POWERENG\jwalker"	"None"	"None"
"\\?\UNC\CDC-SVMAFS01\Shares$\BAL\Mid-Atlantic_Resources\CEMEX\017792 Wampum Air Permit\6 Modeling\Class II\Offsite Sources\References\OH Permits\02-50-11-0316 Doc 421234.pdf"	"FullControl"	"Allow"	"POWERENG\jwalker"	"None"	"None"
"\\?\UNC\CDC-SVMAFS01\Shares$\BAL\Mid-Atlantic_Resources\CEMEX\017792 Wampum Air Permit\6 Modeling\Class II\Offsite Sources\References\OH Permits\02-50-11-0464 Doc 416611.pdf"	"FullControl"	"Allow"	"POWERENG\jwalker"	"None"	"None"
"\\?\UNC\CDC-SVMAFS01\Shares$\BAL\Mid-Atlantic_Resources\CEMEX\017792 Wampum Air Permit\6 Modeling\Class II\Offsite Sources\References\OH Permits\02-50-11-0501 Doc 1900999.pdf"	"FullControl"	"Allow"	"POWERENG\jwalker"	"None"	"None"
"\\?\UNC\CDC-SVMAFS01\Shares$\BAL\Mid-Atlantic_Resources\CEMEX\017792 Wampum Air Permit\6 Modeling\Class II\Offsite Sources\References\OH Permits\02-50-11-0501 Doc 357906.pdf"	"FullControl"	"Allow"	"POWERENG\jwalker"	"None"	"None"
"\\?\UNC\CDC-SVMAFS01\Shares$\BAL\Mid-Atlantic_Resources\CEMEX\017792 Wampum Air Permit\6 Modeling\Class II\Offsite Sources\References\OH Permits\02-50-11-0501 Doc 431944.pdf"	"FullControl"	"Allow"	"POWERENG\jwalker"	"None"	"None"
"\\?\UNC\CDC-SVMAFS01\Shares$\BAL\Mid-Atlantic_Resources\CEMEX\017792 Wampum Air Permit\6 Modeling\Class II\Offsite Sources\References\OH Permits\02-50-11-0543 Doc 426395.pdf"	"FullControl"	"Allow"	"POWERENG\jwalker"	"None"	"None"
"\\?\UNC\CDC-SVMAFS01\Shares$\BAL\Mid-Atlantic_Resources\CEMEX\017792 Wampum Air Permit\6 Modeling\Class II\Offsite Sources\References\OH Permits\02-50-11-0543 Doc 466212.pdf"	"FullControl"	"Allow"	"POWERENG\jwalker"	"None"	"None"
"\\?\UNC\CDC-SVMAFS01\Shares$\BAL\Mid-Atlantic_Resources\CEMEX\017792 Wampum Air Permit\6 Modeling\Class II\Offsite Sources\References\OH Permits\02-50-11-0625 Doc 1740542.pdf"	"FullControl"	"Allow"	"POWERENG\jwalker"	"None"	"None"
"\\?\UNC\CDC-SVMAFS01\Shares$\BAL\Mid-Atlantic_Resources\CEMEX\017792 Wampum Air Permit\6 Modeling\Class II\Offsite Sources\References\OH Permits\02-50-11-0625 Doc 418617.pdf"	"FullControl"	"Allow"	"POWERENG\jwalker"	"None"	"None"
"\\?\UNC\CDC-SVMAFS01\Shares$\BAL\Mid-Atlantic_Resources\CEMEX\017792 Wampum Air Permit\6 Modeling\Class II\Offsite Sources\References\OH Permits\02-50-11-0856 Doc 1494241.pdf"	"FullControl"	"Allow"	"POWERENG\jwalker"	"None"	"None"
"\\?\UNC\CDC-SVMAFS01\Shares$\BAL\Mid-Atlantic_Resources\CEMEX\017792 Wampum Air Permit\6 Modeling\Class II\Offsite Sources\References\OH Permits\02-50-11-0856 Doc 1901043.pdf"	"FullControl"	"Allow"	"POWERENG\jwalker"	"None"	"None"
"\\?\UNC\CDC-SVMAFS01\Shares$\BAL\Mid-Atlantic_Resources\CEMEX\017792 Wampum Air Permit\6 Modeling\Class II\Offsite Sources\References\OH Permits\02-50-11-0856 Doc 466214.pdf"	"FullControl"	"Allow"	"POWERENG\jwalker"	"None"	"None"
"\\?\UNC\CDC-SVMAFS01\Shares$\BAL\Mid-Atlantic_Resources\CEMEX\017792 Wampum Air Permit\6 Modeling\Class II\Offsite Sources\References\OH Permits\02-50-11-0856 Doc 516717.pdf"	"FullControl"	"Allow"	"POWERENG\jwalker"	"None"	"None"
"\\?\UNC\CDC-SVMAFS01\Shares$\BAL\Mid-Atlantic_Resources\CEMEX\017792 Wampum Air Permit\6 Modeling\Class II\Offsite Sources\References\OH Permits\02-50-11-0886 Doc 431948.pdf"	"FullControl"	"Allow"	"POWERENG\jwalker"	"None"	"None"
"\\?\UNC\CDC-SVMAFS01\Shares$\BAL\Mid-Atlantic_Resources\CEMEX\017792 Wampum Air Permit\6 Modeling\Class II\Offsite Sources\References\OH Permits\02-50-11-0960 Doc 367716.pdf"	"FullControl"	"Allow"	"POWERENG\jwalker"	"None"	"None"
"\\?\UNC\CDC-SVMAFS01\Shares$\BAL\Mid-Atlantic_Resources\CEMEX\017792 Wampum Air Permit\6 Modeling\Class II\Offsite Sources\References\OH Permits\02-78-00-0025 Doc 1558441.pdf"	"FullControl"	"Allow"	"POWERENG\jwalker"	"None"	"None"
"\\?\UNC\CDC-SVMAFS01\Shares$\BAL\Mid-Atlantic_Resources\CEMEX\017792 Wampum Air Permit\6 Modeling\Class II\Offsite Sources\References\OH Permits\02-78-00-0025 Doc 405624.pdf"	"FullControl"	"Allow"	"POWERENG\jwalker"	"None"	"None"
"\\?\UNC\CDC-SVMAFS01\Shares$\BAL\Mid-Atlantic_Resources\CEMEX\017792 Wampum Air Permit\6 Modeling\Class II\Offsite Sources\References\OH Permits\02-78-02-0021 Doc 468896.pdf"	"FullControl"	"Allow"	"POWERENG\jwalker"	"None"	"None"
"\\?\UNC\CDC-SVMAFS01\Shares$\BAL\Mid-Atlantic_Resources\CEMEX\017792 Wampum Air Permit\6 Modeling\Class II\Offsite Sources\References\OH Permits\02-78-02-0021 Doc 473086.pdf"	"FullControl"	"Allow"	"POWERENG\jwalker"	"None"	"None"
"\\?\UNC\CDC-SVMAFS01\Shares$\BAL\Mid-Atlantic_Resources\CEMEX\017792 Wampum Air Permit\6 Modeling\Class II\Offsite Sources\References\OH Permits\02-78-06-0023 Doc 1026661.pdf"	"FullControl"	"Allow"	"POWERENG\jwalker"	"None"	"None"
"\\?\UNC\CDC-SVMAFS01\Shares$\BAL\Mid-Atlantic_Resources\CEMEX\017792 Wampum Air Permit\6 Modeling\Class II\Offsite Sources\References\OH Permits\02-78-06-0023 Doc 1629859.pdf"	"FullControl"	"Allow"	"POWERENG\jwalker"	"None"	"None"
"\\?\UNC\CDC-SVMAFS01\Shares$\BAL\Mid-Atlantic_Resources\CEMEX\017792 Wampum Air Permit\6 Modeling\Class II\Offsite Sources\References\OH Permits\02-78-06-0023 Doc 418524.pdf"	"FullControl"	"Allow"	"POWERENG\jwalker"	"None"	"None"
"\\?\UNC\CDC-SVMAFS01\Shares$\BAL\Mid-Atlantic_Resources\CEMEX\017792 Wampum Air Permit\6 Modeling\Class II\Offsite Sources\References\OH Permits\06-11-16-0017 Doc 1127391.pdf"	"FullControl"	"Allow"	"POWERENG\jwalker"	"None"	"None"
"\\?\UNC\CDC-SVMAFS01\Shares$\BAL\Mid-Atlantic_Resources\CEMEX\017792 Wampum Air Permit\6 Modeling\Class II\Offsite Sources\References\OH Permits\06-41-16-0017 Doc 1789446.pdf"	"FullControl"	"Allow"	"POWERENG\jwalker"	"None"	"None"
"\\?\UNC\CDC-SVMAFS01\Shares$\BAL\Mid-Atlantic_Resources\CEMEX\017792 Wampum Air Permit\6 Modeling\Class II\Offsite Sources\References\OH Permits\06-41-16-0017 Doc 515070.pdf"	"FullControl"	"Allow"	"POWERENG\jwalker"	"None"	"None"
"\\?\UNC\CDC-SVMAFS01\Shares$\BAL\Mid-Atlantic_Resources\CEMEX\160279 Wampum Quarry Plan Approval Application\1 Reference Documents\Haul Trucks\745"	"FullControl"	"Allow"	"POWERENG\jschmelzle"	"None"	"None"
"\\?\UNC\CDC-SVMAFS01\Shares$\BAL\Mid-Atlantic_Resources\CEMEX\Communication, 2016\160279 Wampum Quarry PCT\1 Reference Documents\TCEQ Guidance & Calcs\emiss-calc-rock1.xlsx"	"FullControl"	"Allow"	"POWERENG\jschmelzle"	"None"	"None"
"\\?\UNC\CDC-SVMAFS01\Shares$\BAL\Mid-Atlantic_Resources\CEMEX\Communication, 2016\160279 Wampum Quarry PCT\4 Draft Work Product\CEMEX Wampum Quarry-Plan Approval Application Form.doc"	"FullControl"	"Allow"	"POWERENG\jschmelzle"	"None"	"None"
"\\?\UNC\CDC-SVMAFS01\Shares$\BAL\Mid-Atlantic_Resources\CP Crane LLC\CLOSED - 150303 - 2018 Crane Environmental Support, 017823\Reports to Regulators\e-GGRT (GHG)\CEMS\CEMS Reporting Form.xls"	"FullControl"	"Allow"	"POWERENG\tdillow"	"None"	"None"
"\\?\UNC\CDC-SVMAFS01\Shares$\BAL\Mid-Atlantic_Resources\CP Crane LLC\CLOSED - 150303 - 2018 Crane Environmental Support, 017823\Reports to Regulators\e-GGRT (GHG)\Subpart A\Subpart A XML Reporting Instructions for RY2018.pdf"	"FullControl"	"Allow"	"POWERENG\tdillow"	"None"	"None"
"\\?\UNC\CDC-SVMAFS01\Shares$\BAL\Mid-Atlantic_Resources\CP Crane LLC\CLOSED - 150303 - 2018 Crane Environmental Support, 017823\Reports to Regulators\e-GGRT (GHG)\Subpart C\Subpart C IVT XML Instructions for RY2017.pdf"	"FullControl"	"Allow"	"POWERENG\tdillow"	"None"	"None"
"\\?\UNC\CDC-SVMAFS01\Shares$\BAL\Mid-Atlantic_Resources\CP Crane LLC\CLOSED - 150303 - 2018 Crane Environmental Support, 017823\Reports to Regulators\e-GGRT (GHG)\Subpart C\Subpart C XML Reporting Instructions for RY2018.pdf"	"FullControl"	"Allow"	"POWERENG\tdillow"	"None"	"None"
"\\?\UNC\CDC-SVMAFS01\Shares$\BAL\Mid-Atlantic_Resources\CP Crane LLC\CLOSED - 150303 - 2018 Crane Environmental Support, 017823\Reports to Regulators\e-GGRT (GHG)\Subpart D\Subpart D XML Reporting Instructions for RY2018.pdf"	"FullControl"	"Allow"	"POWERENG\tdillow"	"None"	"None"
"\\?\UNC\CDC-SVMAFS01\Shares$\BAL\Mid-Atlantic_Resources\CP Crane LLC\CLOSED - 150303 - 2018 Crane Environmental Support, 017823\Reports to Regulators\e-GGRT (GHG)\Subpart DD\Subpart DD Reporting Form for RY2017 - RY2018.xls"	"FullControl"	"Allow"	"POWERENG\tdillow"	"None"	"None"
"\\?\UNC\CDC-SVMAFS01\Shares$\BAL\Mid-Atlantic_Resources\CP Crane LLC\CLOSED - 150303 - 2018 Crane Environmental Support, 017823\Reports to Regulators\e-GGRT (GHG)\GHG_Final_9.1.zip"	"FullControl"	"Allow"	"POWERENG\tdillow"	"None"	"None"
"\\?\UNC\CDC-SVMAFS01\Shares$\BAL\Mid-Atlantic_Resources\Digital Realty Trust\CLOSED 152444, ACC10 SPCC Update\0 Project Management\Transactions_transaction_report_17593062_4-17-18 TDillow Tolls.pdf"	"FullControl"	"Allow"	"POWERENG\tdillow"	"None"	"None"
"\\?\UNC\CDC-SVMAFS01\Shares$\BAL\Mid-Atlantic_Resources\Environmental Management Solutions\CLOSED-157933 - Eastern Shore Forest Products - 2019 multi-site air permit eval\Archived\4 Draft Wk Prod\Permit Application - Salisbury\DRAFT\App A - Form 5EP.pdf"	"FullControl"	"Allow"	"POWERENG\jwalker"	"None"	"None"
"\\?\UNC\CDC-SVMAFS01\Shares$\BAL\Mid-Atlantic_Resources\Environmental Management Solutions\CLOSED-157933 - Eastern Shore Forest Products - 2019 multi-site air permit eval\Archived\4 Draft Wk Prod\Permit Application - Salisbury\DRAFT\APP A - Form 5T.pdf"	"FullControl"	"Allow"	"POWERENG\jwalker"	"None"	"None"
"\\?\UNC\CDC-SVMAFS01\Shares$\BAL\Mid-Atlantic_Resources\Exelon\0150151.01 Perryman 6 Title V Renewal\Archived\1 Ref Matl\EPADownload_Facility_Emissions_09-12-2018_105221956.csv"	"FullControl"	"Allow"	"POWERENG\tdillow"	"None"	"None"
"\\?\UNC\CDC-SVMAFS01\Shares$\BAL\Mid-Atlantic_Resources\Exelon\0150151.01 Perryman 6 Title V Renewal\Archived\1 Ref Matl\Facility_Emissions1536764029.png"	"FullControl"	"Allow"	"POWERENG\tdillow"	"None"	"None"
"\\?\UNC\CDC-SVMAFS01\Shares$\BAL\Mid-Atlantic_Resources\Exelon\xxxx, AComp, SixMon for Perryman\4 Draft Work Product\ctac_5900-02.doc"	"FullControl"	"Allow"	"POWERENG\jwalker"	"None"	"None"
"\\?\UNC\CDC-SVMAFS01\Shares$\BAL\Mid-Atlantic_Resources\Faegre Drinker Biddle & Realth LLP\CLOSED 165621 BSC Privileged & Confidential"	"FullControl"	"Allow"	"POWERENG\FS-FileServices-ADM"	"ContainerInherit, ObjectInherit"	"None"
"\\?\UNC\CDC-SVMAFS01\Shares$\BAL\Mid-Atlantic_Resources\Faegre Drinker Biddle & Realth LLP\CLOSED 165621 BSC Privileged & Confidential"	"FullControl"	"Allow"	"POWERENG\FS-CDCFS1-BAL-Share-165621-Folder-01-FC"	"ContainerInherit, ObjectInherit"	"None"
"\\?\UNC\CDC-SVMAFS01\Shares$\BAL\Mid-Atlantic_Resources\Faegre Drinker Biddle & Realth LLP\CLOSED 165621 BSC Privileged & Confidential"	"ReadAndExecute, Synchronize"	"Allow"	"POWERENG\FS-CDCFS1-BAL-Share-165621-Folder-01-RO"	"ContainerInherit, ObjectInherit"	"None"
"\\?\UNC\CDC-SVMAFS01\Shares$\BAL\Mid-Atlantic_Resources\Faegre Drinker Biddle & Realth LLP\CLOSED 165621 BSC Privileged & Confidential"	"Modify, Synchronize"	"Allow"	"POWERENG\FS-CDCFS1-BAL-Share-165621-Folder-01-RW"	"ContainerInherit, ObjectInherit"	"None"
"\\?\UNC\CDC-SVMAFS01\Shares$\BAL\Mid-Atlantic_Resources\KCI Technologies Inc\WMATA\Air Permits\District of Columbia\DOEE Title V application forms\Bladensburg Bus Garage\Boiler Stack Test - April 2019\4391 APP A ALL.pdf"	"FullControl"	"Allow"	"POWERENG\jwalker"	"None"	"None"
"\\?\UNC\CDC-SVMAFS01\Shares$\BAL\Mid-Atlantic_Resources\KCI Technologies Inc\WMATA\Air Permits\District of Columbia\DOEE Title V application forms\Bladensburg Bus Garage\Boiler Stack Test - April 2019\4391 APP B.pdf"	"FullControl"	"Allow"	"POWERENG\jwalker"	"None"	"None"
"\\?\UNC\CDC-SVMAFS01\Shares$\BAL\Mid-Atlantic_Resources\KCI Technologies Inc\WMATA\Air Permits\District of Columbia\DOEE Title V application forms\Bladensburg Bus Garage\Boiler Stack Test - April 2019\4391 APP C ALL.pdf"	"FullControl"	"Allow"	"POWERENG\jwalker"	"None"	"None"
"\\?\UNC\CDC-SVMAFS01\Shares$\BAL\Mid-Atlantic_Resources\KCI Technologies Inc\WMATA\Air Permits\District of Columbia\DOEE Title V application forms\Bladensburg Bus Garage\Boiler Stack Test - April 2019\4391 APP D.pdf"	"FullControl"	"Allow"	"POWERENG\jwalker"	"None"	"None"
"\\?\UNC\CDC-SVMAFS01\Shares$\BAL\Mid-Atlantic_Resources\KCI Technologies Inc\WMATA\Air Permits\District of Columbia\DOEE Title V application forms\Bladensburg Bus Garage\Boiler Stack Test - April 2019\4391 APP E.pdf"	"FullControl"	"Allow"	"POWERENG\jwalker"	"None"	"None"
"\\?\UNC\CDC-SVMAFS01\Shares$\BAL\Mid-Atlantic_Resources\KCI Technologies Inc\WMATA\Air Permits\District of Columbia\DOEE Title V application forms\Bladensburg Bus Garage\DOEE Letter receipt of Title V application 11.14.18.pdf"	"FullControl"	"Allow"	"POWERENG\jwalker"	"None"	"None"
"\\?\UNC\CDC-SVMAFS01\Shares$\BAL\Mid-Atlantic_Resources\KCI Technologies Inc\WMATA\Air Permits\District of Columbia\DOEE Title V application forms\Bladensburg Bus Garage\Tr-DOEE Title V Facility Status Change 9.25.19.pdf"	"FullControl"	"Allow"	"POWERENG\jwalker"	"None"	"None"
"\\?\UNC\CDC-SVMAFS01\Shares$\BAL\Mid-Atlantic_Resources\KCI Technologies Inc\WMATA\Air Permits\District of Columbia\DOEE Title V application forms\Bladensburg Bus Garage\Tr_DOEE_Bladensburg Bus Facility Title V Renewal Application.pdf"	"FullControl"	"Allow"	"POWERENG\jwalker"	"None"	"None"
"\\?\UNC\CDC-SVMAFS01\Shares$\BAL\Mid-Atlantic_Resources\KCI Technologies Inc\WMATA\Air Permits\Maryland\Andrews Federal Center Bus Garage\O&M Drawings-Specs\26_DCN-008_All_Sheets_Mech.pdf"	"FullControl"	"Allow"	"POWERENG\tdillow"	"None"	"None"
"\\?\UNC\CDC-SVMAFS01\Shares$\BAL\Mid-Atlantic_Resources\KCI Technologies Inc\WMATA\Air Permits\Virginia\Cinder Bed\Auto Body Registration Form.doc"	"FullControl"	"Allow"	"POWERENG\tdillow"	"None"	"None"
"\\?\UNC\CDC-SVMAFS01\Shares$\BAL\Mid-Atlantic_Resources\KCI Technologies Inc\WMATA\Compliance\Leased Engine_COVID 19_Apr-Oct 2020\20 DCMR  Chs. 1 2  3  Air Quality Permit Fees.doc"	"FullControl"	"Allow"	"POWERENG\tdillow"	"None"	"None"
"\\?\UNC\CDC-SVMAFS01\Shares$\BAL\Mid-Atlantic_Resources\KCI Technologies Inc\WMATA\Regulations\DC\20200.doc"	"FullControl"	"Allow"	"POWERENG\tdillow"	"None"	"None"
"\\?\UNC\CDC-SVMAFS01\Shares$\BAL\Mid-Atlantic_Resources\KCI Technologies Inc\WMATA\Regulations\DC\20201.doc"	"FullControl"	"Allow"	"POWERENG\tdillow"	"None"	"None"
"\\?\UNC\CDC-SVMAFS01\Shares$\BAL\Mid-Atlantic_Resources\KCI Technologies Inc\WMATA\Regulations\DC\20202.doc"	"FullControl"	"Allow"	"POWERENG\tdillow"	"None"	"None"
"\\?\UNC\CDC-SVMAFS01\Shares$\BAL\Mid-Atlantic_Resources\KCI Technologies Inc\WMATA\Regulations\DC\20203.doc"	"FullControl"	"Allow"	"POWERENG\tdillow"	"None"	"None"
"\\?\UNC\CDC-SVMAFS01\Shares$\BAL\Mid-Atlantic_Resources\KCI Technologies Inc\WMATA\Regulations\DC\20204.doc"	"FullControl"	"Allow"	"POWERENG\tdillow"	"None"	"None"
"\\?\UNC\CDC-SVMAFS01\Shares$\BAL\Mid-Atlantic_Resources\KCI Technologies Inc\WMATA\Regulations\DC\20205.doc"	"FullControl"	"Allow"	"POWERENG\tdillow"	"None"	"None"
"\\?\UNC\CDC-SVMAFS01\Shares$\BAL\Mid-Atlantic_Resources\KCI Technologies Inc\WMATA\Regulations\DC\20206.doc"	"FullControl"	"Allow"	"POWERENG\tdillow"	"None"	"None"
"\\?\UNC\CDC-SVMAFS01\Shares$\BAL\Mid-Atlantic_Resources\KCI Technologies Inc\WMATA\Regulations\DC\20207.doc"	"FullControl"	"Allow"	"POWERENG\tdillow"	"None"	"None"
"\\?\UNC\CDC-SVMAFS01\Shares$\BAL\Mid-Atlantic_Resources\KCI Technologies Inc\WMATA\Regulations\DC\20208.doc"	"FullControl"	"Allow"	"POWERENG\tdillow"	"None"	"None"
"\\?\UNC\CDC-SVMAFS01\Shares$\BAL\Mid-Atlantic_Resources\KCI Technologies Inc\WMATA\Regulations\DC\20209.doc"	"FullControl"	"Allow"	"POWERENG\tdillow"	"None"	"None"
"\\?\UNC\CDC-SVMAFS01\Shares$\BAL\Mid-Atlantic_Resources\KCI Technologies Inc\WMATA\Regulations\DC\20210.doc"	"FullControl"	"Allow"	"POWERENG\tdillow"	"None"	"None"
"\\?\UNC\CDC-SVMAFS01\Shares$\BAL\Mid-Atlantic_Resources\KCI Technologies Inc\WMATA\Regulations\DC\20299.doc"	"FullControl"	"Allow"	"POWERENG\tdillow"	"None"	"None"
"\\?\UNC\CDC-SVMAFS01\Shares$\BAL\Mid-Atlantic_Resources\KCI Technologies Inc\WMATA\Regulations\DC\20300.doc"	"FullControl"	"Allow"	"POWERENG\tdillow"	"None"	"None"
"\\?\UNC\CDC-SVMAFS01\Shares$\BAL\Mid-Atlantic_Resources\KCI Technologies Inc\WMATA\Regulations\DC\20301.doc"	"FullControl"	"Allow"	"POWERENG\tdillow"	"None"	"None"
"\\?\UNC\CDC-SVMAFS01\Shares$\BAL\Mid-Atlantic_Resources\KCI Technologies Inc\WMATA\Regulations\DC\20302.doc"	"FullControl"	"Allow"	"POWERENG\tdillow"	"None"	"None"
"\\?\UNC\CDC-SVMAFS01\Shares$\BAL\Mid-Atlantic_Resources\KCI Technologies Inc\WMATA\Regulations\DC\20303.doc"	"FullControl"	"Allow"	"POWERENG\tdillow"	"None"	"None"
"\\?\UNC\CDC-SVMAFS01\Shares$\BAL\Mid-Atlantic_Resources\KCI Technologies Inc\WMATA\Regulations\DC\20304.doc"	"FullControl"	"Allow"	"POWERENG\tdillow"	"None"	"None"
"\\?\UNC\CDC-SVMAFS01\Shares$\BAL\Mid-Atlantic_Resources\KCI Technologies Inc\WMATA\Regulations\DC\20305.doc"	"FullControl"	"Allow"	"POWERENG\tdillow"	"None"	"None"
"\\?\UNC\CDC-SVMAFS01\Shares$\BAL\Mid-Atlantic_Resources\KCI Technologies Inc\WMATA\Regulations\DC\20307.doc"	"FullControl"	"Allow"	"POWERENG\tdillow"	"None"	"None"
"\\?\UNC\CDC-SVMAFS01\Shares$\BAL\Mid-Atlantic_Resources\KCI Technologies Inc\WMATA\Regulations\DC\20399.doc"	"FullControl"	"Allow"	"POWERENG\tdillow"	"None"	"None"
"\\?\UNC\CDC-SVMAFS01\Shares$\BAL\Mid-Atlantic_Resources\KCI Technologies Inc\WMATA\Regulations\DC\20500.doc"	"FullControl"	"Allow"	"POWERENG\tdillow"	"None"	"None"
"\\?\UNC\CDC-SVMAFS01\Shares$\BAL\Mid-Atlantic_Resources\KCI Technologies Inc\WMATA\Regulations\DC\20501.doc"	"FullControl"	"Allow"	"POWERENG\tdillow"	"None"	"None"
"\\?\UNC\CDC-SVMAFS01\Shares$\BAL\Mid-Atlantic_Resources\KCI Technologies Inc\WMATA\Regulations\DC\20502.doc"	"FullControl"	"Allow"	"POWERENG\tdillow"	"None"	"None"
"\\?\UNC\CDC-SVMAFS01\Shares$\BAL\Mid-Atlantic_Resources\KCI Technologies Inc\WMATA\Regulations\DC\20599.doc"	"FullControl"	"Allow"	"POWERENG\tdillow"	"None"	"None"
"\\?\UNC\CDC-SVMAFS01\Shares$\BAL\Mid-Atlantic_Resources\KCI Technologies Inc\WMATA\Regulations\DC\20700.doc"	"FullControl"	"Allow"	"POWERENG\tdillow"	"None"	"None"
"\\?\UNC\CDC-SVMAFS01\Shares$\BAL\Mid-Atlantic_Resources\KCI Technologies Inc\WMATA\Regulations\DC\20714.doc"	"FullControl"	"Allow"	"POWERENG\tdillow"	"None"	"None"
"\\?\UNC\CDC-SVMAFS01\Shares$\BAL\Mid-Atlantic_Resources\KCI Technologies Inc\WMATA\Regulations\DC\20719.doc"	"FullControl"	"Allow"	"POWERENG\tdillow"	"None"	"None"
"\\?\UNC\CDC-SVMAFS01\Shares$\BAL\Mid-Atlantic_Resources\KCI Technologies Inc\WMATA\Regulations\DC\20720.doc"	"FullControl"	"Allow"	"POWERENG\tdillow"	"None"	"None"
"\\?\UNC\CDC-SVMAFS01\Shares$\BAL\Mid-Atlantic_Resources\KCI Technologies Inc\WMATA\Regulations\DC\20721.doc"	"FullControl"	"Allow"	"POWERENG\tdillow"	"None"	"None"
"\\?\UNC\CDC-SVMAFS01\Shares$\BAL\Mid-Atlantic_Resources\KCI Technologies Inc\WMATA\Regulations\DC\20723.doc"	"FullControl"	"Allow"	"POWERENG\tdillow"	"None"	"None"
"\\?\UNC\CDC-SVMAFS01\Shares$\BAL\Mid-Atlantic_Resources\KCI Technologies Inc\WMATA\Regulations\DC\20724.doc"	"FullControl"	"Allow"	"POWERENG\tdillow"	"None"	"None"
"\\?\UNC\CDC-SVMAFS01\Shares$\BAL\Mid-Atlantic_Resources\KCI Technologies Inc\WMATA\Regulations\DC\20725.doc"	"FullControl"	"Allow"	"POWERENG\tdillow"	"None"	"None"
"\\?\UNC\CDC-SVMAFS01\Shares$\BAL\Mid-Atlantic_Resources\KCI Technologies Inc\WMATA\Regulations\DC\20727.doc"	"FullControl"	"Allow"	"POWERENG\tdillow"	"None"	"None"
"\\?\UNC\CDC-SVMAFS01\Shares$\BAL\Mid-Atlantic_Resources\KCI Technologies Inc\WMATA\Regulations\DC\20729.doc"	"FullControl"	"Allow"	"POWERENG\tdillow"	"None"	"None"
"\\?\UNC\CDC-SVMAFS01\Shares$\BAL\Mid-Atlantic_Resources\KCI Technologies Inc\WMATA\Regulations\DC\20731.doc"	"FullControl"	"Allow"	"POWERENG\tdillow"	"None"	"None"
"\\?\UNC\CDC-SVMAFS01\Shares$\BAL\Mid-Atlantic_Resources\KCI Technologies Inc\WMATA\Regulations\DC\20732.doc"	"FullControl"	"Allow"	"POWERENG\tdillow"	"None"	"None"
"\\?\UNC\CDC-SVMAFS01\Shares$\BAL\Mid-Atlantic_Resources\KCI Technologies Inc\WMATA\Regulations\DC\20733.doc"	"FullControl"	"Allow"	"POWERENG\tdillow"	"None"	"None"
"\\?\UNC\CDC-SVMAFS01\Shares$\BAL\Mid-Atlantic_Resources\KCI Technologies Inc\WMATA\Regulations\DC\20736.doc"	"FullControl"	"Allow"	"POWERENG\tdillow"	"None"	"None"
"\\?\UNC\CDC-SVMAFS01\Shares$\BAL\Mid-Atlantic_Resources\KCI Technologies Inc\WMATA\Regulations\DC\20737.doc"	"FullControl"	"Allow"	"POWERENG\tdillow"	"None"	"None"
"\\?\UNC\CDC-SVMAFS01\Shares$\BAL\Mid-Atlantic_Resources\KCI Technologies Inc\WMATA\Regulations\DC\20743.doc"	"FullControl"	"Allow"	"POWERENG\tdillow"	"None"	"None"
"\\?\UNC\CDC-SVMAFS01\Shares$\BAL\Mid-Atlantic_Resources\KCI Technologies Inc\WMATA\Regulations\DC\20744.doc"	"FullControl"	"Allow"	"POWERENG\tdillow"	"None"	"None"
"\\?\UNC\CDC-SVMAFS01\Shares$\BAL\Mid-Atlantic_Resources\KCI Technologies Inc\WMATA\Regulations\DC\20745.doc"	"FullControl"	"Allow"	"POWERENG\tdillow"	"None"	"None"
"\\?\UNC\CDC-SVMAFS01\Shares$\BAL\Mid-Atlantic_Resources\KCI Technologies Inc\WMATA\Regulations\DC\20746.doc"	"FullControl"	"Allow"	"POWERENG\tdillow"	"None"	"None"
"\\?\UNC\CDC-SVMAFS01\Shares$\BAL\Mid-Atlantic_Resources\KCI Technologies Inc\WMATA\Regulations\DC\20747.doc"	"FullControl"	"Allow"	"POWERENG\tdillow"	"None"	"None"
"\\?\UNC\CDC-SVMAFS01\Shares$\BAL\Mid-Atlantic_Resources\KCI Technologies Inc\WMATA\Regulations\DC\20748.doc"	"FullControl"	"Allow"	"POWERENG\tdillow"	"None"	"None"
"\\?\UNC\CDC-SVMAFS01\Shares$\BAL\Mid-Atlantic_Resources\KCI Technologies Inc\WMATA\Regulations\DC\20749.doc"	"FullControl"	"Allow"	"POWERENG\tdillow"	"None"	"None"
"\\?\UNC\CDC-SVMAFS01\Shares$\BAL\Mid-Atlantic_Resources\KCI Technologies Inc\WMATA\Regulations\DC\20750.doc"	"FullControl"	"Allow"	"POWERENG\tdillow"	"None"	"None"
"\\?\UNC\CDC-SVMAFS01\Shares$\BAL\Mid-Atlantic_Resources\KCI Technologies Inc\WMATA\Regulations\DC\20751.doc"	"FullControl"	"Allow"	"POWERENG\tdillow"	"None"	"None"
"\\?\UNC\CDC-SVMAFS01\Shares$\BAL\Mid-Atlantic_Resources\KCI Technologies Inc\WMATA\Regulations\DC\20752.doc"	"FullControl"	"Allow"	"POWERENG\tdillow"	"None"	"None"
"\\?\UNC\CDC-SVMAFS01\Shares$\BAL\Mid-Atlantic_Resources\KCI Technologies Inc\WMATA\Regulations\DC\20753.doc"	"FullControl"	"Allow"	"POWERENG\tdillow"	"None"	"None"
"\\?\UNC\CDC-SVMAFS01\Shares$\BAL\Mid-Atlantic_Resources\KCI Technologies Inc\WMATA\Regulations\DC\20754.doc"	"FullControl"	"Allow"	"POWERENG\tdillow"	"None"	"None"
"\\?\UNC\CDC-SVMAFS01\Shares$\BAL\Mid-Atlantic_Resources\KCI Technologies Inc\WMATA\Regulations\DC\20755.doc"	"FullControl"	"Allow"	"POWERENG\tdillow"	"None"	"None"
"\\?\UNC\CDC-SVMAFS01\Shares$\BAL\Mid-Atlantic_Resources\KCI Technologies Inc\WMATA\Regulations\DC\20756.doc"	"FullControl"	"Allow"	"POWERENG\tdillow"	"None"	"None"
"\\?\UNC\CDC-SVMAFS01\Shares$\BAL\Mid-Atlantic_Resources\KCI Technologies Inc\WMATA\Regulations\DC\20757.doc"	"FullControl"	"Allow"	"POWERENG\tdillow"	"None"	"None"
"\\?\UNC\CDC-SVMAFS01\Shares$\BAL\Mid-Atlantic_Resources\KCI Technologies Inc\WMATA\Regulations\DC\20758.doc"	"FullControl"	"Allow"	"POWERENG\tdillow"	"None"	"None"
"\\?\UNC\CDC-SVMAFS01\Shares$\BAL\Mid-Atlantic_Resources\KCI Technologies Inc\WMATA\Regulations\DC\20763.doc"	"FullControl"	"Allow"	"POWERENG\tdillow"	"None"	"None"
"\\?\UNC\CDC-SVMAFS01\Shares$\BAL\Mid-Atlantic_Resources\KCI Technologies Inc\WMATA\Regulations\DC\20764.doc"	"FullControl"	"Allow"	"POWERENG\tdillow"	"None"	"None"
"\\?\UNC\CDC-SVMAFS01\Shares$\BAL\Mid-Atlantic_Resources\KCI Technologies Inc\WMATA\Regulations\DC\20765.doc"	"FullControl"	"Allow"	"POWERENG\tdillow"	"None"	"None"
"\\?\UNC\CDC-SVMAFS01\Shares$\BAL\Mid-Atlantic_Resources\KCI Technologies Inc\WMATA\Regulations\DC\20766.doc"	"FullControl"	"Allow"	"POWERENG\tdillow"	"None"	"None"
"\\?\UNC\CDC-SVMAFS01\Shares$\BAL\Mid-Atlantic_Resources\KCI Technologies Inc\WMATA\Regulations\DC\20767.doc"	"FullControl"	"Allow"	"POWERENG\tdillow"	"None"	"None"
"\\?\UNC\CDC-SVMAFS01\Shares$\BAL\Mid-Atlantic_Resources\KCI Technologies Inc\WMATA\Regulations\DC\20768.doc"	"FullControl"	"Allow"	"POWERENG\tdillow"	"None"	"None"
"\\?\UNC\CDC-SVMAFS01\Shares$\BAL\Mid-Atlantic_Resources\KCI Technologies Inc\WMATA\Regulations\DC\20769.doc"	"FullControl"	"Allow"	"POWERENG\tdillow"	"None"	"None"
"\\?\UNC\CDC-SVMAFS01\Shares$\BAL\Mid-Atlantic_Resources\KCI Technologies Inc\WMATA\Regulations\DC\20770.doc"	"FullControl"	"Allow"	"POWERENG\tdillow"	"None"	"None"
"\\?\UNC\CDC-SVMAFS01\Shares$\BAL\Mid-Atlantic_Resources\KCI Technologies Inc\WMATA\Regulations\DC\20771.doc"	"FullControl"	"Allow"	"POWERENG\tdillow"	"None"	"None"
"\\?\UNC\CDC-SVMAFS01\Shares$\BAL\Mid-Atlantic_Resources\KCI Technologies Inc\WMATA\Regulations\DC\20773.doc"	"FullControl"	"Allow"	"POWERENG\tdillow"	"None"	"None"
"\\?\UNC\CDC-SVMAFS01\Shares$\BAL\Mid-Atlantic_Resources\KCI Technologies Inc\WMATA\Regulations\DC\20774.doc"	"FullControl"	"Allow"	"POWERENG\tdillow"	"None"	"None"
"\\?\UNC\CDC-SVMAFS01\Shares$\BAL\Mid-Atlantic_Resources\KCI Technologies Inc\WMATA\Regulations\DC\20775.doc"	"FullControl"	"Allow"	"POWERENG\tdillow"	"None"	"None"
"\\?\UNC\CDC-SVMAFS01\Shares$\BAL\Mid-Atlantic_Resources\KCI Technologies Inc\WMATA\Regulations\DC\20776.doc"	"FullControl"	"Allow"	"POWERENG\tdillow"	"None"	"None"
"\\?\UNC\CDC-SVMAFS01\Shares$\BAL\Mid-Atlantic_Resources\KCI Technologies Inc\WMATA\Regulations\DC\20777.doc"	"FullControl"	"Allow"	"POWERENG\tdillow"	"None"	"None"
"\\?\UNC\CDC-SVMAFS01\Shares$\BAL\Mid-Atlantic_Resources\KCI Technologies Inc\WMATA\Regulations\DC\20778.doc"	"FullControl"	"Allow"	"POWERENG\tdillow"	"None"	"None"
"\\?\UNC\CDC-SVMAFS01\Shares$\BAL\Mid-Atlantic_Resources\KCI Technologies Inc\WMATA\Regulations\DC\20799 Definitions.doc"	"FullControl"	"Allow"	"POWERENG\tdillow"	"None"	"None"
"\\?\UNC\CDC-SVMAFS01\Shares$\BAL\Mid-Atlantic_Resources\KCI Technologies Inc\WMATA\Regulations\DC\20800.doc"	"FullControl"	"Allow"	"POWERENG\tdillow"	"None"	"None"
"\\?\UNC\CDC-SVMAFS01\Shares$\BAL\Mid-Atlantic_Resources\KCI Technologies Inc\WMATA\Regulations\DC\20801.doc"	"FullControl"	"Allow"	"POWERENG\tdillow"	"None"	"None"
"\\?\UNC\CDC-SVMAFS01\Shares$\BAL\Mid-Atlantic_Resources\KCI Technologies Inc\WMATA\Regulations\DC\20804.doc"	"FullControl"	"Allow"	"POWERENG\tdillow"	"None"	"None"
"\\?\UNC\CDC-SVMAFS01\Shares$\BAL\Mid-Atlantic_Resources\KCI Technologies Inc\WMATA\Regulations\DC\20805.doc"	"FullControl"	"Allow"	"POWERENG\tdillow"	"None"	"None"
"\\?\UNC\CDC-SVMAFS01\Shares$\BAL\Mid-Atlantic_Resources\KCI Technologies Inc\WMATA\Regulations\DC\20899.doc"	"FullControl"	"Allow"	"POWERENG\tdillow"	"None"	"None"
"\\?\UNC\CDC-SVMAFS01\Shares$\BAL\Mid-Atlantic_Resources\KCI Technologies Inc\WMATA\Regulations\DC\20900.doc"	"FullControl"	"Allow"	"POWERENG\tdillow"	"None"	"None"
"\\?\UNC\CDC-SVMAFS01\Shares$\BAL\Mid-Atlantic_Resources\KCI Technologies Inc\WMATA\Regulations\DC\20901.doc"	"FullControl"	"Allow"	"POWERENG\tdillow"	"None"	"None"
"\\?\UNC\CDC-SVMAFS01\Shares$\BAL\Mid-Atlantic_Resources\KCI Technologies Inc\WMATA\Regulations\DC\20905.doc"	"FullControl"	"Allow"	"POWERENG\tdillow"	"None"	"None"
"\\?\UNC\CDC-SVMAFS01\Shares$\BAL\Mid-Atlantic_Resources\KCI Technologies Inc\WMATA\Regulations\DC\20908.doc"	"FullControl"	"Allow"	"POWERENG\tdillow"	"None"	"None"
"\\?\UNC\CDC-SVMAFS01\Shares$\BAL\Mid-Atlantic_Resources\KCI Technologies Inc\WMATA\Regulations\DC\65825 Proposed Synthetic Minor Program 2-2017.doc"	"FullControl"	"Allow"	"POWERENG\tdillow"	"None"	"None"
"\\?\UNC\CDC-SVMAFS01\Shares$\BAL\Mid-Atlantic_Resources\KCI Technologies Inc\WMATA\Regulations\DC\65825.doc"	"FullControl"	"Allow"	"POWERENG\tdillow"	"None"	"None"
"\\?\UNC\CDC-SVMAFS01\Shares$\BAL\Mid-Atlantic_Resources\KCI Technologies Inc\WMATA\Regulations\DC\Energy and Environment Department of  20 DCMR  Chs. 55  67 and Ch. 70  Underground Storage Tank.doc"	"FullControl"	"Allow"	"POWERENG\tdillow"	"None"	"None"
"\\?\UNC\CDC-SVMAFS01\Shares$\BAL\Mid-Atlantic_Resources\KCI Technologies Inc\WMATA\Regulations\DC\Energy and Environment Department of  21 DCMR  Ch. 5  Water Quality and Pollution.docx"	"FullControl"	"Allow"	"POWERENG\tdillow"	"None"	"None"
"\\?\UNC\CDC-SVMAFS01\Shares$\BAL\Mid-Atlantic_Resources\KCI Technologies Inc\WMATA\Regulations\DC\Green Initiatives NOFA.doc"	"FullControl"	"Allow"	"POWERENG\tdillow"	"None"	"None"
"\\?\UNC\CDC-SVMAFS01\Shares$\BAL\Mid-Atlantic_Resources\KCI Technologies Inc\WMATA\Regulations\DC\Water and Sewer Authority DC  21 DCMR  Ch.1  Water Supply.docx"	"FullControl"	"Allow"	"POWERENG\tdillow"	"None"	"None"
"\\?\UNC\CDC-SVMAFS01\Shares$\BAL\Mid-Atlantic_Resources\KCI Technologies Inc\WMATA\SDS Reviews\All Facilities\Masterseal SL 2SLV\masterseal-traffic-2530-tds.pdf"	"FullControl"	"Allow"	"POWERENG\tdillow"	"None"	"None"
"\\?\UNC\CDC-SVMAFS01\Shares$\BAL\Mid-Atlantic_Resources\KCI Technologies Inc\WMATA\SDS Reviews\All Facilities\Naked Gun Spray Gun Cleaner Aerosol resources.pdf"	"FullControl"	"Allow"	"POWERENG\tdillow"	"None"	"None"
"\\?\UNC\CDC-SVMAFS01\Shares$\BAL\Mid-Atlantic_Resources\KCI Technologies Inc\WMATA\Site Visits\example_of_stage_II_decal.docx"	"FullControl"	"Allow"	"POWERENG\tdillow"	"None"	"None"
"\\?\UNC\CDC-SVMAFS01\Shares$\BAL\Mid-Atlantic_Resources\MARKETING\Bitumar USA\2019 CAA & EPCRA Reporting Support\BITUMAR USA INC_TRI Facility Profile Rept_2018.csv"	"FullControl"	"Allow"	"POWERENG\tdillow"	"None"	"None"
"\\?\UNC\CDC-SVMAFS01\Shares$\BAL\Mid-Atlantic_Resources\MARKETING\Calpine\2020 GHG and EI\Final Proposals\Please_DocuSign_SOW_POWER_GHG_for_Big_East_a.pdf"	"FullControl"	"Allow"	"POWERENG\jseinfeld"	"None"	"None"
"\\?\UNC\CDC-SVMAFS01\Shares$\BAL\Mid-Atlantic_Resources\MARKETING\Calpine\2020 GHG and EI\Final Proposals\Please_DocuSign_SOW__POWER_EI_for_VA_NJ_MD_2.pdf"	"FullControl"	"Allow"	"POWERENG\jseinfeld"	"None"	"None"
"\\?\UNC\CDC-SVMAFS01\Shares$\BAL\Mid-Atlantic_Resources\MARKETING\Kinder Morgan\GHG, ESG, Natural gas business unit\Reference material\ng_star_reporting_template_transmission.xlsx"	"FullControl"	"Allow"	"POWERENG\jseinfeld"	"None"	"None"
"\\?\UNC\CDC-SVMAFS01\Shares$\BAL\Mid-Atlantic_Resources\MARKETING\MD-DC Utiltiies Association\Transactions_transaction_report_17593062_TDillow Bay Bridge Toll.pdf"	"FullControl"	"Allow"	"POWERENG\tdillow"	"None"	"None"
"\\?\UNC\CDC-SVMAFS01\Shares$\BAL\Mid-Atlantic_Resources\MARKETING\PRTI\2020 Docs\2016 Air Permit.pdf"	"FullControl"	"Allow"	"POWERENG\tdillow"	"None"	"None"
"\\?\UNC\CDC-SVMAFS01\Shares$\BAL\Mid-Atlantic_Resources\MARKETING\PRTI\2020 Docs\2017 Air Permit.pdf"	"FullControl"	"Allow"	"POWERENG\tdillow"	"None"	"None"
"\\?\UNC\CDC-SVMAFS01\Shares$\BAL\Mid-Atlantic_Resources\MARKETING\PRTI\2020 Docs\2017 NOD.pdf"	"FullControl"	"Allow"	"POWERENG\tdillow"	"None"	"None"
"\\?\UNC\CDC-SVMAFS01\Shares$\BAL\Mid-Atlantic_Resources\MARKETING\PRTI\2020 Docs\2018 Air Permit.pdf"	"FullControl"	"Allow"	"POWERENG\tdillow"	"None"	"None"
"\\?\UNC\CDC-SVMAFS01\Shares$\BAL\Mid-Atlantic_Resources\MARKETING\PRTI\2020 Docs\2019 Inspection Report.pdf"	"FullControl"	"Allow"	"POWERENG\tdillow"	"None"	"None"
"\\?\UNC\CDC-SVMAFS01\Shares$\BAL\Mid-Atlantic_Resources\MARKETING\PRTI\2020 Docs\2019 Test Protocol Review Letter.pdf"	"FullControl"	"Allow"	"POWERENG\tdillow"	"None"	"None"
"\\?\UNC\CDC-SVMAFS01\Shares$\BAL\Mid-Atlantic_Resources\MARKETING\PRTI\2020 Docs\2019 Test Protocol Review-email.pdf"	"FullControl"	"Allow"	"POWERENG\tdillow"	"None"	"None"
"\\?\UNC\CDC-SVMAFS01\Shares$\BAL\Mid-Atlantic_Resources\MARKETING\PRTI\2020 Docs\2020 Thermal Reactor Testing.pdf"	"FullControl"	"Allow"	"POWERENG\tdillow"	"None"	"None"
"\\?\UNC\CDC-SVMAFS01\Shares$\BAL\Mid-Atlantic_Resources\MARKETING\PRTI\2020 Docs\December 2019 Test Results-email.pdf"	"FullControl"	"Allow"	"POWERENG\tdillow"	"None"	"None"
"\\?\UNC\CDC-SVMAFS01\Shares$\BAL\Mid-Atlantic_Resources\MARKETING\PRTI\2020 Docs\January 2019 Test Scenarios Letter.pdf"	"FullControl"	"Allow"	"POWERENG\tdillow"	"None"	"None"
"\\?\UNC\CDC-SVMAFS01\Shares$\BAL\Mid-Atlantic_Resources\MARKETING\AEC\AQA\20207.doc"	"FullControl"	"Allow"	"POWERENG\tdillow"	"None"	"None"
"\\?\UNC\CDC-SVMAFS01\Shares$\BAL\Mid-Atlantic_Resources\Masonite\CLOSED 154789, 155318, POWER Engineers Consulting (PEC) - MA & NY Compliance\0 Project Management\Expense Receipts\Binghamton NY Tolls Clinton NJ-Balto MD 11-28-18(1).pdf"	"FullControl"	"Allow"	"POWERENG\tdillow"	"None"	"None"
"\\?\UNC\CDC-SVMAFS01\Shares$\BAL\Mid-Atlantic_Resources\Masonite\CLOSED 154789, 155318, POWER Engineers Consulting (PEC) - MA & NY Compliance\1 Reference Documents\E-Plan-FAQs.pdf"	"FullControl"	"Allow"	"POWERENG\tdillow"	"None"	"None"
"\\?\UNC\CDC-SVMAFS01\Shares$\BAL\Mid-Atlantic_Resources\Masonite\CLOSED 154791, Masonite Project Golf - PA & NJ Compliance\1 Reference Documents\5G2 SW\5g2 permit training video.wmv"	"FullControl"	"Allow"	"POWERENG\tdillow"	"None"	"None"
"\\?\UNC\CDC-SVMAFS01\Shares$\BAL\Mid-Atlantic_Resources\Masonite\CLOSED 154791, Masonite Project Golf - PA & NJ Compliance\1 Reference Documents\5G2 SW\5G2-supplemental.pdf"	"FullControl"	"Allow"	"POWERENG\tdillow"	"None"	"None"
"\\?\UNC\CDC-SVMAFS01\Shares$\BAL\Mid-Atlantic_Resources\Masonite\CLOSED 154791, Masonite Project Golf - PA & NJ Compliance\1 Reference Documents\5G2 SW\5G2_Certification_Form.pdf"	"FullControl"	"Allow"	"POWERENG\tdillow"	"None"	"None"
"\\?\UNC\CDC-SVMAFS01\Shares$\BAL\Mid-Atlantic_Resources\Masonite\CLOSED 154791, Masonite Project Golf - PA & NJ Compliance\1 Reference Documents\5G2 SW\5G2_Fact_Sheet.pdf"	"FullControl"	"Allow"	"POWERENG\tdillow"	"None"	"None"
"\\?\UNC\CDC-SVMAFS01\Shares$\BAL\Mid-Atlantic_Resources\Masonite\CLOSED 154791, Masonite Project Golf - PA & NJ Compliance\1 Reference Documents\5G2 SW\5G2_Final_Permit.pdf"	"FullControl"	"Allow"	"POWERENG\tdillow"	"None"	"None"
"\\?\UNC\CDC-SVMAFS01\Shares$\BAL\Mid-Atlantic_Resources\Masonite\CLOSED 154791, Masonite Project Golf - PA & NJ Compliance\1 Reference Documents\5G2 SW\5G2_guidance_color.pdf"	"FullControl"	"Allow"	"POWERENG\tdillow"	"None"	"None"
"\\?\UNC\CDC-SVMAFS01\Shares$\BAL\Mid-Atlantic_Resources\Masonite\CLOSED 154791, Masonite Project Golf - PA & NJ Compliance\1 Reference Documents\5G2 SW\njac7_8.pdf"	"FullControl"	"Allow"	"POWERENG\tdillow"	"None"	"None"
"\\?\UNC\CDC-SVMAFS01\Shares$\BAL\Mid-Atlantic_Resources\Masonite\CLOSED 154791, Masonite Project Golf - PA & NJ Compliance\1 Reference Documents\5G2 SW\njpdes1f.pdf"	"FullControl"	"Allow"	"POWERENG\tdillow"	"None"	"None"
"\\?\UNC\CDC-SVMAFS01\Shares$\BAL\Mid-Atlantic_Resources\Masonite\CLOSED 154791, Masonite Project Golf - PA & NJ Compliance\1 Reference Documents\5G2 SW\sppp-form.pdf"	"FullControl"	"Allow"	"POWERENG\tdillow"	"None"	"None"
"\\?\UNC\CDC-SVMAFS01\Shares$\BAL\Mid-Atlantic_Resources\Masonite\CLOSED 154791, Masonite Project Golf - PA & NJ Compliance\1 Reference Documents\Air Quality\Air inspection checklist.doc"	"FullControl"	"Allow"	"POWERENG\tdillow"	"None"	"None"
"\\?\UNC\CDC-SVMAFS01\Shares$\BAL\Mid-Atlantic_Resources\Masonite\CLOSED 154791, Masonite Project Golf - PA & NJ Compliance\1 Reference Documents\Air Quality\Nontech2015.doc"	"FullControl"	"Allow"	"POWERENG\tdillow"	"None"	"None"
"\\?\UNC\CDC-SVMAFS01\Shares$\BAL\Mid-Atlantic_Resources\Masonite\CLOSED 154791, Masonite Project Golf - PA & NJ Compliance\1 Reference Documents\Air Quality\Sub1 Gen'l Prov.pdf"	"FullControl"	"Allow"	"POWERENG\tdillow"	"None"	"None"
"\\?\UNC\CDC-SVMAFS01\Shares$\BAL\Mid-Atlantic_Resources\Masonite\CLOSED 154791, Masonite Project Golf - PA & NJ Compliance\1 Reference Documents\Air Quality\Sub10 Sulfur in Solid Fuels.pdf"	"FullControl"	"Allow"	"POWERENG\tdillow"	"None"	"None"
"\\?\UNC\CDC-SVMAFS01\Shares$\BAL\Mid-Atlantic_Resources\Masonite\CLOSED 154791, Masonite Project Golf - PA & NJ Compliance\1 Reference Documents\Air Quality\Sub14 Diesel-Powered Motor Vehicles incl Idling.pdf"	"FullControl"	"Allow"	"POWERENG\tdillow"	"None"	"None"
"\\?\UNC\CDC-SVMAFS01\Shares$\BAL\Mid-Atlantic_Resources\Masonite\CLOSED 154791, Masonite Project Golf - PA & NJ Compliance\1 Reference Documents\Air Quality\Sub15 Gas-Powered Motor Vehicles incl Idling.pdf"	"FullControl"	"Allow"	"POWERENG\tdillow"	"None"	"None"
"\\?\UNC\CDC-SVMAFS01\Shares$\BAL\Mid-Atlantic_Resources\Masonite\CLOSED 154791, Masonite Project Golf - PA & NJ Compliance\1 Reference Documents\Air Quality\Sub16 VOC Stds.pdf"	"FullControl"	"Allow"	"POWERENG\tdillow"	"None"	"None"
"\\?\UNC\CDC-SVMAFS01\Shares$\BAL\Mid-Atlantic_Resources\Masonite\CLOSED 154791, Masonite Project Golf - PA & NJ Compliance\1 Reference Documents\Air Quality\Sub17 Toxic Substances & HAPs.pdf"	"FullControl"	"Allow"	"POWERENG\tdillow"	"None"	"None"
"\\?\UNC\CDC-SVMAFS01\Shares$\BAL\Mid-Atlantic_Resources\Masonite\CLOSED 154791, Masonite Project Golf - PA & NJ Compliance\1 Reference Documents\Air Quality\Sub19 Control of NOx.pdf"	"FullControl"	"Allow"	"POWERENG\tdillow"	"None"	"None"
"\\?\UNC\CDC-SVMAFS01\Shares$\BAL\Mid-Atlantic_Resources\Masonite\CLOSED 154791, Masonite Project Golf - PA & NJ Compliance\1 Reference Documents\Air Quality\Sub2 Open Burning.pdf"	"FullControl"	"Allow"	"POWERENG\tdillow"	"None"	"None"
"\\?\UNC\CDC-SVMAFS01\Shares$\BAL\Mid-Atlantic_Resources\Masonite\CLOSED 154791, Masonite Project Golf - PA & NJ Compliance\1 Reference Documents\Air Quality\Sub20 Used Oil Combustion.pdf"	"FullControl"	"Allow"	"POWERENG\tdillow"	"None"	"None"
"\\?\UNC\CDC-SVMAFS01\Shares$\BAL\Mid-Atlantic_Resources\Masonite\CLOSED 154791, Masonite Project Golf - PA & NJ Compliance\1 Reference Documents\Air Quality\Sub21 Emission Statements.pdf"	"FullControl"	"Allow"	"POWERENG\tdillow"	"None"	"None"
"\\?\UNC\CDC-SVMAFS01\Shares$\BAL\Mid-Atlantic_Resources\Masonite\CLOSED 154791, Masonite Project Golf - PA & NJ Compliance\1 Reference Documents\Air Quality\Sub23 Architectural Coatings.pdf"	"FullControl"	"Allow"	"POWERENG\tdillow"	"None"	"None"
"\\?\UNC\CDC-SVMAFS01\Shares$\BAL\Mid-Atlantic_Resources\Masonite\CLOSED 154791, Masonite Project Golf - PA & NJ Compliance\1 Reference Documents\Air Quality\Sub24 Consumer Products.pdf"	"FullControl"	"Allow"	"POWERENG\tdillow"	"None"	"None"
"\\?\UNC\CDC-SVMAFS01\Shares$\BAL\Mid-Atlantic_Resources\Masonite\CLOSED 154791, Masonite Project Golf - PA & NJ Compliance\1 Reference Documents\Air Quality\Sub26 Adhesives, Sealants, & Primers.pdf"	"FullControl"	"Allow"	"POWERENG\tdillow"	"None"	"None"
"\\?\UNC\CDC-SVMAFS01\Shares$\BAL\Mid-Atlantic_Resources\Masonite\CLOSED 154791, Masonite Project Golf - PA & NJ Compliance\1 Reference Documents\Air Quality\Sub27 Control of Mercury Emissions.pdf"	"FullControl"	"Allow"	"POWERENG\tdillow"	"None"	"None"
"\\?\UNC\CDC-SVMAFS01\Shares$\BAL\Mid-Atlantic_Resources\Masonite\CLOSED 154791, Masonite Project Golf - PA & NJ Compliance\1 Reference Documents\Air Quality\Sub3 Smoke from Fuel Comb.pdf"	"FullControl"	"Allow"	"POWERENG\tdillow"	"None"	"None"
"\\?\UNC\CDC-SVMAFS01\Shares$\BAL\Mid-Atlantic_Resources\Masonite\CLOSED 154791, Masonite Project Golf - PA & NJ Compliance\1 Reference Documents\Air Quality\Sub4 Particles from Fuel Comb.pdf"	"FullControl"	"Allow"	"POWERENG\tdillow"	"None"	"None"
"\\?\UNC\CDC-SVMAFS01\Shares$\BAL\Mid-Atlantic_Resources\Masonite\CLOSED 154791, Masonite Project Golf - PA & NJ Compliance\1 Reference Documents\Air Quality\Sub5 Prohibitions incl Odor.pdf"	"FullControl"	"Allow"	"POWERENG\tdillow"	"None"	"None"
"\\?\UNC\CDC-SVMAFS01\Shares$\BAL\Mid-Atlantic_Resources\Masonite\CLOSED 154791, Masonite Project Golf - PA & NJ Compliance\1 Reference Documents\Air Quality\Sub6 Particles from Manufacturing.pdf"	"FullControl"	"Allow"	"POWERENG\tdillow"	"None"	"None"
"\\?\UNC\CDC-SVMAFS01\Shares$\BAL\Mid-Atlantic_Resources\Masonite\CLOSED 154791, Masonite Project Golf - PA & NJ Compliance\1 Reference Documents\Air Quality\Sub7 Sulfur.pdf"	"FullControl"	"Allow"	"POWERENG\tdillow"	"None"	"None"
"\\?\UNC\CDC-SVMAFS01\Shares$\BAL\Mid-Atlantic_Resources\Masonite\CLOSED 154791, Masonite Project Golf - PA & NJ Compliance\1 Reference Documents\Air Quality\Sub8 Permits for Minor Facilities.pdf"	"FullControl"	"Allow"	"POWERENG\tdillow"	"None"	"None"
"\\?\UNC\CDC-SVMAFS01\Shares$\BAL\Mid-Atlantic_Resources\Masonite\CLOSED 154791, Masonite Project Golf - PA & NJ Compliance\1 Reference Documents\Air Quality\Sub9 Sulfur in Fuel.pdf"	"FullControl"	"Allow"	"POWERENG\tdillow"	"None"	"None"
"\\?\UNC\CDC-SVMAFS01\Shares$\BAL\Mid-Atlantic_Resources\Masonite\CLOSED 154791, Masonite Project Golf - PA & NJ Compliance\1 Reference Documents\EPCRA\CRTK Workshop Slides 2015 Final 1_26_16.pptx"	"FullControl"	"Allow"	"POWERENG\tdillow"	"None"	"None"
"\\?\UNC\CDC-SVMAFS01\Shares$\BAL\Mid-Atlantic_Resources\Masonite\CLOSED 154791, Masonite Project Golf - PA & NJ Compliance\1 Reference Documents\EPCRA\leadacidbatteries.pdf"	"FullControl"	"Allow"	"POWERENG\tdillow"	"None"	"None"
"\\?\UNC\CDC-SVMAFS01\Shares$\BAL\Mid-Atlantic_Resources\Masonite\CLOSED 154791, Masonite Project Golf - PA & NJ Compliance\1 Reference Documents\EPCRA\njac7_1g.pdf"	"FullControl"	"Allow"	"POWERENG\tdillow"	"None"	"None"
"\\?\UNC\CDC-SVMAFS01\Shares$\BAL\Mid-Atlantic_Resources\Masonite\CLOSED 154791, Masonite Project Golf - PA & NJ Compliance\1 Reference Documents\Waste\26 CHAPTER 1_SW General.pdf"	"FullControl"	"Allow"	"POWERENG\tdillow"	"None"	"None"
"\\?\UNC\CDC-SVMAFS01\Shares$\BAL\Mid-Atlantic_Resources\Masonite\CLOSED 154791, Masonite Project Golf - PA & NJ Compliance\1 Reference Documents\Waste\26 CHAPTER 2_SW Disposal.pdf"	"FullControl"	"Allow"	"POWERENG\tdillow"	"None"	"None"
"\\?\UNC\CDC-SVMAFS01\Shares$\BAL\Mid-Atlantic_Resources\Masonite\CLOSED 154791, Masonite Project Golf - PA & NJ Compliance\1 Reference Documents\Waste\26 CHAPTER 3_SW Transport.pdf"	"FullControl"	"Allow"	"POWERENG\tdillow"	"None"	"None"
"\\?\UNC\CDC-SVMAFS01\Shares$\BAL\Mid-Atlantic_Resources\Masonite\CLOSED 154791, Masonite Project Golf - PA & NJ Compliance\1 Reference Documents\Waste\26 CHAPTER 4_Fees for SW.pdf"	"FullControl"	"Allow"	"POWERENG\tdillow"	"None"	"None"
"\\?\UNC\CDC-SVMAFS01\Shares$\BAL\Mid-Atlantic_Resources\Masonite\CLOSED 154791, Masonite Project Golf - PA & NJ Compliance\1 Reference Documents\Waste\26A_Solid Waste Recycling Regulations.pdf"	"FullControl"	"Allow"	"POWERENG\tdillow"	"None"	"None"
"\\?\UNC\CDC-SVMAFS01\Shares$\BAL\Mid-Atlantic_Resources\Masonite\CLOSED 154791, Masonite Project Golf - PA & NJ Compliance\1 Reference Documents\Waste\26g_hazwaste.pdf"	"FullControl"	"Allow"	"POWERENG\tdillow"	"None"	"None"
"\\?\UNC\CDC-SVMAFS01\Shares$\BAL\Mid-Atlantic_Resources\Masonite\CLOSED 154791, Masonite Project Golf - PA & NJ Compliance\1 Reference Documents\Air_Permit_SI_Inventory.pdf"	"FullControl"	"Allow"	"POWERENG\tdillow"	"None"	"None"
"\\?\UNC\CDC-SVMAFS01\Shares$\BAL\Mid-Atlantic_Resources\Masonite\CLOSED 154791, Masonite Project Golf - PA & NJ Compliance\1 Reference Documents\Air_Permit_SI_Inventory.xls"	"FullControl"	"Allow"	"POWERENG\tdillow"	"None"	"None"
"\\?\UNC\CDC-SVMAFS01\Shares$\BAL\Mid-Atlantic_Resources\Masonite\CLOSED 154791, Masonite Project Golf - PA & NJ Compliance\1 Reference Documents\njac7_29.pdf"	"FullControl"	"Allow"	"POWERENG\tdillow"	"None"	"None"
"\\?\UNC\CDC-SVMAFS01\Shares$\BAL\Mid-Atlantic_Resources\Masonite\CLOSED 154791, Masonite Project Golf - PA & NJ Compliance\1 Reference Documents\Permit_Actions_by_Site_ID.pdf"	"FullControl"	"Allow"	"POWERENG\tdillow"	"None"	"None"
"\\?\UNC\CDC-SVMAFS01\Shares$\BAL\Mid-Atlantic_Resources\Masonite\CLOSED 154791, Masonite Project Golf - PA & NJ Compliance\1 Reference Documents\Permit_Actions_by_Site_ID.xls"	"FullControl"	"Allow"	"POWERENG\tdillow"	"None"	"None"
"\\?\UNC\CDC-SVMAFS01\Shares$\BAL\Mid-Atlantic_Resources\Masonite\CLOSED 154791, Masonite Project Golf - PA & NJ Compliance\4 Draft Work Product\Mechanicsburg PA\PAG-03\03_NOTICE_OF_INTENT_-NOI-_CHECKLIST.doc"	"FullControl"	"Allow"	"POWERENG\jschmelzle"	"None"	"None"
"\\?\UNC\CDC-SVMAFS01\Shares$\BAL\Mid-Atlantic_Resources\Masonite\CLOSED Masonite Project Golf, 152622\1 Reference Documents\NJPDES_Active_Permit_List.xls"	"FullControl"	"Allow"	"POWERENG\tdillow"	"None"	"None"
"\\?\UNC\CDC-SVMAFS01\Shares$\BAL\Mid-Atlantic_Resources\Perdue\157416, Perdue Chesapeake Title V\1 Ref Matl\2019_Application_Fee_Form.docx"	"FullControl"	"Allow"	"POWERENG\jwalker"	"None"	"None"
"\\?\UNC\CDC-SVMAFS01\Shares$\BAL\Mid-Atlantic_Resources\Perdue\157416, Perdue Chesapeake Title V\1 Ref Matl\2019_Form_7_Application.docx"	"FullControl"	"Allow"	"POWERENG\jwalker"	"None"	"None"
"\\?\UNC\CDC-SVMAFS01\Shares$\BAL\Mid-Atlantic_Resources\Perdue\157416, Perdue Chesapeake Title V\1 Ref Matl\Form_7A_Instructions.docx"	"FullControl"	"Allow"	"POWERENG\jwalker"	"None"	"None"
"\\?\UNC\CDC-SVMAFS01\Shares$\BAL\Mid-Atlantic_Resources\Perdue\170868, 2021, ZCR\Data provided prior to April site visit\OneDrive_1_4-23-2021.zip"	"FullControl"	"Allow"	"POWERENG\jseinfeld"	"None"	"None"
"\\?\UNC\CDC-SVMAFS01\Shares$\BAL\Mid-Atlantic_Resources\Perennial Environmental\153249, Sabine Pass LNG\739864e7-777c-4126-96fc-af81812fad95.zip"	"FullControl"	"Allow"	"POWERENG\lcorio"	"None"	"None"
"\\?\UNC\CDC-SVMAFS01\Shares$\BAL\Mid-Atlantic_Resources\Republic Plastics\2018\Corporate\Cup Mfr\Stone Mountain GA (cups)\Air permits\Title V app 2018\CAMPlan 02082018.doc"	"FullControl"	"Allow"	"POWERENG\soney"	"None"	"None"
"\\?\UNC\CDC-SVMAFS01\Shares$\BAL\Mid-Atlantic_Resources\Republic Plastics\2018\Corporate\Cup Mfr\Stone Mountain GA (cups)\Air permits\Title V App Pkg - 21013.zip"	"FullControl"	"Allow"	"POWERENG\soney"	"None"	"None"
"\\?\UNC\CDC-SVMAFS01\Shares$\BAL\Mid-Atlantic_Resources\Republic Plastics\2021\Texas\Title V Permit Renewal\TCEQ guidance, forms\OP-REQ2 TCEQ Form 10017.docx"	"FullControl"	"Allow"	"POWERENG\hthoreson"	"None"	"None"
"\\?\UNC\CDC-SVMAFS01\Shares$\BAL\Mid-Atlantic_Resources\Tradepoint Atlantic\Stormwater\Stormwater Facility Report (MCM)\Facility Summary for_12SR3070.pdf"	"FullControl"	"Allow"	"POWERENG\tdillow"	"None"	"None"
"\\?\UNC\CDC-SVMAFS01\Shares$\BAL\Mid-Atlantic_Resources\Tradepoint Atlantic\Stormwater\Facility Summary for_12SR3099.pdf"	"FullControl"	"Allow"	"POWERENG\tdillow"	"None"	"None"
"\\?\UNC\CDC-SVMAFS01\Shares$\BAL\Mid-Atlantic_Resources\Tradepoint Atlantic\Stormwater\Final Fact Sheet for 11DP0398.pdf"	"FullControl"	"Allow"	"POWERENG\tdillow"	"None"	"None"
"\\?\UNC\CDC-SVMAFS01\Shares$\BAL\Mid-Atlantic_Resources\Tradepoint Atlantic\Stormwater\Final Permit for 11DP0398.pdf"	"FullControl"	"Allow"	"POWERENG\tdillow"	"None"	"None"
"\\?\UNC\CDC-SVMAFS01\Shares$\BAL\Mid-Atlantic_Resources\Tradepoint Atlantic\Stormwater\Permit Application for 20DP0398 (_2).pdf"	"FullControl"	"Allow"	"POWERENG\tdillow"	"None"	"None"
"\\?\UNC\CDC-SVMAFS01\Shares$\BAL\Mid-Atlantic_Resources\Tradepoint Atlantic\Stormwater\Permit Application for 20DP0398.pdf"	"FullControl"	"Allow"	"POWERENG\tdillow"	"None"	"None"
"\\?\UNC\CDC-SVMAFS01\Shares$\BAL\Mid-Atlantic_Resources\Tradepoint Atlantic\Stormwater\Permit Registration Letter for 12SR3099.pdf"	"FullControl"	"Allow"	"POWERENG\tdillow"	"None"	"None"
"\\?\UNC\CDC-SVMAFS01\Shares$\BAL\Mid-Atlantic_Resources\York\marketing\Diversified Energy Company PLC\West Virginia - Project 3 - Tier II\WV_TIERIIMANAGER_Training.mp4"	"FullControl"	"Allow"	"POWERENG\bblam"	"None"	"None"
"\\?\UNC\CDC-SVMAFS01\Shares$\BAL\Mid-Atlantic_Resources\York\marketing\Hilcorp Energy Company\Hilcorp - NB Kephart & ER Scheel Air Permitting\Info from Client\1678715.docx"	"FullControl"	"Allow"	"POWERENG\jschmelzle"	"None"	"None"
"\\?\UNC\CDC-SVMAFS01\Shares$\BAL\Mid-Atlantic_Resources\York\projects\Bimbo Bakeries\161745 Bimbo 2020 Title V Compliance - CLOSED\1 Ref Docs\a-comp_5900-04.doc"	"FullControl"	"Allow"	"POWERENG\jschmelzle"	"None"	"None"
"\\?\UNC\CDC-SVMAFS01\Shares$\BAL\Mid-Atlantic_Resources\York\projects\Bimbo Bakeries\161745 Bimbo 2020 Title V Compliance - CLOSED\1 Ref Docs\ctac_5900-02_0.doc"	"FullControl"	"Allow"	"POWERENG\jschmelzle"	"None"	"None"
"\\?\UNC\CDC-SVMAFS01\Shares$\BAL\Mid-Atlantic_Resources\York\projects\Birchcraft Kitchens\CLOSED 153232, Birchcraft Air Permit Renewal\1 Reference Documents\3M Heavy Duty 20 Spray Adhesive\3M Heavy Duty 20 Spray Adhesive.pdf"	"FullControl"	"Allow"	"POWERENG\jschmelzle"	"None"	"None"
"\\?\UNC\CDC-SVMAFS01\Shares$\BAL\Mid-Atlantic_Resources\York\projects\Compass NGP\158075, Compass NGP-Air Permit Consult CLOSED\4 Draft Work Product\Compass NGP-State Only Permit Application-Compliance Review Form.doc"	"FullControl"	"Allow"	"POWERENG\jschmelzle"	"None"	"None"
"\\?\UNC\CDC-SVMAFS01\Shares$\BAL\Mid-Atlantic_Resources\York\projects\Compass NGP\158075, Compass NGP-Air Permit Consult CLOSED\4 Draft Work Product\Compass NGP-State Only Permit Application-Form.doc"	"FullControl"	"Allow"	"POWERENG\jschmelzle"	"None"	"None"
"\\?\UNC\CDC-SVMAFS01\Shares$\BAL\Mid-Atlantic_Resources\York\projects\Diversified Energy Company PLC\158868, DGO Claridon & Newbury OH Air, CLOSED\3 Client Information\Claridon\Claridon Permit.docx"	"FullControl"	"Allow"	"POWERENG\jschmelzle"	"None"	"None"
"\\?\UNC\CDC-SVMAFS01\Shares$\BAL\Mid-Atlantic_Resources\York\projects\Diversified Energy Company PLC\158868, DGO Claridon & Newbury OH Air, CLOSED\3 Client Information\Newbury\Newbury Permit.docx"	"FullControl"	"Allow"	"POWERENG\jschmelzle"	"None"	"None"
"\\?\UNC\CDC-SVMAFS01\Shares$\BAL\Mid-Atlantic_Resources\York\projects\Diversified Energy Company PLC\158868, DGO Claridon & Newbury OH Air, CLOSED\8 Final Issued Permit\1908501.docx"	"FullControl"	"Allow"	"POWERENG\jschmelzle"	"None"	"None"
"\\?\UNC\CDC-SVMAFS01\Shares$\BAL\Mid-Atlantic_Resources\York\projects\Diversified Energy Company PLC\162333, DGO Tate Hepburnia Extension GP-5 Air Permitting CLOSED\4 Draft Work Product (include QAQC)\02_GENERAL_INFORMATION_FORM.doc"	"FullControl"	"Allow"	"POWERENG\jschmelzle"	"None"	"None"
"\\?\UNC\CDC-SVMAFS01\Shares$\BAL\Mid-Atlantic_Resources\York\projects\Diversified Energy Company PLC\162333, DGO Tate Hepburnia Extension GP-5 Air Permitting CLOSED\4 Draft Work Product (include QAQC)\02_GP-5_NATURAL_GAS_COMPRESSION_STATIONS__PROCESSING_PLANTS_AND_TRANSMISSION_STATIONS_APPLICATION.docx"	"FullControl"	"Allow"	"POWERENG\jschmelzle"	"None"	"None"
"\\?\UNC\CDC-SVMAFS01\Shares$\BAL\Mid-Atlantic_Resources\York\projects\Diversified Energy Company PLC\162333, DGO Tate Hepburnia Extension GP-5 Air Permitting CLOSED\4 Draft Work Product (include QAQC)\AIR_POLLUTION_CONTROL_ACT_COMPLIANCE_REVIEW_FORM.doc"	"FullControl"	"Allow"	"POWERENG\jschmelzle"	"None"	"None"
"\\?\UNC\CDC-SVMAFS01\Shares$\BAL\Mid-Atlantic_Resources\York\projects\Diversified Energy Company PLC\162745, DGO Unit #309 Avondale PTIO Air Permitting CLOSED\8 Final Issued Permit\1991759.docx"	"FullControl"	"Allow"	"POWERENG\jschmelzle"	"None"	"None"
"\\?\UNC\CDC-SVMAFS01\Shares$\BAL\Mid-Atlantic_Resources\York\projects\Fabral\CLOSED 156163, Fabral - 2019 SW Management\2H2019-20190718T150008Z-001.zip"	"FullControl"	"Allow"	"POWERENG\nbachik"	"None"	"None"
"\\?\UNC\CDC-SVMAFS01\Shares$\BAL\Mid-Atlantic_Resources\York\projects\Hilcorp Energy Company\CLOSED 156027, Hilcorp - PA & OH 2018 EI Reporting\4 Draft Work Product\PA\Jefferson-Montgomery\Hilcorp-JM-PF781418-2018 Midstream Air Emissions Worksheet.xlsx"	"FullControl"	"Allow"	"POWERENG\jschmelzle"	"None"	"None"
"\\?\UNC\CDC-SVMAFS01\Shares$\BAL\Mid-Atlantic_Resources\York\projects\Hilcorp Energy Company\CLOSED 156027, Hilcorp - PA & OH 2018 EI Reporting\4 Draft Work Product\PA\Lackawannock-Larmon\Hilcorp-LL-PF784210-2018 Midstream Air Emissions Worksheet.xlsx"	"FullControl"	"Allow"	"POWERENG\jschmelzle"	"None"	"None"
"\\?\UNC\CDC-SVMAFS01\Shares$\BAL\Mid-Atlantic_Resources\York\projects\Hilcorp Energy Company\CLOSED 156027, Hilcorp - PA & OH 2018 EI Reporting\4 Draft Work Product\PA\Mahoning-Siegel\Hilcorp-MS-PF783898-2018 Midstream Air Emissions Worksheet.xlsx"	"FullControl"	"Allow"	"POWERENG\jschmelzle"	"None"	"None"
"\\?\UNC\CDC-SVMAFS01\Shares$\BAL\Mid-Atlantic_Resources\York\projects\Hilcorp Energy Company\CLOSED 156027, Hilcorp - PA & OH 2018 EI Reporting\4 Draft Work Product\PA\North Beaver-NCD\Hilcorp-NB-PF808192-2018 Midstream Air Emissions Worksheet.xlsx"	"FullControl"	"Allow"	"POWERENG\jschmelzle"	"None"	"None"
"\\?\UNC\CDC-SVMAFS01\Shares$\BAL\Mid-Atlantic_Resources\York\projects\Hilcorp Energy Company\CLOSED 156027, Hilcorp - PA & OH 2018 EI Reporting\4 Draft Work Product\PA\Pulaski-Carlisle\Hilcorp-PC-PF782328-2018 Midstream Air Emissions Worksheet.xlsx"	"FullControl"	"Allow"	"POWERENG\jschmelzle"	"None"	"None"
"\\?\UNC\CDC-SVMAFS01\Shares$\BAL\Mid-Atlantic_Resources\York\projects\Hilcorp Energy Company\CLOSED 156027, Hilcorp - PA & OH 2018 EI Reporting\4 Draft Work Product\PA\Pulaski-Whiting\Hilcorp-PW-PF754489-2018 Midstream Air Emissions Worksheet.xlsx"	"FullControl"	"Allow"	"POWERENG\jschmelzle"	"None"	"None"
"\\?\UNC\CDC-SVMAFS01\Shares$\BAL\Mid-Atlantic_Resources\York\projects\Hilcorp Energy Company\CLOSED 156027, Hilcorp - PA & OH 2018 EI Reporting\4 Draft Work Product\PA\Shenango-Radkowski\Hilcorp-SR-PF781405-2018 Midstream Air Emissions Worksheet.xlsx"	"FullControl"	"Allow"	"POWERENG\jschmelzle"	"None"	"None"
"\\?\UNC\CDC-SVMAFS01\Shares$\BAL\Mid-Atlantic_Resources\York\projects\Hilcorp Energy Company\CLOSED 156027, Hilcorp - PA & OH 2018 EI Reporting\4 Draft Work Product\PA\Well Site Facilities\Hilcorp-2018 Off-Site Pigging Spreadsheet.xlsx"	"FullControl"	"Allow"	"POWERENG\jschmelzle"	"None"	"None"
"\\?\UNC\CDC-SVMAFS01\Shares$\BAL\Mid-Atlantic_Resources\York\projects\Hilcorp Energy Company\CLOSED 162000, Hilcorp - NB-Kephart, Poland-CLL, ER-Scheel Air Permitting\3 Info from Client\3862_I_C_Engine_eac.doc"	"FullControl"	"Allow"	"POWERENG\jschmelzle"	"None"	"None"
"\\?\UNC\CDC-SVMAFS01\Shares$\BAL\Mid-Atlantic_Resources\York\projects\Hilcorp Energy Company\CLOSED 162000, Hilcorp - NB-Kephart, Poland-CLL, ER-Scheel Air Permitting\4 Draft Work Product (include QAQC)\Poland-CLL\GP12.1.QC.docx"	"FullControl"	"Allow"	"POWERENG\jschmelzle"	"None"	"None"
"\\?\UNC\CDC-SVMAFS01\Shares$\BAL\Mid-Atlantic_Resources\York\projects\Hilcorp Energy Company\CLOSED 162000, Hilcorp - NB-Kephart, Poland-CLL, ER-Scheel Air Permitting\8 Final Issued Permit\1964070.docx"	"FullControl"	"Allow"	"POWERENG\jschmelzle"	"None"	"None"
"\\?\UNC\CDC-SVMAFS01\Shares$\BAL\Mid-Atlantic_Resources\York\projects\Hilcorp Energy Company\CLOSED 162001, Hilcorp - PA & OH 2019 EI Reporting\4 Draft Work Product (include QAQC)\PA\Jefferson-Montgomery\Midstream Worksheet\Hilcorp-JM-PF781418-2019 Midstream Air Emissions Worksheet.xlsx"	"FullControl"	"Allow"	"POWERENG\jschmelzle"	"None"	"None"
"\\?\UNC\CDC-SVMAFS01\Shares$\BAL\Mid-Atlantic_Resources\York\projects\Hilcorp Energy Company\CLOSED 162001, Hilcorp - PA & OH 2019 EI Reporting\4 Draft Work Product (include QAQC)\PA\Lackawannock-Larmon\Midstream Worksheet\Hilcorp-LL-PF784210-2019 Midstream Air Emissions Worksheet.xlsx"	"FullControl"	"Allow"	"POWERENG\jschmelzle"	"None"	"None"
"\\?\UNC\CDC-SVMAFS01\Shares$\BAL\Mid-Atlantic_Resources\York\projects\Hilcorp Energy Company\CLOSED 162001, Hilcorp - PA & OH 2019 EI Reporting\4 Draft Work Product (include QAQC)\PA\Mahoning-Siegel\Midstream Worksheet\Hilcorp-MS-PF783898-2019 Midstream Air Emissions Worksheet.xlsx"	"FullControl"	"Allow"	"POWERENG\jschmelzle"	"None"	"None"
"\\?\UNC\CDC-SVMAFS01\Shares$\BAL\Mid-Atlantic_Resources\York\projects\Hilcorp Energy Company\CLOSED 162001, Hilcorp - PA & OH 2019 EI Reporting\4 Draft Work Product (include QAQC)\PA\North Beaver-NCD\Midstream Worksheet\Hilcorp-NB-PF808192-2019 Midstream Air Emissions Worksheet.xlsx"	"FullControl"	"Allow"	"POWERENG\jschmelzle"	"None"	"None"
"\\?\UNC\CDC-SVMAFS01\Shares$\BAL\Mid-Atlantic_Resources\York\projects\Hilcorp Energy Company\CLOSED 162001, Hilcorp - PA & OH 2019 EI Reporting\4 Draft Work Product (include QAQC)\PA\Pulaski-Carlisle\Midstream Worksheet\Hilcorp-PC-PF782328-2019 Midstream Air Emissions Worksheet.xlsx"	"FullControl"	"Allow"	"POWERENG\jschmelzle"	"None"	"None"
"\\?\UNC\CDC-SVMAFS01\Shares$\BAL\Mid-Atlantic_Resources\York\projects\Hilcorp Energy Company\CLOSED 162001, Hilcorp - PA & OH 2019 EI Reporting\4 Draft Work Product (include QAQC)\PA\Pulaski-Whiting\Midstream Worksheet\Hilcorp-PW-PF754489-2019 Midstream Air Emissions Worksheet.xlsx"	"FullControl"	"Allow"	"POWERENG\jschmelzle"	"None"	"None"
"\\?\UNC\CDC-SVMAFS01\Shares$\BAL\Mid-Atlantic_Resources\York\projects\Hilcorp Energy Company\CLOSED 162001, Hilcorp - PA & OH 2019 EI Reporting\4 Draft Work Product (include QAQC)\PA\Shenango-Radkowski\Midstream Worksheet\Hilcorp-SR-PF781405-2019 Midstream Air Emissions Worksheet.xlsx"	"FullControl"	"Allow"	"POWERENG\jschmelzle"	"None"	"None"
"\\?\UNC\CDC-SVMAFS01\Shares$\BAL\Mid-Atlantic_Resources\York\projects\Monarch Products\CLOSED 155950, Monarch 2019 SW Mgmt & Tier II\Tier II\Newberrytown 2017 & 2018\Newberrytown Certification Letter 2017-REVISED.pdf"	"FullControl"	"Allow"	"POWERENG\nbachik"	"None"	"None"
"\\?\UNC\CDC-SVMAFS01\Shares$\BAL\Mid-Atlantic_Resources\York\projects\Monarch Products\CLOSED 155950, Monarch 2019 SW Mgmt & Tier II\Tier II\Newberrytown 2017 & 2018\Newberrytown Certification Letter 2017.pdf"	"FullControl"	"Allow"	"POWERENG\nbachik"	"None"	"None"
"\\?\UNC\CDC-SVMAFS01\Shares$\BAL\Mid-Atlantic_Resources\York\projects\Monarch Products\CLOSED 155950, Monarch 2019 SW Mgmt & Tier II\Tier II\Newberrytown 2017 & 2018\Newberrytown Certification Letter 2018-REVISED.pdf"	"FullControl"	"Allow"	"POWERENG\nbachik"	"None"	"None"
"\\?\UNC\CDC-SVMAFS01\Shares$\BAL\Mid-Atlantic_Resources\York\projects\Monarch Products\CLOSED 155950, Monarch 2019 SW Mgmt & Tier II\Tier II\Newberrytown 2017 & 2018\Newberrytown Certification Letter 2018.pdf"	"FullControl"	"Allow"	"POWERENG\nbachik"	"None"	"None"
"\\?\UNC\CDC-SVMAFS01\Shares$\BAL\Mid-Atlantic_Resources\York\projects\Monarch Products\CLOSED 155950, Monarch 2019 SW Mgmt & Tier II\Tier II\Strinestown 2017 & 2018\Strinestown Certification Letter 2017-REVISED.pdf"	"FullControl"	"Allow"	"POWERENG\nbachik"	"None"	"None"
"\\?\UNC\CDC-SVMAFS01\Shares$\BAL\Mid-Atlantic_Resources\York\projects\Monarch Products\CLOSED 155950, Monarch 2019 SW Mgmt & Tier II\Tier II\Strinestown 2017 & 2018\Strinestown Certification Letter 2017.pdf"	"FullControl"	"Allow"	"POWERENG\nbachik"	"None"	"None"
"\\?\UNC\CDC-SVMAFS01\Shares$\BAL\Mid-Atlantic_Resources\York\projects\Monarch Products\CLOSED 155950, Monarch 2019 SW Mgmt & Tier II\Tier II\Strinestown 2017 & 2018\Strinestown Certification Letter 2018-REVISED.pdf"	"FullControl"	"Allow"	"POWERENG\nbachik"	"None"	"None"
"\\?\UNC\CDC-SVMAFS01\Shares$\BAL\Mid-Atlantic_Resources\York\projects\Monarch Products\CLOSED 155950, Monarch 2019 SW Mgmt & Tier II\Tier II\Strinestown 2017 & 2018\Strinestown Certification Letter 2018.pdf"	"FullControl"	"Allow"	"POWERENG\nbachik"	"None"	"None"
"\\?\UNC\CDC-SVMAFS01\Shares$\BAL\Mid-Atlantic_Resources\York\projects\OmniMax International\CLOSED 150304, 017824, OmniMax 2018 Env Consult\4 Draft Work Product (include QAQC)\TRI\Draft Forms\FacilityErrorReport.pdf"	"FullControl"	"Allow"	"POWERENG\jschmelzle"	"None"	"None"
"\\?\UNC\CDC-SVMAFS01\Shares$\BAL\Mid-Atlantic_Resources\York\projects\OmniMax International\CLOSED 150304, 017824, OmniMax 2018 Env Consult\4 Draft Work Product (include QAQC)\TRI\Draft Forms\FacilityForms.pdf"	"FullControl"	"Allow"	"POWERENG\jschmelzle"	"None"	"None"
"\\?\UNC\CDC-SVMAFS01\Shares$\BAL\Mid-Atlantic_Resources\York\projects\OmniMax International\CLOSED 150304, 017824, OmniMax 2018 Env Consult\4 Draft Work Product (include QAQC)\TRI\Draft Forms\FacilityFormsSummary.pdf"	"FullControl"	"Allow"	"POWERENG\jschmelzle"	"None"	"None"
"\\?\UNC\CDC-SVMAFS01\Shares$\BAL\Mid-Atlantic_Resources\York\projects\OmniMax International\CLOSED 150304, 017824, OmniMax 2018 Env Consult\4 Draft Work Product (include QAQC)\TRI\COR.pdf"	"FullControl"	"Allow"	"POWERENG\jschmelzle"	"None"	"None"
"\\?\UNC\CDC-SVMAFS01\Shares$\BAL\Mid-Atlantic_Resources\York\projects\OmniMax International\CLOSED 155497, OmniMax 2019 Env Consult\Draft Work Product\TRI\Draft Forms\1,2,4-Tri.pdf"	"FullControl"	"Allow"	"POWERENG\jschmelzle"	"None"	"None"
"\\?\UNC\CDC-SVMAFS01\Shares$\BAL\Mid-Atlantic_Resources\York\projects\OmniMax International\CLOSED 155497, OmniMax 2019 Env Consult\Draft Work Product\TRI\Draft Forms\Copper.pdf"	"FullControl"	"Allow"	"POWERENG\jschmelzle"	"None"	"None"
"\\?\UNC\CDC-SVMAFS01\Shares$\BAL\Mid-Atlantic_Resources\York\projects\OmniMax International\CLOSED 155497, OmniMax 2019 Env Consult\Draft Work Product\TRI\Draft Forms\Ethylbenzene.pdf"	"FullControl"	"Allow"	"POWERENG\jschmelzle"	"None"	"None"
"\\?\UNC\CDC-SVMAFS01\Shares$\BAL\Mid-Atlantic_Resources\York\projects\OmniMax International\CLOSED 155497, OmniMax 2019 Env Consult\Draft Work Product\TRI\Draft Forms\Glycol Ethers.pdf"	"FullControl"	"Allow"	"POWERENG\jschmelzle"	"None"	"None"
"\\?\UNC\CDC-SVMAFS01\Shares$\BAL\Mid-Atlantic_Resources\York\projects\OmniMax International\CLOSED 155497, OmniMax 2019 Env Consult\Draft Work Product\TRI\Draft Forms\n-Butyl Alcohol.pdf"	"FullControl"	"Allow"	"POWERENG\jschmelzle"	"None"	"None"
"\\?\UNC\CDC-SVMAFS01\Shares$\BAL\Mid-Atlantic_Resources\York\projects\OmniMax International\CLOSED 155497, OmniMax 2019 Env Consult\Draft Work Product\TRI\Draft Forms\Naphthalene.pdf"	"FullControl"	"Allow"	"POWERENG\jschmelzle"	"None"	"None"
"\\?\UNC\CDC-SVMAFS01\Shares$\BAL\Mid-Atlantic_Resources\York\projects\OmniMax International\CLOSED 155497, OmniMax 2019 Env Consult\Draft Work Product\TRI\Draft Forms\Xylenes.pdf"	"FullControl"	"Allow"	"POWERENG\jschmelzle"	"None"	"None"
"\\?\UNC\CDC-SVMAFS01\Shares$\BAL\Mid-Atlantic_Resources\York\projects\Penn State Health\CLOSED 162560, Penn State Health - HMC - Env Permit\4 Draft Work Product (incl QAQC)\1 RFD Application\PSH HMC-RFD-Application Form.doc"	"FullControl"	"Allow"	"POWERENG\jschmelzle"	"None"	"None"
"\\?\UNC\CDC-SVMAFS01\Shares$\BAL\Mid-Atlantic_Resources\York\projects\Penn State Health\CLOSED 162560, Penn State Health - HMC - Env Permit\4 Draft Work Product (incl QAQC)\2 SSIP Application\Instructions\04_STORAGE_TANK_SITE-SPECIFIC_INSTALLATION_PERMIT_APPLICATION_CHECKLIST.doc"	"FullControl"	"Allow"	"POWERENG\jschmelzle"	"None"	"None"
"\\?\UNC\CDC-SVMAFS01\Shares$\BAL\Mid-Atlantic_Resources\York\projects\Penn State Health\CLOSED 162560, Penn State Health - HMC - Env Permit\4 Draft Work Product (incl QAQC)\2 SSIP Application\Private Water Supplies\Download.csv"	"FullControl"	"Allow"	"POWERENG\jschmelzle"	"None"	"None"
"\\?\UNC\CDC-SVMAFS01\Shares$\BAL\Mid-Atlantic_Resources\York\projects\Penn State Health\CLOSED 162560, Penn State Health - HMC - Env Permit\4 Draft Work Product (incl QAQC)\2 SSIP Application\PSH HMC-SSIP-Application Form.doc"	"FullControl"	"Allow"	"POWERENG\jschmelzle"	"None"	"None"
"\\?\UNC\CDC-SVMAFS01\Shares$\BAL\Mid-Atlantic_Resources\York\projects\Penn State Health\CLOSED 162560, Penn State Health - HMC - Env Permit\4 Draft Work Product (incl QAQC)\2 SSIP Application\PSH HMC-SSIP-GIF Form.doc"	"FullControl"	"Allow"	"POWERENG\jschmelzle"	"None"	"None"
"\\?\UNC\CDC-SVMAFS01\Shares$\BAL\Mid-Atlantic_Resources\York\projects\Penn State Health\CLOSED 162560, Penn State Health - HMC - Env Permit\4 Draft Work Product (incl QAQC)\3 SPR Plan\Figures Misc\15.0 - OVERALL POST-CONSTRUCTION STORMWATER MANAGEMENT.pdf"	"FullControl"	"Allow"	"POWERENG\nbachik"	"None"	"None"
"\\?\UNC\CDC-SVMAFS01\Shares$\BAL\Mid-Atlantic_Resources\York\projects\Penn State Health\CLOSED 162560, Penn State Health - HMC - Env Permit\4 Draft Work Product (incl QAQC)\3 SPR Plan\Figures Misc\15.1 - POST-CONSTRUCTION STORMWATER MANAGEMENT PLAN.pdf"	"FullControl"	"Allow"	"POWERENG\nbachik"	"None"	"None"
"\\?\UNC\CDC-SVMAFS01\Shares$\BAL\Mid-Atlantic_Resources\York\projects\Penn State Health\CLOSED 162560, Penn State Health - HMC - Env Permit\4 Draft Work Product (incl QAQC)\3 SPR Plan\Figures Misc\15.2 - POST-CONSTRUCTION STORMWATER MANAGEMENT PLAN.pdf"	"FullControl"	"Allow"	"POWERENG\nbachik"	"None"	"None"
"\\?\UNC\CDC-SVMAFS01\Shares$\BAL\Mid-Atlantic_Resources\York\projects\Penn State Health\CLOSED 162560, Penn State Health - HMC - Env Permit\4 Draft Work Product (incl QAQC)\3 SPR Plan\Figures Misc\16.1 - POST CONSTRUCTION STORMWATER MANAGEMENT DETAILS.pdf"	"FullControl"	"Allow"	"POWERENG\nbachik"	"None"	"None"
"\\?\UNC\CDC-SVMAFS01\Shares$\BAL\Mid-Atlantic_Resources\York\projects\Penn State Health\CLOSED 162560, Penn State Health - HMC - Env Permit\4 Draft Work Product (incl QAQC)\3 SPR Plan\Figures Misc\16.2 - POST CONSTRUCTION STORMWATER MANAGEMENT DETAILS.pdf"	"FullControl"	"Allow"	"POWERENG\nbachik"	"None"	"None"
"\\?\UNC\CDC-SVMAFS01\Shares$\BAL\Mid-Atlantic_Resources\York\projects\Penn State Health\CLOSED 162560, Penn State Health - HMC - Env Permit\4 Draft Work Product (incl QAQC)\3 SPR Plan\Figures Misc\3.0 - OVERALL SITE PLAN.pdf"	"FullControl"	"Allow"	"POWERENG\nbachik"	"None"	"None"
"\\?\UNC\CDC-SVMAFS01\Shares$\BAL\Mid-Atlantic_Resources\York\projects\Penn State Health\CLOSED 162560, Penn State Health - HMC - Env Permit\4 Draft Work Product (incl QAQC)\3 SPR Plan\Figures Misc\3.1 - SITE PLAN.pdf"	"FullControl"	"Allow"	"POWERENG\nbachik"	"None"	"None"
"\\?\UNC\CDC-SVMAFS01\Shares$\BAL\Mid-Atlantic_Resources\York\projects\Penn State Health\CLOSED 162560, Penn State Health - HMC - Env Permit\4 Draft Work Product (incl QAQC)\3 SPR Plan\Figures Misc\4.1 - GRADING & DRAINAGE PLAN.pdf"	"FullControl"	"Allow"	"POWERENG\nbachik"	"None"	"None"
"\\?\UNC\CDC-SVMAFS01\Shares$\BAL\Mid-Atlantic_Resources\York\projects\Penn State Health\CLOSED 162560, Penn State Health - HMC - Env Permit\4 Draft Work Product (incl QAQC)\3 SPR Plan\Figures Misc\4.2 - GRADING & DRAINAGE PLAN.pdf"	"FullControl"	"Allow"	"POWERENG\nbachik"	"None"	"None"
"\\?\UNC\CDC-SVMAFS01\Shares$\BAL\Mid-Atlantic_Resources\York\projects\Penn State Health\CLOSED 162560, Penn State Health - HMC - Env Permit\4 Draft Work Product (incl QAQC)\3 SPR Plan\Figures Misc\5.1 - UTILITIES & EASEMENT PLAN.pdf"	"FullControl"	"Allow"	"POWERENG\nbachik"	"None"	"None"
"\\?\UNC\CDC-SVMAFS01\Shares$\BAL\Mid-Atlantic_Resources\York\projects\Penn State Health\CLOSED 162560, Penn State Health - HMC - Env Permit\4 Draft Work Product (incl QAQC)\3 SPR Plan\Figures Misc\5.2 - UTILITIES & EASEMENT PLAN.pdf"	"FullControl"	"Allow"	"POWERENG\nbachik"	"None"	"None"
"\\?\UNC\CDC-SVMAFS01\Shares$\BAL\Mid-Atlantic_Resources\York\projects\Penn State Health\CLOSED 162560, Penn State Health - HMC - Env Permit\4 Draft Work Product (incl QAQC)\3 SPR Plan\Figures Misc\L0100 - OVERALL SITE PLAN.pdf"	"FullControl"	"Allow"	"POWERENG\nbachik"	"None"	"None"
"\\?\UNC\CDC-SVMAFS01\Shares$\BAL\Mid-Atlantic_Resources\York\projects\Penn State Health\CLOSED 162560, Penn State Health - HMC - Env Permit\4 Draft Work Product (incl QAQC)\3 SPR Plan\Figures Misc\L0111 - LAYOUT PLAN NORTH.pdf"	"FullControl"	"Allow"	"POWERENG\nbachik"	"None"	"None"
"\\?\UNC\CDC-SVMAFS01\Shares$\BAL\Mid-Atlantic_Resources\York\projects\Penn State Health\CLOSED 162560, Penn State Health - HMC - Env Permit\4 Draft Work Product (incl QAQC)\3 SPR Plan\Figures Misc\LS0200 - LEVEL 00 - LIFE SAFETY PLAN.pdf"	"FullControl"	"Allow"	"POWERENG\nbachik"	"None"	"None"
"\\?\UNC\CDC-SVMAFS01\Shares$\BAL\Mid-Atlantic_Resources\York\projects\Penn State Health\CLOSED 162560, Penn State Health - HMC - Env Permit\4 Draft Work Product (incl QAQC)\3 SPR Plan\Figures Misc\LS0201 - LEVEL 01 - LIFE SAFETY PLAN.PDF"	"FullControl"	"Allow"	"POWERENG\nbachik"	"None"	"None"
"\\?\UNC\CDC-SVMAFS01\Shares$\BAL\Mid-Atlantic_Resources\York\projects\Penn State Health\CLOSED 162560, Penn State Health - HMC - Env Permit\4 Draft Work Product (incl QAQC)\3 SPR Plan\Figures Misc\LS0202 - LEVEL 02 - LIFE SAFETY PLAN.pdf"	"FullControl"	"Allow"	"POWERENG\nbachik"	"None"	"None"
"\\?\UNC\CDC-SVMAFS01\Shares$\BAL\Mid-Atlantic_Resources\York\projects\Penn State Health\CLOSED 162560, Penn State Health - HMC - Env Permit\4 Draft Work Product (incl QAQC)\3 SPR Plan\Figures Misc\LS0203 - LEVEL 03 - LIFE SAFETY PLAN.pdf"	"FullControl"	"Allow"	"POWERENG\nbachik"	"None"	"None"
"\\?\UNC\CDC-SVMAFS01\Shares$\BAL\Mid-Atlantic_Resources\York\projects\Penn State Health\CLOSED 162560, Penn State Health - HMC - Env Permit\4 Draft Work Product (incl QAQC)\3 SPR Plan\Figures Misc\M0302 - FUEL OIL SYSTEM PLAN.pdf"	"FullControl"	"Allow"	"POWERENG\nbachik"	"None"	"None"
"\\?\UNC\CDC-SVMAFS01\Shares$\BAL\Mid-Atlantic_Resources\York\projects\Penn State Health\CLOSED 162560, Penn State Health - HMC - Env Permit\4 Draft Work Product (incl QAQC)\3 SPR Plan\Figures Misc\M0606 - FLOW AND CONTROL DIAGRAMS.pdf"	"FullControl"	"Allow"	"POWERENG\nbachik"	"None"	"None"
"\\?\UNC\CDC-SVMAFS01\Shares$\BAL\Mid-Atlantic_Resources\York\projects\Penn State Health\CLOSED 162560, Penn State Health - HMC - Env Permit\4 Draft Work Product (incl QAQC)\3 SPR Plan\Figures Misc\M0702 - DETAILS.pdf"	"FullControl"	"Allow"	"POWERENG\nbachik"	"None"	"None"
"\\?\UNC\CDC-SVMAFS01\Shares$\BAL\Mid-Atlantic_Resources\York\projects\Penn State Health\CLOSED 162560, Penn State Health - HMC - Env Permit\4 Draft Work Product (incl QAQC)\4 State Only Operating Permit Application\PSH HMC-SOOP Application-Compliance Review Form.doc"	"FullControl"	"Allow"	"POWERENG\jschmelzle"	"None"	"None"
"\\?\UNC\CDC-SVMAFS01\Shares$\BAL\Mid-Atlantic_Resources\York\projects\Penn State Health\CLOSED 169641, Penn State Health - LMC\4 Draft Work folder (incl QAQC)\EEPRP\Old-Support Docs\eMapPA Data Download .csv"	"FullControl"	"Allow"	"POWERENG\nbachik"	"None"	"None"
"\\?\UNC\CDC-SVMAFS01\Shares$\BAL\Mid-Atlantic_Resources\York\projects\Penn State Health\CLOSED 169641, Penn State Health - LMC\4 Draft Work folder (incl QAQC)\EEPRP\Old-Support Docs\eMapPABufferDataDownload .csv"	"FullControl"	"Allow"	"POWERENG\nbachik"	"None"	"None"
"\\?\UNC\CDC-SVMAFS01\Shares$\BAL\Mid-Atlantic_Resources\York\projects\Resilite\CLOSED 165405, Resilite - Title V Renewal Appl\4 Draft Work (incl QAQC)\Resilite-Title V-Addendum 1.doc"	"FullControl"	"Allow"	"POWERENG\jschmelzle"	"None"	"None"
"\\?\UNC\CDC-SVMAFS01\Shares$\BAL\Mid-Atlantic_Resources\York\projects\Royalton Recycling\CLOSED 150666, Royalton 2018 SW Management (017918)\4 Draft Work Product (include QAQC)\PPC Plan\App D Spill Report Form.docx"	"FullControl"	"Allow"	"POWERENG\nbachik"	"None"	"None"
"\\?\UNC\CDC-SVMAFS01\Shares$\BAL\Mid-Atlantic_Resources\York\projects\USALCO LLC\CLOSED, 157360, USALCO - SWPPP - Cambridge\Draft work product (QAQC)\Baltimore Permit Application 12SR0251.pdf"	"FullControl"	"Allow"	"POWERENG\nbachik"	"None"	"None"
"\\?\UNC\CDC-SVMAFS01\Shares$\BAL\Mid-Atlantic_Resources\York\projects\USALCO LLC\CLOSED, 157360, USALCO - SWPPP - Cambridge\Draft work product (QAQC)\Baltimore SW NOI Report 12SR0251.pdf"	"FullControl"	"Allow"	"POWERENG\nbachik"	"None"	"None"
"\\?\UNC\CDC-SVMAFS01\Shares$\BAL\Mid-Atlantic_Resources\York\projects\USALCO LLC\CLOSED, 157360, USALCO - SWPPP - Cambridge\Photographs (4-9-19 site visit)\iCloud Photos\Handley Rd area SW management pond photos.zip"	"FullControl"	"Allow"	"POWERENG\tdillow"	"None"	"None"
"\\?\UNC\CDC-SVMAFS01\Shares$\BAL\Mid-Atlantic_Resources\York\projects\USALCO LLC\CLOSED, 157360, USALCO - SWPPP - Cambridge\Facility Summary for_12SW3442.pdf"	"FullControl"	"Allow"	"POWERENG\tdillow"	"None"	"None"
"\\?\UNC\CDC-SVMAFS01\Shares$\BAL\Mid-Atlantic_Resources\York\projects\USALCO LLC\CLOSED, 157360, USALCO - SWPPP - Cambridge\Permit Registration Letter for 12SW3442.pdf"	"FullControl"	"Allow"	"POWERENG\tdillow"	"None"	"None"
"\\?\UNC\CDC-SVMAFS01\Shares$\BAL\Mid-Atlantic_Resources\York\projects\USALCO LLC\CLOSED, 161867, USALCO - Stormwater Mgmt - Baltimore\1 Ref Docs\AACo_NPDES_ImpAssessment_GIS_Data.zip"	"FullControl"	"Allow"	"POWERENG\tdillow"	"None"	"None"
"\\?\UNC\CDC-SVMAFS01\Shares$\BAL\Mid-Atlantic_Resources\York\projects\USALCO LLC\CLOSED, 161867, USALCO - Stormwater Mgmt - Baltimore\1 Ref Docs\Permit Application for 12SR0251.pdf"	"FullControl"	"Allow"	"POWERENG\tdillow"	"None"	"None"
"\\?\UNC\CDC-SVMAFS01\Shares$\BAL\Mid-Atlantic_Resources\York\projects\USALCO LLC\CLOSED, 161867, USALCO - Stormwater Mgmt - Baltimore\Facility Summary for_12SR0251.pdf"	"FullControl"	"Allow"	"POWERENG\tdillow"	"None"	"None"
"\\?\UNC\CDC-SVMAFS01\Shares$\BAL\Mid-Atlantic_Resources\York\projects\Watsontown Brick Company\CLOSED - 150385, 017874, WBC Env Consult 2018\0 Project Management\AES Online\AESOnline-WatsontownBrick-SLeitenberger-12-18-2018.doc"	"FullControl"	"Allow"	"POWERENG\jschmelzle"	"None"	"None"
"\\?\UNC\CDC-SVMAFS01\Shares$\BAL\Mid-Atlantic_Resources\York\projects\Watsontown Brick Company\CLOSED - 150385, 017874, WBC Env Consult 2018\4 Draft Work Product (include QAQC)\Stormwater\eDMR Registration\EDMR_PERMITTEE_REGISTRATION_FORM.DOC Watsontown Brick 01-02-2019.docx"	"FullControl"	"Allow"	"POWERENG\jschmelzle"	"None"	"None"
"\\?\UNC\CDC-SVMAFS01\Shares$\BAL\Mid-Atlantic_Resources\York\projects\Watsontown Brick Company\CLOSED - 150385, 017874, WBC Env Consult 2018\4 Draft Work Product (include QAQC)\Stormwater\eDMR Registration\EDMR_TRADING_PARTNER_AGREEMENT.DOC Watsontown Brick SLeitenberger 01-02-2019.docx"	"FullControl"	"Allow"	"POWERENG\jschmelzle"	"None"	"None"
"\\?\UNC\CDC-SVMAFS01\Shares$\BAL\Mid-Atlantic_Resources\York\projects\Watsontown Brick Company\CLOSED - 150385, 017874, WBC Env Consult 2018\4 Draft Work Product (include QAQC)\TRI\Draft Forms\FacilityErrorReport.pdf"	"FullControl"	"Allow"	"POWERENG\jschmelzle"	"None"	"None"
"\\?\UNC\CDC-SVMAFS01\Shares$\BAL\Mid-Atlantic_Resources\York\projects\Watsontown Brick Company\CLOSED - 150385, 017874, WBC Env Consult 2018\4 Draft Work Product (include QAQC)\TRI\Draft Forms\FacilityForms.pdf"	"FullControl"	"Allow"	"POWERENG\jschmelzle"	"None"	"None"
"\\?\UNC\CDC-SVMAFS01\Shares$\BAL\Mid-Atlantic_Resources\York\projects\Watsontown Brick Company\CLOSED - 150385, 017874, WBC Env Consult 2018\4 Draft Work Product (include QAQC)\TRI\Draft Forms\FacilityFormsSummary.pdf"	"FullControl"	"Allow"	"POWERENG\jschmelzle"	"None"	"None"
"\\?\UNC\CDC-SVMAFS01\Shares$\BAL\Mid-Atlantic_Resources\York\projects\Watsontown Brick Company\CLOSED - 150385, 017874, WBC Env Consult 2018\4 Draft Work Product (include QAQC)\TRI\COR.pdf"	"FullControl"	"Allow"	"POWERENG\jschmelzle"	"None"	"None"
"\\?\UNC\CDC-SVMAFS01\Shares$\BAL\Mid-Atlantic_Resources\York\projects\Watsontown Brick Company\CLOSED - 150385, 017874, WBC Env Consult 2018\4 Draft Work Product (include QAQC)\TRI\FacilityE-Receipt.pdf"	"FullControl"	"Allow"	"POWERENG\jschmelzle"	"None"	"None"
"\\?\UNC\CDC-SVMAFS01\Shares$\BAL\Mid-Atlantic_Resources\York\projects\Watsontown Brick Company\CLOSED - 151643, WBC Air Permitting 2018\4 Draft Work Product (include QAQC)\Minor Permit Mod\WBC-Minor Mod Application.doc"	"FullControl"	"Allow"	"POWERENG\jschmelzle"	"None"	"None"
"\\?\UNC\CDC-SVMAFS01\Shares$\BAL\Mid-Atlantic_Resources\York\projects\Watsontown Brick Company\CLOSED - 156857, WBC 2Q-4Q 2019 Env Consult\Draft Work Product\TRI\Draft Forms\Barium.pdf"	"FullControl"	"Allow"	"POWERENG\jschmelzle"	"None"	"None"
"\\?\UNC\CDC-SVMAFS01\Shares$\BAL\Mid-Atlantic_Resources\York\projects\Watsontown Brick Company\CLOSED - 156857, WBC 2Q-4Q 2019 Env Consult\Draft Work Product\TRI\Draft Forms\Chromium.pdf"	"FullControl"	"Allow"	"POWERENG\jschmelzle"	"None"	"None"
"\\?\UNC\CDC-SVMAFS01\Shares$\BAL\Mid-Atlantic_Resources\York\projects\Watsontown Brick Company\CLOSED - 156857, WBC 2Q-4Q 2019 Env Consult\Draft Work Product\TRI\Draft Forms\HF.pdf"	"FullControl"	"Allow"	"POWERENG\jschmelzle"	"None"	"None"
"\\?\UNC\CDC-SVMAFS01\Shares$\BAL\Mid-Atlantic_Resources\York\projects\Watsontown Brick Company\CLOSED - 156857, WBC 2Q-4Q 2019 Env Consult\Draft Work Product\TRI\Draft Forms\Manganese.pdf"	"FullControl"	"Allow"	"POWERENG\jschmelzle"	"None"	"None"
"\\?\UNC\CDC-SVMAFS01\Shares$\BAL\Mid-Atlantic_Resources\York\projects\Watsontown Brick Company\CLOSED - 162116, WBC 2020 Env Consulting\4 Draft Work Product (includes QAQC)\RFD\WBC-Brick Kiln 2-RFD Form.doc"	"FullControl"	"Allow"	"POWERENG\jschmelzle"	"None"	"None"
"\\?\UNC\CDC-SVMAFS01\Shares$\BAL\Mid-Atlantic_Resources\York\projects\WellSpan Health System\CLOSED 153491, WellSpan Good Samaritan - Air Permitting\4 Draft Work Product (include QAQC)\Good Samaritan Hospital\WellSpan GS Hospital RFD.doc"	"FullControl"	"Allow"	"POWERENG\jschmelzle"	"None"	"None"
"\\?\UNC\CDC-SVMAFS01\Shares$\BAL\Mid-Atlantic_Resources\York\projects\WellSpan Health System\CLOSED 165485, WellSpan Gettysburg GP9 Air Permit\4 Draft Work folder (incl QAQC)\WellSpan-Gettysburg-GP9-Compliance Review Form.doc"	"FullControl"	"Allow"	"POWERENG\jschmelzle"	"None"	"None"
"\\?\UNC\CDC-SVMAFS01\Shares$\ConEst"	"FullControl"	"Allow"	"POWERENG\FS-FileServices-ADM"	"ContainerInherit, ObjectInherit"	"None"
"\\?\UNC\CDC-SVMAFS01\Shares$\ConEst"	"FullControl"	"Allow"	"POWERENG\FS-CDCFS1-ConEst-Share-FC"	"ContainerInherit, ObjectInherit"	"None"
"\\?\UNC\CDC-SVMAFS01\Shares$\ConEst"	"ReadAndExecute, Synchronize"	"Allow"	"POWERENG\FS-CDCFS1-ConEst-Share-RO"	"ContainerInherit, ObjectInherit"	"None"
"\\?\UNC\CDC-SVMAFS01\Shares$\ConEst"	"Modify, Synchronize"	"Allow"	"POWERENG\FS-CDCFS1-ConEst-Share-RW"	"ContainerInherit, ObjectInherit"	"None"
"\\?\UNC\CDC-SVMAFS01\Shares$\ConEst\Repository"	"Modify, Synchronize"	"Allow"	"Everyone"	"ContainerInherit, ObjectInherit"	"None"
"\\?\UNC\CDC-SVMAFS01\Shares$\ConEst\Repository"	"Modify, Synchronize"	"Allow"	"BUILTIN\Administrators"	"ContainerInherit, ObjectInherit"	"None"
"\\?\UNC\CDC-SVMAFS01\Shares$\ConEst\Repository"	"Modify, Synchronize"	"Allow"	"BUILTIN\Users"	"ContainerInherit, ObjectInherit"	"None"
"\\?\UNC\CDC-SVMAFS01\Shares$\Discovery"	"FullControl"	"Allow"	"POWERENG\FS-FileServices-ADM"	"ContainerInherit, ObjectInherit"	"None"
"\\?\UNC\CDC-SVMAFS01\Shares$\Discovery"	"FullControl"	"Allow"	"POWERENG\FS-CDCFS1-Discovery-Share-FC"	"ContainerInherit, ObjectInherit"	"None"
"\\?\UNC\CDC-SVMAFS01\Shares$\Discovery"	"ReadAndExecute, Synchronize"	"Allow"	"POWERENG\FS-CDCFS1-Discovery-Share-RO"	"ContainerInherit, ObjectInherit"	"None"
"\\?\UNC\CDC-SVMAFS01\Shares$\Discovery"	"Modify, Synchronize"	"Allow"	"POWERENG\FS-CDCFS1-Discovery-Share-RW"	"ContainerInherit, ObjectInherit"	"None"
"\\?\UNC\CDC-SVMAFS01\Shares$\Enviro_Service"	"FullControl"	"Allow"	"POWERENG\FS-FileServices-ADM"	"ContainerInherit, ObjectInherit"	"None"
"\\?\UNC\CDC-SVMAFS01\Shares$\Enviro_Service"	"FullControl"	"Allow"	"POWERENG\FS-CDCFS1-Enviro_Services-Share-FC"	"ContainerInherit, ObjectInherit"	"None"
"\\?\UNC\CDC-SVMAFS01\Shares$\Enviro_Service"	"ReadAndExecute, Synchronize"	"Allow"	"POWERENG\FS-CDCFS1-Enviro_Services-Share-RO"	"ContainerInherit, ObjectInherit"	"None"
"\\?\UNC\CDC-SVMAFS01\Shares$\Enviro_Service"	"Modify, Synchronize"	"Allow"	"POWERENG\FS-CDCFS1-Enviro_Services-Share-RW"	"ContainerInherit, ObjectInherit"	"None"
"\\?\UNC\CDC-SVMAFS01\Shares$\Enviro_Service\Dominion\160523 Cloud Extension Permitting\Archived\SWPPP\013701-2 _ESTIMATE_kmz elevations_copy with revised route_9-25-19.zip"	"FullControl"	"Allow"	"S-1-5-21-1380516296-1705272057-1576261225-46537"	"None"	"None"
"\\?\UNC\CDC-SVMAFS01\Shares$\Enviro_Service\Dominion\Lockridge Sub and 230kV Tap Line\Data Received\20210413 Draft Cultural Report\DUTTON_DRAFT_Lockridge 230kV Phase I_4-12-21.pdf"	"FullControl"	"Allow"	"POWERENG\jcook"	"None"	"None"
"\\?\UNC\CDC-SVMAFS01\Shares$\Enviro_Service\Dominion\Lockridge Sub and 230kV Tap Line\Data Received\20210419 Dutton Cultural Report\DUTTON_FINAL_Lockridge 230kV Phase I_4-19-21.docx"	"FullControl"	"Allow"	"POWERENG\jcook"	"None"	"None"
"\\?\UNC\CDC-SVMAFS01\Shares$\Enviro_Service\Dominion\Lockridge Sub and 230kV Tap Line\Data Received\20210419 Dutton Cultural Report\DUTTON_FINAL_Lockridge 230kV Phase I_4-19-21.pdf"	"FullControl"	"Allow"	"POWERENG\jcook"	"None"	"None"
"\\?\UNC\CDC-SVMAFS01\Shares$\Enviro_Service\Dominion\Lockridge Sub and 230kV Tap Line\Data Received\20210503 Dutton Revised Final Cultural Report\DUTTON_REVISED FINAL_Lockridge 230kV Phase I_4-29-21.pdf"	"FullControl"	"Allow"	"POWERENG\jcook"	"None"	"None"
"\\?\UNC\CDC-SVMAFS01\Shares$\Enviro_Service\Dominion\Lockridge Sub and 230kV Tap Line\Permitting\Lockridge_IPA Cover Letter_05-12-21.docx"	"FullControl"	"Allow"	"POWERENG\jcook"	"None"	"None"
"\\?\UNC\CDC-SVMAFS01\Shares$\Enviro_Service\AEP\01. VIRGINIA\Clifford Scottsville (CVTRP)\Siting\1. Joshua Falls - Gladstone\Public Outreach\Open House\Feb 2020\Outreach Drafts\Avery 5160 Labels for Postcard.docx"	"FullControl"	"Allow"	"S-1-5-21-1380516296-1705272057-1576261225-80065"	"None"	"None"
"\\?\UNC\CDC-SVMAFS01\Shares$\Enviro_Service\AEP\01. VIRGINIA\Clifford Scottsville (CVTRP)\Siting\2. Esmont - Scottsville\SUP\02. Scottsville\archive\ACAD-Scottsville Expansion Concept 7 Prelim.dxf"	"FullControl"	"Allow"	"S-1-5-21-1380516296-1705272057-1576261225-46537"	"None"	"None"
"\\?\UNC\CDC-SVMAFS01\Shares$\Enviro_Service\AEP\01. VIRGINIA\Reusens Altavista (New London)\11. SCC\02 - Draft Final\DEQ Supplement\Cultural Pre-App Analysis\Draft to AEP 2021 03 19\D+A_FINAL_Reusens-New London Pre-App_3-19-21.doc"	"FullControl"	"Allow"	"S-1-5-21-1380516296-1705272057-1576261225-64351"	"None"	"None"
"\\?\UNC\CDC-SVMAFS01\Shares$\Enviro_Service\AEP\01. VIRGINIA\Reusens Altavista (New London)\11. SCC\02 - Draft Final\DEQ Supplement\Cultural Pre-App Analysis\Draft to AEP 2021 03 19\D+A_FINAL_Reusens-New London Pre-App_3-19-21.doc.ih12jwe.partial"	"FullControl"	"Allow"	"S-1-5-21-1380516296-1705272057-1576261225-64351"	"None"	"None"
"\\?\UNC\CDC-SVMAFS01\Shares$\Enviro_Service\AEP\02. WEST VIRGINIA\Baileysville - Sourwood\Eco\02_T&E_Species_ERR\USFWS\Draft Report\Coal Heritage Bat Habitat Assessment_JAC.pdf"	"FullControl"	"Allow"	"POWERENG\jcook"	"None"	"None"
"\\?\UNC\CDC-SVMAFS01\Shares$\Enviro_Service\AEP\02. WEST VIRGINIA\Baileysville - Sourwood\Eco\02_T&E_Species_ERR\USFWS\Draft Report\Cub Creek Bat Habitat Assessment_JAC.pdf"	"FullControl"	"Allow"	"POWERENG\jcook"	"None"	"None"
"\\?\UNC\CDC-SVMAFS01\Shares$\Enviro_Service\AEP\02. WEST VIRGINIA\Baileysville - Sourwood\Eco\02_T&E_Species_ERR\USFWS\Draft Report\Draft Harmon Branch - Sourwood Mist-Net Survey Report_JAC.pdf"	"FullControl"	"Allow"	"POWERENG\jcook"	"None"	"None"
"\\?\UNC\CDC-SVMAFS01\Shares$\Enviro_Service\AEP\02. WEST VIRGINIA\Baileysville - Sourwood\Eco\02_T&E_Species_ERR\USFWS\Revised Reports for AEP Review\Coal Heritage Bat Habitat Assessment 2021 09 01.pdf"	"FullControl"	"Allow"	"POWERENG\jcook"	"None"	"None"
"\\?\UNC\CDC-SVMAFS01\Shares$\Enviro_Service\AEP\02. WEST VIRGINIA\Baileysville - Sourwood\Eco\02_T&E_Species_ERR\USFWS\Revised Reports for AEP Review\Cub Creek Bat Habitat Assessment 2021 09 01.pdf"	"FullControl"	"Allow"	"POWERENG\jcook"	"None"	"None"
"\\?\UNC\CDC-SVMAFS01\Shares$\Enviro_Service\AEP\02. WEST VIRGINIA\Baileysville - Sourwood\Eco\02_T&E_Species_ERR\USFWS\Revised Reports for AEP Review\Harmon Branch - Sourwood Mist-Net Survey Report 2021 09 01.pdf"	"FullControl"	"Allow"	"POWERENG\jcook"	"None"	"None"
"\\?\UNC\CDC-SVMAFS01\Shares$\Enviro_Service\AEP\02. WEST VIRGINIA\Bancroft - Turner\Eco\02_T&E_Species_ERR\USFWS\Draft\Bancroft - Nitro Segment Mist-net Study Plan JAC.pdf"	"FullControl"	"Allow"	"POWERENG\jcook"	"None"	"None"
"\\?\UNC\CDC-SVMAFS01\Shares$\Enviro_Service\AEP\02. WEST VIRGINIA\Bancroft - Turner\Eco\02_T&E_Species_ERR\USFWS\Draft\Bancroft - Nitro Segment Project Review Request WV USFWS JAC_CAH.pdf"	"FullControl"	"Allow"	"POWERENG\jcook"	"None"	"None"
"\\?\UNC\CDC-SVMAFS01\Shares$\Enviro_Service\AEP\02. WEST VIRGINIA\Bancroft - Turner\Eco\02_T&E_Species_ERR\USFWS\Draft\Draft Bancroft - Nitro Mist-Net Survey Report 2021 09 01 JAC.pdf"	"FullControl"	"Allow"	"POWERENG\jcook"	"None"	"None"
"\\?\UNC\CDC-SVMAFS01\Shares$\Enviro_Service\AEP\02. WEST VIRGINIA\Bancroft - Turner\Eco\02_T&E_Species_ERR\USFWS\Draft\Draft Nitro - Turner Mist-Net Survey Report 2021 09 01 JAC.pdf"	"FullControl"	"Allow"	"POWERENG\jcook"	"None"	"None"
"\\?\UNC\CDC-SVMAFS01\Shares$\Enviro_Service\AEP\02. WEST VIRGINIA\Bancroft - Turner\Eco\02_T&E_Species_ERR\USFWS\Draft\Nitro - Turner Segment Mist-net Study Plan JAC.docx"	"FullControl"	"Allow"	"POWERENG\jcook"	"None"	"None"
"\\?\UNC\CDC-SVMAFS01\Shares$\Enviro_Service\AEP\02. WEST VIRGINIA\Bancroft - Turner\Eco\02_T&E_Species_ERR\USFWS\Draft\Nitro - Turner Segment Project Review Request WV USFWS JAC.pdf"	"FullControl"	"Allow"	"POWERENG\jcook"	"None"	"None"
"\\?\UNC\CDC-SVMAFS01\Shares$\Enviro_Service\AEP\02. WEST VIRGINIA\Bancroft - Turner\Project Management\Please_DocuSign_Power_Engineer_-_P18255004_-.pdf"	"FullControl"	"Allow"	"S-1-5-21-1380516296-1705272057-1576261225-46537"	"None"	"None"
"\\?\UNC\CDC-SVMAFS01\Shares$\Enviro_Service\AEP\02. WEST VIRGINIA\Kenna\Eco\02_T&E_Species_ERR\USFWS\Draft Study Plans\Kenna - Ripley Extension Mist-net Study Plan 2021 07 10 JAC.pdf"	"FullControl"	"Allow"	"POWERENG\jcook"	"None"	"None"
"\\?\UNC\CDC-SVMAFS01\Shares$\Enviro_Service\AEP\02. WEST VIRGINIA\Kenna\Eco\02_T&E_Species_ERR\USFWS\Draft Study Plans\Kenna - Ripley Extension Project Review Request WV USFWS JAC.pdf"	"FullControl"	"Allow"	"POWERENG\jcook"	"None"	"None"
"\\?\UNC\CDC-SVMAFS01\Shares$\Enviro_Service\AEP\02. WEST VIRGINIA\Kenna\Eco\02_T&E_Species_ERR\USFWS\Draft Study Plans\Kenna Substation Project Review Request WV USFWS JAC.pdf"	"FullControl"	"Allow"	"POWERENG\jcook"	"None"	"None"
"\\?\UNC\CDC-SVMAFS01\Shares$\Enviro_Service\AEP\02. WEST VIRGINIA\Kenna\Eco\02_T&E_Species_ERR\USFWS\Draft Study Plans\Sisson - Kenna Extension Mist-net Study Plan 2021 07 10 JAC.pdf"	"FullControl"	"Allow"	"POWERENG\jcook"	"None"	"None"
"\\?\UNC\CDC-SVMAFS01\Shares$\Enviro_Service\AEP\02. WEST VIRGINIA\Kenna\Eco\02_T&E_Species_ERR\USFWS\Draft Study Plans\Sisson - Kenna Extension Project Review Request WV USFWS JAC.pdf"	"FullControl"	"Allow"	"POWERENG\jcook"	"None"	"None"
"\\?\UNC\CDC-SVMAFS01\Shares$\Enviro_Service\AEP\02. WEST VIRGINIA\Leach Area Improvements\From Triad Engineering\CHADWICK STATION IFC 8-10-20.pdf"	"FullControl"	"Allow"	"POWERENG\chahn"	"None"	"None"
"\\?\UNC\CDC-SVMAFS01\Shares$\Enviro_Service\AEP\02. WEST VIRGINIA\Leach Area Improvements\USFWS\Mist net Survey\archive\Draft Chadwick Substation Mist-Net Survey 2020 08 07.pdf"	"FullControl"	"Allow"	"POWERENG\chahn"	"None"	"None"
"\\?\UNC\CDC-SVMAFS01\Shares$\Enviro_Service\AEP\02. WEST VIRGINIA\Leach Area Improvements\USFWS\Mist net Survey\Final Chadwick Substation Mist-Net Survey 2020 08 12.pdf"	"FullControl"	"Allow"	"POWERENG\chahn"	"None"	"None"
"\\?\UNC\CDC-SVMAFS01\Shares$\Enviro_Service\AEP\02. WEST VIRGINIA\Leach Area Improvements\USFWS\Mist net Survey\Final Leach Area Improvements Mist-Net Survey 2020 08 07.pdf"	"FullControl"	"Allow"	"POWERENG\chahn"	"None"	"None"
"\\?\UNC\CDC-SVMAFS01\Shares$\Enviro_Service\AEP\03. KENTUCKY\Middle Creek - Prestonsburg\Siting\04. Due_Diligence\Research\N117E400_LAS_Phase2.laz"	"FullControl"	"Allow"	"POWERENG\dfraser"	"None"	"None"
"\\?\UNC\CDC-SVMAFS01\Shares$\Enviro_Service\AEP\04. Completed Projects\Amos-Logan (Alum Creek - Madison)\Photos\Kick off Meeting 7-18-2019\Daniels photos\Amos-Hopkins 138kV Line_photos_NFP20190228_170859.jpg"	"FullControl"	"Allow"	"S-1-5-21-1380516296-1705272057-1576261225-46537"	"None"	"None"
"\\?\UNC\CDC-SVMAFS01\Shares$\Enviro_Service\AEP\04. Completed Projects\Fayette\Quinwood Station\SWPPP\Access Road Modifications 6 20 2019\E1220.pdf"	"FullControl"	"Allow"	"S-1-5-21-1380516296-1705272057-1576261225-46537"	"None"	"None"
"\\?\UNC\CDC-SVMAFS01\Shares$\Enviro_Service\AEP\04. Completed Projects\Fayette\Quinwood Station\SWPPP\Access Road Modifications 6 20 2019\E1226-For_Reference_Only.pdf"	"FullControl"	"Allow"	"S-1-5-21-1380516296-1705272057-1576261225-46537"	"None"	"None"
"\\?\UNC\CDC-SVMAFS01\Shares$\Enviro_Service\AEP\04. Completed Projects\Fayette\Quinwood Station\SWPPP\Access Road Modifications 6 20 2019\E1230.pdf"	"FullControl"	"Allow"	"S-1-5-21-1380516296-1705272057-1576261225-46537"	"None"	"None"
"\\?\UNC\CDC-SVMAFS01\Shares$\Enviro_Service\AEP\04. Completed Projects\Fayette\Quinwood Station\SWPPP\Access Road Modifications 6 20 2019\E1231.pdf"	"FullControl"	"Allow"	"S-1-5-21-1380516296-1705272057-1576261225-46537"	"None"	"None"
"\\?\UNC\CDC-SVMAFS01\Shares$\Enviro_Service\AEP\04. Completed Projects\Fayette\Quinwood Station\SWPPP\Access Road Modifications 6 20 2019\E1235.pdf"	"FullControl"	"Allow"	"S-1-5-21-1380516296-1705272057-1576261225-46537"	"None"	"None"
"\\?\UNC\CDC-SVMAFS01\Shares$\Enviro_Service\AEP\04. Completed Projects\Fayette\Quinwood Station\SWPPP\Access Road Modifications 6 20 2019\E1236.pdf"	"FullControl"	"Allow"	"S-1-5-21-1380516296-1705272057-1576261225-46537"	"None"	"None"
"\\?\UNC\CDC-SVMAFS01\Shares$\Enviro_Service\AEP\04. Completed Projects\Fayette\Quinwood Station\SWPPP\Access Road Modifications 6 20 2019\E1237.pdf"	"FullControl"	"Allow"	"S-1-5-21-1380516296-1705272057-1576261225-46537"	"None"	"None"
"\\?\UNC\CDC-SVMAFS01\Shares$\Enviro_Service\AEP\04. Completed Projects\Fayette\Quinwood Station\SWPPP\Quinwood_Drawings_IFP2-122818_new-or-revised.pdf"	"FullControl"	"Allow"	"S-1-5-21-1380516296-1705272057-1576261225-46537"	"None"	"None"
"\\?\UNC\CDC-SVMAFS01\Shares$\Enviro_Service\AEP\04. Completed Projects\Kanawha - Matt Funk 345kV Line\USFWS\bats\archive\DRAFT Kanawha - Lurich 345 kV Mist-Net Report 2019 06 20.pdf"	"FullControl"	"Allow"	"S-1-5-21-1380516296-1705272057-1576261225-46537"	"None"	"None"
"\\?\UNC\CDC-SVMAFS01\Shares$\Enviro_Service\AEP\04. Completed Projects\Kanawha - Matt Funk 345kV Line\USFWS\plants\KR-L Clover Photos.zip"	"FullControl"	"Allow"	"S-1-5-21-1380516296-1705272057-1576261225-46537"	"None"	"None"
"\\?\UNC\CDC-SVMAFS01\Shares$\Enviro_Service\AEP\04. Completed Projects\Kanawha - Matt Funk 345kV Line\USFWS\Kanawha - Matt Funk Project Review Request USFWS 2019 03 20.pdf"	"FullControl"	"Allow"	"S-1-5-21-1380516296-1705272057-1576261225-46537"	"None"	"None"
"\\?\UNC\CDC-SVMAFS01\Shares$\Enviro_Service\AEP\Scoping Projects 2019\Capitol Hill\resources\138kvChemical-CapitolHillTP2017035ConstructabilityReview.pdf"	"FullControl"	"Allow"	"S-1-5-21-1380516296-1705272057-1576261225-64351"	"None"	"None"
"\\?\UNC\CDC-SVMAFS01\Shares$\Enviro_Service\AEP\Scoping Projects 2019\Capitol Hill\resources\TP2017035_Capitol_Hill-Chemical_138kV_11282018.pptx"	"FullControl"	"Allow"	"S-1-5-21-1380516296-1705272057-1576261225-64351"	"None"	"None"
"\\?\UNC\CDC-SVMAFS01\Shares$\Enviro_Service\PDDC Presentation\Images\AEP Quinwood to Nutall_Site 07_ (26).JPG"	"FullControl"	"Allow"	"S-1-5-21-1380516296-1705272057-1576261225-46537"	"None"	"None"
"\\?\UNC\CDC-SVMAFS01\Shares$\Enviro_Service\PDDC Presentation\Images\Canoe Creek_HarpTrap.JPG"	"FullControl"	"Allow"	"S-1-5-21-1380516296-1705272057-1576261225-46537"	"None"	"None"
"\\?\UNC\CDC-SVMAFS01\Shares$\Enviro_Service\PDDC Presentation\Images\Inacave.jpg"	"FullControl"	"Allow"	"S-1-5-21-1380516296-1705272057-1576261225-46537"	"None"	"None"
"\\?\UNC\CDC-SVMAFS01\Shares$\Enviro_Service\PDDC Presentation\Images\Panther Creek Wind Farm_Bat 365_Roost 02 (3).JPG"	"FullControl"	"Allow"	"S-1-5-21-1380516296-1705272057-1576261225-46537"	"None"	"None"
"\\?\UNC\CDC-SVMAFS01\Shares$\Enviro_Service\PDDC Presentation\Images\Pond Creek Expansion Site 08 sodalis  (9).JPG"	"FullControl"	"Allow"	"S-1-5-21-1380516296-1705272057-1576261225-46537"	"None"	"None"
"\\?\UNC\CDC-SVMAFS01\Shares$\Enviro_Service\Resources\AEP Siting Templates\AEP siting templates\archive\1 - AEP Siting Study Template - MASTER 10-05-2020.docx"	"FullControl"	"Allow"	"S-1-5-21-1380516296-1705272057-1576261225-46537"	"None"	"None"
"\\?\UNC\CDC-SVMAFS01\Shares$\Enviro_Service\Resources\AEP Siting Templates\AEP siting templates\archive\4 - AEP Substation Siting Study Template 10-05-2020.docx"	"FullControl"	"Allow"	"S-1-5-21-1380516296-1705272057-1576261225-46537"	"None"	"None"
"\\?\UNC\CDC-SVMAFS01\Shares$\Enviro_Service\Resources\AEP Siting Templates\AEP siting templates\archive\4 - Alternative Site Evaluation Worksheet 9-15-2020.xlsx"	"FullControl"	"Allow"	"S-1-5-21-1380516296-1705272057-1576261225-46537"	"None"	"None"
"\\?\UNC\CDC-SVMAFS01\Shares$\Enviro_Service\Resources\AEP Siting Templates\AEP siting templates\archive\4 - Site Evaluation Worksheet 9-15-2020.xlsx"	"FullControl"	"Allow"	"S-1-5-21-1380516296-1705272057-1576261225-46537"	"None"	"None"
"\\?\UNC\CDC-SVMAFS01\Shares$\Enviro_Service\Resources\AEP Siting Templates\AEP siting templates\2 - AEP Rebuild Siting Study Template November 2018.docx"	"FullControl"	"Allow"	"S-1-5-21-1380516296-1705272057-1576261225-64351"	"None"	"None"
"\\?\UNC\CDC-SVMAFS01\Shares$\Facilities"	"FullControl"	"Allow"	"POWERENG\FS-FileServices-ADM"	"ContainerInherit, ObjectInherit"	"None"
"\\?\UNC\CDC-SVMAFS01\Shares$\Facilities"	"FullControl"	"Allow"	"POWERENG\FS-ALL-Facilities-Share-FC"	"ContainerInherit, ObjectInherit"	"None"
"\\?\UNC\CDC-SVMAFS01\Shares$\Facilities"	"ReadAndExecute, Synchronize"	"Allow"	"POWERENG\FS-ALL-Facilities-Share-RO"	"ContainerInherit, ObjectInherit"	"None"
"\\?\UNC\CDC-SVMAFS01\Shares$\Facilities"	"Modify, Synchronize"	"Allow"	"POWERENG\FS-ALL-Facilities-Share-RW"	"ContainerInherit, ObjectInherit"	"None"
"\\?\UNC\CDC-SVMAFS01\Shares$\Facilities_Scans"	"FullControl"	"Allow"	"POWERENG\FS-FileServices-ADM"	"ContainerInherit, ObjectInherit"	"None"
"\\?\UNC\CDC-SVMAFS01\Shares$\Facilities_Scans"	"FullControl"	"Allow"	"POWERENG\FS-CDCFS1-Facilities_Scans-Share-FC"	"ContainerInherit, ObjectInherit"	"None"
"\\?\UNC\CDC-SVMAFS01\Shares$\Facilities_Scans"	"ReadAndExecute, Synchronize"	"Allow"	"POWERENG\FS-CDCFS1-Facilities_Scans-Share-RO"	"ContainerInherit, ObjectInherit"	"None"
"\\?\UNC\CDC-SVMAFS01\Shares$\Facilities_Scans"	"Modify, Synchronize"	"Allow"	"POWERENG\FS-CDCFS1-Facilities_Scans-Share-RW"	"ContainerInherit, ObjectInherit"	"None"
"\\?\UNC\CDC-SVMAFS01\Shares$\HST"	"FullControl"	"Allow"	"POWERENG\FS-FileServices-ADM"	"ContainerInherit, ObjectInherit"	"None"
"\\?\UNC\CDC-SVMAFS01\Shares$\HST"	"FullControl"	"Allow"	"POWERENG\FS-CDCFS1-HST-Share-FC"	"ContainerInherit, ObjectInherit"	"None"
"\\?\UNC\CDC-SVMAFS01\Shares$\HST"	"ReadAndExecute, Synchronize"	"Allow"	"POWERENG\FS-CDCFS1-HST-Share-RO"	"ContainerInherit, ObjectInherit"	"None"
"\\?\UNC\CDC-SVMAFS01\Shares$\HST"	"Modify, Synchronize"	"Allow"	"POWERENG\FS-CDCFS1-HST-Share-RW"	"ContainerInherit, ObjectInherit"	"None"
"\\?\UNC\CDC-SVMAFS01\Shares$\HST\Houston_Resources\Battlecat\156584 - Fox Creek Permitting Activities\Archived\Tier II Reporting\Tier II Report - Submitted\drafts\Battlecat Fox Creek Tier II - initial v2.pdf"	"FullControl"	"Allow"	"POWERENG\bblam"	"None"	"None"
"\\?\UNC\CDC-SVMAFS01\Shares$\HST\Houston_Resources\Battlecat\156584 - Fox Creek Permitting Activities\Archived\Tier II Reporting\Tier II Report - Submitted\drafts\Battlecat Fox Creek Tier II - initial.pdf"	"FullControl"	"Allow"	"POWERENG\bblam"	"None"	"None"
"\\?\UNC\CDC-SVMAFS01\Shares$\HST\Houston_Resources\Battlecat\156584 - Fox Creek Permitting Activities\Archived\Tier II Reporting\Tier II Report - Submitted\101901-Tier-II-XML-for-Selected-Facilities-for-2019-04-30-1556632025223.zip"	"FullControl"	"Allow"	"POWERENG\bblam"	"None"	"None"
"\\?\UNC\CDC-SVMAFS01\Shares$\HST\Houston_Resources\Battlecat\156584 - Fox Creek Permitting Activities\Archived\Tier II Reporting\Tier II Report - Submitted\TCEQ Confirmation Battlecat Tier II Submittal 4-30-2019.pdf"	"FullControl"	"Allow"	"POWERENG\bblam"	"None"	"None"
"\\?\UNC\CDC-SVMAFS01\Shares$\HST\Houston_Resources\Battlecat\156584 - Fox Creek Permitting Activities\Archived\Tier II Reporting\Tier II Report - Submitted\Tier-II-Paper-Reports-for-2019-04-30-1556632017470.zip"	"FullControl"	"Allow"	"POWERENG\bblam"	"None"	"None"
"\\?\UNC\CDC-SVMAFS01\Shares$\HST\Houston_Resources\CenterPoint\156036 Jones Creek Rebuild\Archived\Cultural Resources\KMZ\generated20190402052649.kml"	"FullControl"	"Allow"	"POWERENG\dschubert"	"None"	"None"
"\\?\UNC\CDC-SVMAFS01\Shares$\HST\Houston_Resources\CenterPoint\156036 Jones Creek Rebuild\Archived\Cultural Resources\KMZ\generated20190402052730.kml"	"FullControl"	"Allow"	"POWERENG\dschubert"	"None"	"None"
"\\?\UNC\CDC-SVMAFS01\Shares$\HST\Houston_Resources\Magellan\Channelview Site\Site\Site Permitting\Archive\Magellan Moore Rd Site Surface 082119.7z"	"FullControl"	"Allow"	"POWERENG\jblackmore"	"None"	"None"
"\\?\UNC\CDC-SVMAFS01\Shares$\HST\Houston_Resources\Magellan\Hearne Breakout Station\Water\SWP3\2019 Construtcion SWPPP Revisions\Working Documents\Appendix A - NOI - 20022.docx"	"FullControl"	"Allow"	"POWERENG\jblackmore"	"None"	"None"
"\\?\UNC\CDC-SVMAFS01\Shares$\HST\Houston_Resources\Marketing\_Louisiana Proposals\2019 Proposals\Supreme Rice Mill\Mermentau\permit\SR Mermentau Permti No. 0040-00013-00.zip"	"FullControl"	"Allow"	"S-1-5-21-1380516296-1705272057-1576261225-70027"	"None"	"None"
"\\?\UNC\CDC-SVMAFS01\Shares$\HST\Houston_Resources\Metal Coatings Corp\Dunvale\SDS\SULFURIC AC ACS 700LB - online.pdf"	"FullControl"	"Allow"	"POWERENG\bblam"	"None"	"None"
"\\?\UNC\CDC-SVMAFS01\Shares$\HST\Houston_Resources\Metal Coatings Corp\Dunvale\Site\Tier II\2019- 162633\CLOSED 156433 Dunvale Facility Tier II\Tier-II-Paper-Reports-for-2019-02-28-1551385501600.zip"	"FullControl"	"Allow"	"S-1-5-21-1380516296-1705272057-1576261225-64529"	"None"	"None"
"\\?\UNC\CDC-SVMAFS01\Shares$\HST\Houston_Resources\Metal Coatings Corp\Dunvale\Site\Tier II\2019- 162633\RY2019 Tier II\RY2019 Tier II submitted\71443-Tier-II-XML-for-Selected-Facilities-for-2020-02-27-1582843890675.zip"	"FullControl"	"Allow"	"POWERENG\bblam"	"None"	"None"
"\\?\UNC\CDC-SVMAFS01\Shares$\HST\Houston_Resources\Metal Coatings Corp\Dunvale\Site\Tier II\2019- 162633\RY2019 Tier II\RY2019 Tier II submitted\Tier-II-Paper-Reports-for-2020-02-27-1582843893458.zip"	"FullControl"	"Allow"	"POWERENG\bblam"	"None"	"None"
"\\?\UNC\CDC-SVMAFS01\Shares$\HST\Houston_Resources\Metal Coatings Corp\Dunvale\Site\Tier II\2019- 162633\RY2019 Tier II\71443-Report-Submittal-Error-Log-2020-02-21.pdf"	"FullControl"	"Allow"	"POWERENG\bblam"	"None"	"None"
"\\?\UNC\CDC-SVMAFS01\Shares$\HST\Houston_Resources\Metal Coatings Corp\Dunvale\Site\Tier II\2020 - 162633\RY2020 Tier II\Submitted reports\71443-2020-XML.zip"	"FullControl"	"Allow"	"POWERENG\bblam"	"None"	"None"
"\\?\UNC\CDC-SVMAFS01\Shares$\HST\Houston_Resources\Metal Coatings Corp\Dunvale\Site\Tier II\2020 - 162633\RY2020 Tier II\Submitted reports\71443-Tier-II-Report-Confirmation-of-Submittal-2020-METAL-COATINGS.pdf"	"FullControl"	"Allow"	"POWERENG\bblam"	"None"	"None"
"\\?\UNC\CDC-SVMAFS01\Shares$\HST\Houston_Resources\Nextera Energy Resources\Monument Pipeline System\Air - Pipeline Site PBRs\154271 - SI Katy Meter Station - April 2019\1 Native Files\106.4 checklist.docx"	"FullControl"	"Allow"	"S-1-5-21-1380516296-1705272057-1576261225-64573"	"None"	"None"
"\\?\UNC\CDC-SVMAFS01\Shares$\HST\Houston_Resources\Praxair\156135 - Clear Lake Facility Title V Permit\Data From Client\AIR NSR_144239-1428402_Permits_Public_20170731_Investigation_3564096_.pdf"	"FullControl"	"Allow"	"S-1-5-21-1380516296-1705272057-1576261225-64529"	"None"	"None"
"\\?\UNC\CDC-SVMAFS01\Shares$\HST\Houston_Resources\Praxair\156135 - Clear Lake Facility Title V Permit\Data From Client\AIR NSR_144239-262183_Permits_Public_20171009_Public Notices & Comments_3473776_.pdf"	"FullControl"	"Allow"	"S-1-5-21-1380516296-1705272057-1576261225-64529"	"None"	"None"
"\\?\UNC\CDC-SVMAFS01\Shares$\HST\Houston_Resources\Praxair\156135 - Clear Lake Facility Title V Permit\Data From Client\AIR NSR_144239-262183_Permits_Public_20171020_Project File Folder_3517150_.pdf"	"FullControl"	"Allow"	"S-1-5-21-1380516296-1705272057-1576261225-64529"	"None"	"None"
"\\?\UNC\CDC-SVMAFS01\Shares$\HST\Houston_Resources\Praxair\156135 - Clear Lake Facility Title V Permit\Data From Client\AIR NSR_144239_Permits_Public_20161230_Site Review_3523207_.pdf"	"FullControl"	"Allow"	"S-1-5-21-1380516296-1705272057-1576261225-64529"	"None"	"None"
"\\?\UNC\CDC-SVMAFS01\Shares$\HST\Houston_Resources\Praxair\156135 - Clear Lake Facility Title V Permit\Data From Client\AIR NSR_GHGPSDTX164-262190_Permits_Public_20171020_Administrative_3475950_.pdf"	"FullControl"	"Allow"	"S-1-5-21-1380516296-1705272057-1576261225-64529"	"None"	"None"
"\\?\UNC\CDC-SVMAFS01\Shares$\HST\Houston_Resources\Praxair\156135 - Clear Lake Facility Title V Permit\Data From Client\AIR NSR_GHGPSDTX164-262190_Permits_Public_20171020_Agency Review_3652313_.pdf"	"FullControl"	"Allow"	"S-1-5-21-1380516296-1705272057-1576261225-64529"	"None"	"None"
"\\?\UNC\CDC-SVMAFS01\Shares$\HST\Houston_Resources\Praxair\156135 - Clear Lake Facility Title V Permit\Data From Client\AIR NSR_PSDTX1512-262188_Permits_Public_20171020_Administrative_3475951_.pdf"	"FullControl"	"Allow"	"S-1-5-21-1380516296-1705272057-1576261225-64529"	"None"	"None"
"\\?\UNC\CDC-SVMAFS01\Shares$\HST\Houston_Resources\Praxair\156135 - Clear Lake Facility Title V Permit\Data From Client\AIR NSR_PSDTX1512-262188_Permits_Public_20171020_Agency Review_3652314_.pdf"	"FullControl"	"Allow"	"S-1-5-21-1380516296-1705272057-1576261225-64529"	"None"	"None"
"\\?\UNC\CDC-SVMAFS01\Shares$\HST\Houston_Resources\Praxair\170133 - Sweeny Plant - Initial Title V\1 - Information from Client\Central File Room\AIR NSR_153064-289073_Permits_Public_20190412_Agency Review_4859550_.pdf"	"FullControl"	"Allow"	"POWERENG\ztrieff"	"None"	"None"
"\\?\UNC\CDC-SVMAFS01\Shares$\HST\Houston_Resources\Praxair\170133 - Sweeny Plant - Initial Title V\1 - Information from Client\Central File Room\AIR NSR_153064-289073_Permits_Public_20190412_Agency Review_4859737_.pdf"	"FullControl"	"Allow"	"POWERENG\ztrieff"	"None"	"None"
"\\?\UNC\CDC-SVMAFS01\Shares$\HST\Houston_Resources\Praxair\170133 - Sweeny Plant - Initial Title V\1 - Information from Client\Central File Room\AIR NSR_153064-289073_Permits_Public_20190412_Agency Review_4866267_.pdf"	"FullControl"	"Allow"	"POWERENG\ztrieff"	"None"	"None"
"\\?\UNC\CDC-SVMAFS01\Shares$\HST\Houston_Resources\Praxair\170133 - Sweeny Plant - Initial Title V\1 - Information from Client\Central File Room\AIR NSR_153064-289073_Permits_Public_20190412_Final Action_4857872_.pdf"	"FullControl"	"Allow"	"POWERENG\ztrieff"	"None"	"None"
"\\?\UNC\CDC-SVMAFS01\Shares$\HST\Houston_Resources\Praxair\170133 - Sweeny Plant - Initial Title V\1 - Information from Client\Central File Room\AIR NSR_153064-289073_Permits_Public_20190412_Final Action_4867428_.pdf"	"FullControl"	"Allow"	"POWERENG\ztrieff"	"None"	"None"
"\\?\UNC\CDC-SVMAFS01\Shares$\HST\Houston_Resources\Praxair\170133 - Sweeny Plant - Initial Title V\1 - Information from Client\Central File Room\AIR NSR_153064-289073_Permits_Public_20190412_Technical Review_4859611_.pdf"	"FullControl"	"Allow"	"POWERENG\ztrieff"	"None"	"None"
"\\?\UNC\CDC-SVMAFS01\Shares$\HST\Houston_Resources\Praxair\170133 - Sweeny Plant - Initial Title V\3 - Native Files\blank forms\OP-1.docx"	"FullControl"	"Allow"	"POWERENG\ztrieff"	"None"	"None"
"\\?\UNC\CDC-SVMAFS01\Shares$\HST\Houston_Resources\Praxair\170133 - Sweeny Plant - Initial Title V\3 - Native Files\blank forms\OP-CRO1.docx"	"FullControl"	"Allow"	"POWERENG\ztrieff"	"None"	"None"
"\\?\UNC\CDC-SVMAFS01\Shares$\HST\Houston_Resources\Praxair\170133 - Sweeny Plant - Initial Title V\3 - Native Files\blank forms\OP-DEL.docx"	"FullControl"	"Allow"	"POWERENG\ztrieff"	"None"	"None"
"\\?\UNC\CDC-SVMAFS01\Shares$\HST\Houston_Resources\Praxair\170133 - Sweeny Plant - Initial Title V\3 - Native Files\blank forms\OP-REQ1.docx"	"FullControl"	"Allow"	"POWERENG\ztrieff"	"None"	"None"
"\\?\UNC\CDC-SVMAFS01\Shares$\HST\Houston_Resources\Praxair\170133 - Sweeny Plant - Initial Title V\3 - Native Files\blank forms\OP-REQ2.docx"	"FullControl"	"Allow"	"POWERENG\ztrieff"	"None"	"None"
"\\?\UNC\CDC-SVMAFS01\Shares$\HST\Houston_Resources\Praxair\170133 - Sweeny Plant - Initial Title V\3 - Native Files\blank forms\OP-SUM.docx"	"FullControl"	"Allow"	"POWERENG\ztrieff"	"None"	"None"
"\\?\UNC\CDC-SVMAFS01\Shares$\HST\Houston_Resources\Praxair\170133 - Sweeny Plant - Initial Title V\3 - Native Files\blank forms\OP-UA12.docx"	"FullControl"	"Allow"	"POWERENG\ztrieff"	"None"	"None"
"\\?\UNC\CDC-SVMAFS01\Shares$\HST\Houston_Resources\Praxair\170133 - Sweeny Plant - Initial Title V\3 - Native Files\blank forms\OP-UA13.docx"	"FullControl"	"Allow"	"POWERENG\ztrieff"	"None"	"None"
"\\?\UNC\CDC-SVMAFS01\Shares$\HST\Houston_Resources\Praxair\170133 - Sweeny Plant - Initial Title V\3 - Native Files\blank forms\OP-UA14.docx"	"FullControl"	"Allow"	"POWERENG\ztrieff"	"None"	"None"
"\\?\UNC\CDC-SVMAFS01\Shares$\HST\Houston_Resources\Praxair\170133 - Sweeny Plant - Initial Title V\3 - Native Files\blank forms\OP-UA15.docx"	"FullControl"	"Allow"	"POWERENG\ztrieff"	"None"	"None"
"\\?\UNC\CDC-SVMAFS01\Shares$\HST\Houston_Resources\Praxair\170133 - Sweeny Plant - Initial Title V\3 - Native Files\blank forms\OP-UA2.docx"	"FullControl"	"Allow"	"POWERENG\ztrieff"	"None"	"None"
"\\?\UNC\CDC-SVMAFS01\Shares$\HST\Houston_Resources\Praxair\170133 - Sweeny Plant - Initial Title V\3 - Native Files\blank forms\OP-UA3.docx"	"FullControl"	"Allow"	"POWERENG\ztrieff"	"None"	"None"
"\\?\UNC\CDC-SVMAFS01\Shares$\HST\Houston_Resources\Praxair\170133 - Sweeny Plant - Initial Title V\3 - Native Files\blank forms\OP-UA4.docx"	"FullControl"	"Allow"	"POWERENG\ztrieff"	"None"	"None"
"\\?\UNC\CDC-SVMAFS01\Shares$\HST\Houston_Resources\Praxair\170133 - Sweeny Plant - Initial Title V\3 - Native Files\blank forms\OP-UA6.docx"	"FullControl"	"Allow"	"POWERENG\ztrieff"	"None"	"None"
"\\?\UNC\CDC-SVMAFS01\Shares$\HST\Houston_Resources\Praxair\170133 - Sweeny Plant - Initial Title V\3 - Native Files\blank forms\OP-UA7.docx"	"FullControl"	"Allow"	"POWERENG\ztrieff"	"None"	"None"
"\\?\UNC\CDC-SVMAFS01\Shares$\HST\Houston_Resources\Praxair\170133 - Sweeny Plant - Initial Title V\3 - Native Files\completed forms\OP-UA14 Sweeny SMR 2021-0506.docx"	"FullControl"	"Allow"	"POWERENG\ztrieff"	"None"	"None"
"\\?\UNC\CDC-SVMAFS01\Shares$\HST\Houston_Resources\Praxair\170522 - Texas City Title V Renewal\1 - Information\Central File Room\PBR\AIR NSR_119017-208921_Permits_Public_20140520_Final Action_4967180_.pdf"	"FullControl"	"Allow"	"POWERENG\ztrieff"	"None"	"None"
"\\?\UNC\CDC-SVMAFS01\Shares$\HST\Houston_Resources\Praxair\170522 - Texas City Title V Renewal\1 - Information\Central File Room\PBR\AIR NSR_119017-208921_Permits_Public_20140520_Technical Review_4967177_.pdf"	"FullControl"	"Allow"	"POWERENG\ztrieff"	"None"	"None"
"\\?\UNC\CDC-SVMAFS01\Shares$\HST\Houston_Resources\Praxair\170522 - Texas City Title V Renewal\1 - Information\Central File Room\PBR\AIR NSR_119017_Permits_Public_20141023_Agency Review_507254_.pdf"	"FullControl"	"Allow"	"POWERENG\ztrieff"	"None"	"None"
"\\?\UNC\CDC-SVMAFS01\Shares$\HST\Houston_Resources\Praxair\170522 - Texas City Title V Renewal\1 - Information\Central File Room\PBR\AIR NSR_79514-001_Permits_Public_20050101_Agency Review_530066_.pdf"	"FullControl"	"Allow"	"POWERENG\ztrieff"	"None"	"None"
"\\?\UNC\CDC-SVMAFS01\Shares$\HST\Houston_Resources\Praxair\170522 - Texas City Title V Renewal\1 - Information\Central File Room\PBR\AIR NSR_79514-123922_Permits_Public_20060821_Technical Review_5122782_.pdf"	"FullControl"	"Allow"	"POWERENG\ztrieff"	"None"	"None"
"\\?\UNC\CDC-SVMAFS01\Shares$\HST\Houston_Resources\Praxair\170522 - Texas City Title V Renewal\1 - Information\Central File Room\PBR\AIR NSR_80072-001_Permits_Public_20050101_Agency Review_532847_.pdf"	"FullControl"	"Allow"	"POWERENG\ztrieff"	"None"	"None"
"\\?\UNC\CDC-SVMAFS01\Shares$\HST\Houston_Resources\Praxair\170522 - Texas City Title V Renewal\1 - Information\Central File Room\PBR\AIR NSR_80072-125122_Permits_Public_20061025_Technical Review_5120099_.pdf"	"FullControl"	"Allow"	"POWERENG\ztrieff"	"None"	"None"
"\\?\UNC\CDC-SVMAFS01\Shares$\HST\Houston_Resources\Praxair\170522 - Texas City Title V Renewal\1 - Information\Central File Room\PBR\AIR NSR_96214-165856_Permits_Public_20110614_Final Action_5048108_.pdf"	"FullControl"	"Allow"	"POWERENG\ztrieff"	"None"	"None"
"\\?\UNC\CDC-SVMAFS01\Shares$\HST\Houston_Resources\Praxair\170522 - Texas City Title V Renewal\1 - Information\Central File Room\PBR\AIR NSR_96214-165856_Permits_Public_20110614_Technical Review_5048109_.pdf"	"FullControl"	"Allow"	"POWERENG\ztrieff"	"None"	"None"
"\\?\UNC\CDC-SVMAFS01\Shares$\HST\Houston_Resources\Praxair\170522 - Texas City Title V Renewal\1 - Information\Central File Room\PBR\AIR NSR_96214_Permits_Public_20110101_Agency Review_1163205_.pdf"	"FullControl"	"Allow"	"POWERENG\ztrieff"	"None"	"None"
"\\?\UNC\CDC-SVMAFS01\Shares$\HST\Houston_Resources\Praxair\170522 - Texas City Title V Renewal\1 - Information\Central File Room\AIR OP_1557-24339_Permits_Public_20161117_Public Notices & Comments_1405039_.pdf"	"FullControl"	"Allow"	"POWERENG\ztrieff"	"None"	"None"
"\\?\UNC\CDC-SVMAFS01\Shares$\HST\Houston_Resources\Praxair\170522 - Texas City Title V Renewal\1 - Information\Central File Room\AIR OP_1557-24339_Permits_Public_20161212_Agency Review_4759406_.pdf"	"FullControl"	"Allow"	"POWERENG\ztrieff"	"None"	"None"
"\\?\UNC\CDC-SVMAFS01\Shares$\HST\Houston_Resources\Praxair\170522 - Texas City Title V Renewal\1 - Information\Central File Room\AIR OP_1557-24339_Permits_Public_20161212_Agency Review_4759540_.pdf"	"FullControl"	"Allow"	"POWERENG\ztrieff"	"None"	"None"
"\\?\UNC\CDC-SVMAFS01\Shares$\HST\Houston_Resources\Praxair\170522 - Texas City Title V Renewal\1 - Information\Central File Room\AIR OP_1557-24339_Permits_Public_20161212_Final Action_4757154_.pdf"	"FullControl"	"Allow"	"POWERENG\ztrieff"	"None"	"None"
"\\?\UNC\CDC-SVMAFS01\Shares$\HST\Houston_Resources\Praxair\170522 - Texas City Title V Renewal\1 - Information\Central File Room\AIR OP_1557-24339_Permits_Public_20161212_Project File Folder_1394413_.pdf"	"FullControl"	"Allow"	"POWERENG\ztrieff"	"None"	"None"
"\\?\UNC\CDC-SVMAFS01\Shares$\HST\Houston_Resources\Praxair\170522 - Texas City Title V Renewal\1 - Information\Central File Room\AIR OP_1557-24339_Permits_Public_20161212_Public Notices & Comments_4758067_.pdf"	"FullControl"	"Allow"	"POWERENG\ztrieff"	"None"	"None"
"\\?\UNC\CDC-SVMAFS01\Shares$\HST\Houston_Resources\Praxair\170522 - Texas City Title V Renewal\1 - Information\Central File Room\AIR OP_1557-24339_Permits_Public_20161212_Site Operating Permit_4758163_.pdf"	"FullControl"	"Allow"	"POWERENG\ztrieff"	"None"	"None"
"\\?\UNC\CDC-SVMAFS01\Shares$\HST\Houston_Resources\Praxair\170522 - Texas City Title V Renewal\1 - Information\Central File Room\AIR OP_1557-24339_Permits_Public_20161212_Site Operating Permit_4758164_.pdf"	"FullControl"	"Allow"	"POWERENG\ztrieff"	"None"	"None"
"\\?\UNC\CDC-SVMAFS01\Shares$\HST\Houston_Resources\Praxair\170522 - Texas City Title V Renewal\1 - Information\Central File Room\AIR OP_1557-24339_Permits_Public_20161212_Site Operating Permit_4758165_.pdf"	"FullControl"	"Allow"	"POWERENG\ztrieff"	"None"	"None"
"\\?\UNC\CDC-SVMAFS01\Shares$\HST\Houston_Resources\Praxair\170522 - Texas City Title V Renewal\1 - Information\Central File Room\AIR OP_1557-24339_Permits_Public_20161212_Statement of Basis_4758160_.pdf"	"FullControl"	"Allow"	"POWERENG\ztrieff"	"None"	"None"
"\\?\UNC\CDC-SVMAFS01\Shares$\HST\Houston_Resources\Praxair\170522 - Texas City Title V Renewal\1 - Information\AIR OP_1557-29868_Permits_Public_20161212_Administrative_4424413_.pdf"	"FullControl"	"Allow"	"POWERENG\ztrieff"	"None"	"None"
"\\?\UNC\CDC-SVMAFS01\Shares$\HST\Houston_Resources\Praxair\170522 - Texas City Title V Renewal\3 - Native Files\blank forms\Major NSR Summary Table.docx"	"FullControl"	"Allow"	"POWERENG\ztrieff"	"None"	"None"
"\\?\UNC\CDC-SVMAFS01\Shares$\HST\Houston_Resources\Praxair\170522 - Texas City Title V Renewal\3 - Native Files\blank forms\OP-2.docx"	"FullControl"	"Allow"	"POWERENG\ztrieff"	"None"	"None"
"\\?\UNC\CDC-SVMAFS01\Shares$\HST\Houston_Resources\Praxair\170522 - Texas City Title V Renewal\3 - Native Files\blank forms\OP-SUMR.docx"	"FullControl"	"Allow"	"POWERENG\ztrieff"	"None"	"None"
"\\?\UNC\CDC-SVMAFS01\Shares$\HST\Houston_Resources\Praxair\170522 - Texas City Title V Renewal\3 - Native Files\blank forms\OP-UA16.docx"	"FullControl"	"Allow"	"POWERENG\ztrieff"	"None"	"None"
"\\?\UNC\CDC-SVMAFS01\Shares$\HST\Houston_Resources\Praxair\170522 - Texas City Title V Renewal\3 - Native Files\blank forms\OP-UA5.docx"	"FullControl"	"Allow"	"POWERENG\ztrieff"	"None"	"None"
"\\?\UNC\CDC-SVMAFS01\Shares$\HST\Houston_Resources\Praxair\171691 - Texas City Hyrogen - Title V Renewal\2 - Work Products\Not Used\OP-REQ3.docx"	"FullControl"	"Allow"	"S-1-5-21-1380516296-1705272057-1576261225-64573"	"None"	"None"
"\\?\UNC\CDC-SVMAFS01\Shares$\HST\Houston_Resources\Praxair\171691 - Texas City Hyrogen - Title V Renewal\2 - Work Products\Not Used\OP-UA13.docx"	"FullControl"	"Allow"	"S-1-5-21-1380516296-1705272057-1576261225-64573"	"None"	"None"
"\\?\UNC\CDC-SVMAFS01\Shares$\HST\Houston_Resources\Praxair\171691 - Texas City Hyrogen - Title V Renewal\2 - Work Products\QC\_OP-UA15.docx"	"FullControl"	"Allow"	"S-1-5-21-1380516296-1705272057-1576261225-64573"	"None"	"None"
"\\?\UNC\CDC-SVMAFS01\Shares$\HST\Houston_Resources\Praxair\171691 - Texas City Hyrogen - Title V Renewal\2 - Work Products\ready for QC\_OP-ACPS.docx"	"FullControl"	"Allow"	"S-1-5-21-1380516296-1705272057-1576261225-64573"	"None"	"None"
"\\?\UNC\CDC-SVMAFS01\Shares$\HST\Houston_Resources\Praxair\171691 - Texas City Hyrogen - Title V Renewal\2 - Work Products\OP-PBRSUP.docx"	"FullControl"	"Allow"	"S-1-5-21-1380516296-1705272057-1576261225-64573"	"None"	"None"
"\\?\UNC\CDC-SVMAFS01\Shares$\HST\Houston_Resources\TSP-PM10 Modeling - 00173\Trelleborg Offshore\156361 Rankin Final Reg Report & CLOS\Notice of Registration\NOR.pdf"	"FullControl"	"Allow"	"POWERENG\bemoore"	"None"	"None"
"\\?\UNC\CDC-SVMAFS01\Shares$\HST\Houston_Resources\TSP-PM10 Modeling - 00173\Trelleborg Offshore\156361 Rankin Final Reg Report & CLOS\Tier II Report\Final Tier II submittal\70437-Tier-II-XML-for-Selected-Facilities-for-2019-06-10-1560166744779.zip"	"FullControl"	"Allow"	"POWERENG\bblam"	"None"	"None"
"\\?\UNC\CDC-SVMAFS01\Shares$\HST\Houston_Resources\TSP-PM10 Modeling - 00173\Trelleborg Offshore\156361 Rankin Final Reg Report & CLOS\Tier II Report\Final Tier II submittal\Tier-II-Paper-Reports-for-2019-06-10-1560166740394.zip"	"FullControl"	"Allow"	"POWERENG\bblam"	"None"	"None"
"\\?\UNC\CDC-SVMAFS01\Shares$\HST\Houston_Resources\TSP-PM10 Modeling - 00173\Trelleborg Offshore\156361 Rankin Final Reg Report & CLOS\Tier II Report\Final Tier II submittal\Trelleborg - TCEQ confirmation of Tier II submittal.pdf"	"FullControl"	"Allow"	"POWERENG\bblam"	"None"	"None"
"\\?\UNC\CDC-SVMAFS01\Shares$\Projects"	"FullControl"	"Allow"	"POWERENG\FS-FileServices-ADM"	"ContainerInherit, ObjectInherit"	"None"
"\\?\UNC\CDC-SVMAFS01\Shares$\Projects"	"FullControl"	"Allow"	"POWERENG\FS-ALL-Projects-Share-FC"	"ContainerInherit, ObjectInherit"	"None"
"\\?\UNC\CDC-SVMAFS01\Shares$\Projects"	"ReadAndExecute, Synchronize"	"Allow"	"POWERENG\FS-ALL-Projects-Share-RO"	"ContainerInherit, ObjectInherit"	"None"
"\\?\UNC\CDC-SVMAFS01\Shares$\Projects"	"Modify, Synchronize"	"Allow"	"POWERENG\FS-ALL-Projects-Share-RW"	"ContainerInherit, ObjectInherit"	"None"
"\\?\UNC\CDC-SVMAFS01\Shares$\Projects\172380\DD\CAD\dwg\civil\Received\2021-0826 mccarthy mapping\01 - Mapping Deliverable Cover Sheet - Nestle Jefferson.pdf"	"FullControl"	"Allow"	"POWERENG\twerndli"	"None"	"None"
"\\?\UNC\CDC-SVMAFS01\Shares$\Projects\172380\DD\CAD\dwg\civil\Received\2021-0826 mccarthy mapping\02 - Utility Exhibit - Nestle Jefferson - 2021 08-26.pdf"	"FullControl"	"Allow"	"POWERENG\twerndli"	"None"	"None"
"\\?\UNC\CDC-SVMAFS01\Shares$\Projects\172380\DD\CAD\dwg\civil\Received\2021-0826 mccarthy mapping\03 - Conflict Analysis Report - Nestle Jefferson 2021-08-26.pdf"	"FullControl"	"Allow"	"POWERENG\twerndli"	"None"	"None"
"\\?\UNC\CDC-SVMAFS01\Shares$\Projects\172380\DD\CAD\dwg\civil\Received\2021-0826 mccarthy mapping\04 - Utility Exhibit - Nestle Jefferson - 2021 08-26.dwg"	"FullControl"	"Allow"	"POWERENG\twerndli"	"None"	"None"
"\\?\UNC\CDC-SVMAFS01\Shares$\Projects\0249959\DD\ENG\Documents\Received Documents\Client\003 L10 Fr Gr Shaker\2024-0709 2023 CIR\Early Management - P0106Docs_AF L1 Frozen Grader Shakers - All Documents.mhtml"	"ExecuteFile"	"Deny"	"Everyone"	"None"	"None"
"\\?\UNC\CDC-SVMAFS01\Shares$\PW"	"FullControl"	"Allow"	"POWERENG\FS-FileServices-ADM"	"ContainerInherit, ObjectInherit"	"None"
"\\?\UNC\CDC-SVMAFS01\Shares$\PW"	"FullControl"	"Allow"	"POWERENG\FS-CDCFS1-PW-Share-FC"	"ContainerInherit, ObjectInherit"	"None"
"\\?\UNC\CDC-SVMAFS01\Shares$\PW"	"Modify, Synchronize"	"Allow"	"POWERENG\FS-CDCFS1-PW-Share-RW"	"ContainerInherit, ObjectInherit"	"None"
"\\?\UNC\CDC-SVMAFS01\Shares$\PW"	"ReadAndExecute, Synchronize"	"Allow"	"POWERENG\FS-CDCFS1-PW-Share-RO"	"ContainerInherit, ObjectInherit"	"None"
"\\?\UNC\CDC-SVMAFS01\Shares$\PW\Archive\DMS_Archive_03"	"FullControl"	"Allow"	"POWERENG\FS-CDCFS1-PW-Share-FC"	"ContainerInherit, ObjectInherit"	"None"
"\\?\UNC\CDC-SVMAFS01\Shares$\PW\Archive\DMS_Archive_03"	"Modify, Synchronize"	"Allow"	"POWERENG\FS-CDCFS1-PW-Share-RW"	"ContainerInherit, ObjectInherit"	"None"
"\\?\UNC\CDC-SVMAFS01\Shares$\PW\Archive\DMS_Archive_03"	"ReadAndExecute, Synchronize"	"Allow"	"POWERENG\FS-CDCFS1-PW-Share-RO"	"ContainerInherit, ObjectInherit"	"None"
"\\?\UNC\CDC-SVMAFS01\Shares$\PW\Archive\Acquisition_Archive_01"	"FullControl"	"Allow"	"POWERENG\FS-CDCFS1-PW-Share-FC"	"ContainerInherit, ObjectInherit"	"None"
"\\?\UNC\CDC-SVMAFS01\Shares$\PW\Archive\Acquisition_Archive_01"	"Modify, Synchronize"	"Allow"	"POWERENG\FS-CDCFS1-PW-Share-RW"	"ContainerInherit, ObjectInherit"	"None"
"\\?\UNC\CDC-SVMAFS01\Shares$\PW\Archive\Acquisition_Archive_01"	"ReadAndExecute, Synchronize"	"Allow"	"POWERENG\FS-CDCFS1-PW-Share-RO"	"ContainerInherit, ObjectInherit"	"None"
"\\?\UNC\CDC-SVMAFS01\Shares$\PW\Test"	"FullControl"	"Allow"	"POWERENG\FS-CDCFS1-PW-Share-FC"	"ContainerInherit, ObjectInherit"	"None"
"\\?\UNC\CDC-SVMAFS01\Shares$\PW\Test"	"Modify, Synchronize"	"Allow"	"POWERENG\FS-CDCFS1-PW-Share-RW"	"ContainerInherit, ObjectInherit"	"None"
"\\?\UNC\CDC-SVMAFS01\Shares$\PW\Test"	"ReadAndExecute, Synchronize"	"Allow"	"POWERENG\FS-CDCFS1-PW-Share-RO"	"ContainerInherit, ObjectInherit"	"None"
"\\?\UNC\CDC-SVMAFS01\Shares$\PW\Prod"	"FullControl"	"Allow"	"POWERENG\FS-FileServices-ADM"	"ContainerInherit, ObjectInherit"	"None"
"\\?\UNC\CDC-SVMAFS01\Shares$\PW\Prod"	"FullControl"	"Allow"	"POWERENG\FS-CDCFS1-PW-Share-FC"	"ContainerInherit, ObjectInherit"	"None"
"\\?\UNC\CDC-SVMAFS01\Shares$\PW\Prod"	"Modify, Synchronize"	"Allow"	"POWERENG\FS-CDCFS1-PW-Share-RW"	"ContainerInherit, ObjectInherit"	"None"
"\\?\UNC\CDC-SVMAFS01\Shares$\PW\Prod"	"ReadAndExecute, Synchronize"	"Allow"	"POWERENG\FS-CDCFS1-PW-Share-RO"	"ContainerInherit, ObjectInherit"	"None"
"\\?\UNC\CDC-SVMAFS01\Shares$\PW\Prod\DMS_Active\softdist"	"Modify, Synchronize"	"Allow"	"NT AUTHORITY\Authenticated Users"	"ContainerInherit, ObjectInherit"	"None"
"\\?\UNC\CDC-SVMAFS01\Shares$\PW\Prod\DMS_Active\softdist"	"FullControl"	"Allow"	"POWERENG\FS-FileServices-ADM"	"ContainerInherit, ObjectInherit"	"None"
